giornata,team,player,position,voto,fantavoto,active,on_bench
1,NI99ER NO.1,Meret,P,,,False,False
1,NI99ER NO.1,Cuadrado,D,,,False,False
1,NI99ER NO.1,Gabbia,D,6.5,6.5,True,False
1,NI99ER NO.1,Bremer,D,7.5,9.5,True,False
1,NI99ER NO.1,Wesley,D,5.0,4.5,True,False
1,NI99ER NO.1,Rabiot,C,6.5,6.5,True,False
1,NI99ER NO.1,Pasalic,C,6.5,6.5,True,False
1,NI99ER NO.1,Casadei,C,6.0,6.0,True,False
1,NI99ER NO.1,Giovane,A,6.0,5.5,True,False
1,NI99ER NO.1,David,A,6.5,7.5,True,False
1,NI99ER NO.1,Thuram,A,7.0,10.0,True,False
1,NI99ER NO.1,Leao,A,,,False,True
1,NI99ER NO.1,Orban G.,A,6.0,6.0,False,True
1,NI99ER NO.1,Openda,A,6.0,6.0,False,True
1,NI99ER NO.1,Tourè I.,C,6.5,6.5,False,True
1,NI99ER NO.1,Stengs,C,,,False,True
1,NI99ER NO.1,Vandeputte,C,5.5,5.5,False,True
1,NI99ER NO.1,Diouf,C,,,False,True
1,NI99ER NO.1,Mkhitaryan,C,5.5,5.0,False,True
1,NI99ER NO.1,Rensch,D,,,False,True
1,NI99ER NO.1,Pezzella Giu.,D,5.5,5.5,True,True
1,NI99ER NO.1,Heggem,D,6.0,6.0,False,True
1,NI99ER NO.1,Norton-Cuffy,D,6.5,6.5,False,True
1,NI99ER NO.1,Milinkovic-Savic V.,P,5.5,4.5,True,True
1,NI99ER NO.1,Israel,P,6.0,7.0,False,True
1,XIAOYEZI,Carnesecchi,P,6.0,5.0,True,False
1,XIAOYEZI,Gosens,D,6.5,6.5,True,False
1,XIAOYEZI,Ramon,D,5.5,4.5,True,False
1,XIAOYEZI,Marusic,D,6.0,5.5,True,False
1,XIAOYEZI,Vojvoda,D,5.5,5.5,True,False
1,XIAOYEZI,Fazzini,C,6.5,6.5,True,False
1,XIAOYEZI,Pulisic,C,7.0,7.0,True,False
1,XIAOYEZI,Maldini,C,6.0,6.0,True,False
1,XIAOYEZI,Hojlund,A,7.0,11.0,True,False
1,XIAOYEZI,Pellegrino M.,A,5.5,5.5,True,False
1,XIAOYEZI,Cutrone,A,5.0,5.0,True,False
1,XIAOYEZI,Scalvini,D,7.0,10.0,False,True
1,XIAOYEZI,Coco,D,6.5,6.5,False,True
1,XIAOYEZI,Lazzari,D,,,False,True
1,XIAOYEZI,Palma,D,,,False,True
1,XIAOYEZI,Zerbin,C,5.5,5.5,False,True
1,XIAOYEZI,Serdar,C,7.0,6.5,False,True
1,XIAOYEZI,Pobega,C,,,False,True
1,XIAOYEZI,Frendrup,C,5.5,5.5,False,True
1,XIAOYEZI,Isaksen,C,,,False,True
1,XIAOYEZI,Morata,A,5.5,6.0,False,True
1,XIAOYEZI,Pedro,A,6.0,6.0,False,True
1,XIAOYEZI,Lang,A,,,False,True
1,XIAOYEZI,Rossi F.,P,,,False,True
1,XIAOYEZI,Sportiello,P,,,False,True
1,7UPEVERYDAY,Maignan,P,6.0,7.0,True,False
1,7UPEVERYDAY,Spinazzola,D,6.5,7.5,True,False
1,7UPEVERYDAY,Valle,D,6.0,5.5,True,False
1,7UPEVERYDAY,Olivera,D,6.0,6.0,True,False
1,7UPEVERYDAY,El Shaarawy,C,6.0,6.0,True,False
1,7UPEVERYDAY,Stanciu,C,,,False,False
1,7UPEVERYDAY,Oristanio,C,6.0,6.0,True,False
1,7UPEVERYDAY,Zaniolo,C,5.5,5.5,True,False
1,7UPEVERYDAY,Kean,A,5.5,5.5,True,False
1,7UPEVERYDAY,De Ketelaere,A,8.0,15.0,True,False
1,7UPEVERYDAY,Gimenez,A,5.0,5.0,True,False
1,7UPEVERYDAY,Terracciano,P,6.0,7.0,False,True
1,7UPEVERYDAY,De Gea,P,7.0,4.0,False,True
1,7UPEVERYDAY,Gutierrez,D,,,False,True
1,7UPEVERYDAY,Tsimikas,D,,,False,True
1,7UPEVERYDAY,Joao Mario,D,,,False,True
1,7UPEVERYDAY,Doig,D,6.0,5.5,False,True
1,7UPEVERYDAY,Hien,D,6.5,6.5,False,True
1,7UPEVERYDAY,Zambo Anguissa,C,6.5,7.5,True,True
1,7UPEVERYDAY,Volpato,C,6.0,5.5,False,True
1,7UPEVERYDAY,Cremaschi,C,,,False,True
1,7UPEVERYDAY,Zhegrova,C,,,False,True
1,7UPEVERYDAY,Vardy,A,6.0,6.0,False,True
1,7UPEVERYDAY,Bonny,A,5.5,5.5,False,True
1,7UPEVERYDAY,Esposito F.P.,A,,,False,True
1,VRHELPME,Di Gregorio,P,6.0,3.0,True,False
1,VRHELPME,Tavares N.,D,5.5,5.5,True,False
1,VRHELPME,Valeri,D,6.0,6.0,True,False
1,VRHELPME,Dimarco,D,6.5,7.5,True,False
1,VRHELPME,Angori,D,5.5,5.5,True,False
1,VRHELPME,Modric,C,7.5,11.5,True,False
1,VRHELPME,Calhanoglu,C,7.5,13.5,True,False
1,VRHELPME,Fofana Y.,C,6.0,6.0,True,False
1,VRHELPME,Castellanos,A,5.5,5.5,True,False
1,VRHELPME,Davis K.,A,6.0,6.0,True,False
1,VRHELPME,Berardi,A,6.5,6.5,True,False
1,VRHELPME,Perin,P,,,False,True
1,VRHELPME,Vasquez,D,6.0,6.0,False,True
1,VRHELPME,Gallo,D,4.5,4.5,False,True
1,VRHELPME,Djimsiti,D,,,False,True
1,VRHELPME,Lykogiannis,D,5.5,5.5,False,True
1,VRHELPME,Vazquez,C,6.0,6.0,False,True
1,VRHELPME,Asllani,C,6.5,6.0,False,True
1,VRHELPME,Loftus-Cheek,C,6.5,6.5,False,True
1,VRHELPME,Tete Morente,C,5.0,5.0,False,True
1,VRHELPME,Ndour,C,,,False,True
1,VRHELPME,Scamacca,A,,,False,True
1,VRHELPME,Nzola,A,6.0,6.0,False,True
1,VRHELPME,Gueye,A,,,False,True
1,VRHELPME,Pinsoglio,P,,,False,True
1,ROMAZDA,Skorupski,P,6.0,4.5,True,False
1,ROMAZDA,Martin,D,6.0,6.0,True,False
1,ROMAZDA,Akanji,D,6.0,6.0,True,False
1,ROMAZDA,Dumfries,D,6.0,6.0,True,False
1,ROMAZDA,Zaccagni,C,6.5,6.5,True,False
1,ROMAZDA,Tramoni M.,C,5.5,5.5,True,False
1,ROMAZDA,Folorunsho,C,6.0,6.0,True,False
1,ROMAZDA,Carboni V.,C,6.5,6.5,True,False
1,ROMAZDA,Yildiz,A,7.0,11.0,True,False
1,ROMAZDA,Ferguson E.,A,5.5,5.5,True,False
1,ROMAZDA,Krstovic,A,6.5,8.5,True,False
1,ROMAZDA,Sanabria,A,5.5,5.5,False,True
1,ROMAZDA,Dovbyk,A,,,False,True
1,ROMAZDA,Bravo,A,7.0,11.0,False,True
1,ROMAZDA,Gudmundsson A.,C,,,False,True
1,ROMAZDA,Pierotti,C,5.5,5.5,False,True
1,ROMAZDA,Vlasic,C,6.5,6.5,False,True
1,ROMAZDA,Thorstvedt,C,,,False,True
1,ROMAZDA,Carlos Augusto,D,6.5,7.5,False,True
1,ROMAZDA,Gatti,D,6.0,6.0,False,True
1,ROMAZDA,Floriani Mussolini,D,,,False,True
1,ROMAZDA,Zanoli,D,,,False,True
1,ROMAZDA,Cambiaso,D,,,False,True
1,ROMAZDA,Ravaglia F.,P,,,False,True
1,ROMAZDA,Martinez Jo.,P,,,False,True
1,TEAM ZTOTTI,Caprile,P,7.0,8.0,True,False
1,TEAM ZTOTTI,Estupinan,D,6.0,5.5,True,False
1,TEAM ZTOTTI,Palestra,D,6.5,6.5,True,False
1,TEAM ZTOTTI,Bertola,D,6.0,6.0,True,False
1,TEAM ZTOTTI,Miranda J.,D,5.5,5.0,True,False
1,TEAM ZTOTTI,Konè M.,C,5.5,5.5,True,False
1,TEAM ZTOTTI,Atta,C,7.0,7.0,True,False
1,TEAM ZTOTTI,Politano,C,6.5,6.5,True,False
1,TEAM ZTOTTI,Cambiaghi,A,5.5,5.5,True,False
1,TEAM ZTOTTI,Colombo,A,5.0,5.0,True,False
1,TEAM ZTOTTI,Soulè,A,6.5,6.5,True,False
1,TEAM ZTOTTI,Sommer,P,5.0,1.0,False,True
1,TEAM ZTOTTI,Hermoso,D,6.0,6.0,False,True
1,TEAM ZTOTTI,Acerbi,D,6.0,6.0,False,True
1,TEAM ZTOTTI,Lovik,D,6.0,6.0,False,True
1,TEAM ZTOTTI,Posch,D,,,False,True
1,TEAM ZTOTTI,Bernabè,C,6.5,6.5,False,True
1,TEAM ZTOTTI,Gronbaek,C,,,False,True
1,TEAM ZTOTTI,Sucic P.,C,,,False,True
1,TEAM ZTOTTI,Miller L.,C,,,False,True
1,TEAM ZTOTTI,Martinez L.,A,5.0,5.0,False,True
1,TEAM ZTOTTI,Stulic,A,5.5,5.5,False,True
1,TEAM ZTOTTI,Meister,A,6.0,6.0,False,True
1,TEAM HANQI,Falcone,P,5.5,1.5,True,False
1,TEAM HANQI,Beukema,D,7.0,10.0,True,False
1,TEAM HANQI,Vitik,D,,,False,False
1,TEAM HANQI,Luperto,D,6.5,6.5,True,False
1,TEAM HANQI,Di Lorenzo,D,6.5,6.5,True,False
1,TEAM HANQI,El Aynaoui,C,6.0,6.0,True,False
1,TEAM HANQI,Koopmeiners,C,5.0,4.5,True,False
1,TEAM HANQI,Paz N.,C,7.0,10.0,True,False
1,TEAM HANQI,Orsolini,C,5.5,5.5,True,False
1,TEAM HANQI,Cancellieri,A,5.5,5.5,True,False
1,TEAM HANQI,Vlahovic,A,5.0,5.0,True,False
1,TEAM HANQI,Semper,P,6.0,5.0,False,True
1,TEAM HANQI,Sava,P,5.5,6.5,False,True
1,TEAM HANQI,De Winter,D,6.0,6.0,True,True
1,TEAM HANQI,Ziolkowski,D,,,False,True
1,TEAM HANQI,Caqueret,C,6.5,6.5,False,True
1,TEAM HANQI,Baturina,C,,,False,True
1,TEAM HANQI,Pellegrini Lo.,C,,,False,True
1,TEAM HANQI,Dia,A,5.5,5.5,False,True
1,TEAM HANQI,Zapata D.,A,,,False,True
1,TEAM HANQI,Bonazzoli,A,5.5,5.5,False,True
1,SIR CROCODILE,Svilar,P,6.5,5.5,True,False
1,SIR CROCODILE,Zortea,D,5.5,5.5,True,False
1,SIR CROCODILE,Solet,D,6.5,6.5,True,False
1,SIR CROCODILE,Bastoni,D,5.5,5.5,True,False
1,SIR CROCODILE,Bellanova,D,6.5,6.5,True,False
1,SIR CROCODILE,Zalewski,C,7.5,11.5,True,False
1,SIR CROCODILE,Thuram K.,C,7.0,10.0,True,False
1,SIR CROCODILE,Da Cunha,C,6.0,6.0,True,False
1,SIR CROCODILE,Esposito Se.,A,6.0,5.5,True,False
1,SIR CROCODILE,Castro S.,A,5.5,5.5,True,False
1,SIR CROCODILE,Pinamonti,A,6.0,5.5,True,False
1,SIR CROCODILE,Leali,P,6.5,5.5,False,True
1,SIR CROCODILE,Gollini,P,,,False,True
1,SIR CROCODILE,Ranieri L.,D,6.0,9.0,False,True
1,SIR CROCODILE,Dodò,D,6.0,6.0,False,True
1,SIR CROCODILE,Terracciano F.,D,5.5,5.5,False,True
1,SIR CROCODILE,Kristensen T.,D,7.0,7.0,False,True
1,SIR CROCODILE,Cristante,C,6.0,6.0,False,True
1,SIR CROCODILE,Mandragora,C,6.0,6.0,False,True
1,SIR CROCODILE,Frattesi,C,,,False,True
1,SIR CROCODILE,Rovella,C,6.0,5.5,False,True
1,SIR CROCODILE,Pisilli,C,5.5,5.5,False,True
1,SIR CROCODILE,Lucca,A,6.0,6.0,False,True
1,SIR CROCODILE,Rodriguez Je.,A,5.5,5.5,False,True
1,SIR CROCODILE,Kilicsoy,A,,,False,True
1,KOKOMO,Provedel,P,6.0,5.0,True,False
1,KOKOMO,Tomori,D,6.0,5.5,True,False
1,KOKOMO,Delprato,D,5.5,5.5,True,False
1,KOKOMO,Mancini,D,6.0,6.0,True,False
1,KOKOMO,Ederson D.S.,C,,,False,False
1,KOKOMO,Barella,C,5.5,5.5,True,False
1,KOKOMO,Locatelli,C,6.5,6.0,True,False
1,KOKOMO,McTominay,C,6.5,6.5,True,False
1,KOKOMO,Odgaard,C,6.0,6.0,True,False
1,KOKOMO,Piccoli,A,5.5,5.5,True,False
1,KOKOMO,Dybala,A,5.5,5.5,True,False
1,KOKOMO,Mandas,P,,,False,True
1,KOKOMO,Furlanetto,P,,,False,True
1,KOKOMO,Baschirotto,D,5.0,5.0,False,True
1,KOKOMO,Bisseck,D,,,False,True
1,KOKOMO,Biraghi,D,6.0,6.0,False,True
1,KOKOMO,Pavlovic,D,6.0,6.0,False,True
1,KOKOMO,Rugani,D,,,False,True
1,KOKOMO,Matic,C,6.0,5.5,True,True
1,KOKOMO,Miretti,C,,,False,True
1,KOKOMO,Vergara,C,,,False,True
1,KOKOMO,Lookman,A,,,False,True
1,KOKOMO,Benedyczak,A,,,False,True
1,KOKOMO,Pavoletti,A,,,False,True
1,KOKOMO,Buffon L.,A,,,False,True
1,ULTRAMENG,Butez,P,6.0,5.0,True,False
1,ULTRAMENG,Angelino,D,5.5,5.0,True,False
1,ULTRAMENG,N'Dicka,D,6.0,6.0,True,False
1,ULTRAMENG,Buongiorno,D,6.0,6.0,True,False
1,ULTRAMENG,Mina,D,7.0,11.0,True,False
1,ULTRAMENG,Neres,C,6.0,6.0,True,False
1,ULTRAMENG,Ferguson,C,6.0,6.0,True,False
1,ULTRAMENG,De Bruyne,C,7.0,9.0,True,False
1,ULTRAMENG,Saelemaekers,C,6.5,7.0,True,False
1,ULTRAMENG,Camarda,A,5.5,5.5,True,False
1,ULTRAMENG,Douvikas,A,6.0,6.0,True,False
1,ULTRAMENG,Vigorito,P,,,False,True
1,ULTRAMENG,Cavlina,P,,,False,True
1,ULTRAMENG,Celik,D,,,False,True
1,ULTRAMENG,Kalulu,D,5.5,5.5,False,True
1,ULTRAMENG,Kossounou,D,6.5,6.5,False,True
1,ULTRAMENG,Ghilardi,D,,,False,True
1,ULTRAMENG,Sottil,C,5.5,5.5,False,True
1,ULTRAMENG,Rowe,C,6.0,6.0,False,True
1,ULTRAMENG,Conceicao,C,,,False,True
1,ULTRAMENG,Jashari,C,,,False,True
1,ULTRAMENG,Nkunku,A,,,False,True
1,ULTRAMENG,Simeone,A,7.5,11.5,False,True
1,ULTRAMENG,Adams C.,A,6.0,6.0,False,True
1,ULTRAMENG,Lukaku,A,,,False,True
2,VRHELPME,Di Gregorio,P,6.5,5.5,True,False
2,VRHELPME,Valeri,D,6.0,6.0,True,False
2,VRHELPME,Gallo,D,5.0,5.0,True,False
2,VRHELPME,Djimsiti,D,6.0,6.0,True,False
2,VRHELPME,Dimarco,D,7.0,9.5,True,False
2,VRHELPME,Modric,C,7.0,7.0,True,False
2,VRHELPME,Calhanoglu,C,6.0,5.5,True,False
2,VRHELPME,Asllani,C,5.0,5.0,True,False
2,VRHELPME,Castellanos,A,6.0,6.0,True,False
2,VRHELPME,Scamacca,A,,,False,False
2,VRHELPME,Berardi,A,6.5,7.5,True,False
2,VRHELPME,Perin,P,,,False,True
2,VRHELPME,Tavares N.,D,5.0,5.0,False,True
2,VRHELPME,Vasquez,D,6.0,6.0,False,True
2,VRHELPME,Angori,D,6.5,7.5,False,True
2,VRHELPME,Lykogiannis,D,,,False,True
2,VRHELPME,Fofana Y.,C,7.0,10.0,False,True
2,VRHELPME,Vazquez,C,6.5,6.5,False,True
2,VRHELPME,Loftus-Cheek,C,6.5,6.5,False,True
2,VRHELPME,Tete Morente,C,5.5,5.5,False,True
2,VRHELPME,Ndour,C,,,False,True
2,VRHELPME,Davis K.,A,5.5,5.5,True,True
2,VRHELPME,Nzola,A,7.0,9.0,False,True
2,VRHELPME,Gueye,A,,,False,True
2,VRHELPME,Pinsoglio,P,,,False,True
2,NI99ER NO.1,Meret,P,6.5,4.5,True,False
2,NI99ER NO.1,Pezzella Giu.,D,6.0,5.5,True,False
2,NI99ER NO.1,Gabbia,D,6.0,6.0,True,False
2,NI99ER NO.1,Bremer,D,,,False,False
2,NI99ER NO.1,Wesley,D,,,False,False
2,NI99ER NO.1,Rabiot,C,7.0,8.0,True,False
2,NI99ER NO.1,Pasalic,C,6.0,6.0,True,False
2,NI99ER NO.1,Mkhitaryan,C,,,False,False
2,NI99ER NO.1,Openda,A,6.0,6.0,True,False
2,NI99ER NO.1,Thuram,A,6.0,6.0,True,False
2,NI99ER NO.1,David,A,6.0,6.0,True,False
2,NI99ER NO.1,Leao,A,,,False,True
2,NI99ER NO.1,Giovane,A,6.0,6.0,False,True
2,NI99ER NO.1,Orban G.,A,7.5,10.0,False,True
2,NI99ER NO.1,Diouf,C,,,False,True
2,NI99ER NO.1,Vandeputte,C,5.5,5.5,True,True
2,NI99ER NO.1,Casadei,C,5.5,5.5,False,True
2,NI99ER NO.1,Tourè I.,C,,,False,True
2,NI99ER NO.1,Stengs,C,,,False,True
2,NI99ER NO.1,Cuadrado,D,6.0,6.0,True,True
2,NI99ER NO.1,Heggem,D,6.0,6.0,True,True
2,NI99ER NO.1,Rensch,D,7.0,7.0,False,True
2,NI99ER NO.1,Norton-Cuffy,D,5.5,5.0,False,True
2,NI99ER NO.1,Milinkovic-Savic V.,P,,,False,True
2,NI99ER NO.1,Israel,P,6.0,3.0,False,True
2,SIR CROCODILE,Svilar,P,6.0,7.0,True,False
2,SIR CROCODILE,Dodò,D,5.5,5.0,True,False
2,SIR CROCODILE,Zortea,D,5.5,5.5,True,False
2,SIR CROCODILE,Bellanova,D,6.5,6.5,True,False
2,SIR CROCODILE,Ranieri L.,D,6.0,5.5,True,False
2,SIR CROCODILE,Zalewski,C,,,False,False
2,SIR CROCODILE,Thuram K.,C,6.0,6.0,True,False
2,SIR CROCODILE,Cristante,C,6.0,6.0,True,False
2,SIR CROCODILE,Esposito Se.,A,6.5,6.0,True,False
2,SIR CROCODILE,Castro S.,A,7.0,10.0,True,False
2,SIR CROCODILE,Pinamonti,A,6.0,6.0,True,False
2,SIR CROCODILE,Leali,P,6.5,4.5,False,True
2,SIR CROCODILE,Gollini,P,,,False,True
2,SIR CROCODILE,Bastoni,D,,,False,True
2,SIR CROCODILE,Solet,D,5.5,5.5,False,True
2,SIR CROCODILE,Kristensen T.,D,5.0,5.0,False,True
2,SIR CROCODILE,Terracciano F.,D,6.0,6.0,False,True
2,SIR CROCODILE,Da Cunha,C,,,False,True
2,SIR CROCODILE,Mandragora,C,7.0,10.0,True,True
2,SIR CROCODILE,Frattesi,C,6.0,6.0,False,True
2,SIR CROCODILE,Rovella,C,6.0,6.0,False,True
2,SIR CROCODILE,Pisilli,C,6.0,6.0,False,True
2,SIR CROCODILE,Rodriguez Je.,A,6.5,6.5,False,True
2,SIR CROCODILE,Lucca,A,7.0,11.0,False,True
2,SIR CROCODILE,Kilicsoy,A,6.0,6.0,False,True
2,KOKOMO,Provedel,P,6.5,5.5,True,False
2,KOKOMO,Tomori,D,6.5,6.5,True,False
2,KOKOMO,Delprato,D,6.0,6.0,True,False
2,KOKOMO,Mancini,D,6.0,6.0,True,False
2,KOKOMO,Baschirotto,D,6.5,6.5,True,False
2,KOKOMO,Odgaard,C,,,False,False
2,KOKOMO,Barella,C,6.0,6.0,True,False
2,KOKOMO,Locatelli,C,5.5,5.5,True,False
2,KOKOMO,Matic,C,5.5,5.5,True,False
2,KOKOMO,McTominay,C,6.5,7.5,True,False
2,KOKOMO,Piccoli,A,5.0,5.0,True,False
2,KOKOMO,Mandas,P,,,False,True
2,KOKOMO,Furlanetto,P,,,False,True
2,KOKOMO,Bisseck,D,,,False,True
2,KOKOMO,Biraghi,D,5.0,5.0,False,True
2,KOKOMO,Pavlovic,D,6.5,6.5,False,True
2,KOKOMO,Rugani,D,,,False,True
2,KOKOMO,Ederson D.S.,C,,,False,True
2,KOKOMO,Miretti,C,,,False,True
2,KOKOMO,Vergara,C,,,False,True
2,KOKOMO,Lookman,A,,,False,True
2,KOKOMO,Benedyczak,A,,,False,True
2,KOKOMO,Pavoletti,A,,,False,True
2,KOKOMO,Buffon L.,A,,,False,True
2,KOKOMO,Dybala,A,,,False,True
2,TEAM ZTOTTI,Sommer,P,,,False,False
2,TEAM ZTOTTI,Palestra,D,7.0,8.0,True,False
2,TEAM ZTOTTI,Bertola,D,,,False,False
2,TEAM ZTOTTI,Acerbi,D,6.0,6.0,True,False
2,TEAM ZTOTTI,Estupinan,D,6.5,6.5,True,False
2,TEAM ZTOTTI,Bernabè,C,6.5,6.5,True,False
2,TEAM ZTOTTI,Atta,C,6.0,5.5,True,False
2,TEAM ZTOTTI,Politano,C,6.5,6.5,True,False
2,TEAM ZTOTTI,Cambiaghi,A,7.0,8.0,True,False
2,TEAM ZTOTTI,Martinez L.,A,6.0,6.0,True,False
2,TEAM ZTOTTI,Soulè,A,6.5,7.5,True,False
2,TEAM ZTOTTI,Caprile,P,6.5,5.5,True,True
2,TEAM ZTOTTI,Miranda J.,D,5.5,5.5,True,True
2,TEAM ZTOTTI,Hermoso,D,,,False,True
2,TEAM ZTOTTI,Lovik,D,,,False,True
2,TEAM ZTOTTI,Posch,D,,,False,True
2,TEAM ZTOTTI,Sucic P.,C,7.0,8.0,False,True
2,TEAM ZTOTTI,Konè M.,C,7.0,7.0,False,True
2,TEAM ZTOTTI,Gronbaek,C,,,False,True
2,TEAM ZTOTTI,Miller L.,C,,,False,True
2,TEAM ZTOTTI,Stulic,A,5.0,5.0,False,True
2,TEAM ZTOTTI,Colombo,A,5.5,5.5,False,True
2,TEAM ZTOTTI,Meister,A,5.5,5.5,False,True
2,TEAM HANQI,Falcone,P,6.5,4.5,True,False
2,TEAM HANQI,Beukema,D,5.0,5.0,True,False
2,TEAM HANQI,Vitik,D,6.0,6.0,True,False
2,TEAM HANQI,Luperto,D,5.5,5.5,True,False
2,TEAM HANQI,Di Lorenzo,D,5.0,5.0,True,False
2,TEAM HANQI,El Aynaoui,C,,,False,False
2,TEAM HANQI,Koopmeiners,C,5.5,5.0,True,False
2,TEAM HANQI,Paz N.,C,7.0,8.5,True,False
2,TEAM HANQI,Orsolini,C,6.5,9.5,True,False
2,TEAM HANQI,Cancellieri,A,,,False,False
2,TEAM HANQI,Vlahovic,A,5.5,5.5,True,False
2,TEAM HANQI,Semper,P,5.5,2.5,False,True
2,TEAM HANQI,Sava,P,5.0,2.0,False,True
2,TEAM HANQI,De Winter,D,6.0,6.0,False,True
2,TEAM HANQI,Ziolkowski,D,,,False,True
2,TEAM HANQI,Caqueret,C,,,False,True
2,TEAM HANQI,Baturina,C,,,False,True
2,TEAM HANQI,Pellegrini Lo.,C,7.0,11.0,True,True
2,TEAM HANQI,Dia,A,5.0,5.0,True,True
2,TEAM HANQI,Zapata D.,A,5.0,3.0,False,True
2,TEAM HANQI,Bonazzoli,A,,,False,True
2,XIAOYEZI,Carnesecchi,P,7.0,10.0,True,False
2,XIAOYEZI,Gosens,D,5.5,5.5,True,False
2,XIAOYEZI,Coco,D,5.0,5.0,True,False
2,XIAOYEZI,Vojvoda,D,5.5,5.0,True,False
2,XIAOYEZI,Fazzini,C,5.5,5.5,True,False
2,XIAOYEZI,Pulisic,C,8.5,16.5,True,False
2,XIAOYEZI,Maldini,C,,,False,False
2,XIAOYEZI,Isaksen,C,,,False,False
2,XIAOYEZI,Hojlund,A,5.5,5.5,True,False
2,XIAOYEZI,Morata,A,5.5,5.5,True,False
2,XIAOYEZI,Pedro,A,6.0,6.0,True,False
2,XIAOYEZI,Marusic,D,6.0,6.0,False,True
2,XIAOYEZI,Scalvini,D,,,False,True
2,XIAOYEZI,Lazzari,D,,,False,True
2,XIAOYEZI,Palma,D,,,False,True
2,XIAOYEZI,Zerbin,C,5.5,5.5,True,True
2,XIAOYEZI,Frendrup,C,6.0,6.0,True,True
2,XIAOYEZI,Serdar,C,6.5,6.5,False,True
2,XIAOYEZI,Pobega,C,,,False,True
2,XIAOYEZI,Cutrone,A,5.5,5.5,False,True
2,XIAOYEZI,Pellegrino M.,A,6.0,6.0,False,True
2,XIAOYEZI,Lang,A,,,False,True
2,XIAOYEZI,Rossi F.,P,,,False,True
2,XIAOYEZI,Sportiello,P,,,False,True
2,XIAOYEZI,Ramon,D,,,False,True
2,ROMAZDA,Martinez Jo.,P,6.5,5.5,True,False
2,ROMAZDA,Cambiaso,D,5.5,5.5,True,False
2,ROMAZDA,Carlos Augusto,D,6.5,6.5,True,False
2,ROMAZDA,Gatti,D,6.0,5.5,True,False
2,ROMAZDA,Dumfries,D,6.0,6.0,True,False
2,ROMAZDA,Zaccagni,C,5.5,5.5,True,False
2,ROMAZDA,Gudmundsson A.,C,,,False,False
2,ROMAZDA,Carboni V.,C,5.0,4.5,True,False
2,ROMAZDA,Yildiz,A,6.0,6.0,True,False
2,ROMAZDA,Ferguson E.,A,6.0,6.0,True,False
2,ROMAZDA,Krstovic,A,7.5,14.5,True,False
2,ROMAZDA,Sanabria,A,5.5,5.5,False,True
2,ROMAZDA,Bravo,A,5.5,5.5,False,True
2,ROMAZDA,Dovbyk,A,5.5,5.5,False,True
2,ROMAZDA,Folorunsho,C,6.5,6.5,True,True
2,ROMAZDA,Vlasic,C,5.5,5.5,False,True
2,ROMAZDA,Pierotti,C,6.0,6.0,False,True
2,ROMAZDA,Thorstvedt,C,6.0,6.0,False,True
2,ROMAZDA,Tramoni M.,C,5.5,5.5,False,True
2,ROMAZDA,Akanji,D,6.0,6.0,False,True
2,ROMAZDA,Martin,D,6.0,6.0,False,True
2,ROMAZDA,Floriani Mussolini,D,6.0,6.0,False,True
2,ROMAZDA,Zanoli,D,6.0,6.0,False,True
2,ROMAZDA,Skorupski,P,6.5,5.5,False,True
2,ROMAZDA,Ravaglia F.,P,,,False,True
2,ULTRAMENG,Butez,P,6.0,5.0,True,False
2,ULTRAMENG,Angelino,D,6.0,6.0,True,False
2,ULTRAMENG,N'Dicka,D,6.0,5.5,True,False
2,ULTRAMENG,Buongiorno,D,6.5,6.5,True,False
2,ULTRAMENG,Mina,D,6.5,6.5,True,False
2,ULTRAMENG,Neres,C,,,False,False
2,ULTRAMENG,Ferguson,C,6.0,6.0,True,False
2,ULTRAMENG,De Bruyne,C,5.5,5.5,True,False
2,ULTRAMENG,Saelemaekers,C,7.0,7.0,True,False
2,ULTRAMENG,Camarda,A,6.0,6.0,True,False
2,ULTRAMENG,Douvikas,A,5.5,5.5,True,False
2,ULTRAMENG,Vigorito,P,,,False,True
2,ULTRAMENG,Cavlina,P,,,False,True
2,ULTRAMENG,Celik,D,6.5,6.5,False,True
2,ULTRAMENG,Kalulu,D,6.0,6.0,False,True
2,ULTRAMENG,Kossounou,D,6.0,6.0,False,True
2,ULTRAMENG,Ghilardi,D,,,False,True
2,ULTRAMENG,Sottil,C,6.5,7.5,True,True
2,ULTRAMENG,Rowe,C,,,False,True
2,ULTRAMENG,Conceicao,C,7.0,10.0,False,True
2,ULTRAMENG,Jashari,C,,,False,True
2,ULTRAMENG,Nkunku,A,6.0,6.0,False,True
2,ULTRAMENG,Simeone,A,6.0,6.0,False,True
2,ULTRAMENG,Adams C.,A,5.5,5.5,False,True
2,ULTRAMENG,Lukaku,A,,,False,True
2,7UPEVERYDAY,Terracciano,P,6.0,7.0,True,False
2,7UPEVERYDAY,Valle,D,6.0,6.0,True,False
2,7UPEVERYDAY,Olivera,D,,,False,False
2,7UPEVERYDAY,Hien,D,6.0,6.0,True,False
2,7UPEVERYDAY,Spinazzola,D,7.5,11.0,True,False
2,7UPEVERYDAY,El Shaarawy,C,,,False,False
2,7UPEVERYDAY,Stanciu,C,,,False,False
2,7UPEVERYDAY,Zambo Anguissa,C,6.0,6.0,True,False
2,7UPEVERYDAY,Kean,A,5.5,5.5,True,False
2,7UPEVERYDAY,Bonny,A,6.0,6.0,True,False
2,7UPEVERYDAY,Gimenez,A,5.5,5.5,True,False
2,7UPEVERYDAY,Maignan,P,,,False,True
2,7UPEVERYDAY,De Gea,P,6.0,4.0,False,True
2,7UPEVERYDAY,Gutierrez,D,,,False,True
2,7UPEVERYDAY,Tsimikas,D,,,False,True
2,7UPEVERYDAY,Joao Mario,D,5.0,5.0,True,True
2,7UPEVERYDAY,Doig,D,6.0,6.0,False,True
2,7UPEVERYDAY,Zhegrova,C,,,False,True
2,7UPEVERYDAY,Zaniolo,C,6.0,6.0,True,True
2,7UPEVERYDAY,Oristanio,C,6.0,6.0,True,True
2,7UPEVERYDAY,Volpato,C,6.0,6.0,False,True
2,7UPEVERYDAY,Cremaschi,C,,,False,True
2,7UPEVERYDAY,Vardy,A,,,False,True
2,7UPEVERYDAY,Esposito F.P.,A,6.5,6.5,False,True
2,7UPEVERYDAY,De Ketelaere,A,,,False,True
3,NI99ER NO.1,Meret,P,6.0,4.0,True,False
3,NI99ER NO.1,Rensch,D,,,False,False
3,NI99ER NO.1,Gabbia,D,6.0,6.0,True,False
3,NI99ER NO.1,Bremer,D,5.5,5.5,True,False
3,NI99ER NO.1,Wesley,D,5.5,5.5,True,False
3,NI99ER NO.1,Rabiot,C,6.5,6.0,True,False
3,NI99ER NO.1,Pasalic,C,6.0,6.0,True,False
3,NI99ER NO.1,Mkhitaryan,C,6.5,6.5,True,False
3,NI99ER NO.1,Openda,A,5.0,5.0,True,False
3,NI99ER NO.1,Thuram,A,6.5,6.5,True,False
3,NI99ER NO.1,David,A,,,False,False
3,NI99ER NO.1,Leao,A,5.5,5.5,True,True
3,NI99ER NO.1,Orban G.,A,5.0,5.0,False,True
3,NI99ER NO.1,Giovane,A,5.0,5.0,False,True
3,NI99ER NO.1,Diouf,C,,,False,True
3,NI99ER NO.1,Casadei,C,5.5,5.5,False,True
3,NI99ER NO.1,Tourè I.,C,6.5,6.5,False,True
3,NI99ER NO.1,Vandeputte,C,6.0,6.0,False,True
3,NI99ER NO.1,Stengs,C,,,False,True
3,NI99ER NO.1,Cuadrado,D,6.5,6.5,True,True
3,NI99ER NO.1,Heggem,D,6.0,6.0,False,True
3,NI99ER NO.1,Norton-Cuffy,D,5.0,4.5,False,True
3,NI99ER NO.1,Pezzella Giu.,D,6.0,6.0,False,True
3,NI99ER NO.1,Milinkovic-Savic V.,P,,,False,True
3,NI99ER NO.1,Israel,P,6.0,4.0,False,True
3,ULTRAMENG,Butez,P,6.0,5.0,True,False
3,ULTRAMENG,Angelino,D,6.0,6.0,True,False
3,ULTRAMENG,N'Dicka,D,5.5,5.5,True,False
3,ULTRAMENG,Buongiorno,D,,,False,False
3,ULTRAMENG,Mina,D,5.5,5.5,True,False
3,ULTRAMENG,Neres,C,6.5,6.5,True,False
3,ULTRAMENG,Ferguson,C,6.0,6.0,True,False
3,ULTRAMENG,De Bruyne,C,6.5,8.5,True,False
3,ULTRAMENG,Saelemaekers,C,7.0,10.0,True,False
3,ULTRAMENG,Camarda,A,7.0,10.5,True,False
3,ULTRAMENG,Douvikas,A,6.5,6.5,True,False
3,ULTRAMENG,Vigorito,P,,,False,True
3,ULTRAMENG,Cavlina,P,,,False,True
3,ULTRAMENG,Celik,D,6.5,7.5,True,True
3,ULTRAMENG,Kalulu,D,6.5,6.5,False,True
3,ULTRAMENG,Kossounou,D,5.0,5.0,False,True
3,ULTRAMENG,Ghilardi,D,,,False,True
3,ULTRAMENG,Sottil,C,,,False,True
3,ULTRAMENG,Rowe,C,6.5,6.5,False,True
3,ULTRAMENG,Conceicao,C,,,False,True
3,ULTRAMENG,Jashari,C,,,False,True
3,ULTRAMENG,Nkunku,A,,,False,True
3,ULTRAMENG,Simeone,A,5.5,5.5,False,True
3,ULTRAMENG,Adams C.,A,,,False,True
3,ULTRAMENG,Lukaku,A,,,False,True
3,7UPEVERYDAY,De Gea,P,6.0,7.0,True,False
3,7UPEVERYDAY,Valle,D,6.0,6.0,True,False
3,7UPEVERYDAY,Tsimikas,D,6.0,6.0,True,False
3,7UPEVERYDAY,Spinazzola,D,,,False,False
3,7UPEVERYDAY,Doig,D,6.0,6.0,True,False
3,7UPEVERYDAY,Zaniolo,C,6.0,5.5,True,False
3,7UPEVERYDAY,Stanciu,C,5.5,5.5,True,False
3,7UPEVERYDAY,Zambo Anguissa,C,5.5,5.5,True,False
3,7UPEVERYDAY,Kean,A,5.5,5.0,True,False
3,7UPEVERYDAY,De Ketelaere,A,6.0,6.0,True,False
3,7UPEVERYDAY,Esposito F.P.,A,7.0,10.0,True,False
3,7UPEVERYDAY,Terracciano,P,,,False,True
3,7UPEVERYDAY,Maignan,P,7.0,6.0,False,True
3,7UPEVERYDAY,Olivera,D,,,False,True
3,7UPEVERYDAY,Gutierrez,D,5.5,5.5,True,True
3,7UPEVERYDAY,Joao Mario,D,6.0,7.0,False,True
3,7UPEVERYDAY,Hien,D,,,False,True
3,7UPEVERYDAY,Volpato,C,,,False,True
3,7UPEVERYDAY,El Shaarawy,C,,,False,True
3,7UPEVERYDAY,Zhegrova,C,6.5,6.5,False,True
3,7UPEVERYDAY,Oristanio,C,5.0,5.0,False,True
3,7UPEVERYDAY,Cremaschi,C,,,False,True
3,7UPEVERYDAY,Vardy,A,,,False,True
3,7UPEVERYDAY,Gimenez,A,5.5,5.5,False,True
3,7UPEVERYDAY,Bonny,A,,,False,True
3,SIR CROCODILE,Svilar,P,7.0,8.0,True,False
3,SIR CROCODILE,Dodò,D,5.0,5.0,True,False
3,SIR CROCODILE,Solet,D,6.0,6.0,True,False
3,SIR CROCODILE,Bastoni,D,7.0,8.0,True,False
3,SIR CROCODILE,Ranieri L.,D,6.0,6.0,True,False
3,SIR CROCODILE,Mandragora,C,5.5,5.5,True,False
3,SIR CROCODILE,Thuram K.,C,5.5,5.5,True,False
3,SIR CROCODILE,Cristante,C,6.0,6.0,True,False
3,SIR CROCODILE,Esposito Se.,A,6.0,6.0,True,False
3,SIR CROCODILE,Castro S.,A,6.0,6.0,True,False
3,SIR CROCODILE,Pinamonti,A,6.0,6.0,True,False
3,SIR CROCODILE,Gollini,P,,,False,True
3,SIR CROCODILE,Leali,P,6.0,3.0,False,True
3,SIR CROCODILE,Zortea,D,,,False,True
3,SIR CROCODILE,Bellanova,D,6.5,6.5,False,True
3,SIR CROCODILE,Kristensen T.,D,5.0,5.0,False,True
3,SIR CROCODILE,Terracciano F.,D,5.5,5.5,False,True
3,SIR CROCODILE,Da Cunha,C,6.0,5.5,False,True
3,SIR CROCODILE,Frattesi,C,6.0,6.0,False,True
3,SIR CROCODILE,Zalewski,C,,,False,True
3,SIR CROCODILE,Rovella,C,,,False,True
3,SIR CROCODILE,Pisilli,C,,,False,True
3,SIR CROCODILE,Lucca,A,5.5,5.5,False,True
3,SIR CROCODILE,Rodriguez Je.,A,5.0,5.0,False,True
3,SIR CROCODILE,Kilicsoy,A,,,False,True
3,ROMAZDA,Martinez Jo.,P,6.0,7.0,True,False
3,ROMAZDA,Cambiaso,D,6.0,6.0,True,False
3,ROMAZDA,Carlos Augusto,D,6.0,5.5,True,False
3,ROMAZDA,Akanji,D,6.5,6.5,True,False
3,ROMAZDA,Dumfries,D,6.0,6.0,True,False
3,ROMAZDA,Zaccagni,C,7.0,10.0,True,False
3,ROMAZDA,Gudmundsson A.,C,5.0,5.0,True,False
3,ROMAZDA,Vlasic,C,5.0,5.0,True,False
3,ROMAZDA,Yildiz,A,6.0,6.0,True,False
3,ROMAZDA,Ferguson E.,A,6.0,6.0,True,False
3,ROMAZDA,Krstovic,A,5.5,5.5,True,False
3,ROMAZDA,Sanabria,A,6.0,5.5,False,True
3,ROMAZDA,Dovbyk,A,7.0,11.0,False,True
3,ROMAZDA,Bravo,A,,,False,True
3,ROMAZDA,Tramoni M.,C,5.5,5.5,False,True
3,ROMAZDA,Carboni V.,C,5.5,5.5,False,True
3,ROMAZDA,Folorunsho,C,6.0,6.0,False,True
3,ROMAZDA,Pierotti,C,6.5,6.5,False,True
3,ROMAZDA,Thorstvedt,C,6.0,6.0,False,True
3,ROMAZDA,Martin,D,5.5,5.5,False,True
3,ROMAZDA,Floriani Mussolini,D,6.0,5.5,False,True
3,ROMAZDA,Gatti,D,5.5,5.5,False,True
3,ROMAZDA,Zanoli,D,5.5,5.5,False,True
3,ROMAZDA,Skorupski,P,6.5,4.5,False,True
3,ROMAZDA,Ravaglia F.,P,,,False,True
3,VRHELPME,Di Gregorio,P,6.0,5.0,True,False
3,VRHELPME,Valeri,D,7.0,8.0,True,False
3,VRHELPME,Dimarco,D,7.0,8.0,True,False
3,VRHELPME,Vasquez,D,5.0,4.5,True,False
3,VRHELPME,Angori,D,,,False,False
3,VRHELPME,Modric,C,7.0,7.0,True,False
3,VRHELPME,Calhanoglu,C,6.5,6.5,True,False
3,VRHELPME,Fofana Y.,C,6.5,7.5,True,False
3,VRHELPME,Castellanos,A,7.5,11.5,True,False
3,VRHELPME,Nzola,A,6.0,6.0,True,False
3,VRHELPME,Berardi,A,7.0,8.0,True,False
3,VRHELPME,Perin,P,,,False,True
3,VRHELPME,Tavares N.,D,6.0,6.0,True,True
3,VRHELPME,Djimsiti,D,6.0,6.0,False,True
3,VRHELPME,Gallo,D,6.5,6.0,False,True
3,VRHELPME,Lykogiannis,D,,,False,True
3,VRHELPME,Vazquez,C,6.5,7.5,False,True
3,VRHELPME,Asllani,C,6.0,6.0,False,True
3,VRHELPME,Loftus-Cheek,C,6.0,6.0,False,True
3,VRHELPME,Ndour,C,,,False,True
3,VRHELPME,Tete Morente,C,6.5,6.5,False,True
3,VRHELPME,Davis K.,A,7.0,10.0,False,True
3,VRHELPME,Scamacca,A,,,False,True
3,VRHELPME,Gueye,A,6.0,6.0,False,True
3,VRHELPME,Pinsoglio,P,,,False,True
3,XIAOYEZI,Carnesecchi,P,6.5,5.5,True,False
3,XIAOYEZI,Ramon,D,6.0,5.5,True,False
3,XIAOYEZI,Gosens,D,6.0,6.0,True,False
3,XIAOYEZI,Vojvoda,D,,,False,False
3,XIAOYEZI,Fazzini,C,6.0,6.0,True,False
3,XIAOYEZI,Pulisic,C,8.0,13.0,True,False
3,XIAOYEZI,Maldini,C,,,False,False
3,XIAOYEZI,Isaksen,C,,,False,False
3,XIAOYEZI,Pellegrino M.,A,7.5,13.0,True,False
3,XIAOYEZI,Morata,A,,,False,False
3,XIAOYEZI,Hojlund,A,5.5,5.5,True,False
3,XIAOYEZI,Marusic,D,6.5,7.5,True,True
3,XIAOYEZI,Coco,D,6.5,7.5,False,True
3,XIAOYEZI,Scalvini,D,,,False,True
3,XIAOYEZI,Lazzari,D,,,False,True
3,XIAOYEZI,Palma,D,4.5,4.5,False,True
3,XIAOYEZI,Zerbin,C,5.5,5.5,True,True
3,XIAOYEZI,Frendrup,C,5.0,5.0,True,True
3,XIAOYEZI,Serdar,C,5.5,5.5,False,True
3,XIAOYEZI,Pobega,C,,,False,True
3,XIAOYEZI,Pedro,A,,,False,True
3,XIAOYEZI,Cutrone,A,5.5,5.5,True,True
3,XIAOYEZI,Lang,A,6.0,6.0,False,True
3,XIAOYEZI,Rossi F.,P,,,False,True
3,XIAOYEZI,Sportiello,P,,,False,True
3,TEAM ZTOTTI,Sommer,P,,,False,False
3,TEAM ZTOTTI,Palestra,D,6.0,6.0,True,False
3,TEAM ZTOTTI,Acerbi,D,,,False,False
3,TEAM ZTOTTI,Hermoso,D,6.0,6.0,True,False
3,TEAM ZTOTTI,Miranda J.,D,5.0,5.0,True,False
3,TEAM ZTOTTI,Sucic P.,C,,,False,False
3,TEAM ZTOTTI,Atta,C,6.0,6.0,True,False
3,TEAM ZTOTTI,Konè M.,C,6.5,6.5,True,False
3,TEAM ZTOTTI,Colombo,A,5.0,5.0,True,False
3,TEAM ZTOTTI,Martinez L.,A,7.0,11.0,True,False
3,TEAM ZTOTTI,Soulè,A,6.5,9.5,True,False
3,TEAM ZTOTTI,Caprile,P,6.5,4.5,True,True
3,TEAM ZTOTTI,Estupinan,D,5.0,4.0,True,True
3,TEAM ZTOTTI,Bertola,D,,,False,True
3,TEAM ZTOTTI,Posch,D,6.0,6.0,False,True
3,TEAM ZTOTTI,Lovik,D,,,False,True
3,TEAM ZTOTTI,Politano,C,6.0,6.0,True,True
3,TEAM ZTOTTI,Bernabè,C,6.0,6.0,False,True
3,TEAM ZTOTTI,Gronbaek,C,,,False,True
3,TEAM ZTOTTI,Miller L.,C,6.0,6.0,False,True
3,TEAM ZTOTTI,Cambiaghi,A,6.0,6.0,False,True
3,TEAM ZTOTTI,Stulic,A,5.5,5.5,False,True
3,TEAM ZTOTTI,Meister,A,6.0,6.0,False,True
3,KOKOMO,Provedel,P,6.5,7.5,True,False
3,KOKOMO,Tomori,D,5.5,5.5,True,False
3,KOKOMO,Pavlovic,D,6.5,6.5,True,False
3,KOKOMO,Mancini,D,6.0,6.0,True,False
3,KOKOMO,Baschirotto,D,7.0,10.5,True,False
3,KOKOMO,McTominay,C,6.0,6.0,True,False
3,KOKOMO,Barella,C,6.5,6.0,True,False
3,KOKOMO,Locatelli,C,,,False,False
3,KOKOMO,Matic,C,6.5,6.5,True,False
3,KOKOMO,Piccoli,A,6.0,6.0,True,False
3,KOKOMO,Dybala,A,,,False,False
3,KOKOMO,Mandas,P,,,False,True
3,KOKOMO,Furlanetto,P,,,False,True
3,KOKOMO,Bisseck,D,,,False,True
3,KOKOMO,Delprato,D,6.0,5.5,False,True
3,KOKOMO,Rugani,D,,,False,True
3,KOKOMO,Biraghi,D,5.5,5.5,False,True
3,KOKOMO,Odgaard,C,7.0,10.0,True,True
3,KOKOMO,Ederson D.S.,C,,,False,True
3,KOKOMO,Miretti,C,,,False,True
3,KOKOMO,Vergara,C,,,False,True
3,KOKOMO,Lookman,A,,,False,True
3,KOKOMO,Benedyczak,A,6.0,6.0,True,True
3,KOKOMO,Pavoletti,A,,,False,True
3,KOKOMO,Buffon L.,A,,,False,True
3,TEAM HANQI,Falcone,P,6.5,4.5,True,False
3,TEAM HANQI,Beukema,D,,,False,False
3,TEAM HANQI,Vitik,D,,,False,False
3,TEAM HANQI,Luperto,D,5.5,5.5,True,False
3,TEAM HANQI,Di Lorenzo,D,6.0,6.0,True,False
3,TEAM HANQI,El Aynaoui,C,,,False,False
3,TEAM HANQI,Koopmeiners,C,6.0,6.0,True,False
3,TEAM HANQI,Paz N.,C,7.0,10.0,True,False
3,TEAM HANQI,Orsolini,C,6.5,8.5,True,False
3,TEAM HANQI,Cancellieri,A,7.5,11.5,True,False
3,TEAM HANQI,Vlahovic,A,5.5,5.5,True,False
3,TEAM HANQI,Semper,P,6.0,7.0,False,True
3,TEAM HANQI,Sava,P,6.0,3.0,False,True
3,TEAM HANQI,De Winter,D,6.0,6.0,True,True
3,TEAM HANQI,Ziolkowski,D,6.0,6.0,True,True
3,TEAM HANQI,Caqueret,C,6.0,6.0,True,True
3,TEAM HANQI,Baturina,C,,,False,True
3,TEAM HANQI,Pellegrini Lo.,C,6.0,6.0,False,True
3,TEAM HANQI,Dia,A,6.0,6.0,False,True
3,TEAM HANQI,Zapata D.,A,,,False,True
3,TEAM HANQI,Bonazzoli,A,6.0,6.0,False,True
4,VRHELPME,Di Gregorio,P,6.0,7.0,True,False
4,VRHELPME,Valeri,D,6.0,6.0,True,False
4,VRHELPME,Dimarco,D,8.0,12.0,True,False
4,VRHELPME,Djimsiti,D,6.0,5.5,True,False
4,VRHELPME,Gallo,D,7.0,7.5,True,False
4,VRHELPME,Modric,C,6.5,6.5,True,False
4,VRHELPME,Calhanoglu,C,,,False,False
4,VRHELPME,Fofana Y.,C,5.5,5.0,True,False
4,VRHELPME,Castellanos,A,6.0,5.5,True,False
4,VRHELPME,Davis K.,A,6.0,6.0,True,False
4,VRHELPME,Berardi,A,,,False,False
4,VRHELPME,Perin,P,,,False,True
4,VRHELPME,Tavares N.,D,6.0,6.0,False,True
4,VRHELPME,Vasquez,D,6.0,6.0,False,True
4,VRHELPME,Lykogiannis,D,,,False,True
4,VRHELPME,Angori,D,5.5,5.5,False,True
4,VRHELPME,Ndour,C,6.0,6.0,True,True
4,VRHELPME,Asllani,C,6.0,5.5,False,True
4,VRHELPME,Tete Morente,C,,,False,True
4,VRHELPME,Vazquez,C,5.5,5.5,False,True
4,VRHELPME,Loftus-Cheek,C,6.0,6.0,False,True
4,VRHELPME,Nzola,A,5.0,5.0,True,True
4,VRHELPME,Scamacca,A,,,False,True
4,VRHELPME,Gueye,A,,,False,True
4,VRHELPME,Pinsoglio,P,,,False,True
4,XIAOYEZI,Carnesecchi,P,6.5,5.5,True,False
4,XIAOYEZI,Ramon,D,5.5,5.5,True,False
4,XIAOYEZI,Gosens,D,5.0,5.0,True,False
4,XIAOYEZI,Vojvoda,D,6.0,6.0,True,False
4,XIAOYEZI,Fazzini,C,5.5,5.5,True,False
4,XIAOYEZI,Pulisic,C,5.0,3.0,True,False
4,XIAOYEZI,Maldini,C,6.0,6.0,True,False
4,XIAOYEZI,Pobega,C,6.0,6.0,True,False
4,XIAOYEZI,Pellegrino M.,A,6.0,6.0,True,False
4,XIAOYEZI,Cutrone,A,5.5,5.5,True,False
4,XIAOYEZI,Hojlund,A,7.0,11.0,True,False
4,XIAOYEZI,Lazzari,D,5.5,5.5,False,True
4,XIAOYEZI,Coco,D,6.0,9.0,False,True
4,XIAOYEZI,Marusic,D,,,False,True
4,XIAOYEZI,Scalvini,D,,,False,True
4,XIAOYEZI,Palma,D,,,False,True
4,XIAOYEZI,Isaksen,C,5.5,5.5,False,True
4,XIAOYEZI,Zerbin,C,,,False,True
4,XIAOYEZI,Frendrup,C,5.5,5.5,False,True
4,XIAOYEZI,Serdar,C,5.5,5.0,False,True
4,XIAOYEZI,Pedro,A,6.0,7.0,False,True
4,XIAOYEZI,Morata,A,5.5,5.5,False,True
4,XIAOYEZI,Lang,A,,,False,True
4,XIAOYEZI,Rossi F.,P,,,False,True
4,XIAOYEZI,Sportiello,P,,,False,True
4,TEAM HANQI,Falcone,P,6.5,7.5,True,False
4,TEAM HANQI,Beukema,D,5.5,5.5,True,False
4,TEAM HANQI,Vitik,D,,,False,False
4,TEAM HANQI,Luperto,D,,,False,False
4,TEAM HANQI,Di Lorenzo,D,6.5,6.5,True,False
4,TEAM HANQI,Pellegrini Lo.,C,6.0,6.0,True,False
4,TEAM HANQI,Koopmeiners,C,,,False,False
4,TEAM HANQI,Paz N.,C,6.0,6.0,True,False
4,TEAM HANQI,Orsolini,C,7.0,10.0,True,False
4,TEAM HANQI,Cancellieri,A,8.0,14.0,True,False
4,TEAM HANQI,Vlahovic,A,6.0,6.0,True,False
4,TEAM HANQI,Semper,P,6.0,2.0,False,True
4,TEAM HANQI,Sava,P,5.5,4.5,False,True
4,TEAM HANQI,De Winter,D,,,False,True
4,TEAM HANQI,Ziolkowski,D,,,False,True
4,TEAM HANQI,Caqueret,C,6.0,6.0,True,True
4,TEAM HANQI,Baturina,C,5.0,5.0,False,True
4,TEAM HANQI,El Aynaoui,C,,,False,True
4,TEAM HANQI,Dia,A,5.5,5.5,False,True
4,TEAM HANQI,Zapata D.,A,,,False,True
4,TEAM HANQI,Bonazzoli,A,6.5,9.5,False,True
4,7UPEVERYDAY,De Gea,P,6.0,4.0,True,False
4,7UPEVERYDAY,Valle,D,6.0,6.0,True,False
4,7UPEVERYDAY,Gutierrez,D,,,False,False
4,7UPEVERYDAY,Doig,D,6.0,6.0,True,False
4,7UPEVERYDAY,Volpato,C,6.0,6.0,True,False
4,7UPEVERYDAY,Zaniolo,C,5.5,5.0,True,False
4,7UPEVERYDAY,Zhegrova,C,,,False,False
4,7UPEVERYDAY,Zambo Anguissa,C,7.5,10.5,True,False
4,7UPEVERYDAY,Kean,A,7.0,10.0,True,False
4,7UPEVERYDAY,De Ketelaere,A,,,False,False
4,7UPEVERYDAY,Esposito F.P.,A,6.0,6.0,True,False
4,7UPEVERYDAY,Terracciano,P,,,False,True
4,7UPEVERYDAY,Maignan,P,7.0,8.0,False,True
4,7UPEVERYDAY,Spinazzola,D,7.0,7.0,True,True
4,7UPEVERYDAY,Olivera,D,5.0,5.0,False,True
4,7UPEVERYDAY,Tsimikas,D,6.0,5.5,False,True
4,7UPEVERYDAY,Joao Mario,D,,,False,True
4,7UPEVERYDAY,Hien,D,7.0,7.0,False,True
4,7UPEVERYDAY,Oristanio,C,,,False,True
4,7UPEVERYDAY,El Shaarawy,C,,,False,True
4,7UPEVERYDAY,Stanciu,C,,,False,True
4,7UPEVERYDAY,Cremaschi,C,,,False,True
4,7UPEVERYDAY,Gimenez,A,6.5,6.5,True,True
4,7UPEVERYDAY,Bonny,A,8.5,15.5,False,True
4,7UPEVERYDAY,Vardy,A,6.0,6.0,False,True
4,SIR CROCODILE,Svilar,P,5.5,4.5,True,False
4,SIR CROCODILE,Dodò,D,5.5,5.5,True,False
4,SIR CROCODILE,Solet,D,6.5,7.5,True,False
4,SIR CROCODILE,Bastoni,D,6.5,6.5,True,False
4,SIR CROCODILE,Ranieri L.,D,5.5,5.5,True,False
4,SIR CROCODILE,Mandragora,C,5.5,5.5,True,False
4,SIR CROCODILE,Thuram K.,C,5.5,5.5,True,False
4,SIR CROCODILE,Cristante,C,7.0,10.5,True,False
4,SIR CROCODILE,Esposito Se.,A,5.5,5.5,True,False
4,SIR CROCODILE,Castro S.,A,,,False,False
4,SIR CROCODILE,Pinamonti,A,6.5,8.5,True,False
4,SIR CROCODILE,Gollini,P,,,False,True
4,SIR CROCODILE,Leali,P,6.0,4.0,False,True
4,SIR CROCODILE,Zortea,D,6.0,6.0,False,True
4,SIR CROCODILE,Bellanova,D,,,False,True
4,SIR CROCODILE,Kristensen T.,D,,,False,True
4,SIR CROCODILE,Terracciano F.,D,,,False,True
4,SIR CROCODILE,Da Cunha,C,6.0,6.0,False,True
4,SIR CROCODILE,Frattesi,C,6.0,6.0,False,True
4,SIR CROCODILE,Zalewski,C,,,False,True
4,SIR CROCODILE,Rovella,C,,,False,True
4,SIR CROCODILE,Pisilli,C,,,False,True
4,SIR CROCODILE,Lucca,A,,,False,True
4,SIR CROCODILE,Rodriguez Je.,A,,,False,True
4,SIR CROCODILE,Kilicsoy,A,,,False,True
4,NI99ER NO.1,Meret,P,,,False,False
4,NI99ER NO.1,Rensch,D,6.0,6.0,True,False
4,NI99ER NO.1,Heggem,D,6.5,6.5,True,False
4,NI99ER NO.1,Cuadrado,D,5.5,5.0,True,False
4,NI99ER NO.1,Wesley,D,6.5,6.0,True,False
4,NI99ER NO.1,Rabiot,C,6.5,6.5,True,False
4,NI99ER NO.1,Mkhitaryan,C,6.5,6.5,True,False
4,NI99ER NO.1,Pasalic,C,6.0,6.0,True,False
4,NI99ER NO.1,David,A,5.0,5.0,True,False
4,NI99ER NO.1,Giovane,A,6.0,6.0,True,False
4,NI99ER NO.1,Orban G.,A,5.5,5.5,True,False
4,NI99ER NO.1,Milinkovic-Savic V.,P,6.0,5.0,True,True
4,NI99ER NO.1,Israel,P,5.5,2.5,False,True
4,NI99ER NO.1,Bremer,D,,,False,True
4,NI99ER NO.1,Gabbia,D,6.5,6.5,False,True
4,NI99ER NO.1,Norton-Cuffy,D,6.5,7.5,False,True
4,NI99ER NO.1,Pezzella Giu.,D,4.5,4.0,False,True
4,NI99ER NO.1,Casadei,C,5.5,5.0,False,True
4,NI99ER NO.1,Diouf,C,5.5,5.5,False,True
4,NI99ER NO.1,Tourè I.,C,4.0,3.0,False,True
4,NI99ER NO.1,Vandeputte,C,6.0,7.0,False,True
4,NI99ER NO.1,Thuram,A,,,False,True
4,NI99ER NO.1,Leao,A,5.0,5.0,False,True
4,NI99ER NO.1,Openda,A,6.0,6.0,False,True
4,TEAM ZTOTTI,Sommer,P,6.0,5.0,True,False
4,TEAM ZTOTTI,Miranda J.,D,6.5,6.5,True,False
4,TEAM ZTOTTI,Bertola,D,5.5,5.5,True,False
4,TEAM ZTOTTI,Acerbi,D,,,False,False
4,TEAM ZTOTTI,Palestra,D,5.5,5.5,True,False
4,TEAM ZTOTTI,Politano,C,5.5,5.5,True,False
4,TEAM ZTOTTI,Konè M.,C,6.5,6.5,True,False
4,TEAM ZTOTTI,Atta,C,6.5,6.5,True,False
4,TEAM ZTOTTI,Cambiaghi,A,8.0,13.0,True,False
4,TEAM ZTOTTI,Martinez L.,A,7.0,10.0,True,False
4,TEAM ZTOTTI,Soulè,A,7.5,11.5,True,False
4,TEAM ZTOTTI,Caprile,P,7.0,6.0,False,True
4,TEAM ZTOTTI,Lovik,D,5.0,5.0,True,True
4,TEAM ZTOTTI,Posch,D,,,False,True
4,TEAM ZTOTTI,Hermoso,D,,,False,True
4,TEAM ZTOTTI,Sucic P.,C,6.0,5.5,False,True
4,TEAM ZTOTTI,Bernabè,C,5.5,5.5,False,True
4,TEAM ZTOTTI,Miller L.,C,,,False,True
4,TEAM ZTOTTI,Gronbaek,C,,,False,True
4,TEAM ZTOTTI,Stulic,A,5.5,5.5,False,True
4,TEAM ZTOTTI,Meister,A,5.5,5.5,False,True
4,TEAM ZTOTTI,Colombo,A,6.0,6.0,False,True
4,KOKOMO,Provedel,P,6.0,3.0,True,False
4,KOKOMO,Tomori,D,6.0,6.0,True,False
4,KOKOMO,Pavlovic,D,6.5,6.5,True,False
4,KOKOMO,Mancini,D,6.0,6.0,True,False
4,KOKOMO,Baschirotto,D,5.0,5.0,True,False
4,KOKOMO,Delprato,D,5.5,5.5,True,False
4,KOKOMO,McTominay,C,6.0,6.0,True,False
4,KOKOMO,Barella,C,7.5,10.5,True,False
4,KOKOMO,Locatelli,C,6.5,6.0,True,False
4,KOKOMO,Odgaard,C,6.5,9.5,True,False
4,KOKOMO,Piccoli,A,6.0,6.0,True,False
4,KOKOMO,Mandas,P,,,False,True
4,KOKOMO,Furlanetto,P,,,False,True
4,KOKOMO,Bisseck,D,,,False,True
4,KOKOMO,Rugani,D,6.0,6.0,False,True
4,KOKOMO,Biraghi,D,,,False,True
4,KOKOMO,Ederson D.S.,C,6.0,6.0,False,True
4,KOKOMO,Matic,C,6.0,6.0,False,True
4,KOKOMO,Miretti,C,,,False,True
4,KOKOMO,Vergara,C,,,False,True
4,KOKOMO,Dybala,A,6.0,6.0,False,True
4,KOKOMO,Lookman,A,5.5,5.5,False,True
4,KOKOMO,Benedyczak,A,5.5,5.5,False,True
4,KOKOMO,Pavoletti,A,,,False,True
4,KOKOMO,Buffon L.,A,,,False,True
4,ULTRAMENG,Butez,P,6.0,5.0,True,False
4,ULTRAMENG,Angelino,D,,,False,False
4,ULTRAMENG,N'Dicka,D,6.0,6.0,True,False
4,ULTRAMENG,Buongiorno,D,,,False,False
4,ULTRAMENG,Mina,D,6.0,6.0,True,False
4,ULTRAMENG,Neres,C,5.5,5.0,True,False
4,ULTRAMENG,Ferguson,C,,,False,False
4,ULTRAMENG,De Bruyne,C,6.5,6.5,True,False
4,ULTRAMENG,Saelemaekers,C,6.5,6.5,True,False
4,ULTRAMENG,Camarda,A,6.0,6.0,True,False
4,ULTRAMENG,Douvikas,A,5.5,5.5,True,False
4,ULTRAMENG,Vigorito,P,,,False,True
4,ULTRAMENG,Cavlina,P,,,False,True
4,ULTRAMENG,Celik,D,6.5,6.5,True,True
4,ULTRAMENG,Kalulu,D,6.0,6.0,True,True
4,ULTRAMENG,Kossounou,D,,,False,True
4,ULTRAMENG,Ghilardi,D,,,False,True
4,ULTRAMENG,Sottil,C,7.0,11.0,True,True
4,ULTRAMENG,Rowe,C,6.5,6.5,False,True
4,ULTRAMENG,Conceicao,C,6.5,6.5,False,True
4,ULTRAMENG,Jashari,C,,,False,True
4,ULTRAMENG,Nkunku,A,6.0,6.0,False,True
4,ULTRAMENG,Simeone,A,7.0,10.0,False,True
4,ULTRAMENG,Adams C.,A,7.0,10.0,False,True
4,ULTRAMENG,Lukaku,A,,,False,True
4,ROMAZDA,Martinez Jo.,P,,,False,False
4,ROMAZDA,Cambiaso,D,5.5,5.5,True,False
4,ROMAZDA,Carlos Augusto,D,6.0,6.0,True,False
4,ROMAZDA,Akanji,D,6.5,6.5,True,False
4,ROMAZDA,Dumfries,D,6.0,6.0,True,False
4,ROMAZDA,Zaccagni,C,,,False,False
4,ROMAZDA,Thorstvedt,C,6.5,6.5,True,False
4,ROMAZDA,Pierotti,C,6.0,6.0,True,False
4,ROMAZDA,Yildiz,A,5.5,5.5,True,False
4,ROMAZDA,Dovbyk,A,6.0,7.0,True,False
4,ROMAZDA,Krstovic,A,6.0,6.0,True,False
4,ROMAZDA,Ferguson E.,A,,,False,True
4,ROMAZDA,Sanabria,A,5.0,5.0,False,True
4,ROMAZDA,Bravo,A,,,False,True
4,ROMAZDA,Gudmundsson A.,C,5.0,4.5,True,True
4,ROMAZDA,Folorunsho,C,6.0,6.0,False,True
4,ROMAZDA,Tramoni M.,C,5.5,5.5,False,True
4,ROMAZDA,Vlasic,C,5.5,5.5,False,True
4,ROMAZDA,Carboni V.,C,6.0,6.0,False,True
4,ROMAZDA,Zanoli,D,5.5,5.5,False,True
4,ROMAZDA,Gatti,D,5.5,5.0,False,True
4,ROMAZDA,Martin,D,,,False,True
4,ROMAZDA,Floriani Mussolini,D,4.5,4.5,False,True
4,ROMAZDA,Skorupski,P,6.0,7.0,True,True
4,ROMAZDA,Ravaglia F.,P,,,False,True
5,NI99ER NO.1,Milinkovic-Savic V.,P,6.0,5.0,True,False
5,NI99ER NO.1,Cuadrado,D,6.0,6.0,True,False
5,NI99ER NO.1,Heggem,D,6.5,6.5,True,False
5,NI99ER NO.1,Gabbia,D,5.5,5.5,True,False
5,NI99ER NO.1,Norton-Cuffy,D,6.0,6.0,True,False
5,NI99ER NO.1,Vandeputte,C,6.5,7.0,True,False
5,NI99ER NO.1,Mkhitaryan,C,6.5,6.0,True,False
5,NI99ER NO.1,Pasalic,C,6.0,5.5,True,False
5,NI99ER NO.1,David,A,5.0,5.0,True,False
5,NI99ER NO.1,Orban G.,A,5.0,5.0,True,False
5,NI99ER NO.1,Leao,A,7.5,13.5,True,False
5,NI99ER NO.1,Meret,P,,,False,True
5,NI99ER NO.1,Israel,P,6.0,6.5,False,True
5,NI99ER NO.1,Pezzella Giu.,D,5.5,5.5,False,True
5,NI99ER NO.1,Rensch,D,,,False,True
5,NI99ER NO.1,Wesley,D,6.0,6.0,False,True
5,NI99ER NO.1,Casadei,C,6.0,6.0,False,True
5,NI99ER NO.1,Diouf,C,,,False,True
5,NI99ER NO.1,Giovane,A,5.5,5.5,False,True
5,NI99ER NO.1,Openda,A,,,False,True
5,NI99ER NO.1,Bremer,D,,,False,True
5,NI99ER NO.1,Tourè I.,C,,,False,True
5,NI99ER NO.1,Rabiot,C,,,False,True
5,NI99ER NO.1,Stengs,C,,,False,True
5,NI99ER NO.1,Thuram,A,,,False,True
5,TEAM HANQI,Semper,P,6.0,7.0,True,False
5,TEAM HANQI,Beukema,D,5.5,5.5,True,False
5,TEAM HANQI,Luperto,D,5.5,5.5,True,False
5,TEAM HANQI,Di Lorenzo,D,5.5,5.5,True,False
5,TEAM HANQI,Pellegrini Lo.,C,5.5,5.5,True,False
5,TEAM HANQI,Koopmeiners,C,5.0,5.0,True,False
5,TEAM HANQI,Caqueret,C,5.5,5.5,True,False
5,TEAM HANQI,Paz N.,C,8.0,12.0,True,False
5,TEAM HANQI,Orsolini,C,7.0,10.0,True,False
5,TEAM HANQI,Cancellieri,A,6.0,6.0,True,False
5,TEAM HANQI,Vlahovic,A,5.5,5.5,True,False
5,TEAM HANQI,Sava,P,,,False,True
5,TEAM HANQI,De Winter,D,,,False,True
5,TEAM HANQI,Ziolkowski,D,6.0,5.5,False,True
5,TEAM HANQI,Baturina,C,,,False,True
5,TEAM HANQI,El Aynaoui,C,,,False,True
5,TEAM HANQI,Dia,A,5.0,5.0,False,True
5,TEAM HANQI,Zapata D.,A,,,False,True
5,TEAM HANQI,Bonazzoli,A,6.0,6.0,False,True
5,7UPEVERYDAY,De Gea,P,6.0,4.0,True,False
5,7UPEVERYDAY,Valle,D,6.0,6.0,True,False
5,7UPEVERYDAY,Tsimikas,D,,,False,False
5,7UPEVERYDAY,Spinazzola,D,6.5,6.5,True,False
5,7UPEVERYDAY,Doig,D,6.0,5.5,True,False
5,7UPEVERYDAY,Zambo Anguissa,C,6.0,6.0,True,False
5,7UPEVERYDAY,Zhegrova,C,,,False,False
5,7UPEVERYDAY,Zaniolo,C,7.0,11.0,True,False
5,7UPEVERYDAY,Kean,A,6.0,6.0,True,False
5,7UPEVERYDAY,Esposito F.P.,A,6.0,6.0,True,False
5,7UPEVERYDAY,Bonny,A,7.0,11.0,True,False
5,7UPEVERYDAY,Terracciano,P,,,False,True
5,7UPEVERYDAY,Maignan,P,5.0,4.0,False,True
5,7UPEVERYDAY,Gutierrez,D,,,False,True
5,7UPEVERYDAY,Olivera,D,5.0,5.0,True,True
5,7UPEVERYDAY,Joao Mario,D,,,False,True
5,7UPEVERYDAY,Hien,D,6.0,5.5,False,True
5,7UPEVERYDAY,Oristanio,C,,,False,True
5,7UPEVERYDAY,Volpato,C,,,False,True
5,7UPEVERYDAY,El Shaarawy,C,,,False,True
5,7UPEVERYDAY,Stanciu,C,,,False,True
5,7UPEVERYDAY,Cremaschi,C,,,False,True
5,7UPEVERYDAY,Vardy,A,5.5,5.0,False,True
5,7UPEVERYDAY,De Ketelaere,A,6.0,5.5,False,True
5,7UPEVERYDAY,Gimenez,A,6.5,6.5,False,True
5,KOKOMO,Provedel,P,6.5,7.5,True,False
5,KOKOMO,Tomori,D,6.0,5.5,True,False
5,KOKOMO,Pavlovic,D,6.0,6.5,True,False
5,KOKOMO,Mancini,D,6.5,6.5,True,False
5,KOKOMO,Baschirotto,D,5.5,5.5,True,False
5,KOKOMO,McTominay,C,,,False,False
5,KOKOMO,Barella,C,6.5,7.5,True,False
5,KOKOMO,Locatelli,C,6.0,6.0,True,False
5,KOKOMO,Odgaard,C,7.0,8.0,True,False
5,KOKOMO,Lookman,A,6.0,6.0,True,False
5,KOKOMO,Dybala,A,6.0,6.0,True,False
5,KOKOMO,Mandas,P,,,False,True
5,KOKOMO,Furlanetto,P,,,False,True
5,KOKOMO,Bisseck,D,,,False,True
5,KOKOMO,Biraghi,D,6.0,6.0,False,True
5,KOKOMO,Rugani,D,5.5,5.5,False,True
5,KOKOMO,Delprato,D,6.0,6.0,False,True
5,KOKOMO,Ederson D.S.,C,6.0,6.0,True,True
5,KOKOMO,Matic,C,6.0,6.0,False,True
5,KOKOMO,Miretti,C,,,False,True
5,KOKOMO,Vergara,C,,,False,True
5,KOKOMO,Piccoli,A,5.5,5.5,False,True
5,KOKOMO,Benedyczak,A,,,False,True
5,KOKOMO,Pavoletti,A,,,False,True
5,KOKOMO,Buffon L.,A,,,False,True
5,VRHELPME,Di Gregorio,P,6.0,4.0,True,False
5,VRHELPME,Vasquez,D,6.5,6.5,True,False
5,VRHELPME,Tavares N.,D,5.5,5.5,True,False
5,VRHELPME,Dimarco,D,6.0,6.0,True,False
5,VRHELPME,Gallo,D,6.0,6.0,True,False
5,VRHELPME,Modric,C,6.5,6.5,True,False
5,VRHELPME,Loftus-Cheek,C,,,False,False
5,VRHELPME,Fofana Y.,C,6.0,5.5,True,False
5,VRHELPME,Nzola,A,5.5,5.5,True,False
5,VRHELPME,Davis K.,A,6.0,6.0,True,False
5,VRHELPME,Berardi,A,5.5,5.0,True,False
5,VRHELPME,Perin,P,,,False,True
5,VRHELPME,Djimsiti,D,6.0,6.0,False,True
5,VRHELPME,Angori,D,5.5,5.5,False,True
5,VRHELPME,Lykogiannis,D,6.0,5.5,False,True
5,VRHELPME,Valeri,D,,,False,True
5,VRHELPME,Ndour,C,,,False,True
5,VRHELPME,Calhanoglu,C,6.5,6.5,True,True
5,VRHELPME,Asllani,C,6.0,6.0,False,True
5,VRHELPME,Tete Morente,C,5.5,5.5,False,True
5,VRHELPME,Vazquez,C,6.5,6.5,False,True
5,VRHELPME,Gueye,A,,,False,True
5,VRHELPME,Castellanos,A,,,False,True
5,VRHELPME,Scamacca,A,,,False,True
5,VRHELPME,Pinsoglio,P,,,False,True
5,TEAM ZTOTTI,Caprile,P,6.5,4.5,True,False
5,TEAM ZTOTTI,Miranda J.,D,6.5,6.0,True,False
5,TEAM ZTOTTI,Bertola,D,,,False,False
5,TEAM ZTOTTI,Lovik,D,,,False,False
5,TEAM ZTOTTI,Palestra,D,6.5,6.5,True,False
5,TEAM ZTOTTI,Bernabè,C,6.0,6.0,True,False
5,TEAM ZTOTTI,Atta,C,6.5,6.5,True,False
5,TEAM ZTOTTI,Konè M.,C,6.5,6.5,True,False
5,TEAM ZTOTTI,Cambiaghi,A,5.5,5.5,True,False
5,TEAM ZTOTTI,Stulic,A,6.0,6.0,True,False
5,TEAM ZTOTTI,Soulè,A,5.5,5.5,True,False
5,TEAM ZTOTTI,Sommer,P,6.5,7.5,False,True
5,TEAM ZTOTTI,Posch,D,,,False,True
5,TEAM ZTOTTI,Acerbi,D,6.5,6.5,True,True
5,TEAM ZTOTTI,Hermoso,D,5.5,5.0,True,True
5,TEAM ZTOTTI,Estupinan,D,,,False,True
5,TEAM ZTOTTI,Miller L.,C,,,False,True
5,TEAM ZTOTTI,Politano,C,6.5,6.5,False,True
5,TEAM ZTOTTI,Sucic P.,C,6.0,5.5,False,True
5,TEAM ZTOTTI,Gronbaek,C,,,False,True
5,TEAM ZTOTTI,Bailey,C,6.0,6.0,False,True
5,TEAM ZTOTTI,Martinez L.,A,5.5,5.0,False,True
5,TEAM ZTOTTI,Colombo,A,5.5,5.0,False,True
5,TEAM ZTOTTI,Meister,A,,,False,True
5,ROMAZDA,Ravaglia F.,P,6.5,7.5,True,False
5,ROMAZDA,Cambiaso,D,5.5,5.5,True,False
5,ROMAZDA,Martin,D,,,False,False
5,ROMAZDA,Akanji,D,6.5,6.5,True,False
5,ROMAZDA,Dumfries,D,6.0,6.0,True,False
5,ROMAZDA,Zaccagni,C,6.0,6.0,True,False
5,ROMAZDA,Thorstvedt,C,5.5,5.5,True,False
5,ROMAZDA,Carboni V.,C,5.5,5.5,True,False
5,ROMAZDA,Yildiz,A,6.0,6.0,True,False
5,ROMAZDA,Krstovic,A,6.0,6.0,True,False
5,ROMAZDA,Dovbyk,A,5.0,5.0,True,False
5,ROMAZDA,Ferguson E.,A,,,False,True
5,ROMAZDA,Sanabria,A,,,False,True
5,ROMAZDA,Bravo,A,,,False,True
5,ROMAZDA,Gudmundsson A.,C,6.0,6.0,False,True
5,ROMAZDA,Tramoni M.,C,,,False,True
5,ROMAZDA,Folorunsho,C,6.0,6.0,False,True
5,ROMAZDA,Pierotti,C,5.5,5.5,False,True
5,ROMAZDA,Vlasic,C,6.5,6.5,False,True
5,ROMAZDA,Carlos Augusto,D,,,False,True
5,ROMAZDA,Floriani Mussolini,D,,,False,True
5,ROMAZDA,Gatti,D,,,False,True
5,ROMAZDA,Zanoli,D,6.5,7.5,True,True
5,ROMAZDA,Skorupski,P,,,False,True
5,ROMAZDA,Martinez Jo.,P,,,False,True
5,SIR CROCODILE,Svilar,P,5.5,4.5,True,False
5,SIR CROCODILE,Dodò,D,6.0,6.0,True,False
5,SIR CROCODILE,Solet,D,5.0,5.0,True,False
5,SIR CROCODILE,Bastoni,D,6.5,6.5,True,False
5,SIR CROCODILE,Ranieri L.,D,6.5,6.0,True,False
5,SIR CROCODILE,Zalewski,C,,,False,False
5,SIR CROCODILE,Thuram K.,C,6.0,6.0,True,False
5,SIR CROCODILE,Cristante,C,6.0,6.0,True,False
5,SIR CROCODILE,Esposito Se.,A,6.0,5.5,True,False
5,SIR CROCODILE,Castro S.,A,6.0,6.0,True,False
5,SIR CROCODILE,Pinamonti,A,5.5,5.5,True,False
5,SIR CROCODILE,Gollini,P,,,False,True
5,SIR CROCODILE,Leali,P,6.0,7.0,False,True
5,SIR CROCODILE,Zortea,D,,,False,True
5,SIR CROCODILE,Terracciano F.,D,7.0,10.0,False,True
5,SIR CROCODILE,Bellanova,D,,,False,True
5,SIR CROCODILE,Kristensen T.,D,,,False,True
5,SIR CROCODILE,Da Cunha,C,6.5,6.5,True,True
5,SIR CROCODILE,Frattesi,C,6.0,6.0,False,True
5,SIR CROCODILE,Mandragora,C,6.0,6.0,False,True
5,SIR CROCODILE,Pisilli,C,,,False,True
5,SIR CROCODILE,Rovella,C,,,False,True
5,SIR CROCODILE,Lucca,A,5.0,5.0,False,True
5,SIR CROCODILE,Rodriguez Je.,A,,,False,True
5,SIR CROCODILE,Kilicsoy,A,,,False,True
5,XIAOYEZI,Carnesecchi,P,6.0,7.0,True,False
5,XIAOYEZI,Coco,D,7.0,7.0,True,False
5,XIAOYEZI,Gosens,D,6.5,9.5,True,False
5,XIAOYEZI,Vojvoda,D,6.5,6.5,True,False
5,XIAOYEZI,Fazzini,C,6.0,6.0,True,False
5,XIAOYEZI,Isaksen,C,6.0,6.0,True,False
5,XIAOYEZI,Maldini,C,,,False,False
5,XIAOYEZI,Zerbin,C,5.5,5.0,True,False
5,XIAOYEZI,Morata,A,6.0,6.0,True,False
5,XIAOYEZI,Pedro,A,6.0,6.0,True,False
5,XIAOYEZI,Hojlund,A,,,False,False
5,XIAOYEZI,Ramon,D,6.0,6.0,False,True
5,XIAOYEZI,Marusic,D,6.0,6.0,False,True
5,XIAOYEZI,Lazzari,D,,,False,True
5,XIAOYEZI,Scalvini,D,6.0,6.0,False,True
5,XIAOYEZI,Palma,D,,,False,True
5,XIAOYEZI,Pobega,C,5.5,5.5,True,True
5,XIAOYEZI,Frendrup,C,6.0,6.0,False,True
5,XIAOYEZI,Serdar,C,6.5,6.5,False,True
5,XIAOYEZI,Pellegrino M.,A,5.5,5.5,True,True
5,XIAOYEZI,Cutrone,A,6.0,6.0,False,True
5,XIAOYEZI,Lang,A,6.0,5.5,False,True
5,XIAOYEZI,Rossi F.,P,,,False,True
5,XIAOYEZI,Sportiello,P,,,False,True
5,XIAOYEZI,Pulisic,C,,,False,True
5,ULTRAMENG,Butez,P,6.0,7.0,True,False
5,ULTRAMENG,Angelino,D,,,False,False
5,ULTRAMENG,N'Dicka,D,5.0,4.5,True,False
5,ULTRAMENG,Buongiorno,D,6.0,6.0,True,False
5,ULTRAMENG,Mina,D,5.5,5.5,True,False
5,ULTRAMENG,Neres,C,5.5,5.5,True,False
5,ULTRAMENG,Ferguson,C,6.0,5.5,True,False
5,ULTRAMENG,De Bruyne,C,6.0,6.0,True,False
5,ULTRAMENG,Saelemaekers,C,5.5,5.5,True,False
5,ULTRAMENG,Camarda,A,6.0,6.0,True,False
5,ULTRAMENG,Douvikas,A,6.5,6.5,True,False
5,ULTRAMENG,Vigorito,P,,,False,True
5,ULTRAMENG,Cavlina,P,,,False,True
5,ULTRAMENG,Celik,D,5.5,5.5,True,True
5,ULTRAMENG,Kalulu,D,5.5,5.5,False,True
5,ULTRAMENG,Kossounou,D,,,False,True
5,ULTRAMENG,Ghilardi,D,,,False,True
5,ULTRAMENG,Sottil,C,,,False,True
5,ULTRAMENG,Rowe,C,,,False,True
5,ULTRAMENG,Conceicao,C,5.5,5.5,False,True
5,ULTRAMENG,Jashari,C,,,False,True
5,ULTRAMENG,Nkunku,A,,,False,True
5,ULTRAMENG,Simeone,A,7.5,11.5,False,True
5,ULTRAMENG,Adams C.,A,6.5,6.5,False,True
5,ULTRAMENG,Lukaku,A,,,False,True
6,TEAM HANQI,Falcone,P,6.0,3.0,True,False
6,TEAM HANQI,Beukema,D,,,False,False
6,TEAM HANQI,Luperto,D,,,False,False
6,TEAM HANQI,De Winter,D,5.0,5.0,True,False
6,TEAM HANQI,Di Lorenzo,D,6.5,6.0,True,False
6,TEAM HANQI,Pellegrini Lo.,C,6.5,6.5,True,False
6,TEAM HANQI,Caqueret,C,6.5,6.5,True,False
6,TEAM HANQI,Paz N.,C,5.5,5.5,True,False
6,TEAM HANQI,Orsolini,C,6.0,6.0,True,False
6,TEAM HANQI,Dia,A,6.0,6.0,True,False
6,TEAM HANQI,Vlahovic,A,5.5,5.5,True,False
6,TEAM HANQI,Sava,P,,,False,True
6,TEAM HANQI,Vitik,D,,,False,True
6,TEAM HANQI,Ziolkowski,D,,,False,True
6,TEAM HANQI,Baturina,C,6.0,6.0,False,True
6,TEAM HANQI,El Aynaoui,C,6.0,6.0,False,True
6,TEAM HANQI,Diao,A,5.5,5.5,False,True
6,TEAM HANQI,Bonazzoli,A,,,False,True
6,ROMAZDA,Skorupski,P,7.0,5.0,True,False
6,ROMAZDA,Zanoli,D,6.0,6.0,True,False
6,ROMAZDA,Cambiaso,D,6.0,6.0,True,False
6,ROMAZDA,Akanji,D,5.0,5.0,True,False
6,ROMAZDA,Dumfries,D,5.5,5.5,True,False
6,ROMAZDA,Zaccagni,C,6.0,6.0,True,False
6,ROMAZDA,Gudmundsson A.,C,6.5,8.0,True,False
6,ROMAZDA,Vlasic,C,5.5,5.0,True,False
6,ROMAZDA,Yildiz,A,6.0,6.0,True,False
6,ROMAZDA,Krstovic,A,5.0,5.0,True,False
6,ROMAZDA,Dovbyk,A,6.5,6.5,True,False
6,ROMAZDA,Ferguson E.,A,,,False,True
6,ROMAZDA,Bravo,A,,,False,True
6,ROMAZDA,Sanabria,A,6.0,6.0,False,True
6,ROMAZDA,Thorstvedt,C,5.0,4.5,False,True
6,ROMAZDA,Folorunsho,C,5.5,5.5,False,True
6,ROMAZDA,Pierotti,C,6.5,6.5,False,True
6,ROMAZDA,Carboni V.,C,,,False,True
6,ROMAZDA,Tramoni M.,C,5.0,5.0,False,True
6,ROMAZDA,Carlos Augusto,D,,,False,True
6,ROMAZDA,Martin,D,,,False,True
6,ROMAZDA,Gatti,D,5.5,5.5,False,True
6,ROMAZDA,Floriani Mussolini,D,5.5,5.0,False,True
6,ROMAZDA,Martinez Jo.,P,,,False,True
6,ROMAZDA,Ravaglia F.,P,,,False,True
6,SIR CROCODILE,Svilar,P,6.5,7.5,True,False
6,SIR CROCODILE,Dodò,D,6.0,6.0,True,False
6,SIR CROCODILE,Solet,D,6.0,6.0,True,False
6,SIR CROCODILE,Bastoni,D,6.0,5.5,True,False
6,SIR CROCODILE,Ranieri L.,D,5.5,5.5,True,False
6,SIR CROCODILE,Zalewski,C,6.0,6.0,True,False
6,SIR CROCODILE,Thuram K.,C,5.5,5.5,True,False
6,SIR CROCODILE,Cristante,C,6.5,6.5,True,False
6,SIR CROCODILE,Da Cunha,C,6.0,6.0,True,False
6,SIR CROCODILE,Castro S.,A,7.0,10.0,True,False
6,SIR CROCODILE,Pinamonti,A,5.0,5.0,True,False
6,SIR CROCODILE,Gollini,P,,,False,True
6,SIR CROCODILE,Leali,P,7.5,5.5,False,True
6,SIR CROCODILE,Terracciano F.,D,7.0,7.0,False,True
6,SIR CROCODILE,Bellanova,D,5.5,5.5,False,True
6,SIR CROCODILE,Zortea,D,,,False,True
6,SIR CROCODILE,Kristensen T.,D,,,False,True
6,SIR CROCODILE,Mandragora,C,5.5,5.5,False,True
6,SIR CROCODILE,Frattesi,C,6.0,6.0,False,True
6,SIR CROCODILE,Pisilli,C,,,False,True
6,SIR CROCODILE,Rovella,C,,,False,True
6,SIR CROCODILE,Esposito Se.,A,,,False,True
6,SIR CROCODILE,Lucca,A,,,False,True
6,SIR CROCODILE,Rodriguez Je.,A,,,False,True
6,SIR CROCODILE,Kilicsoy,A,,,False,True
6,XIAOYEZI,Carnesecchi,P,6.5,5.5,True,False
6,XIAOYEZI,Coco,D,6.0,6.0,True,False
6,XIAOYEZI,Gosens,D,5.0,4.5,True,False
6,XIAOYEZI,Vojvoda,D,6.0,6.0,True,False
6,XIAOYEZI,Fazzini,C,,,False,False
6,XIAOYEZI,Isaksen,C,7.0,7.0,True,False
6,XIAOYEZI,Maldini,C,,,False,False
6,XIAOYEZI,Zerbin,C,6.5,6.5,True,False
6,XIAOYEZI,Morata,A,5.5,5.5,True,False
6,XIAOYEZI,Pellegrino M.,A,6.0,6.0,True,False
6,XIAOYEZI,Hojlund,A,,,False,False
6,XIAOYEZI,Ramon,D,,,False,True
6,XIAOYEZI,Marusic,D,5.5,5.5,False,True
6,XIAOYEZI,Lazzari,D,6.0,5.5,False,True
6,XIAOYEZI,Scalvini,D,,,False,True
6,XIAOYEZI,Palma,D,,,False,True
6,XIAOYEZI,Pulisic,C,,,False,True
6,XIAOYEZI,Frendrup,C,6.0,5.5,True,True
6,XIAOYEZI,Pobega,C,5.5,5.5,True,True
6,XIAOYEZI,Serdar,C,6.0,6.0,False,True
6,XIAOYEZI,Cutrone,A,6.0,6.0,True,True
6,XIAOYEZI,Pedro,A,,,False,True
6,XIAOYEZI,Lang,A,,,False,True
6,XIAOYEZI,Rossi F.,P,,,False,True
6,XIAOYEZI,Sportiello,P,,,False,True
6,TEAM ZTOTTI,Caprile,P,7.5,5.5,True,False
6,TEAM ZTOTTI,Miranda J.,D,6.5,6.5,True,False
6,TEAM ZTOTTI,Acerbi,D,5.0,5.0,True,False
6,TEAM ZTOTTI,Bertola,D,6.5,6.5,True,False
6,TEAM ZTOTTI,Palestra,D,5.5,5.5,True,False
6,TEAM ZTOTTI,Politano,C,6.0,6.0,True,False
6,TEAM ZTOTTI,Atta,C,7.5,9.5,True,False
6,TEAM ZTOTTI,Bailey,C,6.0,6.0,True,False
6,TEAM ZTOTTI,Cambiaghi,A,7.0,10.0,True,False
6,TEAM ZTOTTI,Martinez L.,A,5.0,5.0,True,False
6,TEAM ZTOTTI,Soulè,A,6.0,6.0,True,False
6,TEAM ZTOTTI,Sommer,P,6.0,3.0,False,True
6,TEAM ZTOTTI,Posch,D,,,False,True
6,TEAM ZTOTTI,Lovik,D,,,False,True
6,TEAM ZTOTTI,Hermoso,D,6.0,5.5,False,True
6,TEAM ZTOTTI,Miller L.,C,,,False,True
6,TEAM ZTOTTI,Konè M.,C,6.5,6.5,False,True
6,TEAM ZTOTTI,Bernabè,C,6.5,6.5,False,True
6,TEAM ZTOTTI,Sucic P.,C,6.0,6.0,False,True
6,TEAM ZTOTTI,Gronbaek,C,,,False,True
6,TEAM ZTOTTI,Stulic,A,5.5,5.0,False,True
6,TEAM ZTOTTI,Meister,A,5.5,5.5,False,True
6,TEAM ZTOTTI,Colombo,A,,,False,True
6,7UPEVERYDAY,Maignan,P,5.5,3.5,True,False
6,7UPEVERYDAY,Valle,D,,,False,False
6,7UPEVERYDAY,Tsimikas,D,6.0,6.0,True,False
6,7UPEVERYDAY,Spinazzola,D,6.5,7.5,True,False
6,7UPEVERYDAY,Doig,D,6.0,5.5,True,False
6,7UPEVERYDAY,Zambo Anguissa,C,7.5,10.5,True,False
6,7UPEVERYDAY,Zhegrova,C,,,False,False
6,7UPEVERYDAY,Zaniolo,C,6.5,6.5,True,False
6,7UPEVERYDAY,De Ketelaere,A,5.5,5.5,True,False
6,7UPEVERYDAY,Gimenez,A,5.5,5.5,True,False
6,7UPEVERYDAY,Bonny,A,5.5,5.5,True,False
6,7UPEVERYDAY,Terracciano,P,,,False,True
6,7UPEVERYDAY,De Gea,P,6.0,4.0,False,True
6,7UPEVERYDAY,Joao Mario,D,,,False,True
6,7UPEVERYDAY,Gutierrez,D,,,False,True
6,7UPEVERYDAY,Olivera,D,5.5,5.5,True,True
6,7UPEVERYDAY,Hien,D,6.0,6.0,False,True
6,7UPEVERYDAY,Oristanio,C,,,False,True
6,7UPEVERYDAY,Volpato,C,5.5,5.0,True,True
6,7UPEVERYDAY,El Shaarawy,C,,,False,True
6,7UPEVERYDAY,Stanciu,C,,,False,True
6,7UPEVERYDAY,Cremaschi,C,,,False,True
6,7UPEVERYDAY,Kean,A,7.0,10.0,False,True
6,7UPEVERYDAY,Vardy,A,7.0,9.5,False,True
6,7UPEVERYDAY,Esposito F.P.,A,5.5,5.5,False,True
6,ULTRAMENG,Butez,P,6.5,7.5,True,False
6,ULTRAMENG,Angelino,D,,,False,False
6,ULTRAMENG,N'Dicka,D,6.0,6.0,True,False
6,ULTRAMENG,Buongiorno,D,5.5,5.5,True,False
6,ULTRAMENG,Mina,D,,,False,False
6,ULTRAMENG,Neres,C,6.5,7.5,True,False
6,ULTRAMENG,Ferguson,C,5.5,5.5,True,False
6,ULTRAMENG,De Bruyne,C,7.0,9.0,True,False
6,ULTRAMENG,Saelemaekers,C,6.0,6.0,True,False
6,ULTRAMENG,Camarda,A,6.0,6.0,True,False
6,ULTRAMENG,Douvikas,A,6.0,6.0,True,False
6,ULTRAMENG,Vigorito,P,,,False,True
6,ULTRAMENG,Cavlina,P,,,False,True
6,ULTRAMENG,Celik,D,6.5,6.5,True,True
6,ULTRAMENG,Kalulu,D,6.0,6.0,True,True
6,ULTRAMENG,Kossounou,D,,,False,True
6,ULTRAMENG,Ghilardi,D,,,False,True
6,ULTRAMENG,Sottil,C,,,False,True
6,ULTRAMENG,Rowe,C,6.0,5.5,False,True
6,ULTRAMENG,Conceicao,C,6.0,6.0,False,True
6,ULTRAMENG,Jashari,C,,,False,True
6,ULTRAMENG,Nkunku,A,5.5,5.5,False,True
6,ULTRAMENG,Simeone,A,5.5,5.5,False,True
6,ULTRAMENG,Adams C.,A,5.5,5.5,False,True
6,ULTRAMENG,Lukaku,A,,,False,True
6,VRHELPME,Di Gregorio,P,,,False,False
6,VRHELPME,Vasquez,D,6.0,6.0,True,False
6,VRHELPME,Djimsiti,D,5.5,5.5,True,False
6,VRHELPME,Dimarco,D,6.0,6.0,True,False
6,VRHELPME,Gallo,D,5.5,5.5,True,False
6,VRHELPME,Modric,C,6.5,7.5,True,False
6,VRHELPME,Calhanoglu,C,7.0,9.0,True,False
6,VRHELPME,Fofana Y.,C,6.0,6.0,True,False
6,VRHELPME,Nzola,A,7.0,9.5,True,False
6,VRHELPME,Scamacca,A,6.0,5.5,True,False
6,VRHELPME,Berardi,A,5.5,5.5,True,False
6,VRHELPME,Perin,P,6.0,5.0,True,True
6,VRHELPME,Tavares N.,D,,,False,True
6,VRHELPME,Angori,D,,,False,True
6,VRHELPME,Lykogiannis,D,,,False,True
6,VRHELPME,Valeri,D,,,False,True
6,VRHELPME,Asllani,C,5.0,5.0,False,True
6,VRHELPME,Tete Morente,C,5.5,5.5,False,True
6,VRHELPME,Ndour,C,6.0,6.0,False,True
6,VRHELPME,Loftus-Cheek,C,,,False,True
6,VRHELPME,Vazquez,C,,,False,True
6,VRHELPME,Davis K.,A,7.0,9.5,False,True
6,VRHELPME,Gueye,A,,,False,True
6,VRHELPME,Castellanos,A,,,False,True
6,VRHELPME,Pinsoglio,P,,,False,True
6,KOKOMO,Provedel,P,6.0,7.0,True,False
6,KOKOMO,Tomori,D,,,False,False
6,KOKOMO,Pavlovic,D,6.0,6.0,True,False
6,KOKOMO,Mancini,D,6.5,6.0,True,False
6,KOKOMO,Baschirotto,D,6.5,6.5,True,False
6,KOKOMO,McTominay,C,7.0,11.0,True,False
6,KOKOMO,Barella,C,6.0,6.0,True,False
6,KOKOMO,Locatelli,C,6.0,5.5,True,False
6,KOKOMO,Odgaard,C,,,False,False
6,KOKOMO,Lookman,A,6.0,6.0,True,False
6,KOKOMO,Dybala,A,7.0,11.0,True,False
6,KOKOMO,Mandas,P,,,False,True
6,KOKOMO,Furlanetto,P,,,False,True
6,KOKOMO,Bisseck,D,,,False,True
6,KOKOMO,Biraghi,D,5.5,5.5,True,True
6,KOKOMO,Rugani,D,,,False,True
6,KOKOMO,Delprato,D,6.0,6.0,False,True
6,KOKOMO,Ederson D.S.,C,6.5,6.5,True,True
6,KOKOMO,Matic,C,5.5,5.5,False,True
6,KOKOMO,Miretti,C,,,False,True
6,KOKOMO,Vergara,C,,,False,True
6,KOKOMO,Piccoli,A,,,False,True
6,KOKOMO,Benedyczak,A,6.0,6.0,False,True
6,KOKOMO,Pavoletti,A,6.5,6.5,False,True
6,KOKOMO,Buffon L.,A,,,False,True
6,NI99ER NO.1,Milinkovic-Savic V.,P,6.5,5.5,True,False
6,NI99ER NO.1,Wesley,D,6.0,6.0,True,False
6,NI99ER NO.1,Heggem,D,6.0,6.0,True,False
6,NI99ER NO.1,Gabbia,D,5.5,5.5,True,False
6,NI99ER NO.1,Norton-Cuffy,D,6.0,6.0,True,False
6,NI99ER NO.1,Vandeputte,C,6.5,6.5,True,False
6,NI99ER NO.1,Casadei,C,5.5,5.0,True,False
6,NI99ER NO.1,Pasalic,C,5.5,5.5,True,False
6,NI99ER NO.1,Orban G.,A,6.5,9.5,True,False
6,NI99ER NO.1,David,A,5.0,5.0,True,False
6,NI99ER NO.1,Leao,A,7.0,10.0,True,False
6,NI99ER NO.1,Israel,P,,,False,True
6,NI99ER NO.1,Meret,P,,,False,True
6,NI99ER NO.1,Rensch,D,,,False,True
6,NI99ER NO.1,Cuadrado,D,7.0,9.0,False,True
6,NI99ER NO.1,Pezzella Giu.,D,,,False,True
6,NI99ER NO.1,Mkhitaryan,C,5.5,5.5,False,True
6,NI99ER NO.1,Tourè I.,C,6.0,6.0,False,True
6,NI99ER NO.1,Diouf,C,,,False,True
6,NI99ER NO.1,Giovane,A,7.0,9.0,False,True
6,NI99ER NO.1,Openda,A,6.0,6.0,False,True
6,NI99ER NO.1,Bremer,D,,,False,True
6,NI99ER NO.1,Rabiot,C,,,False,True
6,NI99ER NO.1,Stengs,C,,,False,True
6,NI99ER NO.1,Thuram,A,,,False,True
7,NI99ER NO.1,Milinkovic-Savic V.,P,7.0,10.0,True,False
7,NI99ER NO.1,Wesley,D,6.0,6.0,True,False
7,NI99ER NO.1,Rensch,D,5.5,5.5,True,False
7,NI99ER NO.1,Cuadrado,D,6.5,6.0,True,False
7,NI99ER NO.1,Norton-Cuffy,D,5.5,5.5,True,False
7,NI99ER NO.1,Vandeputte,C,7.0,8.0,True,False
7,NI99ER NO.1,Casadei,C,6.5,6.5,True,False
7,NI99ER NO.1,Pasalic,C,7.0,8.0,True,False
7,NI99ER NO.1,Orban G.,A,5.0,4.5,True,False
7,NI99ER NO.1,David,A,6.0,6.0,True,False
7,NI99ER NO.1,Leao,A,5.5,5.5,True,False
7,NI99ER NO.1,Israel,P,,,False,True
7,NI99ER NO.1,Meret,P,,,False,True
7,NI99ER NO.1,Heggem,D,,,False,True
7,NI99ER NO.1,Gabbia,D,6.0,5.5,False,True
7,NI99ER NO.1,Pezzella Giu.,D,,,False,True
7,NI99ER NO.1,Tourè I.,C,6.0,6.0,False,True
7,NI99ER NO.1,Diouf,C,,,False,True
7,NI99ER NO.1,Openda,A,6.0,6.0,False,True
7,NI99ER NO.1,Giovane,A,6.0,6.0,False,True
7,NI99ER NO.1,Bremer,D,,,False,True
7,NI99ER NO.1,Rabiot,C,,,False,True
7,NI99ER NO.1,Mkhitaryan,C,,,False,True
7,NI99ER NO.1,Stengs,C,,,False,True
7,NI99ER NO.1,Thuram,A,,,False,True
7,7UPEVERYDAY,Maignan,P,6.5,5.5,True,False
7,7UPEVERYDAY,Olivera,D,6.0,5.5,True,False
7,7UPEVERYDAY,Tsimikas,D,,,False,False
7,7UPEVERYDAY,Spinazzola,D,6.5,6.5,True,False
7,7UPEVERYDAY,Joao Mario,D,,,False,False
7,7UPEVERYDAY,Zambo Anguissa,C,7.0,11.0,True,False
7,7UPEVERYDAY,Cremaschi,C,,,False,False
7,7UPEVERYDAY,Zaniolo,C,7.0,10.0,True,False
7,7UPEVERYDAY,Vardy,A,6.0,6.0,True,False
7,7UPEVERYDAY,Gimenez,A,5.0,4.5,True,False
7,7UPEVERYDAY,Esposito F.P.,A,6.0,5.5,True,False
7,7UPEVERYDAY,Terracciano,P,,,False,True
7,7UPEVERYDAY,De Gea,P,7.5,4.5,False,True
7,7UPEVERYDAY,Doig,D,,,False,True
7,7UPEVERYDAY,Valle,D,6.5,7.5,True,True
7,7UPEVERYDAY,Gutierrez,D,,,False,True
7,7UPEVERYDAY,Hien,D,6.0,6.0,True,True
7,7UPEVERYDAY,Zhegrova,C,,,False,True
7,7UPEVERYDAY,Oristanio,C,,,False,True
7,7UPEVERYDAY,Volpato,C,7.0,8.0,True,True
7,7UPEVERYDAY,El Shaarawy,C,,,False,True
7,7UPEVERYDAY,Stanciu,C,,,False,True
7,7UPEVERYDAY,Kean,A,5.5,5.5,False,True
7,7UPEVERYDAY,De Ketelaere,A,6.0,6.0,False,True
7,7UPEVERYDAY,Bonny,A,6.5,6.5,False,True
7,VRHELPME,Di Gregorio,P,6.0,4.5,True,False
7,VRHELPME,Vasquez,D,6.0,6.0,True,False
7,VRHELPME,Lykogiannis,D,6.5,6.0,True,False
7,VRHELPME,Dimarco,D,6.5,6.5,True,False
7,VRHELPME,Tavares N.,D,,,False,False
7,VRHELPME,Modric,C,6.0,5.5,True,False
7,VRHELPME,Calhanoglu,C,8.0,14.0,True,False
7,VRHELPME,Fofana Y.,C,6.0,6.0,True,False
7,VRHELPME,Nzola,A,6.0,6.0,True,False
7,VRHELPME,Scamacca,A,,,False,False
7,VRHELPME,Berardi,A,,,False,False
7,VRHELPME,Perin,P,,,False,True
7,VRHELPME,Djimsiti,D,6.0,6.0,True,True
7,VRHELPME,Angori,D,6.5,6.5,False,True
7,VRHELPME,Gallo,D,6.0,6.0,False,True
7,VRHELPME,Valeri,D,,,False,True
7,VRHELPME,Asllani,C,,,False,True
7,VRHELPME,Tete Morente,C,5.5,5.5,False,True
7,VRHELPME,Ndour,C,5.5,5.5,False,True
7,VRHELPME,Loftus-Cheek,C,6.0,6.0,False,True
7,VRHELPME,Vazquez,C,6.0,6.0,False,True
7,VRHELPME,Davis K.,A,5.5,5.5,True,True
7,VRHELPME,Gueye,A,,,False,True
7,VRHELPME,Castellanos,A,,,False,True
7,VRHELPME,Pinsoglio,P,,,False,True
7,SIR CROCODILE,Svilar,P,7.0,6.0,True,False
7,SIR CROCODILE,Terracciano F.,D,6.5,6.5,True,False
7,SIR CROCODILE,Solet,D,6.0,6.0,True,False
7,SIR CROCODILE,Bastoni,D,6.5,6.5,True,False
7,SIR CROCODILE,Ranieri L.,D,,,False,False
7,SIR CROCODILE,Da Cunha,C,6.5,6.5,True,False
7,SIR CROCODILE,Thuram K.,C,,,False,False
7,SIR CROCODILE,Cristante,C,6.5,6.5,True,False
7,SIR CROCODILE,Rodriguez Je.,A,6.5,7.5,True,False
7,SIR CROCODILE,Castro S.,A,5.5,5.5,True,False
7,SIR CROCODILE,Pinamonti,A,7.0,11.0,True,False
7,SIR CROCODILE,Gollini,P,,,False,True
7,SIR CROCODILE,Leali,P,6.0,3.5,False,True
7,SIR CROCODILE,Bellanova,D,6.0,6.0,True,True
7,SIR CROCODILE,Dodò,D,5.5,5.5,False,True
7,SIR CROCODILE,Zortea,D,6.0,6.0,False,True
7,SIR CROCODILE,Kristensen T.,D,,,False,True
7,SIR CROCODILE,Zalewski,C,,,False,True
7,SIR CROCODILE,Mandragora,C,5.5,5.5,True,True
7,SIR CROCODILE,Frattesi,C,,,False,True
7,SIR CROCODILE,Pisilli,C,,,False,True
7,SIR CROCODILE,Rovella,C,,,False,True
7,SIR CROCODILE,Lucca,A,5.5,5.5,False,True
7,SIR CROCODILE,Esposito Se.,A,7.0,10.0,False,True
7,SIR CROCODILE,Kilicsoy,A,,,False,True
7,ROMAZDA,Skorupski,P,6.0,7.0,True,False
7,ROMAZDA,Cambiaso,D,6.5,7.5,True,False
7,ROMAZDA,Carlos Augusto,D,,,False,False
7,ROMAZDA,Gatti,D,7.0,11.0,True,False
7,ROMAZDA,Akanji,D,7.0,7.0,True,False
7,ROMAZDA,Dumfries,D,6.0,6.0,True,False
7,ROMAZDA,Zaccagni,C,6.0,6.0,True,False
7,ROMAZDA,Gudmundsson A.,C,5.5,5.5,True,False
7,ROMAZDA,Vlasic,C,6.0,6.0,True,False
7,ROMAZDA,Yildiz,A,7.0,9.0,True,False
7,ROMAZDA,Dovbyk,A,7.0,11.0,True,False
7,ROMAZDA,Krstovic,A,,,False,True
7,ROMAZDA,Ferguson E.,A,,,False,True
7,ROMAZDA,Bravo,A,,,False,True
7,ROMAZDA,Sanabria,A,,,False,True
7,ROMAZDA,Thorstvedt,C,6.0,5.5,False,True
7,ROMAZDA,Folorunsho,C,5.5,5.0,False,True
7,ROMAZDA,Carboni V.,C,5.5,5.0,False,True
7,ROMAZDA,Tramoni M.,C,5.5,5.5,False,True
7,ROMAZDA,Pierotti,C,5.5,5.5,False,True
7,ROMAZDA,Floriani Mussolini,D,6.0,6.0,True,True
7,ROMAZDA,Zanoli,D,6.0,6.0,False,True
7,ROMAZDA,Martin,D,6.0,6.0,False,True
7,ROMAZDA,Martinez Jo.,P,,,False,True
7,ROMAZDA,Ravaglia F.,P,,,False,True
7,KOKOMO,Provedel,P,6.5,7.5,True,False
7,KOKOMO,Tomori,D,5.5,5.5,True,False
7,KOKOMO,Pavlovic,D,6.0,6.0,True,False
7,KOKOMO,Mancini,D,6.5,6.5,True,False
7,KOKOMO,Baschirotto,D,6.5,6.5,True,False
7,KOKOMO,McTominay,C,6.0,6.0,True,False
7,KOKOMO,Barella,C,6.5,7.5,True,False
7,KOKOMO,Locatelli,C,6.0,6.0,True,False
7,KOKOMO,Odgaard,C,5.5,5.0,True,False
7,KOKOMO,Lookman,A,7.0,11.0,True,False
7,KOKOMO,Dybala,A,6.5,7.5,True,False
7,KOKOMO,Mandas,P,,,False,True
7,KOKOMO,Furlanetto,P,,,False,True
7,KOKOMO,Bisseck,D,6.5,6.5,False,True
7,KOKOMO,Biraghi,D,,,False,True
7,KOKOMO,Rugani,D,,,False,True
7,KOKOMO,Delprato,D,5.5,5.0,False,True
7,KOKOMO,Ederson D.S.,C,6.0,6.0,False,True
7,KOKOMO,Matic,C,6.5,6.5,False,True
7,KOKOMO,Miretti,C,,,False,True
7,KOKOMO,Vergara,C,,,False,True
7,KOKOMO,Piccoli,A,,,False,True
7,KOKOMO,Benedyczak,A,6.5,7.5,False,True
7,KOKOMO,Pavoletti,A,6.0,6.0,False,True
7,KOKOMO,Buffon L.,A,,,False,True
7,XIAOYEZI,Carnesecchi,P,6.0,5.0,True,False
7,XIAOYEZI,Coco,D,7.0,7.0,True,False
7,XIAOYEZI,Gosens,D,6.0,6.0,True,False
7,XIAOYEZI,Vojvoda,D,7.0,10.0,True,False
7,XIAOYEZI,Pobega,C,,,False,False
7,XIAOYEZI,Isaksen,C,5.5,5.5,True,False
7,XIAOYEZI,Frendrup,C,5.5,5.5,True,False
7,XIAOYEZI,Zerbin,C,,,False,False
7,XIAOYEZI,Lang,A,6.5,6.5,True,False
7,XIAOYEZI,Pellegrino M.,A,6.0,5.5,True,False
7,XIAOYEZI,Hojlund,A,5.5,5.5,True,False
7,XIAOYEZI,Ramon,D,6.5,6.5,False,True
7,XIAOYEZI,Marusic,D,6.0,6.0,False,True
7,XIAOYEZI,Lazzari,D,6.0,6.0,False,True
7,XIAOYEZI,Scalvini,D,,,False,True
7,XIAOYEZI,Palma,D,,,False,True
7,XIAOYEZI,Fazzini,C,5.5,5.5,True,True
7,XIAOYEZI,Pulisic,C,,,False,True
7,XIAOYEZI,Serdar,C,7.0,10.0,True,True
7,XIAOYEZI,Cutrone,A,5.5,5.5,False,True
7,XIAOYEZI,Pedro,A,5.5,5.0,False,True
7,XIAOYEZI,Rossi F.,P,,,False,True
7,XIAOYEZI,Sportiello,P,,,False,True
7,XIAOYEZI,Morata,A,,,False,True
7,XIAOYEZI,Maldini,C,,,False,True
7,TEAM HANQI,Falcone,P,6.0,5.0,True,False
7,TEAM HANQI,Beukema,D,,,False,False
7,TEAM HANQI,Luperto,D,,,False,False
7,TEAM HANQI,Vitik,D,5.5,5.5,True,False
7,TEAM HANQI,Di Lorenzo,D,6.0,6.0,True,False
7,TEAM HANQI,Pellegrini Lo.,C,,,False,False
7,TEAM HANQI,Koopmeiners,C,,,False,False
7,TEAM HANQI,Paz N.,C,6.0,5.5,True,False
7,TEAM HANQI,Orsolini,C,5.5,5.5,True,False
7,TEAM HANQI,Dia,A,5.5,5.5,True,False
7,TEAM HANQI,Vlahovic,A,7.0,9.0,True,False
7,TEAM HANQI,Semper,P,6.5,7.5,False,True
7,TEAM HANQI,De Winter,D,,,False,True
7,TEAM HANQI,Ziolkowski,D,,,False,True
7,TEAM HANQI,Caqueret,C,6.0,7.0,True,True
7,TEAM HANQI,Baturina,C,,,False,True
7,TEAM HANQI,El Aynaoui,C,6.0,6.0,True,True
7,TEAM HANQI,Adzic,C,,,False,True
7,TEAM HANQI,Diao,A,5.5,5.5,False,True
7,TEAM HANQI,Bonazzoli,A,8.0,15.0,False,True
7,TEAM HANQI,Zapata D.,A,,,False,True
7,ULTRAMENG,Butez,P,5.5,4.5,True,False
7,ULTRAMENG,Angelino,D,,,False,False
7,ULTRAMENG,N'Dicka,D,6.0,6.0,True,False
7,ULTRAMENG,Buongiorno,D,6.5,6.5,True,False
7,ULTRAMENG,Mina,D,,,False,False
7,ULTRAMENG,Neres,C,7.0,8.0,True,False
7,ULTRAMENG,Ferguson,C,6.0,6.0,True,False
7,ULTRAMENG,De Bruyne,C,,,False,False
7,ULTRAMENG,Saelemaekers,C,5.5,5.5,True,False
7,ULTRAMENG,Camarda,A,5.0,3.0,True,False
7,ULTRAMENG,Douvikas,A,7.0,10.0,True,False
7,ULTRAMENG,Vigorito,P,,,False,True
7,ULTRAMENG,Cavlina,P,,,False,True
7,ULTRAMENG,Celik,D,6.5,6.5,True,True
7,ULTRAMENG,Kalulu,D,6.5,6.5,True,True
7,ULTRAMENG,Kossounou,D,6.0,6.0,False,True
7,ULTRAMENG,Ghilardi,D,,,False,True
7,ULTRAMENG,Sottil,C,,,False,True
7,ULTRAMENG,Rowe,C,,,False,True
7,ULTRAMENG,Conceicao,C,,,False,True
7,ULTRAMENG,Jashari,C,,,False,True
7,ULTRAMENG,Nkunku,A,5.5,5.5,False,True
7,ULTRAMENG,Simeone,A,5.5,5.5,False,True
7,ULTRAMENG,Adams C.,A,5.5,5.5,False,True
7,ULTRAMENG,Lukaku,A,,,False,True
7,TEAM ZTOTTI,Caprile,P,6.0,3.5,True,False
7,TEAM ZTOTTI,Palestra,D,6.5,6.5,True,False
7,TEAM ZTOTTI,Acerbi,D,,,False,False
7,TEAM ZTOTTI,Miranda J.,D,,,False,False
7,TEAM ZTOTTI,Konè M.,C,7.0,7.0,True,False
7,TEAM ZTOTTI,Sucic P.,C,7.0,10.0,True,False
7,TEAM ZTOTTI,Atta,C,6.0,6.0,True,False
7,TEAM ZTOTTI,Politano,C,5.5,5.5,True,False
7,TEAM ZTOTTI,Cambiaghi,A,5.5,5.5,True,False
7,TEAM ZTOTTI,Martinez L.,A,6.0,7.0,True,False
7,TEAM ZTOTTI,Soulè,A,6.0,6.0,True,False
7,TEAM ZTOTTI,Sommer,P,6.0,7.0,False,True
7,TEAM ZTOTTI,Bertola,D,,,False,True
7,TEAM ZTOTTI,Lovik,D,,,False,True
7,TEAM ZTOTTI,Hermoso,D,7.0,10.0,True,True
7,TEAM ZTOTTI,Posch,D,7.0,11.0,True,True
7,TEAM ZTOTTI,Bernabè,C,5.0,5.0,False,True
7,TEAM ZTOTTI,Bailey,C,5.5,5.5,False,True
7,TEAM ZTOTTI,Miller L.,C,6.0,5.5,False,True
7,TEAM ZTOTTI,Gronbaek,C,,,False,True
7,TEAM ZTOTTI,Colombo,A,5.5,5.5,False,True
7,TEAM ZTOTTI,Meister,A,,,False,True
7,TEAM ZTOTTI,Stulic,A,5.5,5.5,False,True
8,NI99ER NO.1,Milinkovic-Savic V.,P,7.0,10.0,True,False
8,NI99ER NO.1,Wesley,D,6.0,5.5,True,False
8,NI99ER NO.1,Gabbia,D,6.5,6.5,True,False
8,NI99ER NO.1,Heggem,D,6.0,6.0,True,False
8,NI99ER NO.1,Cuadrado,D,,,False,False
8,NI99ER NO.1,Vandeputte,C,6.0,6.0,True,False
8,NI99ER NO.1,Casadei,C,5.5,5.0,True,False
8,NI99ER NO.1,Pasalic,C,5.5,5.5,True,False
8,NI99ER NO.1,David,A,,,False,False
8,NI99ER NO.1,Thuram,A,,,False,False
8,NI99ER NO.1,Leao,A,6.5,7.5,True,False
8,NI99ER NO.1,Norton-Cuffy,D,7.0,7.0,True,True
8,NI99ER NO.1,Rensch,D,,,False,True
8,NI99ER NO.1,Tourè I.,C,6.0,6.0,False,True
8,NI99ER NO.1,Diouf,C,,,False,True
8,NI99ER NO.1,Openda,A,6.0,6.0,True,True
8,NI99ER NO.1,Giovane,A,7.0,10.0,True,True
8,NI99ER NO.1,Orban G.,A,6.0,6.5,False,True
8,NI99ER NO.1,Pezzella Giu.,D,,,False,True
8,NI99ER NO.1,Bremer,D,,,False,True
8,NI99ER NO.1,Rabiot,C,,,False,True
8,NI99ER NO.1,Mkhitaryan,C,,,False,True
8,NI99ER NO.1,Stengs,C,,,False,True
8,NI99ER NO.1,Meret,P,,,False,True
8,NI99ER NO.1,Israel,P,,,False,True
8,TEAM ZTOTTI,Sommer,P,5.5,4.5,True,False
8,TEAM ZTOTTI,Miranda J.,D,7.0,10.0,True,False
8,TEAM ZTOTTI,Hermoso,D,6.5,6.0,True,False
8,TEAM ZTOTTI,Palestra,D,6.0,6.0,True,False
8,TEAM ZTOTTI,Sucic P.,C,5.5,5.5,True,False
8,TEAM ZTOTTI,Atta,C,7.0,7.0,True,False
8,TEAM ZTOTTI,Konè M.,C,6.0,6.0,True,False
8,TEAM ZTOTTI,Politano,C,5.5,5.0,True,False
8,TEAM ZTOTTI,Cambiaghi,A,6.5,7.0,True,False
8,TEAM ZTOTTI,Martinez L.,A,5.5,5.5,True,False
8,TEAM ZTOTTI,Soulè,A,6.0,6.0,True,False
8,TEAM ZTOTTI,Caprile,P,6.5,4.5,False,True
8,TEAM ZTOTTI,Posch,D,6.0,6.0,False,True
8,TEAM ZTOTTI,Acerbi,D,,,False,True
8,TEAM ZTOTTI,Bertola,D,6.5,6.5,False,True
8,TEAM ZTOTTI,Estupinan,D,,,False,True
8,TEAM ZTOTTI,Lovik,D,,,False,True
8,TEAM ZTOTTI,Bailey,C,5.5,5.5,False,True
8,TEAM ZTOTTI,Bernabè,C,7.0,10.0,False,True
8,TEAM ZTOTTI,Miller L.,C,,,False,True
8,TEAM ZTOTTI,Gronbaek,C,,,False,True
8,TEAM ZTOTTI,Stulic,A,6.0,6.0,False,True
8,TEAM ZTOTTI,Colombo,A,5.0,5.0,False,True
8,TEAM ZTOTTI,Meister,A,5.5,5.5,False,True
8,7UPEVERYDAY,Maignan,P,7.0,10.0,True,False
8,7UPEVERYDAY,Olivera,D,,,False,False
8,7UPEVERYDAY,Tsimikas,D,,,False,False
8,7UPEVERYDAY,Spinazzola,D,5.5,5.5,True,False
8,7UPEVERYDAY,Joao Mario,D,,,False,False
8,7UPEVERYDAY,Zambo Anguissa,C,6.0,5.5,True,False
8,7UPEVERYDAY,Cremaschi,C,,,False,False
8,7UPEVERYDAY,Zaniolo,C,7.0,11.0,True,False
8,7UPEVERYDAY,Vardy,A,7.0,10.0,True,False
8,7UPEVERYDAY,Gimenez,A,,,False,False
8,7UPEVERYDAY,Esposito F.P.,A,6.0,6.0,True,False
8,7UPEVERYDAY,Terracciano,P,,,False,True
8,7UPEVERYDAY,De Gea,P,6.0,5.0,False,True
8,7UPEVERYDAY,Doig,D,5.5,5.5,True,True
8,7UPEVERYDAY,Valle,D,6.0,6.0,True,True
8,7UPEVERYDAY,Gutierrez,D,6.0,6.0,True,True
8,7UPEVERYDAY,Hien,D,5.5,5.5,False,True
8,7UPEVERYDAY,Zhegrova,C,,,False,True
8,7UPEVERYDAY,Oristanio,C,,,False,True
8,7UPEVERYDAY,Volpato,C,,,False,True
8,7UPEVERYDAY,El Shaarawy,C,,,False,True
8,7UPEVERYDAY,Stanciu,C,,,False,True
8,7UPEVERYDAY,Kean,A,5.0,4.5,True,True
8,7UPEVERYDAY,De Ketelaere,A,5.5,5.0,False,True
8,7UPEVERYDAY,Bonny,A,5.5,5.5,False,True
8,ROMAZDA,Skorupski,P,6.0,5.0,True,False
8,ROMAZDA,Cambiaso,D,7.0,11.0,True,False
8,ROMAZDA,Carlos Augusto,D,6.0,6.0,True,False
8,ROMAZDA,Gatti,D,5.0,5.0,True,False
8,ROMAZDA,Akanji,D,6.0,6.0,True,False
8,ROMAZDA,Dumfries,D,6.0,6.0,True,False
8,ROMAZDA,Zaccagni,C,7.0,10.0,True,False
8,ROMAZDA,Gudmundsson A.,C,5.5,5.5,True,False
8,ROMAZDA,Thorstvedt,C,6.5,6.5,True,False
8,ROMAZDA,Vlasic,C,5.5,5.5,True,False
8,ROMAZDA,Krstovic,A,5.0,4.5,True,False
8,ROMAZDA,Dovbyk,A,5.5,5.5,False,True
8,ROMAZDA,Yildiz,A,,,False,True
8,ROMAZDA,Ferguson E.,A,,,False,True
8,ROMAZDA,Sanabria,A,,,False,True
8,ROMAZDA,Bravo,A,,,False,True
8,ROMAZDA,Carboni V.,C,,,False,True
8,ROMAZDA,Folorunsho,C,6.0,6.0,False,True
8,ROMAZDA,Pierotti,C,6.0,6.0,False,True
8,ROMAZDA,Tramoni M.,C,,,False,True
8,ROMAZDA,Zanoli,D,6.5,6.5,False,True
8,ROMAZDA,Martin,D,6.5,7.5,False,True
8,ROMAZDA,Floriani Mussolini,D,5.5,5.5,False,True
8,ROMAZDA,Martinez Jo.,P,,,False,True
8,ROMAZDA,Ravaglia F.,P,,,False,True
8,TEAM HANQI,Falcone,P,7.0,8.0,True,False
8,TEAM HANQI,Rrahmani,D,6.5,6.5,True,False
8,TEAM HANQI,Luperto,D,5.0,5.0,True,False
8,TEAM HANQI,De Winter,D,5.5,5.5,True,False
8,TEAM HANQI,Di Lorenzo,D,5.5,5.5,True,False
8,TEAM HANQI,Pellegrini Lo.,C,6.0,6.0,True,False
8,TEAM HANQI,Paz N.,C,5.5,5.5,True,False
8,TEAM HANQI,Orsolini,C,6.0,6.0,True,False
8,TEAM HANQI,Bonazzoli,A,5.5,5.5,True,False
8,TEAM HANQI,Vlahovic,A,6.5,6.5,True,False
8,TEAM HANQI,Dia,A,5.0,5.0,True,False
8,TEAM HANQI,Semper,P,6.5,4.5,False,True
8,TEAM HANQI,Beukema,D,,,False,True
8,TEAM HANQI,Ziolkowski,D,,,False,True
8,TEAM HANQI,Vitik,D,,,False,True
8,TEAM HANQI,Koopmeiners,C,6.0,6.0,False,True
8,TEAM HANQI,Caqueret,C,6.5,6.5,False,True
8,TEAM HANQI,El Aynaoui,C,6.0,5.5,False,True
8,TEAM HANQI,Baturina,C,,,False,True
8,TEAM HANQI,Adzic,C,,,False,True
8,TEAM HANQI,Diao,A,6.5,6.5,False,True
8,TEAM HANQI,Zapata D.,A,5.5,5.5,False,True
8,VRHELPME,Di Gregorio,P,6.0,5.0,True,False
8,VRHELPME,Vasquez,D,6.5,6.5,True,False
8,VRHELPME,Lykogiannis,D,,,False,False
8,VRHELPME,Djimsiti,D,6.0,6.0,True,False
8,VRHELPME,Dimarco,D,6.0,6.0,True,False
8,VRHELPME,Loftus-Cheek,C,,,False,False
8,VRHELPME,Calhanoglu,C,7.0,8.0,True,False
8,VRHELPME,Modric,C,6.5,6.5,True,False
8,VRHELPME,Fofana Y.,C,5.5,5.0,True,False
8,VRHELPME,Nzola,A,6.0,6.0,True,False
8,VRHELPME,Scamacca,A,5.5,5.5,True,False
8,VRHELPME,Perin,P,,,False,True
8,VRHELPME,Angori,D,6.0,6.0,True,True
8,VRHELPME,Gallo,D,6.5,6.5,False,True
8,VRHELPME,Tavares N.,D,,,False,True
8,VRHELPME,Valeri,D,,,False,True
8,VRHELPME,Asllani,C,,,False,True
8,VRHELPME,Tete Morente,C,6.5,7.5,True,True
8,VRHELPME,Ndour,C,4.5,4.5,False,True
8,VRHELPME,Vazquez,C,6.5,6.5,False,True
8,VRHELPME,Berardi,A,7.0,10.0,False,True
8,VRHELPME,Davis K.,A,,,False,True
8,VRHELPME,Castellanos,A,,,False,True
8,VRHELPME,Gueye,A,,,False,True
8,VRHELPME,Pinsoglio,P,,,False,True
8,SIR CROCODILE,Svilar,P,7.0,6.0,True,False
8,SIR CROCODILE,Dodò,D,5.5,5.5,True,False
8,SIR CROCODILE,Solet,D,6.5,6.5,True,False
8,SIR CROCODILE,Bastoni,D,5.5,5.5,True,False
8,SIR CROCODILE,Ranieri L.,D,5.0,4.5,True,False
8,SIR CROCODILE,Da Cunha,C,6.0,6.0,True,False
8,SIR CROCODILE,Mandragora,C,5.0,5.0,True,False
8,SIR CROCODILE,Cristante,C,6.0,6.0,True,False
8,SIR CROCODILE,Castro S.,A,7.5,14.0,True,False
8,SIR CROCODILE,Esposito Se.,A,5.5,5.5,True,False
8,SIR CROCODILE,Pinamonti,A,5.5,5.5,True,False
8,SIR CROCODILE,Gollini,P,,,False,True
8,SIR CROCODILE,Leali,P,6.0,5.0,False,True
8,SIR CROCODILE,Bellanova,D,6.0,6.0,False,True
8,SIR CROCODILE,Zortea,D,,,False,True
8,SIR CROCODILE,Terracciano F.,D,5.0,5.0,False,True
8,SIR CROCODILE,Kristensen T.,D,,,False,True
8,SIR CROCODILE,Zalewski,C,5.0,5.0,False,True
8,SIR CROCODILE,Thuram K.,C,6.0,6.0,False,True
8,SIR CROCODILE,Frattesi,C,,,False,True
8,SIR CROCODILE,Pisilli,C,,,False,True
8,SIR CROCODILE,Rovella,C,,,False,True
8,SIR CROCODILE,Rodriguez Je.,A,,,False,True
8,SIR CROCODILE,Lucca,A,,,False,True
8,SIR CROCODILE,Kilicsoy,A,6.0,6.0,False,True
8,ULTRAMENG,Butez,P,6.0,7.0,True,False
8,ULTRAMENG,Angelino,D,,,False,False
8,ULTRAMENG,N'Dicka,D,5.5,5.5,True,False
8,ULTRAMENG,Buongiorno,D,6.0,6.0,True,False
8,ULTRAMENG,Mina,D,5.5,5.5,True,False
8,ULTRAMENG,Neres,C,5.5,5.5,True,False
8,ULTRAMENG,Ferguson,C,,,False,False
8,ULTRAMENG,De Bruyne,C,,,False,False
8,ULTRAMENG,Saelemaekers,C,6.5,6.5,True,False
8,ULTRAMENG,Camarda,A,,,False,False
8,ULTRAMENG,Douvikas,A,,,False,False
8,ULTRAMENG,Vigorito,P,,,False,True
8,ULTRAMENG,Cavlina,P,,,False,True
8,ULTRAMENG,Celik,D,6.0,5.5,True,True
8,ULTRAMENG,Kalulu,D,6.5,6.5,False,True
8,ULTRAMENG,Kossounou,D,6.0,6.0,False,True
8,ULTRAMENG,Ghilardi,D,,,False,True
8,ULTRAMENG,Sottil,C,,,False,True
8,ULTRAMENG,Rowe,C,6.5,6.5,True,True
8,ULTRAMENG,Conceicao,C,6.0,6.0,True,True
8,ULTRAMENG,Jashari,C,,,False,True
8,ULTRAMENG,Nkunku,A,5.5,5.5,True,True
8,ULTRAMENG,Simeone,A,6.5,9.5,True,True
8,ULTRAMENG,Adams C.,A,7.0,11.0,False,True
8,ULTRAMENG,Lukaku,A,,,False,True
8,KOKOMO,Provedel,P,6.0,7.0,True,False
8,KOKOMO,Tomori,D,,,False,False
8,KOKOMO,Pavlovic,D,7.5,11.5,True,False
8,KOKOMO,Mancini,D,5.5,5.0,True,False
8,KOKOMO,Baschirotto,D,5.5,5.5,True,False
8,KOKOMO,McTominay,C,6.5,6.5,True,False
8,KOKOMO,Barella,C,6.5,6.5,True,False
8,KOKOMO,Locatelli,C,7.0,7.0,True,False
8,KOKOMO,Odgaard,C,6.0,6.0,True,False
8,KOKOMO,Lookman,A,5.5,5.5,True,False
8,KOKOMO,Dybala,A,5.0,3.0,True,False
8,KOKOMO,Mandas,P,,,False,True
8,KOKOMO,Furlanetto,P,,,False,True
8,KOKOMO,Bisseck,D,6.0,5.5,True,True
8,KOKOMO,Biraghi,D,6.0,6.0,False,True
8,KOKOMO,Rugani,D,,,False,True
8,KOKOMO,Delprato,D,5.5,5.5,False,True
8,KOKOMO,Ederson D.S.,C,5.5,5.0,False,True
8,KOKOMO,Matic,C,6.5,6.5,False,True
8,KOKOMO,Miretti,C,,,False,True
8,KOKOMO,Vergara,C,,,False,True
8,KOKOMO,Piccoli,A,5.0,5.0,False,True
8,KOKOMO,Benedyczak,A,6.0,6.0,False,True
8,KOKOMO,Pavoletti,A,,,False,True
8,KOKOMO,Buffon L.,A,,,False,True
8,XIAOYEZI,Carnesecchi,P,6.5,5.5,True,False
8,XIAOYEZI,Ramon,D,6.5,6.5,True,False
8,XIAOYEZI,Coco,D,6.0,6.0,True,False
8,XIAOYEZI,Vojvoda,D,,,False,False
8,XIAOYEZI,Marusic,D,6.5,6.5,True,False
8,XIAOYEZI,Isaksen,C,7.0,11.0,True,False
8,XIAOYEZI,Fazzini,C,5.5,5.5,True,False
8,XIAOYEZI,Frendrup,C,6.0,6.0,True,False
8,XIAOYEZI,Pellegrino M.,A,6.0,6.0,True,False
8,XIAOYEZI,Cutrone,A,5.5,5.5,True,False
8,XIAOYEZI,Hojlund,A,5.5,5.5,True,False
8,XIAOYEZI,Gosens,D,,,False,True
8,XIAOYEZI,Lazzari,D,6.0,6.0,True,True
8,XIAOYEZI,Scalvini,D,,,False,True
8,XIAOYEZI,Palma,D,6.5,6.5,False,True
8,XIAOYEZI,Pulisic,C,,,False,True
8,XIAOYEZI,Pobega,C,6.5,6.5,False,True
8,XIAOYEZI,Zerbin,C,,,False,True
8,XIAOYEZI,Serdar,C,,,False,True
8,XIAOYEZI,Pedro,A,,,False,True
8,XIAOYEZI,Rossi F.,P,,,False,True
8,XIAOYEZI,Sportiello,P,,,False,True
8,XIAOYEZI,Morata,A,5.0,3.0,False,True
8,XIAOYEZI,Maldini,C,,,False,True
8,XIAOYEZI,Lang,A,6.0,6.0,False,True
9,VRHELPME,Di Gregorio,P,6.5,7.5,True,False
9,VRHELPME,Gallo,D,7.0,7.0,True,False
9,VRHELPME,Vasquez,D,5.5,5.5,True,False
9,VRHELPME,Djimsiti,D,5.0,5.0,True,False
9,VRHELPME,Dimarco,D,7.0,8.0,True,False
9,VRHELPME,Fofana Y.,C,5.0,5.0,True,False
9,VRHELPME,Calhanoglu,C,6.5,6.5,True,False
9,VRHELPME,Modric,C,6.0,5.5,True,False
9,VRHELPME,Tete Morente,C,5.0,5.0,True,False
9,VRHELPME,Berardi,A,8.5,15.5,True,False
9,VRHELPME,Nzola,A,6.0,6.0,True,False
9,VRHELPME,Perin,P,,,False,True
9,VRHELPME,Lykogiannis,D,,,False,True
9,VRHELPME,Angori,D,,,False,True
9,VRHELPME,Tavares N.,D,,,False,True
9,VRHELPME,Valeri,D,6.0,6.0,False,True
9,VRHELPME,Loftus-Cheek,C,6.0,6.0,False,True
9,VRHELPME,Vazquez,C,6.5,6.5,False,True
9,VRHELPME,Asllani,C,6.0,5.5,False,True
9,VRHELPME,Ndour,C,6.0,6.0,False,True
9,VRHELPME,Scamacca,A,5.5,5.5,False,True
9,VRHELPME,Davis K.,A,6.0,6.0,False,True
9,VRHELPME,Castellanos,A,,,False,True
9,VRHELPME,Gueye,A,,,False,True
9,VRHELPME,Pinsoglio,P,,,False,True
9,KOKOMO,Provedel,P,6.0,4.0,True,False
9,KOKOMO,Tomori,D,,,False,False
9,KOKOMO,Pavlovic,D,5.5,5.5,True,False
9,KOKOMO,Mancini,D,6.5,7.5,True,False
9,KOKOMO,Baschirotto,D,5.5,5.5,True,False
9,KOKOMO,McTominay,C,5.5,5.5,True,False
9,KOKOMO,Barella,C,6.5,6.5,True,False
9,KOKOMO,Locatelli,C,6.0,6.0,True,False
9,KOKOMO,Odgaard,C,6.0,6.0,True,False
9,KOKOMO,Lookman,A,5.0,5.0,True,False
9,KOKOMO,Piccoli,A,7.0,10.0,True,False
9,KOKOMO,Mandas,P,,,False,True
9,KOKOMO,Furlanetto,P,,,False,True
9,KOKOMO,Bisseck,D,,,False,True
9,KOKOMO,Biraghi,D,,,False,True
9,KOKOMO,Rugani,D,6.0,6.0,True,True
9,KOKOMO,Delprato,D,7.5,11.5,False,True
9,KOKOMO,Ederson D.S.,C,5.5,5.5,False,True
9,KOKOMO,Matic,C,7.0,7.0,False,True
9,KOKOMO,Miretti,C,,,False,True
9,KOKOMO,Vergara,C,,,False,True
9,KOKOMO,Dybala,A,,,False,True
9,KOKOMO,Benedyczak,A,,,False,True
9,KOKOMO,Pavoletti,A,,,False,True
9,KOKOMO,Buffon L.,A,,,False,True
9,ROMAZDA,Martinez Jo.,P,,,False,False
9,ROMAZDA,Cambiaso,D,5.5,5.5,True,False
9,ROMAZDA,Carlos Augusto,D,6.5,6.5,True,False
9,ROMAZDA,Gatti,D,6.0,6.0,True,False
9,ROMAZDA,Akanji,D,6.0,5.5,True,False
9,ROMAZDA,Dumfries,D,5.5,5.0,True,False
9,ROMAZDA,Zaccagni,C,6.5,6.0,True,False
9,ROMAZDA,Gudmundsson A.,C,7.0,9.0,True,False
9,ROMAZDA,Carboni V.,C,6.0,6.0,True,False
9,ROMAZDA,Yildiz,A,6.0,6.0,True,False
9,ROMAZDA,Dovbyk,A,6.0,6.0,True,False
9,ROMAZDA,Krstovic,A,5.0,5.0,False,True
9,ROMAZDA,Ferguson E.,A,,,False,True
9,ROMAZDA,Sanabria,A,,,False,True
9,ROMAZDA,Bravo,A,,,False,True
9,ROMAZDA,Thorstvedt,C,6.5,7.5,False,True
9,ROMAZDA,Vlasic,C,6.0,6.0,False,True
9,ROMAZDA,Folorunsho,C,5.5,5.5,False,True
9,ROMAZDA,Pierotti,C,5.5,5.5,False,True
9,ROMAZDA,Tramoni M.,C,6.5,7.5,False,True
9,ROMAZDA,Martin,D,6.5,7.0,False,True
9,ROMAZDA,Floriani Mussolini,D,6.0,6.0,False,True
9,ROMAZDA,Zanoli,D,5.5,5.5,False,True
9,ROMAZDA,Skorupski,P,,,False,True
9,ROMAZDA,Ravaglia F.,P,,,False,True
9,NI99ER NO.1,Milinkovic-Savic V.,P,5.5,3.5,True,False
9,NI99ER NO.1,Wesley,D,6.0,6.0,True,False
9,NI99ER NO.1,Gabbia,D,6.0,6.0,True,False
9,NI99ER NO.1,Norton-Cuffy,D,6.0,6.0,True,False
9,NI99ER NO.1,Cuadrado,D,6.0,6.0,True,False
9,NI99ER NO.1,Vandeputte,C,6.5,6.5,True,False
9,NI99ER NO.1,Pasalic,C,4.5,4.5,True,False
9,NI99ER NO.1,Tourè I.,C,7.0,11.0,True,False
9,NI99ER NO.1,Openda,A,,,False,False
9,NI99ER NO.1,Thuram,A,6.0,6.0,True,False
9,NI99ER NO.1,Leao,A,7.0,9.0,True,False
9,NI99ER NO.1,Rensch,D,,,False,True
9,NI99ER NO.1,Heggem,D,6.5,6.5,False,True
9,NI99ER NO.1,Casadei,C,6.0,6.0,False,True
9,NI99ER NO.1,Diouf,C,,,False,True
9,NI99ER NO.1,David,A,5.5,5.5,True,True
9,NI99ER NO.1,Giovane,A,5.5,5.5,False,True
9,NI99ER NO.1,Orban G.,A,6.0,6.0,False,True
9,NI99ER NO.1,Pezzella Giu.,D,,,False,True
9,NI99ER NO.1,Bremer,D,,,False,True
9,NI99ER NO.1,Rabiot,C,,,False,True
9,NI99ER NO.1,Mkhitaryan,C,,,False,True
9,NI99ER NO.1,Stengs,C,,,False,True
9,NI99ER NO.1,Meret,P,,,False,True
9,NI99ER NO.1,Israel,P,,,False,True
9,TEAM ZTOTTI,Caprile,P,7.0,8.0,True,False
9,TEAM ZTOTTI,Posch,D,,,False,False
9,TEAM ZTOTTI,Hermoso,D,6.5,6.5,True,False
9,TEAM ZTOTTI,Palestra,D,6.5,6.5,True,False
9,TEAM ZTOTTI,Estupinan,D,5.0,5.0,True,False
9,TEAM ZTOTTI,Sucic P.,C,6.0,5.5,True,False
9,TEAM ZTOTTI,Bernabè,C,7.0,10.0,True,False
9,TEAM ZTOTTI,Konè M.,C,6.5,6.5,True,False
9,TEAM ZTOTTI,Colombo,A,5.5,7.5,True,False
9,TEAM ZTOTTI,Stulic,A,5.5,5.5,True,False
9,TEAM ZTOTTI,Soulè,A,6.0,6.0,True,False
9,TEAM ZTOTTI,Sommer,P,6.0,7.0,False,True
9,TEAM ZTOTTI,Radunovic,P,,,False,True
9,TEAM ZTOTTI,Martinez L.,A,7.0,11.0,False,True
9,TEAM ZTOTTI,Cambiaghi,A,7.0,8.0,False,True
9,TEAM ZTOTTI,Meister,A,,,False,True
9,TEAM ZTOTTI,Acerbi,D,6.0,6.0,True,True
9,TEAM ZTOTTI,Miranda J.,D,6.5,6.5,False,True
9,TEAM ZTOTTI,Bertola,D,5.5,5.5,False,True
9,TEAM ZTOTTI,Lovik,D,5.5,5.5,False,True
9,TEAM ZTOTTI,Gronbaek,C,,,False,True
9,TEAM ZTOTTI,Politano,C,5.0,5.0,False,True
9,TEAM ZTOTTI,Atta,C,5.5,5.5,False,True
9,TEAM ZTOTTI,Miller L.,C,,,False,True
9,SIR CROCODILE,Svilar,P,6.5,7.5,True,False
9,SIR CROCODILE,Dodò,D,5.5,5.0,True,False
9,SIR CROCODILE,Solet,D,5.5,5.5,True,False
9,SIR CROCODILE,Bastoni,D,6.5,7.5,True,False
9,SIR CROCODILE,Ranieri L.,D,5.0,4.5,True,False
9,SIR CROCODILE,Da Cunha,C,,,False,False
9,SIR CROCODILE,Thuram K.,C,6.5,6.5,True,False
9,SIR CROCODILE,Cristante,C,6.5,6.0,True,False
9,SIR CROCODILE,Castro S.,A,,,False,False
9,SIR CROCODILE,Esposito Se.,A,5.5,5.5,True,False
9,SIR CROCODILE,Pinamonti,A,7.5,10.5,True,False
9,SIR CROCODILE,Gollini,P,,,False,True
9,SIR CROCODILE,Leali,P,6.5,4.5,False,True
9,SIR CROCODILE,Bellanova,D,5.0,5.0,False,True
9,SIR CROCODILE,Zortea,D,,,False,True
9,SIR CROCODILE,Terracciano F.,D,6.0,5.5,False,True
9,SIR CROCODILE,Kristensen T.,D,,,False,True
9,SIR CROCODILE,Mandragora,C,5.5,5.5,True,True
9,SIR CROCODILE,Frattesi,C,,,False,True
9,SIR CROCODILE,Zalewski,C,,,False,True
9,SIR CROCODILE,Pisilli,C,,,False,True
9,SIR CROCODILE,Rovella,C,,,False,True
9,SIR CROCODILE,Rodriguez Je.,A,6.0,6.0,True,True
9,SIR CROCODILE,Lucca,A,,,False,True
9,SIR CROCODILE,Kilicsoy,A,,,False,True
9,XIAOYEZI,Carnesecchi,P,5.0,2.0,True,False
9,XIAOYEZI,Ramon,D,6.5,6.5,True,False
9,XIAOYEZI,Coco,D,6.5,6.5,True,False
9,XIAOYEZI,Marusic,D,5.5,5.5,True,False
9,XIAOYEZI,Isaksen,C,5.5,5.5,True,False
9,XIAOYEZI,Pobega,C,6.5,6.5,True,False
9,XIAOYEZI,Pulisic,C,5.5,5.5,True,False
9,XIAOYEZI,Fazzini,C,,,False,False
9,XIAOYEZI,Pellegrino M.,A,6.5,6.5,True,False
9,XIAOYEZI,Morata,A,4.5,4.0,True,False
9,XIAOYEZI,Hojlund,A,5.0,4.5,True,False
9,XIAOYEZI,Gosens,D,,,False,True
9,XIAOYEZI,Lazzari,D,5.5,5.5,False,True
9,XIAOYEZI,Vojvoda,D,,,False,True
9,XIAOYEZI,Scalvini,D,,,False,True
9,XIAOYEZI,Palma,D,5.5,5.5,False,True
9,XIAOYEZI,Frendrup,C,6.0,6.0,True,True
9,XIAOYEZI,Maldini,C,,,False,True
9,XIAOYEZI,Zerbin,C,,,False,True
9,XIAOYEZI,Serdar,C,,,False,True
9,XIAOYEZI,Cutrone,A,6.0,6.0,False,True
9,XIAOYEZI,Pedro,A,6.0,6.0,False,True
9,XIAOYEZI,Rossi F.,P,,,False,True
9,XIAOYEZI,Sportiello,P,,,False,True
9,XIAOYEZI,Lang,A,5.5,5.0,False,True
9,7UPEVERYDAY,Maignan,P,6.0,4.0,True,False
9,7UPEVERYDAY,Olivera,D,,,False,False
9,7UPEVERYDAY,Tsimikas,D,,,False,False
9,7UPEVERYDAY,Spinazzola,D,,,False,False
9,7UPEVERYDAY,Joao Mario,D,,,False,False
9,7UPEVERYDAY,Zambo Anguissa,C,5.5,5.5,True,False
9,7UPEVERYDAY,Cremaschi,C,,,False,False
9,7UPEVERYDAY,Zaniolo,C,5.0,5.0,True,False
9,7UPEVERYDAY,Vardy,A,5.5,5.5,True,False
9,7UPEVERYDAY,Gimenez,A,,,False,False
9,7UPEVERYDAY,Esposito F.P.,A,,,False,False
9,7UPEVERYDAY,Terracciano,P,,,False,True
9,7UPEVERYDAY,De Gea,P,6.5,6.5,False,True
9,7UPEVERYDAY,Doig,D,,,False,True
9,7UPEVERYDAY,Valle,D,6.5,6.5,True,True
9,7UPEVERYDAY,Gutierrez,D,5.5,5.5,True,True
9,7UPEVERYDAY,Hien,D,4.5,4.5,True,True
9,7UPEVERYDAY,Zhegrova,C,6.0,6.0,True,True
9,7UPEVERYDAY,Oristanio,C,,,False,True
9,7UPEVERYDAY,Volpato,C,,,False,True
9,7UPEVERYDAY,El Shaarawy,C,6.0,6.0,False,True
9,7UPEVERYDAY,Stanciu,C,,,False,True
9,7UPEVERYDAY,Kean,A,,,False,True
9,7UPEVERYDAY,De Ketelaere,A,5.5,5.5,True,True
9,7UPEVERYDAY,Bonny,A,7.0,10.0,False,True
9,ULTRAMENG,Butez,P,6.5,7.5,True,False
9,ULTRAMENG,Angelino,D,,,False,False
9,ULTRAMENG,N'Dicka,D,6.0,6.0,True,False
9,ULTRAMENG,Buongiorno,D,5.5,5.5,True,False
9,ULTRAMENG,Mina,D,7.0,7.0,True,False
9,ULTRAMENG,Neres,C,5.5,5.0,True,False
9,ULTRAMENG,Ferguson,C,6.5,6.5,True,False
9,ULTRAMENG,De Bruyne,C,,,False,False
9,ULTRAMENG,Saelemaekers,C,7.0,10.0,True,False
9,ULTRAMENG,Camarda,A,6.0,6.0,True,False
9,ULTRAMENG,Douvikas,A,5.5,5.5,True,False
9,ULTRAMENG,Vigorito,P,,,False,True
9,ULTRAMENG,Cavlina,P,,,False,True
9,ULTRAMENG,Celik,D,7.0,10.0,True,True
9,ULTRAMENG,Kalulu,D,6.5,6.5,False,True
9,ULTRAMENG,Kossounou,D,5.5,5.5,False,True
9,ULTRAMENG,Ghilardi,D,,,False,True
9,ULTRAMENG,Sottil,C,6.5,6.5,True,True
9,ULTRAMENG,Rowe,C,6.0,6.0,False,True
9,ULTRAMENG,Conceicao,C,6.0,6.0,False,True
9,ULTRAMENG,Jashari,C,,,False,True
9,ULTRAMENG,Nkunku,A,6.0,7.0,False,True
9,ULTRAMENG,Simeone,A,6.0,6.0,False,True
9,ULTRAMENG,Adams C.,A,6.0,6.0,False,True
9,ULTRAMENG,Lukaku,A,,,False,True
9,TEAM HANQI,Falcone,P,6.0,7.0,True,False
9,TEAM HANQI,Beukema,D,,,False,False
9,TEAM HANQI,De Winter,D,5.5,5.5,True,False
9,TEAM HANQI,Rrahmani,D,5.0,5.0,True,False
9,TEAM HANQI,Di Lorenzo,D,5.0,5.0,True,False
9,TEAM HANQI,Koopmeiners,C,6.0,6.0,True,False
9,TEAM HANQI,Caqueret,C,6.0,6.0,True,False
9,TEAM HANQI,Paz N.,C,6.5,6.5,True,False
9,TEAM HANQI,Orsolini,C,6.0,5.5,True,False
9,TEAM HANQI,Bonazzoli,A,6.0,6.0,True,False
9,TEAM HANQI,Vlahovic,A,5.5,5.5,True,False
9,TEAM HANQI,Semper,P,6.5,7.5,False,True
9,TEAM HANQI,Diao,A,5.0,5.0,False,True
9,TEAM HANQI,El Aynaoui,C,6.0,6.0,False,True
9,TEAM HANQI,Luperto,D,6.5,6.5,True,True
9,TEAM HANQI,Pellegrini Lo.,C,7.0,9.5,False,True
9,TEAM HANQI,Dia,A,5.5,5.5,False,True
9,TEAM HANQI,Ziolkowski,D,,,False,True
9,TEAM HANQI,Vitik,D,,,False,True
9,TEAM HANQI,Zapata D.,A,,,False,True
10,NI99ER NO.1,Milinkovic-Savic V.,P,6.0,5.0,True,False
10,NI99ER NO.1,Cuadrado,D,,,False,False
10,NI99ER NO.1,Rensch,D,,,False,False
10,NI99ER NO.1,Heggem,D,6.5,6.5,True,False
10,NI99ER NO.1,Wesley,D,7.0,10.0,True,False
10,NI99ER NO.1,Vandeputte,C,5.5,5.5,True,False
10,NI99ER NO.1,Rabiot,C,6.5,6.5,True,False
10,NI99ER NO.1,Tourè I.,C,6.0,6.0,True,False
10,NI99ER NO.1,Giovane,A,5.5,8.0,True,False
10,NI99ER NO.1,Thuram,A,6.5,6.5,True,False
10,NI99ER NO.1,Leao,A,5.0,4.5,True,False
10,NI99ER NO.1,Norton-Cuffy,D,4.5,3.5,True,True
10,NI99ER NO.1,Pezzella Giu.,D,5.0,5.0,True,True
10,NI99ER NO.1,Gabbia,D,6.0,6.0,False,True
10,NI99ER NO.1,Bremer,D,,,False,True
10,NI99ER NO.1,Mkhitaryan,C,,,False,True
10,NI99ER NO.1,Casadei,C,5.5,5.5,False,True
10,NI99ER NO.1,Pasalic,C,5.0,5.0,False,True
10,NI99ER NO.1,Diouf,C,,,False,True
10,NI99ER NO.1,Orban G.,A,6.0,6.0,False,True
10,NI99ER NO.1,David,A,,,False,True
10,NI99ER NO.1,Openda,A,,,False,True
10,NI99ER NO.1,Meret,P,,,False,True
10,NI99ER NO.1,Israel,P,,,False,True
10,NI99ER NO.1,Stengs,C,,,False,True
10,VRHELPME,Di Gregorio,P,6.0,5.0,True,False
10,VRHELPME,Dimarco,D,6.5,6.5,True,False
10,VRHELPME,Vasquez,D,5.5,5.5,True,False
10,VRHELPME,Valeri,D,6.0,6.0,True,False
10,VRHELPME,Tavares N.,D,,,False,False
10,VRHELPME,Asllani,C,5.0,5.0,True,False
10,VRHELPME,Calhanoglu,C,4.5,2.0,True,False
10,VRHELPME,Modric,C,6.0,6.0,True,False
10,VRHELPME,Berardi,A,5.5,5.5,True,False
10,VRHELPME,Scamacca,A,7.0,10.0,True,False
10,VRHELPME,Nzola,A,7.0,9.0,True,False
10,VRHELPME,Perin,P,,,False,True
10,VRHELPME,Djimsiti,D,5.0,5.0,True,True
10,VRHELPME,Gallo,D,5.5,5.5,False,True
10,VRHELPME,Lykogiannis,D,,,False,True
10,VRHELPME,Angori,D,6.0,6.0,False,True
10,VRHELPME,Loftus-Cheek,C,,,False,True
10,VRHELPME,Vazquez,C,6.0,7.0,False,True
10,VRHELPME,Tete Morente,C,5.5,5.5,False,True
10,VRHELPME,Fofana Y.,C,6.5,6.5,False,True
10,VRHELPME,Ndour,C,6.0,6.0,False,True
10,VRHELPME,Davis K.,A,5.5,5.5,False,True
10,VRHELPME,Castellanos,A,,,False,True
10,VRHELPME,Gueye,A,,,False,True
10,VRHELPME,Pinsoglio,P,,,False,True
10,7UPEVERYDAY,Maignan,P,8.0,11.0,True,False
10,7UPEVERYDAY,Olivera,D,,,False,False
10,7UPEVERYDAY,Tsimikas,D,,,False,False
10,7UPEVERYDAY,Doig,D,6.0,6.0,True,False
10,7UPEVERYDAY,Valle,D,6.5,6.5,True,False
10,7UPEVERYDAY,Volpato,C,6.5,7.5,True,False
10,7UPEVERYDAY,Zhegrova,C,,,False,False
10,7UPEVERYDAY,Zaniolo,C,5.5,5.5,True,False
10,7UPEVERYDAY,Vardy,A,5.0,5.0,True,False
10,7UPEVERYDAY,Bonny,A,5.5,5.5,True,False
10,7UPEVERYDAY,Kean,A,7.0,8.0,True,False
10,7UPEVERYDAY,Terracciano,P,,,False,True
10,7UPEVERYDAY,De Gea,P,6.5,5.5,False,True
10,7UPEVERYDAY,Joao Mario,D,,,False,True
10,7UPEVERYDAY,Spinazzola,D,,,False,True
10,7UPEVERYDAY,Gutierrez,D,6.0,6.0,True,True
10,7UPEVERYDAY,Hien,D,5.0,5.0,True,True
10,7UPEVERYDAY,Zambo Anguissa,C,,,False,True
10,7UPEVERYDAY,Cremaschi,C,,,False,True
10,7UPEVERYDAY,Oristanio,C,,,False,True
10,7UPEVERYDAY,El Shaarawy,C,6.5,7.5,True,True
10,7UPEVERYDAY,Stanciu,C,,,False,True
10,7UPEVERYDAY,Esposito F.P.,A,,,False,True
10,7UPEVERYDAY,De Ketelaere,A,6.0,6.0,False,True
10,7UPEVERYDAY,Gimenez,A,,,False,True
10,TEAM HANQI,Falcone,P,6.5,4.5,True,False
10,TEAM HANQI,Ziolkowski,D,5.5,5.0,True,False
10,TEAM HANQI,Luperto,D,5.5,5.0,True,False
10,TEAM HANQI,Rrahmani,D,6.0,6.0,True,False
10,TEAM HANQI,Di Lorenzo,D,6.5,7.5,True,False
10,TEAM HANQI,Koopmeiners,C,5.5,5.5,True,False
10,TEAM HANQI,Pellegrini Lo.,C,6.0,6.0,True,False
10,TEAM HANQI,Paz N.,C,7.0,10.0,True,False
10,TEAM HANQI,Orsolini,C,6.0,5.0,True,False
10,TEAM HANQI,Dia,A,6.0,6.0,True,False
10,TEAM HANQI,Vlahovic,A,5.5,6.0,True,False
10,TEAM HANQI,Semper,P,6.5,4.5,False,True
10,TEAM HANQI,De Winter,D,,,False,True
10,TEAM HANQI,Beukema,D,6.5,6.5,False,True
10,TEAM HANQI,Vitik,D,,,False,True
10,TEAM HANQI,Paz Y.,D,,,False,True
10,TEAM HANQI,Caqueret,C,,,False,True
10,TEAM HANQI,El Aynaoui,C,6.5,7.0,False,True
10,TEAM HANQI,Baturina,C,6.5,9.5,False,True
10,TEAM HANQI,Adzic,C,,,False,True
10,TEAM HANQI,Bonazzoli,A,6.0,6.0,False,True
10,TEAM HANQI,Zapata D.,A,5.0,5.0,False,True
10,TEAM ZTOTTI,Caprile,P,5.0,2.0,True,False
10,TEAM ZTOTTI,Miranda J.,D,6.5,6.5,True,False
10,TEAM ZTOTTI,Acerbi,D,6.5,6.5,True,False
10,TEAM ZTOTTI,Bertola,D,5.0,5.0,True,False
10,TEAM ZTOTTI,Palestra,D,6.5,7.5,True,False
10,TEAM ZTOTTI,Sucic P.,C,6.0,6.0,True,False
10,TEAM ZTOTTI,Atta,C,6.5,6.5,True,False
10,TEAM ZTOTTI,Konè M.,C,6.5,7.5,True,False
10,TEAM ZTOTTI,Colombo,A,6.5,7.5,True,False
10,TEAM ZTOTTI,Martinez L.,A,6.0,6.0,True,False
10,TEAM ZTOTTI,Soulè,A,7.0,10.0,True,False
10,TEAM ZTOTTI,Sommer,P,5.5,4.5,False,True
10,TEAM ZTOTTI,Radunovic,P,,,False,True
10,TEAM ZTOTTI,Posch,D,,,False,True
10,TEAM ZTOTTI,Estupinan,D,,,False,True
10,TEAM ZTOTTI,Lovik,D,5.5,5.5,False,True
10,TEAM ZTOTTI,Bernabè,C,6.0,6.0,False,True
10,TEAM ZTOTTI,Politano,C,6.0,6.0,False,True
10,TEAM ZTOTTI,Gronbaek,C,5.5,5.0,False,True
10,TEAM ZTOTTI,Miller L.,C,,,False,True
10,TEAM ZTOTTI,Bailey,C,,,False,True
10,TEAM ZTOTTI,Stulic,A,5.5,5.5,False,True
10,TEAM ZTOTTI,Meister,A,7.0,10.0,False,True
10,ULTRAMENG,Butez,P,6.0,5.0,True,False
10,ULTRAMENG,Angelino,D,,,False,False
10,ULTRAMENG,N'Dicka,D,6.5,6.5,True,False
10,ULTRAMENG,Buongiorno,D,6.5,6.5,True,False
10,ULTRAMENG,Mina,D,5.5,5.0,True,False
10,ULTRAMENG,Neres,C,7.5,14.5,True,False
10,ULTRAMENG,Ferguson,C,,,False,False
10,ULTRAMENG,De Bruyne,C,,,False,False
10,ULTRAMENG,Saelemaekers,C,6.5,6.5,True,False
10,ULTRAMENG,Camarda,A,5.0,5.0,True,False
10,ULTRAMENG,Douvikas,A,6.0,6.0,True,False
10,ULTRAMENG,Vigorito,P,,,False,True
10,ULTRAMENG,Cavlina,P,,,False,True
10,ULTRAMENG,Celik,D,6.5,6.5,True,True
10,ULTRAMENG,Kalulu,D,6.0,6.0,False,True
10,ULTRAMENG,Kossounou,D,6.0,6.0,False,True
10,ULTRAMENG,Ghilardi,D,,,False,True
10,ULTRAMENG,Sottil,C,5.5,5.5,True,True
10,ULTRAMENG,Rowe,C,,,False,True
10,ULTRAMENG,Conceicao,C,6.5,6.5,True,True
10,ULTRAMENG,Jashari,C,,,False,True
10,ULTRAMENG,Nkunku,A,6.0,6.0,False,True
10,ULTRAMENG,Simeone,A,,,False,True
10,ULTRAMENG,Adams C.,A,,,False,True
10,ULTRAMENG,Lukaku,A,,,False,True
10,XIAOYEZI,Carnesecchi,P,5.5,2.5,True,False
10,XIAOYEZI,Ramon,D,7.0,10.0,True,False
10,XIAOYEZI,Coco,D,,,False,False
10,XIAOYEZI,Marusic,D,6.5,6.5,True,False
10,XIAOYEZI,Isaksen,C,6.5,6.5,True,False
10,XIAOYEZI,Pobega,C,8.0,15.0,True,False
10,XIAOYEZI,Pulisic,C,7.0,11.0,True,False
10,XIAOYEZI,Fazzini,C,,,False,False
10,XIAOYEZI,Pellegrino M.,A,7.5,14.0,True,False
10,XIAOYEZI,Morata,A,6.0,6.0,True,False
10,XIAOYEZI,Hojlund,A,6.5,7.5,True,False
10,XIAOYEZI,Gosens,D,,,False,True
10,XIAOYEZI,Vojvoda,D,6.0,6.0,True,True
10,XIAOYEZI,Scalvini,D,,,False,True
10,XIAOYEZI,Palma,D,,,False,True
10,XIAOYEZI,Frendrup,C,6.5,6.5,True,True
10,XIAOYEZI,Maldini,C,,,False,True
10,XIAOYEZI,Zerbin,C,,,False,True
10,XIAOYEZI,Serdar,C,,,False,True
10,XIAOYEZI,Cutrone,A,6.0,6.0,False,True
10,XIAOYEZI,Pedro,A,,,False,True
10,XIAOYEZI,Rossi F.,P,,,False,True
10,XIAOYEZI,Sportiello,P,,,False,True
10,XIAOYEZI,Lang,A,7.0,10.0,False,True
10,SIR CROCODILE,Svilar,P,7.0,6.0,True,False
10,SIR CROCODILE,Dodò,D,5.5,5.5,True,False
10,SIR CROCODILE,Solet,D,5.5,5.5,True,False
10,SIR CROCODILE,Bastoni,D,6.0,6.0,True,False
10,SIR CROCODILE,Ranieri L.,D,6.0,6.0,True,False
10,SIR CROCODILE,Da Cunha,C,7.0,7.0,True,False
10,SIR CROCODILE,Thuram K.,C,5.5,5.5,True,False
10,SIR CROCODILE,Cristante,C,6.5,6.5,True,False
10,SIR CROCODILE,Castro S.,A,5.5,5.5,True,False
10,SIR CROCODILE,Esposito Se.,A,7.0,10.0,True,False
10,SIR CROCODILE,Pinamonti,A,5.0,5.0,True,False
10,SIR CROCODILE,Gollini,P,,,False,True
10,SIR CROCODILE,Leali,P,6.0,3.0,False,True
10,SIR CROCODILE,Bellanova,D,6.0,7.0,False,True
10,SIR CROCODILE,Zortea,D,6.0,6.0,False,True
10,SIR CROCODILE,Terracciano F.,D,5.0,5.0,False,True
10,SIR CROCODILE,Kristensen T.,D,,,False,True
10,SIR CROCODILE,Mandragora,C,7.0,10.5,False,True
10,SIR CROCODILE,Frattesi,C,,,False,True
10,SIR CROCODILE,Zalewski,C,6.0,6.0,False,True
10,SIR CROCODILE,Pisilli,C,,,False,True
10,SIR CROCODILE,Rovella,C,,,False,True
10,SIR CROCODILE,Rodriguez Je.,A,7.0,9.0,False,True
10,SIR CROCODILE,Lucca,A,6.0,6.0,False,True
10,SIR CROCODILE,Kilicsoy,A,,,False,True
10,KOKOMO,Provedel,P,6.5,7.5,True,False
10,KOKOMO,Tomori,D,6.5,6.5,True,False
10,KOKOMO,Pavlovic,D,6.0,5.5,True,False
10,KOKOMO,Mancini,D,6.0,6.0,True,False
10,KOKOMO,Baschirotto,D,5.5,5.5,True,False
10,KOKOMO,McTominay,C,7.0,8.0,True,False
10,KOKOMO,Barella,C,6.0,6.0,True,False
10,KOKOMO,Locatelli,C,6.5,6.5,True,False
10,KOKOMO,Odgaard,C,,,False,False
10,KOKOMO,Lookman,A,5.5,5.5,True,False
10,KOKOMO,Piccoli,A,5.0,5.0,True,False
10,KOKOMO,Mandas,P,,,False,True
10,KOKOMO,Furlanetto,P,,,False,True
10,KOKOMO,Delprato,D,5.5,5.0,False,True
10,KOKOMO,Rugani,D,,,False,True
10,KOKOMO,Bisseck,D,,,False,True
10,KOKOMO,Biraghi,D,,,False,True
10,KOKOMO,Matic,C,7.0,10.0,True,True
10,KOKOMO,Ederson D.S.,C,6.0,6.0,False,True
10,KOKOMO,Miretti,C,5.5,5.0,False,True
10,KOKOMO,Vergara,C,,,False,True
10,KOKOMO,Dybala,A,,,False,True
10,KOKOMO,Benedyczak,A,6.0,6.0,False,True
10,KOKOMO,Pavoletti,A,5.5,5.5,False,True
10,KOKOMO,Buffon L.,A,,,False,True
10,ROMAZDA,Ravaglia F.,P,6.5,7.5,True,False
10,ROMAZDA,Martin,D,6.5,10.5,True,False
10,ROMAZDA,Carlos Augusto,D,6.0,6.0,True,False
10,ROMAZDA,Akanji,D,5.5,5.5,True,False
10,ROMAZDA,Cambiaso,D,6.0,6.0,True,False
10,ROMAZDA,Zaccagni,C,6.5,6.5,True,False
10,ROMAZDA,Gudmundsson A.,C,6.0,6.0,True,False
10,ROMAZDA,Thorstvedt,C,7.0,10.5,True,False
10,ROMAZDA,Vlasic,C,7.0,9.0,True,False
10,ROMAZDA,Yildiz,A,6.0,6.0,True,False
10,ROMAZDA,Ferguson E.,A,7.0,11.0,True,False
10,ROMAZDA,Krstovic,A,,,False,True
10,ROMAZDA,Bravo,A,,,False,True
10,ROMAZDA,Sanabria,A,,,False,True
10,ROMAZDA,Dovbyk,A,,,False,True
10,ROMAZDA,Folorunsho,C,6.0,6.0,False,True
10,ROMAZDA,Carboni V.,C,5.5,5.5,False,True
10,ROMAZDA,Tramoni M.,C,5.0,5.0,False,True
10,ROMAZDA,Pierotti,C,6.0,6.0,False,True
10,ROMAZDA,Dumfries,D,,,False,True
10,ROMAZDA,Gatti,D,,,False,True
10,ROMAZDA,Zanoli,D,5.5,5.5,False,True
10,ROMAZDA,Floriani Mussolini,D,5.5,5.5,False,True
10,ROMAZDA,Skorupski,P,,,False,True
10,ROMAZDA,Martinez Jo.,P,,,False,True
11,VRHELPME,Di Gregorio,P,,,False,False
11,VRHELPME,Dimarco,D,6.0,6.0,True,False
11,VRHELPME,Vasquez,D,6.5,6.5,True,False
11,VRHELPME,Valeri,D,6.0,6.0,True,False
11,VRHELPME,Gallo,D,6.5,6.5,True,False
11,VRHELPME,Fofana Y.,C,6.0,6.0,True,False
11,VRHELPME,Calhanoglu,C,6.5,6.5,True,False
11,VRHELPME,Modric,C,6.0,6.0,True,False
11,VRHELPME,Berardi,A,6.0,6.0,True,False
11,VRHELPME,Scamacca,A,6.0,6.0,True,False
11,VRHELPME,Davis K.,A,7.5,9.0,True,False
11,VRHELPME,Perin,P,6.0,5.0,True,True
11,VRHELPME,Tavares N.,D,,,False,True
11,VRHELPME,Djimsiti,D,6.0,6.0,False,True
11,VRHELPME,Lykogiannis,D,,,False,True
11,VRHELPME,Angori,D,6.0,6.0,False,True
11,VRHELPME,Asllani,C,4.5,2.5,False,True
11,VRHELPME,Loftus-Cheek,C,6.0,6.0,False,True
11,VRHELPME,Vazquez,C,,,False,True
11,VRHELPME,Tete Morente,C,4.5,4.5,False,True
11,VRHELPME,Ndour,C,,,False,True
11,VRHELPME,Nzola,A,6.5,6.5,False,True
11,VRHELPME,Castellanos,A,6.0,6.0,False,True
11,VRHELPME,Gueye,A,,,False,True
11,VRHELPME,Pinsoglio,P,,,False,True
11,7UPEVERYDAY,Maignan,P,7.0,8.0,True,False
11,7UPEVERYDAY,Olivera,D,6.0,5.5,True,False
11,7UPEVERYDAY,Tsimikas,D,,,False,False
11,7UPEVERYDAY,Doig,D,6.0,6.0,True,False
11,7UPEVERYDAY,Valle,D,,,False,False
11,7UPEVERYDAY,Volpato,C,5.5,5.5,True,False
11,7UPEVERYDAY,Zhegrova,C,,,False,False
11,7UPEVERYDAY,Zaniolo,C,7.0,11.0,True,False
11,7UPEVERYDAY,Vardy,A,8.0,15.0,True,False
11,7UPEVERYDAY,Bonny,A,,,False,False
11,7UPEVERYDAY,Kean,A,5.5,5.5,True,False
11,7UPEVERYDAY,Terracciano,P,,,False,True
11,7UPEVERYDAY,De Gea,P,6.5,4.5,False,True
11,7UPEVERYDAY,Joao Mario,D,,,False,True
11,7UPEVERYDAY,Spinazzola,D,,,False,True
11,7UPEVERYDAY,Gutierrez,D,,,False,True
11,7UPEVERYDAY,Hien,D,6.5,6.0,True,True
11,7UPEVERYDAY,Zambo Anguissa,C,,,False,True
11,7UPEVERYDAY,Cremaschi,C,,,False,True
11,7UPEVERYDAY,Oristanio,C,,,False,True
11,7UPEVERYDAY,El Shaarawy,C,,,False,True
11,7UPEVERYDAY,Stanciu,C,,,False,True
11,7UPEVERYDAY,Esposito F.P.,A,7.0,8.0,True,True
11,7UPEVERYDAY,De Ketelaere,A,7.0,8.0,False,True
11,7UPEVERYDAY,Gimenez,A,,,False,True
11,ROMAZDA,Ravaglia F.,P,6.0,3.0,True,False
11,ROMAZDA,Martin,D,6.5,6.5,True,False
11,ROMAZDA,Carlos Augusto,D,,,False,False
11,ROMAZDA,Akanji,D,6.5,6.5,True,False
11,ROMAZDA,Cambiaso,D,6.0,5.5,True,False
11,ROMAZDA,Zaccagni,C,6.0,5.5,True,False
11,ROMAZDA,Gudmundsson A.,C,5.5,5.5,True,False
11,ROMAZDA,Thorstvedt,C,6.0,6.0,True,False
11,ROMAZDA,Vlasic,C,6.0,7.0,True,False
11,ROMAZDA,Yildiz,A,7.5,14.5,True,False
11,ROMAZDA,Krstovic,A,6.0,6.0,True,False
11,ROMAZDA,Ferguson E.,A,5.5,5.5,False,True
11,ROMAZDA,Bravo,A,,,False,True
11,ROMAZDA,Sanabria,A,6.0,6.0,False,True
11,ROMAZDA,Dovbyk,A,,,False,True
11,ROMAZDA,Carboni V.,C,,,False,True
11,ROMAZDA,Folorunsho,C,5.5,5.0,False,True
11,ROMAZDA,Tramoni M.,C,5.5,5.5,False,True
11,ROMAZDA,Pierotti,C,5.5,5.5,False,True
11,ROMAZDA,Dumfries,D,,,False,True
11,ROMAZDA,Zanoli,D,6.0,6.0,True,True
11,ROMAZDA,Gatti,D,,,False,True
11,ROMAZDA,Floriani Mussolini,D,,,False,True
11,ROMAZDA,Skorupski,P,,,False,True
11,ROMAZDA,Martinez Jo.,P,,,False,True
11,XIAOYEZI,Carnesecchi,P,7.0,8.0,True,False
11,XIAOYEZI,Ramon,D,6.0,5.5,True,False
11,XIAOYEZI,Coco,D,6.0,5.5,True,False
11,XIAOYEZI,Marusic,D,6.0,6.0,True,False
11,XIAOYEZI,Vojvoda,D,6.0,6.0,True,False
11,XIAOYEZI,Isaksen,C,6.0,6.0,True,False
11,XIAOYEZI,Pobega,C,5.0,5.0,True,False
11,XIAOYEZI,Pulisic,C,,,False,False
11,XIAOYEZI,Pellegrino M.,A,6.0,6.0,True,False
11,XIAOYEZI,Lang,A,6.0,6.0,True,False
11,XIAOYEZI,Hojlund,A,6.5,7.5,True,False
11,XIAOYEZI,Gosens,D,,,False,True
11,XIAOYEZI,Lazzari,D,,,False,True
11,XIAOYEZI,Scalvini,D,,,False,True
11,XIAOYEZI,Palma,D,,,False,True
11,XIAOYEZI,Frendrup,C,6.5,6.5,True,True
11,XIAOYEZI,Fazzini,C,,,False,True
11,XIAOYEZI,Maldini,C,,,False,True
11,XIAOYEZI,Zerbin,C,6.0,6.0,False,True
11,XIAOYEZI,Serdar,C,,,False,True
11,XIAOYEZI,Cutrone,A,5.5,5.5,False,True
11,XIAOYEZI,Morata,A,,,False,True
11,XIAOYEZI,Pedro,A,6.0,6.0,False,True
11,XIAOYEZI,Rossi F.,P,,,False,True
11,XIAOYEZI,Sportiello,P,,,False,True
11,ULTRAMENG,Butez,P,6.0,7.0,True,False
11,ULTRAMENG,Angelino,D,,,False,False
11,ULTRAMENG,N'Dicka,D,5.5,5.0,True,False
11,ULTRAMENG,Buongiorno,D,6.5,6.5,True,False
11,ULTRAMENG,Mina,D,,,False,False
11,ULTRAMENG,Neres,C,7.0,11.0,True,False
11,ULTRAMENG,Ferguson,C,,,False,False
11,ULTRAMENG,De Bruyne,C,,,False,False
11,ULTRAMENG,Saelemaekers,C,6.5,6.5,True,False
11,ULTRAMENG,Camarda,A,,,False,False
11,ULTRAMENG,Douvikas,A,7.0,11.0,True,False
11,ULTRAMENG,Vigorito,P,,,False,True
11,ULTRAMENG,Cavlina,P,,,False,True
11,ULTRAMENG,Celik,D,6.0,6.0,True,True
11,ULTRAMENG,Kalulu,D,6.5,7.5,True,True
11,ULTRAMENG,Kossounou,D,7.0,11.0,False,True
11,ULTRAMENG,Ghilardi,D,,,False,True
11,ULTRAMENG,Sottil,C,6.0,6.0,True,True
11,ULTRAMENG,Rowe,C,,,False,True
11,ULTRAMENG,Conceicao,C,6.5,6.5,True,True
11,ULTRAMENG,Jashari,C,,,False,True
11,ULTRAMENG,Nkunku,A,5.0,5.0,True,True
11,ULTRAMENG,Simeone,A,,,False,True
11,ULTRAMENG,Adams C.,A,6.5,9.5,False,True
11,ULTRAMENG,Lukaku,A,,,False,True
11,KOKOMO,Provedel,P,6.0,5.0,True,False
11,KOKOMO,Tomori,D,6.5,7.0,True,False
11,KOKOMO,Pavlovic,D,6.0,6.0,True,False
11,KOKOMO,Mancini,D,6.0,6.0,True,False
11,KOKOMO,Baschirotto,D,7.0,7.0,True,False
11,KOKOMO,McTominay,C,6.5,6.5,True,False
11,KOKOMO,Barella,C,6.5,7.5,True,False
11,KOKOMO,Locatelli,C,6.0,6.0,True,False
11,KOKOMO,Odgaard,C,5.0,5.0,True,False
11,KOKOMO,Lookman,A,7.0,10.0,True,False
11,KOKOMO,Piccoli,A,5.5,5.5,True,False
11,KOKOMO,Mandas,P,,,False,True
11,KOKOMO,Furlanetto,P,,,False,True
11,KOKOMO,Delprato,D,5.5,5.5,False,True
11,KOKOMO,Rugani,D,,,False,True
11,KOKOMO,Bisseck,D,6.0,6.0,False,True
11,KOKOMO,Biraghi,D,,,False,True
11,KOKOMO,Matic,C,6.0,6.0,False,True
11,KOKOMO,Ederson D.S.,C,6.0,6.0,False,True
11,KOKOMO,Miretti,C,6.0,6.0,False,True
11,KOKOMO,Vergara,C,,,False,True
11,KOKOMO,Dybala,A,6.0,6.0,False,True
11,KOKOMO,Benedyczak,A,,,False,True
11,KOKOMO,Pavoletti,A,,,False,True
11,KOKOMO,Buffon L.,A,,,False,True
11,SIR CROCODILE,Svilar,P,6.5,5.5,True,False
11,SIR CROCODILE,Dodò,D,5.0,5.0,True,False
11,SIR CROCODILE,Solet,D,6.5,6.5,True,False
11,SIR CROCODILE,Bastoni,D,6.0,6.0,True,False
11,SIR CROCODILE,Ranieri L.,D,6.0,6.0,True,False
11,SIR CROCODILE,Da Cunha,C,6.0,6.0,True,False
11,SIR CROCODILE,Thuram K.,C,6.5,6.5,True,False
11,SIR CROCODILE,Cristante,C,5.0,4.5,True,False
11,SIR CROCODILE,Castro S.,A,5.5,5.5,True,False
11,SIR CROCODILE,Esposito Se.,A,7.0,10.0,True,False
11,SIR CROCODILE,Pinamonti,A,5.0,5.0,True,False
11,SIR CROCODILE,Gollini,P,,,False,True
11,SIR CROCODILE,Leali,P,6.5,5.5,False,True
11,SIR CROCODILE,Bellanova,D,6.0,6.0,False,True
11,SIR CROCODILE,Zortea,D,5.5,5.5,False,True
11,SIR CROCODILE,Terracciano F.,D,6.0,5.5,False,True
11,SIR CROCODILE,Kristensen T.,D,,,False,True
11,SIR CROCODILE,Mandragora,C,5.5,5.0,False,True
11,SIR CROCODILE,Frattesi,C,,,False,True
11,SIR CROCODILE,Zalewski,C,6.0,6.0,False,True
11,SIR CROCODILE,Pisilli,C,,,False,True
11,SIR CROCODILE,Rovella,C,,,False,True
11,SIR CROCODILE,Rodriguez Je.,A,5.5,5.5,False,True
11,SIR CROCODILE,Lucca,A,,,False,True
11,SIR CROCODILE,Kilicsoy,A,,,False,True
11,TEAM ZTOTTI,Sommer,P,6.0,7.0,True,False
11,TEAM ZTOTTI,Miranda J.,D,5.5,5.5,True,False
11,TEAM ZTOTTI,Hermoso,D,6.0,6.0,True,False
11,TEAM ZTOTTI,Acerbi,D,6.0,5.5,True,False
11,TEAM ZTOTTI,Palestra,D,7.0,8.0,True,False
11,TEAM ZTOTTI,Atta,C,6.0,5.5,True,False
11,TEAM ZTOTTI,Konè M.,C,5.0,5.0,True,False
11,TEAM ZTOTTI,Sucic P.,C,5.5,5.5,True,False
11,TEAM ZTOTTI,Colombo,A,7.0,10.0,True,False
11,TEAM ZTOTTI,Martinez L.,A,7.5,14.5,True,False
11,TEAM ZTOTTI,Soulè,A,5.0,5.0,True,False
11,TEAM ZTOTTI,Caprile,P,6.0,4.0,False,True
11,TEAM ZTOTTI,Radunovic,P,,,False,True
11,TEAM ZTOTTI,Posch,D,6.0,6.0,False,True
11,TEAM ZTOTTI,Estupinan,D,,,False,True
11,TEAM ZTOTTI,Lovik,D,,,False,True
11,TEAM ZTOTTI,Bertola,D,7.0,8.0,False,True
11,TEAM ZTOTTI,Bernabè,C,5.5,5.5,False,True
11,TEAM ZTOTTI,Miller L.,C,,,False,True
11,TEAM ZTOTTI,Bailey,C,,,False,True
11,TEAM ZTOTTI,Gronbaek,C,,,False,True
11,TEAM ZTOTTI,Politano,C,6.0,6.0,False,True
11,TEAM ZTOTTI,Stulic,A,5.5,5.5,False,True
11,TEAM ZTOTTI,Meister,A,6.0,6.0,False,True
11,TEAM HANQI,Falcone,P,7.5,8.5,True,False
11,TEAM HANQI,Beukema,D,6.0,5.5,True,False
11,TEAM HANQI,Rrahmani,D,7.0,7.0,True,False
11,TEAM HANQI,Di Lorenzo,D,6.5,6.5,True,False
11,TEAM HANQI,Koopmeiners,C,6.0,6.0,True,False
11,TEAM HANQI,Caqueret,C,6.5,6.0,True,False
11,TEAM HANQI,Pellegrini Lo.,C,6.5,6.5,True,False
11,TEAM HANQI,Paz N.,C,7.0,8.0,True,False
11,TEAM HANQI,Orsolini,C,6.5,8.5,True,False
11,TEAM HANQI,Zapata D.,A,6.0,6.0,True,False
11,TEAM HANQI,Vlahovic,A,6.0,6.0,True,False
11,TEAM HANQI,Semper,P,,,False,True
11,TEAM HANQI,Sava,P,,,False,True
11,TEAM HANQI,Vitik,D,,,False,True
11,TEAM HANQI,Luperto,D,5.5,5.5,False,True
11,TEAM HANQI,De Winter,D,,,False,True
11,TEAM HANQI,Ziolkowski,D,,,False,True
11,TEAM HANQI,Paz Y.,D,,,False,True
11,TEAM HANQI,El Aynaoui,C,6.0,6.0,False,True
11,TEAM HANQI,Baturina,C,6.0,6.0,False,True
11,TEAM HANQI,Adzic,C,,,False,True
11,TEAM HANQI,Dia,A,5.5,5.5,False,True
11,TEAM HANQI,Bonazzoli,A,6.5,7.5,False,True
11,TEAM HANQI,Cancellieri,A,,,False,True
11,TEAM HANQI,Diao,A,,,False,True
11,NI99ER NO.1,Milinkovic-Savic V.,P,6.5,7.5,True,False
11,NI99ER NO.1,Wesley,D,5.5,5.5,True,False
11,NI99ER NO.1,Gabbia,D,6.5,6.0,True,False
11,NI99ER NO.1,Heggem,D,5.5,5.5,True,False
11,NI99ER NO.1,Mkhitaryan,C,,,False,False
11,NI99ER NO.1,Rabiot,C,6.0,6.0,True,False
11,NI99ER NO.1,Pasalic,C,6.0,6.0,True,False
11,NI99ER NO.1,Tourè I.,C,6.0,6.0,True,False
11,NI99ER NO.1,Thuram,A,5.5,5.5,True,False
11,NI99ER NO.1,Leao,A,7.0,11.0,True,False
11,NI99ER NO.1,David,A,5.5,5.5,True,False
11,NI99ER NO.1,Norton-Cuffy,D,,,False,True
11,NI99ER NO.1,Cuadrado,D,,,False,True
11,NI99ER NO.1,Rensch,D,,,False,True
11,NI99ER NO.1,Pezzella Giu.,D,6.0,5.5,False,True
11,NI99ER NO.1,Bremer,D,,,False,True
11,NI99ER NO.1,Diouf,C,6.5,6.5,True,True
11,NI99ER NO.1,Vandeputte,C,6.5,6.5,False,True
11,NI99ER NO.1,Casadei,C,5.5,5.0,False,True
11,NI99ER NO.1,Openda,A,,,False,True
11,NI99ER NO.1,Giovane,A,6.0,6.0,False,True
11,NI99ER NO.1,Orban G.,A,5.5,5.5,False,True
11,NI99ER NO.1,Meret,P,,,False,True
11,NI99ER NO.1,Israel,P,6.0,4.0,False,True
11,NI99ER NO.1,Stengs,C,,,False,True
12,KOKOMO,Provedel,P,6.5,5.5,True,False
12,KOKOMO,Tomori,D,5.5,6.0,True,False
12,KOKOMO,Pavlovic,D,5.5,5.5,True,False
12,KOKOMO,Mancini,D,5.0,5.0,True,False
12,KOKOMO,Baschirotto,D,7.0,7.0,True,False
12,KOKOMO,McTominay,C,6.5,6.5,True,False
12,KOKOMO,Barella,C,7.0,7.0,True,False
12,KOKOMO,Locatelli,C,6.0,6.0,True,False
12,KOKOMO,Odgaard,C,6.5,10.5,True,False
12,KOKOMO,Lookman,A,5.0,5.0,True,False
12,KOKOMO,Piccoli,A,5.5,5.5,True,False
12,KOKOMO,Mandas,P,,,False,True
12,KOKOMO,Furlanetto,P,,,False,True
12,KOKOMO,Bisseck,D,,,False,True
12,KOKOMO,Delprato,D,6.5,6.5,False,True
12,KOKOMO,Biraghi,D,,,False,True
12,KOKOMO,Rugani,D,,,False,True
12,KOKOMO,Miretti,C,6.0,6.0,False,True
12,KOKOMO,Ederson D.S.,C,5.5,5.5,False,True
12,KOKOMO,Matic,C,6.0,6.0,False,True
12,KOKOMO,Vergara,C,,,False,True
12,KOKOMO,Dybala,A,5.5,5.5,False,True
12,KOKOMO,Benedyczak,A,6.5,9.0,False,True
12,KOKOMO,Pavoletti,A,,,False,True
12,KOKOMO,Buffon L.,A,,,False,True
12,VRHELPME,Di Gregorio,P,6.5,4.5,True,False
12,VRHELPME,Dimarco,D,7.0,9.0,True,False
12,VRHELPME,Vasquez,D,6.5,6.5,True,False
12,VRHELPME,Valeri,D,6.0,5.5,True,False
12,VRHELPME,Gallo,D,5.5,5.0,True,False
12,VRHELPME,Loftus-Cheek,C,6.0,6.0,True,False
12,VRHELPME,Calhanoglu,C,7.0,10.0,True,False
12,VRHELPME,Modric,C,6.5,6.5,True,False
12,VRHELPME,Castellanos,A,5.5,5.5,True,False
12,VRHELPME,Scamacca,A,6.5,8.5,True,False
12,VRHELPME,Davis K.,A,6.0,6.0,True,False
12,VRHELPME,Perin,P,,,False,True
12,VRHELPME,Tavares N.,D,5.0,4.5,False,True
12,VRHELPME,Djimsiti,D,5.0,5.0,False,True
12,VRHELPME,Lykogiannis,D,,,False,True
12,VRHELPME,Angori,D,6.0,6.0,False,True
12,VRHELPME,Vazquez,C,,,False,True
12,VRHELPME,Fofana Y.,C,,,False,True
12,VRHELPME,Asllani,C,5.0,5.0,False,True
12,VRHELPME,Tete Morente,C,,,False,True
12,VRHELPME,Ndour,C,5.5,5.0,False,True
12,VRHELPME,Nzola,A,4.5,3.5,False,True
12,VRHELPME,Berardi,A,,,False,True
12,VRHELPME,Gueye,A,,,False,True
12,VRHELPME,Pinsoglio,P,,,False,True
12,XIAOYEZI,Carnesecchi,P,6.0,3.0,True,False
12,XIAOYEZI,Ramon,D,5.5,5.5,True,False
12,XIAOYEZI,Coco,D,5.0,5.0,True,False
12,XIAOYEZI,Marusic,D,6.0,6.0,True,False
12,XIAOYEZI,Isaksen,C,7.0,10.0,True,False
12,XIAOYEZI,Pobega,C,6.5,6.5,True,False
12,XIAOYEZI,Pulisic,C,8.0,15.0,True,False
12,XIAOYEZI,Frendrup,C,,,False,False
12,XIAOYEZI,Pellegrino M.,A,5.5,5.5,True,False
12,XIAOYEZI,Lang,A,5.5,5.5,True,False
12,XIAOYEZI,Hojlund,A,8.0,15.0,True,False
12,XIAOYEZI,Vojvoda,D,5.0,5.0,False,True
12,XIAOYEZI,Gosens,D,,,False,True
12,XIAOYEZI,Lazzari,D,6.0,5.5,False,True
12,XIAOYEZI,Scalvini,D,,,False,True
12,XIAOYEZI,Palma,D,,,False,True
12,XIAOYEZI,Fazzini,C,,,False,True
12,XIAOYEZI,Maldini,C,,,False,True
12,XIAOYEZI,Zerbin,C,6.5,7.5,True,True
12,XIAOYEZI,Serdar,C,,,False,True
12,XIAOYEZI,Pedro,A,,,False,True
12,XIAOYEZI,Cutrone,A,,,False,True
12,XIAOYEZI,Morata,A,5.5,5.5,False,True
12,XIAOYEZI,Rossi F.,P,,,False,True
12,XIAOYEZI,Sportiello,P,,,False,True
12,NI99ER NO.1,Milinkovic-Savic V.,P,6.0,5.0,True,False
12,NI99ER NO.1,Wesley,D,,,False,False
12,NI99ER NO.1,Gabbia,D,6.0,6.0,True,False
12,NI99ER NO.1,Pezzella Giu.,D,,,False,False
12,NI99ER NO.1,Rabiot,C,7.0,10.0,True,False
12,NI99ER NO.1,Vandeputte,C,6.5,6.5,True,False
12,NI99ER NO.1,Tourè I.,C,6.0,5.5,True,False
12,NI99ER NO.1,Pasalic,C,6.0,6.0,True,False
12,NI99ER NO.1,Leao,A,5.5,5.5,True,False
12,NI99ER NO.1,Thuram,A,7.0,10.0,True,False
12,NI99ER NO.1,David,A,6.0,6.0,True,False
12,NI99ER NO.1,Cuadrado,D,,,False,True
12,NI99ER NO.1,Norton-Cuffy,D,7.0,11.0,True,True
12,NI99ER NO.1,Heggem,D,5.5,5.5,True,True
12,NI99ER NO.1,Rensch,D,5.5,5.5,False,True
12,NI99ER NO.1,Diouf,C,,,False,True
12,NI99ER NO.1,Mkhitaryan,C,6.0,6.0,False,True
12,NI99ER NO.1,Casadei,C,5.5,5.5,False,True
12,NI99ER NO.1,Openda,A,6.0,6.0,False,True
12,NI99ER NO.1,Giovane,A,7.5,12.5,False,True
12,NI99ER NO.1,Orban G.,A,,,False,True
12,NI99ER NO.1,Meret,P,,,False,True
12,NI99ER NO.1,Israel,P,6.0,3.0,False,True
12,NI99ER NO.1,Bremer,D,,,False,True
12,NI99ER NO.1,Stengs,C,,,False,True
12,7UPEVERYDAY,Maignan,P,6.0,3.5,True,False
12,7UPEVERYDAY,Olivera,D,5.5,5.5,True,False
12,7UPEVERYDAY,Spinazzola,D,6.0,6.0,True,False
12,7UPEVERYDAY,Doig,D,6.5,6.5,True,False
12,7UPEVERYDAY,Valle,D,5.0,5.0,True,False
12,7UPEVERYDAY,Volpato,C,7.5,11.5,True,False
12,7UPEVERYDAY,Zhegrova,C,,,False,False
12,7UPEVERYDAY,Zaniolo,C,6.0,6.0,True,False
12,7UPEVERYDAY,Vardy,A,6.0,6.0,True,False
12,7UPEVERYDAY,De Ketelaere,A,5.5,5.5,True,False
12,7UPEVERYDAY,Kean,A,5.0,5.0,True,False
12,7UPEVERYDAY,Terracciano,P,,,False,True
12,7UPEVERYDAY,De Gea,P,4.5,1.5,False,True
12,7UPEVERYDAY,Joao Mario,D,,,False,True
12,7UPEVERYDAY,Tsimikas,D,5.5,5.5,False,True
12,7UPEVERYDAY,Gutierrez,D,,,False,True
12,7UPEVERYDAY,Hien,D,5.0,5.0,False,True
12,7UPEVERYDAY,Zambo Anguissa,C,,,False,True
12,7UPEVERYDAY,Cremaschi,C,,,False,True
12,7UPEVERYDAY,Oristanio,C,,,False,True
12,7UPEVERYDAY,El Shaarawy,C,,,False,True
12,7UPEVERYDAY,Stanciu,C,,,False,True
12,7UPEVERYDAY,Bonny,A,,,False,True
12,7UPEVERYDAY,Esposito F.P.,A,6.0,6.0,False,True
12,7UPEVERYDAY,Gimenez,A,,,False,True
12,TEAM ZTOTTI,Sommer,P,6.0,7.0,True,False
12,TEAM ZTOTTI,Miranda J.,D,6.0,5.5,True,False
12,TEAM ZTOTTI,Hermoso,D,5.5,5.0,True,False
12,TEAM ZTOTTI,Acerbi,D,6.5,6.5,True,False
12,TEAM ZTOTTI,Posch,D,5.5,5.5,True,False
12,TEAM ZTOTTI,Bernabè,C,6.0,6.0,True,False
12,TEAM ZTOTTI,Konè M.,C,6.0,6.0,True,False
12,TEAM ZTOTTI,Politano,C,,,False,False
12,TEAM ZTOTTI,Colombo,A,6.5,6.5,True,False
12,TEAM ZTOTTI,Martinez L.,A,7.0,11.0,True,False
12,TEAM ZTOTTI,Soulè,A,6.0,6.0,True,False
12,TEAM ZTOTTI,Caprile,P,6.0,7.0,False,True
12,TEAM ZTOTTI,Radunovic,P,,,False,True
12,TEAM ZTOTTI,Palestra,D,7.0,7.0,False,True
12,TEAM ZTOTTI,Estupinan,D,,,False,True
12,TEAM ZTOTTI,Bertola,D,5.5,5.5,False,True
12,TEAM ZTOTTI,Lovik,D,,,False,True
12,TEAM ZTOTTI,Sucic P.,C,,,False,True
12,TEAM ZTOTTI,Miller L.,C,,,False,True
12,TEAM ZTOTTI,Bailey,C,,,False,True
12,TEAM ZTOTTI,Gronbaek,C,,,False,True
12,TEAM ZTOTTI,Cambiaghi,A,5.5,5.0,False,True
12,TEAM ZTOTTI,Stulic,A,5.0,5.0,False,True
12,TEAM ZTOTTI,Meister,A,5.5,5.5,False,True
12,TEAM HANQI,Falcone,P,6.0,4.0,True,False
12,TEAM HANQI,Beukema,D,6.0,5.5,True,False
12,TEAM HANQI,Rrahmani,D,6.5,6.5,True,False
12,TEAM HANQI,Di Lorenzo,D,6.0,6.0,True,False
12,TEAM HANQI,Koopmeiners,C,5.0,5.0,True,False
12,TEAM HANQI,El Aynaoui,C,5.5,5.5,True,False
12,TEAM HANQI,Pellegrini Lo.,C,5.5,5.5,True,False
12,TEAM HANQI,Paz N.,C,5.5,5.5,True,False
12,TEAM HANQI,Orsolini,C,6.0,6.0,True,False
12,TEAM HANQI,Cancellieri,A,6.0,6.0,True,False
12,TEAM HANQI,Bonazzoli,A,7.0,10.0,True,False
12,TEAM HANQI,Semper,P,,,False,True
12,TEAM HANQI,Sava,P,,,False,True
12,TEAM HANQI,Luperto,D,6.5,6.5,False,True
12,TEAM HANQI,Ziolkowski,D,,,False,True
12,TEAM HANQI,De Winter,D,,,False,True
12,TEAM HANQI,Vitik,D,,,False,True
12,TEAM HANQI,Paz Y.,D,,,False,True
12,TEAM HANQI,Caqueret,C,,,False,True
12,TEAM HANQI,Baturina,C,,,False,True
12,TEAM HANQI,Adzic,C,,,False,True
12,TEAM HANQI,Dia,A,,,False,True
12,TEAM HANQI,Diao,A,6.0,6.0,False,True
12,TEAM HANQI,Zapata D.,A,6.5,9.5,False,True
12,TEAM HANQI,Vlahovic,A,,,False,True
12,ULTRAMENG,Butez,P,6.5,2.5,True,False
12,ULTRAMENG,Angelino,D,,,False,False
12,ULTRAMENG,N'Dicka,D,5.5,5.5,True,False
12,ULTRAMENG,Buongiorno,D,6.5,6.0,True,False
12,ULTRAMENG,Mina,D,,,False,False
12,ULTRAMENG,Neres,C,7.5,8.5,True,False
12,ULTRAMENG,Ferguson,C,6.0,6.0,True,False
12,ULTRAMENG,De Bruyne,C,,,False,False
12,ULTRAMENG,Saelemaekers,C,6.5,7.5,True,False
12,ULTRAMENG,Camarda,A,5.5,5.5,True,False
12,ULTRAMENG,Douvikas,A,5.0,5.0,True,False
12,ULTRAMENG,Vigorito,P,,,False,True
12,ULTRAMENG,Cavlina,P,,,False,True
12,ULTRAMENG,Celik,D,4.5,3.5,True,True
12,ULTRAMENG,Kalulu,D,6.0,5.5,True,True
12,ULTRAMENG,Kossounou,D,5.5,5.5,False,True
12,ULTRAMENG,Ghilardi,D,4.5,4.5,False,True
12,ULTRAMENG,Sottil,C,6.0,6.0,True,True
12,ULTRAMENG,Rowe,C,6.0,6.0,False,True
12,ULTRAMENG,Conceicao,C,5.5,5.5,False,True
12,ULTRAMENG,Jashari,C,,,False,True
12,ULTRAMENG,Nkunku,A,5.5,5.5,False,True
12,ULTRAMENG,Simeone,A,,,False,True
12,ULTRAMENG,Adams C.,A,6.0,6.0,False,True
12,ULTRAMENG,Lukaku,A,,,False,True
12,SIR CROCODILE,Svilar,P,7.0,6.0,True,False
12,SIR CROCODILE,Ranieri L.,D,5.5,5.5,True,False
12,SIR CROCODILE,Solet,D,5.5,5.5,True,False
12,SIR CROCODILE,Bastoni,D,6.5,6.5,True,False
12,SIR CROCODILE,Bellanova,D,5.5,5.5,True,False
12,SIR CROCODILE,Zalewski,C,5.5,5.5,True,False
12,SIR CROCODILE,Thuram K.,C,6.0,6.0,True,False
12,SIR CROCODILE,Cristante,C,5.5,5.5,True,False
12,SIR CROCODILE,Castro S.,A,5.5,5.5,True,False
12,SIR CROCODILE,Esposito Se.,A,7.0,8.0,True,False
12,SIR CROCODILE,Pinamonti,A,5.5,5.5,True,False
12,SIR CROCODILE,Gollini,P,,,False,True
12,SIR CROCODILE,Leali,P,6.0,5.0,False,True
12,SIR CROCODILE,Terracciano F.,D,6.5,6.5,False,True
12,SIR CROCODILE,Dodò,D,5.0,5.0,False,True
12,SIR CROCODILE,Zortea,D,7.0,7.0,False,True
12,SIR CROCODILE,Kristensen T.,D,,,False,True
12,SIR CROCODILE,Mandragora,C,6.0,7.5,False,True
12,SIR CROCODILE,Da Cunha,C,5.0,5.0,False,True
12,SIR CROCODILE,Frattesi,C,,,False,True
12,SIR CROCODILE,Pisilli,C,,,False,True
12,SIR CROCODILE,Rovella,C,,,False,True
12,SIR CROCODILE,Rodriguez Je.,A,6.0,6.0,False,True
12,SIR CROCODILE,Lucca,A,,,False,True
12,SIR CROCODILE,Kilicsoy,A,,,False,True
12,ROMAZDA,Ravaglia F.,P,7.5,6.5,True,False
12,ROMAZDA,Martin,D,6.0,6.0,True,False
12,ROMAZDA,Carlos Augusto,D,7.0,10.0,True,False
12,ROMAZDA,Akanji,D,6.0,5.5,True,False
12,ROMAZDA,Cambiaso,D,5.5,5.5,True,False
12,ROMAZDA,Zaccagni,C,6.5,6.5,True,False
12,ROMAZDA,Gudmundsson A.,C,5.0,5.0,True,False
12,ROMAZDA,Thorstvedt,C,6.5,6.0,True,False
12,ROMAZDA,Carboni V.,C,,,False,False
12,ROMAZDA,Yildiz,A,7.0,10.0,True,False
12,ROMAZDA,Krstovic,A,5.0,5.0,True,False
12,ROMAZDA,Ferguson E.,A,5.5,5.5,False,True
12,ROMAZDA,Bravo,A,,,False,True
12,ROMAZDA,Sanabria,A,7.0,10.0,False,True
12,ROMAZDA,Dovbyk,A,,,False,True
12,ROMAZDA,Vlasic,C,7.0,10.0,True,True
12,ROMAZDA,Tramoni M.,C,,,False,True
12,ROMAZDA,Folorunsho,C,7.0,6.5,False,True
12,ROMAZDA,Pierotti,C,5.5,5.5,False,True
12,ROMAZDA,Zanoli,D,6.0,6.0,False,True
12,ROMAZDA,Floriani Mussolini,D,6.5,6.5,False,True
12,ROMAZDA,Dumfries,D,,,False,True
12,ROMAZDA,Gatti,D,,,False,True
12,ROMAZDA,Skorupski,P,,,False,True
12,ROMAZDA,Martinez Jo.,P,,,False,True
13,KOKOMO,Provedel,P,7.0,8.0,True,False
13,KOKOMO,Tomori,D,5.5,5.5,True,False
13,KOKOMO,Pavlovic,D,6.5,6.5,True,False
13,KOKOMO,Mancini,D,6.5,6.0,True,False
13,KOKOMO,Baschirotto,D,5.0,5.0,True,False
13,KOKOMO,McTominay,C,6.0,6.0,True,False
13,KOKOMO,Barella,C,6.0,5.5,True,False
13,KOKOMO,Locatelli,C,7.0,7.0,True,False
13,KOKOMO,Odgaard,C,,,False,False
13,KOKOMO,Lookman,A,5.5,5.5,True,False
13,KOKOMO,Piccoli,A,,,False,False
13,KOKOMO,Mandas,P,,,False,True
13,KOKOMO,Furlanetto,P,,,False,True
13,KOKOMO,Bisseck,D,7.0,9.5,False,True
13,KOKOMO,Delprato,D,6.0,6.0,False,True
13,KOKOMO,Biraghi,D,,,False,True
13,KOKOMO,Rugani,D,,,False,True
13,KOKOMO,Miretti,C,,,False,True
13,KOKOMO,Ederson D.S.,C,6.5,6.5,True,True
13,KOKOMO,Matic,C,6.5,6.5,False,True
13,KOKOMO,Vergara,C,,,False,True
13,KOKOMO,Dybala,A,,,False,True
13,KOKOMO,Benedyczak,A,5.5,5.5,True,True
13,KOKOMO,Pavoletti,A,,,False,True
13,KOKOMO,Buffon L.,A,,,False,True
13,7UPEVERYDAY,Maignan,P,6.0,4.0,True,False
13,7UPEVERYDAY,Olivera,D,5.5,5.5,True,False
13,7UPEVERYDAY,Spinazzola,D,6.0,6.0,True,False
13,7UPEVERYDAY,Doig,D,6.0,6.0,True,False
13,7UPEVERYDAY,Valle,D,5.0,5.0,True,False
13,7UPEVERYDAY,Volpato,C,6.0,6.0,True,False
13,7UPEVERYDAY,Zhegrova,C,,,False,False
13,7UPEVERYDAY,Zaniolo,C,6.5,6.0,True,False
13,7UPEVERYDAY,Vardy,A,5.5,5.5,True,False
13,7UPEVERYDAY,De Ketelaere,A,6.0,6.0,True,False
13,7UPEVERYDAY,Kean,A,5.5,5.5,True,False
13,7UPEVERYDAY,Terracciano,P,,,False,True
13,7UPEVERYDAY,De Gea,P,5.5,3.5,False,True
13,7UPEVERYDAY,Joao Mario,D,,,False,True
13,7UPEVERYDAY,Tsimikas,D,,,False,True
13,7UPEVERYDAY,Gutierrez,D,,,False,True
13,7UPEVERYDAY,Hien,D,,,False,True
13,7UPEVERYDAY,Zambo Anguissa,C,,,False,True
13,7UPEVERYDAY,Cremaschi,C,,,False,True
13,7UPEVERYDAY,Oristanio,C,5.5,5.5,True,True
13,7UPEVERYDAY,El Shaarawy,C,6.0,5.5,False,True
13,7UPEVERYDAY,Stanciu,C,,,False,True
13,7UPEVERYDAY,Bonny,A,,,False,True
13,7UPEVERYDAY,Esposito F.P.,A,6.5,6.5,False,True
13,7UPEVERYDAY,Gimenez,A,,,False,True
13,TEAM ZTOTTI,Sommer,P,6.0,5.0,True,False
13,TEAM ZTOTTI,Miranda J.,D,6.0,5.5,True,False
13,TEAM ZTOTTI,Hermoso,D,6.5,6.5,True,False
13,TEAM ZTOTTI,Estupinan,D,,,False,False
13,TEAM ZTOTTI,Palestra,D,6.5,6.5,True,False
13,TEAM ZTOTTI,Bernabè,C,6.0,6.0,True,False
13,TEAM ZTOTTI,Konè M.,C,6.5,6.5,True,False
13,TEAM ZTOTTI,Atta,C,,,False,False
13,TEAM ZTOTTI,Cambiaghi,A,5.5,5.5,True,False
13,TEAM ZTOTTI,Martinez L.,A,7.5,12.5,True,False
13,TEAM ZTOTTI,Soulè,A,6.5,7.5,True,False
13,TEAM ZTOTTI,Caprile,P,7.0,5.0,False,True
13,TEAM ZTOTTI,Radunovic,P,,,False,True
13,TEAM ZTOTTI,Posch,D,6.0,6.0,True,True
13,TEAM ZTOTTI,Bertola,D,6.5,6.5,False,True
13,TEAM ZTOTTI,Lovik,D,,,False,True
13,TEAM ZTOTTI,Politano,C,5.5,5.5,True,True
13,TEAM ZTOTTI,Sucic P.,C,6.5,6.5,False,True
13,TEAM ZTOTTI,Bailey,C,,,False,True
13,TEAM ZTOTTI,Miller L.,C,,,False,True
13,TEAM ZTOTTI,Gronbaek,C,,,False,True
13,TEAM ZTOTTI,Colombo,A,5.0,5.0,False,True
13,TEAM ZTOTTI,Stulic,A,7.0,11.0,False,True
13,TEAM ZTOTTI,Meister,A,5.0,5.0,False,True
13,VRHELPME,Di Gregorio,P,6.5,7.5,True,False
13,VRHELPME,Dimarco,D,,,False,False
13,VRHELPME,Tavares N.,D,,,False,False
13,VRHELPME,Djimsiti,D,6.0,6.0,True,False
13,VRHELPME,Valeri,D,6.0,5.5,True,False
13,VRHELPME,Loftus-Cheek,C,6.5,7.0,True,False
13,VRHELPME,Fofana Y.,C,,,False,False
13,VRHELPME,Modric,C,6.0,6.0,True,False
13,VRHELPME,Ndour,C,,,False,False
13,VRHELPME,Castellanos,A,5.5,5.5,True,False
13,VRHELPME,Scamacca,A,7.5,14.5,True,False
13,VRHELPME,Perin,P,,,False,True
13,VRHELPME,Gallo,D,6.0,6.0,True,True
13,VRHELPME,Vasquez,D,6.0,6.0,True,True
13,VRHELPME,Lykogiannis,D,,,False,True
13,VRHELPME,Angori,D,6.0,6.0,False,True
13,VRHELPME,Calhanoglu,C,,,False,True
13,VRHELPME,Asllani,C,6.0,6.0,True,True
13,VRHELPME,Vazquez,C,5.5,5.5,True,True
13,VRHELPME,Tete Morente,C,6.0,5.5,False,True
13,VRHELPME,Davis K.,A,6.5,7.5,False,True
13,VRHELPME,Nzola,A,,,False,True
13,VRHELPME,Berardi,A,,,False,True
13,VRHELPME,Gueye,A,,,False,True
13,VRHELPME,Pinsoglio,P,,,False,True
13,NI99ER NO.1,Milinkovic-Savic V.,P,6.5,5.5,True,False
13,NI99ER NO.1,Wesley,D,7.5,11.0,True,False
13,NI99ER NO.1,Gabbia,D,5.5,5.5,True,False
13,NI99ER NO.1,Rensch,D,6.5,6.5,True,False
13,NI99ER NO.1,Rabiot,C,5.5,5.5,True,False
13,NI99ER NO.1,Diouf,C,,,False,False
13,NI99ER NO.1,Tourè I.,C,5.5,5.5,True,False
13,NI99ER NO.1,Pasalic,C,,,False,False
13,NI99ER NO.1,Openda,A,6.5,6.5,True,False
13,NI99ER NO.1,Thuram,A,6.0,6.0,True,False
13,NI99ER NO.1,David,A,5.0,5.0,True,False
13,NI99ER NO.1,Cuadrado,D,,,False,True
13,NI99ER NO.1,Heggem,D,4.5,3.5,False,True
13,NI99ER NO.1,Norton-Cuffy,D,5.5,5.5,False,True
13,NI99ER NO.1,Pezzella Giu.,D,6.0,6.0,False,True
13,NI99ER NO.1,Bremer,D,6.0,6.0,False,True
13,NI99ER NO.1,Vandeputte,C,6.0,6.0,True,True
13,NI99ER NO.1,Mkhitaryan,C,6.0,6.0,True,True
13,NI99ER NO.1,Casadei,C,6.0,6.0,False,True
13,NI99ER NO.1,Leao,A,,,False,True
13,NI99ER NO.1,Giovane,A,5.5,5.5,False,True
13,NI99ER NO.1,Orban G.,A,7.5,14.5,False,True
13,NI99ER NO.1,Meret,P,,,False,True
13,NI99ER NO.1,Israel,P,,,False,True
13,NI99ER NO.1,Stengs,C,,,False,True
13,SIR CROCODILE,Svilar,P,6.5,7.5,True,False
13,SIR CROCODILE,Terracciano F.,D,6.0,6.0,True,False
13,SIR CROCODILE,Solet,D,6.5,6.5,True,False
13,SIR CROCODILE,Bastoni,D,6.5,6.5,True,False
13,SIR CROCODILE,Ranieri L.,D,5.5,5.5,True,False
13,SIR CROCODILE,Zalewski,C,6.0,6.0,True,False
13,SIR CROCODILE,Thuram K.,C,6.0,6.0,True,False
13,SIR CROCODILE,Cristante,C,6.5,6.5,True,False
13,SIR CROCODILE,Mandragora,C,6.0,6.0,True,False
13,SIR CROCODILE,Esposito Se.,A,7.0,8.0,True,False
13,SIR CROCODILE,Castro S.,A,5.5,5.5,True,False
13,SIR CROCODILE,Gollini,P,,,False,True
13,SIR CROCODILE,Leali,P,5.0,3.0,False,True
13,SIR CROCODILE,Dodò,D,5.5,5.5,False,True
13,SIR CROCODILE,Zortea,D,5.5,5.5,False,True
13,SIR CROCODILE,Kristensen T.,D,6.5,6.5,False,True
13,SIR CROCODILE,Bellanova,D,,,False,True
13,SIR CROCODILE,Frattesi,C,,,False,True
13,SIR CROCODILE,Da Cunha,C,5.0,5.0,False,True
13,SIR CROCODILE,Pisilli,C,,,False,True
13,SIR CROCODILE,Rovella,C,,,False,True
13,SIR CROCODILE,Pinamonti,A,7.0,9.0,False,True
13,SIR CROCODILE,Rodriguez Je.,A,5.5,5.5,False,True
13,SIR CROCODILE,Lucca,A,,,False,True
13,SIR CROCODILE,Kilicsoy,A,,,False,True
13,ROMAZDA,Ravaglia F.,P,6.5,5.5,True,False
13,ROMAZDA,Martin,D,6.0,7.0,True,False
13,ROMAZDA,Carlos Augusto,D,6.0,6.0,True,False
13,ROMAZDA,Akanji,D,6.0,5.5,True,False
13,ROMAZDA,Cambiaso,D,6.0,6.0,True,False
13,ROMAZDA,Zaccagni,C,4.5,3.5,True,False
13,ROMAZDA,Gudmundsson A.,C,5.5,5.0,True,False
13,ROMAZDA,Vlasic,C,7.0,11.0,True,False
13,ROMAZDA,Yildiz,A,6.5,7.5,True,False
13,ROMAZDA,Ferguson E.,A,6.5,6.5,True,False
13,ROMAZDA,Krstovic,A,,,False,False
13,ROMAZDA,Sanabria,A,5.5,5.5,True,True
13,ROMAZDA,Dovbyk,A,,,False,True
13,ROMAZDA,Bravo,A,,,False,True
13,ROMAZDA,Thorstvedt,C,5.5,5.0,False,True
13,ROMAZDA,Tramoni M.,C,5.5,5.5,False,True
13,ROMAZDA,Pierotti,C,6.0,6.0,False,True
13,ROMAZDA,Folorunsho,C,6.0,6.0,False,True
13,ROMAZDA,Carboni V.,C,,,False,True
13,ROMAZDA,Zanoli,D,6.0,6.0,False,True
13,ROMAZDA,Floriani Mussolini,D,6.0,6.0,False,True
13,ROMAZDA,Dumfries,D,,,False,True
13,ROMAZDA,Gatti,D,,,False,True
13,ROMAZDA,Skorupski,P,,,False,True
13,ROMAZDA,Martinez Jo.,P,,,False,True
13,TEAM HANQI,Falcone,P,6.0,7.0,True,False
13,TEAM HANQI,Beukema,D,6.0,6.0,True,False
13,TEAM HANQI,Rrahmani,D,5.0,5.0,True,False
13,TEAM HANQI,Di Lorenzo,D,5.5,5.5,True,False
13,TEAM HANQI,Koopmeiners,C,5.5,5.0,True,False
13,TEAM HANQI,Paz N.,C,5.5,5.0,True,False
13,TEAM HANQI,Pellegrini Lo.,C,6.0,6.0,True,False
13,TEAM HANQI,Orsolini,C,6.0,6.0,True,False
13,TEAM HANQI,Zapata D.,A,6.5,7.0,True,False
13,TEAM HANQI,Cancellieri,A,6.0,5.5,True,False
13,TEAM HANQI,Bonazzoli,A,6.0,6.0,True,False
13,TEAM HANQI,Semper,P,6.0,5.0,False,True
13,TEAM HANQI,Sava,P,,,False,True
13,TEAM HANQI,Luperto,D,5.0,5.0,False,True
13,TEAM HANQI,Ziolkowski,D,,,False,True
13,TEAM HANQI,De Winter,D,5.5,5.5,False,True
13,TEAM HANQI,Vitik,D,,,False,True
13,TEAM HANQI,Paz Y.,D,,,False,True
13,TEAM HANQI,Caqueret,C,5.5,5.5,False,True
13,TEAM HANQI,El Aynaoui,C,,,False,True
13,TEAM HANQI,Baturina,C,5.5,5.5,False,True
13,TEAM HANQI,Adzic,C,,,False,True
13,TEAM HANQI,Diao,A,6.0,6.0,False,True
13,TEAM HANQI,Dia,A,,,False,True
13,TEAM HANQI,Vlahovic,A,,,False,True
13,ULTRAMENG,Butez,P,6.0,5.0,True,False
13,ULTRAMENG,Angelino,D,,,False,False
13,ULTRAMENG,N'Dicka,D,7.0,7.0,True,False
13,ULTRAMENG,Buongiorno,D,6.0,6.0,True,False
13,ULTRAMENG,Mina,D,,,False,False
13,ULTRAMENG,Neres,C,5.0,5.0,True,False
13,ULTRAMENG,Ferguson,C,5.5,5.5,True,False
13,ULTRAMENG,De Bruyne,C,,,False,False
13,ULTRAMENG,Saelemaekers,C,5.5,5.5,True,False
13,ULTRAMENG,Camarda,A,6.0,6.0,True,False
13,ULTRAMENG,Douvikas,A,5.5,5.5,True,False
13,ULTRAMENG,Vigorito,P,,,False,True
13,ULTRAMENG,Cavlina,P,,,False,True
13,ULTRAMENG,Celik,D,,,False,True
13,ULTRAMENG,Kalulu,D,6.5,6.5,True,True
13,ULTRAMENG,Kossounou,D,6.5,6.5,True,True
13,ULTRAMENG,Ghilardi,D,,,False,True
13,ULTRAMENG,Sottil,C,6.5,6.5,True,True
13,ULTRAMENG,Rowe,C,,,False,True
13,ULTRAMENG,Conceicao,C,6.0,6.0,False,True
13,ULTRAMENG,Jashari,C,,,False,True
13,ULTRAMENG,Nkunku,A,6.0,7.0,False,True
13,ULTRAMENG,Simeone,A,5.5,5.5,False,True
13,ULTRAMENG,Adams C.,A,6.0,6.0,False,True
13,ULTRAMENG,Lukaku,A,,,False,True
13,XIAOYEZI,Carnesecchi,P,6.0,5.0,True,False
13,XIAOYEZI,Ramon,D,6.5,6.0,True,False
13,XIAOYEZI,Coco,D,6.5,6.5,True,False
13,XIAOYEZI,Marusic,D,6.0,6.0,True,False
13,XIAOYEZI,Vojvoda,D,,,False,False
13,XIAOYEZI,Zerbin,C,5.5,5.5,True,False
13,XIAOYEZI,Pobega,C,5.0,5.0,True,False
13,XIAOYEZI,Pulisic,C,6.0,6.0,True,False
13,XIAOYEZI,Pellegrino M.,A,6.0,6.0,True,False
13,XIAOYEZI,Hojlund,A,5.0,5.0,True,False
13,XIAOYEZI,Lang,A,6.0,6.0,True,False
13,XIAOYEZI,Gosens,D,,,False,True
13,XIAOYEZI,Lazzari,D,,,False,True
13,XIAOYEZI,Scalvini,D,,,False,True
13,XIAOYEZI,Palma,D,,,False,True
13,XIAOYEZI,Fazzini,C,,,False,True
13,XIAOYEZI,Frendrup,C,5.5,5.5,False,True
13,XIAOYEZI,Maldini,C,,,False,True
13,XIAOYEZI,Serdar,C,6.0,6.0,False,True
13,XIAOYEZI,Cutrone,A,,,False,True
13,XIAOYEZI,Morata,A,,,False,True
13,XIAOYEZI,Rossi F.,P,,,False,True
13,XIAOYEZI,Sportiello,P,,,False,True
13,XIAOYEZI,Isaksen,C,,,False,True
13,XIAOYEZI,Pedro,A,,,False,True
14,NI99ER NO.1,Milinkovic-Savic V.,P,6.0,7.0,True,False
14,NI99ER NO.1,Wesley,D,6.5,6.5,True,False
14,NI99ER NO.1,Bremer,D,6.5,6.5,True,False
14,NI99ER NO.1,Heggem,D,7.0,7.0,True,False
14,NI99ER NO.1,Rensch,D,6.5,6.5,True,False
14,NI99ER NO.1,Rabiot,C,8.0,15.0,True,False
14,NI99ER NO.1,Tourè I.,C,6.0,6.0,True,False
14,NI99ER NO.1,Pasalic,C,,,False,False
14,NI99ER NO.1,Openda,A,7.0,11.0,True,False
14,NI99ER NO.1,Thuram,A,5.5,5.0,True,False
14,NI99ER NO.1,Leao,A,6.0,7.0,True,False
14,NI99ER NO.1,Cuadrado,D,,,False,True
14,NI99ER NO.1,Gabbia,D,5.5,5.5,False,True
14,NI99ER NO.1,Norton-Cuffy,D,5.0,5.0,False,True
14,NI99ER NO.1,Pezzella Giu.,D,6.0,5.5,False,True
14,NI99ER NO.1,Mkhitaryan,C,6.0,6.0,True,True
14,NI99ER NO.1,Diouf,C,5.0,5.0,False,True
14,NI99ER NO.1,Vandeputte,C,6.5,6.5,False,True
14,NI99ER NO.1,Casadei,C,,,False,True
14,NI99ER NO.1,David,A,,,False,True
14,NI99ER NO.1,Giovane,A,5.5,5.5,False,True
14,NI99ER NO.1,Orban G.,A,7.0,10.0,False,True
14,NI99ER NO.1,Meret,P,,,False,True
14,NI99ER NO.1,Israel,P,,,False,True
14,NI99ER NO.1,Stengs,C,,,False,True
14,KOKOMO,Provedel,P,6.0,7.0,True,False
14,KOKOMO,Tomori,D,5.5,5.5,True,False
14,KOKOMO,Pavlovic,D,,,False,False
14,KOKOMO,Mancini,D,5.5,5.5,True,False
14,KOKOMO,Baschirotto,D,6.5,6.5,True,False
14,KOKOMO,McTominay,C,6.0,6.0,True,False
14,KOKOMO,Barella,C,6.0,6.0,True,False
14,KOKOMO,Locatelli,C,6.5,6.5,True,False
14,KOKOMO,Odgaard,C,6.5,9.5,True,False
14,KOKOMO,Lookman,A,,,False,False
14,KOKOMO,Dybala,A,5.0,5.0,True,False
14,KOKOMO,Mandas,P,,,False,True
14,KOKOMO,Furlanetto,P,,,False,True
14,KOKOMO,Bisseck,D,,,False,True
14,KOKOMO,Delprato,D,6.5,6.5,True,True
14,KOKOMO,Biraghi,D,,,False,True
14,KOKOMO,Rugani,D,6.0,6.0,False,True
14,KOKOMO,Miretti,C,,,False,True
14,KOKOMO,Ederson D.S.,C,6.0,6.0,False,True
14,KOKOMO,Matic,C,5.5,5.0,False,True
14,KOKOMO,Vergara,C,,,False,True
14,KOKOMO,Benedyczak,A,,,False,True
14,KOKOMO,Pavoletti,A,,,False,True
14,KOKOMO,Piccoli,A,6.0,6.0,True,True
14,KOKOMO,Buffon L.,A,,,False,True
14,7UPEVERYDAY,Maignan,P,8.0,7.0,True,False
14,7UPEVERYDAY,Olivera,D,5.5,5.5,True,False
14,7UPEVERYDAY,Spinazzola,D,6.0,6.0,True,False
14,7UPEVERYDAY,Doig,D,5.0,5.0,True,False
14,7UPEVERYDAY,Valle,D,,,False,False
14,7UPEVERYDAY,Volpato,C,6.5,6.5,True,False
14,7UPEVERYDAY,Zhegrova,C,6.0,6.0,True,False
14,7UPEVERYDAY,Zaniolo,C,6.0,6.0,True,False
14,7UPEVERYDAY,Vardy,A,5.5,5.5,True,False
14,7UPEVERYDAY,De Ketelaere,A,5.0,5.0,True,False
14,7UPEVERYDAY,Kean,A,7.5,13.5,True,False
14,7UPEVERYDAY,Terracciano,P,,,False,True
14,7UPEVERYDAY,De Gea,P,6.0,5.0,False,True
14,7UPEVERYDAY,Joao Mario,D,,,False,True
14,7UPEVERYDAY,Tsimikas,D,,,False,True
14,7UPEVERYDAY,Gutierrez,D,,,False,True
14,7UPEVERYDAY,Hien,D,7.0,11.0,True,True
14,7UPEVERYDAY,Zambo Anguissa,C,,,False,True
14,7UPEVERYDAY,Cremaschi,C,,,False,True
14,7UPEVERYDAY,Oristanio,C,,,False,True
14,7UPEVERYDAY,El Shaarawy,C,6.0,6.0,False,True
14,7UPEVERYDAY,Stanciu,C,,,False,True
14,7UPEVERYDAY,Bonny,A,5.5,5.5,False,True
14,7UPEVERYDAY,Esposito F.P.,A,7.0,11.0,False,True
14,7UPEVERYDAY,Gimenez,A,,,False,True
14,ULTRAMENG,Butez,P,5.5,2.5,True,False
14,ULTRAMENG,Angelino,D,,,False,False
14,ULTRAMENG,N'Dicka,D,,,False,False
14,ULTRAMENG,Buongiorno,D,6.0,6.0,True,False
14,ULTRAMENG,Mina,D,5.5,5.0,True,False
14,ULTRAMENG,Neres,C,5.5,5.0,True,False
14,ULTRAMENG,Ferguson,C,,,False,False
14,ULTRAMENG,De Bruyne,C,,,False,False
14,ULTRAMENG,Saelemaekers,C,6.0,6.0,True,False
14,ULTRAMENG,Camarda,A,,,False,False
14,ULTRAMENG,Douvikas,A,5.5,5.5,True,False
14,ULTRAMENG,Vigorito,P,,,False,True
14,ULTRAMENG,Cavlina,P,,,False,True
14,ULTRAMENG,Celik,D,6.0,6.0,True,True
14,ULTRAMENG,Kalulu,D,6.0,6.0,True,True
14,ULTRAMENG,Kossounou,D,,,False,True
14,ULTRAMENG,Ghilardi,D,,,False,True
14,ULTRAMENG,Sottil,C,6.5,6.5,True,True
14,ULTRAMENG,Rowe,C,,,False,True
14,ULTRAMENG,Conceicao,C,7.0,9.5,True,True
14,ULTRAMENG,Jashari,C,,,False,True
14,ULTRAMENG,Nkunku,A,6.5,8.5,True,True
14,ULTRAMENG,Simeone,A,6.5,6.5,False,True
14,ULTRAMENG,Adams C.,A,6.0,6.0,False,True
14,ULTRAMENG,Lukaku,A,,,False,True
14,SIR CROCODILE,Svilar,P,7.0,5.0,True,False
14,SIR CROCODILE,Terracciano F.,D,6.5,6.5,True,False
14,SIR CROCODILE,Solet,D,6.0,9.0,True,False
14,SIR CROCODILE,Bastoni,D,6.5,6.5,True,False
14,SIR CROCODILE,Ranieri L.,D,6.0,5.5,True,False
14,SIR CROCODILE,Zalewski,C,6.5,7.0,True,False
14,SIR CROCODILE,Thuram K.,C,6.5,6.5,True,False
14,SIR CROCODILE,Cristante,C,5.0,4.5,True,False
14,SIR CROCODILE,Mandragora,C,7.0,10.0,True,False
14,SIR CROCODILE,Esposito Se.,A,5.5,5.0,True,False
14,SIR CROCODILE,Castro S.,A,7.0,11.0,True,False
14,SIR CROCODILE,Gollini,P,,,False,True
14,SIR CROCODILE,Leali,P,4.5,4.5,False,True
14,SIR CROCODILE,Dodò,D,7.0,8.0,False,True
14,SIR CROCODILE,Zortea,D,,,False,True
14,SIR CROCODILE,Kristensen T.,D,4.5,4.5,False,True
14,SIR CROCODILE,Bellanova,D,,,False,True
14,SIR CROCODILE,Frattesi,C,6.0,6.0,False,True
14,SIR CROCODILE,Da Cunha,C,6.0,6.0,False,True
14,SIR CROCODILE,Pisilli,C,,,False,True
14,SIR CROCODILE,Rovella,C,,,False,True
14,SIR CROCODILE,Pinamonti,A,,,False,True
14,SIR CROCODILE,Rodriguez Je.,A,6.5,6.5,False,True
14,SIR CROCODILE,Lucca,A,,,False,True
14,SIR CROCODILE,Kilicsoy,A,7.0,10.0,False,True
14,TEAM HANQI,Semper,P,6.0,4.0,True,False
14,TEAM HANQI,Beukema,D,,,False,False
14,TEAM HANQI,Rrahmani,D,6.5,6.5,True,False
14,TEAM HANQI,Di Lorenzo,D,6.5,6.5,True,False
14,TEAM HANQI,Caqueret,C,6.0,6.0,True,False
14,TEAM HANQI,Paz N.,C,6.5,6.5,True,False
14,TEAM HANQI,Pellegrini Lo.,C,5.5,5.5,True,False
14,TEAM HANQI,Orsolini,C,7.0,9.5,True,False
14,TEAM HANQI,Zapata D.,A,5.0,5.0,True,False
14,TEAM HANQI,Cancellieri,A,5.5,5.5,True,False
14,TEAM HANQI,Bonazzoli,A,6.5,6.5,True,False
14,TEAM HANQI,Falcone,P,7.0,6.0,False,True
14,TEAM HANQI,Sava,P,5.0,0.0,False,True
14,TEAM HANQI,Luperto,D,,,False,True
14,TEAM HANQI,Ziolkowski,D,6.0,6.0,True,True
14,TEAM HANQI,De Winter,D,6.0,6.0,False,True
14,TEAM HANQI,Vitik,D,6.5,6.0,False,True
14,TEAM HANQI,Baturina,C,6.5,7.5,False,True
14,TEAM HANQI,Adzic,C,,,False,True
14,TEAM HANQI,El Aynaoui,C,,,False,True
14,TEAM HANQI,Dia,A,,,False,True
14,TEAM HANQI,Diao,A,,,False,True
14,TEAM HANQI,Vlahovic,A,,,False,True
14,TEAM HANQI,Paz Y.,D,,,False,True
14,TEAM HANQI,Koopmeiners,C,,,False,True
14,TEAM ZTOTTI,Caprile,P,6.0,4.0,True,False
14,TEAM ZTOTTI,Palestra,D,6.0,6.0,True,False
14,TEAM ZTOTTI,Hermoso,D,,,False,False
14,TEAM ZTOTTI,Bertola,D,5.0,5.0,True,False
14,TEAM ZTOTTI,Posch,D,,,False,False
14,TEAM ZTOTTI,Bailey,C,5.5,5.5,True,False
14,TEAM ZTOTTI,Sucic P.,C,,,False,False
14,TEAM ZTOTTI,Konè M.,C,6.0,5.5,True,False
14,TEAM ZTOTTI,Martinez L.,A,6.5,6.5,True,False
14,TEAM ZTOTTI,Colombo,A,6.0,6.0,True,False
14,TEAM ZTOTTI,Soulè,A,5.5,5.0,True,False
14,TEAM ZTOTTI,Sommer,P,6.5,7.5,False,True
14,TEAM ZTOTTI,Radunovic,P,,,False,True
14,TEAM ZTOTTI,Miranda J.,D,6.0,6.0,True,True
14,TEAM ZTOTTI,Estupinan,D,,,False,True
14,TEAM ZTOTTI,Lovik,D,,,False,True
14,TEAM ZTOTTI,Bernabè,C,6.0,6.0,True,True
14,TEAM ZTOTTI,Miller L.,C,,,False,True
14,TEAM ZTOTTI,Politano,C,5.5,5.5,False,True
14,TEAM ZTOTTI,Cambiaghi,A,,,False,True
14,TEAM ZTOTTI,Stulic,A,6.0,6.0,False,True
14,TEAM ZTOTTI,Meister,A,5.5,5.5,False,True
14,XIAOYEZI,Carnesecchi,P,6.5,7.5,True,False
14,XIAOYEZI,Ramon,D,5.5,5.0,True,False
14,XIAOYEZI,Scalvini,D,,,False,False
14,XIAOYEZI,Marusic,D,6.0,6.0,True,False
14,XIAOYEZI,Zerbin,C,5.5,5.5,True,False
14,XIAOYEZI,Pobega,C,6.5,7.5,True,False
14,XIAOYEZI,Pulisic,C,,,False,False
14,XIAOYEZI,Frendrup,C,7.0,7.0,True,False
14,XIAOYEZI,Pellegrino M.,A,5.5,5.5,True,False
14,XIAOYEZI,Hojlund,A,5.0,5.0,True,False
14,XIAOYEZI,Lang,A,5.5,5.5,True,False
14,XIAOYEZI,Lazzari,D,,,False,True
14,XIAOYEZI,Vojvoda,D,6.0,6.0,True,True
14,XIAOYEZI,Coco,D,,,False,True
14,XIAOYEZI,Gosens,D,,,False,True
14,XIAOYEZI,Palma,D,,,False,True
14,XIAOYEZI,Fazzini,C,,,False,True
14,XIAOYEZI,Maldini,C,6.5,6.5,True,True
14,XIAOYEZI,Serdar,C,5.5,5.5,False,True
14,XIAOYEZI,Pedro,A,5.5,5.0,False,True
14,XIAOYEZI,Cutrone,A,5.5,5.5,False,True
14,XIAOYEZI,Morata,A,,,False,True
14,XIAOYEZI,Rossi F.,P,,,False,True
14,XIAOYEZI,Sportiello,P,,,False,True
14,XIAOYEZI,Isaksen,C,,,False,True
14,VRHELPME,Di Gregorio,P,6.0,5.0,True,False
14,VRHELPME,Dimarco,D,,,False,False
14,VRHELPME,Tavares N.,D,,,False,False
14,VRHELPME,Vasquez,D,6.5,6.5,True,False
14,VRHELPME,Valeri,D,6.0,6.0,True,False
14,VRHELPME,Loftus-Cheek,C,6.0,6.0,True,False
14,VRHELPME,Calhanoglu,C,,,False,False
14,VRHELPME,Modric,C,6.0,6.0,True,False
14,VRHELPME,Castellanos,A,5.0,5.0,True,False
14,VRHELPME,Scamacca,A,5.5,5.5,True,False
14,VRHELPME,Davis K.,A,5.0,5.0,True,False
14,VRHELPME,Perin,P,,,False,True
14,VRHELPME,Djimsiti,D,,,False,True
14,VRHELPME,Gallo,D,6.0,6.0,True,True
14,VRHELPME,Lykogiannis,D,,,False,True
14,VRHELPME,Angori,D,6.5,6.5,True,True
14,VRHELPME,Fofana Y.,C,5.5,5.5,True,True
14,VRHELPME,Asllani,C,6.0,6.0,False,True
14,VRHELPME,Ndour,C,7.0,10.0,False,True
14,VRHELPME,Vazquez,C,,,False,True
14,VRHELPME,Tete Morente,C,5.5,5.5,False,True
14,VRHELPME,Nzola,A,,,False,True
14,VRHELPME,Berardi,A,,,False,True
14,VRHELPME,Gueye,A,5.5,5.5,False,True
14,VRHELPME,Pinsoglio,P,,,False,True
14,ROMAZDA,Ravaglia F.,P,6.5,4.5,True,False
14,ROMAZDA,Martin,D,,,False,False
14,ROMAZDA,Carlos Augusto,D,6.5,6.5,True,False
14,ROMAZDA,Akanji,D,6.0,6.0,True,False
14,ROMAZDA,Cambiaso,D,6.5,7.5,True,False
14,ROMAZDA,Zanoli,D,5.5,5.0,True,False
14,ROMAZDA,Folorunsho,C,7.0,10.0,True,False
14,ROMAZDA,Gudmundsson A.,C,7.5,11.5,True,False
14,ROMAZDA,Vlasic,C,7.0,10.0,True,False
14,ROMAZDA,Yildiz,A,7.0,7.0,True,False
14,ROMAZDA,Ferguson E.,A,6.0,6.0,True,False
14,ROMAZDA,Krstovic,A,,,False,True
14,ROMAZDA,Sanabria,A,6.0,6.0,False,True
14,ROMAZDA,Bravo,A,,,False,True
14,ROMAZDA,Dovbyk,A,,,False,True
14,ROMAZDA,Tramoni M.,C,6.5,8.5,False,True
14,ROMAZDA,Carboni V.,C,,,False,True
14,ROMAZDA,Pierotti,C,6.0,6.0,False,True
14,ROMAZDA,Thorstvedt,C,,,False,True
14,ROMAZDA,Zaccagni,C,,,False,True
14,ROMAZDA,Floriani Mussolini,D,,,False,True
14,ROMAZDA,Dumfries,D,,,False,True
14,ROMAZDA,Gatti,D,,,False,True
14,ROMAZDA,Skorupski,P,,,False,True
14,ROMAZDA,Martinez Jo.,P,,,False,True
15,XIAOYEZI,Carnesecchi,P,6.5,5.5,True,False
15,XIAOYEZI,Ramon,D,7.0,10.0,True,False
15,XIAOYEZI,Gosens,D,6.0,6.0,True,False
15,XIAOYEZI,Marusic,D,6.0,6.0,True,False
15,XIAOYEZI,Maldini,C,,,False,False
15,XIAOYEZI,Pobega,C,6.0,6.0,True,False
15,XIAOYEZI,Pulisic,C,7.0,11.0,True,False
15,XIAOYEZI,Frendrup,C,5.5,5.0,True,False
15,XIAOYEZI,Pellegrino M.,A,6.5,7.0,True,False
15,XIAOYEZI,Hojlund,A,8.0,15.0,True,False
15,XIAOYEZI,Lang,A,6.0,6.0,True,False
15,XIAOYEZI,Scalvini,D,,,False,True
15,XIAOYEZI,Lazzari,D,,,False,True
15,XIAOYEZI,Vojvoda,D,7.0,8.5,False,True
15,XIAOYEZI,Coco,D,,,False,True
15,XIAOYEZI,Palma,D,,,False,True
15,XIAOYEZI,Isaksen,C,,,False,True
15,XIAOYEZI,Zerbin,C,5.5,5.5,True,True
15,XIAOYEZI,Serdar,C,6.0,6.0,False,True
15,XIAOYEZI,Fazzini,C,,,False,True
15,XIAOYEZI,Cutrone,A,,,False,True
15,XIAOYEZI,Pedro,A,,,False,True
15,XIAOYEZI,Morata,A,,,False,True
15,XIAOYEZI,Rossi F.,P,,,False,True
15,XIAOYEZI,Sportiello,P,,,False,True
15,KOKOMO,Provedel,P,6.0,5.0,True,False
15,KOKOMO,Tomori,D,6.5,6.5,True,False
15,KOKOMO,Pavlovic,D,6.5,6.5,True,False
15,KOKOMO,Mancini,D,6.5,6.5,True,False
15,KOKOMO,Baschirotto,D,5.0,5.0,True,False
15,KOKOMO,McTominay,C,6.5,6.5,True,False
15,KOKOMO,Barella,C,5.5,5.5,True,False
15,KOKOMO,Locatelli,C,6.5,6.0,True,False
15,KOKOMO,Odgaard,C,,,False,False
15,KOKOMO,Lookman,A,,,False,False
15,KOKOMO,Dybala,A,6.5,6.5,True,False
15,KOKOMO,Mandas,P,,,False,True
15,KOKOMO,Furlanetto,P,,,False,True
15,KOKOMO,Bisseck,D,6.5,6.5,False,True
15,KOKOMO,Delprato,D,,,False,True
15,KOKOMO,Biraghi,D,,,False,True
15,KOKOMO,Rugani,D,,,False,True
15,KOKOMO,Miretti,C,6.5,6.5,True,True
15,KOKOMO,Ederson D.S.,C,6.5,6.5,False,True
15,KOKOMO,Matic,C,6.5,6.5,False,True
15,KOKOMO,Vergara,C,,,False,True
15,KOKOMO,Benedyczak,A,5.5,5.5,True,True
15,KOKOMO,Pavoletti,A,,,False,True
15,KOKOMO,Piccoli,A,5.0,5.0,False,True
15,KOKOMO,Buffon L.,A,,,False,True
15,ULTRAMENG,Butez,P,6.5,7.0,True,False
15,ULTRAMENG,Angelino,D,,,False,False
15,ULTRAMENG,N'Dicka,D,,,False,False
15,ULTRAMENG,Buongiorno,D,6.0,6.0,True,False
15,ULTRAMENG,Mina,D,,,False,False
15,ULTRAMENG,Neres,C,6.0,6.0,True,False
15,ULTRAMENG,Ferguson,C,,,False,False
15,ULTRAMENG,De Bruyne,C,,,False,False
15,ULTRAMENG,Saelemaekers,C,6.0,6.0,True,False
15,ULTRAMENG,Camarda,A,5.5,5.5,True,False
15,ULTRAMENG,Douvikas,A,7.0,10.0,True,False
15,ULTRAMENG,Vigorito,P,,,False,True
15,ULTRAMENG,Cavlina,P,,,False,True
15,ULTRAMENG,Celik,D,6.0,6.0,True,True
15,ULTRAMENG,Kalulu,D,7.0,11.0,True,True
15,ULTRAMENG,Kossounou,D,,,False,True
15,ULTRAMENG,Ghilardi,D,6.0,6.0,True,True
15,ULTRAMENG,Sottil,C,6.0,5.5,True,True
15,ULTRAMENG,Rowe,C,6.0,6.0,True,True
15,ULTRAMENG,Conceicao,C,,,False,True
15,ULTRAMENG,Jashari,C,6.0,6.0,False,True
15,ULTRAMENG,Nkunku,A,7.5,12.5,False,True
15,ULTRAMENG,Simeone,A,5.5,5.5,False,True
15,ULTRAMENG,Adams C.,A,6.5,7.5,False,True
15,ULTRAMENG,Lukaku,A,,,False,True
15,NI99ER NO.1,Milinkovic-Savic V.,P,6.0,7.0,True,False
15,NI99ER NO.1,Wesley,D,6.0,6.0,True,False
15,NI99ER NO.1,Bremer,D,6.0,6.0,True,False
15,NI99ER NO.1,Rensch,D,,,False,False
15,NI99ER NO.1,Norton-Cuffy,D,5.5,5.5,True,False
15,NI99ER NO.1,Rabiot,C,7.0,8.0,True,False
15,NI99ER NO.1,Tourè I.,C,5.5,5.5,True,False
15,NI99ER NO.1,Pasalic,C,5.5,5.5,True,False
15,NI99ER NO.1,Openda,A,5.0,5.0,True,False
15,NI99ER NO.1,Thuram,A,5.5,5.5,True,False
15,NI99ER NO.1,Leao,A,,,False,False
15,NI99ER NO.1,Heggem,D,,,False,True
15,NI99ER NO.1,Cuadrado,D,,,False,True
15,NI99ER NO.1,Gabbia,D,,,False,True
15,NI99ER NO.1,Pezzella Giu.,D,5.5,5.5,True,True
15,NI99ER NO.1,Diouf,C,,,False,True
15,NI99ER NO.1,Mkhitaryan,C,6.0,6.0,False,True
15,NI99ER NO.1,Casadei,C,,,False,True
15,NI99ER NO.1,Vandeputte,C,,,False,True
15,NI99ER NO.1,David,A,6.0,6.5,True,True
15,NI99ER NO.1,Giovane,A,6.0,6.0,False,True
15,NI99ER NO.1,Orban G.,A,5.5,5.5,False,True
15,NI99ER NO.1,Meret,P,,,False,True
15,NI99ER NO.1,Israel,P,,,False,True
15,NI99ER NO.1,Stengs,C,,,False,True
15,ROMAZDA,Ravaglia F.,P,5.5,4.0,True,False
15,ROMAZDA,Martin,D,5.5,5.5,True,False
15,ROMAZDA,Carlos Augusto,D,6.0,6.0,True,False
15,ROMAZDA,Akanji,D,7.0,7.0,True,False
15,ROMAZDA,Cambiaso,D,6.0,6.0,True,False
15,ROMAZDA,Zanoli,D,6.0,6.0,True,False
15,ROMAZDA,Folorunsho,C,,,False,False
15,ROMAZDA,Gudmundsson A.,C,6.0,6.0,True,False
15,ROMAZDA,Vlasic,C,7.0,9.5,True,False
15,ROMAZDA,Yildiz,A,6.5,9.5,True,False
15,ROMAZDA,Ferguson E.,A,7.0,11.0,True,False
15,ROMAZDA,Krstovic,A,,,False,True
15,ROMAZDA,Sanabria,A,5.5,5.5,False,True
15,ROMAZDA,Bravo,A,,,False,True
15,ROMAZDA,Dovbyk,A,,,False,True
15,ROMAZDA,Tramoni M.,C,5.5,5.0,True,True
15,ROMAZDA,Carboni V.,C,,,False,True
15,ROMAZDA,Pierotti,C,5.5,5.5,False,True
15,ROMAZDA,Thorstvedt,C,5.5,5.5,False,True
15,ROMAZDA,Zaccagni,C,5.5,5.5,False,True
15,ROMAZDA,Floriani Mussolini,D,,,False,True
15,ROMAZDA,Dumfries,D,,,False,True
15,ROMAZDA,Gatti,D,,,False,True
15,ROMAZDA,Skorupski,P,,,False,True
15,ROMAZDA,Martinez Jo.,P,,,False,True
15,7UPEVERYDAY,Maignan,P,6.0,7.0,True,False
15,7UPEVERYDAY,Olivera,D,,,False,False
15,7UPEVERYDAY,Spinazzola,D,7.0,7.0,True,False
15,7UPEVERYDAY,Doig,D,6.0,6.0,True,False
15,7UPEVERYDAY,Valle,D,,,False,False
15,7UPEVERYDAY,Volpato,C,6.0,6.0,True,False
15,7UPEVERYDAY,Zhegrova,C,6.5,6.5,True,False
15,7UPEVERYDAY,Zaniolo,C,6.5,6.0,True,False
15,7UPEVERYDAY,Vardy,A,5.5,5.5,True,False
15,7UPEVERYDAY,De Ketelaere,A,6.0,6.0,True,False
15,7UPEVERYDAY,Kean,A,5.0,5.0,True,False
15,7UPEVERYDAY,Terracciano,P,,,False,True
15,7UPEVERYDAY,De Gea,P,6.0,5.0,False,True
15,7UPEVERYDAY,Joao Mario,D,,,False,True
15,7UPEVERYDAY,Tsimikas,D,,,False,True
15,7UPEVERYDAY,Gutierrez,D,6.0,6.0,True,True
15,7UPEVERYDAY,Hien,D,6.0,6.0,True,True
15,7UPEVERYDAY,Zambo Anguissa,C,,,False,True
15,7UPEVERYDAY,Cremaschi,C,,,False,True
15,7UPEVERYDAY,Oristanio,C,6.0,6.0,False,True
15,7UPEVERYDAY,El Shaarawy,C,6.0,6.0,False,True
15,7UPEVERYDAY,Stanciu,C,,,False,True
15,7UPEVERYDAY,Bonny,A,,,False,True
15,7UPEVERYDAY,Esposito F.P.,A,6.5,7.5,False,True
15,7UPEVERYDAY,Gimenez,A,,,False,True
15,TEAM HANQI,Falcone,P,5.5,2.5,True,False
15,TEAM HANQI,Luperto,D,6.5,6.5,True,False
15,TEAM HANQI,Rrahmani,D,6.0,6.0,True,False
15,TEAM HANQI,Di Lorenzo,D,6.5,6.5,True,False
15,TEAM HANQI,Koopmeiners,C,5.5,5.5,True,False
15,TEAM HANQI,Paz N.,C,7.5,12.5,True,False
15,TEAM HANQI,Caqueret,C,,,False,False
15,TEAM HANQI,Orsolini,C,5.5,5.5,True,False
15,TEAM HANQI,Zapata D.,A,5.5,5.5,True,False
15,TEAM HANQI,Cancellieri,A,6.5,6.0,True,False
15,TEAM HANQI,Bonazzoli,A,6.0,5.5,True,False
15,TEAM HANQI,Semper,P,6.0,4.0,False,True
15,TEAM HANQI,Sava,P,,,False,True
15,TEAM HANQI,De Winter,D,6.0,6.0,False,True
15,TEAM HANQI,Ziolkowski,D,6.5,6.5,False,True
15,TEAM HANQI,Beukema,D,,,False,True
15,TEAM HANQI,Vitik,D,6.0,6.0,False,True
15,TEAM HANQI,Baturina,C,,,False,True
15,TEAM HANQI,Adzic,C,,,False,True
15,TEAM HANQI,El Aynaoui,C,,,False,True
15,TEAM HANQI,Dia,A,,,False,True
15,TEAM HANQI,Diao,A,,,False,True
15,TEAM HANQI,Vlahovic,A,,,False,True
15,TEAM HANQI,Paz Y.,D,,,False,True
15,TEAM HANQI,Pellegrini Lo.,C,,,False,True
15,TEAM ZTOTTI,Caprile,P,6.5,5.5,True,False
15,TEAM ZTOTTI,Miranda J.,D,6.0,6.0,True,False
15,TEAM ZTOTTI,Bertola,D,5.5,5.5,True,False
15,TEAM ZTOTTI,Hermoso,D,6.5,6.5,True,False
15,TEAM ZTOTTI,Palestra,D,7.0,7.0,True,False
15,TEAM ZTOTTI,Sucic P.,C,,,False,False
15,TEAM ZTOTTI,Bernabè,C,6.5,6.5,True,False
15,TEAM ZTOTTI,Konè M.,C,7.5,11.5,True,False
15,TEAM ZTOTTI,Cambiaghi,A,,,False,False
15,TEAM ZTOTTI,Martinez L.,A,7.0,11.0,True,False
15,TEAM ZTOTTI,Soulè,A,7.5,10.5,True,False
15,TEAM ZTOTTI,Sommer,P,6.0,7.0,False,True
15,TEAM ZTOTTI,Radunovic,P,,,False,True
15,TEAM ZTOTTI,Estupinan,D,,,False,True
15,TEAM ZTOTTI,Posch,D,,,False,True
15,TEAM ZTOTTI,Lovik,D,,,False,True
15,TEAM ZTOTTI,Politano,C,6.5,6.5,True,True
15,TEAM ZTOTTI,Miller L.,C,,,False,True
15,TEAM ZTOTTI,Colombo,A,6.0,6.0,True,True
15,TEAM ZTOTTI,Stulic,A,5.5,5.5,False,True
15,TEAM ZTOTTI,Meister,A,,,False,True
15,SIR CROCODILE,Svilar,P,6.0,5.0,True,False
15,SIR CROCODILE,Terracciano F.,D,5.5,5.5,True,False
15,SIR CROCODILE,Solet,D,5.5,3.5,True,False
15,SIR CROCODILE,Bastoni,D,6.0,5.5,True,False
15,SIR CROCODILE,Dodò,D,5.5,5.5,True,False
15,SIR CROCODILE,Mandragora,C,5.5,5.0,True,False
15,SIR CROCODILE,Thuram K.,C,5.5,5.5,True,False
15,SIR CROCODILE,Cristante,C,6.5,6.5,True,False
15,SIR CROCODILE,Pinamonti,A,5.5,5.5,True,False
15,SIR CROCODILE,Esposito Se.,A,5.5,5.5,True,False
15,SIR CROCODILE,Castro S.,A,5.5,5.5,True,False
15,SIR CROCODILE,Gollini,P,,,False,True
15,SIR CROCODILE,Leali,P,,,False,True
15,SIR CROCODILE,Kristensen T.,D,5.5,5.5,False,True
15,SIR CROCODILE,Zortea,D,6.5,7.5,False,True
15,SIR CROCODILE,Zalewski,C,6.5,6.5,False,True
15,SIR CROCODILE,Ranieri L.,D,,,False,True
15,SIR CROCODILE,Bellanova,D,,,False,True
15,SIR CROCODILE,Frattesi,C,,,False,True
15,SIR CROCODILE,Da Cunha,C,6.5,6.5,False,True
15,SIR CROCODILE,Pisilli,C,6.0,6.0,False,True
15,SIR CROCODILE,Rovella,C,,,False,True
15,SIR CROCODILE,Rodriguez Je.,A,6.5,6.5,False,True
15,SIR CROCODILE,Kilicsoy,A,7.5,11.5,False,True
15,SIR CROCODILE,Lucca,A,,,False,True
15,VRHELPME,Di Gregorio,P,6.0,7.0,True,False
15,VRHELPME,Dimarco,D,6.5,6.5,True,False
15,VRHELPME,Tavares N.,D,,,False,False
15,VRHELPME,Vasquez,D,5.0,5.0,True,False
15,VRHELPME,Valeri,D,6.0,6.0,True,False
15,VRHELPME,Loftus-Cheek,C,6.5,6.5,True,False
15,VRHELPME,Modric,C,7.0,7.0,True,False
15,VRHELPME,Ndour,C,5.5,5.5,True,False
15,VRHELPME,Castellanos,A,6.0,6.0,True,False
15,VRHELPME,Scamacca,A,5.5,5.5,True,False
15,VRHELPME,Davis K.,A,7.0,11.0,True,False
15,VRHELPME,Perin,P,,,False,True
15,VRHELPME,Djimsiti,D,4.0,4.0,True,True
15,VRHELPME,Gallo,D,5.5,5.5,False,True
15,VRHELPME,Lykogiannis,D,,,False,True
15,VRHELPME,Angori,D,6.0,5.5,False,True
15,VRHELPME,Calhanoglu,C,6.5,6.5,False,True
15,VRHELPME,Fofana Y.,C,6.0,6.0,False,True
15,VRHELPME,Asllani,C,5.5,5.5,False,True
15,VRHELPME,Vazquez,C,,,False,True
15,VRHELPME,Tete Morente,C,,,False,True
15,VRHELPME,Berardi,A,,,False,True
15,VRHELPME,Nzola,A,,,False,True
15,VRHELPME,Gueye,A,,,False,True
15,VRHELPME,Pinsoglio,P,,,False,True
16,KOKOMO,Provedel,P,6.0,4.0,True,False
16,KOKOMO,Tomori,D,6.0,6.0,True,False
16,KOKOMO,Pavlovic,D,,,False,False
16,KOKOMO,Mancini,D,6.0,5.5,True,False
16,KOKOMO,McTominay,C,6.5,6.5,True,False
16,KOKOMO,Barella,C,6.0,5.5,True,False
16,KOKOMO,Locatelli,C,6.5,6.5,True,False
16,KOKOMO,Miretti,C,,,False,False
16,KOKOMO,Matic,C,5.5,5.0,True,False
16,KOKOMO,Dallinga,A,,,False,False
16,KOKOMO,Dybala,A,5.0,5.0,True,False
16,KOKOMO,Mandas,P,,,False,True
16,KOKOMO,Furlanetto,P,,,False,True
16,KOKOMO,Baschirotto,D,6.0,6.0,True,True
16,KOKOMO,Biraghi,D,,,False,True
16,KOKOMO,Bisseck,D,6.0,6.0,False,True
16,KOKOMO,Delprato,D,6.0,6.0,False,True
16,KOKOMO,Rugani,D,,,False,True
16,KOKOMO,Odgaard,C,5.5,5.5,True,True
16,KOKOMO,Bernardeschi,C,,,False,True
16,KOKOMO,Vergara,C,,,False,True
16,KOKOMO,Benedyczak,A,,,False,True
16,KOKOMO,Buffon L.,A,,,False,True
16,KOKOMO,Lookman,A,,,False,True
16,KOKOMO,Nzola,A,6.0,6.0,True,True
16,SIR CROCODILE,Svilar,P,5.0,4.0,True,False
16,SIR CROCODILE,Terracciano F.,D,6.5,6.5,True,False
16,SIR CROCODILE,Solet,D,6.0,6.0,True,False
16,SIR CROCODILE,Bastoni,D,6.0,5.5,True,False
16,SIR CROCODILE,Ranieri L.,D,5.5,5.5,True,False
16,SIR CROCODILE,Mandragora,C,6.0,6.0,True,False
16,SIR CROCODILE,Thuram K.,C,6.0,6.0,True,False
16,SIR CROCODILE,Cristante,C,5.5,5.5,True,False
16,SIR CROCODILE,Pinamonti,A,5.0,5.0,True,False
16,SIR CROCODILE,Kilicsoy,A,5.5,5.5,True,False
16,SIR CROCODILE,Castro S.,A,6.5,9.5,True,False
16,SIR CROCODILE,Gollini,P,,,False,True
16,SIR CROCODILE,Leali,P,5.0,4.0,False,True
16,SIR CROCODILE,Kristensen T.,D,6.5,6.5,False,True
16,SIR CROCODILE,Dodò,D,6.0,5.5,False,True
16,SIR CROCODILE,Zortea,D,5.5,5.5,False,True
16,SIR CROCODILE,Zalewski,C,6.0,7.0,False,True
16,SIR CROCODILE,Bellanova,D,,,False,True
16,SIR CROCODILE,Gaetano,C,6.0,6.0,False,True
16,SIR CROCODILE,Da Cunha,C,7.0,10.0,False,True
16,SIR CROCODILE,Frattesi,C,,,False,True
16,SIR CROCODILE,Pisilli,C,,,False,True
16,SIR CROCODILE,Esposito Se.,A,6.0,6.0,False,True
16,SIR CROCODILE,Rodriguez Je.,A,6.5,6.0,False,True
16,SIR CROCODILE,Lucca,A,,,False,True
16,TEAM HANQI,Montipò,P,6.0,3.0,True,False
16,TEAM HANQI,Bartesaghi,D,6.5,6.5,True,False
16,TEAM HANQI,Ziolkowski,D,5.5,5.5,True,False
16,TEAM HANQI,Rrahmani,D,7.5,10.0,True,False
16,TEAM HANQI,Di Lorenzo,D,6.5,6.5,True,False
16,TEAM HANQI,Paz N.,C,6.0,6.0,True,False
16,TEAM HANQI,Konè I.,C,6.0,6.0,True,False
16,TEAM HANQI,Orsolini,C,6.0,6.0,True,False
16,TEAM HANQI,Bonazzoli,A,5.5,5.5,True,False
16,TEAM HANQI,Ekhator,A,5.5,5.5,True,False
16,TEAM HANQI,Orban G.,A,6.0,6.0,True,False
16,TEAM HANQI,Falcone,P,8.0,8.5,False,True
16,TEAM HANQI,Luperto,D,5.5,5.5,False,True
16,TEAM HANQI,Mazzocchi,D,5.0,4.0,False,True
16,TEAM HANQI,Fabbian,C,,,False,True
16,TEAM HANQI,Luis Henrique,C,6.0,6.0,False,True
16,TEAM HANQI,Musah,C,6.0,6.0,False,True
16,TEAM HANQI,Cancellieri,A,5.5,5.5,False,True
16,TEAM HANQI,Noslin,A,4.5,3.5,False,True
16,TEAM HANQI,Gueye,A,,,False,True
16,TEAM HANQI,Di Gennaro,P,,,False,True
16,TEAM HANQI,Beukema,D,,,False,True
16,TEAM HANQI,Pellegrini Lo.,C,,,False,True
16,TEAM HANQI,El Aynaoui,C,,,False,True
16,TEAM HANQI,Diego Carlos,D,,,False,True
16,XIAOYEZI,Carnesecchi,P,6.5,7.5,True,False
16,XIAOYEZI,Ramon,D,6.5,6.5,True,False
16,XIAOYEZI,Gosens,D,6.0,6.0,True,False
16,XIAOYEZI,Marusic,D,4.0,3.0,True,False
16,XIAOYEZI,Vojvoda,D,6.0,6.0,True,False
16,XIAOYEZI,Fagioli,C,6.5,6.5,True,False
16,XIAOYEZI,Pobega,C,5.0,5.0,True,False
16,XIAOYEZI,Pulisic,C,,,False,False
16,XIAOYEZI,Isaksen,C,5.5,5.5,True,False
16,XIAOYEZI,Pellegrino M.,A,7.0,11.0,True,False
16,XIAOYEZI,Hojlund,A,6.0,6.0,True,False
16,XIAOYEZI,Lazaro,D,6.5,6.5,False,True
16,XIAOYEZI,Zappa,D,5.5,5.5,False,True
16,XIAOYEZI,Scalvini,D,7.0,11.0,False,True
16,XIAOYEZI,Coco,D,7.0,7.0,False,True
16,XIAOYEZI,Frendrup,C,6.0,6.0,True,True
16,XIAOYEZI,De Roon,C,6.5,6.0,False,True
16,XIAOYEZI,Maldini,C,6.0,6.0,False,True
16,XIAOYEZI,Serdar,C,6.0,6.0,False,True
16,XIAOYEZI,Lang,A,,,False,True
16,XIAOYEZI,Cutrone,A,,,False,True
16,XIAOYEZI,Morata,A,,,False,True
16,XIAOYEZI,Rossi F.,P,,,False,True
16,XIAOYEZI,Sportiello,P,,,False,True
16,XIAOYEZI,Addai,A,,,False,True
16,7UPEVERYDAY,Maignan,P,6.0,7.0,True,False
16,7UPEVERYDAY,Olivera,D,,,False,False
16,7UPEVERYDAY,Spinazzola,D,7.0,11.0,True,False
16,7UPEVERYDAY,Doig,D,6.5,6.5,True,False
16,7UPEVERYDAY,Valle,D,,,False,False
16,7UPEVERYDAY,Volpato,C,,,False,False
16,7UPEVERYDAY,Zhegrova,C,6.0,6.0,True,False
16,7UPEVERYDAY,Zaniolo,C,6.0,6.0,True,False
16,7UPEVERYDAY,Vardy,A,5.5,5.5,True,False
16,7UPEVERYDAY,De Ketelaere,A,6.0,6.0,True,False
16,7UPEVERYDAY,Kean,A,7.0,11.0,True,False
16,7UPEVERYDAY,Terracciano,P,,,False,True
16,7UPEVERYDAY,De Gea,P,6.5,7.5,False,True
16,7UPEVERYDAY,Joao Mario,D,,,False,True
16,7UPEVERYDAY,Tsimikas,D,6.0,6.0,True,True
16,7UPEVERYDAY,Gutierrez,D,,,False,True
16,7UPEVERYDAY,Hien,D,6.0,6.0,True,True
16,7UPEVERYDAY,Zambo Anguissa,C,,,False,True
16,7UPEVERYDAY,Cremaschi,C,,,False,True
16,7UPEVERYDAY,Oristanio,C,6.0,6.0,True,True
16,7UPEVERYDAY,El Shaarawy,C,5.5,5.5,False,True
16,7UPEVERYDAY,Stanciu,C,,,False,True
16,7UPEVERYDAY,Bonny,A,,,False,True
16,7UPEVERYDAY,Esposito F.P.,A,6.0,6.0,False,True
16,7UPEVERYDAY,Gimenez,A,,,False,True
16,NI99ER NO.1,Milinkovic-Savic V.,P,6.0,7.0,True,False
16,NI99ER NO.1,Wesley,D,6.0,6.0,True,False
16,NI99ER NO.1,Bremer,D,5.5,5.5,True,False
16,NI99ER NO.1,Ostigard,D,6.5,6.5,True,False
16,NI99ER NO.1,Norton-Cuffy,D,6.0,6.0,True,False
16,NI99ER NO.1,Rabiot,C,6.5,7.5,True,False
16,NI99ER NO.1,Vandeputte,C,5.5,5.5,True,False
16,NI99ER NO.1,Ondrejka,C,6.0,6.0,True,False
16,NI99ER NO.1,Openda,A,5.0,5.0,True,False
16,NI99ER NO.1,Thuram,A,7.0,10.0,True,False
16,NI99ER NO.1,Leao,A,7.0,11.0,True,False
16,NI99ER NO.1,Rensch,D,5.5,5.5,False,True
16,NI99ER NO.1,Heggem,D,5.5,5.5,False,True
16,NI99ER NO.1,Gabbia,D,,,False,True
16,NI99ER NO.1,Pezzella Giu.,D,5.5,5.5,False,True
16,NI99ER NO.1,Tourè I.,C,6.0,6.0,False,True
16,NI99ER NO.1,Pasalic,C,,,False,True
16,NI99ER NO.1,Basic,C,5.5,5.5,False,True
16,NI99ER NO.1,Zielinski,C,7.0,10.0,False,True
16,NI99ER NO.1,Mkhitaryan,C,6.0,6.0,False,True
16,NI99ER NO.1,David,A,4.5,2.5,False,True
16,NI99ER NO.1,Giovane,A,6.0,6.0,False,True
16,NI99ER NO.1,Laurientè,A,6.0,6.0,False,True
16,NI99ER NO.1,Meret,P,,,False,True
16,NI99ER NO.1,Contini,P,,,False,True
16,TEAM ZTOTTI,Sommer,P,6.0,5.0,True,False
16,TEAM ZTOTTI,Miranda J.,D,,,False,False
16,TEAM ZTOTTI,Kolasinac,D,6.0,6.0,True,False
16,TEAM ZTOTTI,Hermoso,D,5.5,5.0,True,False
16,TEAM ZTOTTI,Palestra,D,6.0,5.5,True,False
16,TEAM ZTOTTI,Lobotka,C,7.0,7.0,True,False
16,TEAM ZTOTTI,Bernabè,C,6.5,6.5,True,False
16,TEAM ZTOTTI,Konè M.,C,5.5,5.5,True,False
16,TEAM ZTOTTI,Colombo,A,7.0,10.0,True,False
16,TEAM ZTOTTI,Martinez L.,A,7.0,12.0,True,False
16,TEAM ZTOTTI,Soulè,A,5.5,5.5,True,False
16,TEAM ZTOTTI,Caprile,P,6.0,5.0,False,True
16,TEAM ZTOTTI,Radunovic,P,,,False,True
16,TEAM ZTOTTI,Acerbi,D,,,False,True
16,TEAM ZTOTTI,Bertola,D,5.0,5.0,True,True
16,TEAM ZTOTTI,Lovik,D,,,False,True
16,TEAM ZTOTTI,Sucic P.,C,6.0,6.0,False,True
16,TEAM ZTOTTI,Politano,C,7.5,9.5,False,True
16,TEAM ZTOTTI,Miller L.,C,6.0,6.0,False,True
16,TEAM ZTOTTI,Cambiaghi,A,5.0,5.0,False,True
16,TEAM ZTOTTI,Stulic,A,6.0,6.0,False,True
16,ROMAZDA,Ravaglia F.,P,7.0,4.0,True,False
16,ROMAZDA,Martin,D,6.0,6.0,True,False
16,ROMAZDA,Carlos Augusto,D,6.0,6.0,True,False
16,ROMAZDA,Akanji,D,6.5,6.5,True,False
16,ROMAZDA,Cambiaso,D,5.0,5.0,True,False
16,ROMAZDA,Zanoli,D,6.0,6.0,True,False
16,ROMAZDA,Folorunsho,C,,,False,False
16,ROMAZDA,Gudmundsson A.,C,6.0,6.0,True,False
16,ROMAZDA,Vlasic,C,6.5,6.5,True,False
16,ROMAZDA,Yildiz,A,7.0,7.0,True,False
16,ROMAZDA,Ferguson E.,A,5.0,5.0,True,False
16,ROMAZDA,Krstovic,A,6.0,6.0,False,True
16,ROMAZDA,Sanabria,A,6.0,6.0,False,True
16,ROMAZDA,Bravo,A,,,False,True
16,ROMAZDA,Dovbyk,A,5.5,5.5,False,True
16,ROMAZDA,Tramoni M.,C,,,False,True
16,ROMAZDA,Carboni V.,C,,,False,True
16,ROMAZDA,Pierotti,C,5.5,5.5,True,True
16,ROMAZDA,Thorstvedt,C,7.0,10.0,False,True
16,ROMAZDA,Zaccagni,C,5.5,5.0,False,True
16,ROMAZDA,Floriani Mussolini,D,,,False,True
16,ROMAZDA,Dumfries,D,,,False,True
16,ROMAZDA,Gatti,D,,,False,True
16,ROMAZDA,Skorupski,P,,,False,True
16,ROMAZDA,Martinez Jo.,P,,,False,True
16,VRHELPME,Di Gregorio,P,6.0,5.0,True,False
16,VRHELPME,Dimarco,D,6.5,7.5,True,False
16,VRHELPME,Kelly L.,D,6.0,6.0,True,False
16,VRHELPME,Valeri,D,6.0,6.0,True,False
16,VRHELPME,McKennie,C,7.0,11.0,True,False
16,VRHELPME,Modric,C,7.0,7.0,True,False
16,VRHELPME,Calhanoglu,C,6.5,7.0,True,False
16,VRHELPME,Loftus-Cheek,C,6.0,6.0,True,False
16,VRHELPME,Vitinha O.,A,6.0,6.0,True,False
16,VRHELPME,Scamacca,A,6.0,6.0,True,False
16,VRHELPME,Davis K.,A,5.5,5.5,True,False
16,VRHELPME,Perin,P,,,False,True
16,VRHELPME,Vasquez,D,5.5,5.5,False,True
16,VRHELPME,Angori,D,6.5,6.5,False,True
16,VRHELPME,Djimsiti,D,7.0,7.0,False,True
16,VRHELPME,Gallo,D,6.0,6.0,False,True
16,VRHELPME,Tavares N.,D,,,False,True
16,VRHELPME,Elmas,C,5.5,5.5,False,True
16,VRHELPME,Fofana Y.,C,6.0,6.0,False,True
16,VRHELPME,Ndour,C,5.5,5.5,False,True
16,VRHELPME,Asllani,C,,,False,True
16,VRHELPME,Castellanos,A,,,False,True
16,VRHELPME,Berardi,A,,,False,True
16,VRHELPME,Vlahovic,A,,,False,True
16,VRHELPME,Pinsoglio,P,,,False,True
16,ULTRAMENG,Butez,P,6.0,7.0,True,False
16,ULTRAMENG,Angelino,D,,,False,False
16,ULTRAMENG,N'Dicka,D,,,False,False
16,ULTRAMENG,Buongiorno,D,,,False,False
16,ULTRAMENG,Mina,D,,,False,False
16,ULTRAMENG,Neres,C,6.5,6.5,True,False
16,ULTRAMENG,Ferguson,C,5.5,5.5,True,False
16,ULTRAMENG,De Bruyne,C,,,False,False
16,ULTRAMENG,Saelemaekers,C,6.0,5.5,True,False
16,ULTRAMENG,Camarda,A,5.0,5.0,True,False
16,ULTRAMENG,Douvikas,A,6.0,6.0,True,False
16,ULTRAMENG,Vigorito,P,,,False,True
16,ULTRAMENG,Cavlina,P,,,False,True
16,ULTRAMENG,Celik,D,5.5,5.5,True,True
16,ULTRAMENG,Kalulu,D,5.5,5.5,True,True
16,ULTRAMENG,Kossounou,D,,,False,True
16,ULTRAMENG,Ghilardi,D,,,False,True
16,ULTRAMENG,Sottil,C,,,False,True
16,ULTRAMENG,Rowe,C,5.0,4.5,True,True
16,ULTRAMENG,Conceicao,C,5.5,5.5,False,True
16,ULTRAMENG,Jashari,C,,,False,True
16,ULTRAMENG,Nkunku,A,,,False,True
16,ULTRAMENG,Simeone,A,7.0,11.0,False,True
16,ULTRAMENG,Adams C.,A,6.0,6.0,False,True
16,ULTRAMENG,Lukaku,A,,,False,True
17,NI99ER NO.1,Milinkovic-Savic V.,P,6.0,4.0,True,False
17,NI99ER NO.1,Wesley,D,6.0,6.0,True,False
17,NI99ER NO.1,Bremer,D,6.5,6.5,True,False
17,NI99ER NO.1,Gabbia,D,5.0,4.5,True,False
17,NI99ER NO.1,Heggem,D,5.0,5.0,True,False
17,NI99ER NO.1,Rabiot,C,6.5,6.5,True,False
17,NI99ER NO.1,Basic,C,6.5,6.5,True,False
17,NI99ER NO.1,Tourè I.,C,5.5,5.5,True,False
17,NI99ER NO.1,Openda,A,,,False,False
17,NI99ER NO.1,Thuram,A,7.0,9.5,True,False
17,NI99ER NO.1,Leao,A,7.0,11.0,True,False
17,NI99ER NO.1,Rensch,D,,,False,True
17,NI99ER NO.1,Pezzella Giu.,D,6.0,6.0,False,True
17,NI99ER NO.1,Norton-Cuffy,D,6.0,6.0,False,True
17,NI99ER NO.1,Ostigard,D,6.5,6.5,False,True
17,NI99ER NO.1,Zielinski,C,6.0,6.0,False,True
17,NI99ER NO.1,Pasalic,C,,,False,True
17,NI99ER NO.1,Vandeputte,C,5.5,5.5,False,True
17,NI99ER NO.1,Mkhitaryan,C,6.0,6.0,False,True
17,NI99ER NO.1,Ondrejka,C,6.5,6.5,False,True
17,NI99ER NO.1,David,A,7.5,11.5,True,True
17,NI99ER NO.1,Laurientè,A,5.0,5.0,False,True
17,NI99ER NO.1,Giovane,A,5.5,5.5,False,True
17,NI99ER NO.1,Meret,P,,,False,True
17,NI99ER NO.1,Contini,P,,,False,True
17,ROMAZDA,Ravaglia F.,P,6.0,4.0,True,False
17,ROMAZDA,Zappacosta,D,6.0,6.0,True,False
17,ROMAZDA,Carlos Augusto,D,6.5,6.0,True,False
17,ROMAZDA,Akanji,D,7.0,7.0,True,False
17,ROMAZDA,Cambiaso,D,6.5,6.5,True,False
17,ROMAZDA,Zaccagni,C,6.0,5.5,True,False
17,ROMAZDA,Gudmundsson A.,C,7.0,9.0,True,False
17,ROMAZDA,Thorstvedt,C,6.0,6.0,True,False
17,ROMAZDA,Vlasic,C,5.0,5.0,True,False
17,ROMAZDA,Yildiz,A,6.5,6.5,True,False
17,ROMAZDA,Ferguson E.,A,7.0,11.0,True,False
17,ROMAZDA,Dovbyk,A,7.0,10.0,False,True
17,ROMAZDA,Immobile,A,5.5,5.5,False,True
17,ROMAZDA,Krstovic,A,7.5,14.5,False,True
17,ROMAZDA,Piccoli,A,6.0,6.0,False,True
17,ROMAZDA,Ederson D.S.,C,6.5,6.5,False,True
17,ROMAZDA,Tramoni M.,C,6.5,6.5,False,True
17,ROMAZDA,Baldanzi,C,,,False,True
17,ROMAZDA,Folorunsho,C,,,False,True
17,ROMAZDA,Zanoli,D,7.0,8.0,False,True
17,ROMAZDA,Martin,D,6.0,6.0,False,True
17,ROMAZDA,Dumfries,D,,,False,True
17,ROMAZDA,Gatti,D,,,False,True
17,ROMAZDA,Skorupski,P,,,False,True
17,ROMAZDA,Martinez Jo.,P,,,False,True
17,7UPEVERYDAY,Maignan,P,6.0,4.5,True,False
17,7UPEVERYDAY,Olivera,D,,,False,False
17,7UPEVERYDAY,Spinazzola,D,6.0,6.0,True,False
17,7UPEVERYDAY,Doig,D,5.0,5.0,True,False
17,7UPEVERYDAY,Valle,D,6.0,6.0,True,False
17,7UPEVERYDAY,Volpato,C,,,False,False
17,7UPEVERYDAY,Zhegrova,C,,,False,False
17,7UPEVERYDAY,Zaniolo,C,7.0,10.0,True,False
17,7UPEVERYDAY,Vardy,A,7.5,11.0,True,False
17,7UPEVERYDAY,De Ketelaere,A,7.5,8.5,True,False
17,7UPEVERYDAY,Kean,A,5.5,5.5,True,False
17,7UPEVERYDAY,Terracciano,P,,,False,True
17,7UPEVERYDAY,De Gea,P,7.0,5.0,False,True
17,7UPEVERYDAY,Joao Mario,D,,,False,True
17,7UPEVERYDAY,Tsimikas,D,6.0,6.0,True,True
17,7UPEVERYDAY,Gutierrez,D,5.5,5.5,False,True
17,7UPEVERYDAY,Hien,D,6.0,6.0,False,True
17,7UPEVERYDAY,Zambo Anguissa,C,,,False,True
17,7UPEVERYDAY,Cremaschi,C,,,False,True
17,7UPEVERYDAY,Oristanio,C,5.0,5.0,True,True
17,7UPEVERYDAY,El Shaarawy,C,6.0,6.0,True,True
17,7UPEVERYDAY,Stanciu,C,4.5,2.5,False,True
17,7UPEVERYDAY,Bonny,A,,,False,True
17,7UPEVERYDAY,Esposito F.P.,A,6.5,6.5,False,True
17,7UPEVERYDAY,Gimenez,A,,,False,True
17,XIAOYEZI,Carnesecchi,P,6.5,7.5,True,False
17,XIAOYEZI,Ramon,D,6.5,6.0,True,False
17,XIAOYEZI,Gosens,D,7.0,9.5,True,False
17,XIAOYEZI,Lazaro,D,6.0,7.0,True,False
17,XIAOYEZI,Vojvoda,D,6.5,6.5,True,False
17,XIAOYEZI,Isaksen,C,5.5,5.5,True,False
17,XIAOYEZI,Pobega,C,,,False,False
17,XIAOYEZI,Pulisic,C,6.0,6.0,True,False
17,XIAOYEZI,Pellegrino M.,A,5.5,5.5,True,False
17,XIAOYEZI,Hojlund,A,5.5,5.5,True,False
17,XIAOYEZI,Lang,A,6.5,7.5,True,False
17,XIAOYEZI,Scalvini,D,6.5,6.5,False,True
17,XIAOYEZI,Zappa,D,5.5,5.5,False,True
17,XIAOYEZI,Coco,D,6.5,6.0,False,True
17,XIAOYEZI,Frendrup,C,6.0,6.0,True,True
17,XIAOYEZI,De Roon,C,6.5,7.5,False,True
17,XIAOYEZI,Maldini,C,,,False,True
17,XIAOYEZI,Fagioli,C,7.5,8.0,False,True
17,XIAOYEZI,Serdar,C,,,False,True
17,XIAOYEZI,Addai,A,,,False,True
17,XIAOYEZI,Cutrone,A,5.5,5.5,False,True
17,XIAOYEZI,Morata,A,,,False,True
17,XIAOYEZI,Rossi F.,P,,,False,True
17,XIAOYEZI,Sportiello,P,,,False,True
17,XIAOYEZI,Marusic,D,,,False,True
17,VRHELPME,Di Gregorio,P,6.0,7.0,True,False
17,VRHELPME,Dimarco,D,7.5,11.5,True,False
17,VRHELPME,Gallo,D,5.5,5.5,True,False
17,VRHELPME,Angori,D,6.0,6.0,True,False
17,VRHELPME,Valeri,D,6.0,6.0,True,False
17,VRHELPME,Elmas,C,5.5,5.5,True,False
17,VRHELPME,Modric,C,6.0,6.0,True,False
17,VRHELPME,Calhanoglu,C,6.5,6.0,True,False
17,VRHELPME,Vitinha O.,A,6.5,6.5,True,False
17,VRHELPME,Scamacca,A,,,False,False
17,VRHELPME,Davis K.,A,7.0,8.0,True,False
17,VRHELPME,Perin,P,,,False,True
17,VRHELPME,Vasquez,D,6.5,6.5,False,True
17,VRHELPME,Kelly L.,D,,,False,True
17,VRHELPME,Djimsiti,D,7.0,7.0,False,True
17,VRHELPME,Tavares N.,D,,,False,True
17,VRHELPME,Loftus-Cheek,C,6.0,6.0,False,True
17,VRHELPME,McKennie,C,6.5,6.5,False,True
17,VRHELPME,Fofana Y.,C,5.0,5.0,False,True
17,VRHELPME,Ndour,C,5.5,5.5,False,True
17,VRHELPME,Asllani,C,,,False,True
17,VRHELPME,Castellanos,A,,,False,True
17,VRHELPME,Berardi,A,,,False,True
17,VRHELPME,Vlahovic,A,,,False,True
17,VRHELPME,Pinsoglio,P,,,False,True
17,TEAM HANQI,Falcone,P,6.0,4.0,True,False
17,TEAM HANQI,Bartesaghi,D,5.0,5.0,True,False
17,TEAM HANQI,Diego Carlos,D,,,False,False
17,TEAM HANQI,Rrahmani,D,6.0,6.0,True,False
17,TEAM HANQI,Di Lorenzo,D,6.5,10.5,True,False
17,TEAM HANQI,Orsolini,C,5.0,5.0,True,False
17,TEAM HANQI,Konè I.,C,5.0,5.0,True,False
17,TEAM HANQI,Paz N.,C,6.0,6.0,True,False
17,TEAM HANQI,Luis Henrique,C,6.0,6.0,True,False
17,TEAM HANQI,Bonazzoli,A,7.0,7.5,True,False
17,TEAM HANQI,Cancellieri,A,6.0,5.5,True,False
17,TEAM HANQI,Montipò,P,5.0,3.0,False,True
17,TEAM HANQI,Ziolkowski,D,7.0,7.0,True,True
17,TEAM HANQI,Luperto,D,5.0,4.5,False,True
17,TEAM HANQI,Beukema,D,,,False,True
17,TEAM HANQI,Fabbian,C,5.5,5.5,False,True
17,TEAM HANQI,Musah,C,6.0,6.0,False,True
17,TEAM HANQI,Orban G.,A,7.0,8.5,False,True
17,TEAM HANQI,Ekhator,A,6.5,6.5,False,True
17,TEAM HANQI,Gueye,A,,,False,True
17,TEAM HANQI,Mazzocchi,D,,,False,True
17,TEAM HANQI,Noslin,A,,,False,True
17,TEAM HANQI,Di Gennaro,P,,,False,True
17,TEAM HANQI,Pellegrini Lo.,C,,,False,True
17,TEAM HANQI,El Aynaoui,C,,,False,True
17,ULTRAMENG,Butez,P,7.0,10.0,True,False
17,ULTRAMENG,Angelino,D,,,False,False
17,ULTRAMENG,N'Dicka,D,,,False,False
17,ULTRAMENG,Buongiorno,D,5.0,5.0,True,False
17,ULTRAMENG,Mina,D,4.5,4.5,True,False
17,ULTRAMENG,Neres,C,,,False,False
17,ULTRAMENG,Ferguson,C,5.5,5.5,True,False
17,ULTRAMENG,De Bruyne,C,,,False,False
17,ULTRAMENG,Saelemaekers,C,6.0,6.0,True,False
17,ULTRAMENG,Camarda,A,5.5,5.5,True,False
17,ULTRAMENG,Douvikas,A,7.5,12.5,True,False
17,ULTRAMENG,Vigorito,P,,,False,True
17,ULTRAMENG,Cavlina,P,,,False,True
17,ULTRAMENG,Celik,D,6.5,6.5,True,True
17,ULTRAMENG,Kalulu,D,6.5,6.5,True,True
17,ULTRAMENG,Kossounou,D,,,False,True
17,ULTRAMENG,Ghilardi,D,6.5,6.5,False,True
17,ULTRAMENG,Sottil,C,5.5,5.5,True,True
17,ULTRAMENG,Rowe,C,6.0,6.0,True,True
17,ULTRAMENG,Conceicao,C,,,False,True
17,ULTRAMENG,Jashari,C,,,False,True
17,ULTRAMENG,Nkunku,A,,,False,True
17,ULTRAMENG,Simeone,A,5.0,5.0,False,True
17,ULTRAMENG,Adams C.,A,5.5,5.5,False,True
17,ULTRAMENG,Lukaku,A,,,False,True
17,SIR CROCODILE,Svilar,P,6.0,7.0,True,False
17,SIR CROCODILE,Terracciano F.,D,6.0,6.0,True,False
17,SIR CROCODILE,Solet,D,6.0,6.0,True,False
17,SIR CROCODILE,Bastoni,D,,,False,False
17,SIR CROCODILE,Kristensen T.,D,5.5,5.0,True,False
17,SIR CROCODILE,Mandragora,C,6.5,6.5,True,False
17,SIR CROCODILE,Thuram K.,C,6.5,6.5,True,False
17,SIR CROCODILE,Cristante,C,6.5,6.0,True,False
17,SIR CROCODILE,Pinamonti,A,5.0,5.0,True,False
17,SIR CROCODILE,Kilicsoy,A,6.5,6.5,True,False
17,SIR CROCODILE,Castro S.,A,5.5,5.5,True,False
17,SIR CROCODILE,Gollini,P,,,False,True
17,SIR CROCODILE,Leali,P,7.0,5.5,False,True
17,SIR CROCODILE,Ranieri L.,D,6.0,6.0,True,True
17,SIR CROCODILE,Dodò,D,6.0,6.0,False,True
17,SIR CROCODILE,Zortea,D,5.5,5.5,False,True
17,SIR CROCODILE,Bellanova,D,,,False,True
17,SIR CROCODILE,Gaetano,C,5.5,5.5,False,True
17,SIR CROCODILE,Da Cunha,C,5.5,5.0,False,True
17,SIR CROCODILE,Zalewski,C,6.5,6.5,False,True
17,SIR CROCODILE,Frattesi,C,,,False,True
17,SIR CROCODILE,Pisilli,C,6.5,7.5,False,True
17,SIR CROCODILE,Rodriguez Je.,A,6.5,7.5,False,True
17,SIR CROCODILE,Esposito Se.,A,6.0,6.0,False,True
17,SIR CROCODILE,Lucca,A,5.5,5.5,False,True
17,KOKOMO,Provedel,P,6.0,4.0,True,False
17,KOKOMO,Tomori,D,6.0,5.5,True,False
17,KOKOMO,Pavlovic,D,6.0,5.5,True,False
17,KOKOMO,Mancini,D,,,False,False
17,KOKOMO,McTominay,C,6.5,9.5,True,False
17,KOKOMO,Barella,C,6.5,7.5,True,False
17,KOKOMO,Locatelli,C,7.0,7.0,True,False
17,KOKOMO,Miretti,C,7.0,10.0,True,False
17,KOKOMO,Matic,C,6.0,6.0,True,False
17,KOKOMO,Dallinga,A,4.5,4.5,True,False
17,KOKOMO,Dybala,A,6.5,7.5,True,False
17,KOKOMO,Mandas,P,,,False,True
17,KOKOMO,Furlanetto,P,,,False,True
17,KOKOMO,Baschirotto,D,5.5,5.5,True,True
17,KOKOMO,Biraghi,D,,,False,True
17,KOKOMO,Bisseck,D,7.0,7.0,False,True
17,KOKOMO,Delprato,D,5.0,5.0,False,True
17,KOKOMO,Rugani,D,,,False,True
17,KOKOMO,Odgaard,C,,,False,True
17,KOKOMO,Bernardeschi,C,,,False,True
17,KOKOMO,Vergara,C,,,False,True
17,KOKOMO,Benedyczak,A,,,False,True
17,KOKOMO,Buffon L.,A,,,False,True
17,KOKOMO,Lookman,A,,,False,True
17,KOKOMO,Nzola,A,4.5,2.5,False,True
17,TEAM ZTOTTI,Sommer,P,6.0,7.0,True,False
17,TEAM ZTOTTI,Miranda J.,D,6.0,6.0,True,False
17,TEAM ZTOTTI,Acerbi,D,,,False,False
17,TEAM ZTOTTI,Palestra,D,6.5,6.5,True,False
17,TEAM ZTOTTI,Sucic P.,C,5.5,5.5,True,False
17,TEAM ZTOTTI,Konè M.,C,6.0,6.0,True,False
17,TEAM ZTOTTI,Lobotka,C,6.0,6.0,True,False
17,TEAM ZTOTTI,Politano,C,5.5,5.5,True,False
17,TEAM ZTOTTI,Cambiaghi,A,6.0,6.0,True,False
17,TEAM ZTOTTI,Colombo,A,7.0,10.0,True,False
17,TEAM ZTOTTI,Soulè,A,,,False,False
17,TEAM ZTOTTI,Caprile,P,5.5,3.5,False,True
17,TEAM ZTOTTI,Bertola,D,,,False,True
17,TEAM ZTOTTI,Lovik,D,,,False,True
17,TEAM ZTOTTI,Kolasinac,D,,,False,True
17,TEAM ZTOTTI,Atta,C,6.5,6.5,False,True
17,TEAM ZTOTTI,Miller L.,C,6.5,6.5,False,True
17,TEAM ZTOTTI,Bernabè,C,5.5,5.5,False,True
17,TEAM ZTOTTI,Martinez L.,A,5.5,5.5,True,True
17,TEAM ZTOTTI,Stulic,A,5.5,5.5,False,True
18,ROMAZDA,Ravaglia F.,P,6.0,5.0,True,False
18,ROMAZDA,Martin,D,7.0,8.0,True,False
18,ROMAZDA,Akanji,D,5.5,5.5,True,False
18,ROMAZDA,Cambiaso,D,6.0,6.0,True,False
18,ROMAZDA,Zappacosta,D,6.0,6.0,True,False
18,ROMAZDA,Gudmundsson A.,C,6.5,7.5,True,False
18,ROMAZDA,Ederson D.S.,C,6.5,6.5,True,False
18,ROMAZDA,Vlasic,C,5.5,5.5,True,False
18,ROMAZDA,Yildiz,A,7.0,8.0,True,False
18,ROMAZDA,Ferguson E.,A,5.5,5.5,True,False
18,ROMAZDA,Krstovic,A,6.0,6.0,True,False
18,ROMAZDA,Immobile,A,5.5,5.5,False,True
18,ROMAZDA,Piccoli,A,,,False,True
18,ROMAZDA,Tramoni M.,C,7.5,10.5,False,True
18,ROMAZDA,Zanoli,D,6.5,6.5,False,True
18,ROMAZDA,Martinez Jo.,P,,,False,True
18,ROMAZDA,Dovbyk,A,,,False,True
18,ROMAZDA,Baldanzi,C,,,False,True
18,ROMAZDA,Folorunsho,C,,,False,True
18,ROMAZDA,Thorstvedt,C,,,False,True
18,ROMAZDA,Zaccagni,C,,,False,True
18,ROMAZDA,Dumfries,D,,,False,True
18,ROMAZDA,Gatti,D,,,False,True
18,ROMAZDA,Skorupski,P,,,False,True
18,ULTRAMENG,Butez,P,6.0,5.0,True,False
18,ULTRAMENG,Angelino,D,,,False,False
18,ULTRAMENG,N'Dicka,D,,,False,False
18,ULTRAMENG,Buongiorno,D,,,False,False
18,ULTRAMENG,Mina,D,,,False,False
18,ULTRAMENG,Neres,C,,,False,False
18,ULTRAMENG,Ferguson,C,6.0,5.5,True,False
18,ULTRAMENG,De Bruyne,C,,,False,False
18,ULTRAMENG,Saelemaekers,C,6.5,6.5,True,False
18,ULTRAMENG,Camarda,A,,,False,False
18,ULTRAMENG,Douvikas,A,5.5,5.5,True,False
18,ULTRAMENG,Vigorito,P,,,False,True
18,ULTRAMENG,Cavlina,P,,,False,True
18,ULTRAMENG,Celik,D,6.5,6.5,True,True
18,ULTRAMENG,Kalulu,D,6.5,7.5,True,True
18,ULTRAMENG,Kossounou,D,,,False,True
18,ULTRAMENG,Ghilardi,D,6.0,6.0,True,True
18,ULTRAMENG,Sottil,C,5.5,5.5,True,True
18,ULTRAMENG,Rowe,C,5.5,5.5,True,True
18,ULTRAMENG,Conceicao,C,,,False,True
18,ULTRAMENG,Jashari,C,5.5,5.5,False,True
18,ULTRAMENG,Nkunku,A,7.0,11.0,False,True
18,ULTRAMENG,Simeone,A,5.5,5.5,False,True
18,ULTRAMENG,Adams C.,A,6.0,6.0,False,True
18,ULTRAMENG,Lukaku,A,,,False,True
18,TEAM HANQI,Falcone,P,6.0,4.0,True,False
18,TEAM HANQI,Bartesaghi,D,5.0,5.0,True,False
18,TEAM HANQI,Ziolkowski,D,,,False,False
18,TEAM HANQI,Rrahmani,D,6.0,5.5,True,False
18,TEAM HANQI,Diego Carlos,D,5.5,5.5,True,False
18,TEAM HANQI,Di Lorenzo,D,6.5,6.5,True,False
18,TEAM HANQI,Orsolini,C,,,False,False
18,TEAM HANQI,Paz N.,C,6.5,6.0,True,False
18,TEAM HANQI,Luis Henrique,C,5.5,5.5,True,False
18,TEAM HANQI,Orban G.,A,5.5,5.5,True,False
18,TEAM HANQI,Cancellieri,A,6.5,6.0,True,False
18,TEAM HANQI,Montipò,P,6.0,5.0,False,True
18,TEAM HANQI,Luperto,D,5.0,4.5,True,True
18,TEAM HANQI,Beukema,D,5.0,5.0,False,True
18,TEAM HANQI,Mazzocchi,D,,,False,True
18,TEAM HANQI,Konè I.,C,6.5,6.5,True,True
18,TEAM HANQI,Fabbian,C,6.0,6.0,False,True
18,TEAM HANQI,Musah,C,6.0,5.5,False,True
18,TEAM HANQI,Bonazzoli,A,5.5,5.5,False,True
18,TEAM HANQI,Noslin,A,5.0,5.0,False,True
18,TEAM HANQI,Ekhator,A,6.0,6.0,False,True
18,TEAM HANQI,Gueye,A,5.5,5.5,False,True
18,TEAM HANQI,Di Gennaro,P,,,False,True
18,TEAM HANQI,Pellegrini Lo.,C,,,False,True
18,TEAM HANQI,El Aynaoui,C,,,False,True
18,KOKOMO,Provedel,P,6.5,7.5,True,False
18,KOKOMO,Tomori,D,,,False,False
18,KOKOMO,Pavlovic,D,6.0,6.0,True,False
18,KOKOMO,Mancini,D,6.5,6.5,True,False
18,KOKOMO,McTominay,C,7.5,14.5,True,False
18,KOKOMO,Barella,C,5.5,5.5,True,False
18,KOKOMO,Locatelli,C,6.5,6.5,True,False
18,KOKOMO,Miretti,C,7.0,7.5,True,False
18,KOKOMO,Matic,C,6.0,5.5,True,False
18,KOKOMO,Dallinga,A,,,False,False
18,KOKOMO,Dybala,A,6.5,6.5,True,False
18,KOKOMO,Mandas,P,,,False,True
18,KOKOMO,Furlanetto,P,,,False,True
18,KOKOMO,Baschirotto,D,4.0,4.0,True,True
18,KOKOMO,Biraghi,D,5.0,5.0,False,True
18,KOKOMO,Bisseck,D,5.5,5.5,False,True
18,KOKOMO,Delprato,D,6.0,5.5,False,True
18,KOKOMO,Rugani,D,,,False,True
18,KOKOMO,Odgaard,C,,,False,True
18,KOKOMO,Bernardeschi,C,,,False,True
18,KOKOMO,Vergara,C,,,False,True
18,KOKOMO,Benedyczak,A,,,False,True
18,KOKOMO,Buffon L.,A,,,False,True
18,KOKOMO,Lookman,A,,,False,True
18,KOKOMO,Nzola,A,,,False,True
18,SIR CROCODILE,Svilar,P,6.5,7.5,True,False
18,SIR CROCODILE,Terracciano F.,D,4.0,2.0,True,False
18,SIR CROCODILE,Solet,D,6.0,6.0,True,False
18,SIR CROCODILE,Bastoni,D,6.0,6.0,True,False
18,SIR CROCODILE,Kristensen T.,D,,,False,False
18,SIR CROCODILE,Mandragora,C,6.0,6.0,True,False
18,SIR CROCODILE,Thuram K.,C,7.0,8.0,True,False
18,SIR CROCODILE,Zalewski,C,6.5,6.5,True,False
18,SIR CROCODILE,Pinamonti,A,5.5,5.5,True,False
18,SIR CROCODILE,Kilicsoy,A,5.0,5.0,True,False
18,SIR CROCODILE,Castro S.,A,6.5,7.0,True,False
18,SIR CROCODILE,Gollini,P,,,False,True
18,SIR CROCODILE,Leali,P,7.0,8.0,False,True
18,SIR CROCODILE,Zortea,D,5.5,5.0,True,True
18,SIR CROCODILE,Dodò,D,6.5,6.5,False,True
18,SIR CROCODILE,Ranieri L.,D,,,False,True
18,SIR CROCODILE,Bellanova,D,,,False,True
18,SIR CROCODILE,Gaetano,C,5.5,5.5,False,True
18,SIR CROCODILE,Pisilli,C,6.5,6.5,False,True
18,SIR CROCODILE,Da Cunha,C,5.5,5.0,False,True
18,SIR CROCODILE,Cristante,C,,,False,True
18,SIR CROCODILE,Frattesi,C,,,False,True
18,SIR CROCODILE,Rodriguez Je.,A,7.0,7.5,False,True
18,SIR CROCODILE,Esposito Se.,A,6.5,6.5,False,True
18,SIR CROCODILE,Lucca,A,,,False,True
18,7UPEVERYDAY,Maignan,P,6.5,5.5,True,False
18,7UPEVERYDAY,Olivera,D,,,False,False
18,7UPEVERYDAY,Spinazzola,D,6.5,6.5,True,False
18,7UPEVERYDAY,Doig,D,5.5,5.5,True,False
18,7UPEVERYDAY,Valle,D,,,False,False
18,7UPEVERYDAY,Volpato,C,,,False,False
18,7UPEVERYDAY,Zhegrova,C,6.0,6.0,True,False
18,7UPEVERYDAY,Zaniolo,C,6.5,7.0,True,False
18,7UPEVERYDAY,Vardy,A,5.0,5.0,True,False
18,7UPEVERYDAY,De Ketelaere,A,7.5,11.5,True,False
18,7UPEVERYDAY,Kean,A,5.5,5.0,True,False
18,7UPEVERYDAY,Terracciano,P,,,False,True
18,7UPEVERYDAY,De Gea,P,6.5,5.5,False,True
18,7UPEVERYDAY,Joao Mario,D,,,False,True
18,7UPEVERYDAY,Tsimikas,D,5.0,5.0,True,True
18,7UPEVERYDAY,Gutierrez,D,,,False,True
18,7UPEVERYDAY,Hien,D,6.0,6.0,True,True
18,7UPEVERYDAY,Zambo Anguissa,C,,,False,True
18,7UPEVERYDAY,Cremaschi,C,,,False,True
18,7UPEVERYDAY,Oristanio,C,6.0,6.0,True,True
18,7UPEVERYDAY,El Shaarawy,C,7.0,8.0,False,True
18,7UPEVERYDAY,Stanciu,C,,,False,True
18,7UPEVERYDAY,Bonny,A,,,False,True
18,7UPEVERYDAY,Esposito F.P.,A,,,False,True
18,7UPEVERYDAY,Gimenez,A,,,False,True
18,TEAM ZTOTTI,Caprile,P,5.5,2.5,True,False
18,TEAM ZTOTTI,Miranda J.,D,6.5,6.5,True,False
18,TEAM ZTOTTI,Hermoso,D,6.0,5.5,True,False
18,TEAM ZTOTTI,Palestra,D,5.5,5.5,True,False
18,TEAM ZTOTTI,Politano,C,6.0,6.0,True,False
18,TEAM ZTOTTI,Bernabè,C,7.5,8.5,True,False
18,TEAM ZTOTTI,Atta,C,6.5,6.5,True,False
18,TEAM ZTOTTI,Konè M.,C,7.0,10.5,True,False
18,TEAM ZTOTTI,Stulic,A,7.0,10.0,True,False
18,TEAM ZTOTTI,Martinez L.,A,5.5,5.5,True,False
18,TEAM ZTOTTI,Soulè,A,7.5,11.5,True,False
18,TEAM ZTOTTI,Sommer,P,6.0,4.0,False,True
18,TEAM ZTOTTI,Bertola,D,6.0,6.0,False,True
18,TEAM ZTOTTI,Acerbi,D,,,False,True
18,TEAM ZTOTTI,Lovik,D,,,False,True
18,TEAM ZTOTTI,Kolasinac,D,,,False,True
18,TEAM ZTOTTI,Miller L.,C,5.5,5.5,False,True
18,TEAM ZTOTTI,Sucic P.,C,,,False,True
18,TEAM ZTOTTI,Lobotka,C,6.0,6.0,False,True
18,TEAM ZTOTTI,Cambiaghi,A,6.0,8.0,False,True
18,TEAM ZTOTTI,Colombo,A,7.0,11.0,False,True
18,NI99ER NO.1,Milinkovic-Savic V.,P,6.0,4.0,True,False
18,NI99ER NO.1,Rensch,D,,,False,False
18,NI99ER NO.1,Bremer,D,7.0,11.0,True,False
18,NI99ER NO.1,Ostigard,D,7.5,10.5,True,False
18,NI99ER NO.1,Norton-Cuffy,D,6.0,6.0,True,False
18,NI99ER NO.1,Rabiot,C,5.5,5.0,True,False
18,NI99ER NO.1,Pasalic,C,7.0,10.0,True,False
18,NI99ER NO.1,Zielinski,C,6.5,6.5,True,False
18,NI99ER NO.1,David,A,7.0,10.0,True,False
18,NI99ER NO.1,Thuram,A,6.5,7.5,True,False
18,NI99ER NO.1,Leao,A,5.5,5.5,True,False
18,NI99ER NO.1,Wesley,D,6.5,6.5,True,True
18,NI99ER NO.1,Gabbia,D,6.0,6.0,False,True
18,NI99ER NO.1,Heggem,D,6.5,6.5,False,True
18,NI99ER NO.1,Pezzella Giu.,D,5.0,4.5,False,True
18,NI99ER NO.1,Basic,C,,,False,True
18,NI99ER NO.1,Ondrejka,C,6.0,6.0,False,True
18,NI99ER NO.1,Tourè I.,C,6.0,6.0,False,True
18,NI99ER NO.1,Vandeputte,C,6.0,6.0,False,True
18,NI99ER NO.1,Mkhitaryan,C,6.5,6.5,False,True
18,NI99ER NO.1,Openda,A,,,False,True
18,NI99ER NO.1,Giovane,A,6.0,6.0,False,True
18,NI99ER NO.1,Laurientè,A,6.0,6.0,False,True
18,NI99ER NO.1,Meret,P,,,False,True
18,NI99ER NO.1,Contini,P,,,False,True
18,XIAOYEZI,Carnesecchi,P,7.0,8.0,True,False
18,XIAOYEZI,Ramon,D,,,False,False
18,XIAOYEZI,Gosens,D,6.5,6.5,True,False
18,XIAOYEZI,Scalvini,D,6.5,6.5,True,False
18,XIAOYEZI,Vojvoda,D,5.0,5.0,True,False
18,XIAOYEZI,Isaksen,C,6.0,6.0,True,False
18,XIAOYEZI,Pobega,C,5.5,5.5,True,False
18,XIAOYEZI,Pulisic,C,6.0,6.0,True,False
18,XIAOYEZI,De Roon,C,6.0,6.0,True,False
18,XIAOYEZI,Pellegrino M.,A,7.0,11.0,True,False
18,XIAOYEZI,Hojlund,A,6.5,6.5,True,False
18,XIAOYEZI,Marusic,D,6.0,6.0,True,True
18,XIAOYEZI,Lazaro,D,5.5,5.5,False,True
18,XIAOYEZI,Coco,D,5.5,5.5,False,True
18,XIAOYEZI,Zappa,D,5.5,5.5,False,True
18,XIAOYEZI,Maldini,C,,,False,True
18,XIAOYEZI,Fagioli,C,6.0,5.5,False,True
18,XIAOYEZI,Frendrup,C,7.0,9.5,False,True
18,XIAOYEZI,Serdar,C,5.5,5.5,False,True
18,XIAOYEZI,Addai,A,,,False,True
18,XIAOYEZI,Lang,A,6.5,7.5,False,True
18,XIAOYEZI,Cutrone,A,,,False,True
18,XIAOYEZI,Morata,A,,,False,True
18,XIAOYEZI,Rossi F.,P,,,False,True
18,XIAOYEZI,Sportiello,P,,,False,True
18,VRHELPME,Di Gregorio,P,6.5,7.5,True,False
18,VRHELPME,Dimarco,D,7.0,10.0,True,False
18,VRHELPME,Kelly L.,D,6.5,6.5,True,False
18,VRHELPME,Djimsiti,D,6.0,6.0,True,False
18,VRHELPME,Valeri,D,6.0,6.0,True,False
18,VRHELPME,Loftus-Cheek,C,5.5,5.5,True,False
18,VRHELPME,Modric,C,,,False,False
18,VRHELPME,Calhanoglu,C,6.5,8.5,True,False
18,VRHELPME,McKennie,C,7.5,10.5,True,False
18,VRHELPME,Vitinha O.,A,6.5,6.5,True,False
18,VRHELPME,Davis K.,A,6.5,8.5,True,False
18,VRHELPME,Perin,P,,,False,True
18,VRHELPME,Vasquez,D,6.5,6.5,False,True
18,VRHELPME,Angori,D,6.5,6.5,False,True
18,VRHELPME,Gallo,D,6.0,6.0,False,True
18,VRHELPME,Tavares N.,D,,,False,True
18,VRHELPME,Elmas,C,6.5,7.5,True,True
18,VRHELPME,Fofana Y.,C,6.5,7.0,False,True
18,VRHELPME,Ndour,C,6.0,6.0,False,True
18,VRHELPME,Asllani,C,,,False,True
18,VRHELPME,Scamacca,A,6.5,7.5,False,True
18,VRHELPME,Castellanos,A,,,False,True
18,VRHELPME,Berardi,A,,,False,True
18,VRHELPME,Vlahovic,A,,,False,True
18,VRHELPME,Pinsoglio,P,,,False,True
19,VRHELPME,Di Gregorio,P,,,False,False
19,VRHELPME,Dimarco,D,6.5,6.5,True,False
19,VRHELPME,Kelly L.,D,6.0,6.0,True,False
19,VRHELPME,Djimsiti,D,,,False,False
19,VRHELPME,Valeri,D,6.5,6.5,True,False
19,VRHELPME,Elmas,C,6.5,6.5,True,False
19,VRHELPME,Modric,C,,,False,False
19,VRHELPME,McKennie,C,5.0,5.0,True,False
19,VRHELPME,Vitinha O.,A,5.5,5.0,True,False
19,VRHELPME,Scamacca,A,5.0,5.0,True,False
19,VRHELPME,Arena A.,A,,,False,False
19,VRHELPME,Perin,P,6.0,5.0,True,True
19,VRHELPME,Vasquez,D,6.5,6.5,True,True
19,VRHELPME,Angori,D,5.5,5.5,False,True
19,VRHELPME,Gallo,D,6.0,6.0,False,True
19,VRHELPME,Nelsson,D,6.5,6.5,False,True
19,VRHELPME,Calhanoglu,C,,,False,True
19,VRHELPME,Koopmeiners,C,5.5,5.5,True,True
19,VRHELPME,Loftus-Cheek,C,5.5,5.5,False,True
19,VRHELPME,Fofana Y.,C,,,False,True
19,VRHELPME,Ndour,C,6.0,6.0,False,True
19,VRHELPME,Orban G.,A,5.5,5.5,True,True
19,VRHELPME,Davis K.,A,5.5,5.5,False,True
19,VRHELPME,Berardi,A,,,False,True
19,VRHELPME,Pinsoglio,P,,,False,True
19,SIR CROCODILE,Svilar,P,6.0,7.0,True,False
19,SIR CROCODILE,Terracciano F.,D,6.0,6.0,True,False
19,SIR CROCODILE,Solet,D,6.0,6.0,True,False
19,SIR CROCODILE,Bastoni,D,,,False,False
19,SIR CROCODILE,Kristensen T.,D,5.0,5.0,True,False
19,SIR CROCODILE,Mandragora,C,7.0,10.0,True,False
19,SIR CROCODILE,Thuram K.,C,,,False,False
19,SIR CROCODILE,Zalewski,C,6.0,6.0,True,False
19,SIR CROCODILE,Pinamonti,A,5.5,5.5,True,False
19,SIR CROCODILE,Kilicsoy,A,6.0,6.0,True,False
19,SIR CROCODILE,Castro S.,A,5.5,5.5,True,False
19,SIR CROCODILE,Gollini,P,,,False,True
19,SIR CROCODILE,Leali,P,6.0,7.0,False,True
19,SIR CROCODILE,Dodò,D,7.0,7.0,True,True
19,SIR CROCODILE,Ranieri L.,D,,,False,True
19,SIR CROCODILE,Zortea,D,6.0,6.0,False,True
19,SIR CROCODILE,Bellanova,D,,,False,True
19,SIR CROCODILE,Gaetano,C,6.5,7.5,True,True
19,SIR CROCODILE,Cristante,C,6.5,6.5,False,True
19,SIR CROCODILE,Da Cunha,C,6.5,6.5,False,True
19,SIR CROCODILE,Pisilli,C,6.0,6.0,False,True
19,SIR CROCODILE,Frattesi,C,,,False,True
19,SIR CROCODILE,Rodriguez Je.,A,6.0,6.0,False,True
19,SIR CROCODILE,Esposito Se.,A,5.5,5.5,False,True
19,SIR CROCODILE,Lucca,A,,,False,True
19,TEAM HANQI,Falcone,P,7.0,6.0,True,False
19,TEAM HANQI,Bartesaghi,D,,,False,False
19,TEAM HANQI,Diego Carlos,D,6.5,6.5,True,False
19,TEAM HANQI,Rrahmani,D,6.5,6.5,True,False
19,TEAM HANQI,Di Lorenzo,D,6.5,6.5,True,False
19,TEAM HANQI,Luis Henrique,C,6.0,6.0,True,False
19,TEAM HANQI,Paz N.,C,7.5,11.5,True,False
19,TEAM HANQI,Perrone,C,6.5,6.5,True,False
19,TEAM HANQI,Orsolini,C,5.5,5.5,True,False
19,TEAM HANQI,Bonazzoli,A,5.0,4.5,True,False
19,TEAM HANQI,Vaz,A,5.5,5.5,True,False
19,TEAM HANQI,Muric,P,6.0,5.0,False,True
19,TEAM HANQI,Beukema,D,6.0,6.0,True,True
19,TEAM HANQI,Luperto,D,6.5,6.5,False,True
19,TEAM HANQI,Ziolkowski,D,,,False,True
19,TEAM HANQI,Mazzocchi,D,6.0,6.0,False,True
19,TEAM HANQI,Taylor K.,C,4.5,4.5,False,True
19,TEAM HANQI,Fabbian,C,6.5,9.5,False,True
19,TEAM HANQI,Musah,C,5.5,5.5,False,True
19,TEAM HANQI,Durosinmi,A,7.0,11.0,False,True
19,TEAM HANQI,Solomon,A,5.5,5.5,False,True
19,TEAM HANQI,Fullkrug,A,7.0,11.0,False,True
19,TEAM HANQI,Gueye,A,5.5,5.5,False,True
19,TEAM HANQI,Di Gennaro,P,,,False,True
19,TEAM HANQI,El Aynaoui,C,,,False,True
19,KOKOMO,Provedel,P,7.0,6.0,True,False
19,KOKOMO,Tomori,D,6.0,6.0,True,False
19,KOKOMO,Pavlovic,D,,,False,False
19,KOKOMO,Mancini,D,7.0,6.5,True,False
19,KOKOMO,McTominay,C,6.0,6.0,True,False
19,KOKOMO,Barella,C,5.5,5.5,True,False
19,KOKOMO,Locatelli,C,6.0,6.0,True,False
19,KOKOMO,Miretti,C,5.5,5.5,True,False
19,KOKOMO,Matic,C,5.5,5.5,True,False
19,KOKOMO,Dallinga,A,,,False,False
19,KOKOMO,Dybala,A,7.5,11.5,True,False
19,KOKOMO,Mandas,P,,,False,True
19,KOKOMO,Furlanetto,P,,,False,True
19,KOKOMO,Baschirotto,D,6.5,6.5,True,True
19,KOKOMO,Biraghi,D,,,False,True
19,KOKOMO,Bisseck,D,6.0,6.0,False,True
19,KOKOMO,Delprato,D,6.0,6.0,False,True
19,KOKOMO,Rugani,D,,,False,True
19,KOKOMO,Odgaard,C,5.0,5.0,False,True
19,KOKOMO,Bernardeschi,C,,,False,True
19,KOKOMO,Vergara,C,6.0,6.0,False,True
19,KOKOMO,Benedyczak,A,,,False,True
19,KOKOMO,Buffon L.,A,,,False,True
19,KOKOMO,Lookman,A,,,False,True
19,KOKOMO,Nzola,A,,,False,True
19,ULTRAMENG,Butez,P,6.5,7.5,True,False
19,ULTRAMENG,Angelino,D,,,False,False
19,ULTRAMENG,N'Dicka,D,7.0,7.0,True,False
19,ULTRAMENG,Buongiorno,D,6.0,6.0,True,False
19,ULTRAMENG,Mina,D,7.0,7.0,True,False
19,ULTRAMENG,Neres,C,,,False,False
19,ULTRAMENG,Ferguson,C,6.0,5.5,True,False
19,ULTRAMENG,De Bruyne,C,,,False,False
19,ULTRAMENG,Saelemaekers,C,7.0,8.0,True,False
19,ULTRAMENG,Camarda,A,,,False,False
19,ULTRAMENG,Douvikas,A,,,False,False
19,ULTRAMENG,Vigorito,P,,,False,True
19,ULTRAMENG,Cavlina,P,,,False,True
19,ULTRAMENG,Celik,D,,,False,True
19,ULTRAMENG,Kalulu,D,5.5,5.5,True,True
19,ULTRAMENG,Kossounou,D,,,False,True
19,ULTRAMENG,Ghilardi,D,6.0,6.0,False,True
19,ULTRAMENG,Sottil,C,6.0,6.0,True,True
19,ULTRAMENG,Rowe,C,7.0,8.0,True,True
19,ULTRAMENG,Conceicao,C,,,False,True
19,ULTRAMENG,Jashari,C,6.5,6.5,False,True
19,ULTRAMENG,Nkunku,A,,,False,True
19,ULTRAMENG,Simeone,A,,,False,True
19,ULTRAMENG,Adams C.,A,5.5,5.5,True,True
19,ULTRAMENG,Lukaku,A,,,False,True
19,NI99ER NO.1,Milinkovic-Savic V.,P,6.5,7.5,True,False
19,NI99ER NO.1,Wesley,D,6.5,6.5,True,False
19,NI99ER NO.1,Bremer,D,6.0,6.0,True,False
19,NI99ER NO.1,Ostigard,D,6.5,6.0,True,False
19,NI99ER NO.1,Heggem,D,5.0,5.0,True,False
19,NI99ER NO.1,Rabiot,C,6.5,6.5,True,False
19,NI99ER NO.1,Pasalic,C,5.5,5.0,True,False
19,NI99ER NO.1,Basic,C,,,False,False
19,NI99ER NO.1,David,A,5.0,5.0,True,False
19,NI99ER NO.1,Thuram,A,,,False,False
19,NI99ER NO.1,Leao,A,6.0,6.0,True,False
19,NI99ER NO.1,Gabbia,D,6.5,6.5,False,True
19,NI99ER NO.1,Norton-Cuffy,D,,,False,True
19,NI99ER NO.1,Rensch,D,6.0,7.0,False,True
19,NI99ER NO.1,Pezzella Giu.,D,,,False,True
19,NI99ER NO.1,Ondrejka,C,5.0,4.5,True,True
19,NI99ER NO.1,Zielinski,C,6.5,6.5,False,True
19,NI99ER NO.1,Tourè I.,C,6.5,6.5,False,True
19,NI99ER NO.1,Vandeputte,C,6.0,5.5,False,True
19,NI99ER NO.1,Mkhitaryan,C,6.0,6.0,False,True
19,NI99ER NO.1,Openda,A,5.5,5.5,True,True
19,NI99ER NO.1,Giovane,A,6.5,6.5,False,True
19,NI99ER NO.1,Laurientè,A,6.5,6.5,False,True
19,NI99ER NO.1,Meret,P,,,False,True
19,NI99ER NO.1,Contini,P,,,False,True
19,TEAM ZTOTTI,Sommer,P,6.0,7.0,True,False
19,TEAM ZTOTTI,Belghali,D,,,False,False
19,TEAM ZTOTTI,Bernasconi,D,5.5,5.5,True,False
19,TEAM ZTOTTI,Hermoso,D,6.0,6.0,True,False
19,TEAM ZTOTTI,Palestra,D,6.5,6.5,True,False
19,TEAM ZTOTTI,Politano,C,5.5,5.5,True,False
19,TEAM ZTOTTI,Atta,C,5.5,5.5,True,False
19,TEAM ZTOTTI,Konè M.,C,6.5,6.5,True,False
19,TEAM ZTOTTI,Cambiaghi,A,5.5,5.5,True,False
19,TEAM ZTOTTI,Martinez L.,A,7.0,11.0,True,False
19,TEAM ZTOTTI,Soulè,A,6.0,6.0,True,False
19,TEAM ZTOTTI,Caprile,P,7.0,8.0,False,True
19,TEAM ZTOTTI,Ciocci,P,,,False,True
19,TEAM ZTOTTI,Miranda J.,D,5.5,5.0,True,True
19,TEAM ZTOTTI,Juan Jesus,D,6.5,6.5,False,True
19,TEAM ZTOTTI,Acerbi,D,,,False,True
19,TEAM ZTOTTI,Kolasinac,D,,,False,True
19,TEAM ZTOTTI,Bernabè,C,6.0,6.0,False,True
19,TEAM ZTOTTI,Sucic P.,C,,,False,True
19,TEAM ZTOTTI,Gandelman,C,6.0,6.0,False,True
19,TEAM ZTOTTI,Lobotka,C,7.0,11.0,False,True
19,TEAM ZTOTTI,Colombo,A,6.0,6.0,False,True
19,TEAM ZTOTTI,Stulic,A,5.5,5.5,False,True
19,ROMAZDA,Ravaglia F.,P,6.0,4.0,True,False
19,ROMAZDA,Martin,D,6.0,6.0,True,False
19,ROMAZDA,Akanji,D,6.5,6.5,True,False
19,ROMAZDA,Cambiaso,D,5.5,5.5,True,False
19,ROMAZDA,Zappacosta,D,6.0,6.0,True,False
19,ROMAZDA,Zaccagni,C,5.0,4.5,True,False
19,ROMAZDA,Gudmundsson A.,C,6.5,7.5,True,False
19,ROMAZDA,Ederson D.S.,C,6.5,6.5,True,False
19,ROMAZDA,Vlasic,C,5.0,4.5,True,False
19,ROMAZDA,Yildiz,A,6.5,6.0,True,False
19,ROMAZDA,Krstovic,A,7.0,10.0,True,False
19,ROMAZDA,Ferguson E.,A,,,False,True
19,ROMAZDA,Immobile,A,,,False,True
19,ROMAZDA,Piccoli,A,7.0,11.0,False,True
19,ROMAZDA,Dovbyk,A,,,False,True
19,ROMAZDA,Tramoni M.,C,6.0,6.0,False,True
19,ROMAZDA,Baldanzi,C,,,False,True
19,ROMAZDA,Thorstvedt,C,,,False,True
19,ROMAZDA,Folorunsho,C,,,False,True
19,ROMAZDA,Carlos Augusto,D,6.0,5.5,False,True
19,ROMAZDA,Gatti,D,,,False,True
19,ROMAZDA,Zanoli,D,6.0,6.0,False,True
19,ROMAZDA,Dumfries,D,,,False,True
19,ROMAZDA,Skorupski,P,,,False,True
19,ROMAZDA,Martinez Jo.,P,,,False,True
19,XIAOYEZI,Carnesecchi,P,7.0,6.0,True,False
19,XIAOYEZI,Gosens,D,6.0,6.0,True,False
19,XIAOYEZI,Ramon,D,7.0,7.0,True,False
19,XIAOYEZI,Scalvini,D,6.0,5.5,True,False
19,XIAOYEZI,Vojvoda,D,6.0,6.0,True,False
19,XIAOYEZI,Pulisic,C,5.5,5.5,True,False
19,XIAOYEZI,Malinovskyi,C,5.5,5.5,True,False
19,XIAOYEZI,De Roon,C,5.5,5.5,True,False
19,XIAOYEZI,Isaksen,C,5.5,5.5,True,False
19,XIAOYEZI,Pellegrino M.,A,5.5,5.5,True,False
19,XIAOYEZI,Hojlund,A,5.5,5.5,True,False
19,XIAOYEZI,Lang,A,5.5,5.5,False,True
19,XIAOYEZI,Zapata D.,A,,,False,True
19,XIAOYEZI,Addai,A,,,False,True
19,XIAOYEZI,Cutrone,A,,,False,True
19,XIAOYEZI,Parisi,D,6.5,6.5,False,True
19,XIAOYEZI,Coco,D,5.0,5.0,False,True
19,XIAOYEZI,Lazaro,D,5.0,5.0,False,True
19,XIAOYEZI,Zappa,D,,,False,True
19,XIAOYEZI,Fagioli,C,6.5,6.5,False,True
19,XIAOYEZI,Pobega,C,5.5,5.5,False,True
19,XIAOYEZI,Frendrup,C,6.5,6.5,False,True
19,XIAOYEZI,Maldini,C,,,False,True
19,XIAOYEZI,Rossi F.,P,,,False,True
19,XIAOYEZI,Sportiello,P,,,False,True
19,7UPEVERYDAY,Maignan,P,6.0,7.0,True,False
19,7UPEVERYDAY,Olivera,D,,,False,False
19,7UPEVERYDAY,Spinazzola,D,6.5,6.5,True,False
19,7UPEVERYDAY,Doig,D,6.0,6.0,True,False
19,7UPEVERYDAY,Valle,D,7.0,7.5,True,False
19,7UPEVERYDAY,Volpato,C,,,False,False
19,7UPEVERYDAY,Zhegrova,C,5.5,5.5,True,False
19,7UPEVERYDAY,Zaniolo,C,,,False,False
19,7UPEVERYDAY,Vardy,A,5.5,5.0,True,False
19,7UPEVERYDAY,De Ketelaere,A,5.5,5.5,True,False
19,7UPEVERYDAY,Kean,A,,,False,False
19,7UPEVERYDAY,Terracciano,P,,,False,True
19,7UPEVERYDAY,De Gea,P,6.0,5.0,False,True
19,7UPEVERYDAY,Joao Mario,D,,,False,True
19,7UPEVERYDAY,Tsimikas,D,6.0,6.0,True,True
19,7UPEVERYDAY,Gutierrez,D,,,False,True
19,7UPEVERYDAY,Hien,D,6.0,6.0,False,True
19,7UPEVERYDAY,Zambo Anguissa,C,,,False,True
19,7UPEVERYDAY,Cremaschi,C,,,False,True
19,7UPEVERYDAY,Oristanio,C,5.5,5.5,True,True
19,7UPEVERYDAY,El Shaarawy,C,,,False,True
19,7UPEVERYDAY,Stanciu,C,,,False,True
19,7UPEVERYDAY,Bonny,A,6.0,6.0,True,True
19,7UPEVERYDAY,Esposito F.P.,A,6.5,7.5,False,True
19,7UPEVERYDAY,Gimenez,A,,,False,True
20,KOKOMO,Provedel,P,6.5,7.5,True,False
20,KOKOMO,Tomori,D,6.5,6.5,True,False
20,KOKOMO,Pavlovic,D,,,False,False
20,KOKOMO,Biraghi,D,,,False,False
20,KOKOMO,Bisseck,D,6.5,7.5,True,False
20,KOKOMO,McTominay,C,5.0,5.0,True,False
20,KOKOMO,Barella,C,6.0,5.5,True,False
20,KOKOMO,Locatelli,C,7.0,8.0,True,False
20,KOKOMO,Miretti,C,6.5,7.5,True,False
20,KOKOMO,Matic,C,6.0,6.0,True,False
20,KOKOMO,Dybala,A,6.0,6.0,True,False
20,KOKOMO,Mandas,P,,,False,True
20,KOKOMO,Furlanetto,P,,,False,True
20,KOKOMO,Delprato,D,5.0,5.0,True,True
20,KOKOMO,Baschirotto,D,6.0,6.0,True,True
20,KOKOMO,Rugani,D,,,False,True
20,KOKOMO,Odgaard,C,6.0,6.0,False,True
20,KOKOMO,Bernardeschi,C,,,False,True
20,KOKOMO,Vergara,C,6.5,6.0,False,True
20,KOKOMO,Dallinga,A,5.5,5.5,False,True
20,KOKOMO,Benedyczak,A,6.0,6.0,False,True
20,KOKOMO,Buffon L.,A,,,False,True
20,KOKOMO,Lookman,A,,,False,True
20,KOKOMO,Nzola,A,,,False,True
20,VRHELPME,Di Gregorio,P,6.0,7.0,True,False
20,VRHELPME,Dimarco,D,8.0,12.5,True,False
20,VRHELPME,Kelly L.,D,6.5,6.5,True,False
20,VRHELPME,Djimsiti,D,6.0,6.0,True,False
20,VRHELPME,Valeri,D,5.5,5.5,True,False
20,VRHELPME,Ndour,C,5.5,5.5,True,False
20,VRHELPME,Modric,C,7.0,7.5,True,False
20,VRHELPME,McKennie,C,6.0,6.0,True,False
20,VRHELPME,Orban G.,A,7.0,10.0,True,False
20,VRHELPME,Scamacca,A,7.0,9.5,True,False
20,VRHELPME,Davis K.,A,7.5,10.5,True,False
20,VRHELPME,Perin,P,,,False,True
20,VRHELPME,Vasquez,D,6.0,6.0,False,True
20,VRHELPME,Angori,D,5.5,5.5,False,True
20,VRHELPME,Gallo,D,6.0,6.0,False,True
20,VRHELPME,Nelsson,D,5.0,5.0,False,True
20,VRHELPME,Calhanoglu,C,,,False,True
20,VRHELPME,Elmas,C,5.0,5.0,False,True
20,VRHELPME,Koopmeiners,C,,,False,True
20,VRHELPME,Loftus-Cheek,C,,,False,True
20,VRHELPME,Fofana Y.,C,,,False,True
20,VRHELPME,Vitinha O.,A,6.0,6.0,False,True
20,VRHELPME,Berardi,A,6.0,6.0,False,True
20,VRHELPME,Arena A.,A,,,False,True
20,VRHELPME,Pinsoglio,P,,,False,True
20,ROMAZDA,Skorupski,P,5.0,5.0,True,False
20,ROMAZDA,Martin,D,6.0,6.0,True,False
20,ROMAZDA,Carlos Augusto,D,6.0,6.0,True,False
20,ROMAZDA,Cambiaso,D,6.0,6.0,True,False
20,ROMAZDA,Zaccagni,C,5.5,5.5,True,False
20,ROMAZDA,Gudmundsson A.,C,6.0,6.0,True,False
20,ROMAZDA,Ederson D.S.,C,6.0,6.0,True,False
20,ROMAZDA,Vlasic,C,4.5,4.5,True,False
20,ROMAZDA,Yildiz,A,7.0,9.5,True,False
20,ROMAZDA,Krstovic,A,7.5,11.5,True,False
20,ROMAZDA,Piccoli,A,5.0,5.0,True,False
20,ROMAZDA,Ferguson E.,A,,,False,True
20,ROMAZDA,Immobile,A,5.5,5.0,False,True
20,ROMAZDA,Dovbyk,A,,,False,True
20,ROMAZDA,Thorstvedt,C,6.0,6.0,False,True
20,ROMAZDA,Tramoni M.,C,6.0,7.0,False,True
20,ROMAZDA,Baldanzi,C,,,False,True
20,ROMAZDA,Folorunsho,C,,,False,True
20,ROMAZDA,Zappacosta,D,6.0,6.0,False,True
20,ROMAZDA,Akanji,D,,,False,True
20,ROMAZDA,Zanoli,D,7.0,11.0,False,True
20,ROMAZDA,Gatti,D,,,False,True
20,ROMAZDA,Dumfries,D,,,False,True
20,ROMAZDA,Ravaglia F.,P,5.5,2.0,False,True
20,ROMAZDA,Martinez Jo.,P,,,False,True
20,XIAOYEZI,Carnesecchi,P,7.0,8.0,True,False
20,XIAOYEZI,Gosens,D,5.0,5.0,True,False
20,XIAOYEZI,Ramon,D,6.5,6.5,True,False
20,XIAOYEZI,Scalvini,D,6.5,6.5,True,False
20,XIAOYEZI,Vojvoda,D,6.5,6.5,True,False
20,XIAOYEZI,Pulisic,C,5.5,5.5,True,False
20,XIAOYEZI,Malinovskyi,C,7.0,9.5,True,False
20,XIAOYEZI,Fagioli,C,5.5,5.5,True,False
20,XIAOYEZI,Isaksen,C,,,False,False
20,XIAOYEZI,Pellegrino M.,A,5.0,5.0,True,False
20,XIAOYEZI,Hojlund,A,5.0,5.0,True,False
20,XIAOYEZI,Lang,A,,,False,True
20,XIAOYEZI,Zapata D.,A,5.0,5.0,False,True
20,XIAOYEZI,Addai,A,,,False,True
20,XIAOYEZI,Cutrone,A,,,False,True
20,XIAOYEZI,Lazaro,D,4.5,4.5,False,True
20,XIAOYEZI,Parisi,D,,,False,True
20,XIAOYEZI,Coco,D,4.0,4.0,False,True
20,XIAOYEZI,Zappa,D,,,False,True
20,XIAOYEZI,De Roon,C,7.0,10.0,True,True
20,XIAOYEZI,Pobega,C,,,False,True
20,XIAOYEZI,Frendrup,C,6.0,6.0,False,True
20,XIAOYEZI,Maldini,C,,,False,True
20,XIAOYEZI,Rossi F.,P,,,False,True
20,XIAOYEZI,Sportiello,P,,,False,True
20,NI99ER NO.1,Milinkovic-Savic V.,P,,,False,False
20,NI99ER NO.1,Wesley,D,5.5,5.5,True,False
20,NI99ER NO.1,Bremer,D,7.0,7.0,True,False
20,NI99ER NO.1,Heggem,D,5.0,5.0,True,False
20,NI99ER NO.1,Rensch,D,,,False,False
20,NI99ER NO.1,Rabiot,C,6.5,6.0,True,False
20,NI99ER NO.1,Pasalic,C,6.0,6.0,True,False
20,NI99ER NO.1,Basic,C,5.5,5.5,True,False
20,NI99ER NO.1,Giovane,A,5.5,5.5,True,False
20,NI99ER NO.1,Thuram,A,6.5,7.5,True,False
20,NI99ER NO.1,Leao,A,5.0,5.0,True,False
20,NI99ER NO.1,Norton-Cuffy,D,6.5,6.5,True,True
20,NI99ER NO.1,Gabbia,D,6.0,6.0,False,True
20,NI99ER NO.1,Ostigard,D,,,False,True
20,NI99ER NO.1,Pezzella Giu.,D,6.0,5.5,False,True
20,NI99ER NO.1,Zielinski,C,7.5,9.5,False,True
20,NI99ER NO.1,Mkhitaryan,C,7.0,10.0,False,True
20,NI99ER NO.1,Vandeputte,C,6.0,6.0,False,True
20,NI99ER NO.1,Tourè I.,C,5.0,5.0,False,True
20,NI99ER NO.1,Ondrejka,C,5.5,5.5,False,True
20,NI99ER NO.1,Laurientè,A,6.5,6.0,False,True
20,NI99ER NO.1,Openda,A,,,False,True
20,NI99ER NO.1,David,A,7.0,11.0,False,True
20,NI99ER NO.1,Meret,P,6.0,3.0,True,True
20,NI99ER NO.1,Contini,P,,,False,True
20,TEAM ZTOTTI,Sommer,P,4.5,2.5,True,False
20,TEAM ZTOTTI,Palestra,D,7.5,12.5,True,False
20,TEAM ZTOTTI,Juan Jesus,D,4.5,4.0,True,False
20,TEAM ZTOTTI,Bernasconi,D,6.5,6.5,True,False
20,TEAM ZTOTTI,Gandelman,C,6.0,6.0,True,False
20,TEAM ZTOTTI,Sucic P.,C,6.0,6.0,True,False
20,TEAM ZTOTTI,Atta,C,7.5,11.5,True,False
20,TEAM ZTOTTI,Konè M.,C,6.0,6.0,True,False
20,TEAM ZTOTTI,Colombo,A,6.0,6.0,True,False
20,TEAM ZTOTTI,Martinez L.,A,7.0,9.5,True,False
20,TEAM ZTOTTI,Soulè,A,5.5,5.5,True,False
20,TEAM ZTOTTI,Caprile,P,7.0,5.5,False,True
20,TEAM ZTOTTI,Ciocci,P,,,False,True
20,TEAM ZTOTTI,Kolasinac,D,,,False,True
20,TEAM ZTOTTI,Acerbi,D,,,False,True
20,TEAM ZTOTTI,Bernabè,C,6.0,6.0,False,True
20,TEAM ZTOTTI,Lobotka,C,5.5,5.5,False,True
20,TEAM ZTOTTI,Cambiaghi,A,,,False,True
20,TEAM ZTOTTI,Stulic,A,5.5,5.5,False,True
20,SIR CROCODILE,Svilar,P,6.0,5.0,True,False
20,SIR CROCODILE,Terracciano F.,D,5.5,5.5,True,False
20,SIR CROCODILE,Solet,D,6.5,6.5,True,False
20,SIR CROCODILE,Dodò,D,6.5,7.5,True,False
20,SIR CROCODILE,Kristensen T.,D,5.5,5.5,True,False
20,SIR CROCODILE,Mandragora,C,6.0,6.0,True,False
20,SIR CROCODILE,Thuram K.,C,7.0,7.0,True,False
20,SIR CROCODILE,Zalewski,C,6.5,6.5,True,False
20,SIR CROCODILE,Pinamonti,A,6.0,6.0,True,False
20,SIR CROCODILE,Kilicsoy,A,7.0,10.0,True,False
20,SIR CROCODILE,Castro S.,A,,,False,False
20,SIR CROCODILE,Gollini,P,,,False,True
20,SIR CROCODILE,Leali,P,,,False,True
20,SIR CROCODILE,Bastoni,D,6.5,7.5,False,True
20,SIR CROCODILE,Ranieri L.,D,,,False,True
20,SIR CROCODILE,Zortea,D,6.0,6.0,False,True
20,SIR CROCODILE,Bellanova,D,,,False,True
20,SIR CROCODILE,Gaetano,C,6.0,6.0,False,True
20,SIR CROCODILE,Cristante,C,6.0,6.0,False,True
20,SIR CROCODILE,Da Cunha,C,7.5,10.5,False,True
20,SIR CROCODILE,Pisilli,C,6.0,6.0,False,True
20,SIR CROCODILE,Frattesi,C,,,False,True
20,SIR CROCODILE,Rodriguez Je.,A,6.0,6.0,True,True
20,SIR CROCODILE,Esposito Se.,A,7.0,8.0,False,True
20,SIR CROCODILE,Lucca,A,,,False,True
20,ULTRAMENG,Butez,P,6.0,7.0,True,False
20,ULTRAMENG,Angelino,D,,,False,False
20,ULTRAMENG,N'Dicka,D,5.5,5.5,True,False
20,ULTRAMENG,Buongiorno,D,6.0,6.0,True,False
20,ULTRAMENG,Mina,D,7.0,6.5,True,False
20,ULTRAMENG,Neres,C,,,False,False
20,ULTRAMENG,Ferguson,C,7.0,10.0,True,False
20,ULTRAMENG,De Bruyne,C,,,False,False
20,ULTRAMENG,Saelemaekers,C,5.5,5.5,True,False
20,ULTRAMENG,Camarda,A,,,False,False
20,ULTRAMENG,Douvikas,A,8.0,15.0,True,False
20,ULTRAMENG,Vigorito,P,,,False,True
20,ULTRAMENG,Cavlina,P,,,False,True
20,ULTRAMENG,Celik,D,7.0,7.0,True,True
20,ULTRAMENG,Kalulu,D,6.5,6.5,False,True
20,ULTRAMENG,Kossounou,D,,,False,True
20,ULTRAMENG,Ghilardi,D,6.5,6.5,False,True
20,ULTRAMENG,Sottil,C,6.5,6.5,True,True
20,ULTRAMENG,Rowe,C,6.5,6.5,True,True
20,ULTRAMENG,Conceicao,C,6.0,6.0,False,True
20,ULTRAMENG,Jashari,C,,,False,True
20,ULTRAMENG,Nkunku,A,5.5,5.5,True,True
20,ULTRAMENG,Simeone,A,,,False,True
20,ULTRAMENG,Adams C.,A,5.0,5.0,False,True
20,ULTRAMENG,Lukaku,A,,,False,True
20,7UPEVERYDAY,Maignan,P,7.0,5.5,True,False
20,7UPEVERYDAY,Olivera,D,,,False,False
20,7UPEVERYDAY,Spinazzola,D,5.0,5.0,True,False
20,7UPEVERYDAY,Doig,D,6.0,6.0,True,False
20,7UPEVERYDAY,Valle,D,6.5,7.0,True,False
20,7UPEVERYDAY,Volpato,C,,,False,False
20,7UPEVERYDAY,Zambo Anguissa,C,,,False,False
20,7UPEVERYDAY,Zaniolo,C,,,False,False
20,7UPEVERYDAY,Esposito F.P.,A,7.0,11.0,True,False
20,7UPEVERYDAY,De Ketelaere,A,7.5,8.5,True,False
20,7UPEVERYDAY,Vardy,A,5.5,5.5,True,False
20,7UPEVERYDAY,Terracciano,P,,,False,True
20,7UPEVERYDAY,De Gea,P,6.0,4.0,False,True
20,7UPEVERYDAY,Joao Mario,D,,,False,True
20,7UPEVERYDAY,Tsimikas,D,,,False,True
20,7UPEVERYDAY,Gutierrez,D,6.0,6.0,True,True
20,7UPEVERYDAY,Hien,D,6.0,6.0,False,True
20,7UPEVERYDAY,Zhegrova,C,,,False,True
20,7UPEVERYDAY,Cremaschi,C,,,False,True
20,7UPEVERYDAY,Oristanio,C,6.0,6.0,True,True
20,7UPEVERYDAY,El Shaarawy,C,,,False,True
20,7UPEVERYDAY,Stanciu,C,,,False,True
20,7UPEVERYDAY,Kean,A,,,False,True
20,7UPEVERYDAY,Bonny,A,7.0,10.0,False,True
20,7UPEVERYDAY,Gimenez,A,,,False,True
20,TEAM HANQI,Falcone,P,6.5,7.5,True,False
20,TEAM HANQI,Bartesaghi,D,5.5,5.5,True,False
20,TEAM HANQI,Diego Carlos,D,,,False,False
20,TEAM HANQI,Di Lorenzo,D,5.5,5.5,True,False
20,TEAM HANQI,Luis Henrique,C,5.0,5.0,True,False
20,TEAM HANQI,Fabbian,C,5.0,5.0,True,False
20,TEAM HANQI,Paz N.,C,6.0,6.0,True,False
20,TEAM HANQI,Perrone,C,6.5,6.5,True,False
20,TEAM HANQI,Orsolini,C,,,False,False
20,TEAM HANQI,Durosinmi,A,5.5,5.5,True,False
20,TEAM HANQI,Fullkrug,A,6.0,6.0,True,False
20,TEAM HANQI,Muric,P,6.5,7.5,False,True
20,TEAM HANQI,Luperto,D,6.5,6.5,True,True
20,TEAM HANQI,Beukema,D,6.0,6.0,False,True
20,TEAM HANQI,Ziolkowski,D,,,False,True
20,TEAM HANQI,Mazzocchi,D,,,False,True
20,TEAM HANQI,El Aynaoui,C,,,False,True
20,TEAM HANQI,Taylor K.,C,6.0,6.0,True,True
20,TEAM HANQI,Musah,C,,,False,True
20,TEAM HANQI,Bonazzoli,A,5.0,5.0,False,True
20,TEAM HANQI,Vaz,A,6.0,6.0,False,True
20,TEAM HANQI,Solomon,A,6.0,6.0,False,True
20,TEAM HANQI,Gueye,A,,,False,True
20,TEAM HANQI,Di Gennaro,P,,,False,True
20,TEAM HANQI,Rrahmani,D,,,False,True
21,VRHELPME,Di Gregorio,P,6.5,5.5,True,False
21,VRHELPME,Dimarco,D,7.0,8.0,True,False
21,VRHELPME,Kelly L.,D,6.5,6.5,True,False
21,VRHELPME,Djimsiti,D,6.5,6.5,True,False
21,VRHELPME,Vasquez,D,6.5,6.5,True,False
21,VRHELPME,Elmas,C,6.5,6.5,True,False
21,VRHELPME,Modric,C,6.5,6.5,True,False
21,VRHELPME,McKennie,C,7.5,11.0,True,False
21,VRHELPME,Orban G.,A,5.0,5.0,True,False
21,VRHELPME,Scamacca,A,,,False,False
21,VRHELPME,Vitinha O.,A,7.0,10.0,True,False
21,VRHELPME,Perin,P,,,False,True
21,VRHELPME,Valeri,D,5.5,5.5,False,True
21,VRHELPME,Angori,D,5.5,5.5,False,True
21,VRHELPME,Gallo,D,6.0,6.0,False,True
21,VRHELPME,Nelsson,D,5.0,5.0,False,True
21,VRHELPME,Calhanoglu,C,,,False,True
21,VRHELPME,Koopmeiners,C,,,False,True
21,VRHELPME,Ndour,C,,,False,True
21,VRHELPME,Loftus-Cheek,C,7.0,11.0,False,True
21,VRHELPME,Fofana Y.,C,6.5,6.5,False,True
21,VRHELPME,Davis K.,A,6.0,5.5,True,True
21,VRHELPME,Berardi,A,7.5,10.5,False,True
21,VRHELPME,Arena A.,A,,,False,True
21,VRHELPME,Pinsoglio,P,,,False,True
21,7UPEVERYDAY,Maignan,P,6.0,7.0,True,False
21,7UPEVERYDAY,Olivera,D,5.5,5.5,True,False
21,7UPEVERYDAY,Spinazzola,D,6.0,6.0,True,False
21,7UPEVERYDAY,Doig,D,6.5,6.5,True,False
21,7UPEVERYDAY,Valle,D,6.5,6.5,True,False
21,7UPEVERYDAY,Volpato,C,,,False,False
21,7UPEVERYDAY,Zambo Anguissa,C,,,False,False
21,7UPEVERYDAY,Zaniolo,C,,,False,False
21,7UPEVERYDAY,Esposito F.P.,A,6.0,6.0,True,False
21,7UPEVERYDAY,De Ketelaere,A,6.0,6.0,True,False
21,7UPEVERYDAY,Vardy,A,5.5,5.0,True,False
21,7UPEVERYDAY,Terracciano,P,,,False,True
21,7UPEVERYDAY,De Gea,P,6.0,4.0,False,True
21,7UPEVERYDAY,Joao Mario,D,,,False,True
21,7UPEVERYDAY,Tsimikas,D,,,False,True
21,7UPEVERYDAY,Gutierrez,D,7.0,11.0,False,True
21,7UPEVERYDAY,Hien,D,,,False,True
21,7UPEVERYDAY,Zhegrova,C,,,False,True
21,7UPEVERYDAY,Cremaschi,C,,,False,True
21,7UPEVERYDAY,Oristanio,C,5.0,5.0,True,True
21,7UPEVERYDAY,El Shaarawy,C,,,False,True
21,7UPEVERYDAY,Stanciu,C,,,False,True
21,7UPEVERYDAY,Kean,A,6.0,6.0,False,True
21,7UPEVERYDAY,Bonny,A,6.0,6.0,False,True
21,7UPEVERYDAY,Gimenez,A,,,False,True
21,TEAM HANQI,Falcone,P,7.5,6.5,True,False
21,TEAM HANQI,Bartesaghi,D,6.5,6.5,True,False
21,TEAM HANQI,Luperto,D,6.5,6.5,True,False
21,TEAM HANQI,Di Lorenzo,D,6.0,6.0,True,False
21,TEAM HANQI,Luis Henrique,C,6.5,7.5,True,False
21,TEAM HANQI,Orsolini,C,5.5,5.5,True,False
21,TEAM HANQI,Paz N.,C,4.5,2.5,True,False
21,TEAM HANQI,Perrone,C,6.0,5.5,True,False
21,TEAM HANQI,Solomon,A,6.5,9.5,True,False
21,TEAM HANQI,Durosinmi,A,6.5,7.5,True,False
21,TEAM HANQI,Fullkrug,A,6.0,6.0,True,False
21,TEAM HANQI,Muric,P,5.5,4.5,False,True
21,TEAM HANQI,Di Gennaro,P,,,False,True
21,TEAM HANQI,Diego Carlos,D,,,False,True
21,TEAM HANQI,Beukema,D,,,False,True
21,TEAM HANQI,Ziolkowski,D,,,False,True
21,TEAM HANQI,Mazzocchi,D,,,False,True
21,TEAM HANQI,El Aynaoui,C,6.0,5.5,False,True
21,TEAM HANQI,Taylor K.,C,6.5,9.5,False,True
21,TEAM HANQI,Fabbian,C,5.5,5.0,False,True
21,TEAM HANQI,Musah,C,,,False,True
21,TEAM HANQI,Vaz,A,,,False,True
21,TEAM HANQI,Bonazzoli,A,5.5,5.5,False,True
21,TEAM HANQI,Gueye,A,5.5,5.0,False,True
21,TEAM HANQI,Rrahmani,D,,,False,True
21,ROMAZDA,Ravaglia F.,P,6.0,2.5,True,False
21,ROMAZDA,Carlos Augusto,D,,,False,False
21,ROMAZDA,Akanji,D,6.0,6.0,True,False
21,ROMAZDA,Cambiaso,D,5.0,3.0,True,False
21,ROMAZDA,Zaccagni,C,,,False,False
21,ROMAZDA,Gudmundsson A.,C,6.0,6.0,True,False
21,ROMAZDA,Ederson D.S.,C,7.0,7.0,True,False
21,ROMAZDA,Thorstvedt,C,6.5,6.5,True,False
21,ROMAZDA,Vlasic,C,7.0,7.5,True,False
21,ROMAZDA,Krstovic,A,6.0,5.5,True,False
21,ROMAZDA,Yildiz,A,6.0,6.0,True,False
21,ROMAZDA,Ferguson E.,A,,,False,True
21,ROMAZDA,Immobile,A,,,False,True
21,ROMAZDA,Piccoli,A,6.5,6.5,False,True
21,ROMAZDA,Dovbyk,A,,,False,True
21,ROMAZDA,Tramoni M.,C,5.0,4.5,True,True
21,ROMAZDA,Baldanzi,C,,,False,True
21,ROMAZDA,Folorunsho,C,,,False,True
21,ROMAZDA,Martin,D,4.5,4.5,True,True
21,ROMAZDA,Zappacosta,D,6.0,6.0,False,True
21,ROMAZDA,Gatti,D,6.0,6.0,False,True
21,ROMAZDA,Dumfries,D,,,False,True
21,ROMAZDA,Zanoli,D,,,False,True
21,ROMAZDA,Skorupski,P,,,False,True
21,ROMAZDA,Martinez Jo.,P,,,False,True
21,ULTRAMENG,Butez,P,6.0,6.5,True,False
21,ULTRAMENG,Angelino,D,,,False,False
21,ULTRAMENG,N'Dicka,D,6.0,5.5,True,False
21,ULTRAMENG,Buongiorno,D,6.0,5.5,True,False
21,ULTRAMENG,Mina,D,6.5,6.5,True,False
21,ULTRAMENG,Neres,C,,,False,False
21,ULTRAMENG,Ferguson,C,5.5,5.0,True,False
21,ULTRAMENG,De Bruyne,C,,,False,False
21,ULTRAMENG,Saelemaekers,C,,,False,False
21,ULTRAMENG,Camarda,A,,,False,False
21,ULTRAMENG,Douvikas,A,5.5,5.5,True,False
21,ULTRAMENG,Vigorito,P,,,False,True
21,ULTRAMENG,Cavlina,P,,,False,True
21,ULTRAMENG,Celik,D,6.0,6.0,True,True
21,ULTRAMENG,Kalulu,D,6.5,7.5,False,True
21,ULTRAMENG,Kossounou,D,,,False,True
21,ULTRAMENG,Ghilardi,D,6.0,6.0,False,True
21,ULTRAMENG,Sottil,C,6.0,6.0,True,True
21,ULTRAMENG,Rowe,C,5.5,5.5,True,True
21,ULTRAMENG,Conceicao,C,6.5,7.0,True,True
21,ULTRAMENG,Jashari,C,6.0,6.0,False,True
21,ULTRAMENG,Nkunku,A,7.0,9.0,True,True
21,ULTRAMENG,Simeone,A,,,False,True
21,ULTRAMENG,Adams C.,A,7.0,11.0,False,True
21,ULTRAMENG,Lukaku,A,,,False,True
21,KOKOMO,Provedel,P,6.5,4.0,True,False
21,KOKOMO,Tomori,D,6.0,6.0,True,False
21,KOKOMO,Pavlovic,D,6.5,6.5,True,False
21,KOKOMO,Biraghi,D,,,False,False
21,KOKOMO,Bisseck,D,6.0,6.0,True,False
21,KOKOMO,McTominay,C,6.5,6.5,True,False
21,KOKOMO,Barella,C,,,False,False
21,KOKOMO,Locatelli,C,6.5,6.5,True,False
21,KOKOMO,Miretti,C,6.0,6.0,True,False
21,KOKOMO,Matic,C,7.0,8.0,True,False
21,KOKOMO,Dybala,A,,,False,False
21,KOKOMO,Mandas,P,,,False,True
21,KOKOMO,Furlanetto,P,,,False,True
21,KOKOMO,Delprato,D,5.5,5.5,True,True
21,KOKOMO,Baschirotto,D,5.5,5.0,False,True
21,KOKOMO,Rugani,D,,,False,True
21,KOKOMO,Odgaard,C,5.0,5.0,True,True
21,KOKOMO,Bernardeschi,C,5.5,5.5,False,True
21,KOKOMO,Vergara,C,7.0,10.5,False,True
21,KOKOMO,Dallinga,A,5.5,5.5,True,True
21,KOKOMO,Benedyczak,A,,,False,True
21,KOKOMO,Buffon L.,A,,,False,True
21,KOKOMO,Lookman,A,,,False,True
21,KOKOMO,Nzola,A,,,False,True
21,SIR CROCODILE,Svilar,P,6.0,5.0,True,False
21,SIR CROCODILE,Solet,D,7.0,7.0,True,False
21,SIR CROCODILE,Bastoni,D,6.5,6.5,True,False
21,SIR CROCODILE,Dodò,D,6.5,6.5,True,False
21,SIR CROCODILE,Gaetano,C,6.5,6.5,True,False
21,SIR CROCODILE,Mandragora,C,6.0,6.0,True,False
21,SIR CROCODILE,Thuram K.,C,6.5,6.5,True,False
21,SIR CROCODILE,Zalewski,C,5.5,5.5,True,False
21,SIR CROCODILE,Pinamonti,A,6.0,6.0,True,False
21,SIR CROCODILE,Castro S.,A,5.5,5.5,True,False
21,SIR CROCODILE,Kilicsoy,A,7.5,10.5,True,False
21,SIR CROCODILE,Gollini,P,,,False,True
21,SIR CROCODILE,Leali,P,,,False,True
21,SIR CROCODILE,Terracciano F.,D,6.0,6.0,False,True
21,SIR CROCODILE,Kristensen T.,D,6.5,6.0,False,True
21,SIR CROCODILE,Zortea,D,5.5,5.5,False,True
21,SIR CROCODILE,Ranieri L.,D,6.0,6.0,False,True
21,SIR CROCODILE,Bellanova,D,6.0,5.5,False,True
21,SIR CROCODILE,Da Cunha,C,6.5,6.0,False,True
21,SIR CROCODILE,Cristante,C,6.0,6.0,False,True
21,SIR CROCODILE,Pisilli,C,,,False,True
21,SIR CROCODILE,Frattesi,C,6.0,6.0,False,True
21,SIR CROCODILE,Rodriguez Je.,A,5.5,5.5,False,True
21,SIR CROCODILE,Esposito Se.,A,7.0,8.0,False,True
21,SIR CROCODILE,Lucca,A,,,False,True
21,NI99ER NO.1,Meret,P,7.0,7.0,True,False
21,NI99ER NO.1,Wesley,D,5.0,5.0,True,False
21,NI99ER NO.1,Bremer,D,8.0,13.5,True,False
21,NI99ER NO.1,Ostigard,D,5.0,4.5,True,False
21,NI99ER NO.1,Rensch,D,,,False,False
21,NI99ER NO.1,Rabiot,C,7.5,11.5,True,False
21,NI99ER NO.1,Zielinski,C,7.0,10.0,True,False
21,NI99ER NO.1,Basic,C,6.0,6.0,True,False
21,NI99ER NO.1,David,A,7.0,10.5,True,False
21,NI99ER NO.1,Thuram,A,6.0,6.0,True,False
21,NI99ER NO.1,Leao,A,,,False,False
21,NI99ER NO.1,Heggem,D,4.5,4.5,True,True
21,NI99ER NO.1,Norton-Cuffy,D,5.5,5.0,False,True
21,NI99ER NO.1,Gabbia,D,6.0,6.0,False,True
21,NI99ER NO.1,Pezzella Giu.,D,5.5,5.5,False,True
21,NI99ER NO.1,Pasalic,C,,,False,True
21,NI99ER NO.1,Mkhitaryan,C,6.0,6.0,False,True
21,NI99ER NO.1,Vandeputte,C,,,False,True
21,NI99ER NO.1,Tourè I.,C,5.0,4.5,False,True
21,NI99ER NO.1,Ondrejka,C,5.0,5.0,False,True
21,NI99ER NO.1,Openda,A,,,False,True
21,NI99ER NO.1,Laurientè,A,6.0,6.0,True,True
21,NI99ER NO.1,Giovane,A,,,False,True
21,NI99ER NO.1,Milinkovic-Savic V.,P,,,False,True
21,NI99ER NO.1,Contini,P,,,False,True
21,XIAOYEZI,Carnesecchi,P,8.5,11.5,True,False
21,XIAOYEZI,Coco,D,6.5,6.5,True,False
21,XIAOYEZI,Ramon,D,6.5,6.5,True,False
21,XIAOYEZI,Scalvini,D,6.0,6.0,True,False
21,XIAOYEZI,Lazaro,D,6.0,6.0,True,False
21,XIAOYEZI,Pulisic,C,,,False,False
21,XIAOYEZI,Malinovskyi,C,7.5,9.0,True,False
21,XIAOYEZI,Fagioli,C,5.5,5.5,True,False
21,XIAOYEZI,Isaksen,C,7.0,8.0,True,False
21,XIAOYEZI,Pellegrino M.,A,5.0,5.0,True,False
21,XIAOYEZI,Hojlund,A,6.0,6.0,True,False
21,XIAOYEZI,Lang,A,,,False,True
21,XIAOYEZI,Zapata D.,A,6.0,6.0,False,True
21,XIAOYEZI,Addai,A,5.5,5.0,False,True
21,XIAOYEZI,Cutrone,A,,,False,True
21,XIAOYEZI,Gosens,D,5.5,5.5,False,True
21,XIAOYEZI,Vojvoda,D,6.0,6.0,False,True
21,XIAOYEZI,Parisi,D,6.0,6.0,False,True
21,XIAOYEZI,Zappa,D,6.5,7.5,False,True
21,XIAOYEZI,Maldini,C,5.5,5.5,True,True
21,XIAOYEZI,De Roon,C,6.0,5.5,False,True
21,XIAOYEZI,Pobega,C,,,False,True
21,XIAOYEZI,Frendrup,C,6.5,6.5,False,True
21,XIAOYEZI,Rossi F.,P,,,False,True
21,XIAOYEZI,Sportiello,P,,,False,True
21,TEAM ZTOTTI,Caprile,P,6.0,7.0,True,False
21,TEAM ZTOTTI,Bernasconi,D,6.0,6.0,True,False
21,TEAM ZTOTTI,Juan Jesus,D,6.0,6.0,True,False
21,TEAM ZTOTTI,Palestra,D,7.0,7.0,True,False
21,TEAM ZTOTTI,Bernabè,C,5.5,5.5,True,False
21,TEAM ZTOTTI,Lobotka,C,6.0,6.0,True,False
21,TEAM ZTOTTI,Gandelman,C,6.0,6.0,True,False
21,TEAM ZTOTTI,Sucic P.,C,6.5,6.5,True,False
21,TEAM ZTOTTI,Colombo,A,5.5,5.5,True,False
21,TEAM ZTOTTI,Martinez L.,A,7.0,11.0,True,False
21,TEAM ZTOTTI,Soulè,A,5.5,5.5,True,False
21,TEAM ZTOTTI,Sommer,P,6.5,7.5,False,True
21,TEAM ZTOTTI,Ciocci,P,,,False,True
21,TEAM ZTOTTI,Belghali,D,,,False,True
21,TEAM ZTOTTI,Miranda J.,D,4.0,4.0,False,True
21,TEAM ZTOTTI,Hermoso,D,6.0,6.0,False,True
21,TEAM ZTOTTI,Acerbi,D,,,False,True
21,TEAM ZTOTTI,Kolasinac,D,,,False,True
21,TEAM ZTOTTI,Atta,C,6.5,6.5,False,True
21,TEAM ZTOTTI,Stulic,A,,,False,True
21,TEAM ZTOTTI,Cambiaghi,A,,,False,True
22,KOKOMO,Provedel,P,7.0,5.0,True,False
22,KOKOMO,Tomori,D,6.0,6.0,True,False
22,KOKOMO,Pavlovic,D,6.0,6.0,True,False
22,KOKOMO,Mancini,D,6.5,7.0,True,False
22,KOKOMO,Bisseck,D,7.5,11.5,True,False
22,KOKOMO,McTominay,C,7.5,10.5,True,False
22,KOKOMO,Barella,C,,,False,False
22,KOKOMO,Locatelli,C,5.5,5.5,True,False
22,KOKOMO,Matic,C,4.5,3.5,True,False
22,KOKOMO,Dybala,A,,,False,False
22,KOKOMO,Dovbyk,A,,,False,False
22,KOKOMO,Furlanetto,P,,,False,True
22,KOKOMO,Motta,P,,,False,True
22,KOKOMO,Biraghi,D,,,False,True
22,KOKOMO,Baschirotto,D,6.0,6.0,False,True
22,KOKOMO,Delprato,D,6.0,6.0,False,True
22,KOKOMO,Rugani,D,,,False,True
22,KOKOMO,Odgaard,C,,,False,True
22,KOKOMO,Miretti,C,,,False,True
22,KOKOMO,Vergara,C,6.5,6.5,True,True
22,KOKOMO,Adzic,C,,,False,True
22,KOKOMO,Boga,A,6.5,7.5,True,True
22,KOKOMO,Vaz,A,,,False,True
22,KOKOMO,Dallinga,A,5.5,5.5,True,True
22,KOKOMO,Trepy,A,,,False,True
22,SIR CROCODILE,Svilar,P,6.0,7.0,True,False
22,SIR CROCODILE,Solet,D,6.5,8.5,True,False
22,SIR CROCODILE,Bastoni,D,6.5,6.5,True,False
22,SIR CROCODILE,Dodò,D,5.5,5.0,True,False
22,SIR CROCODILE,Gaetano,C,5.5,5.0,True,False
22,SIR CROCODILE,Mandragora,C,6.5,7.5,True,False
22,SIR CROCODILE,Thuram K.,C,5.5,5.5,True,False
22,SIR CROCODILE,Zalewski,C,6.5,6.5,True,False
22,SIR CROCODILE,Pinamonti,A,5.0,5.0,True,False
22,SIR CROCODILE,Castro S.,A,6.0,6.0,True,False
22,SIR CROCODILE,Kilicsoy,A,5.0,5.0,True,False
22,SIR CROCODILE,Gollini,P,,,False,True
22,SIR CROCODILE,Leali,P,,,False,True
22,SIR CROCODILE,Terracciano F.,D,5.5,5.5,False,True
22,SIR CROCODILE,Kristensen T.,D,6.0,6.0,False,True
22,SIR CROCODILE,Zortea,D,6.0,6.0,False,True
22,SIR CROCODILE,Ranieri L.,D,,,False,True
22,SIR CROCODILE,Bellanova,D,6.0,6.0,False,True
22,SIR CROCODILE,Da Cunha,C,,,False,True
22,SIR CROCODILE,Cristante,C,6.5,6.5,False,True
22,SIR CROCODILE,Pisilli,C,6.5,6.5,False,True
22,SIR CROCODILE,Frattesi,C,6.0,6.0,False,True
22,SIR CROCODILE,Esposito Se.,A,5.5,5.5,False,True
22,SIR CROCODILE,Rodriguez Je.,A,,,False,True
22,SIR CROCODILE,Lucca,A,,,False,True
22,TEAM ZTOTTI,Caprile,P,6.0,4.0,True,False
22,TEAM ZTOTTI,Palestra,D,6.0,5.5,True,False
22,TEAM ZTOTTI,Bernasconi,D,6.0,6.0,True,False
22,TEAM ZTOTTI,Hermoso,D,,,False,False
22,TEAM ZTOTTI,Miranda J.,D,6.5,6.5,True,False
22,TEAM ZTOTTI,Bernabè,C,6.0,6.0,True,False
22,TEAM ZTOTTI,Konè I.,C,5.0,5.0,True,False
22,TEAM ZTOTTI,Atta,C,6.5,6.5,True,False
22,TEAM ZTOTTI,Cambiaghi,A,,,False,False
22,TEAM ZTOTTI,Martinez L.,A,7.0,10.0,True,False
22,TEAM ZTOTTI,Soulè,A,6.0,6.0,True,False
22,TEAM ZTOTTI,Sommer,P,6.0,7.0,False,True
22,TEAM ZTOTTI,Ciocci,P,,,False,True
22,TEAM ZTOTTI,Acerbi,D,,,False,True
22,TEAM ZTOTTI,Marianucci,D,5.5,5.0,True,True
22,TEAM ZTOTTI,Juan Jesus,D,5.0,4.0,False,True
22,TEAM ZTOTTI,Oristanio,C,5.5,5.5,False,True
22,TEAM ZTOTTI,Sucic P.,C,6.5,6.5,False,True
22,TEAM ZTOTTI,Colombo,A,7.0,10.0,True,True
22,TEAM ZTOTTI,Isaac,A,,,False,True
22,TEAM HANQI,Falcone,P,6.0,5.0,True,False
22,TEAM HANQI,Bartesaghi,D,6.0,6.0,True,False
22,TEAM HANQI,Luperto,D,6.0,7.0,True,False
22,TEAM HANQI,Rrahmani,D,6.5,7.0,True,False
22,TEAM HANQI,Luis Henrique,C,7.0,10.0,True,False
22,TEAM HANQI,Baturina,C,6.5,6.5,True,False
22,TEAM HANQI,Paz N.,C,7.0,9.5,True,False
22,TEAM HANQI,Orsolini,C,6.5,6.5,True,False
22,TEAM HANQI,Fullkrug,A,6.0,6.0,True,False
22,TEAM HANQI,Durosinmi,A,5.5,5.5,True,False
22,TEAM HANQI,Raspadori,A,7.0,8.0,True,False
22,TEAM HANQI,Fruchtl,P,,,False,True
22,TEAM HANQI,Silvestri,P,,,False,True
22,TEAM HANQI,Diego Carlos,D,6.0,6.0,False,True
22,TEAM HANQI,Beukema,D,6.0,6.0,False,True
22,TEAM HANQI,Holm,D,,,False,True
22,TEAM HANQI,Ziolkowski,D,,,False,True
22,TEAM HANQI,Mazzocchi,D,,,False,True
22,TEAM HANQI,El Aynaoui,C,,,False,True
22,TEAM HANQI,Strefezza,C,6.0,6.0,False,True
22,TEAM HANQI,Diouf,C,6.0,6.0,False,True
22,TEAM HANQI,Solomon,A,7.0,10.0,False,True
22,TEAM HANQI,Gueye,A,5.5,5.0,False,True
22,TEAM HANQI,Okereke,A,,,False,True
22,TEAM HANQI,Prati,C,,,False,True
22,ROMAZDA,Skorupski,P,6.0,5.0,True,False
22,ROMAZDA,Cambiaso,D,5.0,6.0,True,False
22,ROMAZDA,Carlos Augusto,D,,,False,False
22,ROMAZDA,Akanji,D,7.5,10.5,True,False
22,ROMAZDA,Zappacosta,D,7.0,11.0,True,False
22,ROMAZDA,Gudmundsson A.,C,6.0,6.0,True,False
22,ROMAZDA,Pellegrini Lo.,C,6.0,6.0,True,False
22,ROMAZDA,Ederson D.S.,C,6.5,6.5,True,False
22,ROMAZDA,Thorstvedt,C,5.0,5.0,True,False
22,ROMAZDA,Yildiz,A,6.0,6.0,True,False
22,ROMAZDA,Krstovic,A,7.0,10.0,True,False
22,ROMAZDA,Kulenovic,A,5.5,5.5,False,True
22,ROMAZDA,Piccoli,A,,,False,True
22,ROMAZDA,Ferguson E.,A,,,False,True
22,ROMAZDA,Ratkov,A,,,False,True
22,ROMAZDA,Maldini,C,6.5,7.5,False,True
22,ROMAZDA,Santos A.,C,,,False,True
22,ROMAZDA,Zaccagni,C,,,False,True
22,ROMAZDA,Vlasic,C,,,False,True
22,ROMAZDA,Martin,D,5.5,5.5,True,True
22,ROMAZDA,Muharemovic,D,4.0,4.0,False,True
22,ROMAZDA,Raterink,D,,,False,True
22,ROMAZDA,Dumfries,D,,,False,True
22,ROMAZDA,Paleari,P,6.5,4.5,False,True
22,ROMAZDA,Bijlow,P,5.5,2.5,False,True
22,VRHELPME,Di Gregorio,P,5.5,3.5,True,False
22,VRHELPME,Dimarco,D,8.5,11.0,True,False
22,VRHELPME,Kelly L.,D,6.0,6.0,True,False
22,VRHELPME,Djimsiti,D,6.0,6.0,True,False
22,VRHELPME,Valeri,D,6.0,6.0,True,False
22,VRHELPME,Elmas,C,6.5,6.5,True,False
22,VRHELPME,Modric,C,6.5,6.5,True,False
22,VRHELPME,McKennie,C,7.0,10.0,True,False
22,VRHELPME,Malen,A,7.5,14.5,True,False
22,VRHELPME,Scamacca,A,,,False,False
22,VRHELPME,Vitinha O.,A,6.5,6.5,True,False
22,VRHELPME,Perin,P,,,False,True
22,VRHELPME,Angori,D,6.5,6.5,False,True
22,VRHELPME,Vasquez,D,5.5,5.0,False,True
22,VRHELPME,Gallo,D,6.0,6.0,False,True
22,VRHELPME,Nelsson,D,6.5,6.5,False,True
22,VRHELPME,Miller L.,C,6.0,6.0,False,True
22,VRHELPME,Ilkhan,C,6.5,7.5,False,True
22,VRHELPME,Calhanoglu,C,,,False,True
22,VRHELPME,Koopmeiners,C,5.5,5.5,False,True
22,VRHELPME,Loftus-Cheek,C,,,False,True
22,VRHELPME,Berardi,A,5.5,5.5,True,True
22,VRHELPME,Davis K.,A,,,False,True
22,VRHELPME,Arena A.,A,,,False,True
22,VRHELPME,Pinsoglio,P,,,False,True
22,NI99ER NO.1,Meret,P,5.5,3.0,True,False
22,NI99ER NO.1,Wesley,D,6.5,6.5,True,False
22,NI99ER NO.1,Bremer,D,5.5,5.5,True,False
22,NI99ER NO.1,Gabbia,D,6.0,6.0,True,False
22,NI99ER NO.1,Heggem,D,6.0,6.0,True,False
22,NI99ER NO.1,Rabiot,C,,,False,False
22,NI99ER NO.1,Zielinski,C,6.5,6.5,True,False
22,NI99ER NO.1,Pasalic,C,6.5,7.5,True,False
22,NI99ER NO.1,David,A,5.0,5.0,True,False
22,NI99ER NO.1,Thuram,A,7.0,10.0,True,False
22,NI99ER NO.1,Leao,A,7.0,10.5,True,False
22,NI99ER NO.1,Rensch,D,,,False,True
22,NI99ER NO.1,Ostigard,D,5.5,5.5,False,True
22,NI99ER NO.1,Norton-Cuffy,D,6.0,6.0,False,True
22,NI99ER NO.1,Ahanor,D,,,False,True
22,NI99ER NO.1,Tramoni M.,C,,,False,True
22,NI99ER NO.1,Mkhitaryan,C,6.5,6.5,True,True
22,NI99ER NO.1,Basic,C,5.5,5.5,False,True
22,NI99ER NO.1,Ondrejka,C,,,False,True
22,NI99ER NO.1,Cataldi,C,6.5,7.5,False,True
22,NI99ER NO.1,Openda,A,,,False,True
22,NI99ER NO.1,Laurientè,A,6.5,6.5,False,True
22,NI99ER NO.1,Giovane,A,5.5,5.5,False,True
22,NI99ER NO.1,Milinkovic-Savic V.,P,,,False,True
22,NI99ER NO.1,Contini,P,,,False,True
22,XIAOYEZI,Carnesecchi,P,6.0,5.0,True,False
22,XIAOYEZI,Gosens,D,,,False,False
22,XIAOYEZI,Coco,D,5.0,5.0,True,False
22,XIAOYEZI,Scalvini,D,6.5,6.5,True,False
22,XIAOYEZI,Parisi,D,6.0,6.0,True,False
22,XIAOYEZI,Pulisic,C,,,False,False
22,XIAOYEZI,Malinovskyi,C,6.5,8.5,True,False
22,XIAOYEZI,Isaksen,C,7.0,10.0,True,False
22,XIAOYEZI,Pellegrino M.,A,5.5,5.5,True,False
22,XIAOYEZI,Hojlund,A,7.5,13.5,True,False
22,XIAOYEZI,Orban G.,A,6.0,6.0,True,False
22,XIAOYEZI,Ramon,D,5.5,5.5,True,True
22,XIAOYEZI,Zapata D.,A,,,False,True
22,XIAOYEZI,Morata,A,,,False,True
22,XIAOYEZI,Addai,A,,,False,True
22,XIAOYEZI,Vojvoda,D,6.0,6.0,False,True
22,XIAOYEZI,Lazaro,D,5.5,5.0,False,True
22,XIAOYEZI,Fagioli,C,7.0,7.0,True,True
22,XIAOYEZI,Frendrup,C,5.5,5.5,False,True
22,XIAOYEZI,Casadei,C,7.0,10.0,False,True
22,XIAOYEZI,De Roon,C,,,False,True
22,XIAOYEZI,Rossi F.,P,,,False,True
22,XIAOYEZI,Sportiello,P,,,False,True
22,XIAOYEZI,Troilo,D,4.5,3.5,False,True
22,XIAOYEZI,Rovella,C,,,False,True
22,7UPEVERYDAY,Maignan,P,4.5,3.5,True,False
22,7UPEVERYDAY,Olivera,D,,,False,False
22,7UPEVERYDAY,Spinazzola,D,6.0,6.0,True,False
22,7UPEVERYDAY,Valle,D,6.0,6.0,True,False
22,7UPEVERYDAY,Gutierrez,D,5.5,5.5,True,False
22,7UPEVERYDAY,Zaragoza,C,6.0,5.5,True,False
22,7UPEVERYDAY,Ekkelenkamp,C,5.5,5.5,True,False
22,7UPEVERYDAY,Zaniolo,C,6.0,6.0,True,False
22,7UPEVERYDAY,Esposito F.P.,A,,,False,False
22,7UPEVERYDAY,De Ketelaere,A,,,False,False
22,7UPEVERYDAY,Kean,A,6.5,9.5,True,False
22,7UPEVERYDAY,Terracciano,P,,,False,True
22,7UPEVERYDAY,Torriani,P,,,False,True
22,7UPEVERYDAY,Joao Mario,D,6.0,6.0,True,True
22,7UPEVERYDAY,Hien,D,,,False,True
22,7UPEVERYDAY,Doig,D,5.5,5.5,False,True
22,7UPEVERYDAY,Arizala,D,,,False,True
22,7UPEVERYDAY,Fofana Y.,C,6.0,6.0,False,True
22,7UPEVERYDAY,Taylor K.,C,6.5,6.0,False,True
22,7UPEVERYDAY,Volpato,C,,,False,True
22,7UPEVERYDAY,Zambo Anguissa,C,,,False,True
22,7UPEVERYDAY,Baldanzi,C,,,False,True
22,7UPEVERYDAY,Bonny,A,,,False,True
22,7UPEVERYDAY,Meister,A,5.0,5.0,True,True
22,7UPEVERYDAY,Vardy,A,6.0,6.0,True,True
22,ULTRAMENG,Butez,P,6.0,4.5,True,False
22,ULTRAMENG,Angelino,D,,,False,False
22,ULTRAMENG,N'Dicka,D,6.5,6.5,True,False
22,ULTRAMENG,Buongiorno,D,4.0,4.0,True,False
22,ULTRAMENG,Mina,D,,,False,False
22,ULTRAMENG,Neres,C,,,False,False
22,ULTRAMENG,Ferguson,C,5.5,5.5,True,False
22,ULTRAMENG,De Bruyne,C,,,False,False
22,ULTRAMENG,Saelemaekers,C,6.5,6.0,True,False
22,ULTRAMENG,Camarda,A,,,False,False
22,ULTRAMENG,Douvikas,A,6.0,6.0,True,False
22,ULTRAMENG,Vigorito,P,,,False,True
22,ULTRAMENG,Cavlina,P,,,False,True
22,ULTRAMENG,Celik,D,7.0,8.0,True,True
22,ULTRAMENG,Kalulu,D,7.0,11.0,True,True
22,ULTRAMENG,Kossounou,D,5.5,5.0,False,True
22,ULTRAMENG,Ghilardi,D,6.5,6.5,False,True
22,ULTRAMENG,Sottil,C,6.0,6.0,True,True
22,ULTRAMENG,Rowe,C,6.5,6.5,True,True
22,ULTRAMENG,Conceicao,C,,,False,True
22,ULTRAMENG,Jashari,C,6.5,7.5,False,True
22,ULTRAMENG,Nkunku,A,5.5,5.5,True,True
22,ULTRAMENG,Simeone,A,5.5,5.5,False,True
22,ULTRAMENG,Adams C.,A,5.0,5.0,False,True
22,ULTRAMENG,Lukaku,A,,,False,True
23,VRHELPME,Di Gregorio,P,5.5,2.5,True,False
23,VRHELPME,Dimarco,D,6.5,7.5,True,False
23,VRHELPME,Kelly L.,D,6.5,6.5,True,False
23,VRHELPME,Valeri,D,6.5,6.5,True,False
23,VRHELPME,McKennie,C,7.0,9.0,True,False
23,VRHELPME,Modric,C,7.0,11.0,True,False
23,VRHELPME,Calhanoglu,C,6.5,6.0,True,False
23,VRHELPME,Loftus-Cheek,C,7.0,10.0,True,False
23,VRHELPME,Malen,A,8.0,13.0,True,False
23,VRHELPME,Scamacca,A,,,False,False
23,VRHELPME,Berardi,A,6.0,6.0,True,False
23,VRHELPME,Perin,P,,,False,True
23,VRHELPME,Djimsiti,D,6.0,5.5,False,True
23,VRHELPME,Vasquez,D,6.5,6.5,False,True
23,VRHELPME,Nelsson,D,5.5,5.5,False,True
23,VRHELPME,Angori,D,5.5,5.5,False,True
23,VRHELPME,Gallo,D,6.0,6.0,False,True
23,VRHELPME,Elmas,C,6.5,7.5,False,True
23,VRHELPME,Koopmeiners,C,6.0,6.0,False,True
23,VRHELPME,Miller L.,C,5.5,5.5,False,True
23,VRHELPME,Ilkhan,C,6.0,6.0,False,True
23,VRHELPME,Vitinha O.,A,6.0,6.0,True,True
23,VRHELPME,Davis K.,A,,,False,True
23,VRHELPME,Arena A.,A,,,False,True
23,VRHELPME,Pinsoglio,P,,,False,True
23,TEAM ZTOTTI,Caprile,P,4.5,2.5,True,False
23,TEAM ZTOTTI,Miranda J.,D,5.5,5.5,True,False
23,TEAM ZTOTTI,Bernasconi,D,6.5,7.0,True,False
23,TEAM ZTOTTI,Belghali,D,5.5,5.5,True,False
23,TEAM ZTOTTI,Palestra,D,5.5,5.5,True,False
23,TEAM ZTOTTI,Atta,C,6.0,5.5,True,False
23,TEAM ZTOTTI,Konè I.,C,6.5,6.5,True,False
23,TEAM ZTOTTI,Bernabè,C,7.0,10.0,True,False
23,TEAM ZTOTTI,Colombo,A,5.5,5.5,True,False
23,TEAM ZTOTTI,Martinez L.,A,5.5,5.5,True,False
23,TEAM ZTOTTI,Soulè,A,5.0,5.0,True,False
23,TEAM ZTOTTI,Sommer,P,6.0,4.0,False,True
23,TEAM ZTOTTI,Ciocci,P,,,False,True
23,TEAM ZTOTTI,Hermoso,D,,,False,True
23,TEAM ZTOTTI,Acerbi,D,,,False,True
23,TEAM ZTOTTI,Marianucci,D,5.5,5.5,False,True
23,TEAM ZTOTTI,Oristanio,C,5.5,5.5,False,True
23,TEAM ZTOTTI,Sucic P.,C,6.5,6.5,False,True
23,TEAM ZTOTTI,Politano,C,5.5,5.5,False,True
23,TEAM ZTOTTI,Cambiaghi,A,,,False,True
23,TEAM ZTOTTI,Isaac,A,,,False,True
23,TEAM HANQI,Falcone,P,6.0,7.0,True,False
23,TEAM HANQI,Bartesaghi,D,6.5,6.0,True,False
23,TEAM HANQI,Luperto,D,6.5,6.5,True,False
23,TEAM HANQI,Rrahmani,D,5.0,4.5,True,False
23,TEAM HANQI,Luis Henrique,C,5.5,5.5,True,False
23,TEAM HANQI,Baturina,C,5.5,5.5,True,False
23,TEAM HANQI,Paz N.,C,5.0,5.0,True,False
23,TEAM HANQI,Strefezza,C,6.5,6.5,True,False
23,TEAM HANQI,Orsolini,C,,,False,False
23,TEAM HANQI,Fullkrug,A,4.5,2.5,True,False
23,TEAM HANQI,Raspadori,A,6.0,6.0,True,False
23,TEAM HANQI,Fruchtl,P,,,False,True
23,TEAM HANQI,Silvestri,P,,,False,True
23,TEAM HANQI,Diego Carlos,D,,,False,True
23,TEAM HANQI,Beukema,D,6.5,6.5,False,True
23,TEAM HANQI,Holm,D,6.0,6.0,False,True
23,TEAM HANQI,Ziolkowski,D,,,False,True
23,TEAM HANQI,Mazzocchi,D,,,False,True
23,TEAM HANQI,El Aynaoui,C,6.0,6.0,True,True
23,TEAM HANQI,Prati,C,6.0,6.0,False,True
23,TEAM HANQI,Diouf,C,6.5,6.5,False,True
23,TEAM HANQI,Solomon,A,6.5,6.5,False,True
23,TEAM HANQI,Durosinmi,A,,,False,True
23,TEAM HANQI,Gueye,A,,,False,True
23,TEAM HANQI,Okereke,A,,,False,True
23,XIAOYEZI,Carnesecchi,P,6.5,7.5,True,False
23,XIAOYEZI,Gosens,D,,,False,False
23,XIAOYEZI,Ramon,D,5.5,5.5,True,False
23,XIAOYEZI,Scalvini,D,5.5,5.0,True,False
23,XIAOYEZI,Parisi,D,6.0,4.0,True,False
23,XIAOYEZI,Pulisic,C,,,False,False
23,XIAOYEZI,Malinovskyi,C,6.0,6.0,True,False
23,XIAOYEZI,Isaksen,C,5.0,5.0,True,False
23,XIAOYEZI,Pellegrino M.,A,6.5,10.5,True,False
23,XIAOYEZI,Hojlund,A,6.0,6.0,True,False
23,XIAOYEZI,Addai,A,5.5,5.5,True,False
23,XIAOYEZI,Orban G.,A,4.0,3.0,False,True
23,XIAOYEZI,Morata,A,5.0,4.0,False,True
23,XIAOYEZI,Zapata D.,A,6.5,6.5,False,True
23,XIAOYEZI,Vojvoda,D,5.5,5.5,True,True
23,XIAOYEZI,Lazaro,D,5.5,5.5,False,True
23,XIAOYEZI,Coco,D,5.5,5.5,False,True
23,XIAOYEZI,Casadei,C,6.0,6.0,True,True
23,XIAOYEZI,Fagioli,C,7.0,10.0,False,True
23,XIAOYEZI,Frendrup,C,6.0,6.0,False,True
23,XIAOYEZI,De Roon,C,5.5,5.5,False,True
23,XIAOYEZI,Rossi F.,P,,,False,True
23,XIAOYEZI,Sportiello,P,,,False,True
23,XIAOYEZI,Troilo,D,,,False,True
23,XIAOYEZI,Rovella,C,6.0,6.0,False,True
23,KOKOMO,Provedel,P,5.5,3.5,True,False
23,KOKOMO,Tomori,D,6.5,6.5,True,False
23,KOKOMO,Pavlovic,D,6.5,6.5,True,False
23,KOKOMO,Mancini,D,6.0,5.5,True,False
23,KOKOMO,Bisseck,D,6.0,7.0,True,False
23,KOKOMO,McTominay,C,,,False,False
23,KOKOMO,Barella,C,6.0,5.5,True,False
23,KOKOMO,Locatelli,C,6.5,9.5,True,False
23,KOKOMO,Matic,C,,,False,False
23,KOKOMO,Dybala,A,,,False,False
23,KOKOMO,Boga,A,6.0,6.0,True,False
23,KOKOMO,Furlanetto,P,,,False,True
23,KOKOMO,Motta,P,,,False,True
23,KOKOMO,Biraghi,D,,,False,True
23,KOKOMO,Baschirotto,D,7.0,7.0,False,True
23,KOKOMO,Delprato,D,6.0,6.0,False,True
23,KOKOMO,Rugani,D,,,False,True
23,KOKOMO,Odgaard,C,,,False,True
23,KOKOMO,Miretti,C,5.5,5.5,True,True
23,KOKOMO,Vergara,C,5.5,5.5,True,True
23,KOKOMO,Adzic,C,,,False,True
23,KOKOMO,Dallinga,A,,,False,True
23,KOKOMO,Vaz,A,5.5,5.5,True,True
23,KOKOMO,Dovbyk,A,,,False,True
23,KOKOMO,Trepy,A,5.5,5.5,False,True
23,NI99ER NO.1,Meret,P,,,False,False
23,NI99ER NO.1,Wesley,D,6.5,6.5,True,False
23,NI99ER NO.1,Heggem,D,,,False,False
23,NI99ER NO.1,Ostigard,D,6.5,6.5,True,False
23,NI99ER NO.1,Gabbia,D,5.5,5.5,True,False
23,NI99ER NO.1,Rabiot,C,5.0,4.0,True,False
23,NI99ER NO.1,Zielinski,C,7.0,10.5,True,False
23,NI99ER NO.1,Pasalic,C,,,False,False
23,NI99ER NO.1,David,A,5.5,5.5,True,False
23,NI99ER NO.1,Thuram,A,6.0,6.0,True,False
23,NI99ER NO.1,Leao,A,5.5,5.5,True,False
23,NI99ER NO.1,Rensch,D,,,False,True
23,NI99ER NO.1,Norton-Cuffy,D,6.5,6.5,True,True
23,NI99ER NO.1,Bremer,D,7.0,7.0,False,True
23,NI99ER NO.1,Ahanor,D,5.0,4.5,False,True
23,NI99ER NO.1,Mkhitaryan,C,,,False,True
23,NI99ER NO.1,Tramoni M.,C,5.0,5.0,True,True
23,NI99ER NO.1,Basic,C,,,False,True
23,NI99ER NO.1,Ondrejka,C,6.0,6.0,False,True
23,NI99ER NO.1,Cataldi,C,5.0,5.0,False,True
23,NI99ER NO.1,Openda,A,,,False,True
23,NI99ER NO.1,Laurientè,A,7.0,10.0,False,True
23,NI99ER NO.1,Giovane,A,6.5,7.5,False,True
23,NI99ER NO.1,Milinkovic-Savic V.,P,6.0,4.0,True,True
23,NI99ER NO.1,Contini,P,,,False,True
23,ULTRAMENG,Butez,P,6.0,4.0,True,False
23,ULTRAMENG,Angelino,D,,,False,False
23,ULTRAMENG,N'Dicka,D,7.0,7.0,True,False
23,ULTRAMENG,Buongiorno,D,5.5,5.5,True,False
23,ULTRAMENG,Mina,D,5.5,5.5,True,False
23,ULTRAMENG,Neres,C,,,False,False
23,ULTRAMENG,Ferguson,C,,,False,False
23,ULTRAMENG,De Bruyne,C,,,False,False
23,ULTRAMENG,Saelemaekers,C,,,False,False
23,ULTRAMENG,Camarda,A,,,False,False
23,ULTRAMENG,Douvikas,A,5.5,5.5,True,False
23,ULTRAMENG,Vigorito,P,,,False,True
23,ULTRAMENG,Cavlina,P,,,False,True
23,ULTRAMENG,Celik,D,6.0,6.0,True,True
23,ULTRAMENG,Kalulu,D,5.0,4.0,False,True
23,ULTRAMENG,Kossounou,D,6.5,6.5,False,True
23,ULTRAMENG,Ghilardi,D,6.5,6.5,False,True
23,ULTRAMENG,Sottil,C,6.5,7.5,True,True
23,ULTRAMENG,Rowe,C,7.0,8.0,True,True
23,ULTRAMENG,Conceicao,C,6.0,6.0,True,True
23,ULTRAMENG,Jashari,C,,,False,True
23,ULTRAMENG,Nkunku,A,5.5,5.5,True,True
23,ULTRAMENG,Simeone,A,5.0,5.0,False,True
23,ULTRAMENG,Adams C.,A,5.5,5.5,False,True
23,ULTRAMENG,Lukaku,A,,,False,True
23,ROMAZDA,Skorupski,P,6.0,5.0,True,False
23,ROMAZDA,Martin,D,5.5,5.5,True,False
23,ROMAZDA,Muharemovic,D,5.5,5.0,True,False
23,ROMAZDA,Akanji,D,6.0,6.0,True,False
23,ROMAZDA,Zappacosta,D,6.5,6.5,True,False
23,ROMAZDA,Maldini,C,5.5,5.5,True,False
23,ROMAZDA,Ederson D.S.,C,7.0,10.0,True,False
23,ROMAZDA,Thorstvedt,C,6.0,6.0,True,False
23,ROMAZDA,Vlasic,C,6.0,8.5,True,False
23,ROMAZDA,Yildiz,A,6.0,6.0,True,False
23,ROMAZDA,Krstovic,A,6.0,6.0,True,False
23,ROMAZDA,Kulenovic,A,,,False,True
23,ROMAZDA,Piccoli,A,,,False,True
23,ROMAZDA,Ratkov,A,6.0,6.0,False,True
23,ROMAZDA,Ferguson E.,A,,,False,True
23,ROMAZDA,Pellegrini Lo.,C,5.5,5.5,False,True
23,ROMAZDA,Santos A.,C,7.5,11.5,False,True
23,ROMAZDA,Gudmundsson A.,C,,,False,True
23,ROMAZDA,Zaccagni,C,,,False,True
23,ROMAZDA,Carlos Augusto,D,6.0,6.0,False,True
23,ROMAZDA,Cambiaso,D,6.5,7.5,False,True
23,ROMAZDA,Raterink,D,,,False,True
23,ROMAZDA,Dumfries,D,,,False,True
23,ROMAZDA,Bijlow,P,6.5,7.5,False,True
23,ROMAZDA,Paleari,P,6.5,4.5,False,True
23,SIR CROCODILE,Svilar,P,6.0,4.0,True,False
23,SIR CROCODILE,Terracciano F.,D,6.5,6.0,True,False
23,SIR CROCODILE,Bastoni,D,6.0,5.5,True,False
23,SIR CROCODILE,Solet,D,6.5,9.5,True,False
23,SIR CROCODILE,Dodò,D,6.5,6.5,True,False
23,SIR CROCODILE,Thuram K.,C,,,False,False
23,SIR CROCODILE,Mandragora,C,6.5,6.0,True,False
23,SIR CROCODILE,Zalewski,C,7.0,10.0,True,False
23,SIR CROCODILE,Pinamonti,A,7.5,12.5,True,False
23,SIR CROCODILE,Castro S.,A,7.0,11.0,True,False
23,SIR CROCODILE,Kilicsoy,A,5.5,5.5,True,False
23,SIR CROCODILE,Gollini,P,,,False,True
23,SIR CROCODILE,Leali,P,,,False,True
23,SIR CROCODILE,Kristensen T.,D,5.5,5.5,False,True
23,SIR CROCODILE,Zortea,D,6.0,6.0,False,True
23,SIR CROCODILE,Ranieri L.,D,6.0,5.5,False,True
23,SIR CROCODILE,Bellanova,D,,,False,True
23,SIR CROCODILE,Da Cunha,C,5.5,5.5,True,True
23,SIR CROCODILE,Gaetano,C,,,False,True
23,SIR CROCODILE,Cristante,C,6.0,6.0,False,True
23,SIR CROCODILE,Pisilli,C,5.5,5.5,False,True
23,SIR CROCODILE,Frattesi,C,,,False,True
23,SIR CROCODILE,Esposito Se.,A,5.5,5.5,False,True
23,SIR CROCODILE,Rodriguez Je.,A,6.5,6.0,False,True
23,SIR CROCODILE,Vlahovic,A,,,False,True
23,7UPEVERYDAY,Maignan,P,6.5,5.5,True,False
23,7UPEVERYDAY,Olivera,D,6.0,6.0,True,False
23,7UPEVERYDAY,Spinazzola,D,6.5,9.5,True,False
23,7UPEVERYDAY,Joao Mario,D,6.0,6.0,True,False
23,7UPEVERYDAY,Gutierrez,D,5.0,5.0,True,False
23,7UPEVERYDAY,Zaragoza,C,6.0,7.0,True,False
23,7UPEVERYDAY,Ekkelenkamp,C,6.0,6.0,True,False
23,7UPEVERYDAY,Zaniolo,C,6.5,6.5,True,False
23,7UPEVERYDAY,Bonny,A,,,False,False
23,7UPEVERYDAY,Vardy,A,5.5,5.5,True,False
23,7UPEVERYDAY,Kean,A,7.0,10.0,True,False
23,7UPEVERYDAY,Terracciano,P,,,False,True
23,7UPEVERYDAY,Torriani,P,,,False,True
23,7UPEVERYDAY,Valle,D,6.0,6.0,False,True
23,7UPEVERYDAY,Hien,D,,,False,True
23,7UPEVERYDAY,Doig,D,6.0,6.0,False,True
23,7UPEVERYDAY,Arizala,D,,,False,True
23,7UPEVERYDAY,Taylor K.,C,6.0,5.5,False,True
23,7UPEVERYDAY,Fofana Y.,C,5.5,5.5,False,True
23,7UPEVERYDAY,Volpato,C,,,False,True
23,7UPEVERYDAY,Zambo Anguissa,C,,,False,True
23,7UPEVERYDAY,Baldanzi,C,6.0,6.0,False,True
23,7UPEVERYDAY,Esposito F.P.,A,7.0,10.0,True,True
23,7UPEVERYDAY,Meister,A,,,False,True
23,7UPEVERYDAY,De Ketelaere,A,,,False,True
24,TEAM ZTOTTI,Caprile,P,6.5,7.5,True,False
24,TEAM ZTOTTI,Bernasconi,D,6.5,7.5,True,False
24,TEAM ZTOTTI,Juan Jesus,D,6.5,6.0,True,False
24,TEAM ZTOTTI,Hermoso,D,,,False,False
24,TEAM ZTOTTI,Palestra,D,6.5,6.5,True,False
24,TEAM ZTOTTI,Atta,C,6.0,6.0,True,False
24,TEAM ZTOTTI,Konè M.,C,6.0,6.0,True,False
24,TEAM ZTOTTI,Konè I.,C,6.5,6.5,True,False
24,TEAM ZTOTTI,Politano,C,5.5,5.5,True,False
24,TEAM ZTOTTI,Colombo,A,6.5,6.5,True,False
24,TEAM ZTOTTI,Soulè,A,,,False,False
24,TEAM ZTOTTI,Sommer,P,6.0,7.0,False,True
24,TEAM ZTOTTI,Ciocci,P,,,False,True
24,TEAM ZTOTTI,Miranda J.,D,6.0,5.5,True,True
24,TEAM ZTOTTI,Acerbi,D,,,False,True
24,TEAM ZTOTTI,Marianucci,D,,,False,True
24,TEAM ZTOTTI,Sucic P.,C,5.5,5.5,False,True
24,TEAM ZTOTTI,Bernabè,C,6.0,6.0,False,True
24,TEAM ZTOTTI,Oristanio,C,,,False,True
24,TEAM ZTOTTI,Cambiaghi,A,6.0,6.0,True,True
24,TEAM ZTOTTI,Isaac,A,,,False,True
24,ULTRAMENG,Butez,P,6.0,7.0,True,False
24,ULTRAMENG,Angelino,D,,,False,False
24,ULTRAMENG,N'Dicka,D,7.0,10.0,True,False
24,ULTRAMENG,Buongiorno,D,5.5,5.5,True,False
24,ULTRAMENG,Mina,D,5.0,4.0,True,False
24,ULTRAMENG,Neres,C,,,False,False
24,ULTRAMENG,Ferguson,C,,,False,False
24,ULTRAMENG,De Bruyne,C,,,False,False
24,ULTRAMENG,Saelemaekers,C,5.5,5.0,True,False
24,ULTRAMENG,Camarda,A,,,False,False
24,ULTRAMENG,Douvikas,A,6.5,7.5,True,False
24,ULTRAMENG,Vigorito,P,,,False,True
24,ULTRAMENG,Cavlina,P,,,False,True
24,ULTRAMENG,Celik,D,6.5,6.5,True,True
24,ULTRAMENG,Kalulu,D,,,False,True
24,ULTRAMENG,Kossounou,D,,,False,True
24,ULTRAMENG,Ghilardi,D,6.0,6.0,False,True
24,ULTRAMENG,Sottil,C,5.5,5.5,True,True
24,ULTRAMENG,Rowe,C,6.0,6.0,True,True
24,ULTRAMENG,Conceicao,C,6.0,6.0,True,True
24,ULTRAMENG,Jashari,C,5.5,5.5,False,True
24,ULTRAMENG,Nkunku,A,,,False,True
24,ULTRAMENG,Simeone,A,5.5,5.0,True,True
24,ULTRAMENG,Adams C.,A,,,False,True
24,ULTRAMENG,Lukaku,A,,,False,True
24,ROMAZDA,Skorupski,P,6.0,7.0,True,False
24,ROMAZDA,Martin,D,,,False,False
24,ROMAZDA,Akanji,D,7.0,10.0,True,False
24,ROMAZDA,Zappacosta,D,6.0,6.0,True,False
24,ROMAZDA,Maldini,C,5.5,5.5,True,False
24,ROMAZDA,Pellegrini Lo.,C,6.0,7.0,True,False
24,ROMAZDA,Ederson D.S.,C,,,False,False
24,ROMAZDA,Thorstvedt,C,6.0,6.0,True,False
24,ROMAZDA,Vlasic,C,6.0,6.0,True,False
24,ROMAZDA,Yildiz,A,6.0,6.0,True,False
24,ROMAZDA,Krstovic,A,6.0,6.0,True,False
24,ROMAZDA,Kulenovic,A,5.5,5.5,False,True
24,ROMAZDA,Piccoli,A,,,False,True
24,ROMAZDA,Ratkov,A,6.0,6.0,False,True
24,ROMAZDA,Ferguson E.,A,,,False,True
24,ROMAZDA,Gudmundsson A.,C,,,False,True
24,ROMAZDA,Zaccagni,C,5.5,5.5,True,True
24,ROMAZDA,Santos A.,C,5.5,5.5,False,True
24,ROMAZDA,Carlos Augusto,D,,,False,True
24,ROMAZDA,Cambiaso,D,5.5,5.5,True,True
24,ROMAZDA,Raterink,D,,,False,True
24,ROMAZDA,Dumfries,D,,,False,True
24,ROMAZDA,Muharemovic,D,,,False,True
24,ROMAZDA,Bijlow,P,6.0,7.0,False,True
24,ROMAZDA,Paleari,P,5.0,2.0,False,True
24,SIR CROCODILE,Svilar,P,6.5,7.5,True,False
24,SIR CROCODILE,Terracciano F.,D,6.0,6.0,True,False
24,SIR CROCODILE,Bastoni,D,6.0,5.5,True,False
24,SIR CROCODILE,Solet,D,,,False,False
24,SIR CROCODILE,Dodò,D,6.5,6.0,True,False
24,SIR CROCODILE,Thuram K.,C,5.5,5.5,True,False
24,SIR CROCODILE,Cristante,C,7.5,12.5,True,False
24,SIR CROCODILE,Zalewski,C,7.0,7.5,True,False
24,SIR CROCODILE,Pinamonti,A,7.0,11.0,True,False
24,SIR CROCODILE,Castro S.,A,6.5,6.5,True,False
24,SIR CROCODILE,Kilicsoy,A,6.0,6.0,True,False
24,SIR CROCODILE,Gollini,P,,,False,True
24,SIR CROCODILE,Leali,P,,,False,True
24,SIR CROCODILE,Kristensen T.,D,6.0,6.0,True,True
24,SIR CROCODILE,Zortea,D,,,False,True
24,SIR CROCODILE,Bellanova,D,5.5,5.5,False,True
24,SIR CROCODILE,Ranieri L.,D,6.5,6.5,False,True
24,SIR CROCODILE,Da Cunha,C,6.5,7.5,False,True
24,SIR CROCODILE,Frattesi,C,5.5,5.5,False,True
24,SIR CROCODILE,Pisilli,C,7.0,10.0,False,True
24,SIR CROCODILE,Gaetano,C,,,False,True
24,SIR CROCODILE,Mandragora,C,,,False,True
24,SIR CROCODILE,Esposito Se.,A,6.0,6.0,False,True
24,SIR CROCODILE,Rodriguez Je.,A,,,False,True
24,SIR CROCODILE,Vlahovic,A,,,False,True
24,NI99ER NO.1,Meret,P,,,False,False
24,NI99ER NO.1,Wesley,D,5.5,5.5,True,False
24,NI99ER NO.1,Heggem,D,,,False,False
24,NI99ER NO.1,Ostigard,D,6.5,6.5,True,False
24,NI99ER NO.1,Gabbia,D,,,False,False
24,NI99ER NO.1,Rabiot,C,6.5,6.5,True,False
24,NI99ER NO.1,Zielinski,C,6.5,6.5,True,False
24,NI99ER NO.1,Cataldi,C,6.5,6.5,True,False
24,NI99ER NO.1,Laurientè,A,7.5,9.5,True,False
24,NI99ER NO.1,Thuram,A,5.5,5.5,True,False
24,NI99ER NO.1,Leao,A,5.5,5.0,True,False
24,NI99ER NO.1,Rensch,D,,,False,True
24,NI99ER NO.1,Norton-Cuffy,D,7.0,11.0,True,True
24,NI99ER NO.1,Bremer,D,,,False,True
24,NI99ER NO.1,Ahanor,D,,,False,True
24,NI99ER NO.1,Mkhitaryan,C,7.0,11.0,False,True
24,NI99ER NO.1,Pasalic,C,7.0,10.0,False,True
24,NI99ER NO.1,Tramoni M.,C,,,False,True
24,NI99ER NO.1,Basic,C,,,False,True
24,NI99ER NO.1,Ondrejka,C,6.0,6.0,False,True
24,NI99ER NO.1,David,A,5.5,5.5,False,True
24,NI99ER NO.1,Openda,A,5.0,5.0,False,True
24,NI99ER NO.1,Giovane,A,5.5,5.5,False,True
24,NI99ER NO.1,Milinkovic-Savic V.,P,6.5,4.5,True,True
24,NI99ER NO.1,Contini,P,,,False,True
24,TEAM HANQI,Falcone,P,7.0,5.0,True,False
24,TEAM HANQI,Bartesaghi,D,5.5,5.5,True,False
24,TEAM HANQI,Luperto,D,5.5,5.5,True,False
24,TEAM HANQI,Beukema,D,6.5,9.5,True,False
24,TEAM HANQI,Luis Henrique,C,6.0,6.0,True,False
24,TEAM HANQI,Diouf,C,6.0,6.0,True,False
24,TEAM HANQI,Prati,C,5.5,5.5,True,False
24,TEAM HANQI,Baturina,C,6.0,6.0,True,False
24,TEAM HANQI,Orsolini,C,5.5,5.5,True,False
24,TEAM HANQI,Fullkrug,A,5.5,5.5,True,False
24,TEAM HANQI,Solomon,A,6.0,6.0,True,False
24,TEAM HANQI,Fruchtl,P,,,False,True
24,TEAM HANQI,Silvestri,P,,,False,True
24,TEAM HANQI,Diego Carlos,D,6.0,6.0,False,True
24,TEAM HANQI,Ziolkowski,D,,,False,True
24,TEAM HANQI,Mazzocchi,D,6.0,6.0,False,True
24,TEAM HANQI,El Aynaoui,C,6.0,5.5,False,True
24,TEAM HANQI,Strefezza,C,6.5,6.5,False,True
24,TEAM HANQI,Durosinmi,A,5.5,5.5,False,True
24,TEAM HANQI,Gueye,A,,,False,True
24,TEAM HANQI,Okereke,A,,,False,True
24,TEAM HANQI,Rrahmani,D,,,False,True
24,TEAM HANQI,Holm,D,,,False,True
24,TEAM HANQI,Paz N.,C,,,False,True
24,TEAM HANQI,Raspadori,A,,,False,True
24,7UPEVERYDAY,Maignan,P,6.0,5.0,True,False
24,7UPEVERYDAY,Olivera,D,5.0,5.0,True,False
24,7UPEVERYDAY,Spinazzola,D,5.5,5.5,True,False
24,7UPEVERYDAY,Joao Mario,D,6.0,6.0,True,False
24,7UPEVERYDAY,Gutierrez,D,6.5,7.5,True,False
24,7UPEVERYDAY,Zaragoza,C,5.5,5.5,True,False
24,7UPEVERYDAY,Taylor K.,C,6.0,6.0,True,False
24,7UPEVERYDAY,Zaniolo,C,5.5,5.5,True,False
24,7UPEVERYDAY,Bonny,A,6.0,6.0,True,False
24,7UPEVERYDAY,Esposito F.P.,A,6.0,6.0,True,False
24,7UPEVERYDAY,Kean,A,7.0,11.0,True,False
24,7UPEVERYDAY,Terracciano,P,,,False,True
24,7UPEVERYDAY,Torriani,P,,,False,True
24,7UPEVERYDAY,Doig,D,,,False,True
24,7UPEVERYDAY,Valle,D,6.0,6.0,False,True
24,7UPEVERYDAY,Hien,D,5.5,5.5,False,True
24,7UPEVERYDAY,Arizala,D,,,False,True
24,7UPEVERYDAY,Volpato,C,,,False,True
24,7UPEVERYDAY,Ekkelenkamp,C,6.0,6.0,False,True
24,7UPEVERYDAY,Fofana Y.,C,,,False,True
24,7UPEVERYDAY,Zambo Anguissa,C,,,False,True
24,7UPEVERYDAY,Baldanzi,C,7.0,7.0,False,True
24,7UPEVERYDAY,Vardy,A,5.0,5.0,False,True
24,7UPEVERYDAY,De Ketelaere,A,,,False,True
24,7UPEVERYDAY,Meister,A,5.5,5.5,False,True
24,KOKOMO,Provedel,P,6.0,7.0,True,False
24,KOKOMO,Tomori,D,6.0,6.0,True,False
24,KOKOMO,Pavlovic,D,5.5,5.5,True,False
24,KOKOMO,Mancini,D,6.5,6.5,True,False
24,KOKOMO,Bisseck,D,6.0,6.0,True,False
24,KOKOMO,McTominay,C,,,False,False
24,KOKOMO,Barella,C,,,False,False
24,KOKOMO,Locatelli,C,6.0,5.5,True,False
24,KOKOMO,Matic,C,,,False,False
24,KOKOMO,Dybala,A,,,False,False
24,KOKOMO,Boga,A,5.5,5.5,True,False
24,KOKOMO,Furlanetto,P,,,False,True
24,KOKOMO,Motta,P,,,False,True
24,KOKOMO,Biraghi,D,,,False,True
24,KOKOMO,Baschirotto,D,,,False,True
24,KOKOMO,Delprato,D,6.5,6.5,False,True
24,KOKOMO,Rugani,D,,,False,True
24,KOKOMO,Odgaard,C,,,False,True
24,KOKOMO,Miretti,C,5.5,5.5,True,True
24,KOKOMO,Vergara,C,6.0,6.0,True,True
24,KOKOMO,Adzic,C,,,False,True
24,KOKOMO,Vaz,A,,,False,True
24,KOKOMO,Dallinga,A,,,False,True
24,KOKOMO,Dovbyk,A,,,False,True
24,KOKOMO,Trepy,A,6.0,6.0,True,True
24,XIAOYEZI,Carnesecchi,P,6.0,5.0,True,False
24,XIAOYEZI,Vojvoda,D,7.0,11.0,True,False
24,XIAOYEZI,Ramon,D,6.5,6.5,True,False
24,XIAOYEZI,Scalvini,D,6.0,6.0,True,False
24,XIAOYEZI,Parisi,D,6.0,6.0,True,False
24,XIAOYEZI,Pulisic,C,6.0,6.0,True,False
24,XIAOYEZI,Malinovskyi,C,6.5,6.5,True,False
24,XIAOYEZI,Isaksen,C,5.5,5.5,True,False
24,XIAOYEZI,Fagioli,C,6.0,6.0,True,False
24,XIAOYEZI,Zapata D.,A,5.5,5.5,True,False
24,XIAOYEZI,Hojlund,A,6.0,6.0,True,False
24,XIAOYEZI,Pellegrino M.,A,6.0,6.0,False,True
24,XIAOYEZI,Orban G.,A,,,False,True
24,XIAOYEZI,Addai,A,,,False,True
24,XIAOYEZI,Morata,A,,,False,True
24,XIAOYEZI,Gosens,D,,,False,True
24,XIAOYEZI,Lazaro,D,5.0,5.0,False,True
24,XIAOYEZI,Coco,D,5.5,5.5,False,True
24,XIAOYEZI,Casadei,C,,,False,True
24,XIAOYEZI,Frendrup,C,6.0,6.0,False,True
24,XIAOYEZI,De Roon,C,6.0,6.0,False,True
24,XIAOYEZI,Rossi F.,P,,,False,True
24,XIAOYEZI,Sportiello,P,,,False,True
24,XIAOYEZI,Troilo,D,7.5,11.0,False,True
24,XIAOYEZI,Rovella,C,6.0,6.0,False,True
24,VRHELPME,Di Gregorio,P,4.5,2.5,True,False
24,VRHELPME,Dimarco,D,7.0,8.0,True,False
24,VRHELPME,Kelly L.,D,5.5,5.5,True,False
24,VRHELPME,Angori,D,6.0,6.0,True,False
24,VRHELPME,Vasquez,D,6.5,6.5,True,False
24,VRHELPME,McKennie,C,5.0,5.0,True,False
24,VRHELPME,Modric,C,6.0,6.0,True,False
24,VRHELPME,Calhanoglu,C,,,False,False
24,VRHELPME,Malen,A,7.0,7.0,True,False
24,VRHELPME,Scamacca,A,6.5,6.5,True,False
24,VRHELPME,Berardi,A,7.0,11.0,True,False
24,VRHELPME,Perin,P,,,False,True
24,VRHELPME,Valeri,D,6.5,7.5,False,True
24,VRHELPME,Djimsiti,D,6.0,6.0,False,True
24,VRHELPME,Nelsson,D,5.0,5.0,False,True
24,VRHELPME,Gallo,D,5.5,5.5,False,True
24,VRHELPME,Elmas,C,5.5,5.5,True,True
24,VRHELPME,Koopmeiners,C,5.0,5.0,False,True
24,VRHELPME,Miller L.,C,,,False,True
24,VRHELPME,Ilkhan,C,4.5,3.5,False,True
24,VRHELPME,Loftus-Cheek,C,,,False,True
24,VRHELPME,Vitinha O.,A,,,False,True
24,VRHELPME,Davis K.,A,,,False,True
24,VRHELPME,Arena A.,A,,,False,True
24,VRHELPME,Pinsoglio,P,,,False,True
25,VRHELPME,Di Gregorio,P,,,False,False
25,VRHELPME,Dimarco,D,7.0,11.0,True,False
25,VRHELPME,Djimsiti,D,6.0,6.0,True,False
25,VRHELPME,Valeri,D,6.0,6.0,True,False
25,VRHELPME,Elmas,C,6.0,5.5,True,False
25,VRHELPME,Modric,C,7.0,7.0,True,False
25,VRHELPME,Calhanoglu,C,7.0,8.5,True,False
25,VRHELPME,McKennie,C,6.0,7.0,True,False
25,VRHELPME,Malen,A,7.0,10.0,True,False
25,VRHELPME,Scamacca,A,5.5,5.5,True,False
25,VRHELPME,Berardi,A,6.5,6.5,True,False
25,VRHELPME,Perin,P,5.5,2.5,True,True
25,VRHELPME,Kelly L.,D,5.0,5.0,False,True
25,VRHELPME,Angori,D,6.0,6.0,False,True
25,VRHELPME,Vasquez,D,6.0,6.0,False,True
25,VRHELPME,Nelsson,D,6.0,6.0,False,True
25,VRHELPME,Gallo,D,5.5,5.5,False,True
25,VRHELPME,Koopmeiners,C,5.5,5.5,False,True
25,VRHELPME,Miller L.,C,6.5,7.5,False,True
25,VRHELPME,Ilkhan,C,,,False,True
25,VRHELPME,Loftus-Cheek,C,,,False,True
25,VRHELPME,Vitinha O.,A,5.5,5.5,False,True
25,VRHELPME,Davis K.,A,7.5,9.5,False,True
25,VRHELPME,Arena A.,A,,,False,True
25,VRHELPME,Pinsoglio,P,,,False,True
25,TEAM HANQI,Falcone,P,6.0,3.0,True,False
25,TEAM HANQI,Bartesaghi,D,6.0,6.0,True,False
25,TEAM HANQI,Luperto,D,5.5,5.5,True,False
25,TEAM HANQI,Beukema,D,6.0,6.0,True,False
25,TEAM HANQI,Luis Henrique,C,6.5,6.5,True,False
25,TEAM HANQI,Strefezza,C,6.0,6.0,True,False
25,TEAM HANQI,Prati,C,6.0,6.0,True,False
25,TEAM HANQI,Paz N.,C,6.0,6.0,True,False
25,TEAM HANQI,Orsolini,C,5.5,5.5,True,False
25,TEAM HANQI,Fullkrug,A,6.0,6.0,True,False
25,TEAM HANQI,Durosinmi,A,6.0,6.0,True,False
25,TEAM HANQI,Fruchtl,P,,,False,True
25,TEAM HANQI,Silvestri,P,,,False,True
25,TEAM HANQI,Diego Carlos,D,6.0,6.0,False,True
25,TEAM HANQI,Ziolkowski,D,,,False,True
25,TEAM HANQI,Mazzocchi,D,,,False,True
25,TEAM HANQI,El Aynaoui,C,5.5,5.5,False,True
25,TEAM HANQI,Diouf,C,6.0,6.0,False,True
25,TEAM HANQI,Gueye,A,,,False,True
25,TEAM HANQI,Okereke,A,,,False,True
25,TEAM HANQI,Rrahmani,D,,,False,True
25,TEAM HANQI,Holm,D,,,False,True
25,TEAM HANQI,Raspadori,A,,,False,True
25,TEAM HANQI,Baturina,C,,,False,True
25,TEAM HANQI,Solomon,A,,,False,True
25,KOKOMO,Provedel,P,6.0,4.0,True,False
25,KOKOMO,Tomori,D,6.5,6.5,True,False
25,KOKOMO,Pavlovic,D,7.0,11.0,True,False
25,KOKOMO,Mancini,D,6.0,6.0,True,False
25,KOKOMO,Bisseck,D,6.0,6.0,True,False
25,KOKOMO,McTominay,C,,,False,False
25,KOKOMO,Barella,C,6.0,6.0,True,False
25,KOKOMO,Locatelli,C,,,False,False
25,KOKOMO,Matic,C,6.0,5.5,True,False
25,KOKOMO,Dybala,A,,,False,False
25,KOKOMO,Boga,A,7.0,10.0,True,False
25,KOKOMO,Furlanetto,P,,,False,True
25,KOKOMO,Motta,P,,,False,True
25,KOKOMO,Biraghi,D,,,False,True
25,KOKOMO,Baschirotto,D,,,False,True
25,KOKOMO,Delprato,D,6.0,6.0,False,True
25,KOKOMO,Rugani,D,4.0,3.5,False,True
25,KOKOMO,Odgaard,C,7.0,11.0,True,True
25,KOKOMO,Miretti,C,6.0,6.0,True,True
25,KOKOMO,Vergara,C,6.5,6.5,False,True
25,KOKOMO,Adzic,C,,,False,True
25,KOKOMO,Vaz,A,,,False,True
25,KOKOMO,Dallinga,A,,,False,True
25,KOKOMO,Dovbyk,A,,,False,True
25,KOKOMO,Trepy,A,,,False,True
25,ROMAZDA,Skorupski,P,7.0,8.0,True,False
25,ROMAZDA,Martin,D,5.5,5.5,True,False
25,ROMAZDA,Akanji,D,6.0,6.0,True,False
25,ROMAZDA,Zappacosta,D,6.5,7.5,True,False
25,ROMAZDA,Maldini,C,,,False,False
25,ROMAZDA,Pellegrini Lo.,C,6.0,7.0,True,False
25,ROMAZDA,Ederson D.S.,C,,,False,False
25,ROMAZDA,Thorstvedt,C,7.0,11.0,True,False
25,ROMAZDA,Vlasic,C,6.0,5.5,True,False
25,ROMAZDA,Yildiz,A,5.5,5.5,True,False
25,ROMAZDA,Krstovic,A,6.0,6.0,True,False
25,ROMAZDA,Kulenovic,A,,,False,True
25,ROMAZDA,Piccoli,A,5.5,5.5,False,True
25,ROMAZDA,Ratkov,A,5.0,5.0,False,True
25,ROMAZDA,Ferguson E.,A,,,False,True
25,ROMAZDA,Gudmundsson A.,C,5.0,5.0,True,True
25,ROMAZDA,Zaccagni,C,5.5,5.5,True,True
25,ROMAZDA,Santos A.,C,6.0,6.0,False,True
25,ROMAZDA,Carlos Augusto,D,6.5,6.5,False,True
25,ROMAZDA,Cambiaso,D,5.0,5.0,False,True
25,ROMAZDA,Raterink,D,,,False,True
25,ROMAZDA,Dumfries,D,,,False,True
25,ROMAZDA,Muharemovic,D,6.5,6.5,False,True
25,ROMAZDA,Bijlow,P,7.0,5.0,False,True
25,ROMAZDA,Paleari,P,6.5,7.5,False,True
25,ULTRAMENG,Butez,P,6.0,5.0,True,False
25,ULTRAMENG,Angelino,D,,,False,False
25,ULTRAMENG,N'Dicka,D,6.5,9.5,True,False
25,ULTRAMENG,Buongiorno,D,6.0,6.0,True,False
25,ULTRAMENG,Mina,D,,,False,False
25,ULTRAMENG,Neres,C,,,False,False
25,ULTRAMENG,Ferguson,C,,,False,False
25,ULTRAMENG,De Bruyne,C,,,False,False
25,ULTRAMENG,Saelemaekers,C,5.5,5.5,True,False
25,ULTRAMENG,Camarda,A,,,False,False
25,ULTRAMENG,Douvikas,A,7.0,10.0,True,False
25,ULTRAMENG,Vigorito,P,,,False,True
25,ULTRAMENG,Cavlina,P,,,False,True
25,ULTRAMENG,Celik,D,6.0,6.0,True,True
25,ULTRAMENG,Kalulu,D,5.5,5.5,True,True
25,ULTRAMENG,Kossounou,D,,,False,True
25,ULTRAMENG,Ghilardi,D,6.0,6.0,False,True
25,ULTRAMENG,Sottil,C,6.0,6.0,True,True
25,ULTRAMENG,Rowe,C,6.0,6.0,True,True
25,ULTRAMENG,Conceicao,C,6.5,9.5,True,True
25,ULTRAMENG,Jashari,C,,,False,True
25,ULTRAMENG,Nkunku,A,6.5,7.5,False,True
25,ULTRAMENG,Simeone,A,7.0,11.0,False,True
25,ULTRAMENG,Adams C.,A,,,False,True
25,ULTRAMENG,Lukaku,A,7.0,10.5,False,True
25,XIAOYEZI,Carnesecchi,P,6.5,4.5,True,False
25,XIAOYEZI,Vojvoda,D,6.0,6.0,True,False
25,XIAOYEZI,Ramon,D,6.5,6.5,True,False
25,XIAOYEZI,Scalvini,D,5.5,5.5,True,False
25,XIAOYEZI,Coco,D,6.5,6.5,True,False
25,XIAOYEZI,Pulisic,C,5.0,5.0,True,False
25,XIAOYEZI,Malinovskyi,C,5.0,4.5,True,False
25,XIAOYEZI,Isaksen,C,5.5,5.5,True,False
25,XIAOYEZI,Casadei,C,6.0,6.0,True,False
25,XIAOYEZI,Pellegrino M.,A,5.5,5.0,True,False
25,XIAOYEZI,Hojlund,A,6.5,9.5,True,False
25,XIAOYEZI,Orban G.,A,,,False,True
25,XIAOYEZI,Zapata D.,A,7.0,10.0,False,True
25,XIAOYEZI,Morata,A,5.5,5.5,False,True
25,XIAOYEZI,Addai,A,,,False,True
25,XIAOYEZI,Gosens,D,,,False,True
25,XIAOYEZI,Parisi,D,5.0,4.5,False,True
25,XIAOYEZI,Lazaro,D,6.5,6.5,False,True
25,XIAOYEZI,Troilo,D,6.5,6.5,False,True
25,XIAOYEZI,Fagioli,C,5.5,5.5,False,True
25,XIAOYEZI,Frendrup,C,6.0,6.0,False,True
25,XIAOYEZI,De Roon,C,5.0,5.0,False,True
25,XIAOYEZI,Rossi F.,P,,,False,True
25,XIAOYEZI,Sportiello,P,,,False,True
25,XIAOYEZI,Rovella,C,,,False,True
25,SIR CROCODILE,Svilar,P,6.0,3.0,True,False
25,SIR CROCODILE,Terracciano F.,D,5.5,5.0,True,False
25,SIR CROCODILE,Ranieri L.,D,5.5,5.0,True,False
25,SIR CROCODILE,Kristensen T.,D,6.5,6.5,True,False
25,SIR CROCODILE,Zortea,D,6.0,6.0,True,False
25,SIR CROCODILE,Thuram K.,C,6.0,6.0,True,False
25,SIR CROCODILE,Cristante,C,5.5,5.5,True,False
25,SIR CROCODILE,Zalewski,C,5.5,5.0,True,False
25,SIR CROCODILE,Pinamonti,A,4.0,3.0,True,False
25,SIR CROCODILE,Castro S.,A,6.0,6.0,True,False
25,SIR CROCODILE,Kilicsoy,A,5.5,5.5,True,False
25,SIR CROCODILE,Gollini,P,,,False,True
25,SIR CROCODILE,Leali,P,,,False,True
25,SIR CROCODILE,Bellanova,D,6.0,6.0,False,True
25,SIR CROCODILE,Solet,D,,,False,True
25,SIR CROCODILE,Dodò,D,,,False,True
25,SIR CROCODILE,Bastoni,D,,,False,True
25,SIR CROCODILE,Mandragora,C,5.5,5.5,False,True
25,SIR CROCODILE,Da Cunha,C,7.0,8.0,False,True
25,SIR CROCODILE,Pisilli,C,7.5,8.5,False,True
25,SIR CROCODILE,Frattesi,C,6.0,6.0,False,True
25,SIR CROCODILE,Gaetano,C,,,False,True
25,SIR CROCODILE,Esposito Se.,A,6.5,7.0,False,True
25,SIR CROCODILE,Rodriguez Je.,A,7.5,12.5,False,True
25,SIR CROCODILE,Vlahovic,A,,,False,True
25,TEAM ZTOTTI,Caprile,P,7.0,6.0,True,False
25,TEAM ZTOTTI,Bernasconi,D,6.0,5.5,True,False
25,TEAM ZTOTTI,Juan Jesus,D,6.0,5.5,True,False
25,TEAM ZTOTTI,Palestra,D,6.5,6.5,True,False
25,TEAM ZTOTTI,Sucic P.,C,,,False,False
25,TEAM ZTOTTI,Bernabè,C,6.5,6.5,True,False
25,TEAM ZTOTTI,Atta,C,,,False,False
25,TEAM ZTOTTI,Konè M.,C,6.5,7.5,True,False
25,TEAM ZTOTTI,Politano,C,6.0,6.0,True,False
25,TEAM ZTOTTI,Cambiaghi,A,5.5,5.5,True,False
25,TEAM ZTOTTI,Colombo,A,6.0,6.0,True,False
25,TEAM ZTOTTI,Sommer,P,6.0,7.0,False,True
25,TEAM ZTOTTI,Ciocci,P,,,False,True
25,TEAM ZTOTTI,Acerbi,D,,,False,True
25,TEAM ZTOTTI,Marianucci,D,,,False,True
25,TEAM ZTOTTI,Oristanio,C,7.0,11.0,True,True
25,TEAM ZTOTTI,Konè I.,C,7.0,10.0,True,True
25,TEAM ZTOTTI,Diao,A,,,False,True
25,TEAM ZTOTTI,Isaac,A,,,False,True
25,7UPEVERYDAY,Maignan,P,6.0,7.0,True,False
25,7UPEVERYDAY,Olivera,D,,,False,False
25,7UPEVERYDAY,Spinazzola,D,6.0,6.0,True,False
25,7UPEVERYDAY,Joao Mario,D,5.5,5.5,True,False
25,7UPEVERYDAY,Gutierrez,D,6.0,6.0,True,False
25,7UPEVERYDAY,Zaragoza,C,,,False,False
25,7UPEVERYDAY,Taylor K.,C,5.0,5.0,True,False
25,7UPEVERYDAY,Zaniolo,C,7.0,8.0,True,False
25,7UPEVERYDAY,Bonny,A,6.5,6.5,True,False
25,7UPEVERYDAY,Esposito F.P.,A,6.0,6.0,True,False
25,7UPEVERYDAY,Kean,A,5.5,5.5,True,False
25,7UPEVERYDAY,Terracciano,P,,,False,True
25,7UPEVERYDAY,Torriani,P,,,False,True
25,7UPEVERYDAY,Doig,D,,,False,True
25,7UPEVERYDAY,Valle,D,,,False,True
25,7UPEVERYDAY,Hien,D,6.0,6.0,True,True
25,7UPEVERYDAY,Arizala,D,,,False,True
25,7UPEVERYDAY,Volpato,C,,,False,True
25,7UPEVERYDAY,Ekkelenkamp,C,6.0,6.0,True,True
25,7UPEVERYDAY,Fofana Y.,C,6.5,6.5,False,True
25,7UPEVERYDAY,Zambo Anguissa,C,,,False,True
25,7UPEVERYDAY,Baldanzi,C,5.5,5.5,False,True
25,7UPEVERYDAY,Vardy,A,6.0,6.0,False,True
25,7UPEVERYDAY,De Ketelaere,A,,,False,True
25,7UPEVERYDAY,Meister,A,,,False,True
25,NI99ER NO.1,Milinkovic-Savic V.,P,,,False,False
25,NI99ER NO.1,Wesley,D,7.0,9.5,True,False
25,NI99ER NO.1,Ahanor,D,,,False,False
25,NI99ER NO.1,Heggem,D,,,False,False
25,NI99ER NO.1,Bremer,D,5.5,6.5,True,False
25,NI99ER NO.1,Rabiot,C,6.5,6.5,True,False
25,NI99ER NO.1,Zielinski,C,6.0,6.0,True,False
25,NI99ER NO.1,Cataldi,C,6.0,6.0,True,False
25,NI99ER NO.1,Laurientè,A,7.0,9.0,True,False
25,NI99ER NO.1,Thuram,A,5.5,5.5,True,False
25,NI99ER NO.1,Leao,A,6.0,9.0,True,False
25,NI99ER NO.1,Rensch,D,6.5,6.5,True,True
25,NI99ER NO.1,Ostigard,D,6.0,6.0,True,True
25,NI99ER NO.1,Norton-Cuffy,D,,,False,True
25,NI99ER NO.1,Gabbia,D,,,False,True
25,NI99ER NO.1,Pasalic,C,5.0,5.0,False,True
25,NI99ER NO.1,Mkhitaryan,C,7.0,7.5,False,True
25,NI99ER NO.1,Tramoni M.,C,,,False,True
25,NI99ER NO.1,Basic,C,,,False,True
25,NI99ER NO.1,Ondrejka,C,,,False,True
25,NI99ER NO.1,David,A,5.5,5.5,False,True
25,NI99ER NO.1,Openda,A,,,False,True
25,NI99ER NO.1,Giovane,A,6.5,7.5,False,True
25,NI99ER NO.1,Meret,P,6.0,5.0,True,True
25,NI99ER NO.1,Contini,P,,,False,True
26,VRHELPME,Di Gregorio,P,,,False,False
26,VRHELPME,Dimarco,D,5.5,5.5,True,False
26,VRHELPME,Djimsiti,D,,,False,False
26,VRHELPME,Kelly L.,D,6.0,6.0,True,False
26,VRHELPME,McKennie,C,6.0,6.0,True,False
26,VRHELPME,Modric,C,7.0,6.5,True,False
26,VRHELPME,Calhanoglu,C,,,False,False
26,VRHELPME,Elmas,C,7.0,11.0,True,False
26,VRHELPME,Malen,A,5.5,5.0,True,False
26,VRHELPME,Scamacca,A,7.5,14.5,True,False
26,VRHELPME,Berardi,A,5.5,5.5,True,False
26,VRHELPME,Perin,P,6.5,7.5,True,True
26,VRHELPME,Valeri,D,6.0,6.0,True,True
26,VRHELPME,Angori,D,5.5,5.5,False,True
26,VRHELPME,Vasquez,D,6.0,6.0,False,True
26,VRHELPME,Nelsson,D,5.5,5.5,False,True
26,VRHELPME,Gallo,D,6.5,7.5,False,True
26,VRHELPME,Koopmeiners,C,,,False,True
26,VRHELPME,Miller L.,C,6.0,6.0,True,True
26,VRHELPME,Ilkhan,C,,,False,True
26,VRHELPME,Loftus-Cheek,C,,,False,True
26,VRHELPME,Davis K.,A,7.0,10.0,False,True
26,VRHELPME,Vitinha O.,A,7.0,11.0,False,True
26,VRHELPME,Arena A.,A,,,False,True
26,VRHELPME,Pinsoglio,P,,,False,True
26,NI99ER NO.1,Milinkovic-Savic V.,P,6.0,5.0,True,False
26,NI99ER NO.1,Rensch,D,5.5,5.5,True,False
26,NI99ER NO.1,Ahanor,D,,,False,False
26,NI99ER NO.1,Bremer,D,6.0,5.5,True,False
26,NI99ER NO.1,Pasalic,C,6.5,6.5,True,False
26,NI99ER NO.1,Rabiot,C,6.5,6.0,True,False
26,NI99ER NO.1,Zielinski,C,5.5,5.5,True,False
26,NI99ER NO.1,Cataldi,C,6.0,6.0,True,False
26,NI99ER NO.1,David,A,5.0,5.0,True,False
26,NI99ER NO.1,Thuram,A,,,False,False
26,NI99ER NO.1,Leao,A,5.5,5.5,True,False
26,NI99ER NO.1,Wesley,D,,,False,True
26,NI99ER NO.1,Ostigard,D,7.0,7.0,True,True
26,NI99ER NO.1,Norton-Cuffy,D,,,False,True
26,NI99ER NO.1,Heggem,D,,,False,True
26,NI99ER NO.1,Gabbia,D,,,False,True
26,NI99ER NO.1,Mkhitaryan,C,6.0,6.0,False,True
26,NI99ER NO.1,Tramoni M.,C,,,False,True
26,NI99ER NO.1,Basic,C,,,False,True
26,NI99ER NO.1,Ondrejka,C,,,False,True
26,NI99ER NO.1,Laurientè,A,7.0,9.5,True,True
26,NI99ER NO.1,Openda,A,,,False,True
26,NI99ER NO.1,Giovane,A,,,False,True
26,NI99ER NO.1,Meret,P,,,False,True
26,NI99ER NO.1,Contini,P,,,False,True
26,TEAM HANQI,Falcone,P,6.5,5.5,True,False
26,TEAM HANQI,Bartesaghi,D,,,False,False
26,TEAM HANQI,Luperto,D,5.5,5.0,True,False
26,TEAM HANQI,Diego Carlos,D,,,False,False
26,TEAM HANQI,Beukema,D,,,False,False
26,TEAM HANQI,Baturina,C,7.0,10.0,True,False
26,TEAM HANQI,Diouf,C,,,False,False
26,TEAM HANQI,Paz N.,C,6.0,6.0,True,False
26,TEAM HANQI,Strefezza,C,6.0,6.0,True,False
26,TEAM HANQI,Luis Henrique,C,5.0,5.0,True,False
26,TEAM HANQI,Durosinmi,A,5.5,5.5,True,False
26,TEAM HANQI,Silvestri,P,,,False,True
26,TEAM HANQI,Fruchtl,P,,,False,True
26,TEAM HANQI,Ziolkowski,D,,,False,True
26,TEAM HANQI,Mazzocchi,D,,,False,True
26,TEAM HANQI,Orsolini,C,5.5,5.5,True,True
26,TEAM HANQI,El Aynaoui,C,5.5,5.5,False,True
26,TEAM HANQI,Prati,C,6.0,6.0,False,True
26,TEAM HANQI,Fullkrug,A,6.0,6.0,False,True
26,TEAM HANQI,Gueye,A,,,False,True
26,TEAM HANQI,Okereke,A,5.0,5.0,False,True
26,TEAM HANQI,Rrahmani,D,,,False,True
26,TEAM HANQI,Holm,D,,,False,True
26,TEAM HANQI,Raspadori,A,,,False,True
26,TEAM HANQI,Solomon,A,,,False,True
26,ULTRAMENG,Butez,P,6.5,5.5,True,False
26,ULTRAMENG,Angelino,D,,,False,False
26,ULTRAMENG,N'Dicka,D,6.5,9.0,True,False
26,ULTRAMENG,Buongiorno,D,6.5,6.5,True,False
26,ULTRAMENG,Mina,D,,,False,False
26,ULTRAMENG,Neres,C,,,False,False
26,ULTRAMENG,Ferguson,C,5.5,5.0,True,False
26,ULTRAMENG,De Bruyne,C,,,False,False
26,ULTRAMENG,Saelemaekers,C,6.0,6.0,True,False
26,ULTRAMENG,Camarda,A,,,False,False
26,ULTRAMENG,Douvikas,A,6.0,6.0,True,False
26,ULTRAMENG,Vigorito,P,,,False,True
26,ULTRAMENG,Cavlina,P,,,False,True
26,ULTRAMENG,Celik,D,5.5,5.5,True,True
26,ULTRAMENG,Kalulu,D,6.5,6.5,True,True
26,ULTRAMENG,Kossounou,D,5.0,5.0,False,True
26,ULTRAMENG,Ghilardi,D,6.0,6.0,False,True
26,ULTRAMENG,Sottil,C,,,False,True
26,ULTRAMENG,Rowe,C,7.0,10.0,True,True
26,ULTRAMENG,Conceicao,C,7.0,8.0,True,True
26,ULTRAMENG,Jashari,C,,,False,True
26,ULTRAMENG,Nkunku,A,,,False,True
26,ULTRAMENG,Simeone,A,5.5,5.5,True,True
26,ULTRAMENG,Adams C.,A,6.0,7.0,False,True
26,ULTRAMENG,Lukaku,A,,,False,True
26,TEAM ZTOTTI,Caprile,P,6.0,4.0,True,False
26,TEAM ZTOTTI,Bernasconi,D,6.0,6.0,True,False
26,TEAM ZTOTTI,Juan Jesus,D,6.0,6.0,True,False
26,TEAM ZTOTTI,Palestra,D,6.5,6.0,True,False
26,TEAM ZTOTTI,Atta,C,6.0,6.0,True,False
26,TEAM ZTOTTI,Konè I.,C,6.0,6.0,True,False
26,TEAM ZTOTTI,Bernabè,C,,,False,False
26,TEAM ZTOTTI,Konè M.,C,5.5,5.5,True,False
26,TEAM ZTOTTI,Oristanio,C,6.0,6.0,True,False
26,TEAM ZTOTTI,Cambiaghi,A,,,False,False
26,TEAM ZTOTTI,Diao,A,,,False,False
26,TEAM ZTOTTI,Sommer,P,6.0,5.0,False,True
26,TEAM ZTOTTI,Ciocci,P,,,False,True
26,TEAM ZTOTTI,Belghali,D,,,False,True
26,TEAM ZTOTTI,Hermoso,D,,,False,True
26,TEAM ZTOTTI,Marianucci,D,,,False,True
26,TEAM ZTOTTI,Acerbi,D,,,False,True
26,TEAM ZTOTTI,Politano,C,6.5,7.5,True,True
26,TEAM ZTOTTI,Sucic P.,C,5.5,5.5,False,True
26,TEAM ZTOTTI,Colombo,A,6.0,6.0,True,True
26,TEAM ZTOTTI,Isaac,A,,,False,True
26,KOKOMO,Provedel,P,,,False,False
26,KOKOMO,Tomori,D,6.0,6.0,True,False
26,KOKOMO,Pavlovic,D,7.0,7.0,True,False
26,KOKOMO,Mancini,D,5.5,5.5,True,False
26,KOKOMO,Bisseck,D,5.5,5.5,True,False
26,KOKOMO,McTominay,C,,,False,False
26,KOKOMO,Barella,C,5.5,5.5,True,False
26,KOKOMO,Locatelli,C,7.0,8.0,True,False
26,KOKOMO,Matic,C,5.5,5.5,True,False
26,KOKOMO,Dybala,A,,,False,False
26,KOKOMO,Boga,A,7.0,10.0,True,False
26,KOKOMO,Furlanetto,P,,,False,True
26,KOKOMO,Motta,P,6.0,5.0,True,True
26,KOKOMO,Biraghi,D,,,False,True
26,KOKOMO,Baschirotto,D,,,False,True
26,KOKOMO,Delprato,D,6.5,6.5,False,True
26,KOKOMO,Rugani,D,,,False,True
26,KOKOMO,Odgaard,C,5.5,5.5,True,True
26,KOKOMO,Miretti,C,,,False,True
26,KOKOMO,Vergara,C,6.0,6.0,False,True
26,KOKOMO,Adzic,C,,,False,True
26,KOKOMO,Vaz,A,,,False,True
26,KOKOMO,Dallinga,A,,,False,True
26,KOKOMO,Dovbyk,A,,,False,True
26,KOKOMO,Trepy,A,,,False,True
26,ROMAZDA,Skorupski,P,6.5,4.5,True,False
26,ROMAZDA,Cambiaso,D,7.0,11.0,True,False
26,ROMAZDA,Akanji,D,6.0,6.0,True,False
26,ROMAZDA,Zappacosta,D,6.0,6.0,True,False
26,ROMAZDA,Zaccagni,C,5.5,5.5,True,False
26,ROMAZDA,Maldini,C,7.0,10.0,True,False
26,ROMAZDA,Gudmundsson A.,C,5.5,5.5,True,False
26,ROMAZDA,Pellegrini Lo.,C,5.0,5.0,True,False
26,ROMAZDA,Santos A.,C,7.0,10.0,True,False
26,ROMAZDA,Yildiz,A,7.5,11.5,True,False
26,ROMAZDA,Krstovic,A,6.5,6.5,True,False
26,ROMAZDA,Piccoli,A,5.0,5.0,False,True
26,ROMAZDA,Ratkov,A,,,False,True
26,ROMAZDA,Kulenovic,A,5.5,5.5,False,True
26,ROMAZDA,Ferguson E.,A,,,False,True
26,ROMAZDA,Thorstvedt,C,6.5,7.5,False,True
26,ROMAZDA,Vlasic,C,6.5,6.5,False,True
26,ROMAZDA,Ederson D.S.,C,,,False,True
26,ROMAZDA,Dumfries,D,6.0,5.5,False,True
26,ROMAZDA,Martin,D,6.0,6.0,False,True
26,ROMAZDA,Carlos Augusto,D,6.0,6.0,False,True
26,ROMAZDA,Muharemovic,D,5.5,5.5,False,True
26,ROMAZDA,Raterink,D,,,False,True
26,ROMAZDA,Bijlow,P,6.0,5.0,False,True
26,ROMAZDA,Paleari,P,6.0,4.0,False,True
26,7UPEVERYDAY,Maignan,P,6.5,7.5,True,False
26,7UPEVERYDAY,Olivera,D,6.0,6.0,True,False
26,7UPEVERYDAY,Spinazzola,D,6.5,7.0,True,False
26,7UPEVERYDAY,Joao Mario,D,5.5,5.5,True,False
26,7UPEVERYDAY,Gutierrez,D,6.0,6.0,True,False
26,7UPEVERYDAY,Zaragoza,C,,,False,False
26,7UPEVERYDAY,Taylor K.,C,6.5,6.5,True,False
26,7UPEVERYDAY,Zaniolo,C,6.5,7.5,True,False
26,7UPEVERYDAY,Bonny,A,5.0,5.0,True,False
26,7UPEVERYDAY,Esposito F.P.,A,5.5,5.5,True,False
26,7UPEVERYDAY,Kean,A,,,False,False
26,7UPEVERYDAY,Terracciano,P,,,False,True
26,7UPEVERYDAY,Torriani,P,,,False,True
26,7UPEVERYDAY,Doig,D,6.0,6.0,False,True
26,7UPEVERYDAY,Valle,D,,,False,True
26,7UPEVERYDAY,Hien,D,5.5,5.5,False,True
26,7UPEVERYDAY,Arizala,D,,,False,True
26,7UPEVERYDAY,Volpato,C,,,False,True
26,7UPEVERYDAY,Ekkelenkamp,C,6.0,6.0,True,True
26,7UPEVERYDAY,Fofana Y.,C,6.5,7.5,False,True
26,7UPEVERYDAY,Zambo Anguissa,C,6.0,6.0,False,True
26,7UPEVERYDAY,Baldanzi,C,,,False,True
26,7UPEVERYDAY,Vardy,A,5.0,5.0,True,True
26,7UPEVERYDAY,De Ketelaere,A,,,False,True
26,7UPEVERYDAY,Meister,A,,,False,True
26,XIAOYEZI,Carnesecchi,P,6.0,4.0,True,False
26,XIAOYEZI,Vojvoda,D,6.0,6.0,True,False
26,XIAOYEZI,Ramon,D,5.5,5.0,True,False
26,XIAOYEZI,Gosens,D,6.0,6.0,True,False
26,XIAOYEZI,Pulisic,C,6.5,6.5,True,False
26,XIAOYEZI,Malinovskyi,C,6.5,6.5,True,False
26,XIAOYEZI,Isaksen,C,6.0,6.0,True,False
26,XIAOYEZI,Fagioli,C,5.5,5.5,True,False
26,XIAOYEZI,Pellegrino M.,A,5.5,5.5,True,False
26,XIAOYEZI,Hojlund,A,6.0,6.0,True,False
26,XIAOYEZI,Orban G.,A,6.5,7.5,True,False
26,XIAOYEZI,Zapata D.,A,5.0,5.0,False,True
26,XIAOYEZI,Morata,A,6.0,6.0,False,True
26,XIAOYEZI,Parisi,D,,,False,True
26,XIAOYEZI,Addai,A,,,False,True
26,XIAOYEZI,Lazaro,D,5.0,4.5,False,True
26,XIAOYEZI,Troilo,D,6.5,6.5,False,True
26,XIAOYEZI,Coco,D,6.0,6.0,False,True
26,XIAOYEZI,De Roon,C,6.0,5.5,False,True
26,XIAOYEZI,Casadei,C,6.5,9.5,False,True
26,XIAOYEZI,Frendrup,C,6.0,6.0,False,True
26,XIAOYEZI,Rossi F.,P,,,False,True
26,XIAOYEZI,Sportiello,P,,,False,True
26,XIAOYEZI,Rovella,C,,,False,True
26,XIAOYEZI,Scalvini,D,,,False,True
26,SIR CROCODILE,Svilar,P,6.5,4.5,True,False
26,SIR CROCODILE,Ranieri L.,D,6.0,6.0,True,False
26,SIR CROCODILE,Kristensen T.,D,6.0,9.0,True,False
26,SIR CROCODILE,Bastoni,D,6.0,5.5,True,False
26,SIR CROCODILE,Dodò,D,6.0,5.5,True,False
26,SIR CROCODILE,Thuram K.,C,7.0,10.0,True,False
26,SIR CROCODILE,Cristante,C,6.0,5.5,True,False
26,SIR CROCODILE,Pisilli,C,5.5,5.5,True,False
26,SIR CROCODILE,Zalewski,C,6.5,7.5,True,False
26,SIR CROCODILE,Castro S.,A,5.0,5.0,True,False
26,SIR CROCODILE,Kilicsoy,A,,,False,False
26,SIR CROCODILE,Gollini,P,,,False,True
26,SIR CROCODILE,Leali,P,,,False,True
26,SIR CROCODILE,Bellanova,D,5.5,5.5,False,True
26,SIR CROCODILE,Zortea,D,6.0,7.0,False,True
26,SIR CROCODILE,Solet,D,,,False,True
26,SIR CROCODILE,Terracciano F.,D,,,False,True
26,SIR CROCODILE,Da Cunha,C,7.5,11.5,False,True
26,SIR CROCODILE,Mandragora,C,5.5,5.0,False,True
26,SIR CROCODILE,Gaetano,C,,,False,True
26,SIR CROCODILE,Frattesi,C,5.5,5.5,False,True
26,SIR CROCODILE,Esposito Se.,A,7.0,9.5,True,True
26,SIR CROCODILE,Rodriguez Je.,A,6.0,6.0,False,True
26,SIR CROCODILE,Vlahovic,A,,,False,True
26,SIR CROCODILE,Pinamonti,A,,,False,True
27,KOKOMO,Provedel,P,,,False,False
27,KOKOMO,Tomori,D,6.0,6.0,True,False
27,KOKOMO,Pavlovic,D,6.0,6.0,True,False
27,KOKOMO,Mancini,D,6.0,6.0,True,False
27,KOKOMO,Bisseck,D,6.5,6.5,True,False
27,KOKOMO,Delprato,D,5.0,4.5,True,False
27,KOKOMO,McTominay,C,6.5,6.5,True,False
27,KOKOMO,Barella,C,6.5,7.5,True,False
27,KOKOMO,Locatelli,C,6.5,6.5,True,False
27,KOKOMO,Odgaard,C,6.5,6.5,True,False
27,KOKOMO,Boga,A,7.0,11.0,True,False
27,KOKOMO,Furlanetto,P,,,False,True
27,KOKOMO,Motta,P,6.5,7.0,True,True
27,KOKOMO,Biraghi,D,,,False,True
27,KOKOMO,Baschirotto,D,,,False,True
27,KOKOMO,Rugani,D,,,False,True
27,KOKOMO,Matic,C,5.5,5.5,False,True
27,KOKOMO,Miretti,C,,,False,True
27,KOKOMO,Vergara,C,,,False,True
27,KOKOMO,Adzic,C,,,False,True
27,KOKOMO,Vaz,A,5.5,5.5,False,True
27,KOKOMO,Dallinga,A,7.0,10.5,False,True
27,KOKOMO,Dovbyk,A,,,False,True
27,KOKOMO,Trepy,A,5.5,5.5,False,True
27,KOKOMO,Dybala,A,,,False,True
27,XIAOYEZI,Carnesecchi,P,5.5,4.5,True,False
27,XIAOYEZI,Vojvoda,D,,,False,False
27,XIAOYEZI,Ramon,D,6.5,6.5,True,False
27,XIAOYEZI,Gosens,D,6.5,7.5,True,False
27,XIAOYEZI,Pulisic,C,5.5,5.5,True,False
27,XIAOYEZI,Malinovskyi,C,6.0,6.0,True,False
27,XIAOYEZI,Isaksen,C,7.0,11.0,True,False
27,XIAOYEZI,Casadei,C,,,False,False
27,XIAOYEZI,Pellegrino M.,A,7.0,10.0,True,False
27,XIAOYEZI,Hojlund,A,7.0,10.0,True,False
27,XIAOYEZI,Orban G.,A,5.5,5.5,True,False
27,XIAOYEZI,Zapata D.,A,7.0,10.0,False,True
27,XIAOYEZI,Morata,A,,,False,True
27,XIAOYEZI,Parisi,D,7.0,10.0,True,True
27,XIAOYEZI,Addai,A,,,False,True
27,XIAOYEZI,Lazaro,D,,,False,True
27,XIAOYEZI,Coco,D,6.5,6.5,False,True
27,XIAOYEZI,Troilo,D,5.5,5.5,False,True
27,XIAOYEZI,Fagioli,C,7.0,7.0,True,True
27,XIAOYEZI,De Roon,C,6.0,6.0,False,True
27,XIAOYEZI,Frendrup,C,6.5,6.5,False,True
27,XIAOYEZI,Rossi F.,P,,,False,True
27,XIAOYEZI,Sportiello,P,,,False,True
27,XIAOYEZI,Rovella,C,,,False,True
27,XIAOYEZI,Scalvini,D,6.0,6.0,False,True
27,ULTRAMENG,Butez,P,6.0,5.0,True,False
27,ULTRAMENG,Angelino,D,,,False,False
27,ULTRAMENG,N'Dicka,D,,,False,False
27,ULTRAMENG,Buongiorno,D,6.5,6.5,True,False
27,ULTRAMENG,Mina,D,6.0,6.0,True,False
27,ULTRAMENG,Neres,C,,,False,False
27,ULTRAMENG,Ferguson,C,,,False,False
27,ULTRAMENG,De Bruyne,C,6.5,6.5,True,False
27,ULTRAMENG,Saelemaekers,C,6.0,6.0,True,False
27,ULTRAMENG,Camarda,A,,,False,False
27,ULTRAMENG,Douvikas,A,7.0,10.0,True,False
27,ULTRAMENG,Vigorito,P,,,False,True
27,ULTRAMENG,Cavlina,P,,,False,True
27,ULTRAMENG,Celik,D,6.0,6.0,True,True
27,ULTRAMENG,Kalulu,D,6.0,6.0,True,True
27,ULTRAMENG,Kossounou,D,,,False,True
27,ULTRAMENG,Ghilardi,D,5.5,5.0,False,True
27,ULTRAMENG,Sottil,C,,,False,True
27,ULTRAMENG,Rowe,C,,,False,True
27,ULTRAMENG,Conceicao,C,6.5,6.5,True,True
27,ULTRAMENG,Jashari,C,5.5,5.5,True,True
27,ULTRAMENG,Nkunku,A,5.5,5.5,True,True
27,ULTRAMENG,Simeone,A,7.5,10.5,False,True
27,ULTRAMENG,Adams C.,A,7.0,8.0,False,True
27,ULTRAMENG,Lukaku,A,,,False,True
27,VRHELPME,Di Gregorio,P,,,False,False
27,VRHELPME,Dimarco,D,6.0,6.0,True,False
27,VRHELPME,Djimsiti,D,6.0,6.0,True,False
27,VRHELPME,Kelly L.,D,6.0,5.5,True,False
27,VRHELPME,Valeri,D,5.0,5.0,True,False
27,VRHELPME,McKennie,C,6.0,6.0,True,False
27,VRHELPME,Modric,C,6.0,6.0,True,False
27,VRHELPME,Calhanoglu,C,,,False,False
27,VRHELPME,Vitinha O.,A,7.0,10.5,True,False
27,VRHELPME,Malen,A,6.5,8.5,True,False
27,VRHELPME,Berardi,A,5.5,5.5,True,False
27,VRHELPME,Perin,P,6.0,7.0,True,True
27,VRHELPME,Vasquez,D,6.5,6.5,False,True
27,VRHELPME,Angori,D,7.0,7.0,False,True
27,VRHELPME,Gallo,D,6.0,7.0,False,True
27,VRHELPME,Nelsson,D,5.5,5.5,False,True
27,VRHELPME,Elmas,C,5.0,5.0,True,True
27,VRHELPME,Koopmeiners,C,6.0,6.0,False,True
27,VRHELPME,Miller L.,C,6.0,6.0,False,True
27,VRHELPME,Ilkhan,C,7.0,11.0,False,True
27,VRHELPME,Loftus-Cheek,C,,,False,True
27,VRHELPME,Scamacca,A,5.5,5.5,False,True
27,VRHELPME,Davis K.,A,6.0,6.0,False,True
27,VRHELPME,Arena A.,A,,,False,True
27,VRHELPME,Pinsoglio,P,,,False,True
27,NI99ER NO.1,Milinkovic-Savic V.,P,,,False,False
27,NI99ER NO.1,Norton-Cuffy,D,6.0,6.0,True,False
27,NI99ER NO.1,Ostigard,D,7.0,10.0,True,False
27,NI99ER NO.1,Bremer,D,6.5,6.5,True,False
27,NI99ER NO.1,Wesley,D,5.5,4.5,True,False
27,NI99ER NO.1,Mkhitaryan,C,6.0,6.0,True,False
27,NI99ER NO.1,Zielinski,C,5.5,5.5,True,False
27,NI99ER NO.1,Pasalic,C,5.5,5.5,True,False
27,NI99ER NO.1,David,A,,,False,False
27,NI99ER NO.1,Thuram,A,5.5,5.5,True,False
27,NI99ER NO.1,Leao,A,5.0,5.0,True,False
27,NI99ER NO.1,Rensch,D,5.5,5.5,False,True
27,NI99ER NO.1,Heggem,D,,,False,True
27,NI99ER NO.1,Ahanor,D,,,False,True
27,NI99ER NO.1,Gabbia,D,,,False,True
27,NI99ER NO.1,Cataldi,C,,,False,True
27,NI99ER NO.1,Rabiot,C,,,False,True
27,NI99ER NO.1,Tramoni M.,C,6.5,6.5,False,True
27,NI99ER NO.1,Basic,C,,,False,True
27,NI99ER NO.1,Ondrejka,C,,,False,True
27,NI99ER NO.1,Laurientè,A,6.0,6.0,True,True
27,NI99ER NO.1,Openda,A,,,False,True
27,NI99ER NO.1,Giovane,A,,,False,True
27,NI99ER NO.1,Meret,P,6.0,5.0,True,True
27,NI99ER NO.1,Contini,P,,,False,True
27,ROMAZDA,Skorupski,P,6.5,7.5,True,False
27,ROMAZDA,Cambiaso,D,6.0,6.0,True,False
27,ROMAZDA,Akanji,D,6.0,6.0,True,False
27,ROMAZDA,Zappacosta,D,6.5,6.5,True,False
27,ROMAZDA,Zaccagni,C,6.0,6.0,True,False
27,ROMAZDA,Maldini,C,6.5,6.5,True,False
27,ROMAZDA,Gudmundsson A.,C,7.0,10.5,True,False
27,ROMAZDA,Pellegrini Lo.,C,6.5,6.5,True,False
27,ROMAZDA,Santos A.,C,5.5,5.5,True,False
27,ROMAZDA,Yildiz,A,7.0,8.0,True,False
27,ROMAZDA,Krstovic,A,7.0,11.0,True,False
27,ROMAZDA,Piccoli,A,7.5,12.5,False,True
27,ROMAZDA,Ratkov,A,,,False,True
27,ROMAZDA,Kulenovic,A,6.5,7.0,False,True
27,ROMAZDA,Ferguson E.,A,,,False,True
27,ROMAZDA,Thorstvedt,C,6.0,6.0,False,True
27,ROMAZDA,Vlasic,C,7.0,7.0,False,True
27,ROMAZDA,Ederson D.S.,C,6.5,6.5,False,True
27,ROMAZDA,Dumfries,D,5.0,5.0,False,True
27,ROMAZDA,Martin,D,6.5,7.5,False,True
27,ROMAZDA,Carlos Augusto,D,6.5,6.0,False,True
27,ROMAZDA,Muharemovic,D,6.5,6.5,False,True
27,ROMAZDA,Raterink,D,,,False,True
27,ROMAZDA,Bijlow,P,6.0,7.0,False,True
27,ROMAZDA,Paleari,P,5.5,4.5,False,True
27,SIR CROCODILE,Svilar,P,6.0,4.0,True,False
27,SIR CROCODILE,Terracciano F.,D,,,False,False
27,SIR CROCODILE,Ranieri L.,D,6.5,6.5,True,False
27,SIR CROCODILE,Zortea,D,5.5,5.0,True,False
27,SIR CROCODILE,Dodò,D,7.5,10.5,True,False
27,SIR CROCODILE,Cristante,C,5.0,5.0,True,False
27,SIR CROCODILE,Thuram K.,C,6.0,6.0,True,False
27,SIR CROCODILE,Mandragora,C,6.5,7.0,True,False
27,SIR CROCODILE,Zalewski,C,5.5,5.5,True,False
27,SIR CROCODILE,Pinamonti,A,5.5,5.5,True,False
27,SIR CROCODILE,Kilicsoy,A,5.0,5.0,True,False
27,SIR CROCODILE,Gollini,P,,,False,True
27,SIR CROCODILE,Leali,P,,,False,True
27,SIR CROCODILE,Bellanova,D,,,False,True
27,SIR CROCODILE,Solet,D,,,False,True
27,SIR CROCODILE,Bastoni,D,,,False,True
27,SIR CROCODILE,Kristensen T.,D,6.0,6.0,True,True
27,SIR CROCODILE,Da Cunha,C,7.0,7.0,False,True
27,SIR CROCODILE,Gaetano,C,5.5,5.5,False,True
27,SIR CROCODILE,Pisilli,C,5.5,5.5,False,True
27,SIR CROCODILE,Frattesi,C,5.5,5.5,False,True
27,SIR CROCODILE,Castro S.,A,6.0,6.0,False,True
27,SIR CROCODILE,Rodriguez Je.,A,6.0,6.0,False,True
27,SIR CROCODILE,Esposito Se.,A,,,False,True
27,SIR CROCODILE,Vlahovic,A,,,False,True
27,TEAM HANQI,Falcone,P,6.0,4.0,True,False
27,TEAM HANQI,Bartesaghi,D,6.0,6.0,True,False
27,TEAM HANQI,Luperto,D,4.5,4.5,True,False
27,TEAM HANQI,Beukema,D,5.5,5.5,True,False
27,TEAM HANQI,Luis Henrique,C,5.5,5.5,True,False
27,TEAM HANQI,Baturina,C,6.5,6.5,True,False
27,TEAM HANQI,Strefezza,C,6.5,7.0,True,False
27,TEAM HANQI,Paz N.,C,5.5,5.5,True,False
27,TEAM HANQI,Orsolini,C,6.0,6.0,True,False
27,TEAM HANQI,Fullkrug,A,5.5,5.5,True,False
27,TEAM HANQI,Durosinmi,A,4.0,3.0,True,False
27,TEAM HANQI,Silvestri,P,,,False,True
27,TEAM HANQI,Fruchtl,P,,,False,True
27,TEAM HANQI,Diego Carlos,D,6.5,10.0,False,True
27,TEAM HANQI,Ziolkowski,D,5.5,5.5,False,True
27,TEAM HANQI,Mazzocchi,D,6.0,6.0,False,True
27,TEAM HANQI,El Aynaoui,C,,,False,True
27,TEAM HANQI,Prati,C,6.0,6.0,False,True
27,TEAM HANQI,Diouf,C,,,False,True
27,TEAM HANQI,Gueye,A,,,False,True
27,TEAM HANQI,Okereke,A,6.5,9.5,False,True
27,TEAM HANQI,Rrahmani,D,,,False,True
27,TEAM HANQI,Holm,D,,,False,True
27,TEAM HANQI,Raspadori,A,,,False,True
27,TEAM HANQI,Solomon,A,,,False,True
27,7UPEVERYDAY,Maignan,P,6.0,5.0,True,False
27,7UPEVERYDAY,Olivera,D,6.0,6.0,True,False
27,7UPEVERYDAY,Spinazzola,D,6.0,6.0,True,False
27,7UPEVERYDAY,Joao Mario,D,,,False,False
27,7UPEVERYDAY,Gutierrez,D,6.0,6.0,True,False
27,7UPEVERYDAY,Zaragoza,C,,,False,False
27,7UPEVERYDAY,Taylor K.,C,6.5,6.5,True,False
27,7UPEVERYDAY,Zaniolo,C,5.0,4.5,True,False
27,7UPEVERYDAY,Bonny,A,5.5,5.5,True,False
27,7UPEVERYDAY,Esposito F.P.,A,7.0,10.0,True,False
27,7UPEVERYDAY,Kean,A,,,False,False
27,7UPEVERYDAY,Terracciano,P,,,False,True
27,7UPEVERYDAY,Torriani,P,,,False,True
27,7UPEVERYDAY,Doig,D,6.0,6.0,True,True
27,7UPEVERYDAY,Valle,D,6.5,7.5,False,True
27,7UPEVERYDAY,Hien,D,6.0,6.0,False,True
27,7UPEVERYDAY,Arizala,D,6.0,6.0,False,True
27,7UPEVERYDAY,Volpato,C,6.0,6.0,True,True
27,7UPEVERYDAY,Ekkelenkamp,C,5.5,5.5,False,True
27,7UPEVERYDAY,Fofana Y.,C,6.0,6.0,False,True
27,7UPEVERYDAY,Zambo Anguissa,C,5.0,5.0,False,True
27,7UPEVERYDAY,Baldanzi,C,,,False,True
27,7UPEVERYDAY,Vardy,A,,,False,True
27,7UPEVERYDAY,De Ketelaere,A,6.0,5.5,True,True
27,7UPEVERYDAY,Meister,A,,,False,True
27,TEAM ZTOTTI,Caprile,P,6.0,3.0,True,False
27,TEAM ZTOTTI,Belghali,D,5.5,5.5,True,False
27,TEAM ZTOTTI,Bernasconi,D,5.5,5.5,True,False
27,TEAM ZTOTTI,Hermoso,D,5.0,5.0,True,False
27,TEAM ZTOTTI,Palestra,D,5.0,5.0,True,False
27,TEAM ZTOTTI,Sucic P.,C,5.5,5.0,True,False
27,TEAM ZTOTTI,Konè M.,C,5.0,5.0,True,False
27,TEAM ZTOTTI,Konè I.,C,6.0,6.0,True,False
27,TEAM ZTOTTI,Politano,C,7.5,12.5,True,False
27,TEAM ZTOTTI,Cambiaghi,A,6.0,6.0,True,False
27,TEAM ZTOTTI,Colombo,A,6.0,6.0,True,False
27,TEAM ZTOTTI,Sommer,P,6.0,5.0,False,True
27,TEAM ZTOTTI,Ciocci,P,,,False,True
27,TEAM ZTOTTI,Miranda J.,D,6.5,6.5,False,True
27,TEAM ZTOTTI,Juan Jesus,D,,,False,True
27,TEAM ZTOTTI,Marianucci,D,,,False,True
27,TEAM ZTOTTI,Acerbi,D,,,False,True
27,TEAM ZTOTTI,Atta,C,5.5,5.5,False,True
27,TEAM ZTOTTI,Oristanio,C,6.0,6.0,False,True
27,TEAM ZTOTTI,Diao,A,7.0,7.0,False,True
27,TEAM ZTOTTI,Isaac,A,,,False,True
28,VRHELPME,Di Gregorio,P,,,False,False
28,VRHELPME,Dimarco,D,5.5,5.0,True,False
28,VRHELPME,Vasquez,D,6.0,6.0,True,False
28,VRHELPME,Valeri,D,5.5,5.5,True,False
28,VRHELPME,McKennie,C,5.5,5.5,True,False
28,VRHELPME,Modric,C,6.5,6.5,True,False
28,VRHELPME,Calhanoglu,C,6.0,6.0,True,False
28,VRHELPME,Elmas,C,,,False,False
28,VRHELPME,Malen,A,6.0,6.0,True,False
28,VRHELPME,Davis K.,A,7.0,9.5,True,False
28,VRHELPME,Vitinha O.,A,5.0,5.0,True,False
28,VRHELPME,Perin,P,6.5,5.5,True,True
28,VRHELPME,Djimsiti,D,6.0,6.0,False,True
28,VRHELPME,Kelly L.,D,6.0,6.0,False,True
28,VRHELPME,Angori,D,5.0,4.5,False,True
28,VRHELPME,Gallo,D,5.5,5.5,False,True
28,VRHELPME,Nelsson,D,6.0,6.0,False,True
28,VRHELPME,Koopmeiners,C,5.5,5.5,True,True
28,VRHELPME,Miller L.,C,,,False,True
28,VRHELPME,Ilkhan,C,5.5,5.0,False,True
28,VRHELPME,Loftus-Cheek,C,,,False,True
28,VRHELPME,Scamacca,A,,,False,True
28,VRHELPME,Berardi,A,6.5,7.5,False,True
28,VRHELPME,Arena A.,A,6.0,6.0,False,True
28,VRHELPME,Pinsoglio,P,,,False,True
28,KOKOMO,Provedel,P,,,False,False
28,KOKOMO,Tomori,D,6.0,5.5,True,False
28,KOKOMO,Pavlovic,D,7.0,9.5,True,False
28,KOKOMO,Mancini,D,6.0,6.0,True,False
28,KOKOMO,Bisseck,D,6.5,6.5,True,False
28,KOKOMO,Delprato,D,,,False,False
28,KOKOMO,McTominay,C,7.0,11.0,True,False
28,KOKOMO,Barella,C,6.0,6.5,True,False
28,KOKOMO,Locatelli,C,5.0,3.0,True,False
28,KOKOMO,Odgaard,C,,,False,False
28,KOKOMO,Boga,A,5.5,5.5,True,False
28,KOKOMO,Furlanetto,P,,,False,True
28,KOKOMO,Motta,P,7.0,10.0,True,True
28,KOKOMO,Biraghi,D,,,False,True
28,KOKOMO,Baschirotto,D,,,False,True
28,KOKOMO,Rugani,D,,,False,True
28,KOKOMO,Matic,C,,,False,True
28,KOKOMO,Miretti,C,5.5,5.5,True,True
28,KOKOMO,Vergara,C,,,False,True
28,KOKOMO,Adzic,C,,,False,True
28,KOKOMO,Vaz,A,7.0,11.0,False,True
28,KOKOMO,Dallinga,A,5.5,5.5,False,True
28,KOKOMO,Dovbyk,A,,,False,True
28,KOKOMO,Trepy,A,,,False,True
28,KOKOMO,Dybala,A,,,False,True
28,TEAM HANQI,Falcone,P,6.0,5.0,True,False
28,TEAM HANQI,Bartesaghi,D,6.5,6.5,True,False
28,TEAM HANQI,Luperto,D,6.5,6.5,True,False
28,TEAM HANQI,Diego Carlos,D,6.5,6.5,True,False
28,TEAM HANQI,Beukema,D,6.5,6.5,True,False
28,TEAM HANQI,Baturina,C,7.0,10.0,True,False
28,TEAM HANQI,Strefezza,C,5.0,5.0,True,False
28,TEAM HANQI,Paz N.,C,7.0,10.0,True,False
28,TEAM HANQI,Orsolini,C,5.0,3.0,True,False
28,TEAM HANQI,Fullkrug,A,5.5,5.5,True,False
28,TEAM HANQI,Raspadori,A,5.5,5.5,True,False
28,TEAM HANQI,Silvestri,P,,,False,True
28,TEAM HANQI,Fruchtl,P,,,False,True
28,TEAM HANQI,Ziolkowski,D,,,False,True
28,TEAM HANQI,Mazzocchi,D,,,False,True
28,TEAM HANQI,Luis Henrique,C,,,False,True
28,TEAM HANQI,El Aynaoui,C,5.5,5.5,False,True
28,TEAM HANQI,Diouf,C,,,False,True
28,TEAM HANQI,Prati,C,5.5,5.5,False,True
28,TEAM HANQI,Okereke,A,,,False,True
28,TEAM HANQI,Gueye,A,,,False,True
28,TEAM HANQI,Rrahmani,D,,,False,True
28,TEAM HANQI,Holm,D,,,False,True
28,TEAM HANQI,Solomon,A,,,False,True
28,TEAM ZTOTTI,Sommer,P,5.5,4.5,True,False
28,TEAM ZTOTTI,Bernasconi,D,6.0,6.0,True,False
28,TEAM ZTOTTI,Miranda J.,D,5.5,5.5,True,False
28,TEAM ZTOTTI,Belghali,D,5.5,5.5,True,False
28,TEAM ZTOTTI,Palestra,D,6.0,6.0,True,False
28,TEAM ZTOTTI,Oristanio,C,5.5,5.5,True,False
28,TEAM ZTOTTI,Atta,C,5.5,5.5,True,False
28,TEAM ZTOTTI,Konè I.,C,6.0,6.0,True,False
28,TEAM ZTOTTI,Politano,C,6.5,6.5,True,False
28,TEAM ZTOTTI,Cambiaghi,A,5.5,5.5,True,False
28,TEAM ZTOTTI,Diao,A,7.5,12.5,True,False
28,TEAM ZTOTTI,Caprile,P,6.5,5.5,False,True
28,TEAM ZTOTTI,Ciocci,P,,,False,True
28,TEAM ZTOTTI,Hermoso,D,7.0,8.0,False,True
28,TEAM ZTOTTI,Marianucci,D,,,False,True
28,TEAM ZTOTTI,Acerbi,D,6.0,6.0,False,True
28,TEAM ZTOTTI,Juan Jesus,D,,,False,True
28,TEAM ZTOTTI,Sucic P.,C,,,False,True
28,TEAM ZTOTTI,Martinez L.,A,,,False,True
28,TEAM ZTOTTI,Colombo,A,6.0,5.5,False,True
28,TEAM ZTOTTI,Isaac,A,,,False,True
28,NI99ER NO.1,Milinkovic-Savic V.,P,6.0,7.0,True,False
28,NI99ER NO.1,Norton-Cuffy,D,5.5,5.5,True,False
28,NI99ER NO.1,Ostigard,D,5.5,5.5,True,False
28,NI99ER NO.1,Bremer,D,5.5,5.0,True,False
28,NI99ER NO.1,Rensch,D,6.0,6.0,True,False
28,NI99ER NO.1,Rabiot,C,7.0,10.0,True,False
28,NI99ER NO.1,Zielinski,C,5.5,5.5,True,False
28,NI99ER NO.1,Pasalic,C,5.5,5.5,True,False
28,NI99ER NO.1,David,A,,,False,False
28,NI99ER NO.1,Thuram,A,6.0,6.0,True,False
28,NI99ER NO.1,Leao,A,,,False,False
28,NI99ER NO.1,Wesley,D,,,False,True
28,NI99ER NO.1,Heggem,D,6.0,6.0,False,True
28,NI99ER NO.1,Ahanor,D,,,False,True
28,NI99ER NO.1,Gabbia,D,,,False,True
28,NI99ER NO.1,Cataldi,C,,,False,True
28,NI99ER NO.1,Mkhitaryan,C,,,False,True
28,NI99ER NO.1,Tramoni M.,C,5.5,5.5,False,True
28,NI99ER NO.1,Basic,C,,,False,True
28,NI99ER NO.1,Ondrejka,C,5.5,5.0,False,True
28,NI99ER NO.1,Laurientè,A,6.0,6.0,True,True
28,NI99ER NO.1,Openda,A,,,False,True
28,NI99ER NO.1,Giovane,A,,,False,True
28,NI99ER NO.1,Meret,P,,,False,True
28,NI99ER NO.1,Contini,P,,,False,True
28,7UPEVERYDAY,Maignan,P,6.5,4.5,True,False
28,7UPEVERYDAY,Olivera,D,5.5,5.0,True,False
28,7UPEVERYDAY,Spinazzola,D,6.0,6.0,True,False
28,7UPEVERYDAY,Joao Mario,D,,,False,False
28,7UPEVERYDAY,Gutierrez,D,6.5,6.5,True,False
28,7UPEVERYDAY,Zaragoza,C,,,False,False
28,7UPEVERYDAY,Taylor K.,C,8.0,14.5,True,False
28,7UPEVERYDAY,Zaniolo,C,6.5,7.0,True,False
28,7UPEVERYDAY,Bonny,A,5.5,5.5,True,False
28,7UPEVERYDAY,Esposito F.P.,A,7.0,10.0,True,False
28,7UPEVERYDAY,Kean,A,5.5,5.0,True,False
28,7UPEVERYDAY,Terracciano,P,,,False,True
28,7UPEVERYDAY,Torriani,P,,,False,True
28,7UPEVERYDAY,Doig,D,,,False,True
28,7UPEVERYDAY,Valle,D,,,False,True
28,7UPEVERYDAY,Hien,D,6.0,5.5,True,True
28,7UPEVERYDAY,Arizala,D,,,False,True
28,7UPEVERYDAY,Volpato,C,6.5,6.5,True,True
28,7UPEVERYDAY,Ekkelenkamp,C,6.5,10.5,False,True
28,7UPEVERYDAY,Fofana Y.,C,7.0,11.0,False,True
28,7UPEVERYDAY,Zambo Anguissa,C,6.0,6.0,False,True
28,7UPEVERYDAY,Baldanzi,C,5.5,5.5,False,True
28,7UPEVERYDAY,Vardy,A,6.5,7.5,False,True
28,7UPEVERYDAY,De Ketelaere,A,6.5,6.5,False,True
28,7UPEVERYDAY,Meister,A,5.5,5.5,False,True
28,SIR CROCODILE,Svilar,P,6.0,7.0,True,False
28,SIR CROCODILE,Terracciano F.,D,6.0,6.0,True,False
28,SIR CROCODILE,Ranieri L.,D,6.0,6.0,True,False
28,SIR CROCODILE,Zortea,D,5.5,5.5,True,False
28,SIR CROCODILE,Dodò,D,6.5,6.5,True,False
28,SIR CROCODILE,Cristante,C,6.5,6.5,True,False
28,SIR CROCODILE,Thuram K.,C,5.5,5.5,True,False
28,SIR CROCODILE,Mandragora,C,,,False,False
28,SIR CROCODILE,Zalewski,C,5.5,5.5,True,False
28,SIR CROCODILE,Pinamonti,A,7.0,11.0,True,False
28,SIR CROCODILE,Kilicsoy,A,5.5,5.5,True,False
28,SIR CROCODILE,Gollini,P,,,False,True
28,SIR CROCODILE,Leali,P,,,False,True
28,SIR CROCODILE,Bellanova,D,,,False,True
28,SIR CROCODILE,Solet,D,7.0,6.5,False,True
28,SIR CROCODILE,Bastoni,D,,,False,True
28,SIR CROCODILE,Kristensen T.,D,6.5,6.5,False,True
28,SIR CROCODILE,Da Cunha,C,6.5,6.5,True,True
28,SIR CROCODILE,Gaetano,C,6.0,6.0,False,True
28,SIR CROCODILE,Pisilli,C,5.5,5.0,False,True
28,SIR CROCODILE,Frattesi,C,6.0,6.0,False,True
28,SIR CROCODILE,Castro S.,A,5.0,4.5,False,True
28,SIR CROCODILE,Rodriguez Je.,A,6.0,6.0,False,True
28,SIR CROCODILE,Esposito Se.,A,6.0,6.0,False,True
28,SIR CROCODILE,Vlahovic,A,6.5,6.5,False,True
28,ROMAZDA,Bijlow,P,5.5,3.5,True,False
28,ROMAZDA,Zappacosta,D,7.0,11.0,True,False
28,ROMAZDA,Akanji,D,6.0,6.0,True,False
28,ROMAZDA,Dumfries,D,6.0,6.0,True,False
28,ROMAZDA,Gudmundsson A.,C,6.0,6.0,True,False
28,ROMAZDA,Maldini,C,5.5,5.5,True,False
28,ROMAZDA,Pellegrini Lo.,C,6.0,6.0,True,False
28,ROMAZDA,Vlasic,C,7.0,9.0,True,False
28,ROMAZDA,Santos A.,C,6.0,6.0,True,False
28,ROMAZDA,Yildiz,A,7.0,10.0,True,False
28,ROMAZDA,Krstovic,A,6.0,6.0,True,False
28,ROMAZDA,Piccoli,A,,,False,True
28,ROMAZDA,Kulenovic,A,,,False,True
28,ROMAZDA,Ratkov,A,,,False,True
28,ROMAZDA,Ferguson E.,A,,,False,True
28,ROMAZDA,Ederson D.S.,C,6.5,6.5,False,True
28,ROMAZDA,Thorstvedt,C,,,False,True
28,ROMAZDA,Zaccagni,C,,,False,True
28,ROMAZDA,Carlos Augusto,D,6.0,5.5,False,True
28,ROMAZDA,Cambiaso,D,5.5,5.5,False,True
28,ROMAZDA,Martin,D,,,False,True
28,ROMAZDA,Muharemovic,D,7.0,7.0,False,True
28,ROMAZDA,Raterink,D,,,False,True
28,ROMAZDA,Paleari,P,5.5,2.5,False,True
28,ROMAZDA,Skorupski,P,,,False,True
28,XIAOYEZI,Carnesecchi,P,6.5,7.5,True,False
28,XIAOYEZI,Scalvini,D,6.0,6.0,True,False
28,XIAOYEZI,Ramon,D,,,False,False
28,XIAOYEZI,Gosens,D,5.5,5.5,True,False
28,XIAOYEZI,Pulisic,C,6.5,7.5,True,False
28,XIAOYEZI,Malinovskyi,C,6.5,6.5,True,False
28,XIAOYEZI,Isaksen,C,5.5,5.5,True,False
28,XIAOYEZI,Casadei,C,5.5,5.5,True,False
28,XIAOYEZI,Pellegrino M.,A,5.0,5.0,True,False
28,XIAOYEZI,Hojlund,A,6.0,6.0,True,False
28,XIAOYEZI,Orban G.,A,5.0,5.0,True,False
28,XIAOYEZI,Morata,A,6.0,6.0,False,True
28,XIAOYEZI,Zapata D.,A,5.5,5.5,False,True
28,XIAOYEZI,Parisi,D,6.0,6.0,True,True
28,XIAOYEZI,Vojvoda,D,,,False,True
28,XIAOYEZI,Lazaro,D,,,False,True
28,XIAOYEZI,Coco,D,5.0,5.0,False,True
28,XIAOYEZI,Troilo,D,5.0,4.5,False,True
28,XIAOYEZI,De Roon,C,6.0,6.0,False,True
28,XIAOYEZI,Fagioli,C,6.5,6.5,False,True
28,XIAOYEZI,Frendrup,C,6.0,6.0,False,True
28,XIAOYEZI,Rossi F.,P,,,False,True
28,XIAOYEZI,Sportiello,P,,,False,True
28,XIAOYEZI,Rovella,C,,,False,True
28,XIAOYEZI,Addai,A,,,False,True
28,ULTRAMENG,Butez,P,6.0,7.0,True,False
28,ULTRAMENG,Angelino,D,6.0,5.5,True,False
28,ULTRAMENG,N'Dicka,D,6.5,6.5,True,False
28,ULTRAMENG,Buongiorno,D,6.0,6.0,True,False
28,ULTRAMENG,Mina,D,6.5,6.5,True,False
28,ULTRAMENG,Neres,C,,,False,False
28,ULTRAMENG,Ferguson,C,,,False,False
28,ULTRAMENG,De Bruyne,C,6.0,6.0,True,False
28,ULTRAMENG,Saelemaekers,C,6.0,6.0,True,False
28,ULTRAMENG,Camarda,A,,,False,False
28,ULTRAMENG,Douvikas,A,7.0,10.0,True,False
28,ULTRAMENG,Vigorito,P,,,False,True
28,ULTRAMENG,Cavlina,P,,,False,True
28,ULTRAMENG,Celik,D,,,False,True
28,ULTRAMENG,Kalulu,D,6.5,6.5,False,True
28,ULTRAMENG,Kossounou,D,,,False,True
28,ULTRAMENG,Ghilardi,D,6.0,6.0,False,True
28,ULTRAMENG,Sottil,C,,,False,True
28,ULTRAMENG,Rowe,C,5.5,5.5,True,True
28,ULTRAMENG,Conceicao,C,7.0,8.0,True,True
28,ULTRAMENG,Jashari,C,,,False,True
28,ULTRAMENG,Nkunku,A,5.5,5.5,True,True
28,ULTRAMENG,Simeone,A,7.0,10.0,False,True
28,ULTRAMENG,Adams C.,A,5.5,5.5,False,True
28,ULTRAMENG,Lukaku,A,,,False,True
29,KOKOMO,Provedel,P,,,False,False
29,KOKOMO,Tomori,D,6.0,6.0,True,False
29,KOKOMO,Pavlovic,D,6.5,6.5,True,False
29,KOKOMO,Mancini,D,7.0,10.0,True,False
29,KOKOMO,Bisseck,D,,,False,False
29,KOKOMO,Delprato,D,7.0,10.0,True,False
29,KOKOMO,McTominay,C,6.0,6.0,True,False
29,KOKOMO,Barella,C,7.5,10.5,True,False
29,KOKOMO,Locatelli,C,6.5,6.0,True,False
29,KOKOMO,Odgaard,C,,,False,False
29,KOKOMO,Boga,A,,,False,False
29,KOKOMO,Furlanetto,P,,,False,True
29,KOKOMO,Motta,P,6.5,5.5,True,True
29,KOKOMO,Biraghi,D,,,False,True
29,KOKOMO,Baschirotto,D,,,False,True
29,KOKOMO,Rugani,D,,,False,True
29,KOKOMO,Matic,C,6.0,6.0,True,True
29,KOKOMO,Miretti,C,,,False,True
29,KOKOMO,Vergara,C,,,False,True
29,KOKOMO,Adzic,C,,,False,True
29,KOKOMO,Vaz,A,,,False,True
29,KOKOMO,Dallinga,A,,,False,True
29,KOKOMO,Dovbyk,A,,,False,True
29,KOKOMO,Trepy,A,,,False,True
29,KOKOMO,Dybala,A,,,False,True
29,TEAM HANQI,Falcone,P,7.0,4.0,True,False
29,TEAM HANQI,Bartesaghi,D,5.5,5.5,True,False
29,TEAM HANQI,Luperto,D,5.5,5.5,True,False
29,TEAM HANQI,Diego Carlos,D,6.5,6.0,True,False
29,TEAM HANQI,Beukema,D,,,False,False
29,TEAM HANQI,Baturina,C,6.0,6.0,True,False
29,TEAM HANQI,Strefezza,C,6.5,6.0,True,False
29,TEAM HANQI,Paz N.,C,5.5,5.5,True,False
29,TEAM HANQI,Orsolini,C,5.5,5.5,True,False
29,TEAM HANQI,Fullkrug,A,5.5,5.5,True,False
29,TEAM HANQI,Raspadori,A,7.0,10.0,True,False
29,TEAM HANQI,Silvestri,P,,,False,True
29,TEAM HANQI,Fruchtl,P,,,False,True
29,TEAM HANQI,Holm,D,,,False,True
29,TEAM HANQI,Ziolkowski,D,,,False,True
29,TEAM HANQI,Mazzocchi,D,,,False,True
29,TEAM HANQI,Luis Henrique,C,,,False,True
29,TEAM HANQI,Prati,C,6.0,6.0,False,True
29,TEAM HANQI,El Aynaoui,C,,,False,True
29,TEAM HANQI,Diouf,C,,,False,True
29,TEAM HANQI,Okereke,A,5.5,5.5,False,True
29,TEAM HANQI,Gueye,A,6.0,6.0,False,True
29,TEAM HANQI,Rrahmani,D,,,False,True
29,TEAM HANQI,Solomon,A,,,False,True
29,ULTRAMENG,Butez,P,6.5,7.5,True,False
29,ULTRAMENG,Angelino,D,,,False,False
29,ULTRAMENG,N'Dicka,D,5.0,5.0,True,False
29,ULTRAMENG,Buongiorno,D,6.0,5.5,True,False
29,ULTRAMENG,Mina,D,5.5,5.5,True,False
29,ULTRAMENG,Neres,C,,,False,False
29,ULTRAMENG,Ferguson,C,5.0,4.0,True,False
29,ULTRAMENG,De Bruyne,C,6.0,6.0,True,False
29,ULTRAMENG,Saelemaekers,C,6.0,6.0,True,False
29,ULTRAMENG,Camarda,A,,,False,False
29,ULTRAMENG,Douvikas,A,5.5,5.5,True,False
29,ULTRAMENG,Vigorito,P,,,False,True
29,ULTRAMENG,Cavlina,P,,,False,True
29,ULTRAMENG,Celik,D,5.5,5.5,True,True
29,ULTRAMENG,Kalulu,D,6.0,6.0,False,True
29,ULTRAMENG,Kossounou,D,6.0,6.0,False,True
29,ULTRAMENG,Ghilardi,D,5.5,5.5,False,True
29,ULTRAMENG,Sottil,C,,,False,True
29,ULTRAMENG,Rowe,C,7.0,11.0,True,True
29,ULTRAMENG,Conceicao,C,6.5,7.5,False,True
29,ULTRAMENG,Jashari,C,,,False,True
29,ULTRAMENG,Nkunku,A,5.5,5.5,True,True
29,ULTRAMENG,Simeone,A,5.5,5.5,False,True
29,ULTRAMENG,Adams C.,A,7.0,11.0,False,True
29,ULTRAMENG,Lukaku,A,,,False,True
29,SIR CROCODILE,Svilar,P,5.5,0.5,True,False
29,SIR CROCODILE,Terracciano F.,D,5.0,5.0,True,False
29,SIR CROCODILE,Ranieri L.,D,6.0,6.0,True,False
29,SIR CROCODILE,Solet,D,7.0,7.0,True,False
29,SIR CROCODILE,Zortea,D,,,False,False
29,SIR CROCODILE,Gaetano,C,6.0,6.0,True,False
29,SIR CROCODILE,Da Cunha,C,6.0,6.0,True,False
29,SIR CROCODILE,Zalewski,C,6.0,6.0,True,False
29,SIR CROCODILE,Pinamonti,A,7.0,10.5,True,False
29,SIR CROCODILE,Esposito Se.,A,7.0,9.0,True,False
29,SIR CROCODILE,Castro S.,A,6.0,6.0,True,False
29,SIR CROCODILE,Gollini,P,,,False,True
29,SIR CROCODILE,Leali,P,,,False,True
29,SIR CROCODILE,Bastoni,D,6.0,6.0,True,True
29,SIR CROCODILE,Kristensen T.,D,5.5,5.0,False,True
29,SIR CROCODILE,Bellanova,D,6.0,6.0,False,True
29,SIR CROCODILE,Dodò,D,,,False,True
29,SIR CROCODILE,Thuram K.,C,6.0,5.5,False,True
29,SIR CROCODILE,Cristante,C,5.0,5.0,False,True
29,SIR CROCODILE,Pisilli,C,5.0,4.5,False,True
29,SIR CROCODILE,Frattesi,C,,,False,True
29,SIR CROCODILE,Vlahovic,A,,,False,True
29,SIR CROCODILE,Kilicsoy,A,,,False,True
29,SIR CROCODILE,Rodriguez Je.,A,,,False,True
29,SIR CROCODILE,Mandragora,C,,,False,True
29,7UPEVERYDAY,Maignan,P,6.0,5.0,True,False
29,7UPEVERYDAY,Olivera,D,6.5,6.5,True,False
29,7UPEVERYDAY,Spinazzola,D,6.5,6.5,True,False
29,7UPEVERYDAY,Joao Mario,D,7.0,10.0,True,False
29,7UPEVERYDAY,Gutierrez,D,6.0,6.0,True,False
29,7UPEVERYDAY,Zaragoza,C,,,False,False
29,7UPEVERYDAY,Taylor K.,C,6.5,7.5,True,False
29,7UPEVERYDAY,Zaniolo,C,6.0,6.0,True,False
29,7UPEVERYDAY,Bonny,A,6.5,6.5,True,False
29,7UPEVERYDAY,Esposito F.P.,A,6.0,6.0,True,False
29,7UPEVERYDAY,Kean,A,5.0,5.0,True,False
29,7UPEVERYDAY,Terracciano,P,,,False,True
29,7UPEVERYDAY,Torriani,P,,,False,True
29,7UPEVERYDAY,Doig,D,,,False,True
29,7UPEVERYDAY,Valle,D,5.5,5.5,False,True
29,7UPEVERYDAY,Hien,D,,,False,True
29,7UPEVERYDAY,Arizala,D,6.0,6.0,False,True
29,7UPEVERYDAY,Volpato,C,5.5,5.5,True,True
29,7UPEVERYDAY,Ekkelenkamp,C,5.5,5.5,False,True
29,7UPEVERYDAY,Fofana Y.,C,5.5,5.5,False,True
29,7UPEVERYDAY,Zambo Anguissa,C,6.0,6.0,False,True
29,7UPEVERYDAY,Baldanzi,C,6.5,6.5,False,True
29,7UPEVERYDAY,Vardy,A,,,False,True
29,7UPEVERYDAY,De Ketelaere,A,7.5,9.5,False,True
29,7UPEVERYDAY,Meister,A,5.5,5.5,False,True
29,XIAOYEZI,Carnesecchi,P,6.0,7.0,True,False
29,XIAOYEZI,Scalvini,D,7.0,11.0,True,False
29,XIAOYEZI,Ramon,D,,,False,False
29,XIAOYEZI,Gosens,D,6.0,6.0,True,False
29,XIAOYEZI,Pulisic,C,5.5,5.5,True,False
29,XIAOYEZI,Fagioli,C,7.0,10.5,True,False
29,XIAOYEZI,Isaksen,C,5.5,5.5,True,False
29,XIAOYEZI,Casadei,C,6.0,6.0,True,False
29,XIAOYEZI,Pellegrino M.,A,6.0,5.5,True,False
29,XIAOYEZI,Hojlund,A,,,False,False
29,XIAOYEZI,Orban G.,A,5.5,5.5,True,False
29,XIAOYEZI,Zapata D.,A,,,False,True
29,XIAOYEZI,Morata,A,,,False,True
29,XIAOYEZI,Parisi,D,,,False,True
29,XIAOYEZI,Vojvoda,D,5.5,5.5,True,True
29,XIAOYEZI,Coco,D,6.0,6.0,False,True
29,XIAOYEZI,Lazaro,D,,,False,True
29,XIAOYEZI,Troilo,D,,,False,True
29,XIAOYEZI,Malinovskyi,C,5.0,5.0,False,True
29,XIAOYEZI,De Roon,C,6.0,6.0,False,True
29,XIAOYEZI,Frendrup,C,5.0,4.5,False,True
29,XIAOYEZI,Rossi F.,P,,,False,True
29,XIAOYEZI,Sportiello,P,,,False,True
29,XIAOYEZI,Rovella,C,,,False,True
29,XIAOYEZI,Addai,A,,,False,True
29,ROMAZDA,Bijlow,P,6.0,4.0,True,False
29,ROMAZDA,Zappacosta,D,6.0,5.5,True,False
29,ROMAZDA,Akanji,D,7.0,7.0,True,False
29,ROMAZDA,Dumfries,D,6.5,6.5,True,False
29,ROMAZDA,Gudmundsson A.,C,5.0,4.0,True,False
29,ROMAZDA,Maldini,C,5.5,5.5,True,False
29,ROMAZDA,Pellegrini Lo.,C,6.0,9.0,True,False
29,ROMAZDA,Thorstvedt,C,6.5,6.5,True,False
29,ROMAZDA,Vlasic,C,5.5,5.5,True,False
29,ROMAZDA,Yildiz,A,6.0,6.0,True,False
29,ROMAZDA,Krstovic,A,7.0,10.0,True,False
29,ROMAZDA,Piccoli,A,5.5,5.5,False,True
29,ROMAZDA,Kulenovic,A,5.5,5.5,False,True
29,ROMAZDA,Ratkov,A,,,False,True
29,ROMAZDA,Ferguson E.,A,,,False,True
29,ROMAZDA,Santos A.,C,6.5,6.5,False,True
29,ROMAZDA,Ederson D.S.,C,7.0,7.0,False,True
29,ROMAZDA,Zaccagni,C,,,False,True
29,ROMAZDA,Cambiaso,D,6.0,6.0,False,True
29,ROMAZDA,Muharemovic,D,,,False,True
29,ROMAZDA,Martin,D,5.0,3.0,False,True
29,ROMAZDA,Raterink,D,,,False,True
29,ROMAZDA,Carlos Augusto,D,,,False,True
29,ROMAZDA,Paleari,P,6.0,7.0,False,True
29,ROMAZDA,Skorupski,P,,,False,True
29,NI99ER NO.1,Milinkovic-Savic V.,P,6.0,7.0,True,False
29,NI99ER NO.1,Heggem,D,,,False,False
29,NI99ER NO.1,Ostigard,D,5.0,5.0,True,False
29,NI99ER NO.1,Bremer,D,7.0,10.5,True,False
29,NI99ER NO.1,Cataldi,C,6.0,6.0,True,False
29,NI99ER NO.1,Rabiot,C,6.0,6.0,True,False
29,NI99ER NO.1,Zielinski,C,7.0,7.5,True,False
29,NI99ER NO.1,Pasalic,C,6.5,7.0,True,False
29,NI99ER NO.1,David,A,6.0,6.0,True,False
29,NI99ER NO.1,Thuram,A,7.5,12.5,True,False
29,NI99ER NO.1,Laurientè,A,5.5,5.5,True,False
29,NI99ER NO.1,Wesley,D,,,False,True
29,NI99ER NO.1,Rensch,D,6.0,7.0,True,True
29,NI99ER NO.1,Ahanor,D,,,False,True
29,NI99ER NO.1,Gabbia,D,,,False,True
29,NI99ER NO.1,Norton-Cuffy,D,,,False,True
29,NI99ER NO.1,Mkhitaryan,C,6.0,6.0,False,True
29,NI99ER NO.1,Tramoni M.,C,5.0,5.0,False,True
29,NI99ER NO.1,Basic,C,,,False,True
29,NI99ER NO.1,Ondrejka,C,,,False,True
29,NI99ER NO.1,Leao,A,,,False,True
29,NI99ER NO.1,Openda,A,,,False,True
29,NI99ER NO.1,Giovane,A,6.0,6.0,False,True
29,NI99ER NO.1,Meret,P,,,False,True
29,NI99ER NO.1,Contini,P,,,False,True
29,TEAM ZTOTTI,Caprile,P,6.0,4.0,True,False
29,TEAM ZTOTTI,Belghali,D,6.5,6.0,True,False
29,TEAM ZTOTTI,Bernasconi,D,6.0,6.0,True,False
29,TEAM ZTOTTI,Miranda J.,D,7.0,9.0,True,False
29,TEAM ZTOTTI,Palestra,D,6.0,6.0,True,False
29,TEAM ZTOTTI,Politano,C,7.0,10.5,True,False
29,TEAM ZTOTTI,Atta,C,6.5,6.5,True,False
29,TEAM ZTOTTI,Konè I.,C,6.0,6.0,True,False
29,TEAM ZTOTTI,Diao,A,6.0,6.0,True,False
29,TEAM ZTOTTI,Colombo,A,5.5,5.5,True,False
29,TEAM ZTOTTI,Soulè,A,5.5,5.5,True,False
29,TEAM ZTOTTI,Sommer,P,6.5,4.5,False,True
29,TEAM ZTOTTI,Ciocci,P,,,False,True
29,TEAM ZTOTTI,Hermoso,D,5.0,5.0,False,True
29,TEAM ZTOTTI,Acerbi,D,6.0,6.0,False,True
29,TEAM ZTOTTI,Juan Jesus,D,6.5,6.5,False,True
29,TEAM ZTOTTI,Marianucci,D,,,False,True
29,TEAM ZTOTTI,Oristanio,C,,,False,True
29,TEAM ZTOTTI,Bernabè,C,6.0,6.0,False,True
29,TEAM ZTOTTI,Sucic P.,C,6.0,6.0,False,True
29,TEAM ZTOTTI,Martinez L.,A,7.5,14.5,False,True
29,TEAM ZTOTTI,Cambiaghi,A,,,False,True
29,TEAM ZTOTTI,Isaac,A,,,False,True
29,VRHELPME,Perin,P,6.0,7.0,True,False
29,VRHELPME,Dimarco,D,6.5,6.5,True,False
29,VRHELPME,Kelly L.,D,6.5,7.5,True,False
29,VRHELPME,Djimsiti,D,6.5,6.0,True,False
29,VRHELPME,Gallo,D,,,False,False
29,VRHELPME,McKennie,C,6.5,9.0,True,False
29,VRHELPME,Modric,C,6.0,6.0,True,False
29,VRHELPME,Calhanoglu,C,7.5,11.5,True,False
29,VRHELPME,Koopmeiners,C,,,False,False
29,VRHELPME,Malen,A,6.0,6.0,True,False
29,VRHELPME,Berardi,A,6.0,6.0,True,False
29,VRHELPME,Di Gregorio,P,7.0,10.0,False,True
29,VRHELPME,Valeri,D,6.5,6.5,True,True
29,VRHELPME,Vasquez,D,5.0,5.0,False,True
29,VRHELPME,Angori,D,5.5,5.5,False,True
29,VRHELPME,Nelsson,D,6.0,5.5,False,True
29,VRHELPME,Miller L.,C,6.0,6.0,True,True
29,VRHELPME,Elmas,C,,,False,True
29,VRHELPME,Ilkhan,C,,,False,True
29,VRHELPME,Loftus-Cheek,C,,,False,True
29,VRHELPME,Scamacca,A,,,False,True
29,VRHELPME,Vitinha O.,A,5.0,5.0,False,True
29,VRHELPME,Davis K.,A,,,False,True
29,VRHELPME,Arena A.,A,,,False,True
29,VRHELPME,Pinsoglio,P,,,False,True
30,XIAOYEZI,Carnesecchi,P,5.5,4.5,True,False
30,XIAOYEZI,Scalvini,D,5.5,5.5,True,False
30,XIAOYEZI,Ramon,D,5.5,5.0,True,False
30,XIAOYEZI,Gosens,D,7.0,11.0,True,False
30,XIAOYEZI,Coco,D,6.0,6.0,True,False
30,XIAOYEZI,Pulisic,C,5.5,5.5,True,False
30,XIAOYEZI,Malinovskyi,C,7.0,9.5,True,False
30,XIAOYEZI,Isaksen,C,5.5,5.5,True,False
30,XIAOYEZI,Casadei,C,7.0,11.0,True,False
30,XIAOYEZI,Orban G.,A,5.5,5.5,True,False
30,XIAOYEZI,Hojlund,A,6.5,7.5,True,False
30,XIAOYEZI,Zapata D.,A,,,False,True
30,XIAOYEZI,Morata,A,,,False,True
30,XIAOYEZI,Parisi,D,,,False,True
30,XIAOYEZI,Vojvoda,D,,,False,True
30,XIAOYEZI,Lazaro,D,,,False,True
30,XIAOYEZI,Troilo,D,6.5,6.5,False,True
30,XIAOYEZI,De Roon,C,6.0,6.0,False,True
30,XIAOYEZI,Frendrup,C,6.0,5.5,False,True
30,XIAOYEZI,Rossi F.,P,,,False,True
30,XIAOYEZI,Sportiello,P,,,False,True
30,XIAOYEZI,Rovella,C,,,False,True
30,XIAOYEZI,Addai,A,,,False,True
30,XIAOYEZI,Fagioli,C,,,False,True
30,XIAOYEZI,Pellegrino M.,A,,,False,True
30,KOKOMO,Provedel,P,,,False,False
30,KOKOMO,Tomori,D,,,False,False
30,KOKOMO,Pavlovic,D,5.5,5.5,True,False
30,KOKOMO,Mancini,D,,,False,False
30,KOKOMO,Bisseck,D,,,False,False
30,KOKOMO,Delprato,D,6.5,6.5,True,False
30,KOKOMO,McTominay,C,7.0,11.0,True,False
30,KOKOMO,Barella,C,7.5,9.5,True,False
30,KOKOMO,Locatelli,C,7.0,7.0,True,False
30,KOKOMO,Odgaard,C,,,False,False
30,KOKOMO,Boga,A,7.0,11.0,True,False
30,KOKOMO,Furlanetto,P,,,False,True
30,KOKOMO,Motta,P,6.0,5.0,True,True
30,KOKOMO,Biraghi,D,,,False,True
30,KOKOMO,Baschirotto,D,6.0,6.0,True,True
30,KOKOMO,Rugani,D,6.0,5.5,True,True
30,KOKOMO,Matic,C,5.5,5.5,True,True
30,KOKOMO,Miretti,C,,,False,True
30,KOKOMO,Vergara,C,,,False,True
30,KOKOMO,Adzic,C,,,False,True
30,KOKOMO,Vaz,A,,,False,True
30,KOKOMO,Dallinga,A,,,False,True
30,KOKOMO,Dovbyk,A,,,False,True
30,KOKOMO,Trepy,A,,,False,True
30,KOKOMO,Dybala,A,,,False,True
30,SIR CROCODILE,Svilar,P,6.5,7.5,True,False
30,SIR CROCODILE,Terracciano F.,D,5.5,5.0,True,False
30,SIR CROCODILE,Bastoni,D,5.5,5.5,True,False
30,SIR CROCODILE,Solet,D,7.0,7.0,True,False
30,SIR CROCODILE,Dodò,D,6.0,5.5,True,False
30,SIR CROCODILE,Thuram K.,C,5.5,5.0,True,False
30,SIR CROCODILE,Da Cunha,C,6.5,8.5,True,False
30,SIR CROCODILE,Zalewski,C,5.5,5.5,True,False
30,SIR CROCODILE,Pinamonti,A,5.5,5.5,True,False
30,SIR CROCODILE,Esposito Se.,A,7.0,11.0,True,False
30,SIR CROCODILE,Castro S.,A,6.0,6.0,True,False
30,SIR CROCODILE,Gollini,P,,,False,True
30,SIR CROCODILE,Leali,P,,,False,True
30,SIR CROCODILE,Ranieri L.,D,5.5,5.5,False,True
30,SIR CROCODILE,Zortea,D,6.0,6.0,False,True
30,SIR CROCODILE,Kristensen T.,D,6.5,6.0,False,True
30,SIR CROCODILE,Bellanova,D,,,False,True
30,SIR CROCODILE,Mandragora,C,5.5,5.5,False,True
30,SIR CROCODILE,Gaetano,C,6.0,6.0,False,True
30,SIR CROCODILE,Cristante,C,6.5,6.5,False,True
30,SIR CROCODILE,Pisilli,C,6.0,6.0,False,True
30,SIR CROCODILE,Frattesi,C,,,False,True
30,SIR CROCODILE,Kilicsoy,A,,,False,True
30,SIR CROCODILE,Vlahovic,A,,,False,True
30,SIR CROCODILE,Rodriguez Je.,A,,,False,True
30,VRHELPME,Di Gregorio,P,6.5,7.5,True,False
30,VRHELPME,Dimarco,D,5.0,5.0,True,False
30,VRHELPME,Kelly L.,D,6.0,6.0,True,False
30,VRHELPME,Vasquez,D,6.5,6.5,True,False
30,VRHELPME,McKennie,C,,,False,False
30,VRHELPME,Modric,C,6.0,6.0,True,False
30,VRHELPME,Calhanoglu,C,6.5,7.0,True,False
30,VRHELPME,Elmas,C,,,False,False
30,VRHELPME,Vitinha O.,A,6.0,6.0,True,False
30,VRHELPME,Malen,A,8.5,18.5,True,False
30,VRHELPME,Berardi,A,5.5,4.5,True,False
30,VRHELPME,Perin,P,,,False,True
30,VRHELPME,Djimsiti,D,5.5,5.5,False,True
30,VRHELPME,Valeri,D,6.5,6.5,False,True
30,VRHELPME,Gallo,D,6.0,6.0,False,True
30,VRHELPME,Angori,D,5.5,5.5,False,True
30,VRHELPME,Nelsson,D,5.5,5.5,False,True
30,VRHELPME,Koopmeiners,C,6.0,6.0,True,True
30,VRHELPME,Miller L.,C,,,False,True
30,VRHELPME,Ilkhan,C,,,False,True
30,VRHELPME,Loftus-Cheek,C,,,False,True
30,VRHELPME,Davis K.,A,7.0,7.0,False,True
30,VRHELPME,Scamacca,A,5.5,5.5,False,True
30,VRHELPME,Arena A.,A,,,False,True
30,VRHELPME,Pinsoglio,P,,,False,True
30,TEAM HANQI,Falcone,P,6.0,4.0,True,False
30,TEAM HANQI,Bartesaghi,D,5.5,3.5,True,False
30,TEAM HANQI,Luperto,D,6.0,6.0,True,False
30,TEAM HANQI,Diego Carlos,D,6.0,6.0,True,False
30,TEAM HANQI,Beukema,D,6.0,6.0,True,False
30,TEAM HANQI,Baturina,C,5.5,5.5,True,False
30,TEAM HANQI,Paz N.,C,7.0,10.0,True,False
30,TEAM HANQI,Orsolini,C,7.0,10.0,True,False
30,TEAM HANQI,Solomon,A,,,False,False
30,TEAM HANQI,Fullkrug,A,5.0,5.0,True,False
30,TEAM HANQI,Raspadori,A,6.0,6.0,True,False
30,TEAM HANQI,Silvestri,P,,,False,True
30,TEAM HANQI,Fruchtl,P,,,False,True
30,TEAM HANQI,Ziolkowski,D,,,False,True
30,TEAM HANQI,Holm,D,6.5,6.5,False,True
30,TEAM HANQI,Mazzocchi,D,,,False,True
30,TEAM HANQI,Luis Henrique,C,6.0,6.0,False,True
30,TEAM HANQI,Strefezza,C,7.0,10.0,False,True
30,TEAM HANQI,Prati,C,6.0,6.0,False,True
30,TEAM HANQI,El Aynaoui,C,6.0,6.0,False,True
30,TEAM HANQI,Diouf,C,,,False,True
30,TEAM HANQI,Okereke,A,5.5,5.5,True,True
30,TEAM HANQI,Gueye,A,,,False,True
30,TEAM HANQI,Durosinmi,A,6.0,6.0,False,True
30,TEAM HANQI,Rrahmani,D,,,False,True
30,NI99ER NO.1,Milinkovic-Savic V.,P,6.0,5.0,True,False
30,NI99ER NO.1,Heggem,D,,,False,False
30,NI99ER NO.1,Ostigard,D,6.0,6.0,True,False
30,NI99ER NO.1,Bremer,D,6.5,6.5,True,False
30,NI99ER NO.1,Cataldi,C,,,False,False
30,NI99ER NO.1,Rabiot,C,5.0,5.0,True,False
30,NI99ER NO.1,Zielinski,C,5.5,5.0,True,False
30,NI99ER NO.1,Pasalic,C,6.0,6.0,True,False
30,NI99ER NO.1,David,A,5.5,5.5,True,False
30,NI99ER NO.1,Thuram,A,7.5,13.5,True,False
30,NI99ER NO.1,Leao,A,4.5,4.0,True,False
30,NI99ER NO.1,Wesley,D,,,False,True
30,NI99ER NO.1,Rensch,D,6.5,7.5,True,True
30,NI99ER NO.1,Ahanor,D,6.0,6.0,False,True
30,NI99ER NO.1,Gabbia,D,,,False,True
30,NI99ER NO.1,Norton-Cuffy,D,,,False,True
30,NI99ER NO.1,Basic,C,5.5,5.5,True,True
30,NI99ER NO.1,Mkhitaryan,C,,,False,True
30,NI99ER NO.1,Tramoni M.,C,6.0,6.0,False,True
30,NI99ER NO.1,Ondrejka,C,,,False,True
30,NI99ER NO.1,Laurientè,A,5.5,5.5,False,True
30,NI99ER NO.1,Openda,A,,,False,True
30,NI99ER NO.1,Giovane,A,5.5,5.5,False,True
30,NI99ER NO.1,Meret,P,,,False,True
30,NI99ER NO.1,Contini,P,,,False,True
30,TEAM ZTOTTI,Caprile,P,6.0,7.0,True,False
30,TEAM ZTOTTI,Palestra,D,6.0,6.0,True,False
30,TEAM ZTOTTI,Acerbi,D,6.0,5.5,True,False
30,TEAM ZTOTTI,Hermoso,D,6.0,6.0,True,False
30,TEAM ZTOTTI,Belghali,D,5.5,5.5,True,False
30,TEAM ZTOTTI,Politano,C,5.5,5.5,True,False
30,TEAM ZTOTTI,Atta,C,7.5,10.5,True,False
30,TEAM ZTOTTI,Konè I.,C,7.0,10.0,True,False
30,TEAM ZTOTTI,Diao,A,6.0,5.5,True,False
30,TEAM ZTOTTI,Colombo,A,6.5,6.5,True,False
30,TEAM ZTOTTI,Soulè,A,6.5,7.5,True,False
30,TEAM ZTOTTI,Sommer,P,5.0,2.0,False,True
30,TEAM ZTOTTI,Ciocci,P,,,False,True
30,TEAM ZTOTTI,Miranda J.,D,6.5,6.5,False,True
30,TEAM ZTOTTI,Bernasconi,D,5.5,5.5,False,True
30,TEAM ZTOTTI,Juan Jesus,D,5.0,5.0,False,True
30,TEAM ZTOTTI,Marianucci,D,6.0,6.0,False,True
30,TEAM ZTOTTI,Bernabè,C,6.0,6.0,False,True
30,TEAM ZTOTTI,Sucic P.,C,6.0,5.5,False,True
30,TEAM ZTOTTI,Oristanio,C,,,False,True
30,TEAM ZTOTTI,Cambiaghi,A,6.0,6.0,False,True
30,TEAM ZTOTTI,Isaac,A,,,False,True
30,7UPEVERYDAY,Maignan,P,6.0,3.0,True,False
30,7UPEVERYDAY,Olivera,D,6.0,6.0,True,False
30,7UPEVERYDAY,Spinazzola,D,5.5,5.5,True,False
30,7UPEVERYDAY,Joao Mario,D,6.0,6.0,True,False
30,7UPEVERYDAY,Gutierrez,D,,,False,False
30,7UPEVERYDAY,Zaragoza,C,,,False,False
30,7UPEVERYDAY,Taylor K.,C,5.5,5.5,True,False
30,7UPEVERYDAY,Zaniolo,C,7.5,8.5,True,False
30,7UPEVERYDAY,Bonny,A,5.5,5.0,True,False
30,7UPEVERYDAY,Esposito F.P.,A,5.5,5.5,True,False
30,7UPEVERYDAY,Kean,A,,,False,False
30,7UPEVERYDAY,Terracciano,P,,,False,True
30,7UPEVERYDAY,Torriani,P,,,False,True
30,7UPEVERYDAY,Doig,D,5.5,5.0,True,True
30,7UPEVERYDAY,Valle,D,6.0,8.5,False,True
30,7UPEVERYDAY,Hien,D,,,False,True
30,7UPEVERYDAY,Arizala,D,,,False,True
30,7UPEVERYDAY,Volpato,C,5.5,5.5,True,True
30,7UPEVERYDAY,Ekkelenkamp,C,7.5,11.5,False,True
30,7UPEVERYDAY,Fofana Y.,C,5.0,5.0,False,True
30,7UPEVERYDAY,Zambo Anguissa,C,5.5,5.5,False,True
30,7UPEVERYDAY,Baldanzi,C,7.0,8.0,False,True
30,7UPEVERYDAY,Vardy,A,,,False,True
30,7UPEVERYDAY,De Ketelaere,A,6.5,6.0,True,True
30,7UPEVERYDAY,Meister,A,,,False,True
30,ROMAZDA,Bijlow,P,6.0,5.0,True,False
30,ROMAZDA,Zappacosta,D,5.5,5.5,True,False
30,ROMAZDA,Akanji,D,6.5,6.0,True,False
30,ROMAZDA,Dumfries,D,8.0,15.0,True,False
30,ROMAZDA,Gudmundsson A.,C,,,False,False
30,ROMAZDA,Maldini,C,,,False,False
30,ROMAZDA,Pellegrini Lo.,C,6.5,6.5,True,False
30,ROMAZDA,Thorstvedt,C,5.5,5.5,True,False
30,ROMAZDA,Vlasic,C,6.0,6.0,True,False
30,ROMAZDA,Yildiz,A,6.0,6.0,True,False
30,ROMAZDA,Krstovic,A,6.0,6.0,True,False
30,ROMAZDA,Piccoli,A,5.5,5.0,False,True
30,ROMAZDA,Kulenovic,A,6.0,6.0,False,True
30,ROMAZDA,Ratkov,A,,,False,True
30,ROMAZDA,Ferguson E.,A,,,False,True
30,ROMAZDA,Santos A.,C,6.0,6.0,True,True
30,ROMAZDA,Ederson D.S.,C,6.0,6.0,True,True
30,ROMAZDA,Zaccagni,C,6.0,6.0,False,True
30,ROMAZDA,Cambiaso,D,5.5,5.0,False,True
30,ROMAZDA,Muharemovic,D,6.5,6.0,False,True
30,ROMAZDA,Martin,D,6.5,6.5,False,True
30,ROMAZDA,Raterink,D,,,False,True
30,ROMAZDA,Carlos Augusto,D,6.0,5.5,False,True
30,ROMAZDA,Paleari,P,6.0,5.0,False,True
30,ROMAZDA,Skorupski,P,,,False,True
30,ULTRAMENG,Butez,P,5.5,2.5,True,False
30,ULTRAMENG,Angelino,D,,,False,False
30,ULTRAMENG,N'Dicka,D,6.5,7.5,True,False
30,ULTRAMENG,Buongiorno,D,5.5,5.5,True,False
30,ULTRAMENG,Mina,D,6.0,6.0,True,False
30,ULTRAMENG,Neres,C,,,False,False
30,ULTRAMENG,Ferguson,C,,,False,False
30,ULTRAMENG,De Bruyne,C,6.0,6.0,True,False
30,ULTRAMENG,Saelemaekers,C,5.5,5.5,True,False
30,ULTRAMENG,Camarda,A,,,False,False
30,ULTRAMENG,Douvikas,A,5.0,5.0,True,False
30,ULTRAMENG,Vigorito,P,,,False,True
30,ULTRAMENG,Cavlina,P,,,False,True
30,ULTRAMENG,Celik,D,6.5,6.0,True,True
30,ULTRAMENG,Kalulu,D,6.5,6.5,False,True
30,ULTRAMENG,Kossounou,D,,,False,True
30,ULTRAMENG,Ghilardi,D,6.0,6.0,False,True
30,ULTRAMENG,Sottil,C,,,False,True
30,ULTRAMENG,Rowe,C,6.0,6.0,True,True
30,ULTRAMENG,Conceicao,C,6.0,6.0,True,True
30,ULTRAMENG,Jashari,C,5.5,5.5,False,True
30,ULTRAMENG,Nkunku,A,5.5,5.5,True,True
30,ULTRAMENG,Simeone,A,7.0,10.0,False,True
30,ULTRAMENG,Adams C.,A,6.0,6.0,False,True
30,ULTRAMENG,Lukaku,A,,,False,True
31,XIAOYEZI,Carnesecchi,P,7.0,6.0,True,False
31,XIAOYEZI,Scalvini,D,6.0,6.0,True,False
31,XIAOYEZI,Ramon,D,5.5,5.0,True,False
31,XIAOYEZI,Gosens,D,,,False,False
31,XIAOYEZI,Coco,D,6.0,5.5,True,False
31,XIAOYEZI,Pulisic,C,5.5,5.5,True,False
31,XIAOYEZI,Malinovskyi,C,,,False,False
31,XIAOYEZI,Isaksen,C,,,False,False
31,XIAOYEZI,Casadei,C,5.5,5.5,True,False
31,XIAOYEZI,Orban G.,A,5.0,5.0,True,False
31,XIAOYEZI,Hojlund,A,5.0,5.0,True,False
31,XIAOYEZI,Zapata D.,A,,,False,True
31,XIAOYEZI,Morata,A,5.0,4.5,False,True
31,XIAOYEZI,Parisi,D,,,False,True
31,XIAOYEZI,Vojvoda,D,5.5,5.5,True,True
31,XIAOYEZI,Lazaro,D,,,False,True
31,XIAOYEZI,Troilo,D,6.5,6.5,False,True
31,XIAOYEZI,De Roon,C,6.0,7.0,True,True
31,XIAOYEZI,Frendrup,C,,,False,True
31,XIAOYEZI,Rossi F.,P,,,False,True
31,XIAOYEZI,Sportiello,P,,,False,True
31,XIAOYEZI,Rovella,C,,,False,True
31,XIAOYEZI,Addai,A,,,False,True
31,XIAOYEZI,Fagioli,C,6.5,6.5,True,True
31,XIAOYEZI,Pellegrino M.,A,6.0,6.0,False,True
31,TEAM HANQI,Falcone,P,6.0,5.0,True,False
31,TEAM HANQI,Bartesaghi,D,6.0,6.0,True,False
31,TEAM HANQI,Luperto,D,6.5,6.5,True,False
31,TEAM HANQI,Beukema,D,5.0,5.0,True,False
31,TEAM HANQI,Holm,D,6.5,6.5,True,False
31,TEAM HANQI,Baturina,C,5.5,5.5,True,False
31,TEAM HANQI,Paz N.,C,7.0,10.0,True,False
31,TEAM HANQI,Strefezza,C,6.5,7.5,True,False
31,TEAM HANQI,Solomon,A,5.0,4.5,True,False
31,TEAM HANQI,Durosinmi,A,5.5,5.5,True,False
31,TEAM HANQI,Raspadori,A,6.0,6.0,True,False
31,TEAM HANQI,Silvestri,P,,,False,True
31,TEAM HANQI,Fruchtl,P,,,False,True
31,TEAM HANQI,Diego Carlos,D,,,False,True
31,TEAM HANQI,Rrahmani,D,,,False,True
31,TEAM HANQI,Ziolkowski,D,,,False,True
31,TEAM HANQI,Mazzocchi,D,6.0,6.0,False,True
31,TEAM HANQI,El Aynaoui,C,5.5,5.5,False,True
31,TEAM HANQI,Orsolini,C,6.0,6.0,False,True
31,TEAM HANQI,Luis Henrique,C,6.0,6.0,False,True
31,TEAM HANQI,Prati,C,,,False,True
31,TEAM HANQI,Diouf,C,,,False,True
31,TEAM HANQI,Okereke,A,6.5,6.5,False,True
31,TEAM HANQI,Gueye,A,6.0,6.0,False,True
31,TEAM HANQI,Fullkrug,A,,,False,True
31,NI99ER NO.1,Milinkovic-Savic V.,P,7.0,7.0,True,False
31,NI99ER NO.1,Heggem,D,5.5,5.5,True,False
31,NI99ER NO.1,Ostigard,D,6.5,6.0,True,False
31,NI99ER NO.1,Bremer,D,6.5,6.5,True,False
31,NI99ER NO.1,Cataldi,C,6.0,5.5,True,False
31,NI99ER NO.1,Rabiot,C,7.0,11.0,True,False
31,NI99ER NO.1,Zielinski,C,6.5,9.5,True,False
31,NI99ER NO.1,Pasalic,C,,,False,False
31,NI99ER NO.1,David,A,7.0,11.0,True,False
31,NI99ER NO.1,Thuram,A,7.0,11.0,True,False
31,NI99ER NO.1,Leao,A,6.0,7.0,True,False
31,NI99ER NO.1,Wesley,D,,,False,True
31,NI99ER NO.1,Rensch,D,6.5,7.5,False,True
31,NI99ER NO.1,Ahanor,D,6.0,6.0,False,True
31,NI99ER NO.1,Gabbia,D,7.0,7.0,False,True
31,NI99ER NO.1,Norton-Cuffy,D,,,False,True
31,NI99ER NO.1,Basic,C,7.0,10.0,True,True
31,NI99ER NO.1,Mkhitaryan,C,6.0,6.0,False,True
31,NI99ER NO.1,Tramoni M.,C,5.5,5.5,False,True
31,NI99ER NO.1,Ondrejka,C,6.0,6.0,False,True
31,NI99ER NO.1,Laurientè,A,7.0,8.0,False,True
31,NI99ER NO.1,Openda,A,,,False,True
31,NI99ER NO.1,Giovane,A,5.5,5.5,False,True
31,NI99ER NO.1,Meret,P,,,False,True
31,NI99ER NO.1,Contini,P,,,False,True
31,KOKOMO,Provedel,P,,,False,False
31,KOKOMO,Tomori,D,6.0,6.0,True,False
31,KOKOMO,Pavlovic,D,6.5,6.5,True,False
31,KOKOMO,Mancini,D,6.0,6.0,True,False
31,KOKOMO,Bisseck,D,,,False,False
31,KOKOMO,Delprato,D,6.0,6.0,True,False
31,KOKOMO,McTominay,C,5.5,5.5,True,False
31,KOKOMO,Barella,C,7.5,10.5,True,False
31,KOKOMO,Locatelli,C,6.5,6.0,True,False
31,KOKOMO,Odgaard,C,,,False,False
31,KOKOMO,Boga,A,6.5,6.5,True,False
31,KOKOMO,Furlanetto,P,,,False,True
31,KOKOMO,Motta,P,6.0,7.0,True,True
31,KOKOMO,Biraghi,D,5.5,5.5,True,True
31,KOKOMO,Baschirotto,D,6.5,6.5,False,True
31,KOKOMO,Rugani,D,,,False,True
31,KOKOMO,Matic,C,6.0,6.0,True,True
31,KOKOMO,Miretti,C,,,False,True
31,KOKOMO,Vergara,C,,,False,True
31,KOKOMO,Adzic,C,,,False,True
31,KOKOMO,Vaz,A,6.0,6.0,False,True
31,KOKOMO,Dallinga,A,,,False,True
31,KOKOMO,Dovbyk,A,,,False,True
31,KOKOMO,Trepy,A,,,False,True
31,KOKOMO,Dybala,A,,,False,True
31,VRHELPME,Di Gregorio,P,6.0,7.0,True,False
31,VRHELPME,Dimarco,D,6.5,7.5,True,False
31,VRHELPME,Kelly L.,D,6.5,6.5,True,False
31,VRHELPME,Vasquez,D,6.0,6.0,True,False
31,VRHELPME,Valeri,D,6.0,6.0,True,False
31,VRHELPME,McKennie,C,7.0,8.0,True,False
31,VRHELPME,Modric,C,6.5,6.5,True,False
31,VRHELPME,Calhanoglu,C,6.0,6.0,True,False
31,VRHELPME,Elmas,C,5.5,5.5,True,False
31,VRHELPME,Scamacca,A,,,False,False
31,VRHELPME,Malen,A,6.0,6.0,True,False
31,VRHELPME,Perin,P,,,False,True
31,VRHELPME,Djimsiti,D,6.5,6.0,False,True
31,VRHELPME,Gallo,D,6.0,7.0,False,True
31,VRHELPME,Angori,D,6.5,7.5,False,True
31,VRHELPME,Nelsson,D,6.0,6.0,False,True
31,VRHELPME,Koopmeiners,C,,,False,True
31,VRHELPME,Miller L.,C,,,False,True
31,VRHELPME,Ilkhan,C,,,False,True
31,VRHELPME,Loftus-Cheek,C,,,False,True
31,VRHELPME,Vitinha O.,A,,,False,True
31,VRHELPME,Berardi,A,,,False,True
31,VRHELPME,Davis K.,A,,,False,True
31,VRHELPME,Arena A.,A,,,False,True
31,VRHELPME,Pinsoglio,P,,,False,True
31,ROMAZDA,Bijlow,P,6.5,5.5,True,False
31,ROMAZDA,Martin,D,6.0,6.0,True,False
31,ROMAZDA,Carlos Augusto,D,6.0,6.0,True,False
31,ROMAZDA,Akanji,D,6.5,6.5,True,False
31,ROMAZDA,Dumfries,D,6.5,7.5,True,False
31,ROMAZDA,Zaccagni,C,5.0,3.0,True,False
31,ROMAZDA,Gudmundsson A.,C,5.5,5.5,True,False
31,ROMAZDA,Thorstvedt,C,6.5,6.0,True,False
31,ROMAZDA,Vlasic,C,5.5,5.5,True,False
31,ROMAZDA,Yildiz,A,6.0,6.0,True,False
31,ROMAZDA,Krstovic,A,7.0,10.0,True,False
31,ROMAZDA,Piccoli,A,5.5,5.5,False,True
31,ROMAZDA,Kulenovic,A,,,False,True
31,ROMAZDA,Ratkov,A,,,False,True
31,ROMAZDA,Ferguson E.,A,,,False,True
31,ROMAZDA,Santos A.,C,6.0,6.0,False,True
31,ROMAZDA,Ederson D.S.,C,6.5,6.0,False,True
31,ROMAZDA,Pellegrini Lo.,C,,,False,True
31,ROMAZDA,Maldini,C,,,False,True
31,ROMAZDA,Zappacosta,D,6.0,6.0,False,True
31,ROMAZDA,Cambiaso,D,6.0,6.0,False,True
31,ROMAZDA,Muharemovic,D,6.5,6.5,False,True
31,ROMAZDA,Raterink,D,,,False,True
31,ROMAZDA,Paleari,P,6.5,7.5,False,True
31,ROMAZDA,Skorupski,P,,,False,True
31,ULTRAMENG,Butez,P,5.5,3.5,True,False
31,ULTRAMENG,Angelino,D,,,False,False
31,ULTRAMENG,N'Dicka,D,6.0,6.0,True,False
31,ULTRAMENG,Buongiorno,D,4.5,4.5,True,False
31,ULTRAMENG,Mina,D,5.0,5.0,True,False
31,ULTRAMENG,Neres,C,,,False,False
31,ULTRAMENG,Ferguson,C,6.0,6.0,True,False
31,ULTRAMENG,De Bruyne,C,5.5,5.5,True,False
31,ULTRAMENG,Saelemaekers,C,6.0,6.0,True,False
31,ULTRAMENG,Camarda,A,,,False,False
31,ULTRAMENG,Douvikas,A,5.5,5.5,True,False
31,ULTRAMENG,Vigorito,P,,,False,True
31,ULTRAMENG,Cavlina,P,,,False,True
31,ULTRAMENG,Celik,D,6.0,6.0,True,True
31,ULTRAMENG,Kalulu,D,6.5,7.5,False,True
31,ULTRAMENG,Kossounou,D,6.0,6.0,False,True
31,ULTRAMENG,Ghilardi,D,6.0,6.0,False,True
31,ULTRAMENG,Sottil,C,,,False,True
31,ULTRAMENG,Rowe,C,5.5,5.5,True,True
31,ULTRAMENG,Conceicao,C,6.0,6.0,False,True
31,ULTRAMENG,Jashari,C,,,False,True
31,ULTRAMENG,Nkunku,A,,,False,True
31,ULTRAMENG,Simeone,A,5.5,5.5,True,True
31,ULTRAMENG,Adams C.,A,5.5,5.5,False,True
31,ULTRAMENG,Lukaku,A,,,False,True
31,TEAM ZTOTTI,Sommer,P,,,False,False
31,TEAM ZTOTTI,Belghali,D,5.5,5.5,True,False
31,TEAM ZTOTTI,Bernasconi,D,6.0,6.0,True,False
31,TEAM ZTOTTI,Hermoso,D,7.0,11.0,True,False
31,TEAM ZTOTTI,Palestra,D,6.0,6.0,True,False
31,TEAM ZTOTTI,Bernabè,C,6.0,6.0,True,False
31,TEAM ZTOTTI,Konè I.,C,6.0,5.5,True,False
31,TEAM ZTOTTI,Atta,C,6.0,6.0,True,False
31,TEAM ZTOTTI,Diao,A,5.0,5.0,True,False
31,TEAM ZTOTTI,Colombo,A,7.0,10.0,True,False
31,TEAM ZTOTTI,Soulè,A,6.5,6.5,True,False
31,TEAM ZTOTTI,Caprile,P,6.0,3.0,True,True
31,TEAM ZTOTTI,Ciocci,P,,,False,True
31,TEAM ZTOTTI,Marianucci,D,6.0,6.0,False,True
31,TEAM ZTOTTI,Acerbi,D,,,False,True
31,TEAM ZTOTTI,Miranda J.,D,5.5,5.5,False,True
31,TEAM ZTOTTI,Juan Jesus,D,,,False,True
31,TEAM ZTOTTI,Politano,C,5.5,5.5,False,True
31,TEAM ZTOTTI,Oristanio,C,,,False,True
31,TEAM ZTOTTI,Cambiaghi,A,5.5,5.5,False,True
31,TEAM ZTOTTI,Isaac,A,,,False,True
31,7UPEVERYDAY,Maignan,P,6.5,7.5,True,False
31,7UPEVERYDAY,Olivera,D,5.0,5.0,True,False
31,7UPEVERYDAY,Spinazzola,D,5.0,5.0,True,False
31,7UPEVERYDAY,Joao Mario,D,,,False,False
31,7UPEVERYDAY,Gutierrez,D,6.0,6.0,True,False
31,7UPEVERYDAY,Zaragoza,C,,,False,False
31,7UPEVERYDAY,Taylor K.,C,6.5,7.0,True,False
31,7UPEVERYDAY,Zaniolo,C,6.0,5.5,True,False
31,7UPEVERYDAY,Bonny,A,6.5,6.5,True,False
31,7UPEVERYDAY,Esposito F.P.,A,6.5,6.5,True,False
31,7UPEVERYDAY,Kean,A,,,False,False
31,7UPEVERYDAY,Terracciano,P,,,False,True
31,7UPEVERYDAY,Torriani,P,,,False,True
31,7UPEVERYDAY,Doig,D,,,False,True
31,7UPEVERYDAY,Valle,D,,,False,True
31,7UPEVERYDAY,Hien,D,,,False,True
31,7UPEVERYDAY,Arizala,D,6.0,6.0,True,True
31,7UPEVERYDAY,Volpato,C,7.0,9.5,True,True
31,7UPEVERYDAY,Ekkelenkamp,C,5.5,5.5,False,True
31,7UPEVERYDAY,Fofana Y.,C,5.5,5.5,False,True
31,7UPEVERYDAY,Zambo Anguissa,C,5.5,5.5,False,True
31,7UPEVERYDAY,Baldanzi,C,7.0,8.0,False,True
31,7UPEVERYDAY,Vardy,A,,,False,True
31,7UPEVERYDAY,De Ketelaere,A,6.0,6.0,True,True
31,7UPEVERYDAY,Meister,A,5.5,5.5,False,True
31,SIR CROCODILE,Svilar,P,6.5,5.5,True,False
31,SIR CROCODILE,Terracciano F.,D,6.0,6.0,True,False
31,SIR CROCODILE,Bastoni,D,,,False,False
31,SIR CROCODILE,Solet,D,6.0,6.0,True,False
31,SIR CROCODILE,Dodò,D,6.0,6.0,True,False
31,SIR CROCODILE,Thuram K.,C,7.0,10.0,True,False
31,SIR CROCODILE,Da Cunha,C,6.0,6.0,True,False
31,SIR CROCODILE,Zalewski,C,6.0,6.0,True,False
31,SIR CROCODILE,Pinamonti,A,,,False,False
31,SIR CROCODILE,Esposito Se.,A,6.0,5.5,True,False
31,SIR CROCODILE,Castro S.,A,5.0,5.0,True,False
31,SIR CROCODILE,Gollini,P,,,False,True
31,SIR CROCODILE,Leali,P,,,False,True
31,SIR CROCODILE,Ranieri L.,D,6.0,6.0,True,True
31,SIR CROCODILE,Zortea,D,6.0,6.0,False,True
31,SIR CROCODILE,Kristensen T.,D,6.0,6.0,False,True
31,SIR CROCODILE,Bellanova,D,5.5,5.5,False,True
31,SIR CROCODILE,Mandragora,C,6.0,7.0,False,True
31,SIR CROCODILE,Gaetano,C,6.0,6.0,False,True
31,SIR CROCODILE,Cristante,C,6.0,6.0,False,True
31,SIR CROCODILE,Pisilli,C,5.5,5.0,False,True
31,SIR CROCODILE,Frattesi,C,,,False,True
31,SIR CROCODILE,Kilicsoy,A,,,False,True
31,SIR CROCODILE,Vlahovic,A,,,False,True
31,SIR CROCODILE,Rodriguez Je.,A,6.0,6.0,True,True
32,VRHELPME,Di Gregorio,P,6.0,7.0,True,False
32,VRHELPME,Dimarco,D,7.0,9.0,True,False
32,VRHELPME,Angori,D,6.0,6.0,True,False
32,VRHELPME,Djimsiti,D,5.0,5.0,True,False
32,VRHELPME,Valeri,D,6.5,6.5,True,False
32,VRHELPME,Gallo,D,6.0,6.0,True,False
32,VRHELPME,Modric,C,6.0,6.0,True,False
32,VRHELPME,Calhanoglu,C,,,False,False
32,VRHELPME,McKennie,C,6.0,6.0,True,False
32,VRHELPME,Malen,A,7.5,12.5,True,False
32,VRHELPME,Scamacca,A,7.5,13.5,True,False
32,VRHELPME,Perin,P,,,False,True
32,VRHELPME,Kelly L.,D,6.0,6.0,False,True
32,VRHELPME,Vasquez,D,5.5,5.5,False,True
32,VRHELPME,Nelsson,D,6.0,6.0,False,True
32,VRHELPME,Elmas,C,,,False,True
32,VRHELPME,Koopmeiners,C,6.0,6.0,True,True
32,VRHELPME,Miller L.,C,6.0,6.0,False,True
32,VRHELPME,Ilkhan,C,6.5,7.5,False,True
32,VRHELPME,Loftus-Cheek,C,,,False,True
32,VRHELPME,Arena A.,A,,,False,True
32,VRHELPME,Vitinha O.,A,5.5,5.5,False,True
32,VRHELPME,Berardi,A,,,False,True
32,VRHELPME,Davis K.,A,,,False,True
32,VRHELPME,Pinsoglio,P,,,False,True
32,XIAOYEZI,Carnesecchi,P,6.0,3.0,True,False
32,XIAOYEZI,Scalvini,D,5.5,6.5,True,False
32,XIAOYEZI,Ramon,D,6.0,6.0,True,False
32,XIAOYEZI,Troilo,D,6.5,6.5,True,False
32,XIAOYEZI,Pulisic,C,5.5,5.5,True,False
32,XIAOYEZI,Malinovskyi,C,5.5,5.5,True,False
32,XIAOYEZI,Isaksen,C,6.5,6.5,True,False
32,XIAOYEZI,Fagioli,C,6.0,6.0,True,False
32,XIAOYEZI,Casadei,C,6.0,6.0,True,False
32,XIAOYEZI,Pellegrino M.,A,6.0,6.0,True,False
32,XIAOYEZI,Hojlund,A,7.0,7.0,True,False
32,XIAOYEZI,Orban G.,A,,,False,True
32,XIAOYEZI,Zapata D.,A,6.5,6.5,False,True
32,XIAOYEZI,Vojvoda,D,,,False,True
32,XIAOYEZI,Coco,D,5.5,5.5,False,True
32,XIAOYEZI,Morata,A,,,False,True
32,XIAOYEZI,Lazaro,D,5.5,5.5,False,True
32,XIAOYEZI,De Roon,C,5.5,5.5,False,True
32,XIAOYEZI,Frendrup,C,5.5,5.5,False,True
32,XIAOYEZI,Rossi F.,P,,,False,True
32,XIAOYEZI,Sportiello,P,,,False,True
32,XIAOYEZI,Rovella,C,,,False,True
32,XIAOYEZI,Addai,A,,,False,True
32,XIAOYEZI,Parisi,D,,,False,True
32,XIAOYEZI,Gosens,D,,,False,True
32,TEAM HANQI,Falcone,P,6.5,7.5,True,False
32,TEAM HANQI,Bartesaghi,D,5.5,5.0,True,False
32,TEAM HANQI,Luperto,D,5.0,5.0,True,False
32,TEAM HANQI,Rrahmani,D,6.5,6.5,True,False
32,TEAM HANQI,Beukema,D,6.0,6.0,True,False
32,TEAM HANQI,Baturina,C,7.0,7.0,True,False
32,TEAM HANQI,Paz N.,C,6.5,6.5,True,False
32,TEAM HANQI,Strefezza,C,6.0,6.0,True,False
32,TEAM HANQI,Orsolini,C,6.0,6.0,True,False
32,TEAM HANQI,Gueye,A,5.5,5.5,True,False
32,TEAM HANQI,Raspadori,A,5.0,5.0,True,False
32,TEAM HANQI,Silvestri,P,,,False,True
32,TEAM HANQI,Fruchtl,P,,,False,True
32,TEAM HANQI,Diego Carlos,D,6.0,5.5,False,True
32,TEAM HANQI,Holm,D,6.0,6.0,False,True
32,TEAM HANQI,Mazzocchi,D,6.0,6.0,False,True
32,TEAM HANQI,Ziolkowski,D,,,False,True
32,TEAM HANQI,El Aynaoui,C,7.5,11.0,False,True
32,TEAM HANQI,Diouf,C,,,False,True
32,TEAM HANQI,Prati,C,,,False,True
32,TEAM HANQI,Durosinmi,A,,,False,True
32,TEAM HANQI,Okereke,A,5.0,5.0,False,True
32,TEAM HANQI,Fullkrug,A,6.0,6.0,False,True
32,TEAM HANQI,Solomon,A,5.5,5.5,False,True
32,7UPEVERYDAY,Maignan,P,6.0,7.0,True,False
32,7UPEVERYDAY,Olivera,D,6.5,6.5,True,False
32,7UPEVERYDAY,Spinazzola,D,,,False,False
32,7UPEVERYDAY,Joao Mario,D,4.5,4.5,True,False
32,7UPEVERYDAY,Gutierrez,D,6.5,6.5,True,False
32,7UPEVERYDAY,Zaragoza,C,,,False,False
32,7UPEVERYDAY,Taylor K.,C,6.0,6.0,True,False
32,7UPEVERYDAY,Zaniolo,C,6.0,6.0,True,False
32,7UPEVERYDAY,Bonny,A,5.5,5.5,True,False
32,7UPEVERYDAY,Esposito F.P.,A,5.5,5.5,True,False
32,7UPEVERYDAY,Kean,A,,,False,False
32,7UPEVERYDAY,Terracciano,P,,,False,True
32,7UPEVERYDAY,Torriani,P,,,False,True
32,7UPEVERYDAY,Doig,D,,,False,True
32,7UPEVERYDAY,Valle,D,6.5,6.5,True,True
32,7UPEVERYDAY,Hien,D,,,False,True
32,7UPEVERYDAY,Arizala,D,5.5,5.5,False,True
32,7UPEVERYDAY,Volpato,C,6.0,6.0,True,True
32,7UPEVERYDAY,Ekkelenkamp,C,6.5,7.5,False,True
32,7UPEVERYDAY,Fofana Y.,C,6.0,6.0,False,True
32,7UPEVERYDAY,Zambo Anguissa,C,,,False,True
32,7UPEVERYDAY,Baldanzi,C,,,False,True
32,7UPEVERYDAY,Vardy,A,,,False,True
32,7UPEVERYDAY,De Ketelaere,A,5.5,5.5,True,True
32,7UPEVERYDAY,Meister,A,5.5,5.5,False,True
32,ROMAZDA,Bijlow,P,6.0,5.0,True,False
32,ROMAZDA,Zappacosta,D,5.5,5.5,True,False
32,ROMAZDA,Carlos Augusto,D,5.0,5.0,True,False
32,ROMAZDA,Akanji,D,6.0,6.0,True,False
32,ROMAZDA,Dumfries,D,,,False,False
32,ROMAZDA,Zaccagni,C,,,False,False
32,ROMAZDA,Gudmundsson A.,C,5.5,5.5,True,False
32,ROMAZDA,Thorstvedt,C,6.0,6.0,True,False
32,ROMAZDA,Santos A.,C,7.5,10.5,True,False
32,ROMAZDA,Yildiz,A,,,False,False
32,ROMAZDA,Krstovic,A,5.5,5.5,True,False
32,ROMAZDA,Piccoli,A,,,False,True
32,ROMAZDA,Kulenovic,A,,,False,True
32,ROMAZDA,Ratkov,A,,,False,True
32,ROMAZDA,Ferguson E.,A,,,False,True
32,ROMAZDA,Vlasic,C,6.5,9.5,True,True
32,ROMAZDA,Ederson D.S.,C,6.0,6.0,False,True
32,ROMAZDA,Maldini,C,7.0,11.0,False,True
32,ROMAZDA,Pellegrini Lo.,C,,,False,True
32,ROMAZDA,Cambiaso,D,5.5,5.0,True,True
32,ROMAZDA,Martin,D,,,False,True
32,ROMAZDA,Muharemovic,D,6.0,6.0,False,True
32,ROMAZDA,Raterink,D,,,False,True
32,ROMAZDA,Paleari,P,6.5,4.5,False,True
32,ROMAZDA,Skorupski,P,,,False,True
32,TEAM ZTOTTI,Sommer,P,6.0,4.0,True,False
32,TEAM ZTOTTI,Palestra,D,6.0,6.0,True,False
32,TEAM ZTOTTI,Miranda J.,D,5.0,5.0,True,False
32,TEAM ZTOTTI,Hermoso,D,6.0,5.5,True,False
32,TEAM ZTOTTI,Belghali,D,6.5,6.5,True,False
32,TEAM ZTOTTI,Konè I.,C,6.0,6.0,True,False
32,TEAM ZTOTTI,Atta,C,8.0,14.0,True,False
32,TEAM ZTOTTI,Bernabè,C,6.5,6.5,True,False
32,TEAM ZTOTTI,Soulè,A,6.5,6.5,True,False
32,TEAM ZTOTTI,Colombo,A,5.5,5.5,True,False
32,TEAM ZTOTTI,Diao,A,6.5,9.0,True,False
32,TEAM ZTOTTI,Caprile,P,6.5,4.5,False,True
32,TEAM ZTOTTI,Ciocci,P,,,False,True
32,TEAM ZTOTTI,Acerbi,D,,,False,True
32,TEAM ZTOTTI,Bernasconi,D,,,False,True
32,TEAM ZTOTTI,Marianucci,D,6.5,6.5,False,True
32,TEAM ZTOTTI,Juan Jesus,D,,,False,True
32,TEAM ZTOTTI,Politano,C,6.5,6.5,False,True
32,TEAM ZTOTTI,Sucic P.,C,6.5,6.5,False,True
32,TEAM ZTOTTI,Oristanio,C,,,False,True
32,TEAM ZTOTTI,Cambiaghi,A,,,False,True
32,TEAM ZTOTTI,Isaac,A,,,False,True
32,NI99ER NO.1,Milinkovic-Savic V.,P,6.5,8.0,True,False
32,NI99ER NO.1,Gabbia,D,6.0,6.0,True,False
32,NI99ER NO.1,Ostigard,D,6.0,6.0,True,False
32,NI99ER NO.1,Bremer,D,6.5,6.5,True,False
32,NI99ER NO.1,Cataldi,C,,,False,False
32,NI99ER NO.1,Rabiot,C,6.5,6.5,True,False
32,NI99ER NO.1,Zielinski,C,5.5,5.5,True,False
32,NI99ER NO.1,Basic,C,6.5,7.5,True,False
32,NI99ER NO.1,David,A,6.0,6.0,True,False
32,NI99ER NO.1,Thuram,A,7.0,10.0,True,False
32,NI99ER NO.1,Leao,A,6.0,6.0,True,False
32,NI99ER NO.1,Wesley,D,7.0,7.0,False,True
32,NI99ER NO.1,Rensch,D,6.0,5.5,False,True
32,NI99ER NO.1,Ahanor,D,,,False,True
32,NI99ER NO.1,Heggem,D,5.0,5.0,False,True
32,NI99ER NO.1,Norton-Cuffy,D,,,False,True
32,NI99ER NO.1,Pasalic,C,6.0,6.0,True,True
32,NI99ER NO.1,Mkhitaryan,C,,,False,True
32,NI99ER NO.1,Tramoni M.,C,,,False,True
32,NI99ER NO.1,Ondrejka,C,,,False,True
32,NI99ER NO.1,Laurientè,A,6.0,5.5,False,True
32,NI99ER NO.1,Openda,A,,,False,True
32,NI99ER NO.1,Giovane,A,6.0,6.0,False,True
32,NI99ER NO.1,Meret,P,,,False,True
32,NI99ER NO.1,Contini,P,,,False,True
32,SIR CROCODILE,Svilar,P,6.5,7.5,True,False
32,SIR CROCODILE,Ranieri L.,D,6.0,5.5,True,False
32,SIR CROCODILE,Solet,D,5.0,5.0,True,False
32,SIR CROCODILE,Bellanova,D,5.5,5.5,True,False
32,SIR CROCODILE,Dodò,D,6.0,6.0,True,False
32,SIR CROCODILE,Da Cunha,C,6.5,7.5,True,False
32,SIR CROCODILE,Thuram K.,C,6.5,6.5,True,False
32,SIR CROCODILE,Zalewski,C,5.5,5.5,True,False
32,SIR CROCODILE,Pinamonti,A,5.5,5.5,True,False
32,SIR CROCODILE,Esposito Se.,A,6.0,6.0,True,False
32,SIR CROCODILE,Castro S.,A,5.5,5.5,True,False
32,SIR CROCODILE,Gollini,P,,,False,True
32,SIR CROCODILE,Leali,P,6.0,5.0,False,True
32,SIR CROCODILE,Kristensen T.,D,5.5,5.5,False,True
32,SIR CROCODILE,Zortea,D,6.0,6.0,False,True
32,SIR CROCODILE,Terracciano F.,D,5.0,3.0,False,True
32,SIR CROCODILE,Bastoni,D,,,False,True
32,SIR CROCODILE,Mandragora,C,5.5,5.0,False,True
32,SIR CROCODILE,Gaetano,C,7.0,7.0,False,True
32,SIR CROCODILE,Cristante,C,6.0,6.0,False,True
32,SIR CROCODILE,Pisilli,C,6.0,6.0,False,True
32,SIR CROCODILE,Frattesi,C,,,False,True
32,SIR CROCODILE,Kilicsoy,A,,,False,True
32,SIR CROCODILE,Rodriguez Je.,A,,,False,True
32,SIR CROCODILE,Vlahovic,A,,,False,True
32,KOKOMO,Provedel,P,,,False,False
32,KOKOMO,Tomori,D,6.5,6.5,True,False
32,KOKOMO,Pavlovic,D,6.5,6.5,True,False
32,KOKOMO,Mancini,D,6.5,6.5,True,False
32,KOKOMO,Bisseck,D,7.0,10.0,True,False
32,KOKOMO,Delprato,D,6.0,6.0,True,False
32,KOKOMO,McTominay,C,7.5,9.5,True,False
32,KOKOMO,Barella,C,5.5,5.0,True,False
32,KOKOMO,Locatelli,C,6.0,5.5,True,False
32,KOKOMO,Odgaard,C,5.5,5.5,True,False
32,KOKOMO,Boga,A,5.0,4.5,True,False
32,KOKOMO,Furlanetto,P,,,False,True
32,KOKOMO,Motta,P,5.0,2.0,True,True
32,KOKOMO,Biraghi,D,,,False,True
32,KOKOMO,Baschirotto,D,5.0,5.0,False,True
32,KOKOMO,Rugani,D,6.0,6.0,False,True
32,KOKOMO,Matic,C,6.0,6.0,False,True
32,KOKOMO,Miretti,C,,,False,True
32,KOKOMO,Vergara,C,,,False,True
32,KOKOMO,Adzic,C,,,False,True
32,KOKOMO,Vaz,A,6.0,6.0,False,True
32,KOKOMO,Dallinga,A,,,False,True
32,KOKOMO,Dovbyk,A,,,False,True
32,KOKOMO,Trepy,A,,,False,True
32,KOKOMO,Dybala,A,,,False,True
32,ULTRAMENG,Butez,P,5.5,6.5,True,False
32,ULTRAMENG,Angelino,D,,,False,False
32,ULTRAMENG,N'Dicka,D,6.0,6.0,True,False
32,ULTRAMENG,Buongiorno,D,6.0,6.0,True,False
32,ULTRAMENG,Mina,D,6.0,6.0,True,False
32,ULTRAMENG,Neres,C,,,False,False
32,ULTRAMENG,Ferguson,C,5.0,5.0,True,False
32,ULTRAMENG,De Bruyne,C,7.5,11.5,True,False
32,ULTRAMENG,Saelemaekers,C,6.5,6.5,True,False
32,ULTRAMENG,Camarda,A,,,False,False
32,ULTRAMENG,Douvikas,A,7.0,11.0,True,False
32,ULTRAMENG,Vigorito,P,,,False,True
32,ULTRAMENG,Cavlina,P,,,False,True
32,ULTRAMENG,Celik,D,6.0,6.0,True,True
32,ULTRAMENG,Kalulu,D,6.5,6.5,False,True
32,ULTRAMENG,Kossounou,D,6.0,6.0,False,True
32,ULTRAMENG,Ghilardi,D,6.0,6.0,False,True
32,ULTRAMENG,Sottil,C,,,False,True
32,ULTRAMENG,Rowe,C,6.0,6.0,True,True
32,ULTRAMENG,Conceicao,C,6.5,6.5,False,True
32,ULTRAMENG,Jashari,C,,,False,True
32,ULTRAMENG,Nkunku,A,,,False,True
32,ULTRAMENG,Simeone,A,7.0,10.0,True,True
32,ULTRAMENG,Adams C.,A,5.5,5.5,False,True
32,ULTRAMENG,Lukaku,A,,,False,True
33,SIR CROCODILE,Svilar,P,6.0,7.0,True,False
33,SIR CROCODILE,Ranieri L.,D,4.5,4.5,True,False
33,SIR CROCODILE,Solet,D,7.0,7.0,True,False
33,SIR CROCODILE,Bastoni,D,6.0,6.0,True,False
33,SIR CROCODILE,Zortea,D,,,False,False
33,SIR CROCODILE,Da Cunha,C,6.5,6.5,True,False
33,SIR CROCODILE,Thuram K.,C,6.0,6.0,True,False
33,SIR CROCODILE,Zalewski,C,6.0,6.0,True,False
33,SIR CROCODILE,Pinamonti,A,,,False,False
33,SIR CROCODILE,Esposito Se.,A,6.5,6.5,True,False
33,SIR CROCODILE,Castro S.,A,5.5,5.0,True,False
33,SIR CROCODILE,Gollini,P,,,False,True
33,SIR CROCODILE,Leali,P,,,False,True
33,SIR CROCODILE,Dodò,D,4.5,4.5,True,True
33,SIR CROCODILE,Terracciano F.,D,5.0,5.0,False,True
33,SIR CROCODILE,Bellanova,D,,,False,True
33,SIR CROCODILE,Kristensen T.,D,7.0,10.0,False,True
33,SIR CROCODILE,Gaetano,C,5.5,5.5,False,True
33,SIR CROCODILE,Mandragora,C,,,False,True
33,SIR CROCODILE,Cristante,C,6.5,6.5,False,True
33,SIR CROCODILE,Pisilli,C,8.0,12.0,False,True
33,SIR CROCODILE,Frattesi,C,,,False,True
33,SIR CROCODILE,Kilicsoy,A,,,False,True
33,SIR CROCODILE,Rodriguez Je.,A,,,False,True
33,SIR CROCODILE,Vlahovic,A,7.0,11.0,True,True
33,XIAOYEZI,Carnesecchi,P,6.0,7.0,True,False
33,XIAOYEZI,Scalvini,D,6.0,6.0,True,False
33,XIAOYEZI,Ramon,D,6.5,6.0,True,False
33,XIAOYEZI,Gosens,D,4.5,4.5,True,False
33,XIAOYEZI,Parisi,D,5.5,5.0,True,False
33,XIAOYEZI,Pulisic,C,5.0,5.0,True,False
33,XIAOYEZI,De Roon,C,5.5,5.5,True,False
33,XIAOYEZI,Isaksen,C,7.0,10.0,True,False
33,XIAOYEZI,Fagioli,C,4.5,4.5,True,False
33,XIAOYEZI,Pellegrino M.,A,5.0,5.0,True,False
33,XIAOYEZI,Hojlund,A,5.5,5.5,True,False
33,XIAOYEZI,Orban G.,A,,,False,True
33,XIAOYEZI,Zapata D.,A,,,False,True
33,XIAOYEZI,Vojvoda,D,,,False,True
33,XIAOYEZI,Morata,A,,,False,True
33,XIAOYEZI,Malinovskyi,C,6.0,6.0,False,True
33,XIAOYEZI,Casadei,C,5.5,5.5,False,True
33,XIAOYEZI,Rovella,C,6.5,6.5,False,True
33,XIAOYEZI,Lazaro,D,6.0,6.0,False,True
33,XIAOYEZI,Frendrup,C,6.0,6.0,False,True
33,XIAOYEZI,Rossi F.,P,,,False,True
33,XIAOYEZI,Sportiello,P,,,False,True
33,XIAOYEZI,Addai,A,,,False,True
33,XIAOYEZI,Coco,D,5.5,5.5,False,True
33,XIAOYEZI,Troilo,D,5.0,5.0,False,True
33,7UPEVERYDAY,Maignan,P,5.5,3.5,True,False
33,7UPEVERYDAY,Olivera,D,,,False,False
33,7UPEVERYDAY,Spinazzola,D,,,False,False
33,7UPEVERYDAY,Joao Mario,D,,,False,False
33,7UPEVERYDAY,Gutierrez,D,5.5,5.5,True,False
33,7UPEVERYDAY,Zaragoza,C,,,False,False
33,7UPEVERYDAY,Taylor K.,C,5.5,5.5,True,False
33,7UPEVERYDAY,Zaniolo,C,7.0,7.0,True,False
33,7UPEVERYDAY,Bonny,A,6.0,6.0,True,False
33,7UPEVERYDAY,Esposito F.P.,A,6.0,6.0,True,False
33,7UPEVERYDAY,Kean,A,,,False,False
33,7UPEVERYDAY,Terracciano,P,,,False,True
33,7UPEVERYDAY,Torriani,P,,,False,True
33,7UPEVERYDAY,Doig,D,,,False,True
33,7UPEVERYDAY,Valle,D,5.5,5.5,True,True
33,7UPEVERYDAY,Hien,D,6.0,6.0,True,True
33,7UPEVERYDAY,Arizala,D,,,False,True
33,7UPEVERYDAY,Volpato,C,6.0,5.5,True,True
33,7UPEVERYDAY,Ekkelenkamp,C,6.5,7.5,False,True
33,7UPEVERYDAY,Fofana Y.,C,5.0,5.0,False,True
33,7UPEVERYDAY,Zambo Anguissa,C,5.5,5.5,False,True
33,7UPEVERYDAY,Baldanzi,C,,,False,True
33,7UPEVERYDAY,Vardy,A,5.5,5.5,True,True
33,7UPEVERYDAY,De Ketelaere,A,6.5,6.5,False,True
33,7UPEVERYDAY,Meister,A,5.5,5.0,False,True
33,VRHELPME,Di Gregorio,P,6.0,5.0,True,False
33,VRHELPME,Dimarco,D,6.5,6.5,True,False
33,VRHELPME,Kelly L.,D,6.0,6.0,True,False
33,VRHELPME,Gallo,D,6.5,6.5,True,False
33,VRHELPME,Valeri,D,6.0,6.0,True,False
33,VRHELPME,McKennie,C,5.5,5.5,True,False
33,VRHELPME,Elmas,C,,,False,False
33,VRHELPME,Loftus-Cheek,C,5.5,5.0,True,False
33,VRHELPME,Berardi,A,7.0,11.0,True,False
33,VRHELPME,Malen,A,7.0,8.0,True,False
33,VRHELPME,Scamacca,A,5.5,5.5,True,False
33,VRHELPME,Perin,P,,,False,True
33,VRHELPME,Angori,D,6.5,6.5,False,True
33,VRHELPME,Djimsiti,D,6.0,6.0,False,True
33,VRHELPME,Vasquez,D,6.5,6.5,False,True
33,VRHELPME,Nelsson,D,6.0,6.0,False,True
33,VRHELPME,Koopmeiners,C,,,False,True
33,VRHELPME,Ilkhan,C,5.5,5.5,True,True
33,VRHELPME,Miller L.,C,6.0,7.0,False,True
33,VRHELPME,Modric,C,,,False,True
33,VRHELPME,Calhanoglu,C,,,False,True
33,VRHELPME,Vitinha O.,A,6.0,6.0,False,True
33,VRHELPME,Arena A.,A,,,False,True
33,VRHELPME,Davis K.,A,,,False,True
33,VRHELPME,Pinsoglio,P,,,False,True
33,ULTRAMENG,Butez,P,6.0,7.0,True,False
33,ULTRAMENG,Angelino,D,,,False,False
33,ULTRAMENG,N'Dicka,D,6.0,6.0,True,False
33,ULTRAMENG,Buongiorno,D,6.5,6.5,True,False
33,ULTRAMENG,Mina,D,6.5,6.5,True,False
33,ULTRAMENG,Neres,C,,,False,False
33,ULTRAMENG,Ferguson,C,,,False,False
33,ULTRAMENG,De Bruyne,C,5.0,5.0,True,False
33,ULTRAMENG,Saelemaekers,C,5.5,5.5,True,False
33,ULTRAMENG,Camarda,A,6.0,6.0,True,False
33,ULTRAMENG,Douvikas,A,5.0,5.0,True,False
33,ULTRAMENG,Vigorito,P,,,False,True
33,ULTRAMENG,Cavlina,P,,,False,True
33,ULTRAMENG,Celik,D,6.5,6.5,True,True
33,ULTRAMENG,Kalulu,D,6.0,6.0,False,True
33,ULTRAMENG,Kossounou,D,,,False,True
33,ULTRAMENG,Ghilardi,D,6.0,6.0,False,True
33,ULTRAMENG,Sottil,C,,,False,True
33,ULTRAMENG,Rowe,C,6.0,6.0,True,True
33,ULTRAMENG,Conceicao,C,7.0,7.0,True,True
33,ULTRAMENG,Jashari,C,5.0,5.0,False,True
33,ULTRAMENG,Nkunku,A,5.5,5.5,False,True
33,ULTRAMENG,Simeone,A,5.0,5.0,False,True
33,ULTRAMENG,Adams C.,A,,,False,True
33,ULTRAMENG,Lukaku,A,,,False,True
33,TEAM HANQI,Falcone,P,6.5,5.5,True,False
33,TEAM HANQI,Bartesaghi,D,,,False,False
33,TEAM HANQI,Luperto,D,6.0,6.0,True,False
33,TEAM HANQI,Rrahmani,D,7.0,7.0,True,False
33,TEAM HANQI,Holm,D,,,False,False
33,TEAM HANQI,Baturina,C,6.0,6.0,True,False
33,TEAM HANQI,Paz N.,C,6.5,6.5,True,False
33,TEAM HANQI,Strefezza,C,6.5,6.5,True,False
33,TEAM HANQI,Orsolini,C,5.5,5.5,True,False
33,TEAM HANQI,Gueye,A,5.5,5.5,True,False
33,TEAM HANQI,Raspadori,A,6.0,6.0,True,False
33,TEAM HANQI,Silvestri,P,,,False,True
33,TEAM HANQI,Fruchtl,P,,,False,True
33,TEAM HANQI,Beukema,D,6.0,6.0,True,True
33,TEAM HANQI,Diego Carlos,D,6.0,6.0,True,True
33,TEAM HANQI,Mazzocchi,D,,,False,True
33,TEAM HANQI,Ziolkowski,D,,,False,True
33,TEAM HANQI,Prati,C,6.0,6.0,False,True
33,TEAM HANQI,Diouf,C,,,False,True
33,TEAM HANQI,Solomon,A,5.0,5.0,False,True
33,TEAM HANQI,Okereke,A,,,False,True
33,TEAM HANQI,Fullkrug,A,,,False,True
33,TEAM HANQI,Durosinmi,A,,,False,True
33,TEAM ZTOTTI,Sommer,P,6.0,7.0,True,False
33,TEAM ZTOTTI,Belghali,D,5.5,5.5,True,False
33,TEAM ZTOTTI,Hermoso,D,7.5,11.0,True,False
33,TEAM ZTOTTI,Miranda J.,D,5.5,5.5,True,False
33,TEAM ZTOTTI,Palestra,D,6.0,6.0,True,False
33,TEAM ZTOTTI,Konè I.,C,6.5,6.5,True,False
33,TEAM ZTOTTI,Konè M.,C,7.0,8.0,True,False
33,TEAM ZTOTTI,Atta,C,6.0,6.0,True,False
33,TEAM ZTOTTI,Diao,A,6.0,6.0,True,False
33,TEAM ZTOTTI,Martinez L.,A,6.5,7.5,True,False
33,TEAM ZTOTTI,Soulè,A,6.5,6.5,True,False
33,TEAM ZTOTTI,Caprile,P,6.5,7.5,False,True
33,TEAM ZTOTTI,Ciocci,P,,,False,True
33,TEAM ZTOTTI,Marianucci,D,5.5,5.5,False,True
33,TEAM ZTOTTI,Juan Jesus,D,,,False,True
33,TEAM ZTOTTI,Acerbi,D,,,False,True
33,TEAM ZTOTTI,Politano,C,6.5,6.0,False,True
33,TEAM ZTOTTI,Sucic P.,C,5.5,5.5,False,True
33,TEAM ZTOTTI,Bernabè,C,6.0,6.0,False,True
33,TEAM ZTOTTI,Oristanio,C,,,False,True
33,TEAM ZTOTTI,Colombo,A,5.5,5.5,False,True
33,TEAM ZTOTTI,Isaac,A,,,False,True
33,NI99ER NO.1,Milinkovic-Savic V.,P,7.0,8.0,True,False
33,NI99ER NO.1,Heggem,D,,,False,False
33,NI99ER NO.1,Wesley,D,7.0,10.0,True,False
33,NI99ER NO.1,Bremer,D,5.5,5.5,True,False
33,NI99ER NO.1,Gabbia,D,5.0,5.0,True,False
33,NI99ER NO.1,Rabiot,C,5.0,5.0,True,False
33,NI99ER NO.1,Zielinski,C,6.5,7.0,True,False
33,NI99ER NO.1,Basic,C,6.5,6.5,True,False
33,NI99ER NO.1,David,A,5.0,5.0,True,False
33,NI99ER NO.1,Thuram,A,6.5,10.5,True,False
33,NI99ER NO.1,Leao,A,5.0,5.0,True,False
33,NI99ER NO.1,Rensch,D,,,False,True
33,NI99ER NO.1,Ostigard,D,7.0,7.0,True,True
33,NI99ER NO.1,Ahanor,D,6.5,6.5,False,True
33,NI99ER NO.1,Norton-Cuffy,D,,,False,True
33,NI99ER NO.1,Cataldi,C,,,False,True
33,NI99ER NO.1,Pasalic,C,6.0,6.0,False,True
33,NI99ER NO.1,Mkhitaryan,C,7.0,10.0,False,True
33,NI99ER NO.1,Tramoni M.,C,,,False,True
33,NI99ER NO.1,Ondrejka,C,,,False,True
33,NI99ER NO.1,Laurientè,A,8.0,12.0,False,True
33,NI99ER NO.1,Openda,A,,,False,True
33,NI99ER NO.1,Giovane,A,,,False,True
33,NI99ER NO.1,Meret,P,,,False,True
33,NI99ER NO.1,Contini,P,,,False,True
33,ROMAZDA,Paleari,P,5.5,3.5,True,False
33,ROMAZDA,Cambiaso,D,6.0,6.0,True,False
33,ROMAZDA,Carlos Augusto,D,6.0,6.0,True,False
33,ROMAZDA,Akanji,D,6.5,6.5,True,False
33,ROMAZDA,Dumfries,D,6.0,6.0,True,False
33,ROMAZDA,Santos A.,C,6.0,6.0,True,False
33,ROMAZDA,Vlasic,C,5.5,5.5,True,False
33,ROMAZDA,Ederson D.S.,C,6.0,5.5,True,False
33,ROMAZDA,Maldini,C,5.5,5.5,True,False
33,ROMAZDA,Yildiz,A,5.5,5.5,True,False
33,ROMAZDA,Krstovic,A,5.5,5.0,True,False
33,ROMAZDA,Kulenovic,A,5.5,5.5,False,True
33,ROMAZDA,Piccoli,A,,,False,True
33,ROMAZDA,Ratkov,A,,,False,True
33,ROMAZDA,Ferguson E.,A,,,False,True
33,ROMAZDA,Gudmundsson A.,C,5.0,5.0,False,True
33,ROMAZDA,Thorstvedt,C,7.5,8.5,False,True
33,ROMAZDA,Zaccagni,C,5.5,5.5,False,True
33,ROMAZDA,Pellegrini Lo.,C,,,False,True
33,ROMAZDA,Zappacosta,D,5.5,5.5,False,True
33,ROMAZDA,Martin,D,,,False,True
33,ROMAZDA,Muharemovic,D,6.5,6.5,False,True
33,ROMAZDA,Raterink,D,,,False,True
33,ROMAZDA,Bijlow,P,6.5,7.5,False,True
33,ROMAZDA,Skorupski,P,,,False,True
33,KOKOMO,Provedel,P,,,False,False
33,KOKOMO,Tomori,D,4.5,3.5,True,False
33,KOKOMO,Pavlovic,D,6.0,6.0,True,False
33,KOKOMO,Mancini,D,7.0,11.0,True,False
33,KOKOMO,Bisseck,D,6.0,6.0,True,False
33,KOKOMO,Delprato,D,5.5,5.5,True,False
33,KOKOMO,McTominay,C,5.5,5.5,True,False
33,KOKOMO,Barella,C,7.0,7.0,True,False
33,KOKOMO,Locatelli,C,5.5,5.0,True,False
33,KOKOMO,Odgaard,C,5.0,5.0,True,False
33,KOKOMO,Boga,A,5.5,5.5,True,False
33,KOKOMO,Furlanetto,P,,,False,True
33,KOKOMO,Motta,P,5.0,4.0,True,True
33,KOKOMO,Biraghi,D,6.0,6.0,False,True
33,KOKOMO,Baschirotto,D,6.0,6.0,False,True
33,KOKOMO,Rugani,D,,,False,True
33,KOKOMO,Matic,C,6.0,5.5,False,True
33,KOKOMO,Miretti,C,5.5,5.5,False,True
33,KOKOMO,Vergara,C,,,False,True
33,KOKOMO,Adzic,C,,,False,True
33,KOKOMO,Vaz,A,,,False,True
33,KOKOMO,Dallinga,A,,,False,True
33,KOKOMO,Dovbyk,A,,,False,True
33,KOKOMO,Trepy,A,,,False,True
33,KOKOMO,Dybala,A,6.0,6.0,False,True
34,XIAOYEZI,Carnesecchi,P,7.0,5.0,True,False
34,XIAOYEZI,Scalvini,D,6.0,6.0,True,False
34,XIAOYEZI,Coco,D,6.0,6.0,True,False
34,XIAOYEZI,Gosens,D,6.0,6.0,True,False
34,XIAOYEZI,Vojvoda,D,5.5,5.5,True,False
34,XIAOYEZI,Pulisic,C,,,False,False
34,XIAOYEZI,Malinovskyi,C,6.0,6.0,True,False
34,XIAOYEZI,Isaksen,C,6.0,6.0,True,False
34,XIAOYEZI,Fagioli,C,5.5,5.5,True,False
34,XIAOYEZI,Zapata D.,A,7.0,8.0,True,False
34,XIAOYEZI,Hojlund,A,6.5,7.5,True,False
34,XIAOYEZI,Pellegrino M.,A,6.0,6.0,False,True
34,XIAOYEZI,Lazaro,D,6.0,6.0,False,True
34,XIAOYEZI,Parisi,D,6.0,6.0,False,True
34,XIAOYEZI,Troilo,D,5.5,5.0,False,True
34,XIAOYEZI,Orban G.,A,,,False,True
34,XIAOYEZI,Morata,A,,,False,True
34,XIAOYEZI,Casadei,C,,,False,True
34,XIAOYEZI,Rovella,C,5.0,5.0,True,True
34,XIAOYEZI,De Roon,C,6.0,6.0,False,True
34,XIAOYEZI,Frendrup,C,6.0,6.0,False,True
34,XIAOYEZI,Rossi F.,P,,,False,True
34,XIAOYEZI,Sportiello,P,,,False,True
34,XIAOYEZI,Addai,A,,,False,True
34,XIAOYEZI,Ramon,D,,,False,True
34,ROMAZDA,Paleari,P,6.0,5.0,True,False
34,ROMAZDA,Cambiaso,D,6.5,7.5,True,False
34,ROMAZDA,Carlos Augusto,D,6.5,6.5,True,False
34,ROMAZDA,Akanji,D,,,False,False
34,ROMAZDA,Dumfries,D,6.0,6.0,True,False
34,ROMAZDA,Santos A.,C,7.0,10.0,True,False
34,ROMAZDA,Vlasic,C,6.0,6.0,True,False
34,ROMAZDA,Ederson D.S.,C,7.5,11.5,True,False
34,ROMAZDA,Maldini,C,,,False,False
34,ROMAZDA,Yildiz,A,6.0,6.0,True,False
34,ROMAZDA,Krstovic,A,7.0,7.5,True,False
34,ROMAZDA,Kulenovic,A,,,False,True
34,ROMAZDA,Piccoli,A,5.5,5.5,False,True
34,ROMAZDA,Ratkov,A,,,False,True
34,ROMAZDA,Ferguson E.,A,,,False,True
34,ROMAZDA,Gudmundsson A.,C,,,False,True
34,ROMAZDA,Thorstvedt,C,6.5,9.0,True,True
34,ROMAZDA,Zaccagni,C,,,False,True
34,ROMAZDA,Pellegrini Lo.,C,,,False,True
34,ROMAZDA,Zappacosta,D,7.0,10.0,True,True
34,ROMAZDA,Martin,D,6.0,6.0,False,True
34,ROMAZDA,Muharemovic,D,5.0,5.0,False,True
34,ROMAZDA,Raterink,D,,,False,True
34,ROMAZDA,Bijlow,P,6.0,7.0,False,True
34,ROMAZDA,Skorupski,P,,,False,True
34,TEAM ZTOTTI,Sommer,P,,,False,False
34,TEAM ZTOTTI,Belghali,D,6.0,6.0,True,False
34,TEAM ZTOTTI,Hermoso,D,5.5,5.5,True,False
34,TEAM ZTOTTI,Miranda J.,D,7.5,8.5,True,False
34,TEAM ZTOTTI,Palestra,D,5.5,5.5,True,False
34,TEAM ZTOTTI,Konè I.,C,6.0,6.0,True,False
34,TEAM ZTOTTI,Konè M.,C,6.0,6.0,True,False
34,TEAM ZTOTTI,Atta,C,6.0,6.0,True,False
34,TEAM ZTOTTI,Diao,A,5.5,5.5,True,False
34,TEAM ZTOTTI,Martinez L.,A,7.5,12.5,True,False
34,TEAM ZTOTTI,Soulè,A,5.5,5.5,True,False
34,TEAM ZTOTTI,Caprile,P,6.5,4.5,True,True
34,TEAM ZTOTTI,Ciocci,P,,,False,True
34,TEAM ZTOTTI,Marianucci,D,5.5,5.0,False,True
34,TEAM ZTOTTI,Juan Jesus,D,,,False,True
34,TEAM ZTOTTI,Acerbi,D,6.0,6.0,False,True
34,TEAM ZTOTTI,Politano,C,6.0,5.5,False,True
34,TEAM ZTOTTI,Sucic P.,C,7.0,10.0,False,True
34,TEAM ZTOTTI,Bernabè,C,,,False,True
34,TEAM ZTOTTI,Oristanio,C,,,False,True
34,TEAM ZTOTTI,Colombo,A,5.5,5.5,False,True
34,TEAM ZTOTTI,Isaac,A,,,False,True
34,SIR CROCODILE,Svilar,P,6.0,4.0,True,False
34,SIR CROCODILE,Ranieri L.,D,6.0,6.0,True,False
34,SIR CROCODILE,Solet,D,6.5,6.5,True,False
34,SIR CROCODILE,Kristensen T.,D,6.5,6.5,True,False
34,SIR CROCODILE,Dodò,D,6.0,6.0,True,False
34,SIR CROCODILE,Zalewski,C,6.5,6.5,True,False
34,SIR CROCODILE,Thuram K.,C,,,False,False
34,SIR CROCODILE,Pisilli,C,5.5,5.5,True,False
34,SIR CROCODILE,Da Cunha,C,6.5,6.5,True,False
34,SIR CROCODILE,Esposito Se.,A,6.0,6.0,True,False
34,SIR CROCODILE,Vlahovic,A,7.0,11.0,True,False
34,SIR CROCODILE,Gollini,P,,,False,True
34,SIR CROCODILE,Leali,P,,,False,True
34,SIR CROCODILE,Zortea,D,6.0,6.0,False,True
34,SIR CROCODILE,Bastoni,D,6.0,6.0,False,True
34,SIR CROCODILE,Bellanova,D,5.5,5.0,False,True
34,SIR CROCODILE,Terracciano F.,D,6.5,6.5,False,True
34,SIR CROCODILE,Gaetano,C,6.0,6.0,True,True
34,SIR CROCODILE,Cristante,C,6.0,6.0,False,True
34,SIR CROCODILE,Mandragora,C,5.5,5.5,False,True
34,SIR CROCODILE,Frattesi,C,6.0,6.0,False,True
34,SIR CROCODILE,Pinamonti,A,5.5,5.5,False,True
34,SIR CROCODILE,Castro S.,A,5.5,5.5,False,True
34,SIR CROCODILE,Kilicsoy,A,,,False,True
34,SIR CROCODILE,Rodriguez Je.,A,6.5,6.5,False,True
34,TEAM HANQI,Falcone,P,6.5,5.5,True,False
34,TEAM HANQI,Bartesaghi,D,5.0,5.0,True,False
34,TEAM HANQI,Luperto,D,6.5,6.5,True,False
34,TEAM HANQI,Diego Carlos,D,6.0,6.0,True,False
34,TEAM HANQI,Rrahmani,D,5.5,5.5,True,False
34,TEAM HANQI,Baturina,C,6.5,6.5,True,False
34,TEAM HANQI,Paz N.,C,6.0,6.0,True,False
34,TEAM HANQI,Luis Henrique,C,6.0,6.0,True,False
34,TEAM HANQI,Orsolini,C,7.0,9.0,True,False
34,TEAM HANQI,Solomon,A,6.0,6.0,True,False
34,TEAM HANQI,Raspadori,A,7.0,11.0,True,False
34,TEAM HANQI,Silvestri,P,,,False,True
34,TEAM HANQI,Fruchtl,P,,,False,True
34,TEAM HANQI,Beukema,D,,,False,True
34,TEAM HANQI,Ziolkowski,D,,,False,True
34,TEAM HANQI,Holm,D,6.0,6.0,False,True
34,TEAM HANQI,Mazzocchi,D,,,False,True
34,TEAM HANQI,El Aynaoui,C,6.0,6.0,False,True
34,TEAM HANQI,Strefezza,C,7.0,9.5,False,True
34,TEAM HANQI,Prati,C,5.5,5.0,False,True
34,TEAM HANQI,Diouf,C,7.0,7.0,False,True
34,TEAM HANQI,Gueye,A,6.5,9.5,False,True
34,TEAM HANQI,Okereke,A,7.0,10.0,False,True
34,TEAM HANQI,Durosinmi,A,,,False,True
34,TEAM HANQI,Fullkrug,A,6.0,6.0,False,True
34,VRHELPME,Di Gregorio,P,6.5,7.5,True,False
34,VRHELPME,Dimarco,D,,,False,False
34,VRHELPME,Kelly L.,D,6.5,6.5,True,False
34,VRHELPME,Vasquez,D,,,False,False
34,VRHELPME,Angori,D,6.0,6.0,True,False
34,VRHELPME,McKennie,C,6.0,6.0,True,False
34,VRHELPME,Elmas,C,6.0,6.0,True,False
34,VRHELPME,Koopmeiners,C,5.5,5.5,True,False
34,VRHELPME,Berardi,A,6.0,6.0,True,False
34,VRHELPME,Malen,A,7.5,13.5,True,False
34,VRHELPME,Scamacca,A,,,False,False
34,VRHELPME,Perin,P,,,False,True
34,VRHELPME,Valeri,D,6.5,6.5,True,True
34,VRHELPME,Gallo,D,6.0,6.0,True,True
34,VRHELPME,Djimsiti,D,,,False,True
34,VRHELPME,Nelsson,D,5.5,5.5,False,True
34,VRHELPME,Ilkhan,C,6.5,6.5,False,True
34,VRHELPME,Miller L.,C,6.0,6.0,False,True
34,VRHELPME,Loftus-Cheek,C,5.0,5.0,False,True
34,VRHELPME,Modric,C,,,False,True
34,VRHELPME,Calhanoglu,C,,,False,True
34,VRHELPME,Vitinha O.,A,5.5,5.5,True,True
34,VRHELPME,Davis K.,A,6.0,7.0,False,True
34,VRHELPME,Arena A.,A,,,False,True
34,VRHELPME,Pinsoglio,P,,,False,True
34,NI99ER NO.1,Milinkovic-Savic V.,P,5.5,2.5,True,False
34,NI99ER NO.1,Wesley,D,5.5,5.5,True,False
34,NI99ER NO.1,Ostigard,D,6.5,6.5,True,False
34,NI99ER NO.1,Bremer,D,6.5,6.5,True,False
34,NI99ER NO.1,Gabbia,D,5.0,5.0,True,False
34,NI99ER NO.1,Rabiot,C,5.5,5.5,True,False
34,NI99ER NO.1,Zielinski,C,,,False,False
34,NI99ER NO.1,Basic,C,5.5,5.5,True,False
34,NI99ER NO.1,David,A,,,False,False
34,NI99ER NO.1,Thuram,A,7.0,8.0,True,False
34,NI99ER NO.1,Leao,A,4.5,4.0,True,False
34,NI99ER NO.1,Rensch,D,7.5,10.5,False,True
34,NI99ER NO.1,Norton-Cuffy,D,,,False,True
34,NI99ER NO.1,Heggem,D,,,False,True
34,NI99ER NO.1,Ahanor,D,5.5,5.5,False,True
34,NI99ER NO.1,Cataldi,C,,,False,True
34,NI99ER NO.1,Pasalic,C,5.5,5.5,True,True
34,NI99ER NO.1,Mkhitaryan,C,7.0,9.5,False,True
34,NI99ER NO.1,Tramoni M.,C,,,False,True
34,NI99ER NO.1,Ondrejka,C,,,False,True
34,NI99ER NO.1,Laurientè,A,5.5,5.5,True,True
34,NI99ER NO.1,Openda,A,,,False,True
34,NI99ER NO.1,Giovane,A,6.5,6.5,False,True
34,NI99ER NO.1,Meret,P,,,False,True
34,NI99ER NO.1,Contini,P,,,False,True
34,ULTRAMENG,Butez,P,6.0,7.0,True,False
34,ULTRAMENG,Angelino,D,,,False,False
34,ULTRAMENG,N'Dicka,D,5.0,5.0,True,False
34,ULTRAMENG,Buongiorno,D,5.5,5.5,True,False
34,ULTRAMENG,Mina,D,,,False,False
34,ULTRAMENG,Neres,C,,,False,False
34,ULTRAMENG,Ferguson,C,6.0,6.0,True,False
34,ULTRAMENG,De Bruyne,C,,,False,False
34,ULTRAMENG,Saelemaekers,C,5.0,4.5,True,False
34,ULTRAMENG,Camarda,A,5.5,5.5,True,False
34,ULTRAMENG,Douvikas,A,7.0,11.0,True,False
34,ULTRAMENG,Vigorito,P,,,False,True
34,ULTRAMENG,Cavlina,P,,,False,True
34,ULTRAMENG,Celik,D,6.0,6.0,True,True
34,ULTRAMENG,Kalulu,D,6.0,6.0,True,True
34,ULTRAMENG,Kossounou,D,,,False,True
34,ULTRAMENG,Ghilardi,D,6.5,6.5,False,True
34,ULTRAMENG,Sottil,C,,,False,True
34,ULTRAMENG,Rowe,C,7.0,11.0,True,True
34,ULTRAMENG,Conceicao,C,6.0,5.5,True,True
34,ULTRAMENG,Jashari,C,,,False,True
34,ULTRAMENG,Nkunku,A,7.0,9.0,False,True
34,ULTRAMENG,Simeone,A,7.0,10.0,False,True
34,ULTRAMENG,Adams C.,A,,,False,True
34,ULTRAMENG,Lukaku,A,,,False,True
34,KOKOMO,Motta,P,6.0,3.0,True,False
34,KOKOMO,Delprato,D,5.0,5.0,True,False
34,KOKOMO,Bisseck,D,6.5,6.5,True,False
34,KOKOMO,Mancini,D,5.5,5.5,True,False
34,KOKOMO,McTominay,C,6.0,6.0,True,False
34,KOKOMO,Barella,C,6.5,6.5,True,False
34,KOKOMO,Locatelli,C,6.0,6.0,True,False
34,KOKOMO,Matic,C,6.0,6.0,True,False
34,KOKOMO,Odgaard,C,,,False,False
34,KOKOMO,Boga,A,,,False,False
34,KOKOMO,Dybala,A,7.0,8.0,True,False
34,KOKOMO,Furlanetto,P,,,False,True
34,KOKOMO,Biraghi,D,,,False,True
34,KOKOMO,Baschirotto,D,,,False,True
34,KOKOMO,Rugani,D,,,False,True
34,KOKOMO,Pavlovic,D,6.0,9.0,False,True
34,KOKOMO,Tomori,D,,,False,True
34,KOKOMO,Miretti,C,,,False,True
34,KOKOMO,Vergara,C,,,False,True
34,KOKOMO,Adzic,C,,,False,True
34,KOKOMO,Vaz,A,,,False,True
34,KOKOMO,Dallinga,A,,,False,True
34,KOKOMO,Dovbyk,A,,,False,True
34,KOKOMO,Trepy,A,,,False,True
34,7UPEVERYDAY,Maignan,P,5.5,2.5,True,False
34,7UPEVERYDAY,Olivera,D,,,False,False
34,7UPEVERYDAY,Spinazzola,D,5.5,5.5,True,False
34,7UPEVERYDAY,Joao Mario,D,5.5,5.0,True,False
34,7UPEVERYDAY,Gutierrez,D,6.0,6.0,True,False
34,7UPEVERYDAY,Zaragoza,C,,,False,False
34,7UPEVERYDAY,Taylor K.,C,,,False,False
34,7UPEVERYDAY,Zaniolo,C,6.0,6.0,True,False
34,7UPEVERYDAY,Bonny,A,6.5,7.5,True,False
34,7UPEVERYDAY,Esposito F.P.,A,,,False,False
34,7UPEVERYDAY,Kean,A,,,False,False
34,7UPEVERYDAY,Terracciano,P,,,False,True
34,7UPEVERYDAY,Torriani,P,,,False,True
34,7UPEVERYDAY,Doig,D,5.5,5.5,True,True
34,7UPEVERYDAY,Valle,D,6.0,6.0,False,True
34,7UPEVERYDAY,Hien,D,6.5,6.0,False,True
34,7UPEVERYDAY,Arizala,D,,,False,True
34,7UPEVERYDAY,Volpato,C,6.5,6.5,True,True
34,7UPEVERYDAY,Ekkelenkamp,C,,,False,True
34,7UPEVERYDAY,Fofana Y.,C,5.5,5.5,True,True
34,7UPEVERYDAY,Zambo Anguissa,C,,,False,True
34,7UPEVERYDAY,Baldanzi,C,,,False,True
34,7UPEVERYDAY,Vardy,A,7.0,11.0,True,True
34,7UPEVERYDAY,De Ketelaere,A,6.5,6.5,True,True
34,7UPEVERYDAY,Meister,A,5.5,5.5,False,True
35,VRHELPME,Di Gregorio,P,5.5,3.5,True,False
35,VRHELPME,Dimarco,D,5.5,5.5,True,False
35,VRHELPME,Kelly L.,D,6.0,6.0,True,False
35,VRHELPME,Gallo,D,5.5,5.0,True,False
35,VRHELPME,Valeri,D,6.0,6.0,True,False
35,VRHELPME,McKennie,C,5.5,5.5,True,False
35,VRHELPME,Elmas,C,6.5,7.0,True,False
35,VRHELPME,Calhanoglu,C,,,False,False
35,VRHELPME,Berardi,A,6.5,6.5,True,False
35,VRHELPME,Malen,A,6.5,6.5,True,False
35,VRHELPME,Davis K.,A,5.5,5.5,True,False
35,VRHELPME,Perin,P,,,False,True
35,VRHELPME,Angori,D,5.0,5.0,False,True
35,VRHELPME,Vasquez,D,7.0,10.0,False,True
35,VRHELPME,Djimsiti,D,6.0,6.0,False,True
35,VRHELPME,Nelsson,D,6.5,6.5,False,True
35,VRHELPME,Loftus-Cheek,C,,,False,True
35,VRHELPME,Ilkhan,C,5.5,5.5,True,True
35,VRHELPME,Miller L.,C,5.5,5.5,False,True
35,VRHELPME,Koopmeiners,C,5.0,5.0,False,True
35,VRHELPME,Modric,C,,,False,True
35,VRHELPME,Scamacca,A,,,False,True
35,VRHELPME,Vitinha O.,A,6.0,5.5,False,True
35,VRHELPME,Arena A.,A,,,False,True
35,VRHELPME,Pinsoglio,P,,,False,True
35,ULTRAMENG,Butez,P,6.5,7.5,True,False
35,ULTRAMENG,Angelino,D,,,False,False
35,ULTRAMENG,N'Dicka,D,6.0,6.0,True,False
35,ULTRAMENG,Buongiorno,D,5.5,5.5,True,False
35,ULTRAMENG,Mina,D,7.0,11.0,True,False
35,ULTRAMENG,Neres,C,,,False,False
35,ULTRAMENG,Ferguson,C,5.5,5.5,True,False
35,ULTRAMENG,De Bruyne,C,6.5,6.5,True,False
35,ULTRAMENG,Saelemaekers,C,,,False,False
35,ULTRAMENG,Camarda,A,,,False,False
35,ULTRAMENG,Douvikas,A,6.0,6.0,True,False
35,ULTRAMENG,Vigorito,P,,,False,True
35,ULTRAMENG,Cavlina,P,,,False,True
35,ULTRAMENG,Celik,D,6.0,6.0,True,True
35,ULTRAMENG,Kalulu,D,5.5,5.5,False,True
35,ULTRAMENG,Kossounou,D,,,False,True
35,ULTRAMENG,Ghilardi,D,,,False,True
35,ULTRAMENG,Sottil,C,,,False,True
35,ULTRAMENG,Rowe,C,6.5,7.5,True,True
35,ULTRAMENG,Conceicao,C,6.0,6.0,True,True
35,ULTRAMENG,Jashari,C,6.0,6.0,False,True
35,ULTRAMENG,Nkunku,A,7.0,9.0,True,True
35,ULTRAMENG,Simeone,A,5.0,5.0,False,True
35,ULTRAMENG,Adams C.,A,5.5,5.5,False,True
35,ULTRAMENG,Lukaku,A,,,False,True
35,TEAM HANQI,Falcone,P,6.0,4.0,True,False
35,TEAM HANQI,Luperto,D,6.5,6.5,True,False
35,TEAM HANQI,Rrahmani,D,7.0,10.0,True,False
35,TEAM HANQI,Beukema,D,6.0,6.0,True,False
35,TEAM HANQI,Strefezza,C,5.0,5.0,True,False
35,TEAM HANQI,Baturina,C,6.5,6.5,True,False
35,TEAM HANQI,El Aynaoui,C,6.0,6.0,True,False
35,TEAM HANQI,Luis Henrique,C,5.5,5.5,True,False
35,TEAM HANQI,Orsolini,C,7.0,11.0,True,False
35,TEAM HANQI,Gueye,A,6.0,6.0,True,False
35,TEAM HANQI,Raspadori,A,5.5,5.5,True,False
35,TEAM HANQI,Silvestri,P,,,False,True
35,TEAM HANQI,Fruchtl,P,,,False,True
35,TEAM HANQI,Bartesaghi,D,6.0,6.0,False,True
35,TEAM HANQI,Holm,D,,,False,True
35,TEAM HANQI,Diego Carlos,D,,,False,True
35,TEAM HANQI,Ziolkowski,D,,,False,True
35,TEAM HANQI,Mazzocchi,D,6.5,7.5,False,True
35,TEAM HANQI,Diouf,C,6.0,6.0,False,True
35,TEAM HANQI,Prati,C,5.5,6.0,False,True
35,TEAM HANQI,Solomon,A,6.5,7.5,False,True
35,TEAM HANQI,Fullkrug,A,6.0,6.0,False,True
35,TEAM HANQI,Okereke,A,6.0,6.0,False,True
35,TEAM HANQI,Durosinmi,A,,,False,True
35,SIR CROCODILE,Svilar,P,6.0,7.0,True,False
35,SIR CROCODILE,Ranieri L.,D,6.5,5.5,True,False
35,SIR CROCODILE,Solet,D,6.5,6.5,True,False
35,SIR CROCODILE,Kristensen T.,D,6.0,6.0,True,False
35,SIR CROCODILE,Zalewski,C,5.5,5.5,True,False
35,SIR CROCODILE,Cristante,C,6.5,6.5,True,False
35,SIR CROCODILE,Pisilli,C,6.5,7.5,True,False
35,SIR CROCODILE,Da Cunha,C,6.5,6.5,True,False
35,SIR CROCODILE,Castro S.,A,5.5,5.5,True,False
35,SIR CROCODILE,Esposito Se.,A,7.0,10.0,True,False
35,SIR CROCODILE,Vlahovic,A,5.0,5.0,True,False
35,SIR CROCODILE,Gollini,P,,,False,True
35,SIR CROCODILE,Leali,P,,,False,True
35,SIR CROCODILE,Dodò,D,6.5,6.5,False,True
35,SIR CROCODILE,Zortea,D,,,False,True
35,SIR CROCODILE,Bellanova,D,,,False,True
35,SIR CROCODILE,Bastoni,D,,,False,True
35,SIR CROCODILE,Terracciano F.,D,6.5,6.5,False,True
35,SIR CROCODILE,Gaetano,C,6.5,7.5,False,True
35,SIR CROCODILE,Thuram K.,C,5.5,5.5,False,True
35,SIR CROCODILE,Mandragora,C,7.0,10.0,False,True
35,SIR CROCODILE,Frattesi,C,,,False,True
35,SIR CROCODILE,Rodriguez Je.,A,7.0,8.0,False,True
35,SIR CROCODILE,Pinamonti,A,7.0,10.0,False,True
35,SIR CROCODILE,Kilicsoy,A,,,False,True
35,KOKOMO,Furlanetto,P,6.5,4.5,True,False
35,KOKOMO,Delprato,D,5.5,5.5,True,False
35,KOKOMO,Bisseck,D,,,False,False
35,KOKOMO,Mancini,D,8.0,15.0,True,False
35,KOKOMO,Baschirotto,D,,,False,False
35,KOKOMO,McTominay,C,7.0,11.0,True,False
35,KOKOMO,Barella,C,,,False,False
35,KOKOMO,Locatelli,C,5.5,5.5,True,False
35,KOKOMO,Odgaard,C,,,False,False
35,KOKOMO,Boga,A,6.0,6.0,True,False
35,KOKOMO,Dybala,A,7.0,8.0,True,False
35,KOKOMO,Provedel,P,,,False,True
35,KOKOMO,Motta,P,,,False,True
35,KOKOMO,Biraghi,D,,,False,True
35,KOKOMO,Rugani,D,,,False,True
35,KOKOMO,Pavlovic,D,6.0,6.0,True,True
35,KOKOMO,Tomori,D,6.0,5.5,True,True
35,KOKOMO,Matic,C,5.5,5.5,True,True
35,KOKOMO,Miretti,C,,,False,True
35,KOKOMO,Vergara,C,,,False,True
35,KOKOMO,Adzic,C,,,False,True
35,KOKOMO,Dovbyk,A,6.0,6.0,False,True
35,KOKOMO,Dallinga,A,6.0,6.0,False,True
35,KOKOMO,Vaz,A,,,False,True
35,KOKOMO,Trepy,A,,,False,True
35,TEAM ZTOTTI,Sommer,P,6.5,7.5,True,False
35,TEAM ZTOTTI,Miranda J.,D,6.5,6.5,True,False
35,TEAM ZTOTTI,Acerbi,D,6.0,6.0,True,False
35,TEAM ZTOTTI,Hermoso,D,6.5,6.0,True,False
35,TEAM ZTOTTI,Palestra,D,6.5,6.5,True,False
35,TEAM ZTOTTI,Atta,C,5.0,5.0,True,False
35,TEAM ZTOTTI,Sucic P.,C,6.5,6.5,True,False
35,TEAM ZTOTTI,Konè I.,C,5.5,5.5,True,False
35,TEAM ZTOTTI,Colombo,A,5.5,5.5,True,False
35,TEAM ZTOTTI,Martinez L.,A,5.5,5.5,True,False
35,TEAM ZTOTTI,Soulè,A,6.0,6.0,True,False
35,TEAM ZTOTTI,Caprile,P,6.5,5.5,False,True
35,TEAM ZTOTTI,Ciocci,P,,,False,True
35,TEAM ZTOTTI,Belghali,D,6.0,6.0,False,True
35,TEAM ZTOTTI,Marianucci,D,5.5,5.5,False,True
35,TEAM ZTOTTI,Juan Jesus,D,,,False,True
35,TEAM ZTOTTI,Diao,A,5.5,5.5,False,True
35,TEAM ZTOTTI,Isaac,A,,,False,True
35,7UPEVERYDAY,Maignan,P,6.5,5.5,True,False
35,7UPEVERYDAY,Olivera,D,6.0,6.0,True,False
35,7UPEVERYDAY,Spinazzola,D,6.0,6.0,True,False
35,7UPEVERYDAY,Joao Mario,D,6.0,6.0,True,False
35,7UPEVERYDAY,Gutierrez,D,,,False,False
35,7UPEVERYDAY,Zaragoza,C,,,False,False
35,7UPEVERYDAY,Taylor K.,C,5.5,5.0,True,False
35,7UPEVERYDAY,Zaniolo,C,,,False,False
35,7UPEVERYDAY,Bonny,A,6.5,6.5,True,False
35,7UPEVERYDAY,Esposito F.P.,A,5.5,5.5,True,False
35,7UPEVERYDAY,Kean,A,,,False,False
35,7UPEVERYDAY,Terracciano,P,,,False,True
35,7UPEVERYDAY,Torriani,P,,,False,True
35,7UPEVERYDAY,Doig,D,,,False,True
35,7UPEVERYDAY,Valle,D,,,False,True
35,7UPEVERYDAY,Hien,D,,,False,True
35,7UPEVERYDAY,Arizala,D,5.5,5.5,True,True
35,7UPEVERYDAY,Volpato,C,5.0,5.0,True,True
35,7UPEVERYDAY,Ekkelenkamp,C,,,False,True
35,7UPEVERYDAY,Fofana Y.,C,5.5,5.5,True,True
35,7UPEVERYDAY,Zambo Anguissa,C,,,False,True
35,7UPEVERYDAY,Baldanzi,C,6.0,6.0,False,True
35,7UPEVERYDAY,Vardy,A,7.0,11.0,True,True
35,7UPEVERYDAY,De Ketelaere,A,6.0,6.0,False,True
35,7UPEVERYDAY,Meister,A,5.5,5.5,False,True
35,ROMAZDA,Paleari,P,6.0,4.0,True,False
35,ROMAZDA,Zappacosta,D,5.5,5.5,True,False
35,ROMAZDA,Carlos Augusto,D,5.5,5.5,True,False
35,ROMAZDA,Dumfries,D,,,False,False
35,ROMAZDA,Santos A.,C,6.0,5.5,True,False
35,ROMAZDA,Thorstvedt,C,6.0,6.0,True,False
35,ROMAZDA,Ederson D.S.,C,6.0,6.0,True,False
35,ROMAZDA,Vlasic,C,5.5,5.5,True,False
35,ROMAZDA,Yildiz,A,5.5,5.5,True,False
35,ROMAZDA,Krstovic,A,5.0,5.0,True,False
35,ROMAZDA,Piccoli,A,6.0,6.0,True,False
35,ROMAZDA,Kulenovic,A,,,False,True
35,ROMAZDA,Ratkov,A,,,False,True
35,ROMAZDA,Ferguson E.,A,,,False,True
35,ROMAZDA,Gudmundsson A.,C,6.0,5.5,False,True
35,ROMAZDA,Maldini,C,5.5,5.5,False,True
35,ROMAZDA,Pellegrini Lo.,C,,,False,True
35,ROMAZDA,Zaccagni,C,,,False,True
35,ROMAZDA,Cambiaso,D,5.5,5.5,True,True
35,ROMAZDA,Akanji,D,,,False,True
35,ROMAZDA,Muharemovic,D,5.5,5.0,False,True
35,ROMAZDA,Martin,D,,,False,True
35,ROMAZDA,Raterink,D,,,False,True
35,ROMAZDA,Skorupski,P,6.5,7.5,False,True
35,ROMAZDA,Bijlow,P,5.5,3.0,False,True
35,XIAOYEZI,Carnesecchi,P,6.5,5.5,True,False
35,XIAOYEZI,Ramon,D,6.5,6.0,True,False
35,XIAOYEZI,Parisi,D,6.0,6.0,True,False
35,XIAOYEZI,Gosens,D,5.5,5.5,True,False
35,XIAOYEZI,Vojvoda,D,,,False,False
35,XIAOYEZI,Pulisic,C,6.5,7.5,True,False
35,XIAOYEZI,Malinovskyi,C,5.5,5.5,True,False
35,XIAOYEZI,Isaksen,C,5.5,5.5,True,False
35,XIAOYEZI,Fagioli,C,6.5,6.5,True,False
35,XIAOYEZI,Zapata D.,A,5.5,5.5,True,False
35,XIAOYEZI,Hojlund,A,7.5,11.5,True,False
35,XIAOYEZI,Pellegrino M.,A,5.5,5.5,False,True
35,XIAOYEZI,Coco,D,5.0,5.0,True,True
35,XIAOYEZI,Lazaro,D,,,False,True
35,XIAOYEZI,Troilo,D,5.5,5.5,False,True
35,XIAOYEZI,Orban G.,A,,,False,True
35,XIAOYEZI,Morata,A,,,False,True
35,XIAOYEZI,Casadei,C,6.0,6.0,False,True
35,XIAOYEZI,Frendrup,C,6.0,6.0,False,True
35,XIAOYEZI,De Roon,C,6.0,6.0,False,True
35,XIAOYEZI,Rovella,C,4.5,3.5,False,True
35,XIAOYEZI,Rossi F.,P,,,False,True
35,XIAOYEZI,Sportiello,P,,,False,True
35,XIAOYEZI,Addai,A,,,False,True
35,XIAOYEZI,Scalvini,D,5.5,5.5,False,True
35,NI99ER NO.1,Milinkovic-Savic V.,P,,,False,False
35,NI99ER NO.1,Wesley,D,5.0,4.0,True,False
35,NI99ER NO.1,Gabbia,D,6.0,5.5,True,False
35,NI99ER NO.1,Bremer,D,6.0,5.5,True,False
35,NI99ER NO.1,Ahanor,D,6.0,6.0,True,False
35,NI99ER NO.1,Zielinski,C,6.0,6.0,True,False
35,NI99ER NO.1,Rabiot,C,6.0,6.0,True,False
35,NI99ER NO.1,Mkhitaryan,C,5.5,5.5,True,False
35,NI99ER NO.1,David,A,,,False,False
35,NI99ER NO.1,Thuram,A,,,False,False
35,NI99ER NO.1,Laurientè,A,7.0,10.0,True,False
35,NI99ER NO.1,Rensch,D,6.0,6.0,False,True
35,NI99ER NO.1,Ostigard,D,,,False,True
35,NI99ER NO.1,Norton-Cuffy,D,,,False,True
35,NI99ER NO.1,Heggem,D,6.5,6.5,False,True
35,NI99ER NO.1,Pasalic,C,5.5,5.0,False,True
35,NI99ER NO.1,Basic,C,5.5,5.5,False,True
35,NI99ER NO.1,Cataldi,C,,,False,True
35,NI99ER NO.1,Tramoni M.,C,,,False,True
35,NI99ER NO.1,Ondrejka,C,,,False,True
35,NI99ER NO.1,Giovane,A,,,False,True
35,NI99ER NO.1,Leao,A,,,False,True
35,NI99ER NO.1,Openda,A,,,False,True
35,NI99ER NO.1,Meret,P,7.0,8.0,True,True
35,NI99ER NO.1,Contini,P,,,False,True
36,ULTRAMENG,Butez,P,6.0,5.0,True,False
36,ULTRAMENG,Angelino,D,,,False,False
36,ULTRAMENG,N'Dicka,D,,,False,False
36,ULTRAMENG,Buongiorno,D,,,False,False
36,ULTRAMENG,Mina,D,6.5,7.5,True,False
36,ULTRAMENG,Neres,C,,,False,False
36,ULTRAMENG,Ferguson,C,6.0,6.0,True,False
36,ULTRAMENG,De Bruyne,C,6.5,7.5,True,False
36,ULTRAMENG,Saelemaekers,C,7.0,10.0,True,False
36,ULTRAMENG,Camarda,A,,,False,False
36,ULTRAMENG,Douvikas,A,7.0,11.0,True,False
36,ULTRAMENG,Vigorito,P,,,False,True
36,ULTRAMENG,Cavlina,P,,,False,True
36,ULTRAMENG,Celik,D,6.5,6.5,True,True
36,ULTRAMENG,Kalulu,D,6.0,5.5,True,True
36,ULTRAMENG,Kossounou,D,,,False,True
36,ULTRAMENG,Ghilardi,D,5.5,5.5,True,True
36,ULTRAMENG,Sottil,C,,,False,True
36,ULTRAMENG,Rowe,C,6.5,6.5,True,True
36,ULTRAMENG,Conceicao,C,6.5,7.5,False,True
36,ULTRAMENG,Jashari,C,5.0,5.0,False,True
36,ULTRAMENG,Nkunku,A,5.0,5.0,True,True
36,ULTRAMENG,Simeone,A,6.0,6.0,False,True
36,ULTRAMENG,Adams C.,A,7.0,11.0,False,True
36,ULTRAMENG,Lukaku,A,,,False,True
36,7UPEVERYDAY,Maignan,P,7.0,4.5,True,False
36,7UPEVERYDAY,Olivera,D,6.5,6.5,True,False
36,7UPEVERYDAY,Spinazzola,D,,,False,False
36,7UPEVERYDAY,Joao Mario,D,,,False,False
36,7UPEVERYDAY,Gutierrez,D,6.5,6.5,True,False
36,7UPEVERYDAY,Zambo Anguissa,C,,,False,False
36,7UPEVERYDAY,Baldanzi,C,,,False,False
36,7UPEVERYDAY,Fofana Y.,C,5.0,5.0,True,False
36,7UPEVERYDAY,Bonny,A,6.0,6.0,True,False
36,7UPEVERYDAY,Esposito F.P.,A,6.5,9.5,True,False
36,7UPEVERYDAY,Vardy,A,6.0,5.5,True,False
36,7UPEVERYDAY,Terracciano,P,,,False,True
36,7UPEVERYDAY,Torriani,P,,,False,True
36,7UPEVERYDAY,Hien,D,6.5,6.5,True,True
36,7UPEVERYDAY,Doig,D,,,False,True
36,7UPEVERYDAY,Arizala,D,,,False,True
36,7UPEVERYDAY,Valle,D,,,False,True
36,7UPEVERYDAY,Volpato,C,,,False,True
36,7UPEVERYDAY,Ekkelenkamp,C,,,False,True
36,7UPEVERYDAY,Zaniolo,C,,,False,True
36,7UPEVERYDAY,Zaragoza,C,,,False,True
36,7UPEVERYDAY,Taylor K.,C,,,False,True
36,7UPEVERYDAY,De Ketelaere,A,6.0,6.0,False,True
36,7UPEVERYDAY,Meister,A,,,False,True
36,7UPEVERYDAY,Kean,A,,,False,True
36,TEAM ZTOTTI,Caprile,P,6.0,5.0,True,False
36,TEAM ZTOTTI,Miranda J.,D,5.5,5.5,True,False
36,TEAM ZTOTTI,Hermoso,D,6.5,6.5,True,False
36,TEAM ZTOTTI,Acerbi,D,,,False,False
36,TEAM ZTOTTI,Palestra,D,6.5,6.5,True,False
36,TEAM ZTOTTI,Konè M.,C,6.0,6.0,True,False
36,TEAM ZTOTTI,Atta,C,6.5,6.5,True,False
36,TEAM ZTOTTI,Konè I.,C,6.5,6.5,True,False
36,TEAM ZTOTTI,Soulè,A,6.0,6.0,True,False
36,TEAM ZTOTTI,Martinez L.,A,5.5,5.0,True,False
36,TEAM ZTOTTI,Diao,A,6.5,6.5,True,False
36,TEAM ZTOTTI,Sommer,P,,,False,True
36,TEAM ZTOTTI,Ciocci,P,,,False,True
36,TEAM ZTOTTI,Marianucci,D,,,False,True
36,TEAM ZTOTTI,Juan Jesus,D,6.0,6.0,True,True
36,TEAM ZTOTTI,Belghali,D,6.0,6.0,False,True
36,TEAM ZTOTTI,Sucic P.,C,5.5,5.5,False,True
36,TEAM ZTOTTI,Politano,C,6.0,6.0,False,True
36,TEAM ZTOTTI,Colombo,A,6.0,6.0,False,True
36,TEAM ZTOTTI,Isaac,A,,,False,True
36,XIAOYEZI,Carnesecchi,P,,,False,False
36,XIAOYEZI,Ramon,D,5.5,5.5,True,False
36,XIAOYEZI,Parisi,D,,,False,False
36,XIAOYEZI,Gosens,D,6.0,6.0,True,False
36,XIAOYEZI,Vojvoda,D,,,False,False
36,XIAOYEZI,Pulisic,C,5.0,5.0,True,False
36,XIAOYEZI,Malinovskyi,C,,,False,False
36,XIAOYEZI,Isaksen,C,,,False,False
36,XIAOYEZI,Zapata D.,A,5.5,5.5,True,False
36,XIAOYEZI,Hojlund,A,7.5,11.5,True,False
36,XIAOYEZI,Pellegrino M.,A,7.0,11.0,True,False
36,XIAOYEZI,Troilo,D,6.0,6.0,True,True
36,XIAOYEZI,Scalvini,D,6.0,6.0,True,True
36,XIAOYEZI,Coco,D,5.0,5.0,False,True
36,XIAOYEZI,Lazaro,D,,,False,True
36,XIAOYEZI,Orban G.,A,,,False,True
36,XIAOYEZI,Morata,A,,,False,True
36,XIAOYEZI,Fagioli,C,,,False,True
36,XIAOYEZI,Casadei,C,7.5,10.5,True,True
36,XIAOYEZI,Frendrup,C,5.5,5.5,True,True
36,XIAOYEZI,De Roon,C,6.0,6.0,False,True
36,XIAOYEZI,Rovella,C,,,False,True
36,XIAOYEZI,Rossi F.,P,,,False,True
36,XIAOYEZI,Sportiello,P,5.5,4.5,True,True
36,XIAOYEZI,Addai,A,,,False,True
36,ROMAZDA,Bijlow,P,,,False,False
36,ROMAZDA,Zappacosta,D,6.5,6.5,True,False
36,ROMAZDA,Carlos Augusto,D,6.0,6.0,True,False
36,ROMAZDA,Cambiaso,D,5.5,5.5,True,False
36,ROMAZDA,Santos A.,C,,,False,False
36,ROMAZDA,Thorstvedt,C,5.5,5.0,True,False
36,ROMAZDA,Ederson D.S.,C,,,False,False
36,ROMAZDA,Vlasic,C,6.0,6.0,True,False
36,ROMAZDA,Yildiz,A,,,False,False
36,ROMAZDA,Krstovic,A,,,False,False
36,ROMAZDA,Piccoli,A,7.0,10.0,True,False
36,ROMAZDA,Kulenovic,A,,,False,True
36,ROMAZDA,Ratkov,A,,,False,True
36,ROMAZDA,Ferguson E.,A,,,False,True
36,ROMAZDA,Maldini,C,6.0,6.0,True,True
36,ROMAZDA,Gudmundsson A.,C,6.0,6.0,True,True
36,ROMAZDA,Pellegrini Lo.,C,,,False,True
36,ROMAZDA,Zaccagni,C,,,False,True
36,ROMAZDA,Martin,D,6.0,6.0,False,True
36,ROMAZDA,Muharemovic,D,,,False,True
36,ROMAZDA,Raterink,D,,,False,True
36,ROMAZDA,Akanji,D,,,False,True
36,ROMAZDA,Dumfries,D,,,False,True
36,ROMAZDA,Skorupski,P,6.0,3.0,True,True
36,ROMAZDA,Paleari,P,6.5,4.5,False,True
36,TEAM HANQI,Falcone,P,6.5,7.5,True,False
36,TEAM HANQI,Luperto,D,4.5,4.5,True,False
36,TEAM HANQI,Rrahmani,D,6.5,6.5,True,False
36,TEAM HANQI,Beukema,D,,,False,False
36,TEAM HANQI,Paz N.,C,,,False,False
36,TEAM HANQI,Baturina,C,6.0,6.0,True,False
36,TEAM HANQI,Prati,C,6.5,6.5,True,False
36,TEAM HANQI,Luis Henrique,C,6.0,6.0,True,False
36,TEAM HANQI,Solomon,A,,,False,False
36,TEAM HANQI,Okereke,A,,,False,False
36,TEAM HANQI,Raspadori,A,6.0,6.0,True,False
36,TEAM HANQI,Silvestri,P,,,False,True
36,TEAM HANQI,Fruchtl,P,,,False,True
36,TEAM HANQI,Ziolkowski,D,5.5,5.0,True,True
36,TEAM HANQI,Bartesaghi,D,5.5,5.5,False,True
36,TEAM HANQI,Diego Carlos,D,,,False,True
36,TEAM HANQI,Holm,D,5.5,5.5,False,True
36,TEAM HANQI,Mazzocchi,D,,,False,True
36,TEAM HANQI,El Aynaoui,C,6.0,6.0,True,True
36,TEAM HANQI,Diouf,C,7.0,11.0,False,True
36,TEAM HANQI,Strefezza,C,,,False,True
36,TEAM HANQI,Fullkrug,A,5.5,5.5,True,True
36,TEAM HANQI,Gueye,A,6.0,6.0,True,True
36,TEAM HANQI,Durosinmi,A,,,False,True
36,NI99ER NO.1,Milinkovic-Savic V.,P,,,False,False
36,NI99ER NO.1,Ahanor,D,5.5,5.0,True,False
36,NI99ER NO.1,Gabbia,D,5.5,5.5,True,False
36,NI99ER NO.1,Rensch,D,6.5,6.5,True,False
36,NI99ER NO.1,Cataldi,C,,,False,False
36,NI99ER NO.1,Zielinski,C,5.0,3.0,True,False
36,NI99ER NO.1,Rabiot,C,5.5,5.5,True,False
36,NI99ER NO.1,Basic,C,6.0,6.0,True,False
36,NI99ER NO.1,Mkhitaryan,C,6.0,5.5,True,False
36,NI99ER NO.1,Leao,A,6.0,6.0,True,False
36,NI99ER NO.1,Laurientè,A,5.0,5.0,True,False
36,NI99ER NO.1,Bremer,D,,,False,True
36,NI99ER NO.1,Wesley,D,,,False,True
36,NI99ER NO.1,Norton-Cuffy,D,6.0,6.0,False,True
36,NI99ER NO.1,Ostigard,D,,,False,True
36,NI99ER NO.1,Heggem,D,,,False,True
36,NI99ER NO.1,Tramoni M.,C,,,False,True
36,NI99ER NO.1,Ondrejka,C,,,False,True
36,NI99ER NO.1,Thuram,A,,,False,True
36,NI99ER NO.1,Pasalic,C,5.5,5.5,True,True
36,NI99ER NO.1,David,A,5.5,5.5,False,True
36,NI99ER NO.1,Openda,A,,,False,True
36,NI99ER NO.1,Giovane,A,,,False,True
36,NI99ER NO.1,Meret,P,6.5,7.5,True,True
36,NI99ER NO.1,Contini,P,,,False,True
36,VRHELPME,Di Gregorio,P,,,False,False
36,VRHELPME,Dimarco,D,7.0,10.0,True,False
36,VRHELPME,Kelly L.,D,5.5,5.5,True,False
36,VRHELPME,Gallo,D,6.5,6.5,True,False
36,VRHELPME,Valeri,D,6.5,6.5,True,False
36,VRHELPME,McKennie,C,6.0,6.0,True,False
36,VRHELPME,Elmas,C,5.5,5.5,True,False
36,VRHELPME,Modric,C,6.0,6.0,True,False
36,VRHELPME,Berardi,A,6.0,6.0,True,False
36,VRHELPME,Malen,A,6.5,8.5,True,False
36,VRHELPME,Scamacca,A,,,False,False
36,VRHELPME,Perin,P,6.5,4.5,True,True
36,VRHELPME,Vasquez,D,,,False,True
36,VRHELPME,Djimsiti,D,6.0,6.0,False,True
36,VRHELPME,Angori,D,5.0,5.0,False,True
36,VRHELPME,Nelsson,D,5.5,5.5,False,True
36,VRHELPME,Koopmeiners,C,5.5,5.5,False,True
36,VRHELPME,Calhanoglu,C,,,False,True
36,VRHELPME,Loftus-Cheek,C,,,False,True
36,VRHELPME,Ilkhan,C,6.0,6.0,False,True
36,VRHELPME,Miller L.,C,6.0,5.5,False,True
36,VRHELPME,Davis K.,A,5.5,5.5,True,True
36,VRHELPME,Arena A.,A,,,False,True
36,VRHELPME,Vitinha O.,A,,,False,True
36,VRHELPME,Pinsoglio,P,,,False,True
36,SIR CROCODILE,Svilar,P,6.5,7.5,True,False
36,SIR CROCODILE,Ranieri L.,D,,,False,False
36,SIR CROCODILE,Solet,D,6.0,6.0,True,False
36,SIR CROCODILE,Kristensen T.,D,6.0,6.0,True,False
36,SIR CROCODILE,Zalewski,C,,,False,False
36,SIR CROCODILE,Cristante,C,6.0,6.0,True,False
36,SIR CROCODILE,Pisilli,C,6.0,6.0,True,False
36,SIR CROCODILE,Da Cunha,C,8.0,13.0,True,False
36,SIR CROCODILE,Castro S.,A,5.5,5.5,True,False
36,SIR CROCODILE,Esposito Se.,A,6.5,6.5,True,False
36,SIR CROCODILE,Vlahovic,A,7.5,13.5,True,False
36,SIR CROCODILE,Gollini,P,,,False,True
36,SIR CROCODILE,Leali,P,6.5,5.5,False,True
36,SIR CROCODILE,Dodò,D,6.5,6.5,True,True
36,SIR CROCODILE,Zortea,D,6.0,6.0,False,True
36,SIR CROCODILE,Bellanova,D,5.5,5.5,False,True
36,SIR CROCODILE,Bastoni,D,,,False,True
36,SIR CROCODILE,Terracciano F.,D,5.0,5.0,False,True
36,SIR CROCODILE,Gaetano,C,7.0,7.0,True,True
36,SIR CROCODILE,Thuram K.,C,6.0,7.0,False,True
36,SIR CROCODILE,Mandragora,C,6.5,6.5,False,True
36,SIR CROCODILE,Frattesi,C,,,False,True
36,SIR CROCODILE,Rodriguez Je.,A,7.5,11.0,False,True
36,SIR CROCODILE,Pinamonti,A,5.5,5.5,False,True
36,SIR CROCODILE,Kilicsoy,A,,,False,True
36,KOKOMO,Furlanetto,P,6.5,5.5,True,False
36,KOKOMO,Delprato,D,,,False,False
36,KOKOMO,Bisseck,D,5.5,5.5,True,False
36,KOKOMO,Mancini,D,6.5,6.5,True,False
36,KOKOMO,Baschirotto,D,,,False,False
36,KOKOMO,McTominay,C,5.5,5.5,True,False
36,KOKOMO,Barella,C,6.0,6.0,True,False
36,KOKOMO,Locatelli,C,5.5,5.5,True,False
36,KOKOMO,Odgaard,C,6.0,6.0,True,False
36,KOKOMO,Boga,A,6.0,6.0,True,False
36,KOKOMO,Dybala,A,8.0,10.0,True,False
36,KOKOMO,Provedel,P,,,False,True
36,KOKOMO,Motta,P,,,False,True
36,KOKOMO,Biraghi,D,,,False,True
36,KOKOMO,Rugani,D,6.0,6.0,True,True
36,KOKOMO,Pavlovic,D,5.5,5.0,True,True
36,KOKOMO,Tomori,D,5.0,5.0,False,True
36,KOKOMO,Matic,C,6.0,6.0,False,True
36,KOKOMO,Miretti,C,5.5,5.5,False,True
36,KOKOMO,Vergara,C,,,False,True
36,KOKOMO,Adzic,C,,,False,True
36,KOKOMO,Dovbyk,A,,,False,True
36,KOKOMO,Dallinga,A,,,False,True
36,KOKOMO,Vaz,A,,,False,True
36,KOKOMO,Trepy,A,,,False,True
