giornata,team,player,position,voto,fantavoto,active,on_bench
1,TEAM PC,Skorupski,P,6.0,4.5,True,False
1,TEAM PC,Baschirotto,D,5.0,5.0,True,False
1,TEAM PC,Doig,D,6.0,5.5,True,False
1,TEAM PC,Bellanova,D,6.5,6.5,True,False
1,TEAM PC,Zortea,D,5.5,5.5,True,False
1,TEAM PC,Atta,C,7.0,7.0,True,False
1,TEAM PC,Dele-Bashiru,C,5.5,5.5,True,False
1,TEAM PC,Koopmeiners,C,5.0,4.5,True,False
1,TEAM PC,Pinamonti,A,6.0,5.5,True,False
1,TEAM PC,Vlahovic,A,5.0,5.0,True,False
1,TEAM PC,Douvikas,A,6.0,6.0,True,False
1,TEAM PC,Ravaglia F.,P,,,False,True
1,TEAM PC,Pessina Mas.,P,,,False,True
1,TEAM PC,N'Dicka,D,6.0,6.0,False,True
1,TEAM PC,Acerbi,D,6.0,5.5,False,True
1,TEAM PC,Gatti,D,6.0,6.0,False,True
1,TEAM PC,Cambiaso,D,,,False,True
1,TEAM PC,Conceicao,C,,,False,True
1,TEAM PC,Rovella,C,6.0,5.5,False,True
1,TEAM PC,Sucic P.,C,,,False,True
1,TEAM PC,Anjorin,C,,,False,True
1,TEAM PC,Lorran,C,,,False,True
1,TEAM PC,Zapata D.,A,,,False,True
1,TEAM PC,Laurientè,A,6.0,6.0,False,True
1,TEAM PC,Lookman,A,,,False,True
1,HISASHI MITSUI,Leali,P,6.5,5.5,True,False
1,HISASHI MITSUI,Angelino,D,5.5,5.0,True,False
1,HISASHI MITSUI,Bastoni,D,5.5,5.5,True,False
1,HISASHI MITSUI,Buongiorno,D,6.0,6.0,True,False
1,HISASHI MITSUI,Dodò,D,6.0,6.0,True,False
1,HISASHI MITSUI,Pulisic,C,7.0,7.0,True,False
1,HISASHI MITSUI,Zambo Anguissa,C,6.5,7.5,True,False
1,HISASHI MITSUI,Thuram K.,C,7.0,10.0,True,False
1,HISASHI MITSUI,Politano,C,6.5,6.5,True,False
1,HISASHI MITSUI,Dia,A,5.5,5.5,True,False
1,HISASHI MITSUI,Dovbyk,A,,,False,False
1,HISASHI MITSUI,Siegrist,P,,,False,True
1,HISASHI MITSUI,Sommariva,P,,,False,True
1,HISASHI MITSUI,Mina,D,7.0,11.0,False,True
1,HISASHI MITSUI,Olivera,D,6.0,6.0,False,True
1,HISASHI MITSUI,Vitik,D,,,False,True
1,HISASHI MITSUI,Coco,D,6.5,6.5,False,True
1,HISASHI MITSUI,El Aynaoui,C,6.0,6.0,False,True
1,HISASHI MITSUI,Baldanzi,C,5.5,5.5,False,True
1,HISASHI MITSUI,Loftus-Cheek,C,6.5,6.5,False,True
1,HISASHI MITSUI,Fagioli,C,5.5,5.5,False,True
1,HISASHI MITSUI,Orban G.,A,6.0,6.0,True,True
1,HISASHI MITSUI,Meister,A,6.0,6.0,False,True
1,HISASHI MITSUI,Borrelli,A,6.0,6.0,False,True
1,HISASHI MITSUI,Simeone,A,7.5,11.5,False,True
1,ROMANHOLIDAY,Provedel,P,6.0,5.0,True,False
1,ROMANHOLIDAY,Carlos Augusto,D,6.5,7.5,True,False
1,ROMANHOLIDAY,Dumfries,D,6.0,6.0,True,False
1,ROMANHOLIDAY,Wesley,D,5.0,4.5,True,False
1,ROMANHOLIDAY,Vasquez,D,6.0,6.0,True,False
1,ROMANHOLIDAY,De Bruyne,C,7.0,9.0,True,False
1,ROMANHOLIDAY,Calhanoglu,C,7.5,13.5,True,False
1,ROMANHOLIDAY,Orsolini,C,5.5,5.5,True,False
1,ROMANHOLIDAY,Cancellieri,A,5.5,5.5,True,False
1,ROMANHOLIDAY,Thuram,A,7.0,10.0,True,False
1,ROMANHOLIDAY,Bonazzoli,A,5.5,5.5,True,False
1,ROMANHOLIDAY,Falcone,P,5.5,1.5,False,True
1,ROMANHOLIDAY,Vasquez D.,P,,,False,True
1,ROMANHOLIDAY,Smolcic I.,D,,,False,True
1,ROMANHOLIDAY,Pellegrini Lu.,D,,,False,True
1,ROMANHOLIDAY,Veiga D.,D,6.0,6.5,False,True
1,ROMANHOLIDAY,Nkounkou,D,,,False,True
1,ROMANHOLIDAY,Mkhitaryan,C,5.5,5.0,False,True
1,ROMANHOLIDAY,Luis Henrique,C,,,False,True
1,ROMANHOLIDAY,Kaba,C,,,False,True
1,ROMANHOLIDAY,Iannoni,C,,,False,True
1,ROMANHOLIDAY,Ndour,C,,,False,True
1,ROMANHOLIDAY,Bonny,A,5.5,5.5,False,True
1,ROMANHOLIDAY,Camarda,A,5.5,5.5,False,True
1,ROMANHOLIDAY,Ekhator,A,,,False,True
1,DTE,Sommer,P,5.0,1.0,True,False
1,DTE,Lovik,D,6.0,6.0,True,False
1,DTE,Valle,D,6.0,5.5,True,False
1,DTE,Solet,D,6.5,6.5,True,False
1,DTE,Pezzella Giu.,D,5.5,5.5,True,False
1,DTE,Zaccagni,C,6.5,6.5,True,False
1,DTE,Paz N.,C,7.0,10.0,True,False
1,DTE,Zerbin,C,5.5,5.5,True,False
1,DTE,Nkunku,A,,,False,False
1,DTE,Ferguson E.,A,5.5,5.5,True,False
1,DTE,Cutrone,A,5.0,5.0,True,False
1,DTE,Martinez Jo.,P,,,False,True
1,DTE,Di Gennaro,P,,,False,True
1,DTE,Darmian,D,,,False,True
1,DTE,Ramon,D,5.5,4.5,False,True
1,DTE,Terracciano F.,D,5.5,5.5,False,True
1,DTE,Tiago Gabriel,D,,,False,True
1,DTE,Kostic,C,,,False,True
1,DTE,Lobotka,C,6.0,6.0,False,True
1,DTE,Miller L.,C,,,False,True
1,DTE,Frendrup,C,5.5,5.5,False,True
1,DTE,Asllani,C,6.5,6.0,False,True
1,DTE,Leao,A,,,False,True
1,DTE,Gueye,A,,,False,True
1,DTE,Ekuban,A,7.0,11.0,True,True
1,GOODBYE,Di Gregorio,P,6.0,3.0,True,False
1,GOODBYE,Mancini,D,6.0,6.0,True,False
1,GOODBYE,Bremer,D,7.5,9.5,True,False
1,GOODBYE,Hermoso,D,6.0,6.0,True,False
1,GOODBYE,Palestra,D,6.5,6.5,True,False
1,GOODBYE,Zalewski,C,7.5,11.5,True,False
1,GOODBYE,Cristante,C,6.0,6.0,True,False
1,GOODBYE,Locatelli,C,6.5,6.0,True,False
1,GOODBYE,Dybala,A,5.5,5.5,True,False
1,GOODBYE,Davis K.,A,6.0,6.0,True,False
1,GOODBYE,Soulè,A,6.5,6.5,True,False
1,GOODBYE,Perin,P,,,False,True
1,GOODBYE,Floriani Mussolini,D,,,False,True
1,GOODBYE,El Shaarawy,C,6.0,6.0,False,True
1,GOODBYE,Ilkhan,C,,,False,True
1,GOODBYE,Bailey,C,,,False,True
1,GOODBYE,Adzic,C,7.5,11.5,False,True
1,GOODBYE,Rog,C,,,False,True
1,GOODBYE,Dzeko,A,5.0,5.0,False,True
1,GOODBYE,Benedyczak,A,,,False,True
1,GOODBYE,Milik,A,,,False,True
1,ROMINA&ROMOLO,Maignan,P,6.0,7.0,True,False
1,ROMINA&ROMOLO,Gosens,D,6.5,6.5,True,False
1,ROMINA&ROMOLO,Luperto,D,6.5,6.5,True,False
1,ROMINA&ROMOLO,Hien,D,6.5,6.5,True,False
1,ROMINA&ROMOLO,Valeri,D,6.0,6.0,True,False
1,ROMINA&ROMOLO,Vandeputte,C,5.5,5.5,True,False
1,ROMINA&ROMOLO,Mandragora,C,6.0,6.0,True,False
1,ROMINA&ROMOLO,Saelemaekers,C,6.5,7.0,True,False
1,ROMINA&ROMOLO,Pellegrino M.,A,5.5,5.5,True,False
1,ROMINA&ROMOLO,David,A,6.5,7.5,True,False
1,ROMINA&ROMOLO,Castellanos,A,5.5,5.5,True,False
1,ROMINA&ROMOLO,Giovane,A,6.0,5.5,False,True
1,ROMINA&ROMOLO,Vardy,A,6.0,6.0,False,True
1,ROMINA&ROMOLO,Colombo,A,5.0,5.0,False,True
1,ROMINA&ROMOLO,Tourè I.,C,6.5,6.5,False,True
1,ROMINA&ROMOLO,Stanciu,C,,,False,True
1,ROMINA&ROMOLO,Odgaard,C,6.0,6.0,False,True
1,ROMINA&ROMOLO,Serdar,C,7.0,6.5,False,True
1,ROMINA&ROMOLO,Thorstvedt,C,,,False,True
1,ROMINA&ROMOLO,Angori,D,5.5,5.5,False,True
1,ROMINA&ROMOLO,Tomori,D,6.0,5.5,False,True
1,ROMINA&ROMOLO,Martin,D,6.0,6.0,False,True
1,ROMINA&ROMOLO,Rrahmani,D,,,False,True
1,ROMINA&ROMOLO,Caprile,P,7.0,8.0,False,True
1,ROMINA&ROMOLO,Terracciano,P,6.0,7.0,False,True
1,ASR YOYO,Carnesecchi,P,6.0,5.0,True,False
1,ASR YOYO,Tsimikas,D,,,False,False
1,ASR YOYO,Scalvini,D,7.0,10.0,True,False
1,ASR YOYO,Di Lorenzo,D,6.5,6.5,True,False
1,ASR YOYO,Pellegrini Lo.,C,,,False,False
1,ASR YOYO,Modric,C,7.5,11.5,True,False
1,ASR YOYO,Pasalic,C,6.5,6.5,True,False
1,ASR YOYO,Tramoni M.,C,5.5,5.5,True,False
1,ASR YOYO,Krstovic,A,6.5,8.5,True,False
1,ASR YOYO,Kean,A,5.5,5.5,True,False
1,ASR YOYO,De Ketelaere,A,8.0,15.0,True,False
1,ASR YOYO,Sportiello,P,,,False,True
1,ASR YOYO,Rossi F.,P,,,False,True
1,ASR YOYO,Akanji,D,6.0,6.0,True,True
1,ASR YOYO,Kalulu,D,5.5,5.5,False,True
1,ASR YOYO,Kelly L.,D,7.0,10.0,False,True
1,ASR YOYO,Ostigard,D,6.0,5.5,False,True
1,ASR YOYO,Zanoli,D,,,False,True
1,ASR YOYO,Maldini,C,6.0,6.0,True,True
1,ASR YOYO,Bernabè,C,6.5,6.5,False,True
1,ASR YOYO,Carboni V.,C,6.5,6.5,False,True
1,ASR YOYO,Casadei,C,6.0,6.0,False,True
1,ASR YOYO,Scamacca,A,,,False,True
1,ASR YOYO,Esposito F.P.,A,,,False,True
1,ASR YOYO,Cambiaghi,A,5.5,5.5,False,True
1,KAMADO,Svilar,P,6.5,5.5,True,False
1,KAMADO,Dimarco,D,6.5,7.5,True,False
1,KAMADO,Cuadrado,D,,,False,False
1,KAMADO,Vojvoda,D,5.5,5.5,True,False
1,KAMADO,Rowe,C,6.0,6.0,True,False
1,KAMADO,Rabiot,C,6.5,6.5,True,False
1,KAMADO,Da Cunha,C,6.0,6.0,True,False
1,KAMADO,Baturina,C,,,False,False
1,KAMADO,Rodriguez Je.,A,5.5,5.5,True,False
1,KAMADO,Hojlund,A,7.0,11.0,True,False
1,KAMADO,Gimenez,A,5.0,5.0,True,False
1,KAMADO,Butez,P,6.0,5.0,False,True
1,KAMADO,Sava,P,5.5,6.5,False,True
1,KAMADO,Kristensen T.,D,7.0,7.0,True,True
1,KAMADO,Estupinan,D,6.0,5.5,False,True
1,KAMADO,Lykogiannis,D,5.5,5.5,False,True
1,KAMADO,Frese,D,6.0,6.0,False,True
1,KAMADO,Ziolkowski,D,,,False,True
1,KAMADO,Volpato,C,6.0,5.5,True,True
1,KAMADO,Sorensen O.,C,5.5,5.5,False,True
1,KAMADO,Diouf,C,,,False,True
1,KAMADO,Zhegrova,C,,,False,True
1,KAMADO,Openda,A,6.0,6.0,False,True
1,KAMADO,Lucca,A,6.0,6.0,False,True
1,KAMADO,Stulic,A,5.5,5.5,False,True
1,OLD LIN,De Gea,P,7.0,4.0,True,False
1,OLD LIN,Gallo,D,4.5,4.5,True,False
1,OLD LIN,Delprato,D,5.5,5.5,True,False
1,OLD LIN,Zappa,D,6.0,5.5,True,False
1,OLD LIN,Guendouzi,C,5.5,5.5,True,False
1,OLD LIN,Barella,C,5.5,5.5,True,False
1,OLD LIN,Konè M.,C,5.5,5.5,True,False
1,OLD LIN,Vazquez,C,6.0,6.0,True,False
1,OLD LIN,Esposito Se.,A,6.0,5.5,True,False
1,OLD LIN,Martinez L.,A,5.0,5.0,True,False
1,OLD LIN,Berardi,A,6.5,6.5,True,False
1,OLD LIN,Montipò,P,6.0,7.0,False,True
1,OLD LIN,Turati,P,,,False,True
1,OLD LIN,Unai Nunez,D,6.5,6.5,False,True
1,OLD LIN,Circati,D,6.0,6.0,False,True
1,OLD LIN,Ismajli,D,6.0,5.5,False,True
1,OLD LIN,Ghilardi,D,,,False,True
1,OLD LIN,Heggem,D,6.0,6.0,False,True
1,OLD LIN,Pierotti,C,5.5,5.5,False,True
1,OLD LIN,Ellertsson,C,5.5,5.5,False,True
1,OLD LIN,Gudmundsson A.,C,,,False,True
1,OLD LIN,Gagliardini,C,6.0,6.0,False,True
1,OLD LIN,Castro S.,A,5.5,5.5,False,True
1,OLD LIN,Sanabria,A,5.5,5.5,False,True
1,OLD LIN,Kuhn,A,6.5,6.5,False,True
1,QICELLO,Milinkovic-Savic V.,P,5.5,4.5,True,False
1,QICELLO,Tavares N.,D,5.5,5.5,True,False
1,QICELLO,Gabbia,D,6.5,6.5,True,False
1,QICELLO,Miranda J.,D,5.5,5.0,True,False
1,QICELLO,Rensch,D,,,False,False
1,QICELLO,Vlasic,C,6.5,6.5,True,False
1,QICELLO,McTominay,C,6.5,6.5,True,False
1,QICELLO,Frattesi,C,,,False,False
1,QICELLO,Isaksen,C,,,False,False
1,QICELLO,Yildiz,A,7.0,11.0,True,False
1,QICELLO,Morata,A,5.5,6.0,True,False
1,QICELLO,Meret,P,,,False,True
1,QICELLO,Contini,P,,,False,True
1,QICELLO,Gutierrez,D,,,False,True
1,QICELLO,Pavlovic,D,6.0,6.0,True,True
1,QICELLO,Joao Mario,D,,,False,True
1,QICELLO,Bisseck,D,,,False,True
1,QICELLO,Sarmiento J.,C,6.0,6.0,True,True
1,QICELLO,Oristanio,C,6.0,6.0,True,True
1,QICELLO,Ederson D.S.,C,,,False,True
1,QICELLO,Collocolo,C,5.5,5.0,False,True
1,QICELLO,Lang,A,,,False,True
1,QICELLO,Piccoli,A,5.5,5.5,False,True
1,QICELLO,Adams C.,A,6.0,6.0,False,True
1,QICELLO,Diao,A,,,False,True
2,DTE,Sommer,P,,,False,False
2,DTE,Lovik,D,,,False,False
2,DTE,Valle,D,6.0,6.0,True,False
2,DTE,Solet,D,5.5,5.5,True,False
2,DTE,Pezzella Giu.,D,6.0,5.5,True,False
2,DTE,Zaccagni,C,5.5,5.5,True,False
2,DTE,Paz N.,C,7.0,8.5,True,False
2,DTE,Kostic,C,,,False,False
2,DTE,Nkunku,A,6.0,6.0,True,False
2,DTE,Ferguson E.,A,6.0,6.0,True,False
2,DTE,Cutrone,A,5.5,5.5,True,False
2,DTE,Martinez Jo.,P,6.5,5.5,True,True
2,DTE,Di Gennaro,P,,,False,True
2,DTE,Darmian,D,,,False,True
2,DTE,Ramon,D,,,False,True
2,DTE,Terracciano F.,D,6.0,6.0,True,True
2,DTE,Tiago Gabriel,D,6.0,8.5,False,True
2,DTE,Lobotka,C,6.0,6.5,True,True
2,DTE,Zerbin,C,5.5,5.5,False,True
2,DTE,Miller L.,C,,,False,True
2,DTE,Frendrup,C,6.0,6.0,False,True
2,DTE,Asllani,C,5.0,5.0,False,True
2,DTE,Leao,A,,,False,True
2,DTE,Gueye,A,,,False,True
2,DTE,Ekuban,A,5.5,5.5,False,True
2,TEAM PC,Skorupski,P,6.5,5.5,True,False
2,TEAM PC,Baschirotto,D,6.5,6.5,True,False
2,TEAM PC,Cambiaso,D,5.5,5.5,True,False
2,TEAM PC,Bellanova,D,6.5,6.5,True,False
2,TEAM PC,Zortea,D,5.5,5.5,True,False
2,TEAM PC,Atta,C,6.0,5.5,True,False
2,TEAM PC,Sucic P.,C,7.0,8.0,True,False
2,TEAM PC,Koopmeiners,C,5.5,5.0,True,False
2,TEAM PC,Lookman,A,,,False,False
2,TEAM PC,Vlahovic,A,5.5,5.5,True,False
2,TEAM PC,Zapata D.,A,5.0,3.0,True,False
2,TEAM PC,Ravaglia F.,P,,,False,True
2,TEAM PC,Pessina Mas.,P,,,False,True
2,TEAM PC,N'Dicka,D,6.0,5.5,False,True
2,TEAM PC,Doig,D,6.0,6.0,False,True
2,TEAM PC,Acerbi,D,6.0,6.0,False,True
2,TEAM PC,Gatti,D,6.0,5.5,False,True
2,TEAM PC,Dele-Bashiru,C,,,False,True
2,TEAM PC,Conceicao,C,7.0,10.0,False,True
2,TEAM PC,Rovella,C,6.0,6.0,False,True
2,TEAM PC,Anjorin,C,,,False,True
2,TEAM PC,Lorran,C,6.5,9.5,False,True
2,TEAM PC,Douvikas,A,5.5,5.5,True,True
2,TEAM PC,Pinamonti,A,6.0,6.0,False,True
2,TEAM PC,Laurientè,A,6.0,6.0,False,True
2,KAMADO,Svilar,P,6.0,7.0,True,False
2,KAMADO,Dimarco,D,7.0,9.5,True,False
2,KAMADO,Estupinan,D,6.5,6.5,True,False
2,KAMADO,Vojvoda,D,5.5,5.0,True,False
2,KAMADO,Rowe,C,,,False,False
2,KAMADO,Rabiot,C,7.0,8.0,True,False
2,KAMADO,Da Cunha,C,,,False,False
2,KAMADO,Zhegrova,C,,,False,False
2,KAMADO,Openda,A,6.0,6.0,True,False
2,KAMADO,Hojlund,A,5.5,5.5,True,False
2,KAMADO,Lucca,A,7.0,11.0,True,False
2,KAMADO,Butez,P,6.0,5.0,False,True
2,KAMADO,Sava,P,5.0,2.0,False,True
2,KAMADO,Lykogiannis,D,,,False,True
2,KAMADO,Kristensen T.,D,5.0,5.0,False,True
2,KAMADO,Cuadrado,D,6.0,6.0,False,True
2,KAMADO,Frese,D,6.5,6.5,False,True
2,KAMADO,Ziolkowski,D,,,False,True
2,KAMADO,Sorensen O.,C,5.5,5.5,True,True
2,KAMADO,Volpato,C,6.0,6.0,True,True
2,KAMADO,Baturina,C,,,False,True
2,KAMADO,Diouf,C,,,False,True
2,KAMADO,Gimenez,A,5.5,5.5,False,True
2,KAMADO,Rodriguez Je.,A,6.5,6.5,False,True
2,KAMADO,Stulic,A,5.0,5.0,False,True
2,OLD LIN,De Gea,P,6.0,4.0,True,False
2,OLD LIN,Gallo,D,5.0,5.0,True,False
2,OLD LIN,Delprato,D,6.0,6.0,True,False
2,OLD LIN,Ismajli,D,5.0,5.0,True,False
2,OLD LIN,Gudmundsson A.,C,,,False,False
2,OLD LIN,Barella,C,6.0,6.0,True,False
2,OLD LIN,Konè M.,C,7.0,7.0,True,False
2,OLD LIN,Vazquez,C,6.5,6.5,True,False
2,OLD LIN,Castro S.,A,7.0,10.0,True,False
2,OLD LIN,Martinez L.,A,6.0,6.0,True,False
2,OLD LIN,Berardi,A,6.5,7.5,True,False
2,OLD LIN,Montipò,P,6.5,5.5,False,True
2,OLD LIN,Turati,P,,,False,True
2,OLD LIN,Zappa,D,6.0,6.0,False,True
2,OLD LIN,Unai Nunez,D,6.5,6.5,False,True
2,OLD LIN,Circati,D,6.5,6.5,False,True
2,OLD LIN,Ghilardi,D,,,False,True
2,OLD LIN,Heggem,D,6.0,6.0,False,True
2,OLD LIN,Pierotti,C,6.0,6.0,True,True
2,OLD LIN,Guendouzi,C,6.0,5.0,False,True
2,OLD LIN,Ellertsson,C,7.0,10.0,False,True
2,OLD LIN,Gagliardini,C,,,False,True
2,OLD LIN,Esposito Se.,A,6.5,6.0,False,True
2,OLD LIN,Sanabria,A,5.5,5.5,False,True
2,OLD LIN,Kuhn,A,6.0,6.0,False,True
2,ROMINA&ROMOLO,Terracciano,P,6.0,7.0,True,False
2,ROMINA&ROMOLO,Gosens,D,5.5,5.5,True,False
2,ROMINA&ROMOLO,Luperto,D,5.5,5.5,True,False
2,ROMINA&ROMOLO,Hien,D,6.0,6.0,True,False
2,ROMINA&ROMOLO,Valeri,D,6.0,6.0,True,False
2,ROMINA&ROMOLO,Vandeputte,C,5.5,5.5,True,False
2,ROMINA&ROMOLO,Mandragora,C,7.0,10.0,True,False
2,ROMINA&ROMOLO,Saelemaekers,C,7.0,7.0,True,False
2,ROMINA&ROMOLO,David,A,6.0,6.0,True,False
2,ROMINA&ROMOLO,Pellegrino M.,A,6.0,6.0,True,False
2,ROMINA&ROMOLO,Castellanos,A,6.0,6.0,True,False
2,ROMINA&ROMOLO,Giovane,A,6.0,6.0,False,True
2,ROMINA&ROMOLO,Vardy,A,,,False,True
2,ROMINA&ROMOLO,Colombo,A,5.5,5.5,False,True
2,ROMINA&ROMOLO,Serdar,C,6.5,6.5,False,True
2,ROMINA&ROMOLO,Odgaard,C,,,False,True
2,ROMINA&ROMOLO,Tourè I.,C,,,False,True
2,ROMINA&ROMOLO,Stanciu,C,,,False,True
2,ROMINA&ROMOLO,Thorstvedt,C,6.0,6.0,False,True
2,ROMINA&ROMOLO,Tomori,D,6.5,6.5,False,True
2,ROMINA&ROMOLO,Martin,D,6.0,6.0,False,True
2,ROMINA&ROMOLO,Angori,D,6.5,7.5,False,True
2,ROMINA&ROMOLO,Rrahmani,D,,,False,True
2,ROMINA&ROMOLO,Caprile,P,6.5,5.5,False,True
2,ROMINA&ROMOLO,Maignan,P,,,False,True
2,ASR YOYO,Carnesecchi,P,7.0,10.0,True,False
2,ASR YOYO,Tsimikas,D,,,False,False
2,ASR YOYO,Kelly L.,D,5.5,5.0,True,False
2,ASR YOYO,Akanji,D,6.0,6.0,True,False
2,ASR YOYO,Di Lorenzo,D,5.0,5.0,True,False
2,ASR YOYO,Pellegrini Lo.,C,7.0,11.0,True,False
2,ASR YOYO,Modric,C,7.0,7.0,True,False
2,ASR YOYO,Pasalic,C,6.0,6.0,True,False
2,ASR YOYO,Krstovic,A,7.5,14.5,True,False
2,ASR YOYO,Kean,A,5.5,5.5,True,False
2,ASR YOYO,Esposito F.P.,A,6.5,6.5,True,False
2,ASR YOYO,Sportiello,P,,,False,True
2,ASR YOYO,Rossi F.,P,,,False,True
2,ASR YOYO,Kalulu,D,6.0,6.0,True,True
2,ASR YOYO,Zanoli,D,6.0,6.0,False,True
2,ASR YOYO,Ostigard,D,6.0,5.5,False,True
2,ASR YOYO,Scalvini,D,,,False,True
2,ASR YOYO,Bernabè,C,6.5,6.5,False,True
2,ASR YOYO,Maldini,C,,,False,True
2,ASR YOYO,Carboni V.,C,5.0,4.5,False,True
2,ASR YOYO,Casadei,C,5.5,5.5,False,True
2,ASR YOYO,Tramoni M.,C,5.5,5.5,False,True
2,ASR YOYO,De Ketelaere,A,,,False,True
2,ASR YOYO,Cambiaghi,A,7.0,8.0,False,True
2,ASR YOYO,Scamacca,A,,,False,True
2,HISASHI MITSUI,Leali,P,6.5,4.5,True,False
2,HISASHI MITSUI,Angelino,D,6.0,6.0,True,False
2,HISASHI MITSUI,Bastoni,D,,,False,False
2,HISASHI MITSUI,Buongiorno,D,6.5,6.5,True,False
2,HISASHI MITSUI,Mina,D,6.5,6.5,True,False
2,HISASHI MITSUI,Pulisic,C,8.5,16.5,True,False
2,HISASHI MITSUI,Zambo Anguissa,C,6.0,6.0,True,False
2,HISASHI MITSUI,Thuram K.,C,6.0,6.0,True,False
2,HISASHI MITSUI,Politano,C,6.5,6.5,True,False
2,HISASHI MITSUI,Dia,A,5.0,5.0,True,False
2,HISASHI MITSUI,Dovbyk,A,5.5,5.5,True,False
2,HISASHI MITSUI,Siegrist,P,,,False,True
2,HISASHI MITSUI,Sommariva,P,,,False,True
2,HISASHI MITSUI,Dodò,D,5.5,5.0,True,True
2,HISASHI MITSUI,Olivera,D,,,False,True
2,HISASHI MITSUI,Coco,D,5.0,5.0,False,True
2,HISASHI MITSUI,Vitik,D,6.0,6.0,False,True
2,HISASHI MITSUI,El Aynaoui,C,,,False,True
2,HISASHI MITSUI,Loftus-Cheek,C,6.5,6.5,False,True
2,HISASHI MITSUI,Fagioli,C,5.5,5.5,False,True
2,HISASHI MITSUI,Baldanzi,C,6.0,6.0,False,True
2,HISASHI MITSUI,Orban G.,A,7.5,10.0,False,True
2,HISASHI MITSUI,Simeone,A,6.0,6.0,False,True
2,HISASHI MITSUI,Borrelli,A,,,False,True
2,HISASHI MITSUI,Meister,A,5.5,5.5,False,True
2,GOODBYE,Di Gregorio,P,6.5,5.5,True,False
2,GOODBYE,Mancini,D,6.0,6.0,True,False
2,GOODBYE,Bremer,D,,,False,False
2,GOODBYE,Hermoso,D,,,False,False
2,GOODBYE,Zalewski,C,,,False,False
2,GOODBYE,Cristante,C,6.0,6.0,True,False
2,GOODBYE,Locatelli,C,5.5,5.5,True,False
2,GOODBYE,Adzic,C,6.0,6.0,True,False
2,GOODBYE,Davis K.,A,5.5,5.5,True,False
2,GOODBYE,Dzeko,A,6.0,6.0,True,False
2,GOODBYE,Soulè,A,6.5,7.5,True,False
2,GOODBYE,Perin,P,,,False,True
2,GOODBYE,Palestra,D,7.0,8.0,True,True
2,GOODBYE,Floriani Mussolini,D,6.0,6.0,True,True
2,GOODBYE,El Shaarawy,C,,,False,True
2,GOODBYE,Ilkhan,C,,,False,True
2,GOODBYE,Bailey,C,,,False,True
2,GOODBYE,Rog,C,,,False,True
2,GOODBYE,Benedyczak,A,,,False,True
2,GOODBYE,Milik,A,,,False,True
2,GOODBYE,Dybala,A,,,False,True
2,QICELLO,Meret,P,6.5,4.5,True,False
2,QICELLO,Gutierrez,D,,,False,False
2,QICELLO,Miranda J.,D,5.5,5.5,True,False
2,QICELLO,Gabbia,D,6.0,6.0,True,False
2,QICELLO,Bisseck,D,,,False,False
2,QICELLO,McTominay,C,6.5,7.5,True,False
2,QICELLO,Frattesi,C,6.0,6.0,True,False
2,QICELLO,Oristanio,C,6.0,6.0,True,False
2,QICELLO,Vlasic,C,5.5,5.5,True,False
2,QICELLO,Yildiz,A,6.0,6.0,True,False
2,QICELLO,Morata,A,5.5,5.5,True,False
2,QICELLO,Milinkovic-Savic V.,P,,,False,True
2,QICELLO,Contini,P,,,False,True
2,QICELLO,Joao Mario,D,5.0,5.0,True,True
2,QICELLO,Pavlovic,D,6.5,6.5,True,True
2,QICELLO,Tavares N.,D,5.0,5.0,False,True
2,QICELLO,Rensch,D,7.0,7.0,False,True
2,QICELLO,Sarmiento J.,C,,,False,True
2,QICELLO,Isaksen,C,,,False,True
2,QICELLO,Ederson D.S.,C,,,False,True
2,QICELLO,Collocolo,C,,,False,True
2,QICELLO,Lang,A,,,False,True
2,QICELLO,Piccoli,A,5.0,5.0,False,True
2,QICELLO,Adams C.,A,5.5,5.5,False,True
2,QICELLO,Diao,A,,,False,True
2,ROMANHOLIDAY,Falcone,P,6.5,4.5,True,False
2,ROMANHOLIDAY,Carlos Augusto,D,6.5,6.5,True,False
2,ROMANHOLIDAY,Vasquez,D,6.0,6.0,True,False
2,ROMANHOLIDAY,Wesley,D,,,False,False
2,ROMANHOLIDAY,Dumfries,D,6.0,6.0,True,False
2,ROMANHOLIDAY,De Bruyne,C,5.5,5.5,True,False
2,ROMANHOLIDAY,Calhanoglu,C,6.0,5.5,True,False
2,ROMANHOLIDAY,Orsolini,C,6.5,9.5,True,False
2,ROMANHOLIDAY,Cancellieri,A,,,False,False
2,ROMANHOLIDAY,Thuram,A,6.0,6.0,True,False
2,ROMANHOLIDAY,Bonny,A,6.0,6.0,True,False
2,ROMANHOLIDAY,Provedel,P,6.5,5.5,False,True
2,ROMANHOLIDAY,Vasquez D.,P,,,False,True
2,ROMANHOLIDAY,Smolcic I.,D,5.5,5.5,True,True
2,ROMANHOLIDAY,Pellegrini Lu.,D,6.0,6.0,False,True
2,ROMANHOLIDAY,Veiga D.,D,,,False,True
2,ROMANHOLIDAY,Nkounkou,D,,,False,True
2,ROMANHOLIDAY,Mkhitaryan,C,,,False,True
2,ROMANHOLIDAY,Luis Henrique,C,6.0,6.0,False,True
2,ROMANHOLIDAY,Kaba,C,5.5,5.5,False,True
2,ROMANHOLIDAY,Iannoni,C,,,False,True
2,ROMANHOLIDAY,Ndour,C,,,False,True
2,ROMANHOLIDAY,Camarda,A,6.0,6.0,True,True
2,ROMANHOLIDAY,Ekhator,A,5.5,5.5,False,True
2,ROMANHOLIDAY,Bonazzoli,A,,,False,True
3,TEAM PC,Skorupski,P,6.5,4.5,True,False
3,TEAM PC,Baschirotto,D,7.0,10.5,True,False
3,TEAM PC,Cambiaso,D,6.0,6.0,True,False
3,TEAM PC,Bellanova,D,6.5,6.5,True,False
3,TEAM PC,Zortea,D,,,False,False
3,TEAM PC,Atta,C,6.0,6.0,True,False
3,TEAM PC,Sucic P.,C,,,False,False
3,TEAM PC,Conceicao,C,,,False,False
3,TEAM PC,Vlahovic,A,5.5,5.5,True,False
3,TEAM PC,Laurientè,A,7.5,11.5,True,False
3,TEAM PC,Pinamonti,A,6.0,6.0,True,False
3,TEAM PC,Ravaglia F.,P,,,False,True
3,TEAM PC,Pessina Mas.,P,,,False,True
3,TEAM PC,N'Dicka,D,5.5,5.5,True,True
3,TEAM PC,Doig,D,6.0,6.0,False,True
3,TEAM PC,Acerbi,D,,,False,True
3,TEAM PC,Gatti,D,5.5,5.5,False,True
3,TEAM PC,Koopmeiners,C,6.0,6.0,True,True
3,TEAM PC,Dele-Bashiru,C,,,False,True
3,TEAM PC,Rovella,C,,,False,True
3,TEAM PC,Anjorin,C,,,False,True
3,TEAM PC,Lorran,C,,,False,True
3,TEAM PC,Lookman,A,,,False,True
3,TEAM PC,Douvikas,A,6.5,6.5,False,True
3,TEAM PC,Zapata D.,A,,,False,True
3,QICELLO,Meret,P,6.0,4.0,True,False
3,QICELLO,Rensch,D,,,False,False
3,QICELLO,Miranda J.,D,5.0,5.0,True,False
3,QICELLO,Gabbia,D,6.0,6.0,True,False
3,QICELLO,Bisseck,D,,,False,False
3,QICELLO,Isaksen,C,,,False,False
3,QICELLO,McTominay,C,6.0,6.0,True,False
3,QICELLO,Frattesi,C,6.0,6.0,True,False
3,QICELLO,Yildiz,A,6.0,6.0,True,False
3,QICELLO,Morata,A,,,False,False
3,QICELLO,Piccoli,A,6.0,6.0,True,False
3,QICELLO,Milinkovic-Savic V.,P,,,False,True
3,QICELLO,Contini,P,,,False,True
3,QICELLO,Gutierrez,D,5.5,5.5,True,True
3,QICELLO,Pavlovic,D,6.5,6.5,True,True
3,QICELLO,Joao Mario,D,6.0,7.0,False,True
3,QICELLO,Tavares N.,D,6.0,6.0,False,True
3,QICELLO,Vlasic,C,5.0,5.0,True,True
3,QICELLO,Oristanio,C,5.0,5.0,False,True
3,QICELLO,Sarmiento J.,C,,,False,True
3,QICELLO,Ederson D.S.,C,,,False,True
3,QICELLO,Collocolo,C,,,False,True
3,QICELLO,Adams C.,A,,,False,True
3,QICELLO,Lang,A,6.0,6.0,True,True
3,QICELLO,Diao,A,,,False,True
3,ROMANHOLIDAY,Provedel,P,6.5,7.5,True,False
3,ROMANHOLIDAY,Carlos Augusto,D,6.0,5.5,True,False
3,ROMANHOLIDAY,Vasquez,D,5.0,4.5,True,False
3,ROMANHOLIDAY,Wesley,D,5.5,5.5,True,False
3,ROMANHOLIDAY,Dumfries,D,6.0,6.0,True,False
3,ROMANHOLIDAY,De Bruyne,C,6.5,8.5,True,False
3,ROMANHOLIDAY,Calhanoglu,C,6.5,6.5,True,False
3,ROMANHOLIDAY,Orsolini,C,6.5,8.5,True,False
3,ROMANHOLIDAY,Luis Henrique,C,6.0,6.0,True,False
3,ROMANHOLIDAY,Thuram,A,6.5,6.5,True,False
3,ROMANHOLIDAY,Bonny,A,,,False,False
3,ROMANHOLIDAY,Falcone,P,6.5,4.5,False,True
3,ROMANHOLIDAY,Vasquez D.,P,,,False,True
3,ROMANHOLIDAY,Smolcic I.,D,,,False,True
3,ROMANHOLIDAY,Pellegrini Lu.,D,6.5,6.5,False,True
3,ROMANHOLIDAY,Nkounkou,D,6.0,5.5,False,True
3,ROMANHOLIDAY,Veiga D.,D,6.0,6.0,False,True
3,ROMANHOLIDAY,Mkhitaryan,C,6.5,6.5,False,True
3,ROMANHOLIDAY,Kaba,C,,,False,True
3,ROMANHOLIDAY,Iannoni,C,7.0,10.0,False,True
3,ROMANHOLIDAY,Ndour,C,,,False,True
3,ROMANHOLIDAY,Cancellieri,A,7.5,11.5,True,True
3,ROMANHOLIDAY,Bonazzoli,A,6.0,6.0,False,True
3,ROMANHOLIDAY,Camarda,A,7.0,10.5,False,True
3,ROMANHOLIDAY,Ekhator,A,5.5,5.5,False,True
3,KAMADO,Svilar,P,7.0,8.0,True,False
3,KAMADO,Dimarco,D,7.0,8.0,True,False
3,KAMADO,Estupinan,D,5.0,4.0,True,False
3,KAMADO,Vojvoda,D,,,False,False
3,KAMADO,Cuadrado,D,6.5,6.5,True,False
3,KAMADO,Rowe,C,6.5,6.5,True,False
3,KAMADO,Rabiot,C,6.5,6.0,True,False
3,KAMADO,Zhegrova,C,6.5,6.5,True,False
3,KAMADO,Gimenez,A,5.5,5.5,True,False
3,KAMADO,Hojlund,A,5.5,5.5,True,False
3,KAMADO,Rodriguez Je.,A,5.0,5.0,True,False
3,KAMADO,Butez,P,6.0,5.0,False,True
3,KAMADO,Sava,P,6.0,3.0,False,True
3,KAMADO,Lykogiannis,D,,,False,True
3,KAMADO,Kristensen T.,D,5.0,5.0,True,True
3,KAMADO,Frese,D,6.0,6.0,False,True
3,KAMADO,Ziolkowski,D,6.0,6.0,False,True
3,KAMADO,Da Cunha,C,6.0,5.5,False,True
3,KAMADO,Volpato,C,,,False,True
3,KAMADO,Diouf,C,,,False,True
3,KAMADO,Sorensen O.,C,,,False,True
3,KAMADO,Baturina,C,,,False,True
3,KAMADO,Lucca,A,5.5,5.5,False,True
3,KAMADO,Openda,A,5.0,5.0,False,True
3,KAMADO,Stulic,A,5.5,5.5,False,True
3,GOODBYE,Di Gregorio,P,6.0,5.0,True,False
3,GOODBYE,Mancini,D,6.0,6.0,True,False
3,GOODBYE,Bremer,D,5.5,5.5,True,False
3,GOODBYE,Hermoso,D,6.0,6.0,True,False
3,GOODBYE,Palestra,D,6.0,6.0,True,False
3,GOODBYE,Zalewski,C,,,False,False
3,GOODBYE,Cristante,C,6.0,6.0,True,False
3,GOODBYE,Locatelli,C,,,False,False
3,GOODBYE,Davis K.,A,7.0,10.0,True,False
3,GOODBYE,Dzeko,A,,,False,False
3,GOODBYE,Soulè,A,6.5,9.5,True,False
3,GOODBYE,Perin,P,,,False,True
3,GOODBYE,Pinsoglio,P,,,False,True
3,GOODBYE,Floriani Mussolini,D,6.0,5.5,False,True
3,GOODBYE,Calabresi,D,,,False,True
3,GOODBYE,Sernicola,D,,,False,True
3,GOODBYE,Van Der Brempt,D,,,False,True
3,GOODBYE,Adzic,C,5.0,5.0,True,True
3,GOODBYE,El Shaarawy,C,,,False,True
3,GOODBYE,Ilkhan,C,,,False,True
3,GOODBYE,Bailey,C,,,False,True
3,GOODBYE,Rog,C,,,False,True
3,GOODBYE,Benedyczak,A,6.0,6.0,True,True
3,GOODBYE,Milik,A,,,False,True
3,GOODBYE,Dybala,A,,,False,True
3,DTE,Sommer,P,,,False,False
3,DTE,Valle,D,6.0,6.0,True,False
3,DTE,Tiago Gabriel,D,5.5,5.5,True,False
3,DTE,Solet,D,6.0,6.0,True,False
3,DTE,Pezzella Giu.,D,6.0,6.0,True,False
3,DTE,Zaccagni,C,7.0,10.0,True,False
3,DTE,Paz N.,C,7.0,10.0,True,False
3,DTE,Kostic,C,,,False,False
3,DTE,Nkunku,A,,,False,False
3,DTE,Ferguson E.,A,6.0,6.0,True,False
3,DTE,Leao,A,5.5,5.5,True,False
3,DTE,Martinez Jo.,P,6.0,7.0,True,True
3,DTE,Di Gennaro,P,,,False,True
3,DTE,Darmian,D,,,False,True
3,DTE,Ramon,D,6.0,5.5,False,True
3,DTE,Terracciano F.,D,5.5,5.5,False,True
3,DTE,Lovik,D,,,False,True
3,DTE,Zerbin,C,5.5,5.5,True,True
3,DTE,Lobotka,C,6.0,6.0,False,True
3,DTE,Miller L.,C,6.0,6.0,False,True
3,DTE,Frendrup,C,5.0,5.0,False,True
3,DTE,Asllani,C,6.0,6.0,False,True
3,DTE,Cutrone,A,5.5,5.5,True,True
3,DTE,Gueye,A,6.0,6.0,False,True
3,DTE,Ekuban,A,5.5,5.5,False,True
3,HISASHI MITSUI,Leali,P,6.0,3.0,True,False
3,HISASHI MITSUI,Angelino,D,6.0,6.0,True,False
3,HISASHI MITSUI,Bastoni,D,7.0,8.0,True,False
3,HISASHI MITSUI,Vitik,D,,,False,False
3,HISASHI MITSUI,Dodò,D,5.0,5.0,True,False
3,HISASHI MITSUI,Pulisic,C,8.0,13.0,True,False
3,HISASHI MITSUI,Zambo Anguissa,C,5.5,5.5,True,False
3,HISASHI MITSUI,Thuram K.,C,5.5,5.5,True,False
3,HISASHI MITSUI,Politano,C,6.0,6.0,True,False
3,HISASHI MITSUI,Dia,A,6.0,6.0,True,False
3,HISASHI MITSUI,Dovbyk,A,7.0,11.0,True,False
3,HISASHI MITSUI,Siegrist,P,,,False,True
3,HISASHI MITSUI,Sommariva,P,,,False,True
3,HISASHI MITSUI,Coco,D,6.5,7.5,True,True
3,HISASHI MITSUI,Olivera,D,,,False,True
3,HISASHI MITSUI,Mina,D,5.5,5.5,False,True
3,HISASHI MITSUI,Buongiorno,D,,,False,True
3,HISASHI MITSUI,El Aynaoui,C,,,False,True
3,HISASHI MITSUI,Loftus-Cheek,C,6.0,6.0,False,True
3,HISASHI MITSUI,Fagioli,C,,,False,True
3,HISASHI MITSUI,Baldanzi,C,,,False,True
3,HISASHI MITSUI,Simeone,A,5.5,5.5,False,True
3,HISASHI MITSUI,Orban G.,A,5.0,5.0,False,True
3,HISASHI MITSUI,Borrelli,A,6.0,6.0,False,True
3,HISASHI MITSUI,Meister,A,6.0,6.0,False,True
3,ROMINA&ROMOLO,Maignan,P,7.0,6.0,True,False
3,ROMINA&ROMOLO,Martin,D,5.5,5.5,True,False
3,ROMINA&ROMOLO,Gosens,D,6.0,6.0,True,False
3,ROMINA&ROMOLO,Rrahmani,D,,,False,False
3,ROMINA&ROMOLO,Valeri,D,7.0,8.0,True,False
3,ROMINA&ROMOLO,Mandragora,C,5.5,5.5,True,False
3,ROMINA&ROMOLO,Odgaard,C,7.0,10.0,True,False
3,ROMINA&ROMOLO,Saelemaekers,C,7.0,10.0,True,False
3,ROMINA&ROMOLO,David,A,,,False,False
3,ROMINA&ROMOLO,Pellegrino M.,A,7.5,13.0,True,False
3,ROMINA&ROMOLO,Castellanos,A,7.5,11.5,True,False
3,ROMINA&ROMOLO,Giovane,A,5.0,5.0,True,True
3,ROMINA&ROMOLO,Colombo,A,5.0,5.0,False,True
3,ROMINA&ROMOLO,Vardy,A,,,False,True
3,ROMINA&ROMOLO,Tourè I.,C,6.5,6.5,False,True
3,ROMINA&ROMOLO,Vandeputte,C,6.0,6.0,False,True
3,ROMINA&ROMOLO,Serdar,C,5.5,5.5,False,True
3,ROMINA&ROMOLO,Stanciu,C,5.5,5.5,False,True
3,ROMINA&ROMOLO,Thorstvedt,C,6.0,6.0,False,True
3,ROMINA&ROMOLO,Angori,D,,,False,True
3,ROMINA&ROMOLO,Tomori,D,5.5,5.5,True,True
3,ROMINA&ROMOLO,Luperto,D,5.5,5.5,False,True
3,ROMINA&ROMOLO,Hien,D,,,False,True
3,ROMINA&ROMOLO,Terracciano,P,,,False,True
3,ROMINA&ROMOLO,Caprile,P,6.5,4.5,False,True
3,OLD LIN,De Gea,P,6.0,7.0,True,False
3,OLD LIN,Circati,D,6.5,6.5,True,False
3,OLD LIN,Delprato,D,6.0,5.5,True,False
3,OLD LIN,Ghilardi,D,,,False,False
3,OLD LIN,Gudmundsson A.,C,5.0,5.0,True,False
3,OLD LIN,Barella,C,6.5,6.0,True,False
3,OLD LIN,Konè M.,C,6.5,6.5,True,False
3,OLD LIN,Vazquez,C,6.5,7.5,True,False
3,OLD LIN,Castro S.,A,6.0,6.0,True,False
3,OLD LIN,Martinez L.,A,7.0,11.0,True,False
3,OLD LIN,Berardi,A,7.0,8.0,True,False
3,OLD LIN,Montipò,P,6.5,4.5,False,True
3,OLD LIN,Turati,P,,,False,True
3,OLD LIN,Zappa,D,,,False,True
3,OLD LIN,Gallo,D,6.5,6.0,True,True
3,OLD LIN,Unai Nunez,D,5.5,5.0,False,True
3,OLD LIN,Ismajli,D,5.5,5.5,False,True
3,OLD LIN,Heggem,D,6.0,6.0,False,True
3,OLD LIN,Pierotti,C,6.5,6.5,False,True
3,OLD LIN,Guendouzi,C,,,False,True
3,OLD LIN,Ellertsson,C,5.5,5.5,False,True
3,OLD LIN,Gagliardini,C,5.5,5.0,False,True
3,OLD LIN,Esposito Se.,A,6.0,6.0,False,True
3,OLD LIN,Sanabria,A,6.0,5.5,False,True
3,OLD LIN,Kuhn,A,5.5,5.5,False,True
3,ASR YOYO,Carnesecchi,P,6.5,5.5,True,False
3,ASR YOYO,Tsimikas,D,6.0,6.0,True,False
3,ASR YOYO,Akanji,D,6.5,6.5,True,False
3,ASR YOYO,Di Lorenzo,D,6.0,6.0,True,False
3,ASR YOYO,Pellegrini Lo.,C,6.0,6.0,True,False
3,ASR YOYO,Bernabè,C,6.0,6.0,True,False
3,ASR YOYO,Modric,C,7.0,7.0,True,False
3,ASR YOYO,Pasalic,C,6.0,6.0,True,False
3,ASR YOYO,Krstovic,A,5.5,5.5,True,False
3,ASR YOYO,Kean,A,5.5,5.0,True,False
3,ASR YOYO,Esposito F.P.,A,7.0,10.0,True,False
3,ASR YOYO,Sportiello,P,,,False,True
3,ASR YOYO,Rossi F.,P,,,False,True
3,ASR YOYO,Zanoli,D,5.5,5.5,False,True
3,ASR YOYO,Kalulu,D,6.5,6.5,False,True
3,ASR YOYO,Kelly L.,D,6.0,6.0,False,True
3,ASR YOYO,Ostigard,D,4.5,4.0,False,True
3,ASR YOYO,Scalvini,D,,,False,True
3,ASR YOYO,Carboni V.,C,5.5,5.5,False,True
3,ASR YOYO,Casadei,C,5.5,5.5,False,True
3,ASR YOYO,Maldini,C,,,False,True
3,ASR YOYO,Tramoni M.,C,5.5,5.5,False,True
3,ASR YOYO,De Ketelaere,A,6.0,6.0,False,True
3,ASR YOYO,Cambiaghi,A,6.0,6.0,False,True
3,ASR YOYO,Scamacca,A,,,False,True
4,DTE,Sommer,P,6.0,5.0,True,False
4,DTE,Valle,D,6.0,6.0,True,False
4,DTE,Tiago Gabriel,D,7.0,7.0,True,False
4,DTE,Solet,D,6.5,7.5,True,False
4,DTE,Darmian,D,,,False,False
4,DTE,Zaccagni,C,,,False,False
4,DTE,Paz N.,C,6.0,6.0,True,False
4,DTE,Kostic,C,,,False,False
4,DTE,Nkunku,A,6.0,6.0,True,False
4,DTE,Ferguson E.,A,,,False,False
4,DTE,Leao,A,5.0,5.0,True,False
4,DTE,Martinez Jo.,P,,,False,True
4,DTE,Di Gennaro,P,,,False,True
4,DTE,Lovik,D,5.0,5.0,True,True
4,DTE,Ramon,D,5.5,5.5,False,True
4,DTE,Pezzella Giu.,D,4.5,4.0,False,True
4,DTE,Terracciano F.,D,,,False,True
4,DTE,Miller L.,C,,,False,True
4,DTE,Zerbin,C,,,False,True
4,DTE,Lobotka,C,6.0,6.0,True,True
4,DTE,Frendrup,C,5.5,5.5,True,True
4,DTE,Asllani,C,6.0,5.5,False,True
4,DTE,Cutrone,A,5.5,5.5,True,True
4,DTE,Gueye,A,,,False,True
4,DTE,Ekuban,A,5.5,5.5,False,True
4,HISASHI MITSUI,Leali,P,6.0,4.0,True,False
4,HISASHI MITSUI,Angelino,D,,,False,False
4,HISASHI MITSUI,Bastoni,D,6.5,6.5,True,False
4,HISASHI MITSUI,Vitik,D,,,False,False
4,HISASHI MITSUI,Mina,D,6.0,6.0,True,False
4,HISASHI MITSUI,Pulisic,C,5.0,3.0,True,False
4,HISASHI MITSUI,Zambo Anguissa,C,7.5,10.5,True,False
4,HISASHI MITSUI,Politano,C,5.5,5.5,True,False
4,HISASHI MITSUI,Orban G.,A,5.5,5.5,True,False
4,HISASHI MITSUI,Dovbyk,A,6.0,7.0,True,False
4,HISASHI MITSUI,Dia,A,5.5,5.5,True,False
4,HISASHI MITSUI,Siegrist,P,,,False,True
4,HISASHI MITSUI,Sommariva,P,,,False,True
4,HISASHI MITSUI,Olivera,D,5.0,5.0,True,True
4,HISASHI MITSUI,Dodò,D,5.5,5.5,True,True
4,HISASHI MITSUI,Coco,D,6.0,9.0,False,True
4,HISASHI MITSUI,Buongiorno,D,,,False,True
4,HISASHI MITSUI,Thuram K.,C,5.5,5.5,False,True
4,HISASHI MITSUI,El Aynaoui,C,,,False,True
4,HISASHI MITSUI,Loftus-Cheek,C,6.0,6.0,False,True
4,HISASHI MITSUI,Fagioli,C,,,False,True
4,HISASHI MITSUI,Baldanzi,C,6.0,6.0,False,True
4,HISASHI MITSUI,Simeone,A,7.0,10.0,False,True
4,HISASHI MITSUI,Borrelli,A,7.0,10.0,False,True
4,HISASHI MITSUI,Meister,A,5.5,5.5,False,True
4,ASR YOYO,Carnesecchi,P,6.5,5.5,True,False
4,ASR YOYO,Tsimikas,D,6.0,5.5,True,False
4,ASR YOYO,Akanji,D,6.5,6.5,True,False
4,ASR YOYO,Di Lorenzo,D,6.5,6.5,True,False
4,ASR YOYO,Zanoli,D,5.5,5.5,True,False
4,ASR YOYO,Pellegrini Lo.,C,6.0,6.0,True,False
4,ASR YOYO,Modric,C,6.5,6.5,True,False
4,ASR YOYO,Pasalic,C,6.0,6.0,True,False
4,ASR YOYO,Krstovic,A,6.0,6.0,True,False
4,ASR YOYO,Esposito F.P.,A,6.0,6.0,True,False
4,ASR YOYO,Kean,A,7.0,10.0,True,False
4,ASR YOYO,Sportiello,P,,,False,True
4,ASR YOYO,Rossi F.,P,,,False,True
4,ASR YOYO,Kalulu,D,6.0,6.0,False,True
4,ASR YOYO,Kelly L.,D,5.0,5.0,False,True
4,ASR YOYO,Ostigard,D,,,False,True
4,ASR YOYO,Scalvini,D,,,False,True
4,ASR YOYO,Tramoni M.,C,5.5,5.5,False,True
4,ASR YOYO,Maldini,C,6.0,6.0,False,True
4,ASR YOYO,Bernabè,C,5.5,5.5,False,True
4,ASR YOYO,Casadei,C,5.5,5.0,False,True
4,ASR YOYO,Carboni V.,C,6.0,6.0,False,True
4,ASR YOYO,Cambiaghi,A,8.0,13.0,False,True
4,ASR YOYO,De Ketelaere,A,,,False,True
4,ASR YOYO,Scamacca,A,,,False,True
4,ROMANHOLIDAY,Provedel,P,6.0,3.0,True,False
4,ROMANHOLIDAY,Carlos Augusto,D,6.0,6.0,True,False
4,ROMANHOLIDAY,Vasquez,D,6.0,6.0,True,False
4,ROMANHOLIDAY,Dumfries,D,6.0,6.0,True,False
4,ROMANHOLIDAY,Wesley,D,6.5,6.0,True,False
4,ROMANHOLIDAY,De Bruyne,C,6.5,6.5,True,False
4,ROMANHOLIDAY,Calhanoglu,C,,,False,False
4,ROMANHOLIDAY,Orsolini,C,7.0,10.0,True,False
4,ROMANHOLIDAY,Mkhitaryan,C,6.5,6.5,True,False
4,ROMANHOLIDAY,Cancellieri,A,8.0,14.0,True,False
4,ROMANHOLIDAY,Bonny,A,8.5,15.5,True,False
4,ROMANHOLIDAY,Falcone,P,6.5,7.5,False,True
4,ROMANHOLIDAY,Vasquez D.,P,,,False,True
4,ROMANHOLIDAY,Smolcic I.,D,5.5,5.0,False,True
4,ROMANHOLIDAY,Veiga D.,D,6.5,6.5,False,True
4,ROMANHOLIDAY,Nkounkou,D,6.5,7.5,False,True
4,ROMANHOLIDAY,Luis Henrique,C,6.0,6.0,True,True
4,ROMANHOLIDAY,Kaba,C,,,False,True
4,ROMANHOLIDAY,Iannoni,C,,,False,True
4,ROMANHOLIDAY,Ndour,C,6.0,6.0,False,True
4,ROMANHOLIDAY,Bonazzoli,A,6.5,9.5,False,True
4,ROMANHOLIDAY,Camarda,A,6.0,6.0,False,True
4,ROMANHOLIDAY,Ekhator,A,7.5,10.5,False,True
4,KAMADO,Svilar,P,5.5,4.5,True,False
4,KAMADO,Dimarco,D,8.0,12.0,True,False
4,KAMADO,Vojvoda,D,6.0,6.0,True,False
4,KAMADO,Cuadrado,D,5.5,5.0,True,False
4,KAMADO,Kristensen T.,D,,,False,False
4,KAMADO,Rowe,C,6.5,6.5,True,False
4,KAMADO,Rabiot,C,6.5,6.5,True,False
4,KAMADO,Zhegrova,C,,,False,False
4,KAMADO,Gimenez,A,6.5,6.5,True,False
4,KAMADO,Hojlund,A,7.0,11.0,True,False
4,KAMADO,Lucca,A,,,False,False
4,KAMADO,Butez,P,6.0,5.0,False,True
4,KAMADO,Sava,P,5.5,4.5,False,True
4,KAMADO,Frese,D,6.5,6.5,True,True
4,KAMADO,Ziolkowski,D,,,False,True
4,KAMADO,Lykogiannis,D,,,False,True
4,KAMADO,Sorensen O.,C,5.5,5.5,True,True
4,KAMADO,Volpato,C,6.0,6.0,False,True
4,KAMADO,Da Cunha,C,6.0,6.0,False,True
4,KAMADO,Diouf,C,5.5,5.5,False,True
4,KAMADO,Baturina,C,5.0,5.0,False,True
4,KAMADO,Stulic,A,5.5,5.5,True,True
4,KAMADO,Openda,A,6.0,6.0,False,True
4,TEAM PC,Skorupski,P,6.0,7.0,True,False
4,TEAM PC,Baschirotto,D,5.0,5.0,True,False
4,TEAM PC,Cambiaso,D,5.5,5.5,True,False
4,TEAM PC,Doig,D,6.0,6.0,True,False
4,TEAM PC,Zortea,D,6.0,6.0,True,False
4,TEAM PC,Atta,C,6.5,6.5,True,False
4,TEAM PC,Sucic P.,C,6.0,5.5,True,False
4,TEAM PC,Conceicao,C,6.5,6.5,True,False
4,TEAM PC,Vlahovic,A,6.0,6.0,True,False
4,TEAM PC,Laurientè,A,6.0,6.0,True,False
4,TEAM PC,Pinamonti,A,6.5,8.5,True,False
4,TEAM PC,Ravaglia F.,P,,,False,True
4,TEAM PC,Pessina Mas.,P,,,False,True
4,TEAM PC,N'Dicka,D,6.0,6.0,False,True
4,TEAM PC,Acerbi,D,,,False,True
4,TEAM PC,Gatti,D,5.5,5.0,False,True
4,TEAM PC,Koopmeiners,C,,,False,True
4,TEAM PC,Dele-Bashiru,C,,,False,True
4,TEAM PC,Rovella,C,,,False,True
4,TEAM PC,Anjorin,C,,,False,True
4,TEAM PC,Lorran,C,,,False,True
4,TEAM PC,Lookman,A,5.5,5.5,False,True
4,TEAM PC,Douvikas,A,5.5,5.5,False,True
4,TEAM PC,Zapata D.,A,,,False,True
4,TEAM PC,Bellanova,D,,,False,True
4,ROMINA&ROMOLO,Caprile,P,7.0,6.0,True,False
4,ROMINA&ROMOLO,Gosens,D,5.0,5.0,True,False
4,ROMINA&ROMOLO,Luperto,D,,,False,False
4,ROMINA&ROMOLO,Hien,D,7.0,7.0,True,False
4,ROMINA&ROMOLO,Valeri,D,6.0,6.0,True,False
4,ROMINA&ROMOLO,Saelemaekers,C,6.5,6.5,True,False
4,ROMINA&ROMOLO,Serdar,C,5.5,5.0,True,False
4,ROMINA&ROMOLO,Odgaard,C,6.5,9.5,True,False
4,ROMINA&ROMOLO,Mandragora,C,5.5,5.5,True,False
4,ROMINA&ROMOLO,Pellegrino M.,A,6.0,6.0,True,False
4,ROMINA&ROMOLO,Castellanos,A,6.0,5.5,True,False
4,ROMINA&ROMOLO,Giovane,A,6.0,6.0,False,True
4,ROMINA&ROMOLO,David,A,5.0,5.0,False,True
4,ROMINA&ROMOLO,Vardy,A,6.0,6.0,False,True
4,ROMINA&ROMOLO,Colombo,A,6.0,6.0,False,True
4,ROMINA&ROMOLO,Tourè I.,C,4.0,3.0,False,True
4,ROMINA&ROMOLO,Thorstvedt,C,6.5,6.5,False,True
4,ROMINA&ROMOLO,Vandeputte,C,6.0,7.0,False,True
4,ROMINA&ROMOLO,Stanciu,C,,,False,True
4,ROMINA&ROMOLO,Rrahmani,D,,,False,True
4,ROMINA&ROMOLO,Angori,D,5.5,5.5,True,True
4,ROMINA&ROMOLO,Tomori,D,6.0,6.0,False,True
4,ROMINA&ROMOLO,Martin,D,,,False,True
4,ROMINA&ROMOLO,Maignan,P,7.0,8.0,False,True
4,ROMINA&ROMOLO,Terracciano,P,,,False,True
4,OLD LIN,De Gea,P,6.0,4.0,True,False
4,OLD LIN,Circati,D,5.5,5.5,True,False
4,OLD LIN,Delprato,D,5.5,5.5,True,False
4,OLD LIN,Heggem,D,6.5,6.5,True,False
4,OLD LIN,Gudmundsson A.,C,5.0,4.5,True,False
4,OLD LIN,Barella,C,7.5,10.5,True,False
4,OLD LIN,Konè M.,C,6.5,6.5,True,False
4,OLD LIN,Vazquez,C,5.5,5.5,True,False
4,OLD LIN,Castro S.,A,,,False,False
4,OLD LIN,Martinez L.,A,7.0,10.0,True,False
4,OLD LIN,Berardi,A,,,False,False
4,OLD LIN,Montipò,P,6.5,7.5,False,True
4,OLD LIN,Turati,P,,,False,True
4,OLD LIN,Unai Nunez,D,6.0,6.0,False,True
4,OLD LIN,Gallo,D,7.0,7.5,False,True
4,OLD LIN,Ghilardi,D,,,False,True
4,OLD LIN,Ismajli,D,,,False,True
4,OLD LIN,Zappa,D,,,False,True
4,OLD LIN,Pierotti,C,6.0,6.0,False,True
4,OLD LIN,Ellertsson,C,5.5,5.5,False,True
4,OLD LIN,Gagliardini,C,6.0,6.0,False,True
4,OLD LIN,Guendouzi,C,,,False,True
4,OLD LIN,Esposito Se.,A,5.5,5.5,True,True
4,OLD LIN,Kuhn,A,,,False,True
4,OLD LIN,Sanabria,A,5.0,5.0,True,True
4,QICELLO,Meret,P,,,False,False
4,QICELLO,Tavares N.,D,6.0,6.0,True,False
4,QICELLO,Miranda J.,D,6.5,6.5,True,False
4,QICELLO,Gabbia,D,6.5,6.5,True,False
4,QICELLO,Rensch,D,6.0,6.0,True,False
4,QICELLO,Oristanio,C,,,False,False
4,QICELLO,Frattesi,C,6.0,6.0,True,False
4,QICELLO,McTominay,C,6.0,6.0,True,False
4,QICELLO,Isaksen,C,5.5,5.5,True,False
4,QICELLO,Lang,A,,,False,False
4,QICELLO,Yildiz,A,5.5,5.5,True,False
4,QICELLO,Milinkovic-Savic V.,P,6.0,5.0,True,True
4,QICELLO,Contini,P,,,False,True
4,QICELLO,Bisseck,D,,,False,True
4,QICELLO,Gutierrez,D,,,False,True
4,QICELLO,Joao Mario,D,,,False,True
4,QICELLO,Pavlovic,D,6.5,6.5,False,True
4,QICELLO,Vlasic,C,5.5,5.5,True,True
4,QICELLO,Ederson D.S.,C,6.0,6.0,False,True
4,QICELLO,Sarmiento J.,C,,,False,True
4,QICELLO,Collocolo,C,,,False,True
4,QICELLO,Morata,A,5.5,5.5,True,True
4,QICELLO,Adams C.,A,7.0,10.0,False,True
4,QICELLO,Piccoli,A,6.0,6.0,False,True
4,QICELLO,Diao,A,,,False,True
4,GOODBYE,Di Gregorio,P,6.0,7.0,True,False
4,GOODBYE,Mancini,D,6.0,6.0,True,False
4,GOODBYE,Bremer,D,,,False,False
4,GOODBYE,Hermoso,D,,,False,False
4,GOODBYE,Palestra,D,5.5,5.5,True,False
4,GOODBYE,Zalewski,C,,,False,False
4,GOODBYE,Cristante,C,7.0,10.5,True,False
4,GOODBYE,Locatelli,C,6.5,6.0,True,False
4,GOODBYE,Davis K.,A,6.0,6.0,True,False
4,GOODBYE,Dzeko,A,6.0,6.0,True,False
4,GOODBYE,Soulè,A,7.5,11.5,True,False
4,GOODBYE,Perin,P,,,False,True
4,GOODBYE,Pinsoglio,P,,,False,True
4,GOODBYE,Floriani Mussolini,D,4.5,4.5,True,True
4,GOODBYE,Calabresi,D,,,False,True
4,GOODBYE,Sernicola,D,,,False,True
4,GOODBYE,Van Der Brempt,D,,,False,True
4,GOODBYE,Adzic,C,,,False,True
4,GOODBYE,El Shaarawy,C,,,False,True
4,GOODBYE,Ilkhan,C,,,False,True
4,GOODBYE,Bailey,C,,,False,True
4,GOODBYE,Rog,C,,,False,True
4,GOODBYE,Dybala,A,6.0,6.0,False,True
4,GOODBYE,Benedyczak,A,5.5,5.5,False,True
4,GOODBYE,Milik,A,,,False,True
5,TEAM PC,Skorupski,P,,,False,False
5,TEAM PC,Baschirotto,D,5.5,5.5,True,False
5,TEAM PC,Cambiaso,D,5.5,5.5,True,False
5,TEAM PC,Doig,D,6.0,5.5,True,False
5,TEAM PC,Gatti,D,,,False,False
5,TEAM PC,Atta,C,6.5,6.5,True,False
5,TEAM PC,Koopmeiners,C,5.0,5.0,True,False
5,TEAM PC,Conceicao,C,5.5,5.5,True,False
5,TEAM PC,Vlahovic,A,5.5,5.5,True,False
5,TEAM PC,Laurientè,A,5.5,5.5,True,False
5,TEAM PC,Lookman,A,6.0,6.0,True,False
5,TEAM PC,Ravaglia F.,P,6.5,7.5,True,True
5,TEAM PC,Pessina Mas.,P,,,False,True
5,TEAM PC,N'Dicka,D,5.0,4.5,True,True
5,TEAM PC,Acerbi,D,6.5,6.5,False,True
5,TEAM PC,Sucic P.,C,6.0,5.5,False,True
5,TEAM PC,Lorran,C,,,False,True
5,TEAM PC,Dele-Bashiru,C,,,False,True
5,TEAM PC,Rovella,C,,,False,True
5,TEAM PC,Anjorin,C,,,False,True
5,TEAM PC,Douvikas,A,6.5,6.5,False,True
5,TEAM PC,Pinamonti,A,5.5,5.5,False,True
5,TEAM PC,Zapata D.,A,,,False,True
5,TEAM PC,Bellanova,D,,,False,True
5,TEAM PC,Zortea,D,,,False,True
5,ASR YOYO,Carnesecchi,P,6.0,7.0,True,False
5,ASR YOYO,Tsimikas,D,,,False,False
5,ASR YOYO,Scalvini,D,6.0,6.0,True,False
5,ASR YOYO,Akanji,D,6.5,6.5,True,False
5,ASR YOYO,Di Lorenzo,D,5.5,5.5,True,False
5,ASR YOYO,Pellegrini Lo.,C,5.5,5.5,True,False
5,ASR YOYO,Modric,C,6.5,6.5,True,False
5,ASR YOYO,Pasalic,C,6.0,5.5,True,False
5,ASR YOYO,Kean,A,6.0,6.0,True,False
5,ASR YOYO,Krstovic,A,6.0,6.0,True,False
5,ASR YOYO,De Ketelaere,A,6.0,5.5,True,False
5,ASR YOYO,Sportiello,P,,,False,True
5,ASR YOYO,Rossi F.,P,,,False,True
5,ASR YOYO,Kelly L.,D,6.0,5.5,True,True
5,ASR YOYO,Kalulu,D,5.5,5.5,False,True
5,ASR YOYO,Zanoli,D,6.5,7.5,False,True
5,ASR YOYO,Ostigard,D,6.0,6.0,False,True
5,ASR YOYO,Tramoni M.,C,,,False,True
5,ASR YOYO,Maldini,C,,,False,True
5,ASR YOYO,Carboni V.,C,5.5,5.5,False,True
5,ASR YOYO,Bernabè,C,6.0,6.0,False,True
5,ASR YOYO,Casadei,C,6.0,6.0,False,True
5,ASR YOYO,Cambiaghi,A,5.5,5.5,False,True
5,ASR YOYO,Scamacca,A,,,False,True
5,ASR YOYO,Esposito F.P.,A,6.0,6.0,False,True
5,ROMANHOLIDAY,Falcone,P,6.0,6.5,True,False
5,ROMANHOLIDAY,Carlos Augusto,D,,,False,False
5,ROMANHOLIDAY,Vasquez,D,6.5,6.5,True,False
5,ROMANHOLIDAY,Dumfries,D,6.0,6.0,True,False
5,ROMANHOLIDAY,Wesley,D,6.0,6.0,True,False
5,ROMANHOLIDAY,De Bruyne,C,6.0,6.0,True,False
5,ROMANHOLIDAY,Calhanoglu,C,6.5,6.5,True,False
5,ROMANHOLIDAY,Orsolini,C,7.0,10.0,True,False
5,ROMANHOLIDAY,Mkhitaryan,C,6.5,6.0,True,False
5,ROMANHOLIDAY,Cancellieri,A,6.0,6.0,True,False
5,ROMANHOLIDAY,Bonny,A,7.0,11.0,True,False
5,ROMANHOLIDAY,Provedel,P,6.5,7.5,False,True
5,ROMANHOLIDAY,Vasquez D.,P,,,False,True
5,ROMANHOLIDAY,Smolcic I.,D,6.0,5.5,True,True
5,ROMANHOLIDAY,Veiga D.,D,6.0,5.5,False,True
5,ROMANHOLIDAY,Nkounkou,D,6.0,6.0,False,True
5,ROMANHOLIDAY,Luis Henrique,C,,,False,True
5,ROMANHOLIDAY,Kaba,C,,,False,True
5,ROMANHOLIDAY,Iannoni,C,6.0,6.0,False,True
5,ROMANHOLIDAY,Ndour,C,,,False,True
5,ROMANHOLIDAY,Bonazzoli,A,6.0,6.0,False,True
5,ROMANHOLIDAY,Camarda,A,6.0,6.0,False,True
5,ROMANHOLIDAY,Ekhator,A,6.5,6.5,False,True
5,OLD LIN,De Gea,P,6.0,4.0,True,False
5,OLD LIN,Gallo,D,6.0,6.0,True,False
5,OLD LIN,Delprato,D,6.0,6.0,True,False
5,OLD LIN,Heggem,D,6.5,6.5,True,False
5,OLD LIN,Gudmundsson A.,C,6.0,6.0,True,False
5,OLD LIN,Barella,C,6.5,7.5,True,False
5,OLD LIN,Konè M.,C,6.5,6.5,True,False
5,OLD LIN,Vazquez,C,6.5,6.5,True,False
5,OLD LIN,Castro S.,A,6.0,6.0,True,False
5,OLD LIN,Martinez L.,A,5.5,5.0,True,False
5,OLD LIN,Berardi,A,5.5,5.0,True,False
5,OLD LIN,Montipò,P,6.0,7.0,False,True
5,OLD LIN,Turati,P,,,False,True
5,OLD LIN,Unai Nunez,D,6.5,6.0,False,True
5,OLD LIN,Circati,D,6.5,6.5,False,True
5,OLD LIN,Ghilardi,D,,,False,True
5,OLD LIN,Ismajli,D,,,False,True
5,OLD LIN,Zappa,D,6.0,6.0,False,True
5,OLD LIN,Ellertsson,C,5.5,5.5,False,True
5,OLD LIN,Guendouzi,C,6.0,6.0,False,True
5,OLD LIN,Pierotti,C,5.5,5.5,False,True
5,OLD LIN,Gagliardini,C,5.5,5.5,False,True
5,OLD LIN,Esposito Se.,A,6.0,5.5,False,True
5,OLD LIN,Kuhn,A,,,False,True
5,OLD LIN,Sanabria,A,,,False,True
5,DTE,Sommer,P,6.5,7.5,True,False
5,DTE,Valle,D,6.0,6.0,True,False
5,DTE,Tiago Gabriel,D,6.5,6.5,True,False
5,DTE,Solet,D,5.0,5.0,True,False
5,DTE,Ramon,D,6.0,6.0,True,False
5,DTE,Zaccagni,C,6.0,6.0,True,False
5,DTE,Paz N.,C,8.0,12.0,True,False
5,DTE,Frendrup,C,6.0,6.0,True,False
5,DTE,Leao,A,7.5,13.5,True,False
5,DTE,Ferguson E.,A,,,False,False
5,DTE,Nkunku,A,,,False,False
5,DTE,Martinez Jo.,P,,,False,True
5,DTE,Di Gennaro,P,,,False,True
5,DTE,Darmian,D,,,False,True
5,DTE,Lovik,D,,,False,True
5,DTE,Pezzella Giu.,D,5.5,5.5,False,True
5,DTE,Terracciano F.,D,7.0,10.0,False,True
5,DTE,Miller L.,C,,,False,True
5,DTE,Kostic,C,,,False,True
5,DTE,Lobotka,C,,,False,True
5,DTE,Zerbin,C,5.5,5.0,False,True
5,DTE,Asllani,C,6.0,6.0,False,True
5,DTE,Cutrone,A,6.0,6.0,True,True
5,DTE,Gueye,A,,,False,True
5,DTE,Ekuban,A,5.5,5.5,True,True
5,ROMINA&ROMOLO,Maignan,P,5.0,4.0,True,False
5,ROMINA&ROMOLO,Martin,D,,,False,False
5,ROMINA&ROMOLO,Hien,D,6.0,5.5,True,False
5,ROMINA&ROMOLO,Tomori,D,6.0,5.5,True,False
5,ROMINA&ROMOLO,Gosens,D,6.5,9.5,True,False
5,ROMINA&ROMOLO,Vandeputte,C,6.5,7.0,True,False
5,ROMINA&ROMOLO,Odgaard,C,7.0,8.0,True,False
5,ROMINA&ROMOLO,Saelemaekers,C,5.5,5.5,True,False
5,ROMINA&ROMOLO,Vardy,A,5.5,5.0,True,False
5,ROMINA&ROMOLO,Pellegrino M.,A,5.5,5.5,True,False
5,ROMINA&ROMOLO,Giovane,A,5.5,5.5,True,False
5,ROMINA&ROMOLO,David,A,5.0,5.0,False,True
5,ROMINA&ROMOLO,Colombo,A,5.5,5.0,False,True
5,ROMINA&ROMOLO,Castellanos,A,,,False,True
5,ROMINA&ROMOLO,Serdar,C,6.5,6.5,False,True
5,ROMINA&ROMOLO,Thorstvedt,C,5.5,5.5,False,True
5,ROMINA&ROMOLO,Mandragora,C,6.0,6.0,False,True
5,ROMINA&ROMOLO,Stanciu,C,,,False,True
5,ROMINA&ROMOLO,Angori,D,5.5,5.5,True,True
5,ROMINA&ROMOLO,Luperto,D,5.5,5.5,False,True
5,ROMINA&ROMOLO,Rrahmani,D,,,False,True
5,ROMINA&ROMOLO,Valeri,D,,,False,True
5,ROMINA&ROMOLO,Terracciano,P,,,False,True
5,ROMINA&ROMOLO,Caprile,P,6.5,4.5,False,True
5,GOODBYE,Di Gregorio,P,6.0,4.0,True,False
5,GOODBYE,Mancini,D,6.5,6.5,True,False
5,GOODBYE,Bremer,D,,,False,False
5,GOODBYE,Hermoso,D,5.5,5.0,True,False
5,GOODBYE,Zalewski,C,,,False,False
5,GOODBYE,Cristante,C,6.0,6.0,True,False
5,GOODBYE,Locatelli,C,6.0,6.0,True,False
5,GOODBYE,Bailey,C,6.0,6.0,True,False
5,GOODBYE,Davis K.,A,6.0,6.0,True,False
5,GOODBYE,Dybala,A,6.0,6.0,True,False
5,GOODBYE,Soulè,A,5.5,5.5,True,False
5,GOODBYE,Perin,P,,,False,True
5,GOODBYE,Pinsoglio,P,,,False,True
5,GOODBYE,Palestra,D,6.5,6.5,True,True
5,GOODBYE,Floriani Mussolini,D,,,False,True
5,GOODBYE,Calabresi,D,,,False,True
5,GOODBYE,Sernicola,D,,,False,True
5,GOODBYE,Van Der Brempt,D,,,False,True
5,GOODBYE,El Shaarawy,C,,,False,True
5,GOODBYE,Adzic,C,,,False,True
5,GOODBYE,Ilkhan,C,,,False,True
5,GOODBYE,Rog,C,,,False,True
5,GOODBYE,Dzeko,A,,,False,True
5,GOODBYE,Benedyczak,A,,,False,True
5,GOODBYE,Milik,A,,,False,True
5,KAMADO,Sava,P,,,False,False
5,KAMADO,Dimarco,D,6.0,6.0,True,False
5,KAMADO,Vojvoda,D,6.5,6.5,True,False
5,KAMADO,Cuadrado,D,6.0,6.0,True,False
5,KAMADO,Frese,D,6.0,5.5,True,False
5,KAMADO,Rowe,C,,,False,False
5,KAMADO,Volpato,C,,,False,False
5,KAMADO,Zhegrova,C,,,False,False
5,KAMADO,Gimenez,A,6.5,6.5,True,False
5,KAMADO,Hojlund,A,,,False,False
5,KAMADO,Lucca,A,5.0,5.0,True,False
5,KAMADO,Svilar,P,5.5,4.5,True,True
5,KAMADO,Butez,P,6.0,7.0,False,True
5,KAMADO,Lykogiannis,D,6.0,5.5,False,True
5,KAMADO,Ziolkowski,D,6.0,5.5,False,True
5,KAMADO,Sorensen O.,C,6.0,6.0,True,True
5,KAMADO,Baturina,C,,,False,True
5,KAMADO,Da Cunha,C,6.5,6.5,True,True
5,KAMADO,Diouf,C,,,False,True
5,KAMADO,Stulic,A,6.0,6.0,True,True
5,KAMADO,Openda,A,,,False,True
5,KAMADO,Rabiot,C,,,False,True
5,KAMADO,Kristensen T.,D,,,False,True
5,KAMADO,Estupinan,D,,,False,True
5,HISASHI MITSUI,Leali,P,6.0,7.0,True,False
5,HISASHI MITSUI,Olivera,D,5.0,5.0,True,False
5,HISASHI MITSUI,Bastoni,D,6.5,6.5,True,False
5,HISASHI MITSUI,Buongiorno,D,6.0,6.0,True,False
5,HISASHI MITSUI,Mina,D,5.5,5.5,True,False
5,HISASHI MITSUI,Loftus-Cheek,C,,,False,False
5,HISASHI MITSUI,Zambo Anguissa,C,6.0,6.0,True,False
5,HISASHI MITSUI,Politano,C,6.5,6.5,True,False
5,HISASHI MITSUI,Orban G.,A,5.0,5.0,True,False
5,HISASHI MITSUI,Dovbyk,A,5.0,5.0,True,False
5,HISASHI MITSUI,Dia,A,5.0,5.0,True,False
5,HISASHI MITSUI,Siegrist,P,,,False,True
5,HISASHI MITSUI,Sommariva,P,,,False,True
5,HISASHI MITSUI,Dodò,D,6.0,6.0,False,True
5,HISASHI MITSUI,Vitik,D,6.5,6.5,False,True
5,HISASHI MITSUI,Coco,D,7.0,7.0,False,True
5,HISASHI MITSUI,Angelino,D,,,False,True
5,HISASHI MITSUI,Thuram K.,C,6.0,6.0,True,True
5,HISASHI MITSUI,El Aynaoui,C,,,False,True
5,HISASHI MITSUI,Fagioli,C,6.0,6.0,False,True
5,HISASHI MITSUI,Baldanzi,C,6.0,5.5,False,True
5,HISASHI MITSUI,Pulisic,C,,,False,True
5,HISASHI MITSUI,Simeone,A,7.5,11.5,False,True
5,HISASHI MITSUI,Borrelli,A,5.5,5.5,False,True
5,HISASHI MITSUI,Meister,A,,,False,True
5,QICELLO,Milinkovic-Savic V.,P,6.0,5.0,True,False
5,QICELLO,Miranda J.,D,6.5,6.0,True,False
5,QICELLO,Pavlovic,D,6.0,6.5,True,False
5,QICELLO,Gabbia,D,5.5,5.5,True,False
5,QICELLO,Tavares N.,D,5.5,5.5,True,False
5,QICELLO,McTominay,C,,,False,False
5,QICELLO,Ederson D.S.,C,6.0,6.0,True,False
5,QICELLO,Frattesi,C,6.0,6.0,True,False
5,QICELLO,Lang,A,6.0,5.5,True,False
5,QICELLO,Yildiz,A,6.0,6.0,True,False
5,QICELLO,Morata,A,6.0,6.0,True,False
5,QICELLO,Meret,P,,,False,True
5,QICELLO,Contini,P,,,False,True
5,QICELLO,Rensch,D,,,False,True
5,QICELLO,Gutierrez,D,,,False,True
5,QICELLO,Joao Mario,D,,,False,True
5,QICELLO,Bisseck,D,,,False,True
5,QICELLO,Isaksen,C,6.0,6.0,True,True
5,QICELLO,Vlasic,C,6.5,6.5,False,True
5,QICELLO,Sarmiento J.,C,6.0,6.0,False,True
5,QICELLO,Collocolo,C,,,False,True
5,QICELLO,Oristanio,C,,,False,True
5,QICELLO,Adams C.,A,6.5,6.5,False,True
5,QICELLO,Piccoli,A,5.5,5.5,False,True
5,QICELLO,Diao,A,,,False,True
6,ASR YOYO,Carnesecchi,P,6.5,5.5,True,False
6,ASR YOYO,Zanoli,D,6.0,6.0,True,False
6,ASR YOYO,Kelly L.,D,5.5,5.0,True,False
6,ASR YOYO,Akanji,D,5.0,5.0,True,False
6,ASR YOYO,Di Lorenzo,D,6.5,6.0,True,False
6,ASR YOYO,Pellegrini Lo.,C,6.5,6.5,True,False
6,ASR YOYO,Modric,C,6.5,7.5,True,False
6,ASR YOYO,Pasalic,C,5.5,5.5,True,False
6,ASR YOYO,Kean,A,7.0,10.0,True,False
6,ASR YOYO,Scamacca,A,6.0,5.5,True,False
6,ASR YOYO,De Ketelaere,A,5.5,5.5,True,False
6,ASR YOYO,Sportiello,P,,,False,True
6,ASR YOYO,Rossi F.,P,,,False,True
6,ASR YOYO,Tsimikas,D,6.0,6.0,False,True
6,ASR YOYO,Kalulu,D,6.0,6.0,False,True
6,ASR YOYO,Ostigard,D,6.0,6.0,False,True
6,ASR YOYO,Scalvini,D,,,False,True
6,ASR YOYO,Maldini,C,,,False,True
6,ASR YOYO,Casadei,C,5.5,5.0,False,True
6,ASR YOYO,Tramoni M.,C,5.0,5.0,False,True
6,ASR YOYO,Bernabè,C,6.5,6.5,False,True
6,ASR YOYO,Carboni V.,C,,,False,True
6,ASR YOYO,Krstovic,A,5.0,5.0,False,True
6,ASR YOYO,Esposito F.P.,A,5.5,5.5,False,True
6,ASR YOYO,Cambiaghi,A,7.0,10.0,False,True
6,GOODBYE,Di Gregorio,P,,,False,False
6,GOODBYE,Mancini,D,6.5,6.0,True,False
6,GOODBYE,Bremer,D,,,False,False
6,GOODBYE,Hermoso,D,6.0,5.5,True,False
6,GOODBYE,Zalewski,C,6.0,6.0,True,False
6,GOODBYE,Cristante,C,6.5,6.5,True,False
6,GOODBYE,Locatelli,C,6.0,5.5,True,False
6,GOODBYE,Bailey,C,6.0,6.0,True,False
6,GOODBYE,Davis K.,A,7.0,9.5,True,False
6,GOODBYE,Dybala,A,7.0,11.0,True,False
6,GOODBYE,Soulè,A,6.0,6.0,True,False
6,GOODBYE,Perin,P,6.0,5.0,True,True
6,GOODBYE,Pinsoglio,P,,,False,True
6,GOODBYE,Palestra,D,5.5,5.5,True,True
6,GOODBYE,Floriani Mussolini,D,5.5,5.0,False,True
6,GOODBYE,Calabresi,D,6.0,6.0,False,True
6,GOODBYE,Sernicola,D,,,False,True
6,GOODBYE,Van Der Brempt,D,,,False,True
6,GOODBYE,El Shaarawy,C,,,False,True
6,GOODBYE,Adzic,C,,,False,True
6,GOODBYE,Ilkhan,C,,,False,True
6,GOODBYE,Rog,C,,,False,True
6,GOODBYE,Dzeko,A,5.5,5.0,False,True
6,GOODBYE,Benedyczak,A,6.0,6.0,False,True
6,GOODBYE,Milik,A,,,False,True
6,KAMADO,Svilar,P,6.5,7.5,True,False
6,KAMADO,Dimarco,D,6.0,6.0,True,False
6,KAMADO,Ziolkowski,D,,,False,False
6,KAMADO,Frese,D,,,False,False
6,KAMADO,Vojvoda,D,6.0,6.0,True,False
6,KAMADO,Rowe,C,6.0,5.5,True,False
6,KAMADO,Da Cunha,C,6.0,6.0,True,False
6,KAMADO,Zhegrova,C,,,False,False
6,KAMADO,Gimenez,A,5.5,5.5,True,False
6,KAMADO,Hojlund,A,,,False,False
6,KAMADO,Lucca,A,,,False,False
6,KAMADO,Butez,P,6.5,7.5,False,True
6,KAMADO,Sava,P,,,False,True
6,KAMADO,Cuadrado,D,7.0,9.0,True,True
6,KAMADO,Lykogiannis,D,,,False,True
6,KAMADO,Baturina,C,6.0,6.0,True,True
6,KAMADO,Sorensen O.,C,6.0,6.0,False,True
6,KAMADO,Volpato,C,5.5,5.0,False,True
6,KAMADO,Diouf,C,,,False,True
6,KAMADO,Stulic,A,5.5,5.0,True,True
6,KAMADO,Openda,A,6.0,6.0,True,True
6,KAMADO,Rabiot,C,,,False,True
6,KAMADO,Kristensen T.,D,,,False,True
6,KAMADO,Estupinan,D,,,False,True
6,HISASHI MITSUI,Leali,P,7.5,5.5,True,False
6,HISASHI MITSUI,Bastoni,D,6.0,5.5,True,False
6,HISASHI MITSUI,Mina,D,,,False,False
6,HISASHI MITSUI,Buongiorno,D,5.5,5.5,True,False
6,HISASHI MITSUI,Dodò,D,6.0,6.0,True,False
6,HISASHI MITSUI,El Aynaoui,C,6.0,6.0,True,False
6,HISASHI MITSUI,Zambo Anguissa,C,7.5,10.5,True,False
6,HISASHI MITSUI,Politano,C,6.0,6.0,True,False
6,HISASHI MITSUI,Orban G.,A,6.5,9.5,True,False
6,HISASHI MITSUI,Dovbyk,A,6.5,6.5,True,False
6,HISASHI MITSUI,Simeone,A,5.5,5.5,True,False
6,HISASHI MITSUI,Siegrist,P,,,False,True
6,HISASHI MITSUI,Sommariva,P,,,False,True
6,HISASHI MITSUI,Coco,D,6.0,6.0,True,True
6,HISASHI MITSUI,Vitik,D,,,False,True
6,HISASHI MITSUI,Olivera,D,5.5,5.5,False,True
6,HISASHI MITSUI,Angelino,D,,,False,True
6,HISASHI MITSUI,Thuram K.,C,5.5,5.5,False,True
6,HISASHI MITSUI,Baldanzi,C,,,False,True
6,HISASHI MITSUI,Fagioli,C,5.5,5.5,False,True
6,HISASHI MITSUI,Loftus-Cheek,C,,,False,True
6,HISASHI MITSUI,Pulisic,C,,,False,True
6,HISASHI MITSUI,Dia,A,6.0,6.0,False,True
6,HISASHI MITSUI,Borrelli,A,6.0,5.5,False,True
6,HISASHI MITSUI,Meister,A,5.5,5.5,False,True
6,ROMINA&ROMOLO,Maignan,P,5.5,3.5,True,False
6,ROMINA&ROMOLO,Martin,D,,,False,False
6,ROMINA&ROMOLO,Luperto,D,,,False,False
6,ROMINA&ROMOLO,Hien,D,6.0,6.0,True,False
6,ROMINA&ROMOLO,Gosens,D,5.0,4.5,True,False
6,ROMINA&ROMOLO,Mandragora,C,5.5,5.5,True,False
6,ROMINA&ROMOLO,Odgaard,C,,,False,False
6,ROMINA&ROMOLO,Saelemaekers,C,6.0,6.0,True,False
6,ROMINA&ROMOLO,David,A,5.0,5.0,True,False
6,ROMINA&ROMOLO,Pellegrino M.,A,6.0,6.0,True,False
6,ROMINA&ROMOLO,Giovane,A,7.0,9.0,True,False
6,ROMINA&ROMOLO,Vardy,A,7.0,9.5,False,True
6,ROMINA&ROMOLO,Colombo,A,,,False,True
6,ROMINA&ROMOLO,Castellanos,A,,,False,True
6,ROMINA&ROMOLO,Vandeputte,C,6.5,6.5,True,True
6,ROMINA&ROMOLO,Serdar,C,6.0,6.0,False,True
6,ROMINA&ROMOLO,Thorstvedt,C,5.0,4.5,False,True
6,ROMINA&ROMOLO,Tourè I.,C,6.0,6.0,False,True
6,ROMINA&ROMOLO,Stanciu,C,,,False,True
6,ROMINA&ROMOLO,Tomori,D,,,False,True
6,ROMINA&ROMOLO,Angori,D,,,False,True
6,ROMINA&ROMOLO,Rrahmani,D,,,False,True
6,ROMINA&ROMOLO,Valeri,D,,,False,True
6,ROMINA&ROMOLO,Terracciano,P,,,False,True
6,ROMINA&ROMOLO,Caprile,P,7.5,5.5,False,True
6,ROMANHOLIDAY,Provedel,P,6.0,7.0,True,False
6,ROMANHOLIDAY,Carlos Augusto,D,,,False,False
6,ROMANHOLIDAY,Vasquez,D,6.0,6.0,True,False
6,ROMANHOLIDAY,Dumfries,D,5.5,5.5,True,False
6,ROMANHOLIDAY,Wesley,D,6.0,6.0,True,False
6,ROMANHOLIDAY,De Bruyne,C,7.0,9.0,True,False
6,ROMANHOLIDAY,Calhanoglu,C,7.0,9.0,True,False
6,ROMANHOLIDAY,Orsolini,C,6.0,6.0,True,False
6,ROMANHOLIDAY,Mkhitaryan,C,5.5,5.5,True,False
6,ROMANHOLIDAY,Ekhator,A,6.0,5.5,True,False
6,ROMANHOLIDAY,Bonny,A,5.5,5.5,True,False
6,ROMANHOLIDAY,Falcone,P,6.0,3.0,False,True
6,ROMANHOLIDAY,Vasquez D.,P,,,False,True
6,ROMANHOLIDAY,Smolcic I.,D,5.5,5.5,True,True
6,ROMANHOLIDAY,Veiga D.,D,5.0,5.0,False,True
6,ROMANHOLIDAY,Pellegrini Lu.,D,6.0,6.0,False,True
6,ROMANHOLIDAY,Luis Henrique,C,5.5,5.5,False,True
6,ROMANHOLIDAY,Kaba,C,,,False,True
6,ROMANHOLIDAY,Iannoni,C,,,False,True
6,ROMANHOLIDAY,Ndour,C,6.0,6.0,False,True
6,ROMANHOLIDAY,Bonazzoli,A,,,False,True
6,ROMANHOLIDAY,Camarda,A,6.0,6.0,False,True
6,QICELLO,Milinkovic-Savic V.,P,6.5,5.5,True,False
6,QICELLO,Pavlovic,D,6.0,6.0,True,False
6,QICELLO,Gabbia,D,5.5,5.5,True,False
6,QICELLO,Miranda J.,D,6.5,6.5,True,False
6,QICELLO,McTominay,C,7.0,11.0,True,False
6,QICELLO,Frattesi,C,6.0,6.0,True,False
6,QICELLO,Ederson D.S.,C,6.5,6.5,True,False
6,QICELLO,Isaksen,C,7.0,7.0,True,False
6,QICELLO,Adams C.,A,5.5,5.5,True,False
6,QICELLO,Yildiz,A,6.0,6.0,True,False
6,QICELLO,Morata,A,5.5,5.5,True,False
6,QICELLO,Meret,P,,,False,True
6,QICELLO,Contini,P,,,False,True
6,QICELLO,Rensch,D,,,False,True
6,QICELLO,Gutierrez,D,,,False,True
6,QICELLO,Joao Mario,D,,,False,True
6,QICELLO,Bisseck,D,,,False,True
6,QICELLO,Tavares N.,D,,,False,True
6,QICELLO,Vlasic,C,5.5,5.0,False,True
6,QICELLO,Sarmiento J.,C,6.0,6.0,False,True
6,QICELLO,Collocolo,C,,,False,True
6,QICELLO,Oristanio,C,,,False,True
6,QICELLO,Lang,A,,,False,True
6,QICELLO,Diao,A,5.5,5.5,False,True
6,QICELLO,Piccoli,A,,,False,True
6,DTE,Sommer,P,6.0,3.0,True,False
6,DTE,Valle,D,,,False,False
6,DTE,Tiago Gabriel,D,5.5,5.5,True,False
6,DTE,Solet,D,6.0,6.0,True,False
6,DTE,Terracciano F.,D,7.0,7.0,True,False
6,DTE,Zaccagni,C,6.0,6.0,True,False
6,DTE,Paz N.,C,5.5,5.5,True,False
6,DTE,Miller L.,C,,,False,False
6,DTE,Leao,A,7.0,10.0,True,False
6,DTE,Ferguson E.,A,,,False,False
6,DTE,Nkunku,A,5.5,5.5,True,False
6,DTE,Martinez Jo.,P,,,False,True
6,DTE,Di Gennaro,P,,,False,True
6,DTE,Darmian,D,,,False,True
6,DTE,Ramon,D,,,False,True
6,DTE,Lovik,D,,,False,True
6,DTE,Pezzella Giu.,D,,,False,True
6,DTE,Kostic,C,5.5,5.5,True,True
6,DTE,Lobotka,C,,,False,True
6,DTE,Zerbin,C,6.5,6.5,False,True
6,DTE,Frendrup,C,6.0,5.5,False,True
6,DTE,Asllani,C,5.0,5.0,False,True
6,DTE,Cutrone,A,6.0,6.0,True,True
6,DTE,Gueye,A,,,False,True
6,DTE,Ekuban,A,5.5,5.5,False,True
6,OLD LIN,De Gea,P,6.0,4.0,True,False
6,OLD LIN,Unai Nunez,D,6.0,6.0,True,False
6,OLD LIN,Delprato,D,6.0,6.0,True,False
6,OLD LIN,Circati,D,6.5,6.5,True,False
6,OLD LIN,Gudmundsson A.,C,6.5,8.0,True,False
6,OLD LIN,Barella,C,6.0,6.0,True,False
6,OLD LIN,Konè M.,C,6.5,6.5,True,False
6,OLD LIN,Vazquez,C,,,False,False
6,OLD LIN,Castro S.,A,7.0,10.0,True,False
6,OLD LIN,Martinez L.,A,5.0,5.0,True,False
6,OLD LIN,Berardi,A,5.5,5.5,True,False
6,OLD LIN,Montipò,P,6.0,4.0,False,True
6,OLD LIN,Turati,P,,,False,True
6,OLD LIN,Gallo,D,5.5,5.5,False,True
6,OLD LIN,Heggem,D,6.0,6.0,False,True
6,OLD LIN,Ghilardi,D,,,False,True
6,OLD LIN,Zappa,D,5.0,5.0,False,True
6,OLD LIN,Ismajli,D,6.0,6.0,False,True
6,OLD LIN,Guendouzi,C,6.5,6.0,True,True
6,OLD LIN,Ellertsson,C,5.5,5.5,False,True
6,OLD LIN,Pierotti,C,6.5,6.5,False,True
6,OLD LIN,Gagliardini,C,7.0,9.5,False,True
6,OLD LIN,Esposito Se.,A,,,False,True
6,OLD LIN,Kuhn,A,6.0,6.0,False,True
6,OLD LIN,Sanabria,A,6.0,6.0,False,True
6,TEAM PC,Skorupski,P,7.0,5.0,True,False
6,TEAM PC,Acerbi,D,5.0,5.0,True,False
6,TEAM PC,Cambiaso,D,6.0,6.0,True,False
6,TEAM PC,Doig,D,6.0,5.5,True,False
6,TEAM PC,Gatti,D,5.5,5.5,True,False
6,TEAM PC,Atta,C,7.5,9.5,True,False
6,TEAM PC,Sucic P.,C,6.0,6.0,True,False
6,TEAM PC,Conceicao,C,6.0,6.0,True,False
6,TEAM PC,Douvikas,A,6.0,6.0,True,False
6,TEAM PC,Laurientè,A,,,False,False
6,TEAM PC,Vlahovic,A,5.5,5.5,True,False
6,TEAM PC,Ravaglia F.,P,,,False,True
6,TEAM PC,Pessina Mas.,P,,,False,True
6,TEAM PC,N'Dicka,D,6.0,6.0,False,True
6,TEAM PC,Lorran,C,,,False,True
6,TEAM PC,Dele-Bashiru,C,,,False,True
6,TEAM PC,Rovella,C,,,False,True
6,TEAM PC,Anjorin,C,,,False,True
6,TEAM PC,Pinamonti,A,5.0,5.0,True,True
6,TEAM PC,Bellanova,D,5.5,5.5,False,True
6,TEAM PC,Zortea,D,,,False,True
6,TEAM PC,Baschirotto,D,6.5,6.5,False,True
6,TEAM PC,Koopmeiners,C,6.0,5.5,False,True
6,TEAM PC,Lookman,A,6.0,6.0,False,True
6,TEAM PC,Zapata D.,A,,,False,True
7,TEAM PC,Skorupski,P,6.0,7.0,True,False
7,TEAM PC,Acerbi,D,,,False,False
7,TEAM PC,Cambiaso,D,6.5,7.5,True,False
7,TEAM PC,Doig,D,,,False,False
7,TEAM PC,Zortea,D,6.0,6.0,True,False
7,TEAM PC,Atta,C,6.0,6.0,True,False
7,TEAM PC,Koopmeiners,C,,,False,False
7,TEAM PC,Conceicao,C,,,False,False
7,TEAM PC,Douvikas,A,7.0,10.0,True,False
7,TEAM PC,Laurientè,A,7.0,10.0,True,False
7,TEAM PC,Lookman,A,7.0,11.0,True,False
7,TEAM PC,Ravaglia F.,P,,,False,True
7,TEAM PC,Pessina Mas.,P,,,False,True
7,TEAM PC,N'Dicka,D,6.0,6.0,True,True
7,TEAM PC,Lorran,C,,,False,True
7,TEAM PC,Dele-Bashiru,C,,,False,True
7,TEAM PC,Rovella,C,,,False,True
7,TEAM PC,Anjorin,C,,,False,True
7,TEAM PC,Vlahovic,A,7.0,9.0,False,True
7,TEAM PC,Pinamonti,A,7.0,11.0,False,True
7,TEAM PC,Bellanova,D,6.0,6.0,True,True
7,TEAM PC,Baschirotto,D,6.5,6.5,False,True
7,TEAM PC,Zapata D.,A,,,False,True
7,TEAM PC,Gatti,D,7.0,11.0,False,True
7,TEAM PC,Sucic P.,C,7.0,10.0,True,True
7,ROMANHOLIDAY,Provedel,P,6.5,7.5,True,False
7,ROMANHOLIDAY,Carlos Augusto,D,,,False,False
7,ROMANHOLIDAY,Vasquez,D,6.0,6.0,True,False
7,ROMANHOLIDAY,Dumfries,D,6.0,6.0,True,False
7,ROMANHOLIDAY,Wesley,D,6.0,6.0,True,False
7,ROMANHOLIDAY,Luis Henrique,C,,,False,False
7,ROMANHOLIDAY,Calhanoglu,C,8.0,14.0,True,False
7,ROMANHOLIDAY,Orsolini,C,5.5,5.5,True,False
7,ROMANHOLIDAY,Bonazzoli,A,8.0,15.0,True,False
7,ROMANHOLIDAY,Ekhator,A,5.0,5.0,True,False
7,ROMANHOLIDAY,Bonny,A,6.5,6.5,True,False
7,ROMANHOLIDAY,Falcone,P,6.0,5.0,False,True
7,ROMANHOLIDAY,Vasquez D.,P,,,False,True
7,ROMANHOLIDAY,Veiga D.,D,6.5,6.5,True,True
7,ROMANHOLIDAY,Pellegrini Lu.,D,5.5,5.5,False,True
7,ROMANHOLIDAY,Kaba,C,,,False,True
7,ROMANHOLIDAY,Iannoni,C,,,False,True
7,ROMANHOLIDAY,Camarda,A,5.0,3.0,False,True
7,ROMANHOLIDAY,Smolcic I.,D,,,False,True
7,ROMANHOLIDAY,Ndour,C,5.5,5.5,True,True
7,DTE,Sommer,P,6.0,7.0,True,False
7,DTE,Valle,D,6.5,7.5,True,False
7,DTE,Ramon,D,6.5,6.5,True,False
7,DTE,Tiago Gabriel,D,6.0,6.0,True,False
7,DTE,Zaccagni,C,6.0,6.0,True,False
7,DTE,Paz N.,C,6.0,5.5,True,False
7,DTE,Miller L.,C,6.0,5.5,True,False
7,DTE,Frendrup,C,5.5,5.5,True,False
7,DTE,Leao,A,5.5,5.5,True,False
7,DTE,Ferguson E.,A,,,False,False
7,DTE,Nkunku,A,5.5,5.5,True,False
7,DTE,Martinez Jo.,P,,,False,True
7,DTE,Di Gennaro,P,,,False,True
7,DTE,Darmian,D,,,False,True
7,DTE,Terracciano F.,D,6.5,6.5,False,True
7,DTE,Solet,D,6.0,6.0,False,True
7,DTE,Lovik,D,,,False,True
7,DTE,Pezzella Giu.,D,,,False,True
7,DTE,Kostic,C,6.5,6.5,False,True
7,DTE,Zerbin,C,,,False,True
7,DTE,Lobotka,C,,,False,True
7,DTE,Asllani,C,,,False,True
7,DTE,Cutrone,A,5.5,5.5,True,True
7,DTE,Gueye,A,,,False,True
7,DTE,Ekuban,A,5.0,5.0,False,True
7,KAMADO,Svilar,P,7.0,6.0,True,False
7,KAMADO,Dimarco,D,6.5,6.5,True,False
7,KAMADO,Ziolkowski,D,,,False,False
7,KAMADO,Cuadrado,D,6.5,6.0,True,False
7,KAMADO,Vojvoda,D,7.0,10.0,True,False
7,KAMADO,Rowe,C,,,False,False
7,KAMADO,Da Cunha,C,6.5,6.5,True,False
7,KAMADO,Zhegrova,C,,,False,False
7,KAMADO,Lucca,A,5.5,5.5,True,False
7,KAMADO,Hojlund,A,5.5,5.5,True,False
7,KAMADO,Rodriguez Je.,A,6.5,7.5,True,False
7,KAMADO,Openda,A,6.0,6.0,False,True
7,KAMADO,Gimenez,A,5.0,4.5,False,True
7,KAMADO,Stulic,A,5.5,5.5,False,True
7,KAMADO,Baturina,C,,,False,True
7,KAMADO,Volpato,C,7.0,8.0,True,True
7,KAMADO,Diouf,C,,,False,True
7,KAMADO,Sorensen O.,C,5.5,5.5,True,True
7,KAMADO,Lykogiannis,D,6.5,6.0,True,True
7,KAMADO,Frese,D,5.5,5.5,False,True
7,KAMADO,Butez,P,5.5,4.5,False,True
7,KAMADO,Sava,P,,,False,True
7,KAMADO,Kristensen T.,D,,,False,True
7,KAMADO,Rabiot,C,,,False,True
7,KAMADO,Estupinan,D,,,False,True
7,GOODBYE,Di Gregorio,P,6.0,4.5,True,False
7,GOODBYE,Mancini,D,6.5,6.5,True,False
7,GOODBYE,Bremer,D,,,False,False
7,GOODBYE,Hermoso,D,7.0,10.0,True,False
7,GOODBYE,Zalewski,C,,,False,False
7,GOODBYE,Cristante,C,6.5,6.5,True,False
7,GOODBYE,Locatelli,C,6.0,6.0,True,False
7,GOODBYE,Bailey,C,5.5,5.5,True,False
7,GOODBYE,Davis K.,A,5.5,5.5,True,False
7,GOODBYE,Dybala,A,6.5,7.5,True,False
7,GOODBYE,Soulè,A,6.0,6.0,True,False
7,GOODBYE,Perin,P,,,False,True
7,GOODBYE,Pinsoglio,P,,,False,True
7,GOODBYE,Palestra,D,6.5,6.5,True,True
7,GOODBYE,Floriani Mussolini,D,6.0,6.0,False,True
7,GOODBYE,Calabresi,D,6.0,6.0,False,True
7,GOODBYE,Sernicola,D,,,False,True
7,GOODBYE,Van Der Brempt,D,,,False,True
7,GOODBYE,El Shaarawy,C,,,False,True
7,GOODBYE,Adzic,C,,,False,True
7,GOODBYE,Ilkhan,C,,,False,True
7,GOODBYE,Rog,C,,,False,True
7,GOODBYE,Dzeko,A,6.0,6.0,False,True
7,GOODBYE,Benedyczak,A,6.5,7.5,False,True
7,GOODBYE,Milik,A,,,False,True
7,OLD LIN,De Gea,P,7.5,4.5,True,False
7,OLD LIN,Gallo,D,6.0,6.0,True,False
7,OLD LIN,Ismajli,D,6.0,5.5,True,False
7,OLD LIN,Delprato,D,5.5,5.0,True,False
7,OLD LIN,Gudmundsson A.,C,5.5,5.5,True,False
7,OLD LIN,Barella,C,6.5,7.5,True,False
7,OLD LIN,Konè M.,C,7.0,7.0,True,False
7,OLD LIN,Vazquez,C,6.0,6.0,True,False
7,OLD LIN,Castro S.,A,5.5,5.5,True,False
7,OLD LIN,Martinez L.,A,6.0,7.0,True,False
7,OLD LIN,Berardi,A,,,False,False
7,OLD LIN,Montipò,P,6.0,3.0,False,True
7,OLD LIN,Turati,P,,,False,True
7,OLD LIN,Circati,D,7.0,10.0,False,True
7,OLD LIN,Heggem,D,,,False,True
7,OLD LIN,Ghilardi,D,,,False,True
7,OLD LIN,Zappa,D,6.5,6.5,False,True
7,OLD LIN,Unai Nunez,D,,,False,True
7,OLD LIN,Ellertsson,C,5.5,5.5,False,True
7,OLD LIN,Guendouzi,C,6.0,5.5,False,True
7,OLD LIN,Pierotti,C,5.5,5.5,False,True
7,OLD LIN,Gagliardini,C,5.5,5.0,False,True
7,OLD LIN,Esposito Se.,A,7.0,10.0,True,True
7,OLD LIN,Kuhn,A,5.5,5.5,False,True
7,OLD LIN,Sanabria,A,,,False,True
7,HISASHI MITSUI,Leali,P,6.0,3.5,True,False
7,HISASHI MITSUI,Bastoni,D,6.5,6.5,True,False
7,HISASHI MITSUI,Mina,D,,,False,False
7,HISASHI MITSUI,Buongiorno,D,6.5,6.5,True,False
7,HISASHI MITSUI,Dodò,D,5.5,5.5,True,False
7,HISASHI MITSUI,El Aynaoui,C,6.0,6.0,True,False
7,HISASHI MITSUI,Zambo Anguissa,C,7.0,11.0,True,False
7,HISASHI MITSUI,Politano,C,5.5,5.5,True,False
7,HISASHI MITSUI,Dia,A,5.5,5.5,True,False
7,HISASHI MITSUI,Dovbyk,A,7.0,11.0,True,False
7,HISASHI MITSUI,Simeone,A,5.5,5.5,True,False
7,HISASHI MITSUI,Siegrist,P,,,False,True
7,HISASHI MITSUI,Sommariva,P,,,False,True
7,HISASHI MITSUI,Coco,D,7.0,7.0,True,True
7,HISASHI MITSUI,Vitik,D,5.5,5.5,False,True
7,HISASHI MITSUI,Olivera,D,6.0,5.5,False,True
7,HISASHI MITSUI,Angelino,D,,,False,True
7,HISASHI MITSUI,Thuram K.,C,,,False,True
7,HISASHI MITSUI,Baldanzi,C,,,False,True
7,HISASHI MITSUI,Fagioli,C,5.5,5.5,False,True
7,HISASHI MITSUI,Loftus-Cheek,C,6.0,6.0,False,True
7,HISASHI MITSUI,Pulisic,C,,,False,True
7,HISASHI MITSUI,Orban G.,A,5.0,4.5,False,True
7,HISASHI MITSUI,Borrelli,A,5.5,5.5,False,True
7,HISASHI MITSUI,Meister,A,,,False,True
7,ASR YOYO,Carnesecchi,P,6.0,5.0,True,False
7,ASR YOYO,Tsimikas,D,,,False,False
7,ASR YOYO,Kelly L.,D,6.0,6.0,True,False
7,ASR YOYO,Akanji,D,7.0,7.0,True,False
7,ASR YOYO,Di Lorenzo,D,6.0,6.0,True,False
7,ASR YOYO,Pellegrini Lo.,C,,,False,False
7,ASR YOYO,Modric,C,6.0,5.5,True,False
7,ASR YOYO,Pasalic,C,7.0,8.0,True,False
7,ASR YOYO,Scamacca,A,,,False,False
7,ASR YOYO,Esposito F.P.,A,6.0,5.5,True,False
7,ASR YOYO,De Ketelaere,A,6.0,6.0,True,False
7,ASR YOYO,Sportiello,P,,,False,True
7,ASR YOYO,Rossi F.,P,,,False,True
7,ASR YOYO,Kalulu,D,6.5,6.5,True,True
7,ASR YOYO,Ostigard,D,6.0,6.0,False,True
7,ASR YOYO,Zanoli,D,6.0,6.0,False,True
7,ASR YOYO,Scalvini,D,,,False,True
7,ASR YOYO,Maldini,C,,,False,True
7,ASR YOYO,Tramoni M.,C,5.5,5.5,True,True
7,ASR YOYO,Casadei,C,6.5,6.5,False,True
7,ASR YOYO,Bernabè,C,5.0,5.0,False,True
7,ASR YOYO,Carboni V.,C,5.5,5.0,False,True
7,ASR YOYO,Kean,A,5.5,5.5,True,True
7,ASR YOYO,Krstovic,A,,,False,True
7,ASR YOYO,Cambiaghi,A,5.5,5.5,False,True
7,QICELLO,Milinkovic-Savic V.,P,7.0,10.0,True,False
7,QICELLO,Pavlovic,D,6.0,6.0,True,False
7,QICELLO,Gabbia,D,6.0,5.5,True,False
7,QICELLO,Miranda J.,D,,,False,False
7,QICELLO,McTominay,C,6.0,6.0,True,False
7,QICELLO,Frattesi,C,,,False,False
7,QICELLO,Ederson D.S.,C,6.0,6.0,True,False
7,QICELLO,Isaksen,C,5.5,5.5,True,False
7,QICELLO,Lang,A,6.5,6.5,True,False
7,QICELLO,Yildiz,A,7.0,9.0,True,False
7,QICELLO,Adams C.,A,5.5,5.5,True,False
7,QICELLO,Meret,P,,,False,True
7,QICELLO,Contini,P,,,False,True
7,QICELLO,Rensch,D,5.5,5.5,True,True
7,QICELLO,Gutierrez,D,,,False,True
7,QICELLO,Joao Mario,D,,,False,True
7,QICELLO,Bisseck,D,6.5,6.5,False,True
7,QICELLO,Tavares N.,D,,,False,True
7,QICELLO,Vlasic,C,6.0,6.0,True,True
7,QICELLO,Sarmiento J.,C,,,False,True
7,QICELLO,Collocolo,C,,,False,True
7,QICELLO,Oristanio,C,,,False,True
7,QICELLO,Diao,A,5.5,5.5,False,True
7,QICELLO,Morata,A,,,False,True
7,QICELLO,Piccoli,A,,,False,True
7,ROMINA&ROMOLO,Caprile,P,6.0,3.5,True,False
7,ROMINA&ROMOLO,Gosens,D,6.0,6.0,True,False
7,ROMINA&ROMOLO,Luperto,D,,,False,False
7,ROMINA&ROMOLO,Hien,D,6.0,6.0,True,False
7,ROMINA&ROMOLO,Martin,D,6.0,6.0,True,False
7,ROMINA&ROMOLO,Vandeputte,C,7.0,8.0,True,False
7,ROMINA&ROMOLO,Odgaard,C,5.5,5.0,True,False
7,ROMINA&ROMOLO,Saelemaekers,C,5.5,5.5,True,False
7,ROMINA&ROMOLO,David,A,6.0,6.0,True,False
7,ROMINA&ROMOLO,Pellegrino M.,A,6.0,5.5,True,False
7,ROMINA&ROMOLO,Giovane,A,6.0,6.0,True,False
7,ROMINA&ROMOLO,Vardy,A,6.0,6.0,False,True
7,ROMINA&ROMOLO,Colombo,A,5.5,5.5,False,True
7,ROMINA&ROMOLO,Castellanos,A,,,False,True
7,ROMINA&ROMOLO,Thorstvedt,C,6.0,5.5,False,True
7,ROMINA&ROMOLO,Serdar,C,7.0,10.0,False,True
7,ROMINA&ROMOLO,Mandragora,C,5.5,5.5,False,True
7,ROMINA&ROMOLO,Tourè I.,C,6.0,6.0,False,True
7,ROMINA&ROMOLO,Stanciu,C,,,False,True
7,ROMINA&ROMOLO,Tomori,D,5.5,5.5,True,True
7,ROMINA&ROMOLO,Rrahmani,D,,,False,True
7,ROMINA&ROMOLO,Angori,D,6.5,6.5,False,True
7,ROMINA&ROMOLO,Valeri,D,,,False,True
7,ROMINA&ROMOLO,Terracciano,P,,,False,True
7,ROMINA&ROMOLO,Maignan,P,6.5,5.5,False,True
8,TEAM PC,Skorupski,P,6.0,5.0,True,False
8,TEAM PC,Bellanova,D,6.0,6.0,True,False
8,TEAM PC,Cambiaso,D,7.0,11.0,True,False
8,TEAM PC,Gatti,D,5.0,5.0,True,False
8,TEAM PC,Zortea,D,,,False,False
8,TEAM PC,Conceicao,C,6.0,6.0,True,False
8,TEAM PC,Sucic P.,C,5.5,5.5,True,False
8,TEAM PC,Koopmeiners,C,6.0,6.0,True,False
8,TEAM PC,Vlahovic,A,6.5,6.5,True,False
8,TEAM PC,Laurientè,A,6.0,6.0,True,False
8,TEAM PC,Lookman,A,5.5,5.5,True,False
8,TEAM PC,Ravaglia F.,P,,,False,True
8,TEAM PC,Pessina Mas.,P,,,False,True
8,TEAM PC,Atta,C,7.0,7.0,False,True
8,TEAM PC,Lorran,C,,,False,True
8,TEAM PC,Dele-Bashiru,C,,,False,True
8,TEAM PC,Rovella,C,,,False,True
8,TEAM PC,Anjorin,C,,,False,True
8,TEAM PC,Pinamonti,A,5.5,5.5,False,True
8,TEAM PC,Zapata D.,A,5.5,5.5,False,True
8,TEAM PC,N'Dicka,D,5.5,5.5,True,True
8,TEAM PC,Baschirotto,D,5.5,5.5,False,True
8,TEAM PC,Douvikas,A,,,False,True
8,TEAM PC,Acerbi,D,,,False,True
8,TEAM PC,Doig,D,5.5,5.5,False,True
8,ROMINA&ROMOLO,Maignan,P,7.0,10.0,True,False
8,ROMINA&ROMOLO,Gosens,D,,,False,False
8,ROMINA&ROMOLO,Hien,D,5.5,5.5,True,False
8,ROMINA&ROMOLO,Rrahmani,D,6.5,6.5,True,False
8,ROMINA&ROMOLO,Vandeputte,C,6.0,6.0,True,False
8,ROMINA&ROMOLO,Odgaard,C,6.0,6.0,True,False
8,ROMINA&ROMOLO,Mandragora,C,5.0,5.0,True,False
8,ROMINA&ROMOLO,Saelemaekers,C,6.5,6.5,True,False
8,ROMINA&ROMOLO,Vardy,A,7.0,10.0,True,False
8,ROMINA&ROMOLO,Pellegrino M.,A,6.0,6.0,True,False
8,ROMINA&ROMOLO,Giovane,A,7.0,10.0,True,False
8,ROMINA&ROMOLO,David,A,,,False,True
8,ROMINA&ROMOLO,Colombo,A,5.0,5.0,False,True
8,ROMINA&ROMOLO,Castellanos,A,,,False,True
8,ROMINA&ROMOLO,Tourè I.,C,6.0,6.0,False,True
8,ROMINA&ROMOLO,Thorstvedt,C,6.5,6.5,False,True
8,ROMINA&ROMOLO,Stanciu,C,,,False,True
8,ROMINA&ROMOLO,Serdar,C,,,False,True
8,ROMINA&ROMOLO,Angori,D,6.0,6.0,True,True
8,ROMINA&ROMOLO,Martin,D,6.5,7.5,False,True
8,ROMINA&ROMOLO,Tomori,D,,,False,True
8,ROMINA&ROMOLO,Luperto,D,5.0,5.0,False,True
8,ROMINA&ROMOLO,Valeri,D,,,False,True
8,ROMINA&ROMOLO,Terracciano,P,,,False,True
8,ROMINA&ROMOLO,Caprile,P,6.5,4.5,False,True
8,ROMANHOLIDAY,Provedel,P,6.0,7.0,True,False
8,ROMANHOLIDAY,Carlos Augusto,D,6.0,6.0,True,False
8,ROMANHOLIDAY,Vasquez,D,6.5,6.5,True,False
8,ROMANHOLIDAY,Dumfries,D,6.0,6.0,True,False
8,ROMANHOLIDAY,Wesley,D,6.0,5.5,True,False
8,ROMANHOLIDAY,Luis Henrique,C,5.5,5.5,True,False
8,ROMANHOLIDAY,Calhanoglu,C,7.0,8.0,True,False
8,ROMANHOLIDAY,Orsolini,C,6.0,6.0,True,False
8,ROMANHOLIDAY,Bonazzoli,A,5.5,5.5,True,False
8,ROMANHOLIDAY,Ekhator,A,,,False,False
8,ROMANHOLIDAY,Thuram,A,,,False,False
8,ROMANHOLIDAY,Falcone,P,7.0,8.0,False,True
8,ROMANHOLIDAY,Vasquez D.,P,,,False,True
8,ROMANHOLIDAY,Veiga D.,D,6.0,5.5,False,True
8,ROMANHOLIDAY,Pellegrini Lu.,D,6.0,6.0,False,True
8,ROMANHOLIDAY,Smolcic I.,D,6.5,6.0,False,True
8,ROMANHOLIDAY,Iannoni,C,,,False,True
8,ROMANHOLIDAY,Kaba,C,,,False,True
8,ROMANHOLIDAY,Ndour,C,4.5,4.5,False,True
8,ROMANHOLIDAY,Bonny,A,5.5,5.5,True,True
8,ROMANHOLIDAY,Camarda,A,,,False,True
8,GOODBYE,Di Gregorio,P,6.0,5.0,True,False
8,GOODBYE,Mancini,D,5.5,5.0,True,False
8,GOODBYE,Palestra,D,6.0,6.0,True,False
8,GOODBYE,Hermoso,D,6.5,6.0,True,False
8,GOODBYE,Zalewski,C,5.0,5.0,True,False
8,GOODBYE,Cristante,C,6.0,6.0,True,False
8,GOODBYE,Locatelli,C,7.0,7.0,True,False
8,GOODBYE,Bailey,C,5.5,5.5,True,False
8,GOODBYE,Dzeko,A,5.0,5.0,True,False
8,GOODBYE,Dybala,A,5.0,3.0,True,False
8,GOODBYE,Soulè,A,6.0,6.0,True,False
8,GOODBYE,Perin,P,,,False,True
8,GOODBYE,Pinsoglio,P,,,False,True
8,GOODBYE,Bremer,D,,,False,True
8,GOODBYE,Floriani Mussolini,D,5.5,5.5,False,True
8,GOODBYE,Calabresi,D,6.0,6.0,False,True
8,GOODBYE,Sernicola,D,,,False,True
8,GOODBYE,Van Der Brempt,D,,,False,True
8,GOODBYE,El Shaarawy,C,,,False,True
8,GOODBYE,Adzic,C,,,False,True
8,GOODBYE,Ilkhan,C,,,False,True
8,GOODBYE,Rog,C,,,False,True
8,GOODBYE,Benedyczak,A,6.0,6.0,False,True
8,GOODBYE,Davis K.,A,,,False,True
8,GOODBYE,Milik,A,,,False,True
8,ASR YOYO,Carnesecchi,P,6.5,5.5,True,False
8,ASR YOYO,Tsimikas,D,,,False,False
8,ASR YOYO,Akanji,D,6.0,6.0,True,False
8,ASR YOYO,Kalulu,D,6.5,6.5,True,False
8,ASR YOYO,Di Lorenzo,D,5.5,5.5,True,False
8,ASR YOYO,Pellegrini Lo.,C,6.0,6.0,True,False
8,ASR YOYO,Modric,C,6.5,6.5,True,False
8,ASR YOYO,Pasalic,C,5.5,5.5,True,False
8,ASR YOYO,Kean,A,5.0,4.5,True,False
8,ASR YOYO,Scamacca,A,5.5,5.5,True,False
8,ASR YOYO,De Ketelaere,A,5.5,5.0,True,False
8,ASR YOYO,Sportiello,P,,,False,True
8,ASR YOYO,Rossi F.,P,,,False,True
8,ASR YOYO,Ostigard,D,7.0,11.0,True,True
8,ASR YOYO,Zanoli,D,6.5,6.5,False,True
8,ASR YOYO,Kelly L.,D,,,False,True
8,ASR YOYO,Scalvini,D,,,False,True
8,ASR YOYO,Casadei,C,5.5,5.0,False,True
8,ASR YOYO,Tramoni M.,C,,,False,True
8,ASR YOYO,Bernabè,C,7.0,10.0,False,True
8,ASR YOYO,Carboni V.,C,,,False,True
8,ASR YOYO,Maldini,C,,,False,True
8,ASR YOYO,Krstovic,A,5.0,4.5,False,True
8,ASR YOYO,Cambiaghi,A,6.5,7.0,False,True
8,ASR YOYO,Esposito F.P.,A,6.0,6.0,False,True
8,DTE,Sommer,P,5.5,4.5,True,False
8,DTE,Valle,D,6.0,6.0,True,False
8,DTE,Ramon,D,6.5,6.5,True,False
8,DTE,Tiago Gabriel,D,6.5,6.5,True,False
8,DTE,Solet,D,6.5,6.5,True,False
8,DTE,Zaccagni,C,7.0,10.0,True,False
8,DTE,Paz N.,C,5.5,5.5,True,False
8,DTE,Kostic,C,7.0,10.0,True,False
8,DTE,Leao,A,6.5,7.5,True,False
8,DTE,Cutrone,A,5.5,5.5,True,False
8,DTE,Nkunku,A,5.5,5.5,True,False
8,DTE,Martinez Jo.,P,,,False,True
8,DTE,Di Gennaro,P,,,False,True
8,DTE,Darmian,D,,,False,True
8,DTE,Terracciano F.,D,5.0,5.0,False,True
8,DTE,Lovik,D,,,False,True
8,DTE,Pezzella Giu.,D,,,False,True
8,DTE,Miller L.,C,,,False,True
8,DTE,Zerbin,C,,,False,True
8,DTE,Frendrup,C,6.0,6.0,False,True
8,DTE,Lobotka,C,,,False,True
8,DTE,Asllani,C,,,False,True
8,DTE,Gueye,A,,,False,True
8,DTE,Ekuban,A,6.0,6.0,False,True
8,DTE,Ferguson E.,A,,,False,True
8,KAMADO,Svilar,P,7.0,6.0,True,False
8,KAMADO,Dimarco,D,6.0,6.0,True,False
8,KAMADO,Ziolkowski,D,,,False,False
8,KAMADO,Cuadrado,D,,,False,False
8,KAMADO,Vojvoda,D,,,False,False
8,KAMADO,Rowe,C,6.5,6.5,True,False
8,KAMADO,Volpato,C,,,False,False
8,KAMADO,Zhegrova,C,,,False,False
8,KAMADO,Hojlund,A,5.5,5.5,True,False
8,KAMADO,Openda,A,6.0,6.0,True,False
8,KAMADO,Rodriguez Je.,A,,,False,False
8,KAMADO,Lucca,A,,,False,True
8,KAMADO,Stulic,A,6.0,6.0,True,True
8,KAMADO,Baturina,C,,,False,True
8,KAMADO,Da Cunha,C,6.0,6.0,True,True
8,KAMADO,Diouf,C,,,False,True
8,KAMADO,Sorensen O.,C,6.0,6.0,True,True
8,KAMADO,Estupinan,D,,,False,True
8,KAMADO,Lykogiannis,D,,,False,True
8,KAMADO,Frese,D,5.5,3.5,True,True
8,KAMADO,Butez,P,6.0,7.0,False,True
8,KAMADO,Sava,P,,,False,True
8,KAMADO,Kristensen T.,D,,,False,True
8,KAMADO,Rabiot,C,,,False,True
8,KAMADO,Gimenez,A,,,False,True
8,QICELLO,Milinkovic-Savic V.,P,7.0,10.0,True,False
8,QICELLO,Miranda J.,D,7.0,10.0,True,False
8,QICELLO,Pavlovic,D,7.5,11.5,True,False
8,QICELLO,Gabbia,D,6.5,6.5,True,False
8,QICELLO,Bisseck,D,6.0,5.5,True,False
8,QICELLO,McTominay,C,6.5,6.5,True,False
8,QICELLO,Frattesi,C,,,False,False
8,QICELLO,Ederson D.S.,C,5.5,5.0,True,False
8,QICELLO,Isaksen,C,7.0,11.0,True,False
8,QICELLO,Lang,A,6.0,6.0,True,False
8,QICELLO,Adams C.,A,7.0,11.0,True,False
8,QICELLO,Meret,P,,,False,True
8,QICELLO,Contini,P,,,False,True
8,QICELLO,Joao Mario,D,,,False,True
8,QICELLO,Rensch,D,,,False,True
8,QICELLO,Tavares N.,D,,,False,True
8,QICELLO,Gutierrez,D,6.0,6.0,False,True
8,QICELLO,Vlasic,C,5.5,5.5,True,True
8,QICELLO,Sarmiento J.,C,5.5,5.5,False,True
8,QICELLO,Collocolo,C,,,False,True
8,QICELLO,Oristanio,C,,,False,True
8,QICELLO,Yildiz,A,,,False,True
8,QICELLO,Diao,A,6.5,6.5,False,True
8,QICELLO,Morata,A,5.0,3.0,False,True
8,QICELLO,Piccoli,A,5.0,5.0,False,True
8,OLD LIN,De Gea,P,6.0,5.0,True,False
8,OLD LIN,Gallo,D,6.5,6.5,True,False
8,OLD LIN,Circati,D,5.5,5.5,True,False
8,OLD LIN,Delprato,D,5.5,5.5,True,False
8,OLD LIN,Gudmundsson A.,C,5.5,5.5,True,False
8,OLD LIN,Barella,C,6.5,6.5,True,False
8,OLD LIN,Konè M.,C,6.0,6.0,True,False
8,OLD LIN,Guendouzi,C,7.0,7.5,True,False
8,OLD LIN,Castro S.,A,7.5,14.0,True,False
8,OLD LIN,Martinez L.,A,5.5,5.5,True,False
8,OLD LIN,Berardi,A,7.0,10.0,True,False
8,OLD LIN,Montipò,P,6.5,4.5,False,True
8,OLD LIN,Turati,P,,,False,True
8,OLD LIN,Ismajli,D,6.0,7.0,False,True
8,OLD LIN,Heggem,D,6.0,6.0,False,True
8,OLD LIN,Ghilardi,D,,,False,True
8,OLD LIN,Zappa,D,5.5,5.5,False,True
8,OLD LIN,Unai Nunez,D,,,False,True
8,OLD LIN,Ellertsson,C,6.0,6.0,False,True
8,OLD LIN,Vazquez,C,6.5,6.5,False,True
8,OLD LIN,Pierotti,C,6.0,6.0,False,True
8,OLD LIN,Gagliardini,C,6.0,6.0,False,True
8,OLD LIN,Esposito Se.,A,5.5,5.5,False,True
8,OLD LIN,Kuhn,A,,,False,True
8,OLD LIN,Sanabria,A,,,False,True
8,HISASHI MITSUI,Leali,P,6.0,5.0,True,False
8,HISASHI MITSUI,Bastoni,D,5.5,5.5,True,False
8,HISASHI MITSUI,Coco,D,6.0,6.0,True,False
8,HISASHI MITSUI,Buongiorno,D,6.0,6.0,True,False
8,HISASHI MITSUI,Dodò,D,5.5,5.5,True,False
8,HISASHI MITSUI,El Aynaoui,C,6.0,5.5,True,False
8,HISASHI MITSUI,Zambo Anguissa,C,6.0,5.5,True,False
8,HISASHI MITSUI,Politano,C,5.5,5.0,True,False
8,HISASHI MITSUI,Dia,A,5.0,5.0,True,False
8,HISASHI MITSUI,Dovbyk,A,5.5,5.5,True,False
8,HISASHI MITSUI,Simeone,A,6.5,9.5,True,False
8,HISASHI MITSUI,Siegrist,P,,,False,True
8,HISASHI MITSUI,Sommariva,P,,,False,True
8,HISASHI MITSUI,Mina,D,5.5,5.5,False,True
8,HISASHI MITSUI,Vitik,D,,,False,True
8,HISASHI MITSUI,Olivera,D,,,False,True
8,HISASHI MITSUI,Angelino,D,,,False,True
8,HISASHI MITSUI,Thuram K.,C,6.0,6.0,False,True
8,HISASHI MITSUI,Baldanzi,C,,,False,True
8,HISASHI MITSUI,Fagioli,C,5.0,4.5,False,True
8,HISASHI MITSUI,Loftus-Cheek,C,,,False,True
8,HISASHI MITSUI,Pulisic,C,,,False,True
8,HISASHI MITSUI,Orban G.,A,6.0,6.5,False,True
8,HISASHI MITSUI,Borrelli,A,5.5,5.5,False,True
8,HISASHI MITSUI,Meister,A,5.5,5.5,False,True
9,DTE,Sommer,P,6.0,7.0,True,False
9,DTE,Valle,D,6.5,6.5,True,False
9,DTE,Solet,D,5.5,5.5,True,False
9,DTE,Tiago Gabriel,D,6.5,6.5,True,False
9,DTE,Terracciano F.,D,6.0,5.5,True,False
9,DTE,Kostic,C,,,False,False
9,DTE,Paz N.,C,6.5,6.5,True,False
9,DTE,Zaccagni,C,6.5,6.0,True,False
9,DTE,Leao,A,7.0,9.0,True,False
9,DTE,Cutrone,A,6.0,6.0,True,False
9,DTE,Nkunku,A,6.0,7.0,True,False
9,DTE,Martinez Jo.,P,,,False,True
9,DTE,Di Gennaro,P,,,False,True
9,DTE,Darmian,D,,,False,True
9,DTE,Ramon,D,6.5,6.5,False,True
9,DTE,Lovik,D,5.5,5.5,False,True
9,DTE,Pezzella Giu.,D,,,False,True
9,DTE,Miller L.,C,,,False,True
9,DTE,Zerbin,C,,,False,True
9,DTE,Frendrup,C,6.0,6.0,True,True
9,DTE,Lobotka,C,5.5,5.5,False,True
9,DTE,Asllani,C,6.0,5.5,False,True
9,DTE,Gueye,A,,,False,True
9,DTE,Ekuban,A,,,False,True
9,DTE,Ferguson E.,A,,,False,True
9,OLD LIN,De Gea,P,6.5,6.5,True,False
9,OLD LIN,Gallo,D,7.0,7.0,True,False
9,OLD LIN,Delprato,D,7.5,11.5,True,False
9,OLD LIN,Heggem,D,6.5,6.5,True,False
9,OLD LIN,Gudmundsson A.,C,7.0,9.0,True,False
9,OLD LIN,Barella,C,6.5,6.5,True,False
9,OLD LIN,Konè M.,C,6.5,6.5,True,False
9,OLD LIN,Guendouzi,C,5.5,5.5,True,False
9,OLD LIN,Castro S.,A,,,False,False
9,OLD LIN,Martinez L.,A,7.0,11.0,True,False
9,OLD LIN,Berardi,A,8.5,15.5,True,False
9,OLD LIN,Montipò,P,7.0,8.0,False,True
9,OLD LIN,Turati,P,,,False,True
9,OLD LIN,Ismajli,D,7.0,7.0,False,True
9,OLD LIN,Circati,D,,,False,True
9,OLD LIN,Ghilardi,D,,,False,True
9,OLD LIN,Zappa,D,6.0,6.0,False,True
9,OLD LIN,Unai Nunez,D,,,False,True
9,OLD LIN,Ellertsson,C,5.5,5.0,False,True
9,OLD LIN,Vazquez,C,6.5,6.5,False,True
9,OLD LIN,Pierotti,C,5.5,5.5,False,True
9,OLD LIN,Gagliardini,C,5.5,5.5,False,True
9,OLD LIN,Esposito Se.,A,5.5,5.5,True,True
9,OLD LIN,Kuhn,A,6.0,6.0,False,True
9,OLD LIN,Sanabria,A,,,False,True
9,GOODBYE,Di Gregorio,P,6.5,7.5,True,False
9,GOODBYE,Mancini,D,6.5,7.5,True,False
9,GOODBYE,Hermoso,D,6.5,6.5,True,False
9,GOODBYE,Floriani Mussolini,D,6.0,6.0,True,False
9,GOODBYE,Palestra,D,6.5,6.5,True,False
9,GOODBYE,Cristante,C,6.5,6.0,True,False
9,GOODBYE,Locatelli,C,6.0,6.0,True,False
9,GOODBYE,Zalewski,C,,,False,False
9,GOODBYE,Dzeko,A,6.0,6.0,True,False
9,GOODBYE,Soulè,A,6.0,6.0,True,False
9,GOODBYE,Davis K.,A,6.0,6.0,True,False
9,GOODBYE,Perin,P,,,False,True
9,GOODBYE,Pinsoglio,P,,,False,True
9,GOODBYE,Van Der Brempt,D,,,False,True
9,GOODBYE,Calabresi,D,5.5,5.5,False,True
9,GOODBYE,Sernicola,D,,,False,True
9,GOODBYE,Bremer,D,,,False,True
9,GOODBYE,El Shaarawy,C,6.0,6.0,True,True
9,GOODBYE,Adzic,C,,,False,True
9,GOODBYE,Ilkhan,C,,,False,True
9,GOODBYE,Bailey,C,,,False,True
9,GOODBYE,Rog,C,,,False,True
9,GOODBYE,Benedyczak,A,,,False,True
9,GOODBYE,Milik,A,,,False,True
9,GOODBYE,Dybala,A,,,False,True
9,TEAM PC,Skorupski,P,,,False,False
9,TEAM PC,Baschirotto,D,5.5,5.5,True,False
9,TEAM PC,Cambiaso,D,5.5,5.5,True,False
9,TEAM PC,Gatti,D,6.0,6.0,True,False
9,TEAM PC,N'Dicka,D,6.0,6.0,True,False
9,TEAM PC,Conceicao,C,6.0,6.0,True,False
9,TEAM PC,Atta,C,5.5,5.5,True,False
9,TEAM PC,Koopmeiners,C,6.0,6.0,True,False
9,TEAM PC,Vlahovic,A,5.5,5.5,True,False
9,TEAM PC,Laurientè,A,6.0,6.0,True,False
9,TEAM PC,Pinamonti,A,7.5,10.5,True,False
9,TEAM PC,Ravaglia F.,P,,,False,True
9,TEAM PC,Pessina Mas.,P,6.0,7.0,True,True
9,TEAM PC,Lorran,C,,,False,True
9,TEAM PC,Dele-Bashiru,C,,,False,True
9,TEAM PC,Lookman,A,5.0,5.0,False,True
9,TEAM PC,Sucic P.,C,6.0,5.5,False,True
9,TEAM PC,Rovella,C,,,False,True
9,TEAM PC,Anjorin,C,,,False,True
9,TEAM PC,Zapata D.,A,,,False,True
9,TEAM PC,Douvikas,A,5.5,5.5,False,True
9,TEAM PC,Acerbi,D,6.0,6.0,False,True
9,TEAM PC,Doig,D,,,False,True
9,TEAM PC,Bellanova,D,5.0,5.0,False,True
9,TEAM PC,Zortea,D,,,False,True
9,ROMINA&ROMOLO,Maignan,P,6.0,4.0,True,False
9,ROMINA&ROMOLO,Martin,D,6.5,7.0,True,False
9,ROMINA&ROMOLO,Hien,D,4.5,4.5,True,False
9,ROMINA&ROMOLO,Rrahmani,D,5.0,5.0,True,False
9,ROMINA&ROMOLO,Vandeputte,C,6.5,6.5,True,False
9,ROMINA&ROMOLO,Odgaard,C,6.0,6.0,True,False
9,ROMINA&ROMOLO,Tourè I.,C,7.0,11.0,True,False
9,ROMINA&ROMOLO,Saelemaekers,C,7.0,10.0,True,False
9,ROMINA&ROMOLO,Vardy,A,5.5,5.5,True,False
9,ROMINA&ROMOLO,David,A,5.5,5.5,True,False
9,ROMINA&ROMOLO,Giovane,A,5.5,5.5,True,False
9,ROMINA&ROMOLO,Pellegrino M.,A,6.5,6.5,False,True
9,ROMINA&ROMOLO,Colombo,A,5.5,7.5,False,True
9,ROMINA&ROMOLO,Castellanos,A,,,False,True
9,ROMINA&ROMOLO,Mandragora,C,5.5,5.5,False,True
9,ROMINA&ROMOLO,Thorstvedt,C,6.5,7.5,False,True
9,ROMINA&ROMOLO,Stanciu,C,,,False,True
9,ROMINA&ROMOLO,Serdar,C,,,False,True
9,ROMINA&ROMOLO,Gosens,D,,,False,True
9,ROMINA&ROMOLO,Tomori,D,,,False,True
9,ROMINA&ROMOLO,Angori,D,,,False,True
9,ROMINA&ROMOLO,Valeri,D,6.0,6.0,False,True
9,ROMINA&ROMOLO,Luperto,D,6.5,6.5,False,True
9,ROMINA&ROMOLO,Terracciano,P,,,False,True
9,ROMINA&ROMOLO,Caprile,P,7.0,8.0,False,True
9,KAMADO,Butez,P,6.5,7.5,True,False
9,KAMADO,Dimarco,D,7.0,8.0,True,False
9,KAMADO,Estupinan,D,5.0,5.0,True,False
9,KAMADO,Cuadrado,D,6.0,6.0,True,False
9,KAMADO,Vojvoda,D,,,False,False
9,KAMADO,Rowe,C,6.0,6.0,True,False
9,KAMADO,Da Cunha,C,,,False,False
9,KAMADO,Baturina,C,5.5,5.5,True,False
9,KAMADO,Rodriguez Je.,A,6.0,6.0,True,False
9,KAMADO,Hojlund,A,5.0,4.5,True,False
9,KAMADO,Openda,A,,,False,False
9,KAMADO,Svilar,P,6.5,7.5,False,True
9,KAMADO,Sava,P,,,False,True
9,KAMADO,Frese,D,6.0,5.5,True,True
9,KAMADO,Ziolkowski,D,,,False,True
9,KAMADO,Lykogiannis,D,,,False,True
9,KAMADO,Kristensen T.,D,,,False,True
9,KAMADO,Zhegrova,C,6.0,6.0,True,True
9,KAMADO,Diouf,C,,,False,True
9,KAMADO,Volpato,C,,,False,True
9,KAMADO,Sorensen O.,C,5.5,5.0,False,True
9,KAMADO,Rabiot,C,,,False,True
9,KAMADO,Stulic,A,5.5,5.5,True,True
9,KAMADO,Lucca,A,,,False,True
9,KAMADO,Gimenez,A,,,False,True
9,HISASHI MITSUI,Leali,P,6.5,4.5,True,False
9,HISASHI MITSUI,Bastoni,D,6.5,7.5,True,False
9,HISASHI MITSUI,Mina,D,7.0,7.0,True,False
9,HISASHI MITSUI,Buongiorno,D,5.5,5.5,True,False
9,HISASHI MITSUI,Dodò,D,5.5,5.0,True,False
9,HISASHI MITSUI,Pulisic,C,5.5,5.5,True,False
9,HISASHI MITSUI,Zambo Anguissa,C,5.5,5.5,True,False
9,HISASHI MITSUI,Politano,C,5.0,5.0,True,False
9,HISASHI MITSUI,Orban G.,A,6.0,6.0,True,False
9,HISASHI MITSUI,Dovbyk,A,6.0,6.0,True,False
9,HISASHI MITSUI,Simeone,A,6.0,6.0,True,False
9,HISASHI MITSUI,Siegrist,P,,,False,True
9,HISASHI MITSUI,Sommariva,P,,,False,True
9,HISASHI MITSUI,Olivera,D,,,False,True
9,HISASHI MITSUI,Coco,D,6.5,6.5,False,True
9,HISASHI MITSUI,Vitik,D,,,False,True
9,HISASHI MITSUI,Angelino,D,,,False,True
9,HISASHI MITSUI,El Aynaoui,C,6.0,6.0,False,True
9,HISASHI MITSUI,Thuram K.,C,6.5,6.5,False,True
9,HISASHI MITSUI,Baldanzi,C,6.0,6.0,False,True
9,HISASHI MITSUI,Fagioli,C,,,False,True
9,HISASHI MITSUI,Loftus-Cheek,C,6.0,6.0,False,True
9,HISASHI MITSUI,Borrelli,A,5.5,5.5,False,True
9,HISASHI MITSUI,Dia,A,5.5,5.5,False,True
9,HISASHI MITSUI,Meister,A,,,False,True
9,ROMANHOLIDAY,Falcone,P,6.0,7.0,True,False
9,ROMANHOLIDAY,Carlos Augusto,D,6.5,6.5,True,False
9,ROMANHOLIDAY,Vasquez,D,5.5,5.5,True,False
9,ROMANHOLIDAY,Dumfries,D,5.5,5.0,True,False
9,ROMANHOLIDAY,Smolcic I.,D,6.0,6.0,True,False
9,ROMANHOLIDAY,Wesley,D,6.0,6.0,True,False
9,ROMANHOLIDAY,Calhanoglu,C,6.5,6.5,True,False
9,ROMANHOLIDAY,Orsolini,C,6.0,5.5,True,False
9,ROMANHOLIDAY,Luis Henrique,C,,,False,False
9,ROMANHOLIDAY,Bonazzoli,A,6.0,6.0,True,False
9,ROMANHOLIDAY,Thuram,A,6.0,6.0,True,False
9,ROMANHOLIDAY,Provedel,P,6.0,4.0,False,True
9,ROMANHOLIDAY,Vasquez D.,P,,,False,True
9,ROMANHOLIDAY,Veiga D.,D,6.0,6.0,False,True
9,ROMANHOLIDAY,Nkounkou,D,,,False,True
9,ROMANHOLIDAY,Pellegrini Lu.,D,6.0,6.0,False,True
9,ROMANHOLIDAY,Iannoni,C,,,False,True
9,ROMANHOLIDAY,Kaba,C,,,False,True
9,ROMANHOLIDAY,Ndour,C,6.0,6.0,True,True
9,ROMANHOLIDAY,Bonny,A,7.0,10.0,False,True
9,ROMANHOLIDAY,Camarda,A,6.0,6.0,False,True
9,ROMANHOLIDAY,Ekhator,A,6.0,6.0,False,True
9,QICELLO,Milinkovic-Savic V.,P,5.5,3.5,True,False
9,QICELLO,Gutierrez,D,5.5,5.5,True,False
9,QICELLO,Pavlovic,D,5.5,5.5,True,False
9,QICELLO,Rensch,D,,,False,False
9,QICELLO,McTominay,C,5.5,5.5,True,False
9,QICELLO,Frattesi,C,,,False,False
9,QICELLO,Ederson D.S.,C,5.5,5.5,True,False
9,QICELLO,Isaksen,C,5.5,5.5,True,False
9,QICELLO,Lang,A,5.5,5.0,True,False
9,QICELLO,Diao,A,5.0,5.0,True,False
9,QICELLO,Yildiz,A,6.0,6.0,True,False
9,QICELLO,Meret,P,,,False,True
9,QICELLO,Contini,P,,,False,True
9,QICELLO,Gabbia,D,6.0,6.0,True,True
9,QICELLO,Miranda J.,D,6.5,6.5,False,True
9,QICELLO,Joao Mario,D,,,False,True
9,QICELLO,Bisseck,D,,,False,True
9,QICELLO,Tavares N.,D,,,False,True
9,QICELLO,Vlasic,C,6.0,6.0,True,True
9,QICELLO,Sarmiento J.,C,6.0,6.0,False,True
9,QICELLO,Collocolo,C,,,False,True
9,QICELLO,Oristanio,C,,,False,True
9,QICELLO,Adams C.,A,6.0,6.0,False,True
9,QICELLO,Morata,A,4.5,4.0,False,True
9,QICELLO,Piccoli,A,7.0,10.0,False,True
9,ASR YOYO,Carnesecchi,P,5.0,2.0,True,False
9,ASR YOYO,Tsimikas,D,,,False,False
9,ASR YOYO,Akanji,D,6.0,5.5,True,False
9,ASR YOYO,Kalulu,D,6.5,6.5,True,False
9,ASR YOYO,Di Lorenzo,D,5.0,5.0,True,False
9,ASR YOYO,Pellegrini Lo.,C,7.0,9.5,True,False
9,ASR YOYO,Modric,C,6.0,5.5,True,False
9,ASR YOYO,Pasalic,C,4.5,4.5,True,False
9,ASR YOYO,Kean,A,,,False,False
9,ASR YOYO,Scamacca,A,5.5,5.5,True,False
9,ASR YOYO,De Ketelaere,A,5.5,5.5,True,False
9,ASR YOYO,Sportiello,P,,,False,True
9,ASR YOYO,Rossi F.,P,,,False,True
9,ASR YOYO,Ostigard,D,7.0,10.5,True,True
9,ASR YOYO,Kelly L.,D,,,False,True
9,ASR YOYO,Zanoli,D,5.5,5.5,False,True
9,ASR YOYO,Scalvini,D,,,False,True
9,ASR YOYO,Carboni V.,C,6.0,6.0,False,True
9,ASR YOYO,Maldini,C,,,False,True
9,ASR YOYO,Tramoni M.,C,6.5,7.5,False,True
9,ASR YOYO,Bernabè,C,7.0,10.0,False,True
9,ASR YOYO,Casadei,C,6.0,6.0,False,True
9,ASR YOYO,Krstovic,A,5.0,5.0,True,True
9,ASR YOYO,Esposito F.P.,A,,,False,True
9,ASR YOYO,Cambiaghi,A,7.0,8.0,False,True
10,ROMANHOLIDAY,Provedel,P,6.5,7.5,True,False
10,ROMANHOLIDAY,Carlos Augusto,D,6.0,6.0,True,False
10,ROMANHOLIDAY,Vasquez,D,5.5,5.5,True,False
10,ROMANHOLIDAY,Dumfries,D,,,False,False
10,ROMANHOLIDAY,Smolcic I.,D,6.0,5.5,True,False
10,ROMANHOLIDAY,Wesley,D,7.0,10.0,True,False
10,ROMANHOLIDAY,Calhanoglu,C,4.5,2.0,True,False
10,ROMANHOLIDAY,Orsolini,C,6.0,5.0,True,False
10,ROMANHOLIDAY,Luis Henrique,C,,,False,False
10,ROMANHOLIDAY,Bonazzoli,A,6.0,6.0,True,False
10,ROMANHOLIDAY,Thuram,A,6.5,6.5,True,False
10,ROMANHOLIDAY,Falcone,P,6.5,4.5,False,True
10,ROMANHOLIDAY,Vasquez D.,P,,,False,True
10,ROMANHOLIDAY,Veiga D.,D,5.5,5.5,True,True
10,ROMANHOLIDAY,Nkounkou,D,5.0,5.0,False,True
10,ROMANHOLIDAY,Pellegrini Lu.,D,6.0,6.0,False,True
10,ROMANHOLIDAY,Iannoni,C,,,False,True
10,ROMANHOLIDAY,Kaba,C,6.0,6.0,True,True
10,ROMANHOLIDAY,Ndour,C,6.0,6.0,False,True
10,ROMANHOLIDAY,Bonny,A,5.5,5.5,False,True
10,ROMANHOLIDAY,Camarda,A,5.0,5.0,False,True
10,ROMANHOLIDAY,Ekhator,A,,,False,True
10,QICELLO,Milinkovic-Savic V.,P,6.0,5.0,True,False
10,QICELLO,Gutierrez,D,6.0,6.0,True,False
10,QICELLO,Pavlovic,D,6.0,5.5,True,False
10,QICELLO,Miranda J.,D,6.5,6.5,True,False
10,QICELLO,Frattesi,C,,,False,False
10,QICELLO,McTominay,C,7.0,8.0,True,False
10,QICELLO,Ederson D.S.,C,6.0,6.0,True,False
10,QICELLO,Isaksen,C,6.5,6.5,True,False
10,QICELLO,Lang,A,7.0,10.0,True,False
10,QICELLO,Adams C.,A,,,False,False
10,QICELLO,Yildiz,A,6.0,6.0,True,False
10,QICELLO,Meret,P,,,False,True
10,QICELLO,Contini,P,,,False,True
10,QICELLO,Gabbia,D,6.0,6.0,False,True
10,QICELLO,Rensch,D,,,False,True
10,QICELLO,Joao Mario,D,,,False,True
10,QICELLO,Bisseck,D,,,False,True
10,QICELLO,Tavares N.,D,,,False,True
10,QICELLO,Vlasic,C,7.0,9.0,True,True
10,QICELLO,Oristanio,C,,,False,True
10,QICELLO,Sarmiento J.,C,,,False,True
10,QICELLO,Collocolo,C,,,False,True
10,QICELLO,Diao,A,,,False,True
10,QICELLO,Morata,A,6.0,6.0,True,True
10,QICELLO,Piccoli,A,5.0,5.0,False,True
10,GOODBYE,Di Gregorio,P,6.0,5.0,True,False
10,GOODBYE,Mancini,D,6.0,6.0,True,False
10,GOODBYE,Hermoso,D,,,False,False
10,GOODBYE,Floriani Mussolini,D,5.5,5.5,True,False
10,GOODBYE,Palestra,D,6.5,7.5,True,False
10,GOODBYE,Cristante,C,6.5,6.5,True,False
10,GOODBYE,Locatelli,C,6.5,6.5,True,False
10,GOODBYE,Zalewski,C,6.0,6.0,True,False
10,GOODBYE,Dzeko,A,,,False,False
10,GOODBYE,Soulè,A,7.0,10.0,True,False
10,GOODBYE,Davis K.,A,5.5,5.5,True,False
10,GOODBYE,Perin,P,,,False,True
10,GOODBYE,Pinsoglio,P,,,False,True
10,GOODBYE,Van Der Brempt,D,,,False,True
10,GOODBYE,Calabresi,D,6.0,5.5,True,True
10,GOODBYE,Sernicola,D,,,False,True
10,GOODBYE,Bremer,D,,,False,True
10,GOODBYE,El Shaarawy,C,6.5,7.5,False,True
10,GOODBYE,Adzic,C,,,False,True
10,GOODBYE,Ilkhan,C,,,False,True
10,GOODBYE,Bailey,C,,,False,True
10,GOODBYE,Rog,C,,,False,True
10,GOODBYE,Benedyczak,A,6.0,6.0,True,True
10,GOODBYE,Milik,A,,,False,True
10,GOODBYE,Dybala,A,,,False,True
10,ASR YOYO,Carnesecchi,P,5.5,2.5,True,False
10,ASR YOYO,Tsimikas,D,,,False,False
10,ASR YOYO,Ostigard,D,6.5,9.5,True,False
10,ASR YOYO,Kalulu,D,6.0,6.0,True,False
10,ASR YOYO,Di Lorenzo,D,6.5,7.5,True,False
10,ASR YOYO,Pellegrini Lo.,C,6.0,6.0,True,False
10,ASR YOYO,Modric,C,6.0,6.0,True,False
10,ASR YOYO,Bernabè,C,6.0,6.0,True,False
10,ASR YOYO,Kean,A,7.0,8.0,True,False
10,ASR YOYO,Scamacca,A,7.0,10.0,True,False
10,ASR YOYO,De Ketelaere,A,6.0,6.0,True,False
10,ASR YOYO,Sportiello,P,,,False,True
10,ASR YOYO,Rossi F.,P,,,False,True
10,ASR YOYO,Akanji,D,5.5,5.5,True,True
10,ASR YOYO,Zanoli,D,5.5,5.5,False,True
10,ASR YOYO,Kelly L.,D,5.5,5.5,False,True
10,ASR YOYO,Scalvini,D,,,False,True
10,ASR YOYO,Carboni V.,C,5.5,5.5,False,True
10,ASR YOYO,Tramoni M.,C,5.0,5.0,False,True
10,ASR YOYO,Pasalic,C,5.0,5.0,False,True
10,ASR YOYO,Maldini,C,,,False,True
10,ASR YOYO,Casadei,C,5.5,5.5,False,True
10,ASR YOYO,Esposito F.P.,A,,,False,True
10,ASR YOYO,Krstovic,A,,,False,True
10,ASR YOYO,Cambiaghi,A,,,False,True
10,KAMADO,Svilar,P,7.0,6.0,True,False
10,KAMADO,Dimarco,D,6.5,6.5,True,False
10,KAMADO,Estupinan,D,,,False,False
10,KAMADO,Cuadrado,D,,,False,False
10,KAMADO,Vojvoda,D,6.0,6.0,True,False
10,KAMADO,Da Cunha,C,7.0,7.0,True,False
10,KAMADO,Rabiot,C,6.5,6.5,True,False
10,KAMADO,Sorensen O.,C,6.5,6.5,True,False
10,KAMADO,Rodriguez Je.,A,7.0,9.0,True,False
10,KAMADO,Hojlund,A,6.5,7.5,True,False
10,KAMADO,Openda,A,,,False,False
10,KAMADO,Butez,P,6.0,5.0,False,True
10,KAMADO,Sava,P,,,False,True
10,KAMADO,Frese,D,5.5,5.0,True,True
10,KAMADO,Ziolkowski,D,5.5,5.0,True,True
10,KAMADO,Lykogiannis,D,,,False,True
10,KAMADO,Kristensen T.,D,,,False,True
10,KAMADO,Zhegrova,C,,,False,True
10,KAMADO,Baturina,C,6.5,9.5,False,True
10,KAMADO,Diouf,C,,,False,True
10,KAMADO,Volpato,C,6.5,7.5,False,True
10,KAMADO,Rowe,C,,,False,True
10,KAMADO,Stulic,A,5.5,5.5,True,True
10,KAMADO,Lucca,A,6.0,6.0,False,True
10,KAMADO,Gimenez,A,,,False,True
10,ROMINA&ROMOLO,Caprile,P,5.0,2.0,True,False
10,ROMINA&ROMOLO,Martin,D,6.5,10.5,True,False
10,ROMINA&ROMOLO,Luperto,D,5.5,5.0,True,False
10,ROMINA&ROMOLO,Rrahmani,D,6.0,6.0,True,False
10,ROMINA&ROMOLO,Valeri,D,6.0,6.0,True,False
10,ROMINA&ROMOLO,Saelemaekers,C,6.5,6.5,True,False
10,ROMINA&ROMOLO,Odgaard,C,,,False,False
10,ROMINA&ROMOLO,Tourè I.,C,6.0,6.0,True,False
10,ROMINA&ROMOLO,Vardy,A,5.0,5.0,True,False
10,ROMINA&ROMOLO,Pellegrino M.,A,7.5,14.0,True,False
10,ROMINA&ROMOLO,Giovane,A,5.5,8.0,True,False
10,ROMINA&ROMOLO,David,A,,,False,True
10,ROMINA&ROMOLO,Colombo,A,6.5,7.5,False,True
10,ROMINA&ROMOLO,Castellanos,A,,,False,True
10,ROMINA&ROMOLO,Vandeputte,C,5.5,5.5,True,True
10,ROMINA&ROMOLO,Thorstvedt,C,7.0,10.5,False,True
10,ROMINA&ROMOLO,Mandragora,C,7.0,10.5,False,True
10,ROMINA&ROMOLO,Stanciu,C,,,False,True
10,ROMINA&ROMOLO,Serdar,C,,,False,True
10,ROMINA&ROMOLO,Hien,D,5.0,5.0,False,True
10,ROMINA&ROMOLO,Tomori,D,6.5,6.5,False,True
10,ROMINA&ROMOLO,Angori,D,6.0,6.0,False,True
10,ROMINA&ROMOLO,Gosens,D,,,False,True
10,ROMINA&ROMOLO,Maignan,P,8.0,11.0,False,True
10,ROMINA&ROMOLO,Terracciano,P,,,False,True
10,HISASHI MITSUI,Leali,P,6.0,3.0,True,False
10,HISASHI MITSUI,Bastoni,D,6.0,6.0,True,False
10,HISASHI MITSUI,Mina,D,5.5,5.0,True,False
10,HISASHI MITSUI,Buongiorno,D,6.5,6.5,True,False
10,HISASHI MITSUI,Dodò,D,5.5,5.5,True,False
10,HISASHI MITSUI,Pulisic,C,7.0,11.0,True,False
10,HISASHI MITSUI,Baldanzi,C,6.0,6.0,True,False
10,HISASHI MITSUI,El Aynaoui,C,6.5,7.0,True,False
10,HISASHI MITSUI,Politano,C,6.0,6.0,True,False
10,HISASHI MITSUI,Orban G.,A,6.0,6.0,True,False
10,HISASHI MITSUI,Dia,A,6.0,6.0,True,False
10,HISASHI MITSUI,Siegrist,P,,,False,True
10,HISASHI MITSUI,Sommariva,P,,,False,True
10,HISASHI MITSUI,Olivera,D,,,False,True
10,HISASHI MITSUI,Coco,D,,,False,True
10,HISASHI MITSUI,Vitik,D,,,False,True
10,HISASHI MITSUI,Angelino,D,,,False,True
10,HISASHI MITSUI,Thuram K.,C,5.5,5.5,False,True
10,HISASHI MITSUI,Fagioli,C,6.0,5.5,False,True
10,HISASHI MITSUI,Loftus-Cheek,C,,,False,True
10,HISASHI MITSUI,Zambo Anguissa,C,,,False,True
10,HISASHI MITSUI,Borrelli,A,7.5,13.5,False,True
10,HISASHI MITSUI,Meister,A,7.0,10.0,False,True
10,HISASHI MITSUI,Dovbyk,A,,,False,True
10,HISASHI MITSUI,Simeone,A,,,False,True
10,TEAM PC,Ravaglia F.,P,6.5,7.5,True,False
10,TEAM PC,Baschirotto,D,5.5,5.5,True,False
10,TEAM PC,Cambiaso,D,6.0,6.0,True,False
10,TEAM PC,Gatti,D,,,False,False
10,TEAM PC,N'Dicka,D,6.5,6.5,True,False
10,TEAM PC,Conceicao,C,6.5,6.5,True,False
10,TEAM PC,Atta,C,6.5,6.5,True,False
10,TEAM PC,Koopmeiners,C,5.5,5.5,True,False
10,TEAM PC,Vlahovic,A,5.5,6.0,True,False
10,TEAM PC,Laurientè,A,6.0,6.0,True,False
10,TEAM PC,Lookman,A,5.5,5.5,True,False
10,TEAM PC,Pessina Mas.,P,,,False,True
10,TEAM PC,Lorran,C,,,False,True
10,TEAM PC,Dele-Bashiru,C,,,False,True
10,TEAM PC,Sucic P.,C,6.0,6.0,False,True
10,TEAM PC,Rovella,C,,,False,True
10,TEAM PC,Anjorin,C,5.0,5.0,False,True
10,TEAM PC,Pinamonti,A,5.0,5.0,False,True
10,TEAM PC,Zapata D.,A,5.0,5.0,False,True
10,TEAM PC,Douvikas,A,6.0,6.0,False,True
10,TEAM PC,Acerbi,D,6.5,6.5,True,True
10,TEAM PC,Doig,D,6.0,6.0,False,True
10,TEAM PC,Bellanova,D,6.0,7.0,False,True
10,TEAM PC,Zortea,D,6.0,6.0,False,True
10,OLD LIN,De Gea,P,6.5,5.5,True,False
10,OLD LIN,Gallo,D,5.5,5.5,True,False
10,OLD LIN,Delprato,D,5.5,5.0,True,False
10,OLD LIN,Heggem,D,6.5,6.5,True,False
10,OLD LIN,Gudmundsson A.,C,6.0,6.0,True,False
10,OLD LIN,Barella,C,6.0,6.0,True,False
10,OLD LIN,Konè M.,C,6.5,7.5,True,False
10,OLD LIN,Guendouzi,C,7.0,10.5,True,False
10,OLD LIN,Castro S.,A,5.5,5.5,True,False
10,OLD LIN,Martinez L.,A,6.0,6.0,True,False
10,OLD LIN,Berardi,A,5.5,5.5,True,False
10,OLD LIN,Montipò,P,6.5,4.5,False,True
10,OLD LIN,Turati,P,,,False,True
10,OLD LIN,Ismajli,D,,,False,True
10,OLD LIN,Zappa,D,6.0,7.0,False,True
10,OLD LIN,Circati,D,,,False,True
10,OLD LIN,Ghilardi,D,,,False,True
10,OLD LIN,Unai Nunez,D,6.5,6.0,False,True
10,OLD LIN,Vazquez,C,6.0,7.0,False,True
10,OLD LIN,Ellertsson,C,,,False,True
10,OLD LIN,Pierotti,C,6.0,6.0,False,True
10,OLD LIN,Gagliardini,C,6.0,6.0,False,True
10,OLD LIN,Esposito Se.,A,7.0,10.0,False,True
10,OLD LIN,Kuhn,A,,,False,True
10,OLD LIN,Sanabria,A,,,False,True
10,DTE,Sommer,P,5.5,4.5,True,False
10,DTE,Valle,D,6.5,6.5,True,False
10,DTE,Solet,D,5.5,5.5,True,False
10,DTE,Tiago Gabriel,D,5.0,5.0,True,False
10,DTE,Terracciano F.,D,5.0,5.0,True,False
10,DTE,Kostic,C,7.0,10.0,True,False
10,DTE,Paz N.,C,7.0,10.0,True,False
10,DTE,Zaccagni,C,6.5,6.5,True,False
10,DTE,Leao,A,5.0,4.5,True,False
10,DTE,Cutrone,A,6.0,6.0,True,False
10,DTE,Ferguson E.,A,7.0,11.0,True,False
10,DTE,Martinez Jo.,P,,,False,True
10,DTE,Di Gennaro,P,,,False,True
10,DTE,Darmian,D,,,False,True
10,DTE,Ramon,D,7.0,10.0,False,True
10,DTE,Lovik,D,5.5,5.5,False,True
10,DTE,Pezzella Giu.,D,5.0,5.0,False,True
10,DTE,Miller L.,C,,,False,True
10,DTE,Frendrup,C,6.5,6.5,False,True
10,DTE,Lobotka,C,6.0,6.0,False,True
10,DTE,Zerbin,C,,,False,True
10,DTE,Asllani,C,5.0,5.0,False,True
10,DTE,Gueye,A,,,False,True
10,DTE,Nkunku,A,6.0,6.0,False,True
10,DTE,Ekuban,A,6.0,6.0,False,True
11,TEAM PC,Ravaglia F.,P,6.0,3.0,True,False
11,TEAM PC,Baschirotto,D,7.0,7.0,True,False
11,TEAM PC,Cambiaso,D,6.0,5.5,True,False
11,TEAM PC,Bellanova,D,6.0,6.0,True,False
11,TEAM PC,N'Dicka,D,5.5,5.0,True,False
11,TEAM PC,Sucic P.,C,5.5,5.5,True,False
11,TEAM PC,Atta,C,6.0,5.5,True,False
11,TEAM PC,Koopmeiners,C,6.0,6.0,True,False
11,TEAM PC,Vlahovic,A,6.0,6.0,True,False
11,TEAM PC,Laurientè,A,5.5,5.5,True,False
11,TEAM PC,Lookman,A,7.0,10.0,True,False
11,TEAM PC,Pessina Mas.,P,,,False,True
11,TEAM PC,Lorran,C,,,False,True
11,TEAM PC,Dele-Bashiru,C,5.5,5.5,False,True
11,TEAM PC,Rovella,C,,,False,True
11,TEAM PC,Anjorin,C,,,False,True
11,TEAM PC,Pinamonti,A,5.0,5.0,False,True
11,TEAM PC,Zapata D.,A,6.0,6.0,False,True
11,TEAM PC,Douvikas,A,7.0,11.0,False,True
11,TEAM PC,Acerbi,D,6.0,5.5,False,True
11,TEAM PC,Doig,D,6.0,6.0,False,True
11,TEAM PC,Zortea,D,5.5,5.5,False,True
11,TEAM PC,Gatti,D,,,False,True
11,TEAM PC,Conceicao,C,6.5,6.5,False,True
11,KAMADO,Butez,P,6.0,7.0,True,False
11,KAMADO,Dimarco,D,6.0,6.0,True,False
11,KAMADO,Estupinan,D,,,False,False
11,KAMADO,Cuadrado,D,,,False,False
11,KAMADO,Vojvoda,D,6.0,6.0,True,False
11,KAMADO,Da Cunha,C,6.0,6.0,True,False
11,KAMADO,Rabiot,C,6.0,6.0,True,False
11,KAMADO,Baturina,C,6.0,6.0,True,False
11,KAMADO,Rodriguez Je.,A,5.5,5.5,True,False
11,KAMADO,Hojlund,A,6.5,7.5,True,False
11,KAMADO,Openda,A,,,False,False
11,KAMADO,Svilar,P,6.5,5.5,False,True
11,KAMADO,Sava,P,,,False,True
11,KAMADO,Frese,D,5.5,5.5,True,True
11,KAMADO,Ziolkowski,D,,,False,True
11,KAMADO,Lykogiannis,D,,,False,True
11,KAMADO,Kristensen T.,D,,,False,True
11,KAMADO,Sorensen O.,C,6.0,6.0,False,True
11,KAMADO,Zhegrova,C,,,False,True
11,KAMADO,Diouf,C,6.5,6.5,False,True
11,KAMADO,Volpato,C,5.5,5.5,False,True
11,KAMADO,Rowe,C,,,False,True
11,KAMADO,Gimenez,A,,,False,True
11,KAMADO,Stulic,A,5.5,5.5,True,True
11,KAMADO,Lucca,A,,,False,True
11,DTE,Sommer,P,6.0,7.0,True,False
11,DTE,Valle,D,,,False,False
11,DTE,Solet,D,6.5,6.5,True,False
11,DTE,Ramon,D,6.0,5.5,True,False
11,DTE,Pezzella Giu.,D,6.0,5.5,True,False
11,DTE,Kostic,C,5.0,5.0,True,False
11,DTE,Paz N.,C,7.0,8.0,True,False
11,DTE,Zaccagni,C,6.0,5.5,True,False
11,DTE,Leao,A,7.0,11.0,True,False
11,DTE,Cutrone,A,5.5,5.5,True,False
11,DTE,Ferguson E.,A,5.5,5.5,True,False
11,DTE,Martinez Jo.,P,,,False,True
11,DTE,Di Gennaro,P,,,False,True
11,DTE,Darmian,D,,,False,True
11,DTE,Tiago Gabriel,D,6.0,6.0,True,True
11,DTE,Lovik,D,,,False,True
11,DTE,Terracciano F.,D,6.0,5.5,False,True
11,DTE,Miller L.,C,,,False,True
11,DTE,Frendrup,C,6.5,6.5,False,True
11,DTE,Lobotka,C,6.0,5.5,False,True
11,DTE,Zerbin,C,6.0,6.0,False,True
11,DTE,Asllani,C,4.5,2.5,False,True
11,DTE,Gueye,A,,,False,True
11,DTE,Ekuban,A,6.0,6.0,False,True
11,DTE,Nkunku,A,5.0,5.0,False,True
11,ROMANHOLIDAY,Falcone,P,7.5,8.5,True,False
11,ROMANHOLIDAY,Carlos Augusto,D,,,False,False
11,ROMANHOLIDAY,Vasquez,D,6.5,6.5,True,False
11,ROMANHOLIDAY,Wesley,D,5.5,5.5,True,False
11,ROMANHOLIDAY,Veiga D.,D,6.0,6.0,True,False
11,ROMANHOLIDAY,Mkhitaryan,C,,,False,False
11,ROMANHOLIDAY,Calhanoglu,C,6.5,6.5,True,False
11,ROMANHOLIDAY,Orsolini,C,6.5,8.5,True,False
11,ROMANHOLIDAY,Bonny,A,,,False,False
11,ROMANHOLIDAY,Bonazzoli,A,6.5,7.5,True,False
11,ROMANHOLIDAY,Thuram,A,5.5,5.5,True,False
11,ROMANHOLIDAY,Provedel,P,6.0,5.0,False,True
11,ROMANHOLIDAY,Vasquez D.,P,,,False,True
11,ROMANHOLIDAY,Nkounkou,D,5.5,5.5,True,True
11,ROMANHOLIDAY,Pellegrini Lu.,D,5.5,5.0,False,True
11,ROMANHOLIDAY,Luis Henrique,C,5.5,5.5,True,True
11,ROMANHOLIDAY,Iannoni,C,,,False,True
11,ROMANHOLIDAY,Kaba,C,,,False,True
11,ROMANHOLIDAY,Ndour,C,,,False,True
11,ROMANHOLIDAY,Camarda,A,,,False,True
11,ROMANHOLIDAY,Ekhator,A,,,False,True
11,ASR YOYO,Carnesecchi,P,7.0,8.0,True,False
11,ASR YOYO,Ostigard,D,5.5,5.5,True,False
11,ASR YOYO,Akanji,D,6.5,6.5,True,False
11,ASR YOYO,Kalulu,D,6.5,7.5,True,False
11,ASR YOYO,Di Lorenzo,D,6.5,6.5,True,False
11,ASR YOYO,Pellegrini Lo.,C,6.5,6.5,True,False
11,ASR YOYO,Modric,C,6.0,6.0,True,False
11,ASR YOYO,Bernabè,C,5.5,5.5,True,False
11,ASR YOYO,Kean,A,5.5,5.5,True,False
11,ASR YOYO,Scamacca,A,6.0,6.0,True,False
11,ASR YOYO,De Ketelaere,A,7.0,8.0,True,False
11,ASR YOYO,Sportiello,P,,,False,True
11,ASR YOYO,Rossi F.,P,,,False,True
11,ASR YOYO,Kelly L.,D,6.0,6.0,False,True
11,ASR YOYO,Zanoli,D,6.0,6.0,False,True
11,ASR YOYO,Tsimikas,D,,,False,True
11,ASR YOYO,Scalvini,D,,,False,True
11,ASR YOYO,Carboni V.,C,,,False,True
11,ASR YOYO,Casadei,C,5.5,5.0,False,True
11,ASR YOYO,Pasalic,C,6.0,6.0,False,True
11,ASR YOYO,Maldini,C,,,False,True
11,ASR YOYO,Tramoni M.,C,5.5,5.5,False,True
11,ASR YOYO,Esposito F.P.,A,7.0,8.0,False,True
11,ASR YOYO,Krstovic,A,6.0,6.0,False,True
11,ASR YOYO,Cambiaghi,A,6.0,6.0,False,True
11,HISASHI MITSUI,Leali,P,6.5,5.5,True,False
11,HISASHI MITSUI,Bastoni,D,6.0,6.0,True,False
11,HISASHI MITSUI,Coco,D,6.0,5.5,True,False
11,HISASHI MITSUI,Buongiorno,D,6.5,6.5,True,False
11,HISASHI MITSUI,Dodò,D,5.0,5.0,True,False
11,HISASHI MITSUI,Pulisic,C,,,False,False
11,HISASHI MITSUI,Thuram K.,C,6.5,6.5,True,False
11,HISASHI MITSUI,Politano,C,6.0,6.0,True,False
11,HISASHI MITSUI,Orban G.,A,5.5,5.5,True,False
11,HISASHI MITSUI,Borrelli,A,6.0,6.0,True,False
11,HISASHI MITSUI,Meister,A,6.0,6.0,True,False
11,HISASHI MITSUI,Siegrist,P,,,False,True
11,HISASHI MITSUI,Sommariva,P,,,False,True
11,HISASHI MITSUI,Vitik,D,,,False,True
11,HISASHI MITSUI,Olivera,D,6.0,5.5,False,True
11,HISASHI MITSUI,Mina,D,,,False,True
11,HISASHI MITSUI,Angelino,D,,,False,True
11,HISASHI MITSUI,Loftus-Cheek,C,6.0,6.0,True,True
11,HISASHI MITSUI,El Aynaoui,C,6.0,6.0,False,True
11,HISASHI MITSUI,Baldanzi,C,6.0,5.5,False,True
11,HISASHI MITSUI,Fagioli,C,5.5,5.5,False,True
11,HISASHI MITSUI,Zambo Anguissa,C,,,False,True
11,HISASHI MITSUI,Dia,A,5.5,5.5,False,True
11,HISASHI MITSUI,Dovbyk,A,,,False,True
11,HISASHI MITSUI,Simeone,A,,,False,True
11,ROMINA&ROMOLO,Maignan,P,7.0,8.0,True,False
11,ROMINA&ROMOLO,Martin,D,6.5,6.5,True,False
11,ROMINA&ROMOLO,Rrahmani,D,7.0,7.0,True,False
11,ROMINA&ROMOLO,Tomori,D,6.5,7.0,True,False
11,ROMINA&ROMOLO,Valeri,D,6.0,6.0,True,False
11,ROMINA&ROMOLO,Saelemaekers,C,6.5,6.5,True,False
11,ROMINA&ROMOLO,Vandeputte,C,6.5,6.5,True,False
11,ROMINA&ROMOLO,Odgaard,C,5.0,5.0,True,False
11,ROMINA&ROMOLO,Tourè I.,C,6.0,6.0,True,False
11,ROMINA&ROMOLO,Giovane,A,6.0,6.0,True,False
11,ROMINA&ROMOLO,Pellegrino M.,A,6.0,6.0,True,False
11,ROMINA&ROMOLO,Castellanos,A,6.0,6.0,False,True
11,ROMINA&ROMOLO,David,A,5.5,5.5,False,True
11,ROMINA&ROMOLO,Vardy,A,8.0,15.0,False,True
11,ROMINA&ROMOLO,Colombo,A,7.0,10.0,False,True
11,ROMINA&ROMOLO,Thorstvedt,C,6.0,6.0,False,True
11,ROMINA&ROMOLO,Mandragora,C,5.5,5.0,False,True
11,ROMINA&ROMOLO,Stanciu,C,,,False,True
11,ROMINA&ROMOLO,Serdar,C,,,False,True
11,ROMINA&ROMOLO,Gosens,D,,,False,True
11,ROMINA&ROMOLO,Luperto,D,5.5,5.5,False,True
11,ROMINA&ROMOLO,Hien,D,6.5,6.0,False,True
11,ROMINA&ROMOLO,Angori,D,6.0,6.0,False,True
11,ROMINA&ROMOLO,Terracciano,P,,,False,True
11,ROMINA&ROMOLO,Caprile,P,6.0,4.0,False,True
11,GOODBYE,Di Gregorio,P,,,False,False
11,GOODBYE,Mancini,D,6.0,6.0,True,False
11,GOODBYE,Hermoso,D,6.0,6.0,True,False
11,GOODBYE,Floriani Mussolini,D,,,False,False
11,GOODBYE,Cristante,C,5.0,4.5,True,False
11,GOODBYE,Locatelli,C,6.0,6.0,True,False
11,GOODBYE,El Shaarawy,C,,,False,False
11,GOODBYE,Bailey,C,,,False,False
11,GOODBYE,Dybala,A,6.0,6.0,True,False
11,GOODBYE,Soulè,A,5.0,5.0,True,False
11,GOODBYE,Davis K.,A,7.5,9.0,True,False
11,GOODBYE,Perin,P,6.0,5.0,True,True
11,GOODBYE,Pinsoglio,P,,,False,True
11,GOODBYE,Palestra,D,7.0,8.0,True,True
11,GOODBYE,Van Der Brempt,D,,,False,True
11,GOODBYE,Calabresi,D,,,False,True
11,GOODBYE,Sernicola,D,,,False,True
11,GOODBYE,Bremer,D,,,False,True
11,GOODBYE,Zalewski,C,6.0,6.0,True,True
11,GOODBYE,Adzic,C,,,False,True
11,GOODBYE,Ilkhan,C,,,False,True
11,GOODBYE,Rog,C,,,False,True
11,GOODBYE,Dzeko,A,,,False,True
11,GOODBYE,Benedyczak,A,,,False,True
11,GOODBYE,Milik,A,,,False,True
11,QICELLO,Milinkovic-Savic V.,P,6.5,7.5,True,False
11,QICELLO,Bisseck,D,6.0,6.0,True,False
11,QICELLO,Pavlovic,D,6.0,6.0,True,False
11,QICELLO,Miranda J.,D,5.5,5.5,True,False
11,QICELLO,Vlasic,C,6.0,7.0,True,False
11,QICELLO,McTominay,C,6.5,6.5,True,False
11,QICELLO,Ederson D.S.,C,6.0,6.0,True,False
11,QICELLO,Isaksen,C,6.0,6.0,True,False
11,QICELLO,Lang,A,6.0,6.0,True,False
11,QICELLO,Adams C.,A,6.5,9.5,True,False
11,QICELLO,Yildiz,A,7.5,14.5,True,False
11,QICELLO,Meret,P,,,False,True
11,QICELLO,Contini,P,,,False,True
11,QICELLO,Gabbia,D,6.5,6.0,False,True
11,QICELLO,Joao Mario,D,,,False,True
11,QICELLO,Gutierrez,D,,,False,True
11,QICELLO,Rensch,D,,,False,True
11,QICELLO,Tavares N.,D,,,False,True
11,QICELLO,Frattesi,C,,,False,True
11,QICELLO,Oristanio,C,,,False,True
11,QICELLO,Sarmiento J.,C,,,False,True
11,QICELLO,Collocolo,C,,,False,True
11,QICELLO,Diao,A,,,False,True
11,QICELLO,Morata,A,,,False,True
11,QICELLO,Piccoli,A,5.5,5.5,False,True
11,OLD LIN,De Gea,P,6.5,4.5,True,False
11,OLD LIN,Gallo,D,6.5,6.5,True,False
11,OLD LIN,Delprato,D,5.5,5.5,True,False
11,OLD LIN,Heggem,D,5.5,5.5,True,False
11,OLD LIN,Gudmundsson A.,C,5.5,5.5,True,False
11,OLD LIN,Barella,C,6.5,7.5,True,False
11,OLD LIN,Konè M.,C,5.0,5.0,True,False
11,OLD LIN,Vazquez,C,,,False,False
11,OLD LIN,Castro S.,A,5.5,5.5,True,False
11,OLD LIN,Martinez L.,A,7.5,14.5,True,False
11,OLD LIN,Berardi,A,6.0,6.0,True,False
11,OLD LIN,Montipò,P,6.0,4.0,False,True
11,OLD LIN,Turati,P,,,False,True
11,OLD LIN,Unai Nunez,D,6.0,5.5,False,True
11,OLD LIN,Ismajli,D,,,False,True
11,OLD LIN,Zappa,D,6.0,6.0,False,True
11,OLD LIN,Ghilardi,D,,,False,True
11,OLD LIN,Circati,D,,,False,True
11,OLD LIN,Ellertsson,C,6.5,7.5,True,True
11,OLD LIN,Gagliardini,C,5.5,5.0,False,True
11,OLD LIN,Guendouzi,C,6.0,6.0,False,True
11,OLD LIN,Pierotti,C,5.5,5.5,False,True
11,OLD LIN,Esposito Se.,A,7.0,10.0,False,True
11,OLD LIN,Kuhn,A,,,False,True
11,OLD LIN,Sanabria,A,6.0,6.0,False,True
12,ASR YOYO,Carnesecchi,P,6.0,3.0,True,False
12,ASR YOYO,Tsimikas,D,5.5,5.5,True,False
12,ASR YOYO,Scalvini,D,,,False,False
12,ASR YOYO,Ostigard,D,,,False,False
12,ASR YOYO,Di Lorenzo,D,6.0,6.0,True,False
12,ASR YOYO,Pellegrini Lo.,C,5.5,5.5,True,False
12,ASR YOYO,Modric,C,6.5,6.5,True,False
12,ASR YOYO,Tramoni M.,C,,,False,False
12,ASR YOYO,Kean,A,5.0,5.0,True,False
12,ASR YOYO,Scamacca,A,6.5,8.5,True,False
12,ASR YOYO,De Ketelaere,A,5.5,5.5,True,False
12,ASR YOYO,Sportiello,P,,,False,True
12,ASR YOYO,Rossi F.,P,,,False,True
12,ASR YOYO,Zanoli,D,6.0,6.0,True,True
12,ASR YOYO,Akanji,D,6.0,5.5,True,True
12,ASR YOYO,Kalulu,D,6.0,5.5,False,True
12,ASR YOYO,Kelly L.,D,5.0,5.0,False,True
12,ASR YOYO,Pasalic,C,6.0,6.0,True,True
12,ASR YOYO,Maldini,C,,,False,True
12,ASR YOYO,Carboni V.,C,,,False,True
12,ASR YOYO,Bernabè,C,6.0,6.0,False,True
12,ASR YOYO,Casadei,C,5.5,5.5,False,True
12,ASR YOYO,Krstovic,A,5.0,5.0,False,True
12,ASR YOYO,Esposito F.P.,A,6.0,6.0,False,True
12,ASR YOYO,Cambiaghi,A,5.5,5.0,False,True
12,TEAM PC,Ravaglia F.,P,7.5,6.5,True,False
12,TEAM PC,Baschirotto,D,7.0,7.0,True,False
12,TEAM PC,Cambiaso,D,5.5,5.5,True,False
12,TEAM PC,Bellanova,D,5.5,5.5,True,False
12,TEAM PC,N'Dicka,D,5.5,5.5,True,False
12,TEAM PC,Conceicao,C,5.5,5.5,True,False
12,TEAM PC,Atta,C,,,False,False
12,TEAM PC,Sucic P.,C,,,False,False
12,TEAM PC,Pinamonti,A,5.5,5.5,True,False
12,TEAM PC,Laurientè,A,6.5,7.5,True,False
12,TEAM PC,Lookman,A,5.0,5.0,True,False
12,TEAM PC,Pessina Mas.,P,,,False,True
12,TEAM PC,Koopmeiners,C,5.0,5.0,True,True
12,TEAM PC,Lorran,C,6.0,6.0,True,True
12,TEAM PC,Dele-Bashiru,C,6.0,6.0,False,True
12,TEAM PC,Rovella,C,,,False,True
12,TEAM PC,Anjorin,C,6.0,5.5,False,True
12,TEAM PC,Zapata D.,A,6.5,9.5,False,True
12,TEAM PC,Acerbi,D,6.5,6.5,False,True
12,TEAM PC,Doig,D,6.5,6.5,False,True
12,TEAM PC,Zortea,D,7.0,7.0,False,True
12,TEAM PC,Gatti,D,,,False,True
12,TEAM PC,Skorupski,P,,,False,True
12,TEAM PC,Douvikas,A,5.0,5.0,False,True
12,TEAM PC,Vlahovic,A,,,False,True
12,DTE,Sommer,P,6.0,7.0,True,False
12,DTE,Valle,D,5.0,5.0,True,False
12,DTE,Ramon,D,5.5,5.5,True,False
12,DTE,Solet,D,5.5,5.5,True,False
12,DTE,Pezzella Giu.,D,,,False,False
12,DTE,Kostic,C,5.5,5.5,True,False
12,DTE,Paz N.,C,5.5,5.5,True,False
12,DTE,Zaccagni,C,6.5,6.5,True,False
12,DTE,Leao,A,5.5,5.5,True,False
12,DTE,Cutrone,A,,,False,False
12,DTE,Ferguson E.,A,5.5,5.5,True,False
12,DTE,Martinez Jo.,P,,,False,True
12,DTE,Di Gennaro,P,,,False,True
12,DTE,Darmian,D,,,False,True
12,DTE,Tiago Gabriel,D,5.5,5.5,True,True
12,DTE,Lovik,D,,,False,True
12,DTE,Terracciano F.,D,6.5,6.5,False,True
12,DTE,Miller L.,C,,,False,True
12,DTE,Frendrup,C,,,False,True
12,DTE,Lobotka,C,,,False,True
12,DTE,Zerbin,C,6.5,7.5,False,True
12,DTE,Asllani,C,5.0,5.0,False,True
12,DTE,Gueye,A,,,False,True
12,DTE,Ekuban,A,6.5,7.5,True,True
12,DTE,Nkunku,A,5.5,5.5,False,True
12,QICELLO,Milinkovic-Savic V.,P,6.0,5.0,True,False
12,QICELLO,Miranda J.,D,6.0,5.5,True,False
12,QICELLO,Pavlovic,D,5.5,5.5,True,False
12,QICELLO,Rensch,D,5.5,5.5,True,False
12,QICELLO,Frattesi,C,,,False,False
12,QICELLO,McTominay,C,6.5,6.5,True,False
12,QICELLO,Ederson D.S.,C,5.5,5.5,True,False
12,QICELLO,Isaksen,C,7.0,10.0,True,False
12,QICELLO,Lang,A,5.5,5.5,True,False
12,QICELLO,Adams C.,A,6.0,6.0,True,False
12,QICELLO,Yildiz,A,7.0,10.0,True,False
12,QICELLO,Meret,P,,,False,True
12,QICELLO,Contini,P,,,False,True
12,QICELLO,Gabbia,D,6.0,6.0,False,True
12,QICELLO,Bisseck,D,,,False,True
12,QICELLO,Tavares N.,D,5.0,4.5,False,True
12,QICELLO,Joao Mario,D,,,False,True
12,QICELLO,Gutierrez,D,,,False,True
12,QICELLO,Oristanio,C,,,False,True
12,QICELLO,Vlasic,C,7.0,10.0,True,True
12,QICELLO,Sarmiento J.,C,,,False,True
12,QICELLO,Collocolo,C,,,False,True
12,QICELLO,Piccoli,A,5.5,5.5,False,True
12,QICELLO,Diao,A,6.0,6.0,False,True
12,QICELLO,Morata,A,5.5,5.5,False,True
12,OLD LIN,De Gea,P,4.5,1.5,True,False
12,OLD LIN,Gallo,D,5.5,5.0,True,False
12,OLD LIN,Delprato,D,6.5,6.5,True,False
12,OLD LIN,Heggem,D,5.5,5.5,True,False
12,OLD LIN,Gudmundsson A.,C,5.0,5.0,True,False
12,OLD LIN,Barella,C,7.0,7.0,True,False
12,OLD LIN,Konè M.,C,6.0,6.0,True,False
12,OLD LIN,Vazquez,C,,,False,False
12,OLD LIN,Castro S.,A,5.5,5.5,True,False
12,OLD LIN,Martinez L.,A,7.0,11.0,True,False
12,OLD LIN,Esposito Se.,A,7.0,8.0,True,False
12,OLD LIN,Montipò,P,7.0,6.0,False,True
12,OLD LIN,Turati,P,,,False,True
12,OLD LIN,Unai Nunez,D,6.5,6.5,False,True
12,OLD LIN,Ismajli,D,,,False,True
12,OLD LIN,Zappa,D,6.0,6.0,False,True
12,OLD LIN,Ghilardi,D,4.5,4.5,False,True
12,OLD LIN,Circati,D,,,False,True
12,OLD LIN,Ellertsson,C,,,False,True
12,OLD LIN,Gagliardini,C,,,False,True
12,OLD LIN,Guendouzi,C,6.5,6.5,True,True
12,OLD LIN,Pierotti,C,5.5,5.5,False,True
12,OLD LIN,Kuhn,A,,,False,True
12,OLD LIN,Sanabria,A,7.0,10.0,False,True
12,OLD LIN,Berardi,A,,,False,True
12,ROMINA&ROMOLO,Maignan,P,6.0,3.5,True,False
12,ROMINA&ROMOLO,Martin,D,6.0,6.0,True,False
12,ROMINA&ROMOLO,Rrahmani,D,6.5,6.5,True,False
12,ROMINA&ROMOLO,Valeri,D,6.0,5.5,True,False
12,ROMINA&ROMOLO,Saelemaekers,C,6.5,7.5,True,False
12,ROMINA&ROMOLO,Vandeputte,C,6.5,6.5,True,False
12,ROMINA&ROMOLO,Thorstvedt,C,6.5,6.0,True,False
12,ROMINA&ROMOLO,Tourè I.,C,6.0,5.5,True,False
12,ROMINA&ROMOLO,Castellanos,A,5.5,5.5,True,False
12,ROMINA&ROMOLO,Pellegrino M.,A,5.5,5.5,True,False
12,ROMINA&ROMOLO,Vardy,A,6.0,6.0,True,False
12,ROMINA&ROMOLO,Giovane,A,7.5,12.5,False,True
12,ROMINA&ROMOLO,Colombo,A,6.5,6.5,False,True
12,ROMINA&ROMOLO,David,A,6.0,6.0,False,True
12,ROMINA&ROMOLO,Odgaard,C,6.5,10.5,False,True
12,ROMINA&ROMOLO,Mandragora,C,6.0,7.5,False,True
12,ROMINA&ROMOLO,Stanciu,C,,,False,True
12,ROMINA&ROMOLO,Serdar,C,,,False,True
12,ROMINA&ROMOLO,Tomori,D,5.5,6.0,False,True
12,ROMINA&ROMOLO,Angori,D,6.0,6.0,False,True
12,ROMINA&ROMOLO,Hien,D,5.0,5.0,False,True
12,ROMINA&ROMOLO,Gosens,D,,,False,True
12,ROMINA&ROMOLO,Luperto,D,6.5,6.5,False,True
12,ROMINA&ROMOLO,Terracciano,P,,,False,True
12,ROMINA&ROMOLO,Caprile,P,6.0,7.0,False,True
12,GOODBYE,Di Gregorio,P,6.5,4.5,True,False
12,GOODBYE,Mancini,D,5.0,5.0,True,False
12,GOODBYE,Hermoso,D,5.5,5.0,True,False
12,GOODBYE,Floriani Mussolini,D,6.5,6.5,True,False
12,GOODBYE,Cristante,C,5.5,5.5,True,False
12,GOODBYE,Locatelli,C,6.0,6.0,True,False
12,GOODBYE,El Shaarawy,C,,,False,False
12,GOODBYE,Bailey,C,,,False,False
12,GOODBYE,Dybala,A,5.5,5.5,True,False
12,GOODBYE,Soulè,A,6.0,6.0,True,False
12,GOODBYE,Davis K.,A,6.0,6.0,True,False
12,GOODBYE,Perin,P,,,False,True
12,GOODBYE,Pinsoglio,P,,,False,True
12,GOODBYE,Palestra,D,7.0,7.0,False,True
12,GOODBYE,Van Der Brempt,D,,,False,True
12,GOODBYE,Calabresi,D,6.0,6.0,False,True
12,GOODBYE,Sernicola,D,,,False,True
12,GOODBYE,Bremer,D,,,False,True
12,GOODBYE,Zalewski,C,5.5,5.5,True,True
12,GOODBYE,Adzic,C,,,False,True
12,GOODBYE,Ilkhan,C,,,False,True
12,GOODBYE,Rog,C,,,False,True
12,GOODBYE,Dzeko,A,,,False,True
12,GOODBYE,Benedyczak,A,6.5,9.0,False,True
12,GOODBYE,Milik,A,,,False,True
12,HISASHI MITSUI,Leali,P,6.0,5.0,True,False
12,HISASHI MITSUI,Angelino,D,,,False,False
12,HISASHI MITSUI,Bastoni,D,6.5,6.5,True,False
12,HISASHI MITSUI,Buongiorno,D,6.5,6.0,True,False
12,HISASHI MITSUI,Dodò,D,5.0,5.0,True,False
12,HISASHI MITSUI,Pulisic,C,8.0,15.0,True,False
12,HISASHI MITSUI,Thuram K.,C,6.0,6.0,True,False
12,HISASHI MITSUI,El Aynaoui,C,5.5,5.5,True,False
12,HISASHI MITSUI,Politano,C,,,False,False
12,HISASHI MITSUI,Simeone,A,,,False,False
12,HISASHI MITSUI,Meister,A,5.5,5.5,True,False
12,HISASHI MITSUI,Siegrist,P,,,False,True
12,HISASHI MITSUI,Sommariva,P,,,False,True
12,HISASHI MITSUI,Olivera,D,5.5,5.5,True,True
12,HISASHI MITSUI,Coco,D,5.0,5.0,False,True
12,HISASHI MITSUI,Mina,D,,,False,True
12,HISASHI MITSUI,Vitik,D,,,False,True
12,HISASHI MITSUI,Baldanzi,C,5.5,5.5,True,True
12,HISASHI MITSUI,Loftus-Cheek,C,6.0,6.0,False,True
12,HISASHI MITSUI,Fagioli,C,5.5,5.5,False,True
12,HISASHI MITSUI,Zambo Anguissa,C,,,False,True
12,HISASHI MITSUI,Borrelli,A,6.0,6.0,True,True
12,HISASHI MITSUI,Orban G.,A,,,False,True
12,HISASHI MITSUI,Dia,A,,,False,True
12,HISASHI MITSUI,Dovbyk,A,,,False,True
12,KAMADO,Svilar,P,7.0,6.0,True,False
12,KAMADO,Ziolkowski,D,,,False,False
12,KAMADO,Dimarco,D,7.0,9.0,True,False
12,KAMADO,Vojvoda,D,5.0,5.0,True,False
12,KAMADO,Diouf,C,,,False,False
12,KAMADO,Rabiot,C,7.0,10.0,True,False
12,KAMADO,Rowe,C,6.0,6.0,True,False
12,KAMADO,Volpato,C,7.5,11.5,True,False
12,KAMADO,Hojlund,A,8.0,15.0,True,False
12,KAMADO,Rodriguez Je.,A,6.0,6.0,True,False
12,KAMADO,Openda,A,6.0,6.0,True,False
12,KAMADO,Butez,P,6.5,2.5,False,True
12,KAMADO,Sava,P,,,False,True
12,KAMADO,Estupinan,D,,,False,True
12,KAMADO,Cuadrado,D,,,False,True
12,KAMADO,Frese,D,6.5,6.0,True,True
12,KAMADO,Kristensen T.,D,,,False,True
12,KAMADO,Lykogiannis,D,,,False,True
12,KAMADO,Baturina,C,,,False,True
12,KAMADO,Da Cunha,C,5.0,5.0,True,True
12,KAMADO,Zhegrova,C,,,False,True
12,KAMADO,Sorensen O.,C,6.0,6.0,False,True
12,KAMADO,Stulic,A,5.0,5.0,False,True
12,KAMADO,Lucca,A,,,False,True
12,KAMADO,Gimenez,A,,,False,True
12,ROMANHOLIDAY,Provedel,P,6.5,5.5,True,False
12,ROMANHOLIDAY,Carlos Augusto,D,7.0,10.0,True,False
12,ROMANHOLIDAY,Vasquez,D,6.5,6.5,True,False
12,ROMANHOLIDAY,Wesley,D,,,False,False
12,ROMANHOLIDAY,Veiga D.,D,5.0,5.0,True,False
12,ROMANHOLIDAY,Smolcic I.,D,,,False,False
12,ROMANHOLIDAY,Calhanoglu,C,7.0,10.0,True,False
12,ROMANHOLIDAY,Orsolini,C,6.0,6.0,True,False
12,ROMANHOLIDAY,Mkhitaryan,C,6.0,6.0,True,False
12,ROMANHOLIDAY,Bonazzoli,A,7.0,10.0,True,False
12,ROMANHOLIDAY,Thuram,A,7.0,10.0,True,False
12,ROMANHOLIDAY,Falcone,P,6.0,4.0,False,True
12,ROMANHOLIDAY,Vasquez D.,P,,,False,True
12,ROMANHOLIDAY,Nkounkou,D,,,False,True
12,ROMANHOLIDAY,Pellegrini Lu.,D,,,False,True
12,ROMANHOLIDAY,Luis Henrique,C,7.0,8.0,False,True
12,ROMANHOLIDAY,Iannoni,C,,,False,True
12,ROMANHOLIDAY,Kaba,C,6.0,6.0,False,True
12,ROMANHOLIDAY,Ndour,C,5.5,5.0,False,True
12,ROMANHOLIDAY,Bonny,A,,,False,True
12,ROMANHOLIDAY,Cancellieri,A,6.0,6.0,False,True
12,ROMANHOLIDAY,Camarda,A,5.5,5.5,False,True
12,ROMANHOLIDAY,Ekhator,A,6.0,6.0,False,True
13,QICELLO,Milinkovic-Savic V.,P,6.5,5.5,True,False
13,QICELLO,Miranda J.,D,6.0,5.5,True,False
13,QICELLO,Pavlovic,D,6.5,6.5,True,False
13,QICELLO,Gabbia,D,5.5,5.5,True,False
13,QICELLO,Bisseck,D,7.0,9.5,True,False
13,QICELLO,Vlasic,C,7.0,11.0,True,False
13,QICELLO,McTominay,C,6.0,6.0,True,False
13,QICELLO,Frattesi,C,,,False,False
13,QICELLO,Lang,A,6.0,6.0,True,False
13,QICELLO,Adams C.,A,6.0,6.0,True,False
13,QICELLO,Yildiz,A,6.5,7.5,True,False
13,QICELLO,Meret,P,,,False,True
13,QICELLO,Contini,P,,,False,True
13,QICELLO,Rensch,D,6.5,6.5,False,True
13,QICELLO,Tavares N.,D,,,False,True
13,QICELLO,Joao Mario,D,,,False,True
13,QICELLO,Gutierrez,D,,,False,True
13,QICELLO,Ederson D.S.,C,6.5,6.5,True,True
13,QICELLO,Isaksen,C,,,False,True
13,QICELLO,Oristanio,C,5.5,5.5,False,True
13,QICELLO,Sarmiento J.,C,,,False,True
13,QICELLO,Collocolo,C,,,False,True
13,QICELLO,Piccoli,A,,,False,True
13,QICELLO,Diao,A,6.0,6.0,False,True
13,QICELLO,Morata,A,,,False,True
13,TEAM PC,Ravaglia F.,P,6.5,5.5,True,False
13,TEAM PC,Baschirotto,D,5.0,5.0,True,False
13,TEAM PC,Cambiaso,D,6.0,6.0,True,False
13,TEAM PC,Doig,D,6.0,6.0,True,False
13,TEAM PC,N'Dicka,D,7.0,7.0,True,False
13,TEAM PC,Conceicao,C,6.0,6.0,True,False
13,TEAM PC,Lorran,C,5.5,5.5,True,False
13,TEAM PC,Anjorin,C,,,False,False
13,TEAM PC,Zapata D.,A,6.5,7.0,True,False
13,TEAM PC,Laurientè,A,7.5,11.5,True,False
13,TEAM PC,Lookman,A,5.5,5.5,True,False
13,TEAM PC,Pessina Mas.,P,,,False,True
13,TEAM PC,Koopmeiners,C,5.5,5.0,True,True
13,TEAM PC,Sucic P.,C,6.5,6.5,False,True
13,TEAM PC,Dele-Bashiru,C,6.0,6.0,False,True
13,TEAM PC,Rovella,C,,,False,True
13,TEAM PC,Acerbi,D,,,False,True
13,TEAM PC,Zortea,D,5.5,5.5,False,True
13,TEAM PC,Gatti,D,,,False,True
13,TEAM PC,Skorupski,P,,,False,True
13,TEAM PC,Douvikas,A,5.5,5.5,False,True
13,TEAM PC,Vlahovic,A,,,False,True
13,TEAM PC,Bellanova,D,,,False,True
13,TEAM PC,Atta,C,,,False,True
13,TEAM PC,Pinamonti,A,7.0,9.0,False,True
13,ROMINA&ROMOLO,Maignan,P,6.0,4.0,True,False
13,ROMINA&ROMOLO,Martin,D,6.0,7.0,True,False
13,ROMINA&ROMOLO,Rrahmani,D,5.0,5.0,True,False
13,ROMINA&ROMOLO,Tomori,D,5.5,5.5,True,False
13,ROMINA&ROMOLO,Valeri,D,6.0,5.5,True,False
13,ROMINA&ROMOLO,Saelemaekers,C,5.5,5.5,True,False
13,ROMINA&ROMOLO,Odgaard,C,,,False,False
13,ROMINA&ROMOLO,Tourè I.,C,5.5,5.5,True,False
13,ROMINA&ROMOLO,Castellanos,A,5.5,5.5,True,False
13,ROMINA&ROMOLO,Pellegrino M.,A,6.0,6.0,True,False
13,ROMINA&ROMOLO,Vardy,A,5.5,5.5,True,False
13,ROMINA&ROMOLO,Giovane,A,5.5,5.5,False,True
13,ROMINA&ROMOLO,David,A,5.0,5.0,False,True
13,ROMINA&ROMOLO,Colombo,A,5.0,5.0,False,True
13,ROMINA&ROMOLO,Vandeputte,C,6.0,6.0,True,True
13,ROMINA&ROMOLO,Mandragora,C,6.0,6.0,False,True
13,ROMINA&ROMOLO,Thorstvedt,C,5.5,5.0,False,True
13,ROMINA&ROMOLO,Stanciu,C,,,False,True
13,ROMINA&ROMOLO,Serdar,C,6.0,6.0,False,True
13,ROMINA&ROMOLO,Angori,D,6.0,6.0,False,True
13,ROMINA&ROMOLO,Hien,D,,,False,True
13,ROMINA&ROMOLO,Luperto,D,5.0,5.0,False,True
13,ROMINA&ROMOLO,Gosens,D,,,False,True
13,ROMINA&ROMOLO,Terracciano,P,,,False,True
13,ROMINA&ROMOLO,Caprile,P,7.0,5.0,False,True
13,DTE,Sommer,P,6.0,5.0,True,False
13,DTE,Valle,D,5.0,5.0,True,False
13,DTE,Ramon,D,6.5,6.0,True,False
13,DTE,Solet,D,6.5,6.5,True,False
13,DTE,Tiago Gabriel,D,6.0,6.0,True,False
13,DTE,Kostic,C,,,False,False
13,DTE,Paz N.,C,5.5,5.0,True,False
13,DTE,Zaccagni,C,4.5,3.5,True,False
13,DTE,Nkunku,A,6.0,7.0,True,False
13,DTE,Cutrone,A,,,False,False
13,DTE,Ferguson E.,A,6.5,6.5,True,False
13,DTE,Martinez Jo.,P,,,False,True
13,DTE,Di Gennaro,P,,,False,True
13,DTE,Darmian,D,,,False,True
13,DTE,Lovik,D,,,False,True
13,DTE,Terracciano F.,D,6.0,6.0,False,True
13,DTE,Miller L.,C,,,False,True
13,DTE,Zerbin,C,5.5,5.5,True,True
13,DTE,Lobotka,C,6.0,6.0,False,True
13,DTE,Asllani,C,6.0,6.0,False,True
13,DTE,Frendrup,C,5.5,5.5,False,True
13,DTE,Ekuban,A,6.5,6.5,True,True
13,DTE,Gueye,A,,,False,True
13,DTE,Leao,A,,,False,True
13,DTE,Pezzella Giu.,D,6.0,6.0,False,True
13,OLD LIN,De Gea,P,5.5,3.5,True,False
13,OLD LIN,Gallo,D,6.0,6.0,True,False
13,OLD LIN,Delprato,D,6.0,6.0,True,False
13,OLD LIN,Heggem,D,4.5,3.5,True,False
13,OLD LIN,Gudmundsson A.,C,5.5,5.0,True,False
13,OLD LIN,Barella,C,6.0,5.5,True,False
13,OLD LIN,Konè M.,C,6.5,6.5,True,False
13,OLD LIN,Vazquez,C,5.5,5.5,True,False
13,OLD LIN,Castro S.,A,5.5,5.5,True,False
13,OLD LIN,Martinez L.,A,7.5,12.5,True,False
13,OLD LIN,Sanabria,A,5.5,5.5,True,False
13,OLD LIN,Montipò,P,6.5,5.5,False,True
13,OLD LIN,Turati,P,,,False,True
13,OLD LIN,Unai Nunez,D,5.5,3.0,False,True
13,OLD LIN,Ismajli,D,6.5,6.5,False,True
13,OLD LIN,Zappa,D,6.0,6.0,False,True
13,OLD LIN,Ghilardi,D,,,False,True
13,OLD LIN,Circati,D,,,False,True
13,OLD LIN,Guendouzi,C,6.5,6.5,False,True
13,OLD LIN,Gagliardini,C,6.0,6.0,False,True
13,OLD LIN,Ellertsson,C,5.5,5.5,False,True
13,OLD LIN,Pierotti,C,6.0,6.0,False,True
13,OLD LIN,Esposito Se.,A,7.0,8.0,False,True
13,OLD LIN,Kuhn,A,,,False,True
13,OLD LIN,Berardi,A,,,False,True
13,GOODBYE,Di Gregorio,P,6.5,7.5,True,False
13,GOODBYE,Mancini,D,6.5,6.0,True,False
13,GOODBYE,Hermoso,D,6.5,6.5,True,False
13,GOODBYE,Palestra,D,6.5,6.5,True,False
13,GOODBYE,Calabresi,D,5.5,5.0,True,False
13,GOODBYE,Cristante,C,6.5,6.5,True,False
13,GOODBYE,Locatelli,C,7.0,7.0,True,False
13,GOODBYE,Zalewski,C,6.0,6.0,True,False
13,GOODBYE,Dybala,A,,,False,False
13,GOODBYE,Soulè,A,6.5,7.5,True,False
13,GOODBYE,Benedyczak,A,5.5,5.5,True,False
13,GOODBYE,Perin,P,,,False,True
13,GOODBYE,Pinsoglio,P,,,False,True
13,GOODBYE,Floriani Mussolini,D,6.0,6.0,False,True
13,GOODBYE,Bremer,D,6.0,6.0,False,True
13,GOODBYE,Van Der Brempt,D,,,False,True
13,GOODBYE,Sernicola,D,,,False,True
13,GOODBYE,Bailey,C,,,False,True
13,GOODBYE,El Shaarawy,C,6.0,5.5,False,True
13,GOODBYE,Adzic,C,,,False,True
13,GOODBYE,Ilkhan,C,,,False,True
13,GOODBYE,Rog,C,,,False,True
13,GOODBYE,Dzeko,A,5.5,5.5,True,True
13,GOODBYE,Milik,A,,,False,True
13,GOODBYE,Davis K.,A,6.5,7.5,False,True
13,ROMANHOLIDAY,Provedel,P,7.0,8.0,True,False
13,ROMANHOLIDAY,Carlos Augusto,D,6.0,6.0,True,False
13,ROMANHOLIDAY,Vasquez,D,6.0,6.0,True,False
13,ROMANHOLIDAY,Wesley,D,7.5,11.0,True,False
13,ROMANHOLIDAY,Veiga D.,D,6.5,6.5,True,False
13,ROMANHOLIDAY,Mkhitaryan,C,6.0,6.0,True,False
13,ROMANHOLIDAY,Luis Henrique,C,6.0,6.0,True,False
13,ROMANHOLIDAY,Orsolini,C,6.0,6.0,True,False
13,ROMANHOLIDAY,Cancellieri,A,6.0,5.5,True,False
13,ROMANHOLIDAY,Bonazzoli,A,6.0,6.0,True,False
13,ROMANHOLIDAY,Thuram,A,6.0,6.0,True,False
13,ROMANHOLIDAY,Falcone,P,6.0,7.0,False,True
13,ROMANHOLIDAY,Vasquez D.,P,,,False,True
13,ROMANHOLIDAY,Nkounkou,D,,,False,True
13,ROMANHOLIDAY,Pellegrini Lu.,D,6.5,6.5,False,True
13,ROMANHOLIDAY,Iannoni,C,,,False,True
13,ROMANHOLIDAY,Kaba,C,6.5,6.5,False,True
13,ROMANHOLIDAY,Ndour,C,,,False,True
13,ROMANHOLIDAY,Bonny,A,,,False,True
13,ROMANHOLIDAY,Camarda,A,6.0,6.0,False,True
13,ROMANHOLIDAY,Ekhator,A,,,False,True
13,ROMANHOLIDAY,Smolcic I.,D,6.0,6.0,False,True
13,ASR YOYO,Carnesecchi,P,6.0,5.0,True,False
13,ASR YOYO,Kalulu,D,6.5,6.5,True,False
13,ASR YOYO,Scalvini,D,,,False,False
13,ASR YOYO,Ostigard,D,,,False,False
13,ASR YOYO,Di Lorenzo,D,5.5,5.5,True,False
13,ASR YOYO,Pellegrini Lo.,C,6.0,6.0,True,False
13,ASR YOYO,Modric,C,6.0,6.0,True,False
13,ASR YOYO,Pasalic,C,,,False,False
13,ASR YOYO,Kean,A,5.5,5.5,True,False
13,ASR YOYO,Scamacca,A,7.5,14.5,True,False
13,ASR YOYO,De Ketelaere,A,6.0,6.0,True,False
13,ASR YOYO,Sportiello,P,,,False,True
13,ASR YOYO,Rossi F.,P,,,False,True
13,ASR YOYO,Akanji,D,6.0,5.5,True,True
13,ASR YOYO,Kelly L.,D,7.0,7.0,True,True
13,ASR YOYO,Tsimikas,D,,,False,True
13,ASR YOYO,Zanoli,D,6.0,6.0,False,True
13,ASR YOYO,Tramoni M.,C,5.5,5.5,True,True
13,ASR YOYO,Maldini,C,,,False,True
13,ASR YOYO,Casadei,C,6.0,6.0,False,True
13,ASR YOYO,Bernabè,C,6.0,6.0,False,True
13,ASR YOYO,Carboni V.,C,,,False,True
13,ASR YOYO,Cambiaghi,A,5.5,5.5,False,True
13,ASR YOYO,Krstovic,A,,,False,True
13,ASR YOYO,Esposito F.P.,A,6.5,6.5,False,True
13,HISASHI MITSUI,Leali,P,5.0,3.0,True,False
13,HISASHI MITSUI,Angelino,D,,,False,False
13,HISASHI MITSUI,Bastoni,D,6.5,6.5,True,False
13,HISASHI MITSUI,Buongiorno,D,6.0,6.0,True,False
13,HISASHI MITSUI,Dodò,D,5.5,5.5,True,False
13,HISASHI MITSUI,Pulisic,C,6.0,6.0,True,False
13,HISASHI MITSUI,Thuram K.,C,6.0,6.0,True,False
13,HISASHI MITSUI,El Aynaoui,C,,,False,False
13,HISASHI MITSUI,Politano,C,5.5,5.5,True,False
13,HISASHI MITSUI,Simeone,A,5.5,5.5,True,False
13,HISASHI MITSUI,Meister,A,5.0,5.0,True,False
13,HISASHI MITSUI,Siegrist,P,,,False,True
13,HISASHI MITSUI,Sommariva,P,,,False,True
13,HISASHI MITSUI,Olivera,D,5.5,5.5,True,True
13,HISASHI MITSUI,Coco,D,6.5,6.5,False,True
13,HISASHI MITSUI,Mina,D,,,False,True
13,HISASHI MITSUI,Vitik,D,,,False,True
13,HISASHI MITSUI,Baldanzi,C,,,False,True
13,HISASHI MITSUI,Loftus-Cheek,C,6.5,7.0,True,True
13,HISASHI MITSUI,Fagioli,C,6.5,6.5,False,True
13,HISASHI MITSUI,Zambo Anguissa,C,,,False,True
13,HISASHI MITSUI,Borrelli,A,5.5,5.5,False,True
13,HISASHI MITSUI,Orban G.,A,7.5,14.5,False,True
13,HISASHI MITSUI,Dia,A,,,False,True
13,HISASHI MITSUI,Dovbyk,A,,,False,True
13,KAMADO,Svilar,P,6.5,7.5,True,False
13,KAMADO,Estupinan,D,,,False,False
13,KAMADO,Dimarco,D,,,False,False
13,KAMADO,Vojvoda,D,,,False,False
13,KAMADO,Diouf,C,,,False,False
13,KAMADO,Rabiot,C,5.5,5.5,True,False
13,KAMADO,Rowe,C,,,False,False
13,KAMADO,Volpato,C,6.0,6.0,True,False
13,KAMADO,Hojlund,A,5.0,5.0,True,False
13,KAMADO,Rodriguez Je.,A,5.5,5.5,True,False
13,KAMADO,Openda,A,6.5,6.5,True,False
13,KAMADO,Butez,P,6.0,5.0,False,True
13,KAMADO,Sava,P,,,False,True
13,KAMADO,Frese,D,5.5,5.0,True,True
13,KAMADO,Ziolkowski,D,,,False,True
13,KAMADO,Cuadrado,D,,,False,True
13,KAMADO,Kristensen T.,D,6.5,6.5,True,True
13,KAMADO,Lykogiannis,D,,,False,True
13,KAMADO,Baturina,C,5.5,5.5,True,True
13,KAMADO,Zhegrova,C,,,False,True
13,KAMADO,Da Cunha,C,5.0,5.0,True,True
13,KAMADO,Sorensen O.,C,,,False,True
13,KAMADO,Gimenez,A,,,False,True
13,KAMADO,Lucca,A,,,False,True
13,KAMADO,Stulic,A,7.0,11.0,False,True
14,TEAM PC,Ravaglia F.,P,6.5,4.5,True,False
14,TEAM PC,Baschirotto,D,6.5,6.5,True,False
14,TEAM PC,Cambiaso,D,6.5,7.5,True,False
14,TEAM PC,Zortea,D,,,False,False
14,TEAM PC,Doig,D,5.0,5.0,True,False
14,TEAM PC,Conceicao,C,7.0,9.5,True,False
14,TEAM PC,Sucic P.,C,,,False,False
14,TEAM PC,Anjorin,C,,,False,False
14,TEAM PC,Zapata D.,A,5.0,5.0,True,False
14,TEAM PC,Laurientè,A,5.5,5.5,True,False
14,TEAM PC,Douvikas,A,5.5,5.5,True,False
14,TEAM PC,Pessina Mas.,P,,,False,True
14,TEAM PC,Koopmeiners,C,,,False,True
14,TEAM PC,Rovella,C,,,False,True
14,TEAM PC,Acerbi,D,6.0,6.0,True,True
14,TEAM PC,Gatti,D,,,False,True
14,TEAM PC,Skorupski,P,,,False,True
14,TEAM PC,Vlahovic,A,,,False,True
14,TEAM PC,Bellanova,D,,,False,True
14,TEAM PC,Atta,C,,,False,True
14,TEAM PC,Pinamonti,A,,,False,True
14,TEAM PC,Lorran,C,,,False,True
14,OLD LIN,De Gea,P,6.0,5.0,True,False
14,OLD LIN,Circati,D,6.5,6.5,True,False
14,OLD LIN,Ismajli,D,6.0,6.0,True,False
14,OLD LIN,Zappa,D,6.5,7.5,True,False
14,OLD LIN,Gudmundsson A.,C,7.5,11.5,True,False
14,OLD LIN,Barella,C,6.0,6.0,True,False
14,OLD LIN,Konè M.,C,6.0,5.5,True,False
14,OLD LIN,Vazquez,C,,,False,False
14,OLD LIN,Castro S.,A,7.0,11.0,True,False
14,OLD LIN,Martinez L.,A,6.5,6.5,True,False
14,OLD LIN,Esposito Se.,A,5.5,5.0,True,False
14,OLD LIN,Montipò,P,6.0,3.0,False,True
14,OLD LIN,Turati,P,,,False,True
14,OLD LIN,Gallo,D,6.0,6.0,False,True
14,OLD LIN,Delprato,D,6.5,6.5,False,True
14,OLD LIN,Unai Nunez,D,5.0,4.5,False,True
14,OLD LIN,Ghilardi,D,,,False,True
14,OLD LIN,Heggem,D,7.0,7.0,False,True
14,OLD LIN,Guendouzi,C,6.0,5.5,True,True
14,OLD LIN,Gagliardini,C,6.5,6.5,False,True
14,OLD LIN,Ellertsson,C,6.5,6.5,False,True
14,OLD LIN,Pierotti,C,6.0,6.0,False,True
14,OLD LIN,Sanabria,A,6.0,6.0,False,True
14,OLD LIN,Kuhn,A,5.5,5.5,False,True
14,OLD LIN,Berardi,A,,,False,True
14,DTE,Sommer,P,6.5,7.5,True,False
14,DTE,Valle,D,,,False,False
14,DTE,Ramon,D,5.5,5.0,True,False
14,DTE,Solet,D,6.0,9.0,True,False
14,DTE,Tiago Gabriel,D,6.0,6.0,True,False
14,DTE,Kostic,C,,,False,False
14,DTE,Paz N.,C,6.5,6.5,True,False
14,DTE,Lobotka,C,6.0,6.0,True,False
14,DTE,Nkunku,A,6.5,8.5,True,False
14,DTE,Leao,A,6.0,7.0,True,False
14,DTE,Ferguson E.,A,6.0,6.0,True,False
14,DTE,Martinez Jo.,P,,,False,True
14,DTE,Di Gennaro,P,,,False,True
14,DTE,Darmian,D,,,False,True
14,DTE,Lovik,D,,,False,True
14,DTE,Terracciano F.,D,6.5,6.5,True,True
14,DTE,Pezzella Giu.,D,6.0,5.5,False,True
14,DTE,Zaccagni,C,,,False,True
14,DTE,Miller L.,C,,,False,True
14,DTE,Zerbin,C,5.5,5.5,True,True
14,DTE,Asllani,C,6.0,6.0,False,True
14,DTE,Frendrup,C,7.0,7.0,False,True
14,DTE,Cutrone,A,5.5,5.5,False,True
14,DTE,Ekuban,A,6.5,6.5,False,True
14,DTE,Gueye,A,5.5,5.5,False,True
14,GOODBYE,Di Gregorio,P,6.0,5.0,True,False
14,GOODBYE,Mancini,D,5.5,5.5,True,False
14,GOODBYE,Hermoso,D,,,False,False
14,GOODBYE,Bremer,D,6.5,6.5,True,False
14,GOODBYE,Palestra,D,6.0,6.0,True,False
14,GOODBYE,Bailey,C,5.5,5.5,True,False
14,GOODBYE,Locatelli,C,6.5,6.5,True,False
14,GOODBYE,Cristante,C,5.0,4.5,True,False
14,GOODBYE,Zalewski,C,6.5,7.0,True,False
14,GOODBYE,Dybala,A,5.0,5.0,True,False
14,GOODBYE,Soulè,A,5.5,5.0,True,False
14,GOODBYE,Perin,P,,,False,True
14,GOODBYE,Pinsoglio,P,,,False,True
14,GOODBYE,Floriani Mussolini,D,,,False,True
14,GOODBYE,Van Der Brempt,D,5.5,5.5,True,True
14,GOODBYE,Calabresi,D,6.0,5.5,False,True
14,GOODBYE,Sernicola,D,,,False,True
14,GOODBYE,El Shaarawy,C,6.0,6.0,False,True
14,GOODBYE,Adzic,C,,,False,True
14,GOODBYE,Ilkhan,C,,,False,True
14,GOODBYE,Rog,C,,,False,True
14,GOODBYE,Dzeko,A,,,False,True
14,GOODBYE,Davis K.,A,5.0,5.0,False,True
14,GOODBYE,Milik,A,,,False,True
14,GOODBYE,Benedyczak,A,,,False,True
14,QICELLO,Milinkovic-Savic V.,P,6.0,7.0,True,False
14,QICELLO,Miranda J.,D,6.0,6.0,True,False
14,QICELLO,Pavlovic,D,,,False,False
14,QICELLO,Rensch,D,6.5,6.5,True,False
14,QICELLO,Bisseck,D,,,False,False
14,QICELLO,Vlasic,C,7.0,10.0,True,False
14,QICELLO,McTominay,C,6.0,6.0,True,False
14,QICELLO,Frattesi,C,6.0,6.0,True,False
14,QICELLO,Lang,A,5.5,5.5,True,False
14,QICELLO,Adams C.,A,6.0,6.0,True,False
14,QICELLO,Yildiz,A,7.0,7.0,True,False
14,QICELLO,Meret,P,,,False,True
14,QICELLO,Contini,P,,,False,True
14,QICELLO,Gabbia,D,5.5,5.5,True,True
14,QICELLO,Gutierrez,D,,,False,True
14,QICELLO,Joao Mario,D,,,False,True
14,QICELLO,Tavares N.,D,,,False,True
14,QICELLO,Isaksen,C,,,False,True
14,QICELLO,Ederson D.S.,C,6.0,6.0,False,True
14,QICELLO,Oristanio,C,,,False,True
14,QICELLO,Sarmiento J.,C,,,False,True
14,QICELLO,Collocolo,C,,,False,True
14,QICELLO,Piccoli,A,6.0,6.0,False,True
14,QICELLO,Diao,A,,,False,True
14,QICELLO,Morata,A,,,False,True
14,KAMADO,Svilar,P,7.0,5.0,True,False
14,KAMADO,Dimarco,D,,,False,False
14,KAMADO,Kristensen T.,D,4.5,4.5,True,False
14,KAMADO,Vojvoda,D,6.0,6.0,True,False
14,KAMADO,Diouf,C,5.0,5.0,True,False
14,KAMADO,Rabiot,C,8.0,15.0,True,False
14,KAMADO,Rowe,C,,,False,False
14,KAMADO,Volpato,C,6.5,6.5,True,False
14,KAMADO,Hojlund,A,5.0,5.0,True,False
14,KAMADO,Rodriguez Je.,A,6.5,6.5,True,False
14,KAMADO,Openda,A,7.0,11.0,True,False
14,KAMADO,Butez,P,5.5,2.5,False,True
14,KAMADO,Sava,P,5.0,0.0,False,True
14,KAMADO,Ziolkowski,D,6.0,6.0,True,True
14,KAMADO,Estupinan,D,,,False,True
14,KAMADO,Frese,D,,,False,True
14,KAMADO,Cuadrado,D,,,False,True
14,KAMADO,Lykogiannis,D,,,False,True
14,KAMADO,Baturina,C,6.5,7.5,True,True
14,KAMADO,Zhegrova,C,6.0,6.0,False,True
14,KAMADO,Da Cunha,C,6.0,6.0,False,True
14,KAMADO,Sorensen O.,C,6.0,6.0,False,True
14,KAMADO,Lucca,A,,,False,True
14,KAMADO,Stulic,A,6.0,6.0,False,True
14,KAMADO,Gimenez,A,,,False,True
14,ASR YOYO,Carnesecchi,P,6.5,7.5,True,False
14,ASR YOYO,Zanoli,D,5.5,5.0,True,False
14,ASR YOYO,Scalvini,D,,,False,False
14,ASR YOYO,Ostigard,D,,,False,False
14,ASR YOYO,Di Lorenzo,D,6.5,6.5,True,False
14,ASR YOYO,Pellegrini Lo.,C,5.5,5.5,True,False
14,ASR YOYO,Modric,C,6.0,6.0,True,False
14,ASR YOYO,Maldini,C,6.5,6.5,True,False
14,ASR YOYO,Kean,A,7.5,13.5,True,False
14,ASR YOYO,Scamacca,A,5.5,5.5,True,False
14,ASR YOYO,De Ketelaere,A,5.0,5.0,True,False
14,ASR YOYO,Sportiello,P,,,False,True
14,ASR YOYO,Rossi F.,P,,,False,True
14,ASR YOYO,Akanji,D,6.0,6.0,True,True
14,ASR YOYO,Kalulu,D,6.0,6.0,True,True
14,ASR YOYO,Kelly L.,D,6.0,6.0,False,True
14,ASR YOYO,Tsimikas,D,,,False,True
14,ASR YOYO,Carboni V.,C,,,False,True
14,ASR YOYO,Tramoni M.,C,6.5,8.5,False,True
14,ASR YOYO,Casadei,C,,,False,True
14,ASR YOYO,Bernabè,C,6.0,6.0,False,True
14,ASR YOYO,Pasalic,C,,,False,True
14,ASR YOYO,Esposito F.P.,A,7.0,11.0,False,True
14,ASR YOYO,Cambiaghi,A,,,False,True
14,ASR YOYO,Krstovic,A,,,False,True
14,ROMINA&ROMOLO,Caprile,P,6.0,4.0,True,False
14,ROMINA&ROMOLO,Martin,D,,,False,False
14,ROMINA&ROMOLO,Luperto,D,,,False,False
14,ROMINA&ROMOLO,Rrahmani,D,6.5,6.5,True,False
14,ROMINA&ROMOLO,Tomori,D,5.5,5.5,True,False
14,ROMINA&ROMOLO,Tourè I.,C,6.0,6.0,True,False
14,ROMINA&ROMOLO,Odgaard,C,6.5,9.5,True,False
14,ROMINA&ROMOLO,Saelemaekers,C,6.0,6.0,True,False
14,ROMINA&ROMOLO,Vardy,A,5.5,5.5,True,False
14,ROMINA&ROMOLO,Castellanos,A,5.0,5.0,True,False
14,ROMINA&ROMOLO,Giovane,A,5.5,5.5,True,False
14,ROMINA&ROMOLO,Pellegrino M.,A,5.5,5.5,False,True
14,ROMINA&ROMOLO,Colombo,A,6.0,6.0,False,True
14,ROMINA&ROMOLO,David,A,,,False,True
14,ROMINA&ROMOLO,Vandeputte,C,6.5,6.5,False,True
14,ROMINA&ROMOLO,Serdar,C,5.5,5.5,False,True
14,ROMINA&ROMOLO,Mandragora,C,7.0,10.0,False,True
14,ROMINA&ROMOLO,Stanciu,C,,,False,True
14,ROMINA&ROMOLO,Valeri,D,6.0,6.0,True,True
14,ROMINA&ROMOLO,Hien,D,7.0,11.0,True,True
14,ROMINA&ROMOLO,Angori,D,6.5,6.5,False,True
14,ROMINA&ROMOLO,Gosens,D,,,False,True
14,ROMINA&ROMOLO,Maignan,P,8.0,7.0,False,True
14,ROMINA&ROMOLO,Terracciano,P,,,False,True
14,ROMANHOLIDAY,Provedel,P,6.0,7.0,True,False
14,ROMANHOLIDAY,Carlos Augusto,D,6.5,6.5,True,False
14,ROMANHOLIDAY,Vasquez,D,6.5,6.5,True,False
14,ROMANHOLIDAY,Wesley,D,6.5,6.5,True,False
14,ROMANHOLIDAY,Pellegrini Lu.,D,6.0,6.0,True,False
14,ROMANHOLIDAY,Mkhitaryan,C,6.0,6.0,True,False
14,ROMANHOLIDAY,Calhanoglu,C,,,False,False
14,ROMANHOLIDAY,Orsolini,C,7.0,9.5,True,False
14,ROMANHOLIDAY,Cancellieri,A,5.5,5.5,True,False
14,ROMANHOLIDAY,Bonazzoli,A,6.5,6.5,True,False
14,ROMANHOLIDAY,Thuram,A,5.5,5.0,True,False
14,ROMANHOLIDAY,Falcone,P,7.0,6.0,False,True
14,ROMANHOLIDAY,Vasquez D.,P,,,False,True
14,ROMANHOLIDAY,Smolcic I.,D,,,False,True
14,ROMANHOLIDAY,Veiga D.,D,6.5,6.0,False,True
14,ROMANHOLIDAY,Nkounkou,D,,,False,True
14,ROMANHOLIDAY,Luis Henrique,C,6.0,5.5,True,True
14,ROMANHOLIDAY,Iannoni,C,,,False,True
14,ROMANHOLIDAY,Kaba,C,6.0,6.0,False,True
14,ROMANHOLIDAY,Ndour,C,7.0,10.0,False,True
14,ROMANHOLIDAY,Bonny,A,5.5,5.5,False,True
14,ROMANHOLIDAY,Camarda,A,,,False,True
14,ROMANHOLIDAY,Ekhator,A,,,False,True
14,HISASHI MITSUI,Leali,P,4.5,4.5,True,False
14,HISASHI MITSUI,Olivera,D,5.5,5.5,True,False
14,HISASHI MITSUI,Bastoni,D,6.5,6.5,True,False
14,HISASHI MITSUI,Buongiorno,D,6.0,6.0,True,False
14,HISASHI MITSUI,Mina,D,5.5,5.0,True,False
14,HISASHI MITSUI,Pulisic,C,,,False,False
14,HISASHI MITSUI,Thuram K.,C,6.5,6.5,True,False
14,HISASHI MITSUI,Politano,C,5.5,5.5,True,False
14,HISASHI MITSUI,Simeone,A,6.5,6.5,True,False
14,HISASHI MITSUI,Borrelli,A,,,False,False
14,HISASHI MITSUI,Orban G.,A,7.0,10.0,True,False
14,HISASHI MITSUI,Siegrist,P,,,False,True
14,HISASHI MITSUI,Sommariva,P,5.0,4.0,False,True
14,HISASHI MITSUI,Angelino,D,,,False,True
14,HISASHI MITSUI,Vitik,D,6.5,6.0,False,True
14,HISASHI MITSUI,Dodò,D,7.0,8.0,False,True
14,HISASHI MITSUI,Coco,D,,,False,True
14,HISASHI MITSUI,Loftus-Cheek,C,6.0,6.0,True,True
14,HISASHI MITSUI,Baldanzi,C,7.0,10.0,False,True
14,HISASHI MITSUI,El Aynaoui,C,,,False,True
14,HISASHI MITSUI,Fagioli,C,7.0,9.0,False,True
14,HISASHI MITSUI,Zambo Anguissa,C,,,False,True
14,HISASHI MITSUI,Meister,A,5.5,5.5,True,True
14,HISASHI MITSUI,Dia,A,,,False,True
14,HISASHI MITSUI,Dovbyk,A,,,False,True
15,TEAM PC,Ravaglia F.,P,5.5,4.0,True,False
15,TEAM PC,Baschirotto,D,5.0,5.0,True,False
15,TEAM PC,Cambiaso,D,6.0,6.0,True,False
15,TEAM PC,Zortea,D,6.5,7.5,True,False
15,TEAM PC,Doig,D,6.0,6.0,True,False
15,TEAM PC,Conceicao,C,,,False,False
15,TEAM PC,Sucic P.,C,,,False,False
15,TEAM PC,Anjorin,C,,,False,False
15,TEAM PC,Zapata D.,A,5.5,5.5,True,False
15,TEAM PC,Laurientè,A,6.0,6.5,True,False
15,TEAM PC,Douvikas,A,7.0,10.0,True,False
15,TEAM PC,Pessina Mas.,P,,,False,True
15,TEAM PC,Koopmeiners,C,5.5,5.5,True,True
15,TEAM PC,Rovella,C,,,False,True
15,TEAM PC,Acerbi,D,,,False,True
15,TEAM PC,Gatti,D,,,False,True
15,TEAM PC,Skorupski,P,,,False,True
15,TEAM PC,Vlahovic,A,,,False,True
15,TEAM PC,Bellanova,D,,,False,True
15,TEAM PC,Atta,C,,,False,True
15,TEAM PC,Pinamonti,A,5.5,5.5,False,True
15,TEAM PC,Lorran,C,,,False,True
15,DTE,Sommer,P,6.0,7.0,True,False
15,DTE,Tiago Gabriel,D,5.5,5.5,True,False
15,DTE,Ramon,D,7.0,10.0,True,False
15,DTE,Solet,D,5.5,3.5,True,False
15,DTE,Terracciano F.,D,5.5,5.5,True,False
15,DTE,Kostic,C,,,False,False
15,DTE,Paz N.,C,7.5,12.5,True,False
15,DTE,Zaccagni,C,5.5,5.5,True,False
15,DTE,Lobotka,C,6.5,6.5,True,False
15,DTE,Ekuban,A,5.0,5.0,True,False
15,DTE,Leao,A,,,False,False
15,DTE,Martinez Jo.,P,,,False,True
15,DTE,Di Gennaro,P,,,False,True
15,DTE,Valle,D,,,False,True
15,DTE,Pezzella Giu.,D,5.5,5.5,False,True
15,DTE,Darmian,D,,,False,True
15,DTE,Lovik,D,,,False,True
15,DTE,Frendrup,C,5.5,5.0,True,True
15,DTE,Miller L.,C,,,False,True
15,DTE,Asllani,C,5.5,5.5,False,True
15,DTE,Zerbin,C,5.5,5.5,False,True
15,DTE,Ferguson E.,A,7.0,11.0,True,True
15,DTE,Nkunku,A,7.5,12.5,False,True
15,DTE,Cutrone,A,,,False,True
15,DTE,Gueye,A,,,False,True
15,GOODBYE,Di Gregorio,P,6.0,7.0,True,False
15,GOODBYE,Mancini,D,6.5,6.5,True,False
15,GOODBYE,Hermoso,D,6.5,6.5,True,False
15,GOODBYE,Bremer,D,6.0,6.0,True,False
15,GOODBYE,Palestra,D,7.0,7.0,True,False
15,GOODBYE,Bailey,C,,,False,False
15,GOODBYE,Locatelli,C,6.5,6.0,True,False
15,GOODBYE,Cristante,C,6.5,6.5,True,False
15,GOODBYE,Dybala,A,6.5,6.5,True,False
15,GOODBYE,Soulè,A,7.5,10.5,True,False
15,GOODBYE,Davis K.,A,7.0,11.0,True,False
15,GOODBYE,Perin,P,,,False,True
15,GOODBYE,Pinsoglio,P,,,False,True
15,GOODBYE,Floriani Mussolini,D,,,False,True
15,GOODBYE,Van Der Brempt,D,7.0,7.0,False,True
15,GOODBYE,Calabresi,D,5.5,5.5,False,True
15,GOODBYE,Sernicola,D,,,False,True
15,GOODBYE,El Shaarawy,C,6.0,6.0,True,True
15,GOODBYE,Zalewski,C,6.5,6.5,False,True
15,GOODBYE,Adzic,C,,,False,True
15,GOODBYE,Ilkhan,C,,,False,True
15,GOODBYE,Rog,C,,,False,True
15,GOODBYE,Dzeko,A,,,False,True
15,GOODBYE,Milik,A,,,False,True
15,GOODBYE,Benedyczak,A,5.5,5.5,False,True
15,QICELLO,Milinkovic-Savic V.,P,6.0,7.0,True,False
15,QICELLO,Miranda J.,D,6.0,6.0,True,False
15,QICELLO,Pavlovic,D,6.5,6.5,True,False
15,QICELLO,Rensch,D,,,False,False
15,QICELLO,Bisseck,D,6.5,6.5,True,False
15,QICELLO,Vlasic,C,7.0,9.5,True,False
15,QICELLO,McTominay,C,6.5,6.5,True,False
15,QICELLO,Isaksen,C,,,False,False
15,QICELLO,Lang,A,6.0,6.0,True,False
15,QICELLO,Adams C.,A,6.5,7.5,True,False
15,QICELLO,Yildiz,A,6.5,9.5,True,False
15,QICELLO,Meret,P,,,False,True
15,QICELLO,Contini,P,,,False,True
15,QICELLO,Gabbia,D,,,False,True
15,QICELLO,Gutierrez,D,6.0,6.0,True,True
15,QICELLO,Joao Mario,D,,,False,True
15,QICELLO,Tavares N.,D,,,False,True
15,QICELLO,Frattesi,C,,,False,True
15,QICELLO,Ederson D.S.,C,6.5,6.5,True,True
15,QICELLO,Oristanio,C,6.0,6.0,False,True
15,QICELLO,Sarmiento J.,C,,,False,True
15,QICELLO,Collocolo,C,,,False,True
15,QICELLO,Piccoli,A,5.0,5.0,False,True
15,QICELLO,Diao,A,,,False,True
15,QICELLO,Morata,A,,,False,True
15,ROMINA&ROMOLO,Maignan,P,6.0,7.0,True,False
15,ROMINA&ROMOLO,Martin,D,5.5,5.5,True,False
15,ROMINA&ROMOLO,Rrahmani,D,6.0,6.0,True,False
15,ROMINA&ROMOLO,Tomori,D,6.5,6.5,True,False
15,ROMINA&ROMOLO,Valeri,D,6.0,6.0,True,False
15,ROMINA&ROMOLO,Mandragora,C,5.5,5.0,True,False
15,ROMINA&ROMOLO,Odgaard,C,,,False,False
15,ROMINA&ROMOLO,Saelemaekers,C,6.0,6.0,True,False
15,ROMINA&ROMOLO,David,A,6.0,6.5,True,False
15,ROMINA&ROMOLO,Pellegrino M.,A,6.5,7.0,True,False
15,ROMINA&ROMOLO,Castellanos,A,6.0,6.0,True,False
15,ROMINA&ROMOLO,Vardy,A,5.5,5.5,False,True
15,ROMINA&ROMOLO,Giovane,A,6.0,6.0,False,True
15,ROMINA&ROMOLO,Colombo,A,6.0,6.0,False,True
15,ROMINA&ROMOLO,Vandeputte,C,,,False,True
15,ROMINA&ROMOLO,Tourè I.,C,5.5,5.5,True,True
15,ROMINA&ROMOLO,Thorstvedt,C,5.5,5.5,False,True
15,ROMINA&ROMOLO,Serdar,C,6.0,6.0,False,True
15,ROMINA&ROMOLO,Stanciu,C,,,False,True
15,ROMINA&ROMOLO,Luperto,D,6.5,6.5,False,True
15,ROMINA&ROMOLO,Angori,D,6.0,5.5,False,True
15,ROMINA&ROMOLO,Hien,D,6.0,6.0,False,True
15,ROMINA&ROMOLO,Gosens,D,6.0,6.0,False,True
15,ROMINA&ROMOLO,Terracciano,P,,,False,True
15,ROMINA&ROMOLO,Caprile,P,6.5,5.5,False,True
15,HISASHI MITSUI,Sommariva,P,6.5,3.5,True,False
15,HISASHI MITSUI,Bastoni,D,6.0,5.5,True,False
15,HISASHI MITSUI,Buongiorno,D,6.0,6.0,True,False
15,HISASHI MITSUI,Dodò,D,5.5,5.5,True,False
15,HISASHI MITSUI,Pulisic,C,7.0,11.0,True,False
15,HISASHI MITSUI,Loftus-Cheek,C,6.5,6.5,True,False
15,HISASHI MITSUI,Baldanzi,C,,,False,False
15,HISASHI MITSUI,Thuram K.,C,5.5,5.5,True,False
15,HISASHI MITSUI,Politano,C,6.5,6.5,True,False
15,HISASHI MITSUI,Simeone,A,5.5,5.5,True,False
15,HISASHI MITSUI,Dovbyk,A,,,False,False
15,HISASHI MITSUI,Siegrist,P,,,False,True
15,HISASHI MITSUI,Leali,P,,,False,True
15,HISASHI MITSUI,Angelino,D,,,False,True
15,HISASHI MITSUI,Olivera,D,,,False,True
15,HISASHI MITSUI,Vitik,D,6.0,6.0,False,True
15,HISASHI MITSUI,Coco,D,,,False,True
15,HISASHI MITSUI,Mina,D,,,False,True
15,HISASHI MITSUI,Fagioli,C,6.0,6.0,True,True
15,HISASHI MITSUI,El Aynaoui,C,,,False,True
15,HISASHI MITSUI,Zambo Anguissa,C,,,False,True
15,HISASHI MITSUI,Borrelli,A,6.0,6.0,True,True
15,HISASHI MITSUI,Orban G.,A,5.5,5.5,False,True
15,HISASHI MITSUI,Meister,A,,,False,True
15,HISASHI MITSUI,Dia,A,,,False,True
15,OLD LIN,De Gea,P,6.0,5.0,True,False
15,OLD LIN,Delprato,D,,,False,False
15,OLD LIN,Ismajli,D,5.0,5.0,True,False
15,OLD LIN,Zappa,D,6.0,6.0,True,False
15,OLD LIN,Gudmundsson A.,C,6.0,6.0,True,False
15,OLD LIN,Barella,C,5.5,5.5,True,False
15,OLD LIN,Konè M.,C,7.5,11.5,True,False
15,OLD LIN,Vazquez,C,,,False,False
15,OLD LIN,Castro S.,A,5.5,5.5,True,False
15,OLD LIN,Martinez L.,A,7.0,11.0,True,False
15,OLD LIN,Esposito Se.,A,5.5,5.5,True,False
15,OLD LIN,Montipò,P,6.0,3.0,False,True
15,OLD LIN,Turati,P,,,False,True
15,OLD LIN,Gallo,D,5.5,5.5,True,True
15,OLD LIN,Circati,D,6.5,6.0,False,True
15,OLD LIN,Unai Nunez,D,5.5,5.5,False,True
15,OLD LIN,Ghilardi,D,6.0,6.0,False,True
15,OLD LIN,Heggem,D,,,False,True
15,OLD LIN,Guendouzi,C,,,False,True
15,OLD LIN,Gagliardini,C,,,False,True
15,OLD LIN,Ellertsson,C,5.5,5.5,True,True
15,OLD LIN,Pierotti,C,5.5,5.5,False,True
15,OLD LIN,Sanabria,A,5.5,5.5,False,True
15,OLD LIN,Kuhn,A,,,False,True
15,OLD LIN,Berardi,A,,,False,True
15,ROMANHOLIDAY,Provedel,P,6.0,5.0,True,False
15,ROMANHOLIDAY,Carlos Augusto,D,6.0,6.0,True,False
15,ROMANHOLIDAY,Vasquez,D,5.0,5.0,True,False
15,ROMANHOLIDAY,Wesley,D,6.0,6.0,True,False
15,ROMANHOLIDAY,Pellegrini Lu.,D,6.0,5.5,True,False
15,ROMANHOLIDAY,Mkhitaryan,C,6.0,6.0,True,False
15,ROMANHOLIDAY,Calhanoglu,C,6.5,6.5,True,False
15,ROMANHOLIDAY,Orsolini,C,5.5,5.5,True,False
15,ROMANHOLIDAY,Cancellieri,A,6.5,6.0,True,False
15,ROMANHOLIDAY,Bonazzoli,A,6.0,5.5,True,False
15,ROMANHOLIDAY,Thuram,A,5.5,5.5,True,False
15,ROMANHOLIDAY,Falcone,P,5.5,2.5,False,True
15,ROMANHOLIDAY,Vasquez D.,P,,,False,True
15,ROMANHOLIDAY,Smolcic I.,D,5.5,5.0,False,True
15,ROMANHOLIDAY,Veiga D.,D,5.0,5.0,False,True
15,ROMANHOLIDAY,Nkounkou,D,5.5,5.0,False,True
15,ROMANHOLIDAY,Luis Henrique,C,5.5,5.5,False,True
15,ROMANHOLIDAY,Iannoni,C,,,False,True
15,ROMANHOLIDAY,Kaba,C,5.0,5.0,False,True
15,ROMANHOLIDAY,Ndour,C,5.5,5.5,False,True
15,ROMANHOLIDAY,Bonny,A,,,False,True
15,ROMANHOLIDAY,Camarda,A,5.5,5.5,False,True
15,ROMANHOLIDAY,Ekhator,A,6.5,9.5,False,True
15,KAMADO,Svilar,P,6.0,5.0,True,False
15,KAMADO,Dimarco,D,6.5,6.5,True,False
15,KAMADO,Kristensen T.,D,5.5,5.5,True,False
15,KAMADO,Vojvoda,D,7.0,8.5,True,False
15,KAMADO,Zhegrova,C,6.5,6.5,True,False
15,KAMADO,Rabiot,C,7.0,8.0,True,False
15,KAMADO,Rowe,C,6.0,6.0,True,False
15,KAMADO,Volpato,C,6.0,6.0,True,False
15,KAMADO,Hojlund,A,8.0,15.0,True,False
15,KAMADO,Rodriguez Je.,A,6.5,6.5,True,False
15,KAMADO,Openda,A,5.0,5.0,True,False
15,KAMADO,Butez,P,6.5,7.0,False,True
15,KAMADO,Sava,P,,,False,True
15,KAMADO,Estupinan,D,,,False,True
15,KAMADO,Ziolkowski,D,6.5,6.5,False,True
15,KAMADO,Lykogiannis,D,,,False,True
15,KAMADO,Cuadrado,D,,,False,True
15,KAMADO,Frese,D,,,False,True
15,KAMADO,Baturina,C,,,False,True
15,KAMADO,Da Cunha,C,6.5,6.5,False,True
15,KAMADO,Diouf,C,,,False,True
15,KAMADO,Sorensen O.,C,7.0,11.0,False,True
15,KAMADO,Lucca,A,,,False,True
15,KAMADO,Stulic,A,5.5,5.5,False,True
15,KAMADO,Gimenez,A,,,False,True
15,ASR YOYO,Carnesecchi,P,6.5,5.5,True,False
15,ASR YOYO,Scalvini,D,,,False,False
15,ASR YOYO,Kelly L.,D,6.5,6.5,True,False
15,ASR YOYO,Kalulu,D,7.0,11.0,True,False
15,ASR YOYO,Di Lorenzo,D,6.5,6.5,True,False
15,ASR YOYO,Bernabè,C,6.5,6.5,True,False
15,ASR YOYO,Modric,C,7.0,7.0,True,False
15,ASR YOYO,Maldini,C,,,False,False
15,ASR YOYO,Kean,A,5.0,5.0,True,False
15,ASR YOYO,Scamacca,A,5.5,5.5,True,False
15,ASR YOYO,De Ketelaere,A,6.0,6.0,True,False
15,ASR YOYO,Sportiello,P,,,False,True
15,ASR YOYO,Rossi F.,P,,,False,True
15,ASR YOYO,Ostigard,D,5.0,5.0,True,True
15,ASR YOYO,Zanoli,D,6.0,6.0,False,True
15,ASR YOYO,Akanji,D,7.0,7.0,False,True
15,ASR YOYO,Tsimikas,D,,,False,True
15,ASR YOYO,Pasalic,C,5.5,5.5,True,True
15,ASR YOYO,Tramoni M.,C,5.5,5.0,False,True
15,ASR YOYO,Carboni V.,C,,,False,True
15,ASR YOYO,Casadei,C,,,False,True
15,ASR YOYO,Pellegrini Lo.,C,,,False,True
15,ASR YOYO,Cambiaghi,A,,,False,True
15,ASR YOYO,Esposito F.P.,A,6.5,7.5,False,True
15,ASR YOYO,Krstovic,A,,,False,True
16,ROMANHOLIDAY,Provedel,P,6.0,4.0,True,False
16,ROMANHOLIDAY,Pellegrini Lu.,D,5.0,5.0,True,False
16,ROMANHOLIDAY,Carlos Augusto,D,6.0,6.0,True,False
16,ROMANHOLIDAY,Vasquez,D,5.5,5.5,True,False
16,ROMANHOLIDAY,Wesley,D,6.0,6.0,True,False
16,ROMANHOLIDAY,Mkhitaryan,C,6.0,6.0,True,False
16,ROMANHOLIDAY,Calhanoglu,C,6.5,7.0,True,False
16,ROMANHOLIDAY,Orsolini,C,6.0,6.0,True,False
16,ROMANHOLIDAY,Cancellieri,A,5.5,5.5,True,False
16,ROMANHOLIDAY,Thuram,A,7.0,10.0,True,False
16,ROMANHOLIDAY,Bonazzoli,A,5.5,5.5,True,False
16,ROMANHOLIDAY,Falcone,P,8.0,8.5,False,True
16,ROMANHOLIDAY,Vasquez D.,P,,,False,True
16,ROMANHOLIDAY,Smolcic I.,D,,,False,True
16,ROMANHOLIDAY,Veiga D.,D,5.5,5.0,False,True
16,ROMANHOLIDAY,Nkounkou,D,,,False,True
16,ROMANHOLIDAY,Luis Henrique,C,6.0,6.0,False,True
16,ROMANHOLIDAY,Iannoni,C,,,False,True
16,ROMANHOLIDAY,Kaba,C,5.0,5.0,False,True
16,ROMANHOLIDAY,Ndour,C,5.5,5.5,False,True
16,ROMANHOLIDAY,Bonny,A,,,False,True
16,ROMANHOLIDAY,Camarda,A,5.0,5.0,False,True
16,ROMANHOLIDAY,Ekhator,A,5.5,5.5,False,True
16,TEAM PC,Ravaglia F.,P,7.0,4.0,True,False
16,TEAM PC,Zortea,D,5.5,5.5,True,False
16,TEAM PC,Doig,D,6.5,6.5,True,False
16,TEAM PC,Cambiaso,D,5.0,5.0,True,False
16,TEAM PC,Conceicao,C,5.5,5.5,True,False
16,TEAM PC,Neres,C,6.5,6.5,True,False
16,TEAM PC,McKennie,C,7.0,11.0,True,False
16,TEAM PC,Zaccagni,C,5.5,5.0,True,False
16,TEAM PC,Pinamonti,A,5.0,5.0,True,False
16,TEAM PC,Laurientè,A,6.0,6.0,True,False
16,TEAM PC,Esposito Se.,A,6.0,6.0,True,False
16,TEAM PC,Skorupski,P,,,False,True
16,TEAM PC,Pessina Mas.,P,,,False,True
16,TEAM PC,Acerbi,D,,,False,True
16,TEAM PC,Zappacosta,D,6.0,6.0,False,True
16,TEAM PC,N'Dicka,D,,,False,True
16,TEAM PC,Bellanova,D,,,False,True
16,TEAM PC,Gatti,D,,,False,True
16,TEAM PC,Koopmeiners,C,5.5,5.5,False,True
16,TEAM PC,Ederson D.S.,C,6.0,6.0,False,True
16,TEAM PC,Sucic P.,C,6.0,6.0,False,True
16,TEAM PC,Lorran,C,,,False,True
16,TEAM PC,Pavoletti,A,,,False,True
16,TEAM PC,Vlahovic,A,,,False,True
16,TEAM PC,Lookman,A,,,False,True
16,HISASHI MITSUI,Leali,P,5.0,4.0,True,False
16,HISASHI MITSUI,Bastoni,D,6.0,5.5,True,False
16,HISASHI MITSUI,Buongiorno,D,,,False,False
16,HISASHI MITSUI,Dodò,D,6.0,5.5,True,False
16,HISASHI MITSUI,Pulisic,C,,,False,False
16,HISASHI MITSUI,Loftus-Cheek,C,6.0,6.0,True,False
16,HISASHI MITSUI,Thuram K.,C,6.0,6.0,True,False
16,HISASHI MITSUI,Politano,C,7.5,9.5,True,False
16,HISASHI MITSUI,Simeone,A,7.0,11.0,True,False
16,HISASHI MITSUI,Dovbyk,A,5.5,5.5,True,False
16,HISASHI MITSUI,Colombo,A,7.0,10.0,True,False
16,HISASHI MITSUI,Siegrist,P,,,False,True
16,HISASHI MITSUI,Sommariva,P,,,False,True
16,HISASHI MITSUI,Coco,D,7.0,7.0,True,True
16,HISASHI MITSUI,Olivera,D,,,False,True
16,HISASHI MITSUI,Mina,D,,,False,True
16,HISASHI MITSUI,Angelino,D,,,False,True
16,HISASHI MITSUI,Vitik,D,5.5,5.0,False,True
16,HISASHI MITSUI,Fagioli,C,6.5,6.5,True,True
16,HISASHI MITSUI,Baldanzi,C,,,False,True
16,HISASHI MITSUI,El Aynaoui,C,,,False,True
16,HISASHI MITSUI,Zambo Anguissa,C,,,False,True
16,HISASHI MITSUI,Orban G.,A,6.0,6.0,False,True
16,HISASHI MITSUI,Addai,A,,,False,True
16,HISASHI MITSUI,Borrelli,A,5.5,5.5,False,True
16,DTE,Sommer,P,6.0,5.0,True,False
16,DTE,Bartesaghi,D,6.5,6.5,True,False
16,DTE,Ramon,D,6.5,6.5,True,False
16,DTE,Solet,D,6.0,6.0,True,False
16,DTE,Terracciano F.,D,6.5,6.5,True,False
16,DTE,Kostic,C,6.0,6.0,True,False
16,DTE,Paz N.,C,6.0,6.0,True,False
16,DTE,Bernabè,C,6.5,6.5,True,False
16,DTE,Lobotka,C,7.0,7.0,True,False
16,DTE,Ferguson E.,A,5.0,5.0,True,False
16,DTE,Leao,A,7.0,11.0,True,False
16,DTE,Martinez Jo.,P,,,False,True
16,DTE,Valle,D,,,False,True
16,DTE,Palma,D,,,False,True
16,DTE,Athekame,D,,,False,True
16,DTE,Atta,C,,,False,True
16,DTE,Baturina,C,,,False,True
16,DTE,Pisilli,C,,,False,True
16,DTE,Frendrup,C,6.0,6.0,False,True
16,DTE,Nkunku,A,,,False,True
16,DTE,Douvikas,A,6.0,6.0,False,True
16,DTE,Morata,A,,,False,True
16,DTE,Arena A.,A,,,False,True
16,DTE,Di Gennaro,P,,,False,True
16,DTE,Darmian,D,,,False,True
16,ROMINA&ROMOLO,Maignan,P,6.0,7.0,True,False
16,ROMINA&ROMOLO,Valeri,D,6.0,6.0,True,False
16,ROMINA&ROMOLO,Muharemovic,D,6.0,6.0,True,False
16,ROMINA&ROMOLO,Rrahmani,D,7.5,10.0,True,False
16,ROMINA&ROMOLO,Tomori,D,6.0,6.0,True,False
16,ROMINA&ROMOLO,Mandragora,C,6.0,6.0,True,False
16,ROMINA&ROMOLO,Thorstvedt,C,7.0,10.0,True,False
16,ROMINA&ROMOLO,Odgaard,C,5.5,5.5,True,False
16,ROMINA&ROMOLO,Saelemaekers,C,6.0,5.5,True,False
16,ROMINA&ROMOLO,Vardy,A,5.5,5.5,True,False
16,ROMINA&ROMOLO,Giovane,A,6.0,6.0,True,False
16,ROMINA&ROMOLO,Pellegrino M.,A,7.0,11.0,False,True
16,ROMINA&ROMOLO,David,A,4.5,2.5,False,True
16,ROMINA&ROMOLO,Castellanos,A,,,False,True
16,ROMINA&ROMOLO,Diao,A,,,False,True
16,ROMINA&ROMOLO,Tourè I.,C,6.0,6.0,False,True
16,ROMINA&ROMOLO,Vandeputte,C,5.5,5.5,False,True
16,ROMINA&ROMOLO,Serdar,C,6.0,6.0,False,True
16,ROMINA&ROMOLO,Vecino,C,,,False,True
16,ROMINA&ROMOLO,Martin,D,6.0,6.0,False,True
16,ROMINA&ROMOLO,Gosens,D,6.0,6.0,False,True
16,ROMINA&ROMOLO,Luperto,D,5.5,5.5,False,True
16,ROMINA&ROMOLO,Belghali,D,,,False,True
16,ROMINA&ROMOLO,Terracciano,P,,,False,True
16,ROMINA&ROMOLO,Caprile,P,6.0,5.0,False,True
16,QICELLO,Milinkovic-Savic V.,P,6.0,7.0,True,False
16,QICELLO,Miranda J.,D,,,False,False
16,QICELLO,Parisi,D,6.0,6.0,True,False
16,QICELLO,Rensch,D,5.5,5.5,True,False
16,QICELLO,Bisseck,D,6.0,6.0,True,False
16,QICELLO,Vlasic,C,6.5,6.5,True,False
16,QICELLO,McTominay,C,6.5,6.5,True,False
16,QICELLO,Isaksen,C,5.5,5.5,True,False
16,QICELLO,Lang,A,,,False,False
16,QICELLO,Adams C.,A,6.0,6.0,True,False
16,QICELLO,Yildiz,A,7.0,7.0,True,False
16,QICELLO,Meret,P,,,False,True
16,QICELLO,Contini,P,,,False,True
16,QICELLO,Pavlovic,D,,,False,True
16,QICELLO,De Winter,D,6.5,6.5,True,True
16,QICELLO,Gabbia,D,,,False,True
16,QICELLO,Gutierrez,D,,,False,True
16,QICELLO,Zielinski,C,7.0,10.0,False,True
16,QICELLO,Frattesi,C,,,False,True
16,QICELLO,Perrone,C,6.5,6.5,False,True
16,QICELLO,Oristanio,C,6.0,6.0,False,True
16,QICELLO,Collocolo,C,,,False,True
16,QICELLO,Kilicsoy,A,5.5,5.5,True,True
16,QICELLO,Piccoli,A,5.5,5.5,False,True
16,QICELLO,Zapata D.,A,6.0,6.0,False,True
16,ASR YOYO,Carnesecchi,P,6.5,7.5,True,False
16,ASR YOYO,Kelly L.,D,6.0,6.0,True,False
16,ASR YOYO,Ostigard,D,6.5,6.5,True,False
16,ASR YOYO,Kalulu,D,5.5,5.5,True,False
16,ASR YOYO,Palestra,D,6.0,5.5,True,False
16,ASR YOYO,Pasalic,C,,,False,False
16,ASR YOYO,Modric,C,7.0,7.0,True,False
16,ASR YOYO,Konè I.,C,6.0,6.0,True,False
16,ASR YOYO,Kean,A,7.0,11.0,True,False
16,ASR YOYO,Scamacca,A,6.0,6.0,True,False
16,ASR YOYO,Esposito F.P.,A,6.0,6.0,True,False
16,ASR YOYO,Sportiello,P,,,False,True
16,ASR YOYO,Rossi F.,P,,,False,True
16,ASR YOYO,Di Lorenzo,D,6.5,6.5,False,True
16,ASR YOYO,Akanji,D,6.5,6.5,False,True
16,ASR YOYO,Scalvini,D,7.0,11.0,False,True
16,ASR YOYO,Zanoli,D,6.0,6.0,False,True
16,ASR YOYO,Miretti,C,,,False,True
16,ASR YOYO,Tramoni M.,C,,,False,True
16,ASR YOYO,Jashari,C,,,False,True
16,ASR YOYO,Maldini,C,6.0,6.0,True,True
16,ASR YOYO,Pellegrini Lo.,C,,,False,True
16,ASR YOYO,De Ketelaere,A,6.0,6.0,False,True
16,ASR YOYO,Davis K.,A,5.5,5.5,False,True
16,ASR YOYO,Cambiaghi,A,5.0,5.0,False,True
16,OLD LIN,De Gea,P,6.5,7.5,True,False
16,OLD LIN,Unai Nunez,D,5.0,5.0,True,False
16,OLD LIN,Delprato,D,6.0,6.0,True,False
16,OLD LIN,Baschirotto,D,6.0,6.0,True,False
16,OLD LIN,Circati,D,6.0,5.5,True,False
16,OLD LIN,Gudmundsson A.,C,6.0,6.0,True,False
16,OLD LIN,Konè M.,C,5.5,5.5,True,False
16,OLD LIN,Barella,C,6.0,5.5,True,False
16,OLD LIN,Vazquez,C,6.0,6.0,True,False
16,OLD LIN,Martinez L.,A,7.0,12.0,True,False
16,OLD LIN,Castro S.,A,6.5,9.5,True,False
16,OLD LIN,Martinelli T.,P,,,False,True
16,OLD LIN,Lezzerini,P,,,False,True
16,OLD LIN,Ismajli,D,7.0,8.0,False,True
16,OLD LIN,Heggem,D,5.5,5.5,False,True
16,OLD LIN,Zappa,D,5.5,5.5,False,True
16,OLD LIN,Gallo,D,6.0,6.0,False,True
16,OLD LIN,Ellertsson,C,6.0,6.0,False,True
16,OLD LIN,Guendouzi,C,6.0,6.0,False,True
16,OLD LIN,Pierotti,C,5.5,5.5,False,True
16,OLD LIN,Gagliardini,C,5.5,5.5,False,True
16,OLD LIN,Sanabria,A,6.0,6.0,False,True
16,OLD LIN,Krstovic,A,6.0,6.0,False,True
16,OLD LIN,Dominguez B.,A,,,False,True
16,OLD LIN,Berardi,A,,,False,True
16,KAMADO,Butez,P,6.0,7.0,True,False
16,KAMADO,Dimarco,D,6.5,7.5,True,False
16,KAMADO,Norton-Cuffy,D,6.0,6.0,True,False
16,KAMADO,Vojvoda,D,6.0,6.0,True,False
16,KAMADO,Zhegrova,C,6.0,6.0,True,False
16,KAMADO,Rabiot,C,6.5,7.5,True,False
16,KAMADO,Zaniolo,C,6.0,6.0,True,False
16,KAMADO,Volpato,C,,,False,False
16,KAMADO,Hojlund,A,6.0,6.0,True,False
16,KAMADO,Vitinha O.,A,6.0,6.0,True,False
16,KAMADO,Openda,A,5.0,5.0,True,False
16,KAMADO,Svilar,P,5.0,4.0,False,True
16,KAMADO,Muric,P,6.0,5.0,False,True
16,KAMADO,Kamara H.,D,5.5,5.0,False,True
16,KAMADO,Kristensen T.,D,6.5,6.5,False,True
16,KAMADO,Kolasinac,D,6.0,6.0,False,True
16,KAMADO,Ziolkowski,D,5.5,5.5,False,True
16,KAMADO,Cabal,D,,,False,True
16,KAMADO,Malinovskyi,C,6.0,5.5,True,True
16,KAMADO,Sorensen O.,C,5.5,5.5,False,True
16,KAMADO,Rowe,C,5.0,4.5,False,True
16,KAMADO,Basic,C,5.5,5.5,False,True
16,KAMADO,Rodriguez Je.,A,6.5,6.0,False,True
16,KAMADO,Lucca,A,,,False,True
16,KAMADO,Stulic,A,6.0,6.0,False,True
16,GOODBYE,Di Gregorio,P,6.0,5.0,True,False
16,GOODBYE,Spinazzola,D,7.0,11.0,True,False
16,GOODBYE,Mancini,D,6.0,5.5,True,False
16,GOODBYE,Bremer,D,5.5,5.5,True,False
16,GOODBYE,Celik,D,5.5,5.5,True,False
16,GOODBYE,Locatelli,C,6.5,6.5,True,False
16,GOODBYE,Matic,C,5.5,5.0,True,False
16,GOODBYE,Cristante,C,5.5,5.5,True,False
16,GOODBYE,Dybala,A,5.0,5.0,True,False
16,GOODBYE,Lukaku,A,,,False,False
16,GOODBYE,Soulè,A,5.5,5.5,True,False
16,GOODBYE,Perin,P,,,False,True
16,GOODBYE,Pinsoglio,P,,,False,True
16,GOODBYE,Hermoso,D,5.5,5.0,False,True
16,GOODBYE,Floriani Mussolini,D,,,False,True
16,GOODBYE,Van Der Brempt,D,6.0,6.0,False,True
16,GOODBYE,Sernicola,D,,,False,True
16,GOODBYE,Bailey,C,,,False,True
16,GOODBYE,El Shaarawy,C,5.5,5.5,False,True
16,GOODBYE,Zalewski,C,6.0,7.0,False,True
16,GOODBYE,Adzic,C,,,False,True
16,GOODBYE,Rog,C,,,False,True
16,GOODBYE,Dzeko,A,,,False,True
16,GOODBYE,Milik,A,,,False,True
16,GOODBYE,Benedyczak,A,,,False,True
17,TEAM PC,Ravaglia F.,P,6.0,4.0,True,False
17,TEAM PC,Zortea,D,5.5,5.5,True,False
17,TEAM PC,Zappacosta,D,6.0,6.0,True,False
17,TEAM PC,Cambiaso,D,6.5,6.5,True,False
17,TEAM PC,Conceicao,C,,,False,False
17,TEAM PC,Ederson D.S.,C,6.5,6.5,True,False
17,TEAM PC,McKennie,C,6.5,6.5,True,False
17,TEAM PC,Zaccagni,C,6.0,5.5,True,False
17,TEAM PC,Koopmeiners,C,6.0,6.0,True,False
17,TEAM PC,Laurientè,A,5.0,5.0,True,False
17,TEAM PC,Pinamonti,A,5.0,5.0,True,False
17,TEAM PC,Skorupski,P,,,False,True
17,TEAM PC,Pessina Mas.,P,,,False,True
17,TEAM PC,Acerbi,D,,,False,True
17,TEAM PC,N'Dicka,D,,,False,True
17,TEAM PC,Bellanova,D,,,False,True
17,TEAM PC,Gatti,D,,,False,True
17,TEAM PC,Sucic P.,C,5.5,5.5,True,True
17,TEAM PC,Lorran,C,,,False,True
17,TEAM PC,Pavoletti,A,,,False,True
17,TEAM PC,Vlahovic,A,,,False,True
17,TEAM PC,Lookman,A,,,False,True
17,TEAM PC,Doig,D,5.0,5.0,False,True
17,TEAM PC,Neres,C,,,False,True
17,TEAM PC,Esposito Se.,A,6.0,6.0,False,True
17,GOODBYE,Di Gregorio,P,6.0,7.0,True,False
17,GOODBYE,Spinazzola,D,6.0,6.0,True,False
17,GOODBYE,Bremer,D,6.5,6.5,True,False
17,GOODBYE,Celik,D,6.5,6.5,True,False
17,GOODBYE,Floriani Mussolini,D,5.0,5.0,True,False
17,GOODBYE,Zalewski,C,6.5,6.5,True,False
17,GOODBYE,Cristante,C,6.5,6.0,True,False
17,GOODBYE,Matic,C,6.0,6.0,True,False
17,GOODBYE,Locatelli,C,7.0,7.0,True,False
17,GOODBYE,Dybala,A,6.5,7.5,True,False
17,GOODBYE,Soulè,A,,,False,False
17,GOODBYE,Perin,P,,,False,True
17,GOODBYE,Pinsoglio,P,,,False,True
17,GOODBYE,Mancini,D,,,False,True
17,GOODBYE,Hermoso,D,,,False,True
17,GOODBYE,Van Der Brempt,D,,,False,True
17,GOODBYE,Sernicola,D,,,False,True
17,GOODBYE,El Shaarawy,C,6.0,6.0,False,True
17,GOODBYE,Bailey,C,,,False,True
17,GOODBYE,Adzic,C,,,False,True
17,GOODBYE,Rog,C,,,False,True
17,GOODBYE,Dzeko,A,,,False,True
17,GOODBYE,Milik,A,,,False,True
17,GOODBYE,Benedyczak,A,,,False,True
17,GOODBYE,Lukaku,A,,,False,True
17,ROMANHOLIDAY,Provedel,P,6.0,4.0,True,False
17,ROMANHOLIDAY,Pellegrini Lu.,D,6.0,5.5,True,False
17,ROMANHOLIDAY,Carlos Augusto,D,6.5,6.0,True,False
17,ROMANHOLIDAY,Vasquez,D,6.5,6.5,True,False
17,ROMANHOLIDAY,Wesley,D,6.0,6.0,True,False
17,ROMANHOLIDAY,Mkhitaryan,C,6.0,6.0,True,False
17,ROMANHOLIDAY,Calhanoglu,C,6.5,6.0,True,False
17,ROMANHOLIDAY,Orsolini,C,5.0,5.0,True,False
17,ROMANHOLIDAY,Cancellieri,A,6.0,5.5,True,False
17,ROMANHOLIDAY,Thuram,A,7.0,9.5,True,False
17,ROMANHOLIDAY,Bonazzoli,A,7.0,7.5,True,False
17,ROMANHOLIDAY,Falcone,P,6.0,4.0,False,True
17,ROMANHOLIDAY,Vasquez D.,P,,,False,True
17,ROMANHOLIDAY,Smolcic I.,D,6.5,6.5,False,True
17,ROMANHOLIDAY,Veiga D.,D,5.5,5.5,False,True
17,ROMANHOLIDAY,Nkounkou,D,,,False,True
17,ROMANHOLIDAY,Luis Henrique,C,6.0,6.0,False,True
17,ROMANHOLIDAY,Iannoni,C,5.5,5.5,False,True
17,ROMANHOLIDAY,Kaba,C,5.5,5.5,False,True
17,ROMANHOLIDAY,Ndour,C,5.5,5.5,False,True
17,ROMANHOLIDAY,Bonny,A,,,False,True
17,ROMANHOLIDAY,Camarda,A,5.5,5.5,False,True
17,ROMANHOLIDAY,Ekhator,A,6.5,6.5,False,True
17,ROMINA&ROMOLO,Maignan,P,6.0,4.5,True,False
17,ROMINA&ROMOLO,Gosens,D,7.0,9.5,True,False
17,ROMINA&ROMOLO,Muharemovic,D,4.5,2.5,True,False
17,ROMINA&ROMOLO,Rrahmani,D,6.0,6.0,True,False
17,ROMINA&ROMOLO,Tomori,D,6.0,5.5,True,False
17,ROMINA&ROMOLO,Vandeputte,C,5.5,5.5,True,False
17,ROMINA&ROMOLO,Thorstvedt,C,6.0,6.0,True,False
17,ROMINA&ROMOLO,Mandragora,C,6.5,6.5,True,False
17,ROMINA&ROMOLO,Saelemaekers,C,6.0,6.0,True,False
17,ROMINA&ROMOLO,Vardy,A,7.5,11.0,True,False
17,ROMINA&ROMOLO,Pellegrino M.,A,5.5,5.5,True,False
17,ROMINA&ROMOLO,Giovane,A,5.5,5.5,False,True
17,ROMINA&ROMOLO,David,A,7.5,11.5,False,True
17,ROMINA&ROMOLO,Diao,A,,,False,True
17,ROMINA&ROMOLO,Castellanos,A,,,False,True
17,ROMINA&ROMOLO,Odgaard,C,,,False,True
17,ROMINA&ROMOLO,Tourè I.,C,5.5,5.5,False,True
17,ROMINA&ROMOLO,Serdar,C,,,False,True
17,ROMINA&ROMOLO,Vecino,C,6.5,7.5,False,True
17,ROMINA&ROMOLO,Martin,D,6.0,6.0,False,True
17,ROMINA&ROMOLO,Valeri,D,6.0,6.0,False,True
17,ROMINA&ROMOLO,Luperto,D,5.0,4.5,False,True
17,ROMINA&ROMOLO,Belghali,D,,,False,True
17,ROMINA&ROMOLO,Terracciano,P,,,False,True
17,ROMINA&ROMOLO,Caprile,P,5.5,3.5,False,True
17,DTE,Sommer,P,6.0,7.0,True,False
17,DTE,Bartesaghi,D,5.0,5.0,True,False
17,DTE,Ramon,D,6.5,6.0,True,False
17,DTE,Solet,D,6.0,6.0,True,False
17,DTE,Terracciano F.,D,6.0,6.0,True,False
17,DTE,Pisilli,C,6.5,7.5,True,False
17,DTE,Paz N.,C,6.0,6.0,True,False
17,DTE,Bernabè,C,5.5,5.5,True,False
17,DTE,Lobotka,C,6.0,6.0,True,False
17,DTE,Douvikas,A,7.5,12.5,True,False
17,DTE,Leao,A,7.0,11.0,True,False
17,DTE,Martinez Jo.,P,,,False,True
17,DTE,Valle,D,6.0,6.0,False,True
17,DTE,Palma,D,,,False,True
17,DTE,Athekame,D,6.0,6.0,False,True
17,DTE,Atta,C,6.5,6.5,False,True
17,DTE,Kostic,C,,,False,True
17,DTE,Baturina,C,,,False,True
17,DTE,Frendrup,C,6.0,6.0,False,True
17,DTE,Nkunku,A,,,False,True
17,DTE,Ferguson E.,A,7.0,11.0,False,True
17,DTE,Morata,A,,,False,True
17,DTE,Arena A.,A,,,False,True
17,DTE,Di Gennaro,P,,,False,True
17,DTE,Darmian,D,,,False,True
17,ASR YOYO,Carnesecchi,P,6.5,7.5,True,False
17,ASR YOYO,Palestra,D,6.5,6.5,True,False
17,ASR YOYO,Akanji,D,7.0,7.0,True,False
17,ASR YOYO,Scalvini,D,6.5,6.5,True,False
17,ASR YOYO,Di Lorenzo,D,6.5,10.5,True,False
17,ASR YOYO,Gudmundsson A.,C,7.0,9.0,True,False
17,ASR YOYO,Modric,C,6.0,6.0,True,False
17,ASR YOYO,Konè I.,C,5.0,5.0,True,False
17,ASR YOYO,Kean,A,5.5,5.5,True,False
17,ASR YOYO,Esposito F.P.,A,6.5,6.5,True,False
17,ASR YOYO,Scamacca,A,,,False,False
17,ASR YOYO,Sportiello,P,,,False,True
17,ASR YOYO,Rossi F.,P,,,False,True
17,ASR YOYO,Kalulu,D,6.5,6.5,False,True
17,ASR YOYO,Ostigard,D,6.5,6.5,False,True
17,ASR YOYO,Zanoli,D,7.0,8.0,False,True
17,ASR YOYO,Kelly L.,D,,,False,True
17,ASR YOYO,Miretti,C,7.0,10.0,False,True
17,ASR YOYO,Tramoni M.,C,6.5,6.5,False,True
17,ASR YOYO,Pasalic,C,,,False,True
17,ASR YOYO,Maldini,C,,,False,True
17,ASR YOYO,Pellegrini Lo.,C,,,False,True
17,ASR YOYO,Davis K.,A,7.0,8.0,True,True
17,ASR YOYO,Cambiaghi,A,6.0,6.0,False,True
17,ASR YOYO,Dominguez B.,A,,,False,True
17,QICELLO,Milinkovic-Savic V.,P,6.0,4.0,True,False
17,QICELLO,Gutierrez,D,5.5,5.5,True,False
17,QICELLO,Pavlovic,D,6.0,5.5,True,False
17,QICELLO,Parisi,D,6.5,6.0,True,False
17,QICELLO,Vlasic,C,5.0,5.0,True,False
17,QICELLO,McTominay,C,6.5,9.5,True,False
17,QICELLO,Frattesi,C,,,False,False
17,QICELLO,Isaksen,C,5.5,5.5,True,False
17,QICELLO,Yildiz,A,6.5,6.5,True,False
17,QICELLO,Adams C.,A,5.5,5.5,True,False
17,QICELLO,Lang,A,6.5,7.5,True,False
17,QICELLO,Meret,P,,,False,True
17,QICELLO,Contini,P,,,False,True
17,QICELLO,Miranda J.,D,6.0,6.0,False,True
17,QICELLO,Rensch,D,,,False,True
17,QICELLO,Bisseck,D,7.0,7.0,False,True
17,QICELLO,De Winter,D,,,False,True
17,QICELLO,Gabbia,D,5.0,4.5,False,True
17,QICELLO,Perrone,C,7.0,11.0,True,True
17,QICELLO,Zielinski,C,6.0,6.0,False,True
17,QICELLO,Oristanio,C,5.0,5.0,False,True
17,QICELLO,Collocolo,C,,,False,True
17,QICELLO,Kilicsoy,A,6.5,6.5,False,True
17,QICELLO,Zapata D.,A,6.0,6.0,False,True
17,QICELLO,Piccoli,A,6.0,6.0,False,True
17,HISASHI MITSUI,Leali,P,7.0,5.5,True,False
17,HISASHI MITSUI,Olivera,D,,,False,False
17,HISASHI MITSUI,Bastoni,D,,,False,False
17,HISASHI MITSUI,Buongiorno,D,5.0,5.0,True,False
17,HISASHI MITSUI,Coco,D,6.5,6.0,True,False
17,HISASHI MITSUI,Pulisic,C,6.0,6.0,True,False
17,HISASHI MITSUI,Loftus-Cheek,C,6.0,6.0,True,False
17,HISASHI MITSUI,Politano,C,5.5,5.5,True,False
17,HISASHI MITSUI,Simeone,A,5.0,5.0,True,False
17,HISASHI MITSUI,Dovbyk,A,7.0,10.0,True,False
17,HISASHI MITSUI,Borrelli,A,6.5,7.0,True,False
17,HISASHI MITSUI,Siegrist,P,,,False,True
17,HISASHI MITSUI,Sommariva,P,,,False,True
17,HISASHI MITSUI,Mina,D,4.5,4.5,True,True
17,HISASHI MITSUI,Dodò,D,6.0,6.0,True,True
17,HISASHI MITSUI,Angelino,D,,,False,True
17,HISASHI MITSUI,Vitik,D,5.0,5.0,False,True
17,HISASHI MITSUI,Thuram K.,C,6.5,6.5,False,True
17,HISASHI MITSUI,Fagioli,C,7.5,8.0,False,True
17,HISASHI MITSUI,El Aynaoui,C,,,False,True
17,HISASHI MITSUI,Baldanzi,C,,,False,True
17,HISASHI MITSUI,Zambo Anguissa,C,,,False,True
17,HISASHI MITSUI,Orban G.,A,7.0,8.5,False,True
17,HISASHI MITSUI,Colombo,A,7.0,10.0,False,True
17,HISASHI MITSUI,Addai,A,,,False,True
17,OLD LIN,De Gea,P,7.0,5.0,True,False
17,OLD LIN,Gallo,D,5.5,5.5,True,False
17,OLD LIN,Baschirotto,D,5.5,5.5,True,False
17,OLD LIN,Delprato,D,5.0,5.0,True,False
17,OLD LIN,Circati,D,5.0,5.0,True,False
17,OLD LIN,Konè M.,C,6.0,6.0,True,False
17,OLD LIN,Barella,C,6.5,7.5,True,False
17,OLD LIN,Pierotti,C,5.0,5.0,True,False
17,OLD LIN,Castro S.,A,5.5,5.5,True,False
17,OLD LIN,Martinez L.,A,5.5,5.5,True,False
17,OLD LIN,De Ketelaere,A,7.5,8.5,True,False
17,OLD LIN,Lezzerini,P,,,False,True
17,OLD LIN,Martinelli T.,P,,,False,True
17,OLD LIN,Zappa,D,5.5,5.5,False,True
17,OLD LIN,Heggem,D,5.0,5.0,False,True
17,OLD LIN,Unai Nunez,D,6.5,6.5,False,True
17,OLD LIN,Ismajli,D,5.5,5.5,False,True
17,OLD LIN,Vazquez,C,,,False,True
17,OLD LIN,Gagliardini,C,6.5,6.5,False,True
17,OLD LIN,Guendouzi,C,5.5,5.5,False,True
17,OLD LIN,Ellertsson,C,6.0,6.0,False,True
17,OLD LIN,Jashari,C,,,False,True
17,OLD LIN,Sanabria,A,,,False,True
17,OLD LIN,Krstovic,A,7.5,14.5,False,True
17,OLD LIN,Berardi,A,,,False,True
17,KAMADO,Butez,P,7.0,10.0,True,False
17,KAMADO,Dimarco,D,7.5,11.5,True,False
17,KAMADO,Ziolkowski,D,7.0,7.0,True,False
17,KAMADO,Vojvoda,D,6.5,6.5,True,False
17,KAMADO,Zhegrova,C,,,False,False
17,KAMADO,Rabiot,C,6.5,6.5,True,False
17,KAMADO,Rowe,C,6.0,6.0,True,False
17,KAMADO,Zaniolo,C,7.0,10.0,True,False
17,KAMADO,Hojlund,A,5.5,5.5,True,False
17,KAMADO,Rodriguez Je.,A,6.5,7.5,True,False
17,KAMADO,Openda,A,,,False,False
17,KAMADO,Svilar,P,6.0,7.0,False,True
17,KAMADO,Muric,P,6.5,3.5,False,True
17,KAMADO,Norton-Cuffy,D,6.0,6.0,False,True
17,KAMADO,Kamara H.,D,6.0,6.0,False,True
17,KAMADO,Kristensen T.,D,5.5,5.0,False,True
17,KAMADO,Cabal,D,,,False,True
17,KAMADO,Kolasinac,D,,,False,True
17,KAMADO,Basic,C,6.5,6.5,True,True
17,KAMADO,Volpato,C,,,False,True
17,KAMADO,Malinovskyi,C,6.5,7.5,False,True
17,KAMADO,Sorensen O.,C,5.5,5.5,False,True
17,KAMADO,Lucca,A,5.5,5.5,True,True
17,KAMADO,Vitinha O.,A,6.5,6.5,False,True
17,KAMADO,Stulic,A,5.5,5.5,False,True
18,GOODBYE,Di Gregorio,P,6.5,7.5,True,False
18,GOODBYE,Spinazzola,D,6.5,6.5,True,False
18,GOODBYE,Bremer,D,7.0,11.0,True,False
18,GOODBYE,Mancini,D,6.5,6.5,True,False
18,GOODBYE,Hermoso,D,6.0,5.5,True,False
18,GOODBYE,Celik,D,6.5,6.5,True,False
18,GOODBYE,Zalewski,C,6.5,6.5,True,False
18,GOODBYE,Locatelli,C,6.5,6.5,True,False
18,GOODBYE,El Shaarawy,C,7.0,8.0,True,False
18,GOODBYE,Dybala,A,6.5,6.5,True,False
18,GOODBYE,Soulè,A,7.5,11.5,True,False
18,GOODBYE,Perin,P,,,False,True
18,GOODBYE,Pinsoglio,P,,,False,True
18,GOODBYE,Floriani Mussolini,D,5.0,5.0,False,True
18,GOODBYE,Van Der Brempt,D,5.5,5.0,False,True
18,GOODBYE,Sernicola,D,,,False,True
18,GOODBYE,Matic,C,6.0,5.5,False,True
18,GOODBYE,Cristante,C,,,False,True
18,GOODBYE,Bailey,C,,,False,True
18,GOODBYE,Adzic,C,6.0,6.0,False,True
18,GOODBYE,Rog,C,,,False,True
18,GOODBYE,Dzeko,A,,,False,True
18,GOODBYE,Milik,A,,,False,True
18,GOODBYE,Benedyczak,A,,,False,True
18,GOODBYE,Lukaku,A,,,False,True
18,ROMANHOLIDAY,Falcone,P,6.0,4.0,True,False
18,ROMANHOLIDAY,Pellegrini Lu.,D,5.5,5.5,True,False
18,ROMANHOLIDAY,Carlos Augusto,D,,,False,False
18,ROMANHOLIDAY,Vasquez,D,6.5,6.5,True,False
18,ROMANHOLIDAY,Wesley,D,6.5,6.5,True,False
18,ROMANHOLIDAY,Luis Henrique,C,5.5,5.5,True,False
18,ROMANHOLIDAY,Calhanoglu,C,6.5,8.5,True,False
18,ROMANHOLIDAY,Orsolini,C,,,False,False
18,ROMANHOLIDAY,Cancellieri,A,6.5,6.0,True,False
18,ROMANHOLIDAY,Thuram,A,6.5,7.5,True,False
18,ROMANHOLIDAY,Bonazzoli,A,5.5,5.5,True,False
18,ROMANHOLIDAY,Provedel,P,6.5,7.5,False,True
18,ROMANHOLIDAY,Vasquez D.,P,,,False,True
18,ROMANHOLIDAY,Smolcic I.,D,,,False,True
18,ROMANHOLIDAY,Veiga D.,D,6.0,6.0,True,True
18,ROMANHOLIDAY,Nkounkou,D,,,False,True
18,ROMANHOLIDAY,Mkhitaryan,C,6.5,6.5,True,True
18,ROMANHOLIDAY,Kaba,C,6.0,5.5,False,True
18,ROMANHOLIDAY,Iannoni,C,,,False,True
18,ROMANHOLIDAY,Ndour,C,6.0,6.0,False,True
18,ROMANHOLIDAY,Bonny,A,,,False,True
18,ROMANHOLIDAY,Ekhator,A,6.0,6.0,False,True
18,ROMANHOLIDAY,Camarda,A,,,False,True
18,ASR YOYO,Carnesecchi,P,7.0,8.0,True,False
18,ASR YOYO,Palestra,D,5.5,5.5,True,False
18,ASR YOYO,Ostigard,D,7.5,10.5,True,False
18,ASR YOYO,Scalvini,D,6.5,6.5,True,False
18,ASR YOYO,Zanoli,D,6.5,6.5,True,False
18,ASR YOYO,Gudmundsson A.,C,6.5,7.5,True,False
18,ASR YOYO,Modric,C,,,False,False
18,ASR YOYO,Miretti,C,7.0,7.5,True,False
18,ASR YOYO,Kean,A,5.5,5.0,True,False
18,ASR YOYO,Scamacca,A,6.5,7.5,True,False
18,ASR YOYO,Davis K.,A,6.5,8.5,True,False
18,ASR YOYO,Sportiello,P,,,False,True
18,ASR YOYO,Rossi F.,P,,,False,True
18,ASR YOYO,Kalulu,D,6.5,7.5,False,True
18,ASR YOYO,Akanji,D,5.5,5.5,False,True
18,ASR YOYO,Di Lorenzo,D,6.5,6.5,False,True
18,ASR YOYO,Kelly L.,D,6.5,6.5,False,True
18,ASR YOYO,Maldini,C,,,False,True
18,ASR YOYO,Pasalic,C,7.0,10.0,True,True
18,ASR YOYO,Tramoni M.,C,7.5,10.5,False,True
18,ASR YOYO,Konè I.,C,6.5,6.5,False,True
18,ASR YOYO,Pellegrini Lo.,C,,,False,True
18,ASR YOYO,Esposito F.P.,A,,,False,True
18,ASR YOYO,Cambiaghi,A,6.0,8.0,False,True
18,ASR YOYO,Dominguez B.,A,,,False,True
18,QICELLO,Milinkovic-Savic V.,P,6.0,4.0,True,False
18,QICELLO,Miranda J.,D,6.5,6.5,True,False
18,QICELLO,Pavlovic,D,6.0,6.0,True,False
18,QICELLO,Bisseck,D,5.5,5.5,True,False
18,QICELLO,Vlasic,C,5.5,5.5,True,False
18,QICELLO,McTominay,C,7.5,14.5,True,False
18,QICELLO,Frattesi,C,,,False,False
18,QICELLO,Isaksen,C,6.0,6.0,True,False
18,QICELLO,Lang,A,6.5,7.5,True,False
18,QICELLO,Kilicsoy,A,5.0,5.0,True,False
18,QICELLO,Yildiz,A,7.0,8.0,True,False
18,QICELLO,Meret,P,,,False,True
18,QICELLO,Contini,P,,,False,True
18,QICELLO,Rensch,D,,,False,True
18,QICELLO,Parisi,D,6.0,6.0,False,True
18,QICELLO,De Winter,D,5.5,5.5,False,True
18,QICELLO,Gabbia,D,6.0,6.0,False,True
18,QICELLO,Gutierrez,D,,,False,True
18,QICELLO,Zielinski,C,6.5,6.5,True,True
18,QICELLO,Perrone,C,6.5,6.5,False,True
18,QICELLO,Oristanio,C,6.0,6.0,False,True
18,QICELLO,Collocolo,C,,,False,True
18,QICELLO,Adams C.,A,6.0,6.0,False,True
18,QICELLO,Zapata D.,A,5.0,5.0,False,True
18,QICELLO,Piccoli,A,,,False,True
18,KAMADO,Svilar,P,6.5,7.5,True,False
18,KAMADO,Dimarco,D,7.0,10.0,True,False
18,KAMADO,Ziolkowski,D,,,False,False
18,KAMADO,Norton-Cuffy,D,6.0,6.0,True,False
18,KAMADO,Rabiot,C,5.5,5.0,True,False
18,KAMADO,Zhegrova,C,6.0,6.0,True,False
18,KAMADO,Zaniolo,C,6.5,7.0,True,False
18,KAMADO,Rowe,C,5.5,5.5,True,False
18,KAMADO,Hojlund,A,6.5,6.5,True,False
18,KAMADO,Vitinha O.,A,6.5,6.5,True,False
18,KAMADO,Openda,A,,,False,False
18,KAMADO,Butez,P,6.0,5.0,False,True
18,KAMADO,Muric,P,6.0,3.5,False,True
18,KAMADO,Cabal,D,6.0,6.0,True,True
18,KAMADO,Vojvoda,D,5.0,5.0,False,True
18,KAMADO,Kristensen T.,D,,,False,True
18,KAMADO,Kamara H.,D,5.5,5.5,False,True
18,KAMADO,Kolasinac,D,,,False,True
18,KAMADO,Malinovskyi,C,6.5,7.5,False,True
18,KAMADO,Basic,C,,,False,True
18,KAMADO,Sorensen O.,C,5.5,5.5,False,True
18,KAMADO,Volpato,C,,,False,True
18,KAMADO,Rodriguez Je.,A,7.0,7.5,True,True
18,KAMADO,Lucca,A,,,False,True
18,KAMADO,Stulic,A,7.0,10.0,False,True
18,DTE,Sommer,P,6.0,4.0,True,False
18,DTE,Bartesaghi,D,5.0,5.0,True,False
18,DTE,Terracciano F.,D,4.0,2.0,True,False
18,DTE,Solet,D,6.0,6.0,True,False
18,DTE,Pisilli,C,6.5,6.5,True,False
18,DTE,Paz N.,C,6.5,6.0,True,False
18,DTE,Bernabè,C,7.5,8.5,True,False
18,DTE,Atta,C,6.5,6.5,True,False
18,DTE,Douvikas,A,5.5,5.5,True,False
18,DTE,Leao,A,5.5,5.5,True,False
18,DTE,Ferguson E.,A,5.5,5.5,True,False
18,DTE,Di Gennaro,P,,,False,True
18,DTE,Martinez Jo.,P,,,False,True
18,DTE,Ramon,D,,,False,True
18,DTE,Valle,D,,,False,True
18,DTE,Darmian,D,,,False,True
18,DTE,Palma,D,5.5,5.5,False,True
18,DTE,Athekame,D,,,False,True
18,DTE,Kostic,C,,,False,True
18,DTE,Lobotka,C,6.0,6.0,False,True
18,DTE,Baturina,C,7.0,11.0,False,True
18,DTE,Frendrup,C,7.0,9.5,False,True
18,DTE,Nkunku,A,7.0,11.0,False,True
18,DTE,Morata,A,,,False,True
18,DTE,Arena A.,A,,,False,True
18,ROMINA&ROMOLO,Maignan,P,6.5,5.5,True,False
18,ROMINA&ROMOLO,Martin,D,7.0,8.0,True,False
18,ROMINA&ROMOLO,Gosens,D,6.5,6.5,True,False
18,ROMINA&ROMOLO,Rrahmani,D,6.0,5.5,True,False
18,ROMINA&ROMOLO,Valeri,D,6.0,6.0,True,False
18,ROMINA&ROMOLO,Mandragora,C,6.0,6.0,True,False
18,ROMINA&ROMOLO,Odgaard,C,,,False,False
18,ROMINA&ROMOLO,Saelemaekers,C,6.5,6.5,True,False
18,ROMINA&ROMOLO,David,A,7.0,10.0,True,False
18,ROMINA&ROMOLO,Pellegrino M.,A,7.0,11.0,True,False
18,ROMINA&ROMOLO,Giovane,A,6.0,6.0,True,False
18,ROMINA&ROMOLO,Vardy,A,5.0,5.0,False,True
18,ROMINA&ROMOLO,Diao,A,,,False,True
18,ROMINA&ROMOLO,Castellanos,A,,,False,True
18,ROMINA&ROMOLO,Tourè I.,C,6.0,6.0,True,True
18,ROMINA&ROMOLO,Vecino,C,5.5,5.5,False,True
18,ROMINA&ROMOLO,Vandeputte,C,6.0,6.0,False,True
18,ROMINA&ROMOLO,Serdar,C,5.5,5.5,False,True
18,ROMINA&ROMOLO,Thorstvedt,C,,,False,True
18,ROMINA&ROMOLO,Muharemovic,D,6.0,6.0,False,True
18,ROMINA&ROMOLO,Luperto,D,5.0,4.5,False,True
18,ROMINA&ROMOLO,Belghali,D,,,False,True
18,ROMINA&ROMOLO,Tomori,D,,,False,True
18,ROMINA&ROMOLO,Terracciano,P,,,False,True
18,ROMINA&ROMOLO,Caprile,P,5.5,2.5,False,True
18,TEAM PC,Ravaglia F.,P,6.0,5.0,True,False
18,TEAM PC,Doig,D,5.5,5.5,True,False
18,TEAM PC,Zappacosta,D,6.0,6.0,True,False
18,TEAM PC,Cambiaso,D,6.0,6.0,True,False
18,TEAM PC,Neres,C,,,False,False
18,TEAM PC,Ederson D.S.,C,6.5,6.5,True,False
18,TEAM PC,McKennie,C,7.5,10.5,True,False
18,TEAM PC,Koopmeiners,C,6.0,6.0,True,False
18,TEAM PC,Esposito Se.,A,6.5,6.5,True,False
18,TEAM PC,Laurientè,A,6.0,6.0,True,False
18,TEAM PC,Pinamonti,A,5.5,5.5,True,False
18,TEAM PC,Skorupski,P,,,False,True
18,TEAM PC,Gatti,D,,,False,True
18,TEAM PC,Pessina Mas.,P,,,False,True
18,TEAM PC,Acerbi,D,,,False,True
18,TEAM PC,N'Dicka,D,,,False,True
18,TEAM PC,Bellanova,D,,,False,True
18,TEAM PC,Lorran,C,,,False,True
18,TEAM PC,Pavoletti,A,,,False,True
18,TEAM PC,Vlahovic,A,,,False,True
18,TEAM PC,Lookman,A,,,False,True
18,TEAM PC,Zortea,D,5.5,5.0,False,True
18,TEAM PC,Sucic P.,C,,,False,True
18,TEAM PC,Conceicao,C,,,False,True
18,TEAM PC,Zaccagni,C,,,False,True
18,HISASHI MITSUI,Leali,P,7.0,8.0,True,False
18,HISASHI MITSUI,Bastoni,D,6.0,6.0,True,False
18,HISASHI MITSUI,Buongiorno,D,,,False,False
18,HISASHI MITSUI,Dodò,D,6.5,6.5,True,False
18,HISASHI MITSUI,Pulisic,C,6.0,6.0,True,False
18,HISASHI MITSUI,Loftus-Cheek,C,5.5,5.5,True,False
18,HISASHI MITSUI,Thuram K.,C,7.0,8.0,True,False
18,HISASHI MITSUI,Politano,C,6.0,6.0,True,False
18,HISASHI MITSUI,Colombo,A,7.0,11.0,True,False
18,HISASHI MITSUI,Borrelli,A,5.5,5.5,True,False
18,HISASHI MITSUI,Orban G.,A,5.5,5.5,True,False
18,HISASHI MITSUI,Siegrist,P,,,False,True
18,HISASHI MITSUI,Sommariva,P,,,False,True
18,HISASHI MITSUI,Angelino,D,,,False,True
18,HISASHI MITSUI,Coco,D,5.5,5.5,True,True
18,HISASHI MITSUI,Olivera,D,,,False,True
18,HISASHI MITSUI,Mina,D,,,False,True
18,HISASHI MITSUI,Vitik,D,6.5,6.5,False,True
18,HISASHI MITSUI,Fagioli,C,6.0,5.5,False,True
18,HISASHI MITSUI,El Aynaoui,C,,,False,True
18,HISASHI MITSUI,Baldanzi,C,,,False,True
18,HISASHI MITSUI,Zambo Anguissa,C,,,False,True
18,HISASHI MITSUI,Simeone,A,5.5,5.5,False,True
18,HISASHI MITSUI,Dovbyk,A,,,False,True
18,HISASHI MITSUI,Addai,A,,,False,True
18,OLD LIN,De Gea,P,6.5,5.5,True,False
18,OLD LIN,Gallo,D,6.0,6.0,True,False
18,OLD LIN,Baschirotto,D,4.0,4.0,True,False
18,OLD LIN,Delprato,D,6.0,5.5,True,False
18,OLD LIN,Circati,D,6.5,6.5,True,False
18,OLD LIN,Konè M.,C,7.0,10.5,True,False
18,OLD LIN,Barella,C,5.5,5.5,True,False
18,OLD LIN,Pierotti,C,5.5,5.0,True,False
18,OLD LIN,Castro S.,A,6.5,7.0,True,False
18,OLD LIN,Martinez L.,A,5.5,5.5,True,False
18,OLD LIN,De Ketelaere,A,7.5,11.5,True,False
18,OLD LIN,Lezzerini,P,,,False,True
18,OLD LIN,Martinelli T.,P,,,False,True
18,OLD LIN,Zappa,D,5.5,5.5,False,True
18,OLD LIN,Heggem,D,6.5,6.5,False,True
18,OLD LIN,Unai Nunez,D,6.0,6.0,False,True
18,OLD LIN,Ismajli,D,6.0,6.0,False,True
18,OLD LIN,Vazquez,C,5.5,5.5,False,True
18,OLD LIN,Gagliardini,C,5.5,5.5,False,True
18,OLD LIN,Guendouzi,C,,,False,True
18,OLD LIN,Ellertsson,C,6.5,6.5,False,True
18,OLD LIN,Jashari,C,5.5,5.5,False,True
18,OLD LIN,Krstovic,A,6.0,6.0,False,True
18,OLD LIN,Sanabria,A,6.0,6.0,False,True
18,OLD LIN,Berardi,A,,,False,True
19,KAMADO,Gollini,P,,,False,False
19,KAMADO,Dimarco,D,6.5,6.5,True,False
19,KAMADO,Vojvoda,D,6.0,6.0,True,False
19,KAMADO,Norton-Cuffy,D,,,False,False
19,KAMADO,Malinovskyi,C,5.5,5.5,True,False
19,KAMADO,Rabiot,C,6.5,6.5,True,False
19,KAMADO,Rowe,C,7.0,8.0,True,False
19,KAMADO,Volpato,C,,,False,False
19,KAMADO,Hojlund,A,5.5,5.5,True,False
19,KAMADO,Vitinha O.,A,5.5,5.0,True,False
19,KAMADO,Openda,A,5.5,5.5,True,False
19,KAMADO,Svilar,P,6.0,7.0,True,True
19,KAMADO,Butez,P,6.5,7.5,False,True
19,KAMADO,Cabal,D,,,False,True
19,KAMADO,Ziolkowski,D,,,False,True
19,KAMADO,Obert,D,6.0,6.0,True,True
19,KAMADO,Fortini,D,6.5,6.5,False,True
19,KAMADO,Kristensen T.,D,5.0,5.0,False,True
19,KAMADO,Elmas,C,6.5,6.5,True,True
19,KAMADO,Taylor K.,C,4.5,4.5,False,True
19,KAMADO,Ekkelenkamp,C,5.5,5.5,False,True
19,KAMADO,Zaniolo,C,,,False,True
19,KAMADO,Rodriguez Je.,A,6.0,6.0,False,True
19,KAMADO,Solomon,A,5.5,5.5,False,True
19,KAMADO,Stulic,A,5.5,5.5,False,True
19,ASR YOYO,Carnesecchi,P,7.0,6.0,True,False
19,ASR YOYO,Palestra,D,6.5,6.5,True,False
19,ASR YOYO,Ostigard,D,6.5,6.0,True,False
19,ASR YOYO,Scalvini,D,6.0,5.5,True,False
19,ASR YOYO,Di Lorenzo,D,6.5,6.5,True,False
19,ASR YOYO,Gudmundsson A.,C,6.5,7.5,True,False
19,ASR YOYO,Modric,C,,,False,False
19,ASR YOYO,Miretti,C,5.5,5.5,True,False
19,ASR YOYO,Kean,A,,,False,False
19,ASR YOYO,Esposito F.P.,A,6.5,7.5,True,False
19,ASR YOYO,Scamacca,A,5.0,5.0,True,False
19,ASR YOYO,Sportiello,P,,,False,True
19,ASR YOYO,Rossi F.,P,,,False,True
19,ASR YOYO,Kalulu,D,5.5,5.5,False,True
19,ASR YOYO,Akanji,D,6.5,6.5,False,True
19,ASR YOYO,Zanoli,D,6.0,6.0,False,True
19,ASR YOYO,Nelsson,D,6.5,6.5,False,True
19,ASR YOYO,Pellegrini Lo.,C,5.5,5.5,True,True
19,ASR YOYO,Maldini,C,,,False,True
19,ASR YOYO,Tramoni M.,C,6.0,6.0,False,True
19,ASR YOYO,Konè I.,C,,,False,True
19,ASR YOYO,Rovella,C,5.5,5.5,False,True
19,ASR YOYO,Davis K.,A,5.5,5.5,True,True
19,ASR YOYO,Immobile,A,,,False,True
19,ASR YOYO,Luvumbo,A,,,False,True
19,GOODBYE,Di Gregorio,P,,,False,False
19,GOODBYE,Celik,D,,,False,False
19,GOODBYE,Bremer,D,6.0,6.0,True,False
19,GOODBYE,Mancini,D,7.0,6.5,True,False
19,GOODBYE,Hermoso,D,6.0,6.0,True,False
19,GOODBYE,Zalewski,C,6.0,6.0,True,False
19,GOODBYE,Locatelli,C,6.0,6.0,True,False
19,GOODBYE,Cristante,C,6.5,6.5,True,False
19,GOODBYE,El Shaarawy,C,,,False,False
19,GOODBYE,Dybala,A,7.5,11.5,True,False
19,GOODBYE,Soulè,A,6.0,6.0,True,False
19,GOODBYE,Perin,P,6.0,5.0,True,True
19,GOODBYE,Pinsoglio,P,,,False,True
19,GOODBYE,Spinazzola,D,6.5,6.5,True,True
19,GOODBYE,Floriani Mussolini,D,,,False,True
19,GOODBYE,Van Der Brempt,D,,,False,True
19,GOODBYE,Kouassi,D,,,False,True
19,GOODBYE,Bailey,C,,,False,True
19,GOODBYE,Matic,C,5.5,5.5,True,True
19,GOODBYE,Adzic,C,,,False,True
19,GOODBYE,Rog,C,,,False,True
19,GOODBYE,Dzeko,A,,,False,True
19,GOODBYE,Benedyczak,A,,,False,True
19,GOODBYE,Lukaku,A,,,False,True
19,GOODBYE,Buffon L.,A,,,False,True
19,ROMANHOLIDAY,Provedel,P,7.0,6.0,True,False
19,ROMANHOLIDAY,Pellegrini Lu.,D,5.0,4.5,True,False
19,ROMANHOLIDAY,Carlos Augusto,D,6.0,5.5,True,False
19,ROMANHOLIDAY,Vasquez,D,6.5,6.5,True,False
19,ROMANHOLIDAY,Wesley,D,6.5,6.5,True,False
19,ROMANHOLIDAY,Luis Henrique,C,6.0,6.0,True,False
19,ROMANHOLIDAY,Mkhitaryan,C,6.0,6.0,True,False
19,ROMANHOLIDAY,Orsolini,C,5.5,5.5,True,False
19,ROMANHOLIDAY,Cancellieri,A,5.0,5.0,True,False
19,ROMANHOLIDAY,Thuram,A,,,False,False
19,ROMANHOLIDAY,Bonazzoli,A,5.0,4.5,True,False
19,ROMANHOLIDAY,Falcone,P,7.0,6.0,False,True
19,ROMANHOLIDAY,Vasquez D.,P,,,False,True
19,ROMANHOLIDAY,Darmian,D,,,False,True
19,ROMANHOLIDAY,Smolcic I.,D,6.0,5.5,False,True
19,ROMANHOLIDAY,Bonny,A,6.0,6.0,True,True
19,ROMANHOLIDAY,Fullkrug,A,7.0,11.0,False,True
19,ROMANHOLIDAY,Sarr A.,A,5.5,5.5,False,True
19,ROMANHOLIDAY,Jashari,C,6.5,6.5,False,True
19,ROMANHOLIDAY,Da Cunha,C,6.5,6.5,False,True
19,ROMANHOLIDAY,Casadei,C,5.5,5.5,False,True
19,DTE,Sommer,P,6.0,7.0,True,False
19,DTE,Kempf,D,,,False,False
19,DTE,Ramon,D,7.0,7.0,True,False
19,DTE,Solet,D,6.0,6.0,True,False
19,DTE,Bartesaghi,D,,,False,False
19,DTE,Pisilli,C,6.0,6.0,True,False
19,DTE,Paz N.,C,7.5,11.5,True,False
19,DTE,Bernabè,C,6.0,6.0,True,False
19,DTE,Atta,C,5.5,5.5,True,False
19,DTE,Douvikas,A,,,False,False
19,DTE,Leao,A,6.0,6.0,True,False
19,DTE,Di Gennaro,P,,,False,True
19,DTE,Martinez Jo.,P,,,False,True
19,DTE,Terracciano F.,D,6.0,6.0,True,True
19,DTE,Diego Carlos,D,6.5,6.5,True,True
19,DTE,Valle,D,7.0,7.5,False,True
19,DTE,Otoa,D,,,False,True
19,DTE,Lobotka,C,7.0,11.0,False,True
19,DTE,Frendrup,C,6.5,6.5,False,True
19,DTE,Miller L.,C,5.5,5.5,False,True
19,DTE,Ngom,C,,,False,True
19,DTE,Nkunku,A,,,False,True
19,DTE,Ferguson E.,A,,,False,True
19,DTE,Morata,A,,,False,True
19,DTE,Arena A.,A,,,False,True
19,ROMINA&ROMOLO,Maignan,P,6.0,7.0,True,False
19,ROMINA&ROMOLO,Martin,D,6.0,6.0,True,False
19,ROMINA&ROMOLO,Rrahmani,D,6.5,6.5,True,False
19,ROMINA&ROMOLO,Tomori,D,6.0,6.0,True,False
19,ROMINA&ROMOLO,Gosens,D,6.0,6.0,True,False
19,ROMINA&ROMOLO,Vandeputte,C,6.0,5.5,True,False
19,ROMINA&ROMOLO,Odgaard,C,5.0,5.0,True,False
19,ROMINA&ROMOLO,Saelemaekers,C,7.0,8.0,True,False
19,ROMINA&ROMOLO,David,A,5.0,5.0,True,False
19,ROMINA&ROMOLO,Pellegrino M.,A,5.5,5.5,True,False
19,ROMINA&ROMOLO,Vardy,A,5.5,5.0,True,False
19,ROMINA&ROMOLO,Giovane,A,6.5,6.5,False,True
19,ROMINA&ROMOLO,Ratkov,A,5.0,5.0,False,True
19,ROMINA&ROMOLO,Diao,A,,,False,True
19,ROMINA&ROMOLO,Mandragora,C,7.0,10.0,False,True
19,ROMINA&ROMOLO,Gandelman,C,6.0,6.0,False,True
19,ROMINA&ROMOLO,Tourè I.,C,6.5,6.5,False,True
19,ROMINA&ROMOLO,Vecino,C,,,False,True
19,ROMINA&ROMOLO,Thorstvedt,C,,,False,True
19,ROMINA&ROMOLO,Valeri,D,6.5,6.5,False,True
19,ROMINA&ROMOLO,Bernasconi,D,5.5,5.5,False,True
19,ROMINA&ROMOLO,Belghali,D,,,False,True
19,ROMINA&ROMOLO,Muharemovic,D,6.0,6.0,False,True
19,ROMINA&ROMOLO,Terracciano,P,,,False,True
19,ROMINA&ROMOLO,Caprile,P,7.0,8.0,False,True
19,QICELLO,Milinkovic-Savic V.,P,6.5,7.5,True,False
19,QICELLO,Parisi,D,6.5,6.5,True,False
19,QICELLO,Pavlovic,D,,,False,False
19,QICELLO,Gabbia,D,6.5,6.5,True,False
19,QICELLO,Bisseck,D,6.0,6.0,True,False
19,QICELLO,McTominay,C,6.0,6.0,True,False
19,QICELLO,Zielinski,C,6.5,6.5,True,False
19,QICELLO,Vlasic,C,5.0,4.5,True,False
19,QICELLO,Yildiz,A,6.5,6.0,True,False
19,QICELLO,Adams C.,A,5.5,5.5,True,False
19,QICELLO,Lang,A,5.5,5.5,True,False
19,QICELLO,Meret,P,,,False,True
19,QICELLO,Contini,P,,,False,True
19,QICELLO,Rensch,D,6.0,7.0,True,True
19,QICELLO,De Winter,D,6.0,5.5,False,True
19,QICELLO,Miranda J.,D,5.5,5.0,False,True
19,QICELLO,Gutierrez,D,,,False,True
19,QICELLO,Isaksen,C,5.5,5.5,False,True
19,QICELLO,Frattesi,C,,,False,True
19,QICELLO,Perrone,C,6.5,6.5,False,True
19,QICELLO,Oristanio,C,5.5,5.5,False,True
19,QICELLO,Diouf,C,,,False,True
19,QICELLO,Ekhator,A,6.0,6.0,False,True
19,QICELLO,Kilicsoy,A,6.0,6.0,False,True
19,QICELLO,Piccoli,A,7.0,11.0,False,True
19,HISASHI MITSUI,Leali,P,6.0,7.0,True,False
19,HISASHI MITSUI,Bastoni,D,,,False,False
19,HISASHI MITSUI,Buongiorno,D,6.0,6.0,True,False
19,HISASHI MITSUI,Vitik,D,,,False,False
19,HISASHI MITSUI,Dodò,D,7.0,7.0,True,False
19,HISASHI MITSUI,Pulisic,C,5.5,5.5,True,False
19,HISASHI MITSUI,Loftus-Cheek,C,5.5,5.5,True,False
19,HISASHI MITSUI,Politano,C,5.5,5.5,True,False
19,HISASHI MITSUI,Colombo,A,6.0,6.0,True,False
19,HISASHI MITSUI,Simeone,A,,,False,False
19,HISASHI MITSUI,Orban G.,A,5.5,5.5,True,False
19,HISASHI MITSUI,Audero,P,6.5,7.5,False,True
19,HISASHI MITSUI,Sommariva,P,,,False,True
19,HISASHI MITSUI,Angelino,D,,,False,True
19,HISASHI MITSUI,Coco,D,5.0,5.0,True,True
19,HISASHI MITSUI,Olivera,D,,,False,True
19,HISASHI MITSUI,Mina,D,7.0,7.0,True,True
19,HISASHI MITSUI,Thuram K.,C,,,False,True
19,HISASHI MITSUI,Fagioli,C,6.5,6.5,False,True
19,HISASHI MITSUI,El Aynaoui,C,,,False,True
19,HISASHI MITSUI,Baldanzi,C,,,False,True
19,HISASHI MITSUI,Zambo Anguissa,C,,,False,True
19,HISASHI MITSUI,Borrelli,A,6.0,6.0,True,True
19,HISASHI MITSUI,Dovbyk,A,,,False,True
19,HISASHI MITSUI,Addai,A,,,False,True
19,TEAM PC,Ravaglia F.,P,6.0,4.0,True,False
19,TEAM PC,Doig,D,6.0,6.0,True,False
19,TEAM PC,Zappacosta,D,6.0,6.0,True,False
19,TEAM PC,Cambiaso,D,5.5,5.5,True,False
19,TEAM PC,Neres,C,,,False,False
19,TEAM PC,Ederson D.S.,C,6.5,6.5,True,False
19,TEAM PC,McKennie,C,5.0,5.0,True,False
19,TEAM PC,Koopmeiners,C,5.5,5.5,True,False
19,TEAM PC,Esposito Se.,A,5.5,5.5,True,False
19,TEAM PC,Laurientè,A,6.5,6.5,True,False
19,TEAM PC,Pinamonti,A,5.5,5.5,True,False
19,TEAM PC,Skorupski,P,,,False,True
19,TEAM PC,Gatti,D,,,False,True
19,TEAM PC,Pessina Mas.,P,,,False,True
19,TEAM PC,Acerbi,D,,,False,True
19,TEAM PC,N'Dicka,D,7.0,7.0,False,True
19,TEAM PC,Bellanova,D,,,False,True
19,TEAM PC,Lorran,C,,,False,True
19,TEAM PC,Pavoletti,A,,,False,True
19,TEAM PC,Vlahovic,A,,,False,True
19,TEAM PC,Lookman,A,,,False,True
19,TEAM PC,Zortea,D,6.0,6.0,False,True
19,TEAM PC,Sucic P.,C,,,False,True
19,TEAM PC,Conceicao,C,,,False,True
19,TEAM PC,Zaccagni,C,5.0,4.5,True,True
19,OLD LIN,De Gea,P,6.0,5.0,True,False
19,OLD LIN,Heggem,D,5.0,5.0,True,False
19,OLD LIN,Baschirotto,D,6.5,6.5,True,False
19,OLD LIN,Delprato,D,6.0,6.0,True,False
19,OLD LIN,Circati,D,6.5,6.0,True,False
19,OLD LIN,Konè M.,C,6.5,6.5,True,False
19,OLD LIN,Barella,C,5.5,5.5,True,False
19,OLD LIN,Pasalic,C,5.5,5.0,True,False
19,OLD LIN,Castro S.,A,5.5,5.5,True,False
19,OLD LIN,Martinez L.,A,7.0,11.0,True,False
19,OLD LIN,De Ketelaere,A,5.5,5.5,True,False
19,OLD LIN,Montipò,P,,,False,True
19,OLD LIN,Lezzerini,P,,,False,True
19,OLD LIN,Zappa,D,,,False,True
19,OLD LIN,Ismajli,D,5.0,4.5,False,True
19,OLD LIN,Gallo,D,6.0,6.0,False,True
19,OLD LIN,Unai Nunez,D,,,False,True
19,OLD LIN,Vazquez,C,,,False,True
19,OLD LIN,Gagliardini,C,6.5,6.5,False,True
19,OLD LIN,Brescianini,C,5.5,5.5,False,True
19,OLD LIN,Pierotti,C,6.5,6.5,False,True
19,OLD LIN,Ellertsson,C,6.0,6.0,False,True
19,OLD LIN,Krstovic,A,7.0,10.0,False,True
19,OLD LIN,Sanabria,A,,,False,True
19,OLD LIN,Berardi,A,,,False,True
20,ROMANHOLIDAY,Provedel,P,6.5,7.5,True,False
20,ROMANHOLIDAY,Pellegrini Lu.,D,6.0,6.0,True,False
20,ROMANHOLIDAY,Carlos Augusto,D,6.0,6.0,True,False
20,ROMANHOLIDAY,Vasquez,D,6.0,6.0,True,False
20,ROMANHOLIDAY,Wesley,D,5.5,5.5,True,False
20,ROMANHOLIDAY,Luis Henrique,C,5.0,5.0,True,False
20,ROMANHOLIDAY,Mkhitaryan,C,7.0,10.0,True,False
20,ROMANHOLIDAY,Orsolini,C,,,False,False
20,ROMANHOLIDAY,Fullkrug,A,6.0,6.0,True,False
20,ROMANHOLIDAY,Thuram,A,6.5,7.5,True,False
20,ROMANHOLIDAY,Cancellieri,A,5.0,5.0,True,False
20,ROMANHOLIDAY,Falcone,P,6.5,7.5,False,True
20,ROMANHOLIDAY,Vasquez D.,P,,,False,True
20,ROMANHOLIDAY,Darmian,D,,,False,True
20,ROMANHOLIDAY,Smolcic I.,D,6.0,6.0,False,True
20,ROMANHOLIDAY,Veiga D.,D,6.0,5.5,False,True
20,ROMANHOLIDAY,Bonny,A,7.0,10.0,False,True
20,ROMANHOLIDAY,Bonazzoli,A,5.0,5.0,False,True
20,ROMANHOLIDAY,Sarr A.,A,6.5,6.5,False,True
20,ROMANHOLIDAY,Jashari,C,,,False,True
20,ROMANHOLIDAY,Da Cunha,C,7.5,10.5,True,True
20,ROMANHOLIDAY,Casadei,C,4.5,4.5,False,True
20,KAMADO,Gollini,P,,,False,False
20,KAMADO,Dimarco,D,8.0,12.5,True,False
20,KAMADO,Vojvoda,D,6.5,6.5,True,False
20,KAMADO,Norton-Cuffy,D,6.5,6.5,True,False
20,KAMADO,Taylor K.,C,6.0,6.0,True,False
20,KAMADO,Rabiot,C,6.5,6.0,True,False
20,KAMADO,Rowe,C,6.5,6.5,True,False
20,KAMADO,Zaniolo,C,,,False,False
20,KAMADO,Hojlund,A,5.0,5.0,True,False
20,KAMADO,Rodriguez Je.,A,6.0,6.0,True,False
20,KAMADO,Solomon,A,6.0,6.0,True,False
20,KAMADO,Butez,P,6.0,7.0,True,True
20,KAMADO,Svilar,P,6.0,5.0,False,True
20,KAMADO,Cabal,D,6.0,6.0,False,True
20,KAMADO,Fortini,D,,,False,True
20,KAMADO,Kristensen T.,D,5.5,5.5,False,True
20,KAMADO,Ziolkowski,D,,,False,True
20,KAMADO,Obert,D,6.5,6.5,False,True
20,KAMADO,Ekkelenkamp,C,6.0,6.0,True,True
20,KAMADO,Malinovskyi,C,7.0,9.5,False,True
20,KAMADO,Volpato,C,,,False,True
20,KAMADO,Elmas,C,5.0,5.0,False,True
20,KAMADO,Openda,A,,,False,True
20,KAMADO,Vitinha O.,A,6.0,6.0,False,True
20,KAMADO,Stulic,A,5.5,5.5,False,True
20,HISASHI MITSUI,Leali,P,,,False,False
20,HISASHI MITSUI,Bastoni,D,6.5,7.5,True,False
20,HISASHI MITSUI,Buongiorno,D,6.0,6.0,True,False
20,HISASHI MITSUI,Vitik,D,5.5,5.5,True,False
20,HISASHI MITSUI,Dodò,D,6.5,7.5,True,False
20,HISASHI MITSUI,Pulisic,C,5.5,5.5,True,False
20,HISASHI MITSUI,Fagioli,C,5.5,5.5,True,False
20,HISASHI MITSUI,El Aynaoui,C,,,False,False
20,HISASHI MITSUI,Orban G.,A,7.0,10.0,True,False
20,HISASHI MITSUI,Colombo,A,6.0,6.0,True,False
20,HISASHI MITSUI,Addai,A,,,False,False
20,HISASHI MITSUI,Audero,P,5.5,4.5,True,True
20,HISASHI MITSUI,Sommariva,P,,,False,True
20,HISASHI MITSUI,Angelino,D,,,False,True
20,HISASHI MITSUI,Mina,D,7.0,6.5,False,True
20,HISASHI MITSUI,Coco,D,4.0,4.0,False,True
20,HISASHI MITSUI,Olivera,D,,,False,True
20,HISASHI MITSUI,Thuram K.,C,7.0,7.0,True,True
20,HISASHI MITSUI,Loftus-Cheek,C,,,False,True
20,HISASHI MITSUI,Zambo Anguissa,C,,,False,True
20,HISASHI MITSUI,Politano,C,,,False,True
20,HISASHI MITSUI,Baldanzi,C,,,False,True
20,HISASHI MITSUI,Simeone,A,,,False,True
20,HISASHI MITSUI,Borrelli,A,6.0,6.0,True,True
20,HISASHI MITSUI,Dovbyk,A,,,False,True
20,TEAM PC,Ravaglia F.,P,5.5,2.0,True,False
20,TEAM PC,Zortea,D,6.0,6.0,True,False
20,TEAM PC,Zappacosta,D,6.0,6.0,True,False
20,TEAM PC,Cambiaso,D,6.0,6.0,True,False
20,TEAM PC,N'Dicka,D,5.5,5.5,True,False
20,TEAM PC,Ederson D.S.,C,6.0,6.0,True,False
20,TEAM PC,McKennie,C,6.0,6.0,True,False
20,TEAM PC,Zaccagni,C,5.5,5.5,True,False
20,TEAM PC,Esposito Se.,A,7.0,8.0,True,False
20,TEAM PC,Laurientè,A,6.5,6.0,True,False
20,TEAM PC,Lookman,A,,,False,False
20,TEAM PC,Skorupski,P,5.0,5.0,False,True
20,TEAM PC,Doig,D,6.0,6.0,False,True
20,TEAM PC,Pinamonti,A,6.0,6.0,True,True
20,TEAM PC,Koopmeiners,C,,,False,True
20,TEAM PC,Gatti,D,,,False,True
20,TEAM PC,Pessina Mas.,P,,,False,True
20,TEAM PC,Acerbi,D,,,False,True
20,TEAM PC,Bellanova,D,,,False,True
20,TEAM PC,Conceicao,C,6.0,6.0,False,True
20,TEAM PC,Lorran,C,5.5,5.5,False,True
20,TEAM PC,Pavoletti,A,,,False,True
20,TEAM PC,Vlahovic,A,,,False,True
20,TEAM PC,Sucic P.,C,6.0,6.0,False,True
20,TEAM PC,Neres,C,,,False,True
20,ROMINA&ROMOLO,Maignan,P,7.0,5.5,True,False
20,ROMINA&ROMOLO,Martin,D,6.0,6.0,True,False
20,ROMINA&ROMOLO,Rrahmani,D,,,False,False
20,ROMINA&ROMOLO,Tomori,D,6.5,6.5,True,False
20,ROMINA&ROMOLO,Gosens,D,5.0,5.0,True,False
20,ROMINA&ROMOLO,Vandeputte,C,6.0,6.0,True,False
20,ROMINA&ROMOLO,Odgaard,C,6.0,6.0,True,False
20,ROMINA&ROMOLO,Saelemaekers,C,5.5,5.5,True,False
20,ROMINA&ROMOLO,David,A,7.0,11.0,True,False
20,ROMINA&ROMOLO,Pellegrino M.,A,5.0,5.0,True,False
20,ROMINA&ROMOLO,Vardy,A,5.5,5.5,True,False
20,ROMINA&ROMOLO,Giovane,A,5.5,5.5,False,True
20,ROMINA&ROMOLO,Ratkov,A,6.0,6.0,False,True
20,ROMINA&ROMOLO,Diao,A,,,False,True
20,ROMINA&ROMOLO,Mandragora,C,6.0,6.0,False,True
20,ROMINA&ROMOLO,Gandelman,C,6.0,6.0,False,True
20,ROMINA&ROMOLO,Tourè I.,C,5.0,5.0,False,True
20,ROMINA&ROMOLO,Vecino,C,5.5,5.5,False,True
20,ROMINA&ROMOLO,Thorstvedt,C,6.0,6.0,False,True
20,ROMINA&ROMOLO,Valeri,D,5.5,5.5,True,True
20,ROMINA&ROMOLO,Bernasconi,D,6.5,6.5,False,True
20,ROMINA&ROMOLO,Belghali,D,,,False,True
20,ROMINA&ROMOLO,Muharemovic,D,6.5,6.5,False,True
20,ROMINA&ROMOLO,Terracciano,P,,,False,True
20,ROMINA&ROMOLO,Caprile,P,7.0,5.5,False,True
20,QICELLO,Milinkovic-Savic V.,P,,,False,False
20,QICELLO,Rensch,D,,,False,False
20,QICELLO,Pavlovic,D,,,False,False
20,QICELLO,Bisseck,D,6.5,7.5,True,False
20,QICELLO,Vlasic,C,4.5,4.5,True,False
20,QICELLO,Zielinski,C,7.5,9.5,True,False
20,QICELLO,McTominay,C,5.0,5.0,True,False
20,QICELLO,Frattesi,C,,,False,False
20,QICELLO,Yildiz,A,7.0,9.5,True,False
20,QICELLO,Adams C.,A,5.0,5.0,True,False
20,QICELLO,Piccoli,A,5.0,5.0,True,False
20,QICELLO,Meret,P,6.0,3.0,True,True
20,QICELLO,Contini,P,,,False,True
20,QICELLO,Gabbia,D,6.0,6.0,True,True
20,QICELLO,Parisi,D,,,False,True
20,QICELLO,De Winter,D,7.0,10.0,True,True
20,QICELLO,Miranda J.,D,,,False,True
20,QICELLO,Gutierrez,D,6.0,6.0,False,True
20,QICELLO,Perrone,C,6.5,6.5,True,True
20,QICELLO,Isaksen,C,,,False,True
20,QICELLO,Oristanio,C,6.0,6.0,False,True
20,QICELLO,Diouf,C,,,False,True
20,QICELLO,Kilicsoy,A,7.0,10.0,False,True
20,QICELLO,Ekhator,A,5.0,5.0,False,True
20,QICELLO,Lang,A,,,False,True
20,ASR YOYO,Carnesecchi,P,7.0,8.0,True,False
20,ASR YOYO,Palestra,D,7.5,12.5,True,False
20,ASR YOYO,Akanji,D,,,False,False
20,ASR YOYO,Scalvini,D,6.5,6.5,True,False
20,ASR YOYO,Kalulu,D,6.5,6.5,True,False
20,ASR YOYO,Gudmundsson A.,C,6.0,6.0,True,False
20,ASR YOYO,Modric,C,7.0,7.5,True,False
20,ASR YOYO,Konè I.,C,6.5,6.5,True,False
20,ASR YOYO,Kean,A,,,False,False
20,ASR YOYO,Esposito F.P.,A,7.0,11.0,True,False
20,ASR YOYO,Scamacca,A,7.0,9.5,True,False
20,ASR YOYO,Sportiello,P,,,False,True
20,ASR YOYO,Rossi F.,P,,,False,True
20,ASR YOYO,Di Lorenzo,D,5.5,5.5,True,True
20,ASR YOYO,Zanoli,D,7.0,11.0,False,True
20,ASR YOYO,Nelsson,D,5.0,5.0,False,True
20,ASR YOYO,Ostigard,D,,,False,True
20,ASR YOYO,Pellegrini Lo.,C,7.0,10.0,False,True
20,ASR YOYO,Miretti,C,6.5,7.5,False,True
20,ASR YOYO,Maldini,C,,,False,True
20,ASR YOYO,Tramoni M.,C,6.0,7.0,False,True
20,ASR YOYO,Rovella,C,,,False,True
20,ASR YOYO,Davis K.,A,7.5,10.5,True,True
20,ASR YOYO,Immobile,A,5.5,5.0,False,True
20,ASR YOYO,Luvumbo,A,,,False,True
20,DTE,Sommer,P,4.5,2.5,True,False
20,DTE,Bartesaghi,D,5.5,5.5,True,False
20,DTE,Ramon,D,6.5,6.5,True,False
20,DTE,Solet,D,6.5,6.5,True,False
20,DTE,Diego Carlos,D,,,False,False
20,DTE,Atta,C,7.5,11.5,True,False
20,DTE,Paz N.,C,6.0,6.0,True,False
20,DTE,Miller L.,C,5.5,5.5,True,False
20,DTE,Leao,A,5.0,5.0,True,False
20,DTE,Douvikas,A,8.0,15.0,True,False
20,DTE,Arena A.,A,,,False,False
20,DTE,Di Gennaro,P,,,False,True
20,DTE,Martinez Jo.,P,,,False,True
20,DTE,Valle,D,6.5,7.0,True,True
20,DTE,Kempf,D,7.0,7.0,False,True
20,DTE,Terracciano F.,D,5.5,5.5,False,True
20,DTE,Otoa,D,5.0,3.0,False,True
20,DTE,Bernabè,C,6.0,6.0,False,True
20,DTE,Lobotka,C,5.5,5.5,False,True
20,DTE,Frendrup,C,6.0,6.0,False,True
20,DTE,Pisilli,C,6.0,6.0,False,True
20,DTE,Ngom,C,,,False,True
20,DTE,Ferguson E.,A,,,False,True
20,DTE,Nkunku,A,5.5,5.5,True,True
20,DTE,Morata,A,,,False,True
20,OLD LIN,De Gea,P,6.0,4.0,True,False
20,OLD LIN,Heggem,D,5.0,5.0,True,False
20,OLD LIN,Baschirotto,D,6.0,6.0,True,False
20,OLD LIN,Delprato,D,5.0,5.0,True,False
20,OLD LIN,Circati,D,5.0,5.0,True,False
20,OLD LIN,Konè M.,C,6.0,6.0,True,False
20,OLD LIN,Barella,C,6.0,5.5,True,False
20,OLD LIN,Pierotti,C,6.0,6.0,True,False
20,OLD LIN,Berardi,A,6.0,6.0,True,False
20,OLD LIN,Martinez L.,A,7.0,9.5,True,False
20,OLD LIN,De Ketelaere,A,7.5,8.5,True,False
20,OLD LIN,Montipò,P,,,False,True
20,OLD LIN,Lezzerini,P,,,False,True
20,OLD LIN,Zappa,D,,,False,True
20,OLD LIN,Ismajli,D,5.0,5.0,False,True
20,OLD LIN,Gallo,D,6.0,6.0,False,True
20,OLD LIN,Unai Nunez,D,,,False,True
20,OLD LIN,Pasalic,C,6.0,6.0,False,True
20,OLD LIN,Vazquez,C,,,False,True
20,OLD LIN,Gagliardini,C,6.5,6.0,False,True
20,OLD LIN,Brescianini,C,7.0,10.0,False,True
20,OLD LIN,Ellertsson,C,6.0,6.0,False,True
20,OLD LIN,Castro S.,A,,,False,True
20,OLD LIN,Krstovic,A,7.5,11.5,False,True
20,OLD LIN,Sanabria,A,,,False,True
20,GOODBYE,Di Gregorio,P,6.0,7.0,True,False
20,GOODBYE,Celik,D,7.0,7.0,True,False
20,GOODBYE,Bremer,D,7.0,7.0,True,False
20,GOODBYE,Mancini,D,6.5,6.5,True,False
20,GOODBYE,Hermoso,D,,,False,False
20,GOODBYE,Zalewski,C,6.5,6.5,True,False
20,GOODBYE,Locatelli,C,7.0,8.0,True,False
20,GOODBYE,Cristante,C,6.0,6.0,True,False
20,GOODBYE,El Shaarawy,C,,,False,False
20,GOODBYE,Dybala,A,6.0,6.0,True,False
20,GOODBYE,Soulè,A,5.5,5.5,True,False
20,GOODBYE,Perin,P,,,False,True
20,GOODBYE,Pinsoglio,P,,,False,True
20,GOODBYE,Spinazzola,D,5.0,5.0,True,True
20,GOODBYE,Floriani Mussolini,D,6.0,6.0,False,True
20,GOODBYE,Van Der Brempt,D,,,False,True
20,GOODBYE,Kouassi,D,,,False,True
20,GOODBYE,Bailey,C,,,False,True
20,GOODBYE,Matic,C,6.0,6.0,True,True
20,GOODBYE,Adzic,C,,,False,True
20,GOODBYE,Rog,C,,,False,True
20,GOODBYE,Lukaku,A,,,False,True
20,GOODBYE,Benedyczak,A,6.0,6.0,False,True
20,GOODBYE,Buffon L.,A,,,False,True
20,GOODBYE,Dzeko,A,,,False,True
21,KAMADO,Gollini,P,,,False,False
21,KAMADO,Dimarco,D,7.0,8.0,True,False
21,KAMADO,Vojvoda,D,6.0,6.0,True,False
21,KAMADO,Norton-Cuffy,D,5.5,5.0,True,False
21,KAMADO,Taylor K.,C,6.5,9.5,True,False
21,KAMADO,Rabiot,C,7.5,11.5,True,False
21,KAMADO,Rowe,C,5.5,5.5,True,False
21,KAMADO,Malinovskyi,C,7.5,9.0,True,False
21,KAMADO,Hojlund,A,6.0,6.0,True,False
21,KAMADO,Rodriguez Je.,A,5.5,5.5,True,False
21,KAMADO,Openda,A,,,False,False
21,KAMADO,Svilar,P,6.0,5.0,True,True
21,KAMADO,Butez,P,6.0,6.5,False,True
21,KAMADO,Cabal,D,,,False,True
21,KAMADO,Obert,D,6.5,7.5,False,True
21,KAMADO,Fortini,D,,,False,True
21,KAMADO,Kristensen T.,D,6.5,6.0,False,True
21,KAMADO,Ziolkowski,D,,,False,True
21,KAMADO,Elmas,C,6.5,6.5,False,True
21,KAMADO,Ekkelenkamp,C,7.0,11.0,False,True
21,KAMADO,Zaniolo,C,,,False,True
21,KAMADO,Volpato,C,,,False,True
21,KAMADO,Vitinha O.,A,7.0,10.0,True,True
21,KAMADO,Stulic,A,,,False,True
21,KAMADO,Solomon,A,6.5,9.5,False,True
21,OLD LIN,De Gea,P,6.0,4.0,True,False
21,OLD LIN,Heggem,D,4.5,4.5,True,False
21,OLD LIN,Baschirotto,D,5.5,5.0,True,False
21,OLD LIN,Delprato,D,5.5,5.5,True,False
21,OLD LIN,Circati,D,5.5,5.0,True,False
21,OLD LIN,Ellertsson,C,5.5,5.5,True,False
21,OLD LIN,Gagliardini,C,6.0,6.0,True,False
21,OLD LIN,Pierotti,C,5.0,5.0,True,False
21,OLD LIN,Berardi,A,7.5,10.5,True,False
21,OLD LIN,Martinez L.,A,7.0,11.0,True,False
21,OLD LIN,De Ketelaere,A,6.0,6.0,True,False
21,OLD LIN,Montipò,P,,,False,True
21,OLD LIN,Lezzerini,P,,,False,True
21,OLD LIN,Zappa,D,6.5,7.5,False,True
21,OLD LIN,Ismajli,D,,,False,True
21,OLD LIN,Gallo,D,6.0,6.0,False,True
21,OLD LIN,Unai Nunez,D,,,False,True
21,OLD LIN,Pasalic,C,,,False,True
21,OLD LIN,Brescianini,C,5.5,5.5,False,True
21,OLD LIN,Konè M.,C,,,False,True
21,OLD LIN,Vazquez,C,,,False,True
21,OLD LIN,Barella,C,,,False,True
21,OLD LIN,Castro S.,A,5.5,5.5,False,True
21,OLD LIN,Krstovic,A,6.0,5.5,False,True
21,OLD LIN,Sanabria,A,,,False,True
21,GOODBYE,Di Gregorio,P,6.5,5.5,True,False
21,GOODBYE,Celik,D,6.0,6.0,True,False
21,GOODBYE,Bremer,D,8.0,13.5,True,False
21,GOODBYE,Mancini,D,6.5,6.0,True,False
21,GOODBYE,Hermoso,D,6.0,6.0,True,False
21,GOODBYE,Spinazzola,D,6.0,6.0,True,False
21,GOODBYE,Zalewski,C,5.5,5.5,True,False
21,GOODBYE,Locatelli,C,6.5,6.5,True,False
21,GOODBYE,Cristante,C,6.0,6.0,True,False
21,GOODBYE,El Shaarawy,C,,,False,False
21,GOODBYE,Dybala,A,,,False,False
21,GOODBYE,Perin,P,,,False,True
21,GOODBYE,Pinsoglio,P,,,False,True
21,GOODBYE,Floriani Mussolini,D,6.0,6.0,False,True
21,GOODBYE,Van Der Brempt,D,,,False,True
21,GOODBYE,Kouassi,D,,,False,True
21,GOODBYE,Matic,C,7.0,8.0,True,True
21,GOODBYE,Adzic,C,,,False,True
21,GOODBYE,Rog,C,,,False,True
21,GOODBYE,Bailey,C,,,False,True
21,GOODBYE,Soulè,A,5.5,5.5,True,True
21,GOODBYE,Lukaku,A,,,False,True
21,GOODBYE,Benedyczak,A,,,False,True
21,GOODBYE,Buffon L.,A,,,False,True
21,GOODBYE,Dzeko,A,,,False,True
21,HISASHI MITSUI,Leali,P,,,False,False
21,HISASHI MITSUI,Bastoni,D,6.5,6.5,True,False
21,HISASHI MITSUI,Buongiorno,D,6.0,5.5,True,False
21,HISASHI MITSUI,Mina,D,6.5,6.5,True,False
21,HISASHI MITSUI,Dodò,D,6.5,6.5,True,False
21,HISASHI MITSUI,Pulisic,C,,,False,False
21,HISASHI MITSUI,Thuram K.,C,6.5,6.5,True,False
21,HISASHI MITSUI,El Aynaoui,C,6.0,5.5,True,False
21,HISASHI MITSUI,Orban G.,A,5.0,5.0,True,False
21,HISASHI MITSUI,Simeone,A,,,False,False
21,HISASHI MITSUI,Colombo,A,5.5,5.5,True,False
21,HISASHI MITSUI,Audero,P,5.0,3.0,True,True
21,HISASHI MITSUI,Sommariva,P,,,False,True
21,HISASHI MITSUI,Coco,D,6.5,6.5,False,True
21,HISASHI MITSUI,Angelino,D,,,False,True
21,HISASHI MITSUI,Vitik,D,,,False,True
21,HISASHI MITSUI,Olivera,D,5.5,5.5,False,True
21,HISASHI MITSUI,Fagioli,C,5.5,5.5,True,True
21,HISASHI MITSUI,Loftus-Cheek,C,7.0,11.0,False,True
21,HISASHI MITSUI,Zambo Anguissa,C,,,False,True
21,HISASHI MITSUI,Politano,C,,,False,True
21,HISASHI MITSUI,Baldanzi,C,,,False,True
21,HISASHI MITSUI,Addai,A,5.5,5.0,True,True
21,HISASHI MITSUI,Borrelli,A,6.5,6.5,False,True
21,HISASHI MITSUI,Dovbyk,A,,,False,True
21,DTE,Sommer,P,6.5,7.5,True,False
21,DTE,Bartesaghi,D,6.5,6.5,True,False
21,DTE,Ramon,D,6.5,6.5,True,False
21,DTE,Solet,D,7.0,7.0,True,False
21,DTE,Kempf,D,6.0,6.0,True,False
21,DTE,Atta,C,6.5,6.5,True,False
21,DTE,Paz N.,C,4.5,2.5,True,False
21,DTE,Frendrup,C,6.5,6.5,True,False
21,DTE,Leao,A,,,False,False
21,DTE,Ferguson E.,A,,,False,False
21,DTE,Nkunku,A,7.0,9.0,True,False
21,DTE,Di Gennaro,P,,,False,True
21,DTE,Martinez Jo.,P,,,False,True
21,DTE,Valle,D,6.5,6.5,False,True
21,DTE,Diego Carlos,D,,,False,True
21,DTE,Terracciano F.,D,6.0,6.0,False,True
21,DTE,Otoa,D,,,False,True
21,DTE,Bernabè,C,5.5,5.5,False,True
21,DTE,Lobotka,C,6.0,6.0,False,True
21,DTE,Miller L.,C,6.0,5.5,False,True
21,DTE,Pisilli,C,,,False,True
21,DTE,Ngom,C,,,False,True
21,DTE,Douvikas,A,5.5,5.5,True,True
21,DTE,Morata,A,5.5,5.5,True,True
21,DTE,Arena A.,A,,,False,True
21,ROMANHOLIDAY,Falcone,P,7.5,6.5,True,False
21,ROMANHOLIDAY,Pellegrini Lu.,D,6.5,6.0,True,False
21,ROMANHOLIDAY,Carlos Augusto,D,,,False,False
21,ROMANHOLIDAY,Vasquez,D,6.5,6.5,True,False
21,ROMANHOLIDAY,Wesley,D,5.0,5.0,True,False
21,ROMANHOLIDAY,Luis Henrique,C,6.5,7.5,True,False
21,ROMANHOLIDAY,Mkhitaryan,C,6.0,6.0,True,False
21,ROMANHOLIDAY,Orsolini,C,5.5,5.5,True,False
21,ROMANHOLIDAY,Fullkrug,A,6.0,6.0,True,False
21,ROMANHOLIDAY,Thuram,A,6.0,6.0,True,False
21,ROMANHOLIDAY,Bonny,A,6.0,6.0,True,False
21,ROMANHOLIDAY,Vasquez D.,P,,,False,True
21,ROMANHOLIDAY,Provedel,P,6.5,4.0,False,True
21,ROMANHOLIDAY,Darmian,D,6.0,6.0,True,True
21,ROMANHOLIDAY,Smolcic I.,D,6.0,6.0,False,True
21,ROMANHOLIDAY,Veiga D.,D,5.5,5.5,False,True
21,ROMANHOLIDAY,Bonazzoli,A,5.5,5.5,False,True
21,ROMANHOLIDAY,Sarr A.,A,5.0,4.0,False,True
21,ROMANHOLIDAY,Cancellieri,A,6.0,6.0,False,True
21,ROMANHOLIDAY,Da Cunha,C,6.5,6.0,False,True
21,ROMANHOLIDAY,Casadei,C,6.5,6.5,False,True
21,ROMANHOLIDAY,Jashari,C,6.0,6.0,False,True
21,ASR YOYO,Carnesecchi,P,8.5,11.5,True,False
21,ASR YOYO,Palestra,D,7.0,7.0,True,False
21,ASR YOYO,Ostigard,D,5.0,4.5,True,False
21,ASR YOYO,Scalvini,D,6.0,6.0,True,False
21,ASR YOYO,Kalulu,D,6.5,7.5,True,False
21,ASR YOYO,Gudmundsson A.,C,6.0,6.0,True,False
21,ASR YOYO,Miretti,C,6.0,6.0,True,False
21,ASR YOYO,Pellegrini Lo.,C,5.5,5.0,True,False
21,ASR YOYO,Kean,A,6.0,6.0,True,False
21,ASR YOYO,Esposito F.P.,A,6.0,6.0,True,False
21,ASR YOYO,Scamacca,A,,,False,False
21,ASR YOYO,Sportiello,P,,,False,True
21,ASR YOYO,Rossi F.,P,,,False,True
21,ASR YOYO,Di Lorenzo,D,6.0,6.0,False,True
21,ASR YOYO,Akanji,D,6.0,6.0,False,True
21,ASR YOYO,Nelsson,D,5.0,5.0,False,True
21,ASR YOYO,Zanoli,D,,,False,True
21,ASR YOYO,Tramoni M.,C,5.0,4.5,False,True
21,ASR YOYO,Modric,C,6.5,6.5,False,True
21,ASR YOYO,Konè I.,C,7.0,9.5,False,True
21,ASR YOYO,Maldini,C,5.5,5.5,False,True
21,ASR YOYO,Rovella,C,,,False,True
21,ASR YOYO,Davis K.,A,6.0,5.5,True,True
21,ASR YOYO,Immobile,A,,,False,True
21,ASR YOYO,Luvumbo,A,,,False,True
21,ROMINA&ROMOLO,Caprile,P,6.0,7.0,True,False
21,ROMINA&ROMOLO,Tomori,D,6.0,6.0,True,False
21,ROMINA&ROMOLO,Muharemovic,D,6.5,6.5,True,False
21,ROMINA&ROMOLO,Martin,D,4.5,4.5,True,False
21,ROMINA&ROMOLO,Gosens,D,5.5,5.5,True,False
21,ROMINA&ROMOLO,Gandelman,C,6.0,6.0,True,False
21,ROMINA&ROMOLO,Thorstvedt,C,6.5,6.5,True,False
21,ROMINA&ROMOLO,Odgaard,C,5.0,5.0,True,False
21,ROMINA&ROMOLO,Saelemaekers,C,,,False,False
21,ROMINA&ROMOLO,Giovane,A,,,False,False
21,ROMINA&ROMOLO,David,A,7.0,10.5,True,False
21,ROMINA&ROMOLO,Pellegrino M.,A,5.0,5.0,True,True
21,ROMINA&ROMOLO,Vardy,A,5.5,5.0,False,True
21,ROMINA&ROMOLO,Ratkov,A,6.0,6.0,False,True
21,ROMINA&ROMOLO,Diao,A,,,False,True
21,ROMINA&ROMOLO,Mandragora,C,6.0,6.0,True,True
21,ROMINA&ROMOLO,Tourè I.,C,5.0,4.5,False,True
21,ROMINA&ROMOLO,Vandeputte,C,,,False,True
21,ROMINA&ROMOLO,Vecino,C,,,False,True
21,ROMINA&ROMOLO,Valeri,D,5.5,5.5,False,True
21,ROMINA&ROMOLO,Bernasconi,D,6.0,6.0,False,True
21,ROMINA&ROMOLO,Belghali,D,,,False,True
21,ROMINA&ROMOLO,Rrahmani,D,,,False,True
21,ROMINA&ROMOLO,Maignan,P,6.0,7.0,False,True
21,ROMINA&ROMOLO,Terracciano,P,,,False,True
21,TEAM PC,Ravaglia F.,P,6.0,2.5,True,False
21,TEAM PC,Zortea,D,5.5,5.5,True,False
21,TEAM PC,Zappacosta,D,6.0,6.0,True,False
21,TEAM PC,Cambiaso,D,5.0,3.0,True,False
21,TEAM PC,N'Dicka,D,6.0,5.5,True,False
21,TEAM PC,Ederson D.S.,C,7.0,7.0,True,False
21,TEAM PC,McKennie,C,7.5,11.0,True,False
21,TEAM PC,Zaccagni,C,,,False,False
21,TEAM PC,Esposito Se.,A,7.0,8.0,True,False
21,TEAM PC,Laurientè,A,6.0,6.0,True,False
21,TEAM PC,Lookman,A,,,False,False
21,TEAM PC,Skorupski,P,,,False,True
21,TEAM PC,Doig,D,6.5,6.5,False,True
21,TEAM PC,Pinamonti,A,6.0,6.0,True,True
21,TEAM PC,Koopmeiners,C,,,False,True
21,TEAM PC,Gatti,D,6.0,6.0,False,True
21,TEAM PC,Pessina Mas.,P,,,False,True
21,TEAM PC,Acerbi,D,,,False,True
21,TEAM PC,Bellanova,D,6.0,5.5,False,True
21,TEAM PC,Conceicao,C,6.5,7.0,True,True
21,TEAM PC,Lorran,C,,,False,True
21,TEAM PC,Pavoletti,A,,,False,True
21,TEAM PC,Vlahovic,A,,,False,True
21,TEAM PC,Sucic P.,C,6.5,6.5,False,True
21,TEAM PC,Neres,C,,,False,True
21,QICELLO,Meret,P,7.0,7.0,True,False
21,QICELLO,Gutierrez,D,7.0,11.0,True,False
21,QICELLO,Pavlovic,D,6.5,6.5,True,False
21,QICELLO,Bisseck,D,6.0,6.0,True,False
21,QICELLO,McTominay,C,6.5,6.5,True,False
21,QICELLO,Zielinski,C,7.0,10.0,True,False
21,QICELLO,Frattesi,C,6.0,6.0,True,False
21,QICELLO,Isaksen,C,7.0,8.0,True,False
21,QICELLO,Yildiz,A,6.0,6.0,True,False
21,QICELLO,Adams C.,A,7.0,11.0,True,False
21,QICELLO,Kilicsoy,A,7.5,10.5,True,False
21,QICELLO,Milinkovic-Savic V.,P,,,False,True
21,QICELLO,Contini,P,,,False,True
21,QICELLO,Rensch,D,,,False,True
21,QICELLO,Parisi,D,6.0,6.0,False,True
21,QICELLO,De Winter,D,6.5,6.5,False,True
21,QICELLO,Gabbia,D,6.0,6.0,False,True
21,QICELLO,Miranda J.,D,4.0,4.0,False,True
21,QICELLO,Vlasic,C,7.0,7.5,False,True
21,QICELLO,Perrone,C,6.0,5.5,False,True
21,QICELLO,Oristanio,C,5.0,5.0,False,True
21,QICELLO,Diouf,C,,,False,True
21,QICELLO,Ekhator,A,,,False,True
21,QICELLO,Piccoli,A,6.5,6.5,False,True
21,QICELLO,Lang,A,,,False,True
22,ROMANHOLIDAY,Falcone,P,6.0,5.0,True,False
22,ROMANHOLIDAY,Vasquez,D,5.5,5.0,True,False
22,ROMANHOLIDAY,Wesley,D,6.5,6.5,True,False
22,ROMANHOLIDAY,Carlos Augusto,D,,,False,False
22,ROMANHOLIDAY,Gatti,D,,,False,False
22,ROMANHOLIDAY,Da Cunha,C,,,False,False
22,ROMANHOLIDAY,Mkhitaryan,C,6.5,6.5,True,False
22,ROMANHOLIDAY,Orsolini,C,6.5,6.5,True,False
22,ROMANHOLIDAY,Bonny,A,,,False,False
22,ROMANHOLIDAY,Fullkrug,A,6.0,6.0,True,False
22,ROMANHOLIDAY,Thuram,A,7.0,10.0,True,False
22,ROMANHOLIDAY,Provedel,P,7.0,5.0,False,True
22,ROMANHOLIDAY,Darmian,D,6.0,6.0,True,True
22,ROMANHOLIDAY,Smolcic I.,D,,,False,True
22,ROMANHOLIDAY,Veiga D.,D,6.0,6.0,True,True
22,ROMANHOLIDAY,Bonazzoli,A,5.5,5.5,True,True
22,ROMANHOLIDAY,Stulic,A,6.0,6.0,False,True
22,ROMANHOLIDAY,Amorim,C,,,False,True
22,ROMANHOLIDAY,Luis Henrique,C,7.0,10.0,True,True
22,ROMANHOLIDAY,Jashari,C,6.5,7.5,False,True
22,ASR YOYO,Carnesecchi,P,6.0,5.0,True,False
22,ASR YOYO,Palestra,D,6.0,5.5,True,False
22,ASR YOYO,Ostigard,D,5.5,5.5,True,False
22,ASR YOYO,Scalvini,D,6.5,6.5,True,False
22,ASR YOYO,Kalulu,D,7.0,11.0,True,False
22,ASR YOYO,Zaragoza,C,6.0,5.5,True,False
22,ASR YOYO,Miretti,C,,,False,False
22,ASR YOYO,Gudmundsson A.,C,6.0,6.0,True,False
22,ASR YOYO,Malen,A,7.5,14.5,True,False
22,ASR YOYO,Scamacca,A,,,False,False
22,ASR YOYO,Kean,A,6.5,9.5,True,False
22,ASR YOYO,Sportiello,P,,,False,True
22,ASR YOYO,Rossi F.,P,,,False,True
22,ASR YOYO,Holm,D,,,False,True
22,ASR YOYO,Kelly L.,D,6.0,6.0,False,True
22,ASR YOYO,Akanji,D,7.5,10.5,False,True
22,ASR YOYO,Parisi,D,6.0,6.0,False,True
22,ASR YOYO,Pellegrini Lo.,C,6.0,6.0,True,True
22,ASR YOYO,Modric,C,6.5,6.5,False,True
22,ASR YOYO,Maldini,C,6.5,7.5,False,True
22,ASR YOYO,Rovella,C,,,False,True
22,ASR YOYO,Collocolo,C,,,False,True
22,ASR YOYO,Cambiaghi,A,,,False,True
22,ASR YOYO,Esposito F.P.,A,,,False,True
22,ASR YOYO,Aboukhlal,A,6.5,6.0,True,True
22,QICELLO,Meret,P,5.5,3.0,True,False
22,QICELLO,Gutierrez,D,5.5,5.5,True,False
22,QICELLO,Pavlovic,D,6.0,6.0,True,False
22,QICELLO,Bisseck,D,7.5,11.5,True,False
22,QICELLO,Vergara,C,6.5,6.5,True,False
22,QICELLO,Zielinski,C,6.5,6.5,True,False
22,QICELLO,McTominay,C,7.5,10.5,True,False
22,QICELLO,Frattesi,C,6.0,6.0,True,False
22,QICELLO,Yildiz,A,6.0,6.0,True,False
22,QICELLO,Adams C.,A,5.0,5.0,True,False
22,QICELLO,Bowie,A,5.0,5.0,True,False
22,QICELLO,Milinkovic-Savic V.,P,,,False,True
22,QICELLO,Contini,P,,,False,True
22,QICELLO,Miranda J.,D,6.5,6.5,False,True
22,QICELLO,Rensch,D,,,False,True
22,QICELLO,De Winter,D,6.0,6.0,False,True
22,QICELLO,Gabbia,D,6.0,6.0,False,True
22,QICELLO,Di Lorenzo,D,,,False,True
22,QICELLO,Isaksen,C,7.0,10.0,False,True
22,QICELLO,Vlasic,C,,,False,True
22,QICELLO,Perrone,C,6.0,6.0,False,True
22,QICELLO,Diouf,C,6.0,6.0,False,True
22,QICELLO,Boga,A,6.5,7.5,False,True
22,QICELLO,Kilicsoy,A,5.0,5.0,False,True
22,QICELLO,Piccoli,A,,,False,True
22,GOODBYE,Di Gregorio,P,5.5,3.5,True,False
22,GOODBYE,Celik,D,7.0,8.0,True,False
22,GOODBYE,Bremer,D,5.5,5.5,True,False
22,GOODBYE,Mancini,D,6.5,7.0,True,False
22,GOODBYE,Hermoso,D,,,False,False
22,GOODBYE,Spinazzola,D,6.0,6.0,True,False
22,GOODBYE,Zalewski,C,6.5,6.5,True,False
22,GOODBYE,Locatelli,C,5.5,5.5,True,False
22,GOODBYE,Cristante,C,6.5,6.5,True,False
22,GOODBYE,Matic,C,4.5,3.5,True,False
22,GOODBYE,Soulè,A,6.0,6.0,True,False
22,GOODBYE,Perin,P,,,False,True
22,GOODBYE,Pinsoglio,P,,,False,True
22,GOODBYE,Floriani Mussolini,D,,,False,True
22,GOODBYE,Van Der Brempt,D,5.5,5.5,True,True
22,GOODBYE,De Vrij,D,,,False,True
22,GOODBYE,Adzic,C,,,False,True
22,GOODBYE,El Shaarawy,C,,,False,True
22,GOODBYE,Sala A.,C,,,False,True
22,GOODBYE,Stengs,C,,,False,True
22,GOODBYE,Openda,A,,,False,True
22,GOODBYE,Lukaku,A,,,False,True
22,GOODBYE,Pavoletti,A,5.5,5.5,False,True
22,GOODBYE,Milik,A,,,False,True
22,GOODBYE,Dybala,A,,,False,True
22,HISASHI MITSUI,Bijlow,P,5.5,2.5,True,False
22,HISASHI MITSUI,Bastoni,D,6.5,6.5,True,False
22,HISASHI MITSUI,Buongiorno,D,4.0,4.0,True,False
22,HISASHI MITSUI,Coco,D,5.0,5.0,True,False
22,HISASHI MITSUI,Dodò,D,5.5,5.0,True,False
22,HISASHI MITSUI,Pulisic,C,,,False,False
22,HISASHI MITSUI,Thuram K.,C,5.5,5.5,True,False
22,HISASHI MITSUI,El Aynaoui,C,,,False,False
22,HISASHI MITSUI,Orban G.,A,6.0,6.0,True,False
22,HISASHI MITSUI,Simeone,A,5.5,5.5,True,False
22,HISASHI MITSUI,Colombo,A,7.0,10.0,True,False
22,HISASHI MITSUI,Leali,P,,,False,True
22,HISASHI MITSUI,Sommariva,P,,,False,True
22,HISASHI MITSUI,Angelino,D,,,False,True
22,HISASHI MITSUI,Vitik,D,,,False,True
22,HISASHI MITSUI,Olivera,D,,,False,True
22,HISASHI MITSUI,Mina,D,,,False,True
22,HISASHI MITSUI,Fagioli,C,7.0,7.0,True,True
22,HISASHI MITSUI,Loftus-Cheek,C,,,False,True
22,HISASHI MITSUI,Baldanzi,C,,,False,True
22,HISASHI MITSUI,Zambo Anguissa,C,,,False,True
22,HISASHI MITSUI,Politano,C,,,False,True
22,HISASHI MITSUI,Vardy,A,6.0,6.0,False,True
22,HISASHI MITSUI,Addai,A,,,False,True
22,HISASHI MITSUI,Borrelli,A,,,False,True
22,KAMADO,Gollini,P,,,False,False
22,KAMADO,Dimarco,D,8.5,11.0,True,False
22,KAMADO,Vojvoda,D,6.0,6.0,True,False
22,KAMADO,Nelsson,D,6.5,6.5,True,False
22,KAMADO,Zaniolo,C,6.0,6.0,True,False
22,KAMADO,Rabiot,C,,,False,False
22,KAMADO,Rowe,C,6.5,6.5,True,False
22,KAMADO,Malinovskyi,C,6.5,8.5,True,False
22,KAMADO,Hojlund,A,7.5,13.5,True,False
22,KAMADO,Raspadori,A,7.0,8.0,True,False
22,KAMADO,Solomon,A,7.0,10.0,True,False
22,KAMADO,Svilar,P,6.0,7.0,True,True
22,KAMADO,Butez,P,6.0,4.5,False,True
22,KAMADO,Kristensen T.,D,6.0,6.0,False,True
22,KAMADO,Norton-Cuffy,D,6.0,6.0,False,True
22,KAMADO,Obert,D,6.0,6.0,False,True
22,KAMADO,Pedro Felipe,D,,,False,True
22,KAMADO,Ahanor,D,,,False,True
22,KAMADO,Ekkelenkamp,C,5.5,5.5,True,True
22,KAMADO,Venturino,C,,,False,True
22,KAMADO,Ondrejka,C,,,False,True
22,KAMADO,Taylor K.,C,6.5,6.0,False,True
22,KAMADO,Vitinha O.,A,6.5,6.5,False,True
22,KAMADO,Rodriguez Je.,A,,,False,True
22,KAMADO,Pedro,A,7.0,10.0,False,True
22,ROMINA&ROMOLO,Maignan,P,4.5,3.5,True,False
22,ROMINA&ROMOLO,Ziolkowski,D,,,False,False
22,ROMINA&ROMOLO,Gosens,D,,,False,False
22,ROMINA&ROMOLO,Rrahmani,D,6.5,7.0,True,False
22,ROMINA&ROMOLO,Bernasconi,D,6.0,6.0,True,False
22,ROMINA&ROMOLO,Saelemaekers,C,6.5,6.0,True,False
22,ROMINA&ROMOLO,Odgaard,C,,,False,False
22,ROMINA&ROMOLO,Baturina,C,6.5,6.5,True,False
22,ROMINA&ROMOLO,Giovane,A,5.5,5.5,True,False
22,ROMINA&ROMOLO,Durosinmi,A,5.5,5.5,True,False
22,ROMINA&ROMOLO,David,A,5.0,5.0,True,False
22,ROMINA&ROMOLO,Pellegrino M.,A,5.5,5.5,False,True
22,ROMINA&ROMOLO,Ratkov,A,,,False,True
22,ROMINA&ROMOLO,Thorstvedt,C,5.0,5.0,True,True
22,ROMINA&ROMOLO,Cataldi,C,6.5,7.5,False,True
22,ROMINA&ROMOLO,Konè I.,C,5.0,5.0,False,True
22,ROMINA&ROMOLO,Gandelman,C,7.0,10.0,False,True
22,ROMINA&ROMOLO,Santos A.,C,,,False,True
22,ROMINA&ROMOLO,Martin,D,5.5,5.5,True,True
22,ROMINA&ROMOLO,Tomori,D,6.0,6.0,True,True
22,ROMINA&ROMOLO,Muharemovic,D,4.0,4.0,False,True
22,ROMINA&ROMOLO,Terracciano,P,,,False,True
22,ROMINA&ROMOLO,Caprile,P,6.0,4.0,False,True
22,TEAM PC,Skorupski,P,6.0,5.0,True,False
22,TEAM PC,N'Dicka,D,6.5,6.5,True,False
22,TEAM PC,Cambiaso,D,5.0,6.0,True,False
22,TEAM PC,Zortea,D,6.0,6.0,True,False
22,TEAM PC,Zappacosta,D,7.0,11.0,True,False
22,TEAM PC,Elmas,C,6.5,6.5,True,False
22,TEAM PC,Coulibaly L.,C,6.0,6.0,True,False
22,TEAM PC,Tourè I.,C,6.5,6.5,True,False
22,TEAM PC,Esposito Se.,A,5.5,5.5,True,False
22,TEAM PC,De Ketelaere,A,,,False,False
22,TEAM PC,Vaz,A,,,False,False
22,TEAM PC,Doig,D,5.5,5.5,False,True
22,TEAM PC,Ravaglia F.,P,,,False,True
22,TEAM PC,Pessina Mas.,P,,,False,True
22,TEAM PC,Acerbi,D,,,False,True
22,TEAM PC,Bellanova,D,6.0,6.0,False,True
22,TEAM PC,Kamara H.,D,,,False,True
22,TEAM PC,Zaccagni,C,,,False,True
22,TEAM PC,Koopmeiners,C,5.5,5.5,False,True
22,TEAM PC,Conceicao,C,,,False,True
22,TEAM PC,Sucic P.,C,6.5,6.5,False,True
22,TEAM PC,Pinamonti,A,5.0,5.0,True,True
22,TEAM PC,Vlahovic,A,,,False,True
22,TEAM PC,Laurientè,A,6.5,6.5,True,True
22,TEAM PC,Ederson D.S.,C,6.5,6.5,False,True
22,OLD LIN,De Gea,P,6.5,4.5,True,False
22,OLD LIN,Gallo,D,6.0,6.0,True,False
22,OLD LIN,Baschirotto,D,6.0,6.0,True,False
22,OLD LIN,Delprato,D,6.0,6.0,True,False
22,OLD LIN,Heggem,D,6.0,6.0,True,False
22,OLD LIN,Pasalic,C,6.5,7.5,True,False
22,OLD LIN,Brescianini,C,5.5,5.5,True,False
22,OLD LIN,McKennie,C,7.0,10.0,True,False
22,OLD LIN,Castro S.,A,6.0,6.0,True,False
22,OLD LIN,Martinez L.,A,7.0,10.0,True,False
22,OLD LIN,Berardi,A,5.5,5.5,True,False
22,OLD LIN,Christensen O.,P,,,False,True
22,OLD LIN,Lezzerini,P,,,False,True
22,OLD LIN,Luperto,D,6.0,7.0,False,True
22,OLD LIN,Circati,D,6.5,6.5,False,True
22,OLD LIN,Zappa,D,,,False,True
22,OLD LIN,Ismajli,D,,,False,True
22,OLD LIN,Strefezza,C,6.0,6.0,False,True
22,OLD LIN,Gaetano,C,5.5,5.0,False,True
22,OLD LIN,Ellertsson,C,6.0,6.0,False,True
22,OLD LIN,Barella,C,,,False,True
22,OLD LIN,Konè M.,C,,,False,True
22,OLD LIN,Krstovic,A,7.0,10.0,False,True
22,OLD LIN,Cheddira,A,5.5,5.5,False,True
22,OLD LIN,Zapata D.,A,,,False,True
22,DTE,Sommer,P,6.0,7.0,True,False
22,DTE,Bartesaghi,D,6.0,6.0,True,False
22,DTE,Ramon,D,5.5,5.5,True,False
22,DTE,Solet,D,6.5,8.5,True,False
22,DTE,Kempf,D,6.0,6.0,True,False
22,DTE,Atta,C,6.5,6.5,True,False
22,DTE,Paz N.,C,7.0,9.5,True,False
22,DTE,Bernabè,C,6.0,6.0,True,False
22,DTE,Leao,A,7.0,10.5,True,False
22,DTE,Douvikas,A,6.0,6.0,True,False
22,DTE,Nkunku,A,5.5,5.5,True,False
22,DTE,Di Gennaro,P,,,False,True
22,DTE,Martinez Jo.,P,,,False,True
22,DTE,Valle,D,6.0,6.0,False,True
22,DTE,Diego Carlos,D,6.0,6.0,False,True
22,DTE,Terracciano F.,D,5.5,5.5,False,True
22,DTE,Otoa,D,,,False,True
22,DTE,Lobotka,C,6.5,6.5,False,True
22,DTE,Frendrup,C,5.5,5.5,False,True
22,DTE,Miller L.,C,6.0,6.0,False,True
22,DTE,Pisilli,C,6.5,6.5,False,True
22,DTE,Ngom,C,,,False,True
22,DTE,Arena A.,A,,,False,True
22,DTE,Morata,A,,,False,True
22,DTE,Ferguson E.,A,,,False,True
23,KAMADO,Gollini,P,,,False,False
23,KAMADO,Dimarco,D,6.5,7.5,True,False
23,KAMADO,Vojvoda,D,5.5,5.5,True,False
23,KAMADO,Norton-Cuffy,D,6.5,6.5,True,False
23,KAMADO,Zaniolo,C,6.5,6.5,True,False
23,KAMADO,Rabiot,C,5.0,4.0,True,False
23,KAMADO,Rowe,C,7.0,8.0,True,False
23,KAMADO,Malinovskyi,C,6.0,6.0,True,False
23,KAMADO,Hojlund,A,6.0,6.0,True,False
23,KAMADO,Raspadori,A,6.0,6.0,True,False
23,KAMADO,Vitinha O.,A,6.0,6.0,True,False
23,KAMADO,Butez,P,6.0,4.0,True,True
23,KAMADO,Svilar,P,6.0,4.0,False,True
23,KAMADO,Ahanor,D,5.0,4.5,False,True
23,KAMADO,Obert,D,6.0,6.0,False,True
23,KAMADO,Kristensen T.,D,5.5,5.5,False,True
23,KAMADO,Nelsson,D,5.5,5.5,False,True
23,KAMADO,Pedro Felipe,D,,,False,True
23,KAMADO,Ekkelenkamp,C,6.0,6.0,False,True
23,KAMADO,Ondrejka,C,6.0,6.0,False,True
23,KAMADO,Venturino,C,5.5,5.5,False,True
23,KAMADO,Taylor K.,C,6.0,5.5,False,True
23,KAMADO,Rodriguez Je.,A,6.5,6.0,False,True
23,KAMADO,Solomon,A,6.5,6.5,False,True
23,KAMADO,Pedro,A,,,False,True
23,QICELLO,Milinkovic-Savic V.,P,6.0,4.0,True,False
23,QICELLO,Gutierrez,D,5.0,5.0,True,False
23,QICELLO,Pavlovic,D,6.5,6.5,True,False
23,QICELLO,Bisseck,D,6.0,7.0,True,False
23,QICELLO,Vergara,C,5.5,5.5,True,False
23,QICELLO,Zielinski,C,7.0,10.5,True,False
23,QICELLO,McTominay,C,,,False,False
23,QICELLO,Isaksen,C,5.0,5.0,True,False
23,QICELLO,Yildiz,A,6.0,6.0,True,False
23,QICELLO,Kilicsoy,A,5.5,5.5,True,False
23,QICELLO,Adams C.,A,5.5,5.5,True,False
23,QICELLO,Meret,P,,,False,True
23,QICELLO,Contini,P,,,False,True
23,QICELLO,Miranda J.,D,5.5,5.5,False,True
23,QICELLO,Gabbia,D,5.5,5.5,False,True
23,QICELLO,De Winter,D,,,False,True
23,QICELLO,Rensch,D,,,False,True
23,QICELLO,Di Lorenzo,D,,,False,True
23,QICELLO,Vlasic,C,6.0,8.5,True,True
23,QICELLO,Frattesi,C,,,False,True
23,QICELLO,Perrone,C,5.0,5.0,False,True
23,QICELLO,Diouf,C,6.5,6.5,False,True
23,QICELLO,Bowie,A,6.5,6.5,False,True
23,QICELLO,Boga,A,6.0,6.0,False,True
23,QICELLO,Piccoli,A,,,False,True
23,GOODBYE,Di Gregorio,P,5.5,2.5,True,False
23,GOODBYE,Celik,D,6.0,6.0,True,False
23,GOODBYE,Bremer,D,7.0,7.0,True,False
23,GOODBYE,Mancini,D,6.0,5.5,True,False
23,GOODBYE,Hermoso,D,,,False,False
23,GOODBYE,Spinazzola,D,6.5,9.5,True,False
23,GOODBYE,Zalewski,C,7.0,10.0,True,False
23,GOODBYE,Locatelli,C,6.5,9.5,True,False
23,GOODBYE,Cristante,C,6.0,6.0,True,False
23,GOODBYE,Soulè,A,5.0,5.0,True,False
23,GOODBYE,Dybala,A,,,False,False
23,GOODBYE,Perin,P,,,False,True
23,GOODBYE,Pinsoglio,P,,,False,True
23,GOODBYE,Floriani Mussolini,D,,,False,True
23,GOODBYE,Van Der Brempt,D,,,False,True
23,GOODBYE,De Vrij,D,,,False,True
23,GOODBYE,Matic,C,,,False,True
23,GOODBYE,Adzic,C,,,False,True
23,GOODBYE,El Shaarawy,C,,,False,True
23,GOODBYE,Sala A.,C,,,False,True
23,GOODBYE,Stengs,C,,,False,True
23,GOODBYE,Openda,A,,,False,True
23,GOODBYE,Lukaku,A,,,False,True
23,GOODBYE,Pavoletti,A,5.5,5.5,True,True
23,GOODBYE,Milik,A,,,False,True
23,TEAM PC,Skorupski,P,6.0,5.0,True,False
23,TEAM PC,N'Dicka,D,7.0,7.0,True,False
23,TEAM PC,Cambiaso,D,6.5,7.5,True,False
23,TEAM PC,Zappacosta,D,6.5,6.5,True,False
23,TEAM PC,Conceicao,C,6.0,6.0,True,False
23,TEAM PC,Elmas,C,6.5,7.5,True,False
23,TEAM PC,Coulibaly L.,C,7.0,8.0,True,False
23,TEAM PC,Sucic P.,C,6.5,6.5,True,False
23,TEAM PC,Ederson D.S.,C,7.0,10.0,True,False
23,TEAM PC,Pinamonti,A,7.5,12.5,True,False
23,TEAM PC,Laurientè,A,7.0,10.0,True,False
23,TEAM PC,Ravaglia F.,P,,,False,True
23,TEAM PC,Pessina Mas.,P,,,False,True
23,TEAM PC,Acerbi,D,,,False,True
23,TEAM PC,Bellanova,D,,,False,True
23,TEAM PC,Kamara H.,D,,,False,True
23,TEAM PC,Zaccagni,C,,,False,True
23,TEAM PC,Koopmeiners,C,6.0,6.0,False,True
23,TEAM PC,Vlahovic,A,,,False,True
23,TEAM PC,Doig,D,6.0,6.0,False,True
23,TEAM PC,De Ketelaere,A,,,False,True
23,TEAM PC,Vaz,A,5.5,5.5,False,True
23,TEAM PC,Esposito Se.,A,5.5,5.5,False,True
23,TEAM PC,Tourè I.,C,5.5,5.0,False,True
23,ROMANHOLIDAY,Falcone,P,6.0,7.0,True,False
23,ROMANHOLIDAY,Vasquez,D,6.5,6.5,True,False
23,ROMANHOLIDAY,Wesley,D,6.5,6.5,True,False
23,ROMANHOLIDAY,Carlos Augusto,D,6.0,6.0,True,False
23,ROMANHOLIDAY,Smolcic I.,D,,,False,False
23,ROMANHOLIDAY,Da Cunha,C,5.5,5.5,True,False
23,ROMANHOLIDAY,Calhanoglu,C,6.5,6.0,True,False
23,ROMANHOLIDAY,Orsolini,C,,,False,False
23,ROMANHOLIDAY,Bonny,A,,,False,False
23,ROMANHOLIDAY,Fullkrug,A,4.5,2.5,True,False
23,ROMANHOLIDAY,Thuram,A,6.0,6.0,True,False
23,ROMANHOLIDAY,Provedel,P,5.5,3.5,False,True
23,ROMANHOLIDAY,Darmian,D,,,False,True
23,ROMANHOLIDAY,Veiga D.,D,6.5,6.5,True,True
23,ROMANHOLIDAY,Gatti,D,,,False,True
23,ROMANHOLIDAY,Bonazzoli,A,6.0,6.0,True,True
23,ROMANHOLIDAY,Stulic,A,,,False,True
23,ROMANHOLIDAY,Mkhitaryan,C,,,False,True
23,ROMANHOLIDAY,Luis Henrique,C,5.5,5.5,True,True
23,ROMANHOLIDAY,Amorim,C,,,False,True
23,ROMANHOLIDAY,Jashari,C,,,False,True
23,ROMINA&ROMOLO,Maignan,P,6.5,5.5,True,False
23,ROMINA&ROMOLO,Martin,D,5.5,5.5,True,False
23,ROMINA&ROMOLO,Muharemovic,D,5.5,5.0,True,False
23,ROMINA&ROMOLO,Rrahmani,D,5.0,4.5,True,False
23,ROMINA&ROMOLO,Tomori,D,6.5,6.5,True,False
23,ROMINA&ROMOLO,Baturina,C,5.5,5.5,True,False
23,ROMINA&ROMOLO,Cataldi,C,5.0,5.0,True,False
23,ROMINA&ROMOLO,Konè I.,C,6.5,6.5,True,False
23,ROMINA&ROMOLO,Gandelman,C,7.0,11.0,True,False
23,ROMINA&ROMOLO,David,A,5.5,5.5,True,False
23,ROMINA&ROMOLO,Pellegrino M.,A,6.5,10.5,True,False
23,ROMINA&ROMOLO,Durosinmi,A,,,False,True
23,ROMINA&ROMOLO,Giovane,A,6.5,7.5,False,True
23,ROMINA&ROMOLO,Ratkov,A,6.0,6.0,False,True
23,ROMINA&ROMOLO,Diao,A,,,False,True
23,ROMINA&ROMOLO,Thorstvedt,C,6.0,6.0,False,True
23,ROMINA&ROMOLO,Odgaard,C,,,False,True
23,ROMINA&ROMOLO,Santos A.,C,7.5,11.5,False,True
23,ROMINA&ROMOLO,Saelemaekers,C,,,False,True
23,ROMINA&ROMOLO,Gosens,D,,,False,True
23,ROMINA&ROMOLO,Bernasconi,D,6.5,7.0,False,True
23,ROMINA&ROMOLO,Belghali,D,5.5,5.5,False,True
23,ROMINA&ROMOLO,Ziolkowski,D,,,False,True
23,ROMINA&ROMOLO,Terracciano,P,,,False,True
23,ROMINA&ROMOLO,Caprile,P,4.5,2.5,False,True
23,DTE,Sommer,P,6.0,4.0,True,False
23,DTE,Bartesaghi,D,6.5,6.0,True,False
23,DTE,Ramon,D,5.5,5.5,True,False
23,DTE,Solet,D,6.5,9.5,True,False
23,DTE,Kempf,D,5.0,4.5,True,False
23,DTE,Atta,C,6.0,5.5,True,False
23,DTE,Paz N.,C,5.0,5.0,True,False
23,DTE,Bernabè,C,7.0,10.0,True,False
23,DTE,Leao,A,5.5,5.5,True,False
23,DTE,Douvikas,A,5.5,5.5,True,False
23,DTE,Nkunku,A,5.5,5.5,True,False
23,DTE,Di Gennaro,P,,,False,True
23,DTE,Martinez Jo.,P,,,False,True
23,DTE,Valle,D,6.0,6.0,False,True
23,DTE,Diego Carlos,D,,,False,True
23,DTE,Terracciano F.,D,6.5,6.0,False,True
23,DTE,Otoa,D,,,False,True
23,DTE,Pisilli,C,5.5,5.5,False,True
23,DTE,Frendrup,C,6.0,6.0,False,True
23,DTE,Lobotka,C,6.0,6.0,False,True
23,DTE,Miller L.,C,5.5,5.5,False,True
23,DTE,Ngom,C,,,False,True
23,DTE,Arena A.,A,,,False,True
23,DTE,Morata,A,5.0,4.0,False,True
23,DTE,Ferguson E.,A,,,False,True
23,HISASHI MITSUI,Bijlow,P,6.5,7.5,True,False
23,HISASHI MITSUI,Bastoni,D,6.0,5.5,True,False
23,HISASHI MITSUI,Mina,D,5.5,5.5,True,False
23,HISASHI MITSUI,Coco,D,5.5,5.5,True,False
23,HISASHI MITSUI,Dodò,D,6.5,6.5,True,False
23,HISASHI MITSUI,Pulisic,C,,,False,False
23,HISASHI MITSUI,Loftus-Cheek,C,7.0,10.0,True,False
23,HISASHI MITSUI,Baldanzi,C,6.0,6.0,True,False
23,HISASHI MITSUI,Orban G.,A,4.0,3.0,True,False
23,HISASHI MITSUI,Simeone,A,5.0,5.0,True,False
23,HISASHI MITSUI,Colombo,A,5.5,5.5,True,False
23,HISASHI MITSUI,Leali,P,,,False,True
23,HISASHI MITSUI,Sommariva,P,,,False,True
23,HISASHI MITSUI,Vitik,D,6.0,6.0,False,True
23,HISASHI MITSUI,Buongiorno,D,5.5,5.5,False,True
23,HISASHI MITSUI,Olivera,D,6.0,6.0,False,True
23,HISASHI MITSUI,Angelino,D,,,False,True
23,HISASHI MITSUI,Politano,C,5.5,5.5,True,True
23,HISASHI MITSUI,Thuram K.,C,,,False,True
23,HISASHI MITSUI,Fagioli,C,7.0,10.0,False,True
23,HISASHI MITSUI,El Aynaoui,C,6.0,6.0,False,True
23,HISASHI MITSUI,Zambo Anguissa,C,,,False,True
23,HISASHI MITSUI,Vardy,A,5.5,5.5,False,True
23,HISASHI MITSUI,Addai,A,5.5,5.5,False,True
23,HISASHI MITSUI,Borrelli,A,,,False,True
23,ASR YOYO,Carnesecchi,P,6.5,7.5,True,False
23,ASR YOYO,Palestra,D,5.5,5.5,True,False
23,ASR YOYO,Ostigard,D,6.5,6.5,True,False
23,ASR YOYO,Scalvini,D,5.5,5.0,True,False
23,ASR YOYO,Kalulu,D,5.0,4.0,True,False
23,ASR YOYO,Pellegrini Lo.,C,5.5,5.5,True,False
23,ASR YOYO,Modric,C,7.0,11.0,True,False
23,ASR YOYO,Maldini,C,5.5,5.5,True,False
23,ASR YOYO,Malen,A,8.0,13.0,True,False
23,ASR YOYO,Scamacca,A,,,False,False
23,ASR YOYO,Kean,A,7.0,10.0,True,False
23,ASR YOYO,Sportiello,P,,,False,True
23,ASR YOYO,Rossi F.,P,,,False,True
23,ASR YOYO,Akanji,D,6.0,6.0,False,True
23,ASR YOYO,Parisi,D,6.0,4.0,False,True
23,ASR YOYO,Holm,D,6.0,6.0,False,True
23,ASR YOYO,Kelly L.,D,6.5,6.5,False,True
23,ASR YOYO,Zaragoza,C,6.0,7.0,False,True
23,ASR YOYO,Miretti,C,5.5,5.5,False,True
23,ASR YOYO,Rovella,C,6.0,6.0,False,True
23,ASR YOYO,Gudmundsson A.,C,,,False,True
23,ASR YOYO,Collocolo,C,,,False,True
23,ASR YOYO,Esposito F.P.,A,7.0,10.0,True,True
23,ASR YOYO,Cambiaghi,A,,,False,True
23,ASR YOYO,Aboukhlal,A,5.5,5.5,False,True
23,OLD LIN,De Gea,P,6.0,5.0,True,False
23,OLD LIN,Gallo,D,6.0,6.0,True,False
23,OLD LIN,Luperto,D,6.5,6.5,True,False
23,OLD LIN,Baschirotto,D,7.0,7.0,True,False
23,OLD LIN,Delprato,D,6.0,6.0,True,False
23,OLD LIN,Strefezza,C,6.5,6.5,True,False
23,OLD LIN,Brescianini,C,6.0,6.0,True,False
23,OLD LIN,McKennie,C,7.0,9.0,True,False
23,OLD LIN,Krstovic,A,6.0,6.0,True,False
23,OLD LIN,Martinez L.,A,5.5,5.5,True,False
23,OLD LIN,Berardi,A,6.0,6.0,True,False
23,OLD LIN,Christensen O.,P,,,False,True
23,OLD LIN,Lezzerini,P,,,False,True
23,OLD LIN,Heggem,D,,,False,True
23,OLD LIN,Circati,D,5.0,4.5,False,True
23,OLD LIN,Zappa,D,6.0,6.0,False,True
23,OLD LIN,Ismajli,D,,,False,True
23,OLD LIN,Pasalic,C,,,False,True
23,OLD LIN,Gaetano,C,,,False,True
23,OLD LIN,Ellertsson,C,6.0,6.0,False,True
23,OLD LIN,Barella,C,6.0,5.5,False,True
23,OLD LIN,Konè M.,C,,,False,True
23,OLD LIN,Castro S.,A,7.0,11.0,False,True
23,OLD LIN,Cheddira,A,6.0,6.0,False,True
23,OLD LIN,Zapata D.,A,6.5,6.5,False,True
24,QICELLO,Milinkovic-Savic V.,P,6.5,4.5,True,False
24,QICELLO,Gutierrez,D,6.5,7.5,True,False
24,QICELLO,Bisseck,D,6.0,6.0,True,False
24,QICELLO,Rensch,D,,,False,False
24,QICELLO,Frattesi,C,5.5,5.5,True,False
24,QICELLO,Zielinski,C,6.5,6.5,True,False
24,QICELLO,McTominay,C,,,False,False
24,QICELLO,Vlasic,C,6.0,6.0,True,False
24,QICELLO,Yildiz,A,6.0,6.0,True,False
24,QICELLO,Bowie,A,5.0,5.0,True,False
24,QICELLO,Kilicsoy,A,6.0,6.0,True,False
24,QICELLO,Meret,P,,,False,True
24,QICELLO,Contini,P,,,False,True
24,QICELLO,Pavlovic,D,5.5,5.5,True,True
24,QICELLO,Miranda J.,D,6.0,5.5,False,True
24,QICELLO,De Winter,D,5.5,5.5,False,True
24,QICELLO,Gabbia,D,,,False,True
24,QICELLO,Di Lorenzo,D,,,False,True
24,QICELLO,Vergara,C,6.0,6.0,True,True
24,QICELLO,Isaksen,C,5.5,5.5,False,True
24,QICELLO,Perrone,C,7.0,7.0,False,True
24,QICELLO,Diouf,C,6.0,6.0,False,True
24,QICELLO,Adams C.,A,,,False,True
24,QICELLO,Boga,A,5.5,5.5,False,True
24,QICELLO,Piccoli,A,,,False,True
24,DTE,Sommer,P,6.0,7.0,True,False
24,DTE,Bartesaghi,D,5.5,5.5,True,False
24,DTE,Ramon,D,6.5,6.5,True,False
24,DTE,Solet,D,,,False,False
24,DTE,Valle,D,6.0,6.0,True,False
24,DTE,Atta,C,6.0,6.0,True,False
24,DTE,Lobotka,C,6.0,6.0,True,False
24,DTE,Bernabè,C,6.0,6.0,True,False
24,DTE,Leao,A,5.5,5.0,True,False
24,DTE,Douvikas,A,6.5,7.5,True,False
24,DTE,Nkunku,A,,,False,False
24,DTE,Di Gennaro,P,,,False,True
24,DTE,Martinez Jo.,P,,,False,True
24,DTE,Kempf,D,6.5,6.5,True,True
24,DTE,Diego Carlos,D,6.0,6.0,False,True
24,DTE,Terracciano F.,D,6.0,6.0,False,True
24,DTE,Otoa,D,,,False,True
24,DTE,Pisilli,C,7.0,10.0,False,True
24,DTE,Frendrup,C,6.0,6.0,False,True
24,DTE,Miller L.,C,,,False,True
24,DTE,Ngom,C,5.5,5.5,False,True
24,DTE,Arena A.,A,,,False,True
24,DTE,Morata,A,,,False,True
24,DTE,Ferguson E.,A,,,False,True
24,HISASHI MITSUI,Bijlow,P,6.0,7.0,True,False
24,HISASHI MITSUI,Angelino,D,,,False,False
24,HISASHI MITSUI,Bastoni,D,6.0,5.5,True,False
24,HISASHI MITSUI,Mina,D,5.0,4.0,True,False
24,HISASHI MITSUI,Dodò,D,6.5,6.0,True,False
24,HISASHI MITSUI,Pulisic,C,6.0,6.0,True,False
24,HISASHI MITSUI,Fagioli,C,6.0,6.0,True,False
24,HISASHI MITSUI,Loftus-Cheek,C,,,False,False
24,HISASHI MITSUI,Politano,C,5.5,5.5,True,False
24,HISASHI MITSUI,Simeone,A,5.5,5.0,True,False
24,HISASHI MITSUI,Colombo,A,6.5,6.5,True,False
24,HISASHI MITSUI,Leali,P,,,False,True
24,HISASHI MITSUI,Sommariva,P,,,False,True
24,HISASHI MITSUI,Coco,D,5.5,5.5,True,True
24,HISASHI MITSUI,Buongiorno,D,5.5,5.5,False,True
24,HISASHI MITSUI,Vitik,D,6.0,6.0,False,True
24,HISASHI MITSUI,Olivera,D,5.0,5.0,False,True
24,HISASHI MITSUI,El Aynaoui,C,6.0,5.5,True,True
24,HISASHI MITSUI,Thuram K.,C,5.5,5.5,False,True
24,HISASHI MITSUI,Baldanzi,C,7.0,7.0,False,True
24,HISASHI MITSUI,Zambo Anguissa,C,,,False,True
24,HISASHI MITSUI,Addai,A,,,False,True
24,HISASHI MITSUI,Vardy,A,5.0,5.0,False,True
24,HISASHI MITSUI,Borrelli,A,,,False,True
24,HISASHI MITSUI,Orban G.,A,,,False,True
24,ASR YOYO,Carnesecchi,P,6.0,5.0,True,False
24,ASR YOYO,Parisi,D,6.0,6.0,True,False
24,ASR YOYO,Ostigard,D,6.5,6.5,True,False
24,ASR YOYO,Akanji,D,7.0,10.0,True,False
24,ASR YOYO,Palestra,D,6.5,6.5,True,False
24,ASR YOYO,Pellegrini Lo.,C,6.0,7.0,True,False
24,ASR YOYO,Modric,C,6.0,6.0,True,False
24,ASR YOYO,Zaragoza,C,5.5,5.5,True,False
24,ASR YOYO,Malen,A,7.0,7.0,True,False
24,ASR YOYO,Esposito F.P.,A,6.0,6.0,True,False
24,ASR YOYO,Kean,A,7.0,11.0,True,False
24,ASR YOYO,Sportiello,P,,,False,True
24,ASR YOYO,Rossi F.,P,,,False,True
24,ASR YOYO,Scalvini,D,6.0,6.0,False,True
24,ASR YOYO,Kelly L.,D,5.5,5.5,False,True
24,ASR YOYO,Kalulu,D,,,False,True
24,ASR YOYO,Holm,D,,,False,True
24,ASR YOYO,Gudmundsson A.,C,,,False,True
24,ASR YOYO,Maldini,C,5.5,5.5,False,True
24,ASR YOYO,Miretti,C,5.5,5.5,False,True
24,ASR YOYO,Rovella,C,6.0,6.0,False,True
24,ASR YOYO,Collocolo,C,,,False,True
24,ASR YOYO,Scamacca,A,6.5,6.5,False,True
24,ASR YOYO,Cambiaghi,A,6.0,6.0,False,True
24,ASR YOYO,Aboukhlal,A,,,False,True
24,ROMINA&ROMOLO,Maignan,P,6.0,5.0,True,False
24,ROMINA&ROMOLO,Martin,D,,,False,False
24,ROMINA&ROMOLO,Tomori,D,6.0,6.0,True,False
24,ROMINA&ROMOLO,Bernasconi,D,6.5,7.5,True,False
24,ROMINA&ROMOLO,Baturina,C,6.0,6.0,True,False
24,ROMINA&ROMOLO,Konè I.,C,6.5,6.5,True,False
24,ROMINA&ROMOLO,Cataldi,C,6.5,6.5,True,False
24,ROMINA&ROMOLO,Odgaard,C,,,False,False
24,ROMINA&ROMOLO,Saelemaekers,C,5.5,5.0,True,False
24,ROMINA&ROMOLO,Pellegrino M.,A,6.0,6.0,True,False
24,ROMINA&ROMOLO,David,A,5.5,5.5,True,False
24,ROMINA&ROMOLO,Durosinmi,A,5.5,5.5,False,True
24,ROMINA&ROMOLO,Giovane,A,5.5,5.5,False,True
24,ROMINA&ROMOLO,Ratkov,A,6.0,6.0,False,True
24,ROMINA&ROMOLO,Thorstvedt,C,6.0,6.0,True,True
24,ROMINA&ROMOLO,Gandelman,C,5.5,5.5,False,True
24,ROMINA&ROMOLO,Santos A.,C,5.5,5.5,False,True
24,ROMINA&ROMOLO,Gosens,D,,,False,True
24,ROMINA&ROMOLO,Ziolkowski,D,,,False,True
24,ROMINA&ROMOLO,Terracciano,P,,,False,True
24,ROMINA&ROMOLO,Caprile,P,6.5,7.5,False,True
24,GOODBYE,Di Gregorio,P,4.5,2.5,True,False
24,GOODBYE,Celik,D,6.5,6.5,True,False
24,GOODBYE,Bremer,D,,,False,False
24,GOODBYE,Mancini,D,6.5,6.5,True,False
24,GOODBYE,Spinazzola,D,5.5,5.5,True,False
24,GOODBYE,Zalewski,C,7.0,7.5,True,False
24,GOODBYE,Locatelli,C,6.0,5.5,True,False
24,GOODBYE,Cristante,C,7.5,12.5,True,False
24,GOODBYE,Soulè,A,,,False,False
24,GOODBYE,Dybala,A,,,False,False
24,GOODBYE,Pavoletti,A,,,False,False
24,GOODBYE,Perin,P,,,False,True
24,GOODBYE,Pinsoglio,P,,,False,True
24,GOODBYE,Hermoso,D,,,False,True
24,GOODBYE,Floriani Mussolini,D,,,False,True
24,GOODBYE,Van Der Brempt,D,6.0,6.0,True,True
24,GOODBYE,De Vrij,D,6.0,5.5,False,True
24,GOODBYE,Matic,C,,,False,True
24,GOODBYE,Adzic,C,,,False,True
24,GOODBYE,El Shaarawy,C,,,False,True
24,GOODBYE,Sala A.,C,,,False,True
24,GOODBYE,Stengs,C,,,False,True
24,GOODBYE,Openda,A,5.0,5.0,True,True
24,GOODBYE,Lukaku,A,,,False,True
24,GOODBYE,Milik,A,,,False,True
24,OLD LIN,De Gea,P,6.0,7.0,True,False
24,OLD LIN,Gallo,D,5.5,5.5,True,False
24,OLD LIN,Luperto,D,5.5,5.5,True,False
24,OLD LIN,Baschirotto,D,,,False,False
24,OLD LIN,Delprato,D,6.5,6.5,True,False
24,OLD LIN,Ellertsson,C,6.0,6.0,True,False
24,OLD LIN,Brescianini,C,6.0,6.0,True,False
24,OLD LIN,McKennie,C,5.0,5.0,True,False
24,OLD LIN,Krstovic,A,6.0,6.0,True,False
24,OLD LIN,Castro S.,A,6.5,6.5,True,False
24,OLD LIN,Berardi,A,7.0,11.0,True,False
24,OLD LIN,Christensen O.,P,,,False,True
24,OLD LIN,Lezzerini,P,,,False,True
24,OLD LIN,Heggem,D,,,False,True
24,OLD LIN,Circati,D,,,False,True
24,OLD LIN,Zappa,D,,,False,True
24,OLD LIN,Ismajli,D,6.0,6.0,True,True
24,OLD LIN,Pasalic,C,7.0,10.0,False,True
24,OLD LIN,Strefezza,C,6.5,6.5,False,True
24,OLD LIN,Gaetano,C,,,False,True
24,OLD LIN,Barella,C,,,False,True
24,OLD LIN,Konè M.,C,6.0,6.0,False,True
24,OLD LIN,Zapata D.,A,5.5,5.5,False,True
24,OLD LIN,Cheddira,A,5.0,5.0,False,True
24,OLD LIN,Martinez L.,A,,,False,True
24,ROMANHOLIDAY,Falcone,P,7.0,5.0,True,False
24,ROMANHOLIDAY,Vasquez,D,6.5,6.5,True,False
24,ROMANHOLIDAY,Gatti,D,6.0,6.0,True,False
24,ROMANHOLIDAY,Carlos Augusto,D,,,False,False
24,ROMANHOLIDAY,Smolcic I.,D,6.0,6.0,True,False
24,ROMANHOLIDAY,Da Cunha,C,6.5,7.5,True,False
24,ROMANHOLIDAY,Mkhitaryan,C,7.0,11.0,True,False
24,ROMANHOLIDAY,Orsolini,C,5.5,5.5,True,False
24,ROMANHOLIDAY,Bonny,A,6.0,6.0,True,False
24,ROMANHOLIDAY,Fullkrug,A,5.5,5.5,True,False
24,ROMANHOLIDAY,Thuram,A,5.5,5.5,True,False
24,ROMANHOLIDAY,Provedel,P,6.0,7.0,False,True
24,ROMANHOLIDAY,Zelezny,P,,,False,True
24,ROMANHOLIDAY,Darmian,D,,,False,True
24,ROMANHOLIDAY,Veiga D.,D,6.0,6.0,True,True
24,ROMANHOLIDAY,Bonazzoli,A,5.5,5.5,False,True
24,ROMANHOLIDAY,Stulic,A,,,False,True
24,ROMANHOLIDAY,Luis Henrique,C,6.0,6.0,False,True
24,ROMANHOLIDAY,Amorim,C,6.0,6.0,False,True
24,ROMANHOLIDAY,Jashari,C,5.5,5.5,False,True
24,TEAM PC,Skorupski,P,6.0,7.0,True,False
24,TEAM PC,Doig,D,,,False,False
24,TEAM PC,Bellanova,D,5.5,5.5,True,False
24,TEAM PC,Acerbi,D,,,False,False
24,TEAM PC,Zortea,D,,,False,False
24,TEAM PC,Elmas,C,5.5,5.5,True,False
24,TEAM PC,Koopmeiners,C,5.0,5.0,True,False
24,TEAM PC,Sucic P.,C,5.5,5.5,True,False
24,TEAM PC,Ederson D.S.,C,,,False,False
24,TEAM PC,Pinamonti,A,7.0,11.0,True,False
24,TEAM PC,Laurientè,A,7.5,9.5,True,False
24,TEAM PC,Ravaglia F.,P,,,False,True
24,TEAM PC,Pessina Mas.,P,,,False,True
24,TEAM PC,Kamara H.,D,,,False,True
24,TEAM PC,Zaccagni,C,5.5,5.5,True,True
24,TEAM PC,Vlahovic,A,,,False,True
24,TEAM PC,De Ketelaere,A,,,False,True
24,TEAM PC,Vaz,A,,,False,True
24,TEAM PC,Tourè I.,C,5.5,5.5,False,True
24,TEAM PC,Conceicao,C,6.0,6.0,False,True
24,TEAM PC,Zappacosta,D,6.0,6.0,True,True
24,TEAM PC,Esposito Se.,A,6.0,6.0,False,True
24,TEAM PC,Coulibaly L.,C,6.0,6.0,False,True
24,TEAM PC,Cambiaso,D,5.5,5.5,True,True
24,TEAM PC,N'Dicka,D,7.0,10.0,True,True
24,KAMADO,Gollini,P,,,False,False
24,KAMADO,Dimarco,D,7.0,8.0,True,False
24,KAMADO,Vojvoda,D,7.0,11.0,True,False
24,KAMADO,Norton-Cuffy,D,7.0,11.0,True,False
24,KAMADO,Zaniolo,C,5.5,5.5,True,False
24,KAMADO,Rabiot,C,6.5,6.5,True,False
24,KAMADO,Rowe,C,6.0,6.0,True,False
24,KAMADO,Malinovskyi,C,6.5,6.5,True,False
24,KAMADO,Hojlund,A,6.0,6.0,True,False
24,KAMADO,Vitinha O.,A,,,False,False
24,KAMADO,Solomon,A,6.0,6.0,True,False
24,KAMADO,Svilar,P,6.5,7.5,True,True
24,KAMADO,Butez,P,6.0,7.0,False,True
24,KAMADO,Obert,D,6.5,6.5,False,True
24,KAMADO,Ahanor,D,,,False,True
24,KAMADO,Nelsson,D,5.0,5.0,False,True
24,KAMADO,Kristensen T.,D,6.0,6.0,False,True
24,KAMADO,Pedro Felipe,D,,,False,True
24,KAMADO,Taylor K.,C,6.0,6.0,False,True
24,KAMADO,Ekkelenkamp,C,6.0,6.0,False,True
24,KAMADO,Venturino,C,6.5,6.5,False,True
24,KAMADO,Ondrejka,C,6.0,6.0,False,True
24,KAMADO,Rodriguez Je.,A,,,False,True
24,KAMADO,Pedro,A,,,False,True
24,KAMADO,Raspadori,A,,,False,True
25,KAMADO,Gollini,P,,,False,False
25,KAMADO,Dimarco,D,7.0,11.0,True,False
25,KAMADO,Vojvoda,D,6.0,6.0,True,False
25,KAMADO,Obert,D,6.0,5.5,True,False
25,KAMADO,Zaniolo,C,7.0,8.0,True,False
25,KAMADO,Rabiot,C,6.5,6.5,True,False
25,KAMADO,Taylor K.,C,5.0,5.0,True,False
25,KAMADO,Ekkelenkamp,C,6.0,6.0,True,False
25,KAMADO,Rowe,C,6.0,6.0,True,False
25,KAMADO,Hojlund,A,6.5,9.5,True,False
25,KAMADO,Rodriguez Je.,A,7.5,12.5,True,False
25,KAMADO,Butez,P,6.0,5.0,True,True
25,KAMADO,Svilar,P,6.0,3.0,False,True
25,KAMADO,Ahanor,D,,,False,True
25,KAMADO,Norton-Cuffy,D,,,False,True
25,KAMADO,Nelsson,D,6.0,6.0,False,True
25,KAMADO,Kristensen T.,D,6.5,6.5,False,True
25,KAMADO,Pedro Felipe,D,,,False,True
25,KAMADO,Venturino,C,,,False,True
25,KAMADO,Malinovskyi,C,5.0,4.5,False,True
25,KAMADO,Ondrejka,C,,,False,True
25,KAMADO,Solomon,A,,,False,True
25,KAMADO,Vitinha O.,A,5.5,5.5,False,True
25,KAMADO,Pedro,A,,,False,True
25,KAMADO,Raspadori,A,,,False,True
25,GOODBYE,Di Gregorio,P,,,False,False
25,GOODBYE,Celik,D,6.0,6.0,True,False
25,GOODBYE,Bremer,D,5.5,6.5,True,False
25,GOODBYE,Mancini,D,6.0,6.0,True,False
25,GOODBYE,Spinazzola,D,6.0,6.0,True,False
25,GOODBYE,Zalewski,C,5.5,5.0,True,False
25,GOODBYE,Matic,C,6.0,5.5,True,False
25,GOODBYE,Cristante,C,5.5,5.5,True,False
25,GOODBYE,El Shaarawy,C,,,False,False
25,GOODBYE,Lukaku,A,7.0,10.5,True,False
25,GOODBYE,Openda,A,,,False,False
25,GOODBYE,Perin,P,5.5,2.5,True,True
25,GOODBYE,Pinsoglio,P,,,False,True
25,GOODBYE,Hermoso,D,,,False,True
25,GOODBYE,De Vrij,D,6.5,6.5,False,True
25,GOODBYE,Floriani Mussolini,D,,,False,True
25,GOODBYE,Van Der Brempt,D,6.5,6.5,False,True
25,GOODBYE,Adzic,C,,,False,True
25,GOODBYE,Sala A.,C,,,False,True
25,GOODBYE,Stengs,C,,,False,True
25,GOODBYE,Locatelli,C,,,False,True
25,GOODBYE,Dybala,A,,,False,True
25,GOODBYE,Soulè,A,,,False,True
25,GOODBYE,Milik,A,,,False,True
25,GOODBYE,Pavoletti,A,,,False,True
25,ROMANHOLIDAY,Falcone,P,6.0,3.0,True,False
25,ROMANHOLIDAY,Vasquez,D,6.0,6.0,True,False
25,ROMANHOLIDAY,Gatti,D,7.0,11.0,True,False
25,ROMANHOLIDAY,Carlos Augusto,D,6.5,6.5,True,False
25,ROMANHOLIDAY,Smolcic I.,D,,,False,False
25,ROMANHOLIDAY,Da Cunha,C,7.0,8.0,True,False
25,ROMANHOLIDAY,Mkhitaryan,C,7.0,7.5,True,False
25,ROMANHOLIDAY,Orsolini,C,5.5,5.5,True,False
25,ROMANHOLIDAY,Bonny,A,6.5,6.5,True,False
25,ROMANHOLIDAY,Fullkrug,A,6.0,6.0,True,False
25,ROMANHOLIDAY,Thuram,A,5.5,5.5,True,False
25,ROMANHOLIDAY,Provedel,P,6.0,4.0,False,True
25,ROMANHOLIDAY,Zelezny,P,,,False,True
25,ROMANHOLIDAY,Darmian,D,,,False,True
25,ROMANHOLIDAY,Veiga D.,D,4.5,4.5,True,True
25,ROMANHOLIDAY,Bonazzoli,A,6.0,6.0,False,True
25,ROMANHOLIDAY,Stulic,A,5.5,5.5,False,True
25,ROMANHOLIDAY,Luis Henrique,C,6.5,6.5,False,True
25,ROMANHOLIDAY,Amorim,C,5.0,5.0,False,True
25,ROMANHOLIDAY,Jashari,C,,,False,True
25,HISASHI MITSUI,Bijlow,P,7.0,5.0,True,False
25,HISASHI MITSUI,Vitik,D,6.0,6.0,True,False
25,HISASHI MITSUI,Buongiorno,D,6.0,6.0,True,False
25,HISASHI MITSUI,Coco,D,6.5,6.5,True,False
25,HISASHI MITSUI,Pulisic,C,5.0,5.0,True,False
25,HISASHI MITSUI,El Aynaoui,C,5.5,5.5,True,False
25,HISASHI MITSUI,Fagioli,C,5.5,5.5,True,False
25,HISASHI MITSUI,Politano,C,6.0,6.0,True,False
25,HISASHI MITSUI,Vardy,A,6.0,6.0,True,False
25,HISASHI MITSUI,Simeone,A,7.0,11.0,True,False
25,HISASHI MITSUI,Colombo,A,6.0,6.0,True,False
25,HISASHI MITSUI,Leali,P,,,False,True
25,HISASHI MITSUI,Sommariva,P,,,False,True
25,HISASHI MITSUI,Olivera,D,,,False,True
25,HISASHI MITSUI,Angelino,D,,,False,True
25,HISASHI MITSUI,Baldanzi,C,5.5,5.5,False,True
25,HISASHI MITSUI,Thuram K.,C,6.0,6.0,False,True
25,DTE,Sommer,P,6.0,7.0,True,False
25,DTE,Bartesaghi,D,6.0,6.0,True,False
25,DTE,Ramon,D,6.5,6.5,True,False
25,DTE,Kempf,D,6.5,9.5,True,False
25,DTE,Valle,D,,,False,False
25,DTE,Paz N.,C,6.0,6.0,True,False
25,DTE,Lobotka,C,5.5,5.5,True,False
25,DTE,Bernabè,C,6.5,6.5,True,False
25,DTE,Atta,C,,,False,False
25,DTE,Leao,A,6.0,9.0,True,False
25,DTE,Nkunku,A,6.5,7.5,True,False
25,DTE,Di Gennaro,P,,,False,True
25,DTE,Martinez Jo.,P,,,False,True
25,DTE,Solet,D,,,False,True
25,DTE,Diego Carlos,D,6.0,6.0,True,True
25,DTE,Terracciano F.,D,5.5,5.0,False,True
25,DTE,Otoa,D,,,False,True
25,DTE,Frendrup,C,6.0,6.0,True,True
25,DTE,Pisilli,C,7.5,8.5,False,True
25,DTE,Miller L.,C,6.5,7.5,False,True
25,DTE,Ngom,C,5.5,5.5,False,True
25,DTE,Douvikas,A,7.0,10.0,False,True
25,DTE,Arena A.,A,,,False,True
25,DTE,Morata,A,5.5,5.5,False,True
25,DTE,Ferguson E.,A,,,False,True
25,TEAM PC,Skorupski,P,7.0,8.0,True,False
25,TEAM PC,Zappacosta,D,6.5,7.5,True,False
25,TEAM PC,Bellanova,D,6.0,6.0,True,False
25,TEAM PC,Zortea,D,6.0,6.0,True,False
25,TEAM PC,Zaccagni,C,5.5,5.5,True,False
25,TEAM PC,Elmas,C,6.0,5.5,True,False
25,TEAM PC,Tourè I.,C,,,False,False
25,TEAM PC,Koopmeiners,C,5.5,5.5,True,False
25,TEAM PC,Esposito Se.,A,6.5,7.0,True,False
25,TEAM PC,Pinamonti,A,4.0,3.0,True,False
25,TEAM PC,Laurientè,A,7.0,9.0,True,False
25,TEAM PC,Ravaglia F.,P,,,False,True
25,TEAM PC,Pessina Mas.,P,,,False,True
25,TEAM PC,Vlahovic,A,,,False,True
25,TEAM PC,De Ketelaere,A,,,False,True
25,TEAM PC,Vaz,A,,,False,True
25,TEAM PC,Coulibaly L.,C,6.0,9.0,True,True
25,TEAM PC,Conceicao,C,6.5,9.5,False,True
25,TEAM PC,Acerbi,D,,,False,True
25,TEAM PC,Doig,D,,,False,True
25,TEAM PC,Ederson D.S.,C,,,False,True
25,TEAM PC,Sucic P.,C,,,False,True
25,TEAM PC,Cambiaso,D,5.0,5.0,False,True
25,TEAM PC,N'Dicka,D,6.5,9.5,False,True
25,TEAM PC,Kamara H.,D,6.0,6.0,False,True
25,ASR YOYO,Carnesecchi,P,6.5,4.5,True,False
25,ASR YOYO,Parisi,D,5.0,4.5,True,False
25,ASR YOYO,Akanji,D,6.0,6.0,True,False
25,ASR YOYO,Scalvini,D,5.5,5.5,True,False
25,ASR YOYO,Palestra,D,6.5,6.5,True,False
25,ASR YOYO,Pellegrini Lo.,C,6.0,7.0,True,False
25,ASR YOYO,Modric,C,7.0,7.0,True,False
25,ASR YOYO,Gudmundsson A.,C,5.0,5.0,True,False
25,ASR YOYO,Malen,A,7.0,10.0,True,False
25,ASR YOYO,Scamacca,A,5.5,5.5,True,False
25,ASR YOYO,Kean,A,5.5,5.5,True,False
25,ASR YOYO,Sportiello,P,,,False,True
25,ASR YOYO,Rossi F.,P,,,False,True
25,ASR YOYO,Kalulu,D,5.5,5.5,False,True
25,ASR YOYO,Ostigard,D,6.0,6.0,False,True
25,ASR YOYO,Kelly L.,D,5.0,5.0,False,True
25,ASR YOYO,Holm,D,,,False,True
25,ASR YOYO,Maldini,C,,,False,True
25,ASR YOYO,Zaragoza,C,,,False,True
25,ASR YOYO,Miretti,C,6.0,6.0,False,True
25,ASR YOYO,Rovella,C,,,False,True
25,ASR YOYO,Collocolo,C,,,False,True
25,ASR YOYO,Esposito F.P.,A,6.0,6.0,False,True
25,ASR YOYO,Cambiaghi,A,5.5,5.5,False,True
25,ASR YOYO,Aboukhlal,A,,,False,True
25,QICELLO,Milinkovic-Savic V.,P,,,False,False
25,QICELLO,Gutierrez,D,6.0,6.0,True,False
25,QICELLO,Pavlovic,D,7.0,11.0,True,False
25,QICELLO,Bisseck,D,6.0,6.0,True,False
25,QICELLO,Vergara,C,6.5,6.5,True,False
25,QICELLO,Frattesi,C,6.0,6.0,True,False
25,QICELLO,Zielinski,C,6.0,6.0,True,False
25,QICELLO,Vlasic,C,6.0,5.5,True,False
25,QICELLO,Isaksen,C,5.5,5.5,True,False
25,QICELLO,Yildiz,A,5.5,5.5,True,False
25,QICELLO,Kilicsoy,A,5.5,5.5,True,False
25,QICELLO,Meret,P,6.0,5.0,True,True
25,QICELLO,Contini,P,,,False,True
25,QICELLO,De Winter,D,6.5,7.5,False,True
25,QICELLO,Rensch,D,6.5,6.5,False,True
25,QICELLO,Miranda J.,D,,,False,True
25,QICELLO,Gabbia,D,,,False,True
25,QICELLO,Di Lorenzo,D,,,False,True
25,QICELLO,McTominay,C,,,False,True
25,QICELLO,Perrone,C,7.0,8.0,False,True
25,QICELLO,Diouf,C,6.0,6.0,False,True
25,QICELLO,Adams C.,A,,,False,True
25,QICELLO,Piccoli,A,5.5,5.5,False,True
25,QICELLO,Boga,A,7.0,10.0,False,True
25,QICELLO,Bowie,A,5.5,5.5,False,True
25,OLD LIN,De Gea,P,6.0,3.0,True,False
25,OLD LIN,Luperto,D,5.5,5.5,True,False
25,OLD LIN,Circati,D,,,False,False
25,OLD LIN,Delprato,D,6.0,6.0,True,False
25,OLD LIN,Strefezza,C,6.0,6.0,True,False
25,OLD LIN,Konè M.,C,6.5,7.5,True,False
25,OLD LIN,Barella,C,6.0,6.0,True,False
25,OLD LIN,McKennie,C,6.0,7.0,True,False
25,OLD LIN,Krstovic,A,6.0,6.0,True,False
25,OLD LIN,Castro S.,A,6.0,6.0,True,False
25,OLD LIN,Berardi,A,6.5,6.5,True,False
25,OLD LIN,Christensen O.,P,,,False,True
25,OLD LIN,Lezzerini,P,,,False,True
25,OLD LIN,Gallo,D,5.5,5.5,True,True
25,OLD LIN,Heggem,D,,,False,True
25,OLD LIN,Baschirotto,D,,,False,True
25,OLD LIN,Zappa,D,,,False,True
25,OLD LIN,Ismajli,D,6.5,6.5,False,True
25,OLD LIN,Brescianini,C,6.0,6.0,False,True
25,OLD LIN,Ellertsson,C,5.5,5.5,False,True
25,OLD LIN,Pasalic,C,5.0,5.0,False,True
25,OLD LIN,Gaetano,C,,,False,True
25,OLD LIN,Martinez L.,A,,,False,True
25,OLD LIN,Cheddira,A,5.0,5.0,False,True
25,OLD LIN,Zapata D.,A,7.0,10.0,False,True
25,ROMINA&ROMOLO,Maignan,P,6.0,7.0,True,False
25,ROMINA&ROMOLO,Gosens,D,,,False,False
25,ROMINA&ROMOLO,Tomori,D,6.5,6.5,True,False
25,ROMINA&ROMOLO,Bernasconi,D,6.0,5.5,True,False
25,ROMINA&ROMOLO,Cataldi,C,6.0,6.0,True,False
25,ROMINA&ROMOLO,Konè I.,C,7.0,10.0,True,False
25,ROMINA&ROMOLO,Santos A.,C,6.0,6.0,True,False
25,ROMINA&ROMOLO,Saelemaekers,C,5.5,5.5,True,False
25,ROMINA&ROMOLO,David,A,5.5,5.5,True,False
25,ROMINA&ROMOLO,Giovane,A,6.5,7.5,True,False
25,ROMINA&ROMOLO,Pellegrino M.,A,5.5,5.0,True,False
25,ROMINA&ROMOLO,Durosinmi,A,6.0,6.0,False,True
25,ROMINA&ROMOLO,Ratkov,A,5.0,5.0,False,True
25,ROMINA&ROMOLO,Diao,A,,,False,True
25,ROMINA&ROMOLO,Thorstvedt,C,7.0,11.0,False,True
25,ROMINA&ROMOLO,Gandelman,C,5.5,5.5,False,True
25,ROMINA&ROMOLO,Odgaard,C,7.0,11.0,False,True
25,ROMINA&ROMOLO,Baturina,C,,,False,True
25,ROMINA&ROMOLO,Muharemovic,D,6.5,6.5,True,True
25,ROMINA&ROMOLO,Ziolkowski,D,,,False,True
25,ROMINA&ROMOLO,Martin,D,5.5,5.5,False,True
25,ROMINA&ROMOLO,Rrahmani,D,,,False,True
25,ROMINA&ROMOLO,Belghali,D,,,False,True
25,ROMINA&ROMOLO,Terracciano,P,,,False,True
25,ROMINA&ROMOLO,Caprile,P,7.0,6.0,False,True
26,KAMADO,Gollini,P,,,False,False
26,KAMADO,Dimarco,D,5.5,5.5,True,False
26,KAMADO,Ahanor,D,,,False,False
26,KAMADO,Vojvoda,D,6.0,6.0,True,False
26,KAMADO,Zaniolo,C,6.5,7.5,True,False
26,KAMADO,Rabiot,C,6.5,6.0,True,False
26,KAMADO,Taylor K.,C,6.5,6.5,True,False
26,KAMADO,Venturino,C,5.5,5.5,True,False
26,KAMADO,Rowe,C,7.0,10.0,True,False
26,KAMADO,Hojlund,A,6.0,6.0,True,False
26,KAMADO,Rodriguez Je.,A,6.0,6.0,True,False
26,KAMADO,Butez,P,6.5,5.5,True,True
26,KAMADO,Svilar,P,6.5,4.5,False,True
26,KAMADO,Obert,D,6.5,7.5,True,True
26,KAMADO,Norton-Cuffy,D,,,False,True
26,KAMADO,Nelsson,D,5.5,5.5,False,True
26,KAMADO,Kristensen T.,D,6.0,9.0,False,True
26,KAMADO,Pedro Felipe,D,,,False,True
26,KAMADO,Malinovskyi,C,6.5,6.5,False,True
26,KAMADO,Ekkelenkamp,C,6.0,6.0,False,True
26,KAMADO,Ondrejka,C,,,False,True
26,KAMADO,Solomon,A,,,False,True
26,KAMADO,Vitinha O.,A,7.0,11.0,False,True
26,KAMADO,Pedro,A,6.5,6.5,False,True
26,KAMADO,Raspadori,A,,,False,True
26,ROMINA&ROMOLO,Maignan,P,6.5,7.5,True,False
26,ROMINA&ROMOLO,Bernasconi,D,6.0,6.0,True,False
26,ROMINA&ROMOLO,Tomori,D,6.0,6.0,True,False
26,ROMINA&ROMOLO,Muharemovic,D,5.5,5.5,True,False
26,ROMINA&ROMOLO,Gosens,D,6.0,6.0,True,False
26,ROMINA&ROMOLO,Odgaard,C,5.5,5.5,True,False
26,ROMINA&ROMOLO,Konè I.,C,6.0,6.0,True,False
26,ROMINA&ROMOLO,Baturina,C,7.0,10.0,True,False
26,ROMINA&ROMOLO,Santos A.,C,7.0,10.0,True,False
26,ROMINA&ROMOLO,Pellegrino M.,A,5.5,5.5,True,False
26,ROMINA&ROMOLO,David,A,5.0,5.0,True,False
26,ROMINA&ROMOLO,Diao,A,,,False,True
26,ROMINA&ROMOLO,Giovane,A,,,False,True
26,ROMINA&ROMOLO,Durosinmi,A,5.5,5.5,False,True
26,ROMINA&ROMOLO,Ratkov,A,,,False,True
26,ROMINA&ROMOLO,Gandelman,C,,,False,True
26,ROMINA&ROMOLO,Thorstvedt,C,6.5,7.5,False,True
26,ROMINA&ROMOLO,Cataldi,C,6.0,6.0,False,True
26,ROMINA&ROMOLO,Saelemaekers,C,6.0,6.0,False,True
26,ROMINA&ROMOLO,Martin,D,6.0,6.0,False,True
26,ROMINA&ROMOLO,Belghali,D,,,False,True
26,ROMINA&ROMOLO,Ziolkowski,D,,,False,True
26,ROMINA&ROMOLO,Rrahmani,D,,,False,True
26,ROMINA&ROMOLO,Terracciano,P,,,False,True
26,ROMINA&ROMOLO,Caprile,P,6.0,4.0,False,True
26,GOODBYE,Di Gregorio,P,,,False,False
26,GOODBYE,Celik,D,5.5,5.5,True,False
26,GOODBYE,Bremer,D,6.0,5.5,True,False
26,GOODBYE,Mancini,D,5.5,5.5,True,False
26,GOODBYE,Spinazzola,D,6.5,7.0,True,False
26,GOODBYE,Van Der Brempt,D,6.0,7.0,True,False
26,GOODBYE,Zalewski,C,6.5,7.5,True,False
26,GOODBYE,Matic,C,5.5,5.5,True,False
26,GOODBYE,Cristante,C,6.0,5.5,True,False
26,GOODBYE,Locatelli,C,7.0,8.0,True,False
26,GOODBYE,Lukaku,A,,,False,False
26,GOODBYE,Perin,P,6.5,7.5,True,True
26,GOODBYE,Pinsoglio,P,,,False,True
26,GOODBYE,Hermoso,D,,,False,True
26,GOODBYE,De Vrij,D,,,False,True
26,GOODBYE,Floriani Mussolini,D,,,False,True
26,GOODBYE,El Shaarawy,C,,,False,True
26,GOODBYE,Adzic,C,,,False,True
26,GOODBYE,Sala A.,C,,,False,True
26,GOODBYE,Stengs,C,,,False,True
26,GOODBYE,Openda,A,,,False,True
26,GOODBYE,Soulè,A,,,False,True
26,GOODBYE,Pavoletti,A,,,False,True
26,GOODBYE,Milik,A,,,False,True
26,GOODBYE,Dybala,A,,,False,True
26,DTE,Sommer,P,6.0,5.0,True,False
26,DTE,Bartesaghi,D,,,False,False
26,DTE,Ramon,D,5.5,5.0,True,False
26,DTE,Kempf,D,5.5,5.5,True,False
26,DTE,Atta,C,6.0,6.0,True,False
26,DTE,Paz N.,C,6.0,6.0,True,False
26,DTE,Pisilli,C,5.5,5.5,True,False
26,DTE,Bernabè,C,,,False,False
26,DTE,Douvikas,A,6.0,6.0,True,False
26,DTE,Leao,A,5.5,5.5,True,False
26,DTE,Nkunku,A,,,False,False
26,DTE,Di Gennaro,P,,,False,True
26,DTE,Martinez Jo.,P,,,False,True
26,DTE,Valle,D,,,False,True
26,DTE,Solet,D,,,False,True
26,DTE,Diego Carlos,D,,,False,True
26,DTE,Terracciano F.,D,,,False,True
26,DTE,Otoa,D,,,False,True
26,DTE,Frendrup,C,6.0,6.0,True,True
26,DTE,Lobotka,C,,,False,True
26,DTE,Miller L.,C,6.0,6.0,False,True
26,DTE,Ngom,C,6.0,6.0,False,True
26,DTE,Arena A.,A,,,False,True
26,DTE,Morata,A,6.0,6.0,True,True
26,DTE,Ferguson E.,A,,,False,True
26,QICELLO,Milinkovic-Savic V.,P,6.0,5.0,True,False
26,QICELLO,Gutierrez,D,6.0,6.0,True,False
26,QICELLO,Pavlovic,D,7.0,7.0,True,False
26,QICELLO,Bisseck,D,5.5,5.5,True,False
26,QICELLO,Rensch,D,5.5,5.5,True,False
26,QICELLO,Vergara,C,6.0,6.0,True,False
26,QICELLO,Vlasic,C,6.5,6.5,True,False
26,QICELLO,Zielinski,C,5.5,5.5,True,False
26,QICELLO,Isaksen,C,6.0,6.0,True,False
26,QICELLO,Yildiz,A,7.5,11.5,True,False
26,QICELLO,Piccoli,A,5.0,5.0,True,False
26,QICELLO,Meret,P,,,False,True
26,QICELLO,Contini,P,,,False,True
26,QICELLO,De Winter,D,6.5,6.5,False,True
26,QICELLO,Miranda J.,D,,,False,True
26,QICELLO,Gabbia,D,,,False,True
26,QICELLO,Di Lorenzo,D,,,False,True
26,QICELLO,McTominay,C,,,False,True
26,QICELLO,Perrone,C,6.0,6.0,False,True
26,QICELLO,Frattesi,C,5.5,5.5,False,True
26,QICELLO,Diouf,C,,,False,True
26,QICELLO,Boga,A,7.0,10.0,False,True
26,QICELLO,Adams C.,A,6.0,7.0,False,True
26,QICELLO,Bowie,A,7.5,11.0,False,True
26,QICELLO,Kilicsoy,A,,,False,True
26,ROMANHOLIDAY,Falcone,P,6.5,5.5,True,False
26,ROMANHOLIDAY,Vasquez,D,6.0,6.0,True,False
26,ROMANHOLIDAY,Gatti,D,6.0,6.0,True,False
26,ROMANHOLIDAY,Dumfries,D,6.0,5.5,True,False
26,ROMANHOLIDAY,Smolcic I.,D,,,False,False
26,ROMANHOLIDAY,Da Cunha,C,7.5,11.5,True,False
26,ROMANHOLIDAY,Calhanoglu,C,,,False,False
26,ROMANHOLIDAY,De Bruyne,C,,,False,False
26,ROMANHOLIDAY,Davis K.,A,7.0,10.0,True,False
26,ROMANHOLIDAY,Bonny,A,5.0,5.0,True,False
26,ROMANHOLIDAY,Thuram,A,,,False,False
26,ROMANHOLIDAY,Provedel,P,,,False,True
26,ROMANHOLIDAY,Zelezny,P,,,False,True
26,ROMANHOLIDAY,Carlos Augusto,D,6.0,6.0,True,True
26,ROMANHOLIDAY,Darmian,D,,,False,True
26,ROMANHOLIDAY,Veiga D.,D,6.0,6.0,False,True
26,ROMANHOLIDAY,Orsolini,C,5.5,5.5,True,True
26,ROMANHOLIDAY,Mkhitaryan,C,6.0,6.0,True,True
26,ROMANHOLIDAY,Luis Henrique,C,5.0,5.0,False,True
26,ROMANHOLIDAY,Amorim,C,,,False,True
26,ROMANHOLIDAY,Jashari,C,,,False,True
26,ROMANHOLIDAY,Bonazzoli,A,7.0,10.0,True,True
26,ROMANHOLIDAY,Fullkrug,A,6.0,6.0,False,True
26,ROMANHOLIDAY,Stulic,A,7.0,10.0,False,True
26,HISASHI MITSUI,Bijlow,P,6.0,5.0,True,False
26,HISASHI MITSUI,Bastoni,D,6.0,5.5,True,False
26,HISASHI MITSUI,Buongiorno,D,6.5,6.5,True,False
26,HISASHI MITSUI,Dodò,D,6.0,5.5,True,False
26,HISASHI MITSUI,Pulisic,C,6.5,6.5,True,False
26,HISASHI MITSUI,Thuram K.,C,7.0,10.0,True,False
26,HISASHI MITSUI,Zambo Anguissa,C,6.0,6.0,True,False
26,HISASHI MITSUI,Politano,C,6.5,7.5,True,False
26,HISASHI MITSUI,Vardy,A,5.0,5.0,True,False
26,HISASHI MITSUI,Simeone,A,5.5,5.5,True,False
26,HISASHI MITSUI,Orban G.,A,6.5,7.5,True,False
26,HISASHI MITSUI,Leali,P,,,False,True
26,HISASHI MITSUI,Sommariva,P,,,False,True
26,HISASHI MITSUI,Angelino,D,,,False,True
26,HISASHI MITSUI,Olivera,D,6.0,6.0,False,True
26,HISASHI MITSUI,Mina,D,,,False,True
26,HISASHI MITSUI,Coco,D,6.0,6.0,False,True
26,HISASHI MITSUI,El Aynaoui,C,5.5,5.5,False,True
26,HISASHI MITSUI,Fagioli,C,5.5,5.5,False,True
26,HISASHI MITSUI,Colombo,A,6.0,6.0,False,True
26,OLD LIN,De Gea,P,6.0,7.0,True,False
26,OLD LIN,Luperto,D,5.5,5.0,True,False
26,OLD LIN,Circati,D,6.0,6.0,True,False
26,OLD LIN,Delprato,D,6.5,6.5,True,False
26,OLD LIN,Strefezza,C,6.0,6.0,True,False
26,OLD LIN,Konè M.,C,5.5,5.5,True,False
26,OLD LIN,Barella,C,5.5,5.5,True,False
26,OLD LIN,McKennie,C,6.0,6.0,True,False
26,OLD LIN,Krstovic,A,6.5,6.5,True,False
26,OLD LIN,Castro S.,A,5.0,5.0,True,False
26,OLD LIN,Berardi,A,5.5,5.5,True,False
26,OLD LIN,Christensen O.,P,,,False,True
26,OLD LIN,Lezzerini,P,,,False,True
26,OLD LIN,Baschirotto,D,,,False,True
26,OLD LIN,Gallo,D,6.5,7.5,False,True
26,OLD LIN,Heggem,D,,,False,True
26,OLD LIN,Zappa,D,6.0,6.0,False,True
26,OLD LIN,Ismajli,D,6.0,5.5,False,True
26,OLD LIN,Brescianini,C,,,False,True
26,OLD LIN,Ellertsson,C,6.5,6.5,False,True
26,OLD LIN,Pasalic,C,6.5,6.5,False,True
26,OLD LIN,Gaetano,C,,,False,True
26,OLD LIN,Martinez L.,A,,,False,True
26,OLD LIN,Cheddira,A,5.5,5.5,False,True
26,OLD LIN,Zapata D.,A,5.0,5.0,False,True
26,TEAM PC,Skorupski,P,6.5,4.5,True,False
26,TEAM PC,Zappacosta,D,6.0,6.0,True,False
26,TEAM PC,Cambiaso,D,7.0,11.0,True,False
26,TEAM PC,Zortea,D,6.0,7.0,True,False
26,TEAM PC,N'Dicka,D,6.5,9.0,True,False
26,TEAM PC,Koopmeiners,C,,,False,False
26,TEAM PC,Conceicao,C,7.0,8.0,True,False
26,TEAM PC,Coulibaly L.,C,6.0,6.0,True,False
26,TEAM PC,Zaccagni,C,5.5,5.5,True,False
26,TEAM PC,Esposito Se.,A,7.0,9.5,True,False
26,TEAM PC,Laurientè,A,7.0,9.5,True,False
26,TEAM PC,Ravaglia F.,P,,,False,True
26,TEAM PC,Pessina Mas.,P,,,False,True
26,TEAM PC,Vlahovic,A,,,False,True
26,TEAM PC,De Ketelaere,A,,,False,True
26,TEAM PC,Acerbi,D,,,False,True
26,TEAM PC,Doig,D,6.0,6.0,False,True
26,TEAM PC,Ederson D.S.,C,,,False,True
26,TEAM PC,Sucic P.,C,5.5,5.5,True,True
26,TEAM PC,Kamara H.,D,6.0,6.0,False,True
26,TEAM PC,Bellanova,D,5.5,5.5,False,True
26,TEAM PC,Tourè I.,C,,,False,True
26,TEAM PC,Vaz,A,,,False,True
26,TEAM PC,Elmas,C,7.0,11.0,False,True
26,TEAM PC,Pinamonti,A,,,False,True
26,ASR YOYO,Carnesecchi,P,6.0,4.0,True,False
26,ASR YOYO,Palestra,D,6.5,6.0,True,False
26,ASR YOYO,Kelly L.,D,6.0,6.0,True,False
26,ASR YOYO,Scalvini,D,,,False,False
26,ASR YOYO,Kalulu,D,6.5,6.5,True,False
26,ASR YOYO,Pellegrini Lo.,C,5.0,5.0,True,False
26,ASR YOYO,Miretti,C,,,False,False
26,ASR YOYO,Gudmundsson A.,C,5.5,5.5,True,False
26,ASR YOYO,Malen,A,5.5,5.0,True,False
26,ASR YOYO,Scamacca,A,7.5,14.5,True,False
26,ASR YOYO,Kean,A,,,False,False
26,ASR YOYO,Sportiello,P,,,False,True
26,ASR YOYO,Rossi F.,P,,,False,True
26,ASR YOYO,Akanji,D,6.0,6.0,True,True
26,ASR YOYO,Ostigard,D,7.0,7.0,False,True
26,ASR YOYO,Parisi,D,,,False,True
26,ASR YOYO,Holm,D,,,False,True
26,ASR YOYO,Modric,C,7.0,6.5,True,True
26,ASR YOYO,Zaragoza,C,,,False,True
26,ASR YOYO,Maldini,C,7.0,10.0,False,True
26,ASR YOYO,Rovella,C,,,False,True
26,ASR YOYO,Collocolo,C,,,False,True
26,ASR YOYO,Esposito F.P.,A,5.5,5.5,True,True
26,ASR YOYO,Cambiaghi,A,,,False,True
26,ASR YOYO,Aboukhlal,A,,,False,True
27,ROMANHOLIDAY,Falcone,P,6.0,4.0,True,False
27,ROMANHOLIDAY,Vasquez,D,6.5,6.5,True,False
27,ROMANHOLIDAY,Gatti,D,,,False,False
27,ROMANHOLIDAY,Wesley,D,5.5,4.5,True,False
27,ROMANHOLIDAY,Dumfries,D,5.0,5.0,True,False
27,ROMANHOLIDAY,Da Cunha,C,7.0,7.0,True,False
27,ROMANHOLIDAY,Orsolini,C,6.0,6.0,True,False
27,ROMANHOLIDAY,De Bruyne,C,6.5,6.5,True,False
27,ROMANHOLIDAY,Davis K.,A,6.0,6.0,True,False
27,ROMANHOLIDAY,Bonazzoli,A,5.0,5.0,True,False
27,ROMANHOLIDAY,Thuram,A,5.5,5.5,True,False
27,ROMANHOLIDAY,Provedel,P,,,False,True
27,ROMANHOLIDAY,Zelezny,P,,,False,True
27,ROMANHOLIDAY,Carlos Augusto,D,6.5,6.0,True,True
27,ROMANHOLIDAY,Darmian,D,,,False,True
27,ROMANHOLIDAY,Smolcic I.,D,6.5,6.5,False,True
27,ROMANHOLIDAY,Veiga D.,D,5.5,5.5,False,True
27,ROMANHOLIDAY,Mkhitaryan,C,6.0,6.0,False,True
27,ROMANHOLIDAY,Luis Henrique,C,5.5,5.5,False,True
27,ROMANHOLIDAY,Amorim,C,6.0,6.0,False,True
27,ROMANHOLIDAY,Jashari,C,5.5,5.5,False,True
27,ROMANHOLIDAY,Fullkrug,A,5.5,5.5,False,True
27,ROMANHOLIDAY,Bonny,A,5.5,5.5,False,True
27,ROMANHOLIDAY,Stulic,A,5.5,5.5,False,True
27,TEAM PC,Skorupski,P,6.5,7.5,True,False
27,TEAM PC,Zappacosta,D,6.5,6.5,True,False
27,TEAM PC,Cambiaso,D,6.0,6.0,True,False
27,TEAM PC,Zortea,D,5.5,5.0,True,False
27,TEAM PC,Bellanova,D,,,False,False
27,TEAM PC,Elmas,C,5.0,5.0,True,False
27,TEAM PC,Conceicao,C,6.5,6.5,True,False
27,TEAM PC,Coulibaly L.,C,6.0,6.0,True,False
27,TEAM PC,Zaccagni,C,6.0,6.0,True,False
27,TEAM PC,Pinamonti,A,5.5,5.5,True,False
27,TEAM PC,Laurientè,A,6.0,6.0,True,False
27,TEAM PC,Ravaglia F.,P,,,False,True
27,TEAM PC,Pessina Mas.,P,,,False,True
27,TEAM PC,Vlahovic,A,,,False,True
27,TEAM PC,De Ketelaere,A,6.0,5.5,False,True
27,TEAM PC,Acerbi,D,,,False,True
27,TEAM PC,Doig,D,6.0,6.0,True,True
27,TEAM PC,Ederson D.S.,C,6.5,6.5,False,True
27,TEAM PC,Sucic P.,C,5.5,5.0,False,True
27,TEAM PC,Kamara H.,D,6.0,6.0,False,True
27,TEAM PC,Tourè I.,C,,,False,True
27,TEAM PC,Vaz,A,5.5,5.5,False,True
27,TEAM PC,Koopmeiners,C,6.0,6.0,False,True
27,DTE,Sommer,P,6.0,5.0,True,False
27,DTE,Bartesaghi,D,6.0,6.0,True,False
27,DTE,Ramon,D,6.5,6.5,True,False
27,DTE,Kempf,D,6.0,6.0,True,False
27,DTE,Solet,D,,,False,False
27,DTE,Paz N.,C,5.5,5.5,True,False
27,DTE,Pisilli,C,5.5,5.5,True,False
27,DTE,Frendrup,C,6.5,6.5,True,False
27,DTE,Atta,C,5.5,5.5,True,False
27,DTE,Leao,A,5.0,5.0,True,False
27,DTE,Douvikas,A,7.0,10.0,True,False
27,DTE,Di Gennaro,P,,,False,True
27,DTE,Martinez Jo.,P,,,False,True
27,DTE,Valle,D,6.5,7.5,True,True
27,DTE,Diego Carlos,D,6.5,10.0,False,True
27,DTE,Terracciano F.,D,,,False,True
27,DTE,Otoa,D,,,False,True
27,DTE,Miller L.,C,6.0,6.0,False,True
27,DTE,Ngom,C,6.0,6.0,False,True
27,DTE,Bernabè,C,,,False,True
27,DTE,Lobotka,C,,,False,True
27,DTE,Arena A.,A,,,False,True
27,DTE,Nkunku,A,5.5,5.5,False,True
27,DTE,Morata,A,,,False,True
27,DTE,Ferguson E.,A,,,False,True
27,KAMADO,Gollini,P,,,False,False
27,KAMADO,Dimarco,D,6.0,6.0,True,False
27,KAMADO,Obert,D,5.0,4.0,True,False
27,KAMADO,Vojvoda,D,,,False,False
27,KAMADO,Zaniolo,C,5.0,4.5,True,False
27,KAMADO,Malinovskyi,C,6.0,6.0,True,False
27,KAMADO,Rowe,C,,,False,False
27,KAMADO,Venturino,C,,,False,False
27,KAMADO,Vitinha O.,A,7.0,10.5,True,False
27,KAMADO,Pedro,A,6.0,5.5,True,False
27,KAMADO,Hojlund,A,7.0,10.0,True,False
27,KAMADO,Rodriguez Je.,A,6.0,6.0,False,True
27,KAMADO,Solomon,A,,,False,True
27,KAMADO,Raspadori,A,,,False,True
27,KAMADO,Taylor K.,C,6.5,6.5,True,True
27,KAMADO,Ekkelenkamp,C,5.5,5.5,True,True
27,KAMADO,Ondrejka,C,,,False,True
27,KAMADO,Norton-Cuffy,D,6.0,6.0,True,True
27,KAMADO,Ahanor,D,,,False,True
27,KAMADO,Nelsson,D,5.5,5.5,False,True
27,KAMADO,Kristensen T.,D,6.0,6.0,False,True
27,KAMADO,Pedro Felipe,D,,,False,True
27,KAMADO,Butez,P,6.0,5.0,True,True
27,KAMADO,Svilar,P,6.0,4.0,False,True
27,KAMADO,Rabiot,C,,,False,True
27,ROMINA&ROMOLO,Caprile,P,6.0,3.0,True,False
27,ROMINA&ROMOLO,Martin,D,6.5,7.5,True,False
27,ROMINA&ROMOLO,Gosens,D,6.5,7.5,True,False
27,ROMINA&ROMOLO,Muharemovic,D,6.5,6.5,True,False
27,ROMINA&ROMOLO,Tomori,D,6.0,6.0,True,False
27,ROMINA&ROMOLO,Saelemaekers,C,6.0,6.0,True,False
27,ROMINA&ROMOLO,Konè I.,C,6.0,6.0,True,False
27,ROMINA&ROMOLO,Thorstvedt,C,6.0,6.0,True,False
27,ROMINA&ROMOLO,Baturina,C,6.5,6.5,True,False
27,ROMINA&ROMOLO,Santos A.,C,5.5,5.5,True,False
27,ROMINA&ROMOLO,Pellegrino M.,A,7.0,10.0,True,False
27,ROMINA&ROMOLO,Giovane,A,,,False,True
27,ROMINA&ROMOLO,David,A,,,False,True
27,ROMINA&ROMOLO,Durosinmi,A,4.0,3.0,False,True
27,ROMINA&ROMOLO,Diao,A,7.0,7.0,False,True
27,ROMINA&ROMOLO,Ratkov,A,,,False,True
27,ROMINA&ROMOLO,Odgaard,C,6.5,6.5,False,True
27,ROMINA&ROMOLO,Gandelman,C,6.0,6.0,False,True
27,ROMINA&ROMOLO,Cataldi,C,,,False,True
27,ROMINA&ROMOLO,Bernasconi,D,5.5,5.5,False,True
27,ROMINA&ROMOLO,Ziolkowski,D,5.5,5.5,False,True
27,ROMINA&ROMOLO,Belghali,D,5.5,5.5,False,True
27,ROMINA&ROMOLO,Rrahmani,D,,,False,True
27,ROMINA&ROMOLO,Maignan,P,6.0,5.0,False,True
27,ROMINA&ROMOLO,Terracciano,P,,,False,True
27,HISASHI MITSUI,Bijlow,P,6.0,7.0,True,False
27,HISASHI MITSUI,Olivera,D,6.0,6.0,True,False
27,HISASHI MITSUI,Bastoni,D,,,False,False
27,HISASHI MITSUI,Buongiorno,D,6.5,6.5,True,False
27,HISASHI MITSUI,Dodò,D,7.5,10.5,True,False
27,HISASHI MITSUI,Pulisic,C,5.5,5.5,True,False
27,HISASHI MITSUI,Zambo Anguissa,C,5.0,5.0,True,False
27,HISASHI MITSUI,Politano,C,7.5,12.5,True,False
27,HISASHI MITSUI,Colombo,A,6.0,6.0,True,False
27,HISASHI MITSUI,Simeone,A,7.5,10.5,True,False
27,HISASHI MITSUI,Orban G.,A,5.5,5.5,True,False
27,HISASHI MITSUI,Leali,P,,,False,True
27,HISASHI MITSUI,Sommariva,P,,,False,True
27,HISASHI MITSUI,Coco,D,6.5,6.5,True,True
27,HISASHI MITSUI,Vitik,D,7.0,7.0,False,True
27,HISASHI MITSUI,Angelino,D,,,False,True
27,HISASHI MITSUI,Thuram K.,C,6.0,6.0,False,True
27,HISASHI MITSUI,Fagioli,C,7.0,7.0,False,True
27,HISASHI MITSUI,El Aynaoui,C,,,False,True
27,HISASHI MITSUI,Vardy,A,,,False,True
27,ASR YOYO,Carnesecchi,P,5.5,4.5,True,False
27,ASR YOYO,Palestra,D,5.0,5.0,True,False
27,ASR YOYO,Ostigard,D,7.0,10.0,True,False
27,ASR YOYO,Scalvini,D,6.0,6.0,True,False
27,ASR YOYO,Kalulu,D,6.0,6.0,True,False
27,ASR YOYO,Pellegrini Lo.,C,6.5,6.5,True,False
27,ASR YOYO,Modric,C,6.0,6.0,True,False
27,ASR YOYO,Gudmundsson A.,C,7.0,10.5,True,False
27,ASR YOYO,Malen,A,6.5,8.5,True,False
27,ASR YOYO,Esposito F.P.,A,7.0,10.0,True,False
27,ASR YOYO,Scamacca,A,5.5,5.5,True,False
27,ASR YOYO,Sportiello,P,,,False,True
27,ASR YOYO,Rossi F.,P,,,False,True
27,ASR YOYO,Akanji,D,6.0,6.0,False,True
27,ASR YOYO,Kelly L.,D,6.0,5.5,False,True
27,ASR YOYO,Parisi,D,7.0,10.0,False,True
27,ASR YOYO,Holm,D,,,False,True
27,ASR YOYO,Miretti,C,,,False,True
27,ASR YOYO,Maldini,C,6.5,6.5,False,True
27,ASR YOYO,Zaragoza,C,,,False,True
27,ASR YOYO,Rovella,C,,,False,True
27,ASR YOYO,Collocolo,C,,,False,True
27,ASR YOYO,Kean,A,,,False,True
27,ASR YOYO,Cambiaghi,A,6.0,6.0,False,True
27,ASR YOYO,Aboukhlal,A,,,False,True
27,GOODBYE,Di Gregorio,P,,,False,False
27,GOODBYE,Celik,D,6.0,6.0,True,False
27,GOODBYE,Bremer,D,6.5,6.5,True,False
27,GOODBYE,Mancini,D,6.0,6.0,True,False
27,GOODBYE,Spinazzola,D,6.0,6.0,True,False
27,GOODBYE,Van Der Brempt,D,,,False,False
27,GOODBYE,Zalewski,C,5.5,5.5,True,False
27,GOODBYE,Matic,C,5.5,5.5,True,False
27,GOODBYE,Cristante,C,5.0,5.0,True,False
27,GOODBYE,Locatelli,C,6.5,6.5,True,False
27,GOODBYE,Lukaku,A,,,False,False
27,GOODBYE,Perin,P,6.0,7.0,True,True
27,GOODBYE,Pinsoglio,P,,,False,True
27,GOODBYE,Hermoso,D,5.0,5.0,True,True
27,GOODBYE,De Vrij,D,,,False,True
27,GOODBYE,Floriani Mussolini,D,4.5,4.5,False,True
27,GOODBYE,El Shaarawy,C,6.5,6.5,False,True
27,GOODBYE,Adzic,C,,,False,True
27,GOODBYE,Sala A.,C,,,False,True
27,GOODBYE,Stengs,C,,,False,True
27,GOODBYE,Openda,A,,,False,True
27,GOODBYE,Soulè,A,,,False,True
27,GOODBYE,Pavoletti,A,7.0,10.0,True,True
27,GOODBYE,Milik,A,,,False,True
27,GOODBYE,Dybala,A,,,False,True
27,OLD LIN,De Gea,P,6.0,5.0,True,False
27,OLD LIN,Luperto,D,4.5,4.5,True,False
27,OLD LIN,Heggem,D,,,False,False
27,OLD LIN,Delprato,D,5.0,4.5,True,False
27,OLD LIN,Strefezza,C,6.5,7.0,True,False
27,OLD LIN,Konè M.,C,5.0,5.0,True,False
27,OLD LIN,Barella,C,6.5,7.5,True,False
27,OLD LIN,McKennie,C,6.0,6.0,True,False
27,OLD LIN,Zapata D.,A,7.0,10.0,True,False
27,OLD LIN,Castro S.,A,6.0,6.0,True,False
27,OLD LIN,Berardi,A,5.5,5.5,True,False
27,OLD LIN,Christensen O.,P,,,False,True
27,OLD LIN,Lezzerini,P,,,False,True
27,OLD LIN,Baschirotto,D,,,False,True
27,OLD LIN,Ismajli,D,6.5,6.5,True,True
27,OLD LIN,Gallo,D,6.0,7.0,False,True
27,OLD LIN,Circati,D,4.5,4.5,False,True
27,OLD LIN,Zappa,D,5.0,5.0,False,True
27,OLD LIN,Brescianini,C,6.5,6.5,False,True
27,OLD LIN,Ellertsson,C,6.0,6.0,False,True
27,OLD LIN,Pasalic,C,5.5,5.5,False,True
27,OLD LIN,Gaetano,C,5.5,5.5,False,True
27,OLD LIN,Martinez L.,A,,,False,True
27,OLD LIN,Krstovic,A,7.0,11.0,False,True
27,OLD LIN,Cheddira,A,6.0,6.0,False,True
27,QICELLO,Meret,P,6.0,5.0,True,False
27,QICELLO,Gutierrez,D,6.0,6.0,True,False
27,QICELLO,Pavlovic,D,6.0,6.0,True,False
27,QICELLO,Bisseck,D,6.5,6.5,True,False
27,QICELLO,McTominay,C,6.5,6.5,True,False
27,QICELLO,Perrone,C,6.0,6.0,True,False
27,QICELLO,Zielinski,C,5.5,5.5,True,False
27,QICELLO,Vlasic,C,7.0,7.0,True,False
27,QICELLO,Yildiz,A,7.0,8.0,True,False
27,QICELLO,Adams C.,A,7.0,8.0,True,False
27,QICELLO,Boga,A,7.0,11.0,True,False
27,QICELLO,Milinkovic-Savic V.,P,,,False,True
27,QICELLO,Contini,P,,,False,True
27,QICELLO,Miranda J.,D,6.5,6.5,False,True
27,QICELLO,De Winter,D,5.5,5.5,False,True
27,QICELLO,Rensch,D,5.5,5.5,False,True
27,QICELLO,Gabbia,D,,,False,True
27,QICELLO,Di Lorenzo,D,,,False,True
27,QICELLO,Vergara,C,,,False,True
27,QICELLO,Frattesi,C,5.5,5.5,False,True
27,QICELLO,Isaksen,C,7.0,11.0,False,True
27,QICELLO,Diouf,C,,,False,True
27,QICELLO,Kilicsoy,A,5.0,5.0,False,True
27,QICELLO,Piccoli,A,7.5,12.5,False,True
27,QICELLO,Bowie,A,5.5,5.5,False,True
28,GOODBYE,Di Gregorio,P,,,False,False
28,GOODBYE,Celik,D,,,False,False
28,GOODBYE,Bremer,D,5.5,5.0,True,False
28,GOODBYE,Mancini,D,6.0,6.0,True,False
28,GOODBYE,Spinazzola,D,6.0,6.0,True,False
28,GOODBYE,Van Der Brempt,D,6.5,6.5,True,False
28,GOODBYE,Zalewski,C,5.5,5.5,True,False
28,GOODBYE,Matic,C,,,False,False
28,GOODBYE,Cristante,C,6.5,6.5,True,False
28,GOODBYE,Locatelli,C,5.0,3.0,True,False
28,GOODBYE,Lukaku,A,,,False,False
28,GOODBYE,Perin,P,6.5,5.5,True,True
28,GOODBYE,Pinsoglio,P,,,False,True
28,GOODBYE,Hermoso,D,7.0,8.0,True,True
28,GOODBYE,De Vrij,D,,,False,True
28,GOODBYE,Floriani Mussolini,D,,,False,True
28,GOODBYE,El Shaarawy,C,,,False,True
28,GOODBYE,Adzic,C,,,False,True
28,GOODBYE,Sala A.,C,,,False,True
28,GOODBYE,Stengs,C,5.5,5.5,True,True
28,GOODBYE,Openda,A,,,False,True
28,GOODBYE,Soulè,A,,,False,True
28,GOODBYE,Pavoletti,A,,,False,True
28,GOODBYE,Milik,A,6.0,6.0,True,True
28,GOODBYE,Dybala,A,,,False,True
28,OLD LIN,De Gea,P,6.5,5.5,True,False
28,OLD LIN,Luperto,D,6.5,6.5,True,False
28,OLD LIN,Heggem,D,6.0,6.0,True,False
28,OLD LIN,Circati,D,5.5,5.5,True,False
28,OLD LIN,Strefezza,C,5.0,5.0,True,False
28,OLD LIN,Ellertsson,C,5.5,5.5,True,False
28,OLD LIN,Barella,C,6.0,6.5,True,False
28,OLD LIN,McKennie,C,5.5,5.5,True,False
28,OLD LIN,Martinez L.,A,,,False,False
28,OLD LIN,Krstovic,A,6.0,6.0,True,False
28,OLD LIN,Berardi,A,6.5,7.5,True,False
28,OLD LIN,Christensen O.,P,,,False,True
28,OLD LIN,Lezzerini,P,,,False,True
28,OLD LIN,Baschirotto,D,,,False,True
28,OLD LIN,Zappa,D,,,False,True
28,OLD LIN,Ismajli,D,5.5,5.5,False,True
28,OLD LIN,Gallo,D,5.5,5.5,False,True
28,OLD LIN,Delprato,D,,,False,True
28,OLD LIN,Gaetano,C,6.0,6.0,False,True
28,OLD LIN,Brescianini,C,5.5,5.0,False,True
28,OLD LIN,Konè M.,C,,,False,True
28,OLD LIN,Pasalic,C,5.5,5.5,False,True
28,OLD LIN,Castro S.,A,5.0,4.5,True,True
28,OLD LIN,Zapata D.,A,5.5,5.5,False,True
28,OLD LIN,Cheddira,A,5.5,5.5,False,True
28,DTE,Sommer,P,5.5,4.5,True,False
28,DTE,Valle,D,,,False,False
28,DTE,Ramon,D,,,False,False
28,DTE,Kempf,D,6.5,6.5,True,False
28,DTE,Bartesaghi,D,6.5,6.5,True,False
28,DTE,Paz N.,C,7.0,10.0,True,False
28,DTE,Pisilli,C,5.5,5.0,True,False
28,DTE,Frendrup,C,6.0,6.0,True,False
28,DTE,Atta,C,5.5,5.5,True,False
28,DTE,Leao,A,,,False,False
28,DTE,Douvikas,A,7.0,10.0,True,False
28,DTE,Di Gennaro,P,,,False,True
28,DTE,Martinez Jo.,P,,,False,True
28,DTE,Solet,D,7.0,6.5,True,True
28,DTE,Diego Carlos,D,6.5,6.5,True,True
28,DTE,Terracciano F.,D,6.0,6.0,False,True
28,DTE,Otoa,D,,,False,True
28,DTE,Miller L.,C,,,False,True
28,DTE,Ngom,C,6.5,6.5,False,True
28,DTE,Lobotka,C,6.0,5.5,False,True
28,DTE,Bernabè,C,,,False,True
28,DTE,Nkunku,A,5.5,5.5,True,True
28,DTE,Morata,A,6.0,6.0,False,True
28,DTE,Ferguson E.,A,,,False,True
28,QICELLO,Meret,P,,,False,False
28,QICELLO,Gutierrez,D,6.5,6.5,True,False
28,QICELLO,Pavlovic,D,7.0,9.5,True,False
28,QICELLO,Bisseck,D,6.5,6.5,True,False
28,QICELLO,McTominay,C,7.0,11.0,True,False
28,QICELLO,Zielinski,C,5.5,5.5,True,False
28,QICELLO,Perrone,C,7.5,10.5,True,False
28,QICELLO,Isaksen,C,5.5,5.5,True,False
28,QICELLO,Yildiz,A,7.0,10.0,True,False
28,QICELLO,Adams C.,A,5.5,5.5,True,False
28,QICELLO,Boga,A,5.5,5.5,True,False
28,QICELLO,Milinkovic-Savic V.,P,6.0,7.0,True,True
28,QICELLO,Contini,P,,,False,True
28,QICELLO,Rensch,D,6.0,6.0,False,True
28,QICELLO,Miranda J.,D,5.5,5.5,False,True
28,QICELLO,De Winter,D,5.5,5.5,False,True
28,QICELLO,Gabbia,D,,,False,True
28,QICELLO,Di Lorenzo,D,,,False,True
28,QICELLO,Vlasic,C,7.0,9.0,False,True
28,QICELLO,Vergara,C,,,False,True
28,QICELLO,Frattesi,C,6.0,6.0,False,True
28,QICELLO,Diouf,C,,,False,True
28,QICELLO,Kilicsoy,A,5.5,5.5,False,True
28,QICELLO,Piccoli,A,,,False,True
28,QICELLO,Bowie,A,5.5,5.5,False,True
28,HISASHI MITSUI,Bijlow,P,5.5,3.5,True,False
28,HISASHI MITSUI,Olivera,D,5.5,5.0,True,False
28,HISASHI MITSUI,Bastoni,D,,,False,False
28,HISASHI MITSUI,Buongiorno,D,6.0,6.0,True,False
28,HISASHI MITSUI,Dodò,D,6.5,6.5,True,False
28,HISASHI MITSUI,Pulisic,C,6.5,7.5,True,False
28,HISASHI MITSUI,Zambo Anguissa,C,6.0,6.0,True,False
28,HISASHI MITSUI,Politano,C,6.5,6.5,True,False
28,HISASHI MITSUI,Colombo,A,6.0,5.5,True,False
28,HISASHI MITSUI,Simeone,A,7.0,10.0,True,False
28,HISASHI MITSUI,Orban G.,A,5.0,5.0,True,False
28,HISASHI MITSUI,Leali,P,,,False,True
28,HISASHI MITSUI,Sommariva,P,,,False,True
28,HISASHI MITSUI,Coco,D,5.0,5.0,True,True
28,HISASHI MITSUI,Vitik,D,5.5,5.5,False,True
28,HISASHI MITSUI,Mina,D,6.5,6.5,False,True
28,HISASHI MITSUI,Angelino,D,6.0,5.5,False,True
28,HISASHI MITSUI,El Aynaoui,C,5.5,5.5,False,True
28,HISASHI MITSUI,Baldanzi,C,5.5,5.5,False,True
28,HISASHI MITSUI,Thuram K.,C,5.5,5.5,False,True
28,HISASHI MITSUI,Fagioli,C,6.5,6.5,False,True
28,HISASHI MITSUI,Vardy,A,6.5,7.5,False,True
28,ROMINA&ROMOLO,Maignan,P,6.5,4.5,True,False
28,ROMINA&ROMOLO,Muharemovic,D,7.0,7.0,True,False
28,ROMINA&ROMOLO,Bernasconi,D,6.0,6.0,True,False
28,ROMINA&ROMOLO,Martin,D,,,False,False
28,ROMINA&ROMOLO,Tomori,D,6.0,5.5,True,False
28,ROMINA&ROMOLO,Konè I.,C,6.0,6.0,True,False
28,ROMINA&ROMOLO,Saelemaekers,C,6.0,6.0,True,False
28,ROMINA&ROMOLO,Baturina,C,7.0,10.0,True,False
28,ROMINA&ROMOLO,Santos A.,C,6.0,6.0,True,False
28,ROMINA&ROMOLO,Diao,A,7.5,12.5,True,False
28,ROMINA&ROMOLO,Pellegrino M.,A,5.0,5.0,True,False
28,ROMINA&ROMOLO,David,A,,,False,True
28,ROMINA&ROMOLO,Giovane,A,,,False,True
28,ROMINA&ROMOLO,Ratkov,A,,,False,True
28,ROMINA&ROMOLO,Odgaard,C,,,False,True
28,ROMINA&ROMOLO,Thorstvedt,C,,,False,True
28,ROMINA&ROMOLO,Gandelman,C,5.5,5.5,False,True
28,ROMINA&ROMOLO,Cataldi,C,,,False,True
28,ROMINA&ROMOLO,Gosens,D,5.5,5.5,True,True
28,ROMINA&ROMOLO,Belghali,D,5.5,5.5,False,True
28,ROMINA&ROMOLO,Ziolkowski,D,,,False,True
28,ROMINA&ROMOLO,Rrahmani,D,,,False,True
28,ROMINA&ROMOLO,Terracciano,P,,,False,True
28,ROMINA&ROMOLO,Caprile,P,6.5,5.5,False,True
28,ASR YOYO,Carnesecchi,P,6.5,7.5,True,False
28,ASR YOYO,Palestra,D,6.0,6.0,True,False
28,ASR YOYO,Ostigard,D,5.5,5.5,True,False
28,ASR YOYO,Scalvini,D,6.0,6.0,True,False
28,ASR YOYO,Kalulu,D,6.5,6.5,True,False
28,ASR YOYO,Pellegrini Lo.,C,6.0,6.0,True,False
28,ASR YOYO,Modric,C,6.5,6.5,True,False
28,ASR YOYO,Zaragoza,C,,,False,False
28,ASR YOYO,Malen,A,6.0,6.0,True,False
28,ASR YOYO,Esposito F.P.,A,7.0,10.0,True,False
28,ASR YOYO,Scamacca,A,,,False,False
28,ASR YOYO,Sportiello,P,,,False,True
28,ASR YOYO,Rossi F.,P,,,False,True
28,ASR YOYO,Akanji,D,6.0,6.0,False,True
28,ASR YOYO,Kelly L.,D,6.0,6.0,False,True
28,ASR YOYO,Parisi,D,6.0,6.0,False,True
28,ASR YOYO,Holm,D,,,False,True
28,ASR YOYO,Miretti,C,5.5,5.5,True,True
28,ASR YOYO,Maldini,C,5.5,5.5,False,True
28,ASR YOYO,Gudmundsson A.,C,6.0,6.0,False,True
28,ASR YOYO,Rovella,C,,,False,True
28,ASR YOYO,Collocolo,C,,,False,True
28,ASR YOYO,Kean,A,5.5,5.0,True,True
28,ASR YOYO,Cambiaghi,A,5.5,5.5,False,True
28,ASR YOYO,Aboukhlal,A,,,False,True
28,KAMADO,Gollini,P,,,False,False
28,KAMADO,Dimarco,D,5.5,5.0,True,False
28,KAMADO,Ahanor,D,,,False,False
28,KAMADO,Vojvoda,D,,,False,False
28,KAMADO,Malinovskyi,C,6.5,6.5,True,False
28,KAMADO,Rabiot,C,7.0,10.0,True,False
28,KAMADO,Rowe,C,5.5,5.5,True,False
28,KAMADO,Zaniolo,C,6.5,7.0,True,False
28,KAMADO,Raspadori,A,5.5,5.5,True,False
28,KAMADO,Hojlund,A,6.0,6.0,True,False
28,KAMADO,Rodriguez Je.,A,6.0,6.0,True,False
28,KAMADO,Butez,P,6.0,7.0,True,True
28,KAMADO,Svilar,P,6.0,7.0,False,True
28,KAMADO,Norton-Cuffy,D,5.5,5.5,True,True
28,KAMADO,Kristensen T.,D,6.5,6.5,True,True
28,KAMADO,Nelsson,D,6.0,6.0,False,True
28,KAMADO,Pedro Felipe,D,,,False,True
28,KAMADO,Obert,D,,,False,True
28,KAMADO,Venturino,C,,,False,True
28,KAMADO,Taylor K.,C,8.0,14.5,False,True
28,KAMADO,Ekkelenkamp,C,6.5,10.5,False,True
28,KAMADO,Ondrejka,C,5.5,5.0,False,True
28,KAMADO,Vitinha O.,A,5.0,5.0,False,True
28,KAMADO,Pedro,A,6.0,6.0,False,True
28,KAMADO,Solomon,A,,,False,True
28,TEAM PC,Skorupski,P,,,False,False
28,TEAM PC,Zappacosta,D,7.0,11.0,True,False
28,TEAM PC,Cambiaso,D,5.5,5.5,True,False
28,TEAM PC,Zortea,D,5.5,5.5,True,False
28,TEAM PC,Bellanova,D,,,False,False
28,TEAM PC,Koopmeiners,C,5.5,5.5,True,False
28,TEAM PC,Conceicao,C,7.0,8.0,True,False
28,TEAM PC,Ederson D.S.,C,6.5,6.5,True,False
28,TEAM PC,Vlahovic,A,6.5,6.5,True,False
28,TEAM PC,Vaz,A,7.0,11.0,True,False
28,TEAM PC,Esposito Se.,A,6.0,6.0,True,False
28,TEAM PC,Ravaglia F.,P,6.0,4.0,True,True
28,TEAM PC,Pessina Mas.,P,,,False,True
28,TEAM PC,De Ketelaere,A,6.5,6.5,False,True
28,TEAM PC,Acerbi,D,6.0,6.0,True,True
28,TEAM PC,Doig,D,,,False,True
28,TEAM PC,Sucic P.,C,,,False,True
28,TEAM PC,Kamara H.,D,6.0,5.5,False,True
28,TEAM PC,Tourè I.,C,,,False,True
28,TEAM PC,N'Dicka,D,6.5,6.5,False,True
28,TEAM PC,Coulibaly L.,C,,,False,True
28,TEAM PC,Zaccagni,C,,,False,True
28,TEAM PC,Elmas,C,,,False,True
28,TEAM PC,Pinamonti,A,7.0,11.0,False,True
28,TEAM PC,Laurientè,A,6.0,6.0,False,True
28,ROMANHOLIDAY,Falcone,P,6.0,5.0,True,False
28,ROMANHOLIDAY,Vasquez,D,6.0,6.0,True,False
28,ROMANHOLIDAY,Gatti,D,,,False,False
28,ROMANHOLIDAY,Dumfries,D,6.0,6.0,True,False
28,ROMANHOLIDAY,Wesley,D,,,False,False
28,ROMANHOLIDAY,Da Cunha,C,6.5,6.5,True,False
28,ROMANHOLIDAY,Calhanoglu,C,6.0,6.0,True,False
28,ROMANHOLIDAY,De Bruyne,C,6.0,6.0,True,False
28,ROMANHOLIDAY,Davis K.,A,7.0,9.5,True,False
28,ROMANHOLIDAY,Bonazzoli,A,6.5,6.5,True,False
28,ROMANHOLIDAY,Thuram,A,6.0,6.0,True,False
28,ROMANHOLIDAY,Provedel,P,,,False,True
28,ROMANHOLIDAY,Zelezny,P,,,False,True
28,ROMANHOLIDAY,Carlos Augusto,D,6.0,5.5,True,True
28,ROMANHOLIDAY,Darmian,D,,,False,True
28,ROMANHOLIDAY,Smolcic I.,D,,,False,True
28,ROMANHOLIDAY,Veiga D.,D,5.5,5.0,True,True
28,ROMANHOLIDAY,Orsolini,C,5.0,3.0,False,True
28,ROMANHOLIDAY,Mkhitaryan,C,,,False,True
28,ROMANHOLIDAY,Luis Henrique,C,,,False,True
28,ROMANHOLIDAY,Amorim,C,,,False,True
28,ROMANHOLIDAY,Jashari,C,,,False,True
28,ROMANHOLIDAY,Fullkrug,A,5.5,5.5,False,True
28,ROMANHOLIDAY,Bonny,A,5.5,5.5,False,True
28,ROMANHOLIDAY,Stulic,A,5.5,5.5,False,True
29,KAMADO,Gollini,P,,,False,False
29,KAMADO,Dimarco,D,6.5,6.5,True,False
29,KAMADO,Ahanor,D,,,False,False
29,KAMADO,Vojvoda,D,5.5,5.5,True,False
29,KAMADO,Zaniolo,C,6.0,6.0,True,False
29,KAMADO,Rabiot,C,6.0,6.0,True,False
29,KAMADO,Rowe,C,7.0,11.0,True,False
29,KAMADO,Taylor K.,C,6.5,7.5,True,False
29,KAMADO,Hojlund,A,,,False,False
29,KAMADO,Raspadori,A,7.0,10.0,True,False
29,KAMADO,Pedro,A,5.5,5.5,True,False
29,KAMADO,Butez,P,6.5,7.5,True,True
29,KAMADO,Svilar,P,5.5,0.5,False,True
29,KAMADO,Obert,D,5.5,5.5,True,True
29,KAMADO,Kristensen T.,D,5.5,5.0,False,True
29,KAMADO,Nelsson,D,6.0,5.5,False,True
29,KAMADO,Pedro Felipe,D,,,False,True
29,KAMADO,Norton-Cuffy,D,,,False,True
29,KAMADO,Malinovskyi,C,5.0,5.0,False,True
29,KAMADO,Venturino,C,,,False,True
29,KAMADO,Ekkelenkamp,C,5.5,5.5,False,True
29,KAMADO,Ondrejka,C,,,False,True
29,KAMADO,Vitinha O.,A,5.0,5.0,True,True
29,KAMADO,Rodriguez Je.,A,,,False,True
29,KAMADO,Solomon,A,,,False,True
29,HISASHI MITSUI,Bijlow,P,6.0,4.0,True,False
29,HISASHI MITSUI,Bastoni,D,6.0,6.0,True,False
29,HISASHI MITSUI,Coco,D,6.0,6.0,True,False
29,HISASHI MITSUI,Buongiorno,D,6.0,5.5,True,False
29,HISASHI MITSUI,Pulisic,C,5.5,5.5,True,False
29,HISASHI MITSUI,Fagioli,C,7.0,10.5,True,False
29,HISASHI MITSUI,Zambo Anguissa,C,6.0,6.0,True,False
29,HISASHI MITSUI,Politano,C,7.0,10.5,True,False
29,HISASHI MITSUI,Colombo,A,5.5,5.5,True,False
29,HISASHI MITSUI,Simeone,A,5.5,5.5,True,False
29,HISASHI MITSUI,Orban G.,A,5.5,5.5,True,False
29,HISASHI MITSUI,Leali,P,,,False,True
29,HISASHI MITSUI,Sommariva,P,,,False,True
29,HISASHI MITSUI,Vitik,D,6.0,6.0,False,True
29,HISASHI MITSUI,Mina,D,5.5,5.5,False,True
29,HISASHI MITSUI,Olivera,D,6.5,6.5,False,True
29,HISASHI MITSUI,Angelino,D,,,False,True
29,HISASHI MITSUI,Dodò,D,,,False,True
29,HISASHI MITSUI,Thuram K.,C,6.0,5.5,False,True
29,HISASHI MITSUI,El Aynaoui,C,,,False,True
29,HISASHI MITSUI,Baldanzi,C,6.5,6.5,False,True
29,HISASHI MITSUI,Loftus-Cheek,C,,,False,True
29,HISASHI MITSUI,Vardy,A,,,False,True
29,HISASHI MITSUI,Borrelli,A,5.0,5.0,False,True
29,HISASHI MITSUI,Addai,A,,,False,True
29,ROMANHOLIDAY,Falcone,P,7.0,4.0,True,False
29,ROMANHOLIDAY,Vasquez,D,5.0,5.0,True,False
29,ROMANHOLIDAY,Gatti,D,,,False,False
29,ROMANHOLIDAY,Dumfries,D,6.5,6.5,True,False
29,ROMANHOLIDAY,Smolcic I.,D,5.5,5.0,True,False
29,ROMANHOLIDAY,Da Cunha,C,6.0,6.0,True,False
29,ROMANHOLIDAY,Calhanoglu,C,7.5,11.5,True,False
29,ROMANHOLIDAY,De Bruyne,C,6.0,6.0,True,False
29,ROMANHOLIDAY,Orsolini,C,5.5,5.5,True,False
29,ROMANHOLIDAY,Bonazzoli,A,6.5,8.5,True,False
29,ROMANHOLIDAY,Thuram,A,7.5,12.5,True,False
29,ROMANHOLIDAY,Zelezny,P,,,False,True
29,ROMANHOLIDAY,Darmian,D,6.0,6.0,True,True
29,ROMANHOLIDAY,Veiga D.,D,5.5,5.5,False,True
29,ROMANHOLIDAY,Mkhitaryan,C,6.0,6.0,False,True
29,ROMANHOLIDAY,Luis Henrique,C,,,False,True
29,ROMANHOLIDAY,Amorim,C,,,False,True
29,ROMANHOLIDAY,Jashari,C,,,False,True
29,ROMANHOLIDAY,Bonny,A,6.5,6.5,False,True
29,ROMANHOLIDAY,Fullkrug,A,5.5,5.5,False,True
29,ROMANHOLIDAY,Stulic,A,,,False,True
29,GOODBYE,Di Gregorio,P,7.0,10.0,True,False
29,GOODBYE,Celik,D,5.5,5.5,True,False
29,GOODBYE,Bremer,D,7.0,10.5,True,False
29,GOODBYE,Mancini,D,7.0,10.0,True,False
29,GOODBYE,Spinazzola,D,6.5,6.5,True,False
29,GOODBYE,Van Der Brempt,D,,,False,False
29,GOODBYE,Zalewski,C,6.0,6.0,True,False
29,GOODBYE,Matic,C,6.0,6.0,True,False
29,GOODBYE,Cristante,C,5.0,5.0,True,False
29,GOODBYE,Locatelli,C,6.5,6.0,True,False
29,GOODBYE,Lukaku,A,,,False,False
29,GOODBYE,Perin,P,6.0,7.0,False,True
29,GOODBYE,Pinsoglio,P,,,False,True
29,GOODBYE,Hermoso,D,5.0,5.0,True,True
29,GOODBYE,De Vrij,D,,,False,True
29,GOODBYE,Floriani Mussolini,D,6.0,6.0,False,True
29,GOODBYE,El Shaarawy,C,6.0,6.0,False,True
29,GOODBYE,Adzic,C,,,False,True
29,GOODBYE,Sala A.,C,,,False,True
29,GOODBYE,Stengs,C,,,False,True
29,GOODBYE,Openda,A,,,False,True
29,GOODBYE,Soulè,A,5.5,5.5,True,True
29,GOODBYE,Pavoletti,A,,,False,True
29,GOODBYE,Milik,A,6.0,6.0,False,True
29,GOODBYE,Dybala,A,,,False,True
29,QICELLO,Milinkovic-Savic V.,P,6.0,7.0,True,False
29,QICELLO,Miranda J.,D,7.0,9.0,True,False
29,QICELLO,Pavlovic,D,6.5,6.5,True,False
29,QICELLO,Gutierrez,D,6.0,6.0,True,False
29,QICELLO,McTominay,C,6.0,6.0,True,False
29,QICELLO,Zielinski,C,7.0,7.5,True,False
29,QICELLO,Vlasic,C,5.5,5.5,True,False
29,QICELLO,Isaksen,C,5.5,5.5,True,False
29,QICELLO,Yildiz,A,6.0,6.0,True,False
29,QICELLO,Adams C.,A,7.0,11.0,True,False
29,QICELLO,Boga,A,,,False,False
29,QICELLO,Meret,P,,,False,True
29,QICELLO,Contini,P,,,False,True
29,QICELLO,Bisseck,D,,,False,True
29,QICELLO,Rensch,D,6.0,7.0,False,True
29,QICELLO,De Winter,D,5.5,5.5,False,True
29,QICELLO,Gabbia,D,,,False,True
29,QICELLO,Di Lorenzo,D,,,False,True
29,QICELLO,Perrone,C,5.5,5.0,False,True
29,QICELLO,Vergara,C,,,False,True
29,QICELLO,Frattesi,C,,,False,True
29,QICELLO,Diouf,C,,,False,True
29,QICELLO,Piccoli,A,5.5,5.5,True,True
29,QICELLO,Bowie,A,5.5,5.5,False,True
29,QICELLO,Kilicsoy,A,,,False,True
29,ASR YOYO,Carnesecchi,P,6.0,7.0,True,False
29,ASR YOYO,Palestra,D,6.0,6.0,True,False
29,ASR YOYO,Ostigard,D,5.0,5.0,True,False
29,ASR YOYO,Scalvini,D,7.0,11.0,True,False
29,ASR YOYO,Kalulu,D,6.0,6.0,True,False
29,ASR YOYO,Pellegrini Lo.,C,6.0,9.0,True,False
29,ASR YOYO,Maldini,C,5.5,5.5,True,False
29,ASR YOYO,Gudmundsson A.,C,5.0,4.0,True,False
29,ASR YOYO,Malen,A,6.0,6.0,True,False
29,ASR YOYO,Kean,A,5.0,5.0,True,False
29,ASR YOYO,Scamacca,A,,,False,False
29,ASR YOYO,Sportiello,P,,,False,True
29,ASR YOYO,Rossi F.,P,,,False,True
29,ASR YOYO,Holm,D,,,False,True
29,ASR YOYO,Kelly L.,D,6.5,7.5,False,True
29,ASR YOYO,Akanji,D,7.0,7.0,False,True
29,ASR YOYO,Parisi,D,,,False,True
29,ASR YOYO,Modric,C,6.0,6.0,False,True
29,ASR YOYO,Miretti,C,,,False,True
29,ASR YOYO,Zaragoza,C,,,False,True
29,ASR YOYO,Rovella,C,,,False,True
29,ASR YOYO,Collocolo,C,,,False,True
29,ASR YOYO,Cambiaghi,A,,,False,True
29,ASR YOYO,Esposito F.P.,A,6.0,6.0,True,True
29,ASR YOYO,Aboukhlal,A,,,False,True
29,ROMINA&ROMOLO,Maignan,P,6.0,5.0,True,False
29,ROMINA&ROMOLO,Tomori,D,6.0,6.0,True,False
29,ROMINA&ROMOLO,Martin,D,5.0,3.0,True,False
29,ROMINA&ROMOLO,Gosens,D,6.0,6.0,True,False
29,ROMINA&ROMOLO,Bernasconi,D,6.0,6.0,True,False
29,ROMINA&ROMOLO,Santos A.,C,6.5,6.5,True,False
29,ROMINA&ROMOLO,Thorstvedt,C,6.5,6.5,True,False
29,ROMINA&ROMOLO,Konè I.,C,6.0,6.0,True,False
29,ROMINA&ROMOLO,Baturina,C,6.0,6.0,True,False
29,ROMINA&ROMOLO,Pellegrino M.,A,6.0,5.5,True,False
29,ROMINA&ROMOLO,Diao,A,6.0,6.0,True,False
29,ROMINA&ROMOLO,David,A,6.0,6.0,False,True
29,ROMINA&ROMOLO,Giovane,A,6.0,6.0,False,True
29,ROMINA&ROMOLO,Ratkov,A,,,False,True
29,ROMINA&ROMOLO,Saelemaekers,C,6.0,6.0,False,True
29,ROMINA&ROMOLO,Gandelman,C,6.0,6.0,False,True
29,ROMINA&ROMOLO,Cataldi,C,6.0,6.0,False,True
29,ROMINA&ROMOLO,Odgaard,C,,,False,True
29,ROMINA&ROMOLO,Muharemovic,D,,,False,True
29,ROMINA&ROMOLO,Belghali,D,6.5,6.0,False,True
29,ROMINA&ROMOLO,Ziolkowski,D,,,False,True
29,ROMINA&ROMOLO,Rrahmani,D,,,False,True
29,ROMINA&ROMOLO,Terracciano,P,,,False,True
29,ROMINA&ROMOLO,Caprile,P,6.0,4.0,False,True
29,DTE,Sommer,P,6.5,4.5,True,False
29,DTE,Diego Carlos,D,6.5,6.0,True,False
29,DTE,Solet,D,7.0,7.0,True,False
29,DTE,Kempf,D,6.0,6.0,True,False
29,DTE,Bartesaghi,D,5.5,5.5,True,False
29,DTE,Paz N.,C,5.5,5.5,True,False
29,DTE,Pisilli,C,5.0,4.5,True,False
29,DTE,Frendrup,C,5.0,4.5,True,False
29,DTE,Atta,C,6.5,6.5,True,False
29,DTE,Leao,A,,,False,False
29,DTE,Douvikas,A,5.5,5.5,True,False
29,DTE,Di Gennaro,P,,,False,True
29,DTE,Martinez Jo.,P,,,False,True
29,DTE,Valle,D,5.5,5.5,False,True
29,DTE,Ramon,D,,,False,True
29,DTE,Terracciano F.,D,5.0,5.0,False,True
29,DTE,Otoa,D,,,False,True
29,DTE,Miller L.,C,6.0,6.0,False,True
29,DTE,Ngom,C,5.0,5.0,False,True
29,DTE,Lobotka,C,6.0,6.0,False,True
29,DTE,Bernabè,C,6.0,6.0,False,True
29,DTE,Nkunku,A,5.5,5.5,True,True
29,DTE,Morata,A,,,False,True
29,DTE,Ferguson E.,A,,,False,True
29,DTE,Arena A.,A,,,False,True
29,OLD LIN,De Gea,P,7.0,8.0,True,False
29,OLD LIN,Luperto,D,5.5,5.5,True,False
29,OLD LIN,Baschirotto,D,,,False,False
29,OLD LIN,Heggem,D,,,False,False
29,OLD LIN,Strefezza,C,6.5,6.0,True,False
29,OLD LIN,Gaetano,C,6.0,6.0,True,False
29,OLD LIN,Barella,C,7.5,10.5,True,False
29,OLD LIN,McKennie,C,6.5,9.0,True,False
29,OLD LIN,Krstovic,A,7.0,10.0,True,False
29,OLD LIN,Martinez L.,A,7.5,14.5,True,False
29,OLD LIN,Berardi,A,6.0,6.0,True,False
29,OLD LIN,Christensen O.,P,,,False,True
29,OLD LIN,Lezzerini,P,,,False,True
29,OLD LIN,Circati,D,6.0,6.0,True,True
29,OLD LIN,Zappa,D,,,False,True
29,OLD LIN,Ismajli,D,7.0,7.0,True,True
29,OLD LIN,Gallo,D,,,False,True
29,OLD LIN,Delprato,D,7.0,10.0,False,True
29,OLD LIN,Ellertsson,C,5.5,5.5,False,True
29,OLD LIN,Brescianini,C,,,False,True
29,OLD LIN,Konè M.,C,,,False,True
29,OLD LIN,Pasalic,C,6.5,7.0,False,True
29,OLD LIN,Castro S.,A,6.0,6.0,False,True
29,OLD LIN,Zapata D.,A,,,False,True
29,OLD LIN,Cheddira,A,5.5,5.5,False,True
29,TEAM PC,Skorupski,P,,,False,False
29,TEAM PC,Zappacosta,D,6.0,5.5,True,False
29,TEAM PC,Cambiaso,D,6.0,6.0,True,False
29,TEAM PC,Zortea,D,,,False,False
29,TEAM PC,Bellanova,D,6.0,6.0,True,False
29,TEAM PC,Koopmeiners,C,,,False,False
29,TEAM PC,Conceicao,C,6.5,7.5,True,False
29,TEAM PC,Ederson D.S.,C,7.0,7.0,True,False
29,TEAM PC,De Ketelaere,A,7.5,9.5,True,False
29,TEAM PC,Laurientè,A,5.5,5.5,True,False
29,TEAM PC,Esposito Se.,A,7.0,9.0,True,False
29,TEAM PC,Ravaglia F.,P,6.0,4.5,True,True
29,TEAM PC,Pessina Mas.,P,,,False,True
29,TEAM PC,Acerbi,D,6.0,6.0,True,True
29,TEAM PC,Doig,D,,,False,True
29,TEAM PC,Sucic P.,C,6.0,6.0,True,True
29,TEAM PC,Kamara H.,D,6.0,6.0,False,True
29,TEAM PC,Tourè I.,C,,,False,True
29,TEAM PC,N'Dicka,D,5.0,5.0,False,True
29,TEAM PC,Coulibaly L.,C,6.0,6.0,False,True
29,TEAM PC,Zaccagni,C,,,False,True
29,TEAM PC,Elmas,C,,,False,True
29,TEAM PC,Pinamonti,A,7.0,10.5,False,True
29,TEAM PC,Vlahovic,A,,,False,True
29,TEAM PC,Vaz,A,,,False,True
30,QICELLO,Milinkovic-Savic V.,P,6.0,5.0,True,False
30,QICELLO,Miranda J.,D,6.5,6.5,True,False
30,QICELLO,Pavlovic,D,5.5,5.5,True,False
30,QICELLO,Rensch,D,6.5,7.5,True,False
30,QICELLO,McTominay,C,7.0,11.0,True,False
30,QICELLO,Zielinski,C,5.5,5.0,True,False
30,QICELLO,Vlasic,C,6.0,6.0,True,False
30,QICELLO,Isaksen,C,5.5,5.5,True,False
30,QICELLO,Yildiz,A,6.0,6.0,True,False
30,QICELLO,Adams C.,A,6.0,6.0,True,False
30,QICELLO,Boga,A,7.0,11.0,True,False
30,QICELLO,Meret,P,,,False,True
30,QICELLO,Contini,P,,,False,True
30,QICELLO,Gutierrez,D,,,False,True
30,QICELLO,Bisseck,D,,,False,True
30,QICELLO,De Winter,D,4.5,4.5,False,True
30,QICELLO,Gabbia,D,,,False,True
30,QICELLO,Di Lorenzo,D,,,False,True
30,QICELLO,Perrone,C,6.0,6.0,False,True
30,QICELLO,Vergara,C,,,False,True
30,QICELLO,Frattesi,C,,,False,True
30,QICELLO,Diouf,C,,,False,True
30,QICELLO,Piccoli,A,5.5,5.0,False,True
30,QICELLO,Bowie,A,7.0,10.0,False,True
30,QICELLO,Kilicsoy,A,,,False,True
30,KAMADO,Gollini,P,,,False,False
30,KAMADO,Dimarco,D,5.0,5.0,True,False
30,KAMADO,Ahanor,D,6.0,6.0,True,False
30,KAMADO,Obert,D,6.0,6.0,True,False
30,KAMADO,Malinovskyi,C,7.0,9.5,True,False
30,KAMADO,Rowe,C,6.0,6.0,True,False
30,KAMADO,Rabiot,C,5.0,5.0,True,False
30,KAMADO,Taylor K.,C,5.5,5.5,True,False
30,KAMADO,Hojlund,A,6.5,7.5,True,False
30,KAMADO,Raspadori,A,6.0,6.0,True,False
30,KAMADO,Vitinha O.,A,6.0,6.0,True,False
30,KAMADO,Svilar,P,6.5,7.5,True,True
30,KAMADO,Butez,P,5.5,2.5,False,True
30,KAMADO,Norton-Cuffy,D,,,False,True
30,KAMADO,Vojvoda,D,,,False,True
30,KAMADO,Nelsson,D,5.5,5.5,False,True
30,KAMADO,Kristensen T.,D,6.5,6.0,False,True
30,KAMADO,Pedro Felipe,D,,,False,True
30,KAMADO,Zaniolo,C,7.5,8.5,False,True
30,KAMADO,Venturino,C,,,False,True
30,KAMADO,Ekkelenkamp,C,7.5,11.5,False,True
30,KAMADO,Ondrejka,C,,,False,True
30,KAMADO,Pedro,A,5.5,5.0,False,True
30,KAMADO,Solomon,A,,,False,True
30,KAMADO,Rodriguez Je.,A,,,False,True
30,ROMANHOLIDAY,Falcone,P,6.0,4.0,True,False
30,ROMANHOLIDAY,Vasquez,D,6.5,6.5,True,False
30,ROMANHOLIDAY,Gatti,D,6.0,6.0,True,False
30,ROMANHOLIDAY,Dumfries,D,8.0,15.0,True,False
30,ROMANHOLIDAY,Orsolini,C,7.0,10.0,True,False
30,ROMANHOLIDAY,Da Cunha,C,6.5,8.5,True,False
30,ROMANHOLIDAY,Calhanoglu,C,6.5,7.0,True,False
30,ROMANHOLIDAY,De Bruyne,C,6.0,6.0,True,False
30,ROMANHOLIDAY,Davis K.,A,7.0,7.0,True,False
30,ROMANHOLIDAY,Bonazzoli,A,5.5,5.5,True,False
30,ROMANHOLIDAY,Thuram,A,7.5,13.5,True,False
30,ROMANHOLIDAY,Zelezny,P,,,False,True
30,ROMANHOLIDAY,Carlos Augusto,D,6.0,5.5,False,True
30,ROMANHOLIDAY,Smolcic I.,D,6.0,6.0,False,True
30,ROMANHOLIDAY,Darmian,D,,,False,True
30,ROMANHOLIDAY,Veiga D.,D,6.0,6.0,False,True
30,ROMANHOLIDAY,Mkhitaryan,C,,,False,True
30,ROMANHOLIDAY,Luis Henrique,C,6.0,6.0,False,True
30,ROMANHOLIDAY,Amorim,C,,,False,True
30,ROMANHOLIDAY,Jashari,C,5.5,5.5,False,True
30,ROMANHOLIDAY,Bonny,A,5.5,5.0,False,True
30,ROMANHOLIDAY,Fullkrug,A,5.0,5.0,False,True
30,ROMANHOLIDAY,Stulic,A,5.0,5.0,False,True
30,OLD LIN,De Gea,P,7.0,8.0,True,False
30,OLD LIN,Ismajli,D,5.5,5.0,True,False
30,OLD LIN,Baschirotto,D,6.0,6.0,True,False
30,OLD LIN,Delprato,D,6.5,6.5,True,False
30,OLD LIN,Strefezza,C,7.0,10.0,True,False
30,OLD LIN,Gaetano,C,6.0,6.0,True,False
30,OLD LIN,Barella,C,7.5,9.5,True,False
30,OLD LIN,Ellertsson,C,5.5,4.5,True,False
30,OLD LIN,Krstovic,A,6.0,6.0,True,False
30,OLD LIN,Castro S.,A,6.0,6.0,True,False
30,OLD LIN,Berardi,A,5.5,4.5,True,False
30,OLD LIN,Christensen O.,P,,,False,True
30,OLD LIN,Lezzerini,P,,,False,True
30,OLD LIN,Heggem,D,,,False,True
30,OLD LIN,Zappa,D,,,False,True
30,OLD LIN,Circati,D,6.0,5.5,False,True
30,OLD LIN,Gallo,D,6.0,6.0,False,True
30,OLD LIN,Luperto,D,6.0,6.0,False,True
30,OLD LIN,Brescianini,C,,,False,True
30,OLD LIN,McKennie,C,,,False,True
30,OLD LIN,Konè M.,C,,,False,True
30,OLD LIN,Pasalic,C,6.0,6.0,False,True
30,OLD LIN,Cheddira,A,6.0,6.0,False,True
30,OLD LIN,Martinez L.,A,,,False,True
30,OLD LIN,Zapata D.,A,,,False,True
30,TEAM PC,Skorupski,P,,,False,False
30,TEAM PC,Zappacosta,D,5.5,5.5,True,False
30,TEAM PC,Cambiaso,D,5.5,5.0,True,False
30,TEAM PC,Zortea,D,6.0,6.0,True,False
30,TEAM PC,N'Dicka,D,6.5,7.5,True,False
30,TEAM PC,Koopmeiners,C,6.0,6.0,True,False
30,TEAM PC,Conceicao,C,6.0,6.0,True,False
30,TEAM PC,Ederson D.S.,C,6.0,6.0,True,False
30,TEAM PC,Pinamonti,A,5.5,5.5,True,False
30,TEAM PC,Laurientè,A,5.5,5.5,True,False
30,TEAM PC,Esposito Se.,A,7.0,11.0,True,False
30,TEAM PC,Ravaglia F.,P,,,False,True
30,TEAM PC,Pessina Mas.,P,6.5,7.5,True,True
30,TEAM PC,Acerbi,D,6.0,5.5,False,True
30,TEAM PC,Doig,D,5.5,5.0,False,True
30,TEAM PC,Sucic P.,C,6.0,5.5,False,True
30,TEAM PC,Kamara H.,D,6.0,6.0,False,True
30,TEAM PC,Tourè I.,C,5.0,4.5,False,True
30,TEAM PC,Coulibaly L.,C,6.0,6.0,False,True
30,TEAM PC,Zaccagni,C,6.0,6.0,False,True
30,TEAM PC,Elmas,C,,,False,True
30,TEAM PC,Vlahovic,A,,,False,True
30,TEAM PC,Vaz,A,,,False,True
30,TEAM PC,De Ketelaere,A,6.5,6.0,False,True
30,TEAM PC,Bellanova,D,,,False,True
30,ROMINA&ROMOLO,Maignan,P,6.0,3.0,True,False
30,ROMINA&ROMOLO,Belghali,D,5.5,5.5,True,False
30,ROMINA&ROMOLO,Muharemovic,D,6.5,6.0,True,False
30,ROMINA&ROMOLO,Gosens,D,7.0,11.0,True,False
30,ROMINA&ROMOLO,Bernasconi,D,5.5,5.5,True,False
30,ROMINA&ROMOLO,Santos A.,C,6.0,6.0,True,False
30,ROMINA&ROMOLO,Cataldi,C,,,False,False
30,ROMINA&ROMOLO,Thorstvedt,C,5.5,5.5,True,False
30,ROMINA&ROMOLO,Konè I.,C,7.0,10.0,True,False
30,ROMINA&ROMOLO,Baturina,C,5.5,5.5,True,False
30,ROMINA&ROMOLO,Diao,A,6.0,5.5,True,False
30,ROMINA&ROMOLO,Giovane,A,5.5,5.5,False,True
30,ROMINA&ROMOLO,David,A,5.5,5.5,False,True
30,ROMINA&ROMOLO,Durosinmi,A,6.0,6.0,False,True
30,ROMINA&ROMOLO,Ratkov,A,,,False,True
30,ROMINA&ROMOLO,Saelemaekers,C,5.5,5.5,True,True
30,ROMINA&ROMOLO,Odgaard,C,,,False,True
30,ROMINA&ROMOLO,Gandelman,C,5.5,5.5,False,True
30,ROMINA&ROMOLO,Martin,D,6.5,6.5,False,True
30,ROMINA&ROMOLO,Tomori,D,,,False,True
30,ROMINA&ROMOLO,Ziolkowski,D,,,False,True
30,ROMINA&ROMOLO,Rrahmani,D,,,False,True
30,ROMINA&ROMOLO,Terracciano,P,,,False,True
30,ROMINA&ROMOLO,Caprile,P,6.0,7.0,False,True
30,DTE,Sommer,P,5.0,2.0,True,False
30,DTE,Diego Carlos,D,6.0,6.0,True,False
30,DTE,Solet,D,7.0,7.0,True,False
30,DTE,Kempf,D,4.5,4.5,True,False
30,DTE,Bartesaghi,D,5.5,3.5,True,False
30,DTE,Paz N.,C,7.0,10.0,True,False
30,DTE,Pisilli,C,6.0,6.0,True,False
30,DTE,Bernabè,C,6.0,6.0,True,False
30,DTE,Atta,C,7.5,10.5,True,False
30,DTE,Leao,A,4.5,4.0,True,False
30,DTE,Douvikas,A,5.0,5.0,True,False
30,DTE,Di Gennaro,P,,,False,True
30,DTE,Martinez Jo.,P,,,False,True
30,DTE,Valle,D,6.0,8.5,False,True
30,DTE,Ramon,D,5.5,5.0,False,True
30,DTE,Terracciano F.,D,5.5,5.0,False,True
30,DTE,Otoa,D,,,False,True
30,DTE,Frendrup,C,6.0,5.5,False,True
30,DTE,Miller L.,C,,,False,True
30,DTE,Lobotka,C,6.5,6.5,False,True
30,DTE,Ngom,C,5.5,5.0,False,True
30,DTE,Nkunku,A,5.5,5.5,False,True
30,DTE,Morata,A,,,False,True
30,DTE,Ferguson E.,A,,,False,True
30,DTE,Arena A.,A,,,False,True
30,ASR YOYO,Carnesecchi,P,5.5,4.5,True,False
30,ASR YOYO,Palestra,D,6.0,6.0,True,False
30,ASR YOYO,Ostigard,D,6.0,6.0,True,False
30,ASR YOYO,Scalvini,D,5.5,5.5,True,False
30,ASR YOYO,Kalulu,D,6.5,6.5,True,False
30,ASR YOYO,Pellegrini Lo.,C,6.5,6.5,True,False
30,ASR YOYO,Modric,C,6.0,6.0,True,False
30,ASR YOYO,Maldini,C,,,False,False
30,ASR YOYO,Malen,A,8.5,18.5,True,False
30,ASR YOYO,Scamacca,A,5.5,5.5,True,False
30,ASR YOYO,Cambiaghi,A,6.0,6.0,True,False
30,ASR YOYO,Sportiello,P,,,False,True
30,ASR YOYO,Rossi F.,P,,,False,True
30,ASR YOYO,Akanji,D,6.5,6.0,False,True
30,ASR YOYO,Holm,D,6.5,6.5,False,True
30,ASR YOYO,Kelly L.,D,6.0,6.0,False,True
30,ASR YOYO,Parisi,D,,,False,True
30,ASR YOYO,Zaragoza,C,,,False,True
30,ASR YOYO,Miretti,C,,,False,True
30,ASR YOYO,Gudmundsson A.,C,,,False,True
30,ASR YOYO,Rovella,C,,,False,True
30,ASR YOYO,Collocolo,C,,,False,True
30,ASR YOYO,Esposito F.P.,A,5.5,5.5,False,True
30,ASR YOYO,Kean,A,,,False,True
30,ASR YOYO,Aboukhlal,A,,,False,True
30,HISASHI MITSUI,Bijlow,P,6.0,5.0,True,False
30,HISASHI MITSUI,Olivera,D,6.0,6.0,True,False
30,HISASHI MITSUI,Mina,D,6.0,6.0,True,False
30,HISASHI MITSUI,Buongiorno,D,5.5,5.5,True,False
30,HISASHI MITSUI,Dodò,D,6.0,5.5,True,False
30,HISASHI MITSUI,Pulisic,C,5.5,5.5,True,False
30,HISASHI MITSUI,Zambo Anguissa,C,5.5,5.5,True,False
30,HISASHI MITSUI,Politano,C,5.5,5.5,True,False
30,HISASHI MITSUI,Colombo,A,6.5,6.5,True,False
30,HISASHI MITSUI,Simeone,A,7.0,10.0,True,False
30,HISASHI MITSUI,Orban G.,A,5.5,5.5,True,False
30,HISASHI MITSUI,Leali,P,,,False,True
30,HISASHI MITSUI,Sommariva,P,,,False,True
30,HISASHI MITSUI,Coco,D,6.0,6.0,False,True
30,HISASHI MITSUI,Bastoni,D,5.5,5.5,False,True
30,HISASHI MITSUI,Vitik,D,,,False,True
30,HISASHI MITSUI,Angelino,D,,,False,True
30,HISASHI MITSUI,El Aynaoui,C,6.0,6.0,False,True
30,HISASHI MITSUI,Baldanzi,C,7.0,8.0,False,True
30,HISASHI MITSUI,Loftus-Cheek,C,,,False,True
30,HISASHI MITSUI,Thuram K.,C,5.5,5.0,False,True
30,HISASHI MITSUI,Fagioli,C,,,False,True
30,HISASHI MITSUI,Borrelli,A,5.0,5.0,False,True
30,HISASHI MITSUI,Vardy,A,,,False,True
30,HISASHI MITSUI,Addai,A,,,False,True
30,GOODBYE,Di Gregorio,P,6.5,7.5,True,False
30,GOODBYE,Celik,D,6.5,6.0,True,False
30,GOODBYE,Bremer,D,6.5,6.5,True,False
30,GOODBYE,Mancini,D,,,False,False
30,GOODBYE,Spinazzola,D,5.5,5.5,True,False
30,GOODBYE,Hermoso,D,6.0,6.0,True,False
30,GOODBYE,Zalewski,C,5.5,5.5,True,False
30,GOODBYE,Matic,C,5.5,5.5,True,False
30,GOODBYE,Cristante,C,6.5,6.5,True,False
30,GOODBYE,Locatelli,C,7.0,7.0,True,False
30,GOODBYE,Soulè,A,6.5,7.5,True,False
30,GOODBYE,Perin,P,,,False,True
30,GOODBYE,Pinsoglio,P,,,False,True
30,GOODBYE,Van Der Brempt,D,4.5,4.5,True,True
30,GOODBYE,De Vrij,D,,,False,True
30,GOODBYE,Floriani Mussolini,D,5.5,5.5,False,True
30,GOODBYE,El Shaarawy,C,6.0,6.0,False,True
30,GOODBYE,Adzic,C,,,False,True
30,GOODBYE,Sala A.,C,,,False,True
30,GOODBYE,Stengs,C,,,False,True
30,GOODBYE,Milik,A,,,False,True
30,GOODBYE,Openda,A,,,False,True
30,GOODBYE,Pavoletti,A,,,False,True
30,GOODBYE,Dybala,A,,,False,True
30,GOODBYE,Lukaku,A,,,False,True
31,OLD LIN,De Gea,P,6.5,5.5,True,False
31,OLD LIN,Gallo,D,6.0,7.0,True,False
31,OLD LIN,Luperto,D,6.5,6.5,True,False
31,OLD LIN,Baschirotto,D,6.5,6.5,True,False
31,OLD LIN,Delprato,D,6.0,6.0,True,False
31,OLD LIN,Brescianini,C,,,False,False
31,OLD LIN,Barella,C,7.5,10.5,True,False
31,OLD LIN,McKennie,C,7.0,8.0,True,False
31,OLD LIN,Strefezza,C,6.5,7.5,True,False
31,OLD LIN,Castro S.,A,5.0,5.0,True,False
31,OLD LIN,Martinez L.,A,,,False,False
31,OLD LIN,Christensen O.,P,,,False,True
31,OLD LIN,Lezzerini,P,,,False,True
31,OLD LIN,Circati,D,6.5,6.5,False,True
31,OLD LIN,Heggem,D,5.5,5.5,False,True
31,OLD LIN,Zappa,D,,,False,True
31,OLD LIN,Ismajli,D,,,False,True
31,OLD LIN,Gaetano,C,6.0,6.0,True,True
31,OLD LIN,Pasalic,C,,,False,True
31,OLD LIN,Konè M.,C,,,False,True
31,OLD LIN,Krstovic,A,7.0,10.0,True,True
31,OLD LIN,Ellertsson,C,,,False,True
31,OLD LIN,Cheddira,A,5.0,5.0,False,True
31,OLD LIN,Zapata D.,A,,,False,True
31,OLD LIN,Berardi,A,,,False,True
31,KAMADO,Gollini,P,,,False,False
31,KAMADO,Dimarco,D,6.5,7.5,True,False
31,KAMADO,Norton-Cuffy,D,,,False,False
31,KAMADO,Vojvoda,D,5.5,5.5,True,False
31,KAMADO,Zaniolo,C,6.0,5.5,True,False
31,KAMADO,Rowe,C,5.5,5.5,True,False
31,KAMADO,Rabiot,C,7.0,11.0,True,False
31,KAMADO,Taylor K.,C,6.5,7.0,True,False
31,KAMADO,Vitinha O.,A,,,False,False
31,KAMADO,Rodriguez Je.,A,6.0,6.0,True,False
31,KAMADO,Hojlund,A,5.0,5.0,True,False
31,KAMADO,Butez,P,5.5,3.5,True,True
31,KAMADO,Svilar,P,6.5,5.5,False,True
31,KAMADO,Kristensen T.,D,6.0,6.0,True,True
31,KAMADO,Ahanor,D,6.0,6.0,False,True
31,KAMADO,Nelsson,D,6.0,6.0,False,True
31,KAMADO,Obert,D,6.0,6.0,False,True
31,KAMADO,Pedro Felipe,D,,,False,True
31,KAMADO,Ekkelenkamp,C,5.5,5.5,False,True
31,KAMADO,Venturino,C,6.0,6.0,False,True
31,KAMADO,Ondrejka,C,6.0,6.0,False,True
31,KAMADO,Malinovskyi,C,,,False,True
31,KAMADO,Solomon,A,5.0,4.5,True,True
31,KAMADO,Pedro,A,,,False,True
31,KAMADO,Raspadori,A,6.0,6.0,False,True
31,ROMINA&ROMOLO,Maignan,P,6.5,7.5,True,False
31,ROMINA&ROMOLO,Tomori,D,6.0,6.0,True,False
31,ROMINA&ROMOLO,Muharemovic,D,6.5,6.5,True,False
31,ROMINA&ROMOLO,Martin,D,6.0,6.0,True,False
31,ROMINA&ROMOLO,Gosens,D,,,False,False
31,ROMINA&ROMOLO,Saelemaekers,C,6.0,6.0,True,False
31,ROMINA&ROMOLO,Thorstvedt,C,6.5,6.0,True,False
31,ROMINA&ROMOLO,Konè I.,C,6.0,5.5,True,False
31,ROMINA&ROMOLO,Santos A.,C,6.0,6.0,True,False
31,ROMINA&ROMOLO,Baturina,C,5.5,5.5,True,False
31,ROMINA&ROMOLO,Diao,A,5.0,5.0,True,False
31,ROMINA&ROMOLO,David,A,7.0,11.0,False,True
31,ROMINA&ROMOLO,Pellegrino M.,A,6.0,6.0,False,True
31,ROMINA&ROMOLO,Durosinmi,A,5.5,5.5,False,True
31,ROMINA&ROMOLO,Giovane,A,5.5,5.5,False,True
31,ROMINA&ROMOLO,Ratkov,A,,,False,True
31,ROMINA&ROMOLO,Odgaard,C,,,False,True
31,ROMINA&ROMOLO,Gandelman,C,6.0,6.0,False,True
31,ROMINA&ROMOLO,Cataldi,C,6.0,5.5,False,True
31,ROMINA&ROMOLO,Bernasconi,D,6.0,6.0,True,True
31,ROMINA&ROMOLO,Rrahmani,D,,,False,True
31,ROMINA&ROMOLO,Ziolkowski,D,,,False,True
31,ROMINA&ROMOLO,Belghali,D,5.5,5.5,False,True
31,ROMINA&ROMOLO,Terracciano,P,,,False,True
31,ROMINA&ROMOLO,Caprile,P,6.0,3.0,False,True
31,ROMANHOLIDAY,Falcone,P,6.0,5.0,True,False
31,ROMANHOLIDAY,Vasquez,D,6.0,6.0,True,False
31,ROMANHOLIDAY,Gatti,D,,,False,False
31,ROMANHOLIDAY,Dumfries,D,6.5,7.5,True,False
31,ROMANHOLIDAY,Carlos Augusto,D,6.0,6.0,True,False
31,ROMANHOLIDAY,Da Cunha,C,6.0,6.0,True,False
31,ROMANHOLIDAY,Calhanoglu,C,6.0,6.0,True,False
31,ROMANHOLIDAY,De Bruyne,C,5.5,5.5,True,False
31,ROMANHOLIDAY,Orsolini,C,6.0,6.0,True,False
31,ROMANHOLIDAY,Bonny,A,6.5,6.5,True,False
31,ROMANHOLIDAY,Thuram,A,7.0,11.0,True,False
31,ROMANHOLIDAY,Zelezny,P,,,False,True
31,ROMANHOLIDAY,Smolcic I.,D,6.0,7.0,True,True
31,ROMANHOLIDAY,Darmian,D,,,False,True
31,ROMANHOLIDAY,Veiga D.,D,6.0,6.0,False,True
31,ROMANHOLIDAY,Mkhitaryan,C,6.0,6.0,False,True
31,ROMANHOLIDAY,Luis Henrique,C,6.0,6.0,False,True
31,ROMANHOLIDAY,Amorim,C,6.5,6.5,False,True
31,ROMANHOLIDAY,Jashari,C,,,False,True
31,ROMANHOLIDAY,Bonazzoli,A,6.5,6.5,False,True
31,ROMANHOLIDAY,Fullkrug,A,,,False,True
31,ROMANHOLIDAY,Stulic,A,6.0,6.0,False,True
31,TEAM PC,Skorupski,P,,,False,False
31,TEAM PC,Zappacosta,D,6.0,6.0,True,False
31,TEAM PC,Cambiaso,D,6.0,6.0,True,False
31,TEAM PC,Kamara H.,D,5.5,5.5,True,False
31,TEAM PC,N'Dicka,D,6.0,6.0,True,False
31,TEAM PC,Zaccagni,C,5.0,3.0,True,False
31,TEAM PC,Conceicao,C,6.0,6.0,True,False
31,TEAM PC,Coulibaly L.,C,5.0,5.0,True,False
31,TEAM PC,De Ketelaere,A,6.0,6.0,True,False
31,TEAM PC,Laurientè,A,7.0,8.0,True,False
31,TEAM PC,Esposito Se.,A,6.0,5.5,True,False
31,TEAM PC,Ravaglia F.,P,6.0,4.0,True,True
31,TEAM PC,Pessina Mas.,P,,,False,True
31,TEAM PC,Acerbi,D,,,False,True
31,TEAM PC,Doig,D,,,False,True
31,TEAM PC,Sucic P.,C,,,False,True
31,TEAM PC,Tourè I.,C,5.5,5.5,False,True
31,TEAM PC,Elmas,C,5.5,5.5,False,True
31,TEAM PC,Vlahovic,A,,,False,True
31,TEAM PC,Vaz,A,6.0,6.0,False,True
31,TEAM PC,Bellanova,D,5.5,5.5,False,True
31,TEAM PC,Zortea,D,6.0,6.0,False,True
31,TEAM PC,Ederson D.S.,C,6.5,6.0,False,True
31,TEAM PC,Pinamonti,A,,,False,True
31,TEAM PC,Koopmeiners,C,,,False,True
31,DTE,Sommer,P,,,False,False
31,DTE,Kempf,D,5.0,5.0,True,False
31,DTE,Solet,D,6.0,6.0,True,False
31,DTE,Ramon,D,5.5,5.0,True,False
31,DTE,Bartesaghi,D,6.0,6.0,True,False
31,DTE,Paz N.,C,7.0,10.0,True,False
31,DTE,Pisilli,C,5.5,5.0,True,False
31,DTE,Bernabè,C,6.0,6.0,True,False
31,DTE,Atta,C,6.0,6.0,True,False
31,DTE,Leao,A,6.0,7.0,True,False
31,DTE,Morata,A,5.0,4.5,True,False
31,DTE,Di Gennaro,P,,,False,True
31,DTE,Martinez Jo.,P,6.0,7.0,True,True
31,DTE,Valle,D,,,False,True
31,DTE,Diego Carlos,D,,,False,True
31,DTE,Terracciano F.,D,6.0,6.0,False,True
31,DTE,Otoa,D,,,False,True
31,DTE,Lobotka,C,5.0,4.5,False,True
31,DTE,Frendrup,C,,,False,True
31,DTE,Miller L.,C,,,False,True
31,DTE,Ngom,C,6.0,6.0,False,True
31,DTE,Douvikas,A,5.5,5.5,False,True
31,DTE,Nkunku,A,,,False,True
31,DTE,Ferguson E.,A,,,False,True
31,DTE,Arena A.,A,,,False,True
31,GOODBYE,Di Gregorio,P,6.0,7.0,True,False
31,GOODBYE,Celik,D,6.0,6.0,True,False
31,GOODBYE,Bremer,D,6.5,6.5,True,False
31,GOODBYE,Mancini,D,6.0,6.0,True,False
31,GOODBYE,Spinazzola,D,5.0,5.0,True,False
31,GOODBYE,Hermoso,D,7.0,11.0,True,False
31,GOODBYE,Zalewski,C,6.0,6.0,True,False
31,GOODBYE,Matic,C,6.0,6.0,True,False
31,GOODBYE,Cristante,C,6.0,6.0,True,False
31,GOODBYE,Locatelli,C,6.5,6.0,True,False
31,GOODBYE,Soulè,A,6.5,6.5,True,False
31,GOODBYE,Perin,P,,,False,True
31,GOODBYE,Pinsoglio,P,,,False,True
31,GOODBYE,Van Der Brempt,D,,,False,True
31,GOODBYE,De Vrij,D,6.5,6.5,False,True
31,GOODBYE,Floriani Mussolini,D,6.0,6.0,False,True
31,GOODBYE,El Shaarawy,C,6.0,6.0,False,True
31,GOODBYE,Adzic,C,,,False,True
31,GOODBYE,Sala A.,C,,,False,True
31,GOODBYE,Stengs,C,,,False,True
31,GOODBYE,Milik,A,,,False,True
31,GOODBYE,Openda,A,,,False,True
31,GOODBYE,Pavoletti,A,,,False,True
31,GOODBYE,Dybala,A,,,False,True
31,GOODBYE,Lukaku,A,,,False,True
31,QICELLO,Milinkovic-Savic V.,P,7.0,7.0,True,False
31,QICELLO,Miranda J.,D,5.5,5.5,True,False
31,QICELLO,Pavlovic,D,6.5,6.5,True,False
31,QICELLO,Gutierrez,D,6.0,6.0,True,False
31,QICELLO,Rensch,D,6.5,7.5,True,False
31,QICELLO,McTominay,C,5.5,5.5,True,False
31,QICELLO,Vlasic,C,5.5,5.5,True,False
31,QICELLO,Zielinski,C,6.5,9.5,True,False
31,QICELLO,Yildiz,A,6.0,6.0,True,False
31,QICELLO,Adams C.,A,5.5,5.5,True,False
31,QICELLO,Boga,A,6.5,6.5,True,False
31,QICELLO,Meret,P,,,False,True
31,QICELLO,Contini,P,,,False,True
31,QICELLO,Bisseck,D,,,False,True
31,QICELLO,Gabbia,D,7.0,7.0,False,True
31,QICELLO,De Winter,D,,,False,True
31,QICELLO,Di Lorenzo,D,,,False,True
31,QICELLO,Perrone,C,6.0,6.0,False,True
31,QICELLO,Isaksen,C,,,False,True
31,QICELLO,Vergara,C,,,False,True
31,QICELLO,Frattesi,C,,,False,True
31,QICELLO,Diouf,C,,,False,True
31,QICELLO,Piccoli,A,5.5,5.5,False,True
31,QICELLO,Bowie,A,,,False,True
31,QICELLO,Kilicsoy,A,,,False,True
31,ASR YOYO,Carnesecchi,P,7.0,6.0,True,False
31,ASR YOYO,Holm,D,6.5,6.5,True,False
31,ASR YOYO,Ostigard,D,6.5,6.0,True,False
31,ASR YOYO,Akanji,D,6.5,6.5,True,False
31,ASR YOYO,Kalulu,D,6.5,7.5,True,False
31,ASR YOYO,Zaragoza,C,,,False,False
31,ASR YOYO,Modric,C,6.5,6.5,True,False
31,ASR YOYO,Gudmundsson A.,C,5.5,5.5,True,False
31,ASR YOYO,Malen,A,6.0,6.0,True,False
31,ASR YOYO,Esposito F.P.,A,6.5,6.5,True,False
31,ASR YOYO,Kean,A,,,False,False
31,ASR YOYO,Sportiello,P,,,False,True
31,ASR YOYO,Rossi F.,P,,,False,True
31,ASR YOYO,Scalvini,D,6.0,6.0,False,True
31,ASR YOYO,Kelly L.,D,6.5,6.5,False,True
31,ASR YOYO,Palestra,D,6.0,6.0,False,True
31,ASR YOYO,Parisi,D,,,False,True
31,ASR YOYO,Miretti,C,,,False,True
31,ASR YOYO,Maldini,C,,,False,True
31,ASR YOYO,Pellegrini Lo.,C,,,False,True
31,ASR YOYO,Rovella,C,,,False,True
31,ASR YOYO,Collocolo,C,,,False,True
31,ASR YOYO,Scamacca,A,,,False,True
31,ASR YOYO,Cambiaghi,A,5.5,5.5,True,True
31,ASR YOYO,Aboukhlal,A,,,False,True
31,HISASHI MITSUI,Bijlow,P,6.5,5.5,True,False
31,HISASHI MITSUI,Coco,D,6.0,5.5,True,False
31,HISASHI MITSUI,Buongiorno,D,4.5,4.5,True,False
31,HISASHI MITSUI,Dodò,D,6.0,6.0,True,False
31,HISASHI MITSUI,Pulisic,C,5.5,5.5,True,False
31,HISASHI MITSUI,Zambo Anguissa,C,5.5,5.5,True,False
31,HISASHI MITSUI,Fagioli,C,6.5,6.5,True,False
31,HISASHI MITSUI,Baldanzi,C,7.0,8.0,True,False
31,HISASHI MITSUI,Politano,C,5.5,5.5,True,False
31,HISASHI MITSUI,Simeone,A,5.5,5.5,True,False
31,HISASHI MITSUI,Colombo,A,7.0,10.0,True,False
31,HISASHI MITSUI,Leali,P,,,False,True
31,HISASHI MITSUI,Sommariva,P,,,False,True
31,HISASHI MITSUI,Olivera,D,5.0,5.0,False,True
31,HISASHI MITSUI,Angelino,D,,,False,True
31,HISASHI MITSUI,Vitik,D,,,False,True
31,HISASHI MITSUI,Mina,D,5.0,5.0,False,True
31,HISASHI MITSUI,Bastoni,D,,,False,True
31,HISASHI MITSUI,El Aynaoui,C,5.5,5.5,False,True
31,HISASHI MITSUI,Loftus-Cheek,C,,,False,True
31,HISASHI MITSUI,Thuram K.,C,7.0,10.0,False,True
31,HISASHI MITSUI,Orban G.,A,5.0,5.0,False,True
31,HISASHI MITSUI,Borrelli,A,5.0,4.5,False,True
31,HISASHI MITSUI,Vardy,A,,,False,True
31,HISASHI MITSUI,Addai,A,,,False,True
32,KAMADO,Gollini,P,,,False,False
32,KAMADO,Dimarco,D,7.0,9.0,True,False
32,KAMADO,Ahanor,D,,,False,False
32,KAMADO,Vojvoda,D,,,False,False
32,KAMADO,Rowe,C,6.0,6.0,True,False
32,KAMADO,Zaniolo,C,6.0,6.0,True,False
32,KAMADO,Taylor K.,C,6.0,6.0,True,False
32,KAMADO,Rabiot,C,6.5,6.5,True,False
32,KAMADO,Raspadori,A,5.0,5.0,True,False
32,KAMADO,Hojlund,A,7.0,7.0,True,False
32,KAMADO,Rodriguez Je.,A,,,False,False
32,KAMADO,Butez,P,5.5,6.5,True,True
32,KAMADO,Svilar,P,6.5,7.5,False,True
32,KAMADO,Kristensen T.,D,5.5,5.5,True,True
32,KAMADO,Nelsson,D,6.0,6.0,True,True
32,KAMADO,Obert,D,5.5,5.5,False,True
32,KAMADO,Pedro Felipe,D,,,False,True
32,KAMADO,Malinovskyi,C,5.5,5.5,False,True
32,KAMADO,Ekkelenkamp,C,6.5,7.5,False,True
32,KAMADO,Venturino,C,,,False,True
32,KAMADO,Ondrejka,C,,,False,True
32,KAMADO,Solomon,A,5.5,5.5,True,True
32,KAMADO,Vitinha O.,A,5.5,5.5,False,True
32,KAMADO,Pedro,A,7.5,11.5,False,True
32,KAMADO,Norton-Cuffy,D,,,False,True
32,TEAM PC,Ravaglia F.,P,6.0,4.0,True,False
32,TEAM PC,Zappacosta,D,5.5,5.5,True,False
32,TEAM PC,Zortea,D,6.0,6.0,True,False
32,TEAM PC,Kamara H.,D,5.5,5.5,True,False
32,TEAM PC,Bellanova,D,5.5,5.5,True,False
32,TEAM PC,Tourè I.,C,5.5,5.5,True,False
32,TEAM PC,Conceicao,C,6.5,6.5,True,False
32,TEAM PC,Coulibaly L.,C,6.0,5.5,True,False
32,TEAM PC,Pinamonti,A,5.5,5.5,True,False
32,TEAM PC,Laurientè,A,6.0,5.5,True,False
32,TEAM PC,Esposito Se.,A,6.0,6.0,True,False
32,TEAM PC,Pessina Mas.,P,,,False,True
32,TEAM PC,Acerbi,D,,,False,True
32,TEAM PC,Doig,D,,,False,True
32,TEAM PC,Sucic P.,C,6.5,6.5,False,True
32,TEAM PC,Elmas,C,,,False,True
32,TEAM PC,Vlahovic,A,,,False,True
32,TEAM PC,Vaz,A,6.0,6.0,False,True
32,TEAM PC,Ederson D.S.,C,6.0,6.0,False,True
32,TEAM PC,Koopmeiners,C,6.0,6.0,False,True
32,TEAM PC,De Ketelaere,A,5.5,5.5,False,True
32,TEAM PC,Zaccagni,C,,,False,True
32,TEAM PC,N'Dicka,D,6.0,6.0,False,True
32,TEAM PC,Cambiaso,D,5.5,5.0,False,True
32,TEAM PC,Skorupski,P,,,False,True
32,ROMANHOLIDAY,Falcone,P,6.5,7.5,True,False
32,ROMANHOLIDAY,Carlos Augusto,D,5.0,5.0,True,False
32,ROMANHOLIDAY,Vasquez,D,5.5,5.5,True,False
32,ROMANHOLIDAY,Dumfries,D,,,False,False
32,ROMANHOLIDAY,Wesley,D,7.0,7.0,True,False
32,ROMANHOLIDAY,Da Cunha,C,6.5,7.5,True,False
32,ROMANHOLIDAY,Calhanoglu,C,,,False,False
32,ROMANHOLIDAY,De Bruyne,C,7.5,11.5,True,False
32,ROMANHOLIDAY,Orsolini,C,6.0,6.0,True,False
32,ROMANHOLIDAY,Bonny,A,5.5,5.5,True,False
32,ROMANHOLIDAY,Thuram,A,7.0,10.0,True,False
32,ROMANHOLIDAY,Zelezny,P,,,False,True
32,ROMANHOLIDAY,Smolcic I.,D,6.0,6.0,True,True
32,ROMANHOLIDAY,Gatti,D,,,False,True
32,ROMANHOLIDAY,Darmian,D,6.0,6.0,False,True
32,ROMANHOLIDAY,Veiga D.,D,6.0,5.5,False,True
32,ROMANHOLIDAY,Mkhitaryan,C,,,False,True
32,ROMANHOLIDAY,Luis Henrique,C,,,False,True
32,ROMANHOLIDAY,Amorim,C,5.5,5.5,True,True
32,ROMANHOLIDAY,Jashari,C,,,False,True
32,ROMANHOLIDAY,Bonazzoli,A,5.5,5.5,False,True
32,ROMANHOLIDAY,Fullkrug,A,6.0,6.0,False,True
32,ROMANHOLIDAY,Stulic,A,5.0,5.0,False,True
32,DTE,Sommer,P,6.0,4.0,True,False
32,DTE,Valle,D,6.5,6.5,True,False
32,DTE,Solet,D,5.0,5.0,True,False
32,DTE,Ramon,D,6.0,6.0,True,False
32,DTE,Bartesaghi,D,5.5,5.0,True,False
32,DTE,Paz N.,C,6.5,6.5,True,False
32,DTE,Pisilli,C,6.0,6.0,True,False
32,DTE,Bernabè,C,6.5,6.5,True,False
32,DTE,Atta,C,8.0,14.0,True,False
32,DTE,Leao,A,6.0,6.0,True,False
32,DTE,Douvikas,A,7.0,11.0,True,False
32,DTE,Di Gennaro,P,,,False,True
32,DTE,Martinez Jo.,P,,,False,True
32,DTE,Kempf,D,6.5,6.0,False,True
32,DTE,Diego Carlos,D,6.0,5.5,False,True
32,DTE,Terracciano F.,D,5.0,3.0,False,True
32,DTE,Otoa,D,5.5,5.5,False,True
32,DTE,Lobotka,C,6.0,6.0,False,True
32,DTE,Frendrup,C,5.5,5.5,False,True
32,DTE,Miller L.,C,6.0,6.0,False,True
32,DTE,Ngom,C,6.0,6.0,False,True
32,DTE,Nkunku,A,,,False,True
32,DTE,Ferguson E.,A,,,False,True
32,DTE,Arena A.,A,,,False,True
32,DTE,Morata,A,,,False,True
32,OLD LIN,De Gea,P,6.0,7.0,True,False
32,OLD LIN,Gallo,D,6.0,6.0,True,False
32,OLD LIN,Luperto,D,5.0,5.0,True,False
32,OLD LIN,Baschirotto,D,5.0,5.0,True,False
32,OLD LIN,Delprato,D,6.0,6.0,True,False
32,OLD LIN,Ellertsson,C,5.0,5.0,True,False
32,OLD LIN,Barella,C,5.5,5.0,True,False
32,OLD LIN,McKennie,C,6.0,6.0,True,False
32,OLD LIN,Strefezza,C,6.0,6.0,True,False
32,OLD LIN,Castro S.,A,5.5,5.5,True,False
32,OLD LIN,Martinez L.,A,,,False,False
32,OLD LIN,Christensen O.,P,,,False,True
32,OLD LIN,Lezzerini,P,,,False,True
32,OLD LIN,Circati,D,6.0,6.0,False,True
32,OLD LIN,Heggem,D,5.0,5.0,False,True
32,OLD LIN,Zappa,D,,,False,True
32,OLD LIN,Ismajli,D,6.5,6.5,False,True
32,OLD LIN,Gaetano,C,7.0,7.0,False,True
32,OLD LIN,Brescianini,C,,,False,True
32,OLD LIN,Pasalic,C,6.0,6.0,False,True
32,OLD LIN,Konè M.,C,,,False,True
32,OLD LIN,Krstovic,A,5.5,5.5,True,True
32,OLD LIN,Cheddira,A,5.5,5.0,False,True
32,OLD LIN,Zapata D.,A,6.5,6.5,False,True
32,OLD LIN,Berardi,A,,,False,True
32,HISASHI MITSUI,Bijlow,P,6.0,5.0,True,False
32,HISASHI MITSUI,Olivera,D,6.5,6.5,True,False
32,HISASHI MITSUI,Buongiorno,D,6.0,6.0,True,False
32,HISASHI MITSUI,Dodò,D,6.0,6.0,True,False
32,HISASHI MITSUI,Pulisic,C,5.5,5.5,True,False
32,HISASHI MITSUI,Zambo Anguissa,C,,,False,False
32,HISASHI MITSUI,Fagioli,C,6.0,6.0,True,False
32,HISASHI MITSUI,Baldanzi,C,,,False,False
32,HISASHI MITSUI,Politano,C,6.5,6.5,True,False
32,HISASHI MITSUI,Simeone,A,7.0,10.0,True,False
32,HISASHI MITSUI,Colombo,A,5.5,5.5,True,False
32,HISASHI MITSUI,Leali,P,6.0,5.0,False,True
32,HISASHI MITSUI,Sommariva,P,,,False,True
32,HISASHI MITSUI,Bastoni,D,,,False,True
32,HISASHI MITSUI,Mina,D,6.0,6.0,False,True
32,HISASHI MITSUI,Coco,D,5.5,5.5,False,True
32,HISASHI MITSUI,Angelino,D,,,False,True
32,HISASHI MITSUI,Vitik,D,,,False,True
32,HISASHI MITSUI,El Aynaoui,C,7.5,11.0,True,True
32,HISASHI MITSUI,Loftus-Cheek,C,,,False,True
32,HISASHI MITSUI,Thuram K.,C,6.5,6.5,True,True
32,HISASHI MITSUI,Borrelli,A,7.0,11.0,False,True
32,HISASHI MITSUI,Orban G.,A,,,False,True
32,HISASHI MITSUI,Vardy,A,,,False,True
32,HISASHI MITSUI,Addai,A,,,False,True
32,QICELLO,Milinkovic-Savic V.,P,6.5,8.0,True,False
32,QICELLO,Bisseck,D,7.0,10.0,True,False
32,QICELLO,Pavlovic,D,6.5,6.5,True,False
32,QICELLO,Gutierrez,D,6.5,6.5,True,False
32,QICELLO,McTominay,C,7.5,9.5,True,False
32,QICELLO,Frattesi,C,,,False,False
32,QICELLO,Zielinski,C,5.5,5.5,True,False
32,QICELLO,Isaksen,C,6.5,6.5,True,False
32,QICELLO,Yildiz,A,,,False,False
32,QICELLO,Piccoli,A,,,False,False
32,QICELLO,Boga,A,5.0,4.5,True,False
32,QICELLO,Meret,P,,,False,True
32,QICELLO,Contini,P,,,False,True
32,QICELLO,Miranda J.,D,5.0,5.0,False,True
32,QICELLO,Rensch,D,6.0,5.5,False,True
32,QICELLO,Gabbia,D,6.0,6.0,False,True
32,QICELLO,De Winter,D,,,False,True
32,QICELLO,Di Lorenzo,D,,,False,True
32,QICELLO,Perrone,C,6.0,6.0,True,True
32,QICELLO,Vlasic,C,6.5,9.5,False,True
32,QICELLO,Vergara,C,,,False,True
32,QICELLO,Diouf,C,,,False,True
32,QICELLO,Bowie,A,5.5,5.5,True,True
32,QICELLO,Adams C.,A,5.5,5.5,True,True
32,QICELLO,Kilicsoy,A,,,False,True
32,ROMINA&ROMOLO,Maignan,P,6.0,7.0,True,False
32,ROMINA&ROMOLO,Rrahmani,D,6.5,6.5,True,False
32,ROMINA&ROMOLO,Muharemovic,D,6.0,6.0,True,False
32,ROMINA&ROMOLO,Belghali,D,6.5,6.5,True,False
32,ROMINA&ROMOLO,Martin,D,,,False,False
32,ROMINA&ROMOLO,Thorstvedt,C,6.0,6.0,True,False
32,ROMINA&ROMOLO,Santos A.,C,7.5,10.5,True,False
32,ROMINA&ROMOLO,Konè I.,C,6.0,6.0,True,False
32,ROMINA&ROMOLO,Saelemaekers,C,6.5,6.5,True,False
32,ROMINA&ROMOLO,Baturina,C,7.0,7.0,True,False
32,ROMINA&ROMOLO,Pellegrino M.,A,6.0,6.0,True,False
32,ROMINA&ROMOLO,Diao,A,6.5,9.0,False,True
32,ROMINA&ROMOLO,David,A,6.0,6.0,False,True
32,ROMINA&ROMOLO,Durosinmi,A,,,False,True
32,ROMINA&ROMOLO,Giovane,A,6.0,6.0,False,True
32,ROMINA&ROMOLO,Ratkov,A,,,False,True
32,ROMINA&ROMOLO,Gandelman,C,5.5,5.5,False,True
32,ROMINA&ROMOLO,Cataldi,C,,,False,True
32,ROMINA&ROMOLO,Odgaard,C,5.5,5.5,False,True
32,ROMINA&ROMOLO,Tomori,D,6.5,6.5,True,True
32,ROMINA&ROMOLO,Ziolkowski,D,,,False,True
32,ROMINA&ROMOLO,Gosens,D,,,False,True
32,ROMINA&ROMOLO,Bernasconi,D,,,False,True
32,ROMINA&ROMOLO,Terracciano,P,,,False,True
32,ROMINA&ROMOLO,Caprile,P,6.5,4.5,False,True
32,GOODBYE,Di Gregorio,P,6.0,7.0,True,False
32,GOODBYE,Celik,D,6.0,6.0,True,False
32,GOODBYE,Bremer,D,6.5,6.5,True,False
32,GOODBYE,Mancini,D,6.5,6.5,True,False
32,GOODBYE,Hermoso,D,6.0,5.5,True,False
32,GOODBYE,Locatelli,C,6.0,5.5,True,False
32,GOODBYE,Zalewski,C,5.5,5.5,True,False
32,GOODBYE,Matic,C,6.0,6.0,True,False
32,GOODBYE,Cristante,C,6.0,6.0,True,False
32,GOODBYE,Dybala,A,,,False,False
32,GOODBYE,Soulè,A,6.5,6.5,True,False
32,GOODBYE,Perin,P,,,False,True
32,GOODBYE,Spinazzola,D,,,False,True
32,GOODBYE,Floriani Mussolini,D,5.5,5.5,False,True
32,GOODBYE,Pinsoglio,P,,,False,True
32,GOODBYE,Van Der Brempt,D,,,False,True
32,GOODBYE,De Vrij,D,,,False,True
32,GOODBYE,El Shaarawy,C,,,False,True
32,GOODBYE,Adzic,C,,,False,True
32,GOODBYE,Sala A.,C,,,False,True
32,GOODBYE,Stengs,C,,,False,True
32,GOODBYE,Milik,A,,,False,True
32,GOODBYE,Openda,A,,,False,True
32,GOODBYE,Pavoletti,A,,,False,True
32,GOODBYE,Lukaku,A,,,False,True
32,ASR YOYO,Carnesecchi,P,6.0,3.0,True,False
32,ASR YOYO,Holm,D,6.0,6.0,True,False
32,ASR YOYO,Ostigard,D,6.0,6.0,True,False
32,ASR YOYO,Scalvini,D,5.5,6.5,True,False
32,ASR YOYO,Palestra,D,6.0,6.0,True,False
32,ASR YOYO,Gudmundsson A.,C,5.5,5.5,True,False
32,ASR YOYO,Modric,C,6.0,6.0,True,False
32,ASR YOYO,Maldini,C,7.0,11.0,True,False
32,ASR YOYO,Malen,A,7.5,12.5,True,False
32,ASR YOYO,Esposito F.P.,A,5.5,5.5,True,False
32,ASR YOYO,Scamacca,A,7.5,13.5,True,False
32,ASR YOYO,Sportiello,P,,,False,True
32,ASR YOYO,Rossi F.,P,,,False,True
32,ASR YOYO,Kalulu,D,6.5,6.5,False,True
32,ASR YOYO,Kelly L.,D,6.0,6.0,False,True
32,ASR YOYO,Akanji,D,6.0,6.0,False,True
32,ASR YOYO,Parisi,D,,,False,True
32,ASR YOYO,Miretti,C,,,False,True
32,ASR YOYO,Zaragoza,C,,,False,True
32,ASR YOYO,Collocolo,C,,,False,True
32,ASR YOYO,Pellegrini Lo.,C,,,False,True
32,ASR YOYO,Rovella,C,,,False,True
32,ASR YOYO,Kean,A,,,False,True
32,ASR YOYO,Cambiaghi,A,,,False,True
32,ASR YOYO,Aboukhlal,A,,,False,True
33,KAMADO,Gollini,P,,,False,False
33,KAMADO,Dimarco,D,6.5,6.5,True,False
33,KAMADO,Ahanor,D,6.5,6.5,True,False
33,KAMADO,Vojvoda,D,,,False,False
33,KAMADO,Obert,D,6.0,6.0,True,False
33,KAMADO,Zaniolo,C,7.0,7.0,True,False
33,KAMADO,Taylor K.,C,5.5,5.5,True,False
33,KAMADO,Rabiot,C,5.0,5.0,True,False
33,KAMADO,Hojlund,A,5.5,5.5,True,False
33,KAMADO,Pedro,A,6.0,6.0,True,False
33,KAMADO,Raspadori,A,6.0,6.0,True,False
33,KAMADO,Svilar,P,6.0,7.0,True,True
33,KAMADO,Butez,P,6.0,7.0,False,True
33,KAMADO,Kristensen T.,D,7.0,10.0,True,True
33,KAMADO,Norton-Cuffy,D,,,False,True
33,KAMADO,Nelsson,D,6.0,6.0,False,True
33,KAMADO,Pedro Felipe,D,,,False,True
33,KAMADO,Rowe,C,6.0,6.0,False,True
33,KAMADO,Malinovskyi,C,6.0,6.0,False,True
33,KAMADO,Venturino,C,,,False,True
33,KAMADO,Ondrejka,C,,,False,True
33,KAMADO,Solomon,A,5.0,5.0,False,True
33,KAMADO,Rodriguez Je.,A,,,False,True
33,KAMADO,Vitinha O.,A,6.0,6.0,False,True
33,KAMADO,Ekkelenkamp,C,6.5,7.5,False,True
33,ROMANHOLIDAY,Falcone,P,6.5,5.5,True,False
33,ROMANHOLIDAY,Carlos Augusto,D,6.0,6.0,True,False
33,ROMANHOLIDAY,Vasquez,D,6.5,6.5,True,False
33,ROMANHOLIDAY,Dumfries,D,6.0,6.0,True,False
33,ROMANHOLIDAY,Wesley,D,7.0,10.0,True,False
33,ROMANHOLIDAY,Da Cunha,C,6.5,6.5,True,False
33,ROMANHOLIDAY,Mkhitaryan,C,7.0,10.0,True,False
33,ROMANHOLIDAY,De Bruyne,C,5.0,5.0,True,False
33,ROMANHOLIDAY,Orsolini,C,5.5,5.5,True,False
33,ROMANHOLIDAY,Bonny,A,6.0,6.0,True,False
33,ROMANHOLIDAY,Thuram,A,6.5,10.5,True,False
33,ROMANHOLIDAY,Zelezny,P,,,False,True
33,ROMANHOLIDAY,Smolcic I.,D,6.0,6.0,False,True
33,ROMANHOLIDAY,Veiga D.,D,6.0,6.0,False,True
33,ROMANHOLIDAY,Gatti,D,,,False,True
33,ROMANHOLIDAY,Darmian,D,,,False,True
33,ROMANHOLIDAY,Jashari,C,5.0,5.0,False,True
33,ROMANHOLIDAY,Amorim,C,5.5,5.0,False,True
33,ROMANHOLIDAY,Bonazzoli,A,7.0,10.0,False,True
33,ROMANHOLIDAY,Fullkrug,A,,,False,True
33,ROMANHOLIDAY,Stulic,A,,,False,True
33,DTE,Sommer,P,6.0,7.0,True,False
33,DTE,Valle,D,5.5,5.5,True,False
33,DTE,Solet,D,7.0,7.0,True,False
33,DTE,Ramon,D,6.5,6.0,True,False
33,DTE,Bartesaghi,D,,,False,False
33,DTE,Paz N.,C,6.5,6.5,True,False
33,DTE,Pisilli,C,8.0,12.0,True,False
33,DTE,Bernabè,C,6.0,6.0,True,False
33,DTE,Atta,C,6.0,6.0,True,False
33,DTE,Leao,A,5.0,5.0,True,False
33,DTE,Douvikas,A,5.0,5.0,True,False
33,DTE,Di Gennaro,P,,,False,True
33,DTE,Martinez Jo.,P,,,False,True
33,DTE,Kempf,D,,,False,True
33,DTE,Diego Carlos,D,6.0,6.0,True,True
33,DTE,Terracciano F.,D,5.0,5.0,False,True
33,DTE,Otoa,D,,,False,True
33,DTE,Miller L.,C,6.0,7.0,False,True
33,DTE,Lobotka,C,6.0,6.0,False,True
33,DTE,Frendrup,C,6.0,6.0,False,True
33,DTE,Ngom,C,5.5,5.5,False,True
33,DTE,Arena A.,A,,,False,True
33,DTE,Nkunku,A,5.5,5.5,False,True
33,DTE,Morata,A,,,False,True
33,DTE,Ferguson E.,A,,,False,True
33,OLD LIN,De Gea,P,6.0,2.0,True,False
33,OLD LIN,Gallo,D,6.5,6.5,True,False
33,OLD LIN,Luperto,D,6.0,6.0,True,False
33,OLD LIN,Baschirotto,D,6.0,6.0,True,False
33,OLD LIN,Heggem,D,,,False,False
33,OLD LIN,Konè M.,C,7.0,8.0,True,False
33,OLD LIN,Barella,C,7.0,7.0,True,False
33,OLD LIN,McKennie,C,5.5,5.5,True,False
33,OLD LIN,Castro S.,A,5.5,5.0,True,False
33,OLD LIN,Martinez L.,A,6.5,7.5,True,False
33,OLD LIN,Berardi,A,7.0,11.0,True,False
33,OLD LIN,Christensen O.,P,,,False,True
33,OLD LIN,Lezzerini,P,,,False,True
33,OLD LIN,Delprato,D,5.5,5.5,True,True
33,OLD LIN,Circati,D,5.5,5.5,False,True
33,OLD LIN,Zappa,D,,,False,True
33,OLD LIN,Strefezza,C,6.5,6.5,False,True
33,OLD LIN,Ismajli,D,,,False,True
33,OLD LIN,Ellertsson,C,6.0,6.0,False,True
33,OLD LIN,Gaetano,C,5.5,5.5,False,True
33,OLD LIN,Brescianini,C,5.0,5.0,False,True
33,OLD LIN,Pasalic,C,6.0,6.0,False,True
33,OLD LIN,Krstovic,A,5.5,5.0,False,True
33,OLD LIN,Zapata D.,A,,,False,True
33,OLD LIN,Cheddira,A,7.5,12.0,False,True
33,ROMINA&ROMOLO,Maignan,P,5.5,3.5,True,False
33,ROMINA&ROMOLO,Tomori,D,4.5,3.5,True,False
33,ROMINA&ROMOLO,Rrahmani,D,7.0,7.0,True,False
33,ROMINA&ROMOLO,Muharemovic,D,6.5,6.5,True,False
33,ROMINA&ROMOLO,Gosens,D,4.5,4.5,True,False
33,ROMINA&ROMOLO,Saelemaekers,C,5.5,5.5,True,False
33,ROMINA&ROMOLO,Konè I.,C,6.5,6.5,True,False
33,ROMINA&ROMOLO,Santos A.,C,6.0,6.0,True,False
33,ROMINA&ROMOLO,Baturina,C,6.0,6.0,True,False
33,ROMINA&ROMOLO,Diao,A,6.0,6.0,True,False
33,ROMINA&ROMOLO,David,A,5.0,5.0,True,False
33,ROMINA&ROMOLO,Pellegrino M.,A,5.0,5.0,False,True
33,ROMINA&ROMOLO,Durosinmi,A,,,False,True
33,ROMINA&ROMOLO,Giovane,A,,,False,True
33,ROMINA&ROMOLO,Ratkov,A,,,False,True
33,ROMINA&ROMOLO,Thorstvedt,C,7.5,8.5,False,True
33,ROMINA&ROMOLO,Gandelman,C,,,False,True
33,ROMINA&ROMOLO,Odgaard,C,5.0,5.0,False,True
33,ROMINA&ROMOLO,Cataldi,C,,,False,True
33,ROMINA&ROMOLO,Martin,D,,,False,True
33,ROMINA&ROMOLO,Belghali,D,5.5,5.5,False,True
33,ROMINA&ROMOLO,Bernasconi,D,,,False,True
33,ROMINA&ROMOLO,Ziolkowski,D,,,False,True
33,ROMINA&ROMOLO,Terracciano,P,,,False,True
33,ROMINA&ROMOLO,Caprile,P,6.5,7.5,False,True
33,ASR YOYO,Carnesecchi,P,6.0,7.0,True,False
33,ASR YOYO,Holm,D,,,False,False
33,ASR YOYO,Akanji,D,6.5,6.5,True,False
33,ASR YOYO,Scalvini,D,6.0,6.0,True,False
33,ASR YOYO,Kalulu,D,6.0,6.0,True,False
33,ASR YOYO,Gudmundsson A.,C,5.0,5.0,True,False
33,ASR YOYO,Miretti,C,5.5,5.5,True,False
33,ASR YOYO,Maldini,C,5.5,5.5,True,False
33,ASR YOYO,Malen,A,7.0,8.0,True,False
33,ASR YOYO,Esposito F.P.,A,6.0,6.0,True,False
33,ASR YOYO,Scamacca,A,5.5,5.5,True,False
33,ASR YOYO,Sportiello,P,,,False,True
33,ASR YOYO,Rossi F.,P,,,False,True
33,ASR YOYO,Palestra,D,6.0,6.0,True,True
33,ASR YOYO,Kelly L.,D,6.0,6.0,False,True
33,ASR YOYO,Ostigard,D,7.0,7.0,False,True
33,ASR YOYO,Parisi,D,5.5,5.0,False,True
33,ASR YOYO,Rovella,C,6.5,6.5,False,True
33,ASR YOYO,Collocolo,C,,,False,True
33,ASR YOYO,Pellegrini Lo.,C,,,False,True
33,ASR YOYO,Zaragoza,C,,,False,True
33,ASR YOYO,Modric,C,,,False,True
33,ASR YOYO,Kean,A,,,False,True
33,ASR YOYO,Cambiaghi,A,,,False,True
33,ASR YOYO,Aboukhlal,A,,,False,True
33,TEAM PC,Ravaglia F.,P,,,False,False
33,TEAM PC,Zappacosta,D,5.5,5.5,True,False
33,TEAM PC,Zortea,D,,,False,False
33,TEAM PC,Kamara H.,D,6.0,6.0,True,False
33,TEAM PC,Cambiaso,D,6.0,6.0,True,False
33,TEAM PC,Zaccagni,C,5.5,5.5,True,False
33,TEAM PC,Conceicao,C,7.0,7.0,True,False
33,TEAM PC,Ederson D.S.,C,6.0,5.5,True,False
33,TEAM PC,De Ketelaere,A,6.5,6.5,True,False
33,TEAM PC,Laurientè,A,8.0,12.0,True,False
33,TEAM PC,Esposito Se.,A,6.5,6.5,True,False
33,TEAM PC,Pessina Mas.,P,6.0,7.0,True,True
33,TEAM PC,Pinamonti,A,,,False,True
33,TEAM PC,Acerbi,D,,,False,True
33,TEAM PC,Tourè I.,C,6.0,6.0,False,True
33,TEAM PC,N'Dicka,D,6.0,6.0,True,True
33,TEAM PC,Doig,D,,,False,True
33,TEAM PC,Sucic P.,C,5.5,5.5,False,True
33,TEAM PC,Elmas,C,,,False,True
33,TEAM PC,Vlahovic,A,7.0,11.0,False,True
33,TEAM PC,Vaz,A,,,False,True
33,TEAM PC,Skorupski,P,,,False,True
33,TEAM PC,Coulibaly L.,C,6.0,6.0,False,True
33,TEAM PC,Koopmeiners,C,,,False,True
33,TEAM PC,Bellanova,D,,,False,True
33,GOODBYE,Di Gregorio,P,6.0,5.0,True,False
33,GOODBYE,Celik,D,6.5,6.5,True,False
33,GOODBYE,Bremer,D,5.5,5.5,True,False
33,GOODBYE,Mancini,D,7.0,11.0,True,False
33,GOODBYE,Hermoso,D,7.5,11.0,True,False
33,GOODBYE,Locatelli,C,5.5,5.0,True,False
33,GOODBYE,Zalewski,C,6.0,6.0,True,False
33,GOODBYE,Matic,C,6.0,5.5,True,False
33,GOODBYE,Cristante,C,6.5,6.5,True,False
33,GOODBYE,Dybala,A,6.0,6.0,True,False
33,GOODBYE,Soulè,A,6.5,6.5,True,False
33,GOODBYE,Perin,P,,,False,True
33,GOODBYE,Spinazzola,D,,,False,True
33,GOODBYE,Floriani Mussolini,D,6.5,7.5,False,True
33,GOODBYE,Pinsoglio,P,,,False,True
33,GOODBYE,Van Der Brempt,D,,,False,True
33,GOODBYE,De Vrij,D,,,False,True
33,GOODBYE,El Shaarawy,C,6.0,5.5,False,True
33,GOODBYE,Adzic,C,,,False,True
33,GOODBYE,Sala A.,C,,,False,True
33,GOODBYE,Stengs,C,,,False,True
33,GOODBYE,Milik,A,,,False,True
33,GOODBYE,Openda,A,,,False,True
33,GOODBYE,Pavoletti,A,,,False,True
33,GOODBYE,Lukaku,A,,,False,True
33,HISASHI MITSUI,Bijlow,P,6.5,7.5,True,False
33,HISASHI MITSUI,Bastoni,D,6.0,6.0,True,False
33,HISASHI MITSUI,Mina,D,6.5,6.5,True,False
33,HISASHI MITSUI,Coco,D,5.5,5.5,True,False
33,HISASHI MITSUI,Dodò,D,4.5,4.5,True,False
33,HISASHI MITSUI,Pulisic,C,5.0,5.0,True,False
33,HISASHI MITSUI,Zambo Anguissa,C,5.5,5.5,True,False
33,HISASHI MITSUI,Thuram K.,C,6.0,6.0,True,False
33,HISASHI MITSUI,Politano,C,6.5,6.0,True,False
33,HISASHI MITSUI,Simeone,A,5.0,5.0,True,False
33,HISASHI MITSUI,Colombo,A,5.5,5.5,True,False
33,HISASHI MITSUI,Leali,P,,,False,True
33,HISASHI MITSUI,Sommariva,P,,,False,True
33,HISASHI MITSUI,Angelino,D,,,False,True
33,HISASHI MITSUI,Vitik,D,,,False,True
33,HISASHI MITSUI,Buongiorno,D,6.5,6.5,False,True
33,HISASHI MITSUI,Olivera,D,,,False,True
33,HISASHI MITSUI,Fagioli,C,4.5,4.5,False,True
33,HISASHI MITSUI,Loftus-Cheek,C,5.5,5.0,False,True
33,HISASHI MITSUI,Baldanzi,C,,,False,True
33,HISASHI MITSUI,El Aynaoui,C,,,False,True
33,HISASHI MITSUI,Orban G.,A,,,False,True
33,HISASHI MITSUI,Borrelli,A,,,False,True
33,HISASHI MITSUI,Vardy,A,5.5,5.5,False,True
33,HISASHI MITSUI,Addai,A,,,False,True
33,QICELLO,Milinkovic-Savic V.,P,7.0,8.0,True,False
33,QICELLO,Gutierrez,D,5.5,5.5,True,False
33,QICELLO,Pavlovic,D,6.0,6.0,True,False
33,QICELLO,Bisseck,D,6.0,6.0,True,False
33,QICELLO,Rensch,D,,,False,False
33,QICELLO,McTominay,C,5.5,5.5,True,False
33,QICELLO,Zielinski,C,6.5,7.0,True,False
33,QICELLO,Vlasic,C,5.5,5.5,True,False
33,QICELLO,Isaksen,C,7.0,10.0,True,False
33,QICELLO,Yildiz,A,5.5,5.5,True,False
33,QICELLO,Boga,A,5.5,5.5,True,False
33,QICELLO,Meret,P,,,False,True
33,QICELLO,Contini,P,,,False,True
33,QICELLO,Di Lorenzo,D,,,False,True
33,QICELLO,Miranda J.,D,5.5,5.5,True,True
33,QICELLO,Gabbia,D,5.0,5.0,False,True
33,QICELLO,De Winter,D,,,False,True
33,QICELLO,Frattesi,C,,,False,True
33,QICELLO,Perrone,C,6.0,6.0,False,True
33,QICELLO,Vergara,C,,,False,True
33,QICELLO,Diouf,C,,,False,True
33,QICELLO,Adams C.,A,,,False,True
33,QICELLO,Bowie,A,7.0,10.0,False,True
33,QICELLO,Piccoli,A,,,False,True
33,QICELLO,Kilicsoy,A,,,False,True
34,GOODBYE,Di Gregorio,P,6.5,7.5,True,False
34,GOODBYE,Floriani Mussolini,D,,,False,False
34,GOODBYE,Bremer,D,6.5,6.5,True,False
34,GOODBYE,Mancini,D,5.5,5.5,True,False
34,GOODBYE,Hermoso,D,5.5,5.5,True,False
34,GOODBYE,Celik,D,6.0,6.0,True,False
34,GOODBYE,El Shaarawy,C,,,False,False
34,GOODBYE,Cristante,C,6.0,6.0,True,False
34,GOODBYE,Locatelli,C,6.0,6.0,True,False
34,GOODBYE,Dybala,A,7.0,8.0,True,False
34,GOODBYE,Soulè,A,5.5,5.5,True,False
34,GOODBYE,Perin,P,,,False,True
34,GOODBYE,Pinsoglio,P,,,False,True
34,GOODBYE,Spinazzola,D,5.5,5.5,True,True
34,GOODBYE,Van Der Brempt,D,,,False,True
34,GOODBYE,De Vrij,D,,,False,True
34,GOODBYE,Matic,C,6.0,6.0,True,True
34,GOODBYE,Zalewski,C,6.5,6.5,False,True
34,GOODBYE,Adzic,C,,,False,True
34,GOODBYE,Sala A.,C,,,False,True
34,GOODBYE,Stengs,C,,,False,True
34,GOODBYE,Milik,A,,,False,True
34,GOODBYE,Openda,A,,,False,True
34,GOODBYE,Pavoletti,A,,,False,True
34,GOODBYE,Lukaku,A,,,False,True
34,KAMADO,Gollini,P,,,False,False
34,KAMADO,Dimarco,D,,,False,False
34,KAMADO,Vojvoda,D,5.5,5.5,True,False
34,KAMADO,Obert,D,5.5,5.5,True,False
34,KAMADO,Rowe,C,7.0,11.0,True,False
34,KAMADO,Zaniolo,C,6.0,6.0,True,False
34,KAMADO,Taylor K.,C,,,False,False
34,KAMADO,Rabiot,C,5.5,5.5,True,False
34,KAMADO,Rodriguez Je.,A,6.5,6.5,True,False
34,KAMADO,Hojlund,A,6.5,7.5,True,False
34,KAMADO,Raspadori,A,7.0,11.0,True,False
34,KAMADO,Svilar,P,6.0,4.0,True,True
34,KAMADO,Butez,P,6.0,7.0,False,True
34,KAMADO,Kristensen T.,D,6.5,6.5,True,True
34,KAMADO,Ahanor,D,5.5,5.5,False,True
34,KAMADO,Nelsson,D,5.5,5.5,False,True
34,KAMADO,Pedro Felipe,D,,,False,True
34,KAMADO,Malinovskyi,C,6.0,6.0,True,True
34,KAMADO,Venturino,C,6.0,6.0,False,True
34,KAMADO,Ondrejka,C,,,False,True
34,KAMADO,Vitinha O.,A,5.5,5.5,False,True
34,KAMADO,Solomon,A,6.0,6.0,False,True
34,KAMADO,Pedro,A,5.5,5.5,False,True
34,KAMADO,Ekkelenkamp,C,,,False,True
34,KAMADO,Norton-Cuffy,D,,,False,True
34,ASR YOYO,Carnesecchi,P,7.0,5.0,True,False
34,ASR YOYO,Holm,D,6.0,6.0,True,False
34,ASR YOYO,Kelly L.,D,6.5,6.5,True,False
34,ASR YOYO,Ostigard,D,6.5,6.5,True,False
34,ASR YOYO,Kalulu,D,6.0,6.0,True,False
34,ASR YOYO,Palestra,D,5.5,5.5,True,False
34,ASR YOYO,Pellegrini Lo.,C,,,False,False
34,ASR YOYO,Miretti,C,,,False,False
34,ASR YOYO,Gudmundsson A.,C,,,False,False
34,ASR YOYO,Malen,A,7.5,13.5,True,False
34,ASR YOYO,Scamacca,A,,,False,False
34,ASR YOYO,Sportiello,P,,,False,True
34,ASR YOYO,Rossi F.,P,,,False,True
34,ASR YOYO,Scalvini,D,6.0,6.0,False,True
34,ASR YOYO,Akanji,D,,,False,True
34,ASR YOYO,Parisi,D,6.0,6.0,False,True
34,ASR YOYO,Maldini,C,,,False,True
34,ASR YOYO,Rovella,C,5.0,5.0,True,True
34,ASR YOYO,Collocolo,C,,,False,True
34,ASR YOYO,Modric,C,,,False,True
34,ASR YOYO,Zaragoza,C,,,False,True
34,ASR YOYO,Esposito F.P.,A,,,False,True
34,ASR YOYO,Kean,A,,,False,True
34,ASR YOYO,Cambiaghi,A,,,False,True
34,ASR YOYO,Aboukhlal,A,,,False,True
34,ROMANHOLIDAY,Falcone,P,6.5,5.5,True,False
34,ROMANHOLIDAY,Carlos Augusto,D,6.5,6.5,True,False
34,ROMANHOLIDAY,Vasquez,D,,,False,False
34,ROMANHOLIDAY,Dumfries,D,6.0,6.0,True,False
34,ROMANHOLIDAY,Wesley,D,5.5,5.5,True,False
34,ROMANHOLIDAY,Da Cunha,C,6.5,6.5,True,False
34,ROMANHOLIDAY,Mkhitaryan,C,7.0,9.5,True,False
34,ROMANHOLIDAY,De Bruyne,C,,,False,False
34,ROMANHOLIDAY,Orsolini,C,7.0,9.0,True,False
34,ROMANHOLIDAY,Bonny,A,6.5,7.5,True,False
34,ROMANHOLIDAY,Thuram,A,7.0,8.0,True,False
34,ROMANHOLIDAY,Zelezny,P,,,False,True
34,ROMANHOLIDAY,Smolcic I.,D,6.0,6.0,True,True
34,ROMANHOLIDAY,Veiga D.,D,6.0,6.0,False,True
34,ROMANHOLIDAY,Gatti,D,,,False,True
34,ROMANHOLIDAY,Darmian,D,,,False,True
34,ROMANHOLIDAY,Jashari,C,,,False,True
34,ROMANHOLIDAY,Amorim,C,5.5,5.5,True,True
34,ROMANHOLIDAY,Bonazzoli,A,7.0,10.0,False,True
34,ROMANHOLIDAY,Fullkrug,A,6.0,6.0,False,True
34,ROMANHOLIDAY,Stulic,A,,,False,True
34,ROMINA&ROMOLO,Maignan,P,5.5,2.5,True,False
34,ROMINA&ROMOLO,Belghali,D,6.0,6.0,True,False
34,ROMINA&ROMOLO,Muharemovic,D,5.0,5.0,True,False
34,ROMINA&ROMOLO,Rrahmani,D,5.5,5.5,True,False
34,ROMINA&ROMOLO,Gosens,D,6.0,6.0,True,False
34,ROMINA&ROMOLO,Saelemaekers,C,5.0,4.5,True,False
34,ROMINA&ROMOLO,Thorstvedt,C,6.5,9.0,True,False
34,ROMINA&ROMOLO,Santos A.,C,7.0,10.0,True,False
34,ROMINA&ROMOLO,Baturina,C,6.5,6.5,True,False
34,ROMINA&ROMOLO,Pellegrino M.,A,6.0,6.0,True,False
34,ROMINA&ROMOLO,Diao,A,5.5,5.5,True,False
34,ROMINA&ROMOLO,David,A,,,False,True
34,ROMINA&ROMOLO,Giovane,A,6.5,6.5,False,True
34,ROMINA&ROMOLO,Durosinmi,A,,,False,True
34,ROMINA&ROMOLO,Ratkov,A,,,False,True
34,ROMINA&ROMOLO,Konè I.,C,6.0,6.0,False,True
34,ROMINA&ROMOLO,Odgaard,C,,,False,True
34,ROMINA&ROMOLO,Gandelman,C,,,False,True
34,ROMINA&ROMOLO,Cataldi,C,,,False,True
34,ROMINA&ROMOLO,Martin,D,6.0,6.0,False,True
34,ROMINA&ROMOLO,Ziolkowski,D,,,False,True
34,ROMINA&ROMOLO,Bernasconi,D,,,False,True
34,ROMINA&ROMOLO,Terracciano,P,,,False,True
34,ROMINA&ROMOLO,Caprile,P,6.5,4.5,False,True
34,OLD LIN,De Gea,P,6.5,7.5,True,False
34,OLD LIN,Gallo,D,6.0,6.0,True,False
34,OLD LIN,Luperto,D,6.5,6.5,True,False
34,OLD LIN,Heggem,D,,,False,False
34,OLD LIN,Strefezza,C,7.0,9.5,True,False
34,OLD LIN,Konè M.,C,6.0,6.0,True,False
34,OLD LIN,Barella,C,6.5,6.5,True,False
34,OLD LIN,McKennie,C,6.0,6.0,True,False
34,OLD LIN,Krstovic,A,7.0,7.5,True,False
34,OLD LIN,Martinez L.,A,7.5,12.5,True,False
34,OLD LIN,Berardi,A,6.0,6.0,True,False
34,OLD LIN,Christensen O.,P,,,False,True
34,OLD LIN,Lezzerini,P,,,False,True
34,OLD LIN,Baschirotto,D,,,False,True
34,OLD LIN,Delprato,D,5.0,5.0,True,True
34,OLD LIN,Circati,D,6.0,6.0,False,True
34,OLD LIN,Zappa,D,6.0,6.0,False,True
34,OLD LIN,Ismajli,D,,,False,True
34,OLD LIN,Ellertsson,C,5.5,5.5,False,True
34,OLD LIN,Gaetano,C,6.0,6.0,False,True
34,OLD LIN,Brescianini,C,6.0,6.0,False,True
34,OLD LIN,Pasalic,C,5.5,5.5,False,True
34,OLD LIN,Castro S.,A,5.5,5.5,False,True
34,OLD LIN,Zapata D.,A,7.0,8.0,False,True
34,OLD LIN,Cheddira,A,5.5,5.5,False,True
34,QICELLO,Milinkovic-Savic V.,P,5.5,2.5,True,False
34,QICELLO,Rensch,D,7.5,10.5,True,False
34,QICELLO,Pavlovic,D,6.0,9.0,True,False
34,QICELLO,Bisseck,D,6.5,6.5,True,False
34,QICELLO,Di Lorenzo,D,6.0,9.0,True,False
34,QICELLO,McTominay,C,6.0,6.0,True,False
34,QICELLO,Perrone,C,5.0,5.0,True,False
34,QICELLO,Vlasic,C,6.0,6.0,True,False
34,QICELLO,Zielinski,C,,,False,False
34,QICELLO,Yildiz,A,6.0,6.0,True,False
34,QICELLO,Boga,A,,,False,False
34,QICELLO,Meret,P,,,False,True
34,QICELLO,Contini,P,,,False,True
34,QICELLO,Gutierrez,D,6.0,6.0,False,True
34,QICELLO,Miranda J.,D,7.5,8.5,False,True
34,QICELLO,Gabbia,D,5.0,5.0,False,True
34,QICELLO,De Winter,D,4.5,4.5,False,True
34,QICELLO,Frattesi,C,6.0,6.0,True,True
34,QICELLO,Diouf,C,7.0,7.0,False,True
34,QICELLO,Isaksen,C,6.0,6.0,False,True
34,QICELLO,Vergara,C,,,False,True
34,QICELLO,Adams C.,A,,,False,True
34,QICELLO,Bowie,A,6.0,6.0,True,True
34,QICELLO,Piccoli,A,5.5,5.5,False,True
34,QICELLO,Kilicsoy,A,,,False,True
34,TEAM PC,Ravaglia F.,P,,,False,False
34,TEAM PC,Zappacosta,D,7.0,10.0,True,False
34,TEAM PC,Zortea,D,6.0,6.0,True,False
34,TEAM PC,Kamara H.,D,6.5,7.5,True,False
34,TEAM PC,Cambiaso,D,6.5,7.5,True,False
34,TEAM PC,Zaccagni,C,,,False,False
34,TEAM PC,Conceicao,C,6.0,5.5,True,False
34,TEAM PC,Elmas,C,6.0,6.0,True,False
34,TEAM PC,Vlahovic,A,7.0,11.0,True,False
34,TEAM PC,Laurientè,A,5.5,5.5,True,False
34,TEAM PC,Esposito Se.,A,6.0,6.0,True,False
34,TEAM PC,Pessina Mas.,P,6.0,4.0,True,True
34,TEAM PC,Pinamonti,A,5.5,5.5,False,True
34,TEAM PC,Acerbi,D,6.0,6.0,False,True
34,TEAM PC,Ederson D.S.,C,7.5,11.5,True,True
34,TEAM PC,Tourè I.,C,5.5,5.5,False,True
34,TEAM PC,N'Dicka,D,5.0,5.0,False,True
34,TEAM PC,Doig,D,5.5,5.5,False,True
34,TEAM PC,Sucic P.,C,7.0,10.0,False,True
34,TEAM PC,Vaz,A,,,False,True
34,TEAM PC,Skorupski,P,,,False,True
34,TEAM PC,Coulibaly L.,C,5.5,5.5,False,True
34,TEAM PC,Koopmeiners,C,5.5,5.5,False,True
34,TEAM PC,Bellanova,D,5.5,5.0,False,True
34,TEAM PC,De Ketelaere,A,6.5,6.5,False,True
34,HISASHI MITSUI,Bijlow,P,6.0,7.0,True,False
34,HISASHI MITSUI,Buongiorno,D,5.5,5.5,True,False
34,HISASHI MITSUI,Mina,D,,,False,False
34,HISASHI MITSUI,Dodò,D,6.0,6.0,True,False
34,HISASHI MITSUI,Pulisic,C,,,False,False
34,HISASHI MITSUI,El Aynaoui,C,6.0,6.0,True,False
34,HISASHI MITSUI,Thuram K.,C,,,False,False
34,HISASHI MITSUI,Politano,C,6.0,5.5,True,False
34,HISASHI MITSUI,Vardy,A,7.0,11.0,True,False
34,HISASHI MITSUI,Simeone,A,7.0,10.0,True,False
34,HISASHI MITSUI,Colombo,A,5.5,5.5,True,False
34,HISASHI MITSUI,Leali,P,,,False,True
34,HISASHI MITSUI,Sommariva,P,,,False,True
34,HISASHI MITSUI,Bastoni,D,6.0,6.0,True,True
34,HISASHI MITSUI,Angelino,D,,,False,True
34,HISASHI MITSUI,Coco,D,6.0,6.0,False,True
34,HISASHI MITSUI,Vitik,D,,,False,True
34,HISASHI MITSUI,Olivera,D,,,False,True
34,HISASHI MITSUI,Baldanzi,C,,,False,True
34,HISASHI MITSUI,Zambo Anguissa,C,,,False,True
34,HISASHI MITSUI,Fagioli,C,5.5,5.5,True,True
34,HISASHI MITSUI,Loftus-Cheek,C,5.0,5.0,True,True
34,HISASHI MITSUI,Orban G.,A,,,False,True
34,HISASHI MITSUI,Borrelli,A,,,False,True
34,HISASHI MITSUI,Addai,A,,,False,True
34,DTE,Martinez Jo.,P,6.0,7.0,True,False
34,DTE,Valle,D,6.0,6.0,True,False
34,DTE,Solet,D,6.5,6.5,True,False
34,DTE,Kempf,D,6.5,7.5,True,False
34,DTE,Bartesaghi,D,5.0,5.0,True,False
34,DTE,Paz N.,C,6.0,6.0,True,False
34,DTE,Pisilli,C,5.5,5.5,True,False
34,DTE,Bernabè,C,,,False,False
34,DTE,Atta,C,6.0,6.0,True,False
34,DTE,Leao,A,4.5,4.0,True,False
34,DTE,Douvikas,A,7.0,11.0,True,False
34,DTE,Sommer,P,,,False,True
34,DTE,Di Gennaro,P,,,False,True
34,DTE,Diego Carlos,D,6.0,6.0,False,True
34,DTE,Terracciano F.,D,6.5,6.5,False,True
34,DTE,Otoa,D,,,False,True
34,DTE,Miller L.,C,6.0,6.0,True,True
34,DTE,Lobotka,C,6.0,6.0,False,True
34,DTE,Frendrup,C,6.0,6.0,False,True
34,DTE,Ngom,C,5.0,5.0,False,True
34,DTE,Arena A.,A,,,False,True
34,DTE,Nkunku,A,7.0,9.0,False,True
34,DTE,Morata,A,,,False,True
34,DTE,Ferguson E.,A,,,False,True
34,DTE,Ramon,D,,,False,True
35,KAMADO,Gollini,P,,,False,False
35,KAMADO,Dimarco,D,5.5,5.5,True,False
35,KAMADO,Pedro Felipe,D,5.5,6.5,True,False
35,KAMADO,Obert,D,6.5,6.5,True,False
35,KAMADO,Vojvoda,D,,,False,False
35,KAMADO,Rowe,C,6.5,7.5,True,False
35,KAMADO,Rabiot,C,6.0,6.0,True,False
35,KAMADO,Taylor K.,C,5.5,5.0,True,False
35,KAMADO,Rodriguez Je.,A,7.0,8.0,True,False
35,KAMADO,Hojlund,A,7.5,11.5,True,False
35,KAMADO,Raspadori,A,5.5,5.5,True,False
35,KAMADO,Butez,P,6.5,7.5,True,True
35,KAMADO,Svilar,P,6.0,7.0,False,True
35,KAMADO,Kristensen T.,D,6.0,6.0,True,True
35,KAMADO,Ahanor,D,6.0,6.0,False,True
35,KAMADO,Nelsson,D,6.5,6.5,False,True
35,KAMADO,Malinovskyi,C,5.5,5.5,False,True
35,KAMADO,Venturino,C,,,False,True
35,KAMADO,Pedro,A,,,False,True
35,KAMADO,Vitinha O.,A,6.0,5.5,False,True
35,KAMADO,Solomon,A,6.5,7.5,False,True
35,KAMADO,Ekkelenkamp,C,,,False,True
35,KAMADO,Zaniolo,C,,,False,True
35,KAMADO,Ondrejka,C,,,False,True
35,KAMADO,Norton-Cuffy,D,,,False,True
35,DTE,Sommer,P,6.5,7.5,True,False
35,DTE,Bartesaghi,D,6.0,6.0,True,False
35,DTE,Ramon,D,6.5,6.0,True,False
35,DTE,Kempf,D,6.5,6.5,True,False
35,DTE,Solet,D,6.5,6.5,True,False
35,DTE,Lobotka,C,6.5,6.5,True,False
35,DTE,Pisilli,C,6.5,7.5,True,False
35,DTE,Frendrup,C,6.0,6.0,True,False
35,DTE,Atta,C,5.0,5.0,True,False
35,DTE,Nkunku,A,7.0,9.0,True,False
35,DTE,Douvikas,A,6.0,6.0,True,False
35,DTE,Martinez Jo.,P,,,False,True
35,DTE,Di Gennaro,P,6.0,5.0,False,True
35,DTE,Diego Carlos,D,,,False,True
35,DTE,Terracciano F.,D,6.5,6.5,False,True
35,DTE,Otoa,D,6.0,6.0,False,True
35,DTE,Miller L.,C,5.5,5.5,False,True
35,DTE,Ngom,C,5.5,5.5,False,True
35,DTE,Arena A.,A,,,False,True
35,DTE,Morata,A,,,False,True
35,DTE,Ferguson E.,A,,,False,True
35,DTE,Valle,D,,,False,True
35,DTE,Bernabè,C,,,False,True
35,DTE,Leao,A,,,False,True
35,DTE,Paz N.,C,,,False,True
35,GOODBYE,Di Gregorio,P,5.5,3.5,True,False
35,GOODBYE,Celik,D,6.0,6.0,True,False
35,GOODBYE,Bremer,D,6.0,5.5,True,False
35,GOODBYE,Mancini,D,8.0,15.0,True,False
35,GOODBYE,Hermoso,D,6.5,6.0,True,False
35,GOODBYE,Zalewski,C,5.5,5.5,True,False
35,GOODBYE,Matic,C,5.5,5.5,True,False
35,GOODBYE,Cristante,C,6.5,6.5,True,False
35,GOODBYE,Locatelli,C,5.5,5.5,True,False
35,GOODBYE,Dybala,A,7.0,8.0,True,False
35,GOODBYE,Soulè,A,6.0,6.0,True,False
35,GOODBYE,Perin,P,,,False,True
35,GOODBYE,Pinsoglio,P,,,False,True
35,GOODBYE,Spinazzola,D,6.0,6.0,False,True
35,GOODBYE,Floriani Mussolini,D,6.0,6.0,False,True
35,GOODBYE,Van Der Brempt,D,6.0,6.0,False,True
35,GOODBYE,De Vrij,D,6.0,6.0,False,True
35,GOODBYE,El Shaarawy,C,6.0,5.5,False,True
35,GOODBYE,Adzic,C,,,False,True
35,GOODBYE,Sala A.,C,,,False,True
35,GOODBYE,Stengs,C,,,False,True
35,GOODBYE,Milik,A,,,False,True
35,GOODBYE,Openda,A,,,False,True
35,GOODBYE,Pavoletti,A,,,False,True
35,GOODBYE,Lukaku,A,,,False,True
35,ROMINA&ROMOLO,Caprile,P,6.5,5.5,True,False
35,ROMINA&ROMOLO,Martin,D,,,False,False
35,ROMINA&ROMOLO,Rrahmani,D,7.0,10.0,True,False
35,ROMINA&ROMOLO,Muharemovic,D,5.5,5.0,True,False
35,ROMINA&ROMOLO,Tomori,D,6.0,5.5,True,False
35,ROMINA&ROMOLO,Baturina,C,6.5,6.5,True,False
35,ROMINA&ROMOLO,Thorstvedt,C,6.0,6.0,True,False
35,ROMINA&ROMOLO,Konè I.,C,5.5,5.5,True,False
35,ROMINA&ROMOLO,Santos A.,C,6.0,5.5,True,False
35,ROMINA&ROMOLO,Diao,A,5.5,5.5,True,False
35,ROMINA&ROMOLO,Pellegrino M.,A,5.5,5.5,True,False
35,ROMINA&ROMOLO,Giovane,A,,,False,True
35,ROMINA&ROMOLO,David,A,,,False,True
35,ROMINA&ROMOLO,Durosinmi,A,,,False,True
35,ROMINA&ROMOLO,Ratkov,A,,,False,True
35,ROMINA&ROMOLO,Odgaard,C,,,False,True
35,ROMINA&ROMOLO,Gandelman,C,6.5,7.5,False,True
35,ROMINA&ROMOLO,Cataldi,C,,,False,True
35,ROMINA&ROMOLO,Bernasconi,D,,,False,True
35,ROMINA&ROMOLO,Ziolkowski,D,,,False,True
35,ROMINA&ROMOLO,Gosens,D,5.5,5.5,True,True
35,ROMINA&ROMOLO,Belghali,D,6.0,6.0,False,True
35,ROMINA&ROMOLO,Maignan,P,6.5,5.5,False,True
35,ROMINA&ROMOLO,Terracciano,P,,,False,True
35,ROMANHOLIDAY,Falcone,P,6.0,4.0,True,False
35,ROMANHOLIDAY,Carlos Augusto,D,5.5,5.5,True,False
35,ROMANHOLIDAY,Vasquez,D,7.0,10.0,True,False
35,ROMANHOLIDAY,Wesley,D,5.0,4.0,True,False
35,ROMANHOLIDAY,Dumfries,D,,,False,False
35,ROMANHOLIDAY,Da Cunha,C,6.5,6.5,True,False
35,ROMANHOLIDAY,Mkhitaryan,C,5.5,5.5,True,False
35,ROMANHOLIDAY,De Bruyne,C,6.5,6.5,True,False
35,ROMANHOLIDAY,Orsolini,C,7.0,11.0,True,False
35,ROMANHOLIDAY,Davis K.,A,5.5,5.5,True,False
35,ROMANHOLIDAY,Thuram,A,,,False,False
35,ROMANHOLIDAY,Zelezny,P,,,False,True
35,ROMANHOLIDAY,Veiga D.,D,6.0,5.5,True,True
35,ROMANHOLIDAY,Smolcic I.,D,6.0,6.0,False,True
35,ROMANHOLIDAY,Gatti,D,,,False,True
35,ROMANHOLIDAY,Darmian,D,6.0,6.0,False,True
35,ROMANHOLIDAY,Calhanoglu,C,,,False,True
35,ROMANHOLIDAY,Luis Henrique,C,5.5,5.5,False,True
35,ROMANHOLIDAY,Amorim,C,5.5,5.5,False,True
35,ROMANHOLIDAY,Jashari,C,6.0,6.0,False,True
35,ROMANHOLIDAY,Bonazzoli,A,6.5,6.0,True,True
35,ROMANHOLIDAY,Bonny,A,6.5,6.5,False,True
35,ROMANHOLIDAY,Fullkrug,A,6.0,6.0,False,True
35,ROMANHOLIDAY,Stulic,A,7.0,11.0,False,True
35,QICELLO,Milinkovic-Savic V.,P,,,False,False
35,QICELLO,Gutierrez,D,,,False,False
35,QICELLO,Pavlovic,D,6.0,6.0,True,False
35,QICELLO,Bisseck,D,,,False,False
35,QICELLO,Di Lorenzo,D,6.0,6.0,True,False
35,QICELLO,Rensch,D,6.0,6.0,True,False
35,QICELLO,McTominay,C,7.0,11.0,True,False
35,QICELLO,Vlasic,C,5.5,5.5,True,False
35,QICELLO,Zielinski,C,6.0,6.0,True,False
35,QICELLO,Frattesi,C,,,False,False
35,QICELLO,Yildiz,A,5.5,5.5,True,False
35,QICELLO,Meret,P,7.0,8.0,True,True
35,QICELLO,Contini,P,,,False,True
35,QICELLO,Miranda J.,D,6.5,6.5,True,True
35,QICELLO,Gabbia,D,6.0,5.5,True,True
35,QICELLO,De Winter,D,5.0,5.0,False,True
35,QICELLO,Vergara,C,,,False,True
35,QICELLO,Perrone,C,6.5,6.5,True,True
35,QICELLO,Diouf,C,6.0,6.0,False,True
35,QICELLO,Isaksen,C,5.5,5.5,False,True
35,QICELLO,Boga,A,6.0,6.0,False,True
35,QICELLO,Adams C.,A,5.5,5.5,False,True
35,QICELLO,Bowie,A,6.5,10.5,False,True
35,QICELLO,Piccoli,A,6.0,6.0,False,True
35,QICELLO,Kilicsoy,A,,,False,True
35,OLD LIN,De Gea,P,7.0,8.0,True,False
35,OLD LIN,Gallo,D,5.5,5.0,True,False
35,OLD LIN,Luperto,D,6.5,6.5,True,False
35,OLD LIN,Heggem,D,6.5,6.5,True,False
35,OLD LIN,Ellertsson,C,6.0,6.0,True,False
35,OLD LIN,Gaetano,C,6.5,7.5,True,False
35,OLD LIN,Barella,C,,,False,False
35,OLD LIN,McKennie,C,5.5,5.5,True,False
35,OLD LIN,Krstovic,A,5.0,5.0,True,False
35,OLD LIN,Martinez L.,A,5.5,5.5,True,False
35,OLD LIN,Berardi,A,6.5,6.5,True,False
35,OLD LIN,Christensen O.,P,,,False,True
35,OLD LIN,Lezzerini,P,,,False,True
35,OLD LIN,Baschirotto,D,,,False,True
35,OLD LIN,Zappa,D,5.5,5.5,False,True
35,OLD LIN,Delprato,D,5.5,5.5,False,True
35,OLD LIN,Circati,D,5.5,5.5,False,True
35,OLD LIN,Ismajli,D,,,False,True
35,OLD LIN,Strefezza,C,5.0,5.0,True,True
35,OLD LIN,Brescianini,C,6.0,6.0,False,True
35,OLD LIN,Konè M.,C,,,False,True
35,OLD LIN,Pasalic,C,5.5,5.0,False,True
35,OLD LIN,Castro S.,A,5.5,5.5,False,True
35,OLD LIN,Zapata D.,A,5.5,5.5,False,True
35,OLD LIN,Cheddira,A,8.0,14.0,False,True
35,ASR YOYO,Carnesecchi,P,6.5,5.5,True,False
35,ASR YOYO,Holm,D,,,False,False
35,ASR YOYO,Kelly L.,D,6.0,6.0,True,False
35,ASR YOYO,Kalulu,D,5.5,5.5,True,False
35,ASR YOYO,Palestra,D,6.5,6.5,True,False
35,ASR YOYO,Gudmundsson A.,C,6.0,5.5,True,False
35,ASR YOYO,Modric,C,,,False,False
35,ASR YOYO,Miretti,C,,,False,False
35,ASR YOYO,Malen,A,6.5,6.5,True,False
35,ASR YOYO,Esposito F.P.,A,5.5,5.5,True,False
35,ASR YOYO,Scamacca,A,,,False,False
35,ASR YOYO,Sportiello,P,,,False,True
35,ASR YOYO,Rossi F.,P,,,False,True
35,ASR YOYO,Akanji,D,,,False,True
35,ASR YOYO,Parisi,D,6.0,6.0,True,True
35,ASR YOYO,Scalvini,D,5.5,5.5,False,True
35,ASR YOYO,Ostigard,D,,,False,True
35,ASR YOYO,Pellegrini Lo.,C,,,False,True
35,ASR YOYO,Maldini,C,5.5,5.5,True,True
35,ASR YOYO,Rovella,C,4.5,3.5,True,True
35,ASR YOYO,Collocolo,C,,,False,True
35,ASR YOYO,Zaragoza,C,,,False,True
35,ASR YOYO,Kean,A,,,False,True
35,ASR YOYO,Cambiaghi,A,,,False,True
35,ASR YOYO,Aboukhlal,A,,,False,True
35,TEAM PC,Ravaglia F.,P,,,False,False
35,TEAM PC,Zappacosta,D,5.5,5.5,True,False
35,TEAM PC,N'Dicka,D,6.0,6.0,True,False
35,TEAM PC,Kamara H.,D,5.5,5.0,True,False
35,TEAM PC,Cambiaso,D,5.5,5.5,True,False
35,TEAM PC,Koopmeiners,C,5.0,5.0,True,False
35,TEAM PC,Conceicao,C,6.0,6.0,True,False
35,TEAM PC,Coulibaly L.,C,6.5,6.5,True,False
35,TEAM PC,Vlahovic,A,5.0,5.0,True,False
35,TEAM PC,Laurientè,A,7.0,10.0,True,False
35,TEAM PC,De Ketelaere,A,6.0,6.0,True,False
35,TEAM PC,Pessina Mas.,P,,,False,True
35,TEAM PC,Esposito Se.,A,7.0,10.0,False,True
35,TEAM PC,Pinamonti,A,7.0,10.0,False,True
35,TEAM PC,Acerbi,D,6.0,6.0,False,True
35,TEAM PC,Tourè I.,C,5.5,5.5,False,True
35,TEAM PC,Doig,D,,,False,True
35,TEAM PC,Sucic P.,C,6.5,6.5,False,True
35,TEAM PC,Vaz,A,,,False,True
35,TEAM PC,Skorupski,P,6.5,7.5,True,True
35,TEAM PC,Bellanova,D,,,False,True
35,TEAM PC,Zortea,D,,,False,True
35,TEAM PC,Elmas,C,6.5,7.0,False,True
35,TEAM PC,Ederson D.S.,C,6.0,6.0,False,True
35,TEAM PC,Zaccagni,C,,,False,True
35,HISASHI MITSUI,Bijlow,P,5.5,3.0,True,False
35,HISASHI MITSUI,Bastoni,D,,,False,False
35,HISASHI MITSUI,Mina,D,7.0,11.0,True,False
35,HISASHI MITSUI,Buongiorno,D,5.5,5.5,True,False
35,HISASHI MITSUI,Olivera,D,6.0,6.0,True,False
35,HISASHI MITSUI,Pulisic,C,6.5,7.5,True,False
35,HISASHI MITSUI,Baldanzi,C,6.0,6.0,True,False
35,HISASHI MITSUI,Zambo Anguissa,C,,,False,False
35,HISASHI MITSUI,Vardy,A,7.0,11.0,True,False
35,HISASHI MITSUI,Simeone,A,5.0,5.0,True,False
35,HISASHI MITSUI,Colombo,A,5.5,5.5,True,False
35,HISASHI MITSUI,Leali,P,,,False,True
35,HISASHI MITSUI,Sommariva,P,,,False,True
35,HISASHI MITSUI,Coco,D,5.0,5.0,True,True
35,HISASHI MITSUI,Dodò,D,6.5,6.5,False,True
35,HISASHI MITSUI,Angelino,D,,,False,True
35,HISASHI MITSUI,Vitik,D,,,False,True
35,HISASHI MITSUI,El Aynaoui,C,6.0,6.0,True,True
35,HISASHI MITSUI,Thuram K.,C,5.5,5.5,False,True
35,HISASHI MITSUI,Fagioli,C,6.5,6.5,False,True
35,HISASHI MITSUI,Loftus-Cheek,C,,,False,True
35,HISASHI MITSUI,Politano,C,,,False,True
35,HISASHI MITSUI,Borrelli,A,,,False,True
35,HISASHI MITSUI,Orban G.,A,,,False,True
35,HISASHI MITSUI,Addai,A,,,False,True
36,DTE,Martinez Jo.,P,5.5,2.5,True,False
36,DTE,Bartesaghi,D,5.5,5.5,True,False
36,DTE,Ramon,D,5.5,5.5,True,False
36,DTE,Kempf,D,6.5,6.5,True,False
36,DTE,Solet,D,6.0,6.0,True,False
36,DTE,Pisilli,C,6.0,6.0,True,False
36,DTE,Frendrup,C,5.5,5.5,True,False
36,DTE,Lobotka,C,6.0,6.0,True,False
36,DTE,Atta,C,6.5,6.5,True,False
36,DTE,Nkunku,A,5.0,5.0,True,False
36,DTE,Douvikas,A,7.0,11.0,True,False
36,DTE,Sommer,P,,,False,True
36,DTE,Di Gennaro,P,,,False,True
36,DTE,Diego Carlos,D,,,False,True
36,DTE,Terracciano F.,D,5.0,5.0,False,True
36,DTE,Otoa,D,5.5,5.5,False,True
36,DTE,Paz N.,C,,,False,True
36,DTE,Miller L.,C,6.0,5.5,False,True
36,DTE,Ngom,C,6.0,6.0,False,True
36,DTE,Leao,A,6.0,6.0,False,True
36,DTE,Arena A.,A,,,False,True
36,DTE,Morata,A,,,False,True
36,DTE,Ferguson E.,A,,,False,True
36,DTE,Valle,D,,,False,True
36,DTE,Bernabè,C,,,False,True
36,GOODBYE,Di Gregorio,P,,,False,False
36,GOODBYE,Celik,D,6.5,6.5,True,False
36,GOODBYE,Bremer,D,,,False,False
36,GOODBYE,Mancini,D,6.5,6.5,True,False
36,GOODBYE,Hermoso,D,6.5,6.5,True,False
36,GOODBYE,Zalewski,C,,,False,False
36,GOODBYE,Matic,C,6.0,6.0,True,False
36,GOODBYE,Cristante,C,6.0,6.0,True,False
36,GOODBYE,Locatelli,C,5.5,5.5,True,False
36,GOODBYE,Dybala,A,8.0,10.0,True,False
36,GOODBYE,Soulè,A,6.0,6.0,True,False
36,GOODBYE,Perin,P,6.5,4.5,True,True
36,GOODBYE,Pinsoglio,P,,,False,True
36,GOODBYE,Spinazzola,D,,,False,True
36,GOODBYE,Floriani Mussolini,D,5.5,5.5,True,True
36,GOODBYE,Van Der Brempt,D,6.5,6.5,False,True
36,GOODBYE,De Vrij,D,5.5,5.5,False,True
36,GOODBYE,El Shaarawy,C,7.0,10.0,True,True
36,GOODBYE,Adzic,C,,,False,True
36,GOODBYE,Sala A.,C,,,False,True
36,GOODBYE,Stengs,C,,,False,True
36,GOODBYE,Milik,A,,,False,True
36,GOODBYE,Openda,A,,,False,True
36,GOODBYE,Pavoletti,A,,,False,True
36,GOODBYE,Lukaku,A,,,False,True
36,QICELLO,Milinkovic-Savic V.,P,,,False,False
36,QICELLO,Rensch,D,6.5,6.5,True,False
36,QICELLO,Pavlovic,D,5.5,5.0,True,False
36,QICELLO,Bisseck,D,5.5,5.5,True,False
36,QICELLO,Di Lorenzo,D,6.5,6.5,True,False
36,QICELLO,McTominay,C,5.5,5.5,True,False
36,QICELLO,Vlasic,C,6.0,6.0,True,False
36,QICELLO,Zielinski,C,5.0,3.0,True,False
36,QICELLO,Isaksen,C,,,False,False
36,QICELLO,Adams C.,A,7.0,11.0,True,False
36,QICELLO,Yildiz,A,,,False,False
36,QICELLO,Meret,P,6.5,7.5,True,True
36,QICELLO,Contini,P,,,False,True
36,QICELLO,Gutierrez,D,6.5,6.5,False,True
36,QICELLO,Miranda J.,D,5.5,5.5,False,True
36,QICELLO,Gabbia,D,5.5,5.5,False,True
36,QICELLO,De Winter,D,,,False,True
36,QICELLO,Vergara,C,,,False,True
36,QICELLO,Perrone,C,6.5,6.5,True,True
36,QICELLO,Diouf,C,7.0,11.0,False,True
36,QICELLO,Frattesi,C,,,False,True
36,QICELLO,Boga,A,6.0,6.0,True,True
36,QICELLO,Bowie,A,5.5,5.5,False,True
36,QICELLO,Piccoli,A,7.0,10.0,False,True
36,QICELLO,Kilicsoy,A,,,False,True
36,OLD LIN,De Gea,P,,,False,False
36,OLD LIN,Gallo,D,6.5,6.5,True,False
36,OLD LIN,Luperto,D,4.5,4.5,True,False
36,OLD LIN,Delprato,D,,,False,False
36,OLD LIN,Strefezza,C,,,False,False
36,OLD LIN,Konè M.,C,6.0,6.0,True,False
36,OLD LIN,Barella,C,6.0,6.0,True,False
36,OLD LIN,McKennie,C,6.0,6.0,True,False
36,OLD LIN,Cheddira,A,6.0,6.0,True,False
36,OLD LIN,Martinez L.,A,5.5,5.0,True,False
36,OLD LIN,Berardi,A,6.0,6.0,True,False
36,OLD LIN,Christensen O.,P,7.5,6.5,True,True
36,OLD LIN,Lezzerini,P,,,False,True
36,OLD LIN,Baschirotto,D,,,False,True
36,OLD LIN,Circati,D,6.0,6.0,True,True
36,OLD LIN,Ismajli,D,5.0,5.0,False,True
36,OLD LIN,Zappa,D,6.5,6.5,False,True
36,OLD LIN,Heggem,D,,,False,True
36,OLD LIN,Ellertsson,C,5.5,5.5,True,True
36,OLD LIN,Pasalic,C,5.5,5.5,False,True
36,OLD LIN,Gaetano,C,7.0,7.0,False,True
36,OLD LIN,Brescianini,C,6.5,7.5,False,True
36,OLD LIN,Krstovic,A,,,False,True
36,OLD LIN,Castro S.,A,5.5,5.5,False,True
36,OLD LIN,Zapata D.,A,5.5,5.5,False,True
36,HISASHI MITSUI,Bijlow,P,,,False,False
36,HISASHI MITSUI,Bastoni,D,,,False,False
36,HISASHI MITSUI,Buongiorno,D,,,False,False
36,HISASHI MITSUI,Dodò,D,6.5,6.5,True,False
36,HISASHI MITSUI,Pulisic,C,5.0,5.0,True,False
36,HISASHI MITSUI,El Aynaoui,C,6.0,6.0,True,False
36,HISASHI MITSUI,Baldanzi,C,,,False,False
36,HISASHI MITSUI,Politano,C,6.0,6.0,True,False
36,HISASHI MITSUI,Vardy,A,6.0,5.5,True,False
36,HISASHI MITSUI,Simeone,A,6.0,6.0,True,False
36,HISASHI MITSUI,Colombo,A,6.0,6.0,True,False
36,HISASHI MITSUI,Leali,P,6.5,5.5,True,True
36,HISASHI MITSUI,Sommariva,P,,,False,True
36,HISASHI MITSUI,Olivera,D,6.5,6.5,True,True
36,HISASHI MITSUI,Coco,D,5.0,5.0,True,True
36,HISASHI MITSUI,Mina,D,6.5,7.5,False,True
36,HISASHI MITSUI,Angelino,D,,,False,True
36,HISASHI MITSUI,Vitik,D,,,False,True
36,HISASHI MITSUI,Zambo Anguissa,C,,,False,True
36,HISASHI MITSUI,Thuram K.,C,6.0,7.0,True,True
36,HISASHI MITSUI,Fagioli,C,,,False,True
36,HISASHI MITSUI,Loftus-Cheek,C,,,False,True
36,HISASHI MITSUI,Borrelli,A,7.0,10.0,False,True
36,HISASHI MITSUI,Orban G.,A,,,False,True
36,HISASHI MITSUI,Addai,A,,,False,True
36,ROMANHOLIDAY,Falcone,P,6.5,7.5,True,False
36,ROMANHOLIDAY,Carlos Augusto,D,6.0,6.0,True,False
36,ROMANHOLIDAY,Vasquez,D,,,False,False
36,ROMANHOLIDAY,Gatti,D,5.0,5.0,True,False
36,ROMANHOLIDAY,Da Cunha,C,8.0,13.0,True,False
36,ROMANHOLIDAY,Orsolini,C,,,False,False
36,ROMANHOLIDAY,Mkhitaryan,C,6.0,5.5,True,False
36,ROMANHOLIDAY,De Bruyne,C,6.5,7.5,True,False
36,ROMANHOLIDAY,Bonny,A,6.0,6.0,True,False
36,ROMANHOLIDAY,Bonazzoli,A,7.0,9.0,True,False
36,ROMANHOLIDAY,Davis K.,A,5.5,5.5,True,False
36,ROMANHOLIDAY,Smolcic I.,D,6.5,6.5,True,True
36,ROMANHOLIDAY,Veiga D.,D,6.0,6.0,False,True
36,ROMANHOLIDAY,Darmian,D,,,False,True
36,ROMANHOLIDAY,Dumfries,D,,,False,True
36,ROMANHOLIDAY,Fullkrug,A,5.5,5.5,False,True
36,ROMANHOLIDAY,Stulic,A,,,False,True
36,ROMANHOLIDAY,Thuram,A,,,False,True
36,ROMANHOLIDAY,Luis Henrique,C,6.0,6.0,True,True
36,ROMANHOLIDAY,Amorim,C,6.0,6.0,False,True
36,ROMANHOLIDAY,Jashari,C,5.0,5.0,False,True
36,ROMINA&ROMOLO,Caprile,P,6.0,5.0,True,False
36,ROMINA&ROMOLO,Martin,D,6.0,6.0,True,False
36,ROMINA&ROMOLO,Rrahmani,D,6.5,6.5,True,False
36,ROMINA&ROMOLO,Muharemovic,D,,,False,False
36,ROMINA&ROMOLO,Tomori,D,5.0,5.0,True,False
36,ROMINA&ROMOLO,Baturina,C,6.0,6.0,True,False
36,ROMINA&ROMOLO,Thorstvedt,C,5.5,5.0,True,False
36,ROMINA&ROMOLO,Konè I.,C,6.5,6.5,True,False
36,ROMINA&ROMOLO,Santos A.,C,,,False,False
36,ROMINA&ROMOLO,Diao,A,6.5,6.5,True,False
36,ROMINA&ROMOLO,Pellegrino M.,A,7.0,11.0,True,False
36,ROMINA&ROMOLO,Giovane,A,,,False,True
36,ROMINA&ROMOLO,David,A,5.5,5.5,False,True
36,ROMINA&ROMOLO,Durosinmi,A,,,False,True
36,ROMINA&ROMOLO,Ratkov,A,,,False,True
36,ROMINA&ROMOLO,Odgaard,C,6.0,6.0,True,True
36,ROMINA&ROMOLO,Gandelman,C,6.0,6.0,False,True
36,ROMINA&ROMOLO,Cataldi,C,,,False,True
36,ROMINA&ROMOLO,Bernasconi,D,,,False,True
36,ROMINA&ROMOLO,Ziolkowski,D,5.5,5.0,True,True
36,ROMINA&ROMOLO,Gosens,D,6.0,6.0,False,True
36,ROMINA&ROMOLO,Belghali,D,6.0,6.0,False,True
36,ROMINA&ROMOLO,Maignan,P,7.0,4.5,False,True
36,ROMINA&ROMOLO,Terracciano,P,,,False,True
36,KAMADO,Gollini,P,,,False,False
36,KAMADO,Dimarco,D,7.0,10.0,True,False
36,KAMADO,Pedro Felipe,D,6.0,6.0,True,False
36,KAMADO,Ahanor,D,5.5,5.0,True,False
36,KAMADO,Vojvoda,D,,,False,False
36,KAMADO,Rowe,C,6.5,6.5,True,False
36,KAMADO,Malinovskyi,C,,,False,False
36,KAMADO,Rabiot,C,5.5,5.5,True,False
36,KAMADO,Hojlund,A,7.5,11.5,True,False
36,KAMADO,Rodriguez Je.,A,7.5,11.0,True,False
36,KAMADO,Pedro,A,7.0,11.0,True,False
36,KAMADO,Svilar,P,6.5,7.5,True,True
36,KAMADO,Butez,P,6.0,5.0,False,True
36,KAMADO,Obert,D,6.0,6.0,True,True
36,KAMADO,Kristensen T.,D,6.0,6.0,False,True
36,KAMADO,Nelsson,D,5.5,5.5,False,True
36,KAMADO,Venturino,C,,,False,True
36,KAMADO,Raspadori,A,6.0,6.0,False,True
36,KAMADO,Solomon,A,,,False,True
36,KAMADO,Vitinha O.,A,,,False,True
36,KAMADO,Taylor K.,C,,,False,True
36,KAMADO,Ekkelenkamp,C,,,False,True
36,KAMADO,Zaniolo,C,,,False,True
36,KAMADO,Ondrejka,C,,,False,True
36,KAMADO,Norton-Cuffy,D,6.0,6.0,False,True
36,ASR YOYO,Sportiello,P,5.5,4.5,True,False
36,ASR YOYO,Holm,D,5.5,5.5,True,False
36,ASR YOYO,Scalvini,D,6.0,6.0,True,False
36,ASR YOYO,Kalulu,D,6.0,5.5,True,False
36,ASR YOYO,Palestra,D,6.5,6.5,True,False
36,ASR YOYO,Pellegrini Lo.,C,,,False,False
36,ASR YOYO,Modric,C,6.0,6.0,True,False
36,ASR YOYO,Maldini,C,6.0,6.0,True,False
36,ASR YOYO,Malen,A,6.5,8.5,True,False
36,ASR YOYO,Esposito F.P.,A,6.5,9.5,True,False
36,ASR YOYO,Scamacca,A,,,False,False
36,ASR YOYO,Carnesecchi,P,,,False,True
36,ASR YOYO,Rossi F.,P,,,False,True
36,ASR YOYO,Ostigard,D,,,False,True
36,ASR YOYO,Kelly L.,D,5.5,5.5,False,True
36,ASR YOYO,Akanji,D,,,False,True
36,ASR YOYO,Parisi,D,,,False,True
36,ASR YOYO,Gudmundsson A.,C,6.0,6.0,True,True
36,ASR YOYO,Miretti,C,5.5,5.5,False,True
36,ASR YOYO,Collocolo,C,5.5,5.5,False,True
36,ASR YOYO,Rovella,C,,,False,True
36,ASR YOYO,Zaragoza,C,,,False,True
36,ASR YOYO,Kean,A,,,False,True
36,ASR YOYO,Cambiaghi,A,,,False,True
36,ASR YOYO,Aboukhlal,A,,,False,True
36,TEAM PC,Ravaglia F.,P,,,False,False
36,TEAM PC,Zappacosta,D,6.5,6.5,True,False
36,TEAM PC,Zortea,D,6.0,6.0,True,False
36,TEAM PC,Bellanova,D,5.5,5.5,True,False
36,TEAM PC,Cambiaso,D,5.5,5.5,True,False
36,TEAM PC,Ederson D.S.,C,,,False,False
36,TEAM PC,Conceicao,C,6.5,7.5,True,False
36,TEAM PC,Coulibaly L.,C,6.0,6.0,True,False
36,TEAM PC,Esposito Se.,A,6.5,6.5,True,False
36,TEAM PC,Laurientè,A,5.0,5.0,True,False
36,TEAM PC,Pinamonti,A,5.5,5.5,True,False
36,TEAM PC,Pessina Mas.,P,,,False,True
36,TEAM PC,Acerbi,D,,,False,True
36,TEAM PC,Tourè I.,C,,,False,True
36,TEAM PC,Doig,D,,,False,True
36,TEAM PC,Sucic P.,C,5.5,5.5,True,True
36,TEAM PC,Vaz,A,,,False,True
36,TEAM PC,Skorupski,P,6.0,3.0,True,True
36,TEAM PC,Elmas,C,5.5,5.5,False,True
36,TEAM PC,Zaccagni,C,,,False,True
36,TEAM PC,Kamara H.,D,,,False,True
36,TEAM PC,N'Dicka,D,,,False,True
36,TEAM PC,Koopmeiners,C,5.5,5.5,False,True
36,TEAM PC,De Ketelaere,A,6.0,6.0,False,True
36,TEAM PC,Vlahovic,A,7.5,13.5,False,True
