giornata,team,player,position,voto,fantavoto,active,on_bench
1,DARTH VADER,Di Gregorio,P,6.0,3.0,True,False
1,DARTH VADER,Vasquez,D,6.0,6.0,True,False
1,DARTH VADER,Bremer,D,7.5,9.5,True,False
1,DARTH VADER,Buongiorno,D,6.0,6.0,True,False
1,DARTH VADER,Folorunsho,C,6.0,6.0,True,False
1,DARTH VADER,Saelemaekers,C,6.5,7.0,True,False
1,DARTH VADER,Calhanoglu,C,7.5,13.5,True,False
1,DARTH VADER,Oristanio,C,6.0,6.0,True,False
1,DARTH VADER,Yildiz,A,7.0,11.0,True,False
1,DARTH VADER,Castro S.,A,5.5,5.5,True,False
1,DARTH VADER,Berardi,A,6.5,6.5,True,False
1,DARTH VADER,Perin,P,,,False,True
1,DARTH VADER,Pinsoglio,P,,,False,True
1,DARTH VADER,Baschirotto,D,5.0,5.0,False,True
1,DARTH VADER,Ranieri L.,D,6.0,9.0,False,True
1,DARTH VADER,Gallo,D,4.5,4.5,False,True
1,DARTH VADER,Canestrelli,D,5.0,5.0,False,True
1,DARTH VADER,Zanoli,D,,,False,True
1,DARTH VADER,Zielinski,C,6.0,7.0,False,True
1,DARTH VADER,Guendouzi,C,5.5,5.5,False,True
1,DARTH VADER,Frendrup,C,5.5,5.5,False,True
1,DARTH VADER,Ederson D.S.,C,,,False,True
1,DARTH VADER,Orban G.,A,6.0,6.0,False,True
1,DARTH VADER,Stulic,A,5.5,5.5,False,True
1,DARTH VADER,Ngonge,A,6.0,7.0,False,True
1,KKK,De Gea,P,7.0,4.0,True,False
1,KKK,Vojvoda,D,5.5,5.5,True,False
1,KKK,Hermoso,D,6.0,6.0,True,False
1,KKK,Bellanova,D,6.5,6.5,True,False
1,KKK,Zhegrova,C,,,False,False
1,KKK,Rovella,C,6.0,5.5,True,False
1,KKK,Pulisic,C,7.0,7.0,True,False
1,KKK,Loftus-Cheek,C,6.5,6.5,True,False
1,KKK,Vardy,A,6.0,6.0,True,False
1,KKK,Douvikas,A,6.0,6.0,True,False
1,KKK,Hojlund,A,7.0,11.0,True,False
1,KKK,Martinelli T.,P,,,False,True
1,KKK,Falcone,P,5.5,1.5,False,True
1,KKK,Olivera,D,6.0,6.0,False,True
1,KKK,Juan Jesus,D,,,False,True
1,KKK,Palestra,D,6.5,6.5,False,True
1,KKK,Kelly L.,D,7.0,10.0,False,True
1,KKK,Gutierrez,D,,,False,True
1,KKK,Atta,C,7.0,7.0,True,True
1,KKK,Locatelli,C,6.5,6.0,False,True
1,KKK,Tramoni M.,C,5.5,5.5,False,True
1,KKK,Casadei,C,6.0,6.0,False,True
1,KKK,Lucca,A,6.0,6.0,False,True
1,KKK,Sanabria,A,5.5,5.5,False,True
1,KKK,Cutrone,A,5.0,5.0,False,True
1,ETHANANITA,Maignan,P,6.0,7.0,True,False
1,ETHANANITA,Angori,D,5.5,5.5,True,False
1,ETHANANITA,Wesley,D,5.0,4.5,True,False
1,ETHANANITA,Dodò,D,6.0,6.0,True,False
1,ETHANANITA,Dumfries,D,6.0,6.0,True,False
1,ETHANANITA,Da Cunha,C,6.0,6.0,True,False
1,ETHANANITA,Maldini,C,6.0,6.0,True,False
1,ETHANANITA,Politano,C,6.5,6.5,True,False
1,ETHANANITA,Esposito Se.,A,6.0,5.5,True,False
1,ETHANANITA,Davis K.,A,6.0,6.0,True,False
1,ETHANANITA,Krstovic,A,6.5,8.5,True,False
1,ETHANANITA,Semper,P,6.0,5.0,False,True
1,ETHANANITA,Scuffet,P,,,False,True
1,ETHANANITA,Zemura,D,6.0,6.0,False,True
1,ETHANANITA,Joao Mario,D,,,False,True
1,ETHANANITA,Tourè I.,C,6.5,6.5,False,True
1,ETHANANITA,Stanciu,C,,,False,True
1,ETHANANITA,Vlasic,C,6.5,6.5,False,True
1,ETHANANITA,Neres,C,6.0,6.0,False,True
1,ETHANANITA,Openda,A,6.0,6.0,False,True
1,ETHANANITA,Meister,A,6.0,6.0,False,True
1,ETHANANITA,Zapata D.,A,,,False,True
1,BJ EASTONE FC,Butez,P,6.0,5.0,True,False
1,BJ EASTONE FC,Gosens,D,6.5,6.5,True,False
1,BJ EASTONE FC,Ramon,D,5.5,4.5,True,False
1,BJ EASTONE FC,Kristensen T.,D,7.0,7.0,True,False
1,BJ EASTONE FC,Smolcic I.,D,,,False,False
1,BJ EASTONE FC,Paz N.,C,7.0,10.0,True,False
1,BJ EASTONE FC,Konè M.,C,5.5,5.5,True,False
1,BJ EASTONE FC,Fofana Y.,C,6.0,6.0,True,False
1,BJ EASTONE FC,Odgaard,C,6.0,6.0,True,False
1,BJ EASTONE FC,Vlahovic,A,5.0,5.0,True,False
1,BJ EASTONE FC,Ferguson E.,A,5.5,5.5,True,False
1,BJ EASTONE FC,Cavlina,P,,,False,True
1,BJ EASTONE FC,Bisseck,D,,,False,True
1,BJ EASTONE FC,De Winter,D,6.0,6.0,True,True
1,BJ EASTONE FC,Veiga D.,D,6.0,6.5,False,True
1,BJ EASTONE FC,Odogu,D,,,False,True
1,BJ EASTONE FC,Luis Henrique,C,,,False,True
1,BJ EASTONE FC,Vergara,C,,,False,True
1,BJ EASTONE FC,Adzic,C,7.5,11.5,False,True
1,BJ EASTONE FC,Conceicao,C,,,False,True
1,BJ EASTONE FC,Ekhator,A,,,False,True
1,BJ EASTONE FC,Gueye,A,,,False,True
1,BJ EASTONE FC,Ambrosino,A,,,False,True
1,BJ EASTONE FC,Njie,A,,,False,True
1,BJ EASTONE FC,Okoye,P,,,False,True
1,TIGER REBELS,Svilar,P,6.5,5.5,True,False
1,TIGER REBELS,Acerbi,D,6.0,5.5,True,False
1,TIGER REBELS,Obert,D,6.5,6.5,True,False
1,TIGER REBELS,Pezzella Giu.,D,5.5,5.5,True,False
1,TIGER REBELS,Masini,C,5.5,5.5,True,False
1,TIGER REBELS,McTominay,C,6.5,6.5,True,False
1,TIGER REBELS,Lobotka,C,6.0,6.0,True,False
1,TIGER REBELS,Modric,C,7.5,11.5,True,False
1,TIGER REBELS,Dybala,A,5.5,5.5,True,False
1,TIGER REBELS,Rodriguez Je.,A,5.5,5.5,True,False
1,TIGER REBELS,De Ketelaere,A,8.0,15.0,True,False
1,TIGER REBELS,Tiago Gabriel,D,,,False,True
1,TIGER REBELS,Gollini,P,,,False,True
1,TIGER REBELS,Mina,D,7.0,11.0,False,True
1,TIGER REBELS,Terracciano F.,D,5.5,5.5,False,True
1,TIGER REBELS,Valle,D,6.0,5.5,False,True
1,TIGER REBELS,Miranda J.,D,5.5,5.0,False,True
1,TIGER REBELS,Vasquez D.,P,,,False,True
1,TIGER REBELS,Zalewski,C,7.5,11.5,False,True
1,TIGER REBELS,El Shaarawy,C,6.0,6.0,False,True
1,TIGER REBELS,Pellegrini Lo.,C,,,False,True
1,TIGER REBELS,Brescianini,C,6.0,6.0,False,True
1,TIGER REBELS,Lookman,A,,,False,True
1,TIGER REBELS,Dzeko,A,5.0,5.0,False,True
1,TIGER REBELS,Almqvist,A,5.5,5.5,False,True
1,WINNING MOMENT,Caprile,P,7.0,8.0,True,False
1,WINNING MOMENT,Angelino,D,5.5,5.0,True,False
1,WINNING MOMENT,Kalulu,D,5.5,5.5,True,False
1,WINNING MOMENT,Mancini,D,6.0,6.0,True,False
1,WINNING MOMENT,Pasalic,C,6.5,6.5,True,False
1,WINNING MOMENT,Mandragora,C,6.0,6.0,True,False
1,WINNING MOMENT,Barella,C,5.5,5.5,True,False
1,WINNING MOMENT,Zambo Anguissa,C,6.5,7.5,True,False
1,WINNING MOMENT,McKennie,C,6.0,6.0,True,False
1,WINNING MOMENT,Nkunku,A,,,False,False
1,WINNING MOMENT,Soulè,A,6.5,6.5,True,False
1,WINNING MOMENT,Leali,P,6.5,5.5,False,True
1,WINNING MOMENT,Tomori,D,6.0,5.5,False,True
1,WINNING MOMENT,Bastoni,D,5.5,5.5,False,True
1,WINNING MOMENT,Pongracic,D,5.0,5.0,False,True
1,WINNING MOMENT,Sabelli,D,6.0,6.0,False,True
1,WINNING MOMENT,Darmian,D,,,False,True
1,WINNING MOMENT,Matic,C,6.0,5.5,False,True
1,WINNING MOMENT,Nicolussi Caviglia,C,6.0,6.0,False,True
1,WINNING MOMENT,Sucic P.,C,,,False,True
1,WINNING MOMENT,Bonny,A,5.5,5.5,True,True
1,WINNING MOMENT,Bonazzoli,A,5.5,5.5,False,True
1,WINNING MOMENT,Benedyczak,A,,,False,True
1,WINNING MOMENT,Arena A.,A,,,False,True
1,BOVE,Skorupski,P,6.0,4.5,True,False
1,BOVE,Dimarco,D,6.5,7.5,True,False
1,BOVE,Vitik,D,,,False,False
1,BOVE,Beukema,D,7.0,10.0,True,False
1,BOVE,Akanji,D,6.0,6.0,True,False
1,BOVE,Stengs,C,,,False,False
1,BOVE,Gudmundsson A.,C,,,False,False
1,BOVE,Rabiot,C,6.5,6.5,True,False
1,BOVE,Pellegrino M.,A,5.5,5.5,True,False
1,BOVE,Kean,A,5.5,5.5,True,False
1,BOVE,David,A,6.5,7.5,True,False
1,BOVE,Ravaglia F.,P,,,False,True
1,BOVE,Sava,P,5.5,6.5,False,True
1,BOVE,Pavlovic,D,6.0,6.0,True,True
1,BOVE,Gabbia,D,6.5,6.5,False,True
1,BOVE,Rensch,D,,,False,True
1,BOVE,Heggem,D,6.0,6.0,False,True
1,BOVE,Isaksen,C,,,False,True
1,BOVE,Bernardeschi,C,5.5,5.5,True,True
1,BOVE,Ndour,C,,,False,True
1,BOVE,Frattesi,C,,,False,True
1,BOVE,Giovane,A,6.0,5.5,False,True
1,BOVE,Kuhn,A,6.5,6.5,False,True
1,BOVE,Simeone,A,7.5,11.5,False,True
1,BOVE,Thorstvedt,C,,,False,True
1,VENI VIDI VICI,Carnesecchi,P,6.0,5.0,True,False
1,VENI VIDI VICI,Delprato,D,5.5,5.5,True,False
1,VENI VIDI VICI,Carlos Augusto,D,6.5,7.5,True,False
1,VENI VIDI VICI,Tavares N.,D,5.5,5.5,True,False
1,VENI VIDI VICI,N'Dicka,D,6.0,6.0,True,False
1,VENI VIDI VICI,Mkhitaryan,C,5.5,5.0,True,False
1,VENI VIDI VICI,Vandeputte,C,5.5,5.5,True,False
1,VENI VIDI VICI,Konè I.,C,5.5,5.5,True,False
1,VENI VIDI VICI,Martinez L.,A,5.0,5.0,True,False
1,VENI VIDI VICI,Thuram,A,7.0,10.0,True,False
1,VENI VIDI VICI,Piccoli,A,5.5,5.5,True,False
1,VENI VIDI VICI,Rossi F.,P,,,False,True
1,VENI VIDI VICI,Sportiello,P,,,False,True
1,VENI VIDI VICI,Biraghi,D,6.0,6.0,False,True
1,VENI VIDI VICI,Lovik,D,6.0,6.0,False,True
1,VENI VIDI VICI,Valeri,D,6.0,6.0,False,True
1,VENI VIDI VICI,Cuadrado,D,,,False,True
1,VENI VIDI VICI,Carboni V.,C,6.5,6.5,False,True
1,VENI VIDI VICI,Fabbian,C,5.5,5.5,False,True
1,VENI VIDI VICI,Gaetano,C,6.0,6.0,False,True
1,VENI VIDI VICI,Rowe,C,6.0,6.0,False,True
1,VENI VIDI VICI,Volpato,C,6.0,5.5,False,True
1,VENI VIDI VICI,Camarda,A,5.5,5.5,False,True
1,VENI VIDI VICI,Esposito F.P.,A,,,False,True
1,VENI VIDI VICI,Moreo,A,5.5,5.5,False,True
1,TEAM ASRSUPERJULIAN,Provedel,P,6.0,5.0,True,False
1,TEAM ASRSUPERJULIAN,Di Lorenzo,D,6.5,6.5,True,False
1,TEAM ASRSUPERJULIAN,Solet,D,6.5,6.5,True,False
1,TEAM ASRSUPERJULIAN,Scalvini,D,7.0,10.0,True,False
1,TEAM ASRSUPERJULIAN,Zortea,D,5.5,5.5,True,False
1,TEAM ASRSUPERJULIAN,Orsolini,C,5.5,5.5,True,False
1,TEAM ASRSUPERJULIAN,De Bruyne,C,7.0,9.0,True,False
1,TEAM ASRSUPERJULIAN,Zaccagni,C,6.5,6.5,True,False
1,TEAM ASRSUPERJULIAN,Adams C.,A,6.0,6.0,True,False
1,TEAM ASRSUPERJULIAN,Pinamonti,A,6.0,5.5,True,False
1,TEAM ASRSUPERJULIAN,Cancellieri,A,5.5,5.5,True,False
1,TEAM ASRSUPERJULIAN,Sommer,P,5.0,1.0,False,True
1,TEAM ASRSUPERJULIAN,Mandas,P,,,False,True
1,TEAM ASRSUPERJULIAN,Gaspar K.,D,4.5,4.5,False,True
1,TEAM ASRSUPERJULIAN,Ziolkowski,D,,,False,True
1,TEAM ASRSUPERJULIAN,Palma,D,,,False,True
1,TEAM ASRSUPERJULIAN,Van Der Brempt,D,,,False,True
1,TEAM ASRSUPERJULIAN,Kostic,C,,,False,True
1,TEAM ASRSUPERJULIAN,Bondo,C,5.5,5.5,False,True
1,TEAM ASRSUPERJULIAN,Kaba,C,,,False,True
1,TEAM ASRSUPERJULIAN,Ilkhan,C,,,False,True
1,TEAM ASRSUPERJULIAN,Onana J.,C,,,False,True
1,TEAM ASRSUPERJULIAN,Scamacca,A,,,False,True
1,TEAM ASRSUPERJULIAN,Lang,A,,,False,True
1,TEAM ASRSUPERJULIAN,Diao,A,,,False,True
1,FANTA GPT,Meret,P,,,False,False
1,FANTA GPT,Estupinan,D,6.0,5.5,True,False
1,FANTA GPT,Gila,D,6.5,6.5,True,False
1,FANTA GPT,Luperto,D,6.5,6.5,True,False
1,FANTA GPT,Martin,D,6.0,6.0,True,False
1,FANTA GPT,Vazquez,C,6.0,6.0,True,False
1,FANTA GPT,Bernabè,C,6.5,6.5,True,False
1,FANTA GPT,Thuram K.,C,7.0,10.0,True,False
1,FANTA GPT,Zerbin,C,5.5,5.5,True,False
1,FANTA GPT,Gimenez,A,5.0,5.0,True,False
1,FANTA GPT,Castellanos,A,5.5,5.5,True,False
1,FANTA GPT,Zappacosta,D,,,False,True
1,FANTA GPT,Gatti,D,6.0,6.0,False,True
1,FANTA GPT,Norton-Cuffy,D,6.5,6.5,False,True
1,FANTA GPT,Tsimikas,D,,,False,True
1,FANTA GPT,Samardzic,C,6.0,6.0,False,True
1,FANTA GPT,Koopmeiners,C,5.0,4.5,False,True
1,FANTA GPT,Asllani,C,6.5,6.0,False,True
1,FANTA GPT,Freuler,C,5.5,5.5,False,True
1,FANTA GPT,Leao,A,,,False,True
1,FANTA GPT,Morata,A,5.5,6.0,False,True
1,FANTA GPT,Dovbyk,A,,,False,True
1,FANTA GPT,Colombo,A,5.0,5.0,False,True
1,FANTA GPT,Milinkovic-Savic V.,P,5.5,4.5,True,True
1,FANTA GPT,Contini,P,,,False,True
2,BJ EASTONE FC,Butez,P,6.0,5.0,True,False
2,BJ EASTONE FC,Gosens,D,5.5,5.5,True,False
2,BJ EASTONE FC,Veiga D.,D,,,False,False
2,BJ EASTONE FC,Kristensen T.,D,5.0,5.0,True,False
2,BJ EASTONE FC,De Winter,D,6.0,6.0,True,False
2,BJ EASTONE FC,Paz N.,C,7.0,8.5,True,False
2,BJ EASTONE FC,Konè M.,C,7.0,7.0,True,False
2,BJ EASTONE FC,Fofana Y.,C,7.0,10.0,True,False
2,BJ EASTONE FC,Odgaard,C,,,False,False
2,BJ EASTONE FC,Vlahovic,A,5.5,5.5,True,False
2,BJ EASTONE FC,Ferguson E.,A,6.0,6.0,True,False
2,BJ EASTONE FC,Cavlina,P,,,False,True
2,BJ EASTONE FC,Bisseck,D,,,False,True
2,BJ EASTONE FC,Odogu,D,,,False,True
2,BJ EASTONE FC,Smolcic I.,D,5.5,5.5,True,True
2,BJ EASTONE FC,Conceicao,C,7.0,10.0,True,True
2,BJ EASTONE FC,Adzic,C,6.0,6.0,False,True
2,BJ EASTONE FC,Luis Henrique,C,6.0,6.0,False,True
2,BJ EASTONE FC,Vergara,C,,,False,True
2,BJ EASTONE FC,Ekhator,A,5.5,5.5,False,True
2,BJ EASTONE FC,Gueye,A,,,False,True
2,BJ EASTONE FC,Ambrosino,A,,,False,True
2,BJ EASTONE FC,Njie,A,,,False,True
2,BJ EASTONE FC,Okoye,P,,,False,True
2,BJ EASTONE FC,Ramon,D,,,False,True
2,DARTH VADER,Di Gregorio,P,6.5,5.5,True,False
2,DARTH VADER,Vasquez,D,6.0,6.0,True,False
2,DARTH VADER,Bremer,D,,,False,False
2,DARTH VADER,Buongiorno,D,6.5,6.5,True,False
2,DARTH VADER,Ranieri L.,D,6.0,5.5,True,False
2,DARTH VADER,Folorunsho,C,6.5,6.5,True,False
2,DARTH VADER,Saelemaekers,C,7.0,7.0,True,False
2,DARTH VADER,Calhanoglu,C,6.0,5.5,True,False
2,DARTH VADER,Yildiz,A,6.0,6.0,True,False
2,DARTH VADER,Castro S.,A,7.0,10.0,True,False
2,DARTH VADER,Berardi,A,6.5,7.5,True,False
2,DARTH VADER,Perin,P,,,False,True
2,DARTH VADER,Pinsoglio,P,,,False,True
2,DARTH VADER,Baschirotto,D,6.5,6.5,True,True
2,DARTH VADER,Gallo,D,5.0,5.0,False,True
2,DARTH VADER,Canestrelli,D,5.5,5.5,False,True
2,DARTH VADER,Zanoli,D,6.0,6.0,False,True
2,DARTH VADER,Zielinski,C,,,False,True
2,DARTH VADER,Oristanio,C,6.0,6.0,False,True
2,DARTH VADER,Guendouzi,C,6.0,5.0,False,True
2,DARTH VADER,Frendrup,C,6.0,6.0,False,True
2,DARTH VADER,Ederson D.S.,C,,,False,True
2,DARTH VADER,Orban G.,A,7.5,10.0,False,True
2,DARTH VADER,Stulic,A,5.0,5.0,False,True
2,DARTH VADER,Ngonge,A,,,False,True
2,VENI VIDI VICI,Carnesecchi,P,7.0,10.0,True,False
2,VENI VIDI VICI,Delprato,D,6.0,6.0,True,False
2,VENI VIDI VICI,Carlos Augusto,D,6.5,6.5,True,False
2,VENI VIDI VICI,Tavares N.,D,5.0,5.0,True,False
2,VENI VIDI VICI,N'Dicka,D,6.0,5.5,True,False
2,VENI VIDI VICI,Mkhitaryan,C,,,False,False
2,VENI VIDI VICI,Fabbian,C,,,False,False
2,VENI VIDI VICI,Konè I.,C,6.5,6.5,True,False
2,VENI VIDI VICI,Martinez L.,A,6.0,6.0,True,False
2,VENI VIDI VICI,Thuram,A,6.0,6.0,True,False
2,VENI VIDI VICI,Moreo,A,5.5,5.5,True,False
2,VENI VIDI VICI,Rossi F.,P,,,False,True
2,VENI VIDI VICI,Sportiello,P,,,False,True
2,VENI VIDI VICI,Biraghi,D,5.0,5.0,False,True
2,VENI VIDI VICI,Lovik,D,,,False,True
2,VENI VIDI VICI,Valeri,D,6.0,6.0,False,True
2,VENI VIDI VICI,Cuadrado,D,6.0,6.0,False,True
2,VENI VIDI VICI,Vandeputte,C,5.5,5.5,True,True
2,VENI VIDI VICI,Carboni V.,C,5.0,4.5,True,True
2,VENI VIDI VICI,Gaetano,C,6.0,6.0,False,True
2,VENI VIDI VICI,Rowe,C,,,False,True
2,VENI VIDI VICI,Volpato,C,6.0,6.0,False,True
2,VENI VIDI VICI,Camarda,A,6.0,6.0,False,True
2,VENI VIDI VICI,Piccoli,A,5.0,5.0,False,True
2,VENI VIDI VICI,Esposito F.P.,A,6.5,6.5,False,True
2,TEAM ASRSUPERJULIAN,Provedel,P,6.5,5.5,True,False
2,TEAM ASRSUPERJULIAN,Di Lorenzo,D,5.0,5.0,True,False
2,TEAM ASRSUPERJULIAN,Solet,D,5.5,5.5,True,False
2,TEAM ASRSUPERJULIAN,Gaspar K.,D,5.5,5.5,True,False
2,TEAM ASRSUPERJULIAN,Zortea,D,5.5,5.5,True,False
2,TEAM ASRSUPERJULIAN,Orsolini,C,6.5,9.5,True,False
2,TEAM ASRSUPERJULIAN,De Bruyne,C,5.5,5.5,True,False
2,TEAM ASRSUPERJULIAN,Bondo,C,6.0,6.0,True,False
2,TEAM ASRSUPERJULIAN,Zaccagni,C,5.5,5.5,True,False
2,TEAM ASRSUPERJULIAN,Pinamonti,A,6.0,6.0,True,False
2,TEAM ASRSUPERJULIAN,Lang,A,,,False,False
2,TEAM ASRSUPERJULIAN,Sommer,P,,,False,True
2,TEAM ASRSUPERJULIAN,Cancellieri,A,,,False,True
2,TEAM ASRSUPERJULIAN,Mandas,P,,,False,True
2,TEAM ASRSUPERJULIAN,Ziolkowski,D,,,False,True
2,TEAM ASRSUPERJULIAN,Palma,D,,,False,True
2,TEAM ASRSUPERJULIAN,Kostic,C,,,False,True
2,TEAM ASRSUPERJULIAN,Kaba,C,5.5,5.5,False,True
2,TEAM ASRSUPERJULIAN,Ilkhan,C,,,False,True
2,TEAM ASRSUPERJULIAN,Adams C.,A,5.5,5.5,True,True
2,TEAM ASRSUPERJULIAN,Scalvini,D,,,False,True
2,TEAM ASRSUPERJULIAN,Scamacca,A,,,False,True
2,TEAM ASRSUPERJULIAN,Van Der Brempt,D,,,False,True
2,TEAM ASRSUPERJULIAN,Onana J.,C,,,False,True
2,TEAM ASRSUPERJULIAN,Diao,A,,,False,True
2,WINNING MOMENT,Caprile,P,6.5,5.5,True,False
2,WINNING MOMENT,Angelino,D,6.0,6.0,True,False
2,WINNING MOMENT,Kalulu,D,6.0,6.0,True,False
2,WINNING MOMENT,Mancini,D,6.0,6.0,True,False
2,WINNING MOMENT,Pasalic,C,6.0,6.0,True,False
2,WINNING MOMENT,Mandragora,C,7.0,10.0,True,False
2,WINNING MOMENT,Barella,C,6.0,6.0,True,False
2,WINNING MOMENT,Zambo Anguissa,C,6.0,6.0,True,False
2,WINNING MOMENT,McKennie,C,,,False,False
2,WINNING MOMENT,Nkunku,A,6.0,6.0,True,False
2,WINNING MOMENT,Soulè,A,6.5,7.5,True,False
2,WINNING MOMENT,Leali,P,6.5,4.5,False,True
2,WINNING MOMENT,Tomori,D,6.5,6.5,False,True
2,WINNING MOMENT,Bastoni,D,,,False,True
2,WINNING MOMENT,Pongracic,D,5.5,5.0,False,True
2,WINNING MOMENT,Sabelli,D,,,False,True
2,WINNING MOMENT,Darmian,D,,,False,True
2,WINNING MOMENT,Matic,C,5.5,5.5,True,True
2,WINNING MOMENT,Nicolussi Caviglia,C,5.5,5.5,False,True
2,WINNING MOMENT,Sucic P.,C,7.0,8.0,False,True
2,WINNING MOMENT,Bonny,A,6.0,6.0,False,True
2,WINNING MOMENT,Bonazzoli,A,,,False,True
2,WINNING MOMENT,Benedyczak,A,,,False,True
2,WINNING MOMENT,Arena A.,A,,,False,True
2,BOVE,Skorupski,P,6.5,5.5,True,False
2,BOVE,Dimarco,D,7.0,9.5,True,False
2,BOVE,Gabbia,D,6.0,6.0,True,False
2,BOVE,Beukema,D,5.0,5.0,True,False
2,BOVE,Pavlovic,D,6.5,6.5,True,False
2,BOVE,Frattesi,C,6.0,6.0,True,False
2,BOVE,Gudmundsson A.,C,,,False,False
2,BOVE,Rabiot,C,7.0,8.0,True,False
2,BOVE,Simeone,A,6.0,6.0,True,False
2,BOVE,Kean,A,5.5,5.5,True,False
2,BOVE,David,A,6.0,6.0,True,False
2,BOVE,Ravaglia F.,P,,,False,True
2,BOVE,Sava,P,5.0,2.0,False,True
2,BOVE,Akanji,D,6.0,6.0,False,True
2,BOVE,Heggem,D,6.0,6.0,False,True
2,BOVE,Vitik,D,6.0,6.0,False,True
2,BOVE,Rensch,D,7.0,7.0,False,True
2,BOVE,Bernardeschi,C,5.5,5.0,True,True
2,BOVE,Thorstvedt,C,6.0,6.0,False,True
2,BOVE,Isaksen,C,,,False,True
2,BOVE,Stengs,C,,,False,True
2,BOVE,Ndour,C,,,False,True
2,BOVE,Pellegrino M.,A,6.0,6.0,False,True
2,BOVE,Kuhn,A,6.0,6.0,False,True
2,BOVE,Giovane,A,6.0,6.0,False,True
2,KKK,De Gea,P,6.0,4.0,True,False
2,KKK,Vojvoda,D,5.5,5.0,True,False
2,KKK,Palestra,D,7.0,8.0,True,False
2,KKK,Bellanova,D,6.5,6.5,True,False
2,KKK,Kelly L.,D,5.5,5.0,True,False
2,KKK,Atta,C,6.0,5.5,True,False
2,KKK,Locatelli,C,5.5,5.5,True,False
2,KKK,Pulisic,C,8.5,16.5,True,False
2,KKK,Lucca,A,7.0,11.0,True,False
2,KKK,Douvikas,A,5.5,5.5,True,False
2,KKK,Hojlund,A,5.5,5.5,True,False
2,KKK,Martinelli T.,P,,,False,True
2,KKK,Falcone,P,6.5,4.5,False,True
2,KKK,Olivera,D,,,False,True
2,KKK,Gutierrez,D,,,False,True
2,KKK,Hermoso,D,,,False,True
2,KKK,Juan Jesus,D,,,False,True
2,KKK,Loftus-Cheek,C,6.5,6.5,False,True
2,KKK,Zhegrova,C,,,False,True
2,KKK,Tramoni M.,C,5.5,5.5,False,True
2,KKK,Casadei,C,5.5,5.5,False,True
2,KKK,Vardy,A,,,False,True
2,KKK,Sanabria,A,5.5,5.5,False,True
2,KKK,Cutrone,A,5.5,5.5,False,True
2,KKK,Rovella,C,6.0,6.0,False,True
2,TIGER REBELS,Svilar,P,6.0,7.0,True,False
2,TIGER REBELS,Acerbi,D,6.0,6.0,True,False
2,TIGER REBELS,Obert,D,6.0,5.5,True,False
2,TIGER REBELS,Pezzella Giu.,D,6.0,5.5,True,False
2,TIGER REBELS,Mina,D,6.5,6.5,True,False
2,TIGER REBELS,Masini,C,5.5,5.0,True,False
2,TIGER REBELS,McTominay,C,6.5,7.5,True,False
2,TIGER REBELS,Lobotka,C,6.0,6.5,True,False
2,TIGER REBELS,Zalewski,C,,,False,False
2,TIGER REBELS,Modric,C,7.0,7.0,True,False
2,TIGER REBELS,Rodriguez Je.,A,6.5,6.5,True,False
2,TIGER REBELS,Tiago Gabriel,D,6.0,8.5,False,True
2,TIGER REBELS,Gollini,P,,,False,True
2,TIGER REBELS,Terracciano F.,D,6.0,6.0,False,True
2,TIGER REBELS,Valle,D,6.0,6.0,False,True
2,TIGER REBELS,Miranda J.,D,5.5,5.5,False,True
2,TIGER REBELS,Vasquez D.,P,,,False,True
2,TIGER REBELS,El Shaarawy,C,,,False,True
2,TIGER REBELS,Pellegrini Lo.,C,7.0,11.0,True,True
2,TIGER REBELS,Brescianini,C,,,False,True
2,TIGER REBELS,Lookman,A,,,False,True
2,TIGER REBELS,Dzeko,A,6.0,6.0,False,True
2,TIGER REBELS,Almqvist,A,6.0,6.0,False,True
2,FANTA GPT,Meret,P,6.5,4.5,True,False
2,FANTA GPT,Estupinan,D,6.5,6.5,True,False
2,FANTA GPT,Gatti,D,6.0,5.5,True,False
2,FANTA GPT,Luperto,D,5.5,5.5,True,False
2,FANTA GPT,Norton-Cuffy,D,5.5,5.0,True,False
2,FANTA GPT,Vazquez,C,6.5,6.5,True,False
2,FANTA GPT,Bernabè,C,6.5,6.5,True,False
2,FANTA GPT,Thuram K.,C,6.0,6.0,True,False
2,FANTA GPT,Samardzic,C,7.0,8.0,True,False
2,FANTA GPT,Gimenez,A,5.5,5.5,True,False
2,FANTA GPT,Castellanos,A,6.0,6.0,True,False
2,FANTA GPT,Zappacosta,D,6.5,7.0,False,True
2,FANTA GPT,Gila,D,5.5,5.0,False,True
2,FANTA GPT,Martin,D,6.0,6.0,False,True
2,FANTA GPT,Tsimikas,D,,,False,True
2,FANTA GPT,Koopmeiners,C,5.5,5.0,False,True
2,FANTA GPT,Zerbin,C,5.5,5.5,False,True
2,FANTA GPT,Asllani,C,5.0,5.0,False,True
2,FANTA GPT,Freuler,C,6.0,6.0,False,True
2,FANTA GPT,Leao,A,,,False,True
2,FANTA GPT,Morata,A,5.5,5.5,False,True
2,FANTA GPT,Dovbyk,A,5.5,5.5,False,True
2,FANTA GPT,Colombo,A,5.5,5.5,False,True
2,FANTA GPT,Milinkovic-Savic V.,P,,,False,True
2,FANTA GPT,Contini,P,,,False,True
2,ETHANANITA,Maignan,P,,,False,False
2,ETHANANITA,Cambiaso,D,5.5,5.5,True,False
2,ETHANANITA,Wesley,D,,,False,False
2,ETHANANITA,Dodò,D,5.5,5.0,True,False
2,ETHANANITA,Dumfries,D,6.0,6.0,True,False
2,ETHANANITA,Maldini,C,,,False,False
2,ETHANANITA,Vlasic,C,5.5,5.5,True,False
2,ETHANANITA,Politano,C,6.5,6.5,True,False
2,ETHANANITA,Openda,A,6.0,6.0,True,False
2,ETHANANITA,Davis K.,A,5.5,5.5,True,False
2,ETHANANITA,Krstovic,A,7.5,14.5,True,False
2,ETHANANITA,Semper,P,5.5,2.5,True,True
2,ETHANANITA,Scuffet,P,,,False,True
2,ETHANANITA,Rrahmani,D,,,False,True
2,ETHANANITA,Joao Mario,D,5.0,5.0,True,True
2,ETHANANITA,Zemura,D,5.0,4.5,False,True
2,ETHANANITA,Angori,D,6.5,7.5,False,True
2,ETHANANITA,Da Cunha,C,,,False,True
2,ETHANANITA,Stanciu,C,,,False,True
2,ETHANANITA,Neres,C,,,False,True
2,ETHANANITA,Tourè I.,C,,,False,True
2,ETHANANITA,Bailey,C,,,False,True
2,ETHANANITA,Meister,A,5.5,5.5,False,True
2,ETHANANITA,Esposito Se.,A,6.5,6.0,False,True
2,ETHANANITA,Zapata D.,A,5.0,3.0,False,True
3,DARTH VADER,Di Gregorio,P,6.0,5.0,True,False
3,DARTH VADER,Vasquez,D,5.0,4.5,True,False
3,DARTH VADER,Bremer,D,5.5,5.5,True,False
3,DARTH VADER,Baschirotto,D,7.0,10.5,True,False
3,DARTH VADER,Ranieri L.,D,6.0,6.0,True,False
3,DARTH VADER,Frendrup,C,5.0,5.0,True,False
3,DARTH VADER,Saelemaekers,C,7.0,10.0,True,False
3,DARTH VADER,Calhanoglu,C,6.5,6.5,True,False
3,DARTH VADER,Yildiz,A,6.0,6.0,True,False
3,DARTH VADER,Castro S.,A,6.0,6.0,True,False
3,DARTH VADER,Berardi,A,7.0,8.0,True,False
3,DARTH VADER,Perin,P,,,False,True
3,DARTH VADER,Pinsoglio,P,,,False,True
3,DARTH VADER,Canestrelli,D,6.0,6.0,False,True
3,DARTH VADER,Zanoli,D,5.5,5.5,False,True
3,DARTH VADER,Buongiorno,D,,,False,True
3,DARTH VADER,Gallo,D,6.5,6.0,False,True
3,DARTH VADER,Folorunsho,C,6.0,6.0,False,True
3,DARTH VADER,Zielinski,C,,,False,True
3,DARTH VADER,Oristanio,C,5.0,5.0,False,True
3,DARTH VADER,Guendouzi,C,,,False,True
3,DARTH VADER,Ederson D.S.,C,,,False,True
3,DARTH VADER,Orban G.,A,5.0,5.0,False,True
3,DARTH VADER,Stulic,A,5.5,5.5,False,True
3,DARTH VADER,Ngonge,A,7.5,10.0,False,True
3,FANTA GPT,Meret,P,6.0,4.0,True,False
3,FANTA GPT,Estupinan,D,5.0,4.0,True,False
3,FANTA GPT,Gatti,D,5.5,5.5,True,False
3,FANTA GPT,Tsimikas,D,6.0,6.0,True,False
3,FANTA GPT,Zappacosta,D,6.0,5.5,True,False
3,FANTA GPT,Vazquez,C,6.5,7.5,True,False
3,FANTA GPT,Samardzic,C,6.5,6.5,True,False
3,FANTA GPT,Thuram K.,C,5.5,5.5,True,False
3,FANTA GPT,Leao,A,5.5,5.5,True,False
3,FANTA GPT,Castellanos,A,7.5,11.5,True,False
3,FANTA GPT,Gimenez,A,5.5,5.5,True,False
3,FANTA GPT,Luperto,D,5.5,5.5,False,True
3,FANTA GPT,Norton-Cuffy,D,5.0,4.5,False,True
3,FANTA GPT,Gila,D,6.5,6.5,False,True
3,FANTA GPT,Martin,D,5.5,5.5,False,True
3,FANTA GPT,Bernabè,C,6.0,6.0,False,True
3,FANTA GPT,Freuler,C,,,False,True
3,FANTA GPT,Asllani,C,6.0,6.0,False,True
3,FANTA GPT,Zerbin,C,5.5,5.5,False,True
3,FANTA GPT,Koopmeiners,C,6.0,6.0,False,True
3,FANTA GPT,Morata,A,,,False,True
3,FANTA GPT,Dovbyk,A,7.0,11.0,False,True
3,FANTA GPT,Colombo,A,5.0,5.0,False,True
3,FANTA GPT,Milinkovic-Savic V.,P,,,False,True
3,FANTA GPT,Contini,P,,,False,True
3,ETHANANITA,Maignan,P,7.0,6.0,True,False
3,ETHANANITA,Cambiaso,D,6.0,6.0,True,False
3,ETHANANITA,Wesley,D,5.5,5.5,True,False
3,ETHANANITA,Dodò,D,5.0,5.0,True,False
3,ETHANANITA,Dumfries,D,6.0,6.0,True,False
3,ETHANANITA,Da Cunha,C,6.0,5.5,True,False
3,ETHANANITA,Vlasic,C,5.0,5.0,True,False
3,ETHANANITA,Politano,C,6.0,6.0,True,False
3,ETHANANITA,Meister,A,6.0,6.0,True,False
3,ETHANANITA,Openda,A,5.0,5.0,True,False
3,ETHANANITA,Krstovic,A,5.5,5.5,True,False
3,ETHANANITA,Semper,P,6.0,7.0,False,True
3,ETHANANITA,Maldini,C,,,False,True
3,ETHANANITA,Stanciu,C,5.5,5.5,False,True
3,ETHANANITA,Tourè I.,C,6.5,6.5,False,True
3,ETHANANITA,Neres,C,6.5,6.5,False,True
3,ETHANANITA,Bailey,C,,,False,True
3,ETHANANITA,Davis K.,A,7.0,10.0,False,True
3,ETHANANITA,Esposito Se.,A,6.0,6.0,False,True
3,ETHANANITA,Zapata D.,A,,,False,True
3,ETHANANITA,Rrahmani,D,,,False,True
3,ETHANANITA,Joao Mario,D,6.0,7.0,False,True
3,ETHANANITA,Angori,D,,,False,True
3,ETHANANITA,Zemura,D,5.5,5.5,False,True
3,ETHANANITA,Scuffet,P,,,False,True
3,VENI VIDI VICI,Carnesecchi,P,6.5,5.5,True,False
3,VENI VIDI VICI,Delprato,D,6.0,5.5,True,False
3,VENI VIDI VICI,Carlos Augusto,D,6.0,5.5,True,False
3,VENI VIDI VICI,Cuadrado,D,6.5,6.5,True,False
3,VENI VIDI VICI,N'Dicka,D,5.5,5.5,True,False
3,VENI VIDI VICI,Mkhitaryan,C,6.5,6.5,True,False
3,VENI VIDI VICI,Fabbian,C,5.0,5.0,True,False
3,VENI VIDI VICI,Vandeputte,C,6.0,6.0,True,False
3,VENI VIDI VICI,Martinez L.,A,7.0,11.0,True,False
3,VENI VIDI VICI,Thuram,A,6.5,6.5,True,False
3,VENI VIDI VICI,Moreo,A,,,False,False
3,VENI VIDI VICI,Rossi F.,P,,,False,True
3,VENI VIDI VICI,Sportiello,P,,,False,True
3,VENI VIDI VICI,Tavares N.,D,6.0,6.0,False,True
3,VENI VIDI VICI,Biraghi,D,5.5,5.5,False,True
3,VENI VIDI VICI,Lovik,D,,,False,True
3,VENI VIDI VICI,Valeri,D,7.0,8.0,False,True
3,VENI VIDI VICI,Gaetano,C,6.0,6.0,False,True
3,VENI VIDI VICI,Konè I.,C,7.0,11.0,False,True
3,VENI VIDI VICI,Carboni V.,C,5.5,5.5,False,True
3,VENI VIDI VICI,Rowe,C,6.5,6.5,False,True
3,VENI VIDI VICI,Volpato,C,,,False,True
3,VENI VIDI VICI,Camarda,A,7.0,10.5,True,True
3,VENI VIDI VICI,Piccoli,A,6.0,6.0,False,True
3,VENI VIDI VICI,Esposito F.P.,A,7.0,10.0,False,True
3,TIGER REBELS,Svilar,P,7.0,8.0,True,False
3,TIGER REBELS,Acerbi,D,,,False,False
3,TIGER REBELS,Obert,D,5.5,5.5,True,False
3,TIGER REBELS,Pezzella Giu.,D,6.0,6.0,True,False
3,TIGER REBELS,Mina,D,5.5,5.5,True,False
3,TIGER REBELS,Masini,C,5.5,5.0,True,False
3,TIGER REBELS,McTominay,C,6.0,6.0,True,False
3,TIGER REBELS,Lobotka,C,6.0,6.0,True,False
3,TIGER REBELS,Modric,C,7.0,7.0,True,False
3,TIGER REBELS,Rodriguez Je.,A,5.0,5.0,True,False
3,TIGER REBELS,De Ketelaere,A,6.0,6.0,True,False
3,TIGER REBELS,Tiago Gabriel,D,5.5,5.5,True,True
3,TIGER REBELS,Gollini,P,,,False,True
3,TIGER REBELS,Terracciano F.,D,5.5,5.5,False,True
3,TIGER REBELS,Valle,D,6.0,6.0,False,True
3,TIGER REBELS,Miranda J.,D,5.0,5.0,False,True
3,TIGER REBELS,Vasquez D.,P,,,False,True
3,TIGER REBELS,El Shaarawy,C,,,False,True
3,TIGER REBELS,Brescianini,C,,,False,True
3,TIGER REBELS,Lookman,A,,,False,True
3,TIGER REBELS,Dzeko,A,,,False,True
3,TIGER REBELS,Almqvist,A,,,False,True
3,BJ EASTONE FC,Butez,P,6.0,5.0,True,False
3,BJ EASTONE FC,Gosens,D,6.0,6.0,True,False
3,BJ EASTONE FC,Kristensen T.,D,5.0,5.0,True,False
3,BJ EASTONE FC,Ramon,D,6.0,5.5,True,False
3,BJ EASTONE FC,Bisseck,D,,,False,False
3,BJ EASTONE FC,Paz N.,C,7.0,10.0,True,False
3,BJ EASTONE FC,Konè M.,C,6.5,6.5,True,False
3,BJ EASTONE FC,Odgaard,C,7.0,10.0,True,False
3,BJ EASTONE FC,Conceicao,C,,,False,False
3,BJ EASTONE FC,Vlahovic,A,5.5,5.5,True,False
3,BJ EASTONE FC,Ferguson E.,A,6.0,6.0,True,False
3,BJ EASTONE FC,Cavlina,P,,,False,True
3,BJ EASTONE FC,De Winter,D,6.0,6.0,True,True
3,BJ EASTONE FC,Veiga D.,D,6.0,6.0,False,True
3,BJ EASTONE FC,Odogu,D,,,False,True
3,BJ EASTONE FC,Smolcic I.,D,,,False,True
3,BJ EASTONE FC,Adzic,C,5.0,5.0,True,True
3,BJ EASTONE FC,Luis Henrique,C,6.0,6.0,False,True
3,BJ EASTONE FC,Fofana Y.,C,6.5,7.5,False,True
3,BJ EASTONE FC,Vergara,C,,,False,True
3,BJ EASTONE FC,Ekhator,A,5.5,5.5,False,True
3,BJ EASTONE FC,Gueye,A,6.0,6.0,False,True
3,BJ EASTONE FC,Ambrosino,A,,,False,True
3,BJ EASTONE FC,Njie,A,,,False,True
3,BJ EASTONE FC,Okoye,P,,,False,True
3,KKK,De Gea,P,6.0,7.0,True,False
3,KKK,Kelly L.,D,6.0,6.0,True,False
3,KKK,Palestra,D,6.0,6.0,True,False
3,KKK,Bellanova,D,6.5,6.5,True,False
3,KKK,Juan Jesus,D,5.5,5.5,True,False
3,KKK,Atta,C,6.0,6.0,True,False
3,KKK,Loftus-Cheek,C,6.0,6.0,True,False
3,KKK,Pulisic,C,8.0,13.0,True,False
3,KKK,Lucca,A,5.5,5.5,True,False
3,KKK,Douvikas,A,6.5,6.5,True,False
3,KKK,Hojlund,A,5.5,5.5,True,False
3,KKK,Martinelli T.,P,,,False,True
3,KKK,Falcone,P,6.5,4.5,False,True
3,KKK,Olivera,D,,,False,True
3,KKK,Hermoso,D,6.0,6.0,False,True
3,KKK,Vojvoda,D,,,False,True
3,KKK,Gutierrez,D,5.5,5.5,False,True
3,KKK,Zhegrova,C,6.5,6.5,False,True
3,KKK,Locatelli,C,,,False,True
3,KKK,Casadei,C,5.5,5.5,False,True
3,KKK,Tramoni M.,C,5.5,5.5,False,True
3,KKK,Rovella,C,,,False,True
3,KKK,Sanabria,A,6.0,5.5,False,True
3,KKK,Cutrone,A,5.5,5.5,False,True
3,KKK,Vardy,A,,,False,True
3,WINNING MOMENT,Caprile,P,6.5,4.5,True,False
3,WINNING MOMENT,Angelino,D,6.0,6.0,True,False
3,WINNING MOMENT,Bastoni,D,7.0,8.0,True,False
3,WINNING MOMENT,Mancini,D,6.0,6.0,True,False
3,WINNING MOMENT,Tomori,D,5.5,5.5,True,False
3,WINNING MOMENT,Kalulu,D,6.5,6.5,True,False
3,WINNING MOMENT,Mandragora,C,5.5,5.5,True,False
3,WINNING MOMENT,Barella,C,6.5,6.0,True,False
3,WINNING MOMENT,Zambo Anguissa,C,5.5,5.5,True,False
3,WINNING MOMENT,Nicolussi Caviglia,C,5.5,5.5,True,False
3,WINNING MOMENT,Soulè,A,6.5,9.5,True,False
3,WINNING MOMENT,Leali,P,6.0,3.0,False,True
3,WINNING MOMENT,Pongracic,D,6.0,6.0,False,True
3,WINNING MOMENT,Darmian,D,,,False,True
3,WINNING MOMENT,Sabelli,D,,,False,True
3,WINNING MOMENT,Pasalic,C,6.0,6.0,False,True
3,WINNING MOMENT,Nkunku,A,,,False,True
3,WINNING MOMENT,Bonazzoli,A,6.0,6.0,False,True
3,WINNING MOMENT,Bonny,A,,,False,True
3,WINNING MOMENT,Benedyczak,A,6.0,6.0,False,True
3,WINNING MOMENT,Radunovic,P,,,False,True
3,WINNING MOMENT,Sucic P.,C,,,False,True
3,WINNING MOMENT,Matic,C,6.5,6.5,False,True
3,WINNING MOMENT,McKennie,C,6.0,6.0,False,True
3,TEAM ASRSUPERJULIAN,Sommer,P,,,False,False
3,TEAM ASRSUPERJULIAN,Di Lorenzo,D,6.0,6.0,True,False
3,TEAM ASRSUPERJULIAN,Solet,D,6.0,6.0,True,False
3,TEAM ASRSUPERJULIAN,Zortea,D,,,False,False
3,TEAM ASRSUPERJULIAN,Orsolini,C,6.5,8.5,True,False
3,TEAM ASRSUPERJULIAN,Bondo,C,6.5,6.5,True,False
3,TEAM ASRSUPERJULIAN,De Bruyne,C,6.5,8.5,True,False
3,TEAM ASRSUPERJULIAN,Zaccagni,C,7.0,10.0,True,False
3,TEAM ASRSUPERJULIAN,Adams C.,A,,,False,False
3,TEAM ASRSUPERJULIAN,Pinamonti,A,6.0,6.0,True,False
3,TEAM ASRSUPERJULIAN,Cancellieri,A,7.5,11.5,True,False
3,TEAM ASRSUPERJULIAN,Provedel,P,6.5,7.5,True,True
3,TEAM ASRSUPERJULIAN,Mandas,P,,,False,True
3,TEAM ASRSUPERJULIAN,Gaspar K.,D,6.0,5.5,True,True
3,TEAM ASRSUPERJULIAN,Lang,A,6.0,6.0,True,True
3,TEAM ASRSUPERJULIAN,Ziolkowski,D,6.0,6.0,False,True
3,TEAM ASRSUPERJULIAN,Palma,D,4.5,4.5,False,True
3,TEAM ASRSUPERJULIAN,Kostic,C,,,False,True
3,TEAM ASRSUPERJULIAN,Kaba,C,,,False,True
3,TEAM ASRSUPERJULIAN,Ilkhan,C,,,False,True
3,TEAM ASRSUPERJULIAN,Scalvini,D,,,False,True
3,TEAM ASRSUPERJULIAN,Scamacca,A,,,False,True
3,TEAM ASRSUPERJULIAN,Van Der Brempt,D,,,False,True
3,TEAM ASRSUPERJULIAN,Onana J.,C,,,False,True
3,TEAM ASRSUPERJULIAN,Diao,A,,,False,True
3,BOVE,Skorupski,P,6.5,4.5,True,False
3,BOVE,Dimarco,D,7.0,8.0,True,False
3,BOVE,Rensch,D,,,False,False
3,BOVE,Heggem,D,6.0,6.0,True,False
3,BOVE,Akanji,D,6.5,6.5,True,False
3,BOVE,Bernardeschi,C,5.0,4.5,True,False
3,BOVE,Gudmundsson A.,C,5.0,5.0,True,False
3,BOVE,Rabiot,C,6.5,6.0,True,False
3,BOVE,Kuhn,A,5.5,5.5,True,False
3,BOVE,Kean,A,5.5,5.0,True,False
3,BOVE,David,A,,,False,False
3,BOVE,Ravaglia F.,P,,,False,True
3,BOVE,Sava,P,6.0,3.0,False,True
3,BOVE,Vitik,D,,,False,True
3,BOVE,Pavlovic,D,6.5,6.5,True,True
3,BOVE,Beukema,D,,,False,True
3,BOVE,Gabbia,D,6.0,6.0,False,True
3,BOVE,Isaksen,C,,,False,True
3,BOVE,Frattesi,C,6.0,6.0,False,True
3,BOVE,Thorstvedt,C,6.0,6.0,False,True
3,BOVE,Stengs,C,,,False,True
3,BOVE,Ndour,C,,,False,True
3,BOVE,Pellegrino M.,A,7.5,13.0,True,True
3,BOVE,Simeone,A,5.5,5.5,False,True
3,BOVE,Giovane,A,5.0,5.0,False,True
4,BJ EASTONE FC,Butez,P,6.0,5.0,True,False
4,BJ EASTONE FC,Gosens,D,5.0,5.0,True,False
4,BJ EASTONE FC,Kristensen T.,D,,,False,False
4,BJ EASTONE FC,Ramon,D,5.5,5.5,True,False
4,BJ EASTONE FC,Bisseck,D,,,False,False
4,BJ EASTONE FC,Paz N.,C,6.0,6.0,True,False
4,BJ EASTONE FC,Konè M.,C,6.5,6.5,True,False
4,BJ EASTONE FC,Odgaard,C,6.5,9.5,True,False
4,BJ EASTONE FC,Conceicao,C,6.5,6.5,True,False
4,BJ EASTONE FC,Vlahovic,A,6.0,6.0,True,False
4,BJ EASTONE FC,Ferguson E.,A,,,False,False
4,BJ EASTONE FC,Cavlina,P,,,False,True
4,BJ EASTONE FC,De Winter,D,,,False,True
4,BJ EASTONE FC,Veiga D.,D,6.5,6.5,True,True
4,BJ EASTONE FC,Odogu,D,,,False,True
4,BJ EASTONE FC,Smolcic I.,D,5.5,5.0,True,True
4,BJ EASTONE FC,Adzic,C,,,False,True
4,BJ EASTONE FC,Luis Henrique,C,6.0,6.0,False,True
4,BJ EASTONE FC,Fofana Y.,C,5.5,5.0,False,True
4,BJ EASTONE FC,Vergara,C,,,False,True
4,BJ EASTONE FC,Ekhator,A,7.5,10.5,True,True
4,BJ EASTONE FC,Gueye,A,,,False,True
4,BJ EASTONE FC,Ambrosino,A,,,False,True
4,BJ EASTONE FC,Njie,A,,,False,True
4,BJ EASTONE FC,Okoye,P,,,False,True
4,KKK,De Gea,P,6.0,4.0,True,False
4,KKK,Olivera,D,5.0,5.0,True,False
4,KKK,Palestra,D,5.5,5.5,True,False
4,KKK,Bellanova,D,,,False,False
4,KKK,Juan Jesus,D,6.0,6.0,True,False
4,KKK,Atta,C,6.5,6.5,True,False
4,KKK,Zhegrova,C,,,False,False
4,KKK,Pulisic,C,5.0,3.0,True,False
4,KKK,Lucca,A,,,False,False
4,KKK,Douvikas,A,5.5,5.5,True,False
4,KKK,Hojlund,A,7.0,11.0,True,False
4,KKK,Martinelli T.,P,,,False,True
4,KKK,Falcone,P,6.5,7.5,False,True
4,KKK,Gutierrez,D,,,False,True
4,KKK,Hermoso,D,,,False,True
4,KKK,Kelly L.,D,5.0,5.0,True,True
4,KKK,Vojvoda,D,6.0,6.0,False,True
4,KKK,Loftus-Cheek,C,6.0,6.0,True,True
4,KKK,Locatelli,C,6.5,6.0,False,True
4,KKK,Casadei,C,5.5,5.0,False,True
4,KKK,Tramoni M.,C,5.5,5.5,False,True
4,KKK,Rovella,C,,,False,True
4,KKK,Cutrone,A,5.5,5.5,True,True
4,KKK,Vardy,A,6.0,6.0,False,True
4,KKK,Sanabria,A,5.0,5.0,False,True
4,BOVE,Skorupski,P,6.0,7.0,True,False
4,BOVE,Dimarco,D,8.0,12.0,True,False
4,BOVE,Beukema,D,5.5,5.5,True,False
4,BOVE,Heggem,D,6.5,6.5,True,False
4,BOVE,Akanji,D,6.5,6.5,True,False
4,BOVE,Frattesi,C,6.0,6.0,True,False
4,BOVE,Gudmundsson A.,C,5.0,4.5,True,False
4,BOVE,Rabiot,C,6.5,6.5,True,False
4,BOVE,Giovane,A,6.0,6.0,True,False
4,BOVE,Kean,A,7.0,10.0,True,False
4,BOVE,Pellegrino M.,A,6.0,6.0,True,False
4,BOVE,Ravaglia F.,P,,,False,True
4,BOVE,Sava,P,5.5,4.5,False,True
4,BOVE,Rensch,D,6.0,6.0,False,True
4,BOVE,Vitik,D,,,False,True
4,BOVE,Pavlovic,D,6.5,6.5,False,True
4,BOVE,Gabbia,D,6.5,6.5,False,True
4,BOVE,Thorstvedt,C,6.5,6.5,False,True
4,BOVE,Bernardeschi,C,6.0,6.0,False,True
4,BOVE,Isaksen,C,5.5,5.5,False,True
4,BOVE,Stengs,C,,,False,True
4,BOVE,Ndour,C,6.0,6.0,False,True
4,BOVE,Kuhn,A,,,False,True
4,BOVE,Simeone,A,7.0,10.0,False,True
4,BOVE,David,A,5.0,5.0,False,True
4,ETHANANITA,Semper,P,6.0,2.0,True,False
4,ETHANANITA,Zemura,D,,,False,False
4,ETHANANITA,Cambiaso,D,5.5,5.5,True,False
4,ETHANANITA,Wesley,D,6.5,6.0,True,False
4,ETHANANITA,Dumfries,D,6.0,6.0,True,False
4,ETHANANITA,Vlasic,C,5.5,5.5,True,False
4,ETHANANITA,Da Cunha,C,6.0,6.0,True,False
4,ETHANANITA,Politano,C,5.5,5.5,True,False
4,ETHANANITA,Esposito Se.,A,5.5,5.5,True,False
4,ETHANANITA,Krstovic,A,6.0,6.0,True,False
4,ETHANANITA,Davis K.,A,6.0,6.0,True,False
4,ETHANANITA,Scuffet,P,,,False,True
4,ETHANANITA,Maignan,P,7.0,8.0,False,True
4,ETHANANITA,Dodò,D,5.5,5.5,True,True
4,ETHANANITA,Joao Mario,D,,,False,True
4,ETHANANITA,Angori,D,5.5,5.5,False,True
4,ETHANANITA,Rrahmani,D,,,False,True
4,ETHANANITA,Tourè I.,C,4.0,3.0,False,True
4,ETHANANITA,Maldini,C,6.0,6.0,False,True
4,ETHANANITA,Neres,C,5.5,5.0,False,True
4,ETHANANITA,Stanciu,C,,,False,True
4,ETHANANITA,Bailey,C,,,False,True
4,ETHANANITA,Zapata D.,A,,,False,True
4,ETHANANITA,Openda,A,6.0,6.0,False,True
4,ETHANANITA,Meister,A,5.5,5.5,False,True
4,VENI VIDI VICI,Carnesecchi,P,6.5,5.5,True,False
4,VENI VIDI VICI,Delprato,D,5.5,5.5,True,False
4,VENI VIDI VICI,Carlos Augusto,D,6.0,6.0,True,False
4,VENI VIDI VICI,Cuadrado,D,5.5,5.0,True,False
4,VENI VIDI VICI,N'Dicka,D,6.0,6.0,True,False
4,VENI VIDI VICI,Mkhitaryan,C,6.5,6.5,True,False
4,VENI VIDI VICI,Fabbian,C,6.0,6.0,True,False
4,VENI VIDI VICI,Konè I.,C,6.5,6.5,True,False
4,VENI VIDI VICI,Martinez L.,A,7.0,10.0,True,False
4,VENI VIDI VICI,Esposito F.P.,A,6.0,6.0,True,False
4,VENI VIDI VICI,Moreo,A,,,False,False
4,VENI VIDI VICI,Rossi F.,P,,,False,True
4,VENI VIDI VICI,Sportiello,P,,,False,True
4,VENI VIDI VICI,Tavares N.,D,6.0,6.0,False,True
4,VENI VIDI VICI,Biraghi,D,,,False,True
4,VENI VIDI VICI,Lovik,D,5.0,5.0,False,True
4,VENI VIDI VICI,Valeri,D,6.0,6.0,False,True
4,VENI VIDI VICI,Rowe,C,6.5,6.5,False,True
4,VENI VIDI VICI,Gaetano,C,,,False,True
4,VENI VIDI VICI,Carboni V.,C,6.0,6.0,False,True
4,VENI VIDI VICI,Volpato,C,6.0,6.0,False,True
4,VENI VIDI VICI,Thuram,A,,,False,True
4,VENI VIDI VICI,Camarda,A,6.0,6.0,True,True
4,VENI VIDI VICI,Piccoli,A,6.0,6.0,False,True
4,VENI VIDI VICI,Vandeputte,C,6.0,7.0,False,True
4,DARTH VADER,Di Gregorio,P,6.0,7.0,True,False
4,DARTH VADER,Vasquez,D,6.0,6.0,True,False
4,DARTH VADER,Bremer,D,,,False,False
4,DARTH VADER,Ranieri L.,D,5.5,5.5,True,False
4,DARTH VADER,Folorunsho,C,6.0,6.0,True,False
4,DARTH VADER,Saelemaekers,C,6.5,6.5,True,False
4,DARTH VADER,Calhanoglu,C,,,False,False
4,DARTH VADER,Ederson D.S.,C,6.0,6.0,True,False
4,DARTH VADER,Yildiz,A,5.5,5.5,True,False
4,DARTH VADER,Castro S.,A,,,False,False
4,DARTH VADER,Berardi,A,,,False,False
4,DARTH VADER,Perin,P,,,False,True
4,DARTH VADER,Pinsoglio,P,,,False,True
4,DARTH VADER,Baschirotto,D,5.0,5.0,True,True
4,DARTH VADER,Canestrelli,D,5.0,5.0,False,True
4,DARTH VADER,Zanoli,D,5.5,5.5,False,True
4,DARTH VADER,Buongiorno,D,,,False,True
4,DARTH VADER,Gallo,D,7.0,7.5,False,True
4,DARTH VADER,Oristanio,C,,,False,True
4,DARTH VADER,Zielinski,C,,,False,True
4,DARTH VADER,Frendrup,C,5.5,5.5,True,True
4,DARTH VADER,Guendouzi,C,,,False,True
4,DARTH VADER,Orban G.,A,5.5,5.5,True,True
4,DARTH VADER,Stulic,A,5.5,5.5,True,True
4,DARTH VADER,Ngonge,A,6.0,6.0,False,True
4,WINNING MOMENT,Caprile,P,7.0,6.0,True,False
4,WINNING MOMENT,Kalulu,D,6.0,6.0,True,False
4,WINNING MOMENT,Bastoni,D,6.5,6.5,True,False
4,WINNING MOMENT,Mancini,D,6.0,6.0,True,False
4,WINNING MOMENT,Sucic P.,C,6.0,5.5,True,False
4,WINNING MOMENT,Barella,C,7.5,10.5,True,False
4,WINNING MOMENT,Zambo Anguissa,C,7.5,10.5,True,False
4,WINNING MOMENT,Mandragora,C,5.5,5.5,True,False
4,WINNING MOMENT,Pasalic,C,6.0,6.0,True,False
4,WINNING MOMENT,Soulè,A,7.5,11.5,True,False
4,WINNING MOMENT,Bonny,A,8.5,15.5,True,False
4,WINNING MOMENT,Leali,P,6.0,4.0,False,True
4,WINNING MOMENT,Angelino,D,,,False,True
4,WINNING MOMENT,Pongracic,D,6.0,6.0,False,True
4,WINNING MOMENT,Tomori,D,6.0,6.0,False,True
4,WINNING MOMENT,Darmian,D,,,False,True
4,WINNING MOMENT,Sabelli,D,5.5,5.5,False,True
4,WINNING MOMENT,Nicolussi Caviglia,C,6.0,7.0,False,True
4,WINNING MOMENT,Nkunku,A,6.0,6.0,False,True
4,WINNING MOMENT,Benedyczak,A,5.5,5.5,False,True
4,WINNING MOMENT,Bonazzoli,A,6.5,9.5,False,True
4,WINNING MOMENT,Arena A.,A,,,False,True
4,WINNING MOMENT,Matic,C,6.0,6.0,False,True
4,WINNING MOMENT,McKennie,C,5.5,5.5,False,True
4,TEAM ASRSUPERJULIAN,Sommer,P,6.0,5.0,True,False
4,TEAM ASRSUPERJULIAN,Di Lorenzo,D,6.5,6.5,True,False
4,TEAM ASRSUPERJULIAN,Solet,D,6.5,7.5,True,False
4,TEAM ASRSUPERJULIAN,Zortea,D,6.0,6.0,True,False
4,TEAM ASRSUPERJULIAN,Orsolini,C,7.0,10.0,True,False
4,TEAM ASRSUPERJULIAN,Bondo,C,5.0,5.0,True,False
4,TEAM ASRSUPERJULIAN,De Bruyne,C,6.5,6.5,True,False
4,TEAM ASRSUPERJULIAN,Zaccagni,C,,,False,False
4,TEAM ASRSUPERJULIAN,Lang,A,,,False,False
4,TEAM ASRSUPERJULIAN,Pinamonti,A,6.5,8.5,True,False
4,TEAM ASRSUPERJULIAN,Cancellieri,A,8.0,14.0,True,False
4,TEAM ASRSUPERJULIAN,Provedel,P,6.0,3.0,False,True
4,TEAM ASRSUPERJULIAN,Mandas,P,,,False,True
4,TEAM ASRSUPERJULIAN,Ziolkowski,D,,,False,True
4,TEAM ASRSUPERJULIAN,Gaspar K.,D,6.0,5.5,False,True
4,TEAM ASRSUPERJULIAN,Scalvini,D,,,False,True
4,TEAM ASRSUPERJULIAN,Van Der Brempt,D,,,False,True
4,TEAM ASRSUPERJULIAN,Palma,D,,,False,True
4,TEAM ASRSUPERJULIAN,Kostic,C,,,False,True
4,TEAM ASRSUPERJULIAN,Kaba,C,,,False,True
4,TEAM ASRSUPERJULIAN,Onana J.,C,,,False,True
4,TEAM ASRSUPERJULIAN,Ilkhan,C,,,False,True
4,TEAM ASRSUPERJULIAN,Scamacca,A,,,False,True
4,TEAM ASRSUPERJULIAN,Adams C.,A,7.0,10.0,True,True
4,TEAM ASRSUPERJULIAN,Diao,A,,,False,True
4,FANTA GPT,Meret,P,,,False,False
4,FANTA GPT,Tsimikas,D,6.0,5.5,True,False
4,FANTA GPT,Gatti,D,5.5,5.0,True,False
4,FANTA GPT,Gila,D,6.0,6.0,True,False
4,FANTA GPT,Zappacosta,D,6.0,6.0,True,False
4,FANTA GPT,Bernabè,C,5.5,5.5,True,False
4,FANTA GPT,Samardzic,C,7.0,10.0,True,False
4,FANTA GPT,Thuram K.,C,5.5,5.5,True,False
4,FANTA GPT,Leao,A,5.0,5.0,True,False
4,FANTA GPT,Castellanos,A,6.0,5.5,True,False
4,FANTA GPT,Dovbyk,A,6.0,7.0,True,False
4,FANTA GPT,Estupinan,D,,,False,True
4,FANTA GPT,Luperto,D,,,False,True
4,FANTA GPT,Norton-Cuffy,D,6.5,7.5,False,True
4,FANTA GPT,Martin,D,,,False,True
4,FANTA GPT,Koopmeiners,C,,,False,True
4,FANTA GPT,Freuler,C,6.5,6.5,False,True
4,FANTA GPT,Vazquez,C,5.5,5.5,False,True
4,FANTA GPT,Asllani,C,6.0,5.5,False,True
4,FANTA GPT,Zerbin,C,,,False,True
4,FANTA GPT,Morata,A,5.5,5.5,False,True
4,FANTA GPT,Gimenez,A,6.5,6.5,False,True
4,FANTA GPT,Colombo,A,6.0,6.0,False,True
4,FANTA GPT,Milinkovic-Savic V.,P,6.0,5.0,True,True
4,FANTA GPT,Contini,P,,,False,True
4,TIGER REBELS,Svilar,P,5.5,4.5,True,False
4,TIGER REBELS,Acerbi,D,,,False,False
4,TIGER REBELS,Obert,D,6.0,5.5,True,False
4,TIGER REBELS,Pezzella Giu.,D,4.5,4.0,True,False
4,TIGER REBELS,Tiago Gabriel,D,7.0,7.0,True,False
4,TIGER REBELS,Masini,C,5.0,5.0,True,False
4,TIGER REBELS,McTominay,C,6.0,6.0,True,False
4,TIGER REBELS,Lobotka,C,6.0,6.0,True,False
4,TIGER REBELS,Modric,C,6.5,6.5,True,False
4,TIGER REBELS,Pellegrini Lo.,C,6.0,6.0,True,False
4,TIGER REBELS,Lookman,A,5.5,5.5,True,False
4,TIGER REBELS,Gollini,P,,,False,True
4,TIGER REBELS,Terracciano F.,D,,,False,True
4,TIGER REBELS,Valle,D,6.0,6.0,True,True
4,TIGER REBELS,Miranda J.,D,6.5,6.5,False,True
4,TIGER REBELS,Vasquez D.,P,,,False,True
4,TIGER REBELS,El Shaarawy,C,,,False,True
4,TIGER REBELS,Brescianini,C,6.0,6.0,False,True
4,TIGER REBELS,Dybala,A,6.0,6.0,False,True
4,TIGER REBELS,Dzeko,A,6.0,6.0,False,True
4,TIGER REBELS,Almqvist,A,6.0,6.0,False,True
4,TIGER REBELS,Zalewski,C,,,False,True
4,TIGER REBELS,De Ketelaere,A,,,False,True
4,TIGER REBELS,Rodriguez Je.,A,,,False,True
5,DARTH VADER,Di Gregorio,P,6.0,4.0,True,False
5,DARTH VADER,Vasquez,D,6.5,6.5,True,False
5,DARTH VADER,Baschirotto,D,5.5,5.5,True,False
5,DARTH VADER,Gallo,D,6.0,6.0,True,False
5,DARTH VADER,Folorunsho,C,6.0,6.0,True,False
5,DARTH VADER,Saelemaekers,C,5.5,5.5,True,False
5,DARTH VADER,Calhanoglu,C,6.5,6.5,True,False
5,DARTH VADER,Ederson D.S.,C,6.0,6.0,True,False
5,DARTH VADER,Yildiz,A,6.0,6.0,True,False
5,DARTH VADER,Castro S.,A,6.0,6.0,True,False
5,DARTH VADER,Berardi,A,5.5,5.0,True,False
5,DARTH VADER,Perin,P,,,False,True
5,DARTH VADER,Pinsoglio,P,,,False,True
5,DARTH VADER,Buongiorno,D,6.0,6.0,False,True
5,DARTH VADER,Zanoli,D,6.5,7.5,False,True
5,DARTH VADER,Ranieri L.,D,6.5,6.0,False,True
5,DARTH VADER,Canestrelli,D,6.5,6.0,False,True
5,DARTH VADER,Bremer,D,,,False,True
5,DARTH VADER,Oristanio,C,,,False,True
5,DARTH VADER,Zielinski,C,,,False,True
5,DARTH VADER,Frendrup,C,6.0,6.0,False,True
5,DARTH VADER,Guendouzi,C,6.0,6.0,False,True
5,DARTH VADER,Orban G.,A,5.0,5.0,False,True
5,DARTH VADER,Stulic,A,6.0,6.0,False,True
5,DARTH VADER,Ngonge,A,5.5,5.5,False,True
5,BOVE,Skorupski,P,,,False,False
5,BOVE,Dimarco,D,6.0,6.0,True,False
5,BOVE,Akanji,D,6.5,6.5,True,False
5,BOVE,Heggem,D,6.5,6.5,True,False
5,BOVE,Pavlovic,D,6.0,6.5,True,False
5,BOVE,Bernardeschi,C,6.5,6.5,True,False
5,BOVE,Gudmundsson A.,C,6.0,6.0,True,False
5,BOVE,Thorstvedt,C,5.5,5.5,True,False
5,BOVE,David,A,5.0,5.0,True,False
5,BOVE,Kean,A,6.0,6.0,True,False
5,BOVE,Giovane,A,5.5,5.5,True,False
5,BOVE,Ravaglia F.,P,6.5,7.5,True,True
5,BOVE,Sava,P,,,False,True
5,BOVE,Rensch,D,,,False,True
5,BOVE,Beukema,D,5.5,5.5,False,True
5,BOVE,Vitik,D,6.5,6.5,False,True
5,BOVE,Gabbia,D,5.5,5.5,False,True
5,BOVE,Frattesi,C,6.0,6.0,False,True
5,BOVE,Isaksen,C,6.0,6.0,False,True
5,BOVE,Stengs,C,,,False,True
5,BOVE,Rabiot,C,,,False,True
5,BOVE,Ndour,C,,,False,True
5,BOVE,Pellegrino M.,A,5.5,5.5,False,True
5,BOVE,Simeone,A,7.5,11.5,False,True
5,BOVE,Kuhn,A,,,False,True
5,ETHANANITA,Maignan,P,5.0,4.0,True,False
5,ETHANANITA,Cambiaso,D,5.5,5.5,True,False
5,ETHANANITA,Dodò,D,6.0,6.0,True,False
5,ETHANANITA,Wesley,D,6.0,6.0,True,False
5,ETHANANITA,Dumfries,D,6.0,6.0,True,False
5,ETHANANITA,Maldini,C,,,False,False
5,ETHANANITA,Da Cunha,C,6.5,6.5,True,False
5,ETHANANITA,Neres,C,5.5,5.5,True,False
5,ETHANANITA,Openda,A,,,False,False
5,ETHANANITA,Krstovic,A,6.0,6.0,True,False
5,ETHANANITA,Davis K.,A,6.0,6.0,True,False
5,ETHANANITA,Semper,P,6.0,7.0,False,True
5,ETHANANITA,Scuffet,P,,,False,True
5,ETHANANITA,Zemura,D,,,False,True
5,ETHANANITA,Joao Mario,D,,,False,True
5,ETHANANITA,Angori,D,5.5,5.5,False,True
5,ETHANANITA,Rrahmani,D,,,False,True
5,ETHANANITA,Bailey,C,6.0,6.0,True,True
5,ETHANANITA,Vlasic,C,6.5,6.5,False,True
5,ETHANANITA,Politano,C,6.5,6.5,False,True
5,ETHANANITA,Stanciu,C,,,False,True
5,ETHANANITA,Tourè I.,C,,,False,True
5,ETHANANITA,Esposito Se.,A,6.0,5.5,True,True
5,ETHANANITA,Meister,A,,,False,True
5,ETHANANITA,Zapata D.,A,,,False,True
5,TEAM ASRSUPERJULIAN,Sommer,P,6.5,7.5,True,False
5,TEAM ASRSUPERJULIAN,Di Lorenzo,D,5.5,5.5,True,False
5,TEAM ASRSUPERJULIAN,Solet,D,5.0,5.0,True,False
5,TEAM ASRSUPERJULIAN,Scalvini,D,6.0,6.0,True,False
5,TEAM ASRSUPERJULIAN,Zortea,D,,,False,False
5,TEAM ASRSUPERJULIAN,Zaccagni,C,6.0,6.0,True,False
5,TEAM ASRSUPERJULIAN,De Bruyne,C,6.0,6.0,True,False
5,TEAM ASRSUPERJULIAN,Orsolini,C,7.0,10.0,True,False
5,TEAM ASRSUPERJULIAN,Scamacca,A,,,False,False
5,TEAM ASRSUPERJULIAN,Pinamonti,A,5.5,5.5,True,False
5,TEAM ASRSUPERJULIAN,Cancellieri,A,6.0,6.0,True,False
5,TEAM ASRSUPERJULIAN,Provedel,P,6.5,7.5,False,True
5,TEAM ASRSUPERJULIAN,Mandas,P,,,False,True
5,TEAM ASRSUPERJULIAN,Ziolkowski,D,6.0,5.5,True,True
5,TEAM ASRSUPERJULIAN,Palma,D,,,False,True
5,TEAM ASRSUPERJULIAN,Gaspar K.,D,6.5,6.5,False,True
5,TEAM ASRSUPERJULIAN,Van Der Brempt,D,,,False,True
5,TEAM ASRSUPERJULIAN,Bondo,C,6.0,6.0,False,True
5,TEAM ASRSUPERJULIAN,Kostic,C,,,False,True
5,TEAM ASRSUPERJULIAN,Kaba,C,,,False,True
5,TEAM ASRSUPERJULIAN,Onana J.,C,,,False,True
5,TEAM ASRSUPERJULIAN,Ilkhan,C,,,False,True
5,TEAM ASRSUPERJULIAN,Adams C.,A,6.5,6.5,True,True
5,TEAM ASRSUPERJULIAN,Lang,A,6.0,5.5,False,True
5,TEAM ASRSUPERJULIAN,Diao,A,,,False,True
5,BJ EASTONE FC,Butez,P,6.0,7.0,True,False
5,BJ EASTONE FC,Gosens,D,6.5,9.5,True,False
5,BJ EASTONE FC,Kristensen T.,D,,,False,False
5,BJ EASTONE FC,Ramon,D,6.0,6.0,True,False
5,BJ EASTONE FC,De Winter,D,,,False,False
5,BJ EASTONE FC,Paz N.,C,8.0,12.0,True,False
5,BJ EASTONE FC,Konè M.,C,6.5,6.5,True,False
5,BJ EASTONE FC,Fofana Y.,C,6.0,5.5,True,False
5,BJ EASTONE FC,Odgaard,C,7.0,8.0,True,False
5,BJ EASTONE FC,Conceicao,C,5.5,5.5,True,False
5,BJ EASTONE FC,Vlahovic,A,5.5,5.5,True,False
5,BJ EASTONE FC,Cavlina,P,,,False,True
5,BJ EASTONE FC,Bisseck,D,,,False,True
5,BJ EASTONE FC,Veiga D.,D,6.0,5.5,True,True
5,BJ EASTONE FC,Odogu,D,,,False,True
5,BJ EASTONE FC,Smolcic I.,D,6.0,5.5,True,True
5,BJ EASTONE FC,Adzic,C,,,False,True
5,BJ EASTONE FC,Luis Henrique,C,,,False,True
5,BJ EASTONE FC,Vergara,C,,,False,True
5,BJ EASTONE FC,Ekhator,A,6.5,6.5,False,True
5,BJ EASTONE FC,Ferguson E.,A,,,False,True
5,BJ EASTONE FC,Gueye,A,,,False,True
5,BJ EASTONE FC,Ambrosino,A,5.5,5.5,False,True
5,BJ EASTONE FC,Njie,A,,,False,True
5,BJ EASTONE FC,Okoye,P,6.0,5.0,False,True
5,WINNING MOMENT,Caprile,P,6.5,4.5,True,False
5,WINNING MOMENT,Kalulu,D,5.5,5.5,True,False
5,WINNING MOMENT,Bastoni,D,6.5,6.5,True,False
5,WINNING MOMENT,Mancini,D,6.5,6.5,True,False
5,WINNING MOMENT,Sucic P.,C,6.0,5.5,True,False
5,WINNING MOMENT,Barella,C,6.5,7.5,True,False
5,WINNING MOMENT,Zambo Anguissa,C,6.0,6.0,True,False
5,WINNING MOMENT,Mandragora,C,6.0,6.0,True,False
5,WINNING MOMENT,Pasalic,C,6.0,5.5,True,False
5,WINNING MOMENT,Soulè,A,5.5,5.5,True,False
5,WINNING MOMENT,Bonny,A,7.0,11.0,True,False
5,WINNING MOMENT,Leali,P,6.0,7.0,False,True
5,WINNING MOMENT,Angelino,D,,,False,True
5,WINNING MOMENT,Pongracic,D,6.0,6.0,False,True
5,WINNING MOMENT,Tomori,D,6.0,5.5,False,True
5,WINNING MOMENT,Darmian,D,,,False,True
5,WINNING MOMENT,Sabelli,D,6.0,6.0,False,True
5,WINNING MOMENT,Nicolussi Caviglia,C,6.0,5.5,False,True
5,WINNING MOMENT,Nkunku,A,,,False,True
5,WINNING MOMENT,Benedyczak,A,,,False,True
5,WINNING MOMENT,Bonazzoli,A,6.0,6.0,False,True
5,WINNING MOMENT,Arena A.,A,,,False,True
5,WINNING MOMENT,Matic,C,6.0,6.0,False,True
5,WINNING MOMENT,McKennie,C,5.5,5.5,False,True
5,TIGER REBELS,Svilar,P,5.5,4.5,True,False
5,TIGER REBELS,Acerbi,D,6.5,6.5,True,False
5,TIGER REBELS,Obert,D,5.0,5.0,True,False
5,TIGER REBELS,Pezzella Giu.,D,5.5,5.5,True,False
5,TIGER REBELS,Tiago Gabriel,D,6.5,6.5,True,False
5,TIGER REBELS,Masini,C,6.5,6.5,True,False
5,TIGER REBELS,McTominay,C,,,False,False
5,TIGER REBELS,Lobotka,C,,,False,False
5,TIGER REBELS,Modric,C,6.5,6.5,True,False
5,TIGER REBELS,Pellegrini Lo.,C,5.5,5.5,True,False
5,TIGER REBELS,Lookman,A,6.0,6.0,True,False
5,TIGER REBELS,Gollini,P,,,False,True
5,TIGER REBELS,Terracciano F.,D,7.0,10.0,False,True
5,TIGER REBELS,Valle,D,6.0,6.0,False,True
5,TIGER REBELS,Miranda J.,D,6.5,6.0,False,True
5,TIGER REBELS,Vasquez D.,P,,,False,True
5,TIGER REBELS,El Shaarawy,C,,,False,True
5,TIGER REBELS,Brescianini,C,,,False,True
5,TIGER REBELS,Dybala,A,6.0,6.0,False,True
5,TIGER REBELS,Dzeko,A,,,False,True
5,TIGER REBELS,Almqvist,A,6.0,6.0,False,True
5,TIGER REBELS,Zalewski,C,,,False,True
5,TIGER REBELS,De Ketelaere,A,6.0,5.5,False,True
5,TIGER REBELS,Rodriguez Je.,A,,,False,True
5,VENI VIDI VICI,Carnesecchi,P,6.0,7.0,True,False
5,VENI VIDI VICI,Delprato,D,6.0,6.0,True,False
5,VENI VIDI VICI,Carlos Augusto,D,,,False,False
5,VENI VIDI VICI,Cuadrado,D,6.0,6.0,True,False
5,VENI VIDI VICI,N'Dicka,D,5.0,4.5,True,False
5,VENI VIDI VICI,Mkhitaryan,C,6.5,6.0,True,False
5,VENI VIDI VICI,Volpato,C,,,False,False
5,VENI VIDI VICI,Konè I.,C,,,False,False
5,VENI VIDI VICI,Martinez L.,A,5.5,5.0,True,False
5,VENI VIDI VICI,Esposito F.P.,A,6.0,6.0,True,False
5,VENI VIDI VICI,Moreo,A,5.5,5.5,True,False
5,VENI VIDI VICI,Rossi F.,P,,,False,True
5,VENI VIDI VICI,Sportiello,P,,,False,True
5,VENI VIDI VICI,Valeri,D,,,False,True
5,VENI VIDI VICI,Tavares N.,D,5.5,5.5,True,True
5,VENI VIDI VICI,Biraghi,D,6.0,6.0,False,True
5,VENI VIDI VICI,Lovik,D,,,False,True
5,VENI VIDI VICI,Vandeputte,C,6.5,7.0,True,True
5,VENI VIDI VICI,Fabbian,C,,,False,True
5,VENI VIDI VICI,Rowe,C,,,False,True
5,VENI VIDI VICI,Gaetano,C,5.5,5.5,True,True
5,VENI VIDI VICI,Carboni V.,C,5.5,5.5,False,True
5,VENI VIDI VICI,Thuram,A,,,False,True
5,VENI VIDI VICI,Camarda,A,6.0,6.0,False,True
5,VENI VIDI VICI,Piccoli,A,5.5,5.5,False,True
5,KKK,Falcone,P,6.0,6.5,True,False
5,KKK,Vojvoda,D,6.5,6.5,True,False
5,KKK,Palestra,D,6.5,6.5,True,False
5,KKK,Juan Jesus,D,5.5,5.0,True,False
5,KKK,Atta,C,6.5,6.5,True,False
5,KKK,Casadei,C,6.0,6.0,True,False
5,KKK,Locatelli,C,6.0,6.0,True,False
5,KKK,Loftus-Cheek,C,,,False,False
5,KKK,Lucca,A,5.0,5.0,True,False
5,KKK,Vardy,A,5.5,5.0,True,False
5,KKK,Hojlund,A,,,False,False
5,KKK,De Gea,P,6.0,4.0,False,True
5,KKK,Martinelli T.,P,,,False,True
5,KKK,Olivera,D,5.0,5.0,False,True
5,KKK,Gutierrez,D,,,False,True
5,KKK,Hermoso,D,5.5,5.0,False,True
5,KKK,Kelly L.,D,6.0,5.5,False,True
5,KKK,Tramoni M.,C,,,False,True
5,KKK,Douvikas,A,6.5,6.5,True,True
5,KKK,Cutrone,A,6.0,6.0,False,True
5,KKK,Sanabria,A,,,False,True
5,KKK,Zhegrova,C,,,False,True
5,KKK,Rovella,C,,,False,True
5,KKK,Pulisic,C,,,False,True
5,KKK,Bellanova,D,,,False,True
5,FANTA GPT,Meret,P,,,False,False
5,FANTA GPT,Zappacosta,D,6.5,6.5,True,False
5,FANTA GPT,Estupinan,D,,,False,False
5,FANTA GPT,Gila,D,7.0,7.0,True,False
5,FANTA GPT,Norton-Cuffy,D,6.0,6.0,True,False
5,FANTA GPT,Vazquez,C,6.5,6.5,True,False
5,FANTA GPT,Samardzic,C,,,False,False
5,FANTA GPT,Thuram K.,C,6.0,6.0,True,False
5,FANTA GPT,Leao,A,7.5,13.5,True,False
5,FANTA GPT,Gimenez,A,6.5,6.5,True,False
5,FANTA GPT,Dovbyk,A,5.0,5.0,True,False
5,FANTA GPT,Martin,D,,,False,True
5,FANTA GPT,Gatti,D,,,False,True
5,FANTA GPT,Luperto,D,5.5,5.5,True,True
5,FANTA GPT,Tsimikas,D,,,False,True
5,FANTA GPT,Bernabè,C,6.0,6.0,True,True
5,FANTA GPT,Koopmeiners,C,5.0,5.0,False,True
5,FANTA GPT,Freuler,C,6.5,6.5,False,True
5,FANTA GPT,Asllani,C,6.0,6.0,False,True
5,FANTA GPT,Zerbin,C,5.5,5.0,False,True
5,FANTA GPT,Morata,A,6.0,6.0,False,True
5,FANTA GPT,Colombo,A,5.5,5.0,False,True
5,FANTA GPT,Castellanos,A,,,False,True
5,FANTA GPT,Milinkovic-Savic V.,P,6.0,5.0,True,True
5,FANTA GPT,Contini,P,,,False,True
6,BOVE,Skorupski,P,7.0,5.0,True,False
6,BOVE,Dimarco,D,6.0,6.0,True,False
6,BOVE,Rensch,D,,,False,False
6,BOVE,Gabbia,D,5.5,5.5,True,False
6,BOVE,Pavlovic,D,6.0,6.0,True,False
6,BOVE,Bernardeschi,C,5.0,5.0,True,False
6,BOVE,Gudmundsson A.,C,6.5,8.0,True,False
6,BOVE,Isaksen,C,7.0,7.0,True,False
6,BOVE,David,A,5.0,5.0,True,False
6,BOVE,Kean,A,7.0,10.0,True,False
6,BOVE,Simeone,A,5.5,5.5,True,False
6,BOVE,Ravaglia F.,P,,,False,True
6,BOVE,Sava,P,,,False,True
6,BOVE,Heggem,D,6.0,6.0,True,True
6,BOVE,Vitik,D,,,False,True
6,BOVE,Akanji,D,5.0,5.0,False,True
6,BOVE,Beukema,D,,,False,True
6,BOVE,Frattesi,C,6.0,6.0,False,True
6,BOVE,Thorstvedt,C,5.0,4.5,False,True
6,BOVE,Stengs,C,,,False,True
6,BOVE,Rabiot,C,,,False,True
6,BOVE,Ndour,C,6.0,6.0,False,True
6,BOVE,Pellegrino M.,A,6.0,6.0,False,True
6,BOVE,Kuhn,A,6.0,6.0,False,True
6,BOVE,Giovane,A,7.0,9.0,False,True
6,TIGER REBELS,Svilar,P,6.5,7.5,True,False
6,TIGER REBELS,Acerbi,D,5.0,5.0,True,False
6,TIGER REBELS,Obert,D,6.0,6.5,True,False
6,TIGER REBELS,Pezzella Giu.,D,,,False,False
6,TIGER REBELS,Tiago Gabriel,D,5.5,5.5,True,False
6,TIGER REBELS,Masini,C,5.5,5.5,True,False
6,TIGER REBELS,McTominay,C,7.0,11.0,True,False
6,TIGER REBELS,Modric,C,6.5,7.5,True,False
6,TIGER REBELS,Zalewski,C,6.0,6.0,True,False
6,TIGER REBELS,Lookman,A,6.0,6.0,True,False
6,TIGER REBELS,De Ketelaere,A,5.5,5.5,True,False
6,TIGER REBELS,Gollini,P,,,False,True
6,TIGER REBELS,Terracciano F.,D,7.0,7.0,True,True
6,TIGER REBELS,Valle,D,,,False,True
6,TIGER REBELS,Miranda J.,D,6.5,6.5,False,True
6,TIGER REBELS,Vasquez D.,P,,,False,True
6,TIGER REBELS,Pellegrini Lo.,C,6.5,6.5,False,True
6,TIGER REBELS,El Shaarawy,C,,,False,True
6,TIGER REBELS,Brescianini,C,7.0,11.0,False,True
6,TIGER REBELS,Dybala,A,7.0,11.0,False,True
6,TIGER REBELS,Dzeko,A,5.5,5.0,False,True
6,TIGER REBELS,Almqvist,A,,,False,True
6,TIGER REBELS,Rodriguez Je.,A,,,False,True
6,VENI VIDI VICI,Carnesecchi,P,6.5,5.5,True,False
6,VENI VIDI VICI,Delprato,D,6.0,6.0,True,False
6,VENI VIDI VICI,Biraghi,D,5.5,5.5,True,False
6,VENI VIDI VICI,Carlos Augusto,D,,,False,False
6,VENI VIDI VICI,N'Dicka,D,6.0,6.0,True,False
6,VENI VIDI VICI,Mkhitaryan,C,5.5,5.5,True,False
6,VENI VIDI VICI,Vandeputte,C,6.5,6.5,True,False
6,VENI VIDI VICI,Konè I.,C,5.5,5.5,True,False
6,VENI VIDI VICI,Martinez L.,A,5.0,5.0,True,False
6,VENI VIDI VICI,Esposito F.P.,A,5.5,5.5,True,False
6,VENI VIDI VICI,Moreo,A,6.0,6.0,True,False
6,VENI VIDI VICI,Rossi F.,P,,,False,True
6,VENI VIDI VICI,Sportiello,P,,,False,True
6,VENI VIDI VICI,Valeri,D,,,False,True
6,VENI VIDI VICI,Tavares N.,D,,,False,True
6,VENI VIDI VICI,Lovik,D,,,False,True
6,VENI VIDI VICI,Fabbian,C,6.0,6.0,False,True
6,VENI VIDI VICI,Rowe,C,6.0,5.5,False,True
6,VENI VIDI VICI,Gaetano,C,5.5,5.5,False,True
6,VENI VIDI VICI,Carboni V.,C,,,False,True
6,VENI VIDI VICI,Thuram,A,,,False,True
6,VENI VIDI VICI,Camarda,A,6.0,6.0,False,True
6,VENI VIDI VICI,Piccoli,A,,,False,True
6,VENI VIDI VICI,Cuadrado,D,7.0,9.0,True,True
6,VENI VIDI VICI,Volpato,C,5.5,5.0,False,True
6,KKK,De Gea,P,6.0,4.0,True,False
6,KKK,Vojvoda,D,6.0,6.0,True,False
6,KKK,Palestra,D,5.5,5.5,True,False
6,KKK,Hermoso,D,6.0,5.5,True,False
6,KKK,Bellanova,D,5.5,5.5,True,False
6,KKK,Atta,C,7.5,9.5,True,False
6,KKK,Casadei,C,5.5,5.0,True,False
6,KKK,Locatelli,C,6.0,5.5,True,False
6,KKK,Vardy,A,7.0,9.5,True,False
6,KKK,Douvikas,A,6.0,6.0,True,False
6,KKK,Hojlund,A,,,False,False
6,KKK,Martinelli T.,P,,,False,True
6,KKK,Kelly L.,D,5.5,5.0,False,True
6,KKK,Olivera,D,5.5,5.5,False,True
6,KKK,Juan Jesus,D,6.5,6.5,False,True
6,KKK,Gutierrez,D,,,False,True
6,KKK,Pulisic,C,,,False,True
6,KKK,Rovella,C,,,False,True
6,KKK,Loftus-Cheek,C,,,False,True
6,KKK,Zhegrova,C,,,False,True
6,KKK,Tramoni M.,C,5.0,5.0,False,True
6,KKK,Lucca,A,,,False,True
6,KKK,Cutrone,A,6.0,6.0,True,True
6,KKK,Sanabria,A,6.0,6.0,False,True
6,KKK,Falcone,P,6.0,3.0,False,True
6,WINNING MOMENT,Caprile,P,7.5,5.5,True,False
6,WINNING MOMENT,Kalulu,D,6.0,6.0,True,False
6,WINNING MOMENT,Bastoni,D,6.0,5.5,True,False
6,WINNING MOMENT,Mancini,D,6.5,6.0,True,False
6,WINNING MOMENT,Sucic P.,C,6.0,6.0,True,False
6,WINNING MOMENT,Barella,C,6.0,6.0,True,False
6,WINNING MOMENT,Zambo Anguissa,C,7.5,10.5,True,False
6,WINNING MOMENT,Mandragora,C,5.5,5.5,True,False
6,WINNING MOMENT,Pasalic,C,5.5,5.5,True,False
6,WINNING MOMENT,Soulè,A,6.0,6.0,True,False
6,WINNING MOMENT,Bonny,A,5.5,5.5,True,False
6,WINNING MOMENT,Leali,P,7.5,5.5,False,True
6,WINNING MOMENT,Angelino,D,,,False,True
6,WINNING MOMENT,Pongracic,D,5.5,5.5,False,True
6,WINNING MOMENT,Tomori,D,,,False,True
6,WINNING MOMENT,Darmian,D,,,False,True
6,WINNING MOMENT,Sabelli,D,5.5,3.5,False,True
6,WINNING MOMENT,Nicolussi Caviglia,C,5.5,5.5,False,True
6,WINNING MOMENT,Nkunku,A,5.5,5.5,False,True
6,WINNING MOMENT,Benedyczak,A,6.0,6.0,False,True
6,WINNING MOMENT,Bonazzoli,A,,,False,True
6,WINNING MOMENT,Arena A.,A,,,False,True
6,WINNING MOMENT,Matic,C,5.5,5.5,False,True
6,WINNING MOMENT,McKennie,C,5.5,5.0,False,True
6,ETHANANITA,Maignan,P,5.5,3.5,True,False
6,ETHANANITA,Cambiaso,D,6.0,6.0,True,False
6,ETHANANITA,Dodò,D,6.0,6.0,True,False
6,ETHANANITA,Wesley,D,6.0,6.0,True,False
6,ETHANANITA,Dumfries,D,5.5,5.5,True,False
6,ETHANANITA,Vlasic,C,5.5,5.0,True,False
6,ETHANANITA,Da Cunha,C,6.0,6.0,True,False
6,ETHANANITA,Politano,C,6.0,6.0,True,False
6,ETHANANITA,Esposito Se.,A,,,False,False
6,ETHANANITA,Krstovic,A,5.0,5.0,True,False
6,ETHANANITA,Davis K.,A,7.0,9.5,True,False
6,ETHANANITA,Semper,P,6.0,4.0,False,True
6,ETHANANITA,Scuffet,P,,,False,True
6,ETHANANITA,Zemura,D,,,False,True
6,ETHANANITA,Joao Mario,D,,,False,True
6,ETHANANITA,Rrahmani,D,,,False,True
6,ETHANANITA,Angori,D,,,False,True
6,ETHANANITA,Bailey,C,6.0,6.0,False,True
6,ETHANANITA,Maldini,C,,,False,True
6,ETHANANITA,Neres,C,6.5,7.5,False,True
6,ETHANANITA,Tourè I.,C,6.0,6.0,False,True
6,ETHANANITA,Stanciu,C,,,False,True
6,ETHANANITA,Openda,A,6.0,6.0,True,True
6,ETHANANITA,Meister,A,5.5,5.5,False,True
6,ETHANANITA,Zapata D.,A,,,False,True
6,FANTA GPT,Meret,P,,,False,False
6,FANTA GPT,Zappacosta,D,,,False,False
6,FANTA GPT,Luperto,D,,,False,False
6,FANTA GPT,Gila,D,6.5,6.5,True,False
6,FANTA GPT,Norton-Cuffy,D,6.0,6.0,True,False
6,FANTA GPT,Vazquez,C,,,False,False
6,FANTA GPT,Samardzic,C,6.5,6.5,True,False
6,FANTA GPT,Thuram K.,C,5.5,5.5,True,False
6,FANTA GPT,Leao,A,7.0,10.0,True,False
6,FANTA GPT,Gimenez,A,5.5,5.5,True,False
6,FANTA GPT,Dovbyk,A,6.5,6.5,True,False
6,FANTA GPT,Tsimikas,D,6.0,6.0,True,True
6,FANTA GPT,Martin,D,,,False,True
6,FANTA GPT,Estupinan,D,,,False,True
6,FANTA GPT,Gatti,D,5.5,5.5,True,True
6,FANTA GPT,Bernabè,C,6.5,6.5,True,True
6,FANTA GPT,Asllani,C,5.0,5.0,False,True
6,FANTA GPT,Koopmeiners,C,6.0,5.5,False,True
6,FANTA GPT,Freuler,C,6.0,5.5,False,True
6,FANTA GPT,Zerbin,C,6.5,6.5,False,True
6,FANTA GPT,Morata,A,5.5,5.5,False,True
6,FANTA GPT,Colombo,A,,,False,True
6,FANTA GPT,Castellanos,A,,,False,True
6,FANTA GPT,Milinkovic-Savic V.,P,6.5,5.5,True,True
6,FANTA GPT,Contini,P,,,False,True
6,BJ EASTONE FC,Butez,P,6.5,7.5,True,False
6,BJ EASTONE FC,Gosens,D,5.0,4.5,True,False
6,BJ EASTONE FC,Smolcic I.,D,5.5,5.5,True,False
6,BJ EASTONE FC,Ramon,D,,,False,False
6,BJ EASTONE FC,De Winter,D,5.0,5.0,True,False
6,BJ EASTONE FC,Paz N.,C,5.5,5.5,True,False
6,BJ EASTONE FC,Konè M.,C,6.5,6.5,True,False
6,BJ EASTONE FC,Fofana Y.,C,6.0,6.0,True,False
6,BJ EASTONE FC,Odgaard,C,,,False,False
6,BJ EASTONE FC,Conceicao,C,6.0,6.0,True,False
6,BJ EASTONE FC,Vlahovic,A,5.5,5.5,True,False
6,BJ EASTONE FC,Cavlina,P,,,False,True
6,BJ EASTONE FC,Bisseck,D,,,False,True
6,BJ EASTONE FC,Veiga D.,D,5.0,5.0,True,True
6,BJ EASTONE FC,Odogu,D,,,False,True
6,BJ EASTONE FC,Kristensen T.,D,,,False,True
6,BJ EASTONE FC,Adzic,C,,,False,True
6,BJ EASTONE FC,Luis Henrique,C,5.5,5.5,True,True
6,BJ EASTONE FC,Vergara,C,,,False,True
6,BJ EASTONE FC,Ekhator,A,6.0,5.5,False,True
6,BJ EASTONE FC,Ferguson E.,A,,,False,True
6,BJ EASTONE FC,Gueye,A,,,False,True
6,BJ EASTONE FC,Ambrosino,A,,,False,True
6,BJ EASTONE FC,Njie,A,,,False,True
6,BJ EASTONE FC,Okoye,P,5.0,3.0,False,True
6,TEAM ASRSUPERJULIAN,Sommer,P,6.0,3.0,True,False
6,TEAM ASRSUPERJULIAN,Di Lorenzo,D,6.5,6.0,True,False
6,TEAM ASRSUPERJULIAN,Solet,D,6.0,6.0,True,False
6,TEAM ASRSUPERJULIAN,Gaspar K.,D,5.0,4.5,True,False
6,TEAM ASRSUPERJULIAN,Zortea,D,,,False,False
6,TEAM ASRSUPERJULIAN,Zaccagni,C,6.0,6.0,True,False
6,TEAM ASRSUPERJULIAN,De Bruyne,C,7.0,9.0,True,False
6,TEAM ASRSUPERJULIAN,Orsolini,C,6.0,6.0,True,False
6,TEAM ASRSUPERJULIAN,Scamacca,A,6.0,5.5,True,False
6,TEAM ASRSUPERJULIAN,Pinamonti,A,5.0,5.0,True,False
6,TEAM ASRSUPERJULIAN,Adams C.,A,5.5,5.5,True,False
6,TEAM ASRSUPERJULIAN,Provedel,P,6.0,7.0,False,True
6,TEAM ASRSUPERJULIAN,Mandas,P,,,False,True
6,TEAM ASRSUPERJULIAN,Van Der Brempt,D,,,False,True
6,TEAM ASRSUPERJULIAN,Ziolkowski,D,,,False,True
6,TEAM ASRSUPERJULIAN,Palma,D,,,False,True
6,TEAM ASRSUPERJULIAN,Scalvini,D,,,False,True
6,TEAM ASRSUPERJULIAN,Bondo,C,,,False,True
6,TEAM ASRSUPERJULIAN,Kostic,C,5.5,5.5,False,True
6,TEAM ASRSUPERJULIAN,Kaba,C,,,False,True
6,TEAM ASRSUPERJULIAN,Onana J.,C,5.5,5.5,False,True
6,TEAM ASRSUPERJULIAN,Ilkhan,C,,,False,True
6,TEAM ASRSUPERJULIAN,Lang,A,,,False,True
6,TEAM ASRSUPERJULIAN,Diao,A,5.5,5.5,False,True
6,TEAM ASRSUPERJULIAN,Cancellieri,A,,,False,True
6,DARTH VADER,Di Gregorio,P,,,False,False
6,DARTH VADER,Vasquez,D,6.0,6.0,True,False
6,DARTH VADER,Baschirotto,D,6.5,6.5,True,False
6,DARTH VADER,Buongiorno,D,5.5,5.5,True,False
6,DARTH VADER,Gallo,D,5.5,5.5,True,False
6,DARTH VADER,Ederson D.S.,C,6.5,6.5,True,False
6,DARTH VADER,Saelemaekers,C,6.0,6.0,True,False
6,DARTH VADER,Calhanoglu,C,7.0,9.0,True,False
6,DARTH VADER,Yildiz,A,6.0,6.0,True,False
6,DARTH VADER,Orban G.,A,6.5,9.5,True,False
6,DARTH VADER,Berardi,A,5.5,5.5,True,False
6,DARTH VADER,Perin,P,6.0,5.0,True,True
6,DARTH VADER,Pinsoglio,P,,,False,True
6,DARTH VADER,Zanoli,D,6.0,6.0,False,True
6,DARTH VADER,Ranieri L.,D,5.5,5.5,False,True
6,DARTH VADER,Canestrelli,D,6.0,6.0,False,True
6,DARTH VADER,Bremer,D,,,False,True
6,DARTH VADER,Folorunsho,C,5.5,5.5,False,True
6,DARTH VADER,Frendrup,C,6.0,5.5,False,True
6,DARTH VADER,Oristanio,C,,,False,True
6,DARTH VADER,Zielinski,C,5.5,5.5,False,True
6,DARTH VADER,Guendouzi,C,6.5,6.0,False,True
6,DARTH VADER,Castro S.,A,7.0,10.0,False,True
6,DARTH VADER,Stulic,A,5.5,5.0,False,True
6,DARTH VADER,Ngonge,A,6.5,6.5,False,True
7,DARTH VADER,Di Gregorio,P,6.0,4.5,True,False
7,DARTH VADER,Vasquez,D,6.0,6.0,True,False
7,DARTH VADER,Baschirotto,D,6.5,6.5,True,False
7,DARTH VADER,Buongiorno,D,6.5,6.5,True,False
7,DARTH VADER,Ederson D.S.,C,6.0,6.0,True,False
7,DARTH VADER,Saelemaekers,C,5.5,5.5,True,False
7,DARTH VADER,Calhanoglu,C,8.0,14.0,True,False
7,DARTH VADER,Folorunsho,C,5.5,5.0,True,False
7,DARTH VADER,Yildiz,A,7.0,9.0,True,False
7,DARTH VADER,Castro S.,A,5.5,5.5,True,False
7,DARTH VADER,Berardi,A,,,False,False
7,DARTH VADER,Perin,P,,,False,True
7,DARTH VADER,Pinsoglio,P,,,False,True
7,DARTH VADER,Gallo,D,6.0,6.0,False,True
7,DARTH VADER,Canestrelli,D,6.0,6.0,False,True
7,DARTH VADER,Zanoli,D,6.0,6.0,False,True
7,DARTH VADER,Ranieri L.,D,,,False,True
7,DARTH VADER,Bremer,D,,,False,True
7,DARTH VADER,Frendrup,C,5.5,5.5,False,True
7,DARTH VADER,Zielinski,C,,,False,True
7,DARTH VADER,Guendouzi,C,6.0,5.5,False,True
7,DARTH VADER,Oristanio,C,,,False,True
7,DARTH VADER,Orban G.,A,5.0,4.5,True,True
7,DARTH VADER,Stulic,A,5.5,5.5,False,True
7,DARTH VADER,Ngonge,A,5.5,5.5,False,True
7,ETHANANITA,Maignan,P,6.5,5.5,True,False
7,ETHANANITA,Cambiaso,D,6.5,7.5,True,False
7,ETHANANITA,Dodò,D,5.5,5.5,True,False
7,ETHANANITA,Wesley,D,6.0,6.0,True,False
7,ETHANANITA,Dumfries,D,6.0,6.0,True,False
7,ETHANANITA,Bailey,C,5.5,5.5,True,False
7,ETHANANITA,Neres,C,7.0,8.0,True,False
7,ETHANANITA,Da Cunha,C,6.5,6.5,True,False
7,ETHANANITA,Politano,C,5.5,5.5,True,False
7,ETHANANITA,Davis K.,A,5.5,5.5,True,False
7,ETHANANITA,Krstovic,A,,,False,False
7,ETHANANITA,Semper,P,6.5,7.5,False,True
7,ETHANANITA,Scuffet,P,,,False,True
7,ETHANANITA,Joao Mario,D,,,False,True
7,ETHANANITA,Rrahmani,D,,,False,True
7,ETHANANITA,Zemura,D,,,False,True
7,ETHANANITA,Angori,D,6.5,6.5,False,True
7,ETHANANITA,Vlasic,C,6.0,6.0,False,True
7,ETHANANITA,Maldini,C,,,False,True
7,ETHANANITA,Tourè I.,C,6.0,6.0,False,True
7,ETHANANITA,Stanciu,C,,,False,True
7,ETHANANITA,Openda,A,6.0,6.0,True,True
7,ETHANANITA,Esposito Se.,A,7.0,10.0,False,True
7,ETHANANITA,Zapata D.,A,,,False,True
7,ETHANANITA,Meister,A,,,False,True
7,BJ EASTONE FC,Butez,P,5.5,4.5,True,False
7,BJ EASTONE FC,Gosens,D,6.0,6.0,True,False
7,BJ EASTONE FC,Smolcic I.,D,,,False,False
7,BJ EASTONE FC,Ramon,D,6.5,6.5,True,False
7,BJ EASTONE FC,De Winter,D,,,False,False
7,BJ EASTONE FC,Paz N.,C,6.0,5.5,True,False
7,BJ EASTONE FC,Konè M.,C,7.0,7.0,True,False
7,BJ EASTONE FC,Fofana Y.,C,6.0,6.0,True,False
7,BJ EASTONE FC,Odgaard,C,5.5,5.0,True,False
7,BJ EASTONE FC,Conceicao,C,,,False,False
7,BJ EASTONE FC,Vlahovic,A,7.0,9.0,True,False
7,BJ EASTONE FC,Cavlina,P,,,False,True
7,BJ EASTONE FC,Bisseck,D,6.5,6.5,True,True
7,BJ EASTONE FC,Veiga D.,D,6.5,6.5,True,True
7,BJ EASTONE FC,Odogu,D,,,False,True
7,BJ EASTONE FC,Kristensen T.,D,,,False,True
7,BJ EASTONE FC,Adzic,C,,,False,True
7,BJ EASTONE FC,Luis Henrique,C,,,False,True
7,BJ EASTONE FC,Vergara,C,,,False,True
7,BJ EASTONE FC,Ekhator,A,5.0,5.0,False,True
7,BJ EASTONE FC,Ferguson E.,A,,,False,True
7,BJ EASTONE FC,Gueye,A,,,False,True
7,BJ EASTONE FC,Ambrosino,A,,,False,True
7,BJ EASTONE FC,Njie,A,,,False,True
7,BJ EASTONE FC,Okoye,P,7.0,4.0,False,True
7,VENI VIDI VICI,Carnesecchi,P,6.0,5.0,True,False
7,VENI VIDI VICI,Delprato,D,5.5,5.0,True,False
7,VENI VIDI VICI,Cuadrado,D,6.5,6.0,True,False
7,VENI VIDI VICI,Carlos Augusto,D,,,False,False
7,VENI VIDI VICI,N'Dicka,D,6.0,6.0,True,False
7,VENI VIDI VICI,Rowe,C,,,False,False
7,VENI VIDI VICI,Vandeputte,C,7.0,8.0,True,False
7,VENI VIDI VICI,Konè I.,C,6.5,6.5,True,False
7,VENI VIDI VICI,Martinez L.,A,6.0,7.0,True,False
7,VENI VIDI VICI,Esposito F.P.,A,6.0,5.5,True,False
7,VENI VIDI VICI,Moreo,A,6.5,6.5,True,False
7,VENI VIDI VICI,Rossi F.,P,,,False,True
7,VENI VIDI VICI,Sportiello,P,,,False,True
7,VENI VIDI VICI,Valeri,D,,,False,True
7,VENI VIDI VICI,Tavares N.,D,,,False,True
7,VENI VIDI VICI,Biraghi,D,,,False,True
7,VENI VIDI VICI,Lovik,D,,,False,True
7,VENI VIDI VICI,Mkhitaryan,C,,,False,True
7,VENI VIDI VICI,Fabbian,C,,,False,True
7,VENI VIDI VICI,Gaetano,C,6.0,6.0,True,True
7,VENI VIDI VICI,Carboni V.,C,5.5,5.0,False,True
7,VENI VIDI VICI,Thuram,A,,,False,True
7,VENI VIDI VICI,Camarda,A,5.0,3.0,False,True
7,VENI VIDI VICI,Piccoli,A,,,False,True
7,VENI VIDI VICI,Volpato,C,7.0,8.0,False,True
7,TIGER REBELS,Svilar,P,7.0,6.0,True,False
7,TIGER REBELS,Acerbi,D,,,False,False
7,TIGER REBELS,Obert,D,5.0,4.5,True,False
7,TIGER REBELS,Pezzella Giu.,D,,,False,False
7,TIGER REBELS,Tiago Gabriel,D,6.0,6.0,True,False
7,TIGER REBELS,Masini,C,6.0,6.0,True,False
7,TIGER REBELS,McTominay,C,6.0,6.0,True,False
7,TIGER REBELS,Modric,C,6.0,5.5,True,False
7,TIGER REBELS,Zalewski,C,,,False,False
7,TIGER REBELS,Lookman,A,7.0,11.0,True,False
7,TIGER REBELS,De Ketelaere,A,6.0,6.0,True,False
7,TIGER REBELS,Gollini,P,,,False,True
7,TIGER REBELS,Terracciano F.,D,6.5,6.5,True,True
7,TIGER REBELS,Valle,D,6.5,7.5,True,True
7,TIGER REBELS,Miranda J.,D,,,False,True
7,TIGER REBELS,Vasquez D.,P,,,False,True
7,TIGER REBELS,Pellegrini Lo.,C,,,False,True
7,TIGER REBELS,El Shaarawy,C,,,False,True
7,TIGER REBELS,Brescianini,C,6.0,5.5,True,True
7,TIGER REBELS,Dybala,A,6.5,7.5,False,True
7,TIGER REBELS,Dzeko,A,6.0,6.0,False,True
7,TIGER REBELS,Almqvist,A,,,False,True
7,TIGER REBELS,Rodriguez Je.,A,6.5,7.5,False,True
7,TEAM ASRSUPERJULIAN,Sommer,P,6.0,7.0,True,False
7,TEAM ASRSUPERJULIAN,Di Lorenzo,D,6.0,6.0,True,False
7,TEAM ASRSUPERJULIAN,Solet,D,6.0,6.0,True,False
7,TEAM ASRSUPERJULIAN,Gaspar K.,D,6.0,6.0,True,False
7,TEAM ASRSUPERJULIAN,Zortea,D,6.0,6.0,True,False
7,TEAM ASRSUPERJULIAN,Kostic,C,6.5,6.5,True,False
7,TEAM ASRSUPERJULIAN,Zaccagni,C,6.0,6.0,True,False
7,TEAM ASRSUPERJULIAN,Orsolini,C,5.5,5.5,True,False
7,TEAM ASRSUPERJULIAN,Scamacca,A,,,False,False
7,TEAM ASRSUPERJULIAN,Pinamonti,A,7.0,11.0,True,False
7,TEAM ASRSUPERJULIAN,Diao,A,5.5,5.5,True,False
7,TEAM ASRSUPERJULIAN,Provedel,P,6.5,7.5,False,True
7,TEAM ASRSUPERJULIAN,Mandas,P,,,False,True
7,TEAM ASRSUPERJULIAN,Van Der Brempt,D,,,False,True
7,TEAM ASRSUPERJULIAN,Ziolkowski,D,,,False,True
7,TEAM ASRSUPERJULIAN,Palma,D,,,False,True
7,TEAM ASRSUPERJULIAN,Scalvini,D,,,False,True
7,TEAM ASRSUPERJULIAN,Bondo,C,6.5,6.5,False,True
7,TEAM ASRSUPERJULIAN,De Bruyne,C,,,False,True
7,TEAM ASRSUPERJULIAN,Kaba,C,,,False,True
7,TEAM ASRSUPERJULIAN,Onana J.,C,,,False,True
7,TEAM ASRSUPERJULIAN,Ilkhan,C,,,False,True
7,TEAM ASRSUPERJULIAN,Lang,A,6.5,6.5,True,True
7,TEAM ASRSUPERJULIAN,Adams C.,A,5.5,5.5,False,True
7,TEAM ASRSUPERJULIAN,Cancellieri,A,,,False,True
7,KKK,De Gea,P,7.5,4.5,True,False
7,KKK,Vojvoda,D,7.0,10.0,True,False
7,KKK,Palestra,D,6.5,6.5,True,False
7,KKK,Juan Jesus,D,5.0,5.0,True,False
7,KKK,Bellanova,D,6.0,6.0,True,False
7,KKK,Atta,C,6.0,6.0,True,False
7,KKK,Loftus-Cheek,C,6.0,6.0,True,False
7,KKK,Locatelli,C,6.0,6.0,True,False
7,KKK,Vardy,A,6.0,6.0,True,False
7,KKK,Douvikas,A,7.0,10.0,True,False
7,KKK,Lucca,A,5.5,5.5,True,False
7,KKK,Martinelli T.,P,,,False,True
7,KKK,Kelly L.,D,6.0,6.0,False,True
7,KKK,Olivera,D,6.0,5.5,False,True
7,KKK,Hermoso,D,7.0,10.0,False,True
7,KKK,Gutierrez,D,,,False,True
7,KKK,Casadei,C,6.5,6.5,False,True
7,KKK,Pulisic,C,,,False,True
7,KKK,Rovella,C,,,False,True
7,KKK,Zhegrova,C,,,False,True
7,KKK,Tramoni M.,C,5.5,5.5,False,True
7,KKK,Hojlund,A,5.5,5.5,False,True
7,KKK,Cutrone,A,5.5,5.5,False,True
7,KKK,Falcone,P,6.0,5.0,False,True
7,KKK,Sanabria,A,,,False,True
7,BOVE,Skorupski,P,6.0,7.0,True,False
7,BOVE,Dimarco,D,6.5,6.5,True,False
7,BOVE,Akanji,D,7.0,7.0,True,False
7,BOVE,Rensch,D,5.5,5.5,True,False
7,BOVE,Pavlovic,D,6.0,6.0,True,False
7,BOVE,Frattesi,C,,,False,False
7,BOVE,Gudmundsson A.,C,5.5,5.5,True,False
7,BOVE,Isaksen,C,5.5,5.5,True,False
7,BOVE,David,A,6.0,6.0,True,False
7,BOVE,Kean,A,5.5,5.5,True,False
7,BOVE,Simeone,A,5.5,5.5,True,False
7,BOVE,Ravaglia F.,P,,,False,True
7,BOVE,Sava,P,,,False,True
7,BOVE,Vitik,D,5.5,5.5,False,True
7,BOVE,Heggem,D,,,False,True
7,BOVE,Gabbia,D,6.0,5.5,False,True
7,BOVE,Beukema,D,,,False,True
7,BOVE,Bernardeschi,C,6.0,6.0,True,True
7,BOVE,Thorstvedt,C,6.0,5.5,False,True
7,BOVE,Stengs,C,,,False,True
7,BOVE,Rabiot,C,,,False,True
7,BOVE,Ndour,C,5.5,5.5,False,True
7,BOVE,Pellegrino M.,A,6.0,5.5,False,True
7,BOVE,Kuhn,A,5.5,5.5,False,True
7,BOVE,Giovane,A,6.0,6.0,False,True
7,FANTA GPT,Milinkovic-Savic V.,P,7.0,10.0,True,False
7,FANTA GPT,Gatti,D,7.0,11.0,True,False
7,FANTA GPT,Luperto,D,,,False,False
7,FANTA GPT,Gila,D,6.0,6.0,True,False
7,FANTA GPT,Norton-Cuffy,D,5.5,5.5,True,False
7,FANTA GPT,Vazquez,C,6.0,6.0,True,False
7,FANTA GPT,Samardzic,C,,,False,False
7,FANTA GPT,Thuram K.,C,,,False,False
7,FANTA GPT,Gimenez,A,5.0,4.5,True,False
7,FANTA GPT,Leao,A,5.5,5.5,True,False
7,FANTA GPT,Dovbyk,A,7.0,11.0,True,False
7,FANTA GPT,Tsimikas,D,,,False,True
7,FANTA GPT,Martin,D,6.0,6.0,True,True
7,FANTA GPT,Estupinan,D,,,False,True
7,FANTA GPT,Zappacosta,D,6.5,6.5,False,True
7,FANTA GPT,Zerbin,C,,,False,True
7,FANTA GPT,Bernabè,C,5.0,5.0,True,True
7,FANTA GPT,Asllani,C,,,False,True
7,FANTA GPT,Koopmeiners,C,,,False,True
7,FANTA GPT,Freuler,C,6.0,6.0,True,True
7,FANTA GPT,Morata,A,,,False,True
7,FANTA GPT,Colombo,A,5.5,5.5,False,True
7,FANTA GPT,Castellanos,A,,,False,True
7,FANTA GPT,Meret,P,,,False,True
7,FANTA GPT,Contini,P,,,False,True
7,WINNING MOMENT,Leali,P,6.0,3.5,True,False
7,WINNING MOMENT,Tomori,D,5.5,5.5,True,False
7,WINNING MOMENT,Mancini,D,6.5,6.5,True,False
7,WINNING MOMENT,Kalulu,D,6.5,6.5,True,False
7,WINNING MOMENT,Mandragora,C,5.5,5.5,True,False
7,WINNING MOMENT,Zambo Anguissa,C,7.0,11.0,True,False
7,WINNING MOMENT,Barella,C,6.5,7.5,True,False
7,WINNING MOMENT,Sucic P.,C,7.0,10.0,True,False
7,WINNING MOMENT,Matic,C,6.5,6.5,True,False
7,WINNING MOMENT,Soulè,A,6.0,6.0,True,False
7,WINNING MOMENT,Nkunku,A,5.5,5.5,True,False
7,WINNING MOMENT,Caprile,P,6.0,3.5,False,True
7,WINNING MOMENT,Radunovic,P,,,False,True
7,WINNING MOMENT,Pongracic,D,,,False,True
7,WINNING MOMENT,Bastoni,D,6.5,6.5,False,True
7,WINNING MOMENT,Sabelli,D,,,False,True
7,WINNING MOMENT,Darmian,D,,,False,True
7,WINNING MOMENT,Angelino,D,,,False,True
7,WINNING MOMENT,Nicolussi Caviglia,C,,,False,True
7,WINNING MOMENT,Pasalic,C,7.0,8.0,False,True
7,WINNING MOMENT,McKennie,C,6.0,6.0,False,True
7,WINNING MOMENT,Bonny,A,6.5,6.5,False,True
7,WINNING MOMENT,Bonazzoli,A,8.0,15.0,False,True
7,WINNING MOMENT,Benedyczak,A,6.5,7.5,False,True
7,WINNING MOMENT,Arena A.,A,,,False,True
8,DARTH VADER,Di Gregorio,P,6.0,5.0,True,False
8,DARTH VADER,Vasquez,D,6.5,6.5,True,False
8,DARTH VADER,Baschirotto,D,5.5,5.5,True,False
8,DARTH VADER,Buongiorno,D,6.0,6.0,True,False
8,DARTH VADER,Ranieri L.,D,5.0,4.5,True,False
8,DARTH VADER,Ederson D.S.,C,5.5,5.0,True,False
8,DARTH VADER,Calhanoglu,C,7.0,8.0,True,False
8,DARTH VADER,Saelemaekers,C,6.5,6.5,True,False
8,DARTH VADER,Yildiz,A,,,False,False
8,DARTH VADER,Castro S.,A,7.5,14.0,True,False
8,DARTH VADER,Berardi,A,7.0,10.0,True,False
8,DARTH VADER,Perin,P,,,False,True
8,DARTH VADER,Pinsoglio,P,,,False,True
8,DARTH VADER,Gallo,D,6.5,6.5,False,True
8,DARTH VADER,Zanoli,D,6.5,6.5,False,True
8,DARTH VADER,Canestrelli,D,5.0,5.0,False,True
8,DARTH VADER,Bremer,D,,,False,True
8,DARTH VADER,Guendouzi,C,7.0,7.5,False,True
8,DARTH VADER,Folorunsho,C,6.0,6.0,False,True
8,DARTH VADER,Zielinski,C,7.0,10.0,False,True
8,DARTH VADER,Frendrup,C,6.0,6.0,False,True
8,DARTH VADER,Oristanio,C,,,False,True
8,DARTH VADER,Orban G.,A,6.0,6.5,True,True
8,DARTH VADER,Stulic,A,6.0,6.0,False,True
8,DARTH VADER,Ngonge,A,6.0,6.0,False,True
8,WINNING MOMENT,Caprile,P,6.5,4.5,True,False
8,WINNING MOMENT,Bastoni,D,5.5,5.5,True,False
8,WINNING MOMENT,Pongracic,D,5.5,5.5,True,False
8,WINNING MOMENT,Kalulu,D,6.5,6.5,True,False
8,WINNING MOMENT,Nicolussi Caviglia,C,5.0,4.5,True,False
8,WINNING MOMENT,Zambo Anguissa,C,6.0,5.5,True,False
8,WINNING MOMENT,Barella,C,6.5,6.5,True,False
8,WINNING MOMENT,Sucic P.,C,5.5,5.5,True,False
8,WINNING MOMENT,Pasalic,C,5.5,5.5,True,False
8,WINNING MOMENT,Soulè,A,6.0,6.0,True,False
8,WINNING MOMENT,Bonny,A,5.5,5.5,True,False
8,WINNING MOMENT,Leali,P,6.0,5.0,False,True
8,WINNING MOMENT,Mancini,D,5.5,5.0,False,True
8,WINNING MOMENT,Sabelli,D,,,False,True
8,WINNING MOMENT,Tomori,D,,,False,True
8,WINNING MOMENT,Mandragora,C,5.0,5.0,False,True
8,WINNING MOMENT,Matic,C,6.5,6.5,False,True
8,WINNING MOMENT,McKennie,C,6.0,6.0,False,True
8,WINNING MOMENT,Bonazzoli,A,5.5,5.5,False,True
8,WINNING MOMENT,Nkunku,A,5.5,5.5,False,True
8,WINNING MOMENT,Benedyczak,A,6.0,6.0,False,True
8,ETHANANITA,Semper,P,6.5,4.5,True,False
8,ETHANANITA,Cambiaso,D,7.0,11.0,True,False
8,ETHANANITA,Dodò,D,5.5,5.5,True,False
8,ETHANANITA,Wesley,D,6.0,5.5,True,False
8,ETHANANITA,Dumfries,D,6.0,6.0,True,False
8,ETHANANITA,Neres,C,5.5,5.5,True,False
8,ETHANANITA,Vlasic,C,5.5,5.5,True,False
8,ETHANANITA,Da Cunha,C,6.0,6.0,True,False
8,ETHANANITA,Politano,C,5.5,5.0,True,False
8,ETHANANITA,Tourè I.,C,6.0,6.0,True,False
8,ETHANANITA,Openda,A,6.0,6.0,True,False
8,ETHANANITA,Scuffet,P,,,False,True
8,ETHANANITA,Maignan,P,7.0,10.0,False,True
8,ETHANANITA,Rrahmani,D,6.5,6.5,False,True
8,ETHANANITA,Joao Mario,D,,,False,True
8,ETHANANITA,Angori,D,6.0,6.0,False,True
8,ETHANANITA,Zemura,D,,,False,True
8,ETHANANITA,Bailey,C,5.5,5.5,False,True
8,ETHANANITA,Stanciu,C,,,False,True
8,ETHANANITA,Maldini,C,,,False,True
8,ETHANANITA,Esposito Se.,A,5.5,5.5,False,True
8,ETHANANITA,Krstovic,A,5.0,4.5,False,True
8,ETHANANITA,Davis K.,A,,,False,True
8,ETHANANITA,Zapata D.,A,5.5,5.5,False,True
8,ETHANANITA,Meister,A,5.5,5.5,False,True
8,TIGER REBELS,Svilar,P,7.0,6.0,True,False
8,TIGER REBELS,Acerbi,D,,,False,False
8,TIGER REBELS,Obert,D,,,False,False
8,TIGER REBELS,Pezzella Giu.,D,,,False,False
8,TIGER REBELS,Tiago Gabriel,D,6.5,6.5,True,False
8,TIGER REBELS,Masini,C,6.0,5.5,True,False
8,TIGER REBELS,McTominay,C,6.5,6.5,True,False
8,TIGER REBELS,Modric,C,6.5,6.5,True,False
8,TIGER REBELS,Zalewski,C,5.0,5.0,True,False
8,TIGER REBELS,Lookman,A,5.5,5.5,True,False
8,TIGER REBELS,De Ketelaere,A,5.5,5.0,True,False
8,TIGER REBELS,Gollini,P,,,False,True
8,TIGER REBELS,Terracciano F.,D,5.0,5.0,True,True
8,TIGER REBELS,Valle,D,6.0,6.0,True,True
8,TIGER REBELS,Miranda J.,D,7.0,10.0,True,True
8,TIGER REBELS,Vasquez D.,P,,,False,True
8,TIGER REBELS,Pellegrini Lo.,C,6.0,6.0,False,True
8,TIGER REBELS,El Shaarawy,C,,,False,True
8,TIGER REBELS,Brescianini,C,,,False,True
8,TIGER REBELS,Dybala,A,5.0,3.0,False,True
8,TIGER REBELS,Dzeko,A,5.0,5.0,False,True
8,TIGER REBELS,Almqvist,A,,,False,True
8,TIGER REBELS,Rodriguez Je.,A,,,False,True
8,BOVE,Skorupski,P,6.0,5.0,True,False
8,BOVE,Dimarco,D,6.0,6.0,True,False
8,BOVE,Akanji,D,6.0,6.0,True,False
8,BOVE,Heggem,D,6.0,6.0,True,False
8,BOVE,Pavlovic,D,7.5,11.5,True,False
8,BOVE,Bernardeschi,C,,,False,False
8,BOVE,Gudmundsson A.,C,5.5,5.5,True,False
8,BOVE,Isaksen,C,7.0,11.0,True,False
8,BOVE,David,A,,,False,False
8,BOVE,Kean,A,5.0,4.5,True,False
8,BOVE,Simeone,A,6.5,9.5,True,False
8,BOVE,Ravaglia F.,P,,,False,True
8,BOVE,Sava,P,,,False,True
8,BOVE,Vitik,D,,,False,True
8,BOVE,Gabbia,D,6.5,6.5,False,True
8,BOVE,Beukema,D,,,False,True
8,BOVE,Rensch,D,,,False,True
8,BOVE,Frattesi,C,,,False,True
8,BOVE,Thorstvedt,C,6.5,6.5,True,True
8,BOVE,Stengs,C,,,False,True
8,BOVE,Rabiot,C,,,False,True
8,BOVE,Ndour,C,4.5,4.5,False,True
8,BOVE,Pellegrino M.,A,6.0,6.0,True,True
8,BOVE,Kuhn,A,,,False,True
8,BOVE,Giovane,A,7.0,10.0,False,True
8,BJ EASTONE FC,Butez,P,6.0,7.0,True,False
8,BJ EASTONE FC,Gosens,D,,,False,False
8,BJ EASTONE FC,Smolcic I.,D,6.5,6.0,True,False
8,BJ EASTONE FC,Ramon,D,6.5,6.5,True,False
8,BJ EASTONE FC,De Winter,D,5.5,5.5,True,False
8,BJ EASTONE FC,Paz N.,C,5.5,5.5,True,False
8,BJ EASTONE FC,Konè M.,C,6.0,6.0,True,False
8,BJ EASTONE FC,Fofana Y.,C,5.5,5.0,True,False
8,BJ EASTONE FC,Odgaard,C,6.0,6.0,True,False
8,BJ EASTONE FC,Conceicao,C,6.0,6.0,True,False
8,BJ EASTONE FC,Vlahovic,A,6.5,6.5,True,False
8,BJ EASTONE FC,Cavlina,P,,,False,True
8,BJ EASTONE FC,Bisseck,D,6.0,5.5,True,True
8,BJ EASTONE FC,Veiga D.,D,6.0,5.5,False,True
8,BJ EASTONE FC,Odogu,D,,,False,True
8,BJ EASTONE FC,Kristensen T.,D,,,False,True
8,BJ EASTONE FC,Adzic,C,,,False,True
8,BJ EASTONE FC,Luis Henrique,C,5.5,5.5,False,True
8,BJ EASTONE FC,Vergara,C,,,False,True
8,BJ EASTONE FC,Ekhator,A,,,False,True
8,BJ EASTONE FC,Ferguson E.,A,,,False,True
8,BJ EASTONE FC,Gueye,A,,,False,True
8,BJ EASTONE FC,Ambrosino,A,,,False,True
8,BJ EASTONE FC,Njie,A,,,False,True
8,BJ EASTONE FC,Okoye,P,6.0,7.0,False,True
8,VENI VIDI VICI,Carnesecchi,P,6.5,5.5,True,False
8,VENI VIDI VICI,Delprato,D,5.5,5.5,True,False
8,VENI VIDI VICI,Cuadrado,D,,,False,False
8,VENI VIDI VICI,Carlos Augusto,D,6.0,6.0,True,False
8,VENI VIDI VICI,N'Dicka,D,5.5,5.5,True,False
8,VENI VIDI VICI,Volpato,C,,,False,False
8,VENI VIDI VICI,Vandeputte,C,6.0,6.0,True,False
8,VENI VIDI VICI,Konè I.,C,6.5,6.5,True,False
8,VENI VIDI VICI,Martinez L.,A,5.5,5.5,True,False
8,VENI VIDI VICI,Esposito F.P.,A,6.0,6.0,True,False
8,VENI VIDI VICI,Thuram,A,,,False,False
8,VENI VIDI VICI,Rossi F.,P,,,False,True
8,VENI VIDI VICI,Sportiello,P,,,False,True
8,VENI VIDI VICI,Biraghi,D,6.0,6.0,True,True
8,VENI VIDI VICI,Valeri,D,,,False,True
8,VENI VIDI VICI,Tavares N.,D,,,False,True
8,VENI VIDI VICI,Lovik,D,,,False,True
8,VENI VIDI VICI,Rowe,C,6.5,6.5,True,True
8,VENI VIDI VICI,Mkhitaryan,C,,,False,True
8,VENI VIDI VICI,Fabbian,C,6.0,6.0,False,True
8,VENI VIDI VICI,Gaetano,C,5.5,5.0,False,True
8,VENI VIDI VICI,Carboni V.,C,,,False,True
8,VENI VIDI VICI,Moreo,A,7.5,12.5,True,True
8,VENI VIDI VICI,Camarda,A,,,False,True
8,VENI VIDI VICI,Piccoli,A,5.0,5.0,False,True
8,FANTA GPT,Milinkovic-Savic V.,P,7.0,10.0,True,False
8,FANTA GPT,Estupinan,D,,,False,False
8,FANTA GPT,Gatti,D,5.0,5.0,True,False
8,FANTA GPT,Gila,D,6.5,6.5,True,False
8,FANTA GPT,Zappacosta,D,5.5,5.5,True,False
8,FANTA GPT,Koopmeiners,C,6.0,6.0,True,False
8,FANTA GPT,Samardzic,C,5.5,5.5,True,False
8,FANTA GPT,Asllani,C,,,False,False
8,FANTA GPT,Bernabè,C,7.0,10.0,True,False
8,FANTA GPT,Dovbyk,A,5.5,5.5,True,False
8,FANTA GPT,Leao,A,6.5,7.5,True,False
8,FANTA GPT,Luperto,D,5.0,5.0,True,True
8,FANTA GPT,Tsimikas,D,,,False,True
8,FANTA GPT,Martin,D,6.5,7.5,False,True
8,FANTA GPT,Norton-Cuffy,D,7.0,7.0,False,True
8,FANTA GPT,Thuram K.,C,6.0,6.0,True,True
8,FANTA GPT,Vazquez,C,6.5,6.5,False,True
8,FANTA GPT,Zerbin,C,,,False,True
8,FANTA GPT,Freuler,C,6.0,6.0,False,True
8,FANTA GPT,Gimenez,A,,,False,True
8,FANTA GPT,Morata,A,5.0,3.0,False,True
8,FANTA GPT,Colombo,A,5.0,5.0,False,True
8,FANTA GPT,Castellanos,A,,,False,True
8,FANTA GPT,Meret,P,,,False,True
8,FANTA GPT,Contini,P,,,False,True
8,TEAM ASRSUPERJULIAN,Sommer,P,5.5,4.5,True,False
8,TEAM ASRSUPERJULIAN,Di Lorenzo,D,5.5,5.5,True,False
8,TEAM ASRSUPERJULIAN,Solet,D,6.5,6.5,True,False
8,TEAM ASRSUPERJULIAN,Gaspar K.,D,6.5,6.5,True,False
8,TEAM ASRSUPERJULIAN,Zortea,D,,,False,False
8,TEAM ASRSUPERJULIAN,Kostic,C,7.0,10.0,True,False
8,TEAM ASRSUPERJULIAN,Zaccagni,C,7.0,10.0,True,False
8,TEAM ASRSUPERJULIAN,Orsolini,C,6.0,6.0,True,False
8,TEAM ASRSUPERJULIAN,Scamacca,A,5.5,5.5,True,False
8,TEAM ASRSUPERJULIAN,Pinamonti,A,5.5,5.5,True,False
8,TEAM ASRSUPERJULIAN,Diao,A,6.5,6.5,True,False
8,TEAM ASRSUPERJULIAN,Provedel,P,6.0,7.0,False,True
8,TEAM ASRSUPERJULIAN,Mandas,P,,,False,True
8,TEAM ASRSUPERJULIAN,Van Der Brempt,D,,,False,True
8,TEAM ASRSUPERJULIAN,Ziolkowski,D,,,False,True
8,TEAM ASRSUPERJULIAN,Palma,D,6.5,6.5,True,True
8,TEAM ASRSUPERJULIAN,Scalvini,D,,,False,True
8,TEAM ASRSUPERJULIAN,Bondo,C,5.5,5.5,False,True
8,TEAM ASRSUPERJULIAN,De Bruyne,C,,,False,True
8,TEAM ASRSUPERJULIAN,Kaba,C,,,False,True
8,TEAM ASRSUPERJULIAN,Onana J.,C,,,False,True
8,TEAM ASRSUPERJULIAN,Ilkhan,C,,,False,True
8,TEAM ASRSUPERJULIAN,Lang,A,6.0,6.0,False,True
8,TEAM ASRSUPERJULIAN,Adams C.,A,7.0,11.0,False,True
8,TEAM ASRSUPERJULIAN,Cancellieri,A,,,False,True
8,KKK,De Gea,P,6.0,5.0,True,False
8,KKK,Vojvoda,D,,,False,False
8,KKK,Palestra,D,6.0,6.0,True,False
8,KKK,Hermoso,D,6.5,6.0,True,False
8,KKK,Bellanova,D,6.0,6.0,True,False
8,KKK,Atta,C,7.0,7.0,True,False
8,KKK,Casadei,C,5.5,5.0,True,False
8,KKK,Locatelli,C,7.0,7.0,True,False
8,KKK,Vardy,A,7.0,10.0,True,False
8,KKK,Douvikas,A,,,False,False
8,KKK,Hojlund,A,5.5,5.5,True,False
8,KKK,Martinelli T.,P,,,False,True
8,KKK,Juan Jesus,D,,,False,True
8,KKK,Olivera,D,,,False,True
8,KKK,Gutierrez,D,6.0,6.0,True,True
8,KKK,Loftus-Cheek,C,,,False,True
8,KKK,Pulisic,C,,,False,True
8,KKK,Rovella,C,,,False,True
8,KKK,Zhegrova,C,,,False,True
8,KKK,Tramoni M.,C,,,False,True
8,KKK,Lucca,A,,,False,True
8,KKK,Cutrone,A,5.5,5.5,True,True
8,KKK,Falcone,P,7.0,8.0,False,True
8,KKK,Sanabria,A,,,False,True
8,KKK,Kelly L.,D,,,False,True
9,BJ EASTONE FC,Butez,P,6.5,7.5,True,False
9,BJ EASTONE FC,Gosens,D,,,False,False
9,BJ EASTONE FC,Smolcic I.,D,6.0,6.0,True,False
9,BJ EASTONE FC,Ramon,D,6.5,6.5,True,False
9,BJ EASTONE FC,De Winter,D,5.5,5.5,True,False
9,BJ EASTONE FC,Paz N.,C,6.5,6.5,True,False
9,BJ EASTONE FC,Konè M.,C,6.5,6.5,True,False
9,BJ EASTONE FC,Fofana Y.,C,5.0,5.0,True,False
9,BJ EASTONE FC,Odgaard,C,6.0,6.0,True,False
9,BJ EASTONE FC,Conceicao,C,6.0,6.0,True,False
9,BJ EASTONE FC,Vlahovic,A,5.5,5.5,True,False
9,BJ EASTONE FC,Cavlina,P,,,False,True
9,BJ EASTONE FC,Bisseck,D,,,False,True
9,BJ EASTONE FC,Veiga D.,D,6.0,6.0,True,True
9,BJ EASTONE FC,Odogu,D,,,False,True
9,BJ EASTONE FC,Kristensen T.,D,,,False,True
9,BJ EASTONE FC,Adzic,C,,,False,True
9,BJ EASTONE FC,Luis Henrique,C,,,False,True
9,BJ EASTONE FC,Vergara,C,,,False,True
9,BJ EASTONE FC,Ekhator,A,6.0,6.0,False,True
9,BJ EASTONE FC,Ferguson E.,A,,,False,True
9,BJ EASTONE FC,Gueye,A,,,False,True
9,BJ EASTONE FC,Ambrosino,A,,,False,True
9,BJ EASTONE FC,Njie,A,,,False,True
9,BJ EASTONE FC,Okoye,P,6.0,4.0,False,True
9,TEAM ASRSUPERJULIAN,Sommer,P,6.0,7.0,True,False
9,TEAM ASRSUPERJULIAN,Di Lorenzo,D,5.0,5.0,True,False
9,TEAM ASRSUPERJULIAN,Solet,D,5.5,5.5,True,False
9,TEAM ASRSUPERJULIAN,Gaspar K.,D,6.0,6.0,True,False
9,TEAM ASRSUPERJULIAN,Zortea,D,,,False,False
9,TEAM ASRSUPERJULIAN,Kostic,C,,,False,False
9,TEAM ASRSUPERJULIAN,Zaccagni,C,6.5,6.0,True,False
9,TEAM ASRSUPERJULIAN,Orsolini,C,6.0,5.5,True,False
9,TEAM ASRSUPERJULIAN,Scamacca,A,5.5,5.5,True,False
9,TEAM ASRSUPERJULIAN,Pinamonti,A,7.5,10.5,True,False
9,TEAM ASRSUPERJULIAN,Diao,A,5.0,5.0,True,False
9,TEAM ASRSUPERJULIAN,Provedel,P,6.0,4.0,False,True
9,TEAM ASRSUPERJULIAN,Mandas,P,,,False,True
9,TEAM ASRSUPERJULIAN,Van Der Brempt,D,,,False,True
9,TEAM ASRSUPERJULIAN,Ziolkowski,D,,,False,True
9,TEAM ASRSUPERJULIAN,Palma,D,5.5,5.5,True,True
9,TEAM ASRSUPERJULIAN,Scalvini,D,,,False,True
9,TEAM ASRSUPERJULIAN,Bondo,C,6.0,6.0,True,True
9,TEAM ASRSUPERJULIAN,De Bruyne,C,,,False,True
9,TEAM ASRSUPERJULIAN,Kaba,C,,,False,True
9,TEAM ASRSUPERJULIAN,Onana J.,C,,,False,True
9,TEAM ASRSUPERJULIAN,Ilkhan,C,,,False,True
9,TEAM ASRSUPERJULIAN,Adams C.,A,6.0,6.0,False,True
9,TEAM ASRSUPERJULIAN,Cancellieri,A,,,False,True
9,TEAM ASRSUPERJULIAN,Lang,A,5.5,5.0,False,True
9,TIGER REBELS,Svilar,P,6.5,7.5,True,False
9,TIGER REBELS,Acerbi,D,6.0,6.0,True,False
9,TIGER REBELS,Obert,D,5.5,5.5,True,False
9,TIGER REBELS,Pezzella Giu.,D,,,False,False
9,TIGER REBELS,Tiago Gabriel,D,6.5,6.5,True,False
9,TIGER REBELS,Masini,C,6.0,6.0,True,False
9,TIGER REBELS,McTominay,C,5.5,5.5,True,False
9,TIGER REBELS,Modric,C,6.0,5.5,True,False
9,TIGER REBELS,Zalewski,C,,,False,False
9,TIGER REBELS,Lookman,A,5.0,5.0,True,False
9,TIGER REBELS,De Ketelaere,A,5.5,5.5,True,False
9,TIGER REBELS,Gollini,P,,,False,True
9,TIGER REBELS,Terracciano F.,D,6.0,5.5,True,True
9,TIGER REBELS,Valle,D,6.5,6.5,False,True
9,TIGER REBELS,Miranda J.,D,6.5,6.5,False,True
9,TIGER REBELS,Vasquez D.,P,,,False,True
9,TIGER REBELS,Pellegrini Lo.,C,7.0,9.5,True,True
9,TIGER REBELS,El Shaarawy,C,6.0,6.0,False,True
9,TIGER REBELS,Brescianini,C,,,False,True
9,TIGER REBELS,Dybala,A,,,False,True
9,TIGER REBELS,Dzeko,A,6.0,6.0,False,True
9,TIGER REBELS,Almqvist,A,,,False,True
9,TIGER REBELS,Rodriguez Je.,A,6.0,6.0,False,True
9,DARTH VADER,Di Gregorio,P,6.5,7.5,True,False
9,DARTH VADER,Vasquez,D,5.5,5.5,True,False
9,DARTH VADER,Baschirotto,D,5.5,5.5,True,False
9,DARTH VADER,Buongiorno,D,5.5,5.5,True,False
9,DARTH VADER,Gallo,D,7.0,7.0,True,False
9,DARTH VADER,Ederson D.S.,C,5.5,5.5,True,False
9,DARTH VADER,Calhanoglu,C,6.5,6.5,True,False
9,DARTH VADER,Saelemaekers,C,7.0,10.0,True,False
9,DARTH VADER,Yildiz,A,6.0,6.0,True,False
9,DARTH VADER,Orban G.,A,6.0,6.0,True,False
9,DARTH VADER,Berardi,A,8.5,15.5,True,False
9,DARTH VADER,Perin,P,,,False,True
9,DARTH VADER,Pinsoglio,P,,,False,True
9,DARTH VADER,Zanoli,D,5.5,5.5,False,True
9,DARTH VADER,Ranieri L.,D,5.0,4.5,False,True
9,DARTH VADER,Canestrelli,D,6.0,6.0,False,True
9,DARTH VADER,Bremer,D,,,False,True
9,DARTH VADER,Guendouzi,C,5.5,5.5,False,True
9,DARTH VADER,Folorunsho,C,5.5,5.5,False,True
9,DARTH VADER,Zielinski,C,6.5,6.5,False,True
9,DARTH VADER,Frendrup,C,6.0,6.0,False,True
9,DARTH VADER,Oristanio,C,,,False,True
9,DARTH VADER,Castro S.,A,,,False,True
9,DARTH VADER,Stulic,A,5.5,5.5,False,True
9,DARTH VADER,Ngonge,A,6.0,6.0,False,True
9,WINNING MOMENT,Leali,P,6.5,4.5,True,False
9,WINNING MOMENT,Bastoni,D,6.5,7.5,True,False
9,WINNING MOMENT,Kalulu,D,6.5,6.5,True,False
9,WINNING MOMENT,Mancini,D,6.5,7.5,True,False
9,WINNING MOMENT,Pasalic,C,4.5,4.5,True,False
9,WINNING MOMENT,Barella,C,6.5,6.5,True,False
9,WINNING MOMENT,Zambo Anguissa,C,5.5,5.5,True,False
9,WINNING MOMENT,Nicolussi Caviglia,C,5.5,5.5,True,False
9,WINNING MOMENT,Sucic P.,C,6.0,5.5,True,False
9,WINNING MOMENT,Soulè,A,6.0,6.0,True,False
9,WINNING MOMENT,Bonazzoli,A,6.0,6.0,True,False
9,WINNING MOMENT,Caprile,P,7.0,8.0,False,True
9,WINNING MOMENT,Radunovic,P,,,False,True
9,WINNING MOMENT,Tomori,D,,,False,True
9,WINNING MOMENT,Pongracic,D,5.5,5.0,False,True
9,WINNING MOMENT,Sabelli,D,,,False,True
9,WINNING MOMENT,McKennie,C,6.0,6.0,False,True
9,WINNING MOMENT,Mandragora,C,5.5,5.5,False,True
9,WINNING MOMENT,Matic,C,7.0,7.0,False,True
9,WINNING MOMENT,Bonny,A,7.0,10.0,False,True
9,WINNING MOMENT,Nkunku,A,6.0,7.0,False,True
9,WINNING MOMENT,Benedyczak,A,,,False,True
9,WINNING MOMENT,Arena A.,A,,,False,True
9,WINNING MOMENT,Darmian,D,,,False,True
9,WINNING MOMENT,Angelino,D,,,False,True
9,VENI VIDI VICI,Carnesecchi,P,5.0,2.0,True,False
9,VENI VIDI VICI,Delprato,D,7.5,11.5,True,False
9,VENI VIDI VICI,Cuadrado,D,6.0,6.0,True,False
9,VENI VIDI VICI,Carlos Augusto,D,6.5,6.5,True,False
9,VENI VIDI VICI,N'Dicka,D,6.0,6.0,True,False
9,VENI VIDI VICI,Volpato,C,,,False,False
9,VENI VIDI VICI,Vandeputte,C,6.5,6.5,True,False
9,VENI VIDI VICI,Konè I.,C,7.0,7.0,True,False
9,VENI VIDI VICI,Martinez L.,A,7.0,11.0,True,False
9,VENI VIDI VICI,Esposito F.P.,A,,,False,False
9,VENI VIDI VICI,Thuram,A,6.0,6.0,True,False
9,VENI VIDI VICI,Rossi F.,P,,,False,True
9,VENI VIDI VICI,Sportiello,P,,,False,True
9,VENI VIDI VICI,Biraghi,D,,,False,True
9,VENI VIDI VICI,Valeri,D,6.0,6.0,False,True
9,VENI VIDI VICI,Tavares N.,D,,,False,True
9,VENI VIDI VICI,Lovik,D,5.5,5.5,False,True
9,VENI VIDI VICI,Rowe,C,6.0,6.0,True,True
9,VENI VIDI VICI,Mkhitaryan,C,,,False,True
9,VENI VIDI VICI,Fabbian,C,,,False,True
9,VENI VIDI VICI,Gaetano,C,6.0,6.0,False,True
9,VENI VIDI VICI,Carboni V.,C,6.0,6.0,False,True
9,VENI VIDI VICI,Moreo,A,5.5,5.5,True,True
9,VENI VIDI VICI,Camarda,A,6.0,6.0,False,True
9,VENI VIDI VICI,Piccoli,A,7.0,10.0,False,True
9,KKK,De Gea,P,6.5,6.5,True,False
9,KKK,Vojvoda,D,,,False,False
9,KKK,Olivera,D,,,False,False
9,KKK,Bellanova,D,5.0,5.0,True,False
9,KKK,Atta,C,5.5,5.5,True,False
9,KKK,Casadei,C,6.0,6.0,True,False
9,KKK,Locatelli,C,6.0,6.0,True,False
9,KKK,Pulisic,C,5.5,5.5,True,False
9,KKK,Vardy,A,5.5,5.5,True,False
9,KKK,Douvikas,A,5.5,5.5,True,False
9,KKK,Hojlund,A,5.0,4.5,True,False
9,KKK,Martinelli T.,P,,,False,True
9,KKK,Hermoso,D,6.5,6.5,True,True
9,KKK,Palestra,D,6.5,6.5,True,True
9,KKK,Juan Jesus,D,,,False,True
9,KKK,Gutierrez,D,5.5,5.5,False,True
9,KKK,Kelly L.,D,,,False,True
9,KKK,Loftus-Cheek,C,6.0,6.0,False,True
9,KKK,Rovella,C,,,False,True
9,KKK,Zhegrova,C,6.0,6.0,False,True
9,KKK,Tramoni M.,C,6.5,7.5,False,True
9,KKK,Lucca,A,,,False,True
9,KKK,Cutrone,A,6.0,6.0,False,True
9,KKK,Falcone,P,6.0,7.0,False,True
9,KKK,Sanabria,A,,,False,True
9,ETHANANITA,Maignan,P,6.0,4.0,True,False
9,ETHANANITA,Cambiaso,D,5.5,5.5,True,False
9,ETHANANITA,Rrahmani,D,5.0,5.0,True,False
9,ETHANANITA,Wesley,D,6.0,6.0,True,False
9,ETHANANITA,Dumfries,D,5.5,5.0,True,False
9,ETHANANITA,Neres,C,5.5,5.0,True,False
9,ETHANANITA,Vlasic,C,6.0,6.0,True,False
9,ETHANANITA,Da Cunha,C,,,False,False
9,ETHANANITA,Politano,C,5.0,5.0,True,False
9,ETHANANITA,Openda,A,,,False,False
9,ETHANANITA,Krstovic,A,5.0,5.0,True,False
9,ETHANANITA,Semper,P,6.5,7.5,False,True
9,ETHANANITA,Scuffet,P,,,False,True
9,ETHANANITA,Dodò,D,5.5,5.0,False,True
9,ETHANANITA,Joao Mario,D,,,False,True
9,ETHANANITA,Angori,D,,,False,True
9,ETHANANITA,Zemura,D,,,False,True
9,ETHANANITA,Tourè I.,C,7.0,11.0,True,True
9,ETHANANITA,Stanciu,C,,,False,True
9,ETHANANITA,Maldini,C,,,False,True
9,ETHANANITA,Bailey,C,,,False,True
9,ETHANANITA,Davis K.,A,6.0,6.0,True,True
9,ETHANANITA,Esposito Se.,A,5.5,5.5,False,True
9,ETHANANITA,Meister,A,,,False,True
9,ETHANANITA,Zapata D.,A,,,False,True
9,FANTA GPT,Milinkovic-Savic V.,P,5.5,3.5,True,False
9,FANTA GPT,Zappacosta,D,5.0,5.0,True,False
9,FANTA GPT,Gatti,D,6.0,6.0,True,False
9,FANTA GPT,Gila,D,5.5,5.5,True,False
9,FANTA GPT,Norton-Cuffy,D,6.0,6.0,True,False
9,FANTA GPT,Koopmeiners,C,6.0,6.0,True,False
9,FANTA GPT,Thuram K.,C,6.5,6.5,True,False
9,FANTA GPT,Samardzic,C,4.5,4.5,True,False
9,FANTA GPT,Morata,A,4.5,4.0,True,False
9,FANTA GPT,Dovbyk,A,6.0,6.0,True,False
9,FANTA GPT,Leao,A,7.0,9.0,True,False
9,FANTA GPT,Tsimikas,D,,,False,True
9,FANTA GPT,Martin,D,6.5,7.0,False,True
9,FANTA GPT,Luperto,D,6.5,6.5,False,True
9,FANTA GPT,Estupinan,D,5.0,5.0,False,True
9,FANTA GPT,Vazquez,C,6.5,6.5,False,True
9,FANTA GPT,Bernabè,C,7.0,10.0,False,True
9,FANTA GPT,Asllani,C,6.0,5.5,False,True
9,FANTA GPT,Zerbin,C,,,False,True
9,FANTA GPT,Freuler,C,,,False,True
9,FANTA GPT,Gimenez,A,,,False,True
9,FANTA GPT,Colombo,A,5.5,7.5,False,True
9,FANTA GPT,Castellanos,A,,,False,True
9,FANTA GPT,Meret,P,,,False,True
9,FANTA GPT,Contini,P,,,False,True
9,BOVE,Skorupski,P,,,False,False
9,BOVE,Dimarco,D,7.0,8.0,True,False
9,BOVE,Akanji,D,6.0,5.5,True,False
9,BOVE,Gabbia,D,6.0,6.0,True,False
9,BOVE,Pavlovic,D,5.5,5.5,True,False
9,BOVE,Thorstvedt,C,6.5,7.5,True,False
9,BOVE,Gudmundsson A.,C,7.0,9.0,True,False
9,BOVE,Isaksen,C,5.5,5.5,True,False
9,BOVE,Giovane,A,5.5,5.5,True,False
9,BOVE,Kean,A,,,False,False
9,BOVE,David,A,5.5,5.5,True,False
9,BOVE,Ravaglia F.,P,,,False,True
9,BOVE,Sava,P,,,False,True
9,BOVE,Heggem,D,6.5,6.5,False,True
9,BOVE,Vitik,D,,,False,True
9,BOVE,Beukema,D,,,False,True
9,BOVE,Rensch,D,,,False,True
9,BOVE,Frattesi,C,,,False,True
9,BOVE,Bernardeschi,C,6.5,6.5,False,True
9,BOVE,Ndour,C,6.0,6.0,False,True
9,BOVE,Stengs,C,,,False,True
9,BOVE,Rabiot,C,,,False,True
9,BOVE,Pellegrino M.,A,6.5,6.5,True,True
9,BOVE,Simeone,A,6.0,6.0,False,True
9,BOVE,Kuhn,A,6.0,6.0,False,True
10,DARTH VADER,Di Gregorio,P,6.0,5.0,True,False
10,DARTH VADER,Vasquez,D,5.5,5.5,True,False
10,DARTH VADER,Baschirotto,D,5.5,5.5,True,False
10,DARTH VADER,Buongiorno,D,6.5,6.5,True,False
10,DARTH VADER,Gallo,D,5.5,5.5,True,False
10,DARTH VADER,Ederson D.S.,C,6.0,6.0,True,False
10,DARTH VADER,Calhanoglu,C,4.5,2.0,True,False
10,DARTH VADER,Saelemaekers,C,6.5,6.5,True,False
10,DARTH VADER,Yildiz,A,6.0,6.0,True,False
10,DARTH VADER,Castro S.,A,5.5,5.5,True,False
10,DARTH VADER,Berardi,A,5.5,5.5,True,False
10,DARTH VADER,Perin,P,,,False,True
10,DARTH VADER,Pinsoglio,P,,,False,True
10,DARTH VADER,Zanoli,D,5.5,5.5,False,True
10,DARTH VADER,Ranieri L.,D,6.0,6.0,False,True
10,DARTH VADER,Canestrelli,D,6.0,6.0,False,True
10,DARTH VADER,Bremer,D,,,False,True
10,DARTH VADER,Folorunsho,C,6.0,6.0,False,True
10,DARTH VADER,Guendouzi,C,7.0,10.5,False,True
10,DARTH VADER,Zielinski,C,6.0,6.0,False,True
10,DARTH VADER,Frendrup,C,6.5,6.5,False,True
10,DARTH VADER,Oristanio,C,,,False,True
10,DARTH VADER,Orban G.,A,6.0,6.0,False,True
10,DARTH VADER,Stulic,A,5.5,5.5,False,True
10,DARTH VADER,Ngonge,A,5.5,5.5,False,True
10,BJ EASTONE FC,Butez,P,6.0,5.0,True,False
10,BJ EASTONE FC,Gosens,D,,,False,False
10,BJ EASTONE FC,Smolcic I.,D,6.0,5.5,True,False
10,BJ EASTONE FC,Ramon,D,7.0,10.0,True,False
10,BJ EASTONE FC,Paz N.,C,7.0,10.0,True,False
10,BJ EASTONE FC,Konè M.,C,6.5,7.5,True,False
10,BJ EASTONE FC,Fofana Y.,C,6.5,6.5,True,False
10,BJ EASTONE FC,Odgaard,C,,,False,False
10,BJ EASTONE FC,Conceicao,C,6.5,6.5,True,False
10,BJ EASTONE FC,Vlahovic,A,5.5,6.0,True,False
10,BJ EASTONE FC,Ferguson E.,A,7.0,11.0,True,False
10,BJ EASTONE FC,Cavlina,P,,,False,True
10,BJ EASTONE FC,Bisseck,D,,,False,True
10,BJ EASTONE FC,De Winter,D,,,False,True
10,BJ EASTONE FC,Veiga D.,D,5.5,5.5,True,True
10,BJ EASTONE FC,Odogu,D,,,False,True
10,BJ EASTONE FC,Kristensen T.,D,,,False,True
10,BJ EASTONE FC,Adzic,C,,,False,True
10,BJ EASTONE FC,Luis Henrique,C,,,False,True
10,BJ EASTONE FC,Vergara,C,,,False,True
10,BJ EASTONE FC,Ekhator,A,,,False,True
10,BJ EASTONE FC,Gueye,A,,,False,True
10,BJ EASTONE FC,Ambrosino,A,,,False,True
10,BJ EASTONE FC,Njie,A,5.0,5.0,False,True
10,BJ EASTONE FC,Okoye,P,5.5,4.5,False,True
10,ETHANANITA,Semper,P,6.5,4.5,True,False
10,ETHANANITA,Cambiaso,D,6.0,6.0,True,False
10,ETHANANITA,Rrahmani,D,6.0,6.0,True,False
10,ETHANANITA,Wesley,D,7.0,10.0,True,False
10,ETHANANITA,Dodò,D,5.5,5.5,True,False
10,ETHANANITA,Neres,C,7.5,14.5,True,False
10,ETHANANITA,Tourè I.,C,6.0,6.0,True,False
10,ETHANANITA,Da Cunha,C,7.0,7.0,True,False
10,ETHANANITA,Politano,C,6.0,6.0,True,False
10,ETHANANITA,Davis K.,A,5.5,5.5,True,False
10,ETHANANITA,Openda,A,,,False,False
10,ETHANANITA,Maignan,P,8.0,11.0,False,True
10,ETHANANITA,Scuffet,P,,,False,True
10,ETHANANITA,Dumfries,D,,,False,True
10,ETHANANITA,Angori,D,6.0,6.0,False,True
10,ETHANANITA,Joao Mario,D,,,False,True
10,ETHANANITA,Zemura,D,6.0,6.0,False,True
10,ETHANANITA,Vlasic,C,7.0,9.0,False,True
10,ETHANANITA,Maldini,C,,,False,True
10,ETHANANITA,Stanciu,C,,,False,True
10,ETHANANITA,Bailey,C,,,False,True
10,ETHANANITA,Zapata D.,A,5.0,5.0,True,True
10,ETHANANITA,Krstovic,A,,,False,True
10,ETHANANITA,Esposito Se.,A,7.0,10.0,False,True
10,ETHANANITA,Meister,A,7.0,10.0,False,True
10,BOVE,Ravaglia F.,P,6.5,7.5,True,False
10,BOVE,Dimarco,D,6.5,6.5,True,False
10,BOVE,Pavlovic,D,6.0,5.5,True,False
10,BOVE,Heggem,D,6.5,6.5,True,False
10,BOVE,Thorstvedt,C,7.0,10.5,True,False
10,BOVE,Rabiot,C,6.5,6.5,True,False
10,BOVE,Gudmundsson A.,C,6.0,6.0,True,False
10,BOVE,Isaksen,C,6.5,6.5,True,False
10,BOVE,Giovane,A,5.5,8.0,True,False
10,BOVE,Kean,A,7.0,8.0,True,False
10,BOVE,Pellegrino M.,A,7.5,14.0,True,False
10,BOVE,Skorupski,P,,,False,True
10,BOVE,Sava,P,,,False,True
10,BOVE,Rensch,D,,,False,True
10,BOVE,Akanji,D,5.5,5.5,False,True
10,BOVE,Gabbia,D,6.0,6.0,False,True
10,BOVE,Vitik,D,,,False,True
10,BOVE,Beukema,D,6.5,6.5,False,True
10,BOVE,Bernardeschi,C,6.5,9.5,False,True
10,BOVE,Frattesi,C,,,False,True
10,BOVE,Ndour,C,6.0,6.0,False,True
10,BOVE,Stengs,C,,,False,True
10,BOVE,David,A,,,False,True
10,BOVE,Kuhn,A,,,False,True
10,BOVE,Simeone,A,,,False,True
10,WINNING MOMENT,Leali,P,6.0,3.0,True,False
10,WINNING MOMENT,Bastoni,D,6.0,6.0,True,False
10,WINNING MOMENT,Kalulu,D,6.0,6.0,True,False
10,WINNING MOMENT,Mancini,D,6.0,6.0,True,False
10,WINNING MOMENT,Pasalic,C,5.0,5.0,True,False
10,WINNING MOMENT,Barella,C,6.0,6.0,True,False
10,WINNING MOMENT,Zambo Anguissa,C,,,False,False
10,WINNING MOMENT,Nicolussi Caviglia,C,,,False,False
10,WINNING MOMENT,Sucic P.,C,6.0,6.0,True,False
10,WINNING MOMENT,Soulè,A,7.0,10.0,True,False
10,WINNING MOMENT,Bonazzoli,A,6.0,6.0,True,False
10,WINNING MOMENT,Caprile,P,5.0,2.0,False,True
10,WINNING MOMENT,Radunovic,P,,,False,True
10,WINNING MOMENT,Tomori,D,6.5,6.5,False,True
10,WINNING MOMENT,Pongracic,D,6.0,6.0,False,True
10,WINNING MOMENT,Sabelli,D,,,False,True
10,WINNING MOMENT,McKennie,C,6.0,5.5,True,True
10,WINNING MOMENT,Mandragora,C,7.0,10.5,True,True
10,WINNING MOMENT,Matic,C,7.0,10.0,False,True
10,WINNING MOMENT,Bonny,A,5.5,5.5,False,True
10,WINNING MOMENT,Nkunku,A,6.0,6.0,False,True
10,WINNING MOMENT,Benedyczak,A,6.0,6.0,False,True
10,WINNING MOMENT,Arena A.,A,,,False,True
10,WINNING MOMENT,Darmian,D,,,False,True
10,WINNING MOMENT,Angelino,D,,,False,True
10,FANTA GPT,Milinkovic-Savic V.,P,6.0,5.0,True,False
10,FANTA GPT,Martin,D,6.5,10.5,True,False
10,FANTA GPT,Gatti,D,,,False,False
10,FANTA GPT,Gila,D,6.0,6.0,True,False
10,FANTA GPT,Luperto,D,5.5,5.0,True,False
10,FANTA GPT,Norton-Cuffy,D,4.5,3.5,True,False
10,FANTA GPT,Koopmeiners,C,5.5,5.5,True,False
10,FANTA GPT,Thuram K.,C,5.5,5.5,True,False
10,FANTA GPT,Vazquez,C,6.0,7.0,True,False
10,FANTA GPT,Bernabè,C,6.0,6.0,True,False
10,FANTA GPT,Leao,A,5.0,4.5,True,False
10,FANTA GPT,Meret,P,,,False,True
10,FANTA GPT,Contini,P,,,False,True
10,FANTA GPT,Zappacosta,D,5.5,5.0,True,True
10,FANTA GPT,Tsimikas,D,,,False,True
10,FANTA GPT,Estupinan,D,,,False,True
10,FANTA GPT,Samardzic,C,6.0,6.0,False,True
10,FANTA GPT,Asllani,C,5.0,5.0,False,True
10,FANTA GPT,Zerbin,C,,,False,True
10,FANTA GPT,Freuler,C,,,False,True
10,FANTA GPT,Morata,A,6.0,6.0,False,True
10,FANTA GPT,Colombo,A,6.5,7.5,False,True
10,FANTA GPT,Gimenez,A,,,False,True
10,FANTA GPT,Castellanos,A,,,False,True
10,FANTA GPT,Dovbyk,A,,,False,True
10,KKK,Falcone,P,6.5,4.5,True,False
10,KKK,Vojvoda,D,6.0,6.0,True,False
10,KKK,Palestra,D,6.5,7.5,True,False
10,KKK,Bellanova,D,6.0,7.0,True,False
10,KKK,Atta,C,6.5,6.5,True,False
10,KKK,Casadei,C,5.5,5.5,True,False
10,KKK,Locatelli,C,6.5,6.5,True,False
10,KKK,Pulisic,C,7.0,11.0,True,False
10,KKK,Vardy,A,5.0,5.0,True,False
10,KKK,Douvikas,A,6.0,6.0,True,False
10,KKK,Hojlund,A,6.5,7.5,True,False
10,KKK,De Gea,P,6.5,5.5,False,True
10,KKK,Martinelli T.,P,,,False,True
10,KKK,Kelly L.,D,5.5,5.5,False,True
10,KKK,Gutierrez,D,6.0,6.0,False,True
10,KKK,Juan Jesus,D,6.0,5.5,False,True
10,KKK,Hermoso,D,,,False,True
10,KKK,Loftus-Cheek,C,,,False,True
10,KKK,Zhegrova,C,,,False,True
10,KKK,Tramoni M.,C,5.0,5.0,False,True
10,KKK,Rovella,C,,,False,True
10,KKK,Lucca,A,6.0,6.0,False,True
10,KKK,Cutrone,A,6.0,6.0,False,True
10,KKK,Sanabria,A,,,False,True
10,VENI VIDI VICI,Carnesecchi,P,5.5,2.5,True,False
10,VENI VIDI VICI,Delprato,D,5.5,5.0,True,False
10,VENI VIDI VICI,Cuadrado,D,,,False,False
10,VENI VIDI VICI,Carlos Augusto,D,6.0,6.0,True,False
10,VENI VIDI VICI,N'Dicka,D,6.5,6.5,True,False
10,VENI VIDI VICI,Gaetano,C,6.0,6.0,True,False
10,VENI VIDI VICI,Vandeputte,C,5.5,5.5,True,False
10,VENI VIDI VICI,Konè I.,C,6.5,6.5,True,False
10,VENI VIDI VICI,Martinez L.,A,6.0,6.0,True,False
10,VENI VIDI VICI,Esposito F.P.,A,,,False,False
10,VENI VIDI VICI,Thuram,A,6.5,6.5,True,False
10,VENI VIDI VICI,Rossi F.,P,,,False,True
10,VENI VIDI VICI,Sportiello,P,,,False,True
10,VENI VIDI VICI,Biraghi,D,,,False,True
10,VENI VIDI VICI,Valeri,D,6.0,6.0,True,True
10,VENI VIDI VICI,Tavares N.,D,,,False,True
10,VENI VIDI VICI,Lovik,D,5.5,5.5,False,True
10,VENI VIDI VICI,Rowe,C,,,False,True
10,VENI VIDI VICI,Mkhitaryan,C,,,False,True
10,VENI VIDI VICI,Fabbian,C,5.5,5.5,False,True
10,VENI VIDI VICI,Carboni V.,C,5.5,5.5,False,True
10,VENI VIDI VICI,Moreo,A,7.0,7.5,True,True
10,VENI VIDI VICI,Camarda,A,5.0,5.0,False,True
10,VENI VIDI VICI,Piccoli,A,5.0,5.0,False,True
10,VENI VIDI VICI,Volpato,C,6.5,7.5,False,True
10,TEAM ASRSUPERJULIAN,Sommer,P,5.5,4.5,True,False
10,TEAM ASRSUPERJULIAN,Di Lorenzo,D,6.5,7.5,True,False
10,TEAM ASRSUPERJULIAN,Solet,D,5.5,5.5,True,False
10,TEAM ASRSUPERJULIAN,Gaspar K.,D,6.0,6.0,True,False
10,TEAM ASRSUPERJULIAN,Zortea,D,6.0,6.0,True,False
10,TEAM ASRSUPERJULIAN,Kostic,C,7.0,10.0,True,False
10,TEAM ASRSUPERJULIAN,Zaccagni,C,6.5,6.5,True,False
10,TEAM ASRSUPERJULIAN,Orsolini,C,6.0,5.0,True,False
10,TEAM ASRSUPERJULIAN,Scamacca,A,7.0,10.0,True,False
10,TEAM ASRSUPERJULIAN,Pinamonti,A,5.0,5.0,True,False
10,TEAM ASRSUPERJULIAN,Adams C.,A,,,False,False
10,TEAM ASRSUPERJULIAN,Provedel,P,6.5,7.5,False,True
10,TEAM ASRSUPERJULIAN,Mandas,P,,,False,True
10,TEAM ASRSUPERJULIAN,Van Der Brempt,D,,,False,True
10,TEAM ASRSUPERJULIAN,Ziolkowski,D,5.5,5.0,False,True
10,TEAM ASRSUPERJULIAN,Palma,D,,,False,True
10,TEAM ASRSUPERJULIAN,Scalvini,D,,,False,True
10,TEAM ASRSUPERJULIAN,Bondo,C,5.5,5.0,False,True
10,TEAM ASRSUPERJULIAN,De Bruyne,C,,,False,True
10,TEAM ASRSUPERJULIAN,Kaba,C,6.0,6.0,False,True
10,TEAM ASRSUPERJULIAN,Onana J.,C,,,False,True
10,TEAM ASRSUPERJULIAN,Ilkhan,C,,,False,True
10,TEAM ASRSUPERJULIAN,Cancellieri,A,,,False,True
10,TEAM ASRSUPERJULIAN,Lang,A,7.0,10.0,True,True
10,TEAM ASRSUPERJULIAN,Diao,A,,,False,True
10,TIGER REBELS,Svilar,P,7.0,6.0,True,False
10,TIGER REBELS,Acerbi,D,6.5,6.5,True,False
10,TIGER REBELS,Obert,D,,,False,False
10,TIGER REBELS,Pezzella Giu.,D,5.0,5.0,True,False
10,TIGER REBELS,Tiago Gabriel,D,5.0,5.0,True,False
10,TIGER REBELS,Masini,C,,,False,False
10,TIGER REBELS,McTominay,C,7.0,8.0,True,False
10,TIGER REBELS,Modric,C,6.0,6.0,True,False
10,TIGER REBELS,Zalewski,C,6.0,6.0,True,False
10,TIGER REBELS,Lookman,A,5.5,5.5,True,False
10,TIGER REBELS,De Ketelaere,A,6.0,6.0,True,False
10,TIGER REBELS,Gollini,P,,,False,True
10,TIGER REBELS,Terracciano F.,D,5.0,5.0,True,True
10,TIGER REBELS,Valle,D,6.5,6.5,False,True
10,TIGER REBELS,Miranda J.,D,6.5,6.5,False,True
10,TIGER REBELS,Vasquez D.,P,,,False,True
10,TIGER REBELS,Pellegrini Lo.,C,6.0,6.0,True,True
10,TIGER REBELS,El Shaarawy,C,6.5,7.5,False,True
10,TIGER REBELS,Brescianini,C,,,False,True
10,TIGER REBELS,Dybala,A,,,False,True
10,TIGER REBELS,Dzeko,A,,,False,True
10,TIGER REBELS,Almqvist,A,,,False,True
10,TIGER REBELS,Rodriguez Je.,A,7.0,9.0,False,True
11,BJ EASTONE FC,Butez,P,6.0,7.0,True,False
11,BJ EASTONE FC,Gosens,D,,,False,False
11,BJ EASTONE FC,Smolcic I.,D,,,False,False
11,BJ EASTONE FC,Ramon,D,6.0,5.5,True,False
11,BJ EASTONE FC,Paz N.,C,7.0,8.0,True,False
11,BJ EASTONE FC,Konè M.,C,5.0,5.0,True,False
11,BJ EASTONE FC,Fofana Y.,C,6.0,6.0,True,False
11,BJ EASTONE FC,Odgaard,C,5.0,5.0,True,False
11,BJ EASTONE FC,Conceicao,C,6.5,6.5,True,False
11,BJ EASTONE FC,Vlahovic,A,6.0,6.0,True,False
11,BJ EASTONE FC,Ferguson E.,A,5.5,5.5,True,False
11,BJ EASTONE FC,Cavlina,P,,,False,True
11,BJ EASTONE FC,Bisseck,D,6.0,6.0,True,True
11,BJ EASTONE FC,De Winter,D,,,False,True
11,BJ EASTONE FC,Veiga D.,D,6.0,6.0,True,True
11,BJ EASTONE FC,Odogu,D,,,False,True
11,BJ EASTONE FC,Kristensen T.,D,,,False,True
11,BJ EASTONE FC,Adzic,C,,,False,True
11,BJ EASTONE FC,Luis Henrique,C,5.5,5.5,False,True
11,BJ EASTONE FC,Vergara,C,,,False,True
11,BJ EASTONE FC,Ekhator,A,,,False,True
11,BJ EASTONE FC,Gueye,A,,,False,True
11,BJ EASTONE FC,Ambrosino,A,,,False,True
11,BJ EASTONE FC,Njie,A,,,False,True
11,BJ EASTONE FC,Okoye,P,6.0,7.0,False,True
11,ETHANANITA,Maignan,P,7.0,8.0,True,False
11,ETHANANITA,Cambiaso,D,6.0,5.5,True,False
11,ETHANANITA,Rrahmani,D,7.0,7.0,True,False
11,ETHANANITA,Wesley,D,5.5,5.5,True,False
11,ETHANANITA,Dodò,D,5.0,5.0,True,False
11,ETHANANITA,Neres,C,7.0,11.0,True,False
11,ETHANANITA,Tourè I.,C,6.0,6.0,True,False
11,ETHANANITA,Da Cunha,C,6.0,6.0,True,False
11,ETHANANITA,Politano,C,6.0,6.0,True,False
11,ETHANANITA,Davis K.,A,7.5,9.0,True,False
11,ETHANANITA,Zapata D.,A,6.0,6.0,True,False
11,ETHANANITA,Semper,P,,,False,True
11,ETHANANITA,Scuffet,P,6.0,4.0,False,True
11,ETHANANITA,Joao Mario,D,,,False,True
11,ETHANANITA,Angori,D,6.0,6.0,False,True
11,ETHANANITA,Zemura,D,6.0,6.0,False,True
11,ETHANANITA,Dumfries,D,,,False,True
11,ETHANANITA,Vlasic,C,6.0,7.0,False,True
11,ETHANANITA,Bailey,C,,,False,True
11,ETHANANITA,Maldini,C,,,False,True
11,ETHANANITA,Stanciu,C,,,False,True
11,ETHANANITA,Openda,A,,,False,True
11,ETHANANITA,Krstovic,A,6.0,6.0,False,True
11,ETHANANITA,Esposito Se.,A,7.0,10.0,False,True
11,ETHANANITA,Meister,A,6.0,6.0,False,True
11,TIGER REBELS,Svilar,P,6.5,5.5,True,False
11,TIGER REBELS,Acerbi,D,6.0,5.5,True,False
11,TIGER REBELS,Obert,D,5.5,5.0,True,False
11,TIGER REBELS,Pezzella Giu.,D,6.0,5.5,True,False
11,TIGER REBELS,Tiago Gabriel,D,6.0,6.0,True,False
11,TIGER REBELS,Masini,C,6.0,6.0,True,False
11,TIGER REBELS,McTominay,C,6.5,6.5,True,False
11,TIGER REBELS,Modric,C,6.0,6.0,True,False
11,TIGER REBELS,Zalewski,C,6.0,6.0,True,False
11,TIGER REBELS,Lookman,A,7.0,10.0,True,False
11,TIGER REBELS,De Ketelaere,A,7.0,8.0,True,False
11,TIGER REBELS,Gollini,P,,,False,True
11,TIGER REBELS,Terracciano F.,D,6.0,5.5,False,True
11,TIGER REBELS,Valle,D,,,False,True
11,TIGER REBELS,Miranda J.,D,5.5,5.5,False,True
11,TIGER REBELS,Vasquez D.,P,,,False,True
11,TIGER REBELS,Pellegrini Lo.,C,6.5,6.5,False,True
11,TIGER REBELS,El Shaarawy,C,,,False,True
11,TIGER REBELS,Brescianini,C,,,False,True
11,TIGER REBELS,Dybala,A,6.0,6.0,False,True
11,TIGER REBELS,Dzeko,A,,,False,True
11,TIGER REBELS,Almqvist,A,,,False,True
11,TIGER REBELS,Rodriguez Je.,A,5.5,5.5,False,True
11,KKK,Falcone,P,7.5,8.5,True,False
11,KKK,Kelly L.,D,6.0,6.0,True,False
11,KKK,Palestra,D,7.0,8.0,True,False
11,KKK,Bellanova,D,6.0,6.0,True,False
11,KKK,Atta,C,6.0,5.5,True,False
11,KKK,Casadei,C,5.5,5.0,True,False
11,KKK,Locatelli,C,6.0,6.0,True,False
11,KKK,Pulisic,C,,,False,False
11,KKK,Vardy,A,8.0,15.0,True,False
11,KKK,Douvikas,A,7.0,11.0,True,False
11,KKK,Hojlund,A,6.5,7.5,True,False
11,KKK,De Gea,P,6.5,4.5,False,True
11,KKK,Martinelli T.,P,,,False,True
11,KKK,Hermoso,D,6.0,6.0,False,True
11,KKK,Vojvoda,D,6.0,6.0,False,True
11,KKK,Olivera,D,6.0,5.5,False,True
11,KKK,Juan Jesus,D,,,False,True
11,KKK,Gutierrez,D,,,False,True
11,KKK,Loftus-Cheek,C,6.0,6.0,True,True
11,KKK,Zhegrova,C,,,False,True
11,KKK,Tramoni M.,C,5.5,5.5,False,True
11,KKK,Lucca,A,,,False,True
11,KKK,Cutrone,A,5.5,5.5,False,True
11,KKK,Sanabria,A,6.0,6.0,False,True
11,KKK,Rovella,C,,,False,True
11,FANTA GPT,Milinkovic-Savic V.,P,6.5,7.5,True,False
11,FANTA GPT,Martin,D,6.5,6.5,True,False
11,FANTA GPT,Luperto,D,5.5,5.5,True,False
11,FANTA GPT,Gila,D,5.5,5.5,True,False
11,FANTA GPT,Zappacosta,D,6.5,6.5,True,False
11,FANTA GPT,Bernabè,C,5.5,5.5,True,False
11,FANTA GPT,Koopmeiners,C,6.0,6.0,True,False
11,FANTA GPT,Thuram K.,C,6.5,6.5,True,False
11,FANTA GPT,Castellanos,A,6.0,6.0,True,False
11,FANTA GPT,Colombo,A,7.0,10.0,True,False
11,FANTA GPT,Leao,A,7.0,11.0,True,False
11,FANTA GPT,Meret,P,,,False,True
11,FANTA GPT,Contini,P,,,False,True
11,FANTA GPT,Gatti,D,,,False,True
11,FANTA GPT,Tsimikas,D,,,False,True
11,FANTA GPT,Estupinan,D,,,False,True
11,FANTA GPT,Samardzic,C,,,False,True
11,FANTA GPT,Vazquez,C,,,False,True
11,FANTA GPT,Asllani,C,4.5,2.5,False,True
11,FANTA GPT,Zerbin,C,6.0,6.0,False,True
11,FANTA GPT,Freuler,C,,,False,True
11,FANTA GPT,Morata,A,,,False,True
11,FANTA GPT,Gimenez,A,,,False,True
11,FANTA GPT,Dovbyk,A,,,False,True
11,FANTA GPT,Norton-Cuffy,D,,,False,True
11,TEAM ASRSUPERJULIAN,Sommer,P,6.0,7.0,True,False
11,TEAM ASRSUPERJULIAN,Di Lorenzo,D,6.5,6.5,True,False
11,TEAM ASRSUPERJULIAN,Solet,D,6.5,6.5,True,False
11,TEAM ASRSUPERJULIAN,Gaspar K.,D,6.5,6.5,True,False
11,TEAM ASRSUPERJULIAN,Zortea,D,5.5,5.5,True,False
11,TEAM ASRSUPERJULIAN,Kostic,C,5.0,5.0,True,False
11,TEAM ASRSUPERJULIAN,Zaccagni,C,6.0,5.5,True,False
11,TEAM ASRSUPERJULIAN,Orsolini,C,6.5,8.5,True,False
11,TEAM ASRSUPERJULIAN,Scamacca,A,6.0,6.0,True,False
11,TEAM ASRSUPERJULIAN,Pinamonti,A,5.0,5.0,True,False
11,TEAM ASRSUPERJULIAN,Adams C.,A,6.5,9.5,True,False
11,TEAM ASRSUPERJULIAN,Provedel,P,6.0,5.0,False,True
11,TEAM ASRSUPERJULIAN,Mandas,P,,,False,True
11,TEAM ASRSUPERJULIAN,Van Der Brempt,D,,,False,True
11,TEAM ASRSUPERJULIAN,Ziolkowski,D,,,False,True
11,TEAM ASRSUPERJULIAN,Palma,D,,,False,True
11,TEAM ASRSUPERJULIAN,Scalvini,D,,,False,True
11,TEAM ASRSUPERJULIAN,Bondo,C,6.5,6.5,False,True
11,TEAM ASRSUPERJULIAN,De Bruyne,C,,,False,True
11,TEAM ASRSUPERJULIAN,Kaba,C,,,False,True
11,TEAM ASRSUPERJULIAN,Onana J.,C,,,False,True
11,TEAM ASRSUPERJULIAN,Ilkhan,C,,,False,True
11,TEAM ASRSUPERJULIAN,Cancellieri,A,,,False,True
11,TEAM ASRSUPERJULIAN,Lang,A,6.0,6.0,False,True
11,TEAM ASRSUPERJULIAN,Diao,A,,,False,True
11,VENI VIDI VICI,Carnesecchi,P,7.0,8.0,True,False
11,VENI VIDI VICI,Delprato,D,5.5,5.5,True,False
11,VENI VIDI VICI,Lovik,D,,,False,False
11,VENI VIDI VICI,Carlos Augusto,D,,,False,False
11,VENI VIDI VICI,N'Dicka,D,5.5,5.0,True,False
11,VENI VIDI VICI,Mkhitaryan,C,,,False,False
11,VENI VIDI VICI,Vandeputte,C,6.5,6.5,True,False
11,VENI VIDI VICI,Konè I.,C,5.0,4.5,True,False
11,VENI VIDI VICI,Martinez L.,A,7.5,14.5,True,False
11,VENI VIDI VICI,Esposito F.P.,A,7.0,8.0,True,False
11,VENI VIDI VICI,Thuram,A,5.5,5.5,True,False
11,VENI VIDI VICI,Rossi F.,P,,,False,True
11,VENI VIDI VICI,Sportiello,P,,,False,True
11,VENI VIDI VICI,Biraghi,D,,,False,True
11,VENI VIDI VICI,Valeri,D,6.0,6.0,True,True
11,VENI VIDI VICI,Rowe,C,,,False,True
11,VENI VIDI VICI,Fabbian,C,,,False,True
11,VENI VIDI VICI,Carboni V.,C,,,False,True
11,VENI VIDI VICI,Moreo,A,,,False,True
11,VENI VIDI VICI,Camarda,A,,,False,True
11,VENI VIDI VICI,Piccoli,A,5.5,5.5,False,True
11,VENI VIDI VICI,Volpato,C,5.5,5.5,True,True
11,VENI VIDI VICI,Gaetano,C,,,False,True
11,VENI VIDI VICI,Cuadrado,D,,,False,True
11,VENI VIDI VICI,Tavares N.,D,,,False,True
11,WINNING MOMENT,Leali,P,6.5,5.5,True,False
11,WINNING MOMENT,Bastoni,D,6.0,6.0,True,False
11,WINNING MOMENT,Kalulu,D,6.5,7.5,True,False
11,WINNING MOMENT,Mancini,D,6.0,6.0,True,False
11,WINNING MOMENT,Pasalic,C,6.0,6.0,True,False
11,WINNING MOMENT,Barella,C,6.5,7.5,True,False
11,WINNING MOMENT,Zambo Anguissa,C,,,False,False
11,WINNING MOMENT,Nicolussi Caviglia,C,,,False,False
11,WINNING MOMENT,Sucic P.,C,5.5,5.5,True,False
11,WINNING MOMENT,Soulè,A,5.0,5.0,True,False
11,WINNING MOMENT,Bonazzoli,A,6.5,7.5,True,False
11,WINNING MOMENT,Caprile,P,6.0,4.0,False,True
11,WINNING MOMENT,Radunovic,P,,,False,True
11,WINNING MOMENT,Tomori,D,6.5,7.0,False,True
11,WINNING MOMENT,Pongracic,D,5.0,4.5,False,True
11,WINNING MOMENT,Sabelli,D,,,False,True
11,WINNING MOMENT,McKennie,C,6.5,6.5,True,True
11,WINNING MOMENT,Mandragora,C,5.5,5.0,True,True
11,WINNING MOMENT,Matic,C,6.0,6.0,False,True
11,WINNING MOMENT,Bonny,A,,,False,True
11,WINNING MOMENT,Nkunku,A,5.0,5.0,False,True
11,WINNING MOMENT,Benedyczak,A,,,False,True
11,WINNING MOMENT,Arena A.,A,,,False,True
11,WINNING MOMENT,Darmian,D,,,False,True
11,WINNING MOMENT,Angelino,D,,,False,True
11,BOVE,Ravaglia F.,P,6.0,3.0,True,False
11,BOVE,Dimarco,D,6.0,6.0,True,False
11,BOVE,Pavlovic,D,6.0,6.0,True,False
11,BOVE,Heggem,D,5.5,5.5,True,False
11,BOVE,Akanji,D,6.5,6.5,True,False
11,BOVE,Rabiot,C,6.0,6.0,True,False
11,BOVE,Gudmundsson A.,C,5.5,5.5,True,False
11,BOVE,Isaksen,C,6.0,6.0,True,False
11,BOVE,David,A,5.5,5.5,True,False
11,BOVE,Kean,A,5.5,5.5,True,False
11,BOVE,Pellegrino M.,A,6.0,6.0,True,False
11,BOVE,Skorupski,P,,,False,True
11,BOVE,Sava,P,,,False,True
11,BOVE,Vitik,D,,,False,True
11,BOVE,Gabbia,D,6.5,6.0,False,True
11,BOVE,Rensch,D,,,False,True
11,BOVE,Beukema,D,6.0,5.5,False,True
11,BOVE,Bernardeschi,C,6.0,6.0,False,True
11,BOVE,Thorstvedt,C,6.0,6.0,False,True
11,BOVE,Frattesi,C,,,False,True
11,BOVE,Ndour,C,,,False,True
11,BOVE,Stengs,C,,,False,True
11,BOVE,Giovane,A,6.0,6.0,False,True
11,BOVE,Kuhn,A,,,False,True
11,BOVE,Simeone,A,,,False,True
11,DARTH VADER,Di Gregorio,P,,,False,False
11,DARTH VADER,Gallo,D,6.5,6.5,True,False
11,DARTH VADER,Vasquez,D,6.5,6.5,True,False
11,DARTH VADER,Buongiorno,D,6.5,6.5,True,False
11,DARTH VADER,Zanoli,D,6.0,6.0,True,False
11,DARTH VADER,Ederson D.S.,C,6.0,6.0,True,False
11,DARTH VADER,Calhanoglu,C,6.5,6.5,True,False
11,DARTH VADER,Saelemaekers,C,6.5,6.5,True,False
11,DARTH VADER,Yildiz,A,7.5,14.5,True,False
11,DARTH VADER,Castro S.,A,5.5,5.5,True,False
11,DARTH VADER,Berardi,A,6.0,6.0,True,False
11,DARTH VADER,Perin,P,6.0,5.0,True,True
11,DARTH VADER,Pinsoglio,P,,,False,True
11,DARTH VADER,Baschirotto,D,7.0,7.0,False,True
11,DARTH VADER,Ranieri L.,D,6.0,6.0,False,True
11,DARTH VADER,Canestrelli,D,5.5,5.5,False,True
11,DARTH VADER,Bremer,D,,,False,True
11,DARTH VADER,Folorunsho,C,5.5,5.0,False,True
11,DARTH VADER,Guendouzi,C,6.0,6.0,False,True
11,DARTH VADER,Zielinski,C,6.5,6.5,False,True
11,DARTH VADER,Frendrup,C,6.5,6.5,False,True
11,DARTH VADER,Oristanio,C,,,False,True
11,DARTH VADER,Orban G.,A,5.5,5.5,False,True
11,DARTH VADER,Stulic,A,5.5,5.5,False,True
11,DARTH VADER,Ngonge,A,5.5,5.0,False,True
12,TEAM ASRSUPERJULIAN,Sommer,P,6.0,7.0,True,False
12,TEAM ASRSUPERJULIAN,Di Lorenzo,D,6.0,6.0,True,False
12,TEAM ASRSUPERJULIAN,Solet,D,5.5,5.5,True,False
12,TEAM ASRSUPERJULIAN,Gaspar K.,D,5.5,5.5,True,False
12,TEAM ASRSUPERJULIAN,Zortea,D,7.0,7.0,True,False
12,TEAM ASRSUPERJULIAN,Kostic,C,5.5,5.5,True,False
12,TEAM ASRSUPERJULIAN,Zaccagni,C,6.5,6.5,True,False
12,TEAM ASRSUPERJULIAN,Orsolini,C,6.0,6.0,True,False
12,TEAM ASRSUPERJULIAN,Scamacca,A,6.5,8.5,True,False
12,TEAM ASRSUPERJULIAN,Pinamonti,A,5.5,5.5,True,False
12,TEAM ASRSUPERJULIAN,Adams C.,A,6.0,6.0,True,False
12,TEAM ASRSUPERJULIAN,Provedel,P,6.5,5.5,False,True
12,TEAM ASRSUPERJULIAN,Mandas,P,,,False,True
12,TEAM ASRSUPERJULIAN,Van Der Brempt,D,,,False,True
12,TEAM ASRSUPERJULIAN,Ziolkowski,D,,,False,True
12,TEAM ASRSUPERJULIAN,Palma,D,,,False,True
12,TEAM ASRSUPERJULIAN,Scalvini,D,,,False,True
12,TEAM ASRSUPERJULIAN,Bondo,C,6.0,6.0,False,True
12,TEAM ASRSUPERJULIAN,De Bruyne,C,,,False,True
12,TEAM ASRSUPERJULIAN,Kaba,C,6.0,6.0,False,True
12,TEAM ASRSUPERJULIAN,Onana J.,C,,,False,True
12,TEAM ASRSUPERJULIAN,Ilkhan,C,,,False,True
12,TEAM ASRSUPERJULIAN,Cancellieri,A,6.0,6.0,False,True
12,TEAM ASRSUPERJULIAN,Lang,A,5.5,5.5,False,True
12,TEAM ASRSUPERJULIAN,Diao,A,6.0,6.0,False,True
12,BJ EASTONE FC,Butez,P,6.5,2.5,True,False
12,BJ EASTONE FC,Gosens,D,,,False,False
12,BJ EASTONE FC,Smolcic I.,D,,,False,False
12,BJ EASTONE FC,Ramon,D,5.5,5.5,True,False
12,BJ EASTONE FC,Paz N.,C,5.5,5.5,True,False
12,BJ EASTONE FC,Konè M.,C,6.0,6.0,True,False
12,BJ EASTONE FC,Fofana Y.,C,,,False,False
12,BJ EASTONE FC,Odgaard,C,6.5,10.5,True,False
12,BJ EASTONE FC,Conceicao,C,5.5,5.5,True,False
12,BJ EASTONE FC,Vlahovic,A,,,False,False
12,BJ EASTONE FC,Ferguson E.,A,5.5,5.5,True,False
12,BJ EASTONE FC,Cavlina,P,,,False,True
12,BJ EASTONE FC,Bisseck,D,,,False,True
12,BJ EASTONE FC,De Winter,D,,,False,True
12,BJ EASTONE FC,Veiga D.,D,5.0,5.0,True,True
12,BJ EASTONE FC,Odogu,D,,,False,True
12,BJ EASTONE FC,Kristensen T.,D,,,False,True
12,BJ EASTONE FC,Adzic,C,,,False,True
12,BJ EASTONE FC,Luis Henrique,C,7.0,8.0,True,True
12,BJ EASTONE FC,Vergara,C,,,False,True
12,BJ EASTONE FC,Ekhator,A,6.0,6.0,True,True
12,BJ EASTONE FC,Gueye,A,,,False,True
12,BJ EASTONE FC,Ambrosino,A,,,False,True
12,BJ EASTONE FC,Njie,A,,,False,True
12,BJ EASTONE FC,Okoye,P,5.5,3.5,False,True
12,KKK,De Gea,P,4.5,1.5,True,False
12,KKK,Hermoso,D,5.5,5.0,True,False
12,KKK,Palestra,D,7.0,7.0,True,False
12,KKK,Bellanova,D,5.5,5.5,True,False
12,KKK,Atta,C,,,False,False
12,KKK,Casadei,C,5.5,5.5,True,False
12,KKK,Locatelli,C,6.0,6.0,True,False
12,KKK,Pulisic,C,8.0,15.0,True,False
12,KKK,Vardy,A,6.0,6.0,True,False
12,KKK,Douvikas,A,5.0,5.0,True,False
12,KKK,Hojlund,A,8.0,15.0,True,False
12,KKK,Falcone,P,6.0,4.0,False,True
12,KKK,Martinelli T.,P,,,False,True
12,KKK,Vojvoda,D,5.0,5.0,False,True
12,KKK,Kelly L.,D,5.0,5.0,False,True
12,KKK,Olivera,D,5.5,5.5,False,True
12,KKK,Juan Jesus,D,,,False,True
12,KKK,Loftus-Cheek,C,6.0,6.0,True,True
12,KKK,Zhegrova,C,,,False,True
12,KKK,Tramoni M.,C,,,False,True
12,KKK,Lucca,A,,,False,True
12,KKK,Cutrone,A,,,False,True
12,KKK,Sanabria,A,7.0,10.0,False,True
12,KKK,Rovella,C,,,False,True
12,KKK,Gutierrez,D,,,False,True
12,DARTH VADER,Di Gregorio,P,6.5,4.5,True,False
12,DARTH VADER,Vasquez,D,6.5,6.5,True,False
12,DARTH VADER,Baschirotto,D,7.0,7.0,True,False
12,DARTH VADER,Buongiorno,D,6.5,6.0,True,False
12,DARTH VADER,Gallo,D,5.5,5.0,True,False
12,DARTH VADER,Ederson D.S.,C,5.5,5.5,True,False
12,DARTH VADER,Calhanoglu,C,7.0,10.0,True,False
12,DARTH VADER,Saelemaekers,C,6.5,7.5,True,False
12,DARTH VADER,Zielinski,C,6.0,6.0,True,False
12,DARTH VADER,Yildiz,A,7.0,10.0,True,False
12,DARTH VADER,Castro S.,A,5.5,5.5,True,False
12,DARTH VADER,Perin,P,,,False,True
12,DARTH VADER,Pinsoglio,P,,,False,True
12,DARTH VADER,Canestrelli,D,6.0,6.0,False,True
12,DARTH VADER,Zanoli,D,6.0,6.0,False,True
12,DARTH VADER,Ranieri L.,D,5.5,5.5,False,True
12,DARTH VADER,Bremer,D,,,False,True
12,DARTH VADER,Guendouzi,C,6.5,6.5,False,True
12,DARTH VADER,Frendrup,C,,,False,True
12,DARTH VADER,Folorunsho,C,7.0,6.5,False,True
12,DARTH VADER,Oristanio,C,,,False,True
12,DARTH VADER,Stulic,A,5.0,5.0,False,True
12,DARTH VADER,Orban G.,A,,,False,True
12,DARTH VADER,Ngonge,A,,,False,True
12,DARTH VADER,Berardi,A,,,False,True
12,ETHANANITA,Maignan,P,6.0,3.5,True,False
12,ETHANANITA,Cambiaso,D,5.5,5.5,True,False
12,ETHANANITA,Rrahmani,D,6.5,6.5,True,False
12,ETHANANITA,Wesley,D,,,False,False
12,ETHANANITA,Dodò,D,5.0,5.0,True,False
12,ETHANANITA,Neres,C,7.5,8.5,True,False
12,ETHANANITA,Tourè I.,C,6.0,5.5,True,False
12,ETHANANITA,Da Cunha,C,5.0,5.0,True,False
12,ETHANANITA,Vlasic,C,7.0,10.0,True,False
12,ETHANANITA,Davis K.,A,6.0,6.0,True,False
12,ETHANANITA,Esposito Se.,A,7.0,8.0,True,False
12,ETHANANITA,Semper,P,,,False,True
12,ETHANANITA,Scuffet,P,6.0,5.0,False,True
12,ETHANANITA,Angori,D,6.0,6.0,True,True
12,ETHANANITA,Zemura,D,,,False,True
12,ETHANANITA,Joao Mario,D,,,False,True
12,ETHANANITA,Dumfries,D,,,False,True
12,ETHANANITA,Politano,C,,,False,True
12,ETHANANITA,Bailey,C,,,False,True
12,ETHANANITA,Maldini,C,,,False,True
12,ETHANANITA,Stanciu,C,,,False,True
12,ETHANANITA,Meister,A,5.5,5.5,False,True
12,ETHANANITA,Openda,A,6.0,6.0,False,True
12,ETHANANITA,Zapata D.,A,6.5,9.5,False,True
12,ETHANANITA,Krstovic,A,5.0,5.0,False,True
12,WINNING MOMENT,Leali,P,6.0,5.0,True,False
12,WINNING MOMENT,Bastoni,D,6.5,6.5,True,False
12,WINNING MOMENT,Kalulu,D,6.0,5.5,True,False
12,WINNING MOMENT,Mancini,D,5.0,5.0,True,False
12,WINNING MOMENT,Pasalic,C,6.0,6.0,True,False
12,WINNING MOMENT,Barella,C,7.0,7.0,True,False
12,WINNING MOMENT,Zambo Anguissa,C,,,False,False
12,WINNING MOMENT,Nicolussi Caviglia,C,,,False,False
12,WINNING MOMENT,Sucic P.,C,,,False,False
12,WINNING MOMENT,Soulè,A,6.0,6.0,True,False
12,WINNING MOMENT,Bonazzoli,A,7.0,10.0,True,False
12,WINNING MOMENT,Caprile,P,6.0,7.0,False,True
12,WINNING MOMENT,Radunovic,P,,,False,True
12,WINNING MOMENT,Tomori,D,5.5,6.0,False,True
12,WINNING MOMENT,Pongracic,D,,,False,True
12,WINNING MOMENT,Sabelli,D,,,False,True
12,WINNING MOMENT,McKennie,C,5.5,6.5,True,True
12,WINNING MOMENT,Mandragora,C,6.0,7.5,True,True
12,WINNING MOMENT,Matic,C,6.0,6.0,True,True
12,WINNING MOMENT,Bonny,A,,,False,True
12,WINNING MOMENT,Nkunku,A,5.5,5.5,False,True
12,WINNING MOMENT,Benedyczak,A,6.5,9.0,False,True
12,WINNING MOMENT,Arena A.,A,,,False,True
12,WINNING MOMENT,Darmian,D,,,False,True
12,WINNING MOMENT,Angelino,D,,,False,True
12,BOVE,Ravaglia F.,P,7.5,6.5,True,False
12,BOVE,Dimarco,D,7.0,9.0,True,False
12,BOVE,Pavlovic,D,5.5,5.5,True,False
12,BOVE,Heggem,D,5.5,5.5,True,False
12,BOVE,Akanji,D,6.0,5.5,True,False
12,BOVE,Rabiot,C,7.0,10.0,True,False
12,BOVE,Gudmundsson A.,C,5.0,5.0,True,False
12,BOVE,Isaksen,C,7.0,10.0,True,False
12,BOVE,David,A,6.0,6.0,True,False
12,BOVE,Kean,A,5.0,5.0,True,False
12,BOVE,Pellegrino M.,A,5.5,5.5,True,False
12,BOVE,Skorupski,P,,,False,True
12,BOVE,Sava,P,,,False,True
12,BOVE,Gabbia,D,6.0,6.0,False,True
12,BOVE,Beukema,D,6.0,5.5,False,True
12,BOVE,Rensch,D,5.5,5.5,False,True
12,BOVE,Vitik,D,,,False,True
12,BOVE,Thorstvedt,C,6.5,6.0,False,True
12,BOVE,Bernardeschi,C,5.5,5.5,False,True
12,BOVE,Frattesi,C,,,False,True
12,BOVE,Ndour,C,5.5,5.0,False,True
12,BOVE,Stengs,C,,,False,True
12,BOVE,Giovane,A,7.5,12.5,False,True
12,BOVE,Kuhn,A,,,False,True
12,BOVE,Simeone,A,,,False,True
12,FANTA GPT,Milinkovic-Savic V.,P,6.0,5.0,True,False
12,FANTA GPT,Martin,D,6.0,6.0,True,False
12,FANTA GPT,Luperto,D,6.5,6.5,True,False
12,FANTA GPT,Gila,D,5.0,4.0,True,False
12,FANTA GPT,Zappacosta,D,5.5,5.5,True,False
12,FANTA GPT,Bernabè,C,6.0,6.0,True,False
12,FANTA GPT,Vazquez,C,,,False,False
12,FANTA GPT,Thuram K.,C,6.0,6.0,True,False
12,FANTA GPT,Castellanos,A,5.5,5.5,True,False
12,FANTA GPT,Colombo,A,6.5,6.5,True,False
12,FANTA GPT,Leao,A,5.5,5.5,True,False
12,FANTA GPT,Meret,P,,,False,True
12,FANTA GPT,Contini,P,,,False,True
12,FANTA GPT,Norton-Cuffy,D,7.0,11.0,False,True
12,FANTA GPT,Gatti,D,,,False,True
12,FANTA GPT,Tsimikas,D,5.5,5.5,False,True
12,FANTA GPT,Estupinan,D,,,False,True
12,FANTA GPT,Samardzic,C,6.0,6.0,True,True
12,FANTA GPT,Koopmeiners,C,5.0,5.0,False,True
12,FANTA GPT,Asllani,C,5.0,5.0,False,True
12,FANTA GPT,Zerbin,C,6.5,7.5,False,True
12,FANTA GPT,Freuler,C,,,False,True
12,FANTA GPT,Morata,A,5.5,5.5,False,True
12,FANTA GPT,Gimenez,A,,,False,True
12,FANTA GPT,Dovbyk,A,,,False,True
12,VENI VIDI VICI,Carnesecchi,P,6.0,3.0,True,False
12,VENI VIDI VICI,Delprato,D,6.5,6.5,True,False
12,VENI VIDI VICI,Valeri,D,6.0,5.5,True,False
12,VENI VIDI VICI,Carlos Augusto,D,7.0,10.0,True,False
12,VENI VIDI VICI,N'Dicka,D,5.5,5.5,True,False
12,VENI VIDI VICI,Mkhitaryan,C,6.0,6.0,True,False
12,VENI VIDI VICI,Vandeputte,C,6.5,6.5,True,False
12,VENI VIDI VICI,Konè I.,C,7.0,10.0,True,False
12,VENI VIDI VICI,Martinez L.,A,7.0,11.0,True,False
12,VENI VIDI VICI,Esposito F.P.,A,6.0,6.0,True,False
12,VENI VIDI VICI,Thuram,A,7.0,10.0,True,False
12,VENI VIDI VICI,Rossi F.,P,,,False,True
12,VENI VIDI VICI,Sportiello,P,,,False,True
12,VENI VIDI VICI,Biraghi,D,,,False,True
12,VENI VIDI VICI,Rowe,C,6.0,6.0,False,True
12,VENI VIDI VICI,Fabbian,C,,,False,True
12,VENI VIDI VICI,Carboni V.,C,,,False,True
12,VENI VIDI VICI,Moreo,A,6.0,6.0,False,True
12,VENI VIDI VICI,Camarda,A,5.5,5.5,False,True
12,VENI VIDI VICI,Piccoli,A,5.5,5.5,False,True
12,VENI VIDI VICI,Volpato,C,7.5,11.5,False,True
12,VENI VIDI VICI,Gaetano,C,7.0,10.5,False,True
12,VENI VIDI VICI,Cuadrado,D,,,False,True
12,VENI VIDI VICI,Tavares N.,D,5.0,4.5,False,True
12,VENI VIDI VICI,Lovik,D,,,False,True
12,TIGER REBELS,Svilar,P,7.0,6.0,True,False
12,TIGER REBELS,Acerbi,D,6.5,6.5,True,False
12,TIGER REBELS,Obert,D,6.5,6.5,True,False
12,TIGER REBELS,Pezzella Giu.,D,,,False,False
12,TIGER REBELS,Tiago Gabriel,D,5.5,5.5,True,False
12,TIGER REBELS,Masini,C,6.5,6.5,True,False
12,TIGER REBELS,McTominay,C,6.5,6.5,True,False
12,TIGER REBELS,Modric,C,6.5,6.5,True,False
12,TIGER REBELS,Zalewski,C,5.5,5.5,True,False
12,TIGER REBELS,Lookman,A,5.0,5.0,True,False
12,TIGER REBELS,De Ketelaere,A,5.5,5.5,True,False
12,TIGER REBELS,Gollini,P,,,False,True
12,TIGER REBELS,Terracciano F.,D,6.5,6.5,True,True
12,TIGER REBELS,Valle,D,5.0,5.0,False,True
12,TIGER REBELS,Miranda J.,D,6.0,5.5,False,True
12,TIGER REBELS,Vasquez D.,P,,,False,True
12,TIGER REBELS,Pellegrini Lo.,C,5.5,5.5,False,True
12,TIGER REBELS,El Shaarawy,C,,,False,True
12,TIGER REBELS,Brescianini,C,,,False,True
12,TIGER REBELS,Dybala,A,5.5,5.5,False,True
12,TIGER REBELS,Dzeko,A,,,False,True
12,TIGER REBELS,Almqvist,A,,,False,True
12,TIGER REBELS,Rodriguez Je.,A,6.0,6.0,False,True
13,TEAM ASRSUPERJULIAN,Sommer,P,6.0,5.0,True,False
13,TEAM ASRSUPERJULIAN,Di Lorenzo,D,5.5,5.5,True,False
13,TEAM ASRSUPERJULIAN,Solet,D,6.5,6.5,True,False
13,TEAM ASRSUPERJULIAN,Gaspar K.,D,6.5,6.0,True,False
13,TEAM ASRSUPERJULIAN,Zortea,D,5.5,5.5,True,False
13,TEAM ASRSUPERJULIAN,Kostic,C,,,False,False
13,TEAM ASRSUPERJULIAN,Zaccagni,C,4.5,3.5,True,False
13,TEAM ASRSUPERJULIAN,Orsolini,C,6.0,6.0,True,False
13,TEAM ASRSUPERJULIAN,Scamacca,A,7.5,14.5,True,False
13,TEAM ASRSUPERJULIAN,Lang,A,6.0,6.0,True,False
13,TEAM ASRSUPERJULIAN,Adams C.,A,6.0,6.0,True,False
13,TEAM ASRSUPERJULIAN,Provedel,P,7.0,8.0,False,True
13,TEAM ASRSUPERJULIAN,Mandas,P,,,False,True
13,TEAM ASRSUPERJULIAN,Van Der Brempt,D,,,False,True
13,TEAM ASRSUPERJULIAN,Ziolkowski,D,,,False,True
13,TEAM ASRSUPERJULIAN,Palma,D,,,False,True
13,TEAM ASRSUPERJULIAN,Scalvini,D,,,False,True
13,TEAM ASRSUPERJULIAN,Bondo,C,5.5,5.5,True,True
13,TEAM ASRSUPERJULIAN,De Bruyne,C,,,False,True
13,TEAM ASRSUPERJULIAN,Kaba,C,6.5,6.5,False,True
13,TEAM ASRSUPERJULIAN,Onana J.,C,,,False,True
13,TEAM ASRSUPERJULIAN,Ilkhan,C,,,False,True
13,TEAM ASRSUPERJULIAN,Cancellieri,A,6.0,5.5,False,True
13,TEAM ASRSUPERJULIAN,Pinamonti,A,7.0,9.0,False,True
13,TEAM ASRSUPERJULIAN,Diao,A,6.0,6.0,False,True
13,ETHANANITA,Maignan,P,6.0,4.0,True,False
13,ETHANANITA,Cambiaso,D,6.0,6.0,True,False
13,ETHANANITA,Rrahmani,D,5.0,5.0,True,False
13,ETHANANITA,Wesley,D,7.5,11.0,True,False
13,ETHANANITA,Neres,C,5.0,5.0,True,False
13,ETHANANITA,Tourè I.,C,5.5,5.5,True,False
13,ETHANANITA,Da Cunha,C,5.0,5.0,True,False
13,ETHANANITA,Vlasic,C,7.0,11.0,True,False
13,ETHANANITA,Davis K.,A,6.5,7.5,True,False
13,ETHANANITA,Zapata D.,A,6.5,7.0,True,False
13,ETHANANITA,Esposito Se.,A,7.0,8.0,True,False
13,ETHANANITA,Semper,P,6.0,5.0,False,True
13,ETHANANITA,Scuffet,P,,,False,True
13,ETHANANITA,Dumfries,D,,,False,True
13,ETHANANITA,Dodò,D,5.5,5.5,False,True
13,ETHANANITA,Angori,D,6.0,6.0,False,True
13,ETHANANITA,Joao Mario,D,,,False,True
13,ETHANANITA,Zemura,D,,,False,True
13,ETHANANITA,Maldini,C,,,False,True
13,ETHANANITA,Politano,C,5.5,5.5,False,True
13,ETHANANITA,Bailey,C,,,False,True
13,ETHANANITA,Stanciu,C,,,False,True
13,ETHANANITA,Meister,A,5.0,5.0,False,True
13,ETHANANITA,Openda,A,6.5,6.5,False,True
13,ETHANANITA,Krstovic,A,,,False,True
13,WINNING MOMENT,Leali,P,5.0,3.0,True,False
13,WINNING MOMENT,Bastoni,D,6.5,6.5,True,False
13,WINNING MOMENT,Kalulu,D,6.5,6.5,True,False
13,WINNING MOMENT,Mancini,D,6.5,6.0,True,False
13,WINNING MOMENT,Pasalic,C,,,False,False
13,WINNING MOMENT,Barella,C,6.0,5.5,True,False
13,WINNING MOMENT,Zambo Anguissa,C,,,False,False
13,WINNING MOMENT,Nicolussi Caviglia,C,,,False,False
13,WINNING MOMENT,Sucic P.,C,6.5,6.5,True,False
13,WINNING MOMENT,Soulè,A,6.5,7.5,True,False
13,WINNING MOMENT,Bonazzoli,A,6.0,6.0,True,False
13,WINNING MOMENT,Caprile,P,7.0,5.0,False,True
13,WINNING MOMENT,Radunovic,P,,,False,True
13,WINNING MOMENT,Tomori,D,5.5,5.5,False,True
13,WINNING MOMENT,Pongracic,D,5.5,5.5,False,True
13,WINNING MOMENT,Sabelli,D,,,False,True
13,WINNING MOMENT,McKennie,C,6.5,6.5,True,True
13,WINNING MOMENT,Mandragora,C,6.0,6.0,True,True
13,WINNING MOMENT,Matic,C,6.5,6.5,True,True
13,WINNING MOMENT,Bonny,A,,,False,True
13,WINNING MOMENT,Nkunku,A,6.0,7.0,False,True
13,WINNING MOMENT,Benedyczak,A,5.5,5.5,False,True
13,WINNING MOMENT,Arena A.,A,,,False,True
13,WINNING MOMENT,Darmian,D,,,False,True
13,WINNING MOMENT,Angelino,D,,,False,True
13,BJ EASTONE FC,Butez,P,6.0,5.0,True,False
13,BJ EASTONE FC,Gosens,D,,,False,False
13,BJ EASTONE FC,Smolcic I.,D,6.0,6.0,True,False
13,BJ EASTONE FC,Ramon,D,6.5,6.0,True,False
13,BJ EASTONE FC,Paz N.,C,5.5,5.0,True,False
13,BJ EASTONE FC,Konè M.,C,6.5,6.5,True,False
13,BJ EASTONE FC,Fofana Y.,C,,,False,False
13,BJ EASTONE FC,Odgaard,C,,,False,False
13,BJ EASTONE FC,Conceicao,C,6.0,6.0,True,False
13,BJ EASTONE FC,Vlahovic,A,,,False,False
13,BJ EASTONE FC,Ferguson E.,A,6.5,6.5,True,False
13,BJ EASTONE FC,Cavlina,P,,,False,True
13,BJ EASTONE FC,Bisseck,D,7.0,9.5,True,True
13,BJ EASTONE FC,De Winter,D,5.5,5.5,False,True
13,BJ EASTONE FC,Veiga D.,D,6.5,6.5,False,True
13,BJ EASTONE FC,Odogu,D,,,False,True
13,BJ EASTONE FC,Kristensen T.,D,6.5,6.5,False,True
13,BJ EASTONE FC,Adzic,C,,,False,True
13,BJ EASTONE FC,Luis Henrique,C,6.0,6.0,True,True
13,BJ EASTONE FC,Vergara,C,,,False,True
13,BJ EASTONE FC,Ekhator,A,,,False,True
13,BJ EASTONE FC,Gueye,A,,,False,True
13,BJ EASTONE FC,Ambrosino,A,,,False,True
13,BJ EASTONE FC,Njie,A,,,False,True
13,BJ EASTONE FC,Okoye,P,6.0,7.0,False,True
13,DARTH VADER,Di Gregorio,P,6.5,7.5,True,False
13,DARTH VADER,Gallo,D,6.0,6.0,True,False
13,DARTH VADER,Buongiorno,D,6.0,6.0,True,False
13,DARTH VADER,Baschirotto,D,5.0,5.0,True,False
13,DARTH VADER,Ranieri L.,D,5.5,5.5,True,False
13,DARTH VADER,Ederson D.S.,C,6.5,6.5,True,False
13,DARTH VADER,Guendouzi,C,6.5,6.5,True,False
13,DARTH VADER,Zielinski,C,6.5,6.5,True,False
13,DARTH VADER,Saelemaekers,C,5.5,5.5,True,False
13,DARTH VADER,Yildiz,A,6.5,7.5,True,False
13,DARTH VADER,Castro S.,A,5.5,5.5,True,False
13,DARTH VADER,Perin,P,,,False,True
13,DARTH VADER,Pinsoglio,P,,,False,True
13,DARTH VADER,Bremer,D,6.0,6.0,False,True
13,DARTH VADER,Vasquez,D,6.0,6.0,False,True
13,DARTH VADER,Canestrelli,D,5.0,5.0,False,True
13,DARTH VADER,Zanoli,D,6.0,6.0,False,True
13,DARTH VADER,Frendrup,C,5.5,5.5,False,True
13,DARTH VADER,Folorunsho,C,6.0,6.0,False,True
13,DARTH VADER,Oristanio,C,5.5,5.5,False,True
13,DARTH VADER,Calhanoglu,C,,,False,True
13,DARTH VADER,Stulic,A,7.0,11.0,False,True
13,DARTH VADER,Ngonge,A,,,False,True
13,DARTH VADER,Orban G.,A,7.5,14.5,False,True
13,DARTH VADER,Berardi,A,,,False,True
13,VENI VIDI VICI,Carnesecchi,P,6.0,5.0,True,False
13,VENI VIDI VICI,Delprato,D,6.0,6.0,True,False
13,VENI VIDI VICI,Valeri,D,6.0,5.5,True,False
13,VENI VIDI VICI,Carlos Augusto,D,6.0,6.0,True,False
13,VENI VIDI VICI,N'Dicka,D,7.0,7.0,True,False
13,VENI VIDI VICI,Mkhitaryan,C,6.0,6.0,True,False
13,VENI VIDI VICI,Vandeputte,C,6.0,6.0,True,False
13,VENI VIDI VICI,Konè I.,C,7.0,10.0,True,False
13,VENI VIDI VICI,Martinez L.,A,7.5,12.5,True,False
13,VENI VIDI VICI,Esposito F.P.,A,6.5,6.5,True,False
13,VENI VIDI VICI,Thuram,A,6.0,6.0,True,False
13,VENI VIDI VICI,Rossi F.,P,,,False,True
13,VENI VIDI VICI,Sportiello,P,,,False,True
13,VENI VIDI VICI,Biraghi,D,,,False,True
13,VENI VIDI VICI,Volpato,C,6.0,6.0,False,True
13,VENI VIDI VICI,Gaetano,C,7.0,9.5,False,True
13,VENI VIDI VICI,Rowe,C,,,False,True
13,VENI VIDI VICI,Fabbian,C,,,False,True
13,VENI VIDI VICI,Carboni V.,C,,,False,True
13,VENI VIDI VICI,Moreo,A,5.5,5.5,False,True
13,VENI VIDI VICI,Camarda,A,6.0,6.0,False,True
13,VENI VIDI VICI,Piccoli,A,,,False,True
13,VENI VIDI VICI,Cuadrado,D,,,False,True
13,VENI VIDI VICI,Tavares N.,D,,,False,True
13,VENI VIDI VICI,Lovik,D,,,False,True
13,TIGER REBELS,Svilar,P,6.5,7.5,True,False
13,TIGER REBELS,Acerbi,D,,,False,False
13,TIGER REBELS,Obert,D,6.0,6.0,True,False
13,TIGER REBELS,Pezzella Giu.,D,6.0,6.0,True,False
13,TIGER REBELS,Tiago Gabriel,D,6.0,6.0,True,False
13,TIGER REBELS,Masini,C,,,False,False
13,TIGER REBELS,McTominay,C,6.0,6.0,True,False
13,TIGER REBELS,Modric,C,6.0,6.0,True,False
13,TIGER REBELS,Zalewski,C,6.0,6.0,True,False
13,TIGER REBELS,Lookman,A,5.5,5.5,True,False
13,TIGER REBELS,De Ketelaere,A,6.0,6.0,True,False
13,TIGER REBELS,Gollini,P,,,False,True
13,TIGER REBELS,Terracciano F.,D,6.0,6.0,True,True
13,TIGER REBELS,Valle,D,5.0,5.0,False,True
13,TIGER REBELS,Miranda J.,D,6.0,5.5,False,True
13,TIGER REBELS,Vasquez D.,P,,,False,True
13,TIGER REBELS,Pellegrini Lo.,C,6.0,6.0,True,True
13,TIGER REBELS,El Shaarawy,C,6.0,5.5,False,True
13,TIGER REBELS,Brescianini,C,,,False,True
13,TIGER REBELS,Dybala,A,,,False,True
13,TIGER REBELS,Dzeko,A,5.5,5.5,False,True
13,TIGER REBELS,Almqvist,A,,,False,True
13,TIGER REBELS,Rodriguez Je.,A,5.5,5.5,False,True
13,BOVE,Ravaglia F.,P,6.5,5.5,True,False
13,BOVE,Dimarco,D,,,False,False
13,BOVE,Pavlovic,D,6.5,6.5,True,False
13,BOVE,Beukema,D,6.0,6.0,True,False
13,BOVE,Akanji,D,6.0,5.5,True,False
13,BOVE,Rabiot,C,5.5,5.5,True,False
13,BOVE,Gudmundsson A.,C,5.5,5.0,True,False
13,BOVE,Bernardeschi,C,,,False,False
13,BOVE,Giovane,A,5.5,5.5,True,False
13,BOVE,Kean,A,5.5,5.5,True,False
13,BOVE,Pellegrino M.,A,6.0,6.0,True,False
13,BOVE,Skorupski,P,,,False,True
13,BOVE,Sava,P,,,False,True
13,BOVE,Gabbia,D,5.5,5.5,True,True
13,BOVE,Heggem,D,4.5,3.5,False,True
13,BOVE,Rensch,D,6.5,6.5,False,True
13,BOVE,Vitik,D,,,False,True
13,BOVE,Thorstvedt,C,5.5,5.0,True,True
13,BOVE,Frattesi,C,,,False,True
13,BOVE,Ndour,C,,,False,True
13,BOVE,Isaksen,C,,,False,True
13,BOVE,Stengs,C,,,False,True
13,BOVE,David,A,5.0,5.0,False,True
13,BOVE,Simeone,A,5.5,5.5,False,True
13,BOVE,Kuhn,A,,,False,True
13,FANTA GPT,Milinkovic-Savic V.,P,6.5,5.5,True,False
13,FANTA GPT,Zappacosta,D,6.0,6.5,True,False
13,FANTA GPT,Luperto,D,5.0,5.0,True,False
13,FANTA GPT,Martin,D,6.0,7.0,True,False
13,FANTA GPT,Norton-Cuffy,D,5.5,5.5,True,False
13,FANTA GPT,Bernabè,C,6.0,6.0,True,False
13,FANTA GPT,Vazquez,C,5.5,5.5,True,False
13,FANTA GPT,Thuram K.,C,6.0,6.0,True,False
13,FANTA GPT,Asllani,C,6.0,6.0,True,False
13,FANTA GPT,Colombo,A,5.0,5.0,True,False
13,FANTA GPT,Castellanos,A,5.5,5.5,True,False
13,FANTA GPT,Meret,P,,,False,True
13,FANTA GPT,Contini,P,,,False,True
13,FANTA GPT,Gila,D,,,False,True
13,FANTA GPT,Gatti,D,,,False,True
13,FANTA GPT,Tsimikas,D,,,False,True
13,FANTA GPT,Estupinan,D,,,False,True
13,FANTA GPT,Samardzic,C,6.5,7.5,False,True
13,FANTA GPT,Zerbin,C,5.5,5.5,False,True
13,FANTA GPT,Koopmeiners,C,5.5,5.0,False,True
13,FANTA GPT,Freuler,C,,,False,True
13,FANTA GPT,Morata,A,,,False,True
13,FANTA GPT,Gimenez,A,,,False,True
13,FANTA GPT,Dovbyk,A,,,False,True
13,FANTA GPT,Leao,A,,,False,True
13,KKK,Falcone,P,6.0,7.0,True,False
13,KKK,Hermoso,D,6.5,6.5,True,False
13,KKK,Palestra,D,6.5,6.5,True,False
13,KKK,Vojvoda,D,,,False,False
13,KKK,Loftus-Cheek,C,6.5,7.0,True,False
13,KKK,Zhegrova,C,,,False,False
13,KKK,Locatelli,C,7.0,7.0,True,False
13,KKK,Pulisic,C,6.0,6.0,True,False
13,KKK,Vardy,A,5.5,5.5,True,False
13,KKK,Douvikas,A,5.5,5.5,True,False
13,KKK,Hojlund,A,5.0,5.0,True,False
13,KKK,De Gea,P,5.5,3.5,False,True
13,KKK,Martinelli T.,P,,,False,True
13,KKK,Kelly L.,D,7.0,7.0,True,True
13,KKK,Olivera,D,5.5,5.5,False,True
13,KKK,Gutierrez,D,,,False,True
13,KKK,Juan Jesus,D,,,False,True
13,KKK,Casadei,C,6.0,6.0,True,True
13,KKK,Tramoni M.,C,5.5,5.5,False,True
13,KKK,Sanabria,A,5.5,5.5,False,True
13,KKK,Lucca,A,,,False,True
13,KKK,Cutrone,A,,,False,True
13,KKK,Rovella,C,,,False,True
13,KKK,Atta,C,,,False,True
13,KKK,Bellanova,D,,,False,True
14,DARTH VADER,Di Gregorio,P,6.0,5.0,True,False
14,DARTH VADER,Vasquez,D,6.5,6.5,True,False
14,DARTH VADER,Buongiorno,D,6.0,6.0,True,False
14,DARTH VADER,Bremer,D,6.5,6.5,True,False
14,DARTH VADER,Zanoli,D,5.5,5.0,True,False
14,DARTH VADER,Zielinski,C,6.0,6.0,True,False
14,DARTH VADER,Guendouzi,C,6.0,5.5,True,False
14,DARTH VADER,Calhanoglu,C,,,False,False
14,DARTH VADER,Saelemaekers,C,6.0,6.0,True,False
14,DARTH VADER,Yildiz,A,7.0,7.0,True,False
14,DARTH VADER,Castro S.,A,7.0,11.0,True,False
14,DARTH VADER,Perin,P,,,False,True
14,DARTH VADER,Pinsoglio,P,,,False,True
14,DARTH VADER,Baschirotto,D,6.5,6.5,False,True
14,DARTH VADER,Canestrelli,D,5.5,5.5,False,True
14,DARTH VADER,Ranieri L.,D,6.0,5.5,False,True
14,DARTH VADER,Gallo,D,6.0,6.0,False,True
14,DARTH VADER,Ederson D.S.,C,6.0,6.0,True,True
14,DARTH VADER,Folorunsho,C,7.0,10.0,False,True
14,DARTH VADER,Frendrup,C,7.0,7.0,False,True
14,DARTH VADER,Oristanio,C,,,False,True
14,DARTH VADER,Orban G.,A,7.0,10.0,False,True
14,DARTH VADER,Stulic,A,6.0,6.0,False,True
14,DARTH VADER,Ngonge,A,,,False,True
14,DARTH VADER,Berardi,A,,,False,True
14,TEAM ASRSUPERJULIAN,Sommer,P,6.5,7.5,True,False
14,TEAM ASRSUPERJULIAN,Di Lorenzo,D,6.5,6.5,True,False
14,TEAM ASRSUPERJULIAN,Solet,D,6.0,9.0,True,False
14,TEAM ASRSUPERJULIAN,Scalvini,D,,,False,False
14,TEAM ASRSUPERJULIAN,Zortea,D,,,False,False
14,TEAM ASRSUPERJULIAN,Kostic,C,,,False,False
14,TEAM ASRSUPERJULIAN,Zaccagni,C,,,False,False
14,TEAM ASRSUPERJULIAN,Orsolini,C,7.0,9.5,True,False
14,TEAM ASRSUPERJULIAN,Scamacca,A,5.5,5.5,True,False
14,TEAM ASRSUPERJULIAN,Lang,A,5.5,5.5,True,False
14,TEAM ASRSUPERJULIAN,Adams C.,A,6.0,6.0,True,False
14,TEAM ASRSUPERJULIAN,Provedel,P,6.0,7.0,False,True
14,TEAM ASRSUPERJULIAN,Mandas,P,,,False,True
14,TEAM ASRSUPERJULIAN,Gaspar K.,D,,,False,True
14,TEAM ASRSUPERJULIAN,Van Der Brempt,D,5.5,5.5,True,True
14,TEAM ASRSUPERJULIAN,Ziolkowski,D,6.0,6.0,True,True
14,TEAM ASRSUPERJULIAN,Palma,D,,,False,True
14,TEAM ASRSUPERJULIAN,Bondo,C,6.5,6.5,True,True
14,TEAM ASRSUPERJULIAN,De Bruyne,C,,,False,True
14,TEAM ASRSUPERJULIAN,Kaba,C,6.0,6.0,True,True
14,TEAM ASRSUPERJULIAN,Onana J.,C,,,False,True
14,TEAM ASRSUPERJULIAN,Ilkhan,C,,,False,True
14,TEAM ASRSUPERJULIAN,Cancellieri,A,5.5,5.5,False,True
14,TEAM ASRSUPERJULIAN,Pinamonti,A,,,False,True
14,TEAM ASRSUPERJULIAN,Diao,A,,,False,True
14,ETHANANITA,Maignan,P,8.0,7.0,True,False
14,ETHANANITA,Cambiaso,D,6.5,7.5,True,False
14,ETHANANITA,Rrahmani,D,6.5,6.5,True,False
14,ETHANANITA,Wesley,D,6.5,6.5,True,False
14,ETHANANITA,Neres,C,5.5,5.0,True,False
14,ETHANANITA,Tourè I.,C,6.0,6.0,True,False
14,ETHANANITA,Da Cunha,C,6.0,6.0,True,False
14,ETHANANITA,Vlasic,C,7.0,10.0,True,False
14,ETHANANITA,Davis K.,A,5.0,5.0,True,False
14,ETHANANITA,Zapata D.,A,5.0,5.0,True,False
14,ETHANANITA,Esposito Se.,A,5.5,5.0,True,False
14,ETHANANITA,Semper,P,6.0,4.0,False,True
14,ETHANANITA,Scuffet,P,,,False,True
14,ETHANANITA,Dumfries,D,,,False,True
14,ETHANANITA,Dodò,D,7.0,8.0,False,True
14,ETHANANITA,Angori,D,6.5,6.5,False,True
14,ETHANANITA,Joao Mario,D,,,False,True
14,ETHANANITA,Zemura,D,,,False,True
14,ETHANANITA,Maldini,C,6.5,6.5,False,True
14,ETHANANITA,Politano,C,5.5,5.5,False,True
14,ETHANANITA,Bailey,C,5.5,5.5,False,True
14,ETHANANITA,Stanciu,C,,,False,True
14,ETHANANITA,Openda,A,7.0,11.0,False,True
14,ETHANANITA,Meister,A,5.5,5.5,False,True
14,ETHANANITA,Krstovic,A,,,False,True
14,FANTA GPT,Milinkovic-Savic V.,P,6.0,7.0,True,False
14,FANTA GPT,Zappacosta,D,6.0,6.0,True,False
14,FANTA GPT,Luperto,D,,,False,False
14,FANTA GPT,Norton-Cuffy,D,5.0,5.0,True,False
14,FANTA GPT,Bernabè,C,6.0,6.0,True,False
14,FANTA GPT,Zerbin,C,5.5,5.5,True,False
14,FANTA GPT,Thuram K.,C,6.5,6.5,True,False
14,FANTA GPT,Samardzic,C,5.0,4.5,True,False
14,FANTA GPT,Colombo,A,6.0,6.0,True,False
14,FANTA GPT,Castellanos,A,5.0,5.0,True,False
14,FANTA GPT,Leao,A,6.0,7.0,True,False
14,FANTA GPT,Meret,P,,,False,True
14,FANTA GPT,Contini,P,,,False,True
14,FANTA GPT,Gila,D,6.5,6.0,True,True
14,FANTA GPT,Martin,D,,,False,True
14,FANTA GPT,Gatti,D,,,False,True
14,FANTA GPT,Tsimikas,D,,,False,True
14,FANTA GPT,Estupinan,D,,,False,True
14,FANTA GPT,Koopmeiners,C,,,False,True
14,FANTA GPT,Vazquez,C,,,False,True
14,FANTA GPT,Asllani,C,6.0,6.0,False,True
14,FANTA GPT,Freuler,C,6.0,5.0,False,True
14,FANTA GPT,Morata,A,,,False,True
14,FANTA GPT,Gimenez,A,,,False,True
14,FANTA GPT,Dovbyk,A,,,False,True
14,VENI VIDI VICI,Carnesecchi,P,6.5,7.5,True,False
14,VENI VIDI VICI,Tavares N.,D,,,False,False
14,VENI VIDI VICI,Valeri,D,6.0,6.0,True,False
14,VENI VIDI VICI,Carlos Augusto,D,6.5,6.5,True,False
14,VENI VIDI VICI,Mkhitaryan,C,6.0,6.0,True,False
14,VENI VIDI VICI,Vandeputte,C,6.5,6.5,True,False
14,VENI VIDI VICI,Konè I.,C,6.0,6.0,True,False
14,VENI VIDI VICI,Volpato,C,6.5,6.5,True,False
14,VENI VIDI VICI,Martinez L.,A,6.5,6.5,True,False
14,VENI VIDI VICI,Esposito F.P.,A,7.0,11.0,True,False
14,VENI VIDI VICI,Thuram,A,5.5,5.0,True,False
14,VENI VIDI VICI,Rossi F.,P,,,False,True
14,VENI VIDI VICI,Sportiello,P,,,False,True
14,VENI VIDI VICI,Biraghi,D,,,False,True
14,VENI VIDI VICI,Gaetano,C,6.5,7.5,False,True
14,VENI VIDI VICI,Rowe,C,,,False,True
14,VENI VIDI VICI,Fabbian,C,,,False,True
14,VENI VIDI VICI,Carboni V.,C,,,False,True
14,VENI VIDI VICI,Moreo,A,7.0,11.0,False,True
14,VENI VIDI VICI,Camarda,A,,,False,True
14,VENI VIDI VICI,Piccoli,A,6.0,6.0,False,True
14,VENI VIDI VICI,Cuadrado,D,,,False,True
14,VENI VIDI VICI,Lovik,D,,,False,True
14,VENI VIDI VICI,N'Dicka,D,,,False,True
14,VENI VIDI VICI,Delprato,D,6.5,6.5,True,True
14,BOVE,Ravaglia F.,P,6.5,4.5,True,False
14,BOVE,Dimarco,D,,,False,False
14,BOVE,Pavlovic,D,,,False,False
14,BOVE,Beukema,D,,,False,False
14,BOVE,Akanji,D,6.0,6.0,True,False
14,BOVE,Rabiot,C,8.0,15.0,True,False
14,BOVE,Gudmundsson A.,C,7.5,11.5,True,False
14,BOVE,Frattesi,C,6.0,6.0,True,False
14,BOVE,David,A,,,False,False
14,BOVE,Kean,A,7.5,13.5,True,False
14,BOVE,Simeone,A,6.5,6.5,True,False
14,BOVE,Skorupski,P,,,False,True
14,BOVE,Sava,P,5.0,0.0,False,True
14,BOVE,Gabbia,D,5.5,5.5,True,True
14,BOVE,Heggem,D,7.0,7.0,True,True
14,BOVE,Rensch,D,6.5,6.5,True,True
14,BOVE,Vitik,D,6.5,6.0,False,True
14,BOVE,Thorstvedt,C,,,False,True
14,BOVE,Ndour,C,7.0,10.0,False,True
14,BOVE,Isaksen,C,,,False,True
14,BOVE,Bernardeschi,C,,,False,True
14,BOVE,Stengs,C,,,False,True
14,BOVE,Pellegrino M.,A,5.5,5.5,True,True
14,BOVE,Giovane,A,5.5,5.5,False,True
14,BOVE,Kuhn,A,5.5,5.5,False,True
14,WINNING MOMENT,Leali,P,4.5,4.5,True,False
14,WINNING MOMENT,Bastoni,D,6.5,6.5,True,False
14,WINNING MOMENT,Kalulu,D,6.0,6.0,True,False
14,WINNING MOMENT,Mancini,D,5.5,5.5,True,False
14,WINNING MOMENT,Pasalic,C,,,False,False
14,WINNING MOMENT,Barella,C,6.0,6.0,True,False
14,WINNING MOMENT,Zambo Anguissa,C,,,False,False
14,WINNING MOMENT,Nicolussi Caviglia,C,,,False,False
14,WINNING MOMENT,Sucic P.,C,,,False,False
14,WINNING MOMENT,Soulè,A,5.5,5.0,True,False
14,WINNING MOMENT,Bonazzoli,A,6.5,6.5,True,False
14,WINNING MOMENT,Caprile,P,6.0,4.0,False,True
14,WINNING MOMENT,Radunovic,P,,,False,True
14,WINNING MOMENT,Tomori,D,5.5,5.5,False,True
14,WINNING MOMENT,Pongracic,D,6.5,6.5,False,True
14,WINNING MOMENT,Sabelli,D,,,False,True
14,WINNING MOMENT,McKennie,C,6.5,7.0,True,True
14,WINNING MOMENT,Mandragora,C,7.0,10.0,True,True
14,WINNING MOMENT,Matic,C,5.5,5.0,True,True
14,WINNING MOMENT,Bonny,A,5.5,5.5,False,True
14,WINNING MOMENT,Nkunku,A,6.5,8.5,False,True
14,WINNING MOMENT,Benedyczak,A,,,False,True
14,WINNING MOMENT,Arena A.,A,,,False,True
14,WINNING MOMENT,Darmian,D,,,False,True
14,WINNING MOMENT,Angelino,D,,,False,True
14,KKK,Falcone,P,7.0,6.0,True,False
14,KKK,Hermoso,D,,,False,False
14,KKK,Palestra,D,6.0,6.0,True,False
14,KKK,Vojvoda,D,6.0,6.0,True,False
14,KKK,Loftus-Cheek,C,6.0,6.0,True,False
14,KKK,Casadei,C,,,False,False
14,KKK,Locatelli,C,6.5,6.5,True,False
14,KKK,Pulisic,C,,,False,False
14,KKK,Vardy,A,5.5,5.5,True,False
14,KKK,Douvikas,A,5.5,5.5,True,False
14,KKK,Hojlund,A,5.0,5.0,True,False
14,KKK,De Gea,P,6.0,5.0,False,True
14,KKK,Martinelli T.,P,,,False,True
14,KKK,Bellanova,D,,,False,True
14,KKK,Kelly L.,D,6.0,6.0,True,True
14,KKK,Olivera,D,5.5,5.5,False,True
14,KKK,Gutierrez,D,,,False,True
14,KKK,Juan Jesus,D,,,False,True
14,KKK,Tramoni M.,C,6.5,8.5,True,True
14,KKK,Sanabria,A,6.0,6.0,False,True
14,KKK,Lucca,A,,,False,True
14,KKK,Cutrone,A,5.5,5.5,False,True
14,KKK,Rovella,C,,,False,True
14,KKK,Zhegrova,C,6.0,6.0,True,True
14,KKK,Atta,C,,,False,True
14,BJ EASTONE FC,Butez,P,5.5,2.5,True,False
14,BJ EASTONE FC,Gosens,D,,,False,False
14,BJ EASTONE FC,Smolcic I.,D,,,False,False
14,BJ EASTONE FC,Ramon,D,5.5,5.0,True,False
14,BJ EASTONE FC,Paz N.,C,6.5,6.5,True,False
14,BJ EASTONE FC,Konè M.,C,6.0,5.5,True,False
14,BJ EASTONE FC,Fofana Y.,C,5.5,5.5,True,False
14,BJ EASTONE FC,Odgaard,C,6.5,9.5,True,False
14,BJ EASTONE FC,Conceicao,C,7.0,9.5,True,False
14,BJ EASTONE FC,Vlahovic,A,,,False,False
14,BJ EASTONE FC,Ferguson E.,A,6.0,6.0,True,False
14,BJ EASTONE FC,Cavlina,P,,,False,True
14,BJ EASTONE FC,Bisseck,D,,,False,True
14,BJ EASTONE FC,De Winter,D,6.0,6.0,True,True
14,BJ EASTONE FC,Veiga D.,D,6.5,6.0,True,True
14,BJ EASTONE FC,Odogu,D,,,False,True
14,BJ EASTONE FC,Kristensen T.,D,4.5,4.5,False,True
14,BJ EASTONE FC,Adzic,C,,,False,True
14,BJ EASTONE FC,Luis Henrique,C,6.0,5.5,False,True
14,BJ EASTONE FC,Vergara,C,,,False,True
14,BJ EASTONE FC,Ekhator,A,,,False,True
14,BJ EASTONE FC,Gueye,A,5.5,5.5,True,True
14,BJ EASTONE FC,Ambrosino,A,,,False,True
14,BJ EASTONE FC,Njie,A,,,False,True
14,BJ EASTONE FC,Okoye,P,4.5,4.5,False,True
14,TIGER REBELS,Svilar,P,7.0,5.0,True,False
14,TIGER REBELS,Acerbi,D,6.0,6.0,True,False
14,TIGER REBELS,Obert,D,6.0,6.0,True,False
14,TIGER REBELS,Pezzella Giu.,D,6.0,5.5,True,False
14,TIGER REBELS,Tiago Gabriel,D,6.0,6.0,True,False
14,TIGER REBELS,Masini,C,,,False,False
14,TIGER REBELS,McTominay,C,6.0,6.0,True,False
14,TIGER REBELS,Modric,C,6.0,6.0,True,False
14,TIGER REBELS,Zalewski,C,6.5,7.0,True,False
14,TIGER REBELS,Lookman,A,,,False,False
14,TIGER REBELS,De Ketelaere,A,5.0,5.0,True,False
14,TIGER REBELS,Gollini,P,,,False,True
14,TIGER REBELS,Terracciano F.,D,6.5,6.5,False,True
14,TIGER REBELS,Valle,D,,,False,True
14,TIGER REBELS,Miranda J.,D,6.0,6.0,False,True
14,TIGER REBELS,Vasquez D.,P,,,False,True
14,TIGER REBELS,Pellegrini Lo.,C,5.5,5.5,True,True
14,TIGER REBELS,El Shaarawy,C,6.0,6.0,False,True
14,TIGER REBELS,Brescianini,C,,,False,True
14,TIGER REBELS,Dybala,A,5.0,5.0,True,True
14,TIGER REBELS,Dzeko,A,,,False,True
14,TIGER REBELS,Almqvist,A,,,False,True
14,TIGER REBELS,Rodriguez Je.,A,6.5,6.5,False,True
15,KKK,De Gea,P,6.0,5.0,True,False
15,KKK,Hermoso,D,6.5,6.5,True,False
15,KKK,Palestra,D,7.0,7.0,True,False
15,KKK,Vojvoda,D,7.0,8.5,True,False
15,KKK,Loftus-Cheek,C,6.5,6.5,True,False
15,KKK,Tramoni M.,C,5.5,5.0,True,False
15,KKK,Locatelli,C,6.5,6.0,True,False
15,KKK,Pulisic,C,7.0,11.0,True,False
15,KKK,Vardy,A,5.5,5.5,True,False
15,KKK,Douvikas,A,7.0,10.0,True,False
15,KKK,Hojlund,A,8.0,15.0,True,False
15,KKK,Falcone,P,5.5,2.5,False,True
15,KKK,Martinelli T.,P,,,False,True
15,KKK,Bellanova,D,,,False,True
15,KKK,Kelly L.,D,6.5,6.5,False,True
15,KKK,Olivera,D,,,False,True
15,KKK,Gutierrez,D,6.0,6.0,False,True
15,KKK,Juan Jesus,D,6.0,5.5,False,True
15,KKK,Casadei,C,,,False,True
15,KKK,Zhegrova,C,6.5,6.5,False,True
15,KKK,Sanabria,A,5.5,5.5,False,True
15,KKK,Lucca,A,,,False,True
15,KKK,Cutrone,A,,,False,True
15,KKK,Rovella,C,,,False,True
15,KKK,Atta,C,,,False,True
15,TEAM ASRSUPERJULIAN,Provedel,P,6.0,5.0,True,False
15,TEAM ASRSUPERJULIAN,Di Lorenzo,D,6.5,6.5,True,False
15,TEAM ASRSUPERJULIAN,Solet,D,5.5,3.5,True,False
15,TEAM ASRSUPERJULIAN,Scalvini,D,,,False,False
15,TEAM ASRSUPERJULIAN,Zortea,D,6.5,7.5,True,False
15,TEAM ASRSUPERJULIAN,Kostic,C,,,False,False
15,TEAM ASRSUPERJULIAN,Zaccagni,C,5.5,5.5,True,False
15,TEAM ASRSUPERJULIAN,Orsolini,C,5.5,5.5,True,False
15,TEAM ASRSUPERJULIAN,Scamacca,A,5.5,5.5,True,False
15,TEAM ASRSUPERJULIAN,Lang,A,6.0,6.0,True,False
15,TEAM ASRSUPERJULIAN,Adams C.,A,6.5,7.5,True,False
15,TEAM ASRSUPERJULIAN,Mandas,P,,,False,True
15,TEAM ASRSUPERJULIAN,Sommer,P,6.0,7.0,False,True
15,TEAM ASRSUPERJULIAN,Gaspar K.,D,,,False,True
15,TEAM ASRSUPERJULIAN,Van Der Brempt,D,7.0,7.0,True,True
15,TEAM ASRSUPERJULIAN,Ziolkowski,D,6.5,6.5,False,True
15,TEAM ASRSUPERJULIAN,Palma,D,,,False,True
15,TEAM ASRSUPERJULIAN,Bondo,C,6.0,6.0,True,True
15,TEAM ASRSUPERJULIAN,De Bruyne,C,,,False,True
15,TEAM ASRSUPERJULIAN,Kaba,C,5.0,5.0,False,True
15,TEAM ASRSUPERJULIAN,Onana J.,C,,,False,True
15,TEAM ASRSUPERJULIAN,Ilkhan,C,,,False,True
15,TEAM ASRSUPERJULIAN,Cancellieri,A,6.5,6.0,False,True
15,TEAM ASRSUPERJULIAN,Pinamonti,A,5.5,5.5,False,True
15,TEAM ASRSUPERJULIAN,Diao,A,,,False,True
15,FANTA GPT,Milinkovic-Savic V.,P,6.0,7.0,True,False
15,FANTA GPT,Zappacosta,D,5.5,5.5,True,False
15,FANTA GPT,Gila,D,5.5,5.5,True,False
15,FANTA GPT,Norton-Cuffy,D,5.5,5.5,True,False
15,FANTA GPT,Bernabè,C,6.5,6.5,True,False
15,FANTA GPT,Asllani,C,5.5,5.5,True,False
15,FANTA GPT,Thuram K.,C,5.5,5.5,True,False
15,FANTA GPT,Koopmeiners,C,5.5,5.5,True,False
15,FANTA GPT,Colombo,A,6.0,6.0,True,False
15,FANTA GPT,Castellanos,A,6.0,6.0,True,False
15,FANTA GPT,Leao,A,,,False,False
15,FANTA GPT,Meret,P,,,False,True
15,FANTA GPT,Contini,P,,,False,True
15,FANTA GPT,Luperto,D,6.5,6.5,False,True
15,FANTA GPT,Martin,D,5.5,5.5,False,True
15,FANTA GPT,Gatti,D,,,False,True
15,FANTA GPT,Tsimikas,D,,,False,True
15,FANTA GPT,Estupinan,D,,,False,True
15,FANTA GPT,Samardzic,C,5.0,5.0,False,True
15,FANTA GPT,Zerbin,C,5.5,5.5,False,True
15,FANTA GPT,Vazquez,C,,,False,True
15,FANTA GPT,Freuler,C,,,False,True
15,FANTA GPT,Morata,A,,,False,True
15,FANTA GPT,Gimenez,A,,,False,True
15,FANTA GPT,Dovbyk,A,,,False,True
15,DARTH VADER,Di Gregorio,P,6.0,7.0,True,False
15,DARTH VADER,Bremer,D,6.0,6.0,True,False
15,DARTH VADER,Buongiorno,D,6.0,6.0,True,False
15,DARTH VADER,Baschirotto,D,5.0,5.0,True,False
15,DARTH VADER,Zanoli,D,6.0,6.0,True,False
15,DARTH VADER,Calhanoglu,C,6.5,6.5,True,False
15,DARTH VADER,Zielinski,C,6.5,6.5,True,False
15,DARTH VADER,Oristanio,C,6.0,6.0,True,False
15,DARTH VADER,Saelemaekers,C,6.0,6.0,True,False
15,DARTH VADER,Yildiz,A,6.5,9.5,True,False
15,DARTH VADER,Castro S.,A,5.5,5.5,True,False
15,DARTH VADER,Perin,P,,,False,True
15,DARTH VADER,Pinsoglio,P,,,False,True
15,DARTH VADER,Gallo,D,5.5,5.5,False,True
15,DARTH VADER,Vasquez,D,5.0,5.0,False,True
15,DARTH VADER,Canestrelli,D,6.0,6.0,False,True
15,DARTH VADER,Ranieri L.,D,,,False,True
15,DARTH VADER,Ederson D.S.,C,6.5,6.5,False,True
15,DARTH VADER,Guendouzi,C,,,False,True
15,DARTH VADER,Frendrup,C,5.5,5.0,False,True
15,DARTH VADER,Folorunsho,C,,,False,True
15,DARTH VADER,Orban G.,A,5.5,5.5,False,True
15,DARTH VADER,Stulic,A,5.5,5.5,False,True
15,DARTH VADER,Ngonge,A,6.0,6.0,False,True
15,DARTH VADER,Berardi,A,,,False,True
15,TIGER REBELS,Svilar,P,6.0,5.0,True,False
15,TIGER REBELS,Acerbi,D,,,False,False
15,TIGER REBELS,Obert,D,,,False,False
15,TIGER REBELS,Pezzella Giu.,D,5.5,5.5,True,False
15,TIGER REBELS,Tiago Gabriel,D,5.5,5.5,True,False
15,TIGER REBELS,Masini,C,,,False,False
15,TIGER REBELS,McTominay,C,6.5,6.5,True,False
15,TIGER REBELS,Modric,C,7.0,7.0,True,False
15,TIGER REBELS,Zalewski,C,6.5,6.5,True,False
15,TIGER REBELS,Lookman,A,,,False,False
15,TIGER REBELS,De Ketelaere,A,6.0,6.0,True,False
15,TIGER REBELS,Gollini,P,,,False,True
15,TIGER REBELS,Terracciano F.,D,5.5,5.5,True,True
15,TIGER REBELS,Valle,D,,,False,True
15,TIGER REBELS,Miranda J.,D,6.0,6.0,True,True
15,TIGER REBELS,Vasquez D.,P,,,False,True
15,TIGER REBELS,Pellegrini Lo.,C,,,False,True
15,TIGER REBELS,El Shaarawy,C,6.0,6.0,True,True
15,TIGER REBELS,Brescianini,C,,,False,True
15,TIGER REBELS,Dybala,A,6.5,6.5,True,True
15,TIGER REBELS,Dzeko,A,,,False,True
15,TIGER REBELS,Almqvist,A,,,False,True
15,TIGER REBELS,Rodriguez Je.,A,6.5,6.5,False,True
15,ETHANANITA,Maignan,P,6.0,7.0,True,False
15,ETHANANITA,Cambiaso,D,6.0,6.0,True,False
15,ETHANANITA,Rrahmani,D,6.0,6.0,True,False
15,ETHANANITA,Wesley,D,6.0,6.0,True,False
15,ETHANANITA,Neres,C,6.0,6.0,True,False
15,ETHANANITA,Politano,C,6.5,6.5,True,False
15,ETHANANITA,Da Cunha,C,6.5,6.5,True,False
15,ETHANANITA,Vlasic,C,7.0,9.5,True,False
15,ETHANANITA,Davis K.,A,7.0,11.0,True,False
15,ETHANANITA,Zapata D.,A,5.5,5.5,True,False
15,ETHANANITA,Openda,A,5.0,5.0,True,False
15,ETHANANITA,Semper,P,6.0,4.0,False,True
15,ETHANANITA,Scuffet,P,,,False,True
15,ETHANANITA,Angori,D,6.0,5.5,False,True
15,ETHANANITA,Dodò,D,5.5,5.5,False,True
15,ETHANANITA,Joao Mario,D,,,False,True
15,ETHANANITA,Zemura,D,,,False,True
15,ETHANANITA,Dumfries,D,,,False,True
15,ETHANANITA,Maldini,C,,,False,True
15,ETHANANITA,Tourè I.,C,5.5,5.5,False,True
15,ETHANANITA,Bailey,C,,,False,True
15,ETHANANITA,Stanciu,C,,,False,True
15,ETHANANITA,Meister,A,,,False,True
15,ETHANANITA,Esposito Se.,A,5.5,5.5,False,True
15,ETHANANITA,Krstovic,A,,,False,True
15,BOVE,Ravaglia F.,P,5.5,4.0,True,False
15,BOVE,Dimarco,D,6.5,6.5,True,False
15,BOVE,Pavlovic,D,6.5,6.5,True,False
15,BOVE,Akanji,D,7.0,7.0,True,False
15,BOVE,Rensch,D,,,False,False
15,BOVE,Rabiot,C,7.0,8.0,True,False
15,BOVE,Gudmundsson A.,C,6.0,6.0,True,False
15,BOVE,Isaksen,C,,,False,False
15,BOVE,Pellegrino M.,A,6.5,7.0,True,False
15,BOVE,Kean,A,5.0,5.0,True,False
15,BOVE,Simeone,A,5.5,5.5,True,False
15,BOVE,Skorupski,P,,,False,True
15,BOVE,Sava,P,,,False,True
15,BOVE,Vitik,D,6.0,6.0,True,True
15,BOVE,Gabbia,D,,,False,True
15,BOVE,Heggem,D,,,False,True
15,BOVE,Beukema,D,,,False,True
15,BOVE,Frattesi,C,,,False,True
15,BOVE,Ndour,C,5.5,5.5,True,True
15,BOVE,Thorstvedt,C,5.5,5.5,False,True
15,BOVE,Bernardeschi,C,,,False,True
15,BOVE,Stengs,C,,,False,True
15,BOVE,David,A,6.0,6.5,False,True
15,BOVE,Giovane,A,6.0,6.0,False,True
15,BOVE,Kuhn,A,,,False,True
15,WINNING MOMENT,Leali,P,,,False,False
15,WINNING MOMENT,Bastoni,D,6.0,5.5,True,False
15,WINNING MOMENT,Kalulu,D,7.0,11.0,True,False
15,WINNING MOMENT,Mancini,D,6.5,6.5,True,False
15,WINNING MOMENT,Pasalic,C,5.5,5.5,True,False
15,WINNING MOMENT,Barella,C,5.5,5.5,True,False
15,WINNING MOMENT,Zambo Anguissa,C,,,False,False
15,WINNING MOMENT,Nicolussi Caviglia,C,,,False,False
15,WINNING MOMENT,Sucic P.,C,,,False,False
15,WINNING MOMENT,Soulè,A,7.5,10.5,True,False
15,WINNING MOMENT,Bonazzoli,A,6.0,5.5,True,False
15,WINNING MOMENT,Caprile,P,6.5,5.5,True,True
15,WINNING MOMENT,Radunovic,P,,,False,True
15,WINNING MOMENT,Tomori,D,6.5,6.5,False,True
15,WINNING MOMENT,Pongracic,D,6.0,5.5,False,True
15,WINNING MOMENT,Sabelli,D,,,False,True
15,WINNING MOMENT,McKennie,C,6.5,6.5,True,True
15,WINNING MOMENT,Mandragora,C,5.5,5.0,True,True
15,WINNING MOMENT,Matic,C,6.5,6.5,True,True
15,WINNING MOMENT,Bonny,A,,,False,True
15,WINNING MOMENT,Nkunku,A,7.5,12.5,False,True
15,WINNING MOMENT,Benedyczak,A,5.5,5.5,False,True
15,WINNING MOMENT,Arena A.,A,,,False,True
15,WINNING MOMENT,Darmian,D,,,False,True
15,WINNING MOMENT,Angelino,D,,,False,True
15,VENI VIDI VICI,Carnesecchi,P,6.5,5.5,True,False
15,VENI VIDI VICI,Delprato,D,,,False,False
15,VENI VIDI VICI,Valeri,D,6.0,6.0,True,False
15,VENI VIDI VICI,Carlos Augusto,D,6.0,6.0,True,False
15,VENI VIDI VICI,Mkhitaryan,C,6.0,6.0,True,False
15,VENI VIDI VICI,Vandeputte,C,,,False,False
15,VENI VIDI VICI,Konè I.,C,6.0,6.0,True,False
15,VENI VIDI VICI,Volpato,C,6.0,6.0,True,False
15,VENI VIDI VICI,Martinez L.,A,7.0,11.0,True,False
15,VENI VIDI VICI,Esposito F.P.,A,6.5,7.5,True,False
15,VENI VIDI VICI,Thuram,A,5.5,5.5,True,False
15,VENI VIDI VICI,Rossi F.,P,,,False,True
15,VENI VIDI VICI,Sportiello,P,,,False,True
15,VENI VIDI VICI,Biraghi,D,,,False,True
15,VENI VIDI VICI,Gaetano,C,6.0,6.0,True,True
15,VENI VIDI VICI,Rowe,C,6.0,6.0,False,True
15,VENI VIDI VICI,Fabbian,C,7.0,10.0,False,True
15,VENI VIDI VICI,Carboni V.,C,,,False,True
15,VENI VIDI VICI,Moreo,A,5.5,5.5,False,True
15,VENI VIDI VICI,Camarda,A,5.5,5.5,False,True
15,VENI VIDI VICI,Piccoli,A,5.0,5.0,False,True
15,VENI VIDI VICI,Cuadrado,D,,,False,True
15,VENI VIDI VICI,Lovik,D,,,False,True
15,VENI VIDI VICI,N'Dicka,D,,,False,True
15,VENI VIDI VICI,Tavares N.,D,,,False,True
15,BJ EASTONE FC,Butez,P,6.5,7.0,True,False
15,BJ EASTONE FC,Bisseck,D,6.5,6.5,True,False
15,BJ EASTONE FC,Smolcic I.,D,5.5,5.0,True,False
15,BJ EASTONE FC,Ramon,D,7.0,10.0,True,False
15,BJ EASTONE FC,Kristensen T.,D,5.5,5.5,True,False
15,BJ EASTONE FC,Paz N.,C,7.5,12.5,True,False
15,BJ EASTONE FC,Konè M.,C,7.5,11.5,True,False
15,BJ EASTONE FC,Fofana Y.,C,6.0,6.0,True,False
15,BJ EASTONE FC,Odgaard,C,,,False,False
15,BJ EASTONE FC,Conceicao,C,,,False,False
15,BJ EASTONE FC,Ferguson E.,A,7.0,11.0,True,False
15,BJ EASTONE FC,Okoye,P,,,False,True
15,BJ EASTONE FC,Cavlina,P,,,False,True
15,BJ EASTONE FC,De Winter,D,6.0,6.0,False,True
15,BJ EASTONE FC,Veiga D.,D,5.0,5.0,False,True
15,BJ EASTONE FC,Odogu,D,,,False,True
15,BJ EASTONE FC,Luis Henrique,C,5.5,5.5,True,True
15,BJ EASTONE FC,Adzic,C,,,False,True
15,BJ EASTONE FC,Vergara,C,,,False,True
15,BJ EASTONE FC,Ekhator,A,6.5,9.5,False,True
15,BJ EASTONE FC,Gueye,A,,,False,True
15,BJ EASTONE FC,Ambrosino,A,,,False,True
15,BJ EASTONE FC,Njie,A,,,False,True
15,BJ EASTONE FC,Gosens,D,6.0,6.0,False,True
15,BJ EASTONE FC,Vlahovic,A,,,False,True
16,TEAM ASRSUPERJULIAN,Provedel,P,6.0,4.0,True,False
16,TEAM ASRSUPERJULIAN,Di Lorenzo,D,6.5,6.5,True,False
16,TEAM ASRSUPERJULIAN,Solet,D,6.0,6.0,True,False
16,TEAM ASRSUPERJULIAN,Scalvini,D,7.0,11.0,True,False
16,TEAM ASRSUPERJULIAN,Zortea,D,5.5,5.5,True,False
16,TEAM ASRSUPERJULIAN,Kostic,C,6.0,6.0,True,False
16,TEAM ASRSUPERJULIAN,Zaccagni,C,5.5,5.0,True,False
16,TEAM ASRSUPERJULIAN,Orsolini,C,6.0,6.0,True,False
16,TEAM ASRSUPERJULIAN,Scamacca,A,6.0,6.0,True,False
16,TEAM ASRSUPERJULIAN,Lang,A,,,False,False
16,TEAM ASRSUPERJULIAN,Adams C.,A,6.0,6.0,True,False
16,TEAM ASRSUPERJULIAN,Mandas,P,,,False,True
16,TEAM ASRSUPERJULIAN,Sommer,P,6.0,5.0,False,True
16,TEAM ASRSUPERJULIAN,Ziolkowski,D,5.5,5.5,False,True
16,TEAM ASRSUPERJULIAN,Gaspar K.,D,7.0,7.0,False,True
16,TEAM ASRSUPERJULIAN,N'Dicka,D,,,False,True
16,TEAM ASRSUPERJULIAN,Palma,D,,,False,True
16,TEAM ASRSUPERJULIAN,Berisha M.,C,,,False,True
16,TEAM ASRSUPERJULIAN,Bondo,C,5.5,5.0,False,True
16,TEAM ASRSUPERJULIAN,De Bruyne,C,,,False,True
16,TEAM ASRSUPERJULIAN,Kaba,C,5.0,5.0,False,True
16,TEAM ASRSUPERJULIAN,Cataldi,C,5.0,4.5,False,True
16,TEAM ASRSUPERJULIAN,Cancellieri,A,5.5,5.5,True,True
16,TEAM ASRSUPERJULIAN,Diao,A,,,False,True
16,TEAM ASRSUPERJULIAN,Milik,A,,,False,True
16,VENI VIDI VICI,Carnesecchi,P,6.5,7.5,True,False
16,VENI VIDI VICI,Kolasinac,D,6.0,6.0,True,False
16,VENI VIDI VICI,Valeri,D,6.0,6.0,True,False
16,VENI VIDI VICI,Carlos Augusto,D,6.0,6.0,True,False
16,VENI VIDI VICI,Sorensen O.,C,5.5,5.5,True,False
16,VENI VIDI VICI,Zaniolo,C,6.0,6.0,True,False
16,VENI VIDI VICI,Konè I.,C,6.0,6.0,True,False
16,VENI VIDI VICI,Volpato,C,,,False,False
16,VENI VIDI VICI,Martinez L.,A,7.0,12.0,True,False
16,VENI VIDI VICI,Esposito F.P.,A,6.0,6.0,True,False
16,VENI VIDI VICI,Thuram,A,7.0,10.0,True,False
16,VENI VIDI VICI,Rossi F.,P,,,False,True
16,VENI VIDI VICI,Sportiello,P,,,False,True
16,VENI VIDI VICI,Pellegrini Lu.,D,5.0,5.0,False,True
16,VENI VIDI VICI,Lazaro,D,6.5,6.5,False,True
16,VENI VIDI VICI,Kamara H.,D,5.5,5.0,False,True
16,VENI VIDI VICI,Doig,D,6.5,6.5,False,True
16,VENI VIDI VICI,Rugani,D,,,False,True
16,VENI VIDI VICI,Gaetano,C,6.0,6.0,True,True
16,VENI VIDI VICI,Pierotti,C,5.5,5.5,False,True
16,VENI VIDI VICI,Zerbin,C,6.0,6.0,False,True
16,VENI VIDI VICI,Rowe,C,5.0,4.5,False,True
16,VENI VIDI VICI,Vitinha O.,A,6.0,6.0,False,True
16,VENI VIDI VICI,Piccoli,A,5.5,5.5,False,True
16,VENI VIDI VICI,Ekuban,A,6.0,6.0,False,True
16,BOVE,Ravaglia F.,P,7.0,4.0,True,False
16,BOVE,Dimarco,D,6.5,7.5,True,False
16,BOVE,Rensch,D,5.5,5.5,True,False
16,BOVE,Akanji,D,6.5,6.5,True,False
16,BOVE,Rabiot,C,6.5,7.5,True,False
16,BOVE,Gudmundsson A.,C,6.0,6.0,True,False
16,BOVE,Elmas,C,5.5,5.5,True,False
16,BOVE,Isaksen,C,5.5,5.5,True,False
16,BOVE,Pellegrino M.,A,7.0,11.0,True,False
16,BOVE,Kean,A,7.0,11.0,True,False
16,BOVE,Simeone,A,7.0,11.0,True,False
16,BOVE,Skorupski,P,,,False,True
16,BOVE,Sommariva,P,,,False,True
16,BOVE,Gabbia,D,,,False,True
16,BOVE,Pavlovic,D,,,False,True
16,BOVE,Heggem,D,5.5,5.5,False,True
16,BOVE,Lucumì,D,5.0,5.0,False,True
16,BOVE,Otoa,D,6.0,6.0,False,True
16,BOVE,Frattesi,C,,,False,True
16,BOVE,Mkhitaryan,C,6.0,6.0,False,True
16,BOVE,Thorstvedt,C,7.0,10.0,False,True
16,BOVE,Ondrejka,C,6.0,6.0,False,True
16,BOVE,Giovane,A,6.0,6.0,False,True
16,BOVE,David,A,4.5,2.5,False,True
16,BOVE,Cambiaghi,A,5.0,5.0,False,True
16,KKK,De Gea,P,6.5,7.5,True,False
16,KKK,Muharemovic,D,6.0,6.0,True,False
16,KKK,Palestra,D,6.0,5.5,True,False
16,KKK,Vojvoda,D,6.0,6.0,True,False
16,KKK,Loftus-Cheek,C,6.0,6.0,True,False
16,KKK,Malinovskyi,C,6.0,5.5,True,False
16,KKK,Locatelli,C,6.5,6.5,True,False
16,KKK,Pulisic,C,,,False,False
16,KKK,Vardy,A,5.5,5.5,True,False
16,KKK,Douvikas,A,6.0,6.0,True,False
16,KKK,Hojlund,A,6.0,6.0,True,False
16,KKK,Martinelli T.,P,,,False,True
16,KKK,Falcone,P,8.0,8.5,False,True
16,KKK,Bellanova,D,,,False,True
16,KKK,Ostigard,D,6.5,6.5,False,True
16,KKK,Van Der Brempt,D,6.0,6.0,False,True
16,KKK,Romagnoli,D,6.0,5.5,False,True
16,KKK,Bernasconi,D,6.5,6.5,False,True
16,KKK,Cristante,C,5.5,5.5,True,True
16,KKK,Casadei,C,7.0,10.0,False,True
16,KKK,Zhegrova,C,6.0,6.0,False,True
16,KKK,Atta,C,,,False,True
16,KKK,Lucca,A,,,False,True
16,KKK,Borrelli,A,5.5,5.5,False,True
16,KKK,Camarda,A,5.0,5.0,False,True
16,ETHANANITA,Maignan,P,6.0,7.0,True,False
16,ETHANANITA,Bartesaghi,D,6.5,6.5,True,False
16,ETHANANITA,Cambiaso,D,5.0,5.0,True,False
16,ETHANANITA,Rrahmani,D,7.5,10.0,True,False
16,ETHANANITA,Marusic,D,4.0,3.0,True,False
16,ETHANANITA,Wesley,D,6.0,6.0,True,False
16,ETHANANITA,Neres,C,6.5,6.5,True,False
16,ETHANANITA,Vlasic,C,6.5,6.5,True,False
16,ETHANANITA,Da Cunha,C,7.0,10.0,True,False
16,ETHANANITA,Politano,C,7.5,9.5,True,False
16,ETHANANITA,Davis K.,A,5.5,5.5,True,False
16,ETHANANITA,Terracciano,P,,,False,True
16,ETHANANITA,Semper,P,6.5,5.5,False,True
16,ETHANANITA,Dodò,D,6.0,5.5,False,True
16,ETHANANITA,Estupinan,D,5.5,5.5,False,True
16,ETHANANITA,Dumfries,D,,,False,True
16,ETHANANITA,Basic,C,5.5,5.5,False,True
16,ETHANANITA,Tourè I.,C,6.0,6.0,False,True
16,ETHANANITA,Maldini,C,6.0,6.0,False,True
16,ETHANANITA,Sulemana I.,C,,,False,True
16,ETHANANITA,Openda,A,5.0,5.0,False,True
16,ETHANANITA,Zapata D.,A,6.0,6.0,False,True
16,ETHANANITA,Addai,A,,,False,True
16,ETHANANITA,Lukaku,A,,,False,True
16,ETHANANITA,Pavoletti,A,,,False,True
16,DARTH VADER,Di Gregorio,P,6.0,5.0,True,False
16,DARTH VADER,Vasquez,D,5.5,5.5,True,False
16,DARTH VADER,Bremer,D,5.5,5.5,True,False
16,DARTH VADER,Celik,D,5.5,5.5,True,False
16,DARTH VADER,Calhanoglu,C,6.5,7.0,True,False
16,DARTH VADER,Zielinski,C,7.0,10.0,True,False
16,DARTH VADER,Perrone,C,6.5,6.5,True,False
16,DARTH VADER,Saelemaekers,C,6.0,5.5,True,False
16,DARTH VADER,Yildiz,A,7.0,7.0,True,False
16,DARTH VADER,Castro S.,A,6.5,9.5,True,False
16,DARTH VADER,Pinamonti,A,5.0,5.0,True,False
16,DARTH VADER,Perin,P,,,False,True
16,DARTH VADER,Pinsoglio,P,,,False,True
16,DARTH VADER,Buongiorno,D,,,False,True
16,DARTH VADER,Baschirotto,D,6.0,6.0,False,True
16,DARTH VADER,Gallo,D,6.0,6.0,False,True
16,DARTH VADER,Canestrelli,D,6.0,5.5,False,True
16,DARTH VADER,Zanoli,D,6.0,6.0,False,True
16,DARTH VADER,Ederson D.S.,C,6.0,6.0,False,True
16,DARTH VADER,Frendrup,C,6.0,6.0,False,True
16,DARTH VADER,Guendouzi,C,6.0,6.0,False,True
16,DARTH VADER,Oristanio,C,6.0,6.0,False,True
16,DARTH VADER,Kilicsoy,A,5.5,5.5,False,True
16,DARTH VADER,Stulic,A,6.0,6.0,False,True
16,DARTH VADER,Berardi,A,,,False,True
16,WINNING MOMENT,Leali,P,5.0,4.0,True,False
16,WINNING MOMENT,Kalulu,D,5.5,5.5,True,False
16,WINNING MOMENT,Bastoni,D,6.0,5.5,True,False
16,WINNING MOMENT,Tomori,D,6.0,6.0,True,False
16,WINNING MOMENT,Mancini,D,6.0,5.5,True,False
16,WINNING MOMENT,McKennie,C,7.0,11.0,True,False
16,WINNING MOMENT,Barella,C,6.0,5.5,True,False
16,WINNING MOMENT,Mandragora,C,6.0,6.0,True,False
16,WINNING MOMENT,Sucic P.,C,6.0,6.0,True,False
16,WINNING MOMENT,Matic,C,5.5,5.0,True,False
16,WINNING MOMENT,Soulè,A,5.5,5.5,True,False
16,WINNING MOMENT,Caprile,P,6.0,5.0,False,True
16,WINNING MOMENT,Radunovic,P,,,False,True
16,WINNING MOMENT,Kempf,D,6.0,6.0,False,True
16,WINNING MOMENT,Pongracic,D,6.0,6.0,False,True
16,WINNING MOMENT,Spinazzola,D,7.0,11.0,False,True
16,WINNING MOMENT,Sabelli,D,,,False,True
16,WINNING MOMENT,Pasalic,C,,,False,True
16,WINNING MOMENT,Nicolussi Caviglia,C,,,False,True
16,WINNING MOMENT,Bonazzoli,A,5.5,5.5,False,True
16,WINNING MOMENT,Benedyczak,A,,,False,True
16,WINNING MOMENT,Bonny,A,,,False,True
16,WINNING MOMENT,Arena A.,A,,,False,True
16,TIGER REBELS,Svilar,P,5.0,4.0,True,False
16,TIGER REBELS,Acerbi,D,,,False,False
16,TIGER REBELS,Obert,D,6.0,6.0,True,False
16,TIGER REBELS,Pezzella Giu.,D,5.5,5.5,True,False
16,TIGER REBELS,Tiago Gabriel,D,5.5,5.5,True,False
16,TIGER REBELS,Masini,C,,,False,False
16,TIGER REBELS,McTominay,C,6.5,6.5,True,False
16,TIGER REBELS,Modric,C,7.0,7.0,True,False
16,TIGER REBELS,Zalewski,C,6.0,7.0,True,False
16,TIGER REBELS,Lookman,A,,,False,False
16,TIGER REBELS,De Ketelaere,A,6.0,6.0,True,False
16,TIGER REBELS,Gollini,P,,,False,True
16,TIGER REBELS,Terracciano F.,D,6.5,6.5,True,True
16,TIGER REBELS,Valle,D,,,False,True
16,TIGER REBELS,Miranda J.,D,,,False,True
16,TIGER REBELS,Vasquez D.,P,,,False,True
16,TIGER REBELS,Pellegrini Lo.,C,,,False,True
16,TIGER REBELS,El Shaarawy,C,5.5,5.5,True,True
16,TIGER REBELS,Brescianini,C,,,False,True
16,TIGER REBELS,Dybala,A,5.0,5.0,True,True
16,TIGER REBELS,Dzeko,A,,,False,True
16,TIGER REBELS,Almqvist,A,6.0,6.0,False,True
16,TIGER REBELS,Rodriguez Je.,A,6.5,6.0,False,True
16,BJ EASTONE FC,Butez,P,6.0,7.0,True,False
16,BJ EASTONE FC,Gosens,D,6.0,6.0,True,False
16,BJ EASTONE FC,De Winter,D,6.5,6.5,True,False
16,BJ EASTONE FC,Ramon,D,6.5,6.5,True,False
16,BJ EASTONE FC,Kristensen T.,D,6.5,6.5,True,False
16,BJ EASTONE FC,Paz N.,C,6.0,6.0,True,False
16,BJ EASTONE FC,Konè M.,C,5.5,5.5,True,False
16,BJ EASTONE FC,Fofana Y.,C,6.0,6.0,True,False
16,BJ EASTONE FC,Odgaard,C,5.5,5.5,True,False
16,BJ EASTONE FC,Luis Henrique,C,6.0,6.0,True,False
16,BJ EASTONE FC,Laurientè,A,6.0,6.0,True,False
16,BJ EASTONE FC,Okoye,P,,,False,True
16,BJ EASTONE FC,Cavlina,P,,,False,True
16,BJ EASTONE FC,Bisseck,D,6.0,6.0,False,True
16,BJ EASTONE FC,Smolcic I.,D,,,False,True
16,BJ EASTONE FC,Veiga D.,D,5.5,5.0,False,True
16,BJ EASTONE FC,Odogu,D,,,False,True
16,BJ EASTONE FC,Conceicao,C,5.5,5.5,False,True
16,BJ EASTONE FC,Vergara,C,,,False,True
16,BJ EASTONE FC,Adzic,C,,,False,True
16,BJ EASTONE FC,Ekhator,A,5.5,5.5,False,True
16,BJ EASTONE FC,Ferguson E.,A,5.0,5.0,False,True
16,BJ EASTONE FC,Vlahovic,A,,,False,True
16,BJ EASTONE FC,Bravo,A,,,False,True
16,BJ EASTONE FC,Buffon L.,A,,,False,True
16,FANTA GPT,Milinkovic-Savic V.,P,6.0,7.0,True,False
16,FANTA GPT,Martin,D,6.0,6.0,True,False
16,FANTA GPT,Kelly L.,D,6.0,6.0,True,False
16,FANTA GPT,Norton-Cuffy,D,6.0,6.0,True,False
16,FANTA GPT,Zappacosta,D,6.0,6.0,True,False
16,FANTA GPT,Vazquez,C,6.0,6.0,True,False
16,FANTA GPT,Thuram K.,C,6.0,6.0,True,False
16,FANTA GPT,Bernabè,C,6.5,6.5,True,False
16,FANTA GPT,Colombo,A,7.0,10.0,True,False
16,FANTA GPT,Esposito Se.,A,6.0,6.0,True,False
16,FANTA GPT,Leao,A,7.0,11.0,True,False
16,FANTA GPT,Meret,P,,,False,True
16,FANTA GPT,Contini,P,,,False,True
16,FANTA GPT,Hermoso,D,5.5,5.0,False,True
16,FANTA GPT,Gila,D,5.5,5.5,False,True
16,FANTA GPT,Luperto,D,5.5,5.5,False,True
16,FANTA GPT,Gatti,D,,,False,True
16,FANTA GPT,Asllani,C,,,False,True
16,FANTA GPT,Samardzic,C,,,False,True
16,FANTA GPT,Koopmeiners,C,5.5,5.5,False,True
16,FANTA GPT,Prati,C,5.5,5.5,False,True
16,FANTA GPT,Diouf,C,,,False,True
16,FANTA GPT,Castellanos,A,,,False,True
16,FANTA GPT,Dovbyk,A,5.5,5.5,False,True
16,FANTA GPT,Dominguez B.,A,,,False,True
17,DARTH VADER,Di Gregorio,P,6.0,7.0,True,False
17,DARTH VADER,Buongiorno,D,5.0,5.0,True,False
17,DARTH VADER,Bremer,D,6.5,6.5,True,False
17,DARTH VADER,Baschirotto,D,5.5,5.5,True,False
17,DARTH VADER,Zielinski,C,6.0,6.0,True,False
17,DARTH VADER,Calhanoglu,C,6.5,6.0,True,False
17,DARTH VADER,Perrone,C,7.0,11.0,True,False
17,DARTH VADER,Saelemaekers,C,6.0,6.0,True,False
17,DARTH VADER,Yildiz,A,6.5,6.5,True,False
17,DARTH VADER,Pinamonti,A,5.0,5.0,True,False
17,DARTH VADER,Kilicsoy,A,6.5,6.5,True,False
17,DARTH VADER,Perin,P,,,False,True
17,DARTH VADER,Pinsoglio,P,,,False,True
17,DARTH VADER,Celik,D,6.5,6.5,False,True
17,DARTH VADER,Zanoli,D,7.0,8.0,False,True
17,DARTH VADER,Vasquez,D,6.5,6.5,False,True
17,DARTH VADER,Gallo,D,5.5,5.5,False,True
17,DARTH VADER,Canestrelli,D,5.5,5.5,False,True
17,DARTH VADER,Ederson D.S.,C,6.5,6.5,False,True
17,DARTH VADER,Guendouzi,C,5.5,5.5,False,True
17,DARTH VADER,Frendrup,C,6.0,6.0,False,True
17,DARTH VADER,Oristanio,C,5.0,5.0,False,True
17,DARTH VADER,Castro S.,A,5.5,5.5,False,True
17,DARTH VADER,Stulic,A,5.5,5.5,False,True
17,DARTH VADER,Berardi,A,,,False,True
17,TIGER REBELS,Svilar,P,6.0,7.0,True,False
17,TIGER REBELS,Terracciano F.,D,6.0,6.0,True,False
17,TIGER REBELS,Obert,D,6.0,6.0,True,False
17,TIGER REBELS,Pezzella Giu.,D,6.0,6.0,True,False
17,TIGER REBELS,Tiago Gabriel,D,5.5,5.5,True,False
17,TIGER REBELS,Masini,C,6.0,6.0,True,False
17,TIGER REBELS,McTominay,C,6.5,9.5,True,False
17,TIGER REBELS,Modric,C,6.0,6.0,True,False
17,TIGER REBELS,Zalewski,C,6.5,6.5,True,False
17,TIGER REBELS,Dybala,A,6.5,7.5,True,False
17,TIGER REBELS,De Ketelaere,A,7.5,8.5,True,False
17,TIGER REBELS,Gollini,P,,,False,True
17,TIGER REBELS,Valle,D,6.0,6.0,False,True
17,TIGER REBELS,Miranda J.,D,6.0,6.0,False,True
17,TIGER REBELS,Vasquez D.,P,,,False,True
17,TIGER REBELS,Pellegrini Lo.,C,,,False,True
17,TIGER REBELS,El Shaarawy,C,6.0,6.0,False,True
17,TIGER REBELS,Brescianini,C,,,False,True
17,TIGER REBELS,Dzeko,A,,,False,True
17,TIGER REBELS,Almqvist,A,5.5,5.5,False,True
17,TIGER REBELS,Rodriguez Je.,A,6.5,7.5,False,True
17,ETHANANITA,Maignan,P,6.0,4.5,True,False
17,ETHANANITA,Bartesaghi,D,5.0,5.0,True,False
17,ETHANANITA,Cambiaso,D,6.5,6.5,True,False
17,ETHANANITA,Rrahmani,D,6.0,6.0,True,False
17,ETHANANITA,Wesley,D,6.0,6.0,True,False
17,ETHANANITA,Basic,C,6.5,6.5,True,False
17,ETHANANITA,Vlasic,C,5.0,5.0,True,False
17,ETHANANITA,Da Cunha,C,5.5,5.0,True,False
17,ETHANANITA,Politano,C,5.5,5.5,True,False
17,ETHANANITA,Davis K.,A,7.0,8.0,True,False
17,ETHANANITA,Openda,A,,,False,False
17,ETHANANITA,Terracciano,P,,,False,True
17,ETHANANITA,Semper,P,6.0,3.0,False,True
17,ETHANANITA,Dodò,D,6.0,6.0,False,True
17,ETHANANITA,Estupinan,D,,,False,True
17,ETHANANITA,Marusic,D,,,False,True
17,ETHANANITA,Dumfries,D,,,False,True
17,ETHANANITA,Tourè I.,C,5.5,5.5,False,True
17,ETHANANITA,Maldini,C,,,False,True
17,ETHANANITA,Neres,C,,,False,True
17,ETHANANITA,Sulemana I.,C,,,False,True
17,ETHANANITA,Zapata D.,A,6.0,6.0,True,True
17,ETHANANITA,Addai,A,,,False,True
17,ETHANANITA,Lukaku,A,,,False,True
17,ETHANANITA,Pavoletti,A,,,False,True
17,KKK,De Gea,P,7.0,5.0,True,False
17,KKK,Bernasconi,D,6.5,6.5,True,False
17,KKK,Palestra,D,6.5,6.5,True,False
17,KKK,Vojvoda,D,6.5,6.5,True,False
17,KKK,Atta,C,6.5,6.5,True,False
17,KKK,Locatelli,C,7.0,7.0,True,False
17,KKK,Pulisic,C,6.0,6.0,True,False
17,KKK,Cristante,C,6.5,6.0,True,False
17,KKK,Vardy,A,7.5,11.0,True,False
17,KKK,Douvikas,A,7.5,12.5,True,False
17,KKK,Hojlund,A,5.5,5.5,True,False
17,KKK,Martinelli T.,P,,,False,True
17,KKK,Falcone,P,6.0,4.0,False,True
17,KKK,Romagnoli,D,6.5,6.5,False,True
17,KKK,Bellanova,D,,,False,True
17,KKK,Van Der Brempt,D,,,False,True
17,KKK,Ostigard,D,6.5,6.5,False,True
17,KKK,Muharemovic,D,4.5,2.5,False,True
17,KKK,Casadei,C,6.5,9.0,False,True
17,KKK,Loftus-Cheek,C,6.0,6.0,False,True
17,KKK,Malinovskyi,C,6.5,7.5,False,True
17,KKK,Zhegrova,C,,,False,True
17,KKK,Lucca,A,5.5,5.5,False,True
17,KKK,Borrelli,A,6.5,7.0,False,True
17,KKK,Camarda,A,5.5,5.5,False,True
17,BJ EASTONE FC,Butez,P,7.0,10.0,True,False
17,BJ EASTONE FC,Gosens,D,7.0,9.5,True,False
17,BJ EASTONE FC,De Winter,D,,,False,False
17,BJ EASTONE FC,Ramon,D,6.5,6.0,True,False
17,BJ EASTONE FC,Kristensen T.,D,5.5,5.0,True,False
17,BJ EASTONE FC,Paz N.,C,6.0,6.0,True,False
17,BJ EASTONE FC,Konè M.,C,6.0,6.0,True,False
17,BJ EASTONE FC,Fofana Y.,C,5.0,5.0,True,False
17,BJ EASTONE FC,Odgaard,C,,,False,False
17,BJ EASTONE FC,Luis Henrique,C,6.0,6.0,True,False
17,BJ EASTONE FC,Laurientè,A,5.0,5.0,True,False
17,BJ EASTONE FC,Okoye,P,6.5,5.5,False,True
17,BJ EASTONE FC,Cavlina,P,,,False,True
17,BJ EASTONE FC,Bisseck,D,7.0,7.0,True,True
17,BJ EASTONE FC,Smolcic I.,D,6.5,6.5,False,True
17,BJ EASTONE FC,Veiga D.,D,5.5,5.5,False,True
17,BJ EASTONE FC,Odogu,D,,,False,True
17,BJ EASTONE FC,Conceicao,C,,,False,True
17,BJ EASTONE FC,Vergara,C,,,False,True
17,BJ EASTONE FC,Adzic,C,,,False,True
17,BJ EASTONE FC,Ekhator,A,6.5,6.5,False,True
17,BJ EASTONE FC,Ferguson E.,A,7.0,11.0,False,True
17,BJ EASTONE FC,Vlahovic,A,,,False,True
17,BJ EASTONE FC,Bravo,A,,,False,True
17,BJ EASTONE FC,Buffon L.,A,,,False,True
17,BOVE,Ravaglia F.,P,6.0,4.0,True,False
17,BOVE,Dimarco,D,7.5,11.5,True,False
17,BOVE,Pavlovic,D,6.0,5.5,True,False
17,BOVE,Akanji,D,7.0,7.0,True,False
17,BOVE,Rabiot,C,6.5,6.5,True,False
17,BOVE,Gudmundsson A.,C,7.0,9.0,True,False
17,BOVE,Elmas,C,5.5,5.5,True,False
17,BOVE,Isaksen,C,5.5,5.5,True,False
17,BOVE,Cambiaghi,A,6.0,6.0,True,False
17,BOVE,Kean,A,5.5,5.5,True,False
17,BOVE,Simeone,A,5.0,5.0,True,False
17,BOVE,Skorupski,P,,,False,True
17,BOVE,Sommariva,P,,,False,True
17,BOVE,Rensch,D,,,False,True
17,BOVE,Gabbia,D,5.0,4.5,False,True
17,BOVE,Heggem,D,5.0,5.0,False,True
17,BOVE,Lucumì,D,,,False,True
17,BOVE,Otoa,D,,,False,True
17,BOVE,Mkhitaryan,C,6.0,6.0,False,True
17,BOVE,Thorstvedt,C,6.0,6.0,False,True
17,BOVE,Ondrejka,C,6.5,6.5,False,True
17,BOVE,Frattesi,C,,,False,True
17,BOVE,Pellegrino M.,A,5.5,5.5,False,True
17,BOVE,Giovane,A,5.5,5.5,False,True
17,BOVE,David,A,7.5,11.5,False,True
17,FANTA GPT,Milinkovic-Savic V.,P,6.0,4.0,True,False
17,FANTA GPT,Martin,D,6.0,6.0,True,False
17,FANTA GPT,Luperto,D,5.0,4.5,True,False
17,FANTA GPT,Gila,D,6.0,6.0,True,False
17,FANTA GPT,Zappacosta,D,6.0,6.0,True,False
17,FANTA GPT,Bernabè,C,5.5,5.5,True,False
17,FANTA GPT,Thuram K.,C,6.5,6.5,True,False
17,FANTA GPT,Vazquez,C,,,False,False
17,FANTA GPT,Colombo,A,7.0,10.0,True,False
17,FANTA GPT,Dovbyk,A,7.0,10.0,True,False
17,FANTA GPT,Leao,A,7.0,11.0,True,False
17,FANTA GPT,Meret,P,,,False,True
17,FANTA GPT,Contini,P,,,False,True
17,FANTA GPT,Hermoso,D,,,False,True
17,FANTA GPT,Norton-Cuffy,D,6.0,6.0,False,True
17,FANTA GPT,Kelly L.,D,,,False,True
17,FANTA GPT,Gatti,D,,,False,True
17,FANTA GPT,Asllani,C,,,False,True
17,FANTA GPT,Samardzic,C,,,False,True
17,FANTA GPT,Koopmeiners,C,6.0,6.0,True,True
17,FANTA GPT,Prati,C,5.5,5.5,False,True
17,FANTA GPT,Diouf,C,,,False,True
17,FANTA GPT,Castellanos,A,,,False,True
17,FANTA GPT,Esposito Se.,A,6.0,6.0,False,True
17,FANTA GPT,Dominguez B.,A,,,False,True
17,VENI VIDI VICI,Carnesecchi,P,6.5,7.5,True,False
17,VENI VIDI VICI,Carlos Augusto,D,6.5,6.0,True,False
17,VENI VIDI VICI,Valeri,D,6.0,6.0,True,False
17,VENI VIDI VICI,Kamara H.,D,6.0,6.0,True,False
17,VENI VIDI VICI,Sorensen O.,C,5.5,5.5,True,False
17,VENI VIDI VICI,Zaniolo,C,7.0,10.0,True,False
17,VENI VIDI VICI,Konè I.,C,5.0,5.0,True,False
17,VENI VIDI VICI,Gaetano,C,5.5,5.5,True,False
17,VENI VIDI VICI,Martinez L.,A,5.5,5.5,True,False
17,VENI VIDI VICI,Esposito F.P.,A,6.5,6.5,True,False
17,VENI VIDI VICI,Thuram,A,7.0,9.5,True,False
17,VENI VIDI VICI,Rossi F.,P,,,False,True
17,VENI VIDI VICI,Sportiello,P,,,False,True
17,VENI VIDI VICI,Kolasinac,D,,,False,True
17,VENI VIDI VICI,Pellegrini Lu.,D,6.0,5.5,False,True
17,VENI VIDI VICI,Lazaro,D,6.0,7.0,False,True
17,VENI VIDI VICI,Doig,D,5.0,5.0,False,True
17,VENI VIDI VICI,Rugani,D,,,False,True
17,VENI VIDI VICI,Pierotti,C,5.0,5.0,False,True
17,VENI VIDI VICI,Zerbin,C,6.0,6.0,False,True
17,VENI VIDI VICI,Rowe,C,6.0,6.0,False,True
17,VENI VIDI VICI,Volpato,C,,,False,True
17,VENI VIDI VICI,Vitinha O.,A,6.5,6.5,False,True
17,VENI VIDI VICI,Piccoli,A,6.0,6.0,False,True
17,VENI VIDI VICI,Ekuban,A,,,False,True
17,TEAM ASRSUPERJULIAN,Sommer,P,6.0,7.0,True,False
17,TEAM ASRSUPERJULIAN,Di Lorenzo,D,6.5,10.5,True,False
17,TEAM ASRSUPERJULIAN,Solet,D,6.0,6.0,True,False
17,TEAM ASRSUPERJULIAN,Scalvini,D,6.5,6.5,True,False
17,TEAM ASRSUPERJULIAN,Zortea,D,5.5,5.5,True,False
17,TEAM ASRSUPERJULIAN,Kostic,C,,,False,False
17,TEAM ASRSUPERJULIAN,Zaccagni,C,6.0,5.5,True,False
17,TEAM ASRSUPERJULIAN,Orsolini,C,5.0,5.0,True,False
17,TEAM ASRSUPERJULIAN,Scamacca,A,,,False,False
17,TEAM ASRSUPERJULIAN,Lang,A,6.5,7.5,True,False
17,TEAM ASRSUPERJULIAN,Adams C.,A,5.5,5.5,True,False
17,TEAM ASRSUPERJULIAN,Provedel,P,6.0,4.0,False,True
17,TEAM ASRSUPERJULIAN,Mandas,P,,,False,True
17,TEAM ASRSUPERJULIAN,Ziolkowski,D,7.0,7.0,False,True
17,TEAM ASRSUPERJULIAN,Gaspar K.,D,5.0,4.5,False,True
17,TEAM ASRSUPERJULIAN,N'Dicka,D,,,False,True
17,TEAM ASRSUPERJULIAN,Palma,D,,,False,True
17,TEAM ASRSUPERJULIAN,Berisha M.,C,,,False,True
17,TEAM ASRSUPERJULIAN,Bondo,C,6.0,5.5,True,True
17,TEAM ASRSUPERJULIAN,De Bruyne,C,,,False,True
17,TEAM ASRSUPERJULIAN,Cataldi,C,7.0,10.0,False,True
17,TEAM ASRSUPERJULIAN,Kaba,C,5.5,5.5,False,True
17,TEAM ASRSUPERJULIAN,Cancellieri,A,6.0,5.5,True,True
17,TEAM ASRSUPERJULIAN,Diao,A,,,False,True
17,TEAM ASRSUPERJULIAN,Milik,A,,,False,True
17,WINNING MOMENT,Leali,P,7.0,5.5,True,False
17,WINNING MOMENT,Kalulu,D,6.5,6.5,True,False
17,WINNING MOMENT,Bastoni,D,,,False,False
17,WINNING MOMENT,Tomori,D,6.0,5.5,True,False
17,WINNING MOMENT,Mancini,D,,,False,False
17,WINNING MOMENT,McKennie,C,6.5,6.5,True,False
17,WINNING MOMENT,Barella,C,6.5,7.5,True,False
17,WINNING MOMENT,Mandragora,C,6.5,6.5,True,False
17,WINNING MOMENT,Sucic P.,C,5.5,5.5,True,False
17,WINNING MOMENT,Matic,C,6.0,6.0,True,False
17,WINNING MOMENT,Soulè,A,,,False,False
17,WINNING MOMENT,Caprile,P,5.5,3.5,False,True
17,WINNING MOMENT,Radunovic,P,,,False,True
17,WINNING MOMENT,Kempf,D,6.0,6.0,True,True
17,WINNING MOMENT,Pongracic,D,5.0,4.5,True,True
17,WINNING MOMENT,Spinazzola,D,6.0,6.0,False,True
17,WINNING MOMENT,Sabelli,D,,,False,True
17,WINNING MOMENT,Pasalic,C,,,False,True
17,WINNING MOMENT,Nicolussi Caviglia,C,,,False,True
17,WINNING MOMENT,Bonazzoli,A,7.0,7.5,True,True
17,WINNING MOMENT,Benedyczak,A,,,False,True
17,WINNING MOMENT,Bonny,A,,,False,True
17,WINNING MOMENT,Arena A.,A,,,False,True
18,TIGER REBELS,Svilar,P,6.5,7.5,True,False
18,TIGER REBELS,Terracciano F.,D,4.0,2.0,True,False
18,TIGER REBELS,Obert,D,5.0,4.5,True,False
18,TIGER REBELS,Pezzella Giu.,D,5.0,4.5,True,False
18,TIGER REBELS,Tiago Gabriel,D,5.0,3.0,True,False
18,TIGER REBELS,Masini,C,6.5,6.0,True,False
18,TIGER REBELS,McTominay,C,7.5,14.5,True,False
18,TIGER REBELS,Modric,C,,,False,False
18,TIGER REBELS,Zalewski,C,6.5,6.5,True,False
18,TIGER REBELS,Dybala,A,6.5,6.5,True,False
18,TIGER REBELS,De Ketelaere,A,7.5,11.5,True,False
18,TIGER REBELS,Gollini,P,,,False,True
18,TIGER REBELS,Valle,D,,,False,True
18,TIGER REBELS,Miranda J.,D,6.5,6.5,False,True
18,TIGER REBELS,Vasquez D.,P,,,False,True
18,TIGER REBELS,Pellegrini Lo.,C,,,False,True
18,TIGER REBELS,El Shaarawy,C,7.0,8.0,True,True
18,TIGER REBELS,Brescianini,C,5.5,5.5,False,True
18,TIGER REBELS,Dzeko,A,,,False,True
18,TIGER REBELS,Almqvist,A,,,False,True
18,TIGER REBELS,Rodriguez Je.,A,7.0,7.5,False,True
18,FANTA GPT,Milinkovic-Savic V.,P,6.0,4.0,True,False
18,FANTA GPT,Martin,D,7.0,8.0,True,False
18,FANTA GPT,Luperto,D,5.0,4.5,True,False
18,FANTA GPT,Gila,D,6.5,6.5,True,False
18,FANTA GPT,Norton-Cuffy,D,6.0,6.0,True,False
18,FANTA GPT,Bernabè,C,7.5,8.5,True,False
18,FANTA GPT,Thuram K.,C,7.0,8.0,True,False
18,FANTA GPT,Samardzic,C,,,False,False
18,FANTA GPT,Koopmeiners,C,6.0,6.0,True,False
18,FANTA GPT,Colombo,A,7.0,11.0,True,False
18,FANTA GPT,Leao,A,5.5,5.5,True,False
18,FANTA GPT,Meret,P,,,False,True
18,FANTA GPT,Contini,P,,,False,True
18,FANTA GPT,Hermoso,D,6.0,5.5,False,True
18,FANTA GPT,Zappacosta,D,6.0,6.0,False,True
18,FANTA GPT,Kelly L.,D,6.5,6.5,False,True
18,FANTA GPT,Gatti,D,,,False,True
18,FANTA GPT,Prati,C,5.5,5.5,True,True
18,FANTA GPT,Asllani,C,,,False,True
18,FANTA GPT,Vazquez,C,5.5,5.5,False,True
18,FANTA GPT,Diouf,C,,,False,True
18,FANTA GPT,Castellanos,A,,,False,True
18,FANTA GPT,Esposito Se.,A,6.5,6.5,False,True
18,FANTA GPT,Dominguez B.,A,,,False,True
18,FANTA GPT,Dovbyk,A,,,False,True
18,BOVE,Ravaglia F.,P,6.0,5.0,True,False
18,BOVE,Dimarco,D,7.0,10.0,True,False
18,BOVE,Pavlovic,D,6.0,6.0,True,False
18,BOVE,Rensch,D,,,False,False
18,BOVE,Akanji,D,5.5,5.5,True,False
18,BOVE,Rabiot,C,5.5,5.0,True,False
18,BOVE,Gudmundsson A.,C,6.5,7.5,True,False
18,BOVE,Isaksen,C,6.0,6.0,True,False
18,BOVE,David,A,7.0,10.0,True,False
18,BOVE,Kean,A,5.5,5.0,True,False
18,BOVE,Pellegrino M.,A,7.0,11.0,True,False
18,BOVE,Skorupski,P,,,False,True
18,BOVE,Sommariva,P,,,False,True
18,BOVE,Gabbia,D,6.0,6.0,True,True
18,BOVE,Heggem,D,6.5,6.5,False,True
18,BOVE,Lucumì,D,5.5,5.5,False,True
18,BOVE,Otoa,D,,,False,True
18,BOVE,Elmas,C,6.5,7.5,False,True
18,BOVE,Mkhitaryan,C,6.5,6.5,False,True
18,BOVE,Thorstvedt,C,,,False,True
18,BOVE,Ondrejka,C,6.0,6.0,False,True
18,BOVE,Frattesi,C,,,False,True
18,BOVE,Simeone,A,5.5,5.5,False,True
18,BOVE,Giovane,A,6.0,6.0,False,True
18,BOVE,Cambiaghi,A,6.0,8.0,False,True
18,TEAM ASRSUPERJULIAN,Sommer,P,6.0,4.0,True,False
18,TEAM ASRSUPERJULIAN,Di Lorenzo,D,6.5,6.5,True,False
18,TEAM ASRSUPERJULIAN,Solet,D,6.0,6.0,True,False
18,TEAM ASRSUPERJULIAN,Scalvini,D,6.5,6.5,True,False
18,TEAM ASRSUPERJULIAN,Zortea,D,5.5,5.0,True,False
18,TEAM ASRSUPERJULIAN,Kostic,C,,,False,False
18,TEAM ASRSUPERJULIAN,Zaccagni,C,,,False,False
18,TEAM ASRSUPERJULIAN,Orsolini,C,,,False,False
18,TEAM ASRSUPERJULIAN,Scamacca,A,6.5,7.5,True,False
18,TEAM ASRSUPERJULIAN,Lang,A,6.5,7.5,True,False
18,TEAM ASRSUPERJULIAN,Adams C.,A,6.0,6.0,True,False
18,TEAM ASRSUPERJULIAN,Provedel,P,6.5,7.5,False,True
18,TEAM ASRSUPERJULIAN,Mandas,P,,,False,True
18,TEAM ASRSUPERJULIAN,Ziolkowski,D,,,False,True
18,TEAM ASRSUPERJULIAN,Gaspar K.,D,5.0,4.0,False,True
18,TEAM ASRSUPERJULIAN,N'Dicka,D,,,False,True
18,TEAM ASRSUPERJULIAN,Palma,D,5.5,5.5,False,True
18,TEAM ASRSUPERJULIAN,Berisha M.,C,,,False,True
18,TEAM ASRSUPERJULIAN,Bondo,C,5.0,5.0,True,True
18,TEAM ASRSUPERJULIAN,De Bruyne,C,,,False,True
18,TEAM ASRSUPERJULIAN,Cataldi,C,6.0,6.0,True,True
18,TEAM ASRSUPERJULIAN,Kaba,C,6.0,5.5,True,True
18,TEAM ASRSUPERJULIAN,Cancellieri,A,6.5,6.0,False,True
18,TEAM ASRSUPERJULIAN,Diao,A,,,False,True
18,TEAM ASRSUPERJULIAN,Milik,A,,,False,True
18,VENI VIDI VICI,Carnesecchi,P,7.0,8.0,True,False
18,VENI VIDI VICI,Carlos Augusto,D,,,False,False
18,VENI VIDI VICI,Valeri,D,6.0,6.0,True,False
18,VENI VIDI VICI,Kamara H.,D,5.5,5.5,True,False
18,VENI VIDI VICI,Sorensen O.,C,5.5,5.5,True,False
18,VENI VIDI VICI,Zaniolo,C,6.5,7.0,True,False
18,VENI VIDI VICI,Konè I.,C,6.5,6.5,True,False
18,VENI VIDI VICI,Gaetano,C,5.5,5.5,True,False
18,VENI VIDI VICI,Martinez L.,A,5.5,5.5,True,False
18,VENI VIDI VICI,Esposito F.P.,A,,,False,False
18,VENI VIDI VICI,Thuram,A,6.5,7.5,True,False
18,VENI VIDI VICI,Rossi F.,P,,,False,True
18,VENI VIDI VICI,Sportiello,P,,,False,True
18,VENI VIDI VICI,Kolasinac,D,,,False,True
18,VENI VIDI VICI,Pellegrini Lu.,D,5.5,5.5,True,True
18,VENI VIDI VICI,Lazaro,D,5.5,5.5,False,True
18,VENI VIDI VICI,Doig,D,5.5,5.5,False,True
18,VENI VIDI VICI,Rugani,D,,,False,True
18,VENI VIDI VICI,Pierotti,C,5.5,5.0,False,True
18,VENI VIDI VICI,Zerbin,C,4.5,4.5,False,True
18,VENI VIDI VICI,Rowe,C,5.5,5.5,False,True
18,VENI VIDI VICI,Volpato,C,,,False,True
18,VENI VIDI VICI,Vitinha O.,A,6.5,6.5,True,True
18,VENI VIDI VICI,Piccoli,A,,,False,True
18,VENI VIDI VICI,Ekuban,A,,,False,True
18,ETHANANITA,Maignan,P,6.5,5.5,True,False
18,ETHANANITA,Bartesaghi,D,5.0,5.0,True,False
18,ETHANANITA,Cambiaso,D,6.0,6.0,True,False
18,ETHANANITA,Rrahmani,D,6.0,5.5,True,False
18,ETHANANITA,Marusic,D,6.0,6.0,True,False
18,ETHANANITA,Dodò,D,6.5,6.5,True,False
18,ETHANANITA,Tourè I.,C,6.0,6.0,True,False
18,ETHANANITA,Vlasic,C,5.5,5.5,True,False
18,ETHANANITA,Da Cunha,C,5.5,5.0,True,False
18,ETHANANITA,Politano,C,6.0,6.0,True,False
18,ETHANANITA,Davis K.,A,6.5,8.5,True,False
18,ETHANANITA,Terracciano,P,,,False,True
18,ETHANANITA,Semper,P,,,False,True
18,ETHANANITA,Wesley,D,6.5,6.5,False,True
18,ETHANANITA,Estupinan,D,5.0,4.5,False,True
18,ETHANANITA,Dumfries,D,,,False,True
18,ETHANANITA,Maldini,C,,,False,True
18,ETHANANITA,Sulemana I.,C,5.5,5.5,False,True
18,ETHANANITA,Neres,C,,,False,True
18,ETHANANITA,Basic,C,,,False,True
18,ETHANANITA,Openda,A,,,False,True
18,ETHANANITA,Zapata D.,A,5.0,5.0,False,True
18,ETHANANITA,Addai,A,,,False,True
18,ETHANANITA,Lukaku,A,,,False,True
18,ETHANANITA,Pavoletti,A,,,False,True
18,WINNING MOMENT,Leali,P,7.0,8.0,True,False
18,WINNING MOMENT,Kalulu,D,6.5,7.5,True,False
18,WINNING MOMENT,Bastoni,D,6.0,6.0,True,False
18,WINNING MOMENT,Tomori,D,,,False,False
18,WINNING MOMENT,Mancini,D,6.5,6.5,True,False
18,WINNING MOMENT,McKennie,C,7.5,10.5,True,False
18,WINNING MOMENT,Barella,C,5.5,5.5,True,False
18,WINNING MOMENT,Mandragora,C,6.0,6.0,True,False
18,WINNING MOMENT,Sucic P.,C,,,False,False
18,WINNING MOMENT,Matic,C,6.0,5.5,True,False
18,WINNING MOMENT,Soulè,A,7.5,11.5,True,False
18,WINNING MOMENT,Caprile,P,5.5,2.5,False,True
18,WINNING MOMENT,Radunovic,P,,,False,True
18,WINNING MOMENT,Kempf,D,6.0,6.0,True,True
18,WINNING MOMENT,Pongracic,D,6.0,6.0,False,True
18,WINNING MOMENT,Spinazzola,D,6.5,6.5,False,True
18,WINNING MOMENT,Sabelli,D,,,False,True
18,WINNING MOMENT,Pasalic,C,7.0,10.0,True,True
18,WINNING MOMENT,Nicolussi Caviglia,C,,,False,True
18,WINNING MOMENT,Bonazzoli,A,5.5,5.5,False,True
18,WINNING MOMENT,Benedyczak,A,,,False,True
18,WINNING MOMENT,Bonny,A,,,False,True
18,WINNING MOMENT,Arena A.,A,,,False,True
18,DARTH VADER,Di Gregorio,P,6.5,7.5,True,False
18,DARTH VADER,Zanoli,D,6.5,6.5,True,False
18,DARTH VADER,Vasquez,D,6.5,6.5,True,False
18,DARTH VADER,Bremer,D,7.0,11.0,True,False
18,DARTH VADER,Celik,D,6.5,6.5,True,False
18,DARTH VADER,Zielinski,C,6.5,6.5,True,False
18,DARTH VADER,Calhanoglu,C,6.5,8.5,True,False
18,DARTH VADER,Saelemaekers,C,6.5,6.5,True,False
18,DARTH VADER,Kilicsoy,A,5.0,5.0,True,False
18,DARTH VADER,Castro S.,A,6.5,7.0,True,False
18,DARTH VADER,Yildiz,A,7.0,8.0,True,False
18,DARTH VADER,Perin,P,,,False,True
18,DARTH VADER,Pinsoglio,P,,,False,True
18,DARTH VADER,Buongiorno,D,,,False,True
18,DARTH VADER,Baschirotto,D,4.0,4.0,False,True
18,DARTH VADER,Gallo,D,6.0,6.0,False,True
18,DARTH VADER,Canestrelli,D,5.5,5.5,False,True
18,DARTH VADER,Perrone,C,6.5,6.5,False,True
18,DARTH VADER,Ederson D.S.,C,6.5,6.5,False,True
18,DARTH VADER,Guendouzi,C,,,False,True
18,DARTH VADER,Frendrup,C,7.0,9.5,False,True
18,DARTH VADER,Oristanio,C,6.0,6.0,False,True
18,DARTH VADER,Stulic,A,7.0,10.0,False,True
18,DARTH VADER,Pinamonti,A,5.5,5.5,False,True
18,DARTH VADER,Berardi,A,,,False,True
18,KKK,Falcone,P,6.0,4.0,True,False
18,KKK,Bernasconi,D,6.5,7.5,True,False
18,KKK,Palestra,D,5.5,5.5,True,False
18,KKK,Vojvoda,D,5.0,5.0,True,False
18,KKK,Atta,C,6.5,6.5,True,False
18,KKK,Locatelli,C,6.5,6.5,True,False
18,KKK,Pulisic,C,6.0,6.0,True,False
18,KKK,Malinovskyi,C,6.5,7.5,True,False
18,KKK,Vardy,A,5.0,5.0,True,False
18,KKK,Douvikas,A,5.5,5.5,True,False
18,KKK,Hojlund,A,6.5,6.5,True,False
18,KKK,De Gea,P,6.5,5.5,False,True
18,KKK,Martinelli T.,P,,,False,True
18,KKK,Romagnoli,D,6.0,6.0,False,True
18,KKK,Ostigard,D,7.5,10.5,False,True
18,KKK,Van Der Brempt,D,5.5,5.0,False,True
18,KKK,Muharemovic,D,6.0,6.0,False,True
18,KKK,Bellanova,D,,,False,True
18,KKK,Loftus-Cheek,C,5.5,5.5,False,True
18,KKK,Zhegrova,C,6.0,6.0,False,True
18,KKK,Lucca,A,,,False,True
18,KKK,Borrelli,A,5.5,5.5,False,True
18,KKK,Camarda,A,,,False,True
18,KKK,Cristante,C,,,False,True
18,KKK,Casadei,C,,,False,True
18,BJ EASTONE FC,Butez,P,6.0,5.0,True,False
18,BJ EASTONE FC,Gosens,D,6.5,6.5,True,False
18,BJ EASTONE FC,De Winter,D,5.5,5.5,True,False
18,BJ EASTONE FC,Bisseck,D,5.5,5.5,True,False
18,BJ EASTONE FC,Kristensen T.,D,,,False,False
18,BJ EASTONE FC,Paz N.,C,6.5,6.0,True,False
18,BJ EASTONE FC,Konè M.,C,7.0,10.5,True,False
18,BJ EASTONE FC,Fofana Y.,C,6.5,7.0,True,False
18,BJ EASTONE FC,Odgaard,C,,,False,False
18,BJ EASTONE FC,Conceicao,C,,,False,False
18,BJ EASTONE FC,Ferguson E.,A,5.5,5.5,True,False
18,BJ EASTONE FC,Okoye,P,6.0,4.0,False,True
18,BJ EASTONE FC,Cavlina,P,,,False,True
18,BJ EASTONE FC,Ramon,D,,,False,True
18,BJ EASTONE FC,Smolcic I.,D,,,False,True
18,BJ EASTONE FC,Veiga D.,D,6.0,6.0,True,True
18,BJ EASTONE FC,Odogu,D,,,False,True
18,BJ EASTONE FC,Luis Henrique,C,5.5,5.5,True,True
18,BJ EASTONE FC,Vergara,C,,,False,True
18,BJ EASTONE FC,Adzic,C,6.0,6.0,True,True
18,BJ EASTONE FC,Laurientè,A,6.0,6.0,False,True
18,BJ EASTONE FC,Ekhator,A,6.0,6.0,False,True
18,BJ EASTONE FC,Bravo,A,5.5,5.5,False,True
18,BJ EASTONE FC,Buffon L.,A,,,False,True
18,BJ EASTONE FC,Vlahovic,A,,,False,True
19,BJ EASTONE FC,Butez,P,6.5,7.5,True,False
19,BJ EASTONE FC,Gosens,D,6.0,6.0,True,False
19,BJ EASTONE FC,De Winter,D,6.0,5.5,True,False
19,BJ EASTONE FC,Bisseck,D,6.0,6.0,True,False
19,BJ EASTONE FC,Kristensen T.,D,5.0,5.0,True,False
19,BJ EASTONE FC,Paz N.,C,7.5,11.5,True,False
19,BJ EASTONE FC,Konè M.,C,6.5,6.5,True,False
19,BJ EASTONE FC,Fofana Y.,C,,,False,False
19,BJ EASTONE FC,Odgaard,C,5.0,5.0,True,False
19,BJ EASTONE FC,Conceicao,C,,,False,False
19,BJ EASTONE FC,Ferguson E.,A,,,False,False
19,BJ EASTONE FC,Okoye,P,6.5,5.5,False,True
19,BJ EASTONE FC,Cavlina,P,,,False,True
19,BJ EASTONE FC,Ramon,D,7.0,7.0,False,True
19,BJ EASTONE FC,Smolcic I.,D,6.0,5.5,False,True
19,BJ EASTONE FC,Veiga D.,D,,,False,True
19,BJ EASTONE FC,Odogu,D,,,False,True
19,BJ EASTONE FC,Luis Henrique,C,6.0,6.0,True,True
19,BJ EASTONE FC,Vergara,C,6.0,6.0,True,True
19,BJ EASTONE FC,Adzic,C,,,False,True
19,BJ EASTONE FC,Laurientè,A,6.5,6.5,True,True
19,BJ EASTONE FC,Ekhator,A,6.0,6.0,False,True
19,BJ EASTONE FC,Bravo,A,,,False,True
19,BJ EASTONE FC,Buffon L.,A,,,False,True
19,BJ EASTONE FC,Vlahovic,A,,,False,True
19,KKK,De Gea,P,6.0,5.0,True,False
19,KKK,Bernasconi,D,5.5,5.5,True,False
19,KKK,Palestra,D,6.5,6.5,True,False
19,KKK,Ostigard,D,6.5,6.0,True,False
19,KKK,Atta,C,5.5,5.5,True,False
19,KKK,Locatelli,C,6.0,6.0,True,False
19,KKK,Pulisic,C,5.5,5.5,True,False
19,KKK,Malinovskyi,C,5.5,5.5,True,False
19,KKK,Vardy,A,5.5,5.0,True,False
19,KKK,Douvikas,A,,,False,False
19,KKK,Hojlund,A,5.5,5.5,True,False
19,KKK,Falcone,P,7.0,6.0,False,True
19,KKK,Christensen O.,P,,,False,True
19,KKK,Bellanova,D,,,False,True
19,KKK,Vojvoda,D,6.0,6.0,False,True
19,KKK,Romagnoli,D,5.0,4.5,False,True
19,KKK,Muharemovic,D,6.0,6.0,False,True
19,KKK,Van Der Brempt,D,,,False,True
19,KKK,Loftus-Cheek,C,5.5,5.5,False,True
19,KKK,Casadei,C,5.5,5.5,False,True
19,KKK,Cristante,C,6.5,6.5,False,True
19,KKK,Baldanzi,C,,,False,True
19,KKK,Meister,A,5.5,5.5,True,True
19,KKK,Lucca,A,,,False,True
19,KKK,Borrelli,A,6.0,6.0,False,True
19,BOVE,Ravaglia F.,P,6.0,4.0,True,False
19,BOVE,Dimarco,D,6.5,6.5,True,False
19,BOVE,Pavlovic,D,,,False,False
19,BOVE,Rensch,D,6.0,7.0,True,False
19,BOVE,Akanji,D,6.5,6.5,True,False
19,BOVE,Rabiot,C,6.5,6.5,True,False
19,BOVE,Gudmundsson A.,C,6.5,7.5,True,False
19,BOVE,Taylor K.,C,4.5,4.5,True,False
19,BOVE,David,A,5.0,5.0,True,False
19,BOVE,Kean,A,,,False,False
19,BOVE,Pellegrino M.,A,5.5,5.5,True,False
19,BOVE,Skorupski,P,,,False,True
19,BOVE,Pessina Mas.,P,,,False,True
19,BOVE,Gabbia,D,6.5,6.5,True,True
19,BOVE,Heggem,D,5.0,5.0,False,True
19,BOVE,Juan Jesus,D,6.5,6.5,False,True
19,BOVE,Parisi,D,6.5,6.5,False,True
19,BOVE,Isaksen,C,5.5,5.5,False,True
19,BOVE,Elmas,C,6.5,6.5,False,True
19,BOVE,Mkhitaryan,C,6.0,6.0,False,True
19,BOVE,Ondrejka,C,5.0,4.5,False,True
19,BOVE,Thorstvedt,C,,,False,True
19,BOVE,Simeone,A,,,False,True
19,BOVE,Giovane,A,6.5,6.5,True,True
19,BOVE,Immobile,A,,,False,True
19,TEAM ASRSUPERJULIAN,Sommer,P,6.0,7.0,True,False
19,TEAM ASRSUPERJULIAN,Di Lorenzo,D,6.5,6.5,True,False
19,TEAM ASRSUPERJULIAN,Solet,D,6.0,6.0,True,False
19,TEAM ASRSUPERJULIAN,Scalvini,D,6.0,5.5,True,False
19,TEAM ASRSUPERJULIAN,Bailey,C,,,False,False
19,TEAM ASRSUPERJULIAN,Zaccagni,C,5.0,4.5,True,False
19,TEAM ASRSUPERJULIAN,Orsolini,C,5.5,5.5,True,False
19,TEAM ASRSUPERJULIAN,Berisha M.,C,,,False,False
19,TEAM ASRSUPERJULIAN,Scamacca,A,5.0,5.0,True,False
19,TEAM ASRSUPERJULIAN,Ratkov,A,5.0,5.0,True,False
19,TEAM ASRSUPERJULIAN,Adams C.,A,5.5,5.5,True,False
19,TEAM ASRSUPERJULIAN,Provedel,P,7.0,6.0,False,True
19,TEAM ASRSUPERJULIAN,Mandas,P,,,False,True
19,TEAM ASRSUPERJULIAN,Zortea,D,6.0,6.0,False,True
19,TEAM ASRSUPERJULIAN,N'Dicka,D,7.0,7.0,False,True
19,TEAM ASRSUPERJULIAN,Floriani Mussolini,D,,,False,True
19,TEAM ASRSUPERJULIAN,Ziolkowski,D,,,False,True
19,TEAM ASRSUPERJULIAN,Gaspar K.,D,,,False,True
19,TEAM ASRSUPERJULIAN,Gandelman,C,6.0,6.0,True,True
19,TEAM ASRSUPERJULIAN,Bondo,C,6.5,6.5,True,True
19,TEAM ASRSUPERJULIAN,De Bruyne,C,,,False,True
19,TEAM ASRSUPERJULIAN,Kaba,C,,,False,True
19,TEAM ASRSUPERJULIAN,Lang,A,5.5,5.5,False,True
19,TEAM ASRSUPERJULIAN,Diao,A,,,False,True
19,TEAM ASRSUPERJULIAN,Banda,A,5.5,5.5,False,True
19,FANTA GPT,Milinkovic-Savic V.,P,6.5,7.5,True,False
19,FANTA GPT,Martin,D,6.0,6.0,True,False
19,FANTA GPT,Zappacosta,D,6.0,6.0,True,False
19,FANTA GPT,Kelly L.,D,6.0,6.0,True,False
19,FANTA GPT,Norton-Cuffy,D,,,False,False
19,FANTA GPT,Bernabè,C,6.0,6.0,True,False
19,FANTA GPT,Thuram K.,C,,,False,False
19,FANTA GPT,Tramoni M.,C,6.0,6.0,True,False
19,FANTA GPT,Krstovic,A,7.0,10.0,True,False
19,FANTA GPT,Colombo,A,6.0,6.0,True,False
19,FANTA GPT,Leao,A,6.0,6.0,True,False
19,FANTA GPT,Meret,P,,,False,True
19,FANTA GPT,Contini,P,,,False,True
19,FANTA GPT,Hermoso,D,6.0,6.0,True,True
19,FANTA GPT,Luperto,D,6.5,6.5,False,True
19,FANTA GPT,Gila,D,5.0,5.0,False,True
19,FANTA GPT,Gatti,D,,,False,True
19,FANTA GPT,Vazquez,C,,,False,True
19,FANTA GPT,Samardzic,C,,,False,True
19,FANTA GPT,Miller L.,C,5.5,5.5,True,True
19,FANTA GPT,Diouf,C,,,False,True
19,FANTA GPT,Dovbyk,A,,,False,True
19,FANTA GPT,Esposito Se.,A,5.5,5.5,False,True
19,FANTA GPT,Solomon,A,5.5,5.5,False,True
19,DARTH VADER,Di Gregorio,P,,,False,False
19,DARTH VADER,Baschirotto,D,6.5,6.5,True,False
19,DARTH VADER,Bremer,D,6.0,6.0,True,False
19,DARTH VADER,Celik,D,,,False,False
19,DARTH VADER,Oristanio,C,5.5,5.5,True,False
19,DARTH VADER,Perrone,C,6.5,6.5,True,False
19,DARTH VADER,Zielinski,C,6.5,6.5,True,False
19,DARTH VADER,Saelemaekers,C,7.0,8.0,True,False
19,DARTH VADER,Yildiz,A,6.5,6.0,True,False
19,DARTH VADER,Castro S.,A,5.5,5.5,True,False
19,DARTH VADER,Kilicsoy,A,6.0,6.0,True,False
19,DARTH VADER,Perin,P,6.0,5.0,True,True
19,DARTH VADER,Pinsoglio,P,,,False,True
19,DARTH VADER,Vasquez,D,6.5,6.5,True,True
19,DARTH VADER,Buongiorno,D,6.0,6.0,False,True
19,DARTH VADER,Zanoli,D,6.0,6.0,False,True
19,DARTH VADER,Gallo,D,6.0,6.0,False,True
19,DARTH VADER,Canestrelli,D,6.0,6.0,False,True
19,DARTH VADER,Conceicao,C,,,False,True
19,DARTH VADER,Ederson D.S.,C,6.5,6.5,False,True
19,DARTH VADER,Frendrup,C,6.5,6.5,False,True
19,DARTH VADER,Calhanoglu,C,,,False,True
19,DARTH VADER,Fullkrug,A,7.0,11.0,False,True
19,DARTH VADER,Stulic,A,5.5,5.5,False,True
19,DARTH VADER,Berardi,A,,,False,True
19,ETHANANITA,Maignan,P,6.0,7.0,True,False
19,ETHANANITA,Bartesaghi,D,,,False,False
19,ETHANANITA,Cambiaso,D,5.5,5.5,True,False
19,ETHANANITA,Rrahmani,D,6.5,6.5,True,False
19,ETHANANITA,Marusic,D,4.5,4.5,True,False
19,ETHANANITA,Wesley,D,6.5,6.5,True,False
19,ETHANANITA,Vlasic,C,5.0,4.5,True,False
19,ETHANANITA,Rovella,C,5.5,5.5,True,False
19,ETHANANITA,Miretti,C,5.5,5.5,True,False
19,ETHANANITA,Politano,C,5.5,5.5,True,False
19,ETHANANITA,Davis K.,A,5.5,5.5,True,False
19,ETHANANITA,Terracciano,P,,,False,True
19,ETHANANITA,Torriani,P,,,False,True
19,ETHANANITA,Dodò,D,7.0,7.0,True,True
19,ETHANANITA,Estupinan,D,6.0,6.0,False,True
19,ETHANANITA,Dumfries,D,,,False,True
19,ETHANANITA,Neres,C,,,False,True
19,ETHANANITA,Basic,C,,,False,True
19,ETHANANITA,Maldini,C,,,False,True
19,ETHANANITA,Ngom,C,,,False,True
19,ETHANANITA,Openda,A,5.5,5.5,False,True
19,ETHANANITA,Dia,A,,,False,True
19,ETHANANITA,Addai,A,,,False,True
19,ETHANANITA,Isaac,A,,,False,True
19,ETHANANITA,Lukaku,A,,,False,True
19,VENI VIDI VICI,Carnesecchi,P,7.0,6.0,True,False
19,VENI VIDI VICI,Carlos Augusto,D,6.0,5.5,True,False
19,VENI VIDI VICI,Valeri,D,6.5,6.5,True,False
19,VENI VIDI VICI,Kamara H.,D,5.5,5.5,True,False
19,VENI VIDI VICI,Kolasinac,D,,,False,False
19,VENI VIDI VICI,Zerbin,C,,,False,False
19,VENI VIDI VICI,Rowe,C,7.0,8.0,True,False
19,VENI VIDI VICI,Konè I.,C,,,False,False
19,VENI VIDI VICI,Martinez L.,A,7.0,11.0,True,False
19,VENI VIDI VICI,Vitinha O.,A,5.5,5.0,True,False
19,VENI VIDI VICI,Thuram,A,,,False,False
19,VENI VIDI VICI,Rossi F.,P,,,False,True
19,VENI VIDI VICI,Sportiello,P,,,False,True
19,VENI VIDI VICI,Pellegrini Lu.,D,5.0,4.5,True,True
19,VENI VIDI VICI,Lazaro,D,5.0,5.0,False,True
19,VENI VIDI VICI,Doig,D,6.0,6.0,False,True
19,VENI VIDI VICI,Rugani,D,,,False,True
19,VENI VIDI VICI,Sorensen O.,C,,,False,True
19,VENI VIDI VICI,Gaetano,C,6.5,7.5,True,True
19,VENI VIDI VICI,Pierotti,C,6.5,6.5,True,True
19,VENI VIDI VICI,Volpato,C,,,False,True
19,VENI VIDI VICI,Zaniolo,C,,,False,True
19,VENI VIDI VICI,Piccoli,A,7.0,11.0,True,True
19,VENI VIDI VICI,Esposito F.P.,A,6.5,7.5,False,True
19,VENI VIDI VICI,Ekuban,A,,,False,True
19,TIGER REBELS,Svilar,P,6.0,7.0,True,False
19,TIGER REBELS,Terracciano F.,D,6.0,6.0,True,False
19,TIGER REBELS,Obert,D,6.0,6.0,True,False
19,TIGER REBELS,Pezzella Giu.,D,,,False,False
19,TIGER REBELS,Tiago Gabriel,D,6.5,6.5,True,False
19,TIGER REBELS,Masini,C,,,False,False
19,TIGER REBELS,McTominay,C,6.0,6.0,True,False
19,TIGER REBELS,Modric,C,,,False,False
19,TIGER REBELS,Zalewski,C,6.0,6.0,True,False
19,TIGER REBELS,Dybala,A,7.5,11.5,True,False
19,TIGER REBELS,De Ketelaere,A,5.5,5.5,True,False
19,TIGER REBELS,Gollini,P,,,False,True
19,TIGER REBELS,Valle,D,7.0,7.5,True,True
19,TIGER REBELS,Miranda J.,D,5.5,5.0,False,True
19,TIGER REBELS,Vasquez D.,P,,,False,True
19,TIGER REBELS,Pellegrini Lo.,C,5.5,5.5,True,True
19,TIGER REBELS,El Shaarawy,C,,,False,True
19,TIGER REBELS,Brescianini,C,5.5,5.5,True,True
19,TIGER REBELS,Dzeko,A,,,False,True
19,TIGER REBELS,Almqvist,A,,,False,True
19,TIGER REBELS,Rodriguez Je.,A,6.0,6.0,False,True
19,WINNING MOMENT,Leali,P,6.0,7.0,True,False
19,WINNING MOMENT,Bastoni,D,,,False,False
19,WINNING MOMENT,Kalulu,D,5.5,5.5,True,False
19,WINNING MOMENT,Mancini,D,7.0,6.5,True,False
19,WINNING MOMENT,Tomori,D,6.0,6.0,True,False
19,WINNING MOMENT,Sucic P.,C,,,False,False
19,WINNING MOMENT,McKennie,C,5.0,5.0,True,False
19,WINNING MOMENT,Barella,C,5.5,5.5,True,False
19,WINNING MOMENT,Pasalic,C,5.5,5.0,True,False
19,WINNING MOMENT,Soulè,A,6.0,6.0,True,False
19,WINNING MOMENT,Nkunku,A,,,False,False
19,WINNING MOMENT,Caprile,P,7.0,8.0,False,True
19,WINNING MOMENT,Silvestri,P,,,False,True
19,WINNING MOMENT,Spinazzola,D,6.5,6.5,True,True
19,WINNING MOMENT,Pongracic,D,6.5,6.5,False,True
19,WINNING MOMENT,Kempf,D,,,False,True
19,WINNING MOMENT,Sabelli,D,6.0,6.0,False,True
19,WINNING MOMENT,Mandragora,C,7.0,10.0,True,True
19,WINNING MOMENT,Matic,C,5.5,5.5,False,True
19,WINNING MOMENT,Nicolussi Caviglia,C,,,False,True
19,WINNING MOMENT,Zambo Anguissa,C,,,False,True
19,WINNING MOMENT,Bonazzoli,A,5.0,4.5,True,True
19,WINNING MOMENT,Bonny,A,6.0,6.0,False,True
19,WINNING MOMENT,Benedyczak,A,,,False,True
19,WINNING MOMENT,Arena A.,A,,,False,True
20,TEAM ASRSUPERJULIAN,Sommer,P,4.5,2.5,True,False
20,TEAM ASRSUPERJULIAN,Di Lorenzo,D,5.5,5.5,True,False
20,TEAM ASRSUPERJULIAN,Solet,D,6.5,6.5,True,False
20,TEAM ASRSUPERJULIAN,Scalvini,D,6.5,6.5,True,False
20,TEAM ASRSUPERJULIAN,Zortea,D,6.0,6.0,True,False
20,TEAM ASRSUPERJULIAN,Berisha M.,C,,,False,False
20,TEAM ASRSUPERJULIAN,Zaccagni,C,5.5,5.5,True,False
20,TEAM ASRSUPERJULIAN,Orsolini,C,,,False,False
20,TEAM ASRSUPERJULIAN,Scamacca,A,7.0,9.5,True,False
20,TEAM ASRSUPERJULIAN,Ratkov,A,6.0,6.0,True,False
20,TEAM ASRSUPERJULIAN,Adams C.,A,5.0,5.0,True,False
20,TEAM ASRSUPERJULIAN,Provedel,P,6.5,7.5,False,True
20,TEAM ASRSUPERJULIAN,Mandas,P,,,False,True
20,TEAM ASRSUPERJULIAN,N'Dicka,D,5.5,5.5,False,True
20,TEAM ASRSUPERJULIAN,Floriani Mussolini,D,6.0,6.0,False,True
20,TEAM ASRSUPERJULIAN,Ziolkowski,D,,,False,True
20,TEAM ASRSUPERJULIAN,Gaspar K.,D,,,False,True
20,TEAM ASRSUPERJULIAN,Gandelman,C,6.0,6.0,True,True
20,TEAM ASRSUPERJULIAN,Bondo,C,,,False,True
20,TEAM ASRSUPERJULIAN,De Bruyne,C,,,False,True
20,TEAM ASRSUPERJULIAN,Kaba,C,,,False,True
20,TEAM ASRSUPERJULIAN,Bailey,C,,,False,True
20,TEAM ASRSUPERJULIAN,Lang,A,,,False,True
20,TEAM ASRSUPERJULIAN,Diao,A,,,False,True
20,TEAM ASRSUPERJULIAN,Banda,A,6.0,6.0,False,True
20,BJ EASTONE FC,Butez,P,6.0,7.0,True,False
20,BJ EASTONE FC,Gosens,D,5.0,5.0,True,False
20,BJ EASTONE FC,De Winter,D,7.0,10.0,True,False
20,BJ EASTONE FC,Bisseck,D,6.5,7.5,True,False
20,BJ EASTONE FC,Ramon,D,6.5,6.5,True,False
20,BJ EASTONE FC,Paz N.,C,6.0,6.0,True,False
20,BJ EASTONE FC,Konè M.,C,6.0,6.0,True,False
20,BJ EASTONE FC,Fofana Y.,C,,,False,False
20,BJ EASTONE FC,Odgaard,C,6.0,6.0,True,False
20,BJ EASTONE FC,Frattesi,C,,,False,False
20,BJ EASTONE FC,Ferguson E.,A,,,False,False
20,BJ EASTONE FC,Okoye,P,6.0,5.0,False,True
20,BJ EASTONE FC,Cavlina,P,,,False,True
20,BJ EASTONE FC,Kristensen T.,D,5.5,5.5,False,True
20,BJ EASTONE FC,Smolcic I.,D,6.0,6.0,False,True
20,BJ EASTONE FC,Veiga D.,D,6.0,5.5,False,True
20,BJ EASTONE FC,Odogu,D,,,False,True
20,BJ EASTONE FC,Luis Henrique,C,5.0,5.0,True,True
20,BJ EASTONE FC,Vergara,C,6.5,6.0,True,True
20,BJ EASTONE FC,Adzic,C,,,False,True
20,BJ EASTONE FC,Pinamonti,A,6.0,6.0,True,True
20,BJ EASTONE FC,Laurientè,A,6.5,6.0,False,True
20,BJ EASTONE FC,Ekhator,A,5.0,5.0,False,True
20,BJ EASTONE FC,Buffon L.,A,,,False,True
20,BJ EASTONE FC,Vlahovic,A,,,False,True
20,VENI VIDI VICI,Carnesecchi,P,7.0,8.0,True,False
20,VENI VIDI VICI,Carlos Augusto,D,6.0,6.0,True,False
20,VENI VIDI VICI,Valeri,D,5.5,5.5,True,False
20,VENI VIDI VICI,Kamara H.,D,,,False,False
20,VENI VIDI VICI,Kolasinac,D,,,False,False
20,VENI VIDI VICI,Rowe,C,6.5,6.5,True,False
20,VENI VIDI VICI,Gaetano,C,6.0,6.0,True,False
20,VENI VIDI VICI,Konè I.,C,6.5,6.5,True,False
20,VENI VIDI VICI,Martinez L.,A,7.0,9.5,True,False
20,VENI VIDI VICI,Esposito F.P.,A,7.0,11.0,True,False
20,VENI VIDI VICI,Thuram,A,6.5,7.5,True,False
20,VENI VIDI VICI,Rossi F.,P,,,False,True
20,VENI VIDI VICI,Sportiello,P,,,False,True
20,VENI VIDI VICI,Pellegrini Lu.,D,6.0,6.0,True,True
20,VENI VIDI VICI,Lazaro,D,4.5,4.5,True,True
20,VENI VIDI VICI,Doig,D,6.0,6.0,False,True
20,VENI VIDI VICI,Rugani,D,,,False,True
20,VENI VIDI VICI,Sorensen O.,C,5.5,5.5,False,True
20,VENI VIDI VICI,Zerbin,C,5.5,5.5,False,True
20,VENI VIDI VICI,Pierotti,C,6.0,6.0,False,True
20,VENI VIDI VICI,Volpato,C,,,False,True
20,VENI VIDI VICI,Zaniolo,C,,,False,True
20,VENI VIDI VICI,Vitinha O.,A,6.0,6.0,False,True
20,VENI VIDI VICI,Piccoli,A,5.0,5.0,False,True
20,VENI VIDI VICI,Ekuban,A,7.5,10.5,False,True
20,TIGER REBELS,Svilar,P,6.0,5.0,True,False
20,TIGER REBELS,Terracciano F.,D,5.5,5.5,True,False
20,TIGER REBELS,Obert,D,6.5,6.5,True,False
20,TIGER REBELS,Pezzella Giu.,D,6.0,5.5,True,False
20,TIGER REBELS,Tiago Gabriel,D,6.5,6.0,True,False
20,TIGER REBELS,Masini,C,,,False,False
20,TIGER REBELS,McTominay,C,5.0,5.0,True,False
20,TIGER REBELS,Modric,C,7.0,7.5,True,False
20,TIGER REBELS,Zalewski,C,6.5,6.5,True,False
20,TIGER REBELS,Dybala,A,6.0,6.0,True,False
20,TIGER REBELS,De Ketelaere,A,7.5,8.5,True,False
20,TIGER REBELS,Gollini,P,,,False,True
20,TIGER REBELS,Valle,D,6.5,7.0,False,True
20,TIGER REBELS,Miranda J.,D,,,False,True
20,TIGER REBELS,Vasquez D.,P,,,False,True
20,TIGER REBELS,Pellegrini Lo.,C,7.0,10.0,True,True
20,TIGER REBELS,El Shaarawy,C,,,False,True
20,TIGER REBELS,Brescianini,C,7.0,10.0,False,True
20,TIGER REBELS,Dzeko,A,,,False,True
20,TIGER REBELS,Almqvist,A,,,False,True
20,TIGER REBELS,Rodriguez Je.,A,6.0,6.0,False,True
20,DARTH VADER,Di Gregorio,P,6.0,7.0,True,False
20,DARTH VADER,Buongiorno,D,6.0,6.0,True,False
20,DARTH VADER,Bremer,D,7.0,7.0,True,False
20,DARTH VADER,Baschirotto,D,6.0,6.0,True,False
20,DARTH VADER,Celik,D,7.0,7.0,True,False
20,DARTH VADER,Zielinski,C,7.5,9.5,True,False
20,DARTH VADER,Perrone,C,6.5,6.5,True,False
20,DARTH VADER,Conceicao,C,6.0,6.0,True,False
20,DARTH VADER,Yildiz,A,7.0,9.5,True,False
20,DARTH VADER,Castro S.,A,,,False,False
20,DARTH VADER,Berardi,A,6.0,6.0,True,False
20,DARTH VADER,Perin,P,,,False,True
20,DARTH VADER,Pinsoglio,P,,,False,True
20,DARTH VADER,Vasquez,D,6.0,6.0,False,True
20,DARTH VADER,Zanoli,D,7.0,11.0,False,True
20,DARTH VADER,Gallo,D,6.0,6.0,False,True
20,DARTH VADER,Canestrelli,D,5.0,5.0,False,True
20,DARTH VADER,Ederson D.S.,C,6.0,6.0,False,True
20,DARTH VADER,Saelemaekers,C,5.5,5.5,False,True
20,DARTH VADER,Frendrup,C,6.0,6.0,False,True
20,DARTH VADER,Oristanio,C,6.0,6.0,False,True
20,DARTH VADER,Calhanoglu,C,,,False,True
20,DARTH VADER,Stulic,A,5.5,5.5,True,True
20,DARTH VADER,Fullkrug,A,6.0,6.0,False,True
20,DARTH VADER,Kilicsoy,A,7.0,10.0,False,True
20,ETHANANITA,Maignan,P,7.0,5.5,True,False
20,ETHANANITA,Wesley,D,5.5,5.5,True,False
20,ETHANANITA,Dodò,D,6.5,7.5,True,False
20,ETHANANITA,Cambiaso,D,6.0,6.0,True,False
20,ETHANANITA,Marusic,D,6.0,6.0,True,False
20,ETHANANITA,Bartesaghi,D,5.5,5.5,True,False
20,ETHANANITA,Vlasic,C,4.5,4.5,True,False
20,ETHANANITA,Rovella,C,,,False,False
20,ETHANANITA,Miretti,C,6.5,7.5,True,False
20,ETHANANITA,Davis K.,A,7.5,10.5,True,False
20,ETHANANITA,Dia,A,5.0,5.0,True,False
20,ETHANANITA,Terracciano,P,,,False,True
20,ETHANANITA,Torriani,P,,,False,True
20,ETHANANITA,Estupinan,D,,,False,True
20,ETHANANITA,Rrahmani,D,,,False,True
20,ETHANANITA,Dumfries,D,,,False,True
20,ETHANANITA,Maldini,C,,,False,True
20,ETHANANITA,Ngom,C,,,False,True
20,ETHANANITA,Basic,C,5.5,5.5,True,True
20,ETHANANITA,Neres,C,,,False,True
20,ETHANANITA,Politano,C,,,False,True
20,ETHANANITA,Lukaku,A,,,False,True
20,ETHANANITA,Openda,A,,,False,True
20,ETHANANITA,Isaac,A,6.0,6.0,False,True
20,ETHANANITA,Addai,A,,,False,True
20,KKK,De Gea,P,6.0,4.0,True,False
20,KKK,Bernasconi,D,6.5,6.5,True,False
20,KKK,Palestra,D,7.5,12.5,True,False
20,KKK,Romagnoli,D,6.5,6.5,True,False
20,KKK,Atta,C,7.5,11.5,True,False
20,KKK,Locatelli,C,7.0,8.0,True,False
20,KKK,Casadei,C,4.5,4.5,True,False
20,KKK,Malinovskyi,C,7.0,9.5,True,False
20,KKK,Vardy,A,5.5,5.5,True,False
20,KKK,Douvikas,A,8.0,15.0,True,False
20,KKK,Hojlund,A,5.0,5.0,True,False
20,KKK,Falcone,P,6.5,7.5,False,True
20,KKK,Christensen O.,P,,,False,True
20,KKK,Bellanova,D,,,False,True
20,KKK,Vojvoda,D,6.5,6.5,False,True
20,KKK,Muharemovic,D,6.5,6.5,False,True
20,KKK,Van Der Brempt,D,,,False,True
20,KKK,Pulisic,C,5.5,5.5,False,True
20,KKK,Loftus-Cheek,C,,,False,True
20,KKK,Cristante,C,6.0,6.0,False,True
20,KKK,Baldanzi,C,,,False,True
20,KKK,Meister,A,6.0,6.0,False,True
20,KKK,Borrelli,A,6.0,6.0,False,True
20,KKK,Lucca,A,,,False,True
20,KKK,Ostigard,D,,,False,True
20,FANTA GPT,Milinkovic-Savic V.,P,,,False,False
20,FANTA GPT,Martin,D,6.0,6.0,True,False
20,FANTA GPT,Zappacosta,D,6.0,6.0,True,False
20,FANTA GPT,Gila,D,6.5,6.5,True,False
20,FANTA GPT,Norton-Cuffy,D,6.5,6.5,True,False
20,FANTA GPT,Bernabè,C,6.0,6.0,True,False
20,FANTA GPT,Thuram K.,C,7.0,7.0,True,False
20,FANTA GPT,Vazquez,C,,,False,False
20,FANTA GPT,Krstovic,A,7.5,11.5,True,False
20,FANTA GPT,Colombo,A,6.0,6.0,True,False
20,FANTA GPT,Leao,A,5.0,5.0,True,False
20,FANTA GPT,Meret,P,6.0,3.0,True,True
20,FANTA GPT,Contini,P,,,False,True
20,FANTA GPT,Hermoso,D,,,False,True
20,FANTA GPT,Luperto,D,6.5,6.5,False,True
20,FANTA GPT,Kelly L.,D,6.5,6.5,False,True
20,FANTA GPT,Gatti,D,,,False,True
20,FANTA GPT,Samardzic,C,,,False,True
20,FANTA GPT,Diouf,C,,,False,True
20,FANTA GPT,Miller L.,C,5.5,5.5,True,True
20,FANTA GPT,Tramoni M.,C,6.0,7.0,False,True
20,FANTA GPT,Dovbyk,A,,,False,True
20,FANTA GPT,Esposito Se.,A,7.0,8.0,False,True
20,FANTA GPT,Solomon,A,6.0,6.0,False,True
20,WINNING MOMENT,Leali,P,,,False,False
20,WINNING MOMENT,Bastoni,D,6.5,7.5,True,False
20,WINNING MOMENT,Kalulu,D,6.5,6.5,True,False
20,WINNING MOMENT,Mancini,D,6.5,6.5,True,False
20,WINNING MOMENT,Tomori,D,6.5,6.5,True,False
20,WINNING MOMENT,Sucic P.,C,6.0,6.0,True,False
20,WINNING MOMENT,McKennie,C,6.0,6.0,True,False
20,WINNING MOMENT,Barella,C,6.0,5.5,True,False
20,WINNING MOMENT,Pasalic,C,6.0,6.0,True,False
20,WINNING MOMENT,Soulè,A,5.5,5.5,True,False
20,WINNING MOMENT,Nkunku,A,5.5,5.5,True,False
20,WINNING MOMENT,Caprile,P,7.0,5.5,True,True
20,WINNING MOMENT,Silvestri,P,,,False,True
20,WINNING MOMENT,Spinazzola,D,5.0,5.0,False,True
20,WINNING MOMENT,Pongracic,D,5.0,4.5,False,True
20,WINNING MOMENT,Kempf,D,7.0,7.0,False,True
20,WINNING MOMENT,Sabelli,D,,,False,True
20,WINNING MOMENT,Mandragora,C,6.0,6.0,False,True
20,WINNING MOMENT,Matic,C,6.0,6.0,False,True
20,WINNING MOMENT,Nicolussi Caviglia,C,,,False,True
20,WINNING MOMENT,Zambo Anguissa,C,,,False,True
20,WINNING MOMENT,Bonazzoli,A,5.0,5.0,False,True
20,WINNING MOMENT,Bonny,A,7.0,10.0,False,True
20,WINNING MOMENT,Benedyczak,A,6.0,6.0,False,True
20,WINNING MOMENT,Arena A.,A,,,False,True
20,BOVE,Skorupski,P,5.0,5.0,True,False
20,BOVE,Dimarco,D,8.0,12.5,True,False
20,BOVE,Pavlovic,D,,,False,False
20,BOVE,Rensch,D,,,False,False
20,BOVE,Heggem,D,5.0,5.0,True,False
20,BOVE,Rabiot,C,6.5,6.0,True,False
20,BOVE,Gudmundsson A.,C,6.0,6.0,True,False
20,BOVE,Isaksen,C,,,False,False
20,BOVE,Elmas,C,5.0,5.0,True,False
20,BOVE,David,A,7.0,11.0,True,False
20,BOVE,Pellegrino M.,A,5.0,5.0,True,False
20,BOVE,Ravaglia F.,P,5.5,2.0,False,True
20,BOVE,Pessina Mas.,P,,,False,True
20,BOVE,Akanji,D,,,False,True
20,BOVE,Gabbia,D,6.0,6.0,True,True
20,BOVE,Juan Jesus,D,4.5,4.0,True,True
20,BOVE,Parisi,D,,,False,True
20,BOVE,Mkhitaryan,C,7.0,10.0,True,True
20,BOVE,Taylor K.,C,6.0,6.0,False,True
20,BOVE,Ondrejka,C,5.5,5.5,False,True
20,BOVE,Thorstvedt,C,6.0,6.0,False,True
20,BOVE,Kean,A,,,False,True
20,BOVE,Simeone,A,,,False,True
20,BOVE,Giovane,A,5.5,5.5,False,True
20,BOVE,Immobile,A,5.5,5.0,False,True
21,BJ EASTONE FC,Butez,P,6.0,6.5,True,False
21,BJ EASTONE FC,Gosens,D,5.5,5.5,True,False
21,BJ EASTONE FC,De Winter,D,6.5,6.5,True,False
21,BJ EASTONE FC,Bisseck,D,6.0,6.0,True,False
21,BJ EASTONE FC,Ramon,D,6.5,6.5,True,False
21,BJ EASTONE FC,Paz N.,C,4.5,2.5,True,False
21,BJ EASTONE FC,Konè M.,C,,,False,False
21,BJ EASTONE FC,Fofana Y.,C,6.5,6.5,True,False
21,BJ EASTONE FC,Odgaard,C,5.0,5.0,True,False
21,BJ EASTONE FC,Frattesi,C,6.0,6.0,True,False
21,BJ EASTONE FC,Ferguson E.,A,,,False,False
21,BJ EASTONE FC,Okoye,P,6.5,7.5,False,True
21,BJ EASTONE FC,Cavlina,P,,,False,True
21,BJ EASTONE FC,Kristensen T.,D,6.5,6.0,False,True
21,BJ EASTONE FC,Smolcic I.,D,6.0,6.0,False,True
21,BJ EASTONE FC,Veiga D.,D,5.5,5.5,False,True
21,BJ EASTONE FC,Odogu,D,,,False,True
21,BJ EASTONE FC,Luis Henrique,C,6.5,7.5,True,True
21,BJ EASTONE FC,Vergara,C,7.0,10.5,False,True
21,BJ EASTONE FC,Adzic,C,,,False,True
21,BJ EASTONE FC,Pinamonti,A,6.0,6.0,True,True
21,BJ EASTONE FC,Laurientè,A,6.0,6.0,False,True
21,BJ EASTONE FC,Ekhator,A,,,False,True
21,BJ EASTONE FC,Buffon L.,A,,,False,True
21,BJ EASTONE FC,Vlahovic,A,,,False,True
21,WINNING MOMENT,Leali,P,,,False,False
21,WINNING MOMENT,Bastoni,D,6.5,6.5,True,False
21,WINNING MOMENT,Kalulu,D,6.5,7.5,True,False
21,WINNING MOMENT,Mancini,D,6.5,6.0,True,False
21,WINNING MOMENT,Tomori,D,6.0,6.0,True,False
21,WINNING MOMENT,Sucic P.,C,6.5,6.5,True,False
21,WINNING MOMENT,McKennie,C,7.5,11.0,True,False
21,WINNING MOMENT,Barella,C,,,False,False
21,WINNING MOMENT,Pasalic,C,,,False,False
21,WINNING MOMENT,Soulè,A,5.5,5.5,True,False
21,WINNING MOMENT,Nkunku,A,7.0,9.0,True,False
21,WINNING MOMENT,Caprile,P,6.0,7.0,True,True
21,WINNING MOMENT,Silvestri,P,,,False,True
21,WINNING MOMENT,Spinazzola,D,6.0,6.0,False,True
21,WINNING MOMENT,Pongracic,D,5.5,5.5,False,True
21,WINNING MOMENT,Kempf,D,6.0,6.0,False,True
21,WINNING MOMENT,Sabelli,D,,,False,True
21,WINNING MOMENT,Mandragora,C,6.0,6.0,True,True
21,WINNING MOMENT,Matic,C,7.0,8.0,True,True
21,WINNING MOMENT,Nicolussi Caviglia,C,5.5,5.5,False,True
21,WINNING MOMENT,Zambo Anguissa,C,,,False,True
21,WINNING MOMENT,Bonazzoli,A,5.5,5.5,False,True
21,WINNING MOMENT,Bonny,A,6.0,6.0,False,True
21,WINNING MOMENT,Benedyczak,A,,,False,True
21,WINNING MOMENT,Arena A.,A,,,False,True
21,BOVE,Ravaglia F.,P,6.0,2.5,True,False
21,BOVE,Dimarco,D,7.0,8.0,True,False
21,BOVE,Rensch,D,,,False,False
21,BOVE,Akanji,D,6.0,6.0,True,False
21,BOVE,Heggem,D,4.5,4.5,True,False
21,BOVE,Rabiot,C,7.5,11.5,True,False
21,BOVE,Gudmundsson A.,C,6.0,6.0,True,False
21,BOVE,Isaksen,C,7.0,8.0,True,False
21,BOVE,Elmas,C,6.5,6.5,True,False
21,BOVE,David,A,7.0,10.5,True,False
21,BOVE,Kean,A,6.0,6.0,True,False
21,BOVE,Skorupski,P,,,False,True
21,BOVE,Pessina Mas.,P,,,False,True
21,BOVE,Gabbia,D,6.0,6.0,True,True
21,BOVE,Juan Jesus,D,6.0,6.0,False,True
21,BOVE,Pavlovic,D,6.5,6.5,False,True
21,BOVE,Parisi,D,6.0,6.0,False,True
21,BOVE,Mkhitaryan,C,6.0,6.0,False,True
21,BOVE,Taylor K.,C,6.5,9.5,False,True
21,BOVE,Thorstvedt,C,6.5,6.5,False,True
21,BOVE,Ondrejka,C,5.0,5.0,False,True
21,BOVE,Pellegrino M.,A,5.0,5.0,False,True
21,BOVE,Giovane,A,,,False,True
21,BOVE,Simeone,A,,,False,True
21,BOVE,Immobile,A,,,False,True
21,VENI VIDI VICI,Carnesecchi,P,8.5,11.5,True,False
21,VENI VIDI VICI,Carlos Augusto,D,,,False,False
21,VENI VIDI VICI,Valeri,D,5.5,5.5,True,False
21,VENI VIDI VICI,Kamara H.,D,,,False,False
21,VENI VIDI VICI,Kolasinac,D,,,False,False
21,VENI VIDI VICI,Volpato,C,,,False,False
21,VENI VIDI VICI,Gaetano,C,6.5,6.5,True,False
21,VENI VIDI VICI,Konè I.,C,7.0,9.5,True,False
21,VENI VIDI VICI,Martinez L.,A,7.0,11.0,True,False
21,VENI VIDI VICI,Esposito F.P.,A,6.0,6.0,True,False
21,VENI VIDI VICI,Thuram,A,6.0,6.0,True,False
21,VENI VIDI VICI,Rossi F.,P,,,False,True
21,VENI VIDI VICI,Sportiello,P,,,False,True
21,VENI VIDI VICI,Pellegrini Lu.,D,6.5,6.0,True,True
21,VENI VIDI VICI,Lazaro,D,6.0,6.0,True,True
21,VENI VIDI VICI,Doig,D,6.5,6.5,True,True
21,VENI VIDI VICI,Rugani,D,,,False,True
21,VENI VIDI VICI,Sorensen O.,C,5.5,5.5,True,True
21,VENI VIDI VICI,Zerbin,C,5.5,5.5,False,True
21,VENI VIDI VICI,Pierotti,C,5.0,5.0,False,True
21,VENI VIDI VICI,Zaniolo,C,,,False,True
21,VENI VIDI VICI,Vitinha O.,A,7.0,10.0,False,True
21,VENI VIDI VICI,Piccoli,A,6.5,6.5,False,True
21,VENI VIDI VICI,Ekuban,A,,,False,True
21,VENI VIDI VICI,Rowe,C,5.5,5.5,False,True
21,FANTA GPT,Meret,P,7.0,7.0,True,False
21,FANTA GPT,Martin,D,4.5,4.5,True,False
21,FANTA GPT,Luperto,D,6.5,6.5,True,False
21,FANTA GPT,Gila,D,6.0,6.0,True,False
21,FANTA GPT,Norton-Cuffy,D,5.5,5.0,True,False
21,FANTA GPT,Bernabè,C,5.5,5.5,True,False
21,FANTA GPT,Thuram K.,C,6.5,6.5,True,False
21,FANTA GPT,Tramoni M.,C,5.0,4.5,True,False
21,FANTA GPT,Esposito Se.,A,7.0,8.0,True,False
21,FANTA GPT,Colombo,A,5.5,5.5,True,False
21,FANTA GPT,Leao,A,,,False,False
21,FANTA GPT,Milinkovic-Savic V.,P,,,False,True
21,FANTA GPT,Contini,P,,,False,True
21,FANTA GPT,Hermoso,D,6.0,6.0,False,True
21,FANTA GPT,Zappacosta,D,6.0,6.0,False,True
21,FANTA GPT,Kelly L.,D,6.5,6.5,False,True
21,FANTA GPT,Gatti,D,6.0,6.0,False,True
21,FANTA GPT,Samardzic,C,,,False,True
21,FANTA GPT,Koopmeiners,C,,,False,True
21,FANTA GPT,Miller L.,C,6.0,5.5,False,True
21,FANTA GPT,Diouf,C,,,False,True
21,FANTA GPT,Vazquez,C,,,False,True
21,FANTA GPT,Dovbyk,A,,,False,True
21,FANTA GPT,Krstovic,A,6.0,5.5,True,True
21,FANTA GPT,Solomon,A,6.5,9.5,False,True
21,TEAM ASRSUPERJULIAN,Sommer,P,6.5,7.5,True,False
21,TEAM ASRSUPERJULIAN,Di Lorenzo,D,6.0,6.0,True,False
21,TEAM ASRSUPERJULIAN,Solet,D,7.0,7.0,True,False
21,TEAM ASRSUPERJULIAN,Scalvini,D,6.0,6.0,True,False
21,TEAM ASRSUPERJULIAN,Zortea,D,5.5,5.5,True,False
21,TEAM ASRSUPERJULIAN,Berisha M.,C,,,False,False
21,TEAM ASRSUPERJULIAN,Zaccagni,C,,,False,False
21,TEAM ASRSUPERJULIAN,Orsolini,C,5.5,5.5,True,False
21,TEAM ASRSUPERJULIAN,Scamacca,A,,,False,False
21,TEAM ASRSUPERJULIAN,Ratkov,A,6.0,6.0,True,False
21,TEAM ASRSUPERJULIAN,Adams C.,A,7.0,11.0,True,False
21,TEAM ASRSUPERJULIAN,Provedel,P,6.5,4.0,False,True
21,TEAM ASRSUPERJULIAN,Mandas,P,,,False,True
21,TEAM ASRSUPERJULIAN,N'Dicka,D,6.0,5.5,False,True
21,TEAM ASRSUPERJULIAN,Floriani Mussolini,D,6.0,6.0,False,True
21,TEAM ASRSUPERJULIAN,Ziolkowski,D,,,False,True
21,TEAM ASRSUPERJULIAN,Gaspar K.,D,6.0,6.0,False,True
21,TEAM ASRSUPERJULIAN,Gandelman,C,6.0,6.0,True,True
21,TEAM ASRSUPERJULIAN,Bondo,C,,,False,True
21,TEAM ASRSUPERJULIAN,De Bruyne,C,,,False,True
21,TEAM ASRSUPERJULIAN,Kaba,C,,,False,True
21,TEAM ASRSUPERJULIAN,Bailey,C,,,False,True
21,TEAM ASRSUPERJULIAN,Lang,A,,,False,True
21,TEAM ASRSUPERJULIAN,Diao,A,,,False,True
21,TEAM ASRSUPERJULIAN,Banda,A,6.0,6.0,True,True
21,KKK,Falcone,P,7.5,6.5,True,False
21,KKK,Vojvoda,D,6.0,6.0,True,False
21,KKK,Palestra,D,7.0,7.0,True,False
21,KKK,Ostigard,D,5.0,4.5,True,False
21,KKK,Atta,C,6.5,6.5,True,False
21,KKK,Locatelli,C,6.5,6.5,True,False
21,KKK,Pulisic,C,,,False,False
21,KKK,Malinovskyi,C,7.5,9.0,True,False
21,KKK,Meister,A,5.5,5.5,True,False
21,KKK,Douvikas,A,5.5,5.5,True,False
21,KKK,Hojlund,A,6.0,6.0,True,False
21,KKK,De Gea,P,6.0,4.0,False,True
21,KKK,Christensen O.,P,,,False,True
21,KKK,Romagnoli,D,,,False,True
21,KKK,Bernasconi,D,6.0,6.0,False,True
21,KKK,Bellanova,D,6.0,5.5,False,True
21,KKK,Muharemovic,D,6.5,6.5,False,True
21,KKK,Van Der Brempt,D,,,False,True
21,KKK,Cristante,C,6.0,6.0,True,True
21,KKK,Casadei,C,6.5,6.5,False,True
21,KKK,Loftus-Cheek,C,7.0,11.0,False,True
21,KKK,Vardy,A,5.5,5.0,False,True
21,KKK,Borrelli,A,6.5,6.5,False,True
21,KKK,Lucca,A,,,False,True
21,KKK,Baldanzi,C,,,False,True
21,DARTH VADER,Di Gregorio,P,6.5,5.5,True,False
21,DARTH VADER,Buongiorno,D,6.0,5.5,True,False
21,DARTH VADER,Bremer,D,8.0,13.5,True,False
21,DARTH VADER,Celik,D,6.0,6.0,True,False
21,DARTH VADER,Zielinski,C,7.0,10.0,True,False
21,DARTH VADER,Perrone,C,6.0,5.5,True,False
21,DARTH VADER,Conceicao,C,6.5,7.0,True,False
21,DARTH VADER,Saelemaekers,C,,,False,False
21,DARTH VADER,Yildiz,A,6.0,6.0,True,False
21,DARTH VADER,Castro S.,A,5.5,5.5,True,False
21,DARTH VADER,Berardi,A,7.5,10.5,True,False
21,DARTH VADER,Perin,P,,,False,True
21,DARTH VADER,Pinsoglio,P,,,False,True
21,DARTH VADER,Vasquez,D,6.5,6.5,False,True
21,DARTH VADER,Gallo,D,6.0,6.0,False,True
21,DARTH VADER,Zanoli,D,,,False,True
21,DARTH VADER,Baschirotto,D,5.5,5.0,False,True
21,DARTH VADER,Canestrelli,D,6.0,6.0,False,True
21,DARTH VADER,Ederson D.S.,C,7.0,7.0,True,True
21,DARTH VADER,Frendrup,C,6.5,6.5,False,True
21,DARTH VADER,Oristanio,C,5.0,5.0,False,True
21,DARTH VADER,Calhanoglu,C,,,False,True
21,DARTH VADER,Kilicsoy,A,7.5,10.5,False,True
21,DARTH VADER,Fullkrug,A,6.0,6.0,False,True
21,DARTH VADER,Stulic,A,,,False,True
21,TIGER REBELS,Svilar,P,6.0,5.0,True,False
21,TIGER REBELS,Terracciano F.,D,6.0,6.0,True,False
21,TIGER REBELS,Obert,D,6.5,7.5,True,False
21,TIGER REBELS,Pezzella Giu.,D,5.5,5.5,True,False
21,TIGER REBELS,Tiago Gabriel,D,6.0,5.5,True,False
21,TIGER REBELS,Masini,C,,,False,False
21,TIGER REBELS,McTominay,C,6.5,6.5,True,False
21,TIGER REBELS,Modric,C,6.5,6.5,True,False
21,TIGER REBELS,Zalewski,C,5.5,5.5,True,False
21,TIGER REBELS,Dybala,A,,,False,False
21,TIGER REBELS,De Ketelaere,A,6.0,6.0,True,False
21,TIGER REBELS,Gollini,P,,,False,True
21,TIGER REBELS,Valle,D,6.5,6.5,False,True
21,TIGER REBELS,Miranda J.,D,4.0,4.0,False,True
21,TIGER REBELS,Vasquez D.,P,,,False,True
21,TIGER REBELS,Pellegrini Lo.,C,5.5,5.0,True,True
21,TIGER REBELS,El Shaarawy,C,,,False,True
21,TIGER REBELS,Brescianini,C,5.5,5.5,False,True
21,TIGER REBELS,Dzeko,A,,,False,True
21,TIGER REBELS,Almqvist,A,,,False,True
21,TIGER REBELS,Rodriguez Je.,A,5.5,5.5,True,True
21,ETHANANITA,Maignan,P,6.0,7.0,True,False
21,ETHANANITA,Wesley,D,5.0,5.0,True,False
21,ETHANANITA,Bartesaghi,D,6.5,6.5,True,False
21,ETHANANITA,Cambiaso,D,5.0,3.0,True,False
21,ETHANANITA,Marusic,D,6.0,6.0,True,False
21,ETHANANITA,Vlasic,C,7.0,7.5,True,False
21,ETHANANITA,Basic,C,6.0,6.0,True,False
21,ETHANANITA,Miretti,C,6.0,6.0,True,False
21,ETHANANITA,Addai,A,5.5,5.0,True,False
21,ETHANANITA,Dia,A,,,False,False
21,ETHANANITA,Davis K.,A,6.0,5.5,True,False
21,ETHANANITA,Terracciano,P,,,False,True
21,ETHANANITA,Torriani,P,,,False,True
21,ETHANANITA,Dodò,D,6.5,6.5,False,True
21,ETHANANITA,Estupinan,D,,,False,True
21,ETHANANITA,Rrahmani,D,,,False,True
21,ETHANANITA,Dumfries,D,,,False,True
21,ETHANANITA,Maldini,C,5.5,5.5,False,True
21,ETHANANITA,Ngom,C,,,False,True
21,ETHANANITA,Rovella,C,,,False,True
21,ETHANANITA,Politano,C,,,False,True
21,ETHANANITA,Neres,C,,,False,True
21,ETHANANITA,Lukaku,A,,,False,True
21,ETHANANITA,Openda,A,,,False,True
21,ETHANANITA,Isaac,A,,,False,True
22,TEAM ASRSUPERJULIAN,Sommer,P,6.0,7.0,True,False
22,TEAM ASRSUPERJULIAN,Parisi,D,6.0,6.0,True,False
22,TEAM ASRSUPERJULIAN,Solet,D,6.5,8.5,True,False
22,TEAM ASRSUPERJULIAN,Scalvini,D,6.5,6.5,True,False
22,TEAM ASRSUPERJULIAN,Zortea,D,6.0,6.0,True,False
22,TEAM ASRSUPERJULIAN,Berisha M.,C,,,False,False
22,TEAM ASRSUPERJULIAN,Zaccagni,C,,,False,False
22,TEAM ASRSUPERJULIAN,Orsolini,C,6.5,6.5,True,False
22,TEAM ASRSUPERJULIAN,Malen,A,7.5,14.5,True,False
22,TEAM ASRSUPERJULIAN,Scamacca,A,,,False,False
22,TEAM ASRSUPERJULIAN,Adams C.,A,5.0,5.0,True,False
22,TEAM ASRSUPERJULIAN,Provedel,P,7.0,5.0,False,True
22,TEAM ASRSUPERJULIAN,Martinez Jo.,P,,,False,True
22,TEAM ASRSUPERJULIAN,N'Dicka,D,6.5,6.5,False,True
22,TEAM ASRSUPERJULIAN,Floriani Mussolini,D,,,False,True
22,TEAM ASRSUPERJULIAN,Ziolkowski,D,,,False,True
22,TEAM ASRSUPERJULIAN,Gaspar K.,D,5.0,5.0,False,True
22,TEAM ASRSUPERJULIAN,Messias,C,6.0,6.0,True,True
22,TEAM ASRSUPERJULIAN,Pisilli,C,6.5,6.5,True,True
22,TEAM ASRSUPERJULIAN,Gandelman,C,7.0,10.0,False,True
22,TEAM ASRSUPERJULIAN,Bondo,C,,,False,True
22,TEAM ASRSUPERJULIAN,Prati,C,,,False,True
22,TEAM ASRSUPERJULIAN,Ratkov,A,,,False,True
22,TEAM ASRSUPERJULIAN,Diao,A,,,False,True
22,TEAM ASRSUPERJULIAN,Cheddira,A,5.5,5.5,True,True
22,KKK,De Gea,P,6.5,4.5,True,False
22,KKK,Vojvoda,D,6.0,6.0,True,False
22,KKK,Palestra,D,6.0,5.5,True,False
22,KKK,Djimsiti,D,6.0,6.0,True,False
22,KKK,Bellanova,D,6.0,6.0,True,False
22,KKK,Atta,C,6.5,6.5,True,False
22,KKK,Ekkelenkamp,C,5.5,5.5,True,False
22,KKK,Loftus-Cheek,C,,,False,False
22,KKK,Vardy,A,6.0,6.0,True,False
22,KKK,Douvikas,A,6.0,6.0,True,False
22,KKK,Hojlund,A,7.5,13.5,True,False
22,KKK,Falcone,P,6.0,5.0,False,True
22,KKK,Christensen O.,P,,,False,True
22,KKK,Romagnoli,D,5.5,5.0,False,True
22,KKK,Bernasconi,D,6.0,6.0,False,True
22,KKK,Ostigard,D,5.5,5.5,False,True
22,KKK,Muharemovic,D,4.0,4.0,False,True
22,KKK,Locatelli,C,5.5,5.5,True,True
22,KKK,Malinovskyi,C,6.5,8.5,False,True
22,KKK,Casadei,C,7.0,10.0,False,True
22,KKK,Pulisic,C,,,False,True
22,KKK,Baldanzi,C,,,False,True
22,KKK,Pedro,A,7.0,10.0,False,True
22,KKK,Boga,A,6.5,7.5,False,True
22,KKK,Kuhn,A,,,False,True
22,ETHANANITA,Maignan,P,4.5,3.5,True,False
22,ETHANANITA,Wesley,D,6.5,6.5,True,False
22,ETHANANITA,Bartesaghi,D,6.0,6.0,True,False
22,ETHANANITA,Cambiaso,D,5.0,6.0,True,False
22,ETHANANITA,Dodò,D,5.5,5.0,True,False
22,ETHANANITA,Zaragoza,C,6.0,5.5,True,False
22,ETHANANITA,Maldini,C,6.5,7.5,True,False
22,ETHANANITA,Miretti,C,,,False,False
22,ETHANANITA,Baturina,C,6.5,6.5,True,False
22,ETHANANITA,Dia,A,,,False,False
22,ETHANANITA,Zapata D.,A,,,False,False
22,ETHANANITA,Terracciano,P,,,False,True
22,ETHANANITA,Torriani,P,,,False,True
22,ETHANANITA,Marusic,D,6.5,6.5,False,True
22,ETHANANITA,Estupinan,D,,,False,True
22,ETHANANITA,Rrahmani,D,6.5,7.0,False,True
22,ETHANANITA,Dumfries,D,,,False,True
22,ETHANANITA,Venturino,C,,,False,True
22,ETHANANITA,Bakola,C,,,False,True
22,ETHANANITA,Politano,C,,,False,True
22,ETHANANITA,Vlasic,C,,,False,True
22,ETHANANITA,Lukaku,A,,,False,True
22,ETHANANITA,Addai,A,,,False,True
22,ETHANANITA,Gueye,A,5.5,5.0,True,True
22,ETHANANITA,Davis K.,A,,,False,True
22,BOVE,Skorupski,P,6.0,5.0,True,False
22,BOVE,Dimarco,D,8.5,11.0,True,False
22,BOVE,Rensch,D,,,False,False
22,BOVE,Akanji,D,7.5,10.5,True,False
22,BOVE,Juan Jesus,D,5.0,4.0,True,False
22,BOVE,Rabiot,C,,,False,False
22,BOVE,Gudmundsson A.,C,6.0,6.0,True,False
22,BOVE,Elmas,C,6.5,6.5,True,False
22,BOVE,David,A,5.0,5.0,True,False
22,BOVE,Kean,A,6.5,9.5,True,False
22,BOVE,Raspadori,A,7.0,8.0,True,False
22,BOVE,Pavlovic,D,6.0,6.0,True,True
22,BOVE,Gabbia,D,6.0,6.0,False,True
22,BOVE,Olivera,D,,,False,True
22,BOVE,Edmundsson,D,7.0,7.0,False,True
22,BOVE,Mkhitaryan,C,6.5,6.5,True,True
22,BOVE,Bernardeschi,C,6.0,6.0,False,True
22,BOVE,Isaksen,C,7.0,10.0,False,True
22,BOVE,Taylor K.,C,6.5,6.0,False,True
22,BOVE,Thorstvedt,C,5.0,5.0,False,True
22,BOVE,Morata,A,,,False,True
22,BOVE,Pellegrino M.,A,5.5,5.5,False,True
22,BOVE,Kulenovic,A,5.5,5.5,False,True
22,BOVE,Ravaglia F.,P,,,False,True
22,BOVE,Bijlow,P,5.5,2.5,False,True
22,VENI VIDI VICI,Carnesecchi,P,6.0,5.0,True,False
22,VENI VIDI VICI,Kolasinac,D,6.0,5.5,True,False
22,VENI VIDI VICI,Valeri,D,6.0,6.0,True,False
22,VENI VIDI VICI,Lazaro,D,5.5,5.0,True,False
22,VENI VIDI VICI,Volpato,C,,,False,False
22,VENI VIDI VICI,Gaetano,C,5.5,5.0,True,False
22,VENI VIDI VICI,Konè I.,C,5.0,5.0,True,False
22,VENI VIDI VICI,Zaniolo,C,6.0,6.0,True,False
22,VENI VIDI VICI,Martinez L.,A,7.0,10.0,True,False
22,VENI VIDI VICI,Esposito F.P.,A,,,False,False
22,VENI VIDI VICI,Thuram,A,7.0,10.0,True,False
22,VENI VIDI VICI,Rossi F.,P,,,False,True
22,VENI VIDI VICI,Sportiello,P,,,False,True
22,VENI VIDI VICI,Pellegrini Lu.,D,,,False,True
22,VENI VIDI VICI,Kamara H.,D,,,False,True
22,VENI VIDI VICI,Carlos Augusto,D,,,False,True
22,VENI VIDI VICI,Doig,D,5.5,5.5,False,True
22,VENI VIDI VICI,Rugani,D,,,False,True
22,VENI VIDI VICI,Rowe,C,6.5,6.5,True,True
22,VENI VIDI VICI,Sorensen O.,C,6.0,6.0,False,True
22,VENI VIDI VICI,Zerbin,C,,,False,True
22,VENI VIDI VICI,Pierotti,C,5.5,5.5,False,True
22,VENI VIDI VICI,Vitinha O.,A,6.5,6.5,True,True
22,VENI VIDI VICI,Piccoli,A,,,False,True
22,VENI VIDI VICI,Ekuban,A,6.0,6.0,False,True
22,BJ EASTONE FC,Butez,P,6.0,4.5,True,False
22,BJ EASTONE FC,Gosens,D,,,False,False
22,BJ EASTONE FC,De Winter,D,6.0,6.0,True,False
22,BJ EASTONE FC,Bisseck,D,7.5,11.5,True,False
22,BJ EASTONE FC,Ramon,D,5.5,5.5,True,False
22,BJ EASTONE FC,Paz N.,C,7.0,9.5,True,False
22,BJ EASTONE FC,Konè M.,C,,,False,False
22,BJ EASTONE FC,Fofana Y.,C,6.0,6.0,True,False
22,BJ EASTONE FC,Odgaard,C,,,False,False
22,BJ EASTONE FC,Frattesi,C,6.0,6.0,True,False
22,BJ EASTONE FC,Ferguson E.,A,,,False,False
22,BJ EASTONE FC,Okoye,P,6.0,4.0,False,True
22,BJ EASTONE FC,Cavlina,P,,,False,True
22,BJ EASTONE FC,Kristensen T.,D,6.0,6.0,True,True
22,BJ EASTONE FC,Smolcic I.,D,,,False,True
22,BJ EASTONE FC,Veiga D.,D,6.0,6.0,False,True
22,BJ EASTONE FC,Odogu,D,,,False,True
22,BJ EASTONE FC,Luis Henrique,C,7.0,10.0,True,True
22,BJ EASTONE FC,Vergara,C,6.5,6.5,True,True
22,BJ EASTONE FC,Adzic,C,,,False,True
22,BJ EASTONE FC,Pinamonti,A,5.0,5.0,True,True
22,BJ EASTONE FC,Laurientè,A,6.5,6.5,False,True
22,BJ EASTONE FC,Ekhator,A,,,False,True
22,BJ EASTONE FC,Buffon L.,A,,,False,True
22,BJ EASTONE FC,Vlahovic,A,,,False,True
22,DARTH VADER,Di Gregorio,P,5.5,3.5,True,False
22,DARTH VADER,Buongiorno,D,4.0,4.0,True,False
22,DARTH VADER,Bremer,D,5.5,5.5,True,False
22,DARTH VADER,Celik,D,7.0,8.0,True,False
22,DARTH VADER,Zielinski,C,6.5,6.5,True,False
22,DARTH VADER,Calhanoglu,C,,,False,False
22,DARTH VADER,Conceicao,C,,,False,False
22,DARTH VADER,Saelemaekers,C,6.5,6.0,True,False
22,DARTH VADER,Yildiz,A,6.0,6.0,True,False
22,DARTH VADER,Castro S.,A,6.0,6.0,True,False
22,DARTH VADER,Berardi,A,5.5,5.5,True,False
22,DARTH VADER,Perin,P,,,False,True
22,DARTH VADER,Pinsoglio,P,,,False,True
22,DARTH VADER,Gallo,D,6.0,6.0,False,True
22,DARTH VADER,Gutierrez,D,5.5,5.5,False,True
22,DARTH VADER,Vasquez,D,5.5,5.0,False,True
22,DARTH VADER,Baschirotto,D,6.0,6.0,False,True
22,DARTH VADER,Bozhinov,D,5.5,5.5,False,True
22,DARTH VADER,Ederson D.S.,C,6.5,6.5,True,True
22,DARTH VADER,Perrone,C,6.0,6.0,True,True
22,DARTH VADER,Strefezza,C,6.0,6.0,False,True
22,DARTH VADER,Oristanio,C,5.5,5.5,False,True
22,DARTH VADER,Fullkrug,A,6.0,6.0,False,True
22,DARTH VADER,Kilicsoy,A,5.0,5.0,False,True
22,DARTH VADER,Bowie,A,5.0,5.0,False,True
22,TIGER REBELS,Svilar,P,6.0,7.0,True,False
22,TIGER REBELS,Terracciano F.,D,5.5,5.5,True,False
22,TIGER REBELS,Miranda J.,D,6.5,6.5,True,False
22,TIGER REBELS,Delprato,D,6.0,6.0,True,False
22,TIGER REBELS,Tiago Gabriel,D,6.5,6.5,True,False
22,TIGER REBELS,Pellegrini Lo.,C,6.0,6.0,True,False
22,TIGER REBELS,McTominay,C,7.5,10.5,True,False
22,TIGER REBELS,Modric,C,6.5,6.5,True,False
22,TIGER REBELS,Zalewski,C,6.5,6.5,True,False
22,TIGER REBELS,Dybala,A,,,False,False
22,TIGER REBELS,De Ketelaere,A,,,False,False
22,TIGER REBELS,Gollini,P,,,False,True
22,TIGER REBELS,Vasquez D.,P,,,False,True
22,TIGER REBELS,Valle,D,6.0,6.0,False,True
22,TIGER REBELS,Pezzella Giu.,D,5.5,5.5,False,True
22,TIGER REBELS,Mina,D,,,False,True
22,TIGER REBELS,Obert,D,6.0,6.0,False,True
22,TIGER REBELS,Lobotka,C,6.5,6.5,False,True
22,TIGER REBELS,Brescianini,C,5.5,5.5,False,True
22,TIGER REBELS,Masini,C,6.0,6.0,False,True
22,TIGER REBELS,El Shaarawy,C,,,False,True
22,TIGER REBELS,Simeone,A,5.5,5.5,True,True
22,TIGER REBELS,Rodriguez Je.,A,,,False,True
22,TIGER REBELS,Durosinmi,A,5.5,5.5,True,True
22,TIGER REBELS,Almqvist,A,,,False,True
22,WINNING MOMENT,Caprile,P,6.0,4.0,True,False
22,WINNING MOMENT,Spinazzola,D,6.0,6.0,True,False
22,WINNING MOMENT,Bastoni,D,6.5,6.5,True,False
22,WINNING MOMENT,Kalulu,D,7.0,11.0,True,False
22,WINNING MOMENT,Mancini,D,6.5,7.0,True,False
22,WINNING MOMENT,Pasalic,C,6.5,7.5,True,False
22,WINNING MOMENT,McKennie,C,7.0,10.0,True,False
22,WINNING MOMENT,Mandragora,C,6.5,7.5,True,False
22,WINNING MOMENT,Nkunku,A,5.5,5.5,True,False
22,WINNING MOMENT,Bonny,A,,,False,False
22,WINNING MOMENT,Soulè,A,6.0,6.0,True,False
22,WINNING MOMENT,Silvestri,P,,,False,True
22,WINNING MOMENT,Leali,P,,,False,True
22,WINNING MOMENT,Pongracic,D,6.0,6.0,False,True
22,WINNING MOMENT,Tomori,D,6.0,6.0,False,True
22,WINNING MOMENT,Kempf,D,6.0,6.0,False,True
22,WINNING MOMENT,Sabelli,D,,,False,True
22,WINNING MOMENT,Sucic P.,C,6.5,6.5,False,True
22,WINNING MOMENT,Matic,C,4.5,3.5,False,True
22,WINNING MOMENT,Nicolussi Caviglia,C,6.5,7.5,False,True
22,WINNING MOMENT,Bonazzoli,A,5.5,5.5,True,True
22,WINNING MOMENT,Arena A.,A,,,False,True
22,WINNING MOMENT,Barella,C,,,False,True
22,WINNING MOMENT,Zambo Anguissa,C,,,False,True
22,WINNING MOMENT,Benedyczak,A,,,False,True
22,FANTA GPT,Meret,P,5.5,3.0,True,False
22,FANTA GPT,Hermoso,D,,,False,False
22,FANTA GPT,Kelly L.,D,6.0,6.0,True,False
22,FANTA GPT,Zappacosta,D,7.0,11.0,True,False
22,FANTA GPT,Bernabè,C,6.0,6.0,True,False
22,FANTA GPT,Thuram K.,C,5.5,5.5,True,False
22,FANTA GPT,Cristante,C,6.5,6.5,True,False
22,FANTA GPT,Tramoni M.,C,,,False,False
22,FANTA GPT,Leao,A,7.0,10.5,True,False
22,FANTA GPT,Krstovic,A,7.0,10.0,True,False
22,FANTA GPT,Solomon,A,7.0,10.0,True,False
22,FANTA GPT,Milinkovic-Savic V.,P,,,False,True
22,FANTA GPT,Contini,P,,,False,True
22,FANTA GPT,Gatti,D,,,False,True
22,FANTA GPT,Luperto,D,6.0,7.0,True,True
22,FANTA GPT,Gila,D,6.5,6.5,False,True
22,FANTA GPT,Martin,D,5.5,5.5,False,True
22,FANTA GPT,Norton-Cuffy,D,6.0,6.0,False,True
22,FANTA GPT,Diouf,C,6.0,6.0,True,True
22,FANTA GPT,Santos A.,C,,,False,True
22,FANTA GPT,Koopmeiners,C,5.5,5.5,False,True
22,FANTA GPT,Caqueret,C,6.0,6.0,False,True
22,FANTA GPT,Openda,A,,,False,True
22,FANTA GPT,Colombo,A,7.0,10.0,False,True
22,FANTA GPT,Esposito Se.,A,5.5,5.5,False,True
23,BJ EASTONE FC,Butez,P,6.0,4.0,True,False
23,BJ EASTONE FC,Gosens,D,,,False,False
23,BJ EASTONE FC,De Winter,D,,,False,False
23,BJ EASTONE FC,Bisseck,D,6.0,7.0,True,False
23,BJ EASTONE FC,Ramon,D,5.5,5.5,True,False
23,BJ EASTONE FC,Paz N.,C,5.0,5.0,True,False
23,BJ EASTONE FC,Konè M.,C,,,False,False
23,BJ EASTONE FC,Fofana Y.,C,5.5,5.5,True,False
23,BJ EASTONE FC,Odgaard,C,,,False,False
23,BJ EASTONE FC,Frattesi,C,,,False,False
23,BJ EASTONE FC,Ferguson E.,A,,,False,False
23,BJ EASTONE FC,Okoye,P,6.0,4.0,False,True
23,BJ EASTONE FC,Cavlina,P,,,False,True
23,BJ EASTONE FC,Kristensen T.,D,5.5,5.5,True,True
23,BJ EASTONE FC,Smolcic I.,D,,,False,True
23,BJ EASTONE FC,Veiga D.,D,6.5,6.5,True,True
23,BJ EASTONE FC,Odogu,D,,,False,True
23,BJ EASTONE FC,Luis Henrique,C,5.5,5.5,True,True
23,BJ EASTONE FC,Vergara,C,5.5,5.5,True,True
23,BJ EASTONE FC,Adzic,C,,,False,True
23,BJ EASTONE FC,Pinamonti,A,7.5,12.5,True,True
23,BJ EASTONE FC,Laurientè,A,7.0,10.0,False,True
23,BJ EASTONE FC,Ekhator,A,6.0,6.0,False,True
23,BJ EASTONE FC,Buffon L.,A,,,False,True
23,BJ EASTONE FC,Vlahovic,A,,,False,True
23,ETHANANITA,Maignan,P,6.5,5.5,True,False
23,ETHANANITA,Wesley,D,6.5,6.5,True,False
23,ETHANANITA,Bartesaghi,D,6.5,6.0,True,False
23,ETHANANITA,Marusic,D,5.5,5.5,True,False
23,ETHANANITA,Dodò,D,6.5,6.5,True,False
23,ETHANANITA,Zaragoza,C,6.0,7.0,True,False
23,ETHANANITA,Maldini,C,5.5,5.5,True,False
23,ETHANANITA,Politano,C,5.5,5.5,True,False
23,ETHANANITA,Baturina,C,5.5,5.5,True,False
23,ETHANANITA,Vlasic,C,6.0,8.5,True,False
23,ETHANANITA,Addai,A,5.5,5.5,True,False
23,ETHANANITA,Terracciano,P,,,False,True
23,ETHANANITA,Torriani,P,,,False,True
23,ETHANANITA,Rrahmani,D,5.0,4.5,False,True
23,ETHANANITA,Cambiaso,D,6.5,7.5,False,True
23,ETHANANITA,Estupinan,D,,,False,True
23,ETHANANITA,Dumfries,D,,,False,True
23,ETHANANITA,Miretti,C,5.5,5.5,False,True
23,ETHANANITA,Bakola,C,,,False,True
23,ETHANANITA,Venturino,C,5.5,5.5,False,True
23,ETHANANITA,Dia,A,,,False,True
23,ETHANANITA,Lukaku,A,,,False,True
23,ETHANANITA,Zapata D.,A,6.5,6.5,False,True
23,ETHANANITA,Gueye,A,,,False,True
23,ETHANANITA,Davis K.,A,,,False,True
23,BOVE,Skorupski,P,6.0,5.0,True,False
23,BOVE,Dimarco,D,6.5,7.5,True,False
23,BOVE,Gabbia,D,5.5,5.5,True,False
23,BOVE,Akanji,D,6.0,6.0,True,False
23,BOVE,Pavlovic,D,6.5,6.5,True,False
23,BOVE,Rabiot,C,5.0,4.0,True,False
23,BOVE,Isaksen,C,5.0,5.0,True,False
23,BOVE,Elmas,C,6.5,7.5,True,False
23,BOVE,David,A,5.5,5.5,True,False
23,BOVE,Kean,A,7.0,10.0,True,False
23,BOVE,Raspadori,A,6.0,6.0,True,False
23,BOVE,Olivera,D,6.0,6.0,False,True
23,BOVE,Edmundsson,D,6.5,6.5,False,True
23,BOVE,Taylor K.,C,6.0,5.5,False,True
23,BOVE,Thorstvedt,C,6.0,6.0,False,True
23,BOVE,Mkhitaryan,C,,,False,True
23,BOVE,Bernardeschi,C,6.5,7.5,False,True
23,BOVE,Pellegrino M.,A,6.5,10.5,False,True
23,BOVE,Morata,A,5.0,4.0,False,True
23,BOVE,Kulenovic,A,,,False,True
23,BOVE,Ravaglia F.,P,,,False,True
23,BOVE,Bijlow,P,6.5,7.5,False,True
23,BOVE,Rensch,D,,,False,True
23,BOVE,Gudmundsson A.,C,,,False,True
23,BOVE,Juan Jesus,D,,,False,True
23,TIGER REBELS,Svilar,P,6.0,4.0,True,False
23,TIGER REBELS,Terracciano F.,D,6.5,6.0,True,False
23,TIGER REBELS,Miranda J.,D,5.5,5.5,True,False
23,TIGER REBELS,Delprato,D,6.0,6.0,True,False
23,TIGER REBELS,Tiago Gabriel,D,7.0,7.0,True,False
23,TIGER REBELS,Pellegrini Lo.,C,5.5,5.5,True,False
23,TIGER REBELS,McTominay,C,,,False,False
23,TIGER REBELS,Modric,C,7.0,11.0,True,False
23,TIGER REBELS,Zalewski,C,7.0,10.0,True,False
23,TIGER REBELS,Dybala,A,,,False,False
23,TIGER REBELS,De Ketelaere,A,,,False,False
23,TIGER REBELS,Gollini,P,,,False,True
23,TIGER REBELS,Vasquez D.,P,,,False,True
23,TIGER REBELS,Valle,D,6.0,6.0,False,True
23,TIGER REBELS,Pezzella Giu.,D,6.0,5.5,False,True
23,TIGER REBELS,Mina,D,5.5,5.5,False,True
23,TIGER REBELS,Obert,D,6.0,6.0,False,True
23,TIGER REBELS,Lobotka,C,6.0,6.0,True,True
23,TIGER REBELS,Brescianini,C,6.0,6.0,False,True
23,TIGER REBELS,Masini,C,,,False,True
23,TIGER REBELS,El Shaarawy,C,,,False,True
23,TIGER REBELS,Simeone,A,5.0,5.0,True,True
23,TIGER REBELS,Rodriguez Je.,A,6.5,6.0,True,True
23,TIGER REBELS,Durosinmi,A,,,False,True
23,TIGER REBELS,Almqvist,A,,,False,True
23,TEAM ASRSUPERJULIAN,Sommer,P,6.0,4.0,True,False
23,TEAM ASRSUPERJULIAN,Parisi,D,6.0,4.0,True,False
23,TEAM ASRSUPERJULIAN,Solet,D,6.5,9.5,True,False
23,TEAM ASRSUPERJULIAN,Scalvini,D,5.5,5.0,True,False
23,TEAM ASRSUPERJULIAN,Zortea,D,6.0,6.0,True,False
23,TEAM ASRSUPERJULIAN,Messias,C,6.0,6.0,True,False
23,TEAM ASRSUPERJULIAN,Gandelman,C,7.0,11.0,True,False
23,TEAM ASRSUPERJULIAN,Orsolini,C,,,False,False
23,TEAM ASRSUPERJULIAN,Malen,A,8.0,13.0,True,False
23,TEAM ASRSUPERJULIAN,Scamacca,A,,,False,False
23,TEAM ASRSUPERJULIAN,Adams C.,A,5.5,5.5,True,False
23,TEAM ASRSUPERJULIAN,Provedel,P,5.5,3.5,False,True
23,TEAM ASRSUPERJULIAN,Martinez Jo.,P,,,False,True
23,TEAM ASRSUPERJULIAN,N'Dicka,D,7.0,7.0,False,True
23,TEAM ASRSUPERJULIAN,Floriani Mussolini,D,,,False,True
23,TEAM ASRSUPERJULIAN,Ziolkowski,D,,,False,True
23,TEAM ASRSUPERJULIAN,Gaspar K.,D,6.5,6.5,False,True
23,TEAM ASRSUPERJULIAN,Pisilli,C,5.5,5.5,True,True
23,TEAM ASRSUPERJULIAN,Berisha M.,C,,,False,True
23,TEAM ASRSUPERJULIAN,Zaccagni,C,,,False,True
23,TEAM ASRSUPERJULIAN,Bondo,C,,,False,True
23,TEAM ASRSUPERJULIAN,Prati,C,6.0,6.0,False,True
23,TEAM ASRSUPERJULIAN,Ratkov,A,6.0,6.0,True,True
23,TEAM ASRSUPERJULIAN,Diao,A,,,False,True
23,TEAM ASRSUPERJULIAN,Cheddira,A,6.0,6.0,False,True
23,DARTH VADER,Di Gregorio,P,5.5,2.5,True,False
23,DARTH VADER,Gutierrez,D,5.0,5.0,True,False
23,DARTH VADER,Bremer,D,7.0,7.0,True,False
23,DARTH VADER,Celik,D,6.0,6.0,True,False
23,DARTH VADER,Zielinski,C,7.0,10.5,True,False
23,DARTH VADER,Calhanoglu,C,6.5,6.0,True,False
23,DARTH VADER,Strefezza,C,6.5,6.5,True,False
23,DARTH VADER,Saelemaekers,C,,,False,False
23,DARTH VADER,Yildiz,A,6.0,6.0,True,False
23,DARTH VADER,Kilicsoy,A,5.5,5.5,True,False
23,DARTH VADER,Berardi,A,6.0,6.0,True,False
23,DARTH VADER,Perin,P,,,False,True
23,DARTH VADER,Pinsoglio,P,,,False,True
23,DARTH VADER,Baschirotto,D,7.0,7.0,False,True
23,DARTH VADER,Buongiorno,D,5.5,5.5,False,True
23,DARTH VADER,Vasquez,D,6.5,6.5,False,True
23,DARTH VADER,Gallo,D,6.0,6.0,False,True
23,DARTH VADER,Bozhinov,D,5.5,5.5,False,True
23,DARTH VADER,Conceicao,C,6.0,6.0,True,True
23,DARTH VADER,Perrone,C,5.0,5.0,False,True
23,DARTH VADER,Ederson D.S.,C,7.0,10.0,False,True
23,DARTH VADER,Oristanio,C,5.5,5.5,False,True
23,DARTH VADER,Castro S.,A,7.0,11.0,False,True
23,DARTH VADER,Fullkrug,A,4.5,2.5,False,True
23,DARTH VADER,Bowie,A,6.5,6.5,False,True
23,FANTA GPT,Meret,P,,,False,False
23,FANTA GPT,Norton-Cuffy,D,6.5,6.5,True,False
23,FANTA GPT,Martin,D,5.5,5.5,True,False
23,FANTA GPT,Zappacosta,D,6.5,6.5,True,False
23,FANTA GPT,Luperto,D,6.5,6.5,True,False
23,FANTA GPT,Thuram K.,C,,,False,False
23,FANTA GPT,Cristante,C,6.0,6.0,True,False
23,FANTA GPT,Bernabè,C,7.0,10.0,True,False
23,FANTA GPT,Leao,A,5.5,5.5,True,False
23,FANTA GPT,Krstovic,A,6.0,6.0,True,False
23,FANTA GPT,Solomon,A,6.5,6.5,True,False
23,FANTA GPT,Milinkovic-Savic V.,P,6.0,4.0,True,True
23,FANTA GPT,Contini,P,,,False,True
23,FANTA GPT,Gatti,D,,,False,True
23,FANTA GPT,Gila,D,5.5,5.5,False,True
23,FANTA GPT,Kelly L.,D,6.5,6.5,False,True
23,FANTA GPT,Hermoso,D,,,False,True
23,FANTA GPT,Diouf,C,6.5,6.5,True,True
23,FANTA GPT,Santos A.,C,7.5,11.5,False,True
23,FANTA GPT,Koopmeiners,C,6.0,6.0,False,True
23,FANTA GPT,Tramoni M.,C,5.0,5.0,False,True
23,FANTA GPT,Caqueret,C,6.0,6.0,False,True
23,FANTA GPT,Colombo,A,5.5,5.5,False,True
23,FANTA GPT,Esposito Se.,A,5.5,5.5,False,True
23,FANTA GPT,Openda,A,,,False,True
23,VENI VIDI VICI,Carnesecchi,P,6.5,7.5,True,False
23,VENI VIDI VICI,Carlos Augusto,D,6.0,6.0,True,False
23,VENI VIDI VICI,Valeri,D,6.5,6.5,True,False
23,VENI VIDI VICI,Lazaro,D,5.5,5.5,True,False
23,VENI VIDI VICI,Volpato,C,,,False,False
23,VENI VIDI VICI,Gaetano,C,,,False,False
23,VENI VIDI VICI,Konè I.,C,6.5,6.5,True,False
23,VENI VIDI VICI,Zaniolo,C,6.5,6.5,True,False
23,VENI VIDI VICI,Martinez L.,A,5.5,5.5,True,False
23,VENI VIDI VICI,Esposito F.P.,A,7.0,10.0,True,False
23,VENI VIDI VICI,Thuram,A,6.0,6.0,True,False
23,VENI VIDI VICI,Rossi F.,P,,,False,True
23,VENI VIDI VICI,Sportiello,P,,,False,True
23,VENI VIDI VICI,Kolasinac,D,6.5,6.5,False,True
23,VENI VIDI VICI,Pellegrini Lu.,D,,,False,True
23,VENI VIDI VICI,Kamara H.,D,,,False,True
23,VENI VIDI VICI,Doig,D,6.0,6.0,False,True
23,VENI VIDI VICI,Rugani,D,,,False,True
23,VENI VIDI VICI,Rowe,C,7.0,8.0,True,True
23,VENI VIDI VICI,Sorensen O.,C,6.0,6.0,True,True
23,VENI VIDI VICI,Zerbin,C,6.0,6.0,False,True
23,VENI VIDI VICI,Pierotti,C,6.5,6.5,False,True
23,VENI VIDI VICI,Vitinha O.,A,6.0,6.0,False,True
23,VENI VIDI VICI,Piccoli,A,,,False,True
23,VENI VIDI VICI,Ekuban,A,5.5,5.5,False,True
23,KKK,Falcone,P,6.0,7.0,True,False
23,KKK,Vojvoda,D,5.5,5.5,True,False
23,KKK,Palestra,D,5.5,5.5,True,False
23,KKK,Bellanova,D,,,False,False
23,KKK,Atta,C,6.0,5.5,True,False
23,KKK,Ekkelenkamp,C,6.0,6.0,True,False
23,KKK,Malinovskyi,C,6.0,6.0,True,False
23,KKK,Pulisic,C,,,False,False
23,KKK,Vardy,A,5.5,5.5,True,False
23,KKK,Douvikas,A,5.5,5.5,True,False
23,KKK,Hojlund,A,6.0,6.0,True,False
23,KKK,De Gea,P,6.0,5.0,False,True
23,KKK,Christensen O.,P,,,False,True
23,KKK,Djimsiti,D,6.0,5.5,True,True
23,KKK,Bernasconi,D,6.5,7.0,False,True
23,KKK,Ostigard,D,6.5,6.5,False,True
23,KKK,Muharemovic,D,5.5,5.0,False,True
23,KKK,Romagnoli,D,,,False,True
23,KKK,Loftus-Cheek,C,7.0,10.0,True,True
23,KKK,Casadei,C,6.0,6.0,False,True
23,KKK,Locatelli,C,6.5,9.5,False,True
23,KKK,Baldanzi,C,6.0,6.0,False,True
23,KKK,Kuhn,A,6.0,6.0,False,True
23,KKK,Boga,A,6.0,6.0,False,True
23,KKK,Pedro,A,,,False,True
23,WINNING MOMENT,Caprile,P,4.5,2.5,True,False
23,WINNING MOMENT,Spinazzola,D,6.5,9.5,True,False
23,WINNING MOMENT,Bastoni,D,6.0,5.5,True,False
23,WINNING MOMENT,Kalulu,D,5.0,4.0,True,False
23,WINNING MOMENT,Mancini,D,6.0,5.5,True,False
23,WINNING MOMENT,Pasalic,C,,,False,False
23,WINNING MOMENT,McKennie,C,7.0,9.0,True,False
23,WINNING MOMENT,Mandragora,C,6.5,6.0,True,False
23,WINNING MOMENT,Nkunku,A,5.5,5.5,True,False
23,WINNING MOMENT,Bonny,A,,,False,False
23,WINNING MOMENT,Soulè,A,5.0,5.0,True,False
23,WINNING MOMENT,Silvestri,P,,,False,True
23,WINNING MOMENT,Leali,P,,,False,True
23,WINNING MOMENT,Pongracic,D,6.5,6.5,False,True
23,WINNING MOMENT,Tomori,D,6.5,6.5,False,True
23,WINNING MOMENT,Kempf,D,5.0,4.5,False,True
23,WINNING MOMENT,Sabelli,D,,,False,True
23,WINNING MOMENT,Sucic P.,C,6.5,6.5,True,True
23,WINNING MOMENT,Matic,C,,,False,True
23,WINNING MOMENT,Nicolussi Caviglia,C,6.5,7.5,False,True
23,WINNING MOMENT,Bonazzoli,A,6.0,6.0,True,True
23,WINNING MOMENT,Arena A.,A,,,False,True
23,WINNING MOMENT,Barella,C,6.0,5.5,False,True
23,WINNING MOMENT,Zambo Anguissa,C,,,False,True
23,WINNING MOMENT,Benedyczak,A,,,False,True
24,ETHANANITA,Maignan,P,6.0,5.0,True,False
24,ETHANANITA,Cambiaso,D,5.5,5.5,True,False
24,ETHANANITA,Bartesaghi,D,5.5,5.5,True,False
24,ETHANANITA,Marusic,D,6.5,6.5,True,False
24,ETHANANITA,Dodò,D,6.5,6.0,True,False
24,ETHANANITA,Zaragoza,C,5.5,5.5,True,False
24,ETHANANITA,Maldini,C,5.5,5.5,True,False
24,ETHANANITA,Politano,C,5.5,5.5,True,False
24,ETHANANITA,Baturina,C,6.0,6.0,True,False
24,ETHANANITA,Vlasic,C,6.0,6.0,True,False
24,ETHANANITA,Lukaku,A,,,False,False
24,ETHANANITA,Terracciano,P,,,False,True
24,ETHANANITA,Torriani,P,,,False,True
24,ETHANANITA,Estupinan,D,5.5,5.5,False,True
24,ETHANANITA,Dumfries,D,,,False,True
24,ETHANANITA,Rrahmani,D,,,False,True
24,ETHANANITA,Wesley,D,5.5,5.5,False,True
24,ETHANANITA,Miretti,C,5.5,5.5,False,True
24,ETHANANITA,Venturino,C,6.5,6.5,False,True
24,ETHANANITA,Bakola,C,,,False,True
24,ETHANANITA,Addai,A,,,False,True
24,ETHANANITA,Zapata D.,A,5.5,5.5,True,True
24,ETHANANITA,Gueye,A,,,False,True
24,ETHANANITA,Dia,A,,,False,True
24,ETHANANITA,Davis K.,A,,,False,True
24,FANTA GPT,Milinkovic-Savic V.,P,6.5,4.5,True,False
24,FANTA GPT,Norton-Cuffy,D,7.0,11.0,True,False
24,FANTA GPT,Martin,D,,,False,False
24,FANTA GPT,Gatti,D,6.0,6.0,True,False
24,FANTA GPT,Kelly L.,D,5.5,5.5,True,False
24,FANTA GPT,Thuram K.,C,5.5,5.5,True,False
24,FANTA GPT,Cristante,C,7.5,12.5,True,False
24,FANTA GPT,Tramoni M.,C,,,False,False
24,FANTA GPT,Leao,A,5.5,5.0,True,False
24,FANTA GPT,Colombo,A,6.5,6.5,True,False
24,FANTA GPT,Solomon,A,6.0,6.0,True,False
24,FANTA GPT,Meret,P,,,False,True
24,FANTA GPT,Contini,P,,,False,True
24,FANTA GPT,Zappacosta,D,6.0,6.0,True,True
24,FANTA GPT,Gila,D,,,False,True
24,FANTA GPT,Luperto,D,5.5,5.5,False,True
24,FANTA GPT,Hermoso,D,,,False,True
24,FANTA GPT,Santos A.,C,5.5,5.5,True,True
24,FANTA GPT,Diouf,C,6.0,6.0,False,True
24,FANTA GPT,Koopmeiners,C,5.0,5.0,False,True
24,FANTA GPT,Bernabè,C,6.0,6.0,False,True
24,FANTA GPT,Caqueret,C,7.0,10.0,False,True
24,FANTA GPT,Krstovic,A,6.0,6.0,False,True
24,FANTA GPT,Esposito Se.,A,6.0,6.0,False,True
24,FANTA GPT,Openda,A,5.0,5.0,False,True
24,VENI VIDI VICI,Carnesecchi,P,6.0,5.0,True,False
24,VENI VIDI VICI,Carlos Augusto,D,,,False,False
24,VENI VIDI VICI,Valeri,D,6.5,7.5,True,False
24,VENI VIDI VICI,Lazaro,D,5.0,5.0,True,False
24,VENI VIDI VICI,Volpato,C,,,False,False
24,VENI VIDI VICI,Rowe,C,6.0,6.0,True,False
24,VENI VIDI VICI,Konè I.,C,6.5,6.5,True,False
24,VENI VIDI VICI,Zaniolo,C,5.5,5.5,True,False
24,VENI VIDI VICI,Vitinha O.,A,,,False,False
24,VENI VIDI VICI,Esposito F.P.,A,6.0,6.0,True,False
24,VENI VIDI VICI,Thuram,A,5.5,5.5,True,False
24,VENI VIDI VICI,Rossi F.,P,,,False,True
24,VENI VIDI VICI,Sportiello,P,,,False,True
24,VENI VIDI VICI,Kolasinac,D,6.5,6.5,True,True
24,VENI VIDI VICI,Pellegrini Lu.,D,5.5,5.0,False,True
24,VENI VIDI VICI,Kamara H.,D,,,False,True
24,VENI VIDI VICI,Doig,D,,,False,True
24,VENI VIDI VICI,Rugani,D,,,False,True
24,VENI VIDI VICI,Sorensen O.,C,6.0,6.0,True,True
24,VENI VIDI VICI,Zerbin,C,6.0,6.0,False,True
24,VENI VIDI VICI,Pierotti,C,5.5,5.5,False,True
24,VENI VIDI VICI,Piccoli,A,,,False,True
24,VENI VIDI VICI,Ekuban,A,7.0,10.0,True,True
24,VENI VIDI VICI,Gaetano,C,,,False,True
24,VENI VIDI VICI,Martinez L.,A,,,False,True
24,KKK,De Gea,P,6.0,7.0,True,False
24,KKK,Vojvoda,D,7.0,11.0,True,False
24,KKK,Palestra,D,6.5,6.5,True,False
24,KKK,Bellanova,D,5.5,5.5,True,False
24,KKK,Atta,C,6.0,6.0,True,False
24,KKK,Locatelli,C,6.0,5.5,True,False
24,KKK,Pulisic,C,6.0,6.0,True,False
24,KKK,Loftus-Cheek,C,,,False,False
24,KKK,Boga,A,5.5,5.5,True,False
24,KKK,Douvikas,A,6.5,7.5,True,False
24,KKK,Hojlund,A,6.0,6.0,True,False
24,KKK,Falcone,P,7.0,5.0,False,True
24,KKK,Christensen O.,P,,,False,True
24,KKK,Bernasconi,D,6.5,7.5,False,True
24,KKK,Romagnoli,D,6.5,6.5,False,True
24,KKK,Ostigard,D,6.5,6.5,False,True
24,KKK,Djimsiti,D,6.0,6.0,False,True
24,KKK,Malinovskyi,C,6.5,6.5,True,True
24,KKK,Ekkelenkamp,C,6.0,6.0,False,True
24,KKK,Casadei,C,,,False,True
24,KKK,Baldanzi,C,7.0,7.0,False,True
24,KKK,Kuhn,A,,,False,True
24,KKK,Vardy,A,5.0,5.0,False,True
24,KKK,Pedro,A,,,False,True
24,KKK,Muharemovic,D,,,False,True
24,DARTH VADER,Di Gregorio,P,4.5,2.5,True,False
24,DARTH VADER,Vasquez,D,6.5,6.5,True,False
24,DARTH VADER,Celik,D,6.5,6.5,True,False
24,DARTH VADER,Bremer,D,,,False,False
24,DARTH VADER,Ederson D.S.,C,,,False,False
24,DARTH VADER,Conceicao,C,6.0,6.0,True,False
24,DARTH VADER,Zielinski,C,6.5,6.5,True,False
24,DARTH VADER,Saelemaekers,C,5.5,5.0,True,False
24,DARTH VADER,Yildiz,A,6.0,6.0,True,False
24,DARTH VADER,Castro S.,A,6.5,6.5,True,False
24,DARTH VADER,Berardi,A,7.0,11.0,True,False
24,DARTH VADER,Perin,P,,,False,True
24,DARTH VADER,Pinsoglio,P,,,False,True
24,DARTH VADER,Calhanoglu,C,,,False,True
24,DARTH VADER,Perrone,C,7.0,7.0,True,True
24,DARTH VADER,Strefezza,C,6.5,6.5,False,True
24,DARTH VADER,Oristanio,C,,,False,True
24,DARTH VADER,Gutierrez,D,6.5,7.5,True,True
24,DARTH VADER,Buongiorno,D,5.5,5.5,False,True
24,DARTH VADER,Baschirotto,D,,,False,True
24,DARTH VADER,Gallo,D,5.5,5.5,False,True
24,DARTH VADER,Bozhinov,D,5.5,5.5,False,True
24,DARTH VADER,Fullkrug,A,5.5,5.5,False,True
24,DARTH VADER,Kilicsoy,A,6.0,6.0,False,True
24,DARTH VADER,Bowie,A,5.0,5.0,False,True
24,BOVE,Skorupski,P,6.0,7.0,True,False
24,BOVE,Dimarco,D,7.0,8.0,True,False
24,BOVE,Gabbia,D,,,False,False
24,BOVE,Akanji,D,7.0,10.0,True,False
24,BOVE,Edmundsson,D,5.0,4.5,True,False
24,BOVE,Rabiot,C,6.5,6.5,True,False
24,BOVE,Isaksen,C,5.5,5.5,True,False
24,BOVE,Gudmundsson A.,C,,,False,False
24,BOVE,David,A,5.5,5.5,True,False
24,BOVE,Kean,A,7.0,11.0,True,False
24,BOVE,Pellegrino M.,A,6.0,6.0,True,False
24,BOVE,Taylor K.,C,6.0,6.0,True,True
24,BOVE,Elmas,C,5.5,5.5,False,True
24,BOVE,Thorstvedt,C,6.0,6.0,False,True
24,BOVE,Mkhitaryan,C,7.0,11.0,False,True
24,BOVE,Bernardeschi,C,7.0,10.0,False,True
24,BOVE,Morata,A,,,False,True
24,BOVE,Kulenovic,A,5.5,5.5,False,True
24,BOVE,Ravaglia F.,P,,,False,True
24,BOVE,Bijlow,P,6.0,7.0,False,True
24,BOVE,Rensch,D,,,False,True
24,BOVE,Juan Jesus,D,6.5,6.0,True,True
24,BOVE,Pavlovic,D,5.5,5.5,False,True
24,BOVE,Olivera,D,5.0,5.0,False,True
24,BOVE,Raspadori,A,,,False,True
24,WINNING MOMENT,Caprile,P,6.5,7.5,True,False
24,WINNING MOMENT,Tomori,D,6.0,6.0,True,False
24,WINNING MOMENT,Mancini,D,6.5,6.5,True,False
24,WINNING MOMENT,Pongracic,D,6.0,6.0,True,False
24,WINNING MOMENT,Spinazzola,D,5.5,5.5,True,False
24,WINNING MOMENT,Sucic P.,C,5.5,5.5,True,False
24,WINNING MOMENT,McKennie,C,5.0,5.0,True,False
24,WINNING MOMENT,Pasalic,C,7.0,10.0,True,False
24,WINNING MOMENT,Nkunku,A,,,False,False
24,WINNING MOMENT,Bonny,A,6.0,6.0,True,False
24,WINNING MOMENT,Soulè,A,,,False,False
24,WINNING MOMENT,Leali,P,,,False,True
24,WINNING MOMENT,Silvestri,P,,,False,True
24,WINNING MOMENT,Bastoni,D,6.0,5.5,False,True
24,WINNING MOMENT,Kempf,D,6.5,6.5,False,True
24,WINNING MOMENT,Sabelli,D,6.0,6.0,False,True
24,WINNING MOMENT,Nicolussi Caviglia,C,6.0,6.0,False,True
24,WINNING MOMENT,Bonazzoli,A,5.5,5.5,True,True
24,WINNING MOMENT,Arena A.,A,,,False,True
24,TEAM ASRSUPERJULIAN,Sommer,P,6.0,7.0,True,False
24,TEAM ASRSUPERJULIAN,Parisi,D,6.0,6.0,True,False
24,TEAM ASRSUPERJULIAN,Solet,D,,,False,False
24,TEAM ASRSUPERJULIAN,Scalvini,D,6.0,6.0,True,False
24,TEAM ASRSUPERJULIAN,N'Dicka,D,7.0,10.0,True,False
24,TEAM ASRSUPERJULIAN,Messias,C,7.0,10.0,True,False
24,TEAM ASRSUPERJULIAN,Gandelman,C,5.5,5.5,True,False
24,TEAM ASRSUPERJULIAN,Orsolini,C,5.5,5.5,True,False
24,TEAM ASRSUPERJULIAN,Pisilli,C,7.0,10.0,True,False
24,TEAM ASRSUPERJULIAN,Malen,A,7.0,7.0,True,False
24,TEAM ASRSUPERJULIAN,Scamacca,A,6.5,6.5,True,False
24,TEAM ASRSUPERJULIAN,Provedel,P,6.0,7.0,False,True
24,TEAM ASRSUPERJULIAN,Martinez Jo.,P,,,False,True
24,TEAM ASRSUPERJULIAN,Zortea,D,,,False,True
24,TEAM ASRSUPERJULIAN,Floriani Mussolini,D,,,False,True
24,TEAM ASRSUPERJULIAN,Ziolkowski,D,,,False,True
24,TEAM ASRSUPERJULIAN,Gaspar K.,D,,,False,True
24,TEAM ASRSUPERJULIAN,Zaccagni,C,5.5,5.5,False,True
24,TEAM ASRSUPERJULIAN,Berisha M.,C,,,False,True
24,TEAM ASRSUPERJULIAN,Bondo,C,5.5,5.5,False,True
24,TEAM ASRSUPERJULIAN,Prati,C,5.5,5.5,False,True
24,TEAM ASRSUPERJULIAN,Cheddira,A,5.0,5.0,False,True
24,TEAM ASRSUPERJULIAN,Ratkov,A,6.0,6.0,False,True
24,TEAM ASRSUPERJULIAN,Diao,A,,,False,True
24,TEAM ASRSUPERJULIAN,Adams C.,A,,,False,True
24,TIGER REBELS,Svilar,P,6.5,7.5,True,False
24,TIGER REBELS,Terracciano F.,D,6.0,6.0,True,False
24,TIGER REBELS,Miranda J.,D,6.0,5.5,True,False
24,TIGER REBELS,Delprato,D,6.5,6.5,True,False
24,TIGER REBELS,Tiago Gabriel,D,6.5,6.0,True,False
24,TIGER REBELS,Pellegrini Lo.,C,6.0,7.0,True,False
24,TIGER REBELS,McTominay,C,,,False,False
24,TIGER REBELS,Modric,C,6.0,6.0,True,False
24,TIGER REBELS,Zalewski,C,7.0,7.5,True,False
24,TIGER REBELS,Dybala,A,,,False,False
24,TIGER REBELS,De Ketelaere,A,,,False,False
24,TIGER REBELS,Gollini,P,,,False,True
24,TIGER REBELS,Vasquez D.,P,,,False,True
24,TIGER REBELS,Valle,D,6.0,6.0,False,True
24,TIGER REBELS,Pezzella Giu.,D,6.0,6.0,False,True
24,TIGER REBELS,Mina,D,5.0,4.0,False,True
24,TIGER REBELS,Obert,D,6.5,6.5,False,True
24,TIGER REBELS,Lobotka,C,6.0,6.0,True,True
24,TIGER REBELS,Brescianini,C,6.0,6.0,False,True
24,TIGER REBELS,Masini,C,,,False,True
24,TIGER REBELS,El Shaarawy,C,,,False,True
24,TIGER REBELS,Simeone,A,5.5,5.0,True,True
24,TIGER REBELS,Rodriguez Je.,A,,,False,True
24,TIGER REBELS,Durosinmi,A,5.5,5.5,True,True
24,TIGER REBELS,Almqvist,A,,,False,True
24,BJ EASTONE FC,Butez,P,6.0,7.0,True,False
24,BJ EASTONE FC,Gosens,D,,,False,False
24,BJ EASTONE FC,De Winter,D,5.5,5.5,True,False
24,BJ EASTONE FC,Bisseck,D,6.0,6.0,True,False
24,BJ EASTONE FC,Ramon,D,6.5,6.5,True,False
24,BJ EASTONE FC,Paz N.,C,,,False,False
24,BJ EASTONE FC,Konè M.,C,6.0,6.0,True,False
24,BJ EASTONE FC,Fofana Y.,C,,,False,False
24,BJ EASTONE FC,Odgaard,C,,,False,False
24,BJ EASTONE FC,Frattesi,C,5.5,5.5,True,False
24,BJ EASTONE FC,Ferguson E.,A,,,False,False
24,BJ EASTONE FC,Okoye,P,6.0,5.0,False,True
24,BJ EASTONE FC,Cavlina,P,,,False,True
24,BJ EASTONE FC,Kristensen T.,D,6.0,6.0,True,True
24,BJ EASTONE FC,Smolcic I.,D,6.0,6.0,False,True
24,BJ EASTONE FC,Veiga D.,D,6.0,6.0,False,True
24,BJ EASTONE FC,Odogu,D,,,False,True
24,BJ EASTONE FC,Luis Henrique,C,6.0,6.0,True,True
24,BJ EASTONE FC,Vergara,C,6.0,6.0,True,True
24,BJ EASTONE FC,Adzic,C,,,False,True
24,BJ EASTONE FC,Pinamonti,A,7.0,11.0,True,True
24,BJ EASTONE FC,Laurientè,A,7.5,9.5,False,True
24,BJ EASTONE FC,Ekhator,A,6.0,6.0,False,True
24,BJ EASTONE FC,Buffon L.,A,,,False,True
24,BJ EASTONE FC,Vlahovic,A,,,False,True
25,BJ EASTONE FC,Butez,P,6.0,5.0,True,False
25,BJ EASTONE FC,Gosens,D,,,False,False
25,BJ EASTONE FC,De Winter,D,6.5,7.5,True,False
25,BJ EASTONE FC,Bisseck,D,6.0,6.0,True,False
25,BJ EASTONE FC,Ramon,D,6.5,6.5,True,False
25,BJ EASTONE FC,Paz N.,C,6.0,6.0,True,False
25,BJ EASTONE FC,Konè M.,C,6.5,7.5,True,False
25,BJ EASTONE FC,Fofana Y.,C,6.5,6.5,True,False
25,BJ EASTONE FC,Luis Henrique,C,6.5,6.5,True,False
25,BJ EASTONE FC,Laurientè,A,7.0,9.0,True,False
25,BJ EASTONE FC,Pinamonti,A,4.0,3.0,True,False
25,BJ EASTONE FC,Okoye,P,6.0,7.0,False,True
25,BJ EASTONE FC,Cavlina,P,,,False,True
25,BJ EASTONE FC,Kristensen T.,D,6.5,6.5,True,True
25,BJ EASTONE FC,Smolcic I.,D,,,False,True
25,BJ EASTONE FC,Veiga D.,D,4.5,4.5,False,True
25,BJ EASTONE FC,Odogu,D,,,False,True
25,BJ EASTONE FC,Frattesi,C,6.0,6.0,False,True
25,BJ EASTONE FC,Odgaard,C,7.0,11.0,False,True
25,BJ EASTONE FC,Vergara,C,6.5,6.5,False,True
25,BJ EASTONE FC,Adzic,C,,,False,True
25,BJ EASTONE FC,Ekhator,A,5.5,5.5,False,True
25,BJ EASTONE FC,Buffon L.,A,,,False,True
25,BJ EASTONE FC,Ferguson E.,A,,,False,True
25,BJ EASTONE FC,Vlahovic,A,,,False,True
25,BOVE,Skorupski,P,7.0,8.0,True,False
25,BOVE,Dimarco,D,7.0,11.0,True,False
25,BOVE,Gabbia,D,,,False,False
25,BOVE,Akanji,D,6.0,6.0,True,False
25,BOVE,Edmundsson,D,6.0,6.0,True,False
25,BOVE,Rabiot,C,6.5,6.5,True,False
25,BOVE,Isaksen,C,5.5,5.5,True,False
25,BOVE,Gudmundsson A.,C,5.0,5.0,True,False
25,BOVE,David,A,5.5,5.5,True,False
25,BOVE,Kean,A,5.5,5.5,True,False
25,BOVE,Pellegrino M.,A,5.5,5.0,True,False
25,BOVE,Taylor K.,C,5.0,5.0,False,True
25,BOVE,Elmas,C,6.0,5.5,False,True
25,BOVE,Thorstvedt,C,7.0,11.0,False,True
25,BOVE,Mkhitaryan,C,7.0,7.5,False,True
25,BOVE,Bernardeschi,C,5.5,5.5,False,True
25,BOVE,Morata,A,5.5,5.5,False,True
25,BOVE,Kulenovic,A,,,False,True
25,BOVE,Ravaglia F.,P,,,False,True
25,BOVE,Bijlow,P,7.0,5.0,False,True
25,BOVE,Rensch,D,6.5,6.5,True,True
25,BOVE,Juan Jesus,D,6.0,5.5,False,True
25,BOVE,Pavlovic,D,7.0,11.0,False,True
25,BOVE,Olivera,D,,,False,True
25,BOVE,Raspadori,A,,,False,True
25,TEAM ASRSUPERJULIAN,Sommer,P,6.0,7.0,True,False
25,TEAM ASRSUPERJULIAN,Parisi,D,5.0,4.5,True,False
25,TEAM ASRSUPERJULIAN,N'Dicka,D,6.5,9.5,True,False
25,TEAM ASRSUPERJULIAN,Scalvini,D,5.5,5.5,True,False
25,TEAM ASRSUPERJULIAN,Messias,C,6.0,6.0,True,False
25,TEAM ASRSUPERJULIAN,Zaccagni,C,5.5,5.5,True,False
25,TEAM ASRSUPERJULIAN,Orsolini,C,5.5,5.5,True,False
25,TEAM ASRSUPERJULIAN,Pisilli,C,7.5,8.5,True,False
25,TEAM ASRSUPERJULIAN,Malen,A,7.0,10.0,True,False
25,TEAM ASRSUPERJULIAN,Scamacca,A,5.5,5.5,True,False
25,TEAM ASRSUPERJULIAN,Ratkov,A,5.0,5.0,True,False
25,TEAM ASRSUPERJULIAN,Provedel,P,6.0,4.0,False,True
25,TEAM ASRSUPERJULIAN,Martinez Jo.,P,,,False,True
25,TEAM ASRSUPERJULIAN,Zortea,D,6.0,6.0,False,True
25,TEAM ASRSUPERJULIAN,Solet,D,,,False,True
25,TEAM ASRSUPERJULIAN,Floriani Mussolini,D,,,False,True
25,TEAM ASRSUPERJULIAN,Ziolkowski,D,,,False,True
25,TEAM ASRSUPERJULIAN,Gaspar K.,D,,,False,True
25,TEAM ASRSUPERJULIAN,Gandelman,C,5.5,5.5,False,True
25,TEAM ASRSUPERJULIAN,Berisha M.,C,,,False,True
25,TEAM ASRSUPERJULIAN,Bondo,C,,,False,True
25,TEAM ASRSUPERJULIAN,Prati,C,6.0,6.0,False,True
25,TEAM ASRSUPERJULIAN,Cheddira,A,5.0,5.0,False,True
25,TEAM ASRSUPERJULIAN,Diao,A,,,False,True
25,TEAM ASRSUPERJULIAN,Adams C.,A,,,False,True
25,VENI VIDI VICI,Carnesecchi,P,6.5,4.5,True,False
25,VENI VIDI VICI,Carlos Augusto,D,6.5,6.5,True,False
25,VENI VIDI VICI,Valeri,D,6.0,6.0,True,False
25,VENI VIDI VICI,Lazaro,D,6.5,6.5,True,False
25,VENI VIDI VICI,Volpato,C,,,False,False
25,VENI VIDI VICI,Rowe,C,6.0,6.0,True,False
25,VENI VIDI VICI,Konè I.,C,7.0,10.0,True,False
25,VENI VIDI VICI,Zaniolo,C,7.0,8.0,True,False
25,VENI VIDI VICI,Vitinha O.,A,5.5,5.5,True,False
25,VENI VIDI VICI,Esposito F.P.,A,6.0,6.0,True,False
25,VENI VIDI VICI,Thuram,A,5.5,5.5,True,False
25,VENI VIDI VICI,Rossi F.,P,,,False,True
25,VENI VIDI VICI,Sportiello,P,,,False,True
25,VENI VIDI VICI,Kolasinac,D,5.0,5.0,False,True
25,VENI VIDI VICI,Pellegrini Lu.,D,5.0,5.0,False,True
25,VENI VIDI VICI,Kamara H.,D,6.0,6.0,False,True
25,VENI VIDI VICI,Doig,D,,,False,True
25,VENI VIDI VICI,Rugani,D,4.0,3.5,False,True
25,VENI VIDI VICI,Sorensen O.,C,,,False,True
25,VENI VIDI VICI,Zerbin,C,6.0,6.0,True,True
25,VENI VIDI VICI,Pierotti,C,5.5,5.5,False,True
25,VENI VIDI VICI,Piccoli,A,5.5,5.5,False,True
25,VENI VIDI VICI,Ekuban,A,6.0,6.0,False,True
25,VENI VIDI VICI,Gaetano,C,,,False,True
25,VENI VIDI VICI,Martinez L.,A,,,False,True
25,FANTA GPT,Milinkovic-Savic V.,P,,,False,False
25,FANTA GPT,Kelly L.,D,5.0,5.0,True,False
25,FANTA GPT,Gatti,D,7.0,11.0,True,False
25,FANTA GPT,Zappacosta,D,6.5,7.5,True,False
25,FANTA GPT,Santos A.,C,6.0,6.0,True,False
25,FANTA GPT,Thuram K.,C,6.0,6.0,True,False
25,FANTA GPT,Caqueret,C,6.5,6.5,True,False
25,FANTA GPT,Bernabè,C,6.5,6.5,True,False
25,FANTA GPT,Leao,A,6.0,9.0,True,False
25,FANTA GPT,Krstovic,A,6.0,6.0,True,False
25,FANTA GPT,Solomon,A,,,False,False
25,FANTA GPT,Meret,P,6.0,5.0,True,True
25,FANTA GPT,Contini,P,,,False,True
25,FANTA GPT,Norton-Cuffy,D,,,False,True
25,FANTA GPT,Martin,D,5.5,5.5,False,True
25,FANTA GPT,Gila,D,,,False,True
25,FANTA GPT,Luperto,D,5.5,5.5,False,True
25,FANTA GPT,Hermoso,D,,,False,True
25,FANTA GPT,Cristante,C,5.5,5.5,False,True
25,FANTA GPT,Tramoni M.,C,,,False,True
25,FANTA GPT,Koopmeiners,C,5.5,5.5,False,True
25,FANTA GPT,Diouf,C,6.0,6.0,False,True
25,FANTA GPT,Esposito Se.,A,6.5,7.0,True,True
25,FANTA GPT,Colombo,A,6.0,6.0,False,True
25,FANTA GPT,Openda,A,,,False,True
25,TIGER REBELS,Svilar,P,6.0,3.0,True,False
25,TIGER REBELS,Terracciano F.,D,5.5,5.0,True,False
25,TIGER REBELS,Miranda J.,D,,,False,False
25,TIGER REBELS,Delprato,D,6.0,6.0,True,False
25,TIGER REBELS,Tiago Gabriel,D,5.0,5.0,True,False
25,TIGER REBELS,Pellegrini Lo.,C,6.0,7.0,True,False
25,TIGER REBELS,McTominay,C,,,False,False
25,TIGER REBELS,Modric,C,7.0,7.0,True,False
25,TIGER REBELS,Zalewski,C,5.5,5.0,True,False
25,TIGER REBELS,Dybala,A,,,False,False
25,TIGER REBELS,De Ketelaere,A,,,False,False
25,TIGER REBELS,Gollini,P,,,False,True
25,TIGER REBELS,Vasquez D.,P,,,False,True
25,TIGER REBELS,Valle,D,,,False,True
25,TIGER REBELS,Pezzella Giu.,D,5.5,5.5,True,True
25,TIGER REBELS,Mina,D,,,False,True
25,TIGER REBELS,Obert,D,6.0,5.5,False,True
25,TIGER REBELS,Lobotka,C,5.5,5.5,True,True
25,TIGER REBELS,Brescianini,C,6.0,6.0,False,True
25,TIGER REBELS,Masini,C,,,False,True
25,TIGER REBELS,El Shaarawy,C,,,False,True
25,TIGER REBELS,Simeone,A,7.0,11.0,True,True
25,TIGER REBELS,Rodriguez Je.,A,7.5,12.5,True,True
25,TIGER REBELS,Durosinmi,A,6.0,6.0,False,True
25,TIGER REBELS,Almqvist,A,,,False,True
25,KKK,De Gea,P,6.0,3.0,True,False
25,KKK,Vojvoda,D,6.0,6.0,True,False
25,KKK,Palestra,D,6.5,6.5,True,False
25,KKK,Bellanova,D,6.0,6.0,True,False
25,KKK,Bernasconi,D,6.0,5.5,True,False
25,KKK,Atta,C,,,False,False
25,KKK,Malinovskyi,C,5.0,4.5,True,False
25,KKK,Pulisic,C,5.0,5.0,True,False
25,KKK,Kuhn,A,,,False,False
25,KKK,Douvikas,A,7.0,10.0,True,False
25,KKK,Hojlund,A,6.5,9.5,True,False
25,KKK,Falcone,P,6.0,3.0,False,True
25,KKK,Christensen O.,P,,,False,True
25,KKK,Romagnoli,D,5.5,5.5,False,True
25,KKK,Djimsiti,D,6.0,6.0,False,True
25,KKK,Muharemovic,D,6.5,6.5,False,True
25,KKK,Ostigard,D,6.0,6.0,False,True
25,KKK,Ekkelenkamp,C,6.0,6.0,True,True
25,KKK,Baldanzi,C,5.5,5.5,False,True
25,KKK,Casadei,C,6.0,6.0,False,True
25,KKK,Vardy,A,6.0,6.0,True,True
25,KKK,Boga,A,7.0,10.0,False,True
25,KKK,Loftus-Cheek,C,,,False,True
25,KKK,Locatelli,C,,,False,True
25,KKK,Pedro,A,,,False,True
25,ETHANANITA,Maignan,P,6.0,7.0,True,False
25,ETHANANITA,Dumfries,D,,,False,False
25,ETHANANITA,Bartesaghi,D,6.0,6.0,True,False
25,ETHANANITA,Marusic,D,5.0,5.0,True,False
25,ETHANANITA,Wesley,D,7.0,9.5,True,False
25,ETHANANITA,Cambiaso,D,5.0,5.0,True,False
25,ETHANANITA,Zaragoza,C,,,False,False
25,ETHANANITA,Maldini,C,,,False,False
25,ETHANANITA,Politano,C,6.0,6.0,True,False
25,ETHANANITA,Vlasic,C,6.0,5.5,True,False
25,ETHANANITA,Zapata D.,A,7.0,10.0,True,False
25,ETHANANITA,Terracciano,P,,,False,True
25,ETHANANITA,Torriani,P,,,False,True
25,ETHANANITA,Estupinan,D,,,False,True
25,ETHANANITA,Dodò,D,,,False,True
25,ETHANANITA,Rrahmani,D,,,False,True
25,ETHANANITA,Venturino,C,,,False,True
25,ETHANANITA,Miretti,C,6.0,6.0,True,True
25,ETHANANITA,Bakola,C,,,False,True
25,ETHANANITA,Baturina,C,,,False,True
25,ETHANANITA,Lukaku,A,7.0,10.5,False,True
25,ETHANANITA,Dia,A,,,False,True
25,ETHANANITA,Gueye,A,,,False,True
25,ETHANANITA,Addai,A,,,False,True
25,ETHANANITA,Davis K.,A,7.5,9.5,False,True
25,WINNING MOMENT,Caprile,P,7.0,6.0,True,False
25,WINNING MOMENT,Spinazzola,D,6.0,6.0,True,False
25,WINNING MOMENT,Tomori,D,6.5,6.5,True,False
25,WINNING MOMENT,Kalulu,D,5.5,5.5,True,False
25,WINNING MOMENT,Pongracic,D,6.0,5.5,True,False
25,WINNING MOMENT,Mandragora,C,5.5,5.5,True,False
25,WINNING MOMENT,Pasalic,C,5.0,5.0,True,False
25,WINNING MOMENT,Sucic P.,C,,,False,False
25,WINNING MOMENT,McKennie,C,6.0,7.0,True,False
25,WINNING MOMENT,Nkunku,A,6.5,7.5,True,False
25,WINNING MOMENT,Bonny,A,6.5,6.5,True,False
25,WINNING MOMENT,Silvestri,P,,,False,True
25,WINNING MOMENT,Leali,P,,,False,True
25,WINNING MOMENT,Mancini,D,6.0,6.0,False,True
25,WINNING MOMENT,Kempf,D,6.5,9.5,False,True
25,WINNING MOMENT,Sabelli,D,,,False,True
25,WINNING MOMENT,Nicolussi Caviglia,C,6.0,6.0,True,True
25,WINNING MOMENT,Barella,C,6.0,6.0,False,True
25,WINNING MOMENT,Matic,C,6.0,5.5,False,True
25,WINNING MOMENT,Bonazzoli,A,6.0,6.0,False,True
25,WINNING MOMENT,Zambo Anguissa,C,,,False,True
25,WINNING MOMENT,Arena A.,A,,,False,True
25,DARTH VADER,Di Gregorio,P,,,False,False
25,DARTH VADER,Gutierrez,D,6.0,6.0,True,False
25,DARTH VADER,Bremer,D,5.5,6.5,True,False
25,DARTH VADER,Buongiorno,D,6.0,6.0,True,False
25,DARTH VADER,Perrone,C,7.0,8.0,True,False
25,DARTH VADER,Calhanoglu,C,7.0,8.5,True,False
25,DARTH VADER,Zielinski,C,6.0,6.0,True,False
25,DARTH VADER,Saelemaekers,C,5.5,5.5,True,False
25,DARTH VADER,Yildiz,A,5.5,5.5,True,False
25,DARTH VADER,Castro S.,A,6.0,6.0,True,False
25,DARTH VADER,Berardi,A,6.5,6.5,True,False
25,DARTH VADER,Perin,P,5.5,2.5,True,True
25,DARTH VADER,Pinsoglio,P,,,False,True
25,DARTH VADER,Strefezza,C,6.0,6.0,False,True
25,DARTH VADER,Conceicao,C,6.5,9.5,False,True
25,DARTH VADER,Ederson D.S.,C,,,False,True
25,DARTH VADER,Oristanio,C,7.0,11.0,False,True
25,DARTH VADER,Celik,D,6.0,6.0,False,True
25,DARTH VADER,Baschirotto,D,,,False,True
25,DARTH VADER,Vasquez,D,6.0,6.0,False,True
25,DARTH VADER,Gallo,D,5.5,5.5,False,True
25,DARTH VADER,Bozhinov,D,,,False,True
25,DARTH VADER,Fullkrug,A,6.0,6.0,False,True
25,DARTH VADER,Kilicsoy,A,5.5,5.5,False,True
25,DARTH VADER,Bowie,A,5.5,5.5,False,True
26,BJ EASTONE FC,Butez,P,6.5,5.5,True,False
26,BJ EASTONE FC,Gosens,D,6.0,6.0,True,False
26,BJ EASTONE FC,De Winter,D,6.5,6.5,True,False
26,BJ EASTONE FC,Bisseck,D,5.5,5.5,True,False
26,BJ EASTONE FC,Ramon,D,5.5,5.0,True,False
26,BJ EASTONE FC,Paz N.,C,6.0,6.0,True,False
26,BJ EASTONE FC,Konè M.,C,5.5,5.5,True,False
26,BJ EASTONE FC,Fofana Y.,C,6.5,7.5,True,False
26,BJ EASTONE FC,Luis Henrique,C,5.0,5.0,True,False
26,BJ EASTONE FC,Odgaard,C,5.5,5.5,True,False
26,BJ EASTONE FC,Laurientè,A,7.0,9.5,True,False
26,BJ EASTONE FC,Okoye,P,5.5,3.0,False,True
26,BJ EASTONE FC,Cavlina,P,,,False,True
26,BJ EASTONE FC,Kristensen T.,D,6.0,9.0,False,True
26,BJ EASTONE FC,Smolcic I.,D,,,False,True
26,BJ EASTONE FC,Veiga D.,D,6.0,6.0,False,True
26,BJ EASTONE FC,Odogu,D,,,False,True
26,BJ EASTONE FC,Frattesi,C,5.5,5.5,False,True
26,BJ EASTONE FC,Vergara,C,6.0,6.0,False,True
26,BJ EASTONE FC,Adzic,C,,,False,True
26,BJ EASTONE FC,Ekhator,A,6.5,6.5,False,True
26,BJ EASTONE FC,Ferguson E.,A,,,False,True
26,BJ EASTONE FC,Pinamonti,A,,,False,True
26,BJ EASTONE FC,Buffon L.,A,,,False,True
26,BJ EASTONE FC,Vlahovic,A,,,False,True
26,DARTH VADER,Perin,P,6.5,7.5,True,False
26,DARTH VADER,Celik,D,5.5,5.5,True,False
26,DARTH VADER,Bremer,D,6.0,5.5,True,False
26,DARTH VADER,Buongiorno,D,6.5,6.5,True,False
26,DARTH VADER,Conceicao,C,7.0,8.0,True,False
26,DARTH VADER,Calhanoglu,C,,,False,False
26,DARTH VADER,Zielinski,C,5.5,5.5,True,False
26,DARTH VADER,Saelemaekers,C,6.0,6.0,True,False
26,DARTH VADER,Yildiz,A,7.5,11.5,True,False
26,DARTH VADER,Castro S.,A,5.0,5.0,True,False
26,DARTH VADER,Berardi,A,5.5,5.5,True,False
26,DARTH VADER,Kilicsoy,A,,,False,True
26,DARTH VADER,Fullkrug,A,6.0,6.0,False,True
26,DARTH VADER,Bowie,A,7.5,11.0,False,True
26,DARTH VADER,Strefezza,C,6.0,6.0,True,True
26,DARTH VADER,Ederson D.S.,C,,,False,True
26,DARTH VADER,Oristanio,C,6.0,6.0,False,True
26,DARTH VADER,Gallo,D,6.5,7.5,False,True
26,DARTH VADER,Gutierrez,D,6.0,6.0,False,True
26,DARTH VADER,Baschirotto,D,,,False,True
26,DARTH VADER,Vasquez,D,6.0,6.0,False,True
26,DARTH VADER,Bozhinov,D,,,False,True
26,DARTH VADER,Di Gregorio,P,,,False,True
26,DARTH VADER,Pinsoglio,P,,,False,True
26,BOVE,Skorupski,P,6.5,4.5,True,False
26,BOVE,Dimarco,D,5.5,5.5,True,False
26,BOVE,Rensch,D,5.5,5.5,True,False
26,BOVE,Akanji,D,6.0,6.0,True,False
26,BOVE,Olivera,D,6.0,6.0,True,False
26,BOVE,Rabiot,C,6.5,6.0,True,False
26,BOVE,Bernardeschi,C,6.0,6.0,True,False
26,BOVE,Gudmundsson A.,C,5.5,5.5,True,False
26,BOVE,David,A,5.0,5.0,True,False
26,BOVE,Kean,A,,,False,False
26,BOVE,Pellegrino M.,A,5.5,5.5,True,False
26,BOVE,Isaksen,C,6.0,6.0,False,True
26,BOVE,Elmas,C,7.0,11.0,False,True
26,BOVE,Taylor K.,C,6.5,6.5,False,True
26,BOVE,Thorstvedt,C,6.5,7.5,False,True
26,BOVE,Mkhitaryan,C,6.0,6.0,False,True
26,BOVE,Morata,A,6.0,6.0,True,True
26,BOVE,Kulenovic,A,5.5,5.5,False,True
26,BOVE,Ravaglia F.,P,,,False,True
26,BOVE,Pavlovic,D,7.0,7.0,False,True
26,BOVE,Juan Jesus,D,6.0,6.0,False,True
26,BOVE,Edmundsson,D,6.0,6.0,False,True
26,BOVE,Raspadori,A,,,False,True
26,BOVE,Gabbia,D,,,False,True
26,BOVE,Bijlow,P,6.0,5.0,False,True
26,FANTA GPT,Milinkovic-Savic V.,P,6.0,5.0,True,False
26,FANTA GPT,Kelly L.,D,6.0,6.0,True,False
26,FANTA GPT,Luperto,D,5.5,5.0,True,False
26,FANTA GPT,Zappacosta,D,6.0,6.0,True,False
26,FANTA GPT,Santos A.,C,7.0,10.0,True,False
26,FANTA GPT,Thuram K.,C,7.0,10.0,True,False
26,FANTA GPT,Cristante,C,6.0,5.5,True,False
26,FANTA GPT,Bernabè,C,,,False,False
26,FANTA GPT,Leao,A,5.5,5.5,True,False
26,FANTA GPT,Krstovic,A,6.5,6.5,True,False
26,FANTA GPT,Colombo,A,6.0,6.0,True,False
26,FANTA GPT,Meret,P,,,False,True
26,FANTA GPT,Contini,P,,,False,True
26,FANTA GPT,Gatti,D,6.0,6.0,False,True
26,FANTA GPT,Martin,D,6.0,6.0,False,True
26,FANTA GPT,Norton-Cuffy,D,,,False,True
26,FANTA GPT,Gila,D,7.0,7.0,False,True
26,FANTA GPT,Hermoso,D,,,False,True
26,FANTA GPT,Caqueret,C,,,False,True
26,FANTA GPT,Koopmeiners,C,,,False,True
26,FANTA GPT,Tramoni M.,C,,,False,True
26,FANTA GPT,Diouf,C,,,False,True
26,FANTA GPT,Esposito Se.,A,7.0,9.5,False,True
26,FANTA GPT,Solomon,A,,,False,True
26,FANTA GPT,Openda,A,,,False,True
26,ETHANANITA,Maignan,P,6.5,7.5,True,False
26,ETHANANITA,Dodò,D,6.0,5.5,True,False
26,ETHANANITA,Cambiaso,D,7.0,11.0,True,False
26,ETHANANITA,Marusic,D,7.0,11.0,True,False
26,ETHANANITA,Wesley,D,,,False,False
26,ETHANANITA,Zaragoza,C,,,False,False
26,ETHANANITA,Maldini,C,7.0,10.0,True,False
26,ETHANANITA,Baturina,C,7.0,10.0,True,False
26,ETHANANITA,Vlasic,C,6.5,6.5,True,False
26,ETHANANITA,Zapata D.,A,5.0,5.0,True,False
26,ETHANANITA,Davis K.,A,7.0,10.0,True,False
26,ETHANANITA,Terracciano,P,,,False,True
26,ETHANANITA,Torriani,P,,,False,True
26,ETHANANITA,Dumfries,D,6.0,5.5,True,True
26,ETHANANITA,Bartesaghi,D,,,False,True
26,ETHANANITA,Estupinan,D,7.0,11.0,False,True
26,ETHANANITA,Rrahmani,D,,,False,True
26,ETHANANITA,Politano,C,6.5,7.5,True,True
26,ETHANANITA,Miretti,C,,,False,True
26,ETHANANITA,Venturino,C,5.5,5.5,False,True
26,ETHANANITA,Bakola,C,,,False,True
26,ETHANANITA,Lukaku,A,,,False,True
26,ETHANANITA,Dia,A,6.0,6.0,False,True
26,ETHANANITA,Addai,A,,,False,True
26,ETHANANITA,Gueye,A,,,False,True
26,TEAM ASRSUPERJULIAN,Sommer,P,6.0,5.0,True,False
26,TEAM ASRSUPERJULIAN,Parisi,D,,,False,False
26,TEAM ASRSUPERJULIAN,N'Dicka,D,6.5,9.0,True,False
26,TEAM ASRSUPERJULIAN,Scalvini,D,,,False,False
26,TEAM ASRSUPERJULIAN,Messias,C,7.0,9.0,True,False
26,TEAM ASRSUPERJULIAN,Gandelman,C,,,False,False
26,TEAM ASRSUPERJULIAN,Orsolini,C,5.5,5.5,True,False
26,TEAM ASRSUPERJULIAN,Pisilli,C,5.5,5.5,True,False
26,TEAM ASRSUPERJULIAN,Malen,A,5.5,5.0,True,False
26,TEAM ASRSUPERJULIAN,Scamacca,A,7.5,14.5,True,False
26,TEAM ASRSUPERJULIAN,Ratkov,A,,,False,False
26,TEAM ASRSUPERJULIAN,Provedel,P,,,False,True
26,TEAM ASRSUPERJULIAN,Martinez Jo.,P,,,False,True
26,TEAM ASRSUPERJULIAN,Zortea,D,6.0,7.0,True,True
26,TEAM ASRSUPERJULIAN,Solet,D,,,False,True
26,TEAM ASRSUPERJULIAN,Floriani Mussolini,D,,,False,True
26,TEAM ASRSUPERJULIAN,Ziolkowski,D,,,False,True
26,TEAM ASRSUPERJULIAN,Gaspar K.,D,,,False,True
26,TEAM ASRSUPERJULIAN,Zaccagni,C,5.5,5.5,True,True
26,TEAM ASRSUPERJULIAN,Berisha M.,C,,,False,True
26,TEAM ASRSUPERJULIAN,Bondo,C,,,False,True
26,TEAM ASRSUPERJULIAN,Prati,C,6.0,6.0,False,True
26,TEAM ASRSUPERJULIAN,Cheddira,A,5.5,5.5,True,True
26,TEAM ASRSUPERJULIAN,Diao,A,,,False,True
26,TEAM ASRSUPERJULIAN,Adams C.,A,6.0,7.0,False,True
26,VENI VIDI VICI,Carnesecchi,P,6.0,4.0,True,False
26,VENI VIDI VICI,Carlos Augusto,D,6.0,6.0,True,False
26,VENI VIDI VICI,Valeri,D,6.0,6.0,True,False
26,VENI VIDI VICI,Lazaro,D,5.0,4.5,True,False
26,VENI VIDI VICI,Volpato,C,,,False,False
26,VENI VIDI VICI,Rowe,C,7.0,10.0,True,False
26,VENI VIDI VICI,Konè I.,C,6.0,6.0,True,False
26,VENI VIDI VICI,Zaniolo,C,6.5,7.5,True,False
26,VENI VIDI VICI,Vitinha O.,A,7.0,11.0,True,False
26,VENI VIDI VICI,Esposito F.P.,A,5.5,5.5,True,False
26,VENI VIDI VICI,Thuram,A,,,False,False
26,VENI VIDI VICI,Rossi F.,P,,,False,True
26,VENI VIDI VICI,Sportiello,P,,,False,True
26,VENI VIDI VICI,Kolasinac,D,6.0,6.0,False,True
26,VENI VIDI VICI,Pellegrini Lu.,D,,,False,True
26,VENI VIDI VICI,Kamara H.,D,6.0,6.0,False,True
26,VENI VIDI VICI,Doig,D,6.0,6.0,False,True
26,VENI VIDI VICI,Rugani,D,,,False,True
26,VENI VIDI VICI,Sorensen O.,C,6.0,6.0,True,True
26,VENI VIDI VICI,Zerbin,C,5.5,5.5,False,True
26,VENI VIDI VICI,Pierotti,C,7.0,10.0,False,True
26,VENI VIDI VICI,Piccoli,A,5.0,5.0,True,True
26,VENI VIDI VICI,Ekuban,A,5.5,5.5,False,True
26,VENI VIDI VICI,Gaetano,C,,,False,True
26,VENI VIDI VICI,Martinez L.,A,,,False,True
26,WINNING MOMENT,Caprile,P,6.0,4.0,True,False
26,WINNING MOMENT,Spinazzola,D,6.5,7.0,True,False
26,WINNING MOMENT,Tomori,D,6.0,6.0,True,False
26,WINNING MOMENT,Kalulu,D,6.5,6.5,True,False
26,WINNING MOMENT,Pongracic,D,5.5,5.5,True,False
26,WINNING MOMENT,Mandragora,C,5.5,5.0,True,False
26,WINNING MOMENT,Pasalic,C,6.5,6.5,True,False
26,WINNING MOMENT,Sucic P.,C,5.5,5.5,True,False
26,WINNING MOMENT,McKennie,C,6.0,6.0,True,False
26,WINNING MOMENT,Nkunku,A,,,False,False
26,WINNING MOMENT,Bonny,A,5.0,5.0,True,False
26,WINNING MOMENT,Silvestri,P,,,False,True
26,WINNING MOMENT,Leali,P,,,False,True
26,WINNING MOMENT,Mancini,D,5.5,5.5,False,True
26,WINNING MOMENT,Kempf,D,5.5,5.5,False,True
26,WINNING MOMENT,Sabelli,D,6.0,6.0,False,True
26,WINNING MOMENT,Nicolussi Caviglia,C,5.5,5.5,False,True
26,WINNING MOMENT,Barella,C,5.5,5.5,False,True
26,WINNING MOMENT,Matic,C,5.5,5.5,False,True
26,WINNING MOMENT,Bonazzoli,A,7.0,10.0,True,True
26,WINNING MOMENT,Zambo Anguissa,C,6.0,6.0,False,True
26,WINNING MOMENT,Arena A.,A,,,False,True
26,TIGER REBELS,Svilar,P,6.5,4.5,True,False
26,TIGER REBELS,Terracciano F.,D,,,False,False
26,TIGER REBELS,Miranda J.,D,,,False,False
26,TIGER REBELS,Delprato,D,6.5,6.5,True,False
26,TIGER REBELS,Tiago Gabriel,D,5.5,5.5,True,False
26,TIGER REBELS,Pellegrini Lo.,C,5.0,5.0,True,False
26,TIGER REBELS,McTominay,C,,,False,False
26,TIGER REBELS,Modric,C,7.0,6.5,True,False
26,TIGER REBELS,Zalewski,C,6.5,7.5,True,False
26,TIGER REBELS,Dybala,A,,,False,False
26,TIGER REBELS,De Ketelaere,A,,,False,False
26,TIGER REBELS,Gollini,P,,,False,True
26,TIGER REBELS,Vasquez D.,P,,,False,True
26,TIGER REBELS,Valle,D,,,False,True
26,TIGER REBELS,Pezzella Giu.,D,5.5,4.5,True,True
26,TIGER REBELS,Mina,D,,,False,True
26,TIGER REBELS,Obert,D,6.5,7.5,True,True
26,TIGER REBELS,Lobotka,C,,,False,True
26,TIGER REBELS,Brescianini,C,,,False,True
26,TIGER REBELS,Masini,C,7.0,7.5,True,True
26,TIGER REBELS,El Shaarawy,C,,,False,True
26,TIGER REBELS,Simeone,A,5.5,5.5,True,True
26,TIGER REBELS,Rodriguez Je.,A,6.0,6.0,True,True
26,TIGER REBELS,Durosinmi,A,5.5,5.5,False,True
26,TIGER REBELS,Almqvist,A,,,False,True
26,KKK,Falcone,P,6.5,5.5,True,False
26,KKK,Vojvoda,D,6.0,6.0,True,False
26,KKK,Palestra,D,6.5,6.0,True,False
26,KKK,Romagnoli,D,6.0,6.0,True,False
26,KKK,Bernasconi,D,6.0,6.0,True,False
26,KKK,Atta,C,6.0,6.0,True,False
26,KKK,Ekkelenkamp,C,6.0,6.0,True,False
26,KKK,Locatelli,C,7.0,8.0,True,False
26,KKK,Pedro,A,6.5,6.5,True,False
26,KKK,Douvikas,A,6.0,6.0,True,False
26,KKK,Hojlund,A,6.0,6.0,True,False
26,KKK,Christensen O.,P,,,False,True
26,KKK,De Gea,P,6.0,7.0,False,True
26,KKK,Bellanova,D,5.5,5.5,False,True
26,KKK,Djimsiti,D,,,False,True
26,KKK,Ostigard,D,7.0,7.0,False,True
26,KKK,Muharemovic,D,5.5,5.5,False,True
26,KKK,Pulisic,C,6.5,6.5,False,True
26,KKK,Malinovskyi,C,6.5,6.5,False,True
26,KKK,Casadei,C,6.5,9.5,False,True
26,KKK,Boga,A,7.0,10.0,False,True
26,KKK,Vardy,A,5.0,5.0,False,True
26,KKK,Kuhn,A,,,False,True
26,KKK,Loftus-Cheek,C,,,False,True
26,KKK,Baldanzi,C,,,False,True
27,TEAM ASRSUPERJULIAN,Sommer,P,6.0,5.0,True,False
27,TEAM ASRSUPERJULIAN,Parisi,D,7.0,10.0,True,False
27,TEAM ASRSUPERJULIAN,N'Dicka,D,,,False,False
27,TEAM ASRSUPERJULIAN,Scalvini,D,6.0,6.0,True,False
27,TEAM ASRSUPERJULIAN,Messias,C,6.0,6.0,True,False
27,TEAM ASRSUPERJULIAN,Gandelman,C,6.0,6.0,True,False
27,TEAM ASRSUPERJULIAN,Orsolini,C,6.0,6.0,True,False
27,TEAM ASRSUPERJULIAN,Pisilli,C,5.5,5.5,True,False
27,TEAM ASRSUPERJULIAN,Malen,A,6.5,8.5,True,False
27,TEAM ASRSUPERJULIAN,Scamacca,A,5.5,5.5,True,False
27,TEAM ASRSUPERJULIAN,Adams C.,A,7.0,8.0,True,False
27,TEAM ASRSUPERJULIAN,Provedel,P,,,False,True
27,TEAM ASRSUPERJULIAN,Martinez Jo.,P,,,False,True
27,TEAM ASRSUPERJULIAN,Zortea,D,5.5,5.0,True,True
27,TEAM ASRSUPERJULIAN,Solet,D,,,False,True
27,TEAM ASRSUPERJULIAN,Floriani Mussolini,D,4.5,4.5,False,True
27,TEAM ASRSUPERJULIAN,Ziolkowski,D,5.5,5.5,False,True
27,TEAM ASRSUPERJULIAN,Gaspar K.,D,,,False,True
27,TEAM ASRSUPERJULIAN,Zaccagni,C,6.0,6.0,False,True
27,TEAM ASRSUPERJULIAN,Berisha M.,C,,,False,True
27,TEAM ASRSUPERJULIAN,Bondo,C,5.5,5.0,False,True
27,TEAM ASRSUPERJULIAN,Prati,C,6.0,6.0,False,True
27,TEAM ASRSUPERJULIAN,Cheddira,A,6.0,6.0,False,True
27,TEAM ASRSUPERJULIAN,Diao,A,7.0,7.0,False,True
27,TEAM ASRSUPERJULIAN,Ratkov,A,,,False,True
27,TIGER REBELS,Svilar,P,6.0,4.0,True,False
27,TIGER REBELS,Terracciano F.,D,,,False,False
27,TIGER REBELS,Miranda J.,D,6.5,6.5,True,False
27,TIGER REBELS,Delprato,D,5.0,4.5,True,False
27,TIGER REBELS,Tiago Gabriel,D,5.5,5.5,True,False
27,TIGER REBELS,Pellegrini Lo.,C,6.5,6.5,True,False
27,TIGER REBELS,McTominay,C,6.5,6.5,True,False
27,TIGER REBELS,Modric,C,6.0,6.0,True,False
27,TIGER REBELS,Zalewski,C,5.5,5.5,True,False
27,TIGER REBELS,Dybala,A,,,False,False
27,TIGER REBELS,De Ketelaere,A,6.0,5.5,True,False
27,TIGER REBELS,Gollini,P,,,False,True
27,TIGER REBELS,Vasquez D.,P,,,False,True
27,TIGER REBELS,Valle,D,6.5,7.5,True,True
27,TIGER REBELS,Pezzella Giu.,D,,,False,True
27,TIGER REBELS,Mina,D,6.0,6.0,False,True
27,TIGER REBELS,Obert,D,5.0,4.0,False,True
27,TIGER REBELS,Lobotka,C,,,False,True
27,TIGER REBELS,Brescianini,C,6.5,6.5,False,True
27,TIGER REBELS,Masini,C,,,False,True
27,TIGER REBELS,El Shaarawy,C,6.5,6.5,False,True
27,TIGER REBELS,Simeone,A,7.5,10.5,True,True
27,TIGER REBELS,Rodriguez Je.,A,6.0,6.0,False,True
27,TIGER REBELS,Durosinmi,A,4.0,3.0,False,True
27,TIGER REBELS,Almqvist,A,,,False,True
27,FANTA GPT,Milinkovic-Savic V.,P,,,False,False
27,FANTA GPT,Norton-Cuffy,D,6.0,6.0,True,False
27,FANTA GPT,Luperto,D,4.5,4.5,True,False
27,FANTA GPT,Kelly L.,D,6.0,5.5,True,False
27,FANTA GPT,Hermoso,D,5.0,5.0,True,False
27,FANTA GPT,Thuram K.,C,6.0,6.0,True,False
27,FANTA GPT,Cristante,C,5.0,5.0,True,False
27,FANTA GPT,Santos A.,C,5.5,5.5,True,False
27,FANTA GPT,Leao,A,5.0,5.0,True,False
27,FANTA GPT,Openda,A,,,False,False
27,FANTA GPT,Colombo,A,6.0,6.0,True,False
27,FANTA GPT,Meret,P,6.0,5.0,True,True
27,FANTA GPT,Contini,P,,,False,True
27,FANTA GPT,Gatti,D,,,False,True
27,FANTA GPT,Martin,D,6.5,7.5,False,True
27,FANTA GPT,Zappacosta,D,6.5,6.5,False,True
27,FANTA GPT,Gila,D,7.0,7.0,False,True
27,FANTA GPT,Caqueret,C,5.5,5.0,False,True
27,FANTA GPT,Koopmeiners,C,6.0,6.0,False,True
27,FANTA GPT,Bernabè,C,,,False,True
27,FANTA GPT,Tramoni M.,C,6.5,6.5,False,True
27,FANTA GPT,Diouf,C,,,False,True
27,FANTA GPT,Krstovic,A,7.0,11.0,True,True
27,FANTA GPT,Esposito Se.,A,,,False,True
27,FANTA GPT,Solomon,A,,,False,True
27,BJ EASTONE FC,Butez,P,6.0,5.0,True,False
27,BJ EASTONE FC,Gosens,D,6.5,7.5,True,False
27,BJ EASTONE FC,De Winter,D,5.5,5.5,True,False
27,BJ EASTONE FC,Bisseck,D,6.5,6.5,True,False
27,BJ EASTONE FC,Ramon,D,6.5,6.5,True,False
27,BJ EASTONE FC,Paz N.,C,5.5,5.5,True,False
27,BJ EASTONE FC,Konè M.,C,5.0,5.0,True,False
27,BJ EASTONE FC,Fofana Y.,C,6.0,6.0,True,False
27,BJ EASTONE FC,Luis Henrique,C,5.5,5.5,True,False
27,BJ EASTONE FC,Odgaard,C,6.5,6.5,True,False
27,BJ EASTONE FC,Laurientè,A,6.0,6.0,True,False
27,BJ EASTONE FC,Okoye,P,7.0,6.0,False,True
27,BJ EASTONE FC,Cavlina,P,,,False,True
27,BJ EASTONE FC,Kristensen T.,D,6.0,6.0,False,True
27,BJ EASTONE FC,Smolcic I.,D,6.5,6.5,False,True
27,BJ EASTONE FC,Veiga D.,D,5.5,5.5,False,True
27,BJ EASTONE FC,Odogu,D,,,False,True
27,BJ EASTONE FC,Frattesi,C,5.5,5.5,False,True
27,BJ EASTONE FC,Vergara,C,,,False,True
27,BJ EASTONE FC,Adzic,C,,,False,True
27,BJ EASTONE FC,Ekhator,A,,,False,True
27,BJ EASTONE FC,Ferguson E.,A,,,False,True
27,BJ EASTONE FC,Pinamonti,A,5.5,5.5,False,True
27,BJ EASTONE FC,Buffon L.,A,,,False,True
27,BJ EASTONE FC,Vlahovic,A,,,False,True
27,DARTH VADER,Perin,P,6.0,7.0,True,False
27,DARTH VADER,Vasquez,D,6.5,6.5,True,False
27,DARTH VADER,Bremer,D,6.5,6.5,True,False
27,DARTH VADER,Buongiorno,D,6.5,6.5,True,False
27,DARTH VADER,Conceicao,C,6.5,6.5,True,False
27,DARTH VADER,Strefezza,C,6.5,7.0,True,False
27,DARTH VADER,Zielinski,C,5.5,5.5,True,False
27,DARTH VADER,Saelemaekers,C,6.0,6.0,True,False
27,DARTH VADER,Yildiz,A,7.0,8.0,True,False
27,DARTH VADER,Kilicsoy,A,5.0,5.0,True,False
27,DARTH VADER,Berardi,A,5.5,5.5,True,False
27,DARTH VADER,Castro S.,A,6.0,6.0,False,True
27,DARTH VADER,Fullkrug,A,5.5,5.5,False,True
27,DARTH VADER,Bowie,A,5.5,5.5,False,True
27,DARTH VADER,Perrone,C,6.0,6.0,False,True
27,DARTH VADER,Ederson D.S.,C,6.5,6.5,False,True
27,DARTH VADER,Oristanio,C,6.0,6.0,False,True
27,DARTH VADER,Calhanoglu,C,,,False,True
27,DARTH VADER,Gutierrez,D,6.0,6.0,False,True
27,DARTH VADER,Celik,D,6.0,6.0,False,True
27,DARTH VADER,Gallo,D,6.0,7.0,False,True
27,DARTH VADER,Baschirotto,D,,,False,True
27,DARTH VADER,Bozhinov,D,,,False,True
27,DARTH VADER,Di Gregorio,P,,,False,True
27,DARTH VADER,Pinsoglio,P,,,False,True
27,VENI VIDI VICI,Carnesecchi,P,5.5,4.5,True,False
27,VENI VIDI VICI,Carlos Augusto,D,6.5,6.0,True,False
27,VENI VIDI VICI,Valeri,D,5.0,5.0,True,False
27,VENI VIDI VICI,Lazaro,D,,,False,False
27,VENI VIDI VICI,Gaetano,C,5.5,5.5,True,False
27,VENI VIDI VICI,Rowe,C,,,False,False
27,VENI VIDI VICI,Konè I.,C,6.0,6.0,True,False
27,VENI VIDI VICI,Zaniolo,C,5.0,4.5,True,False
27,VENI VIDI VICI,Vitinha O.,A,7.0,10.5,True,False
27,VENI VIDI VICI,Esposito F.P.,A,7.0,10.0,True,False
27,VENI VIDI VICI,Thuram,A,5.5,5.5,True,False
27,VENI VIDI VICI,Rossi F.,P,,,False,True
27,VENI VIDI VICI,Sportiello,P,,,False,True
27,VENI VIDI VICI,Kolasinac,D,5.5,5.0,True,True
27,VENI VIDI VICI,Pellegrini Lu.,D,,,False,True
27,VENI VIDI VICI,Kamara H.,D,6.0,6.0,False,True
27,VENI VIDI VICI,Doig,D,6.0,6.0,False,True
27,VENI VIDI VICI,Rugani,D,,,False,True
27,VENI VIDI VICI,Pierotti,C,5.5,5.5,True,True
27,VENI VIDI VICI,Sorensen O.,C,5.5,5.5,False,True
27,VENI VIDI VICI,Volpato,C,6.0,6.0,False,True
27,VENI VIDI VICI,Zerbin,C,5.5,5.5,False,True
27,VENI VIDI VICI,Ekuban,A,5.5,5.5,False,True
27,VENI VIDI VICI,Piccoli,A,7.5,12.5,False,True
27,VENI VIDI VICI,Martinez L.,A,,,False,True
27,KKK,De Gea,P,6.0,5.0,True,False
27,KKK,Ostigard,D,7.0,10.0,True,False
27,KKK,Palestra,D,5.0,5.0,True,False
27,KKK,Muharemovic,D,6.5,6.5,True,False
27,KKK,Malinovskyi,C,6.0,6.0,True,False
27,KKK,Casadei,C,,,False,False
27,KKK,Locatelli,C,6.5,6.5,True,False
27,KKK,Pulisic,C,5.5,5.5,True,False
27,KKK,Boga,A,7.0,11.0,True,False
27,KKK,Douvikas,A,7.0,10.0,True,False
27,KKK,Hojlund,A,7.0,10.0,True,False
27,KKK,Christensen O.,P,,,False,True
27,KKK,Falcone,P,6.0,4.0,False,True
27,KKK,Vojvoda,D,,,False,True
27,KKK,Bernasconi,D,5.5,5.5,False,True
27,KKK,Romagnoli,D,,,False,True
27,KKK,Bellanova,D,,,False,True
27,KKK,Djimsiti,D,6.0,6.0,False,True
27,KKK,Atta,C,5.5,5.5,True,True
27,KKK,Ekkelenkamp,C,5.5,5.5,False,True
27,KKK,Vardy,A,,,False,True
27,KKK,Pedro,A,6.0,5.5,False,True
27,KKK,Kuhn,A,,,False,True
27,KKK,Loftus-Cheek,C,,,False,True
27,KKK,Baldanzi,C,,,False,True
27,BOVE,Bijlow,P,6.0,7.0,True,False
27,BOVE,Dimarco,D,6.0,6.0,True,False
27,BOVE,Pavlovic,D,6.0,6.0,True,False
27,BOVE,Akanji,D,6.0,6.0,True,False
27,BOVE,Olivera,D,6.0,6.0,True,False
27,BOVE,Elmas,C,5.0,5.0,True,False
27,BOVE,Isaksen,C,7.0,11.0,True,False
27,BOVE,Gudmundsson A.,C,7.0,10.5,True,False
27,BOVE,David,A,,,False,False
27,BOVE,Kean,A,,,False,False
27,BOVE,Pellegrino M.,A,7.0,10.0,True,False
27,BOVE,Bernardeschi,C,,,False,True
27,BOVE,Thorstvedt,C,6.0,6.0,False,True
27,BOVE,Taylor K.,C,6.5,6.5,False,True
27,BOVE,Mkhitaryan,C,6.0,6.0,False,True
27,BOVE,Morata,A,,,False,True
27,BOVE,Kulenovic,A,6.5,7.0,True,True
27,BOVE,Skorupski,P,6.5,7.5,False,True
27,BOVE,Ravaglia F.,P,,,False,True
27,BOVE,Rensch,D,5.5,5.5,False,True
27,BOVE,Juan Jesus,D,,,False,True
27,BOVE,Edmundsson,D,5.5,5.5,False,True
27,BOVE,Raspadori,A,,,False,True
27,BOVE,Gabbia,D,,,False,True
27,BOVE,Rabiot,C,,,False,True
27,WINNING MOMENT,Caprile,P,6.0,3.0,True,False
27,WINNING MOMENT,Spinazzola,D,6.0,6.0,True,False
27,WINNING MOMENT,Tomori,D,6.0,6.0,True,False
27,WINNING MOMENT,Kalulu,D,6.0,6.0,True,False
27,WINNING MOMENT,Pongracic,D,6.0,6.0,True,False
27,WINNING MOMENT,Mandragora,C,6.5,7.0,True,False
27,WINNING MOMENT,Pasalic,C,5.5,5.5,True,False
27,WINNING MOMENT,Sucic P.,C,5.5,5.0,True,False
27,WINNING MOMENT,McKennie,C,6.0,6.0,True,False
27,WINNING MOMENT,Nkunku,A,5.5,5.5,True,False
27,WINNING MOMENT,Bonny,A,5.5,5.5,True,False
27,WINNING MOMENT,Silvestri,P,,,False,True
27,WINNING MOMENT,Leali,P,,,False,True
27,WINNING MOMENT,Mancini,D,6.0,6.0,False,True
27,WINNING MOMENT,Kempf,D,6.0,6.0,False,True
27,WINNING MOMENT,Sabelli,D,5.5,5.5,False,True
27,WINNING MOMENT,Nicolussi Caviglia,C,,,False,True
27,WINNING MOMENT,Barella,C,6.5,7.5,False,True
27,WINNING MOMENT,Matic,C,5.5,5.5,False,True
27,WINNING MOMENT,Bonazzoli,A,5.0,5.0,False,True
27,WINNING MOMENT,Zambo Anguissa,C,5.0,5.0,False,True
27,WINNING MOMENT,Arena A.,A,,,False,True
27,ETHANANITA,Maignan,P,6.0,5.0,True,False
27,ETHANANITA,Dumfries,D,5.0,5.0,True,False
27,ETHANANITA,Cambiaso,D,6.0,6.0,True,False
27,ETHANANITA,Wesley,D,5.5,4.5,True,False
27,ETHANANITA,Politano,C,7.5,12.5,True,False
27,ETHANANITA,Maldini,C,6.5,6.5,True,False
27,ETHANANITA,Baturina,C,6.5,6.5,True,False
27,ETHANANITA,Vlasic,C,7.0,7.0,True,False
27,ETHANANITA,Lukaku,A,,,False,False
27,ETHANANITA,Davis K.,A,6.0,6.0,True,False
27,ETHANANITA,Zapata D.,A,7.0,10.0,True,False
27,ETHANANITA,Terracciano,P,,,False,True
27,ETHANANITA,Torriani,P,,,False,True
27,ETHANANITA,Estupinan,D,5.0,4.5,False,True
27,ETHANANITA,Marusic,D,6.5,7.5,False,True
27,ETHANANITA,Dodò,D,7.5,10.5,False,True
27,ETHANANITA,Bartesaghi,D,6.0,6.0,False,True
27,ETHANANITA,Rrahmani,D,,,False,True
27,ETHANANITA,Zaragoza,C,,,False,True
27,ETHANANITA,Miretti,C,,,False,True
27,ETHANANITA,Venturino,C,,,False,True
27,ETHANANITA,Bakola,C,,,False,True
27,ETHANANITA,Dia,A,5.5,5.5,True,True
27,ETHANANITA,Gueye,A,,,False,True
27,ETHANANITA,Addai,A,,,False,True
28,BJ EASTONE FC,Butez,P,6.0,7.0,True,False
28,BJ EASTONE FC,Gosens,D,5.5,5.5,True,False
28,BJ EASTONE FC,De Winter,D,5.5,5.5,True,False
28,BJ EASTONE FC,Bisseck,D,6.5,6.5,True,False
28,BJ EASTONE FC,Ramon,D,,,False,False
28,BJ EASTONE FC,Paz N.,C,7.0,10.0,True,False
28,BJ EASTONE FC,Konè M.,C,,,False,False
28,BJ EASTONE FC,Fofana Y.,C,7.0,11.0,True,False
28,BJ EASTONE FC,Luis Henrique,C,,,False,False
28,BJ EASTONE FC,Odgaard,C,,,False,False
28,BJ EASTONE FC,Laurientè,A,6.0,6.0,True,False
28,BJ EASTONE FC,Okoye,P,6.5,8.5,False,True
28,BJ EASTONE FC,Cavlina,P,,,False,True
28,BJ EASTONE FC,Kristensen T.,D,6.5,6.5,True,True
28,BJ EASTONE FC,Smolcic I.,D,,,False,True
28,BJ EASTONE FC,Veiga D.,D,5.5,5.0,False,True
28,BJ EASTONE FC,Odogu,D,,,False,True
28,BJ EASTONE FC,Frattesi,C,6.0,6.0,True,True
28,BJ EASTONE FC,Vergara,C,,,False,True
28,BJ EASTONE FC,Adzic,C,,,False,True
28,BJ EASTONE FC,Ekhator,A,5.5,5.5,False,True
28,BJ EASTONE FC,Ferguson E.,A,,,False,True
28,BJ EASTONE FC,Pinamonti,A,7.0,11.0,False,True
28,BJ EASTONE FC,Buffon L.,A,,,False,True
28,BJ EASTONE FC,Vlahovic,A,6.5,6.5,False,True
28,TEAM ASRSUPERJULIAN,Sommer,P,5.5,4.5,True,False
28,TEAM ASRSUPERJULIAN,Parisi,D,6.0,6.0,True,False
28,TEAM ASRSUPERJULIAN,N'Dicka,D,6.5,6.5,True,False
28,TEAM ASRSUPERJULIAN,Scalvini,D,6.0,6.0,True,False
28,TEAM ASRSUPERJULIAN,Messias,C,6.0,6.0,True,False
28,TEAM ASRSUPERJULIAN,Gandelman,C,5.5,5.5,True,False
28,TEAM ASRSUPERJULIAN,Orsolini,C,5.0,3.0,True,False
28,TEAM ASRSUPERJULIAN,Pisilli,C,5.5,5.0,True,False
28,TEAM ASRSUPERJULIAN,Malen,A,6.0,6.0,True,False
28,TEAM ASRSUPERJULIAN,Scamacca,A,,,False,False
28,TEAM ASRSUPERJULIAN,Adams C.,A,5.5,5.5,True,False
28,TEAM ASRSUPERJULIAN,Provedel,P,,,False,True
28,TEAM ASRSUPERJULIAN,Martinez Jo.,P,,,False,True
28,TEAM ASRSUPERJULIAN,Zortea,D,5.5,5.5,False,True
28,TEAM ASRSUPERJULIAN,Solet,D,7.0,6.5,False,True
28,TEAM ASRSUPERJULIAN,Floriani Mussolini,D,,,False,True
28,TEAM ASRSUPERJULIAN,Ziolkowski,D,,,False,True
28,TEAM ASRSUPERJULIAN,Gaspar K.,D,,,False,True
28,TEAM ASRSUPERJULIAN,Zaccagni,C,,,False,True
28,TEAM ASRSUPERJULIAN,Berisha M.,C,,,False,True
28,TEAM ASRSUPERJULIAN,Bondo,C,,,False,True
28,TEAM ASRSUPERJULIAN,Prati,C,5.5,5.5,False,True
28,TEAM ASRSUPERJULIAN,Diao,A,7.5,12.5,True,True
28,TEAM ASRSUPERJULIAN,Cheddira,A,5.5,5.5,False,True
28,TEAM ASRSUPERJULIAN,Ratkov,A,,,False,True
28,BOVE,Bijlow,P,5.5,3.5,True,False
28,BOVE,Dimarco,D,5.5,5.0,True,False
28,BOVE,Pavlovic,D,7.0,9.5,True,False
28,BOVE,Akanji,D,6.0,6.0,True,False
28,BOVE,Olivera,D,5.5,5.0,True,False
28,BOVE,Elmas,C,,,False,False
28,BOVE,Isaksen,C,5.5,5.5,True,False
28,BOVE,Gudmundsson A.,C,6.0,6.0,True,False
28,BOVE,David,A,,,False,False
28,BOVE,Kean,A,5.5,5.0,True,False
28,BOVE,Pellegrino M.,A,5.0,5.0,True,False
28,BOVE,Bernardeschi,C,5.5,5.5,True,True
28,BOVE,Thorstvedt,C,,,False,True
28,BOVE,Taylor K.,C,8.0,14.5,False,True
28,BOVE,Mkhitaryan,C,,,False,True
28,BOVE,Morata,A,6.0,6.0,True,True
28,BOVE,Kulenovic,A,,,False,True
28,BOVE,Skorupski,P,,,False,True
28,BOVE,Ravaglia F.,P,6.0,4.0,False,True
28,BOVE,Rensch,D,6.0,6.0,False,True
28,BOVE,Juan Jesus,D,,,False,True
28,BOVE,Edmundsson,D,5.5,5.0,False,True
28,BOVE,Raspadori,A,5.5,5.5,False,True
28,BOVE,Gabbia,D,,,False,True
28,BOVE,Rabiot,C,7.0,10.0,False,True
28,ETHANANITA,Maignan,P,6.5,4.5,True,False
28,ETHANANITA,Dumfries,D,6.0,6.0,True,False
28,ETHANANITA,Cambiaso,D,5.5,5.5,True,False
28,ETHANANITA,Bartesaghi,D,6.5,6.5,True,False
28,ETHANANITA,Marusic,D,6.0,6.0,True,False
28,ETHANANITA,Politano,C,6.5,6.5,True,False
28,ETHANANITA,Maldini,C,5.5,5.5,True,False
28,ETHANANITA,Baturina,C,7.0,10.0,True,False
28,ETHANANITA,Vlasic,C,7.0,9.0,True,False
28,ETHANANITA,Zapata D.,A,5.5,5.5,True,False
28,ETHANANITA,Davis K.,A,7.0,9.5,True,False
28,ETHANANITA,Terracciano,P,,,False,True
28,ETHANANITA,Torriani,P,,,False,True
28,ETHANANITA,Dodò,D,6.5,6.5,False,True
28,ETHANANITA,Wesley,D,,,False,True
28,ETHANANITA,Estupinan,D,,,False,True
28,ETHANANITA,Rrahmani,D,,,False,True
28,ETHANANITA,Miretti,C,5.5,5.5,False,True
28,ETHANANITA,Venturino,C,,,False,True
28,ETHANANITA,Zaragoza,C,,,False,True
28,ETHANANITA,Bakola,C,5.5,5.5,False,True
28,ETHANANITA,Lukaku,A,,,False,True
28,ETHANANITA,Dia,A,7.0,8.0,False,True
28,ETHANANITA,Gueye,A,,,False,True
28,ETHANANITA,Addai,A,,,False,True
28,DARTH VADER,Perin,P,6.5,5.5,True,False
28,DARTH VADER,Vasquez,D,6.0,6.0,True,False
28,DARTH VADER,Bremer,D,5.5,5.0,True,False
28,DARTH VADER,Celik,D,,,False,False
28,DARTH VADER,Conceicao,C,7.0,8.0,True,False
28,DARTH VADER,Calhanoglu,C,6.0,6.0,True,False
28,DARTH VADER,Zielinski,C,5.5,5.5,True,False
28,DARTH VADER,Saelemaekers,C,6.0,6.0,True,False
28,DARTH VADER,Yildiz,A,7.0,10.0,True,False
28,DARTH VADER,Castro S.,A,5.0,4.5,True,False
28,DARTH VADER,Berardi,A,6.5,7.5,True,False
28,DARTH VADER,Kilicsoy,A,5.5,5.5,False,True
28,DARTH VADER,Fullkrug,A,5.5,5.5,False,True
28,DARTH VADER,Bowie,A,5.5,5.5,False,True
28,DARTH VADER,Perrone,C,7.5,10.5,False,True
28,DARTH VADER,Strefezza,C,5.0,5.0,False,True
28,DARTH VADER,Ederson D.S.,C,6.5,6.5,False,True
28,DARTH VADER,Oristanio,C,5.5,5.5,False,True
28,DARTH VADER,Buongiorno,D,6.0,6.0,True,True
28,DARTH VADER,Gutierrez,D,6.5,6.5,False,True
28,DARTH VADER,Gallo,D,5.5,5.5,False,True
28,DARTH VADER,Baschirotto,D,,,False,True
28,DARTH VADER,Bozhinov,D,,,False,True
28,DARTH VADER,Di Gregorio,P,,,False,True
28,DARTH VADER,Pinsoglio,P,,,False,True
28,WINNING MOMENT,Caprile,P,6.5,5.5,True,False
28,WINNING MOMENT,Spinazzola,D,6.0,6.0,True,False
28,WINNING MOMENT,Tomori,D,6.0,5.5,True,False
28,WINNING MOMENT,Kalulu,D,6.5,6.5,True,False
28,WINNING MOMENT,Pongracic,D,6.0,6.0,True,False
28,WINNING MOMENT,Mandragora,C,,,False,False
28,WINNING MOMENT,Pasalic,C,5.5,5.5,True,False
28,WINNING MOMENT,Sucic P.,C,,,False,False
28,WINNING MOMENT,McKennie,C,5.5,5.5,True,False
28,WINNING MOMENT,Nkunku,A,5.5,5.5,True,False
28,WINNING MOMENT,Bonny,A,5.5,5.5,True,False
28,WINNING MOMENT,Silvestri,P,,,False,True
28,WINNING MOMENT,Leali,P,,,False,True
28,WINNING MOMENT,Mancini,D,6.0,6.0,False,True
28,WINNING MOMENT,Kempf,D,6.5,6.5,False,True
28,WINNING MOMENT,Sabelli,D,,,False,True
28,WINNING MOMENT,Nicolussi Caviglia,C,5.5,5.5,True,True
28,WINNING MOMENT,Barella,C,6.0,6.5,True,True
28,WINNING MOMENT,Matic,C,,,False,True
28,WINNING MOMENT,Bonazzoli,A,6.5,6.5,False,True
28,WINNING MOMENT,Zambo Anguissa,C,6.0,6.0,False,True
28,WINNING MOMENT,Arena A.,A,6.0,6.0,False,True
28,KKK,Falcone,P,6.0,5.0,True,False
28,KKK,Ostigard,D,5.5,5.5,True,False
28,KKK,Bellanova,D,,,False,False
28,KKK,Bernasconi,D,6.0,6.0,True,False
28,KKK,Vojvoda,D,,,False,False
28,KKK,Pulisic,C,6.5,7.5,True,False
28,KKK,Atta,C,5.5,5.5,True,False
28,KKK,Locatelli,C,5.0,3.0,True,False
28,KKK,Boga,A,5.5,5.5,True,False
28,KKK,Douvikas,A,7.0,10.0,True,False
28,KKK,Hojlund,A,6.0,6.0,True,False
28,KKK,De Gea,P,6.5,5.5,False,True
28,KKK,Christensen O.,P,,,False,True
28,KKK,Palestra,D,6.0,6.0,True,True
28,KKK,Djimsiti,D,6.0,6.0,True,True
28,KKK,Romagnoli,D,6.5,6.5,False,True
28,KKK,Muharemovic,D,7.0,7.0,False,True
28,KKK,Ekkelenkamp,C,6.5,10.5,False,True
28,KKK,Malinovskyi,C,6.5,6.5,False,True
28,KKK,Casadei,C,5.5,5.5,False,True
28,KKK,Baldanzi,C,5.5,5.5,False,True
28,KKK,Pedro,A,6.0,6.0,False,True
28,KKK,Kuhn,A,6.5,7.5,False,True
28,KKK,Loftus-Cheek,C,,,False,True
28,KKK,Vardy,A,6.5,7.5,False,True
28,VENI VIDI VICI,Carnesecchi,P,6.5,7.5,True,False
28,VENI VIDI VICI,Carlos Augusto,D,6.0,5.5,True,False
28,VENI VIDI VICI,Valeri,D,5.5,5.5,True,False
28,VENI VIDI VICI,Kolasinac,D,6.5,6.5,True,False
28,VENI VIDI VICI,Kamara H.,D,6.0,5.5,True,False
28,VENI VIDI VICI,Zaniolo,C,6.5,7.0,True,False
28,VENI VIDI VICI,Rowe,C,5.5,5.5,True,False
28,VENI VIDI VICI,Sorensen O.,C,6.0,6.0,True,False
28,VENI VIDI VICI,Vitinha O.,A,5.0,5.0,True,False
28,VENI VIDI VICI,Esposito F.P.,A,7.0,10.0,True,False
28,VENI VIDI VICI,Thuram,A,6.0,6.0,True,False
28,VENI VIDI VICI,Rossi F.,P,,,False,True
28,VENI VIDI VICI,Sportiello,P,,,False,True
28,VENI VIDI VICI,Pellegrini Lu.,D,,,False,True
28,VENI VIDI VICI,Lazaro,D,,,False,True
28,VENI VIDI VICI,Doig,D,,,False,True
28,VENI VIDI VICI,Rugani,D,,,False,True
28,VENI VIDI VICI,Gaetano,C,6.0,6.0,False,True
28,VENI VIDI VICI,Konè I.,C,6.0,6.0,False,True
28,VENI VIDI VICI,Pierotti,C,6.0,5.5,False,True
28,VENI VIDI VICI,Volpato,C,6.5,6.5,False,True
28,VENI VIDI VICI,Zerbin,C,6.0,6.0,False,True
28,VENI VIDI VICI,Ekuban,A,5.5,5.5,False,True
28,VENI VIDI VICI,Martinez L.,A,,,False,True
28,VENI VIDI VICI,Piccoli,A,,,False,True
28,TIGER REBELS,Svilar,P,6.0,7.0,True,False
28,TIGER REBELS,Terracciano F.,D,6.0,6.0,True,False
28,TIGER REBELS,Miranda J.,D,5.5,5.5,True,False
28,TIGER REBELS,Delprato,D,,,False,False
28,TIGER REBELS,Tiago Gabriel,D,7.0,7.0,True,False
28,TIGER REBELS,Pellegrini Lo.,C,6.0,6.0,True,False
28,TIGER REBELS,McTominay,C,7.0,11.0,True,False
28,TIGER REBELS,Modric,C,6.5,6.5,True,False
28,TIGER REBELS,Zalewski,C,5.5,5.5,True,False
28,TIGER REBELS,Dybala,A,,,False,False
28,TIGER REBELS,De Ketelaere,A,6.5,6.5,True,False
28,TIGER REBELS,Gollini,P,,,False,True
28,TIGER REBELS,Vasquez D.,P,,,False,True
28,TIGER REBELS,Valle,D,,,False,True
28,TIGER REBELS,Pezzella Giu.,D,6.5,6.0,True,True
28,TIGER REBELS,Mina,D,6.5,6.5,False,True
28,TIGER REBELS,Obert,D,,,False,True
28,TIGER REBELS,Lobotka,C,6.0,5.5,False,True
28,TIGER REBELS,Brescianini,C,5.5,5.0,False,True
28,TIGER REBELS,Masini,C,,,False,True
28,TIGER REBELS,El Shaarawy,C,,,False,True
28,TIGER REBELS,Simeone,A,7.0,10.0,True,True
28,TIGER REBELS,Rodriguez Je.,A,6.0,6.0,False,True
28,TIGER REBELS,Durosinmi,A,,,False,True
28,TIGER REBELS,Almqvist,A,,,False,True
28,FANTA GPT,Milinkovic-Savic V.,P,6.0,7.0,True,False
28,FANTA GPT,Norton-Cuffy,D,5.5,5.5,True,False
28,FANTA GPT,Luperto,D,6.5,6.5,True,False
28,FANTA GPT,Kelly L.,D,6.0,6.0,True,False
28,FANTA GPT,Zappacosta,D,7.0,11.0,True,False
28,FANTA GPT,Thuram K.,C,5.5,5.5,True,False
28,FANTA GPT,Caqueret,C,6.5,6.5,True,False
28,FANTA GPT,Santos A.,C,6.0,6.0,True,False
28,FANTA GPT,Leao,A,,,False,False
28,FANTA GPT,Krstovic,A,6.0,6.0,True,False
28,FANTA GPT,Colombo,A,6.0,5.5,True,False
28,FANTA GPT,Meret,P,,,False,True
28,FANTA GPT,Contini,P,,,False,True
28,FANTA GPT,Gatti,D,,,False,True
28,FANTA GPT,Martin,D,,,False,True
28,FANTA GPT,Hermoso,D,7.0,8.0,False,True
28,FANTA GPT,Gila,D,6.0,6.0,False,True
28,FANTA GPT,Cristante,C,6.5,6.5,False,True
28,FANTA GPT,Koopmeiners,C,5.5,5.5,False,True
28,FANTA GPT,Bernabè,C,,,False,True
28,FANTA GPT,Tramoni M.,C,5.5,5.5,False,True
28,FANTA GPT,Diouf,C,,,False,True
28,FANTA GPT,Openda,A,,,False,True
28,FANTA GPT,Esposito Se.,A,6.0,6.0,True,True
28,FANTA GPT,Solomon,A,,,False,True
29,TEAM ASRSUPERJULIAN,Sommer,P,6.5,4.5,True,False
29,TEAM ASRSUPERJULIAN,Parisi,D,,,False,False
29,TEAM ASRSUPERJULIAN,N'Dicka,D,5.0,5.0,True,False
29,TEAM ASRSUPERJULIAN,Scalvini,D,7.0,11.0,True,False
29,TEAM ASRSUPERJULIAN,Messias,C,5.5,5.5,True,False
29,TEAM ASRSUPERJULIAN,Prati,C,6.0,6.0,True,False
29,TEAM ASRSUPERJULIAN,Orsolini,C,5.5,5.5,True,False
29,TEAM ASRSUPERJULIAN,Pisilli,C,5.0,4.5,True,False
29,TEAM ASRSUPERJULIAN,Malen,A,6.0,6.0,True,False
29,TEAM ASRSUPERJULIAN,Scamacca,A,,,False,False
29,TEAM ASRSUPERJULIAN,Adams C.,A,7.0,11.0,True,False
29,TEAM ASRSUPERJULIAN,Provedel,P,,,False,True
29,TEAM ASRSUPERJULIAN,Martinez Jo.,P,,,False,True
29,TEAM ASRSUPERJULIAN,Zortea,D,,,False,True
29,TEAM ASRSUPERJULIAN,Solet,D,7.0,7.0,True,True
29,TEAM ASRSUPERJULIAN,Floriani Mussolini,D,6.0,6.0,False,True
29,TEAM ASRSUPERJULIAN,Ziolkowski,D,,,False,True
29,TEAM ASRSUPERJULIAN,Gaspar K.,D,,,False,True
29,TEAM ASRSUPERJULIAN,Zaccagni,C,,,False,True
29,TEAM ASRSUPERJULIAN,Gandelman,C,6.0,6.0,False,True
29,TEAM ASRSUPERJULIAN,Berisha M.,C,,,False,True
29,TEAM ASRSUPERJULIAN,Bondo,C,6.0,6.0,False,True
29,TEAM ASRSUPERJULIAN,Diao,A,6.0,6.0,True,True
29,TEAM ASRSUPERJULIAN,Cheddira,A,5.5,5.5,False,True
29,TEAM ASRSUPERJULIAN,Ratkov,A,,,False,True
29,BOVE,Skorupski,P,,,False,False
29,BOVE,Dimarco,D,6.5,6.5,True,False
29,BOVE,Pavlovic,D,6.5,6.5,True,False
29,BOVE,Akanji,D,7.0,7.0,True,False
29,BOVE,Olivera,D,6.5,6.5,True,False
29,BOVE,Rabiot,C,6.0,6.0,True,False
29,BOVE,Taylor K.,C,6.5,7.5,True,False
29,BOVE,Gudmundsson A.,C,5.0,4.0,True,False
29,BOVE,David,A,6.0,6.0,True,False
29,BOVE,Kean,A,5.0,5.0,True,False
29,BOVE,Pellegrino M.,A,6.0,5.5,True,False
29,BOVE,Isaksen,C,5.5,5.5,False,True
29,BOVE,Elmas,C,,,False,True
29,BOVE,Bernardeschi,C,6.5,6.5,False,True
29,BOVE,Thorstvedt,C,6.5,6.5,False,True
29,BOVE,Mkhitaryan,C,6.0,6.0,False,True
29,BOVE,Raspadori,A,7.0,10.0,False,True
29,BOVE,Morata,A,,,False,True
29,BOVE,Kulenovic,A,5.5,5.5,False,True
29,BOVE,Ravaglia F.,P,6.0,4.5,True,True
29,BOVE,Bijlow,P,6.0,4.0,False,True
29,BOVE,Rensch,D,6.0,7.0,False,True
29,BOVE,Juan Jesus,D,6.5,6.5,False,True
29,BOVE,Edmundsson,D,6.0,6.0,False,True
29,BOVE,Gabbia,D,,,False,True
29,FANTA GPT,Milinkovic-Savic V.,P,6.0,7.0,True,False
29,FANTA GPT,Martin,D,5.0,3.0,True,False
29,FANTA GPT,Luperto,D,5.5,5.5,True,False
29,FANTA GPT,Kelly L.,D,6.5,7.5,True,False
29,FANTA GPT,Zappacosta,D,6.0,5.5,True,False
29,FANTA GPT,Thuram K.,C,6.0,5.5,True,False
29,FANTA GPT,Tramoni M.,C,5.0,5.0,True,False
29,FANTA GPT,Caqueret,C,5.5,5.5,True,False
29,FANTA GPT,Leao,A,,,False,False
29,FANTA GPT,Krstovic,A,7.0,10.0,True,False
29,FANTA GPT,Colombo,A,5.5,5.5,True,False
29,FANTA GPT,Meret,P,,,False,True
29,FANTA GPT,Contini,P,,,False,True
29,FANTA GPT,Gatti,D,,,False,True
29,FANTA GPT,Norton-Cuffy,D,,,False,True
29,FANTA GPT,Hermoso,D,5.0,5.0,False,True
29,FANTA GPT,Gila,D,,,False,True
29,FANTA GPT,Santos A.,C,6.5,6.5,False,True
29,FANTA GPT,Cristante,C,5.0,5.0,False,True
29,FANTA GPT,Koopmeiners,C,,,False,True
29,FANTA GPT,Bernabè,C,6.0,6.0,False,True
29,FANTA GPT,Diouf,C,,,False,True
29,FANTA GPT,Solomon,A,,,False,True
29,FANTA GPT,Openda,A,,,False,True
29,FANTA GPT,Esposito Se.,A,7.0,9.0,True,True
29,KKK,De Gea,P,7.0,8.0,True,False
29,KKK,Romagnoli,D,5.5,5.5,True,False
29,KKK,Bellanova,D,6.0,6.0,True,False
29,KKK,Bernasconi,D,6.0,6.0,True,False
29,KKK,Palestra,D,6.0,6.0,True,False
29,KKK,Locatelli,C,6.5,6.0,True,False
29,KKK,Pulisic,C,5.5,5.5,True,False
29,KKK,Ekkelenkamp,C,5.5,5.5,True,False
29,KKK,Pedro,A,5.5,5.5,True,False
29,KKK,Douvikas,A,5.5,5.5,True,False
29,KKK,Hojlund,A,,,False,False
29,KKK,Falcone,P,7.0,4.0,False,True
29,KKK,Christensen O.,P,,,False,True
29,KKK,Djimsiti,D,6.5,6.0,False,True
29,KKK,Vojvoda,D,5.5,5.5,False,True
29,KKK,Ostigard,D,5.0,5.0,False,True
29,KKK,Muharemovic,D,,,False,True
29,KKK,Atta,C,6.5,6.5,False,True
29,KKK,Malinovskyi,C,5.0,5.0,False,True
29,KKK,Casadei,C,6.0,6.0,False,True
29,KKK,Baldanzi,C,6.5,6.5,False,True
29,KKK,Loftus-Cheek,C,,,False,True
29,KKK,Boga,A,,,False,True
29,KKK,Vardy,A,,,False,True
29,KKK,Kuhn,A,,,False,True
29,WINNING MOMENT,Caprile,P,6.0,4.0,True,False
29,WINNING MOMENT,Spinazzola,D,6.5,6.5,True,False
29,WINNING MOMENT,Tomori,D,6.0,6.0,True,False
29,WINNING MOMENT,Kalulu,D,6.0,6.0,True,False
29,WINNING MOMENT,Pongracic,D,6.0,6.0,True,False
29,WINNING MOMENT,Mandragora,C,,,False,False
29,WINNING MOMENT,Pasalic,C,6.5,7.0,True,False
29,WINNING MOMENT,Sucic P.,C,6.0,6.0,True,False
29,WINNING MOMENT,McKennie,C,6.5,9.0,True,False
29,WINNING MOMENT,Nkunku,A,5.5,5.5,True,False
29,WINNING MOMENT,Bonny,A,6.5,6.5,True,False
29,WINNING MOMENT,Silvestri,P,,,False,True
29,WINNING MOMENT,Leali,P,,,False,True
29,WINNING MOMENT,Mancini,D,7.0,10.0,False,True
29,WINNING MOMENT,Kempf,D,6.0,6.0,False,True
29,WINNING MOMENT,Sabelli,D,,,False,True
29,WINNING MOMENT,Nicolussi Caviglia,C,6.0,6.0,True,True
29,WINNING MOMENT,Barella,C,7.5,10.5,False,True
29,WINNING MOMENT,Matic,C,6.0,6.0,False,True
29,WINNING MOMENT,Bonazzoli,A,6.5,8.5,False,True
29,WINNING MOMENT,Zambo Anguissa,C,6.0,6.0,False,True
29,WINNING MOMENT,Arena A.,A,,,False,True
29,TIGER REBELS,Svilar,P,5.5,0.5,True,False
29,TIGER REBELS,Terracciano F.,D,5.0,5.0,True,False
29,TIGER REBELS,Miranda J.,D,7.0,9.0,True,False
29,TIGER REBELS,Delprato,D,7.0,10.0,True,False
29,TIGER REBELS,Tiago Gabriel,D,5.5,5.5,True,False
29,TIGER REBELS,Pellegrini Lo.,C,6.0,9.0,True,False
29,TIGER REBELS,McTominay,C,6.0,6.0,True,False
29,TIGER REBELS,Modric,C,6.0,6.0,True,False
29,TIGER REBELS,Zalewski,C,6.0,6.0,True,False
29,TIGER REBELS,Dybala,A,,,False,False
29,TIGER REBELS,De Ketelaere,A,7.5,9.5,True,False
29,TIGER REBELS,Gollini,P,,,False,True
29,TIGER REBELS,Vasquez D.,P,,,False,True
29,TIGER REBELS,Valle,D,5.5,5.5,False,True
29,TIGER REBELS,Pezzella Giu.,D,5.5,5.5,False,True
29,TIGER REBELS,Mina,D,5.5,5.5,False,True
29,TIGER REBELS,Obert,D,5.5,5.5,False,True
29,TIGER REBELS,Lobotka,C,6.0,6.0,False,True
29,TIGER REBELS,Brescianini,C,,,False,True
29,TIGER REBELS,Masini,C,6.0,6.0,False,True
29,TIGER REBELS,El Shaarawy,C,6.0,6.0,False,True
29,TIGER REBELS,Simeone,A,5.5,5.5,True,True
29,TIGER REBELS,Rodriguez Je.,A,,,False,True
29,TIGER REBELS,Durosinmi,A,,,False,True
29,TIGER REBELS,Almqvist,A,,,False,True
29,VENI VIDI VICI,Carnesecchi,P,6.0,7.0,True,False
29,VENI VIDI VICI,Carlos Augusto,D,,,False,False
29,VENI VIDI VICI,Valeri,D,6.5,6.5,True,False
29,VENI VIDI VICI,Kolasinac,D,6.0,6.0,True,False
29,VENI VIDI VICI,Kamara H.,D,6.0,6.0,True,False
29,VENI VIDI VICI,Zaniolo,C,6.0,6.0,True,False
29,VENI VIDI VICI,Rowe,C,7.0,11.0,True,False
29,VENI VIDI VICI,Sorensen O.,C,,,False,False
29,VENI VIDI VICI,Vitinha O.,A,5.0,5.0,True,False
29,VENI VIDI VICI,Esposito F.P.,A,6.0,6.0,True,False
29,VENI VIDI VICI,Thuram,A,7.5,12.5,True,False
29,VENI VIDI VICI,Rossi F.,P,,,False,True
29,VENI VIDI VICI,Sportiello,P,,,False,True
29,VENI VIDI VICI,Pellegrini Lu.,D,,,False,True
29,VENI VIDI VICI,Lazaro,D,,,False,True
29,VENI VIDI VICI,Doig,D,,,False,True
29,VENI VIDI VICI,Rugani,D,,,False,True
29,VENI VIDI VICI,Gaetano,C,6.0,6.0,True,True
29,VENI VIDI VICI,Konè I.,C,6.0,6.0,False,True
29,VENI VIDI VICI,Pierotti,C,5.5,5.5,False,True
29,VENI VIDI VICI,Volpato,C,5.5,5.5,False,True
29,VENI VIDI VICI,Zerbin,C,5.5,5.5,False,True
29,VENI VIDI VICI,Ekuban,A,6.0,6.0,False,True
29,VENI VIDI VICI,Martinez L.,A,7.5,14.5,False,True
29,VENI VIDI VICI,Piccoli,A,5.5,5.5,False,True
29,DARTH VADER,Perin,P,6.0,7.0,True,False
29,DARTH VADER,Buongiorno,D,6.0,5.5,True,False
29,DARTH VADER,Bremer,D,7.0,10.5,True,False
29,DARTH VADER,Celik,D,5.5,5.5,True,False
29,DARTH VADER,Conceicao,C,6.5,7.5,True,False
29,DARTH VADER,Calhanoglu,C,7.5,11.5,True,False
29,DARTH VADER,Zielinski,C,7.0,7.5,True,False
29,DARTH VADER,Saelemaekers,C,6.0,6.0,True,False
29,DARTH VADER,Yildiz,A,6.0,6.0,True,False
29,DARTH VADER,Castro S.,A,6.0,6.0,True,False
29,DARTH VADER,Berardi,A,6.0,6.0,True,False
29,DARTH VADER,Kilicsoy,A,,,False,True
29,DARTH VADER,Fullkrug,A,5.5,5.5,False,True
29,DARTH VADER,Bowie,A,5.5,5.5,False,True
29,DARTH VADER,Perrone,C,5.5,5.0,False,True
29,DARTH VADER,Strefezza,C,6.5,6.0,False,True
29,DARTH VADER,Ederson D.S.,C,7.0,7.0,False,True
29,DARTH VADER,Oristanio,C,,,False,True
29,DARTH VADER,Gutierrez,D,6.0,6.0,False,True
29,DARTH VADER,Gallo,D,,,False,True
29,DARTH VADER,Baschirotto,D,,,False,True
29,DARTH VADER,Bozhinov,D,,,False,True
29,DARTH VADER,Di Gregorio,P,7.0,10.0,False,True
29,DARTH VADER,Pinsoglio,P,,,False,True
29,ETHANANITA,Maignan,P,6.0,5.0,True,False
29,ETHANANITA,Dumfries,D,6.5,6.5,True,False
29,ETHANANITA,Cambiaso,D,6.0,6.0,True,False
29,ETHANANITA,Bartesaghi,D,5.5,5.5,True,False
29,ETHANANITA,Marusic,D,5.5,5.5,True,False
29,ETHANANITA,Politano,C,7.0,10.5,True,False
29,ETHANANITA,Maldini,C,5.5,5.5,True,False
29,ETHANANITA,Baturina,C,6.0,6.0,True,False
29,ETHANANITA,Vlasic,C,5.5,5.5,True,False
29,ETHANANITA,Zapata D.,A,,,False,False
29,ETHANANITA,Dia,A,5.5,5.5,True,False
29,ETHANANITA,Terracciano,P,,,False,True
29,ETHANANITA,Torriani,P,,,False,True
29,ETHANANITA,Estupinan,D,,,False,True
29,ETHANANITA,Dodò,D,,,False,True
29,ETHANANITA,Rrahmani,D,,,False,True
29,ETHANANITA,Wesley,D,,,False,True
29,ETHANANITA,Miretti,C,,,False,True
29,ETHANANITA,Zaragoza,C,,,False,True
29,ETHANANITA,Venturino,C,,,False,True
29,ETHANANITA,Bakola,C,6.5,7.0,False,True
29,ETHANANITA,Davis K.,A,,,False,True
29,ETHANANITA,Gueye,A,6.0,6.0,True,True
29,ETHANANITA,Lukaku,A,,,False,True
29,ETHANANITA,Addai,A,,,False,True
29,BJ EASTONE FC,Butez,P,6.5,7.5,True,False
29,BJ EASTONE FC,Gosens,D,6.0,6.0,True,False
29,BJ EASTONE FC,De Winter,D,5.5,5.5,True,False
29,BJ EASTONE FC,Bisseck,D,,,False,False
29,BJ EASTONE FC,Ramon,D,,,False,False
29,BJ EASTONE FC,Paz N.,C,5.5,5.5,True,False
29,BJ EASTONE FC,Konè M.,C,,,False,False
29,BJ EASTONE FC,Fofana Y.,C,5.5,5.5,True,False
29,BJ EASTONE FC,Luis Henrique,C,,,False,False
29,BJ EASTONE FC,Odgaard,C,,,False,False
29,BJ EASTONE FC,Laurientè,A,5.5,5.5,True,False
29,BJ EASTONE FC,Okoye,P,6.0,7.0,False,True
29,BJ EASTONE FC,Cavlina,P,,,False,True
29,BJ EASTONE FC,Kristensen T.,D,5.5,5.0,True,True
29,BJ EASTONE FC,Smolcic I.,D,5.5,5.0,True,True
29,BJ EASTONE FC,Veiga D.,D,5.5,5.5,False,True
29,BJ EASTONE FC,Odogu,D,,,False,True
29,BJ EASTONE FC,Frattesi,C,,,False,True
29,BJ EASTONE FC,Vergara,C,,,False,True
29,BJ EASTONE FC,Adzic,C,,,False,True
29,BJ EASTONE FC,Ekhator,A,,,False,True
29,BJ EASTONE FC,Ferguson E.,A,,,False,True
29,BJ EASTONE FC,Pinamonti,A,7.0,10.5,False,True
29,BJ EASTONE FC,Buffon L.,A,,,False,True
29,BJ EASTONE FC,Vlahovic,A,,,False,True
30,TIGER REBELS,Svilar,P,6.5,7.5,True,False
30,TIGER REBELS,Terracciano F.,D,5.5,5.0,True,False
30,TIGER REBELS,Miranda J.,D,6.5,6.5,True,False
30,TIGER REBELS,Delprato,D,6.5,6.5,True,False
30,TIGER REBELS,Tiago Gabriel,D,6.0,6.0,True,False
30,TIGER REBELS,Pellegrini Lo.,C,6.5,6.5,True,False
30,TIGER REBELS,McTominay,C,7.0,11.0,True,False
30,TIGER REBELS,Modric,C,6.0,6.0,True,False
30,TIGER REBELS,Zalewski,C,5.5,5.5,True,False
30,TIGER REBELS,Dybala,A,,,False,False
30,TIGER REBELS,De Ketelaere,A,6.5,6.0,True,False
30,TIGER REBELS,Gollini,P,,,False,True
30,TIGER REBELS,Vasquez D.,P,,,False,True
30,TIGER REBELS,Valle,D,6.0,8.5,False,True
30,TIGER REBELS,Pezzella Giu.,D,6.0,6.0,False,True
30,TIGER REBELS,Mina,D,6.0,6.0,False,True
30,TIGER REBELS,Obert,D,6.0,6.0,False,True
30,TIGER REBELS,Lobotka,C,6.5,6.5,False,True
30,TIGER REBELS,Brescianini,C,,,False,True
30,TIGER REBELS,Masini,C,5.5,5.5,False,True
30,TIGER REBELS,El Shaarawy,C,6.0,6.0,False,True
30,TIGER REBELS,Simeone,A,7.0,10.0,True,True
30,TIGER REBELS,Rodriguez Je.,A,,,False,True
30,TIGER REBELS,Durosinmi,A,6.0,6.0,False,True
30,TIGER REBELS,Almqvist,A,,,False,True
30,TEAM ASRSUPERJULIAN,Sommer,P,5.0,2.0,True,False
30,TEAM ASRSUPERJULIAN,Parisi,D,,,False,False
30,TEAM ASRSUPERJULIAN,N'Dicka,D,6.5,7.5,True,False
30,TEAM ASRSUPERJULIAN,Scalvini,D,5.5,5.5,True,False
30,TEAM ASRSUPERJULIAN,Messias,C,7.0,8.0,True,False
30,TEAM ASRSUPERJULIAN,Zaccagni,C,6.0,6.0,True,False
30,TEAM ASRSUPERJULIAN,Orsolini,C,7.0,10.0,True,False
30,TEAM ASRSUPERJULIAN,Pisilli,C,6.0,6.0,True,False
30,TEAM ASRSUPERJULIAN,Malen,A,8.5,18.5,True,False
30,TEAM ASRSUPERJULIAN,Scamacca,A,5.5,5.5,True,False
30,TEAM ASRSUPERJULIAN,Adams C.,A,6.0,6.0,True,False
30,TEAM ASRSUPERJULIAN,Provedel,P,,,False,True
30,TEAM ASRSUPERJULIAN,Martinez Jo.,P,,,False,True
30,TEAM ASRSUPERJULIAN,Solet,D,7.0,7.0,True,True
30,TEAM ASRSUPERJULIAN,Zortea,D,6.0,6.0,False,True
30,TEAM ASRSUPERJULIAN,Floriani Mussolini,D,5.5,5.5,False,True
30,TEAM ASRSUPERJULIAN,Ziolkowski,D,,,False,True
30,TEAM ASRSUPERJULIAN,Gaspar K.,D,,,False,True
30,TEAM ASRSUPERJULIAN,Prati,C,6.0,6.0,False,True
30,TEAM ASRSUPERJULIAN,Gandelman,C,5.5,5.5,False,True
30,TEAM ASRSUPERJULIAN,Berisha M.,C,,,False,True
30,TEAM ASRSUPERJULIAN,Bondo,C,6.0,6.0,False,True
30,TEAM ASRSUPERJULIAN,Diao,A,6.0,5.5,False,True
30,TEAM ASRSUPERJULIAN,Cheddira,A,6.0,6.0,False,True
30,TEAM ASRSUPERJULIAN,Ratkov,A,,,False,True
30,KKK,De Gea,P,7.0,8.0,True,False
30,KKK,Romagnoli,D,6.0,6.0,True,False
30,KKK,Ostigard,D,6.0,6.0,True,False
30,KKK,Muharemovic,D,6.5,6.0,True,False
30,KKK,Palestra,D,6.0,6.0,True,False
30,KKK,Casadei,C,7.0,11.0,True,False
30,KKK,Pulisic,C,5.5,5.5,True,False
30,KKK,Baldanzi,C,7.0,8.0,True,False
30,KKK,Malinovskyi,C,7.0,9.5,True,False
30,KKK,Hojlund,A,6.5,7.5,True,False
30,KKK,Douvikas,A,5.0,5.0,True,False
30,KKK,Falcone,P,6.0,4.0,False,True
30,KKK,Christensen O.,P,,,False,True
30,KKK,Bellanova,D,,,False,True
30,KKK,Bernasconi,D,5.5,5.5,False,True
30,KKK,Djimsiti,D,5.5,5.5,False,True
30,KKK,Vojvoda,D,,,False,True
30,KKK,Ekkelenkamp,C,7.5,11.5,False,True
30,KKK,Atta,C,7.5,10.5,False,True
30,KKK,Locatelli,C,7.0,7.0,False,True
30,KKK,Loftus-Cheek,C,,,False,True
30,KKK,Pedro,A,5.5,5.0,False,True
30,KKK,Boga,A,7.0,11.0,False,True
30,KKK,Kuhn,A,,,False,True
30,KKK,Vardy,A,,,False,True
30,BJ EASTONE FC,Butez,P,5.5,2.5,True,False
30,BJ EASTONE FC,Gosens,D,7.0,11.0,True,False
30,BJ EASTONE FC,De Winter,D,4.5,4.5,True,False
30,BJ EASTONE FC,Bisseck,D,,,False,False
30,BJ EASTONE FC,Ramon,D,5.5,5.0,True,False
30,BJ EASTONE FC,Paz N.,C,7.0,10.0,True,False
30,BJ EASTONE FC,Konè M.,C,,,False,False
30,BJ EASTONE FC,Fofana Y.,C,5.0,5.0,True,False
30,BJ EASTONE FC,Luis Henrique,C,6.0,6.0,True,False
30,BJ EASTONE FC,Odgaard,C,,,False,False
30,BJ EASTONE FC,Laurientè,A,5.5,5.5,True,False
30,BJ EASTONE FC,Okoye,P,7.0,8.0,False,True
30,BJ EASTONE FC,Cavlina,P,,,False,True
30,BJ EASTONE FC,Kristensen T.,D,6.5,6.0,True,True
30,BJ EASTONE FC,Smolcic I.,D,6.0,6.0,False,True
30,BJ EASTONE FC,Veiga D.,D,6.0,6.0,False,True
30,BJ EASTONE FC,Odogu,D,,,False,True
30,BJ EASTONE FC,Frattesi,C,,,False,True
30,BJ EASTONE FC,Vergara,C,,,False,True
30,BJ EASTONE FC,Adzic,C,,,False,True
30,BJ EASTONE FC,Ekhator,A,,,False,True
30,BJ EASTONE FC,Ferguson E.,A,,,False,True
30,BJ EASTONE FC,Pinamonti,A,5.5,5.5,False,True
30,BJ EASTONE FC,Buffon L.,A,,,False,True
30,BJ EASTONE FC,Vlahovic,A,,,False,True
30,BOVE,Skorupski,P,,,False,False
30,BOVE,Dimarco,D,5.0,5.0,True,False
30,BOVE,Pavlovic,D,5.5,5.5,True,False
30,BOVE,Akanji,D,6.5,6.0,True,False
30,BOVE,Rensch,D,6.5,7.5,True,False
30,BOVE,Rabiot,C,5.0,5.0,True,False
30,BOVE,Taylor K.,C,5.5,5.5,True,False
30,BOVE,Bernardeschi,C,6.5,7.5,True,False
30,BOVE,David,A,5.5,5.5,True,False
30,BOVE,Kean,A,,,False,False
30,BOVE,Raspadori,A,6.0,6.0,True,False
30,BOVE,Thorstvedt,C,5.5,5.5,False,True
30,BOVE,Isaksen,C,5.5,5.5,False,True
30,BOVE,Elmas,C,,,False,True
30,BOVE,Gudmundsson A.,C,,,False,True
30,BOVE,Mkhitaryan,C,,,False,True
30,BOVE,Pellegrino M.,A,,,False,True
30,BOVE,Morata,A,,,False,True
30,BOVE,Kulenovic,A,6.0,6.0,True,True
30,BOVE,Ravaglia F.,P,,,False,True
30,BOVE,Bijlow,P,6.0,5.0,True,True
30,BOVE,Olivera,D,6.0,6.0,False,True
30,BOVE,Juan Jesus,D,5.0,5.0,False,True
30,BOVE,Edmundsson,D,5.5,5.0,False,True
30,BOVE,Gabbia,D,,,False,True
30,DARTH VADER,Perin,P,,,False,False
30,DARTH VADER,Gutierrez,D,,,False,False
30,DARTH VADER,Bremer,D,6.5,6.5,True,False
30,DARTH VADER,Celik,D,6.5,6.0,True,False
30,DARTH VADER,Conceicao,C,6.0,6.0,True,False
30,DARTH VADER,Calhanoglu,C,6.5,7.0,True,False
30,DARTH VADER,Zielinski,C,5.5,5.0,True,False
30,DARTH VADER,Perrone,C,6.0,6.0,True,False
30,DARTH VADER,Yildiz,A,6.0,6.0,True,False
30,DARTH VADER,Castro S.,A,6.0,6.0,True,False
30,DARTH VADER,Berardi,A,5.5,4.5,True,False
30,DARTH VADER,Kilicsoy,A,,,False,True
30,DARTH VADER,Fullkrug,A,5.0,5.0,False,True
30,DARTH VADER,Bowie,A,7.0,10.0,False,True
30,DARTH VADER,Saelemaekers,C,5.5,5.5,False,True
30,DARTH VADER,Strefezza,C,7.0,10.0,False,True
30,DARTH VADER,Ederson D.S.,C,6.0,6.0,False,True
30,DARTH VADER,Oristanio,C,,,False,True
30,DARTH VADER,Buongiorno,D,5.5,5.5,True,True
30,DARTH VADER,Vasquez,D,6.5,6.5,False,True
30,DARTH VADER,Gallo,D,6.0,6.0,False,True
30,DARTH VADER,Baschirotto,D,6.0,6.0,False,True
30,DARTH VADER,Bozhinov,D,,,False,True
30,DARTH VADER,Di Gregorio,P,6.5,7.5,True,True
30,DARTH VADER,Pinsoglio,P,,,False,True
30,ETHANANITA,Maignan,P,6.0,3.0,True,False
30,ETHANANITA,Dumfries,D,8.0,15.0,True,False
30,ETHANANITA,Cambiaso,D,5.5,5.0,True,False
30,ETHANANITA,Bartesaghi,D,5.5,3.5,True,False
30,ETHANANITA,Marusic,D,,,False,False
30,ETHANANITA,Politano,C,5.5,5.5,True,False
30,ETHANANITA,Maldini,C,,,False,False
30,ETHANANITA,Baturina,C,5.5,5.5,True,False
30,ETHANANITA,Vlasic,C,6.0,6.0,True,False
30,ETHANANITA,Davis K.,A,7.0,7.0,True,False
30,ETHANANITA,Dia,A,5.5,5.5,True,False
30,ETHANANITA,Terracciano,P,,,False,True
30,ETHANANITA,Torriani,P,,,False,True
30,ETHANANITA,Estupinan,D,,,False,True
30,ETHANANITA,Dodò,D,6.0,5.5,True,True
30,ETHANANITA,Rrahmani,D,,,False,True
30,ETHANANITA,Wesley,D,,,False,True
30,ETHANANITA,Miretti,C,,,False,True
30,ETHANANITA,Zaragoza,C,,,False,True
30,ETHANANITA,Venturino,C,,,False,True
30,ETHANANITA,Bakola,C,,,False,True
30,ETHANANITA,Gueye,A,,,False,True
30,ETHANANITA,Lukaku,A,,,False,True
30,ETHANANITA,Addai,A,,,False,True
30,ETHANANITA,Zapata D.,A,,,False,True
30,WINNING MOMENT,Caprile,P,6.0,7.0,True,False
30,WINNING MOMENT,Spinazzola,D,5.5,5.5,True,False
30,WINNING MOMENT,Tomori,D,,,False,False
30,WINNING MOMENT,Kalulu,D,6.5,6.5,True,False
30,WINNING MOMENT,Pongracic,D,6.0,6.0,True,False
30,WINNING MOMENT,Mandragora,C,5.5,5.5,True,False
30,WINNING MOMENT,Pasalic,C,6.0,6.0,True,False
30,WINNING MOMENT,Sucic P.,C,6.0,5.5,True,False
30,WINNING MOMENT,McKennie,C,,,False,False
30,WINNING MOMENT,Nkunku,A,5.5,5.5,True,False
30,WINNING MOMENT,Bonny,A,5.5,5.0,True,False
30,WINNING MOMENT,Silvestri,P,,,False,True
30,WINNING MOMENT,Leali,P,,,False,True
30,WINNING MOMENT,Mancini,D,,,False,True
30,WINNING MOMENT,Kempf,D,4.5,4.5,True,True
30,WINNING MOMENT,Sabelli,D,6.5,6.5,False,True
30,WINNING MOMENT,Nicolussi Caviglia,C,5.5,5.5,True,True
30,WINNING MOMENT,Barella,C,7.5,9.5,False,True
30,WINNING MOMENT,Matic,C,5.5,5.5,False,True
30,WINNING MOMENT,Bonazzoli,A,5.5,5.5,False,True
30,WINNING MOMENT,Zambo Anguissa,C,5.5,5.5,False,True
30,WINNING MOMENT,Arena A.,A,,,False,True
30,VENI VIDI VICI,Carnesecchi,P,5.5,4.5,True,False
30,VENI VIDI VICI,Kamara H.,D,6.0,6.0,True,False
30,VENI VIDI VICI,Valeri,D,6.5,6.5,True,False
30,VENI VIDI VICI,Kolasinac,D,5.5,5.5,True,False
30,VENI VIDI VICI,Zaniolo,C,7.5,8.5,True,False
30,VENI VIDI VICI,Volpato,C,5.5,5.5,True,False
30,VENI VIDI VICI,Konè I.,C,7.0,10.0,True,False
30,VENI VIDI VICI,Gaetano,C,6.0,6.0,True,False
30,VENI VIDI VICI,Vitinha O.,A,6.0,6.0,True,False
30,VENI VIDI VICI,Esposito F.P.,A,5.5,5.5,True,False
30,VENI VIDI VICI,Thuram,A,7.5,13.5,True,False
30,VENI VIDI VICI,Rossi F.,P,,,False,True
30,VENI VIDI VICI,Sportiello,P,,,False,True
30,VENI VIDI VICI,Pellegrini Lu.,D,,,False,True
30,VENI VIDI VICI,Lazaro,D,,,False,True
30,VENI VIDI VICI,Doig,D,5.5,5.0,False,True
30,VENI VIDI VICI,Rugani,D,6.0,5.5,False,True
30,VENI VIDI VICI,Pierotti,C,5.5,5.5,False,True
30,VENI VIDI VICI,Zerbin,C,,,False,True
30,VENI VIDI VICI,Martinez L.,A,,,False,True
30,VENI VIDI VICI,Ekuban,A,7.0,11.0,False,True
30,VENI VIDI VICI,Piccoli,A,5.5,5.0,False,True
30,VENI VIDI VICI,Carlos Augusto,D,6.0,5.5,False,True
30,VENI VIDI VICI,Rowe,C,6.0,6.0,False,True
30,VENI VIDI VICI,Sorensen O.,C,5.5,5.5,False,True
30,FANTA GPT,Milinkovic-Savic V.,P,6.0,5.0,True,False
30,FANTA GPT,Martin,D,6.5,6.5,True,False
30,FANTA GPT,Luperto,D,6.0,6.0,True,False
30,FANTA GPT,Kelly L.,D,6.0,6.0,True,False
30,FANTA GPT,Zappacosta,D,5.5,5.5,True,False
30,FANTA GPT,Thuram K.,C,5.5,5.0,True,False
30,FANTA GPT,Cristante,C,6.5,6.5,True,False
30,FANTA GPT,Bernabè,C,6.0,6.0,True,False
30,FANTA GPT,Leao,A,4.5,4.0,True,False
30,FANTA GPT,Esposito Se.,A,7.0,11.0,True,False
30,FANTA GPT,Colombo,A,6.5,6.5,True,False
30,FANTA GPT,Meret,P,,,False,True
30,FANTA GPT,Contini,P,,,False,True
30,FANTA GPT,Gatti,D,6.0,6.0,False,True
30,FANTA GPT,Norton-Cuffy,D,,,False,True
30,FANTA GPT,Hermoso,D,6.0,6.0,False,True
30,FANTA GPT,Gila,D,,,False,True
30,FANTA GPT,Santos A.,C,6.0,6.0,False,True
30,FANTA GPT,Tramoni M.,C,6.0,6.0,False,True
30,FANTA GPT,Koopmeiners,C,6.0,6.0,False,True
30,FANTA GPT,Caqueret,C,,,False,True
30,FANTA GPT,Diouf,C,,,False,True
30,FANTA GPT,Krstovic,A,6.0,6.0,False,True
30,FANTA GPT,Solomon,A,,,False,True
30,FANTA GPT,Openda,A,,,False,True
31,TIGER REBELS,Svilar,P,6.5,5.5,True,False
31,TIGER REBELS,Terracciano F.,D,6.0,6.0,True,False
31,TIGER REBELS,Miranda J.,D,5.5,5.5,True,False
31,TIGER REBELS,Delprato,D,6.0,6.0,True,False
31,TIGER REBELS,Tiago Gabriel,D,7.0,10.5,True,False
31,TIGER REBELS,Pellegrini Lo.,C,,,False,False
31,TIGER REBELS,McTominay,C,5.5,5.5,True,False
31,TIGER REBELS,Modric,C,6.5,6.5,True,False
31,TIGER REBELS,Zalewski,C,6.0,6.0,True,False
31,TIGER REBELS,Dybala,A,,,False,False
31,TIGER REBELS,De Ketelaere,A,6.0,6.0,True,False
31,TIGER REBELS,Gollini,P,,,False,True
31,TIGER REBELS,Vasquez D.,P,,,False,True
31,TIGER REBELS,Valle,D,,,False,True
31,TIGER REBELS,Pezzella Giu.,D,6.0,6.0,False,True
31,TIGER REBELS,Mina,D,5.0,5.0,False,True
31,TIGER REBELS,Obert,D,6.0,6.0,False,True
31,TIGER REBELS,Lobotka,C,5.0,4.5,True,True
31,TIGER REBELS,Brescianini,C,,,False,True
31,TIGER REBELS,Masini,C,6.5,6.5,False,True
31,TIGER REBELS,El Shaarawy,C,6.0,6.0,False,True
31,TIGER REBELS,Simeone,A,5.5,5.5,True,True
31,TIGER REBELS,Rodriguez Je.,A,6.0,6.0,False,True
31,TIGER REBELS,Durosinmi,A,5.5,5.5,False,True
31,TIGER REBELS,Almqvist,A,,,False,True
31,BOVE,Bijlow,P,6.5,5.5,True,False
31,BOVE,Dimarco,D,6.5,7.5,True,False
31,BOVE,Pavlovic,D,6.5,6.5,True,False
31,BOVE,Akanji,D,6.5,6.5,True,False
31,BOVE,Rensch,D,6.5,7.5,True,False
31,BOVE,Rabiot,C,7.0,11.0,True,False
31,BOVE,Gudmundsson A.,C,5.5,5.5,True,False
31,BOVE,Mkhitaryan,C,6.0,6.0,True,False
31,BOVE,Morata,A,5.0,4.5,True,False
31,BOVE,Kean,A,,,False,False
31,BOVE,Raspadori,A,6.0,6.0,True,False
31,BOVE,Taylor K.,C,6.5,7.0,False,True
31,BOVE,Bernardeschi,C,,,False,True
31,BOVE,Isaksen,C,,,False,True
31,BOVE,Thorstvedt,C,6.5,6.0,False,True
31,BOVE,Elmas,C,5.5,5.5,False,True
31,BOVE,Pellegrino M.,A,6.0,6.0,True,True
31,BOVE,David,A,7.0,11.0,False,True
31,BOVE,Kulenovic,A,,,False,True
31,BOVE,Ravaglia F.,P,6.0,4.0,False,True
31,BOVE,Skorupski,P,,,False,True
31,BOVE,Olivera,D,5.0,5.0,False,True
31,BOVE,Juan Jesus,D,,,False,True
31,BOVE,Edmundsson,D,5.5,5.5,False,True
31,BOVE,Gabbia,D,7.0,7.0,False,True
31,DARTH VADER,Perin,P,,,False,False
31,DARTH VADER,Gutierrez,D,6.0,6.0,True,False
31,DARTH VADER,Bremer,D,6.5,6.5,True,False
31,DARTH VADER,Vasquez,D,6.0,6.0,True,False
31,DARTH VADER,Conceicao,C,6.0,6.0,True,False
31,DARTH VADER,Calhanoglu,C,6.0,6.0,True,False
31,DARTH VADER,Zielinski,C,6.5,9.5,True,False
31,DARTH VADER,Perrone,C,6.0,6.0,True,False
31,DARTH VADER,Saelemaekers,C,6.0,6.0,True,False
31,DARTH VADER,Yildiz,A,6.0,6.0,True,False
31,DARTH VADER,Castro S.,A,5.0,5.0,True,False
31,DARTH VADER,Kilicsoy,A,,,False,True
31,DARTH VADER,Fullkrug,A,,,False,True
31,DARTH VADER,Bowie,A,,,False,True
31,DARTH VADER,Berardi,A,,,False,True
31,DARTH VADER,Strefezza,C,6.5,7.5,False,True
31,DARTH VADER,Ederson D.S.,C,6.5,6.0,False,True
31,DARTH VADER,Oristanio,C,,,False,True
31,DARTH VADER,Celik,D,6.0,6.0,False,True
31,DARTH VADER,Buongiorno,D,4.5,4.5,False,True
31,DARTH VADER,Gallo,D,6.0,7.0,False,True
31,DARTH VADER,Baschirotto,D,6.5,6.5,False,True
31,DARTH VADER,Bozhinov,D,,,False,True
31,DARTH VADER,Di Gregorio,P,6.0,7.0,True,True
31,DARTH VADER,Pinsoglio,P,,,False,True
31,TEAM ASRSUPERJULIAN,Sommer,P,,,False,False
31,TEAM ASRSUPERJULIAN,Parisi,D,,,False,False
31,TEAM ASRSUPERJULIAN,N'Dicka,D,6.0,6.0,True,False
31,TEAM ASRSUPERJULIAN,Scalvini,D,6.0,6.0,True,False
31,TEAM ASRSUPERJULIAN,Messias,C,6.0,6.0,True,False
31,TEAM ASRSUPERJULIAN,Zaccagni,C,5.0,3.0,True,False
31,TEAM ASRSUPERJULIAN,Orsolini,C,6.0,6.0,True,False
31,TEAM ASRSUPERJULIAN,Gandelman,C,6.0,6.0,True,False
31,TEAM ASRSUPERJULIAN,Malen,A,6.0,6.0,True,False
31,TEAM ASRSUPERJULIAN,Scamacca,A,,,False,False
31,TEAM ASRSUPERJULIAN,Adams C.,A,5.5,5.5,True,False
31,TEAM ASRSUPERJULIAN,Provedel,P,,,False,True
31,TEAM ASRSUPERJULIAN,Martinez Jo.,P,6.0,7.0,True,True
31,TEAM ASRSUPERJULIAN,Solet,D,6.0,6.0,True,True
31,TEAM ASRSUPERJULIAN,Zortea,D,6.0,6.0,False,True
31,TEAM ASRSUPERJULIAN,Floriani Mussolini,D,6.0,6.0,False,True
31,TEAM ASRSUPERJULIAN,Ziolkowski,D,,,False,True
31,TEAM ASRSUPERJULIAN,Gaspar K.,D,,,False,True
31,TEAM ASRSUPERJULIAN,Prati,C,,,False,True
31,TEAM ASRSUPERJULIAN,Pisilli,C,5.5,5.0,False,True
31,TEAM ASRSUPERJULIAN,Berisha M.,C,,,False,True
31,TEAM ASRSUPERJULIAN,Bondo,C,6.0,6.0,False,True
31,TEAM ASRSUPERJULIAN,Diao,A,5.0,5.0,True,True
31,TEAM ASRSUPERJULIAN,Cheddira,A,5.0,5.0,False,True
31,TEAM ASRSUPERJULIAN,Ratkov,A,,,False,True
31,BJ EASTONE FC,Butez,P,5.5,3.5,True,False
31,BJ EASTONE FC,Gosens,D,,,False,False
31,BJ EASTONE FC,De Winter,D,,,False,False
31,BJ EASTONE FC,Bisseck,D,,,False,False
31,BJ EASTONE FC,Ramon,D,5.5,5.0,True,False
31,BJ EASTONE FC,Paz N.,C,7.0,10.0,True,False
31,BJ EASTONE FC,Konè M.,C,,,False,False
31,BJ EASTONE FC,Fofana Y.,C,5.5,5.5,True,False
31,BJ EASTONE FC,Luis Henrique,C,6.0,6.0,True,False
31,BJ EASTONE FC,Odgaard,C,,,False,False
31,BJ EASTONE FC,Laurientè,A,7.0,8.0,True,False
31,BJ EASTONE FC,Okoye,P,5.5,4.5,False,True
31,BJ EASTONE FC,Cavlina,P,,,False,True
31,BJ EASTONE FC,Kristensen T.,D,6.0,6.0,True,True
31,BJ EASTONE FC,Smolcic I.,D,6.0,7.0,True,True
31,BJ EASTONE FC,Veiga D.,D,6.0,6.0,True,True
31,BJ EASTONE FC,Odogu,D,,,False,True
31,BJ EASTONE FC,Frattesi,C,,,False,True
31,BJ EASTONE FC,Vergara,C,,,False,True
31,BJ EASTONE FC,Adzic,C,,,False,True
31,BJ EASTONE FC,Ekhator,A,7.0,10.0,False,True
31,BJ EASTONE FC,Ferguson E.,A,,,False,True
31,BJ EASTONE FC,Pinamonti,A,,,False,True
31,BJ EASTONE FC,Buffon L.,A,,,False,True
31,BJ EASTONE FC,Vlahovic,A,,,False,True
31,VENI VIDI VICI,Carnesecchi,P,7.0,6.0,True,False
31,VENI VIDI VICI,Kamara H.,D,5.5,5.5,True,False
31,VENI VIDI VICI,Valeri,D,6.0,6.0,True,False
31,VENI VIDI VICI,Kolasinac,D,6.0,6.0,True,False
31,VENI VIDI VICI,Carlos Augusto,D,6.0,6.0,True,False
31,VENI VIDI VICI,Zaniolo,C,6.0,5.5,True,False
31,VENI VIDI VICI,Volpato,C,7.0,9.5,True,False
31,VENI VIDI VICI,Rowe,C,5.5,5.5,True,False
31,VENI VIDI VICI,Vitinha O.,A,,,False,False
31,VENI VIDI VICI,Esposito F.P.,A,6.5,6.5,True,False
31,VENI VIDI VICI,Thuram,A,7.0,11.0,True,False
31,VENI VIDI VICI,Rossi F.,P,,,False,True
31,VENI VIDI VICI,Sportiello,P,,,False,True
31,VENI VIDI VICI,Pellegrini Lu.,D,,,False,True
31,VENI VIDI VICI,Lazaro,D,,,False,True
31,VENI VIDI VICI,Doig,D,,,False,True
31,VENI VIDI VICI,Rugani,D,,,False,True
31,VENI VIDI VICI,Gaetano,C,6.0,6.0,False,True
31,VENI VIDI VICI,Konè I.,C,6.0,5.5,False,True
31,VENI VIDI VICI,Pierotti,C,5.0,4.5,False,True
31,VENI VIDI VICI,Zerbin,C,5.5,5.5,False,True
31,VENI VIDI VICI,Sorensen O.,C,,,False,True
31,VENI VIDI VICI,Martinez L.,A,,,False,True
31,VENI VIDI VICI,Ekuban,A,,,False,True
31,VENI VIDI VICI,Piccoli,A,5.5,5.5,True,True
31,FANTA GPT,Milinkovic-Savic V.,P,7.0,7.0,True,False
31,FANTA GPT,Martin,D,6.0,6.0,True,False
31,FANTA GPT,Luperto,D,6.5,6.5,True,False
31,FANTA GPT,Kelly L.,D,6.5,6.5,True,False
31,FANTA GPT,Zappacosta,D,6.0,6.0,True,False
31,FANTA GPT,Thuram K.,C,7.0,10.0,True,False
31,FANTA GPT,Cristante,C,6.0,6.0,True,False
31,FANTA GPT,Bernabè,C,6.0,6.0,True,False
31,FANTA GPT,Leao,A,6.0,7.0,True,False
31,FANTA GPT,Krstovic,A,7.0,10.0,True,False
31,FANTA GPT,Colombo,A,7.0,10.0,True,False
31,FANTA GPT,Meret,P,,,False,True
31,FANTA GPT,Contini,P,,,False,True
31,FANTA GPT,Gatti,D,,,False,True
31,FANTA GPT,Norton-Cuffy,D,,,False,True
31,FANTA GPT,Hermoso,D,7.0,11.0,False,True
31,FANTA GPT,Gila,D,7.0,7.0,False,True
31,FANTA GPT,Santos A.,C,6.0,6.0,False,True
31,FANTA GPT,Tramoni M.,C,5.5,5.5,False,True
31,FANTA GPT,Koopmeiners,C,,,False,True
31,FANTA GPT,Caqueret,C,5.5,5.5,False,True
31,FANTA GPT,Diouf,C,,,False,True
31,FANTA GPT,Solomon,A,5.0,4.5,False,True
31,FANTA GPT,Esposito Se.,A,6.0,5.5,False,True
31,FANTA GPT,Openda,A,,,False,True
31,ETHANANITA,Maignan,P,6.5,7.5,True,False
31,ETHANANITA,Dumfries,D,6.5,7.5,True,False
31,ETHANANITA,Cambiaso,D,6.0,6.0,True,False
31,ETHANANITA,Bartesaghi,D,6.0,6.0,True,False
31,ETHANANITA,Dodò,D,6.0,6.0,True,False
31,ETHANANITA,Politano,C,5.5,5.5,True,False
31,ETHANANITA,Miretti,C,,,False,False
31,ETHANANITA,Baturina,C,5.5,5.5,True,False
31,ETHANANITA,Vlasic,C,5.5,5.5,True,False
31,ETHANANITA,Gueye,A,6.0,6.0,True,False
31,ETHANANITA,Dia,A,6.0,5.5,True,False
31,ETHANANITA,Terracciano,P,,,False,True
31,ETHANANITA,Torriani,P,,,False,True
31,ETHANANITA,Wesley,D,,,False,True
31,ETHANANITA,Estupinan,D,,,False,True
31,ETHANANITA,Rrahmani,D,,,False,True
31,ETHANANITA,Marusic,D,,,False,True
31,ETHANANITA,Bakola,C,,,False,True
31,ETHANANITA,Venturino,C,6.0,6.0,True,True
31,ETHANANITA,Zaragoza,C,,,False,True
31,ETHANANITA,Davis K.,A,,,False,True
31,ETHANANITA,Addai,A,,,False,True
31,ETHANANITA,Lukaku,A,,,False,True
31,ETHANANITA,Zapata D.,A,,,False,True
31,ETHANANITA,Maldini,C,,,False,True
31,WINNING MOMENT,Caprile,P,6.0,3.0,True,False
31,WINNING MOMENT,Spinazzola,D,5.0,5.0,True,False
31,WINNING MOMENT,Tomori,D,6.0,6.0,True,False
31,WINNING MOMENT,Kalulu,D,6.5,7.5,True,False
31,WINNING MOMENT,Pongracic,D,6.5,6.0,True,False
31,WINNING MOMENT,Mandragora,C,6.0,7.0,True,False
31,WINNING MOMENT,Pasalic,C,,,False,False
31,WINNING MOMENT,Sucic P.,C,,,False,False
31,WINNING MOMENT,McKennie,C,7.0,8.0,True,False
31,WINNING MOMENT,Nkunku,A,,,False,False
31,WINNING MOMENT,Bonny,A,6.5,6.5,True,False
31,WINNING MOMENT,Silvestri,P,,,False,True
31,WINNING MOMENT,Leali,P,,,False,True
31,WINNING MOMENT,Mancini,D,6.0,6.0,False,True
31,WINNING MOMENT,Kempf,D,5.0,5.0,False,True
31,WINNING MOMENT,Sabelli,D,5.5,5.5,False,True
31,WINNING MOMENT,Nicolussi Caviglia,C,6.0,6.0,True,True
31,WINNING MOMENT,Barella,C,7.5,10.5,True,True
31,WINNING MOMENT,Matic,C,6.0,6.0,False,True
31,WINNING MOMENT,Bonazzoli,A,6.5,6.5,True,True
31,WINNING MOMENT,Zambo Anguissa,C,5.5,5.5,False,True
31,WINNING MOMENT,Arena A.,A,,,False,True
31,KKK,De Gea,P,6.5,5.5,True,False
31,KKK,Vojvoda,D,5.5,5.5,True,False
31,KKK,Ostigard,D,6.5,6.0,True,False
31,KKK,Palestra,D,6.0,6.0,True,False
31,KKK,Casadei,C,5.5,5.5,True,False
31,KKK,Atta,C,6.0,6.0,True,False
31,KKK,Baldanzi,C,7.0,8.0,True,False
31,KKK,Pulisic,C,5.5,5.5,True,False
31,KKK,Hojlund,A,5.0,5.0,True,False
31,KKK,Douvikas,A,5.5,5.5,True,False
31,KKK,Boga,A,6.5,6.5,True,False
31,KKK,Falcone,P,6.0,5.0,False,True
31,KKK,Christensen O.,P,,,False,True
31,KKK,Bernasconi,D,6.0,6.0,False,True
31,KKK,Romagnoli,D,6.5,6.5,False,True
31,KKK,Muharemovic,D,6.5,6.5,False,True
31,KKK,Bellanova,D,5.5,5.5,False,True
31,KKK,Djimsiti,D,6.5,6.0,False,True
31,KKK,Ekkelenkamp,C,5.5,5.5,False,True
31,KKK,Locatelli,C,6.5,6.0,False,True
31,KKK,Loftus-Cheek,C,,,False,True
31,KKK,Pedro,A,,,False,True
31,KKK,Kuhn,A,5.5,5.5,False,True
31,KKK,Vardy,A,,,False,True
31,KKK,Malinovskyi,C,,,False,True
32,BJ EASTONE FC,Butez,P,5.5,6.5,True,False
32,BJ EASTONE FC,Gosens,D,,,False,False
32,BJ EASTONE FC,De Winter,D,,,False,False
32,BJ EASTONE FC,Bisseck,D,7.0,10.0,True,False
32,BJ EASTONE FC,Ramon,D,6.0,6.0,True,False
32,BJ EASTONE FC,Paz N.,C,6.5,6.5,True,False
32,BJ EASTONE FC,Konè M.,C,,,False,False
32,BJ EASTONE FC,Fofana Y.,C,6.0,6.0,True,False
32,BJ EASTONE FC,Luis Henrique,C,,,False,False
32,BJ EASTONE FC,Odgaard,C,5.5,5.5,True,False
32,BJ EASTONE FC,Laurientè,A,6.0,5.5,True,False
32,BJ EASTONE FC,Okoye,P,6.0,3.0,False,True
32,BJ EASTONE FC,Cavlina,P,,,False,True
32,BJ EASTONE FC,Kristensen T.,D,5.5,5.5,True,True
32,BJ EASTONE FC,Smolcic I.,D,6.0,6.0,True,True
32,BJ EASTONE FC,Veiga D.,D,6.0,5.5,False,True
32,BJ EASTONE FC,Odogu,D,,,False,True
32,BJ EASTONE FC,Frattesi,C,,,False,True
32,BJ EASTONE FC,Vergara,C,,,False,True
32,BJ EASTONE FC,Adzic,C,,,False,True
32,BJ EASTONE FC,Ekhator,A,6.0,6.0,False,True
32,BJ EASTONE FC,Ferguson E.,A,,,False,True
32,BJ EASTONE FC,Pinamonti,A,5.5,5.5,False,True
32,BJ EASTONE FC,Buffon L.,A,,,False,True
32,BJ EASTONE FC,Vlahovic,A,,,False,True
32,TIGER REBELS,Svilar,P,6.5,7.5,True,False
32,TIGER REBELS,Terracciano F.,D,5.0,3.0,True,False
32,TIGER REBELS,Miranda J.,D,5.0,5.0,True,False
32,TIGER REBELS,Delprato,D,6.0,6.0,True,False
32,TIGER REBELS,Tiago Gabriel,D,,,False,False
32,TIGER REBELS,Pellegrini Lo.,C,,,False,False
32,TIGER REBELS,McTominay,C,7.5,9.5,True,False
32,TIGER REBELS,Modric,C,6.0,6.0,True,False
32,TIGER REBELS,Zalewski,C,5.5,5.5,True,False
32,TIGER REBELS,Dybala,A,,,False,False
32,TIGER REBELS,De Ketelaere,A,5.5,5.5,True,False
32,TIGER REBELS,Gollini,P,,,False,True
32,TIGER REBELS,Vasquez D.,P,,,False,True
32,TIGER REBELS,Valle,D,6.5,6.5,True,True
32,TIGER REBELS,Pezzella Giu.,D,5.0,5.0,False,True
32,TIGER REBELS,Mina,D,6.0,6.0,False,True
32,TIGER REBELS,Obert,D,5.5,5.5,False,True
32,TIGER REBELS,Lobotka,C,6.0,6.0,True,True
32,TIGER REBELS,Brescianini,C,,,False,True
32,TIGER REBELS,Masini,C,,,False,True
32,TIGER REBELS,El Shaarawy,C,,,False,True
32,TIGER REBELS,Simeone,A,7.0,10.0,True,True
32,TIGER REBELS,Rodriguez Je.,A,,,False,True
32,TIGER REBELS,Durosinmi,A,,,False,True
32,TIGER REBELS,Almqvist,A,,,False,True
32,BOVE,Ravaglia F.,P,6.0,4.0,True,False
32,BOVE,Dimarco,D,7.0,9.0,True,False
32,BOVE,Pavlovic,D,6.5,6.5,True,False
32,BOVE,Akanji,D,6.0,6.0,True,False
32,BOVE,Rensch,D,6.0,5.5,True,False
32,BOVE,Rabiot,C,6.5,6.5,True,False
32,BOVE,Gudmundsson A.,C,5.5,5.5,True,False
32,BOVE,Taylor K.,C,6.0,6.0,True,False
32,BOVE,Pellegrino M.,A,6.0,6.0,True,False
32,BOVE,Raspadori,A,5.0,5.0,True,False
32,BOVE,David,A,6.0,6.0,True,False
32,BOVE,Isaksen,C,6.5,6.5,False,True
32,BOVE,Thorstvedt,C,6.0,6.0,False,True
32,BOVE,Mkhitaryan,C,,,False,True
32,BOVE,Elmas,C,,,False,True
32,BOVE,Bernardeschi,C,,,False,True
32,BOVE,Bijlow,P,6.0,5.0,False,True
32,BOVE,Skorupski,P,,,False,True
32,BOVE,Olivera,D,6.5,6.5,False,True
32,BOVE,Juan Jesus,D,,,False,True
32,BOVE,Edmundsson,D,6.5,6.5,False,True
32,BOVE,Gabbia,D,6.0,6.0,False,True
32,BOVE,Kean,A,,,False,True
32,BOVE,Morata,A,,,False,True
32,BOVE,Kulenovic,A,,,False,True
32,WINNING MOMENT,Caprile,P,6.5,4.5,True,False
32,WINNING MOMENT,Spinazzola,D,,,False,False
32,WINNING MOMENT,Tomori,D,6.5,6.5,True,False
32,WINNING MOMENT,Kalulu,D,6.5,6.5,True,False
32,WINNING MOMENT,Pongracic,D,,,False,False
32,WINNING MOMENT,Mandragora,C,5.5,5.0,True,False
32,WINNING MOMENT,Pasalic,C,6.0,6.0,True,False
32,WINNING MOMENT,Sucic P.,C,6.5,6.5,True,False
32,WINNING MOMENT,McKennie,C,6.0,6.0,True,False
32,WINNING MOMENT,Nkunku,A,,,False,False
32,WINNING MOMENT,Bonny,A,5.5,5.5,True,False
32,WINNING MOMENT,Silvestri,P,,,False,True
32,WINNING MOMENT,Leali,P,6.0,5.0,False,True
32,WINNING MOMENT,Mancini,D,6.5,6.5,True,True
32,WINNING MOMENT,Kempf,D,6.5,6.0,True,True
32,WINNING MOMENT,Sabelli,D,5.5,5.5,False,True
32,WINNING MOMENT,Nicolussi Caviglia,C,6.5,6.5,False,True
32,WINNING MOMENT,Barella,C,5.5,5.0,False,True
32,WINNING MOMENT,Matic,C,6.0,6.0,False,True
32,WINNING MOMENT,Bonazzoli,A,5.5,5.5,True,True
32,WINNING MOMENT,Zambo Anguissa,C,,,False,True
32,WINNING MOMENT,Arena A.,A,,,False,True
32,VENI VIDI VICI,Carnesecchi,P,6.0,3.0,True,False
32,VENI VIDI VICI,Kamara H.,D,5.5,5.5,True,False
32,VENI VIDI VICI,Valeri,D,6.5,6.5,True,False
32,VENI VIDI VICI,Kolasinac,D,5.5,5.5,True,False
32,VENI VIDI VICI,Carlos Augusto,D,5.0,5.0,True,False
32,VENI VIDI VICI,Zaniolo,C,6.0,6.0,True,False
32,VENI VIDI VICI,Volpato,C,6.0,6.0,True,False
32,VENI VIDI VICI,Rowe,C,6.0,6.0,True,False
32,VENI VIDI VICI,Piccoli,A,,,False,False
32,VENI VIDI VICI,Esposito F.P.,A,5.5,5.5,True,False
32,VENI VIDI VICI,Thuram,A,7.0,10.0,True,False
32,VENI VIDI VICI,Rossi F.,P,,,False,True
32,VENI VIDI VICI,Sportiello,P,,,False,True
32,VENI VIDI VICI,Pellegrini Lu.,D,7.0,9.5,False,True
32,VENI VIDI VICI,Lazaro,D,5.5,5.5,False,True
32,VENI VIDI VICI,Doig,D,,,False,True
32,VENI VIDI VICI,Rugani,D,6.0,6.0,False,True
32,VENI VIDI VICI,Gaetano,C,7.0,7.0,False,True
32,VENI VIDI VICI,Konè I.,C,6.0,6.0,False,True
32,VENI VIDI VICI,Pierotti,C,5.5,5.5,False,True
32,VENI VIDI VICI,Zerbin,C,5.5,5.5,False,True
32,VENI VIDI VICI,Sorensen O.,C,6.5,7.5,False,True
32,VENI VIDI VICI,Martinez L.,A,,,False,True
32,VENI VIDI VICI,Ekuban,A,,,False,True
32,VENI VIDI VICI,Vitinha O.,A,5.5,5.5,True,True
32,ETHANANITA,Maignan,P,6.0,7.0,True,False
32,ETHANANITA,Dumfries,D,,,False,False
32,ETHANANITA,Cambiaso,D,5.5,5.0,True,False
32,ETHANANITA,Bartesaghi,D,5.5,5.0,True,False
32,ETHANANITA,Dodò,D,6.0,6.0,True,False
32,ETHANANITA,Wesley,D,7.0,7.0,True,False
32,ETHANANITA,Politano,C,6.5,6.5,True,False
32,ETHANANITA,Miretti,C,,,False,False
32,ETHANANITA,Baturina,C,7.0,7.0,True,False
32,ETHANANITA,Vlasic,C,6.5,9.5,True,False
32,ETHANANITA,Dia,A,5.0,5.0,True,False
32,ETHANANITA,Terracciano,P,,,False,True
32,ETHANANITA,Torriani,P,,,False,True
32,ETHANANITA,Rrahmani,D,6.5,6.5,True,True
32,ETHANANITA,Marusic,D,,,False,True
32,ETHANANITA,Estupinan,D,5.5,5.0,False,True
32,ETHANANITA,Venturino,C,,,False,True
32,ETHANANITA,Zaragoza,C,,,False,True
32,ETHANANITA,Maldini,C,7.0,11.0,True,True
32,ETHANANITA,Bakola,C,,,False,True
32,ETHANANITA,Gueye,A,5.5,5.5,False,True
32,ETHANANITA,Zapata D.,A,6.5,6.5,False,True
32,ETHANANITA,Davis K.,A,,,False,True
32,ETHANANITA,Lukaku,A,,,False,True
32,ETHANANITA,Addai,A,,,False,True
32,DARTH VADER,Perin,P,,,False,False
32,DARTH VADER,Celik,D,6.0,6.0,True,False
32,DARTH VADER,Bremer,D,6.5,6.5,True,False
32,DARTH VADER,Gutierrez,D,6.5,6.5,True,False
32,DARTH VADER,Conceicao,C,6.5,6.5,True,False
32,DARTH VADER,Calhanoglu,C,,,False,False
32,DARTH VADER,Zielinski,C,5.5,5.5,True,False
32,DARTH VADER,Perrone,C,6.0,6.0,True,False
32,DARTH VADER,Strefezza,C,6.0,6.0,True,False
32,DARTH VADER,Yildiz,A,,,False,False
32,DARTH VADER,Castro S.,A,5.5,5.5,True,False
32,DARTH VADER,Kilicsoy,A,,,False,True
32,DARTH VADER,Fullkrug,A,6.0,6.0,True,True
32,DARTH VADER,Bowie,A,5.5,5.5,False,True
32,DARTH VADER,Berardi,A,,,False,True
32,DARTH VADER,Oristanio,C,,,False,True
32,DARTH VADER,Saelemaekers,C,6.5,6.5,True,True
32,DARTH VADER,Ederson D.S.,C,6.0,6.0,False,True
32,DARTH VADER,Vasquez,D,5.5,5.5,False,True
32,DARTH VADER,Gallo,D,6.0,6.0,False,True
32,DARTH VADER,Buongiorno,D,6.0,6.0,False,True
32,DARTH VADER,Baschirotto,D,5.0,5.0,False,True
32,DARTH VADER,Bozhinov,D,6.5,6.5,False,True
32,DARTH VADER,Di Gregorio,P,6.0,7.0,True,True
32,DARTH VADER,Pinsoglio,P,,,False,True
32,KKK,De Gea,P,6.0,7.0,True,False
32,KKK,Bellanova,D,5.5,5.5,True,False
32,KKK,Romagnoli,D,6.5,6.5,True,False
32,KKK,Palestra,D,6.0,6.0,True,False
32,KKK,Pulisic,C,5.5,5.5,True,False
32,KKK,Atta,C,8.0,14.0,True,False
32,KKK,Baldanzi,C,,,False,False
32,KKK,Ekkelenkamp,C,6.5,7.5,True,False
32,KKK,Hojlund,A,7.0,7.0,True,False
32,KKK,Douvikas,A,7.0,11.0,True,False
32,KKK,Boga,A,5.0,4.5,True,False
32,KKK,Falcone,P,6.5,7.5,False,True
32,KKK,Christensen O.,P,,,False,True
32,KKK,Bernasconi,D,,,False,True
32,KKK,Djimsiti,D,5.0,5.0,False,True
32,KKK,Ostigard,D,6.0,6.0,False,True
32,KKK,Muharemovic,D,6.0,6.0,False,True
32,KKK,Malinovskyi,C,5.5,5.5,True,True
32,KKK,Locatelli,C,6.0,5.5,False,True
32,KKK,Loftus-Cheek,C,,,False,True
32,KKK,Casadei,C,6.0,6.0,False,True
32,KKK,Pedro,A,7.5,11.5,False,True
32,KKK,Kuhn,A,,,False,True
32,KKK,Vardy,A,,,False,True
32,KKK,Vojvoda,D,,,False,True
32,TEAM ASRSUPERJULIAN,Sommer,P,6.0,4.0,True,False
32,TEAM ASRSUPERJULIAN,Solet,D,5.0,5.0,True,False
32,TEAM ASRSUPERJULIAN,N'Dicka,D,6.0,6.0,True,False
32,TEAM ASRSUPERJULIAN,Scalvini,D,5.5,6.5,True,False
32,TEAM ASRSUPERJULIAN,Messias,C,6.0,5.5,True,False
32,TEAM ASRSUPERJULIAN,Zaccagni,C,,,False,False
32,TEAM ASRSUPERJULIAN,Orsolini,C,6.0,6.0,True,False
32,TEAM ASRSUPERJULIAN,Gandelman,C,5.5,5.5,True,False
32,TEAM ASRSUPERJULIAN,Malen,A,7.5,12.5,True,False
32,TEAM ASRSUPERJULIAN,Scamacca,A,7.5,13.5,True,False
32,TEAM ASRSUPERJULIAN,Diao,A,6.5,9.0,True,False
32,TEAM ASRSUPERJULIAN,Provedel,P,,,False,True
32,TEAM ASRSUPERJULIAN,Martinez Jo.,P,,,False,True
32,TEAM ASRSUPERJULIAN,Zortea,D,6.0,6.0,False,True
32,TEAM ASRSUPERJULIAN,Parisi,D,,,False,True
32,TEAM ASRSUPERJULIAN,Floriani Mussolini,D,5.5,5.5,False,True
32,TEAM ASRSUPERJULIAN,Ziolkowski,D,,,False,True
32,TEAM ASRSUPERJULIAN,Gaspar K.,D,,,False,True
32,TEAM ASRSUPERJULIAN,Prati,C,,,False,True
32,TEAM ASRSUPERJULIAN,Pisilli,C,6.0,6.0,True,True
32,TEAM ASRSUPERJULIAN,Berisha M.,C,,,False,True
32,TEAM ASRSUPERJULIAN,Bondo,C,5.0,5.0,False,True
32,TEAM ASRSUPERJULIAN,Adams C.,A,5.5,5.5,False,True
32,TEAM ASRSUPERJULIAN,Cheddira,A,5.5,5.0,False,True
32,TEAM ASRSUPERJULIAN,Ratkov,A,,,False,True
32,FANTA GPT,Milinkovic-Savic V.,P,6.5,8.0,True,False
32,FANTA GPT,Martin,D,,,False,False
32,FANTA GPT,Luperto,D,5.0,5.0,True,False
32,FANTA GPT,Gila,D,,,False,False
32,FANTA GPT,Zappacosta,D,5.5,5.5,True,False
32,FANTA GPT,Santos A.,C,7.5,10.5,True,False
32,FANTA GPT,Tramoni M.,C,,,False,False
32,FANTA GPT,Bernabè,C,6.5,6.5,True,False
32,FANTA GPT,Leao,A,6.0,6.0,True,False
32,FANTA GPT,Esposito Se.,A,6.0,6.0,True,False
32,FANTA GPT,Colombo,A,5.5,5.5,True,False
32,FANTA GPT,Meret,P,,,False,True
32,FANTA GPT,Contini,P,,,False,True
32,FANTA GPT,Hermoso,D,6.0,5.5,True,True
32,FANTA GPT,Gatti,D,,,False,True
32,FANTA GPT,Norton-Cuffy,D,,,False,True
32,FANTA GPT,Kelly L.,D,6.0,6.0,True,True
32,FANTA GPT,Thuram K.,C,6.5,6.5,True,True
32,FANTA GPT,Cristante,C,6.0,6.0,False,True
32,FANTA GPT,Koopmeiners,C,6.0,6.0,False,True
32,FANTA GPT,Caqueret,C,6.5,7.5,False,True
32,FANTA GPT,Diouf,C,,,False,True
32,FANTA GPT,Krstovic,A,5.5,5.5,False,True
32,FANTA GPT,Solomon,A,5.5,5.5,False,True
32,FANTA GPT,Openda,A,,,False,True
33,KKK,Falcone,P,6.5,5.5,True,False
33,KKK,Bellanova,D,,,False,False
33,KKK,Romagnoli,D,6.5,6.5,True,False
33,KKK,Palestra,D,6.0,6.0,True,False
33,KKK,Djimsiti,D,6.0,6.0,True,False
33,KKK,Pulisic,C,5.0,5.0,True,False
33,KKK,Casadei,C,5.5,5.5,True,False
33,KKK,Ekkelenkamp,C,6.5,7.5,True,False
33,KKK,Hojlund,A,5.5,5.5,True,False
33,KKK,Douvikas,A,5.0,5.0,True,False
33,KKK,Boga,A,5.5,5.5,True,False
33,KKK,De Gea,P,6.0,2.0,False,True
33,KKK,Christensen O.,P,,,False,True
33,KKK,Ostigard,D,7.0,7.0,True,True
33,KKK,Vojvoda,D,,,False,True
33,KKK,Muharemovic,D,6.5,6.5,False,True
33,KKK,Atta,C,6.0,6.0,False,True
33,KKK,Locatelli,C,5.5,5.0,False,True
33,KKK,Malinovskyi,C,6.0,6.0,False,True
33,KKK,Loftus-Cheek,C,5.5,5.0,False,True
33,KKK,Pedro,A,6.0,6.0,False,True
33,KKK,Kuhn,A,,,False,True
33,KKK,Vardy,A,5.5,5.5,False,True
33,KKK,Bernasconi,D,,,False,True
33,KKK,Baldanzi,C,,,False,True
33,TIGER REBELS,Svilar,P,6.0,7.0,True,False
33,TIGER REBELS,Terracciano F.,D,5.0,5.0,True,False
33,TIGER REBELS,Miranda J.,D,5.5,5.5,True,False
33,TIGER REBELS,Delprato,D,5.5,5.5,True,False
33,TIGER REBELS,Tiago Gabriel,D,7.0,7.0,True,False
33,TIGER REBELS,Pellegrini Lo.,C,,,False,False
33,TIGER REBELS,McTominay,C,5.5,5.5,True,False
33,TIGER REBELS,Modric,C,,,False,False
33,TIGER REBELS,Zalewski,C,6.0,6.0,True,False
33,TIGER REBELS,Dybala,A,6.0,6.0,True,False
33,TIGER REBELS,De Ketelaere,A,6.5,6.5,True,False
33,TIGER REBELS,Gollini,P,,,False,True
33,TIGER REBELS,Vasquez D.,P,,,False,True
33,TIGER REBELS,Valle,D,5.5,5.5,False,True
33,TIGER REBELS,Pezzella Giu.,D,5.0,5.0,False,True
33,TIGER REBELS,Mina,D,6.5,6.5,False,True
33,TIGER REBELS,Obert,D,6.0,6.0,False,True
33,TIGER REBELS,Lobotka,C,6.0,6.0,True,True
33,TIGER REBELS,Brescianini,C,5.0,5.0,True,True
33,TIGER REBELS,Masini,C,,,False,True
33,TIGER REBELS,El Shaarawy,C,6.0,5.5,False,True
33,TIGER REBELS,Simeone,A,5.0,5.0,False,True
33,TIGER REBELS,Rodriguez Je.,A,,,False,True
33,TIGER REBELS,Durosinmi,A,,,False,True
33,TIGER REBELS,Almqvist,A,,,False,True
33,WINNING MOMENT,Caprile,P,6.5,7.5,True,False
33,WINNING MOMENT,Spinazzola,D,,,False,False
33,WINNING MOMENT,Tomori,D,4.5,3.5,True,False
33,WINNING MOMENT,Kalulu,D,6.0,6.0,True,False
33,WINNING MOMENT,Pongracic,D,5.0,4.5,True,False
33,WINNING MOMENT,Mandragora,C,,,False,False
33,WINNING MOMENT,Pasalic,C,6.0,6.0,True,False
33,WINNING MOMENT,Sucic P.,C,5.5,5.5,True,False
33,WINNING MOMENT,McKennie,C,5.5,5.5,True,False
33,WINNING MOMENT,Nkunku,A,5.5,5.5,True,False
33,WINNING MOMENT,Bonny,A,6.0,6.0,True,False
33,WINNING MOMENT,Silvestri,P,,,False,True
33,WINNING MOMENT,Leali,P,,,False,True
33,WINNING MOMENT,Mancini,D,7.0,11.0,True,True
33,WINNING MOMENT,Kempf,D,,,False,True
33,WINNING MOMENT,Sabelli,D,5.5,5.5,False,True
33,WINNING MOMENT,Nicolussi Caviglia,C,5.5,5.5,True,True
33,WINNING MOMENT,Barella,C,7.0,7.0,False,True
33,WINNING MOMENT,Matic,C,6.0,5.5,False,True
33,WINNING MOMENT,Bonazzoli,A,7.0,10.0,False,True
33,WINNING MOMENT,Zambo Anguissa,C,5.5,5.5,False,True
33,WINNING MOMENT,Arena A.,A,,,False,True
33,BJ EASTONE FC,Butez,P,6.0,7.0,True,False
33,BJ EASTONE FC,Gosens,D,4.5,4.5,True,False
33,BJ EASTONE FC,De Winter,D,,,False,False
33,BJ EASTONE FC,Bisseck,D,6.0,6.0,True,False
33,BJ EASTONE FC,Ramon,D,6.5,6.0,True,False
33,BJ EASTONE FC,Paz N.,C,6.5,6.5,True,False
33,BJ EASTONE FC,Konè M.,C,7.0,8.0,True,False
33,BJ EASTONE FC,Fofana Y.,C,5.0,5.0,True,False
33,BJ EASTONE FC,Luis Henrique,C,,,False,False
33,BJ EASTONE FC,Odgaard,C,5.0,5.0,True,False
33,BJ EASTONE FC,Laurientè,A,8.0,12.0,True,False
33,BJ EASTONE FC,Okoye,P,6.5,7.5,False,True
33,BJ EASTONE FC,Cavlina,P,,,False,True
33,BJ EASTONE FC,Kristensen T.,D,7.0,10.0,True,True
33,BJ EASTONE FC,Smolcic I.,D,6.0,6.0,False,True
33,BJ EASTONE FC,Veiga D.,D,6.0,6.0,False,True
33,BJ EASTONE FC,Odogu,D,,,False,True
33,BJ EASTONE FC,Frattesi,C,,,False,True
33,BJ EASTONE FC,Vergara,C,,,False,True
33,BJ EASTONE FC,Adzic,C,,,False,True
33,BJ EASTONE FC,Ekhator,A,6.5,6.5,False,True
33,BJ EASTONE FC,Ferguson E.,A,,,False,True
33,BJ EASTONE FC,Pinamonti,A,,,False,True
33,BJ EASTONE FC,Buffon L.,A,,,False,True
33,BJ EASTONE FC,Vlahovic,A,7.0,11.0,False,True
33,FANTA GPT,Milinkovic-Savic V.,P,7.0,8.0,True,False
33,FANTA GPT,Kelly L.,D,6.0,6.0,True,False
33,FANTA GPT,Luperto,D,6.0,6.0,True,False
33,FANTA GPT,Hermoso,D,7.5,11.0,True,False
33,FANTA GPT,Zappacosta,D,5.5,5.5,True,False
33,FANTA GPT,Santos A.,C,6.0,6.0,True,False
33,FANTA GPT,Thuram K.,C,6.0,6.0,True,False
33,FANTA GPT,Bernabè,C,6.0,6.0,True,False
33,FANTA GPT,Leao,A,5.0,5.0,True,False
33,FANTA GPT,Krstovic,A,5.5,5.0,True,False
33,FANTA GPT,Solomon,A,5.0,5.0,True,False
33,FANTA GPT,Meret,P,,,False,True
33,FANTA GPT,Contini,P,,,False,True
33,FANTA GPT,Gila,D,,,False,True
33,FANTA GPT,Gatti,D,,,False,True
33,FANTA GPT,Norton-Cuffy,D,,,False,True
33,FANTA GPT,Martin,D,,,False,True
33,FANTA GPT,Cristante,C,6.5,6.5,False,True
33,FANTA GPT,Tramoni M.,C,,,False,True
33,FANTA GPT,Koopmeiners,C,,,False,True
33,FANTA GPT,Caqueret,C,,,False,True
33,FANTA GPT,Diouf,C,,,False,True
33,FANTA GPT,Colombo,A,5.5,5.5,False,True
33,FANTA GPT,Esposito Se.,A,6.5,6.5,False,True
33,FANTA GPT,Openda,A,,,False,True
33,BOVE,Ravaglia F.,P,,,False,False
33,BOVE,Dimarco,D,6.5,6.5,True,False
33,BOVE,Pavlovic,D,6.0,6.0,True,False
33,BOVE,Akanji,D,6.5,6.5,True,False
33,BOVE,Gabbia,D,5.0,5.0,True,False
33,BOVE,Rabiot,C,5.0,5.0,True,False
33,BOVE,Gudmundsson A.,C,5.0,5.0,True,False
33,BOVE,Taylor K.,C,5.5,5.5,True,False
33,BOVE,Isaksen,C,7.0,10.0,True,False
33,BOVE,David,A,5.0,5.0,True,False
33,BOVE,Raspadori,A,6.0,6.0,True,False
33,BOVE,Mkhitaryan,C,7.0,10.0,False,True
33,BOVE,Thorstvedt,C,7.5,8.5,False,True
33,BOVE,Elmas,C,,,False,True
33,BOVE,Bernardeschi,C,6.5,6.5,False,True
33,BOVE,Bijlow,P,6.5,7.5,True,True
33,BOVE,Skorupski,P,,,False,True
33,BOVE,Olivera,D,,,False,True
33,BOVE,Juan Jesus,D,,,False,True
33,BOVE,Rensch,D,,,False,True
33,BOVE,Edmundsson,D,7.0,7.0,False,True
33,BOVE,Pellegrino M.,A,5.0,5.0,False,True
33,BOVE,Kean,A,,,False,True
33,BOVE,Morata,A,,,False,True
33,BOVE,Kulenovic,A,5.5,5.5,False,True
33,ETHANANITA,Maignan,P,5.5,3.5,True,False
33,ETHANANITA,Dumfries,D,6.0,6.0,True,False
33,ETHANANITA,Cambiaso,D,6.0,6.0,True,False
33,ETHANANITA,Rrahmani,D,7.0,7.0,True,False
33,ETHANANITA,Dodò,D,4.5,4.5,True,False
33,ETHANANITA,Wesley,D,7.0,10.0,True,False
33,ETHANANITA,Politano,C,6.5,6.0,True,False
33,ETHANANITA,Maldini,C,5.5,5.5,True,False
33,ETHANANITA,Baturina,C,6.0,6.0,True,False
33,ETHANANITA,Vlasic,C,5.5,5.5,True,False
33,ETHANANITA,Dia,A,6.5,7.5,True,False
33,ETHANANITA,Terracciano,P,,,False,True
33,ETHANANITA,Torriani,P,,,False,True
33,ETHANANITA,Davis K.,A,,,False,True
33,ETHANANITA,Zapata D.,A,,,False,True
33,ETHANANITA,Gueye,A,5.5,5.5,False,True
33,ETHANANITA,Addai,A,,,False,True
33,ETHANANITA,Lukaku,A,,,False,True
33,ETHANANITA,Miretti,C,5.5,5.5,False,True
33,ETHANANITA,Bakola,C,,,False,True
33,ETHANANITA,Venturino,C,,,False,True
33,ETHANANITA,Zaragoza,C,,,False,True
33,ETHANANITA,Bartesaghi,D,,,False,True
33,ETHANANITA,Estupinan,D,5.0,5.0,False,True
33,ETHANANITA,Marusic,D,6.5,6.5,False,True
33,DARTH VADER,Perin,P,,,False,False
33,DARTH VADER,Celik,D,6.5,6.5,True,False
33,DARTH VADER,Bremer,D,5.5,5.5,True,False
33,DARTH VADER,Gallo,D,6.5,6.5,True,False
33,DARTH VADER,Conceicao,C,7.0,7.0,True,False
33,DARTH VADER,Calhanoglu,C,,,False,False
33,DARTH VADER,Zielinski,C,6.5,7.0,True,False
33,DARTH VADER,Perrone,C,6.0,6.0,True,False
33,DARTH VADER,Yildiz,A,5.5,5.5,True,False
33,DARTH VADER,Castro S.,A,5.5,5.0,True,False
33,DARTH VADER,Berardi,A,7.0,11.0,True,False
33,DARTH VADER,Kilicsoy,A,,,False,True
33,DARTH VADER,Fullkrug,A,,,False,True
33,DARTH VADER,Bowie,A,7.0,10.0,False,True
33,DARTH VADER,Ederson D.S.,C,6.0,5.5,True,True
33,DARTH VADER,Saelemaekers,C,5.5,5.5,False,True
33,DARTH VADER,Oristanio,C,,,False,True
33,DARTH VADER,Strefezza,C,6.5,6.5,False,True
33,DARTH VADER,Gutierrez,D,5.5,5.5,False,True
33,DARTH VADER,Vasquez,D,6.5,6.5,False,True
33,DARTH VADER,Buongiorno,D,6.5,6.5,False,True
33,DARTH VADER,Baschirotto,D,6.0,6.0,False,True
33,DARTH VADER,Bozhinov,D,5.0,5.0,False,True
33,DARTH VADER,Di Gregorio,P,6.0,5.0,True,True
33,DARTH VADER,Pinsoglio,P,,,False,True
33,VENI VIDI VICI,Carnesecchi,P,6.0,7.0,True,False
33,VENI VIDI VICI,Kamara H.,D,6.0,6.0,True,False
33,VENI VIDI VICI,Valeri,D,6.0,6.0,True,False
33,VENI VIDI VICI,Kolasinac,D,,,False,False
33,VENI VIDI VICI,Carlos Augusto,D,6.0,6.0,True,False
33,VENI VIDI VICI,Zaniolo,C,7.0,7.0,True,False
33,VENI VIDI VICI,Gaetano,C,5.5,5.5,True,False
33,VENI VIDI VICI,Konè I.,C,6.5,6.5,True,False
33,VENI VIDI VICI,Piccoli,A,,,False,False
33,VENI VIDI VICI,Martinez L.,A,6.5,7.5,True,False
33,VENI VIDI VICI,Thuram,A,6.5,10.5,True,False
33,VENI VIDI VICI,Rossi F.,P,,,False,True
33,VENI VIDI VICI,Sportiello,P,,,False,True
33,VENI VIDI VICI,Pellegrini Lu.,D,,,False,True
33,VENI VIDI VICI,Lazaro,D,6.0,6.0,True,True
33,VENI VIDI VICI,Doig,D,,,False,True
33,VENI VIDI VICI,Rugani,D,,,False,True
33,VENI VIDI VICI,Rowe,C,6.0,6.0,False,True
33,VENI VIDI VICI,Volpato,C,6.0,5.5,False,True
33,VENI VIDI VICI,Pierotti,C,7.0,7.5,False,True
33,VENI VIDI VICI,Zerbin,C,5.5,5.5,False,True
33,VENI VIDI VICI,Sorensen O.,C,,,False,True
33,VENI VIDI VICI,Vitinha O.,A,6.0,6.0,True,True
33,VENI VIDI VICI,Esposito F.P.,A,6.0,6.0,False,True
33,VENI VIDI VICI,Ekuban,A,6.0,6.0,False,True
33,TEAM ASRSUPERJULIAN,Sommer,P,6.0,7.0,True,False
33,TEAM ASRSUPERJULIAN,Solet,D,7.0,7.0,True,False
33,TEAM ASRSUPERJULIAN,N'Dicka,D,6.0,6.0,True,False
33,TEAM ASRSUPERJULIAN,Scalvini,D,6.0,6.0,True,False
33,TEAM ASRSUPERJULIAN,Messias,C,6.0,6.0,True,False
33,TEAM ASRSUPERJULIAN,Zaccagni,C,5.5,5.5,True,False
33,TEAM ASRSUPERJULIAN,Orsolini,C,5.5,5.5,True,False
33,TEAM ASRSUPERJULIAN,Gandelman,C,,,False,False
33,TEAM ASRSUPERJULIAN,Malen,A,7.0,8.0,True,False
33,TEAM ASRSUPERJULIAN,Scamacca,A,5.5,5.5,True,False
33,TEAM ASRSUPERJULIAN,Diao,A,6.0,6.0,True,False
33,TEAM ASRSUPERJULIAN,Provedel,P,,,False,True
33,TEAM ASRSUPERJULIAN,Martinez Jo.,P,,,False,True
33,TEAM ASRSUPERJULIAN,Zortea,D,,,False,True
33,TEAM ASRSUPERJULIAN,Parisi,D,5.5,5.0,False,True
33,TEAM ASRSUPERJULIAN,Floriani Mussolini,D,6.5,7.5,False,True
33,TEAM ASRSUPERJULIAN,Ziolkowski,D,,,False,True
33,TEAM ASRSUPERJULIAN,Gaspar K.,D,,,False,True
33,TEAM ASRSUPERJULIAN,Prati,C,6.0,6.0,True,True
33,TEAM ASRSUPERJULIAN,Pisilli,C,8.0,12.0,False,True
33,TEAM ASRSUPERJULIAN,Berisha M.,C,,,False,True
33,TEAM ASRSUPERJULIAN,Bondo,C,6.0,6.0,False,True
33,TEAM ASRSUPERJULIAN,Adams C.,A,,,False,True
33,TEAM ASRSUPERJULIAN,Cheddira,A,7.5,12.0,False,True
33,TEAM ASRSUPERJULIAN,Ratkov,A,,,False,True
34,TIGER REBELS,Svilar,P,6.0,4.0,True,False
34,TIGER REBELS,Terracciano F.,D,6.5,6.5,True,False
34,TIGER REBELS,Miranda J.,D,7.5,8.5,True,False
34,TIGER REBELS,Delprato,D,5.0,5.0,True,False
34,TIGER REBELS,Tiago Gabriel,D,5.0,5.0,True,False
34,TIGER REBELS,Pellegrini Lo.,C,,,False,False
34,TIGER REBELS,McTominay,C,6.0,6.0,True,False
34,TIGER REBELS,Modric,C,,,False,False
34,TIGER REBELS,Zalewski,C,6.5,6.5,True,False
34,TIGER REBELS,Dybala,A,7.0,8.0,True,False
34,TIGER REBELS,De Ketelaere,A,6.5,6.5,True,False
34,TIGER REBELS,Gollini,P,,,False,True
34,TIGER REBELS,Vasquez D.,P,,,False,True
34,TIGER REBELS,Valle,D,6.0,6.0,False,True
34,TIGER REBELS,Pezzella Giu.,D,6.5,6.5,False,True
34,TIGER REBELS,Mina,D,,,False,True
34,TIGER REBELS,Obert,D,5.5,5.5,False,True
34,TIGER REBELS,Lobotka,C,6.0,6.0,True,True
34,TIGER REBELS,Brescianini,C,6.0,6.0,True,True
34,TIGER REBELS,Masini,C,,,False,True
34,TIGER REBELS,El Shaarawy,C,,,False,True
34,TIGER REBELS,Simeone,A,7.0,10.0,False,True
34,TIGER REBELS,Rodriguez Je.,A,6.5,6.5,False,True
34,TIGER REBELS,Durosinmi,A,,,False,True
34,TIGER REBELS,Almqvist,A,,,False,True
34,VENI VIDI VICI,Carnesecchi,P,7.0,5.0,True,False
34,VENI VIDI VICI,Kamara H.,D,6.5,7.5,True,False
34,VENI VIDI VICI,Valeri,D,6.5,6.5,True,False
34,VENI VIDI VICI,Kolasinac,D,6.5,6.5,True,False
34,VENI VIDI VICI,Carlos Augusto,D,6.5,6.5,True,False
34,VENI VIDI VICI,Zaniolo,C,6.0,6.0,True,False
34,VENI VIDI VICI,Gaetano,C,6.0,6.0,True,False
34,VENI VIDI VICI,Konè I.,C,6.0,6.0,True,False
34,VENI VIDI VICI,Vitinha O.,A,5.5,5.5,True,False
34,VENI VIDI VICI,Martinez L.,A,7.5,12.5,True,False
34,VENI VIDI VICI,Thuram,A,7.0,8.0,True,False
34,VENI VIDI VICI,Rossi F.,P,,,False,True
34,VENI VIDI VICI,Sportiello,P,,,False,True
34,VENI VIDI VICI,Pellegrini Lu.,D,5.5,5.0,False,True
34,VENI VIDI VICI,Lazaro,D,6.0,6.0,False,True
34,VENI VIDI VICI,Doig,D,5.5,5.5,False,True
34,VENI VIDI VICI,Rugani,D,,,False,True
34,VENI VIDI VICI,Rowe,C,7.0,11.0,False,True
34,VENI VIDI VICI,Volpato,C,6.5,6.5,False,True
34,VENI VIDI VICI,Pierotti,C,5.5,5.5,False,True
34,VENI VIDI VICI,Zerbin,C,6.0,6.5,False,True
34,VENI VIDI VICI,Sorensen O.,C,,,False,True
34,VENI VIDI VICI,Esposito F.P.,A,,,False,True
34,VENI VIDI VICI,Ekuban,A,5.5,5.5,False,True
34,VENI VIDI VICI,Piccoli,A,5.5,5.5,False,True
34,ETHANANITA,Maignan,P,5.5,2.5,True,False
34,ETHANANITA,Dodò,D,6.0,6.0,True,False
34,ETHANANITA,Bartesaghi,D,5.0,5.0,True,False
34,ETHANANITA,Estupinan,D,,,False,False
34,ETHANANITA,Bakola,C,,,False,False
34,ETHANANITA,Miretti,C,,,False,False
34,ETHANANITA,Venturino,C,6.0,6.0,True,False
34,ETHANANITA,Zaragoza,C,,,False,False
34,ETHANANITA,Addai,A,,,False,False
34,ETHANANITA,Lukaku,A,,,False,False
34,ETHANANITA,Zapata D.,A,7.0,8.0,True,False
34,ETHANANITA,Terracciano,P,,,False,True
34,ETHANANITA,Torriani,P,,,False,True
34,ETHANANITA,Cambiaso,D,6.5,7.5,True,True
34,ETHANANITA,Marusic,D,5.0,5.0,False,True
34,ETHANANITA,Rrahmani,D,5.5,5.5,False,True
34,ETHANANITA,Wesley,D,5.5,5.5,False,True
34,ETHANANITA,Dumfries,D,6.0,6.0,False,True
34,ETHANANITA,Baturina,C,6.5,6.5,True,True
34,ETHANANITA,Maldini,C,,,False,True
34,ETHANANITA,Politano,C,6.0,5.5,True,True
34,ETHANANITA,Vlasic,C,6.0,6.0,True,True
34,ETHANANITA,Gueye,A,6.5,9.5,True,True
34,ETHANANITA,Dia,A,5.5,5.5,False,True
34,ETHANANITA,Davis K.,A,6.0,7.0,False,True
34,KKK,De Gea,P,6.5,7.5,True,False
34,KKK,Muharemovic,D,5.0,5.0,True,False
34,KKK,Ostigard,D,6.5,6.5,True,False
34,KKK,Palestra,D,5.5,5.5,True,False
34,KKK,Locatelli,C,6.0,6.0,True,False
34,KKK,Malinovskyi,C,6.0,6.0,True,False
34,KKK,Casadei,C,,,False,False
34,KKK,Atta,C,6.0,6.0,True,False
34,KKK,Hojlund,A,6.5,7.5,True,False
34,KKK,Douvikas,A,7.0,11.0,True,False
34,KKK,Boga,A,,,False,False
34,KKK,Falcone,P,6.5,5.5,False,True
34,KKK,Christensen O.,P,,,False,True
34,KKK,Vojvoda,D,5.5,5.5,False,True
34,KKK,Bellanova,D,5.5,5.0,False,True
34,KKK,Djimsiti,D,,,False,True
34,KKK,Romagnoli,D,5.0,4.0,False,True
34,KKK,Baldanzi,C,,,False,True
34,KKK,Pulisic,C,,,False,True
34,KKK,Loftus-Cheek,C,5.0,5.0,True,True
34,KKK,Vardy,A,7.0,11.0,True,True
34,KKK,Pedro,A,5.5,5.5,False,True
34,KKK,Kuhn,A,,,False,True
34,KKK,Bernasconi,D,,,False,True
34,KKK,Ekkelenkamp,C,,,False,True
34,BOVE,Bijlow,P,6.0,7.0,True,False
34,BOVE,Dimarco,D,,,False,False
34,BOVE,Pavlovic,D,6.0,9.0,True,False
34,BOVE,Akanji,D,,,False,False
34,BOVE,Rensch,D,7.5,10.5,True,False
34,BOVE,Rabiot,C,5.5,5.5,True,False
34,BOVE,Gudmundsson A.,C,,,False,False
34,BOVE,Mkhitaryan,C,7.0,9.5,True,False
34,BOVE,Thorstvedt,C,6.5,9.0,True,False
34,BOVE,David,A,,,False,False
34,BOVE,Kean,A,,,False,False
34,BOVE,Bernardeschi,C,7.0,9.5,True,True
34,BOVE,Taylor K.,C,,,False,True
34,BOVE,Isaksen,C,6.0,6.0,False,True
34,BOVE,Elmas,C,6.0,6.0,False,True
34,BOVE,Ravaglia F.,P,,,False,True
34,BOVE,Skorupski,P,,,False,True
34,BOVE,Gabbia,D,5.0,5.0,True,True
34,BOVE,Olivera,D,,,False,True
34,BOVE,Juan Jesus,D,,,False,True
34,BOVE,Edmundsson,D,5.5,5.5,True,True
34,BOVE,Raspadori,A,7.0,11.0,True,True
34,BOVE,Pellegrino M.,A,6.0,6.0,True,True
34,BOVE,Morata,A,,,False,True
34,BOVE,Kulenovic,A,,,False,True
34,BJ EASTONE FC,Butez,P,6.0,7.0,True,False
34,BJ EASTONE FC,Gosens,D,6.0,6.0,True,False
34,BJ EASTONE FC,De Winter,D,4.5,4.5,True,False
34,BJ EASTONE FC,Bisseck,D,6.5,6.5,True,False
34,BJ EASTONE FC,Ramon,D,,,False,False
34,BJ EASTONE FC,Paz N.,C,6.0,6.0,True,False
34,BJ EASTONE FC,Konè M.,C,6.0,6.0,True,False
34,BJ EASTONE FC,Fofana Y.,C,5.5,5.5,True,False
34,BJ EASTONE FC,Luis Henrique,C,6.0,6.0,True,False
34,BJ EASTONE FC,Odgaard,C,,,False,False
34,BJ EASTONE FC,Laurientè,A,5.5,5.5,True,False
34,BJ EASTONE FC,Okoye,P,6.5,7.5,False,True
34,BJ EASTONE FC,Cavlina,P,,,False,True
34,BJ EASTONE FC,Kristensen T.,D,6.5,6.5,True,True
34,BJ EASTONE FC,Smolcic I.,D,6.0,6.0,False,True
34,BJ EASTONE FC,Veiga D.,D,6.0,6.0,False,True
34,BJ EASTONE FC,Odogu,D,,,False,True
34,BJ EASTONE FC,Frattesi,C,6.0,6.0,True,True
34,BJ EASTONE FC,Vergara,C,,,False,True
34,BJ EASTONE FC,Adzic,C,,,False,True
34,BJ EASTONE FC,Ekhator,A,5.5,5.5,False,True
34,BJ EASTONE FC,Ferguson E.,A,,,False,True
34,BJ EASTONE FC,Pinamonti,A,5.5,5.5,False,True
34,BJ EASTONE FC,Buffon L.,A,,,False,True
34,BJ EASTONE FC,Vlahovic,A,7.0,11.0,False,True
34,DARTH VADER,Perin,P,,,False,False
34,DARTH VADER,Baschirotto,D,,,False,False
34,DARTH VADER,Bremer,D,6.5,6.5,True,False
34,DARTH VADER,Celik,D,6.0,6.0,True,False
34,DARTH VADER,Conceicao,C,6.0,5.5,True,False
34,DARTH VADER,Calhanoglu,C,,,False,False
34,DARTH VADER,Zielinski,C,,,False,False
34,DARTH VADER,Perrone,C,5.0,5.0,True,False
34,DARTH VADER,Yildiz,A,6.0,6.0,True,False
34,DARTH VADER,Castro S.,A,5.5,5.5,True,False
34,DARTH VADER,Berardi,A,6.0,6.0,True,False
34,DARTH VADER,Kilicsoy,A,,,False,True
34,DARTH VADER,Fullkrug,A,6.0,6.0,False,True
34,DARTH VADER,Bowie,A,6.0,6.0,False,True
34,DARTH VADER,Saelemaekers,C,5.0,4.5,True,True
34,DARTH VADER,Ederson D.S.,C,7.5,11.5,True,True
34,DARTH VADER,Oristanio,C,,,False,True
34,DARTH VADER,Strefezza,C,7.0,9.5,False,True
34,DARTH VADER,Gutierrez,D,6.0,6.0,True,True
34,DARTH VADER,Vasquez,D,,,False,True
34,DARTH VADER,Buongiorno,D,5.5,5.5,False,True
34,DARTH VADER,Gallo,D,6.0,6.0,False,True
34,DARTH VADER,Bozhinov,D,4.0,3.0,False,True
34,DARTH VADER,Di Gregorio,P,6.5,7.5,True,True
34,DARTH VADER,Pinsoglio,P,,,False,True
34,FANTA GPT,Milinkovic-Savic V.,P,5.5,2.5,True,False
34,FANTA GPT,Kelly L.,D,6.5,6.5,True,False
34,FANTA GPT,Luperto,D,6.5,6.5,True,False
34,FANTA GPT,Hermoso,D,5.5,5.5,True,False
34,FANTA GPT,Zappacosta,D,7.0,10.0,True,False
34,FANTA GPT,Santos A.,C,7.0,10.0,True,False
34,FANTA GPT,Thuram K.,C,,,False,False
34,FANTA GPT,Caqueret,C,5.5,5.0,True,False
34,FANTA GPT,Leao,A,4.5,4.0,True,False
34,FANTA GPT,Esposito Se.,A,6.0,6.0,True,False
34,FANTA GPT,Solomon,A,6.0,6.0,True,False
34,FANTA GPT,Meret,P,,,False,True
34,FANTA GPT,Contini,P,,,False,True
34,FANTA GPT,Gatti,D,,,False,True
34,FANTA GPT,Gila,D,5.5,5.5,False,True
34,FANTA GPT,Norton-Cuffy,D,,,False,True
34,FANTA GPT,Martin,D,6.0,6.0,False,True
34,FANTA GPT,Cristante,C,6.0,6.0,True,True
34,FANTA GPT,Tramoni M.,C,,,False,True
34,FANTA GPT,Koopmeiners,C,5.5,5.5,False,True
34,FANTA GPT,Bernabè,C,,,False,True
34,FANTA GPT,Diouf,C,7.0,7.0,False,True
34,FANTA GPT,Krstovic,A,7.0,7.5,False,True
34,FANTA GPT,Colombo,A,5.5,5.5,False,True
34,FANTA GPT,Openda,A,,,False,True
34,TEAM ASRSUPERJULIAN,Sommer,P,,,False,False
34,TEAM ASRSUPERJULIAN,Solet,D,6.5,6.5,True,False
34,TEAM ASRSUPERJULIAN,N'Dicka,D,5.0,5.0,True,False
34,TEAM ASRSUPERJULIAN,Scalvini,D,6.0,6.0,True,False
34,TEAM ASRSUPERJULIAN,Messias,C,,,False,False
34,TEAM ASRSUPERJULIAN,Pisilli,C,5.5,5.5,True,False
34,TEAM ASRSUPERJULIAN,Orsolini,C,7.0,9.0,True,False
34,TEAM ASRSUPERJULIAN,Gandelman,C,,,False,False
34,TEAM ASRSUPERJULIAN,Malen,A,7.5,13.5,True,False
34,TEAM ASRSUPERJULIAN,Scamacca,A,,,False,False
34,TEAM ASRSUPERJULIAN,Diao,A,5.5,5.5,True,False
34,TEAM ASRSUPERJULIAN,Provedel,P,,,False,True
34,TEAM ASRSUPERJULIAN,Martinez Jo.,P,6.0,7.0,True,True
34,TEAM ASRSUPERJULIAN,Zortea,D,6.0,6.0,False,True
34,TEAM ASRSUPERJULIAN,Parisi,D,6.0,6.0,False,True
34,TEAM ASRSUPERJULIAN,Floriani Mussolini,D,,,False,True
34,TEAM ASRSUPERJULIAN,Ziolkowski,D,,,False,True
34,TEAM ASRSUPERJULIAN,Gaspar K.,D,,,False,True
34,TEAM ASRSUPERJULIAN,Zaccagni,C,,,False,True
34,TEAM ASRSUPERJULIAN,Prati,C,5.5,5.0,True,True
34,TEAM ASRSUPERJULIAN,Berisha M.,C,,,False,True
34,TEAM ASRSUPERJULIAN,Bondo,C,,,False,True
34,TEAM ASRSUPERJULIAN,Adams C.,A,,,False,True
34,TEAM ASRSUPERJULIAN,Cheddira,A,5.5,5.5,True,True
34,TEAM ASRSUPERJULIAN,Ratkov,A,,,False,True
34,WINNING MOMENT,Caprile,P,6.5,4.5,True,False
34,WINNING MOMENT,Spinazzola,D,5.5,5.5,True,False
34,WINNING MOMENT,Tomori,D,,,False,False
34,WINNING MOMENT,Kalulu,D,6.0,6.0,True,False
34,WINNING MOMENT,Pongracic,D,6.0,6.0,True,False
34,WINNING MOMENT,Mandragora,C,5.5,5.5,True,False
34,WINNING MOMENT,Pasalic,C,5.5,5.5,True,False
34,WINNING MOMENT,Sucic P.,C,7.0,10.0,True,False
34,WINNING MOMENT,McKennie,C,6.0,6.0,True,False
34,WINNING MOMENT,Nkunku,A,7.0,9.0,True,False
34,WINNING MOMENT,Bonny,A,6.5,7.5,True,False
34,WINNING MOMENT,Silvestri,P,,,False,True
34,WINNING MOMENT,Leali,P,,,False,True
34,WINNING MOMENT,Mancini,D,5.5,5.5,True,True
34,WINNING MOMENT,Kempf,D,6.5,7.5,False,True
34,WINNING MOMENT,Sabelli,D,,,False,True
34,WINNING MOMENT,Nicolussi Caviglia,C,7.0,8.0,False,True
34,WINNING MOMENT,Barella,C,6.5,6.5,False,True
34,WINNING MOMENT,Matic,C,6.0,6.0,False,True
34,WINNING MOMENT,Bonazzoli,A,7.0,10.0,False,True
34,WINNING MOMENT,Zambo Anguissa,C,,,False,True
34,WINNING MOMENT,Arena A.,A,,,False,True
35,BJ EASTONE FC,Butez,P,6.5,7.5,True,False
35,BJ EASTONE FC,Gosens,D,5.5,5.5,True,False
35,BJ EASTONE FC,De Winter,D,5.0,5.0,True,False
35,BJ EASTONE FC,Bisseck,D,,,False,False
35,BJ EASTONE FC,Ramon,D,6.5,6.0,True,False
35,BJ EASTONE FC,Paz N.,C,,,False,False
35,BJ EASTONE FC,Konè M.,C,,,False,False
35,BJ EASTONE FC,Fofana Y.,C,5.5,5.5,True,False
35,BJ EASTONE FC,Luis Henrique,C,5.5,5.5,True,False
35,BJ EASTONE FC,Odgaard,C,,,False,False
35,BJ EASTONE FC,Laurientè,A,7.0,10.0,True,False
35,BJ EASTONE FC,Okoye,P,6.0,5.0,False,True
35,BJ EASTONE FC,Cavlina,P,,,False,True
35,BJ EASTONE FC,Kristensen T.,D,6.0,6.0,True,True
35,BJ EASTONE FC,Smolcic I.,D,6.0,6.0,False,True
35,BJ EASTONE FC,Veiga D.,D,6.0,5.5,False,True
35,BJ EASTONE FC,Odogu,D,,,False,True
35,BJ EASTONE FC,Frattesi,C,,,False,True
35,BJ EASTONE FC,Vergara,C,,,False,True
35,BJ EASTONE FC,Adzic,C,,,False,True
35,BJ EASTONE FC,Ekhator,A,5.5,5.5,False,True
35,BJ EASTONE FC,Ferguson E.,A,,,False,True
35,BJ EASTONE FC,Pinamonti,A,7.0,10.0,False,True
35,BJ EASTONE FC,Buffon L.,A,,,False,True
35,BJ EASTONE FC,Vlahovic,A,5.0,5.0,False,True
35,FANTA GPT,Meret,P,7.0,8.0,True,False
35,FANTA GPT,Kelly L.,D,6.0,6.0,True,False
35,FANTA GPT,Luperto,D,6.5,6.5,True,False
35,FANTA GPT,Hermoso,D,6.5,6.0,True,False
35,FANTA GPT,Zappacosta,D,5.5,5.5,True,False
35,FANTA GPT,Santos A.,C,6.0,5.5,True,False
35,FANTA GPT,Cristante,C,6.5,6.5,True,False
35,FANTA GPT,Koopmeiners,C,5.0,5.0,True,False
35,FANTA GPT,Krstovic,A,5.0,5.0,True,False
35,FANTA GPT,Esposito Se.,A,7.0,10.0,True,False
35,FANTA GPT,Solomon,A,6.5,7.5,True,False
35,FANTA GPT,Milinkovic-Savic V.,P,,,False,True
35,FANTA GPT,Contini,P,,,False,True
35,FANTA GPT,Gatti,D,,,False,True
35,FANTA GPT,Gila,D,5.5,5.5,False,True
35,FANTA GPT,Norton-Cuffy,D,,,False,True
35,FANTA GPT,Martin,D,,,False,True
35,FANTA GPT,Thuram K.,C,5.5,5.5,False,True
35,FANTA GPT,Tramoni M.,C,,,False,True
35,FANTA GPT,Caqueret,C,5.5,5.5,False,True
35,FANTA GPT,Bernabè,C,,,False,True
35,FANTA GPT,Diouf,C,6.0,6.0,False,True
35,FANTA GPT,Colombo,A,5.5,5.5,False,True
35,FANTA GPT,Leao,A,,,False,True
35,FANTA GPT,Openda,A,,,False,True
35,BOVE,Skorupski,P,6.5,7.5,True,False
35,BOVE,Dimarco,D,5.5,5.5,True,False
35,BOVE,Pavlovic,D,6.0,6.0,True,False
35,BOVE,Akanji,D,,,False,False
35,BOVE,Rensch,D,6.0,6.0,True,False
35,BOVE,Rabiot,C,6.0,6.0,True,False
35,BOVE,Elmas,C,6.5,7.0,True,False
35,BOVE,Mkhitaryan,C,5.5,5.5,True,False
35,BOVE,Thorstvedt,C,6.0,6.0,True,False
35,BOVE,David,A,,,False,False
35,BOVE,Raspadori,A,5.5,5.5,True,False
35,BOVE,Bernardeschi,C,5.5,5.5,False,True
35,BOVE,Gudmundsson A.,C,6.0,5.5,False,True
35,BOVE,Taylor K.,C,5.5,5.0,False,True
35,BOVE,Isaksen,C,5.5,5.5,False,True
35,BOVE,Ravaglia F.,P,,,False,True
35,BOVE,Bijlow,P,5.5,3.0,False,True
35,BOVE,Gabbia,D,6.0,5.5,True,True
35,BOVE,Olivera,D,6.0,6.0,False,True
35,BOVE,Juan Jesus,D,,,False,True
35,BOVE,Edmundsson,D,6.0,4.0,False,True
35,BOVE,Pellegrino M.,A,5.5,5.5,True,True
35,BOVE,Morata,A,,,False,True
35,BOVE,Kulenovic,A,,,False,True
35,BOVE,Kean,A,,,False,True
35,KKK,De Gea,P,7.0,8.0,True,False
35,KKK,Bellanova,D,,,False,False
35,KKK,Ostigard,D,,,False,False
35,KKK,Palestra,D,6.5,6.5,True,False
35,KKK,Vojvoda,D,,,False,False
35,KKK,Baldanzi,C,6.0,6.0,True,False
35,KKK,Atta,C,5.0,5.0,True,False
35,KKK,Locatelli,C,5.5,5.5,True,False
35,KKK,Hojlund,A,7.5,11.5,True,False
35,KKK,Douvikas,A,6.0,6.0,True,False
35,KKK,Vardy,A,7.0,11.0,True,False
35,KKK,Falcone,P,6.0,4.0,False,True
35,KKK,Christensen O.,P,,,False,True
35,KKK,Djimsiti,D,6.0,6.0,True,True
35,KKK,Muharemovic,D,5.5,5.0,True,True
35,KKK,Casadei,C,6.0,6.0,False,True
35,KKK,Malinovskyi,C,5.5,5.5,False,True
35,KKK,Pulisic,C,6.5,7.5,False,True
35,KKK,Loftus-Cheek,C,,,False,True
35,KKK,Boga,A,6.0,6.0,False,True
35,KKK,Pedro,A,,,False,True
35,KKK,Kuhn,A,,,False,True
35,KKK,Bernasconi,D,,,False,True
35,KKK,Ekkelenkamp,C,,,False,True
35,KKK,Romagnoli,D,,,False,True
35,TEAM ASRSUPERJULIAN,Sommer,P,6.5,7.5,True,False
35,TEAM ASRSUPERJULIAN,Solet,D,6.5,6.5,True,False
35,TEAM ASRSUPERJULIAN,Parisi,D,6.0,6.0,True,False
35,TEAM ASRSUPERJULIAN,Scalvini,D,5.5,5.5,True,False
35,TEAM ASRSUPERJULIAN,Zortea,D,,,False,False
35,TEAM ASRSUPERJULIAN,Messias,C,,,False,False
35,TEAM ASRSUPERJULIAN,Pisilli,C,6.5,7.5,True,False
35,TEAM ASRSUPERJULIAN,Orsolini,C,7.0,11.0,True,False
35,TEAM ASRSUPERJULIAN,Malen,A,6.5,6.5,True,False
35,TEAM ASRSUPERJULIAN,Scamacca,A,,,False,False
35,TEAM ASRSUPERJULIAN,Diao,A,5.5,5.5,True,False
35,TEAM ASRSUPERJULIAN,Provedel,P,,,False,True
35,TEAM ASRSUPERJULIAN,Martinez Jo.,P,,,False,True
35,TEAM ASRSUPERJULIAN,N'Dicka,D,6.0,6.0,True,True
35,TEAM ASRSUPERJULIAN,Floriani Mussolini,D,6.0,6.0,False,True
35,TEAM ASRSUPERJULIAN,Ziolkowski,D,,,False,True
35,TEAM ASRSUPERJULIAN,Gaspar K.,D,,,False,True
35,TEAM ASRSUPERJULIAN,Zaccagni,C,,,False,True
35,TEAM ASRSUPERJULIAN,Gandelman,C,6.5,7.5,True,True
35,TEAM ASRSUPERJULIAN,Prati,C,5.5,6.0,False,True
35,TEAM ASRSUPERJULIAN,Berisha M.,C,,,False,True
35,TEAM ASRSUPERJULIAN,Bondo,C,,,False,True
35,TEAM ASRSUPERJULIAN,Adams C.,A,5.5,5.5,True,True
35,TEAM ASRSUPERJULIAN,Cheddira,A,8.0,14.0,False,True
35,TEAM ASRSUPERJULIAN,Ratkov,A,,,False,True
35,ETHANANITA,Maignan,P,6.5,5.5,True,False
35,ETHANANITA,Wesley,D,5.0,4.0,True,False
35,ETHANANITA,Cambiaso,D,5.5,5.5,True,False
35,ETHANANITA,Dumfries,D,,,False,False
35,ETHANANITA,Dodò,D,6.5,6.5,True,False
35,ETHANANITA,Rrahmani,D,7.0,10.0,True,False
35,ETHANANITA,Miretti,C,,,False,False
35,ETHANANITA,Vlasic,C,5.5,5.5,True,False
35,ETHANANITA,Baturina,C,6.5,6.5,True,False
35,ETHANANITA,Zapata D.,A,5.5,5.5,True,False
35,ETHANANITA,Davis K.,A,5.5,5.5,True,False
35,ETHANANITA,Terracciano,P,,,False,True
35,ETHANANITA,Torriani,P,,,False,True
35,ETHANANITA,Bartesaghi,D,6.0,6.0,True,True
35,ETHANANITA,Marusic,D,5.5,5.5,False,True
35,ETHANANITA,Estupinan,D,,,False,True
35,ETHANANITA,Bakola,C,6.5,6.5,True,True
35,ETHANANITA,Maldini,C,5.5,5.5,False,True
35,ETHANANITA,Politano,C,,,False,True
35,ETHANANITA,Venturino,C,,,False,True
35,ETHANANITA,Zaragoza,C,,,False,True
35,ETHANANITA,Gueye,A,6.0,6.0,False,True
35,ETHANANITA,Dia,A,5.5,5.5,False,True
35,ETHANANITA,Lukaku,A,,,False,True
35,ETHANANITA,Addai,A,,,False,True
35,WINNING MOMENT,Caprile,P,6.5,5.5,True,False
35,WINNING MOMENT,Spinazzola,D,6.0,6.0,True,False
35,WINNING MOMENT,Tomori,D,6.0,5.5,True,False
35,WINNING MOMENT,Kalulu,D,5.5,5.5,True,False
35,WINNING MOMENT,Pongracic,D,7.0,6.5,True,False
35,WINNING MOMENT,Mandragora,C,7.0,10.0,True,False
35,WINNING MOMENT,Pasalic,C,5.5,5.0,True,False
35,WINNING MOMENT,Sucic P.,C,6.5,6.5,True,False
35,WINNING MOMENT,McKennie,C,5.5,5.5,True,False
35,WINNING MOMENT,Nkunku,A,7.0,9.0,True,False
35,WINNING MOMENT,Bonny,A,6.5,6.5,True,False
35,WINNING MOMENT,Silvestri,P,,,False,True
35,WINNING MOMENT,Leali,P,,,False,True
35,WINNING MOMENT,Mancini,D,8.0,15.0,False,True
35,WINNING MOMENT,Kempf,D,6.5,6.5,False,True
35,WINNING MOMENT,Sabelli,D,,,False,True
35,WINNING MOMENT,Nicolussi Caviglia,C,6.0,6.0,False,True
35,WINNING MOMENT,Barella,C,,,False,True
35,WINNING MOMENT,Matic,C,5.5,5.5,False,True
35,WINNING MOMENT,Bonazzoli,A,6.5,6.0,False,True
35,WINNING MOMENT,Zambo Anguissa,C,,,False,True
35,WINNING MOMENT,Arena A.,A,,,False,True
35,VENI VIDI VICI,Carnesecchi,P,6.5,5.5,True,False
35,VENI VIDI VICI,Kamara H.,D,5.5,5.0,True,False
35,VENI VIDI VICI,Valeri,D,6.0,6.0,True,False
35,VENI VIDI VICI,Kolasinac,D,,,False,False
35,VENI VIDI VICI,Carlos Augusto,D,5.5,5.5,True,False
35,VENI VIDI VICI,Zaniolo,C,,,False,False
35,VENI VIDI VICI,Gaetano,C,6.5,7.5,True,False
35,VENI VIDI VICI,Konè I.,C,5.5,5.5,True,False
35,VENI VIDI VICI,Vitinha O.,A,6.0,5.5,True,False
35,VENI VIDI VICI,Martinez L.,A,5.5,5.5,True,False
35,VENI VIDI VICI,Thuram,A,,,False,False
35,VENI VIDI VICI,Rossi F.,P,,,False,True
35,VENI VIDI VICI,Sportiello,P,,,False,True
35,VENI VIDI VICI,Pellegrini Lu.,D,,,False,True
35,VENI VIDI VICI,Lazaro,D,,,False,True
35,VENI VIDI VICI,Doig,D,,,False,True
35,VENI VIDI VICI,Rugani,D,,,False,True
35,VENI VIDI VICI,Rowe,C,6.5,7.5,True,True
35,VENI VIDI VICI,Volpato,C,5.0,5.0,False,True
35,VENI VIDI VICI,Pierotti,C,5.5,5.5,False,True
35,VENI VIDI VICI,Zerbin,C,,,False,True
35,VENI VIDI VICI,Sorensen O.,C,6.0,6.0,False,True
35,VENI VIDI VICI,Piccoli,A,6.0,6.0,True,True
35,VENI VIDI VICI,Esposito F.P.,A,5.5,5.5,False,True
35,VENI VIDI VICI,Ekuban,A,,,False,True
35,TIGER REBELS,Svilar,P,6.0,7.0,True,False
35,TIGER REBELS,Terracciano F.,D,6.5,6.5,True,False
35,TIGER REBELS,Miranda J.,D,6.5,6.5,True,False
35,TIGER REBELS,Delprato,D,5.5,5.5,True,False
35,TIGER REBELS,Tiago Gabriel,D,5.5,5.0,True,False
35,TIGER REBELS,Pellegrini Lo.,C,,,False,False
35,TIGER REBELS,McTominay,C,7.0,11.0,True,False
35,TIGER REBELS,Modric,C,,,False,False
35,TIGER REBELS,Zalewski,C,5.5,5.5,True,False
35,TIGER REBELS,Dybala,A,7.0,8.0,True,False
35,TIGER REBELS,De Ketelaere,A,6.0,6.0,True,False
35,TIGER REBELS,Gollini,P,,,False,True
35,TIGER REBELS,Vasquez D.,P,,,False,True
35,TIGER REBELS,Valle,D,,,False,True
35,TIGER REBELS,Pezzella Giu.,D,6.0,6.0,False,True
35,TIGER REBELS,Mina,D,7.0,11.0,False,True
35,TIGER REBELS,Obert,D,6.5,6.5,False,True
35,TIGER REBELS,Lobotka,C,6.5,6.5,True,True
35,TIGER REBELS,Brescianini,C,6.0,6.0,True,True
35,TIGER REBELS,Masini,C,,,False,True
35,TIGER REBELS,El Shaarawy,C,6.0,5.5,False,True
35,TIGER REBELS,Simeone,A,5.0,5.0,False,True
35,TIGER REBELS,Rodriguez Je.,A,7.0,8.0,False,True
35,TIGER REBELS,Durosinmi,A,,,False,True
35,TIGER REBELS,Almqvist,A,,,False,True
35,DARTH VADER,Perin,P,,,False,False
35,DARTH VADER,Gutierrez,D,,,False,False
35,DARTH VADER,Bremer,D,6.0,5.5,True,False
35,DARTH VADER,Buongiorno,D,5.5,5.5,True,False
35,DARTH VADER,Celik,D,6.0,6.0,True,False
35,DARTH VADER,Conceicao,C,6.0,6.0,True,False
35,DARTH VADER,Calhanoglu,C,,,False,False
35,DARTH VADER,Zielinski,C,6.0,6.0,True,False
35,DARTH VADER,Yildiz,A,5.5,5.5,True,False
35,DARTH VADER,Castro S.,A,5.5,5.5,True,False
35,DARTH VADER,Berardi,A,6.5,6.5,True,False
35,DARTH VADER,Kilicsoy,A,,,False,True
35,DARTH VADER,Fullkrug,A,6.0,6.0,False,True
35,DARTH VADER,Bowie,A,6.5,10.5,False,True
35,DARTH VADER,Perrone,C,6.5,6.5,True,True
35,DARTH VADER,Saelemaekers,C,,,False,True
35,DARTH VADER,Ederson D.S.,C,6.0,6.0,False,True
35,DARTH VADER,Oristanio,C,,,False,True
35,DARTH VADER,Strefezza,C,5.0,5.0,False,True
35,DARTH VADER,Vasquez,D,7.0,10.0,True,True
35,DARTH VADER,Baschirotto,D,,,False,True
35,DARTH VADER,Gallo,D,5.5,5.0,False,True
35,DARTH VADER,Bozhinov,D,,,False,True
35,DARTH VADER,Di Gregorio,P,5.5,3.5,True,True
35,DARTH VADER,Pinsoglio,P,,,False,True
36,FANTA GPT,Meret,P,6.5,7.5,True,False
36,FANTA GPT,Kelly L.,D,5.5,5.5,True,False
36,FANTA GPT,Luperto,D,4.5,4.5,True,False
36,FANTA GPT,Hermoso,D,6.5,6.5,True,False
36,FANTA GPT,Zappacosta,D,6.5,6.5,True,False
36,FANTA GPT,Santos A.,C,,,False,False
36,FANTA GPT,Cristante,C,6.0,6.0,True,False
36,FANTA GPT,Koopmeiners,C,5.5,5.5,True,False
36,FANTA GPT,Krstovic,A,,,False,False
36,FANTA GPT,Esposito Se.,A,6.5,6.5,True,False
36,FANTA GPT,Solomon,A,,,False,False
36,FANTA GPT,Milinkovic-Savic V.,P,,,False,True
36,FANTA GPT,Contini,P,,,False,True
36,FANTA GPT,Gatti,D,5.0,5.0,False,True
36,FANTA GPT,Gila,D,5.5,5.0,False,True
36,FANTA GPT,Norton-Cuffy,D,6.0,6.0,False,True
36,FANTA GPT,Martin,D,6.0,6.0,False,True
36,FANTA GPT,Thuram K.,C,6.0,7.0,True,True
36,FANTA GPT,Tramoni M.,C,,,False,True
36,FANTA GPT,Caqueret,C,6.5,7.5,False,True
36,FANTA GPT,Bernabè,C,,,False,True
36,FANTA GPT,Diouf,C,7.0,11.0,False,True
36,FANTA GPT,Colombo,A,6.0,6.0,True,True
36,FANTA GPT,Leao,A,6.0,6.0,True,True
36,FANTA GPT,Openda,A,,,False,True
36,WINNING MOMENT,Caprile,P,6.0,5.0,True,False
36,WINNING MOMENT,Spinazzola,D,,,False,False
36,WINNING MOMENT,Tomori,D,5.0,5.0,True,False
36,WINNING MOMENT,Kalulu,D,6.0,5.5,True,False
36,WINNING MOMENT,Pongracic,D,6.0,6.0,True,False
36,WINNING MOMENT,Mandragora,C,6.5,6.5,True,False
36,WINNING MOMENT,Pasalic,C,5.5,5.5,True,False
36,WINNING MOMENT,Sucic P.,C,5.5,5.5,True,False
36,WINNING MOMENT,McKennie,C,6.0,6.0,True,False
36,WINNING MOMENT,Nkunku,A,5.0,5.0,True,False
36,WINNING MOMENT,Bonny,A,6.0,6.0,True,False
36,WINNING MOMENT,Silvestri,P,,,False,True
36,WINNING MOMENT,Leali,P,6.5,5.5,False,True
36,WINNING MOMENT,Mancini,D,6.5,6.5,True,True
36,WINNING MOMENT,Kempf,D,6.5,6.5,False,True
36,WINNING MOMENT,Sabelli,D,6.0,6.0,False,True
36,WINNING MOMENT,Nicolussi Caviglia,C,6.5,6.5,False,True
36,WINNING MOMENT,Barella,C,6.0,6.0,False,True
36,WINNING MOMENT,Matic,C,6.0,6.0,False,True
36,WINNING MOMENT,Bonazzoli,A,7.0,9.0,False,True
36,WINNING MOMENT,Zambo Anguissa,C,,,False,True
36,WINNING MOMENT,Arena A.,A,,,False,True
36,ETHANANITA,Maignan,P,7.0,4.5,True,False
36,ETHANANITA,Wesley,D,,,False,False
36,ETHANANITA,Cambiaso,D,5.5,5.5,True,False
36,ETHANANITA,Dumfries,D,,,False,False
36,ETHANANITA,Dodò,D,6.5,6.5,True,False
36,ETHANANITA,Rrahmani,D,6.5,6.5,True,False
36,ETHANANITA,Miretti,C,5.5,5.5,True,False
36,ETHANANITA,Vlasic,C,6.0,6.0,True,False
36,ETHANANITA,Baturina,C,6.0,6.0,True,False
36,ETHANANITA,Zapata D.,A,5.5,5.5,True,False
36,ETHANANITA,Davis K.,A,5.5,5.5,True,False
36,ETHANANITA,Terracciano,P,,,False,True
36,ETHANANITA,Torriani,P,,,False,True
36,ETHANANITA,Bartesaghi,D,5.5,5.5,True,True
36,ETHANANITA,Marusic,D,5.5,5.5,True,True
36,ETHANANITA,Estupinan,D,,,False,True
36,ETHANANITA,Bakola,C,,,False,True
36,ETHANANITA,Maldini,C,6.0,6.0,False,True
36,ETHANANITA,Politano,C,6.0,6.0,False,True
36,ETHANANITA,Venturino,C,,,False,True
36,ETHANANITA,Zaragoza,C,,,False,True
36,ETHANANITA,Gueye,A,6.0,6.0,False,True
36,ETHANANITA,Dia,A,6.0,6.0,False,True
36,ETHANANITA,Lukaku,A,,,False,True
36,ETHANANITA,Addai,A,,,False,True
36,TIGER REBELS,Svilar,P,6.5,7.5,True,False
36,TIGER REBELS,Terracciano F.,D,5.0,5.0,True,False
36,TIGER REBELS,Miranda J.,D,5.5,5.5,True,False
36,TIGER REBELS,Delprato,D,,,False,False
36,TIGER REBELS,Tiago Gabriel,D,6.5,6.0,True,False
36,TIGER REBELS,Pellegrini Lo.,C,,,False,False
36,TIGER REBELS,McTominay,C,5.5,5.5,True,False
36,TIGER REBELS,Modric,C,6.0,6.0,True,False
36,TIGER REBELS,Zalewski,C,,,False,False
36,TIGER REBELS,Dybala,A,8.0,10.0,True,False
36,TIGER REBELS,De Ketelaere,A,6.0,6.0,True,False
36,TIGER REBELS,Gollini,P,,,False,True
36,TIGER REBELS,Vasquez D.,P,,,False,True
36,TIGER REBELS,Valle,D,,,False,True
36,TIGER REBELS,Pezzella Giu.,D,4.5,4.5,True,True
36,TIGER REBELS,Mina,D,6.5,7.5,False,True
36,TIGER REBELS,Obert,D,6.0,6.0,False,True
36,TIGER REBELS,Lobotka,C,6.0,6.0,True,True
36,TIGER REBELS,Brescianini,C,6.5,7.5,True,True
36,TIGER REBELS,Masini,C,5.5,5.5,False,True
36,TIGER REBELS,El Shaarawy,C,7.0,10.0,False,True
36,TIGER REBELS,Simeone,A,6.0,6.0,False,True
36,TIGER REBELS,Rodriguez Je.,A,7.5,11.0,False,True
36,TIGER REBELS,Durosinmi,A,,,False,True
36,TIGER REBELS,Almqvist,A,6.5,7.5,False,True
36,VENI VIDI VICI,Carnesecchi,P,,,False,False
36,VENI VIDI VICI,Kamara H.,D,,,False,False
36,VENI VIDI VICI,Valeri,D,6.5,6.5,True,False
36,VENI VIDI VICI,Kolasinac,D,,,False,False
36,VENI VIDI VICI,Carlos Augusto,D,6.0,6.0,True,False
36,VENI VIDI VICI,Zaniolo,C,,,False,False
36,VENI VIDI VICI,Gaetano,C,7.0,7.0,True,False
36,VENI VIDI VICI,Konè I.,C,6.5,6.5,True,False
36,VENI VIDI VICI,Vitinha O.,A,,,False,False
36,VENI VIDI VICI,Martinez L.,A,5.5,5.0,True,False
36,VENI VIDI VICI,Thuram,A,,,False,False
36,VENI VIDI VICI,Rossi F.,P,,,False,True
36,VENI VIDI VICI,Sportiello,P,5.5,4.5,True,True
36,VENI VIDI VICI,Pellegrini Lu.,D,6.0,6.0,True,True
36,VENI VIDI VICI,Lazaro,D,,,False,True
36,VENI VIDI VICI,Doig,D,,,False,True
36,VENI VIDI VICI,Rugani,D,6.0,6.0,True,True
36,VENI VIDI VICI,Rowe,C,6.5,6.5,True,True
36,VENI VIDI VICI,Volpato,C,,,False,True
36,VENI VIDI VICI,Pierotti,C,6.5,7.0,False,True
36,VENI VIDI VICI,Zerbin,C,5.5,5.5,False,True
36,VENI VIDI VICI,Sorensen O.,C,6.0,6.0,False,True
36,VENI VIDI VICI,Piccoli,A,7.0,10.0,True,True
36,VENI VIDI VICI,Esposito F.P.,A,6.5,9.5,False,True
36,VENI VIDI VICI,Ekuban,A,,,False,True
36,BOVE,Bijlow,P,,,False,False
36,BOVE,Dimarco,D,7.0,10.0,True,False
36,BOVE,Pavlovic,D,5.5,5.0,True,False
36,BOVE,Gabbia,D,5.5,5.5,True,False
36,BOVE,Rensch,D,6.5,6.5,True,False
36,BOVE,Rabiot,C,5.5,5.5,True,False
36,BOVE,Gudmundsson A.,C,6.0,6.0,True,False
36,BOVE,Isaksen,C,,,False,False
36,BOVE,Thorstvedt,C,5.5,5.0,True,False
36,BOVE,Pellegrino M.,A,7.0,11.0,True,False
36,BOVE,Raspadori,A,6.0,6.0,True,False
36,BOVE,Bernardeschi,C,7.0,10.0,True,True
36,BOVE,Elmas,C,5.5,5.5,False,True
36,BOVE,Mkhitaryan,C,6.0,5.5,False,True
36,BOVE,Taylor K.,C,,,False,True
36,BOVE,Skorupski,P,6.0,3.0,True,True
36,BOVE,Ravaglia F.,P,,,False,True
36,BOVE,Olivera,D,6.5,6.5,False,True
36,BOVE,Juan Jesus,D,6.0,6.0,False,True
36,BOVE,Akanji,D,,,False,True
36,BOVE,Edmundsson,D,6.0,6.0,False,True
36,BOVE,David,A,5.5,5.5,False,True
36,BOVE,Morata,A,,,False,True
36,BOVE,Kulenovic,A,,,False,True
36,BOVE,Kean,A,,,False,True
36,DARTH VADER,Perin,P,6.5,4.5,True,False
36,DARTH VADER,Celik,D,6.5,6.5,True,False
36,DARTH VADER,Buongiorno,D,,,False,False
36,DARTH VADER,Gallo,D,6.5,6.5,True,False
36,DARTH VADER,Conceicao,C,6.5,7.5,True,False
36,DARTH VADER,Calhanoglu,C,,,False,False
36,DARTH VADER,Zielinski,C,5.0,3.0,True,False
36,DARTH VADER,Strefezza,C,,,False,False
36,DARTH VADER,Yildiz,A,,,False,False
36,DARTH VADER,Castro S.,A,5.5,5.5,True,False
36,DARTH VADER,Berardi,A,6.0,6.0,True,False
36,DARTH VADER,Kilicsoy,A,,,False,True
36,DARTH VADER,Fullkrug,A,5.5,5.5,True,True
36,DARTH VADER,Bowie,A,5.5,5.5,False,True
36,DARTH VADER,Perrone,C,6.5,6.5,True,True
36,DARTH VADER,Saelemaekers,C,7.0,10.0,True,True
36,DARTH VADER,Ederson D.S.,C,,,False,True
36,DARTH VADER,Oristanio,C,,,False,True
36,DARTH VADER,Vasquez,D,,,False,True
36,DARTH VADER,Gutierrez,D,6.5,6.5,True,True
36,DARTH VADER,Baschirotto,D,,,False,True
36,DARTH VADER,Bozhinov,D,5.0,5.0,False,True
36,DARTH VADER,Bremer,D,,,False,True
36,DARTH VADER,Di Gregorio,P,,,False,True
36,DARTH VADER,Pinsoglio,P,,,False,True
36,BJ EASTONE FC,Butez,P,6.0,5.0,True,False
36,BJ EASTONE FC,Gosens,D,6.0,6.0,True,False
36,BJ EASTONE FC,De Winter,D,,,False,False
36,BJ EASTONE FC,Bisseck,D,5.5,5.5,True,False
36,BJ EASTONE FC,Ramon,D,5.5,5.5,True,False
36,BJ EASTONE FC,Paz N.,C,,,False,False
36,BJ EASTONE FC,Konè M.,C,6.0,6.0,True,False
36,BJ EASTONE FC,Fofana Y.,C,5.0,5.0,True,False
36,BJ EASTONE FC,Luis Henrique,C,6.0,6.0,True,False
36,BJ EASTONE FC,Odgaard,C,6.0,6.0,True,False
36,BJ EASTONE FC,Laurientè,A,5.0,5.0,True,False
36,BJ EASTONE FC,Okoye,P,6.5,5.5,False,True
36,BJ EASTONE FC,Cavlina,P,,,False,True
36,BJ EASTONE FC,Kristensen T.,D,6.0,6.0,True,True
36,BJ EASTONE FC,Smolcic I.,D,6.5,6.5,False,True
36,BJ EASTONE FC,Veiga D.,D,6.0,6.0,False,True
36,BJ EASTONE FC,Odogu,D,,,False,True
36,BJ EASTONE FC,Frattesi,C,,,False,True
36,BJ EASTONE FC,Vergara,C,,,False,True
36,BJ EASTONE FC,Adzic,C,,,False,True
36,BJ EASTONE FC,Ekhator,A,,,False,True
36,BJ EASTONE FC,Ferguson E.,A,,,False,True
36,BJ EASTONE FC,Pinamonti,A,5.5,5.5,False,True
36,BJ EASTONE FC,Buffon L.,A,,,False,True
36,BJ EASTONE FC,Vlahovic,A,7.5,13.5,False,True
36,KKK,De Gea,P,,,False,False
36,KKK,Romagnoli,D,6.0,6.0,True,False
36,KKK,Ostigard,D,,,False,False
36,KKK,Palestra,D,6.5,6.5,True,False
36,KKK,Baldanzi,C,,,False,False
36,KKK,Atta,C,6.5,6.5,True,False
36,KKK,Malinovskyi,C,,,False,False
36,KKK,Pulisic,C,5.0,5.0,True,False
36,KKK,Hojlund,A,7.5,11.5,True,False
36,KKK,Douvikas,A,7.0,11.0,True,False
36,KKK,Vardy,A,6.0,5.5,True,False
36,KKK,Falcone,P,6.5,7.5,True,True
36,KKK,Christensen O.,P,7.5,6.5,False,True
36,KKK,Vojvoda,D,,,False,True
36,KKK,Bellanova,D,5.5,5.5,True,True
36,KKK,Djimsiti,D,6.0,6.0,False,True
36,KKK,Muharemovic,D,,,False,True
36,KKK,Locatelli,C,5.5,5.5,True,True
36,KKK,Loftus-Cheek,C,,,False,True
36,KKK,Casadei,C,7.5,10.5,True,True
36,KKK,Pedro,A,7.0,11.0,False,True
36,KKK,Boga,A,6.0,6.0,False,True
36,KKK,Kuhn,A,,,False,True
36,KKK,Bernasconi,D,,,False,True
36,KKK,Ekkelenkamp,C,,,False,True
36,TEAM ASRSUPERJULIAN,Sommer,P,,,False,False
36,TEAM ASRSUPERJULIAN,Solet,D,6.0,6.0,True,False
36,TEAM ASRSUPERJULIAN,Parisi,D,,,False,False
36,TEAM ASRSUPERJULIAN,Scalvini,D,6.0,6.0,True,False
36,TEAM ASRSUPERJULIAN,Zortea,D,6.0,6.0,True,False
36,TEAM ASRSUPERJULIAN,Messias,C,,,False,False
36,TEAM ASRSUPERJULIAN,Pisilli,C,6.0,6.0,True,False
36,TEAM ASRSUPERJULIAN,Orsolini,C,,,False,False
36,TEAM ASRSUPERJULIAN,Malen,A,6.5,8.5,True,False
36,TEAM ASRSUPERJULIAN,Cheddira,A,6.0,6.0,True,False
36,TEAM ASRSUPERJULIAN,Diao,A,6.5,6.5,True,False
36,TEAM ASRSUPERJULIAN,Provedel,P,,,False,True
36,TEAM ASRSUPERJULIAN,Martinez Jo.,P,5.5,2.5,True,True
36,TEAM ASRSUPERJULIAN,N'Dicka,D,,,False,True
36,TEAM ASRSUPERJULIAN,Floriani Mussolini,D,5.5,5.5,True,True
36,TEAM ASRSUPERJULIAN,Ziolkowski,D,5.5,5.0,False,True
36,TEAM ASRSUPERJULIAN,Gaspar K.,D,,,False,True
36,TEAM ASRSUPERJULIAN,Gandelman,C,6.0,6.0,True,True
36,TEAM ASRSUPERJULIAN,Zaccagni,C,,,False,True
36,TEAM ASRSUPERJULIAN,Prati,C,6.5,6.5,True,True
36,TEAM ASRSUPERJULIAN,Berisha M.,C,,,False,True
36,TEAM ASRSUPERJULIAN,Bondo,C,,,False,True
36,TEAM ASRSUPERJULIAN,Adams C.,A,7.0,11.0,False,True
36,TEAM ASRSUPERJULIAN,Scamacca,A,,,False,True
36,TEAM ASRSUPERJULIAN,Ratkov,A,,,False,True
