giornata,team,player,position,voto,fantavoto,active,on_bench
1,11 CRISTANTE UNITED,Leali,P,6.5,5.5,True,False
1,11 CRISTANTE UNITED,Ehizibue,D,5.5,5.5,True,False
1,11 CRISTANTE UNITED,N'Dicka,D,6.0,6.0,True,False
1,11 CRISTANTE UNITED,Bastoni,D,5.5,5.5,True,False
1,11 CRISTANTE UNITED,Aebischer,C,5.0,5.0,True,False
1,11 CRISTANTE UNITED,Politano,C,6.5,6.5,True,False
1,11 CRISTANTE UNITED,Da Cunha,C,6.0,6.0,True,False
1,11 CRISTANTE UNITED,Calhanoglu,C,7.5,13.5,True,False
1,11 CRISTANTE UNITED,Castro S.,A,5.5,5.5,True,False
1,11 CRISTANTE UNITED,Thuram,A,7.0,10.0,True,False
1,11 CRISTANTE UNITED,Meister,A,6.0,6.0,True,False
1,11 CRISTANTE UNITED,Siegrist,P,,,False,True
1,11 CRISTANTE UNITED,Dimarco,D,6.5,7.5,False,True
1,11 CRISTANTE UNITED,Kalulu,D,5.5,5.5,False,True
1,11 CRISTANTE UNITED,Barella,C,5.5,5.5,False,True
1,11 CRISTANTE UNITED,Juan Jesus,D,,,False,True
1,11 CRISTANTE UNITED,Diego Carlos,D,,,False,True
1,11 CRISTANTE UNITED,Baturina,C,,,False,True
1,11 CRISTANTE UNITED,Moreno Alb.,D,,,False,True
1,11 CRISTANTE UNITED,Nzola,A,6.0,6.0,False,True
1,11 CRISTANTE UNITED,Musah,C,6.0,6.0,False,True
1,11 CRISTANTE UNITED,Brescianini,C,6.0,6.0,False,True
1,11 CRISTANTE UNITED,Bravo,A,7.0,11.0,False,True
1,11 CRISTANTE UNITED,Bonny,A,5.5,5.5,False,True
1,U CAN U UP,Provedel,P,6.0,5.0,True,False
1,U CAN U UP,Tavares N.,D,5.5,5.5,True,False
1,U CAN U UP,Zortea,D,5.5,5.5,True,False
1,U CAN U UP,Di Lorenzo,D,6.5,6.5,True,False
1,U CAN U UP,Vandeputte,C,5.5,5.5,True,False
1,U CAN U UP,Pasalic,C,6.5,6.5,True,False
1,U CAN U UP,Orsolini,C,5.5,5.5,True,False
1,U CAN U UP,Koopmeiners,C,5.0,4.5,True,False
1,U CAN U UP,Gimenez,A,5.0,5.0,True,False
1,U CAN U UP,Hojlund,A,7.0,11.0,True,False
1,U CAN U UP,Yildiz,A,7.0,11.0,True,False
1,U CAN U UP,Mandas,P,,,False,True
1,U CAN U UP,Israel,P,6.0,7.0,False,True
1,U CAN U UP,Gatti,D,6.0,6.0,False,True
1,U CAN U UP,Beukema,D,7.0,10.0,False,True
1,U CAN U UP,Gabbia,D,6.5,6.5,False,True
1,U CAN U UP,Miranda J.,D,5.5,5.0,False,True
1,U CAN U UP,Sohm,C,5.5,5.5,False,True
1,U CAN U UP,Frattesi,C,,,False,True
1,U CAN U UP,Ederson D.S.,C,,,False,True
1,U CAN U UP,Lucca,A,6.0,6.0,False,True
1,U CAN U UP,Camarda,A,5.5,5.5,False,True
1,U CAN U UP,Circati,D,6.0,6.0,False,True
1,U CAN U UP,Fazzini,C,6.5,6.5,False,True
1,U CAN U UP,Douvikas,A,6.0,6.0,False,True
1,LABORATORIO DATI,Caprile,P,7.0,8.0,True,False
1,LABORATORIO DATI,Valeri,D,6.0,6.0,True,False
1,LABORATORIO DATI,Gila,D,6.5,6.5,True,False
1,LABORATORIO DATI,Delprato,D,5.5,5.5,True,False
1,LABORATORIO DATI,Dodò,D,6.0,6.0,True,False
1,LABORATORIO DATI,El Shaarawy,C,6.0,6.0,True,False
1,LABORATORIO DATI,Rabiot,C,6.5,6.5,True,False
1,LABORATORIO DATI,Odgaard,C,6.0,6.0,True,False
1,LABORATORIO DATI,De Roon,C,7.0,7.0,True,False
1,LABORATORIO DATI,Pinamonti,A,6.0,5.5,True,False
1,LABORATORIO DATI,David,A,6.5,7.5,True,False
1,LABORATORIO DATI,Sommer,P,5.0,1.0,False,True
1,LABORATORIO DATI,Suzuki,P,5.0,3.0,False,True
1,LABORATORIO DATI,Martin,D,6.0,6.0,False,True
1,LABORATORIO DATI,Luperto,D,6.5,6.5,False,True
1,LABORATORIO DATI,Gaspar K.,D,4.5,4.5,False,True
1,LABORATORIO DATI,Palma,D,,,False,True
1,LABORATORIO DATI,Mandragora,C,6.0,6.0,False,True
1,LABORATORIO DATI,Neres,C,6.0,6.0,False,True
1,LABORATORIO DATI,Conceicao,C,,,False,True
1,LABORATORIO DATI,Frendrup,C,5.5,5.5,False,True
1,LABORATORIO DATI,Morata,A,5.5,6.0,False,True
1,LABORATORIO DATI,Simeone,A,7.5,11.5,False,True
1,LABORATORIO DATI,Piccoli,A,5.5,5.5,False,True
1,LABORATORIO DATI,Zapata D.,A,,,False,True
1,KKK,Carnesecchi,P,6.0,5.0,True,False
1,KKK,Gosens,D,6.5,6.5,True,False
1,KKK,Bellanova,D,6.5,6.5,True,False
1,KKK,Buongiorno,D,6.0,6.0,True,False
1,KKK,Wesley,D,5.0,4.5,True,False
1,KKK,Konè M.,C,5.5,5.5,True,False
1,KKK,Modric,C,7.5,11.5,True,False
1,KKK,McTominay,C,6.5,6.5,True,False
1,KKK,Dzeko,A,5.0,5.0,True,False
1,KKK,Vlahovic,A,5.0,5.0,True,False
1,KKK,Esposito Se.,A,6.0,5.5,True,False
1,KKK,Sportiello,P,,,False,True
1,KKK,Audero,P,7.5,8.5,False,True
1,KKK,Hermoso,D,6.0,6.0,False,True
1,KKK,Vasquez,D,6.0,6.0,False,True
1,KKK,Terracciano F.,D,5.5,5.5,False,True
1,KKK,Carlos Augusto,D,6.5,7.5,False,True
1,KKK,Atta,C,7.0,7.0,False,True
1,KKK,Zerbin,C,5.5,5.5,False,True
1,KKK,Freuler,C,5.5,5.5,False,True
1,KKK,Thorstvedt,C,,,False,True
1,KKK,Oristanio,C,6.0,6.0,False,True
1,KKK,Dovbyk,A,,,False,True
1,KKK,Adams C.,A,6.0,6.0,False,True
1,KKK,Dominguez B.,A,,,False,True
1,CUORE LAZIALE,Maignan,P,6.0,7.0,True,False
1,CUORE LAZIALE,Pellegrini Lu.,D,,,False,False
1,CUORE LAZIALE,Angori,D,5.5,5.5,True,False
1,CUORE LAZIALE,Estupinan,D,6.0,5.5,True,False
1,CUORE LAZIALE,Zaniolo,C,5.5,5.5,True,False
1,CUORE LAZIALE,Stanciu,C,,,False,False
1,CUORE LAZIALE,Loftus-Cheek,C,6.5,6.5,True,False
1,CUORE LAZIALE,Maldini,C,6.0,6.0,True,False
1,CUORE LAZIALE,De Ketelaere,A,8.0,15.0,True,False
1,CUORE LAZIALE,Pellegrino M.,A,5.5,5.5,True,False
1,CUORE LAZIALE,Soulè,A,6.5,6.5,True,False
1,CUORE LAZIALE,Terracciano,P,6.0,7.0,False,True
1,CUORE LAZIALE,Torriani,P,,,False,True
1,CUORE LAZIALE,Kristensen T.,D,7.0,7.0,True,True
1,CUORE LAZIALE,Kelly L.,D,7.0,10.0,False,True
1,CUORE LAZIALE,Lazaro,D,6.0,6.0,False,True
1,CUORE LAZIALE,Darmian,D,,,False,True
1,CUORE LAZIALE,Cambiaso,D,,,False,True
1,CUORE LAZIALE,Cristante,C,6.0,6.0,True,True
1,CUORE LAZIALE,Isaksen,C,,,False,True
1,CUORE LAZIALE,Stengs,C,,,False,True
1,CUORE LAZIALE,Carboni V.,C,6.5,6.5,False,True
1,CUORE LAZIALE,Laurientè,A,6.0,6.0,False,True
1,CUORE LAZIALE,Stulic,A,5.5,5.5,False,True
1,CUORE LAZIALE,Leao,A,,,False,True
1,TEAM ZTOTTI,Sava,P,5.5,6.5,True,False
1,TEAM ZTOTTI,Lovik,D,6.0,6.0,True,False
1,TEAM ZTOTTI,Djimsiti,D,,,False,False
1,TEAM ZTOTTI,Solet,D,6.5,6.5,True,False
1,TEAM ZTOTTI,Vojvoda,D,5.5,5.5,True,False
1,TEAM ZTOTTI,Vazquez,C,6.0,6.0,True,False
1,TEAM ZTOTTI,Paz N.,C,7.0,10.0,True,False
1,TEAM ZTOTTI,Zalewski,C,7.5,11.5,True,False
1,TEAM ZTOTTI,Berardi,A,6.5,6.5,True,False
1,TEAM ZTOTTI,Buksa,A,6.0,6.0,True,False
1,TEAM ZTOTTI,Dybala,A,5.5,5.5,True,False
1,TEAM ZTOTTI,Skorupski,P,6.0,4.5,False,True
1,TEAM ZTOTTI,Falcone,P,5.5,1.5,False,True
1,TEAM ZTOTTI,Zanoli,D,,,False,True
1,TEAM ZTOTTI,Gallo,D,4.5,4.5,True,True
1,TEAM ZTOTTI,De Vrij,D,,,False,True
1,TEAM ZTOTTI,Folorunsho,C,6.0,6.0,False,True
1,TEAM ZTOTTI,Miller L.,C,,,False,True
1,TEAM ZTOTTI,Lobotka,C,6.0,6.0,False,True
1,TEAM ZTOTTI,Casadei,C,6.0,6.0,False,True
1,TEAM ZTOTTI,Lookman,A,,,False,True
1,TEAM ZTOTTI,Kilicsoy,A,,,False,True
1,TEAM ZTOTTI,Lang,A,,,False,True
1,BTGCBUGC,Perin,P,,,False,False
1,BTGCBUGC,Scalvini,D,7.0,10.0,True,False
1,BTGCBUGC,Ramon,D,5.5,4.5,True,False
1,BTGCBUGC,Dumfries,D,6.0,6.0,True,False
1,BTGCBUGC,Zaccagni,C,6.5,6.5,True,False
1,BTGCBUGC,Tramoni M.,C,5.5,5.5,True,False
1,BTGCBUGC,Thuram K.,C,7.0,10.0,True,False
1,BTGCBUGC,Saelemaekers,C,6.5,7.0,True,False
1,BTGCBUGC,Krstovic,A,6.5,8.5,True,False
1,BTGCBUGC,Belotti,A,5.5,5.5,True,False
1,BTGCBUGC,Kean,A,5.5,5.5,True,False
1,BTGCBUGC,Martinez Jo.,P,,,False,True
1,BTGCBUGC,Di Gregorio,P,6.0,3.0,True,True
1,BTGCBUGC,Cuadrado,D,,,False,True
1,BTGCBUGC,Pavlovic,D,6.0,6.0,False,True
1,BTGCBUGC,Vitik,D,,,False,True
1,BTGCBUGC,Canestrelli,D,5.0,5.0,False,True
1,BTGCBUGC,Palestra,D,6.5,6.5,False,True
1,BTGCBUGC,Serdar,C,7.0,6.5,False,True
1,BTGCBUGC,Locatelli,C,6.5,6.0,False,True
1,BTGCBUGC,Collocolo,C,5.5,5.0,False,True
1,BTGCBUGC,Samardzic,C,6.0,6.0,False,True
1,BTGCBUGC,Giovane,A,6.0,5.5,False,True
1,BTGCBUGC,Vardy,A,6.0,6.0,False,True
1,BTGCBUGC,Colombo,A,5.0,5.0,False,True
1,TEAM JODIODDR,Svilar,P,6.5,5.5,True,False
1,TEAM JODIODDR,Hien,D,6.5,6.5,True,False
1,TEAM JODIODDR,Baschirotto,D,5.0,5.0,True,False
1,TEAM JODIODDR,Zappacosta,D,,,False,False
1,TEAM JODIODDR,Valle,D,6.0,5.5,True,False
1,TEAM JODIODDR,Pulisic,C,7.0,7.0,True,False
1,TEAM JODIODDR,Zambo Anguissa,C,6.5,7.5,True,False
1,TEAM JODIODDR,Masini,C,5.5,5.5,True,False
1,TEAM JODIODDR,Orban G.,A,6.0,6.0,True,False
1,TEAM JODIODDR,Castellanos,A,5.5,5.5,True,False
1,TEAM JODIODDR,Ngonge,A,6.0,7.0,True,False
1,TEAM JODIODDR,Gollini,P,,,False,True
1,TEAM JODIODDR,Vasquez D.,P,,,False,True
1,TEAM JODIODDR,Rensch,D,,,False,True
1,TEAM JODIODDR,Joao Mario,D,,,False,True
1,TEAM JODIODDR,Bisseck,D,,,False,True
1,TEAM JODIODDR,Tiago Gabriel,D,,,False,True
1,TEAM JODIODDR,Lovric,C,,,False,True
1,TEAM JODIODDR,El Aynaoui,C,6.0,6.0,False,True
1,TEAM JODIODDR,Pisilli,C,5.5,5.5,False,True
1,PREMIER LEAGUE SLOPS,De Gea,P,7.0,4.0,True,False
1,PREMIER LEAGUE SLOPS,Angelino,D,5.5,5.0,True,False
1,PREMIER LEAGUE SLOPS,Mina,D,7.0,11.0,True,False
1,PREMIER LEAGUE SLOPS,Tomori,D,6.0,5.5,True,False
1,PREMIER LEAGUE SLOPS,Dele-Bashiru,C,5.5,5.5,True,False
1,PREMIER LEAGUE SLOPS,De Bruyne,C,7.0,9.0,True,False
1,PREMIER LEAGUE SLOPS,Guendouzi,C,5.5,5.5,True,False
1,PREMIER LEAGUE SLOPS,Bernabè,C,6.5,6.5,True,False
1,PREMIER LEAGUE SLOPS,Cambiaghi,A,5.5,5.5,True,False
1,PREMIER LEAGUE SLOPS,Ferguson E.,A,5.5,5.5,True,False
1,PREMIER LEAGUE SLOPS,Davis K.,A,6.0,6.0,True,False
1,PREMIER LEAGUE SLOPS,Martinelli T.,P,,,False,True
1,PREMIER LEAGUE SLOPS,Tsimikas,D,,,False,True
1,PREMIER LEAGUE SLOPS,Olivera,D,6.0,6.0,False,True
1,PREMIER LEAGUE SLOPS,Akanji,D,6.0,6.0,False,True
1,PREMIER LEAGUE SLOPS,Lamptey,D,,,False,True
1,PREMIER LEAGUE SLOPS,Gutierrez,D,,,False,True
1,PREMIER LEAGUE SLOPS,Perrone,C,5.5,5.5,False,True
1,PREMIER LEAGUE SLOPS,Matic,C,6.0,5.5,False,True
1,PREMIER LEAGUE SLOPS,Vlasic,C,6.5,6.5,False,True
1,PREMIER LEAGUE SLOPS,Cornet,C,,,False,True
1,PREMIER LEAGUE SLOPS,Sulemana K.,A,6.0,6.0,False,True
1,PREMIER LEAGUE SLOPS,Pedro,A,6.0,6.0,False,True
1,PREMIER LEAGUE SLOPS,Scamacca,A,,,False,True
1,PREMIER LEAGUE SLOPS,Lezzerini,P,,,False,True
1,TEAM ASBOVE,Meret,P,,,False,False
1,TEAM ASBOVE,Bremer,D,7.5,9.5,True,False
1,TEAM ASBOVE,Acerbi,D,6.0,5.5,True,False
1,TEAM ASBOVE,Mancini,D,6.0,6.0,True,False
1,TEAM ASBOVE,Rowe,C,6.0,6.0,True,False
1,TEAM ASBOVE,Pellegrini Lo.,C,,,False,False
1,TEAM ASBOVE,Sucic P.,C,,,False,False
1,TEAM ASBOVE,Fofana Y.,C,6.0,6.0,True,False
1,TEAM ASBOVE,Rodriguez Je.,A,5.5,5.5,True,False
1,TEAM ASBOVE,Martinez L.,A,5.0,5.0,True,False
1,TEAM ASBOVE,Nkunku,A,,,False,False
1,TEAM ASBOVE,Milinkovic-Savic V.,P,5.5,4.5,True,True
1,TEAM ASBOVE,Butez,P,6.0,5.0,False,True
1,TEAM ASBOVE,Norton-Cuffy,D,6.5,6.5,False,True
1,TEAM ASBOVE,Biraghi,D,6.0,6.0,False,True
1,TEAM ASBOVE,Lucumì,D,5.5,5.5,False,True
1,TEAM ASBOVE,Floriani Mussolini,D,,,False,True
1,TEAM ASBOVE,Heggem,D,6.0,6.0,False,True
1,TEAM ASBOVE,Tourè I.,C,6.5,6.5,True,True
1,TEAM ASBOVE,Mkhitaryan,C,5.5,5.0,True,True
1,TEAM ASBOVE,Bernardeschi,C,5.5,5.5,False,True
1,TEAM ASBOVE,Zhegrova,C,,,False,True
1,TEAM ASBOVE,Cutrone,A,5.0,5.0,True,True
1,TEAM ASBOVE,Dia,A,5.5,5.5,False,True
1,TEAM ASBOVE,Openda,A,6.0,6.0,False,True
2,KKK,Carnesecchi,P,7.0,10.0,True,False
2,KKK,Gosens,D,5.5,5.5,True,False
2,KKK,Bellanova,D,6.5,6.5,True,False
2,KKK,Buongiorno,D,6.5,6.5,True,False
2,KKK,Carlos Augusto,D,6.5,6.5,True,False
2,KKK,Konè M.,C,7.0,7.0,True,False
2,KKK,Modric,C,7.0,7.0,True,False
2,KKK,McTominay,C,6.5,7.5,True,False
2,KKK,Atta,C,6.0,5.5,True,False
2,KKK,Esposito Se.,A,6.5,6.0,True,False
2,KKK,Vlahovic,A,5.5,5.5,True,False
2,KKK,Sportiello,P,,,False,True
2,KKK,Audero,P,6.5,7.5,False,True
2,KKK,Vasquez,D,6.0,6.0,False,True
2,KKK,Wesley,D,,,False,True
2,KKK,Hermoso,D,,,False,True
2,KKK,Terracciano F.,D,6.0,6.0,False,True
2,KKK,Zerbin,C,5.5,5.5,False,True
2,KKK,Freuler,C,6.0,6.0,False,True
2,KKK,Thorstvedt,C,6.0,6.0,False,True
2,KKK,Oristanio,C,6.0,6.0,False,True
2,KKK,Dzeko,A,6.0,6.0,False,True
2,KKK,Dovbyk,A,5.5,5.5,False,True
2,KKK,Adams C.,A,5.5,5.5,False,True
2,KKK,Dominguez B.,A,5.5,5.5,False,True
2,11 CRISTANTE UNITED,Leali,P,6.5,4.5,True,False
2,11 CRISTANTE UNITED,Ehizibue,D,5.0,5.0,True,False
2,11 CRISTANTE UNITED,N'Dicka,D,6.0,5.5,True,False
2,11 CRISTANTE UNITED,Bastoni,D,,,False,False
2,11 CRISTANTE UNITED,Aebischer,C,6.0,6.0,True,False
2,11 CRISTANTE UNITED,Politano,C,6.5,6.5,True,False
2,11 CRISTANTE UNITED,Da Cunha,C,,,False,False
2,11 CRISTANTE UNITED,Calhanoglu,C,6.0,5.5,True,False
2,11 CRISTANTE UNITED,Castro S.,A,7.0,10.0,True,False
2,11 CRISTANTE UNITED,Thuram,A,6.0,6.0,True,False
2,11 CRISTANTE UNITED,Meister,A,5.5,5.5,True,False
2,11 CRISTANTE UNITED,Siegrist,P,,,False,True
2,11 CRISTANTE UNITED,Dimarco,D,7.0,9.5,True,True
2,11 CRISTANTE UNITED,Kalulu,D,6.0,6.0,False,True
2,11 CRISTANTE UNITED,Barella,C,6.0,6.0,True,True
2,11 CRISTANTE UNITED,Juan Jesus,D,,,False,True
2,11 CRISTANTE UNITED,Diego Carlos,D,6.5,6.5,False,True
2,11 CRISTANTE UNITED,Baturina,C,,,False,True
2,11 CRISTANTE UNITED,Moreno Alb.,D,,,False,True
2,11 CRISTANTE UNITED,Nzola,A,7.0,9.0,False,True
2,11 CRISTANTE UNITED,Musah,C,,,False,True
2,11 CRISTANTE UNITED,Brescianini,C,,,False,True
2,11 CRISTANTE UNITED,Bravo,A,5.5,5.5,False,True
2,11 CRISTANTE UNITED,Bonny,A,6.0,6.0,False,True
2,TEAM JODIODDR,Svilar,P,6.0,7.0,True,False
2,TEAM JODIODDR,Hien,D,6.0,6.0,True,False
2,TEAM JODIODDR,Baschirotto,D,6.5,6.5,True,False
2,TEAM JODIODDR,Rensch,D,7.0,7.0,True,False
2,TEAM JODIODDR,Valle,D,6.0,6.0,True,False
2,TEAM JODIODDR,Pulisic,C,8.5,16.5,True,False
2,TEAM JODIODDR,Zambo Anguissa,C,6.0,6.0,True,False
2,TEAM JODIODDR,El Aynaoui,C,,,False,False
2,TEAM JODIODDR,Gudmundsson A.,C,,,False,False
2,TEAM JODIODDR,Castellanos,A,6.0,6.0,True,False
2,TEAM JODIODDR,Ngonge,A,,,False,False
2,TEAM JODIODDR,Gollini,P,,,False,True
2,TEAM JODIODDR,Vasquez D.,P,,,False,True
2,TEAM JODIODDR,Joao Mario,D,5.0,5.0,False,True
2,TEAM JODIODDR,Bisseck,D,,,False,True
2,TEAM JODIODDR,Tiago Gabriel,D,6.0,8.5,False,True
2,TEAM JODIODDR,Zappacosta,D,6.5,7.0,False,True
2,TEAM JODIODDR,Masini,C,5.5,5.0,True,True
2,TEAM JODIODDR,Pisilli,C,6.0,6.0,True,True
2,TEAM JODIODDR,Lovric,C,,,False,True
2,TEAM JODIODDR,Orban G.,A,7.5,10.0,True,True
2,PREMIER LEAGUE SLOPS,De Gea,P,6.0,4.0,True,False
2,PREMIER LEAGUE SLOPS,Angelino,D,6.0,6.0,True,False
2,PREMIER LEAGUE SLOPS,Mina,D,6.5,6.5,True,False
2,PREMIER LEAGUE SLOPS,Tomori,D,6.5,6.5,True,False
2,PREMIER LEAGUE SLOPS,Olivera,D,,,False,False
2,PREMIER LEAGUE SLOPS,Vlasic,C,5.5,5.5,True,False
2,PREMIER LEAGUE SLOPS,De Bruyne,C,5.5,5.5,True,False
2,PREMIER LEAGUE SLOPS,Bernabè,C,6.5,6.5,True,False
2,PREMIER LEAGUE SLOPS,Cambiaghi,A,7.0,8.0,True,False
2,PREMIER LEAGUE SLOPS,Ferguson E.,A,6.0,6.0,True,False
2,PREMIER LEAGUE SLOPS,Davis K.,A,5.5,5.5,True,False
2,PREMIER LEAGUE SLOPS,Martinelli T.,P,,,False,True
2,PREMIER LEAGUE SLOPS,Akanji,D,6.0,6.0,True,True
2,PREMIER LEAGUE SLOPS,Tsimikas,D,,,False,True
2,PREMIER LEAGUE SLOPS,Lamptey,D,6.0,6.0,False,True
2,PREMIER LEAGUE SLOPS,Gutierrez,D,,,False,True
2,PREMIER LEAGUE SLOPS,Perrone,C,6.0,6.0,False,True
2,PREMIER LEAGUE SLOPS,Matic,C,5.5,5.5,False,True
2,PREMIER LEAGUE SLOPS,Guendouzi,C,6.0,5.0,False,True
2,PREMIER LEAGUE SLOPS,Dele-Bashiru,C,,,False,True
2,PREMIER LEAGUE SLOPS,Cornet,C,,,False,True
2,PREMIER LEAGUE SLOPS,Sulemana K.,A,7.5,11.5,False,True
2,PREMIER LEAGUE SLOPS,Pedro,A,6.0,6.0,False,True
2,PREMIER LEAGUE SLOPS,Scamacca,A,,,False,True
2,PREMIER LEAGUE SLOPS,Lezzerini,P,,,False,True
2,TEAM ZTOTTI,Skorupski,P,6.5,5.5,True,False
2,TEAM ZTOTTI,Lovik,D,,,False,False
2,TEAM ZTOTTI,Solet,D,5.5,5.5,True,False
2,TEAM ZTOTTI,Djimsiti,D,6.0,6.0,True,False
2,TEAM ZTOTTI,Vojvoda,D,5.5,5.0,True,False
2,TEAM ZTOTTI,Zalewski,C,,,False,False
2,TEAM ZTOTTI,Paz N.,C,7.0,8.5,True,False
2,TEAM ZTOTTI,Lobotka,C,6.0,6.5,True,False
2,TEAM ZTOTTI,Casadei,C,5.5,5.5,True,False
2,TEAM ZTOTTI,Lang,A,,,False,False
2,TEAM ZTOTTI,Berardi,A,6.5,7.5,True,False
2,TEAM ZTOTTI,Falcone,P,6.5,4.5,False,True
2,TEAM ZTOTTI,Sava,P,5.0,2.0,False,True
2,TEAM ZTOTTI,Gallo,D,5.0,5.0,True,True
2,TEAM ZTOTTI,Zanoli,D,6.0,6.0,False,True
2,TEAM ZTOTTI,De Vrij,D,,,False,True
2,TEAM ZTOTTI,Vazquez,C,6.5,6.5,True,True
2,TEAM ZTOTTI,Miller L.,C,,,False,True
2,TEAM ZTOTTI,Folorunsho,C,6.5,6.5,False,True
2,TEAM ZTOTTI,Buksa,A,5.5,5.5,True,True
2,TEAM ZTOTTI,Kilicsoy,A,6.0,6.0,False,True
2,TEAM ZTOTTI,Lookman,A,,,False,True
2,BTGCBUGC,Martinez Jo.,P,6.5,5.5,True,False
2,BTGCBUGC,Palestra,D,7.0,8.0,True,False
2,BTGCBUGC,Pavlovic,D,6.5,6.5,True,False
2,BTGCBUGC,Dumfries,D,6.0,6.0,True,False
2,BTGCBUGC,Zaccagni,C,5.5,5.5,True,False
2,BTGCBUGC,Thuram K.,C,6.0,6.0,True,False
2,BTGCBUGC,Locatelli,C,5.5,5.5,True,False
2,BTGCBUGC,Saelemaekers,C,7.0,7.0,True,False
2,BTGCBUGC,Krstovic,A,7.5,14.5,True,False
2,BTGCBUGC,Belotti,A,7.5,13.5,True,False
2,BTGCBUGC,Kean,A,5.5,5.5,True,False
2,BTGCBUGC,Perin,P,,,False,True
2,BTGCBUGC,Di Gregorio,P,6.5,5.5,False,True
2,BTGCBUGC,Vitik,D,6.0,6.0,False,True
2,BTGCBUGC,Collocolo,C,,,False,True
2,BTGCBUGC,Samardzic,C,7.0,8.0,False,True
2,BTGCBUGC,Serdar,C,6.5,6.5,False,True
2,BTGCBUGC,Tramoni M.,C,5.5,5.5,False,True
2,BTGCBUGC,Vardy,A,,,False,True
2,BTGCBUGC,Giovane,A,6.0,6.0,False,True
2,BTGCBUGC,Colombo,A,5.5,5.5,False,True
2,BTGCBUGC,Scalvini,D,,,False,True
2,BTGCBUGC,Cuadrado,D,6.0,6.0,False,True
2,BTGCBUGC,Ramon,D,,,False,True
2,BTGCBUGC,Canestrelli,D,5.5,5.5,False,True
2,U CAN U UP,Provedel,P,6.5,5.5,True,False
2,U CAN U UP,Tavares N.,D,5.0,5.0,True,False
2,U CAN U UP,Zortea,D,5.5,5.5,True,False
2,U CAN U UP,Di Lorenzo,D,5.0,5.0,True,False
2,U CAN U UP,Beukema,D,5.0,5.0,True,False
2,U CAN U UP,Fazzini,C,5.5,5.5,True,False
2,U CAN U UP,Pasalic,C,6.0,6.0,True,False
2,U CAN U UP,Orsolini,C,6.5,9.5,True,False
2,U CAN U UP,Gimenez,A,5.5,5.5,True,False
2,U CAN U UP,Hojlund,A,5.5,5.5,True,False
2,U CAN U UP,Yildiz,A,6.0,6.0,True,False
2,U CAN U UP,Mandas,P,,,False,True
2,U CAN U UP,Israel,P,6.0,3.0,False,True
2,U CAN U UP,Gatti,D,6.0,5.5,False,True
2,U CAN U UP,Gabbia,D,6.0,6.0,False,True
2,U CAN U UP,Miranda J.,D,5.5,5.5,False,True
2,U CAN U UP,Koopmeiners,C,5.5,5.0,False,True
2,U CAN U UP,Sohm,C,5.5,5.0,False,True
2,U CAN U UP,Frattesi,C,6.0,6.0,False,True
2,U CAN U UP,Ederson D.S.,C,,,False,True
2,U CAN U UP,Lucca,A,7.0,11.0,False,True
2,U CAN U UP,Camarda,A,6.0,6.0,False,True
2,U CAN U UP,Circati,D,6.5,6.5,False,True
2,U CAN U UP,Douvikas,A,5.5,5.5,False,True
2,U CAN U UP,Vandeputte,C,5.5,5.5,False,True
2,CUORE LAZIALE,Terracciano,P,6.0,7.0,True,False
2,CUORE LAZIALE,Estupinan,D,6.5,6.5,True,False
2,CUORE LAZIALE,Kelly L.,D,5.5,5.0,True,False
2,CUORE LAZIALE,Darmian,D,,,False,False
2,CUORE LAZIALE,Cambiaso,D,5.5,5.5,True,False
2,CUORE LAZIALE,Maldini,C,,,False,False
2,CUORE LAZIALE,Loftus-Cheek,C,6.5,6.5,True,False
2,CUORE LAZIALE,Stanciu,C,,,False,False
2,CUORE LAZIALE,Stulic,A,5.0,5.0,True,False
2,CUORE LAZIALE,Pellegrino M.,A,6.0,6.0,True,False
2,CUORE LAZIALE,Soulè,A,6.5,7.5,True,False
2,CUORE LAZIALE,Maignan,P,,,False,True
2,CUORE LAZIALE,Torriani,P,,,False,True
2,CUORE LAZIALE,Angori,D,6.5,7.5,True,True
2,CUORE LAZIALE,Lazaro,D,5.0,5.0,False,True
2,CUORE LAZIALE,Kristensen T.,D,5.0,5.0,False,True
2,CUORE LAZIALE,Pellegrini Lu.,D,6.0,6.0,False,True
2,CUORE LAZIALE,Zaniolo,C,6.0,6.0,True,True
2,CUORE LAZIALE,Carboni V.,C,5.0,4.5,True,True
2,CUORE LAZIALE,Stengs,C,,,False,True
2,CUORE LAZIALE,Cristante,C,6.0,6.0,False,True
2,CUORE LAZIALE,Isaksen,C,,,False,True
2,CUORE LAZIALE,Laurientè,A,6.0,6.0,False,True
2,CUORE LAZIALE,De Ketelaere,A,,,False,True
2,CUORE LAZIALE,Leao,A,,,False,True
2,TEAM ASBOVE,Meret,P,6.5,4.5,True,False
2,TEAM ASBOVE,Bremer,D,,,False,False
2,TEAM ASBOVE,Mancini,D,6.0,6.0,True,False
2,TEAM ASBOVE,Biraghi,D,5.0,5.0,True,False
2,TEAM ASBOVE,Norton-Cuffy,D,5.5,5.0,True,False
2,TEAM ASBOVE,Pellegrini Lo.,C,7.0,11.0,True,False
2,TEAM ASBOVE,Sucic P.,C,7.0,8.0,True,False
2,TEAM ASBOVE,Zhegrova,C,,,False,False
2,TEAM ASBOVE,Cutrone,A,5.5,5.5,True,False
2,TEAM ASBOVE,Martinez L.,A,6.0,6.0,True,False
2,TEAM ASBOVE,Nkunku,A,6.0,6.0,True,False
2,TEAM ASBOVE,Milinkovic-Savic V.,P,,,False,True
2,TEAM ASBOVE,Butez,P,6.0,5.0,False,True
2,TEAM ASBOVE,Acerbi,D,6.0,6.0,True,True
2,TEAM ASBOVE,Lucumì,D,,,False,True
2,TEAM ASBOVE,Floriani Mussolini,D,6.0,6.0,False,True
2,TEAM ASBOVE,Heggem,D,6.0,6.0,False,True
2,TEAM ASBOVE,Mkhitaryan,C,,,False,True
2,TEAM ASBOVE,Fofana Y.,C,7.0,10.0,True,True
2,TEAM ASBOVE,Rowe,C,,,False,True
2,TEAM ASBOVE,Bernardeschi,C,5.5,5.0,False,True
2,TEAM ASBOVE,Tourè I.,C,,,False,True
2,TEAM ASBOVE,Openda,A,6.0,6.0,False,True
2,TEAM ASBOVE,Rodriguez Je.,A,6.5,6.5,False,True
2,TEAM ASBOVE,Dia,A,5.0,5.0,False,True
2,LABORATORIO DATI,Caprile,P,6.5,5.5,True,False
2,LABORATORIO DATI,Valeri,D,6.0,6.0,True,False
2,LABORATORIO DATI,Delprato,D,6.0,6.0,True,False
2,LABORATORIO DATI,Luperto,D,5.5,5.5,True,False
2,LABORATORIO DATI,Dodò,D,5.5,5.0,True,False
2,LABORATORIO DATI,Conceicao,C,7.0,10.0,True,False
2,LABORATORIO DATI,Rabiot,C,7.0,8.0,True,False
2,LABORATORIO DATI,Odgaard,C,,,False,False
2,LABORATORIO DATI,Morata,A,5.5,5.5,True,False
2,LABORATORIO DATI,David,A,6.0,6.0,True,False
2,LABORATORIO DATI,Simeone,A,6.0,6.0,True,False
2,LABORATORIO DATI,Sommer,P,,,False,True
2,LABORATORIO DATI,Suzuki,P,6.0,7.0,False,True
2,LABORATORIO DATI,Gila,D,5.5,5.0,False,True
2,LABORATORIO DATI,Martin,D,6.0,6.0,False,True
2,LABORATORIO DATI,Gaspar K.,D,5.5,5.5,False,True
2,LABORATORIO DATI,Palma,D,,,False,True
2,LABORATORIO DATI,Neres,C,,,False,True
2,LABORATORIO DATI,Mandragora,C,7.0,10.0,True,True
2,LABORATORIO DATI,El Shaarawy,C,,,False,True
2,LABORATORIO DATI,De Roon,C,6.5,6.5,False,True
2,LABORATORIO DATI,Frendrup,C,6.0,6.0,False,True
2,LABORATORIO DATI,Piccoli,A,5.0,5.0,False,True
2,LABORATORIO DATI,Zapata D.,A,5.0,3.0,False,True
2,LABORATORIO DATI,Pinamonti,A,6.0,6.0,False,True
3,11 CRISTANTE UNITED,Leali,P,6.0,3.0,True,False
3,11 CRISTANTE UNITED,Ehizibue,D,5.5,5.0,True,False
3,11 CRISTANTE UNITED,N'Dicka,D,5.5,5.5,True,False
3,11 CRISTANTE UNITED,Bastoni,D,7.0,8.0,True,False
3,11 CRISTANTE UNITED,Aebischer,C,6.0,6.0,True,False
3,11 CRISTANTE UNITED,Politano,C,6.0,6.0,True,False
3,11 CRISTANTE UNITED,Da Cunha,C,6.0,5.5,True,False
3,11 CRISTANTE UNITED,Calhanoglu,C,6.5,6.5,True,False
3,11 CRISTANTE UNITED,Castro S.,A,6.0,6.0,True,False
3,11 CRISTANTE UNITED,Thuram,A,6.5,6.5,True,False
3,11 CRISTANTE UNITED,Nzola,A,6.0,6.0,True,False
3,11 CRISTANTE UNITED,Siegrist,P,,,False,True
3,11 CRISTANTE UNITED,Dimarco,D,7.0,8.0,False,True
3,11 CRISTANTE UNITED,Kalulu,D,6.5,6.5,False,True
3,11 CRISTANTE UNITED,Barella,C,6.5,6.0,False,True
3,11 CRISTANTE UNITED,Juan Jesus,D,5.5,5.5,False,True
3,11 CRISTANTE UNITED,Diego Carlos,D,6.0,6.0,False,True
3,11 CRISTANTE UNITED,Baturina,C,,,False,True
3,11 CRISTANTE UNITED,Moreno Alb.,D,,,False,True
3,11 CRISTANTE UNITED,Musah,C,6.0,6.0,False,True
3,11 CRISTANTE UNITED,Brescianini,C,,,False,True
3,11 CRISTANTE UNITED,Bonny,A,,,False,True
3,11 CRISTANTE UNITED,Bravo,A,,,False,True
3,11 CRISTANTE UNITED,Meister,A,6.0,6.0,False,True
3,TEAM ASBOVE,Butez,P,6.0,5.0,True,False
3,TEAM ASBOVE,Bremer,D,5.5,5.5,True,False
3,TEAM ASBOVE,Mancini,D,6.0,6.0,True,False
3,TEAM ASBOVE,Lucumì,D,5.5,5.5,True,False
3,TEAM ASBOVE,Acerbi,D,,,False,False
3,TEAM ASBOVE,Pellegrini Lo.,C,6.0,6.0,True,False
3,TEAM ASBOVE,Mkhitaryan,C,6.5,6.5,True,False
3,TEAM ASBOVE,Zhegrova,C,6.5,6.5,True,False
3,TEAM ASBOVE,Openda,A,5.0,5.0,True,False
3,TEAM ASBOVE,Martinez L.,A,7.0,11.0,True,False
3,TEAM ASBOVE,Rodriguez Je.,A,5.0,5.0,True,False
3,TEAM ASBOVE,Meret,P,6.0,4.0,False,True
3,TEAM ASBOVE,Milinkovic-Savic V.,P,,,False,True
3,TEAM ASBOVE,Biraghi,D,5.5,5.5,True,True
3,TEAM ASBOVE,Heggem,D,6.0,6.0,False,True
3,TEAM ASBOVE,Norton-Cuffy,D,5.0,4.5,False,True
3,TEAM ASBOVE,Floriani Mussolini,D,6.0,5.5,False,True
3,TEAM ASBOVE,Bernardeschi,C,5.0,4.5,False,True
3,TEAM ASBOVE,Rowe,C,6.5,6.5,False,True
3,TEAM ASBOVE,Fofana Y.,C,6.5,7.5,False,True
3,TEAM ASBOVE,Sucic P.,C,,,False,True
3,TEAM ASBOVE,Tourè I.,C,6.5,6.5,False,True
3,TEAM ASBOVE,Dia,A,6.0,6.0,False,True
3,TEAM ASBOVE,Cutrone,A,5.5,5.5,False,True
3,TEAM ASBOVE,Nkunku,A,,,False,True
3,LABORATORIO DATI,Sommer,P,,,False,False
3,LABORATORIO DATI,Martin,D,5.5,5.5,True,False
3,LABORATORIO DATI,Delprato,D,6.0,5.5,True,False
3,LABORATORIO DATI,Luperto,D,5.5,5.5,True,False
3,LABORATORIO DATI,Dodò,D,5.0,5.0,True,False
3,LABORATORIO DATI,Conceicao,C,,,False,False
3,LABORATORIO DATI,Rabiot,C,6.5,6.0,True,False
3,LABORATORIO DATI,Mandragora,C,5.5,5.5,True,False
3,LABORATORIO DATI,Pinamonti,A,6.0,6.0,True,False
3,LABORATORIO DATI,David,A,,,False,False
3,LABORATORIO DATI,Simeone,A,5.5,5.5,True,False
3,LABORATORIO DATI,Caprile,P,6.5,4.5,True,True
3,LABORATORIO DATI,Suzuki,P,6.0,5.0,False,True
3,LABORATORIO DATI,Gila,D,6.5,6.5,False,True
3,LABORATORIO DATI,Valeri,D,7.0,8.0,False,True
3,LABORATORIO DATI,Gaspar K.,D,6.0,5.5,False,True
3,LABORATORIO DATI,Palma,D,4.5,4.5,False,True
3,LABORATORIO DATI,El Shaarawy,C,,,False,True
3,LABORATORIO DATI,Neres,C,6.5,6.5,True,True
3,LABORATORIO DATI,Odgaard,C,7.0,10.0,False,True
3,LABORATORIO DATI,De Roon,C,5.5,4.5,False,True
3,LABORATORIO DATI,Frendrup,C,5.0,5.0,False,True
3,LABORATORIO DATI,Piccoli,A,6.0,6.0,True,True
3,LABORATORIO DATI,Zapata D.,A,,,False,True
3,LABORATORIO DATI,Morata,A,,,False,True
3,TEAM JODIODDR,Svilar,P,7.0,8.0,True,False
3,TEAM JODIODDR,Tiago Gabriel,D,5.5,5.5,True,False
3,TEAM JODIODDR,Baschirotto,D,7.0,10.5,True,False
3,TEAM JODIODDR,Zappacosta,D,6.0,5.5,True,False
3,TEAM JODIODDR,Valle,D,6.0,6.0,True,False
3,TEAM JODIODDR,Pulisic,C,8.0,13.0,True,False
3,TEAM JODIODDR,Zambo Anguissa,C,5.5,5.5,True,False
3,TEAM JODIODDR,El Aynaoui,C,,,False,False
3,TEAM JODIODDR,Gudmundsson A.,C,5.0,5.0,True,False
3,TEAM JODIODDR,Castellanos,A,7.5,11.5,True,False
3,TEAM JODIODDR,Ngonge,A,7.5,10.0,True,False
3,TEAM JODIODDR,Gollini,P,,,False,True
3,TEAM JODIODDR,Vasquez D.,P,,,False,True
3,TEAM JODIODDR,Rensch,D,,,False,True
3,TEAM JODIODDR,Bisseck,D,,,False,True
3,TEAM JODIODDR,Joao Mario,D,6.0,7.0,False,True
3,TEAM JODIODDR,Lovric,C,,,False,True
3,TEAM JODIODDR,Pisilli,C,,,False,True
3,TEAM JODIODDR,Masini,C,5.5,5.0,True,True
3,TEAM JODIODDR,Orban G.,A,5.0,5.0,False,True
3,CUORE LAZIALE,Maignan,P,7.0,6.0,True,False
3,CUORE LAZIALE,Pellegrini Lu.,D,6.5,6.5,True,False
3,CUORE LAZIALE,Lazaro,D,6.0,6.0,True,False
3,CUORE LAZIALE,Darmian,D,,,False,False
3,CUORE LAZIALE,Cambiaso,D,6.0,6.0,True,False
3,CUORE LAZIALE,Isaksen,C,,,False,False
3,CUORE LAZIALE,Carboni V.,C,5.5,5.5,True,False
3,CUORE LAZIALE,Zaniolo,C,6.0,5.5,True,False
3,CUORE LAZIALE,Leao,A,5.5,5.5,True,False
3,CUORE LAZIALE,Pellegrino M.,A,7.5,13.0,True,False
3,CUORE LAZIALE,Soulè,A,6.5,9.5,True,False
3,CUORE LAZIALE,Terracciano,P,,,False,True
3,CUORE LAZIALE,Torriani,P,,,False,True
3,CUORE LAZIALE,Kristensen T.,D,5.0,5.0,True,True
3,CUORE LAZIALE,Angori,D,,,False,True
3,CUORE LAZIALE,Estupinan,D,5.0,4.0,False,True
3,CUORE LAZIALE,Kelly L.,D,6.0,6.0,False,True
3,CUORE LAZIALE,Loftus-Cheek,C,6.0,6.0,True,True
3,CUORE LAZIALE,Stanciu,C,5.5,5.5,False,True
3,CUORE LAZIALE,Cristante,C,6.0,6.0,False,True
3,CUORE LAZIALE,Maldini,C,,,False,True
3,CUORE LAZIALE,Stengs,C,,,False,True
3,CUORE LAZIALE,Stulic,A,5.5,5.5,False,True
3,CUORE LAZIALE,Laurientè,A,7.5,11.5,False,True
3,CUORE LAZIALE,De Ketelaere,A,6.0,6.0,False,True
3,KKK,Carnesecchi,P,6.5,5.5,True,False
3,KKK,Gosens,D,6.0,6.0,True,False
3,KKK,Bellanova,D,6.5,6.5,True,False
3,KKK,Wesley,D,5.5,5.5,True,False
3,KKK,Carlos Augusto,D,6.0,5.5,True,False
3,KKK,Konè M.,C,6.5,6.5,True,False
3,KKK,Modric,C,7.0,7.0,True,False
3,KKK,McTominay,C,6.0,6.0,True,False
3,KKK,Atta,C,6.0,6.0,True,False
3,KKK,Dominguez B.,A,,,False,False
3,KKK,Vlahovic,A,5.5,5.5,True,False
3,KKK,Sportiello,P,,,False,True
3,KKK,Audero,P,,,False,True
3,KKK,Vasquez,D,5.0,4.5,False,True
3,KKK,Hermoso,D,6.0,6.0,False,True
3,KKK,Terracciano F.,D,5.5,5.5,False,True
3,KKK,Freuler,C,,,False,True
3,KKK,Zerbin,C,5.5,5.5,False,True
3,KKK,Thorstvedt,C,6.0,6.0,False,True
3,KKK,Oristanio,C,5.0,5.0,False,True
3,KKK,Dovbyk,A,7.0,11.0,True,True
3,KKK,Esposito Se.,A,6.0,6.0,False,True
3,KKK,Dzeko,A,,,False,True
3,KKK,Adams C.,A,,,False,True
3,KKK,Buongiorno,D,,,False,True
3,U CAN U UP,Provedel,P,6.5,7.5,True,False
3,U CAN U UP,Tavares N.,D,6.0,6.0,True,False
3,U CAN U UP,Zortea,D,,,False,False
3,U CAN U UP,Di Lorenzo,D,6.0,6.0,True,False
3,U CAN U UP,Beukema,D,,,False,False
3,U CAN U UP,Fazzini,C,6.0,6.0,True,False
3,U CAN U UP,Pasalic,C,6.0,6.0,True,False
3,U CAN U UP,Orsolini,C,6.5,8.5,True,False
3,U CAN U UP,Gimenez,A,5.5,5.5,True,False
3,U CAN U UP,Hojlund,A,5.5,5.5,True,False
3,U CAN U UP,Yildiz,A,6.0,6.0,True,False
3,U CAN U UP,Mandas,P,,,False,True
3,U CAN U UP,Israel,P,6.0,4.0,False,True
3,U CAN U UP,Gatti,D,5.5,5.5,True,True
3,U CAN U UP,Gabbia,D,6.0,6.0,True,True
3,U CAN U UP,Miranda J.,D,5.0,5.0,False,True
3,U CAN U UP,Vandeputte,C,6.0,6.0,False,True
3,U CAN U UP,Koopmeiners,C,6.0,6.0,False,True
3,U CAN U UP,Sohm,C,,,False,True
3,U CAN U UP,Frattesi,C,6.0,6.0,False,True
3,U CAN U UP,Ederson D.S.,C,,,False,True
3,U CAN U UP,Douvikas,A,6.5,6.5,False,True
3,U CAN U UP,Lucca,A,5.5,5.5,False,True
3,U CAN U UP,Camarda,A,7.0,10.5,False,True
3,U CAN U UP,Circati,D,6.5,6.5,False,True
3,TEAM ZTOTTI,Skorupski,P,6.5,4.5,True,False
3,TEAM ZTOTTI,Gallo,D,6.5,6.0,True,False
3,TEAM ZTOTTI,Rrahmani,D,,,False,False
3,TEAM ZTOTTI,Solet,D,6.0,6.0,True,False
3,TEAM ZTOTTI,Vojvoda,D,,,False,False
3,TEAM ZTOTTI,Casadei,C,5.5,5.5,True,False
3,TEAM ZTOTTI,Paz N.,C,7.0,10.0,True,False
3,TEAM ZTOTTI,Lobotka,C,6.0,6.0,True,False
3,TEAM ZTOTTI,Vazquez,C,6.5,7.5,True,False
3,TEAM ZTOTTI,Berardi,A,7.0,8.0,True,False
3,TEAM ZTOTTI,Lookman,A,,,False,False
3,TEAM ZTOTTI,Sava,P,6.0,3.0,False,True
3,TEAM ZTOTTI,Falcone,P,6.5,4.5,False,True
3,TEAM ZTOTTI,De Vrij,D,6.0,6.0,True,True
3,TEAM ZTOTTI,Zanoli,D,5.5,5.5,True,True
3,TEAM ZTOTTI,Lovik,D,,,False,True
3,TEAM ZTOTTI,Djimsiti,D,6.0,6.0,False,True
3,TEAM ZTOTTI,Folorunsho,C,6.0,6.0,False,True
3,TEAM ZTOTTI,Miller L.,C,6.0,6.0,False,True
3,TEAM ZTOTTI,Lang,A,6.0,6.0,True,True
3,TEAM ZTOTTI,Kilicsoy,A,,,False,True
3,PREMIER LEAGUE SLOPS,De Gea,P,6.0,7.0,True,False
3,PREMIER LEAGUE SLOPS,Angelino,D,6.0,6.0,True,False
3,PREMIER LEAGUE SLOPS,Tomori,D,5.5,5.5,True,False
3,PREMIER LEAGUE SLOPS,Akanji,D,6.5,6.5,True,False
3,PREMIER LEAGUE SLOPS,Tsimikas,D,6.0,6.0,True,False
3,PREMIER LEAGUE SLOPS,Vlasic,C,5.0,5.0,True,False
3,PREMIER LEAGUE SLOPS,De Bruyne,C,6.5,8.5,True,False
3,PREMIER LEAGUE SLOPS,Bernabè,C,6.0,6.0,True,False
3,PREMIER LEAGUE SLOPS,Cambiaghi,A,6.0,6.0,True,False
3,PREMIER LEAGUE SLOPS,Ferguson E.,A,6.0,6.0,True,False
3,PREMIER LEAGUE SLOPS,Davis K.,A,7.0,10.0,True,False
3,PREMIER LEAGUE SLOPS,Martinelli T.,P,,,False,True
3,PREMIER LEAGUE SLOPS,Mina,D,5.5,5.5,False,True
3,PREMIER LEAGUE SLOPS,Olivera,D,,,False,True
3,PREMIER LEAGUE SLOPS,Lamptey,D,,,False,True
3,PREMIER LEAGUE SLOPS,Gutierrez,D,5.5,5.5,False,True
3,PREMIER LEAGUE SLOPS,Matic,C,6.5,6.5,False,True
3,PREMIER LEAGUE SLOPS,Perrone,C,6.0,5.5,False,True
3,PREMIER LEAGUE SLOPS,Cornet,C,,,False,True
3,PREMIER LEAGUE SLOPS,Guendouzi,C,,,False,True
3,PREMIER LEAGUE SLOPS,Dele-Bashiru,C,,,False,True
3,PREMIER LEAGUE SLOPS,Pedro,A,,,False,True
3,PREMIER LEAGUE SLOPS,Sulemana K.,A,7.5,10.5,False,True
3,PREMIER LEAGUE SLOPS,Scamacca,A,,,False,True
3,PREMIER LEAGUE SLOPS,Lezzerini,P,,,False,True
3,BTGCBUGC,Martinez Jo.,P,6.0,7.0,True,False
3,BTGCBUGC,Pavlovic,D,6.5,6.5,True,False
3,BTGCBUGC,Ramon,D,6.0,5.5,True,False
3,BTGCBUGC,Vitik,D,,,False,False
3,BTGCBUGC,Dumfries,D,6.0,6.0,True,False
3,BTGCBUGC,Zaccagni,C,7.0,10.0,True,False
3,BTGCBUGC,Thuram K.,C,5.5,5.5,True,False
3,BTGCBUGC,Samardzic,C,6.5,6.5,True,False
3,BTGCBUGC,Saelemaekers,C,7.0,10.0,True,False
3,BTGCBUGC,Krstovic,A,5.5,5.5,True,False
3,BTGCBUGC,Kean,A,5.5,5.0,True,False
3,BTGCBUGC,Perin,P,,,False,True
3,BTGCBUGC,Di Gregorio,P,6.0,5.0,False,True
3,BTGCBUGC,Cuadrado,D,6.5,6.5,True,True
3,BTGCBUGC,Canestrelli,D,6.0,6.0,False,True
3,BTGCBUGC,Palestra,D,6.0,6.0,False,True
3,BTGCBUGC,Locatelli,C,,,False,True
3,BTGCBUGC,Tramoni M.,C,5.5,5.5,False,True
3,BTGCBUGC,Serdar,C,5.5,5.5,False,True
3,BTGCBUGC,Belotti,A,6.0,6.0,False,True
3,BTGCBUGC,Giovane,A,5.0,5.0,False,True
3,BTGCBUGC,Vardy,A,,,False,True
3,BTGCBUGC,Colombo,A,5.0,5.0,False,True
3,BTGCBUGC,Scalvini,D,,,False,True
3,BTGCBUGC,Collocolo,C,,,False,True
4,KKK,Carnesecchi,P,6.5,5.5,True,False
4,KKK,Gosens,D,5.0,5.0,True,False
4,KKK,Bellanova,D,,,False,False
4,KKK,Carlos Augusto,D,6.0,6.0,True,False
4,KKK,Konè M.,C,6.5,6.5,True,False
4,KKK,Modric,C,6.5,6.5,True,False
4,KKK,McTominay,C,6.0,6.0,True,False
4,KKK,Atta,C,6.5,6.5,True,False
4,KKK,Dovbyk,A,6.0,7.0,True,False
4,KKK,Vlahovic,A,6.0,6.0,True,False
4,KKK,Esposito Se.,A,5.5,5.5,True,False
4,KKK,Sportiello,P,,,False,True
4,KKK,Audero,P,,,False,True
4,KKK,Buongiorno,D,,,False,True
4,KKK,Hermoso,D,,,False,True
4,KKK,Wesley,D,6.5,6.0,True,True
4,KKK,Vasquez,D,6.0,6.0,False,True
4,KKK,Terracciano F.,D,,,False,True
4,KKK,Freuler,C,6.5,6.5,False,True
4,KKK,Zerbin,C,,,False,True
4,KKK,Thorstvedt,C,6.5,6.5,False,True
4,KKK,Oristanio,C,,,False,True
4,KKK,Dominguez B.,A,6.0,6.0,False,True
4,KKK,Adams C.,A,7.0,10.0,False,True
4,KKK,Dzeko,A,6.0,6.0,False,True
4,U CAN U UP,Provedel,P,6.0,3.0,True,False
4,U CAN U UP,Tavares N.,D,6.0,6.0,True,False
4,U CAN U UP,Zortea,D,6.0,6.0,True,False
4,U CAN U UP,Di Lorenzo,D,6.5,6.5,True,False
4,U CAN U UP,Beukema,D,5.5,5.5,True,False
4,U CAN U UP,Ederson D.S.,C,6.0,6.0,True,False
4,U CAN U UP,Pasalic,C,6.0,6.0,True,False
4,U CAN U UP,Orsolini,C,7.0,10.0,True,False
4,U CAN U UP,Gimenez,A,6.5,6.5,True,False
4,U CAN U UP,Hojlund,A,7.0,11.0,True,False
4,U CAN U UP,Yildiz,A,5.5,5.5,True,False
4,U CAN U UP,Mandas,P,,,False,True
4,U CAN U UP,Israel,P,5.5,2.5,False,True
4,U CAN U UP,Gatti,D,5.5,5.0,False,True
4,U CAN U UP,Gabbia,D,6.5,6.5,False,True
4,U CAN U UP,Miranda J.,D,6.5,6.5,False,True
4,U CAN U UP,Frattesi,C,6.0,6.0,False,True
4,U CAN U UP,Fazzini,C,5.5,5.5,False,True
4,U CAN U UP,Vandeputte,C,6.0,7.0,False,True
4,U CAN U UP,Koopmeiners,C,,,False,True
4,U CAN U UP,Sohm,C,,,False,True
4,U CAN U UP,Douvikas,A,5.5,5.5,False,True
4,U CAN U UP,Lucca,A,,,False,True
4,U CAN U UP,Camarda,A,6.0,6.0,False,True
4,U CAN U UP,Circati,D,5.5,5.5,False,True
4,BTGCBUGC,Martinez Jo.,P,,,False,False
4,BTGCBUGC,Palestra,D,5.5,5.5,True,False
4,BTGCBUGC,Pavlovic,D,6.5,6.5,True,False
4,BTGCBUGC,Vitik,D,,,False,False
4,BTGCBUGC,Dumfries,D,6.0,6.0,True,False
4,BTGCBUGC,Zaccagni,C,,,False,False
4,BTGCBUGC,Samardzic,C,7.0,10.0,True,False
4,BTGCBUGC,Saelemaekers,C,6.5,6.5,True,False
4,BTGCBUGC,Krstovic,A,6.0,6.0,True,False
4,BTGCBUGC,Kean,A,7.0,10.0,True,False
4,BTGCBUGC,Giovane,A,6.0,6.0,True,False
4,BTGCBUGC,Perin,P,,,False,True
4,BTGCBUGC,Di Gregorio,P,6.0,7.0,True,True
4,BTGCBUGC,Cuadrado,D,5.5,5.0,True,True
4,BTGCBUGC,Scalvini,D,,,False,True
4,BTGCBUGC,Canestrelli,D,5.0,5.0,False,True
4,BTGCBUGC,Ramon,D,5.5,5.5,False,True
4,BTGCBUGC,Serdar,C,5.5,5.0,True,True
4,BTGCBUGC,Thuram K.,C,5.5,5.5,False,True
4,BTGCBUGC,Locatelli,C,6.5,6.0,False,True
4,BTGCBUGC,Tramoni M.,C,5.5,5.5,False,True
4,BTGCBUGC,Belotti,A,,,False,True
4,BTGCBUGC,Vardy,A,6.0,6.0,False,True
4,BTGCBUGC,Colombo,A,6.0,6.0,False,True
4,BTGCBUGC,Collocolo,C,,,False,True
4,LABORATORIO DATI,Sommer,P,6.0,5.0,True,False
4,LABORATORIO DATI,Valeri,D,6.0,6.0,True,False
4,LABORATORIO DATI,Delprato,D,5.5,5.5,True,False
4,LABORATORIO DATI,Gila,D,6.0,6.0,True,False
4,LABORATORIO DATI,Dodò,D,5.5,5.5,True,False
4,LABORATORIO DATI,Conceicao,C,6.5,6.5,True,False
4,LABORATORIO DATI,Rabiot,C,6.5,6.5,True,False
4,LABORATORIO DATI,Odgaard,C,6.5,9.5,True,False
4,LABORATORIO DATI,Pinamonti,A,6.5,8.5,True,False
4,LABORATORIO DATI,David,A,5.0,5.0,True,False
4,LABORATORIO DATI,Simeone,A,7.0,10.0,True,False
4,LABORATORIO DATI,Caprile,P,7.0,6.0,False,True
4,LABORATORIO DATI,Suzuki,P,5.0,4.0,False,True
4,LABORATORIO DATI,Luperto,D,,,False,True
4,LABORATORIO DATI,Martin,D,,,False,True
4,LABORATORIO DATI,Gaspar K.,D,6.0,5.5,False,True
4,LABORATORIO DATI,Palma,D,,,False,True
4,LABORATORIO DATI,Neres,C,5.5,5.0,False,True
4,LABORATORIO DATI,Mandragora,C,5.5,5.5,False,True
4,LABORATORIO DATI,El Shaarawy,C,,,False,True
4,LABORATORIO DATI,De Roon,C,,,False,True
4,LABORATORIO DATI,Frendrup,C,5.5,5.5,False,True
4,LABORATORIO DATI,Piccoli,A,6.0,6.0,False,True
4,LABORATORIO DATI,Zapata D.,A,,,False,True
4,LABORATORIO DATI,Morata,A,5.5,5.5,False,True
4,TEAM JODIODDR,Svilar,P,5.5,4.5,True,False
4,TEAM JODIODDR,Hien,D,7.0,7.0,True,False
4,TEAM JODIODDR,Baschirotto,D,5.0,5.0,True,False
4,TEAM JODIODDR,Zappacosta,D,6.0,6.0,True,False
4,TEAM JODIODDR,Valle,D,6.0,6.0,True,False
4,TEAM JODIODDR,Pulisic,C,5.0,3.0,True,False
4,TEAM JODIODDR,Zambo Anguissa,C,7.5,10.5,True,False
4,TEAM JODIODDR,Lovric,C,,,False,False
4,TEAM JODIODDR,Gudmundsson A.,C,5.0,4.5,True,False
4,TEAM JODIODDR,Castellanos,A,6.0,5.5,True,False
4,TEAM JODIODDR,Orban G.,A,5.5,5.5,True,False
4,TEAM JODIODDR,Gollini,P,,,False,True
4,TEAM JODIODDR,Vasquez D.,P,,,False,True
4,TEAM JODIODDR,Rensch,D,6.0,6.0,False,True
4,TEAM JODIODDR,Bisseck,D,,,False,True
4,TEAM JODIODDR,Tiago Gabriel,D,7.0,7.0,False,True
4,TEAM JODIODDR,Joao Mario,D,,,False,True
4,TEAM JODIODDR,Pisilli,C,,,False,True
4,TEAM JODIODDR,El Aynaoui,C,,,False,True
4,TEAM JODIODDR,Masini,C,5.0,5.0,True,True
4,TEAM JODIODDR,Ngonge,A,6.0,6.0,False,True
4,TEAM JODIODDR,Luvumbo,A,6.0,6.0,False,True
4,11 CRISTANTE UNITED,Leali,P,6.0,4.0,True,False
4,11 CRISTANTE UNITED,Ehizibue,D,,,False,False
4,11 CRISTANTE UNITED,N'Dicka,D,6.0,6.0,True,False
4,11 CRISTANTE UNITED,Bastoni,D,6.5,6.5,True,False
4,11 CRISTANTE UNITED,Dimarco,D,8.0,12.0,True,False
4,11 CRISTANTE UNITED,Diego Carlos,D,6.5,6.0,True,False
4,11 CRISTANTE UNITED,Barella,C,7.5,10.5,True,False
4,11 CRISTANTE UNITED,Politano,C,5.5,5.5,True,False
4,11 CRISTANTE UNITED,Calhanoglu,C,,,False,False
4,11 CRISTANTE UNITED,Castro S.,A,,,False,False
4,11 CRISTANTE UNITED,Nzola,A,5.0,5.0,True,False
4,11 CRISTANTE UNITED,Siegrist,P,,,False,True
4,11 CRISTANTE UNITED,Kalulu,D,6.0,6.0,True,True
4,11 CRISTANTE UNITED,Juan Jesus,D,6.0,6.0,False,True
4,11 CRISTANTE UNITED,Baturina,C,5.0,5.0,True,True
4,11 CRISTANTE UNITED,Moreno Alb.,D,,,False,True
4,11 CRISTANTE UNITED,Musah,C,6.0,6.0,False,True
4,11 CRISTANTE UNITED,Brescianini,C,6.0,6.0,False,True
4,11 CRISTANTE UNITED,Bonny,A,8.5,15.5,True,True
4,11 CRISTANTE UNITED,Bravo,A,,,False,True
4,11 CRISTANTE UNITED,Meister,A,5.5,5.5,False,True
4,11 CRISTANTE UNITED,Da Cunha,C,6.0,6.0,False,True
4,TEAM ZTOTTI,Skorupski,P,6.0,7.0,True,False
4,TEAM ZTOTTI,Lovik,D,5.0,5.0,True,False
4,TEAM ZTOTTI,Djimsiti,D,6.0,5.5,True,False
4,TEAM ZTOTTI,Solet,D,6.5,7.5,True,False
4,TEAM ZTOTTI,Gallo,D,7.0,7.5,True,False
4,TEAM ZTOTTI,Casadei,C,5.5,5.0,True,False
4,TEAM ZTOTTI,Vazquez,C,5.5,5.5,True,False
4,TEAM ZTOTTI,Lobotka,C,6.0,6.0,True,False
4,TEAM ZTOTTI,Paz N.,C,6.0,6.0,True,False
4,TEAM ZTOTTI,Lookman,A,5.5,5.5,True,False
4,TEAM ZTOTTI,Berardi,A,,,False,False
4,TEAM ZTOTTI,Sava,P,5.5,4.5,False,True
4,TEAM ZTOTTI,Falcone,P,6.5,7.5,False,True
4,TEAM ZTOTTI,Vojvoda,D,6.0,6.0,False,True
4,TEAM ZTOTTI,Zanoli,D,5.5,5.5,False,True
4,TEAM ZTOTTI,De Vrij,D,6.5,6.5,False,True
4,TEAM ZTOTTI,Miller L.,C,,,False,True
4,TEAM ZTOTTI,Folorunsho,C,6.0,6.0,False,True
4,TEAM ZTOTTI,Lang,A,,,False,True
4,TEAM ZTOTTI,Buksa,A,,,False,True
4,TEAM ZTOTTI,Kilicsoy,A,,,False,True
4,PREMIER LEAGUE SLOPS,De Gea,P,6.0,4.0,True,False
4,PREMIER LEAGUE SLOPS,Angelino,D,,,False,False
4,PREMIER LEAGUE SLOPS,Tomori,D,6.0,6.0,True,False
4,PREMIER LEAGUE SLOPS,Mina,D,6.0,6.0,True,False
4,PREMIER LEAGUE SLOPS,Akanji,D,6.5,6.5,True,False
4,PREMIER LEAGUE SLOPS,Matic,C,6.0,6.0,True,False
4,PREMIER LEAGUE SLOPS,De Bruyne,C,6.5,6.5,True,False
4,PREMIER LEAGUE SLOPS,Bernabè,C,5.5,5.5,True,False
4,PREMIER LEAGUE SLOPS,Cambiaghi,A,8.0,13.0,True,False
4,PREMIER LEAGUE SLOPS,Ferguson E.,A,,,False,False
4,PREMIER LEAGUE SLOPS,Davis K.,A,6.0,6.0,True,False
4,PREMIER LEAGUE SLOPS,Martinelli T.,P,,,False,True
4,PREMIER LEAGUE SLOPS,Gutierrez,D,,,False,True
4,PREMIER LEAGUE SLOPS,Tsimikas,D,6.0,5.5,True,True
4,PREMIER LEAGUE SLOPS,Olivera,D,5.0,5.0,False,True
4,PREMIER LEAGUE SLOPS,Lamptey,D,,,False,True
4,PREMIER LEAGUE SLOPS,Vlasic,C,5.5,5.5,False,True
4,PREMIER LEAGUE SLOPS,Perrone,C,7.0,11.0,False,True
4,PREMIER LEAGUE SLOPS,Cornet,C,,,False,True
4,PREMIER LEAGUE SLOPS,Guendouzi,C,,,False,True
4,PREMIER LEAGUE SLOPS,Dele-Bashiru,C,,,False,True
4,PREMIER LEAGUE SLOPS,Sulemana K.,A,6.0,6.0,True,True
4,PREMIER LEAGUE SLOPS,Pedro,A,6.0,7.0,False,True
4,PREMIER LEAGUE SLOPS,Scamacca,A,,,False,True
4,PREMIER LEAGUE SLOPS,Lezzerini,P,,,False,True
4,TEAM ASBOVE,Meret,P,,,False,False
4,TEAM ASBOVE,Bremer,D,,,False,False
4,TEAM ASBOVE,Mancini,D,6.0,6.0,True,False
4,TEAM ASBOVE,Heggem,D,6.5,6.5,True,False
4,TEAM ASBOVE,Acerbi,D,,,False,False
4,TEAM ASBOVE,Pellegrini Lo.,C,6.0,6.0,True,False
4,TEAM ASBOVE,Rowe,C,6.5,6.5,True,False
4,TEAM ASBOVE,Mkhitaryan,C,6.5,6.5,True,False
4,TEAM ASBOVE,Cutrone,A,5.5,5.5,True,False
4,TEAM ASBOVE,Martinez L.,A,7.0,10.0,True,False
4,TEAM ASBOVE,Dia,A,5.5,5.5,True,False
4,TEAM ASBOVE,Milinkovic-Savic V.,P,6.0,5.0,True,True
4,TEAM ASBOVE,Butez,P,6.0,5.0,False,True
4,TEAM ASBOVE,Biraghi,D,,,False,True
4,TEAM ASBOVE,Lucumì,D,6.5,6.5,True,True
4,TEAM ASBOVE,Norton-Cuffy,D,6.5,7.5,True,True
4,TEAM ASBOVE,Floriani Mussolini,D,4.5,4.5,False,True
4,TEAM ASBOVE,Fofana Y.,C,5.5,5.0,False,True
4,TEAM ASBOVE,Sucic P.,C,6.0,5.5,False,True
4,TEAM ASBOVE,Zhegrova,C,,,False,True
4,TEAM ASBOVE,Bernardeschi,C,6.0,6.0,False,True
4,TEAM ASBOVE,Tourè I.,C,4.0,3.0,False,True
4,TEAM ASBOVE,Nkunku,A,6.0,6.0,False,True
4,TEAM ASBOVE,Openda,A,6.0,6.0,False,True
4,TEAM ASBOVE,Rodriguez Je.,A,,,False,True
4,CUORE LAZIALE,Maignan,P,7.0,8.0,True,False
4,CUORE LAZIALE,Angori,D,5.5,5.5,True,False
4,CUORE LAZIALE,Kristensen T.,D,,,False,False
4,CUORE LAZIALE,Darmian,D,,,False,False
4,CUORE LAZIALE,Cambiaso,D,5.5,5.5,True,False
4,CUORE LAZIALE,Isaksen,C,5.5,5.5,True,False
4,CUORE LAZIALE,Maldini,C,6.0,6.0,True,False
4,CUORE LAZIALE,Zaniolo,C,5.5,5.0,True,False
4,CUORE LAZIALE,Laurientè,A,6.0,6.0,True,False
4,CUORE LAZIALE,Pellegrino M.,A,6.0,6.0,True,False
4,CUORE LAZIALE,Leao,A,5.0,5.0,True,False
4,CUORE LAZIALE,Terracciano,P,,,False,True
4,CUORE LAZIALE,Torriani,P,,,False,True
4,CUORE LAZIALE,Kelly L.,D,5.0,5.0,True,True
4,CUORE LAZIALE,Lazaro,D,5.5,5.5,True,True
4,CUORE LAZIALE,Pellegrini Lu.,D,,,False,True
4,CUORE LAZIALE,Estupinan,D,,,False,True
4,CUORE LAZIALE,Loftus-Cheek,C,6.0,6.0,False,True
4,CUORE LAZIALE,Cristante,C,7.0,10.5,False,True
4,CUORE LAZIALE,Carboni V.,C,6.0,6.0,False,True
4,CUORE LAZIALE,Stanciu,C,,,False,True
4,CUORE LAZIALE,Stengs,C,,,False,True
4,CUORE LAZIALE,Soulè,A,7.5,11.5,False,True
4,CUORE LAZIALE,Stulic,A,5.5,5.5,False,True
4,CUORE LAZIALE,De Ketelaere,A,,,False,True
5,11 CRISTANTE UNITED,Leali,P,6.0,7.0,True,False
5,11 CRISTANTE UNITED,Ehizibue,D,,,False,False
5,11 CRISTANTE UNITED,N'Dicka,D,5.0,4.5,True,False
5,11 CRISTANTE UNITED,Bastoni,D,6.5,6.5,True,False
5,11 CRISTANTE UNITED,Dimarco,D,6.0,6.0,True,False
5,11 CRISTANTE UNITED,Diego Carlos,D,6.0,5.5,True,False
5,11 CRISTANTE UNITED,Barella,C,6.5,7.5,True,False
5,11 CRISTANTE UNITED,Politano,C,6.5,6.5,True,False
5,11 CRISTANTE UNITED,Calhanoglu,C,6.5,6.5,True,False
5,11 CRISTANTE UNITED,Castro S.,A,6.0,6.0,True,False
5,11 CRISTANTE UNITED,Nzola,A,5.5,5.5,True,False
5,11 CRISTANTE UNITED,Siegrist,P,,,False,True
5,11 CRISTANTE UNITED,Kalulu,D,5.5,5.5,True,True
5,11 CRISTANTE UNITED,Juan Jesus,D,5.5,5.0,False,True
5,11 CRISTANTE UNITED,Baturina,C,,,False,True
5,11 CRISTANTE UNITED,Moreno Alb.,D,6.0,5.5,False,True
5,11 CRISTANTE UNITED,Musah,C,,,False,True
5,11 CRISTANTE UNITED,Brescianini,C,,,False,True
5,11 CRISTANTE UNITED,Bonny,A,7.0,11.0,False,True
5,11 CRISTANTE UNITED,Bravo,A,,,False,True
5,11 CRISTANTE UNITED,Meister,A,,,False,True
5,11 CRISTANTE UNITED,Da Cunha,C,6.5,6.5,False,True
5,BTGCBUGC,Martinez Jo.,P,,,False,False
5,BTGCBUGC,Palestra,D,6.5,6.5,True,False
5,BTGCBUGC,Pavlovic,D,6.0,6.5,True,False
5,BTGCBUGC,Cuadrado,D,6.0,6.0,True,False
5,BTGCBUGC,Dumfries,D,6.0,6.0,True,False
5,BTGCBUGC,Zaccagni,C,6.0,6.0,True,False
5,BTGCBUGC,Samardzic,C,,,False,False
5,BTGCBUGC,Saelemaekers,C,5.5,5.5,True,False
5,BTGCBUGC,Krstovic,A,6.0,6.0,True,False
5,BTGCBUGC,Vardy,A,5.5,5.0,True,False
5,BTGCBUGC,Giovane,A,5.5,5.5,True,False
5,BTGCBUGC,Perin,P,,,False,True
5,BTGCBUGC,Di Gregorio,P,6.0,4.0,True,True
5,BTGCBUGC,Scalvini,D,6.0,6.0,False,True
5,BTGCBUGC,Vitik,D,6.5,6.5,False,True
5,BTGCBUGC,Canestrelli,D,6.5,6.0,False,True
5,BTGCBUGC,Ramon,D,6.0,6.0,False,True
5,BTGCBUGC,Thuram K.,C,6.0,6.0,True,True
5,BTGCBUGC,Tramoni M.,C,,,False,True
5,BTGCBUGC,Serdar,C,6.5,6.5,False,True
5,BTGCBUGC,Locatelli,C,6.0,6.0,False,True
5,BTGCBUGC,Belotti,A,,,False,True
5,BTGCBUGC,Kean,A,6.0,6.0,False,True
5,BTGCBUGC,Colombo,A,5.5,5.0,False,True
5,BTGCBUGC,Collocolo,C,,,False,True
5,LABORATORIO DATI,Sommer,P,6.5,7.5,True,False
5,LABORATORIO DATI,Martin,D,,,False,False
5,LABORATORIO DATI,Delprato,D,6.0,6.0,True,False
5,LABORATORIO DATI,Gila,D,7.0,7.0,True,False
5,LABORATORIO DATI,Gaspar K.,D,6.5,6.5,True,False
5,LABORATORIO DATI,Conceicao,C,5.5,5.5,True,False
5,LABORATORIO DATI,Rabiot,C,,,False,False
5,LABORATORIO DATI,Odgaard,C,7.0,8.0,True,False
5,LABORATORIO DATI,Pinamonti,A,5.5,5.5,True,False
5,LABORATORIO DATI,David,A,5.0,5.0,True,False
5,LABORATORIO DATI,Simeone,A,7.5,11.5,True,False
5,LABORATORIO DATI,Caprile,P,6.5,4.5,False,True
5,LABORATORIO DATI,Suzuki,P,8.0,11.0,False,True
5,LABORATORIO DATI,Dodò,D,6.0,6.0,True,True
5,LABORATORIO DATI,Luperto,D,5.5,5.5,False,True
5,LABORATORIO DATI,Valeri,D,,,False,True
5,LABORATORIO DATI,Palma,D,,,False,True
5,LABORATORIO DATI,Neres,C,5.5,5.5,True,True
5,LABORATORIO DATI,Mandragora,C,6.0,6.0,False,True
5,LABORATORIO DATI,El Shaarawy,C,,,False,True
5,LABORATORIO DATI,De Roon,C,6.0,6.0,False,True
5,LABORATORIO DATI,Frendrup,C,6.0,6.0,False,True
5,LABORATORIO DATI,Piccoli,A,5.5,5.5,False,True
5,LABORATORIO DATI,Zapata D.,A,,,False,True
5,LABORATORIO DATI,Morata,A,6.0,6.0,False,True
5,PREMIER LEAGUE SLOPS,De Gea,P,6.0,4.0,True,False
5,PREMIER LEAGUE SLOPS,Angelino,D,,,False,False
5,PREMIER LEAGUE SLOPS,Tomori,D,6.0,5.5,True,False
5,PREMIER LEAGUE SLOPS,Akanji,D,6.5,6.5,True,False
5,PREMIER LEAGUE SLOPS,Guendouzi,C,6.0,6.0,True,False
5,PREMIER LEAGUE SLOPS,Matic,C,6.0,6.0,True,False
5,PREMIER LEAGUE SLOPS,De Bruyne,C,6.0,6.0,True,False
5,PREMIER LEAGUE SLOPS,Bernabè,C,6.0,6.0,True,False
5,PREMIER LEAGUE SLOPS,Cambiaghi,A,5.5,5.5,True,False
5,PREMIER LEAGUE SLOPS,Scamacca,A,,,False,False
5,PREMIER LEAGUE SLOPS,Davis K.,A,6.0,6.0,True,False
5,PREMIER LEAGUE SLOPS,Martinelli T.,P,,,False,True
5,PREMIER LEAGUE SLOPS,Mina,D,5.5,5.5,True,True
5,PREMIER LEAGUE SLOPS,Gutierrez,D,,,False,True
5,PREMIER LEAGUE SLOPS,Tsimikas,D,,,False,True
5,PREMIER LEAGUE SLOPS,Olivera,D,5.0,5.0,False,True
5,PREMIER LEAGUE SLOPS,Lamptey,D,,,False,True
5,PREMIER LEAGUE SLOPS,Vlasic,C,6.5,6.5,False,True
5,PREMIER LEAGUE SLOPS,Perrone,C,7.0,8.0,False,True
5,PREMIER LEAGUE SLOPS,Cornet,C,4.5,2.5,False,True
5,PREMIER LEAGUE SLOPS,Dele-Bashiru,C,,,False,True
5,PREMIER LEAGUE SLOPS,Ferguson E.,A,,,False,True
5,PREMIER LEAGUE SLOPS,Sulemana K.,A,5.5,5.0,True,True
5,PREMIER LEAGUE SLOPS,Pedro,A,6.0,6.0,False,True
5,PREMIER LEAGUE SLOPS,Lezzerini,P,,,False,True
5,KKK,Carnesecchi,P,6.0,7.0,True,False
5,KKK,Gosens,D,6.5,9.5,True,False
5,KKK,Buongiorno,D,6.0,6.0,True,False
5,KKK,Carlos Augusto,D,,,False,False
5,KKK,Konè M.,C,6.5,6.5,True,False
5,KKK,Modric,C,6.5,6.5,True,False
5,KKK,McTominay,C,,,False,False
5,KKK,Atta,C,6.5,6.5,True,False
5,KKK,Dovbyk,A,5.0,5.0,True,False
5,KKK,Vlahovic,A,5.5,5.5,True,False
5,KKK,Adams C.,A,6.5,6.5,True,False
5,KKK,Sportiello,P,,,False,True
5,KKK,Audero,P,,,False,True
5,KKK,Vasquez,D,6.5,6.5,True,True
5,KKK,Wesley,D,6.0,6.0,False,True
5,KKK,Hermoso,D,5.5,5.0,False,True
5,KKK,Terracciano F.,D,7.0,10.0,False,True
5,KKK,Thorstvedt,C,5.5,5.5,True,True
5,KKK,Freuler,C,6.5,6.5,False,True
5,KKK,Zerbin,C,5.5,5.0,False,True
5,KKK,Oristanio,C,,,False,True
5,KKK,Esposito Se.,A,6.0,5.5,False,True
5,KKK,Dominguez B.,A,6.5,7.5,False,True
5,KKK,Dzeko,A,,,False,True
5,TEAM ZTOTTI,Skorupski,P,,,False,False
5,TEAM ZTOTTI,Zanoli,D,6.5,7.5,True,False
5,TEAM ZTOTTI,Djimsiti,D,6.0,6.0,True,False
5,TEAM ZTOTTI,Solet,D,5.0,5.0,True,False
5,TEAM ZTOTTI,De Vrij,D,,,False,False
5,TEAM ZTOTTI,Zalewski,C,,,False,False
5,TEAM ZTOTTI,Casadei,C,6.0,6.0,True,False
5,TEAM ZTOTTI,Paz N.,C,8.0,12.0,True,False
5,TEAM ZTOTTI,Dybala,A,6.0,6.0,True,False
5,TEAM ZTOTTI,Lookman,A,6.0,6.0,True,False
5,TEAM ZTOTTI,Berardi,A,5.5,5.0,True,False
5,TEAM ZTOTTI,Falcone,P,6.0,6.5,True,True
5,TEAM ZTOTTI,Sava,P,,,False,True
5,TEAM ZTOTTI,Gallo,D,6.0,6.0,True,True
5,TEAM ZTOTTI,Vojvoda,D,6.5,6.5,False,True
5,TEAM ZTOTTI,Lovik,D,,,False,True
5,TEAM ZTOTTI,Vazquez,C,6.5,6.5,True,True
5,TEAM ZTOTTI,Folorunsho,C,6.0,6.0,False,True
5,TEAM ZTOTTI,Miller L.,C,,,False,True
5,TEAM ZTOTTI,Lang,A,6.0,5.5,False,True
5,TEAM ZTOTTI,Buksa,A,6.0,6.0,False,True
5,TEAM ZTOTTI,Kilicsoy,A,,,False,True
5,CUORE LAZIALE,Maignan,P,5.0,4.0,True,False
5,CUORE LAZIALE,Angori,D,5.5,5.5,True,False
5,CUORE LAZIALE,Kristensen T.,D,,,False,False
5,CUORE LAZIALE,Darmian,D,,,False,False
5,CUORE LAZIALE,Cambiaso,D,5.5,5.5,True,False
5,CUORE LAZIALE,Isaksen,C,6.0,6.0,True,False
5,CUORE LAZIALE,Maldini,C,,,False,False
5,CUORE LAZIALE,Zaniolo,C,7.0,11.0,True,False
5,CUORE LAZIALE,Laurientè,A,5.5,5.5,True,False
5,CUORE LAZIALE,Pellegrino M.,A,5.5,5.5,True,False
5,CUORE LAZIALE,Leao,A,7.5,13.5,True,False
5,CUORE LAZIALE,Terracciano,P,,,False,True
5,CUORE LAZIALE,Torriani,P,,,False,True
5,CUORE LAZIALE,Kelly L.,D,6.0,5.5,True,True
5,CUORE LAZIALE,Lazaro,D,,,False,True
5,CUORE LAZIALE,Pellegrini Lu.,D,,,False,True
5,CUORE LAZIALE,Estupinan,D,,,False,True
5,CUORE LAZIALE,Loftus-Cheek,C,,,False,True
5,CUORE LAZIALE,Cristante,C,6.0,6.0,True,True
5,CUORE LAZIALE,Carboni V.,C,5.5,5.5,False,True
5,CUORE LAZIALE,Stanciu,C,,,False,True
5,CUORE LAZIALE,Stengs,C,,,False,True
5,CUORE LAZIALE,Soulè,A,5.5,5.5,False,True
5,CUORE LAZIALE,Stulic,A,6.0,6.0,False,True
5,CUORE LAZIALE,De Ketelaere,A,6.0,5.5,False,True
5,TEAM JODIODDR,Svilar,P,5.5,4.5,True,False
5,TEAM JODIODDR,Hien,D,6.0,5.5,True,False
5,TEAM JODIODDR,Baschirotto,D,5.5,5.5,True,False
5,TEAM JODIODDR,Rensch,D,,,False,False
5,TEAM JODIODDR,Tiago Gabriel,D,6.5,6.5,True,False
5,TEAM JODIODDR,Pisilli,C,,,False,False
5,TEAM JODIODDR,Zambo Anguissa,C,6.0,6.0,True,False
5,TEAM JODIODDR,Masini,C,6.5,6.5,True,False
5,TEAM JODIODDR,Gudmundsson A.,C,6.0,6.0,True,False
5,TEAM JODIODDR,Orban G.,A,5.0,5.0,True,False
5,TEAM JODIODDR,Ngonge,A,5.5,5.5,True,False
5,TEAM JODIODDR,Gollini,P,,,False,True
5,TEAM JODIODDR,Vasquez D.,P,,,False,True
5,TEAM JODIODDR,Zappacosta,D,6.5,6.5,True,True
5,TEAM JODIODDR,Joao Mario,D,,,False,True
5,TEAM JODIODDR,Valle,D,6.0,6.0,False,True
5,TEAM JODIODDR,Bisseck,D,,,False,True
5,TEAM JODIODDR,El Aynaoui,C,,,False,True
5,TEAM JODIODDR,Lovric,C,,,False,True
5,TEAM JODIODDR,Bailey,C,6.0,6.0,True,True
5,TEAM JODIODDR,Luvumbo,A,6.0,6.0,False,True
5,U CAN U UP,Provedel,P,6.5,7.5,True,False
5,U CAN U UP,Tavares N.,D,5.5,5.5,True,False
5,U CAN U UP,Zortea,D,,,False,False
5,U CAN U UP,Di Lorenzo,D,5.5,5.5,True,False
5,U CAN U UP,Gatti,D,,,False,False
5,U CAN U UP,Ederson D.S.,C,6.0,6.0,True,False
5,U CAN U UP,Pasalic,C,6.0,5.5,True,False
5,U CAN U UP,Orsolini,C,7.0,10.0,True,False
5,U CAN U UP,Gimenez,A,6.5,6.5,True,False
5,U CAN U UP,Lucca,A,5.0,5.0,True,False
5,U CAN U UP,Yildiz,A,6.0,6.0,True,False
5,U CAN U UP,Mandas,P,,,False,True
5,U CAN U UP,Israel,P,6.0,6.5,False,True
5,U CAN U UP,Gabbia,D,5.5,5.5,True,True
5,U CAN U UP,Miranda J.,D,6.5,6.0,True,True
5,U CAN U UP,Frattesi,C,6.0,6.0,False,True
5,U CAN U UP,Fazzini,C,6.0,6.0,False,True
5,U CAN U UP,Vandeputte,C,6.5,7.0,False,True
5,U CAN U UP,Koopmeiners,C,5.0,5.0,False,True
5,U CAN U UP,Sohm,C,,,False,True
5,U CAN U UP,Douvikas,A,6.5,6.5,False,True
5,U CAN U UP,Hojlund,A,,,False,True
5,U CAN U UP,Camarda,A,6.0,6.0,False,True
5,U CAN U UP,Circati,D,6.5,6.5,False,True
5,U CAN U UP,Beukema,D,5.5,5.5,False,True
5,TEAM ASBOVE,Meret,P,,,False,False
5,TEAM ASBOVE,Norton-Cuffy,D,6.0,6.0,True,False
5,TEAM ASBOVE,Mancini,D,6.5,6.5,True,False
5,TEAM ASBOVE,Heggem,D,6.5,6.5,True,False
5,TEAM ASBOVE,Mkhitaryan,C,6.5,6.0,True,False
5,TEAM ASBOVE,Pellegrini Lo.,C,5.5,5.5,True,False
5,TEAM ASBOVE,Rowe,C,,,False,False
5,TEAM ASBOVE,Fofana Y.,C,6.0,5.5,True,False
5,TEAM ASBOVE,Dia,A,5.0,5.0,True,False
5,TEAM ASBOVE,Martinez L.,A,5.5,5.0,True,False
5,TEAM ASBOVE,Nkunku,A,,,False,False
5,TEAM ASBOVE,Milinkovic-Savic V.,P,6.0,5.0,True,True
5,TEAM ASBOVE,Butez,P,6.0,7.0,False,True
5,TEAM ASBOVE,Acerbi,D,6.5,6.5,False,True
5,TEAM ASBOVE,Biraghi,D,6.0,6.0,False,True
5,TEAM ASBOVE,Lucumì,D,,,False,True
5,TEAM ASBOVE,Floriani Mussolini,D,,,False,True
5,TEAM ASBOVE,Zhegrova,C,,,False,True
5,TEAM ASBOVE,Bernardeschi,C,6.5,6.5,True,True
5,TEAM ASBOVE,Sucic P.,C,6.0,5.5,False,True
5,TEAM ASBOVE,Tourè I.,C,,,False,True
5,TEAM ASBOVE,Openda,A,,,False,True
5,TEAM ASBOVE,Cutrone,A,6.0,6.0,True,True
5,TEAM ASBOVE,Rodriguez Je.,A,,,False,True
5,TEAM ASBOVE,Bremer,D,,,False,True
6,BTGCBUGC,Martinez Jo.,P,,,False,False
6,BTGCBUGC,Palestra,D,5.5,5.5,True,False
6,BTGCBUGC,Pavlovic,D,6.0,6.0,True,False
6,BTGCBUGC,Dumfries,D,5.5,5.5,True,False
6,BTGCBUGC,Zaccagni,C,6.0,6.0,True,False
6,BTGCBUGC,Serdar,C,6.0,6.0,True,False
6,BTGCBUGC,Samardzic,C,6.5,6.5,True,False
6,BTGCBUGC,Saelemaekers,C,6.0,6.0,True,False
6,BTGCBUGC,Krstovic,A,5.0,5.0,True,False
6,BTGCBUGC,Kean,A,7.0,10.0,True,False
6,BTGCBUGC,Giovane,A,7.0,9.0,True,False
6,BTGCBUGC,Perin,P,6.0,5.0,True,True
6,BTGCBUGC,Di Gregorio,P,,,False,True
6,BTGCBUGC,Scalvini,D,,,False,True
6,BTGCBUGC,Ramon,D,,,False,True
6,BTGCBUGC,Cuadrado,D,7.0,9.0,False,True
6,BTGCBUGC,Vitik,D,,,False,True
6,BTGCBUGC,Canestrelli,D,6.0,6.0,False,True
6,BTGCBUGC,Thuram K.,C,5.5,5.5,False,True
6,BTGCBUGC,Locatelli,C,6.0,5.5,False,True
6,BTGCBUGC,Collocolo,C,,,False,True
6,BTGCBUGC,Tramoni M.,C,5.0,5.0,False,True
6,BTGCBUGC,Vardy,A,7.0,9.5,False,True
6,BTGCBUGC,Belotti,A,,,False,True
6,BTGCBUGC,Colombo,A,,,False,True
6,CUORE LAZIALE,Maignan,P,5.5,3.5,True,False
6,CUORE LAZIALE,Cambiaso,D,6.0,6.0,True,False
6,CUORE LAZIALE,Kelly L.,D,5.5,5.0,True,False
6,CUORE LAZIALE,Lazaro,D,6.5,7.5,True,False
6,CUORE LAZIALE,Zaniolo,C,6.5,6.5,True,False
6,CUORE LAZIALE,Maldini,C,,,False,False
6,CUORE LAZIALE,Cristante,C,6.5,6.5,True,False
6,CUORE LAZIALE,Isaksen,C,7.0,7.0,True,False
6,CUORE LAZIALE,Leao,A,7.0,10.0,True,False
6,CUORE LAZIALE,De Ketelaere,A,5.5,5.5,True,False
6,CUORE LAZIALE,Soulè,A,6.0,6.0,True,False
6,CUORE LAZIALE,Terracciano,P,,,False,True
6,CUORE LAZIALE,Torriani,P,,,False,True
6,CUORE LAZIALE,Angori,D,,,False,True
6,CUORE LAZIALE,Pellegrini Lu.,D,6.0,6.0,False,True
6,CUORE LAZIALE,Estupinan,D,,,False,True
6,CUORE LAZIALE,Darmian,D,,,False,True
6,CUORE LAZIALE,Kristensen T.,D,,,False,True
6,CUORE LAZIALE,Carboni V.,C,,,False,True
6,CUORE LAZIALE,Stanciu,C,,,False,True
6,CUORE LAZIALE,Loftus-Cheek,C,,,False,True
6,CUORE LAZIALE,Stengs,C,,,False,True
6,CUORE LAZIALE,Pellegrino M.,A,6.0,6.0,False,True
6,CUORE LAZIALE,Stulic,A,5.5,5.0,False,True
6,CUORE LAZIALE,Laurientè,A,,,False,True
6,TEAM JODIODDR,Svilar,P,6.5,7.5,True,False
6,TEAM JODIODDR,Valle,D,,,False,False
6,TEAM JODIODDR,Hien,D,6.0,6.0,True,False
6,TEAM JODIODDR,Rensch,D,,,False,False
6,TEAM JODIODDR,Tiago Gabriel,D,5.5,5.5,True,False
6,TEAM JODIODDR,Bailey,C,6.0,6.0,True,False
6,TEAM JODIODDR,Zambo Anguissa,C,7.5,10.5,True,False
6,TEAM JODIODDR,Masini,C,5.5,5.5,True,False
6,TEAM JODIODDR,Gudmundsson A.,C,6.5,8.0,True,False
6,TEAM JODIODDR,Diao,A,5.5,5.5,True,False
6,TEAM JODIODDR,Ngonge,A,6.5,6.5,True,False
6,TEAM JODIODDR,Gollini,P,,,False,True
6,TEAM JODIODDR,Vasquez D.,P,,,False,True
6,TEAM JODIODDR,Baschirotto,D,6.5,6.5,True,True
6,TEAM JODIODDR,Zappacosta,D,,,False,True
6,TEAM JODIODDR,Joao Mario,D,,,False,True
6,TEAM JODIODDR,Bisseck,D,,,False,True
6,TEAM JODIODDR,Pisilli,C,,,False,True
6,TEAM JODIODDR,Lovric,C,,,False,True
6,TEAM JODIODDR,El Aynaoui,C,6.0,6.0,False,True
6,TEAM JODIODDR,Luvumbo,A,6.0,6.0,False,True
6,TEAM JODIODDR,Orban G.,A,6.5,9.5,False,True
6,U CAN U UP,Provedel,P,6.0,7.0,True,False
6,U CAN U UP,Gabbia,D,5.5,5.5,True,False
6,U CAN U UP,Miranda J.,D,6.5,6.5,True,False
6,U CAN U UP,Di Lorenzo,D,6.5,6.0,True,False
6,U CAN U UP,Gatti,D,5.5,5.5,True,False
6,U CAN U UP,Ederson D.S.,C,6.5,6.5,True,False
6,U CAN U UP,Pasalic,C,5.5,5.5,True,False
6,U CAN U UP,Orsolini,C,6.0,6.0,True,False
6,U CAN U UP,Koopmeiners,C,6.0,5.5,True,False
6,U CAN U UP,Gimenez,A,5.5,5.5,True,False
6,U CAN U UP,Yildiz,A,6.0,6.0,True,False
6,U CAN U UP,Mandas,P,,,False,True
6,U CAN U UP,Israel,P,,,False,True
6,U CAN U UP,Beukema,D,,,False,True
6,U CAN U UP,Circati,D,6.5,6.5,False,True
6,U CAN U UP,Zortea,D,,,False,True
6,U CAN U UP,Frattesi,C,6.0,6.0,False,True
6,U CAN U UP,Fazzini,C,,,False,True
6,U CAN U UP,Vandeputte,C,6.5,6.5,False,True
6,U CAN U UP,Sohm,C,,,False,True
6,U CAN U UP,Lucca,A,,,False,True
6,U CAN U UP,Camarda,A,6.0,6.0,False,True
6,U CAN U UP,Douvikas,A,6.0,6.0,False,True
6,U CAN U UP,Hojlund,A,,,False,True
6,U CAN U UP,Tavares N.,D,,,False,True
6,TEAM ZTOTTI,Skorupski,P,7.0,5.0,True,False
6,TEAM ZTOTTI,Zanoli,D,6.0,6.0,True,False
6,TEAM ZTOTTI,Djimsiti,D,5.5,5.5,True,False
6,TEAM ZTOTTI,Solet,D,6.0,6.0,True,False
6,TEAM ZTOTTI,Vojvoda,D,6.0,6.0,True,False
6,TEAM ZTOTTI,Paz N.,C,5.5,5.5,True,False
6,TEAM ZTOTTI,Folorunsho,C,5.5,5.5,True,False
6,TEAM ZTOTTI,Zalewski,C,6.0,6.0,True,False
6,TEAM ZTOTTI,Berardi,A,5.5,5.5,True,False
6,TEAM ZTOTTI,Lookman,A,6.0,6.0,True,False
6,TEAM ZTOTTI,Dybala,A,7.0,11.0,True,False
6,TEAM ZTOTTI,Falcone,P,6.0,3.0,False,True
6,TEAM ZTOTTI,De Vrij,D,,,False,True
6,TEAM ZTOTTI,Gallo,D,5.5,5.5,False,True
6,TEAM ZTOTTI,Lovik,D,,,False,True
6,TEAM ZTOTTI,Miller L.,C,,,False,True
6,TEAM ZTOTTI,Vazquez,C,,,False,True
6,TEAM ZTOTTI,Casadei,C,5.5,5.0,False,True
6,TEAM ZTOTTI,Buksa,A,7.0,10.5,False,True
6,TEAM ZTOTTI,Lang,A,,,False,True
6,TEAM ZTOTTI,Kilicsoy,A,,,False,True
6,LABORATORIO DATI,Caprile,P,7.5,5.5,True,False
6,LABORATORIO DATI,Luperto,D,,,False,False
6,LABORATORIO DATI,Delprato,D,6.0,6.0,True,False
6,LABORATORIO DATI,Gila,D,6.5,6.5,True,False
6,LABORATORIO DATI,Dodò,D,6.0,6.0,True,False
6,LABORATORIO DATI,Conceicao,C,6.0,6.0,True,False
6,LABORATORIO DATI,Rabiot,C,,,False,False
6,LABORATORIO DATI,Odgaard,C,,,False,False
6,LABORATORIO DATI,Pinamonti,A,5.0,5.0,True,False
6,LABORATORIO DATI,David,A,5.0,5.0,True,False
6,LABORATORIO DATI,Simeone,A,5.5,5.5,True,False
6,LABORATORIO DATI,Sommer,P,6.0,3.0,False,True
6,LABORATORIO DATI,Suzuki,P,6.0,7.0,False,True
6,LABORATORIO DATI,Gaspar K.,D,5.0,4.5,True,True
6,LABORATORIO DATI,Martin,D,,,False,True
6,LABORATORIO DATI,Valeri,D,,,False,True
6,LABORATORIO DATI,Palma,D,,,False,True
6,LABORATORIO DATI,El Shaarawy,C,,,False,True
6,LABORATORIO DATI,Mandragora,C,5.5,5.5,True,True
6,LABORATORIO DATI,Neres,C,6.5,7.5,True,True
6,LABORATORIO DATI,De Roon,C,6.0,6.0,False,True
6,LABORATORIO DATI,Frendrup,C,6.0,5.5,False,True
6,LABORATORIO DATI,Morata,A,5.5,5.5,False,True
6,LABORATORIO DATI,Piccoli,A,,,False,True
6,LABORATORIO DATI,Zapata D.,A,,,False,True
6,TEAM ASBOVE,Butez,P,6.5,7.5,True,False
6,TEAM ASBOVE,Norton-Cuffy,D,6.0,6.0,True,False
6,TEAM ASBOVE,Mancini,D,6.5,6.0,True,False
6,TEAM ASBOVE,Heggem,D,6.0,6.0,True,False
6,TEAM ASBOVE,Acerbi,D,5.0,5.0,True,False
6,TEAM ASBOVE,Pellegrini Lo.,C,6.5,6.5,True,False
6,TEAM ASBOVE,Rowe,C,6.0,5.5,True,False
6,TEAM ASBOVE,Fofana Y.,C,6.0,6.0,True,False
6,TEAM ASBOVE,Nkunku,A,5.5,5.5,True,False
6,TEAM ASBOVE,Martinez L.,A,5.0,5.0,True,False
6,TEAM ASBOVE,Dia,A,6.0,6.0,True,False
6,TEAM ASBOVE,Milinkovic-Savic V.,P,6.5,5.5,False,True
6,TEAM ASBOVE,Meret,P,,,False,True
6,TEAM ASBOVE,Biraghi,D,5.5,5.5,False,True
6,TEAM ASBOVE,Lucumì,D,6.0,5.5,False,True
6,TEAM ASBOVE,Floriani Mussolini,D,5.5,5.0,False,True
6,TEAM ASBOVE,Bernardeschi,C,5.0,5.0,False,True
6,TEAM ASBOVE,Mkhitaryan,C,5.5,5.5,False,True
6,TEAM ASBOVE,Sucic P.,C,6.0,6.0,False,True
6,TEAM ASBOVE,Zhegrova,C,,,False,True
6,TEAM ASBOVE,Tourè I.,C,6.0,6.0,False,True
6,TEAM ASBOVE,Openda,A,6.0,6.0,False,True
6,TEAM ASBOVE,Cutrone,A,6.0,6.0,False,True
6,TEAM ASBOVE,Rodriguez Je.,A,,,False,True
6,TEAM ASBOVE,Bremer,D,,,False,True
6,KKK,Carnesecchi,P,6.5,5.5,True,False
6,KKK,Gosens,D,5.0,4.5,True,False
6,KKK,Buongiorno,D,5.5,5.5,True,False
6,KKK,Carlos Augusto,D,,,False,False
6,KKK,Bellanova,D,5.5,5.5,True,False
6,KKK,Konè M.,C,6.5,6.5,True,False
6,KKK,Modric,C,6.5,7.5,True,False
6,KKK,McTominay,C,7.0,11.0,True,False
6,KKK,Atta,C,7.5,9.5,True,False
6,KKK,Vlahovic,A,5.5,5.5,True,False
6,KKK,Adams C.,A,5.5,5.5,True,False
6,KKK,Sportiello,P,,,False,True
6,KKK,Audero,P,,,False,True
6,KKK,Vasquez,D,6.0,6.0,True,True
6,KKK,Wesley,D,6.0,6.0,False,True
6,KKK,Hermoso,D,6.0,5.5,False,True
6,KKK,Terracciano F.,D,7.0,7.0,False,True
6,KKK,Freuler,C,6.0,5.5,False,True
6,KKK,Thorstvedt,C,5.0,4.5,False,True
6,KKK,Zerbin,C,6.5,6.5,False,True
6,KKK,Oristanio,C,,,False,True
6,KKK,Dovbyk,A,6.5,6.5,False,True
6,KKK,Esposito Se.,A,,,False,True
6,KKK,Dominguez B.,A,,,False,True
6,KKK,Dzeko,A,5.5,5.0,False,True
6,PREMIER LEAGUE SLOPS,De Gea,P,6.0,4.0,True,False
6,PREMIER LEAGUE SLOPS,Tsimikas,D,6.0,6.0,True,False
6,PREMIER LEAGUE SLOPS,Tomori,D,,,False,False
6,PREMIER LEAGUE SLOPS,Akanji,D,5.0,5.0,True,False
6,PREMIER LEAGUE SLOPS,Perrone,C,6.0,6.0,True,False
6,PREMIER LEAGUE SLOPS,Matic,C,5.5,5.5,True,False
6,PREMIER LEAGUE SLOPS,De Bruyne,C,7.0,9.0,True,False
6,PREMIER LEAGUE SLOPS,Bernabè,C,6.5,6.5,True,False
6,PREMIER LEAGUE SLOPS,Sulemana K.,A,,,False,False
6,PREMIER LEAGUE SLOPS,Scamacca,A,6.0,5.5,True,False
6,PREMIER LEAGUE SLOPS,Ferguson E.,A,,,False,False
6,PREMIER LEAGUE SLOPS,Martinelli T.,P,,,False,True
6,PREMIER LEAGUE SLOPS,Mina,D,,,False,True
6,PREMIER LEAGUE SLOPS,Angelino,D,,,False,True
6,PREMIER LEAGUE SLOPS,Gutierrez,D,,,False,True
6,PREMIER LEAGUE SLOPS,Olivera,D,5.5,5.5,True,True
6,PREMIER LEAGUE SLOPS,Lamptey,D,,,False,True
6,PREMIER LEAGUE SLOPS,Vlasic,C,5.5,5.0,False,True
6,PREMIER LEAGUE SLOPS,Guendouzi,C,6.5,6.0,False,True
6,PREMIER LEAGUE SLOPS,Cornet,C,5.0,5.0,False,True
6,PREMIER LEAGUE SLOPS,Dele-Bashiru,C,,,False,True
6,PREMIER LEAGUE SLOPS,Cambiaghi,A,7.0,10.0,True,True
6,PREMIER LEAGUE SLOPS,Davis K.,A,7.0,9.5,True,True
6,PREMIER LEAGUE SLOPS,Pedro,A,,,False,True
6,PREMIER LEAGUE SLOPS,Lezzerini,P,,,False,True
6,11 CRISTANTE UNITED,Leali,P,7.5,5.5,True,False
6,11 CRISTANTE UNITED,Ehizibue,D,,,False,False
6,11 CRISTANTE UNITED,N'Dicka,D,6.0,6.0,True,False
6,11 CRISTANTE UNITED,Bastoni,D,6.0,5.5,True,False
6,11 CRISTANTE UNITED,Dimarco,D,6.0,6.0,True,False
6,11 CRISTANTE UNITED,Diego Carlos,D,6.5,6.0,True,False
6,11 CRISTANTE UNITED,Barella,C,6.0,6.0,True,False
6,11 CRISTANTE UNITED,Politano,C,6.0,6.0,True,False
6,11 CRISTANTE UNITED,Calhanoglu,C,7.0,9.0,True,False
6,11 CRISTANTE UNITED,Castro S.,A,7.0,10.0,True,False
6,11 CRISTANTE UNITED,Nzola,A,7.0,9.5,True,False
6,11 CRISTANTE UNITED,Siegrist,P,,,False,True
6,11 CRISTANTE UNITED,Kalulu,D,6.0,6.0,True,True
6,11 CRISTANTE UNITED,Juan Jesus,D,6.5,6.5,False,True
6,11 CRISTANTE UNITED,Baturina,C,6.0,6.0,False,True
6,11 CRISTANTE UNITED,Moreno Alb.,D,6.0,6.0,False,True
6,11 CRISTANTE UNITED,Musah,C,,,False,True
6,11 CRISTANTE UNITED,Brescianini,C,7.0,11.0,False,True
6,11 CRISTANTE UNITED,Bonny,A,5.5,5.5,False,True
6,11 CRISTANTE UNITED,Bravo,A,,,False,True
6,11 CRISTANTE UNITED,Meister,A,5.5,5.5,False,True
6,11 CRISTANTE UNITED,Da Cunha,C,6.0,6.0,False,True
7,11 CRISTANTE UNITED,Leali,P,6.0,3.5,True,False
7,11 CRISTANTE UNITED,Ehizibue,D,6.0,6.0,True,False
7,11 CRISTANTE UNITED,N'Dicka,D,6.0,6.0,True,False
7,11 CRISTANTE UNITED,Bastoni,D,6.5,6.5,True,False
7,11 CRISTANTE UNITED,Dimarco,D,6.5,6.5,True,False
7,11 CRISTANTE UNITED,Diego Carlos,D,6.5,6.5,True,False
7,11 CRISTANTE UNITED,Barella,C,6.5,7.5,True,False
7,11 CRISTANTE UNITED,Politano,C,5.5,5.5,True,False
7,11 CRISTANTE UNITED,Calhanoglu,C,8.0,14.0,True,False
7,11 CRISTANTE UNITED,Castro S.,A,5.5,5.5,True,False
7,11 CRISTANTE UNITED,Nzola,A,6.0,6.0,True,False
7,11 CRISTANTE UNITED,Siegrist,P,,,False,True
7,11 CRISTANTE UNITED,Kalulu,D,6.5,6.5,False,True
7,11 CRISTANTE UNITED,Juan Jesus,D,5.0,5.0,False,True
7,11 CRISTANTE UNITED,Baturina,C,,,False,True
7,11 CRISTANTE UNITED,Moreno Alb.,D,,,False,True
7,11 CRISTANTE UNITED,Musah,C,,,False,True
7,11 CRISTANTE UNITED,Brescianini,C,6.0,5.5,False,True
7,11 CRISTANTE UNITED,Bonny,A,6.5,6.5,False,True
7,11 CRISTANTE UNITED,Bravo,A,,,False,True
7,11 CRISTANTE UNITED,Meister,A,,,False,True
7,11 CRISTANTE UNITED,Da Cunha,C,6.5,6.5,False,True
7,LABORATORIO DATI,Caprile,P,6.0,3.5,True,False
7,LABORATORIO DATI,Luperto,D,,,False,False
7,LABORATORIO DATI,Delprato,D,5.5,5.0,True,False
7,LABORATORIO DATI,Gila,D,6.0,6.0,True,False
7,LABORATORIO DATI,Dodò,D,5.5,5.5,True,False
7,LABORATORIO DATI,Conceicao,C,,,False,False
7,LABORATORIO DATI,Rabiot,C,,,False,False
7,LABORATORIO DATI,Odgaard,C,5.5,5.0,True,False
7,LABORATORIO DATI,Pinamonti,A,7.0,11.0,True,False
7,LABORATORIO DATI,David,A,6.0,6.0,True,False
7,LABORATORIO DATI,Simeone,A,5.5,5.5,True,False
7,LABORATORIO DATI,Sommer,P,6.0,7.0,False,True
7,LABORATORIO DATI,Suzuki,P,6.0,4.0,False,True
7,LABORATORIO DATI,Gaspar K.,D,6.0,6.0,True,True
7,LABORATORIO DATI,Martin,D,6.0,6.0,False,True
7,LABORATORIO DATI,Valeri,D,,,False,True
7,LABORATORIO DATI,Palma,D,,,False,True
7,LABORATORIO DATI,Neres,C,7.0,8.0,True,True
7,LABORATORIO DATI,El Shaarawy,C,,,False,True
7,LABORATORIO DATI,De Roon,C,6.0,6.0,True,True
7,LABORATORIO DATI,Mandragora,C,5.5,5.5,False,True
7,LABORATORIO DATI,Frendrup,C,5.5,5.5,False,True
7,LABORATORIO DATI,Morata,A,,,False,True
7,LABORATORIO DATI,Piccoli,A,,,False,True
7,LABORATORIO DATI,Zapata D.,A,,,False,True
7,KKK,Audero,P,6.5,7.5,True,False
7,KKK,Gosens,D,6.0,6.0,True,False
7,KKK,Buongiorno,D,6.5,6.5,True,False
7,KKK,Carlos Augusto,D,,,False,False
7,KKK,Bellanova,D,6.0,6.0,True,False
7,KKK,Konè M.,C,7.0,7.0,True,False
7,KKK,Modric,C,6.0,5.5,True,False
7,KKK,McTominay,C,6.0,6.0,True,False
7,KKK,Atta,C,6.0,6.0,True,False
7,KKK,Vlahovic,A,7.0,9.0,True,False
7,KKK,Dovbyk,A,7.0,11.0,True,False
7,KKK,Carnesecchi,P,6.0,5.0,False,True
7,KKK,Sportiello,P,,,False,True
7,KKK,Terracciano F.,D,6.5,6.5,True,True
7,KKK,Vasquez,D,6.0,6.0,False,True
7,KKK,Wesley,D,6.0,6.0,False,True
7,KKK,Hermoso,D,7.0,10.0,False,True
7,KKK,Freuler,C,6.0,6.0,False,True
7,KKK,Zerbin,C,,,False,True
7,KKK,Thorstvedt,C,6.0,5.5,False,True
7,KKK,Adams C.,A,5.5,5.5,False,True
7,KKK,Esposito Se.,A,7.0,10.0,False,True
7,KKK,Dominguez B.,A,5.5,5.5,False,True
7,KKK,Dzeko,A,6.0,6.0,False,True
7,KKK,Oristanio,C,,,False,True
7,TEAM JODIODDR,Svilar,P,7.0,6.0,True,False
7,TEAM JODIODDR,Zappacosta,D,6.5,6.5,True,False
7,TEAM JODIODDR,Hien,D,6.0,6.0,True,False
7,TEAM JODIODDR,Rensch,D,5.5,5.5,True,False
7,TEAM JODIODDR,Baschirotto,D,6.5,6.5,True,False
7,TEAM JODIODDR,Bailey,C,5.5,5.5,True,False
7,TEAM JODIODDR,Zambo Anguissa,C,7.0,11.0,True,False
7,TEAM JODIODDR,Gudmundsson A.,C,5.5,5.5,True,False
7,TEAM JODIODDR,Orban G.,A,5.0,4.5,True,False
7,TEAM JODIODDR,Diao,A,5.5,5.5,True,False
7,TEAM JODIODDR,Ngonge,A,5.5,5.5,True,False
7,TEAM JODIODDR,Gollini,P,,,False,True
7,TEAM JODIODDR,Vasquez D.,P,,,False,True
7,TEAM JODIODDR,Joao Mario,D,,,False,True
7,TEAM JODIODDR,Valle,D,6.5,7.5,False,True
7,TEAM JODIODDR,Tiago Gabriel,D,6.0,6.0,False,True
7,TEAM JODIODDR,Bisseck,D,6.5,6.5,False,True
7,TEAM JODIODDR,Masini,C,6.0,6.0,False,True
7,TEAM JODIODDR,Pisilli,C,,,False,True
7,TEAM JODIODDR,Lovric,C,5.5,5.0,False,True
7,TEAM JODIODDR,El Aynaoui,C,6.0,6.0,False,True
7,TEAM JODIODDR,Luvumbo,A,,,False,True
7,CUORE LAZIALE,Maignan,P,6.5,5.5,True,False
7,CUORE LAZIALE,Pellegrini Lu.,D,5.5,5.5,True,False
7,CUORE LAZIALE,Kelly L.,D,6.0,6.0,True,False
7,CUORE LAZIALE,Cambiaso,D,6.5,7.5,True,False
7,CUORE LAZIALE,Zaniolo,C,7.0,10.0,True,False
7,CUORE LAZIALE,Loftus-Cheek,C,6.0,6.0,True,False
7,CUORE LAZIALE,Cristante,C,6.5,6.5,True,False
7,CUORE LAZIALE,Isaksen,C,5.5,5.5,True,False
7,CUORE LAZIALE,Leao,A,5.5,5.5,True,False
7,CUORE LAZIALE,De Ketelaere,A,6.0,6.0,True,False
7,CUORE LAZIALE,Soulè,A,6.0,6.0,True,False
7,CUORE LAZIALE,Terracciano,P,,,False,True
7,CUORE LAZIALE,Torriani,P,,,False,True
7,CUORE LAZIALE,Lazaro,D,6.0,6.0,False,True
7,CUORE LAZIALE,Angori,D,6.5,6.5,False,True
7,CUORE LAZIALE,Estupinan,D,,,False,True
7,CUORE LAZIALE,Darmian,D,,,False,True
7,CUORE LAZIALE,Kristensen T.,D,,,False,True
7,CUORE LAZIALE,Maldini,C,,,False,True
7,CUORE LAZIALE,Carboni V.,C,5.5,5.0,False,True
7,CUORE LAZIALE,Stanciu,C,,,False,True
7,CUORE LAZIALE,Stengs,C,,,False,True
7,CUORE LAZIALE,Laurientè,A,7.0,10.0,False,True
7,CUORE LAZIALE,Pellegrino M.,A,6.0,5.5,False,True
7,CUORE LAZIALE,Stulic,A,5.5,5.5,False,True
7,PREMIER LEAGUE SLOPS,De Gea,P,7.5,4.5,True,False
7,PREMIER LEAGUE SLOPS,Tsimikas,D,,,False,False
7,PREMIER LEAGUE SLOPS,Tomori,D,5.5,5.5,True,False
7,PREMIER LEAGUE SLOPS,Akanji,D,7.0,7.0,True,False
7,PREMIER LEAGUE SLOPS,Perrone,C,,,False,False
7,PREMIER LEAGUE SLOPS,Guendouzi,C,6.0,5.5,True,False
7,PREMIER LEAGUE SLOPS,Vlasic,C,6.0,6.0,True,False
7,PREMIER LEAGUE SLOPS,Bernabè,C,5.0,5.0,True,False
7,PREMIER LEAGUE SLOPS,Sulemana K.,A,,,False,False
7,PREMIER LEAGUE SLOPS,Scamacca,A,,,False,False
7,PREMIER LEAGUE SLOPS,Ferguson E.,A,,,False,False
7,PREMIER LEAGUE SLOPS,Martinelli T.,P,,,False,True
7,PREMIER LEAGUE SLOPS,Mina,D,,,False,True
7,PREMIER LEAGUE SLOPS,Angelino,D,,,False,True
7,PREMIER LEAGUE SLOPS,Gutierrez,D,,,False,True
7,PREMIER LEAGUE SLOPS,Olivera,D,6.0,5.5,True,True
7,PREMIER LEAGUE SLOPS,Lamptey,D,,,False,True
7,PREMIER LEAGUE SLOPS,Matic,C,6.5,6.5,True,True
7,PREMIER LEAGUE SLOPS,Cornet,C,5.0,5.0,False,True
7,PREMIER LEAGUE SLOPS,De Bruyne,C,,,False,True
7,PREMIER LEAGUE SLOPS,Dele-Bashiru,C,,,False,True
7,PREMIER LEAGUE SLOPS,Pedro,A,5.5,5.0,True,True
7,PREMIER LEAGUE SLOPS,Cambiaghi,A,5.5,5.5,True,True
7,PREMIER LEAGUE SLOPS,Davis K.,A,5.5,5.5,True,True
7,PREMIER LEAGUE SLOPS,Lezzerini,P,,,False,True
7,U CAN U UP,Provedel,P,6.5,7.5,True,False
7,U CAN U UP,Gabbia,D,6.0,5.5,True,False
7,U CAN U UP,Beukema,D,,,False,False
7,U CAN U UP,Di Lorenzo,D,6.0,6.0,True,False
7,U CAN U UP,Gatti,D,7.0,11.0,True,False
7,U CAN U UP,Ederson D.S.,C,6.0,6.0,True,False
7,U CAN U UP,Pasalic,C,7.0,8.0,True,False
7,U CAN U UP,Orsolini,C,5.5,5.5,True,False
7,U CAN U UP,Douvikas,A,7.0,10.0,True,False
7,U CAN U UP,Yildiz,A,7.0,9.0,True,False
7,U CAN U UP,Lucca,A,5.5,5.5,True,False
7,U CAN U UP,Mandas,P,,,False,True
7,U CAN U UP,Israel,P,,,False,True
7,U CAN U UP,Miranda J.,D,,,False,True
7,U CAN U UP,Circati,D,7.0,10.0,True,True
7,U CAN U UP,Koopmeiners,C,,,False,True
7,U CAN U UP,Frattesi,C,,,False,True
7,U CAN U UP,Fazzini,C,5.5,5.5,False,True
7,U CAN U UP,Vandeputte,C,7.0,8.0,False,True
7,U CAN U UP,Sohm,C,6.0,6.0,False,True
7,U CAN U UP,Hojlund,A,5.5,5.5,False,True
7,U CAN U UP,Gimenez,A,5.0,4.5,False,True
7,U CAN U UP,Camarda,A,5.0,3.0,False,True
7,U CAN U UP,Zortea,D,6.0,6.0,False,True
7,BTGCBUGC,Martinez Jo.,P,,,False,False
7,BTGCBUGC,Palestra,D,6.5,6.5,True,False
7,BTGCBUGC,Pavlovic,D,6.0,6.0,True,False
7,BTGCBUGC,Cuadrado,D,6.5,6.0,True,False
7,BTGCBUGC,Dumfries,D,6.0,6.0,True,False
7,BTGCBUGC,Zaccagni,C,6.0,6.0,True,False
7,BTGCBUGC,Thuram K.,C,,,False,False
7,BTGCBUGC,Samardzic,C,,,False,False
7,BTGCBUGC,Saelemaekers,C,5.5,5.5,True,False
7,BTGCBUGC,Kean,A,5.5,5.5,True,False
7,BTGCBUGC,Vardy,A,6.0,6.0,True,False
7,BTGCBUGC,Perin,P,,,False,True
7,BTGCBUGC,Di Gregorio,P,6.0,4.5,True,True
7,BTGCBUGC,Vitik,D,5.5,5.5,False,True
7,BTGCBUGC,Ramon,D,6.5,6.5,False,True
7,BTGCBUGC,Scalvini,D,,,False,True
7,BTGCBUGC,Canestrelli,D,6.0,6.0,False,True
7,BTGCBUGC,Locatelli,C,6.0,6.0,True,True
7,BTGCBUGC,Collocolo,C,,,False,True
7,BTGCBUGC,Serdar,C,7.0,10.0,True,True
7,BTGCBUGC,Tramoni M.,C,5.5,5.5,False,True
7,BTGCBUGC,Belotti,A,,,False,True
7,BTGCBUGC,Giovane,A,6.0,6.0,False,True
7,BTGCBUGC,Krstovic,A,,,False,True
7,BTGCBUGC,Colombo,A,5.5,5.5,False,True
7,TEAM ASBOVE,Milinkovic-Savic V.,P,7.0,10.0,True,False
7,TEAM ASBOVE,Norton-Cuffy,D,5.5,5.5,True,False
7,TEAM ASBOVE,Mancini,D,6.5,6.5,True,False
7,TEAM ASBOVE,Heggem,D,,,False,False
7,TEAM ASBOVE,Acerbi,D,,,False,False
7,TEAM ASBOVE,Pellegrini Lo.,C,,,False,False
7,TEAM ASBOVE,Rowe,C,,,False,False
7,TEAM ASBOVE,Fofana Y.,C,6.0,6.0,True,False
7,TEAM ASBOVE,Openda,A,6.0,6.0,True,False
7,TEAM ASBOVE,Martinez L.,A,6.0,7.0,True,False
7,TEAM ASBOVE,Dia,A,5.5,5.5,True,False
7,TEAM ASBOVE,Butez,P,5.5,4.5,False,True
7,TEAM ASBOVE,Meret,P,,,False,True
7,TEAM ASBOVE,Lucumì,D,6.5,6.5,True,True
7,TEAM ASBOVE,Biraghi,D,,,False,True
7,TEAM ASBOVE,Floriani Mussolini,D,6.0,6.0,True,True
7,TEAM ASBOVE,Sucic P.,C,7.0,10.0,True,True
7,TEAM ASBOVE,Bernardeschi,C,6.0,6.0,True,True
7,TEAM ASBOVE,Zhegrova,C,,,False,True
7,TEAM ASBOVE,Mkhitaryan,C,,,False,True
7,TEAM ASBOVE,Tourè I.,C,6.0,6.0,False,True
7,TEAM ASBOVE,Nkunku,A,5.5,5.5,False,True
7,TEAM ASBOVE,Rodriguez Je.,A,6.5,7.5,False,True
7,TEAM ASBOVE,Cutrone,A,5.5,5.5,False,True
7,TEAM ASBOVE,Bremer,D,,,False,True
7,TEAM ZTOTTI,Skorupski,P,6.0,7.0,True,False
7,TEAM ZTOTTI,Gallo,D,6.0,6.0,True,False
7,TEAM ZTOTTI,De Vrij,D,,,False,False
7,TEAM ZTOTTI,Solet,D,6.0,6.0,True,False
7,TEAM ZTOTTI,Lovik,D,,,False,False
7,TEAM ZTOTTI,Vazquez,C,6.0,6.0,True,False
7,TEAM ZTOTTI,Paz N.,C,6.0,5.5,True,False
7,TEAM ZTOTTI,Zalewski,C,,,False,False
7,TEAM ZTOTTI,Berardi,A,,,False,False
7,TEAM ZTOTTI,Lookman,A,7.0,11.0,True,False
7,TEAM ZTOTTI,Dybala,A,6.5,7.5,True,False
7,TEAM ZTOTTI,Falcone,P,6.0,5.0,False,True
7,TEAM ZTOTTI,Sava,P,,,False,True
7,TEAM ZTOTTI,Djimsiti,D,6.0,6.0,True,True
7,TEAM ZTOTTI,Vojvoda,D,7.0,10.0,True,True
7,TEAM ZTOTTI,Zanoli,D,6.0,6.0,False,True
7,TEAM ZTOTTI,Miller L.,C,6.0,5.5,True,True
7,TEAM ZTOTTI,Casadei,C,6.5,6.5,False,True
7,TEAM ZTOTTI,Folorunsho,C,5.5,5.0,False,True
7,TEAM ZTOTTI,Kilicsoy,A,,,False,True
7,TEAM ZTOTTI,Lang,A,6.5,6.5,True,True
7,TEAM ZTOTTI,Buksa,A,5.5,5.5,False,True
8,11 CRISTANTE UNITED,Leali,P,6.0,5.0,True,False
8,11 CRISTANTE UNITED,Ehizibue,D,6.0,6.0,True,False
8,11 CRISTANTE UNITED,N'Dicka,D,5.5,5.5,True,False
8,11 CRISTANTE UNITED,Bastoni,D,5.5,5.5,True,False
8,11 CRISTANTE UNITED,Dimarco,D,6.0,6.0,True,False
8,11 CRISTANTE UNITED,Diego Carlos,D,6.5,6.5,True,False
8,11 CRISTANTE UNITED,Barella,C,6.5,6.5,True,False
8,11 CRISTANTE UNITED,Politano,C,5.5,5.0,True,False
8,11 CRISTANTE UNITED,Calhanoglu,C,7.0,8.0,True,False
8,11 CRISTANTE UNITED,Castro S.,A,7.5,14.0,True,False
8,11 CRISTANTE UNITED,Nzola,A,6.0,6.0,True,False
8,11 CRISTANTE UNITED,Siegrist,P,,,False,True
8,11 CRISTANTE UNITED,Kalulu,D,6.5,6.5,False,True
8,11 CRISTANTE UNITED,Juan Jesus,D,,,False,True
8,11 CRISTANTE UNITED,Baturina,C,,,False,True
8,11 CRISTANTE UNITED,Moreno Alb.,D,,,False,True
8,11 CRISTANTE UNITED,Musah,C,,,False,True
8,11 CRISTANTE UNITED,Brescianini,C,,,False,True
8,11 CRISTANTE UNITED,Bonny,A,5.5,5.5,False,True
8,11 CRISTANTE UNITED,Bravo,A,,,False,True
8,11 CRISTANTE UNITED,Meister,A,5.5,5.5,False,True
8,11 CRISTANTE UNITED,Da Cunha,C,6.0,6.0,False,True
8,TEAM ZTOTTI,Skorupski,P,6.0,5.0,True,False
8,TEAM ZTOTTI,Solet,D,6.5,6.5,True,False
8,TEAM ZTOTTI,Rrahmani,D,6.5,6.5,True,False
8,TEAM ZTOTTI,De Vrij,D,,,False,False
8,TEAM ZTOTTI,Vojvoda,D,,,False,False
8,TEAM ZTOTTI,Casadei,C,5.5,5.0,True,False
8,TEAM ZTOTTI,Paz N.,C,5.5,5.5,True,False
8,TEAM ZTOTTI,Zalewski,C,5.0,5.0,True,False
8,TEAM ZTOTTI,Berardi,A,7.0,10.0,True,False
8,TEAM ZTOTTI,Lookman,A,5.5,5.5,True,False
8,TEAM ZTOTTI,Dybala,A,5.0,3.0,True,False
8,TEAM ZTOTTI,Falcone,P,7.0,8.0,False,True
8,TEAM ZTOTTI,Sava,P,,,False,True
8,TEAM ZTOTTI,Zanoli,D,6.5,6.5,True,True
8,TEAM ZTOTTI,Djimsiti,D,6.0,6.0,True,True
8,TEAM ZTOTTI,Gallo,D,6.5,6.5,False,True
8,TEAM ZTOTTI,Lovik,D,,,False,True
8,TEAM ZTOTTI,Vazquez,C,6.5,6.5,False,True
8,TEAM ZTOTTI,Lobotka,C,,,False,True
8,TEAM ZTOTTI,Miller L.,C,,,False,True
8,TEAM ZTOTTI,Jashari,C,,,False,True
8,TEAM ZTOTTI,Folorunsho,C,6.0,6.0,False,True
8,TEAM ZTOTTI,Buksa,A,6.5,6.5,False,True
8,TEAM ZTOTTI,Lang,A,6.0,6.0,False,True
8,TEAM ZTOTTI,Kilicsoy,A,6.0,6.0,False,True
8,LABORATORIO DATI,Sommer,P,5.5,4.5,True,False
8,LABORATORIO DATI,Dodò,D,5.5,5.5,True,False
8,LABORATORIO DATI,Delprato,D,5.5,5.5,True,False
8,LABORATORIO DATI,Gila,D,6.5,6.5,True,False
8,LABORATORIO DATI,Mandragora,C,5.0,5.0,True,False
8,LABORATORIO DATI,Conceicao,C,6.0,6.0,True,False
8,LABORATORIO DATI,Rabiot,C,,,False,False
8,LABORATORIO DATI,Odgaard,C,6.0,6.0,True,False
8,LABORATORIO DATI,Pinamonti,A,5.5,5.5,True,False
8,LABORATORIO DATI,David,A,,,False,False
8,LABORATORIO DATI,Simeone,A,6.5,9.5,True,False
8,LABORATORIO DATI,Caprile,P,6.5,4.5,False,True
8,LABORATORIO DATI,Suzuki,P,6.0,3.0,False,True
8,LABORATORIO DATI,Luperto,D,5.0,5.0,False,True
8,LABORATORIO DATI,Gaspar K.,D,6.5,6.5,False,True
8,LABORATORIO DATI,Martin,D,6.5,7.5,False,True
8,LABORATORIO DATI,Valeri,D,,,False,True
8,LABORATORIO DATI,Palma,D,6.5,6.5,False,True
8,LABORATORIO DATI,Neres,C,5.5,5.5,True,True
8,LABORATORIO DATI,El Shaarawy,C,,,False,True
8,LABORATORIO DATI,De Roon,C,,,False,True
8,LABORATORIO DATI,Frendrup,C,6.0,6.0,False,True
8,LABORATORIO DATI,Morata,A,5.0,3.0,True,True
8,LABORATORIO DATI,Piccoli,A,5.0,5.0,False,True
8,LABORATORIO DATI,Zapata D.,A,5.5,5.5,False,True
8,CUORE LAZIALE,Maignan,P,7.0,10.0,True,False
8,CUORE LAZIALE,Lazaro,D,6.0,6.0,True,False
8,CUORE LAZIALE,Cambiaso,D,7.0,11.0,True,False
8,CUORE LAZIALE,Estupinan,D,,,False,False
8,CUORE LAZIALE,Isaksen,C,7.0,11.0,True,False
8,CUORE LAZIALE,Loftus-Cheek,C,,,False,False
8,CUORE LAZIALE,Cristante,C,6.0,6.0,True,False
8,CUORE LAZIALE,Zaniolo,C,7.0,11.0,True,False
8,CUORE LAZIALE,Laurientè,A,6.0,6.0,True,False
8,CUORE LAZIALE,Leao,A,6.5,7.5,True,False
8,CUORE LAZIALE,Soulè,A,6.0,6.0,True,False
8,CUORE LAZIALE,Terracciano,P,,,False,True
8,CUORE LAZIALE,Torriani,P,,,False,True
8,CUORE LAZIALE,Pellegrini Lu.,D,6.0,6.0,True,True
8,CUORE LAZIALE,Angori,D,6.0,6.0,False,True
8,CUORE LAZIALE,Kelly L.,D,,,False,True
8,CUORE LAZIALE,Kristensen T.,D,,,False,True
8,CUORE LAZIALE,Darmian,D,,,False,True
8,CUORE LAZIALE,Carboni V.,C,,,False,True
8,CUORE LAZIALE,Stanciu,C,,,False,True
8,CUORE LAZIALE,Maldini,C,,,False,True
8,CUORE LAZIALE,Stengs,C,,,False,True
8,CUORE LAZIALE,Pellegrino M.,A,6.0,6.0,False,True
8,CUORE LAZIALE,Stulic,A,6.0,6.0,False,True
8,CUORE LAZIALE,De Ketelaere,A,5.5,5.0,False,True
8,BTGCBUGC,Martinez Jo.,P,,,False,False
8,BTGCBUGC,Palestra,D,6.0,6.0,True,False
8,BTGCBUGC,Pavlovic,D,7.5,11.5,True,False
8,BTGCBUGC,Cuadrado,D,,,False,False
8,BTGCBUGC,Dumfries,D,6.0,6.0,True,False
8,BTGCBUGC,Zaccagni,C,7.0,10.0,True,False
8,BTGCBUGC,Locatelli,C,7.0,7.0,True,False
8,BTGCBUGC,Samardzic,C,5.5,5.5,True,False
8,BTGCBUGC,Saelemaekers,C,6.5,6.5,True,False
8,BTGCBUGC,Vardy,A,7.0,10.0,True,False
8,BTGCBUGC,Kean,A,5.0,4.5,True,False
8,BTGCBUGC,Perin,P,,,False,True
8,BTGCBUGC,Di Gregorio,P,6.0,5.0,True,True
8,BTGCBUGC,Scalvini,D,,,False,True
8,BTGCBUGC,Vitik,D,,,False,True
8,BTGCBUGC,Canestrelli,D,5.0,5.0,True,True
8,BTGCBUGC,Ramon,D,6.5,6.5,False,True
8,BTGCBUGC,Thuram K.,C,6.0,6.0,False,True
8,BTGCBUGC,Tramoni M.,C,,,False,True
8,BTGCBUGC,Serdar,C,,,False,True
8,BTGCBUGC,Collocolo,C,,,False,True
8,BTGCBUGC,Belotti,A,,,False,True
8,BTGCBUGC,Krstovic,A,5.0,4.5,False,True
8,BTGCBUGC,Giovane,A,7.0,10.0,False,True
8,BTGCBUGC,Colombo,A,5.0,5.0,False,True
8,KKK,Carnesecchi,P,6.5,5.5,True,False
8,KKK,Vasquez,D,6.5,6.5,True,False
8,KKK,Buongiorno,D,6.0,6.0,True,False
8,KKK,Carlos Augusto,D,6.0,6.0,True,False
8,KKK,Bellanova,D,6.0,6.0,True,False
8,KKK,Konè M.,C,6.0,6.0,True,False
8,KKK,Modric,C,6.5,6.5,True,False
8,KKK,McTominay,C,6.5,6.5,True,False
8,KKK,Atta,C,7.0,7.0,True,False
8,KKK,Vlahovic,A,6.5,6.5,True,False
8,KKK,Dovbyk,A,5.5,5.5,True,False
8,KKK,Audero,P,6.5,4.5,False,True
8,KKK,Sportiello,P,,,False,True
8,KKK,Wesley,D,6.0,5.5,False,True
8,KKK,Terracciano F.,D,5.0,5.0,False,True
8,KKK,Hermoso,D,6.5,6.0,False,True
8,KKK,Gosens,D,,,False,True
8,KKK,Freuler,C,6.0,6.0,False,True
8,KKK,Zerbin,C,,,False,True
8,KKK,Thorstvedt,C,6.5,6.5,False,True
8,KKK,Adams C.,A,7.0,11.0,False,True
8,KKK,Esposito Se.,A,5.5,5.5,False,True
8,KKK,Dominguez B.,A,,,False,True
8,KKK,Dzeko,A,5.0,5.0,False,True
8,KKK,Oristanio,C,,,False,True
8,TEAM JODIODDR,Svilar,P,7.0,6.0,True,False
8,TEAM JODIODDR,Zappacosta,D,5.5,5.5,True,False
8,TEAM JODIODDR,Tiago Gabriel,D,6.5,6.5,True,False
8,TEAM JODIODDR,Hien,D,5.5,5.5,True,False
8,TEAM JODIODDR,Valle,D,6.0,6.0,True,False
8,TEAM JODIODDR,Bailey,C,5.5,5.5,True,False
8,TEAM JODIODDR,Zambo Anguissa,C,6.0,5.5,True,False
8,TEAM JODIODDR,Gudmundsson A.,C,5.5,5.5,True,False
8,TEAM JODIODDR,Luvumbo,A,5.5,5.5,True,False
8,TEAM JODIODDR,Diao,A,6.5,6.5,True,False
8,TEAM JODIODDR,Ngonge,A,6.0,6.0,True,False
8,TEAM JODIODDR,Gollini,P,,,False,True
8,TEAM JODIODDR,Vasquez D.,P,,,False,True
8,TEAM JODIODDR,Baschirotto,D,5.5,5.5,False,True
8,TEAM JODIODDR,Rensch,D,,,False,True
8,TEAM JODIODDR,Joao Mario,D,,,False,True
8,TEAM JODIODDR,Bisseck,D,6.0,5.5,False,True
8,TEAM JODIODDR,Pisilli,C,,,False,True
8,TEAM JODIODDR,Masini,C,6.0,5.5,False,True
8,TEAM JODIODDR,El Aynaoui,C,6.0,5.5,False,True
8,TEAM JODIODDR,Lovric,C,,,False,True
8,TEAM JODIODDR,Orban G.,A,6.0,6.5,False,True
8,TEAM ASBOVE,Milinkovic-Savic V.,P,7.0,10.0,True,False
8,TEAM ASBOVE,Lucumì,D,6.0,6.0,True,False
8,TEAM ASBOVE,Mancini,D,5.5,5.0,True,False
8,TEAM ASBOVE,Heggem,D,6.0,6.0,True,False
8,TEAM ASBOVE,Acerbi,D,,,False,False
8,TEAM ASBOVE,Pellegrini Lo.,C,6.0,6.0,True,False
8,TEAM ASBOVE,Sucic P.,C,5.5,5.5,True,False
8,TEAM ASBOVE,Fofana Y.,C,5.5,5.0,True,False
8,TEAM ASBOVE,Nkunku,A,5.5,5.5,True,False
8,TEAM ASBOVE,Martinez L.,A,5.5,5.5,True,False
8,TEAM ASBOVE,Dia,A,5.0,5.0,True,False
8,TEAM ASBOVE,Butez,P,6.0,7.0,False,True
8,TEAM ASBOVE,Meret,P,,,False,True
8,TEAM ASBOVE,Norton-Cuffy,D,7.0,7.0,True,True
8,TEAM ASBOVE,Biraghi,D,6.0,6.0,False,True
8,TEAM ASBOVE,Floriani Mussolini,D,5.5,5.5,False,True
8,TEAM ASBOVE,Rowe,C,6.5,6.5,False,True
8,TEAM ASBOVE,Bernardeschi,C,,,False,True
8,TEAM ASBOVE,Zhegrova,C,,,False,True
8,TEAM ASBOVE,Mkhitaryan,C,,,False,True
8,TEAM ASBOVE,Tourè I.,C,6.0,6.0,False,True
8,TEAM ASBOVE,Openda,A,6.0,6.0,False,True
8,TEAM ASBOVE,Rodriguez Je.,A,,,False,True
8,TEAM ASBOVE,Cutrone,A,5.5,5.5,False,True
8,TEAM ASBOVE,Bremer,D,,,False,True
8,PREMIER LEAGUE SLOPS,De Gea,P,6.0,5.0,True,False
8,PREMIER LEAGUE SLOPS,Olivera,D,,,False,False
8,PREMIER LEAGUE SLOPS,Mina,D,5.5,5.5,True,False
8,PREMIER LEAGUE SLOPS,Akanji,D,6.0,6.0,True,False
8,PREMIER LEAGUE SLOPS,Perrone,C,6.0,5.5,True,False
8,PREMIER LEAGUE SLOPS,Guendouzi,C,7.0,7.5,True,False
8,PREMIER LEAGUE SLOPS,Vlasic,C,5.5,5.5,True,False
8,PREMIER LEAGUE SLOPS,Bernabè,C,7.0,10.0,True,False
8,PREMIER LEAGUE SLOPS,Sulemana K.,A,5.0,5.0,True,False
8,PREMIER LEAGUE SLOPS,Scamacca,A,5.5,5.5,True,False
8,PREMIER LEAGUE SLOPS,Cambiaghi,A,6.5,7.0,True,False
8,PREMIER LEAGUE SLOPS,Martinelli T.,P,,,False,True
8,PREMIER LEAGUE SLOPS,Tsimikas,D,,,False,True
8,PREMIER LEAGUE SLOPS,Angelino,D,,,False,True
8,PREMIER LEAGUE SLOPS,Gutierrez,D,6.0,6.0,True,True
8,PREMIER LEAGUE SLOPS,Tomori,D,,,False,True
8,PREMIER LEAGUE SLOPS,Lamptey,D,,,False,True
8,PREMIER LEAGUE SLOPS,Matic,C,6.5,6.5,False,True
8,PREMIER LEAGUE SLOPS,Cornet,C,,,False,True
8,PREMIER LEAGUE SLOPS,De Bruyne,C,,,False,True
8,PREMIER LEAGUE SLOPS,Dele-Bashiru,C,,,False,True
8,PREMIER LEAGUE SLOPS,Pedro,A,,,False,True
8,PREMIER LEAGUE SLOPS,Ferguson E.,A,,,False,True
8,PREMIER LEAGUE SLOPS,Davis K.,A,,,False,True
8,PREMIER LEAGUE SLOPS,Lezzerini,P,,,False,True
8,U CAN U UP,Provedel,P,6.0,7.0,True,False
8,U CAN U UP,Gabbia,D,6.5,6.5,True,False
8,U CAN U UP,Miranda J.,D,7.0,10.0,True,False
8,U CAN U UP,Di Lorenzo,D,5.5,5.5,True,False
8,U CAN U UP,Gatti,D,5.0,5.0,True,False
8,U CAN U UP,Ederson D.S.,C,5.5,5.0,True,False
8,U CAN U UP,Pasalic,C,5.5,5.5,True,False
8,U CAN U UP,Orsolini,C,6.0,6.0,True,False
8,U CAN U UP,Koopmeiners,C,6.0,6.0,True,False
8,U CAN U UP,Douvikas,A,,,False,False
8,U CAN U UP,Hojlund,A,5.5,5.5,True,False
8,U CAN U UP,Mandas,P,,,False,True
8,U CAN U UP,Circati,D,5.5,5.5,False,True
8,U CAN U UP,Beukema,D,,,False,True
8,U CAN U UP,Zortea,D,,,False,True
8,U CAN U UP,Vandeputte,C,6.0,6.0,False,True
8,U CAN U UP,Frattesi,C,,,False,True
8,U CAN U UP,Fazzini,C,5.5,5.5,False,True
8,U CAN U UP,Sohm,C,5.0,5.0,False,True
8,U CAN U UP,Lucca,A,,,False,True
8,U CAN U UP,Gimenez,A,,,False,True
8,U CAN U UP,Camarda,A,,,False,True
8,U CAN U UP,Yildiz,A,,,False,True
8,U CAN U UP,Israel,P,,,False,True
8,U CAN U UP,Tavares N.,D,,,False,True
9,KKK,Carnesecchi,P,5.0,2.0,True,False
9,KKK,Bellanova,D,5.0,5.0,True,False
9,KKK,Buongiorno,D,5.5,5.5,True,False
9,KKK,Carlos Augusto,D,6.5,6.5,True,False
9,KKK,Wesley,D,6.0,6.0,True,False
9,KKK,Konè M.,C,6.5,6.5,True,False
9,KKK,Modric,C,6.0,5.5,True,False
9,KKK,McTominay,C,5.5,5.5,True,False
9,KKK,Vlahovic,A,5.5,5.5,True,False
9,KKK,Dovbyk,A,6.0,6.0,True,False
9,KKK,Adams C.,A,6.0,6.0,True,False
9,KKK,Audero,P,6.0,5.0,False,True
9,KKK,Sportiello,P,,,False,True
9,KKK,Vasquez,D,5.5,5.5,False,True
9,KKK,Terracciano F.,D,6.0,5.5,False,True
9,KKK,Hermoso,D,6.5,6.5,False,True
9,KKK,Gosens,D,,,False,True
9,KKK,Atta,C,5.5,5.5,False,True
9,KKK,Thorstvedt,C,6.5,7.5,False,True
9,KKK,Freuler,C,,,False,True
9,KKK,Zerbin,C,,,False,True
9,KKK,Oristanio,C,,,False,True
9,KKK,Esposito Se.,A,5.5,5.5,False,True
9,KKK,Dominguez B.,A,,,False,True
9,KKK,Dzeko,A,6.0,6.0,False,True
9,PREMIER LEAGUE SLOPS,De Gea,P,6.5,6.5,True,False
9,PREMIER LEAGUE SLOPS,Olivera,D,,,False,False
9,PREMIER LEAGUE SLOPS,Mina,D,7.0,7.0,True,False
9,PREMIER LEAGUE SLOPS,Akanji,D,6.0,5.5,True,False
9,PREMIER LEAGUE SLOPS,Gutierrez,D,5.5,5.5,True,False
9,PREMIER LEAGUE SLOPS,Perrone,C,5.5,5.0,True,False
9,PREMIER LEAGUE SLOPS,Guendouzi,C,5.5,5.5,True,False
9,PREMIER LEAGUE SLOPS,Cornet,C,,,False,False
9,PREMIER LEAGUE SLOPS,Sulemana K.,A,,,False,False
9,PREMIER LEAGUE SLOPS,Scamacca,A,5.5,5.5,True,False
9,PREMIER LEAGUE SLOPS,Pedro,A,6.0,6.0,True,False
9,PREMIER LEAGUE SLOPS,Martinelli T.,P,,,False,True
9,PREMIER LEAGUE SLOPS,Tomori,D,,,False,True
9,PREMIER LEAGUE SLOPS,Angelino,D,,,False,True
9,PREMIER LEAGUE SLOPS,Tsimikas,D,,,False,True
9,PREMIER LEAGUE SLOPS,Lamptey,D,,,False,True
9,PREMIER LEAGUE SLOPS,Bernabè,C,7.0,10.0,True,True
9,PREMIER LEAGUE SLOPS,Matic,C,7.0,7.0,False,True
9,PREMIER LEAGUE SLOPS,Vlasic,C,6.0,6.0,False,True
9,PREMIER LEAGUE SLOPS,De Bruyne,C,,,False,True
9,PREMIER LEAGUE SLOPS,Dele-Bashiru,C,,,False,True
9,PREMIER LEAGUE SLOPS,Cambiaghi,A,7.0,8.0,True,True
9,PREMIER LEAGUE SLOPS,Davis K.,A,6.0,6.0,False,True
9,PREMIER LEAGUE SLOPS,Ferguson E.,A,,,False,True
9,PREMIER LEAGUE SLOPS,Lezzerini,P,,,False,True
9,CUORE LAZIALE,Maignan,P,6.0,4.0,True,False
9,CUORE LAZIALE,Lazaro,D,6.0,6.0,True,False
9,CUORE LAZIALE,Cambiaso,D,5.5,5.5,True,False
9,CUORE LAZIALE,Estupinan,D,5.0,5.0,True,False
9,CUORE LAZIALE,Zaniolo,C,5.0,5.0,True,False
9,CUORE LAZIALE,Loftus-Cheek,C,6.0,6.0,True,False
9,CUORE LAZIALE,Cristante,C,6.5,6.0,True,False
9,CUORE LAZIALE,Isaksen,C,5.5,5.5,True,False
9,CUORE LAZIALE,Leao,A,7.0,9.0,True,False
9,CUORE LAZIALE,De Ketelaere,A,5.5,5.5,True,False
9,CUORE LAZIALE,Soulè,A,6.0,6.0,True,False
9,CUORE LAZIALE,Terracciano,P,,,False,True
9,CUORE LAZIALE,Torriani,P,,,False,True
9,CUORE LAZIALE,Angori,D,,,False,True
9,CUORE LAZIALE,Kelly L.,D,,,False,True
9,CUORE LAZIALE,Pellegrini Lu.,D,6.0,6.0,False,True
9,CUORE LAZIALE,Darmian,D,,,False,True
9,CUORE LAZIALE,Kristensen T.,D,,,False,True
9,CUORE LAZIALE,Maldini,C,,,False,True
9,CUORE LAZIALE,Carboni V.,C,6.0,6.0,False,True
9,CUORE LAZIALE,Stanciu,C,,,False,True
9,CUORE LAZIALE,Stengs,C,,,False,True
9,CUORE LAZIALE,Pellegrino M.,A,6.5,6.5,False,True
9,CUORE LAZIALE,Stulic,A,5.5,5.5,False,True
9,CUORE LAZIALE,Laurientè,A,6.0,6.0,False,True
9,11 CRISTANTE UNITED,Leali,P,6.5,4.5,True,False
9,11 CRISTANTE UNITED,Ehizibue,D,,,False,False
9,11 CRISTANTE UNITED,N'Dicka,D,6.0,6.0,True,False
9,11 CRISTANTE UNITED,Bastoni,D,6.5,7.5,True,False
9,11 CRISTANTE UNITED,Dimarco,D,7.0,8.0,True,False
9,11 CRISTANTE UNITED,Barella,C,6.5,6.5,True,False
9,11 CRISTANTE UNITED,Politano,C,5.0,5.0,True,False
9,11 CRISTANTE UNITED,Calhanoglu,C,6.5,6.5,True,False
9,11 CRISTANTE UNITED,Castro S.,A,,,False,False
9,11 CRISTANTE UNITED,Nzola,A,6.0,6.0,True,False
9,11 CRISTANTE UNITED,Bonny,A,7.0,10.0,True,False
9,11 CRISTANTE UNITED,Siegrist,P,,,False,True
9,11 CRISTANTE UNITED,Kalulu,D,6.5,6.5,True,True
9,11 CRISTANTE UNITED,Juan Jesus,D,,,False,True
9,11 CRISTANTE UNITED,Baturina,C,5.5,5.5,False,True
9,11 CRISTANTE UNITED,Moreno Alb.,D,,,False,True
9,11 CRISTANTE UNITED,Musah,C,,,False,True
9,11 CRISTANTE UNITED,Brescianini,C,,,False,True
9,11 CRISTANTE UNITED,Bravo,A,,,False,True
9,11 CRISTANTE UNITED,Meister,A,,,False,True
9,11 CRISTANTE UNITED,Da Cunha,C,,,False,True
9,11 CRISTANTE UNITED,Aebischer,C,6.0,5.5,False,True
9,11 CRISTANTE UNITED,Thuram,A,6.0,6.0,True,True
9,TEAM ZTOTTI,Skorupski,P,,,False,False
9,TEAM ZTOTTI,Vojvoda,D,,,False,False
9,TEAM ZTOTTI,Rrahmani,D,5.0,5.0,True,False
9,TEAM ZTOTTI,Djimsiti,D,5.0,5.0,True,False
9,TEAM ZTOTTI,Gallo,D,7.0,7.0,True,False
9,TEAM ZTOTTI,Zalewski,C,,,False,False
9,TEAM ZTOTTI,Vazquez,C,6.5,6.5,True,False
9,TEAM ZTOTTI,Paz N.,C,6.5,6.5,True,False
9,TEAM ZTOTTI,Lobotka,C,5.5,5.5,True,False
9,TEAM ZTOTTI,Berardi,A,8.5,15.5,True,False
9,TEAM ZTOTTI,Lookman,A,5.0,5.0,True,False
9,TEAM ZTOTTI,Falcone,P,6.0,7.0,True,True
9,TEAM ZTOTTI,Sava,P,,,False,True
9,TEAM ZTOTTI,De Vrij,D,,,False,True
9,TEAM ZTOTTI,Solet,D,5.5,5.5,True,True
9,TEAM ZTOTTI,Zanoli,D,5.5,5.5,False,True
9,TEAM ZTOTTI,Lovik,D,5.5,5.5,False,True
9,TEAM ZTOTTI,Jashari,C,,,False,True
9,TEAM ZTOTTI,Folorunsho,C,5.5,5.5,True,True
9,TEAM ZTOTTI,Casadei,C,6.0,6.0,False,True
9,TEAM ZTOTTI,Miller L.,C,,,False,True
9,TEAM ZTOTTI,Lang,A,5.5,5.0,False,True
9,TEAM ZTOTTI,Kilicsoy,A,,,False,True
9,TEAM ZTOTTI,Buksa,A,5.5,5.5,False,True
9,TEAM JODIODDR,Svilar,P,6.5,7.5,True,False
9,TEAM JODIODDR,Baschirotto,D,5.5,5.5,True,False
9,TEAM JODIODDR,Tiago Gabriel,D,6.5,6.5,True,False
9,TEAM JODIODDR,Zappacosta,D,5.0,5.0,True,False
9,TEAM JODIODDR,Valle,D,6.5,6.5,True,False
9,TEAM JODIODDR,Masini,C,6.0,6.0,True,False
9,TEAM JODIODDR,Zambo Anguissa,C,5.5,5.5,True,False
9,TEAM JODIODDR,Pulisic,C,5.5,5.5,True,False
9,TEAM JODIODDR,Orban G.,A,6.0,6.0,True,False
9,TEAM JODIODDR,Diao,A,5.0,5.0,True,False
9,TEAM JODIODDR,Ngonge,A,6.0,6.0,True,False
9,TEAM JODIODDR,Gollini,P,,,False,True
9,TEAM JODIODDR,Vasquez D.,P,,,False,True
9,TEAM JODIODDR,Rensch,D,,,False,True
9,TEAM JODIODDR,Hien,D,4.5,4.5,False,True
9,TEAM JODIODDR,Joao Mario,D,,,False,True
9,TEAM JODIODDR,Bisseck,D,,,False,True
9,TEAM JODIODDR,Bailey,C,,,False,True
9,TEAM JODIODDR,Pisilli,C,,,False,True
9,TEAM JODIODDR,El Aynaoui,C,6.0,6.0,False,True
9,TEAM JODIODDR,Lovric,C,,,False,True
9,TEAM JODIODDR,Gudmundsson A.,C,7.0,9.0,False,True
9,TEAM JODIODDR,Luvumbo,A,5.5,5.5,False,True
9,U CAN U UP,Provedel,P,6.0,4.0,True,False
9,U CAN U UP,Gabbia,D,6.0,6.0,True,False
9,U CAN U UP,Miranda J.,D,6.5,6.5,True,False
9,U CAN U UP,Di Lorenzo,D,5.0,5.0,True,False
9,U CAN U UP,Gatti,D,6.0,6.0,True,False
9,U CAN U UP,Ederson D.S.,C,5.5,5.5,True,False
9,U CAN U UP,Pasalic,C,4.5,4.5,True,False
9,U CAN U UP,Orsolini,C,6.0,5.5,True,False
9,U CAN U UP,Vandeputte,C,6.5,6.5,True,False
9,U CAN U UP,Yildiz,A,6.0,6.0,True,False
9,U CAN U UP,Hojlund,A,5.0,4.5,True,False
9,U CAN U UP,Mandas,P,,,False,True
9,U CAN U UP,Circati,D,,,False,True
9,U CAN U UP,Beukema,D,,,False,True
9,U CAN U UP,Zortea,D,,,False,True
9,U CAN U UP,Koopmeiners,C,6.0,6.0,False,True
9,U CAN U UP,Frattesi,C,,,False,True
9,U CAN U UP,Fazzini,C,,,False,True
9,U CAN U UP,Sohm,C,6.5,7.5,False,True
9,U CAN U UP,Lucca,A,,,False,True
9,U CAN U UP,Gimenez,A,,,False,True
9,U CAN U UP,Camarda,A,6.0,6.0,False,True
9,U CAN U UP,Israel,P,,,False,True
9,U CAN U UP,Tavares N.,D,,,False,True
9,U CAN U UP,Douvikas,A,5.5,5.5,False,True
9,LABORATORIO DATI,Sommer,P,6.0,7.0,True,False
9,LABORATORIO DATI,Dodò,D,5.5,5.0,True,False
9,LABORATORIO DATI,Delprato,D,7.5,11.5,True,False
9,LABORATORIO DATI,Gila,D,5.5,5.5,True,False
9,LABORATORIO DATI,Gaspar K.,D,6.0,6.0,True,False
9,LABORATORIO DATI,Conceicao,C,6.0,6.0,True,False
9,LABORATORIO DATI,Rabiot,C,,,False,False
9,LABORATORIO DATI,Odgaard,C,6.0,6.0,True,False
9,LABORATORIO DATI,Pinamonti,A,7.5,10.5,True,False
9,LABORATORIO DATI,David,A,5.5,5.5,True,False
9,LABORATORIO DATI,Simeone,A,6.0,6.0,True,False
9,LABORATORIO DATI,Caprile,P,7.0,8.0,False,True
9,LABORATORIO DATI,Suzuki,P,5.5,3.5,False,True
9,LABORATORIO DATI,Luperto,D,6.5,6.5,False,True
9,LABORATORIO DATI,Martin,D,6.5,7.0,False,True
9,LABORATORIO DATI,Valeri,D,6.0,6.0,False,True
9,LABORATORIO DATI,Palma,D,5.5,5.5,False,True
9,LABORATORIO DATI,Mandragora,C,5.5,5.5,True,True
9,LABORATORIO DATI,De Roon,C,,,False,True
9,LABORATORIO DATI,Neres,C,5.5,5.0,False,True
9,LABORATORIO DATI,El Shaarawy,C,6.0,6.0,False,True
9,LABORATORIO DATI,Frendrup,C,6.0,6.0,False,True
9,LABORATORIO DATI,Morata,A,4.5,4.0,False,True
9,LABORATORIO DATI,Piccoli,A,7.0,10.0,False,True
9,LABORATORIO DATI,Zapata D.,A,,,False,True
9,TEAM ASBOVE,Butez,P,6.5,7.5,True,False
9,TEAM ASBOVE,Norton-Cuffy,D,6.0,6.0,True,False
9,TEAM ASBOVE,Mancini,D,6.5,7.5,True,False
9,TEAM ASBOVE,Heggem,D,6.5,6.5,True,False
9,TEAM ASBOVE,Acerbi,D,6.0,6.0,True,False
9,TEAM ASBOVE,Pellegrini Lo.,C,7.0,9.5,True,False
9,TEAM ASBOVE,Sucic P.,C,6.0,5.5,True,False
9,TEAM ASBOVE,Fofana Y.,C,5.0,5.0,True,False
9,TEAM ASBOVE,Nkunku,A,6.0,7.0,True,False
9,TEAM ASBOVE,Martinez L.,A,7.0,11.0,True,False
9,TEAM ASBOVE,Openda,A,,,False,False
9,TEAM ASBOVE,Milinkovic-Savic V.,P,5.5,3.5,False,True
9,TEAM ASBOVE,Meret,P,,,False,True
9,TEAM ASBOVE,Lucumì,D,7.5,10.5,False,True
9,TEAM ASBOVE,Biraghi,D,,,False,True
9,TEAM ASBOVE,Floriani Mussolini,D,6.0,6.0,False,True
9,TEAM ASBOVE,Zhegrova,C,6.0,6.0,False,True
9,TEAM ASBOVE,Rowe,C,6.0,6.0,False,True
9,TEAM ASBOVE,Tourè I.,C,7.0,11.0,False,True
9,TEAM ASBOVE,Bernardeschi,C,6.5,6.5,False,True
9,TEAM ASBOVE,Mkhitaryan,C,,,False,True
9,TEAM ASBOVE,Cutrone,A,6.0,6.0,True,True
9,TEAM ASBOVE,Dia,A,5.5,5.5,False,True
9,TEAM ASBOVE,Rodriguez Je.,A,6.0,6.0,False,True
9,TEAM ASBOVE,Bremer,D,,,False,True
9,BTGCBUGC,Perin,P,,,False,False
9,BTGCBUGC,Palestra,D,6.5,6.5,True,False
9,BTGCBUGC,Pavlovic,D,5.5,5.5,True,False
9,BTGCBUGC,Cuadrado,D,6.0,6.0,True,False
9,BTGCBUGC,Dumfries,D,5.5,5.0,True,False
9,BTGCBUGC,Saelemaekers,C,7.0,10.0,True,False
9,BTGCBUGC,Thuram K.,C,6.5,6.5,True,False
9,BTGCBUGC,Samardzic,C,4.5,4.5,True,False
9,BTGCBUGC,Kean,A,,,False,False
9,BTGCBUGC,Vardy,A,5.5,5.5,True,False
9,BTGCBUGC,Krstovic,A,5.0,5.0,True,False
9,BTGCBUGC,Di Gregorio,P,6.5,7.5,True,True
9,BTGCBUGC,Martinez Jo.,P,,,False,True
9,BTGCBUGC,Scalvini,D,,,False,True
9,BTGCBUGC,Canestrelli,D,6.0,6.0,False,True
9,BTGCBUGC,Ramon,D,6.5,6.5,False,True
9,BTGCBUGC,Vitik,D,,,False,True
9,BTGCBUGC,Zaccagni,C,6.5,6.0,False,True
9,BTGCBUGC,Locatelli,C,6.0,6.0,False,True
9,BTGCBUGC,Tramoni M.,C,6.5,7.5,False,True
9,BTGCBUGC,Serdar,C,,,False,True
9,BTGCBUGC,Collocolo,C,,,False,True
9,BTGCBUGC,Giovane,A,5.5,5.5,True,True
9,BTGCBUGC,Belotti,A,,,False,True
9,BTGCBUGC,Colombo,A,5.5,7.5,False,True
10,U CAN U UP,Provedel,P,6.5,7.5,True,False
10,U CAN U UP,Gabbia,D,6.0,6.0,True,False
10,U CAN U UP,Tavares N.,D,,,False,False
10,U CAN U UP,Di Lorenzo,D,6.5,7.5,True,False
10,U CAN U UP,Gatti,D,,,False,False
10,U CAN U UP,Ederson D.S.,C,6.0,6.0,True,False
10,U CAN U UP,Pasalic,C,5.0,5.0,True,False
10,U CAN U UP,Orsolini,C,6.0,5.0,True,False
10,U CAN U UP,Vandeputte,C,5.5,5.5,True,False
10,U CAN U UP,Yildiz,A,6.0,6.0,True,False
10,U CAN U UP,Hojlund,A,6.5,7.5,True,False
10,U CAN U UP,Mandas,P,,,False,True
10,U CAN U UP,Circati,D,,,False,True
10,U CAN U UP,Miranda J.,D,6.5,6.5,True,True
10,U CAN U UP,Beukema,D,6.5,6.5,True,True
10,U CAN U UP,Zortea,D,6.0,6.0,False,True
10,U CAN U UP,Koopmeiners,C,5.5,5.5,False,True
10,U CAN U UP,Frattesi,C,,,False,True
10,U CAN U UP,Fazzini,C,,,False,True
10,U CAN U UP,Sohm,C,5.5,5.5,False,True
10,U CAN U UP,Douvikas,A,6.0,6.0,False,True
10,U CAN U UP,Lucca,A,6.0,6.0,False,True
10,U CAN U UP,Gimenez,A,,,False,True
10,U CAN U UP,Camarda,A,5.0,5.0,False,True
10,U CAN U UP,Israel,P,,,False,True
10,11 CRISTANTE UNITED,Leali,P,6.0,3.0,True,False
10,11 CRISTANTE UNITED,Diego Carlos,D,6.5,6.5,True,False
10,11 CRISTANTE UNITED,N'Dicka,D,6.5,6.5,True,False
10,11 CRISTANTE UNITED,Bastoni,D,6.0,6.0,True,False
10,11 CRISTANTE UNITED,Dimarco,D,6.5,6.5,True,False
10,11 CRISTANTE UNITED,Barella,C,6.0,6.0,True,False
10,11 CRISTANTE UNITED,Politano,C,6.0,6.0,True,False
10,11 CRISTANTE UNITED,Calhanoglu,C,4.5,2.0,True,False
10,11 CRISTANTE UNITED,Castro S.,A,5.5,5.5,True,False
10,11 CRISTANTE UNITED,Nzola,A,7.0,9.0,True,False
10,11 CRISTANTE UNITED,Thuram,A,6.5,6.5,True,False
10,11 CRISTANTE UNITED,Siegrist,P,,,False,True
10,11 CRISTANTE UNITED,Kalulu,D,6.0,6.0,False,True
10,11 CRISTANTE UNITED,Juan Jesus,D,6.0,5.5,False,True
10,11 CRISTANTE UNITED,Baturina,C,6.5,9.5,False,True
10,11 CRISTANTE UNITED,Moreno Alb.,D,,,False,True
10,11 CRISTANTE UNITED,Musah,C,,,False,True
10,11 CRISTANTE UNITED,Brescianini,C,,,False,True
10,11 CRISTANTE UNITED,Bravo,A,,,False,True
10,11 CRISTANTE UNITED,Meister,A,7.0,10.0,False,True
10,11 CRISTANTE UNITED,Bonny,A,5.5,5.5,False,True
10,11 CRISTANTE UNITED,Da Cunha,C,7.0,7.0,False,True
10,11 CRISTANTE UNITED,Aebischer,C,5.5,5.5,False,True
10,11 CRISTANTE UNITED,Okoye,P,5.5,4.5,False,True
10,11 CRISTANTE UNITED,Ehizibue,D,5.0,5.0,False,True
10,KKK,Audero,P,5.5,2.5,True,False
10,KKK,Vasquez,D,5.5,5.5,True,False
10,KKK,Buongiorno,D,6.5,6.5,True,False
10,KKK,Carlos Augusto,D,6.0,6.0,True,False
10,KKK,Konè M.,C,6.5,7.5,True,False
10,KKK,Modric,C,6.0,6.0,True,False
10,KKK,McTominay,C,7.0,8.0,True,False
10,KKK,Atta,C,6.5,6.5,True,False
10,KKK,Vlahovic,A,5.5,6.0,True,False
10,KKK,Adams C.,A,,,False,False
10,KKK,Dominguez B.,A,5.5,5.5,True,False
10,KKK,Carnesecchi,P,5.5,2.5,False,True
10,KKK,Sportiello,P,,,False,True
10,KKK,Wesley,D,7.0,10.0,False,True
10,KKK,Bellanova,D,6.0,7.0,False,True
10,KKK,Terracciano F.,D,5.0,5.0,False,True
10,KKK,Hermoso,D,,,False,True
10,KKK,Gosens,D,,,False,True
10,KKK,Thorstvedt,C,7.0,10.5,False,True
10,KKK,Oristanio,C,,,False,True
10,KKK,Freuler,C,,,False,True
10,KKK,Zerbin,C,,,False,True
10,KKK,Esposito Se.,A,7.0,10.0,True,True
10,KKK,Dzeko,A,,,False,True
10,KKK,Dovbyk,A,,,False,True
10,LABORATORIO DATI,Caprile,P,5.0,2.0,True,False
10,LABORATORIO DATI,Valeri,D,6.0,6.0,True,False
10,LABORATORIO DATI,Delprato,D,5.5,5.0,True,False
10,LABORATORIO DATI,Gila,D,6.0,6.0,True,False
10,LABORATORIO DATI,Martin,D,6.5,10.5,True,False
10,LABORATORIO DATI,Conceicao,C,6.5,6.5,True,False
10,LABORATORIO DATI,Rabiot,C,6.5,6.5,True,False
10,LABORATORIO DATI,Odgaard,C,,,False,False
10,LABORATORIO DATI,Neres,C,7.5,14.5,True,False
10,LABORATORIO DATI,Pinamonti,A,5.0,5.0,True,False
10,LABORATORIO DATI,Zapata D.,A,5.0,5.0,True,False
10,LABORATORIO DATI,Sommer,P,5.5,4.5,False,True
10,LABORATORIO DATI,Suzuki,P,,,False,True
10,LABORATORIO DATI,Luperto,D,5.5,5.0,False,True
10,LABORATORIO DATI,Gaspar K.,D,6.0,6.0,False,True
10,LABORATORIO DATI,Dodò,D,5.5,5.5,False,True
10,LABORATORIO DATI,Palma,D,,,False,True
10,LABORATORIO DATI,Mandragora,C,7.0,10.5,True,True
10,LABORATORIO DATI,De Roon,C,5.5,5.0,False,True
10,LABORATORIO DATI,El Shaarawy,C,6.5,7.5,False,True
10,LABORATORIO DATI,Frendrup,C,6.5,6.5,False,True
10,LABORATORIO DATI,Morata,A,6.0,6.0,False,True
10,LABORATORIO DATI,David,A,,,False,True
10,LABORATORIO DATI,Piccoli,A,5.0,5.0,False,True
10,LABORATORIO DATI,Simeone,A,,,False,True
10,TEAM ZTOTTI,Falcone,P,6.5,4.5,True,False
10,TEAM ZTOTTI,Gallo,D,5.5,5.5,True,False
10,TEAM ZTOTTI,Rrahmani,D,6.0,6.0,True,False
10,TEAM ZTOTTI,Solet,D,5.5,5.5,True,False
10,TEAM ZTOTTI,Vojvoda,D,6.0,6.0,True,False
10,TEAM ZTOTTI,Vazquez,C,6.0,7.0,True,False
10,TEAM ZTOTTI,Lobotka,C,6.0,6.0,True,False
10,TEAM ZTOTTI,Paz N.,C,7.0,10.0,True,False
10,TEAM ZTOTTI,Zalewski,C,6.0,6.0,True,False
10,TEAM ZTOTTI,Lookman,A,5.5,5.5,True,False
10,TEAM ZTOTTI,Berardi,A,5.5,5.5,True,False
10,TEAM ZTOTTI,Sava,P,,,False,True
10,TEAM ZTOTTI,De Vrij,D,,,False,True
10,TEAM ZTOTTI,Zanoli,D,5.5,5.5,False,True
10,TEAM ZTOTTI,Djimsiti,D,5.0,5.0,False,True
10,TEAM ZTOTTI,Lovik,D,5.5,5.5,False,True
10,TEAM ZTOTTI,Miller L.,C,,,False,True
10,TEAM ZTOTTI,Jashari,C,,,False,True
10,TEAM ZTOTTI,Casadei,C,5.5,5.5,False,True
10,TEAM ZTOTTI,Folorunsho,C,6.0,6.0,False,True
10,TEAM ZTOTTI,Lang,A,7.0,10.0,False,True
10,TEAM ZTOTTI,Buksa,A,5.5,5.5,False,True
10,TEAM ZTOTTI,Kilicsoy,A,,,False,True
10,CUORE LAZIALE,Maignan,P,8.0,11.0,True,False
10,CUORE LAZIALE,Pellegrini Lu.,D,6.0,6.0,True,False
10,CUORE LAZIALE,Cambiaso,D,6.0,6.0,True,False
10,CUORE LAZIALE,Lazaro,D,5.0,5.0,True,False
10,CUORE LAZIALE,Zaniolo,C,5.5,5.5,True,False
10,CUORE LAZIALE,Carboni V.,C,5.5,5.5,True,False
10,CUORE LAZIALE,Cristante,C,6.5,6.5,True,False
10,CUORE LAZIALE,Isaksen,C,6.5,6.5,True,False
10,CUORE LAZIALE,Leao,A,5.0,4.5,True,False
10,CUORE LAZIALE,Pellegrino M.,A,7.5,14.0,True,False
10,CUORE LAZIALE,Soulè,A,7.0,10.0,True,False
10,CUORE LAZIALE,Terracciano,P,,,False,True
10,CUORE LAZIALE,Torriani,P,,,False,True
10,CUORE LAZIALE,Angori,D,6.0,6.0,False,True
10,CUORE LAZIALE,Estupinan,D,,,False,True
10,CUORE LAZIALE,Kelly L.,D,5.5,5.5,False,True
10,CUORE LAZIALE,Kristensen T.,D,,,False,True
10,CUORE LAZIALE,Darmian,D,,,False,True
10,CUORE LAZIALE,Stanciu,C,,,False,True
10,CUORE LAZIALE,Loftus-Cheek,C,,,False,True
10,CUORE LAZIALE,Maldini,C,,,False,True
10,CUORE LAZIALE,Stengs,C,,,False,True
10,CUORE LAZIALE,De Ketelaere,A,6.0,6.0,False,True
10,CUORE LAZIALE,Stulic,A,5.5,5.5,False,True
10,CUORE LAZIALE,Laurientè,A,6.0,6.0,False,True
10,TEAM JODIODDR,Svilar,P,7.0,6.0,True,False
10,TEAM JODIODDR,Baschirotto,D,5.5,5.5,True,False
10,TEAM JODIODDR,Tiago Gabriel,D,5.0,5.0,True,False
10,TEAM JODIODDR,Zappacosta,D,5.5,5.0,True,False
10,TEAM JODIODDR,Valle,D,6.5,6.5,True,False
10,TEAM JODIODDR,Masini,C,,,False,False
10,TEAM JODIODDR,Gudmundsson A.,C,6.0,6.0,True,False
10,TEAM JODIODDR,Pulisic,C,7.0,11.0,True,False
10,TEAM JODIODDR,Orban G.,A,6.0,6.0,True,False
10,TEAM JODIODDR,Diao,A,,,False,False
10,TEAM JODIODDR,Ngonge,A,5.5,5.5,True,False
10,TEAM JODIODDR,Gollini,P,,,False,True
10,TEAM JODIODDR,Vasquez D.,P,,,False,True
10,TEAM JODIODDR,Rensch,D,,,False,True
10,TEAM JODIODDR,Hien,D,5.0,5.0,False,True
10,TEAM JODIODDR,Joao Mario,D,,,False,True
10,TEAM JODIODDR,Bisseck,D,,,False,True
10,TEAM JODIODDR,El Aynaoui,C,6.5,7.0,True,True
10,TEAM JODIODDR,Lovric,C,,,False,True
10,TEAM JODIODDR,Bailey,C,,,False,True
10,TEAM JODIODDR,Pisilli,C,,,False,True
10,TEAM JODIODDR,Luvumbo,A,5.5,5.5,True,True
10,BTGCBUGC,Perin,P,,,False,False
10,BTGCBUGC,Palestra,D,6.5,7.5,True,False
10,BTGCBUGC,Pavlovic,D,6.0,5.5,True,False
10,BTGCBUGC,Ramon,D,7.0,10.0,True,False
10,BTGCBUGC,Dumfries,D,,,False,False
10,BTGCBUGC,Zaccagni,C,6.5,6.5,True,False
10,BTGCBUGC,Thuram K.,C,5.5,5.5,True,False
10,BTGCBUGC,Saelemaekers,C,6.5,6.5,True,False
10,BTGCBUGC,Kean,A,7.0,8.0,True,False
10,BTGCBUGC,Vardy,A,5.0,5.0,True,False
10,BTGCBUGC,Giovane,A,5.5,8.0,True,False
10,BTGCBUGC,Di Gregorio,P,6.0,5.0,True,True
10,BTGCBUGC,Martinez Jo.,P,,,False,True
10,BTGCBUGC,Cuadrado,D,,,False,True
10,BTGCBUGC,Canestrelli,D,6.0,6.0,True,True
10,BTGCBUGC,Scalvini,D,,,False,True
10,BTGCBUGC,Vitik,D,,,False,True
10,BTGCBUGC,Locatelli,C,6.5,6.5,False,True
10,BTGCBUGC,Tramoni M.,C,5.0,5.0,False,True
10,BTGCBUGC,Serdar,C,,,False,True
10,BTGCBUGC,Samardzic,C,6.0,6.0,False,True
10,BTGCBUGC,Colombo,A,6.5,7.5,False,True
10,BTGCBUGC,Belotti,A,,,False,True
10,BTGCBUGC,Krstovic,A,,,False,True
10,BTGCBUGC,Collocolo,C,,,False,True
10,TEAM ASBOVE,Butez,P,6.0,5.0,True,False
10,TEAM ASBOVE,Norton-Cuffy,D,4.5,3.5,True,False
10,TEAM ASBOVE,Mancini,D,6.0,6.0,True,False
10,TEAM ASBOVE,Heggem,D,6.5,6.5,True,False
10,TEAM ASBOVE,Lucumì,D,,,False,False
10,TEAM ASBOVE,Pellegrini Lo.,C,6.0,6.0,True,False
10,TEAM ASBOVE,Tourè I.,C,6.0,6.0,True,False
10,TEAM ASBOVE,Bernardeschi,C,6.5,9.5,True,False
10,TEAM ASBOVE,Dia,A,6.0,6.0,True,False
10,TEAM ASBOVE,Martinez L.,A,6.0,6.0,True,False
10,TEAM ASBOVE,Cutrone,A,6.0,6.0,True,False
10,TEAM ASBOVE,Milinkovic-Savic V.,P,6.0,5.0,False,True
10,TEAM ASBOVE,Meret,P,,,False,True
10,TEAM ASBOVE,Acerbi,D,6.5,6.5,True,True
10,TEAM ASBOVE,Biraghi,D,,,False,True
10,TEAM ASBOVE,Floriani Mussolini,D,5.5,5.5,False,True
10,TEAM ASBOVE,Zhegrova,C,,,False,True
10,TEAM ASBOVE,Fofana Y.,C,6.5,6.5,False,True
10,TEAM ASBOVE,Sucic P.,C,6.0,6.0,False,True
10,TEAM ASBOVE,Rowe,C,,,False,True
10,TEAM ASBOVE,Mkhitaryan,C,,,False,True
10,TEAM ASBOVE,Rodriguez Je.,A,7.0,9.0,False,True
10,TEAM ASBOVE,Openda,A,,,False,True
10,TEAM ASBOVE,Nkunku,A,6.0,6.0,False,True
10,TEAM ASBOVE,Bremer,D,,,False,True
10,PREMIER LEAGUE SLOPS,De Gea,P,6.5,5.5,True,False
10,PREMIER LEAGUE SLOPS,Gutierrez,D,6.0,6.0,True,False
10,PREMIER LEAGUE SLOPS,Mina,D,5.5,5.0,True,False
10,PREMIER LEAGUE SLOPS,Akanji,D,5.5,5.5,True,False
10,PREMIER LEAGUE SLOPS,Vlasic,C,7.0,9.0,True,False
10,PREMIER LEAGUE SLOPS,Perrone,C,7.5,9.5,True,False
10,PREMIER LEAGUE SLOPS,Guendouzi,C,7.0,10.5,True,False
10,PREMIER LEAGUE SLOPS,Bernabè,C,6.0,6.0,True,False
10,PREMIER LEAGUE SLOPS,Matic,C,7.0,10.0,True,False
10,PREMIER LEAGUE SLOPS,Scamacca,A,7.0,10.0,True,False
10,PREMIER LEAGUE SLOPS,Ferguson E.,A,7.0,11.0,True,False
10,PREMIER LEAGUE SLOPS,Martinelli T.,P,,,False,True
10,PREMIER LEAGUE SLOPS,Tomori,D,6.5,6.5,False,True
10,PREMIER LEAGUE SLOPS,Olivera,D,,,False,True
10,PREMIER LEAGUE SLOPS,Angelino,D,,,False,True
10,PREMIER LEAGUE SLOPS,Tsimikas,D,,,False,True
10,PREMIER LEAGUE SLOPS,Lamptey,D,,,False,True
10,PREMIER LEAGUE SLOPS,Cornet,C,,,False,True
10,PREMIER LEAGUE SLOPS,De Bruyne,C,,,False,True
10,PREMIER LEAGUE SLOPS,Dele-Bashiru,C,,,False,True
10,PREMIER LEAGUE SLOPS,Davis K.,A,5.5,5.5,False,True
10,PREMIER LEAGUE SLOPS,Cambiaghi,A,,,False,True
10,PREMIER LEAGUE SLOPS,Pedro,A,,,False,True
10,PREMIER LEAGUE SLOPS,Sulemana K.,A,,,False,True
10,PREMIER LEAGUE SLOPS,Lezzerini,P,,,False,True
11,11 CRISTANTE UNITED,Leali,P,6.5,5.5,True,False
11,11 CRISTANTE UNITED,Diego Carlos,D,6.0,6.0,True,False
11,11 CRISTANTE UNITED,N'Dicka,D,5.5,5.0,True,False
11,11 CRISTANTE UNITED,Bastoni,D,6.0,6.0,True,False
11,11 CRISTANTE UNITED,Dimarco,D,6.0,6.0,True,False
11,11 CRISTANTE UNITED,Barella,C,6.5,7.5,True,False
11,11 CRISTANTE UNITED,Politano,C,6.0,6.0,True,False
11,11 CRISTANTE UNITED,Calhanoglu,C,6.5,6.5,True,False
11,11 CRISTANTE UNITED,Castro S.,A,5.5,5.5,True,False
11,11 CRISTANTE UNITED,Nzola,A,6.5,6.5,True,False
11,11 CRISTANTE UNITED,Thuram,A,5.5,5.5,True,False
11,11 CRISTANTE UNITED,Siegrist,P,,,False,True
11,11 CRISTANTE UNITED,Kalulu,D,6.5,7.5,False,True
11,11 CRISTANTE UNITED,Juan Jesus,D,,,False,True
11,11 CRISTANTE UNITED,Baturina,C,6.0,6.0,False,True
11,11 CRISTANTE UNITED,Moreno Alb.,D,7.0,10.0,False,True
11,11 CRISTANTE UNITED,Musah,C,,,False,True
11,11 CRISTANTE UNITED,Brescianini,C,,,False,True
11,11 CRISTANTE UNITED,Bravo,A,,,False,True
11,11 CRISTANTE UNITED,Meister,A,6.0,6.0,False,True
11,11 CRISTANTE UNITED,Bonny,A,,,False,True
11,11 CRISTANTE UNITED,Da Cunha,C,6.0,6.0,False,True
11,11 CRISTANTE UNITED,Aebischer,C,5.0,5.0,False,True
11,11 CRISTANTE UNITED,Okoye,P,6.0,7.0,False,True
11,11 CRISTANTE UNITED,Ehizibue,D,,,False,True
11,KKK,Carnesecchi,P,7.0,8.0,True,False
11,KKK,Buongiorno,D,6.5,6.5,True,False
11,KKK,Bellanova,D,6.0,6.0,True,False
11,KKK,Carlos Augusto,D,,,False,False
11,KKK,Wesley,D,5.5,5.5,True,False
11,KKK,Atta,C,6.0,5.5,True,False
11,KKK,Modric,C,6.0,6.0,True,False
11,KKK,McTominay,C,6.5,6.5,True,False
11,KKK,Vlahovic,A,6.0,6.0,True,False
11,KKK,Adams C.,A,6.5,9.5,True,False
11,KKK,Dominguez B.,A,5.5,5.5,True,False
11,KKK,Audero,P,6.5,5.5,False,True
11,KKK,Sportiello,P,,,False,True
11,KKK,Vasquez,D,6.5,6.5,True,True
11,KKK,Hermoso,D,6.0,6.0,False,True
11,KKK,Terracciano F.,D,6.0,5.5,False,True
11,KKK,Gosens,D,,,False,True
11,KKK,Konè M.,C,5.0,5.0,False,True
11,KKK,Thorstvedt,C,6.0,6.0,False,True
11,KKK,Oristanio,C,,,False,True
11,KKK,Zerbin,C,6.0,6.0,False,True
11,KKK,Esposito Se.,A,7.0,10.0,False,True
11,KKK,Dzeko,A,,,False,True
11,KKK,Dovbyk,A,,,False,True
11,KKK,Freuler,C,,,False,True
11,PREMIER LEAGUE SLOPS,De Gea,P,6.5,4.5,True,False
11,PREMIER LEAGUE SLOPS,Tomori,D,6.5,7.0,True,False
11,PREMIER LEAGUE SLOPS,Mina,D,,,False,False
11,PREMIER LEAGUE SLOPS,Akanji,D,6.5,6.5,True,False
11,PREMIER LEAGUE SLOPS,Vlasic,C,6.0,7.0,True,False
11,PREMIER LEAGUE SLOPS,Perrone,C,6.5,6.5,True,False
11,PREMIER LEAGUE SLOPS,Guendouzi,C,6.0,6.0,True,False
11,PREMIER LEAGUE SLOPS,Bernabè,C,5.5,5.5,True,False
11,PREMIER LEAGUE SLOPS,Scamacca,A,6.0,6.0,True,False
11,PREMIER LEAGUE SLOPS,Ferguson E.,A,5.5,5.5,True,False
11,PREMIER LEAGUE SLOPS,Cambiaghi,A,6.0,6.0,True,False
11,PREMIER LEAGUE SLOPS,Martinelli T.,P,,,False,True
11,PREMIER LEAGUE SLOPS,Gutierrez,D,,,False,True
11,PREMIER LEAGUE SLOPS,Olivera,D,6.0,5.5,True,True
11,PREMIER LEAGUE SLOPS,Angelino,D,,,False,True
11,PREMIER LEAGUE SLOPS,Tsimikas,D,,,False,True
11,PREMIER LEAGUE SLOPS,Lamptey,D,,,False,True
11,PREMIER LEAGUE SLOPS,Matic,C,6.0,6.0,False,True
11,PREMIER LEAGUE SLOPS,Cornet,C,,,False,True
11,PREMIER LEAGUE SLOPS,De Bruyne,C,,,False,True
11,PREMIER LEAGUE SLOPS,Dele-Bashiru,C,5.5,5.5,False,True
11,PREMIER LEAGUE SLOPS,Davis K.,A,7.5,9.0,False,True
11,PREMIER LEAGUE SLOPS,Pedro,A,6.0,6.0,False,True
11,PREMIER LEAGUE SLOPS,Sulemana K.,A,6.0,6.0,False,True
11,PREMIER LEAGUE SLOPS,Lezzerini,P,,,False,True
11,TEAM JODIODDR,Svilar,P,6.5,5.5,True,False
11,TEAM JODIODDR,Tiago Gabriel,D,6.0,6.0,True,False
11,TEAM JODIODDR,Hien,D,6.5,6.0,True,False
11,TEAM JODIODDR,Zappacosta,D,6.5,6.5,True,False
11,TEAM JODIODDR,Valle,D,,,False,False
11,TEAM JODIODDR,Masini,C,6.0,6.0,True,False
11,TEAM JODIODDR,Gudmundsson A.,C,5.5,5.5,True,False
11,TEAM JODIODDR,El Aynaoui,C,6.0,6.0,True,False
11,TEAM JODIODDR,Bailey,C,,,False,False
11,TEAM JODIODDR,Orban G.,A,5.5,5.5,True,False
11,TEAM JODIODDR,Ngonge,A,5.5,5.0,True,False
11,TEAM JODIODDR,Gollini,P,,,False,True
11,TEAM JODIODDR,Vasquez D.,P,,,False,True
11,TEAM JODIODDR,Rensch,D,,,False,True
11,TEAM JODIODDR,Baschirotto,D,7.0,7.0,True,True
11,TEAM JODIODDR,Joao Mario,D,,,False,True
11,TEAM JODIODDR,Bisseck,D,6.0,6.0,False,True
11,TEAM JODIODDR,Pulisic,C,,,False,True
11,TEAM JODIODDR,Pisilli,C,,,False,True
11,TEAM JODIODDR,Lovric,C,,,False,True
11,TEAM JODIODDR,Luvumbo,A,,,False,True
11,TEAM JODIODDR,Castellanos,A,6.0,6.0,False,True
11,BTGCBUGC,Perin,P,6.0,5.0,True,False
11,BTGCBUGC,Pavlovic,D,6.0,6.0,True,False
11,BTGCBUGC,Ramon,D,6.0,5.5,True,False
11,BTGCBUGC,Vitik,D,,,False,False
11,BTGCBUGC,Dumfries,D,,,False,False
11,BTGCBUGC,Zaccagni,C,6.0,5.5,True,False
11,BTGCBUGC,Thuram K.,C,6.5,6.5,True,False
11,BTGCBUGC,Saelemaekers,C,6.5,6.5,True,False
11,BTGCBUGC,Kean,A,5.5,5.5,True,False
11,BTGCBUGC,Belotti,A,,,False,False
11,BTGCBUGC,Giovane,A,6.0,6.0,True,False
11,BTGCBUGC,Martinez Jo.,P,,,False,True
11,BTGCBUGC,Di Gregorio,P,,,False,True
11,BTGCBUGC,Scalvini,D,,,False,True
11,BTGCBUGC,Palestra,D,7.0,8.0,True,True
11,BTGCBUGC,Cuadrado,D,,,False,True
11,BTGCBUGC,Canestrelli,D,5.5,5.5,True,True
11,BTGCBUGC,Samardzic,C,,,False,True
11,BTGCBUGC,Locatelli,C,6.0,6.0,False,True
11,BTGCBUGC,Serdar,C,,,False,True
11,BTGCBUGC,Tramoni M.,C,5.5,5.5,False,True
11,BTGCBUGC,Colombo,A,7.0,10.0,True,True
11,BTGCBUGC,Vardy,A,8.0,15.0,False,True
11,BTGCBUGC,Krstovic,A,6.0,6.0,False,True
11,BTGCBUGC,Collocolo,C,,,False,True
11,TEAM ZTOTTI,Falcone,P,7.5,8.5,True,False
11,TEAM ZTOTTI,Vojvoda,D,6.0,6.0,True,False
11,TEAM ZTOTTI,Djimsiti,D,6.0,6.0,True,False
11,TEAM ZTOTTI,Solet,D,6.5,6.5,True,False
11,TEAM ZTOTTI,Gallo,D,6.5,6.5,True,False
11,TEAM ZTOTTI,Zalewski,C,6.0,6.0,True,False
11,TEAM ZTOTTI,Paz N.,C,7.0,8.0,True,False
11,TEAM ZTOTTI,Casadei,C,5.5,5.0,True,False
11,TEAM ZTOTTI,Dybala,A,6.0,6.0,True,False
11,TEAM ZTOTTI,Berardi,A,6.0,6.0,True,False
11,TEAM ZTOTTI,Lookman,A,7.0,10.0,True,False
11,TEAM ZTOTTI,Sava,P,,,False,True
11,TEAM ZTOTTI,De Vrij,D,,,False,True
11,TEAM ZTOTTI,Lovik,D,,,False,True
11,TEAM ZTOTTI,Zanoli,D,6.0,6.0,False,True
11,TEAM ZTOTTI,Rrahmani,D,7.0,7.0,False,True
11,TEAM ZTOTTI,Vazquez,C,,,False,True
11,TEAM ZTOTTI,Jashari,C,,,False,True
11,TEAM ZTOTTI,Lobotka,C,6.0,5.5,False,True
11,TEAM ZTOTTI,Miller L.,C,,,False,True
11,TEAM ZTOTTI,Folorunsho,C,5.5,5.0,False,True
11,TEAM ZTOTTI,Lang,A,6.0,6.0,False,True
11,TEAM ZTOTTI,Buksa,A,6.0,6.0,False,True
11,TEAM ZTOTTI,Kilicsoy,A,,,False,True
11,CUORE LAZIALE,Maignan,P,7.0,8.0,True,False
11,CUORE LAZIALE,Cambiaso,D,6.0,5.5,True,False
11,CUORE LAZIALE,Kelly L.,D,6.0,6.0,True,False
11,CUORE LAZIALE,Estupinan,D,,,False,False
11,CUORE LAZIALE,Zaniolo,C,7.0,11.0,True,False
11,CUORE LAZIALE,Maldini,C,,,False,False
11,CUORE LAZIALE,Carboni V.,C,,,False,False
11,CUORE LAZIALE,Isaksen,C,6.0,6.0,True,False
11,CUORE LAZIALE,Leao,A,7.0,11.0,True,False
11,CUORE LAZIALE,Pellegrino M.,A,6.0,6.0,True,False
11,CUORE LAZIALE,De Ketelaere,A,7.0,8.0,True,False
11,CUORE LAZIALE,Torriani,P,,,False,True
11,CUORE LAZIALE,Terracciano,P,,,False,True
11,CUORE LAZIALE,Lazaro,D,6.0,6.0,True,True
11,CUORE LAZIALE,Kristensen T.,D,,,False,True
11,CUORE LAZIALE,Pellegrini Lu.,D,5.5,5.0,False,True
11,CUORE LAZIALE,Angori,D,6.0,6.0,False,True
11,CUORE LAZIALE,Darmian,D,,,False,True
11,CUORE LAZIALE,Loftus-Cheek,C,6.0,6.0,True,True
11,CUORE LAZIALE,Stanciu,C,,,False,True
11,CUORE LAZIALE,Cristante,C,5.0,4.5,True,True
11,CUORE LAZIALE,Stengs,C,,,False,True
11,CUORE LAZIALE,Soulè,A,5.0,5.0,False,True
11,CUORE LAZIALE,Stulic,A,5.5,5.5,False,True
11,CUORE LAZIALE,Laurientè,A,5.5,5.5,False,True
11,U CAN U UP,Provedel,P,6.0,5.0,True,False
11,U CAN U UP,Gabbia,D,6.5,6.0,True,False
11,U CAN U UP,Miranda J.,D,5.5,5.5,True,False
11,U CAN U UP,Di Lorenzo,D,6.5,6.5,True,False
11,U CAN U UP,Ederson D.S.,C,6.0,6.0,True,False
11,U CAN U UP,Pasalic,C,6.0,6.0,True,False
11,U CAN U UP,Orsolini,C,6.5,8.5,True,False
11,U CAN U UP,Vandeputte,C,6.5,6.5,True,False
11,U CAN U UP,Yildiz,A,7.5,14.5,True,False
11,U CAN U UP,Hojlund,A,6.5,7.5,True,False
11,U CAN U UP,Douvikas,A,7.0,11.0,True,False
11,U CAN U UP,Mandas,P,,,False,True
11,U CAN U UP,Circati,D,,,False,True
11,U CAN U UP,Beukema,D,6.0,5.5,False,True
11,U CAN U UP,Zortea,D,5.5,5.5,False,True
11,U CAN U UP,Koopmeiners,C,6.0,6.0,False,True
11,U CAN U UP,Frattesi,C,,,False,True
11,U CAN U UP,Fazzini,C,,,False,True
11,U CAN U UP,Sohm,C,5.0,5.0,False,True
11,U CAN U UP,Lucca,A,,,False,True
11,U CAN U UP,Gimenez,A,,,False,True
11,U CAN U UP,Camarda,A,,,False,True
11,U CAN U UP,Israel,P,6.0,4.0,False,True
11,U CAN U UP,Tavares N.,D,,,False,True
11,U CAN U UP,Gatti,D,,,False,True
11,LABORATORIO DATI,Sommer,P,6.0,7.0,True,False
11,LABORATORIO DATI,Valeri,D,6.0,6.0,True,False
11,LABORATORIO DATI,Delprato,D,5.5,5.5,True,False
11,LABORATORIO DATI,Martin,D,6.5,6.5,True,False
11,LABORATORIO DATI,Neres,C,7.0,11.0,True,False
11,LABORATORIO DATI,Conceicao,C,6.5,6.5,True,False
11,LABORATORIO DATI,Rabiot,C,6.0,6.0,True,False
11,LABORATORIO DATI,Odgaard,C,5.0,5.0,True,False
11,LABORATORIO DATI,David,A,5.5,5.5,True,False
11,LABORATORIO DATI,Pinamonti,A,5.0,5.0,True,False
11,LABORATORIO DATI,Zapata D.,A,6.0,6.0,True,False
11,LABORATORIO DATI,Caprile,P,6.0,4.0,False,True
11,LABORATORIO DATI,Suzuki,P,,,False,True
11,LABORATORIO DATI,Gila,D,5.5,5.5,False,True
11,LABORATORIO DATI,Gaspar K.,D,6.5,6.5,False,True
11,LABORATORIO DATI,Luperto,D,5.5,5.5,False,True
11,LABORATORIO DATI,Dodò,D,5.0,5.0,False,True
11,LABORATORIO DATI,Palma,D,,,False,True
11,LABORATORIO DATI,El Shaarawy,C,,,False,True
11,LABORATORIO DATI,Mandragora,C,5.5,5.0,False,True
11,LABORATORIO DATI,De Roon,C,6.5,6.5,False,True
11,LABORATORIO DATI,Frendrup,C,6.5,6.5,False,True
11,LABORATORIO DATI,Morata,A,,,False,True
11,LABORATORIO DATI,Piccoli,A,5.5,5.5,False,True
11,LABORATORIO DATI,Simeone,A,,,False,True
11,TEAM ASBOVE,Butez,P,6.0,7.0,True,False
11,TEAM ASBOVE,Lucumì,D,5.0,5.0,True,False
11,TEAM ASBOVE,Mancini,D,6.0,6.0,True,False
11,TEAM ASBOVE,Heggem,D,5.5,5.5,True,False
11,TEAM ASBOVE,Acerbi,D,6.0,5.5,True,False
11,TEAM ASBOVE,Pellegrini Lo.,C,6.5,6.5,True,False
11,TEAM ASBOVE,Sucic P.,C,5.5,5.5,True,False
11,TEAM ASBOVE,Bernardeschi,C,6.0,6.0,True,False
11,TEAM ASBOVE,Openda,A,,,False,False
11,TEAM ASBOVE,Martinez L.,A,7.5,14.5,True,False
11,TEAM ASBOVE,Rodriguez Je.,A,5.5,5.5,True,False
11,TEAM ASBOVE,Milinkovic-Savic V.,P,6.5,7.5,False,True
11,TEAM ASBOVE,Meret,P,,,False,True
11,TEAM ASBOVE,Floriani Mussolini,D,,,False,True
11,TEAM ASBOVE,Biraghi,D,,,False,True
11,TEAM ASBOVE,Norton-Cuffy,D,,,False,True
11,TEAM ASBOVE,Fofana Y.,C,6.0,6.0,False,True
11,TEAM ASBOVE,Zhegrova,C,,,False,True
11,TEAM ASBOVE,Mkhitaryan,C,,,False,True
11,TEAM ASBOVE,Tourè I.,C,6.0,6.0,False,True
11,TEAM ASBOVE,Rowe,C,,,False,True
11,TEAM ASBOVE,Cutrone,A,5.5,5.5,True,True
11,TEAM ASBOVE,Dia,A,5.5,5.5,False,True
11,TEAM ASBOVE,Nkunku,A,5.0,5.0,False,True
11,TEAM ASBOVE,Bremer,D,,,False,True
12,TEAM ASBOVE,Milinkovic-Savic V.,P,6.0,5.0,True,False
12,TEAM ASBOVE,Lucumì,D,,,False,False
12,TEAM ASBOVE,Mancini,D,5.0,5.0,True,False
12,TEAM ASBOVE,Heggem,D,5.5,5.5,True,False
12,TEAM ASBOVE,Acerbi,D,6.5,6.5,True,False
12,TEAM ASBOVE,Pellegrini Lo.,C,5.5,5.5,True,False
12,TEAM ASBOVE,Bernardeschi,C,5.5,5.5,True,False
12,TEAM ASBOVE,Tourè I.,C,6.0,5.5,True,False
12,TEAM ASBOVE,Nkunku,A,5.5,5.5,True,False
12,TEAM ASBOVE,Martinez L.,A,7.0,11.0,True,False
12,TEAM ASBOVE,Cutrone,A,,,False,False
12,TEAM ASBOVE,Butez,P,6.5,2.5,False,True
12,TEAM ASBOVE,Meret,P,,,False,True
12,TEAM ASBOVE,Norton-Cuffy,D,7.0,11.0,True,True
12,TEAM ASBOVE,Floriani Mussolini,D,6.5,6.5,False,True
12,TEAM ASBOVE,Biraghi,D,,,False,True
12,TEAM ASBOVE,Rowe,C,6.0,6.0,False,True
12,TEAM ASBOVE,Sucic P.,C,,,False,True
12,TEAM ASBOVE,Mkhitaryan,C,6.0,6.0,False,True
12,TEAM ASBOVE,Zhegrova,C,,,False,True
12,TEAM ASBOVE,Fofana Y.,C,,,False,True
12,TEAM ASBOVE,Rodriguez Je.,A,6.0,6.0,True,True
12,TEAM ASBOVE,Openda,A,6.0,6.0,False,True
12,TEAM ASBOVE,Bremer,D,,,False,True
12,TEAM ASBOVE,Dia,A,,,False,True
12,11 CRISTANTE UNITED,Leali,P,6.0,5.0,True,False
12,11 CRISTANTE UNITED,Diego Carlos,D,5.0,4.5,True,False
12,11 CRISTANTE UNITED,N'Dicka,D,5.5,5.5,True,False
12,11 CRISTANTE UNITED,Bastoni,D,6.5,6.5,True,False
12,11 CRISTANTE UNITED,Dimarco,D,7.0,9.0,True,False
12,11 CRISTANTE UNITED,Barella,C,7.0,7.0,True,False
12,11 CRISTANTE UNITED,Politano,C,,,False,False
12,11 CRISTANTE UNITED,Calhanoglu,C,7.0,10.0,True,False
12,11 CRISTANTE UNITED,Castro S.,A,5.5,5.5,True,False
12,11 CRISTANTE UNITED,Nzola,A,4.5,3.5,True,False
12,11 CRISTANTE UNITED,Thuram,A,7.0,10.0,True,False
12,11 CRISTANTE UNITED,Siegrist,P,,,False,True
12,11 CRISTANTE UNITED,Kalulu,D,6.0,5.5,False,True
12,11 CRISTANTE UNITED,Juan Jesus,D,,,False,True
12,11 CRISTANTE UNITED,Baturina,C,,,False,True
12,11 CRISTANTE UNITED,Moreno Alb.,D,,,False,True
12,11 CRISTANTE UNITED,Musah,C,,,False,True
12,11 CRISTANTE UNITED,Brescianini,C,,,False,True
12,11 CRISTANTE UNITED,Bravo,A,,,False,True
12,11 CRISTANTE UNITED,Meister,A,5.5,5.5,False,True
12,11 CRISTANTE UNITED,Bonny,A,,,False,True
12,11 CRISTANTE UNITED,Da Cunha,C,5.0,5.0,True,True
12,11 CRISTANTE UNITED,Aebischer,C,6.0,5.5,False,True
12,11 CRISTANTE UNITED,Okoye,P,5.5,3.5,False,True
12,11 CRISTANTE UNITED,Ehizibue,D,6.0,6.0,False,True
12,TEAM JODIODDR,Svilar,P,7.0,6.0,True,False
12,TEAM JODIODDR,Tiago Gabriel,D,5.5,5.5,True,False
12,TEAM JODIODDR,Hien,D,5.0,5.0,True,False
12,TEAM JODIODDR,Zappacosta,D,5.5,5.5,True,False
12,TEAM JODIODDR,Baschirotto,D,7.0,7.0,True,False
12,TEAM JODIODDR,Masini,C,6.5,6.5,True,False
12,TEAM JODIODDR,Gudmundsson A.,C,5.0,5.0,True,False
12,TEAM JODIODDR,Pulisic,C,8.0,15.0,True,False
12,TEAM JODIODDR,Orban G.,A,,,False,False
12,TEAM JODIODDR,Diao,A,6.0,6.0,True,False
12,TEAM JODIODDR,Castellanos,A,5.5,5.5,True,False
12,TEAM JODIODDR,Gollini,P,,,False,True
12,TEAM JODIODDR,Vasquez D.,P,,,False,True
12,TEAM JODIODDR,Valle,D,5.0,5.0,False,True
12,TEAM JODIODDR,Rensch,D,5.5,5.5,False,True
12,TEAM JODIODDR,Bisseck,D,,,False,True
12,TEAM JODIODDR,Joao Mario,D,,,False,True
12,TEAM JODIODDR,Bailey,C,,,False,True
12,TEAM JODIODDR,Pisilli,C,,,False,True
12,TEAM JODIODDR,El Aynaoui,C,5.5,5.5,False,True
12,TEAM JODIODDR,Lovric,C,,,False,True
12,TEAM JODIODDR,Luvumbo,A,,,False,True
12,TEAM JODIODDR,Ngonge,A,,,False,True
12,LABORATORIO DATI,Sommer,P,6.0,7.0,True,False
12,LABORATORIO DATI,Valeri,D,6.0,5.5,True,False
12,LABORATORIO DATI,Delprato,D,6.5,6.5,True,False
12,LABORATORIO DATI,Martin,D,6.0,6.0,True,False
12,LABORATORIO DATI,Neres,C,7.5,8.5,True,False
12,LABORATORIO DATI,Mandragora,C,6.0,7.5,True,False
12,LABORATORIO DATI,Rabiot,C,7.0,10.0,True,False
12,LABORATORIO DATI,Odgaard,C,6.5,10.5,True,False
12,LABORATORIO DATI,David,A,6.0,6.0,True,False
12,LABORATORIO DATI,Pinamonti,A,5.5,5.5,True,False
12,LABORATORIO DATI,Zapata D.,A,6.5,9.5,True,False
12,LABORATORIO DATI,Caprile,P,6.0,7.0,False,True
12,LABORATORIO DATI,Suzuki,P,,,False,True
12,LABORATORIO DATI,Gila,D,5.0,4.0,False,True
12,LABORATORIO DATI,Gaspar K.,D,5.5,5.5,False,True
12,LABORATORIO DATI,Luperto,D,6.5,6.5,False,True
12,LABORATORIO DATI,Dodò,D,5.0,5.0,False,True
12,LABORATORIO DATI,Palma,D,,,False,True
12,LABORATORIO DATI,El Shaarawy,C,,,False,True
12,LABORATORIO DATI,De Roon,C,5.0,4.5,False,True
12,LABORATORIO DATI,Conceicao,C,5.5,5.5,False,True
12,LABORATORIO DATI,Frendrup,C,,,False,True
12,LABORATORIO DATI,Piccoli,A,5.5,5.5,False,True
12,LABORATORIO DATI,Morata,A,5.5,5.5,False,True
12,LABORATORIO DATI,Simeone,A,,,False,True
12,KKK,Carnesecchi,P,6.0,3.0,True,False
12,KKK,Hermoso,D,5.5,5.0,True,False
12,KKK,Bellanova,D,5.5,5.5,True,False
12,KKK,Carlos Augusto,D,7.0,10.0,True,False
12,KKK,Wesley,D,,,False,False
12,KKK,Thorstvedt,C,6.5,6.0,True,False
12,KKK,Modric,C,6.5,6.5,True,False
12,KKK,McTominay,C,6.5,6.5,True,False
12,KKK,Konè M.,C,6.0,6.0,True,False
12,KKK,Esposito Se.,A,7.0,8.0,True,False
12,KKK,Adams C.,A,6.0,6.0,True,False
12,KKK,Audero,P,6.0,7.0,False,True
12,KKK,Sportiello,P,,,False,True
12,KKK,Vasquez,D,6.5,6.5,True,True
12,KKK,Buongiorno,D,6.5,6.0,False,True
12,KKK,Terracciano F.,D,6.5,6.5,False,True
12,KKK,Gosens,D,,,False,True
12,KKK,Oristanio,C,,,False,True
12,KKK,Zerbin,C,6.5,7.5,False,True
12,KKK,Dominguez B.,A,,,False,True
12,KKK,Dzeko,A,,,False,True
12,KKK,Dovbyk,A,,,False,True
12,KKK,Freuler,C,,,False,True
12,KKK,Vlahovic,A,,,False,True
12,KKK,Atta,C,,,False,True
12,CUORE LAZIALE,Maignan,P,6.0,3.5,True,False
12,CUORE LAZIALE,Cambiaso,D,5.5,5.5,True,False
12,CUORE LAZIALE,Kelly L.,D,5.0,5.0,True,False
12,CUORE LAZIALE,Estupinan,D,,,False,False
12,CUORE LAZIALE,Zaniolo,C,6.0,6.0,True,False
12,CUORE LAZIALE,Cristante,C,5.5,5.5,True,False
12,CUORE LAZIALE,Loftus-Cheek,C,6.0,6.0,True,False
12,CUORE LAZIALE,Isaksen,C,7.0,10.0,True,False
12,CUORE LAZIALE,Leao,A,5.5,5.5,True,False
12,CUORE LAZIALE,De Ketelaere,A,5.5,5.5,True,False
12,CUORE LAZIALE,Soulè,A,6.0,6.0,True,False
12,CUORE LAZIALE,Terracciano,P,,,False,True
12,CUORE LAZIALE,Torriani,P,,,False,True
12,CUORE LAZIALE,Angori,D,6.0,6.0,True,True
12,CUORE LAZIALE,Pellegrini Lu.,D,,,False,True
12,CUORE LAZIALE,Lazaro,D,6.0,5.5,False,True
12,CUORE LAZIALE,Kristensen T.,D,,,False,True
12,CUORE LAZIALE,Darmian,D,,,False,True
12,CUORE LAZIALE,Maldini,C,,,False,True
12,CUORE LAZIALE,Carboni V.,C,,,False,True
12,CUORE LAZIALE,Stanciu,C,,,False,True
12,CUORE LAZIALE,Stengs,C,,,False,True
12,CUORE LAZIALE,Pellegrino M.,A,5.5,5.5,False,True
12,CUORE LAZIALE,Laurientè,A,6.5,7.5,False,True
12,CUORE LAZIALE,Stulic,A,5.0,5.0,False,True
12,TEAM ZTOTTI,Falcone,P,6.0,4.0,True,False
12,TEAM ZTOTTI,Vojvoda,D,5.0,5.0,True,False
12,TEAM ZTOTTI,Djimsiti,D,5.0,5.0,True,False
12,TEAM ZTOTTI,Rrahmani,D,6.5,6.5,True,False
12,TEAM ZTOTTI,Gallo,D,5.5,5.0,True,False
12,TEAM ZTOTTI,Paz N.,C,5.5,5.5,True,False
12,TEAM ZTOTTI,Vazquez,C,,,False,False
12,TEAM ZTOTTI,Zalewski,C,5.5,5.5,True,False
12,TEAM ZTOTTI,Lookman,A,5.0,5.0,True,False
12,TEAM ZTOTTI,Lang,A,5.5,5.5,True,False
12,TEAM ZTOTTI,Dybala,A,5.5,5.5,True,False
12,TEAM ZTOTTI,Sava,P,,,False,True
12,TEAM ZTOTTI,Solet,D,5.5,5.5,False,True
12,TEAM ZTOTTI,Zanoli,D,6.0,6.0,False,True
12,TEAM ZTOTTI,De Vrij,D,,,False,True
12,TEAM ZTOTTI,Lovik,D,,,False,True
12,TEAM ZTOTTI,Jashari,C,,,False,True
12,TEAM ZTOTTI,Casadei,C,5.5,5.5,True,True
12,TEAM ZTOTTI,Folorunsho,C,7.0,6.5,False,True
12,TEAM ZTOTTI,Miller L.,C,,,False,True
12,TEAM ZTOTTI,Buksa,A,6.0,6.0,False,True
12,TEAM ZTOTTI,Kilicsoy,A,,,False,True
12,U CAN U UP,Provedel,P,6.5,5.5,True,False
12,U CAN U UP,Gabbia,D,6.0,6.0,True,False
12,U CAN U UP,Beukema,D,6.0,5.5,True,False
12,U CAN U UP,Di Lorenzo,D,6.0,6.0,True,False
12,U CAN U UP,Ederson D.S.,C,5.5,5.5,True,False
12,U CAN U UP,Pasalic,C,6.0,6.0,True,False
12,U CAN U UP,Orsolini,C,6.0,6.0,True,False
12,U CAN U UP,Sohm,C,5.5,5.5,True,False
12,U CAN U UP,Yildiz,A,7.0,10.0,True,False
12,U CAN U UP,Hojlund,A,8.0,15.0,True,False
12,U CAN U UP,Douvikas,A,5.0,5.0,True,False
12,U CAN U UP,Mandas,P,,,False,True
12,U CAN U UP,Tavares N.,D,5.0,4.5,False,True
12,U CAN U UP,Miranda J.,D,6.0,5.5,False,True
12,U CAN U UP,Circati,D,,,False,True
12,U CAN U UP,Zortea,D,7.0,7.0,False,True
12,U CAN U UP,Vandeputte,C,6.5,6.5,False,True
12,U CAN U UP,Koopmeiners,C,5.0,5.0,False,True
12,U CAN U UP,Frattesi,C,,,False,True
12,U CAN U UP,Fazzini,C,,,False,True
12,U CAN U UP,Lucca,A,,,False,True
12,U CAN U UP,Gimenez,A,,,False,True
12,U CAN U UP,Camarda,A,5.5,5.5,False,True
12,U CAN U UP,Israel,P,6.0,3.0,False,True
12,U CAN U UP,Gatti,D,,,False,True
12,BTGCBUGC,Martinez Jo.,P,,,False,False
12,BTGCBUGC,Palestra,D,7.0,7.0,True,False
12,BTGCBUGC,Pavlovic,D,5.5,5.5,True,False
12,BTGCBUGC,Cuadrado,D,,,False,False
12,BTGCBUGC,Zaccagni,C,6.5,6.5,True,False
12,BTGCBUGC,Tramoni M.,C,,,False,False
12,BTGCBUGC,Samardzic,C,6.0,6.0,True,False
12,BTGCBUGC,Saelemaekers,C,6.5,7.5,True,False
12,BTGCBUGC,Kean,A,5.0,5.0,True,False
12,BTGCBUGC,Vardy,A,6.0,6.0,True,False
12,BTGCBUGC,Krstovic,A,5.0,5.0,True,False
12,BTGCBUGC,Perin,P,,,False,True
12,BTGCBUGC,Di Gregorio,P,6.5,4.5,True,True
12,BTGCBUGC,Dumfries,D,,,False,True
12,BTGCBUGC,Canestrelli,D,6.0,6.0,True,True
12,BTGCBUGC,Scalvini,D,,,False,True
12,BTGCBUGC,Vitik,D,,,False,True
12,BTGCBUGC,Ramon,D,5.5,5.5,False,True
12,BTGCBUGC,Collocolo,C,,,False,True
12,BTGCBUGC,Thuram K.,C,6.0,6.0,True,True
12,BTGCBUGC,Locatelli,C,6.0,6.0,False,True
12,BTGCBUGC,Serdar,C,,,False,True
12,BTGCBUGC,Colombo,A,6.5,6.5,False,True
12,BTGCBUGC,Giovane,A,7.5,12.5,False,True
12,BTGCBUGC,Belotti,A,,,False,True
12,PREMIER LEAGUE SLOPS,De Gea,P,4.5,1.5,True,False
12,PREMIER LEAGUE SLOPS,Olivera,D,5.5,5.5,True,False
12,PREMIER LEAGUE SLOPS,Tomori,D,5.5,6.0,True,False
12,PREMIER LEAGUE SLOPS,Akanji,D,6.0,5.5,True,False
12,PREMIER LEAGUE SLOPS,Vlasic,C,7.0,10.0,True,False
12,PREMIER LEAGUE SLOPS,Matic,C,6.0,6.0,True,False
12,PREMIER LEAGUE SLOPS,Guendouzi,C,6.5,6.5,True,False
12,PREMIER LEAGUE SLOPS,Bernabè,C,6.0,6.0,True,False
12,PREMIER LEAGUE SLOPS,Scamacca,A,6.5,8.5,True,False
12,PREMIER LEAGUE SLOPS,Ferguson E.,A,5.5,5.5,True,False
12,PREMIER LEAGUE SLOPS,Davis K.,A,6.0,6.0,True,False
12,PREMIER LEAGUE SLOPS,Martinelli T.,P,,,False,True
12,PREMIER LEAGUE SLOPS,Mina,D,,,False,True
12,PREMIER LEAGUE SLOPS,Gutierrez,D,,,False,True
12,PREMIER LEAGUE SLOPS,Angelino,D,,,False,True
12,PREMIER LEAGUE SLOPS,Tsimikas,D,5.5,5.5,False,True
12,PREMIER LEAGUE SLOPS,Lamptey,D,,,False,True
12,PREMIER LEAGUE SLOPS,Perrone,C,6.0,5.5,False,True
12,PREMIER LEAGUE SLOPS,Cornet,C,,,False,True
12,PREMIER LEAGUE SLOPS,De Bruyne,C,,,False,True
12,PREMIER LEAGUE SLOPS,Dele-Bashiru,C,6.0,6.0,False,True
12,PREMIER LEAGUE SLOPS,Sulemana K.,A,,,False,True
12,PREMIER LEAGUE SLOPS,Cambiaghi,A,5.5,5.0,False,True
12,PREMIER LEAGUE SLOPS,Pedro,A,,,False,True
12,PREMIER LEAGUE SLOPS,Lezzerini,P,,,False,True
13,U CAN U UP,Provedel,P,7.0,8.0,True,False
13,U CAN U UP,Gabbia,D,5.5,5.5,True,False
13,U CAN U UP,Beukema,D,6.0,6.0,True,False
13,U CAN U UP,Di Lorenzo,D,5.5,5.5,True,False
13,U CAN U UP,Miranda J.,D,6.0,5.5,True,False
13,U CAN U UP,Ederson D.S.,C,6.5,6.5,True,False
13,U CAN U UP,Pasalic,C,,,False,False
13,U CAN U UP,Orsolini,C,6.0,6.0,True,False
13,U CAN U UP,Yildiz,A,6.5,7.5,True,False
13,U CAN U UP,Hojlund,A,5.0,5.0,True,False
13,U CAN U UP,Douvikas,A,5.5,5.5,True,False
13,U CAN U UP,Mandas,P,,,False,True
13,U CAN U UP,Tavares N.,D,,,False,True
13,U CAN U UP,Circati,D,,,False,True
13,U CAN U UP,Zortea,D,5.5,5.5,False,True
13,U CAN U UP,Vandeputte,C,6.0,6.0,True,True
13,U CAN U UP,Koopmeiners,C,5.5,5.0,False,True
13,U CAN U UP,Frattesi,C,,,False,True
13,U CAN U UP,Fazzini,C,,,False,True
13,U CAN U UP,Lucca,A,,,False,True
13,U CAN U UP,Gimenez,A,,,False,True
13,U CAN U UP,Camarda,A,6.0,6.0,False,True
13,U CAN U UP,Israel,P,,,False,True
13,U CAN U UP,Gatti,D,,,False,True
13,U CAN U UP,Sohm,C,5.0,5.0,False,True
13,KKK,Audero,P,6.0,5.0,True,False
13,KKK,Hermoso,D,6.5,6.5,True,False
13,KKK,Buongiorno,D,6.0,6.0,True,False
13,KKK,Carlos Augusto,D,6.0,6.0,True,False
13,KKK,Wesley,D,7.5,11.0,True,False
13,KKK,Thorstvedt,C,5.5,5.0,True,False
13,KKK,Modric,C,6.0,6.0,True,False
13,KKK,McTominay,C,6.0,6.0,True,False
13,KKK,Konè M.,C,6.5,6.5,True,False
13,KKK,Esposito Se.,A,7.0,8.0,True,False
13,KKK,Adams C.,A,6.0,6.0,True,False
13,KKK,Carnesecchi,P,6.0,5.0,False,True
13,KKK,Sportiello,P,,,False,True
13,KKK,Vasquez,D,6.0,6.0,False,True
13,KKK,Terracciano F.,D,6.0,6.0,False,True
13,KKK,Gosens,D,,,False,True
13,KKK,Oristanio,C,5.5,5.5,False,True
13,KKK,Zerbin,C,5.5,5.5,False,True
13,KKK,Dominguez B.,A,,,False,True
13,KKK,Dzeko,A,5.5,5.5,False,True
13,KKK,Dovbyk,A,,,False,True
13,KKK,Freuler,C,,,False,True
13,KKK,Vlahovic,A,,,False,True
13,KKK,Atta,C,,,False,True
13,KKK,Bellanova,D,,,False,True
13,LABORATORIO DATI,Sommer,P,6.0,5.0,True,False
13,LABORATORIO DATI,Valeri,D,6.0,5.5,True,False
13,LABORATORIO DATI,Gaspar K.,D,6.5,6.0,True,False
13,LABORATORIO DATI,Dodò,D,5.5,5.5,True,False
13,LABORATORIO DATI,Neres,C,5.0,5.0,True,False
13,LABORATORIO DATI,Mandragora,C,6.0,6.0,True,False
13,LABORATORIO DATI,Rabiot,C,5.5,5.5,True,False
13,LABORATORIO DATI,Odgaard,C,,,False,False
13,LABORATORIO DATI,David,A,5.0,5.0,True,False
13,LABORATORIO DATI,Simeone,A,5.5,5.5,True,False
13,LABORATORIO DATI,Zapata D.,A,6.5,7.0,True,False
13,LABORATORIO DATI,Caprile,P,7.0,5.0,False,True
13,LABORATORIO DATI,Suzuki,P,,,False,True
13,LABORATORIO DATI,Gila,D,,,False,True
13,LABORATORIO DATI,Martin,D,6.0,7.0,False,True
13,LABORATORIO DATI,Luperto,D,5.0,5.0,False,True
13,LABORATORIO DATI,Delprato,D,6.0,6.0,False,True
13,LABORATORIO DATI,Palma,D,,,False,True
13,LABORATORIO DATI,El Shaarawy,C,6.0,5.5,True,True
13,LABORATORIO DATI,De Roon,C,6.0,6.0,False,True
13,LABORATORIO DATI,Conceicao,C,6.0,6.0,False,True
13,LABORATORIO DATI,Frendrup,C,5.5,5.5,False,True
13,LABORATORIO DATI,Piccoli,A,,,False,True
13,LABORATORIO DATI,Pinamonti,A,7.0,9.0,False,True
13,LABORATORIO DATI,Morata,A,,,False,True
13,BTGCBUGC,Martinez Jo.,P,,,False,False
13,BTGCBUGC,Palestra,D,6.5,6.5,True,False
13,BTGCBUGC,Pavlovic,D,6.5,6.5,True,False
13,BTGCBUGC,Canestrelli,D,5.0,5.0,True,False
13,BTGCBUGC,Dumfries,D,,,False,False
13,BTGCBUGC,Zaccagni,C,4.5,3.5,True,False
13,BTGCBUGC,Locatelli,C,7.0,7.0,True,False
13,BTGCBUGC,Saelemaekers,C,5.5,5.5,True,False
13,BTGCBUGC,Kean,A,5.5,5.5,True,False
13,BTGCBUGC,Vardy,A,5.5,5.5,True,False
13,BTGCBUGC,Giovane,A,5.5,5.5,True,False
13,BTGCBUGC,Perin,P,,,False,True
13,BTGCBUGC,Di Gregorio,P,6.5,7.5,True,True
13,BTGCBUGC,Cuadrado,D,,,False,True
13,BTGCBUGC,Scalvini,D,,,False,True
13,BTGCBUGC,Ramon,D,6.5,6.0,True,True
13,BTGCBUGC,Vitik,D,,,False,True
13,BTGCBUGC,Thuram K.,C,6.0,6.0,False,True
13,BTGCBUGC,Samardzic,C,6.5,7.5,False,True
13,BTGCBUGC,Tramoni M.,C,5.5,5.5,False,True
13,BTGCBUGC,Serdar,C,6.0,6.0,False,True
13,BTGCBUGC,Collocolo,C,,,False,True
13,BTGCBUGC,Colombo,A,5.0,5.0,False,True
13,BTGCBUGC,Krstovic,A,,,False,True
13,BTGCBUGC,Belotti,A,,,False,True
13,11 CRISTANTE UNITED,Leali,P,5.0,3.0,True,False
13,11 CRISTANTE UNITED,Diego Carlos,D,,,False,False
13,11 CRISTANTE UNITED,N'Dicka,D,7.0,7.0,True,False
13,11 CRISTANTE UNITED,Bastoni,D,6.5,6.5,True,False
13,11 CRISTANTE UNITED,Dimarco,D,,,False,False
13,11 CRISTANTE UNITED,Barella,C,6.0,5.5,True,False
13,11 CRISTANTE UNITED,Politano,C,5.5,5.5,True,False
13,11 CRISTANTE UNITED,Calhanoglu,C,,,False,False
13,11 CRISTANTE UNITED,Castro S.,A,5.5,5.5,True,False
13,11 CRISTANTE UNITED,Nzola,A,,,False,False
13,11 CRISTANTE UNITED,Thuram,A,6.0,6.0,True,False
13,11 CRISTANTE UNITED,Siegrist,P,,,False,True
13,11 CRISTANTE UNITED,Kalulu,D,6.5,6.5,True,True
13,11 CRISTANTE UNITED,Juan Jesus,D,,,False,True
13,11 CRISTANTE UNITED,Baturina,C,5.5,5.5,True,True
13,11 CRISTANTE UNITED,Moreno Alb.,D,,,False,True
13,11 CRISTANTE UNITED,Musah,C,6.0,6.0,False,True
13,11 CRISTANTE UNITED,Brescianini,C,,,False,True
13,11 CRISTANTE UNITED,Bravo,A,,,False,True
13,11 CRISTANTE UNITED,Meister,A,5.0,5.0,True,True
13,11 CRISTANTE UNITED,Bonny,A,,,False,True
13,11 CRISTANTE UNITED,Da Cunha,C,5.0,5.0,False,True
13,11 CRISTANTE UNITED,Aebischer,C,5.5,5.5,False,True
13,11 CRISTANTE UNITED,Okoye,P,6.0,7.0,False,True
13,11 CRISTANTE UNITED,Ehizibue,D,,,False,True
13,TEAM JODIODDR,Svilar,P,6.5,7.5,True,False
13,TEAM JODIODDR,Tiago Gabriel,D,6.0,6.0,True,False
13,TEAM JODIODDR,Rensch,D,6.5,6.5,True,False
13,TEAM JODIODDR,Zappacosta,D,6.0,6.5,True,False
13,TEAM JODIODDR,Baschirotto,D,5.0,5.0,True,False
13,TEAM JODIODDR,Bailey,C,,,False,False
13,TEAM JODIODDR,Gudmundsson A.,C,5.5,5.0,True,False
13,TEAM JODIODDR,Pulisic,C,6.0,6.0,True,False
13,TEAM JODIODDR,Orban G.,A,7.5,14.5,True,False
13,TEAM JODIODDR,Ngonge,A,,,False,False
13,TEAM JODIODDR,Castellanos,A,5.5,5.5,True,False
13,TEAM JODIODDR,Gollini,P,,,False,True
13,TEAM JODIODDR,Vasquez D.,P,,,False,True
13,TEAM JODIODDR,Valle,D,5.0,5.0,False,True
13,TEAM JODIODDR,Hien,D,,,False,True
13,TEAM JODIODDR,Bisseck,D,7.0,9.5,False,True
13,TEAM JODIODDR,Joao Mario,D,,,False,True
13,TEAM JODIODDR,Masini,C,,,False,True
13,TEAM JODIODDR,Pisilli,C,,,False,True
13,TEAM JODIODDR,El Aynaoui,C,,,False,True
13,TEAM JODIODDR,Lovric,C,,,False,True
13,TEAM JODIODDR,Diao,A,6.0,6.0,True,True
13,TEAM JODIODDR,Luvumbo,A,,,False,True
13,PREMIER LEAGUE SLOPS,De Gea,P,5.5,3.5,True,False
13,PREMIER LEAGUE SLOPS,Olivera,D,5.5,5.5,True,False
13,PREMIER LEAGUE SLOPS,Tomori,D,5.5,5.5,True,False
13,PREMIER LEAGUE SLOPS,Akanji,D,6.0,5.5,True,False
13,PREMIER LEAGUE SLOPS,Vlasic,C,7.0,11.0,True,False
13,PREMIER LEAGUE SLOPS,Dele-Bashiru,C,6.0,6.0,True,False
13,PREMIER LEAGUE SLOPS,Guendouzi,C,6.5,6.5,True,False
13,PREMIER LEAGUE SLOPS,Bernabè,C,6.0,6.0,True,False
13,PREMIER LEAGUE SLOPS,Ferguson E.,A,6.5,6.5,True,False
13,PREMIER LEAGUE SLOPS,Scamacca,A,7.5,14.5,True,False
13,PREMIER LEAGUE SLOPS,Pedro,A,,,False,False
13,PREMIER LEAGUE SLOPS,Martinelli T.,P,,,False,True
13,PREMIER LEAGUE SLOPS,Mina,D,,,False,True
13,PREMIER LEAGUE SLOPS,Gutierrez,D,,,False,True
13,PREMIER LEAGUE SLOPS,Angelino,D,,,False,True
13,PREMIER LEAGUE SLOPS,Tsimikas,D,,,False,True
13,PREMIER LEAGUE SLOPS,Lamptey,D,,,False,True
13,PREMIER LEAGUE SLOPS,Matic,C,6.5,6.5,False,True
13,PREMIER LEAGUE SLOPS,Perrone,C,,,False,True
13,PREMIER LEAGUE SLOPS,Cornet,C,,,False,True
13,PREMIER LEAGUE SLOPS,De Bruyne,C,,,False,True
13,PREMIER LEAGUE SLOPS,Sulemana K.,A,,,False,True
13,PREMIER LEAGUE SLOPS,Davis K.,A,6.5,7.5,True,True
13,PREMIER LEAGUE SLOPS,Cambiaghi,A,5.5,5.5,False,True
13,PREMIER LEAGUE SLOPS,Lezzerini,P,,,False,True
13,TEAM ZTOTTI,Falcone,P,6.0,7.0,True,False
13,TEAM ZTOTTI,Solet,D,6.5,6.5,True,False
13,TEAM ZTOTTI,Djimsiti,D,6.0,6.0,True,False
13,TEAM ZTOTTI,Rrahmani,D,5.0,5.0,True,False
13,TEAM ZTOTTI,Gallo,D,6.0,6.0,True,False
13,TEAM ZTOTTI,Vazquez,C,5.5,5.5,True,False
13,TEAM ZTOTTI,Paz N.,C,5.5,5.0,True,False
13,TEAM ZTOTTI,Zalewski,C,6.0,6.0,True,False
13,TEAM ZTOTTI,Lookman,A,5.5,5.5,True,False
13,TEAM ZTOTTI,Lang,A,6.0,6.0,True,False
13,TEAM ZTOTTI,Dybala,A,,,False,False
13,TEAM ZTOTTI,Sava,P,,,False,True
13,TEAM ZTOTTI,De Vrij,D,,,False,True
13,TEAM ZTOTTI,Zanoli,D,6.0,6.0,False,True
13,TEAM ZTOTTI,Vojvoda,D,,,False,True
13,TEAM ZTOTTI,Lovik,D,,,False,True
13,TEAM ZTOTTI,Miller L.,C,,,False,True
13,TEAM ZTOTTI,Casadei,C,6.0,6.0,False,True
13,TEAM ZTOTTI,Jashari,C,,,False,True
13,TEAM ZTOTTI,Folorunsho,C,6.0,6.0,False,True
13,TEAM ZTOTTI,Buksa,A,,,False,True
13,TEAM ZTOTTI,Kilicsoy,A,,,False,True
13,CUORE LAZIALE,Maignan,P,6.0,4.0,True,False
13,CUORE LAZIALE,Pellegrini Lu.,D,6.5,6.5,True,False
13,CUORE LAZIALE,Cambiaso,D,6.0,6.0,True,False
13,CUORE LAZIALE,Estupinan,D,,,False,False
13,CUORE LAZIALE,Lazaro,D,6.0,6.0,True,False
13,CUORE LAZIALE,Zaniolo,C,6.5,6.0,True,False
13,CUORE LAZIALE,Cristante,C,6.5,6.5,True,False
13,CUORE LAZIALE,Loftus-Cheek,C,6.5,7.0,True,False
13,CUORE LAZIALE,De Ketelaere,A,6.0,6.0,True,False
13,CUORE LAZIALE,Pellegrino M.,A,6.0,6.0,True,False
13,CUORE LAZIALE,Soulè,A,6.5,7.5,True,False
13,CUORE LAZIALE,Terracciano,P,,,False,True
13,CUORE LAZIALE,Torriani,P,,,False,True
13,CUORE LAZIALE,Kelly L.,D,7.0,7.0,True,True
13,CUORE LAZIALE,Kristensen T.,D,6.5,6.5,False,True
13,CUORE LAZIALE,Angori,D,6.0,6.0,False,True
13,CUORE LAZIALE,Darmian,D,,,False,True
13,CUORE LAZIALE,Maldini,C,,,False,True
13,CUORE LAZIALE,Carboni V.,C,,,False,True
13,CUORE LAZIALE,Stanciu,C,,,False,True
13,CUORE LAZIALE,Isaksen,C,,,False,True
13,CUORE LAZIALE,Stengs,C,,,False,True
13,CUORE LAZIALE,Laurientè,A,7.5,11.5,False,True
13,CUORE LAZIALE,Stulic,A,7.0,11.0,False,True
13,CUORE LAZIALE,Leao,A,,,False,True
13,TEAM ASBOVE,Milinkovic-Savic V.,P,6.5,5.5,True,False
13,TEAM ASBOVE,Bremer,D,6.0,6.0,True,False
13,TEAM ASBOVE,Mancini,D,6.5,6.0,True,False
13,TEAM ASBOVE,Heggem,D,4.5,3.5,True,False
13,TEAM ASBOVE,Sucic P.,C,6.5,6.5,True,False
13,TEAM ASBOVE,Pellegrini Lo.,C,6.0,6.0,True,False
13,TEAM ASBOVE,Tourè I.,C,5.5,5.5,True,False
13,TEAM ASBOVE,Fofana Y.,C,,,False,False
13,TEAM ASBOVE,Nkunku,A,6.0,7.0,True,False
13,TEAM ASBOVE,Martinez L.,A,7.5,12.5,True,False
13,TEAM ASBOVE,Openda,A,6.5,6.5,True,False
13,TEAM ASBOVE,Butez,P,6.0,5.0,False,True
13,TEAM ASBOVE,Meret,P,,,False,True
13,TEAM ASBOVE,Lucumì,D,6.5,6.5,False,True
13,TEAM ASBOVE,Norton-Cuffy,D,5.5,5.5,False,True
13,TEAM ASBOVE,Floriani Mussolini,D,6.0,6.0,False,True
13,TEAM ASBOVE,Acerbi,D,,,False,True
13,TEAM ASBOVE,Biraghi,D,,,False,True
13,TEAM ASBOVE,Bernardeschi,C,,,False,True
13,TEAM ASBOVE,Zhegrova,C,,,False,True
13,TEAM ASBOVE,Rowe,C,,,False,True
13,TEAM ASBOVE,Mkhitaryan,C,6.0,6.0,True,True
13,TEAM ASBOVE,Rodriguez Je.,A,5.5,5.5,False,True
13,TEAM ASBOVE,Dia,A,,,False,True
13,TEAM ASBOVE,Cutrone,A,,,False,True
14,BTGCBUGC,Martinez Jo.,P,,,False,False
14,BTGCBUGC,Palestra,D,6.0,6.0,True,False
14,BTGCBUGC,Pavlovic,D,,,False,False
14,BTGCBUGC,Scalvini,D,,,False,False
14,BTGCBUGC,Dumfries,D,,,False,False
14,BTGCBUGC,Saelemaekers,C,6.0,6.0,True,False
14,BTGCBUGC,Locatelli,C,6.5,6.5,True,False
14,BTGCBUGC,Samardzic,C,5.0,4.5,True,False
14,BTGCBUGC,Kean,A,7.5,13.5,True,False
14,BTGCBUGC,Vardy,A,5.5,5.5,True,False
14,BTGCBUGC,Giovane,A,5.5,5.5,True,False
14,BTGCBUGC,Perin,P,,,False,True
14,BTGCBUGC,Di Gregorio,P,6.0,5.0,True,True
14,BTGCBUGC,Cuadrado,D,,,False,True
14,BTGCBUGC,Vitik,D,6.5,6.0,True,True
14,BTGCBUGC,Ramon,D,5.5,5.0,True,True
14,BTGCBUGC,Canestrelli,D,5.5,5.5,True,True
14,BTGCBUGC,Zaccagni,C,,,False,True
14,BTGCBUGC,Thuram K.,C,6.5,6.5,False,True
14,BTGCBUGC,Serdar,C,5.5,5.5,False,True
14,BTGCBUGC,Tramoni M.,C,6.5,8.5,False,True
14,BTGCBUGC,Collocolo,C,,,False,True
14,BTGCBUGC,Colombo,A,6.0,6.0,False,True
14,BTGCBUGC,Krstovic,A,,,False,True
14,BTGCBUGC,Belotti,A,,,False,True
14,11 CRISTANTE UNITED,Leali,P,4.5,4.5,True,False
14,11 CRISTANTE UNITED,Diego Carlos,D,5.5,5.5,True,False
14,11 CRISTANTE UNITED,N'Dicka,D,,,False,False
14,11 CRISTANTE UNITED,Bastoni,D,6.5,6.5,True,False
14,11 CRISTANTE UNITED,Dimarco,D,,,False,False
14,11 CRISTANTE UNITED,Barella,C,6.0,6.0,True,False
14,11 CRISTANTE UNITED,Politano,C,5.5,5.5,True,False
14,11 CRISTANTE UNITED,Calhanoglu,C,,,False,False
14,11 CRISTANTE UNITED,Castro S.,A,7.0,11.0,True,False
14,11 CRISTANTE UNITED,Nzola,A,,,False,False
14,11 CRISTANTE UNITED,Thuram,A,5.5,5.0,True,False
14,11 CRISTANTE UNITED,Siegrist,P,,,False,True
14,11 CRISTANTE UNITED,Kalulu,D,6.0,6.0,True,True
14,11 CRISTANTE UNITED,Juan Jesus,D,,,False,True
14,11 CRISTANTE UNITED,Baturina,C,6.5,7.5,True,True
14,11 CRISTANTE UNITED,Moreno Alb.,D,5.5,5.5,True,True
14,11 CRISTANTE UNITED,Musah,C,6.0,6.0,False,True
14,11 CRISTANTE UNITED,Brescianini,C,,,False,True
14,11 CRISTANTE UNITED,Bravo,A,,,False,True
14,11 CRISTANTE UNITED,Meister,A,5.5,5.5,True,True
14,11 CRISTANTE UNITED,Bonny,A,5.5,5.5,False,True
14,11 CRISTANTE UNITED,Da Cunha,C,6.0,6.0,False,True
14,11 CRISTANTE UNITED,Aebischer,C,6.0,6.0,False,True
14,11 CRISTANTE UNITED,Okoye,P,4.5,4.5,False,True
14,11 CRISTANTE UNITED,Ehizibue,D,,,False,True
14,PREMIER LEAGUE SLOPS,De Gea,P,6.0,5.0,True,False
14,PREMIER LEAGUE SLOPS,Mina,D,5.5,5.0,True,False
14,PREMIER LEAGUE SLOPS,Tomori,D,5.5,5.5,True,False
14,PREMIER LEAGUE SLOPS,Akanji,D,6.0,6.0,True,False
14,PREMIER LEAGUE SLOPS,Vlasic,C,7.0,10.0,True,False
14,PREMIER LEAGUE SLOPS,Dele-Bashiru,C,,,False,False
14,PREMIER LEAGUE SLOPS,Guendouzi,C,6.0,5.5,True,False
14,PREMIER LEAGUE SLOPS,Matic,C,5.5,5.0,True,False
14,PREMIER LEAGUE SLOPS,Ferguson E.,A,6.0,6.0,True,False
14,PREMIER LEAGUE SLOPS,Scamacca,A,5.5,5.5,True,False
14,PREMIER LEAGUE SLOPS,Davis K.,A,5.0,5.0,True,False
14,PREMIER LEAGUE SLOPS,Martinelli T.,P,,,False,True
14,PREMIER LEAGUE SLOPS,Olivera,D,5.5,5.5,False,True
14,PREMIER LEAGUE SLOPS,Gutierrez,D,,,False,True
14,PREMIER LEAGUE SLOPS,Angelino,D,,,False,True
14,PREMIER LEAGUE SLOPS,Tsimikas,D,,,False,True
14,PREMIER LEAGUE SLOPS,Lamptey,D,,,False,True
14,PREMIER LEAGUE SLOPS,Perrone,C,5.5,5.5,True,True
14,PREMIER LEAGUE SLOPS,Cornet,C,,,False,True
14,PREMIER LEAGUE SLOPS,De Bruyne,C,,,False,True
14,PREMIER LEAGUE SLOPS,Pedro,A,5.5,5.0,False,True
14,PREMIER LEAGUE SLOPS,Sulemana K.,A,6.0,6.0,False,True
14,PREMIER LEAGUE SLOPS,Cambiaghi,A,,,False,True
14,PREMIER LEAGUE SLOPS,Lezzerini,P,,,False,True
14,LABORATORIO DATI,Sommer,P,6.5,7.5,True,False
14,LABORATORIO DATI,Gila,D,6.5,6.0,True,False
14,LABORATORIO DATI,Luperto,D,,,False,False
14,LABORATORIO DATI,Dodò,D,7.0,8.0,True,False
14,LABORATORIO DATI,Neres,C,5.5,5.0,True,False
14,LABORATORIO DATI,Mandragora,C,7.0,10.0,True,False
14,LABORATORIO DATI,Rabiot,C,8.0,15.0,True,False
14,LABORATORIO DATI,Odgaard,C,6.5,9.5,True,False
14,LABORATORIO DATI,David,A,,,False,False
14,LABORATORIO DATI,Pinamonti,A,,,False,False
14,LABORATORIO DATI,Zapata D.,A,5.0,5.0,True,False
14,LABORATORIO DATI,Caprile,P,6.0,4.0,False,True
14,LABORATORIO DATI,Suzuki,P,,,False,True
14,LABORATORIO DATI,Martin,D,,,False,True
14,LABORATORIO DATI,Delprato,D,6.5,6.5,True,True
14,LABORATORIO DATI,Palma,D,,,False,True
14,LABORATORIO DATI,Valeri,D,6.0,6.0,False,True
14,LABORATORIO DATI,Gaspar K.,D,,,False,True
14,LABORATORIO DATI,El Shaarawy,C,6.0,6.0,False,True
14,LABORATORIO DATI,De Roon,C,6.0,6.0,False,True
14,LABORATORIO DATI,Conceicao,C,7.0,9.5,False,True
14,LABORATORIO DATI,Frendrup,C,7.0,7.0,False,True
14,LABORATORIO DATI,Simeone,A,6.5,6.5,True,True
14,LABORATORIO DATI,Piccoli,A,6.0,6.0,True,True
14,LABORATORIO DATI,Morata,A,,,False,True
14,TEAM ZTOTTI,Skorupski,P,,,False,False
14,TEAM ZTOTTI,Zanoli,D,5.5,5.0,True,False
14,TEAM ZTOTTI,De Vrij,D,,,False,False
14,TEAM ZTOTTI,Rrahmani,D,6.5,6.5,True,False
14,TEAM ZTOTTI,Solet,D,6.0,9.0,True,False
14,TEAM ZTOTTI,Vazquez,C,,,False,False
14,TEAM ZTOTTI,Paz N.,C,6.5,6.5,True,False
14,TEAM ZTOTTI,Lobotka,C,6.0,6.0,True,False
14,TEAM ZTOTTI,Zalewski,C,6.5,7.0,True,False
14,TEAM ZTOTTI,Lang,A,5.5,5.5,True,False
14,TEAM ZTOTTI,Dybala,A,5.0,5.0,True,False
14,TEAM ZTOTTI,Falcone,P,7.0,6.0,True,True
14,TEAM ZTOTTI,Sava,P,5.0,0.0,False,True
14,TEAM ZTOTTI,Vojvoda,D,6.0,6.0,True,True
14,TEAM ZTOTTI,Gallo,D,6.0,6.0,False,True
14,TEAM ZTOTTI,Lovik,D,,,False,True
14,TEAM ZTOTTI,Miller L.,C,,,False,True
14,TEAM ZTOTTI,Jashari,C,,,False,True
14,TEAM ZTOTTI,Casadei,C,,,False,True
14,TEAM ZTOTTI,Folorunsho,C,7.0,10.0,True,True
14,TEAM ZTOTTI,Buksa,A,5.5,5.5,False,True
14,TEAM ZTOTTI,Kilicsoy,A,7.0,10.0,False,True
14,KKK,Audero,P,6.0,7.0,True,False
14,KKK,Hermoso,D,,,False,False
14,KKK,Buongiorno,D,6.0,6.0,True,False
14,KKK,Carlos Augusto,D,6.5,6.5,True,False
14,KKK,Wesley,D,6.5,6.5,True,False
14,KKK,Freuler,C,6.0,5.0,True,False
14,KKK,Modric,C,6.0,6.0,True,False
14,KKK,McTominay,C,6.0,6.0,True,False
14,KKK,Konè M.,C,6.0,5.5,True,False
14,KKK,Esposito Se.,A,5.5,5.0,True,False
14,KKK,Adams C.,A,6.0,6.0,True,False
14,KKK,Carnesecchi,P,6.5,7.5,False,True
14,KKK,Sportiello,P,,,False,True
14,KKK,Bellanova,D,,,False,True
14,KKK,Vasquez,D,6.5,6.5,True,True
14,KKK,Terracciano F.,D,6.5,6.5,False,True
14,KKK,Atta,C,,,False,True
14,KKK,Zerbin,C,5.5,5.5,False,True
14,KKK,Oristanio,C,,,False,True
14,KKK,Dominguez B.,A,6.5,7.5,False,True
14,KKK,Dzeko,A,,,False,True
14,KKK,Dovbyk,A,,,False,True
14,KKK,Vlahovic,A,,,False,True
14,KKK,Gosens,D,,,False,True
14,KKK,Thorstvedt,C,,,False,True
14,TEAM JODIODDR,Svilar,P,7.0,5.0,True,False
14,TEAM JODIODDR,Bisseck,D,,,False,False
14,TEAM JODIODDR,Rensch,D,6.5,6.5,True,False
14,TEAM JODIODDR,Zappacosta,D,6.0,6.0,True,False
14,TEAM JODIODDR,Valle,D,,,False,False
14,TEAM JODIODDR,Zambo Anguissa,C,,,False,False
14,TEAM JODIODDR,Gudmundsson A.,C,7.5,11.5,True,False
14,TEAM JODIODDR,Pulisic,C,,,False,False
14,TEAM JODIODDR,Diao,A,,,False,False
14,TEAM JODIODDR,Lukaku,A,,,False,False
14,TEAM JODIODDR,Castellanos,A,5.0,5.0,True,False
14,TEAM JODIODDR,Gollini,P,,,False,True
14,TEAM JODIODDR,Vasquez D.,P,,,False,True
14,TEAM JODIODDR,Hien,D,7.0,11.0,True,True
14,TEAM JODIODDR,Tiago Gabriel,D,6.0,6.0,True,True
14,TEAM JODIODDR,Baschirotto,D,6.5,6.5,False,True
14,TEAM JODIODDR,Joao Mario,D,,,False,True
14,TEAM JODIODDR,Pisilli,C,,,False,True
14,TEAM JODIODDR,Bailey,C,5.5,5.5,True,True
14,TEAM JODIODDR,Masini,C,,,False,True
14,TEAM JODIODDR,Lovric,C,5.0,5.0,True,True
14,TEAM JODIODDR,El Aynaoui,C,,,False,True
14,TEAM JODIODDR,Orban G.,A,7.0,10.0,True,True
14,TEAM JODIODDR,Ngonge,A,,,False,True
14,TEAM JODIODDR,Luvumbo,A,,,False,True
14,CUORE LAZIALE,Maignan,P,8.0,7.0,True,False
14,CUORE LAZIALE,Pellegrini Lu.,D,6.0,6.0,True,False
14,CUORE LAZIALE,Kelly L.,D,6.0,6.0,True,False
14,CUORE LAZIALE,Kristensen T.,D,4.5,4.5,True,False
14,CUORE LAZIALE,Cambiaso,D,6.5,7.5,True,False
14,CUORE LAZIALE,Loftus-Cheek,C,6.0,6.0,True,False
14,CUORE LAZIALE,Cristante,C,5.0,4.5,True,False
14,CUORE LAZIALE,Zaniolo,C,6.0,6.0,True,False
14,CUORE LAZIALE,Laurientè,A,5.5,5.5,True,False
14,CUORE LAZIALE,De Ketelaere,A,5.0,5.0,True,False
14,CUORE LAZIALE,Soulè,A,5.5,5.0,True,False
14,CUORE LAZIALE,Terracciano,P,,,False,True
14,CUORE LAZIALE,Torriani,P,,,False,True
14,CUORE LAZIALE,Lazaro,D,6.0,6.0,False,True
14,CUORE LAZIALE,Darmian,D,,,False,True
14,CUORE LAZIALE,Estupinan,D,,,False,True
14,CUORE LAZIALE,Angori,D,6.5,6.5,False,True
14,CUORE LAZIALE,Maldini,C,6.5,6.5,False,True
14,CUORE LAZIALE,Carboni V.,C,,,False,True
14,CUORE LAZIALE,Stanciu,C,,,False,True
14,CUORE LAZIALE,Stengs,C,,,False,True
14,CUORE LAZIALE,Isaksen,C,,,False,True
14,CUORE LAZIALE,Leao,A,6.0,7.0,False,True
14,CUORE LAZIALE,Pellegrino M.,A,5.5,5.5,False,True
14,CUORE LAZIALE,Stulic,A,6.0,6.0,False,True
14,TEAM ASBOVE,Milinkovic-Savic V.,P,6.0,7.0,True,False
14,TEAM ASBOVE,Bremer,D,6.5,6.5,True,False
14,TEAM ASBOVE,Mancini,D,5.5,5.5,True,False
14,TEAM ASBOVE,Heggem,D,7.0,7.0,True,False
14,TEAM ASBOVE,Lucumì,D,,,False,False
14,TEAM ASBOVE,Pellegrini Lo.,C,5.5,5.5,True,False
14,TEAM ASBOVE,Sucic P.,C,,,False,False
14,TEAM ASBOVE,Fofana Y.,C,5.5,5.5,True,False
14,TEAM ASBOVE,Nkunku,A,6.5,8.5,True,False
14,TEAM ASBOVE,Martinez L.,A,6.5,6.5,True,False
14,TEAM ASBOVE,Openda,A,7.0,11.0,True,False
14,TEAM ASBOVE,Butez,P,5.5,2.5,False,True
14,TEAM ASBOVE,Meret,P,,,False,True
14,TEAM ASBOVE,Norton-Cuffy,D,5.0,5.0,True,True
14,TEAM ASBOVE,Floriani Mussolini,D,,,False,True
14,TEAM ASBOVE,Acerbi,D,6.0,6.0,False,True
14,TEAM ASBOVE,Biraghi,D,,,False,True
14,TEAM ASBOVE,Rowe,C,,,False,True
14,TEAM ASBOVE,Bernardeschi,C,,,False,True
14,TEAM ASBOVE,Zhegrova,C,6.0,6.0,True,True
14,TEAM ASBOVE,Mkhitaryan,C,6.0,6.0,False,True
14,TEAM ASBOVE,Tourè I.,C,6.0,6.0,False,True
14,TEAM ASBOVE,Rodriguez Je.,A,6.5,6.5,False,True
14,TEAM ASBOVE,Dia,A,,,False,True
14,TEAM ASBOVE,Cutrone,A,5.5,5.5,False,True
14,U CAN U UP,Provedel,P,6.0,7.0,True,False
14,U CAN U UP,Gabbia,D,5.5,5.5,True,False
14,U CAN U UP,Beukema,D,,,False,False
14,U CAN U UP,Di Lorenzo,D,6.5,6.5,True,False
14,U CAN U UP,Miranda J.,D,6.0,6.0,True,False
14,U CAN U UP,Ederson D.S.,C,6.0,6.0,True,False
14,U CAN U UP,Pasalic,C,,,False,False
14,U CAN U UP,Orsolini,C,7.0,9.5,True,False
14,U CAN U UP,Yildiz,A,7.0,7.0,True,False
14,U CAN U UP,Hojlund,A,5.0,5.0,True,False
14,U CAN U UP,Douvikas,A,5.5,5.5,True,False
14,U CAN U UP,Mandas,P,,,False,True
14,U CAN U UP,Tavares N.,D,,,False,True
14,U CAN U UP,Circati,D,6.5,6.5,True,True
14,U CAN U UP,Zortea,D,,,False,True
14,U CAN U UP,Vandeputte,C,6.5,6.5,True,True
14,U CAN U UP,Koopmeiners,C,,,False,True
14,U CAN U UP,Frattesi,C,6.0,6.0,False,True
14,U CAN U UP,Fazzini,C,,,False,True
14,U CAN U UP,Lucca,A,,,False,True
14,U CAN U UP,Gimenez,A,,,False,True
14,U CAN U UP,Camarda,A,,,False,True
14,U CAN U UP,Israel,P,,,False,True
14,U CAN U UP,Gatti,D,,,False,True
14,U CAN U UP,Sohm,C,,,False,True
15,CUORE LAZIALE,Maignan,P,6.0,7.0,True,False
15,CUORE LAZIALE,Pellegrini Lu.,D,6.0,5.5,True,False
15,CUORE LAZIALE,Kelly L.,D,6.5,6.5,True,False
15,CUORE LAZIALE,Kristensen T.,D,5.5,5.5,True,False
15,CUORE LAZIALE,Cambiaso,D,6.0,6.0,True,False
15,CUORE LAZIALE,Loftus-Cheek,C,6.5,6.5,True,False
15,CUORE LAZIALE,Cristante,C,6.5,6.5,True,False
15,CUORE LAZIALE,Zaniolo,C,6.5,6.0,True,False
15,CUORE LAZIALE,Laurientè,A,6.0,6.5,True,False
15,CUORE LAZIALE,De Ketelaere,A,6.0,6.0,True,False
15,CUORE LAZIALE,Soulè,A,7.5,10.5,True,False
15,CUORE LAZIALE,Terracciano,P,,,False,True
15,CUORE LAZIALE,Torriani,P,,,False,True
15,CUORE LAZIALE,Lazaro,D,5.5,5.5,False,True
15,CUORE LAZIALE,Darmian,D,,,False,True
15,CUORE LAZIALE,Estupinan,D,,,False,True
15,CUORE LAZIALE,Angori,D,6.0,5.5,False,True
15,CUORE LAZIALE,Maldini,C,,,False,True
15,CUORE LAZIALE,Carboni V.,C,,,False,True
15,CUORE LAZIALE,Stanciu,C,,,False,True
15,CUORE LAZIALE,Stengs,C,,,False,True
15,CUORE LAZIALE,Isaksen,C,,,False,True
15,CUORE LAZIALE,Leao,A,,,False,True
15,CUORE LAZIALE,Pellegrino M.,A,6.5,7.0,False,True
15,CUORE LAZIALE,Stulic,A,5.5,5.5,False,True
15,BTGCBUGC,Perin,P,,,False,False
15,BTGCBUGC,Palestra,D,7.0,7.0,True,False
15,BTGCBUGC,Pavlovic,D,6.5,6.5,True,False
15,BTGCBUGC,Ramon,D,7.0,10.0,True,False
15,BTGCBUGC,Dumfries,D,,,False,False
15,BTGCBUGC,Zaccagni,C,5.5,5.5,True,False
15,BTGCBUGC,Locatelli,C,6.5,6.0,True,False
15,BTGCBUGC,Saelemaekers,C,6.0,6.0,True,False
15,BTGCBUGC,Kean,A,5.0,5.0,True,False
15,BTGCBUGC,Vardy,A,5.5,5.5,True,False
15,BTGCBUGC,Giovane,A,6.0,6.0,True,False
15,BTGCBUGC,Di Gregorio,P,6.0,7.0,True,True
15,BTGCBUGC,Martinez Jo.,P,,,False,True
15,BTGCBUGC,Vitik,D,6.0,6.0,True,True
15,BTGCBUGC,Cuadrado,D,,,False,True
15,BTGCBUGC,Scalvini,D,,,False,True
15,BTGCBUGC,Canestrelli,D,6.0,6.0,False,True
15,BTGCBUGC,Thuram K.,C,5.5,5.5,False,True
15,BTGCBUGC,Samardzic,C,5.0,5.0,False,True
15,BTGCBUGC,Serdar,C,6.0,6.0,False,True
15,BTGCBUGC,Tramoni M.,C,5.5,5.0,False,True
15,BTGCBUGC,Collocolo,C,,,False,True
15,BTGCBUGC,Colombo,A,6.0,6.0,False,True
15,BTGCBUGC,Krstovic,A,,,False,True
15,BTGCBUGC,Belotti,A,,,False,True
15,U CAN U UP,Provedel,P,6.0,5.0,True,False
15,U CAN U UP,Zortea,D,6.5,7.5,True,False
15,U CAN U UP,Miranda J.,D,6.0,6.0,True,False
15,U CAN U UP,Di Lorenzo,D,6.5,6.5,True,False
15,U CAN U UP,Ederson D.S.,C,6.5,6.5,True,False
15,U CAN U UP,Pasalic,C,5.5,5.5,True,False
15,U CAN U UP,Orsolini,C,5.5,5.5,True,False
15,U CAN U UP,Sohm,C,5.5,5.5,True,False
15,U CAN U UP,Yildiz,A,6.5,9.5,True,False
15,U CAN U UP,Hojlund,A,8.0,15.0,True,False
15,U CAN U UP,Douvikas,A,7.0,10.0,True,False
15,U CAN U UP,Mandas,P,,,False,True
15,U CAN U UP,Tavares N.,D,,,False,True
15,U CAN U UP,Circati,D,6.5,6.0,False,True
15,U CAN U UP,Vandeputte,C,,,False,True
15,U CAN U UP,Koopmeiners,C,5.5,5.5,False,True
15,U CAN U UP,Frattesi,C,,,False,True
15,U CAN U UP,Fazzini,C,,,False,True
15,U CAN U UP,Lucca,A,,,False,True
15,U CAN U UP,Gimenez,A,,,False,True
15,U CAN U UP,Camarda,A,5.5,5.5,False,True
15,U CAN U UP,Israel,P,,,False,True
15,U CAN U UP,Gatti,D,,,False,True
15,U CAN U UP,Beukema,D,,,False,True
15,TEAM JODIODDR,Svilar,P,6.0,5.0,True,False
15,TEAM JODIODDR,Bisseck,D,6.5,6.5,True,False
15,TEAM JODIODDR,Rensch,D,,,False,False
15,TEAM JODIODDR,Baschirotto,D,5.0,5.0,True,False
15,TEAM JODIODDR,Valle,D,,,False,False
15,TEAM JODIODDR,Zambo Anguissa,C,,,False,False
15,TEAM JODIODDR,Gudmundsson A.,C,6.0,6.0,True,False
15,TEAM JODIODDR,Pulisic,C,7.0,11.0,True,False
15,TEAM JODIODDR,Orban G.,A,5.5,5.5,True,False
15,TEAM JODIODDR,Lukaku,A,,,False,False
15,TEAM JODIODDR,Castellanos,A,6.0,6.0,True,False
15,TEAM JODIODDR,Gollini,P,,,False,True
15,TEAM JODIODDR,Vasquez D.,P,,,False,True
15,TEAM JODIODDR,Zappacosta,D,5.5,5.5,True,True
15,TEAM JODIODDR,Hien,D,6.0,6.0,True,True
15,TEAM JODIODDR,Tiago Gabriel,D,5.5,5.5,False,True
15,TEAM JODIODDR,Joao Mario,D,,,False,True
15,TEAM JODIODDR,Pisilli,C,6.0,6.0,True,True
15,TEAM JODIODDR,Masini,C,,,False,True
15,TEAM JODIODDR,El Aynaoui,C,,,False,True
15,TEAM JODIODDR,Bailey,C,,,False,True
15,TEAM JODIODDR,Lovric,C,,,False,True
15,TEAM JODIODDR,Ngonge,A,6.0,6.0,True,True
15,TEAM JODIODDR,Luvumbo,A,,,False,True
15,LABORATORIO DATI,Sommer,P,6.0,7.0,True,False
15,LABORATORIO DATI,Gila,D,5.5,5.5,True,False
15,LABORATORIO DATI,Delprato,D,,,False,False
15,LABORATORIO DATI,Dodò,D,5.5,5.5,True,False
15,LABORATORIO DATI,Neres,C,6.0,6.0,True,False
15,LABORATORIO DATI,Mandragora,C,5.5,5.0,True,False
15,LABORATORIO DATI,Rabiot,C,7.0,8.0,True,False
15,LABORATORIO DATI,Odgaard,C,,,False,False
15,LABORATORIO DATI,David,A,6.0,6.5,True,False
15,LABORATORIO DATI,Pinamonti,A,5.5,5.5,True,False
15,LABORATORIO DATI,Zapata D.,A,5.5,5.5,True,False
15,LABORATORIO DATI,Caprile,P,6.5,5.5,False,True
15,LABORATORIO DATI,Suzuki,P,,,False,True
15,LABORATORIO DATI,Martin,D,5.5,5.5,True,True
15,LABORATORIO DATI,Luperto,D,6.5,6.5,False,True
15,LABORATORIO DATI,Palma,D,,,False,True
15,LABORATORIO DATI,Valeri,D,6.0,6.0,False,True
15,LABORATORIO DATI,Gaspar K.,D,,,False,True
15,LABORATORIO DATI,El Shaarawy,C,6.0,6.0,True,True
15,LABORATORIO DATI,De Roon,C,6.0,6.0,False,True
15,LABORATORIO DATI,Conceicao,C,,,False,True
15,LABORATORIO DATI,Frendrup,C,5.5,5.0,False,True
15,LABORATORIO DATI,Simeone,A,5.5,5.5,False,True
15,LABORATORIO DATI,Piccoli,A,5.0,5.0,False,True
15,LABORATORIO DATI,Morata,A,,,False,True
15,TEAM ZTOTTI,Falcone,P,5.5,2.5,True,False
15,TEAM ZTOTTI,Zanoli,D,6.0,6.0,True,False
15,TEAM ZTOTTI,Rrahmani,D,6.0,6.0,True,False
15,TEAM ZTOTTI,Solet,D,5.5,3.5,True,False
15,TEAM ZTOTTI,Vojvoda,D,7.0,8.5,True,False
15,TEAM ZTOTTI,Paz N.,C,7.5,12.5,True,False
15,TEAM ZTOTTI,Vazquez,C,,,False,False
15,TEAM ZTOTTI,Zalewski,C,6.5,6.5,True,False
15,TEAM ZTOTTI,Lang,A,6.0,6.0,True,False
15,TEAM ZTOTTI,Kilicsoy,A,7.5,11.5,True,False
15,TEAM ZTOTTI,Dybala,A,6.5,6.5,True,False
15,TEAM ZTOTTI,Sava,P,,,False,True
15,TEAM ZTOTTI,De Vrij,D,,,False,True
15,TEAM ZTOTTI,Gallo,D,5.5,5.5,False,True
15,TEAM ZTOTTI,Djimsiti,D,4.0,4.0,False,True
15,TEAM ZTOTTI,Lovik,D,,,False,True
15,TEAM ZTOTTI,Lobotka,C,6.5,6.5,True,True
15,TEAM ZTOTTI,Miller L.,C,,,False,True
15,TEAM ZTOTTI,Jashari,C,6.0,6.0,False,True
15,TEAM ZTOTTI,Casadei,C,,,False,True
15,TEAM ZTOTTI,Buksa,A,,,False,True
15,KKK,Audero,P,6.5,4.5,True,False
15,KKK,Hermoso,D,6.5,6.5,True,False
15,KKK,Buongiorno,D,6.0,6.0,True,False
15,KKK,Carlos Augusto,D,6.0,6.0,True,False
15,KKK,Wesley,D,6.0,6.0,True,False
15,KKK,Freuler,C,,,False,False
15,KKK,Modric,C,7.0,7.0,True,False
15,KKK,McTominay,C,6.5,6.5,True,False
15,KKK,Konè M.,C,7.5,11.5,True,False
15,KKK,Esposito Se.,A,5.5,5.5,True,False
15,KKK,Adams C.,A,6.5,7.5,True,False
15,KKK,Carnesecchi,P,6.5,5.5,False,True
15,KKK,Sportiello,P,,,False,True
15,KKK,Bellanova,D,,,False,True
15,KKK,Vasquez,D,5.0,5.0,False,True
15,KKK,Terracciano F.,D,5.5,5.5,False,True
15,KKK,Atta,C,,,False,True
15,KKK,Zerbin,C,5.5,5.5,True,True
15,KKK,Thorstvedt,C,5.5,5.5,False,True
15,KKK,Oristanio,C,6.0,6.0,False,True
15,KKK,Dominguez B.,A,5.5,5.0,False,True
15,KKK,Dzeko,A,,,False,True
15,KKK,Dovbyk,A,,,False,True
15,KKK,Vlahovic,A,,,False,True
15,KKK,Gosens,D,6.0,6.0,False,True
15,TEAM ASBOVE,Milinkovic-Savic V.,P,6.0,7.0,True,False
15,TEAM ASBOVE,Bremer,D,6.0,6.0,True,False
15,TEAM ASBOVE,Mancini,D,6.5,6.5,True,False
15,TEAM ASBOVE,Lucumì,D,5.0,5.0,True,False
15,TEAM ASBOVE,Zhegrova,C,6.5,6.5,True,False
15,TEAM ASBOVE,Rowe,C,6.0,6.0,True,False
15,TEAM ASBOVE,Mkhitaryan,C,6.0,6.0,True,False
15,TEAM ASBOVE,Fofana Y.,C,6.0,6.0,True,False
15,TEAM ASBOVE,Nkunku,A,7.5,12.5,True,False
15,TEAM ASBOVE,Martinez L.,A,7.0,11.0,True,False
15,TEAM ASBOVE,Openda,A,5.0,5.0,True,False
15,TEAM ASBOVE,Butez,P,6.5,7.0,False,True
15,TEAM ASBOVE,Meret,P,,,False,True
15,TEAM ASBOVE,Norton-Cuffy,D,5.5,5.5,False,True
15,TEAM ASBOVE,Floriani Mussolini,D,,,False,True
15,TEAM ASBOVE,Acerbi,D,,,False,True
15,TEAM ASBOVE,Biraghi,D,,,False,True
15,TEAM ASBOVE,Sucic P.,C,,,False,True
15,TEAM ASBOVE,Tourè I.,C,5.5,5.5,False,True
15,TEAM ASBOVE,Pellegrini Lo.,C,,,False,True
15,TEAM ASBOVE,Bernardeschi,C,,,False,True
15,TEAM ASBOVE,Rodriguez Je.,A,6.5,6.5,False,True
15,TEAM ASBOVE,Cutrone,A,,,False,True
15,TEAM ASBOVE,Dia,A,,,False,True
15,TEAM ASBOVE,Heggem,D,,,False,True
15,11 CRISTANTE UNITED,Leali,P,,,False,False
15,11 CRISTANTE UNITED,Diego Carlos,D,6.5,6.0,True,False
15,11 CRISTANTE UNITED,N'Dicka,D,,,False,False
15,11 CRISTANTE UNITED,Bastoni,D,6.0,5.5,True,False
15,11 CRISTANTE UNITED,Dimarco,D,6.5,6.5,True,False
15,11 CRISTANTE UNITED,Barella,C,5.5,5.5,True,False
15,11 CRISTANTE UNITED,Politano,C,6.5,6.5,True,False
15,11 CRISTANTE UNITED,Calhanoglu,C,6.5,6.5,True,False
15,11 CRISTANTE UNITED,Castro S.,A,5.5,5.5,True,False
15,11 CRISTANTE UNITED,Nzola,A,,,False,False
15,11 CRISTANTE UNITED,Thuram,A,5.5,5.5,True,False
15,11 CRISTANTE UNITED,Siegrist,P,,,False,True
15,11 CRISTANTE UNITED,Kalulu,D,7.0,11.0,True,True
15,11 CRISTANTE UNITED,Juan Jesus,D,6.0,5.5,False,True
15,11 CRISTANTE UNITED,Baturina,C,,,False,True
15,11 CRISTANTE UNITED,Moreno Alb.,D,6.5,6.5,False,True
15,11 CRISTANTE UNITED,Musah,C,5.5,5.5,False,True
15,11 CRISTANTE UNITED,Brescianini,C,,,False,True
15,11 CRISTANTE UNITED,Bravo,A,,,False,True
15,11 CRISTANTE UNITED,Meister,A,,,False,True
15,11 CRISTANTE UNITED,Bonny,A,,,False,True
15,11 CRISTANTE UNITED,Da Cunha,C,6.5,6.5,False,True
15,11 CRISTANTE UNITED,Aebischer,C,6.0,6.0,False,True
15,11 CRISTANTE UNITED,Okoye,P,,,False,True
15,11 CRISTANTE UNITED,Ehizibue,D,,,False,True
15,PREMIER LEAGUE SLOPS,De Gea,P,6.0,5.0,True,False
15,PREMIER LEAGUE SLOPS,Mina,D,,,False,False
15,PREMIER LEAGUE SLOPS,Tomori,D,6.5,6.5,True,False
15,PREMIER LEAGUE SLOPS,Akanji,D,7.0,7.0,True,False
15,PREMIER LEAGUE SLOPS,Vlasic,C,7.0,9.5,True,False
15,PREMIER LEAGUE SLOPS,Dele-Bashiru,C,,,False,False
15,PREMIER LEAGUE SLOPS,Guendouzi,C,,,False,False
15,PREMIER LEAGUE SLOPS,Bernabè,C,6.5,6.5,True,False
15,PREMIER LEAGUE SLOPS,Ferguson E.,A,7.0,11.0,True,False
15,PREMIER LEAGUE SLOPS,Scamacca,A,5.5,5.5,True,False
15,PREMIER LEAGUE SLOPS,Davis K.,A,7.0,11.0,True,False
15,PREMIER LEAGUE SLOPS,Martinelli T.,P,,,False,True
15,PREMIER LEAGUE SLOPS,Olivera,D,,,False,True
15,PREMIER LEAGUE SLOPS,Gutierrez,D,6.0,6.0,True,True
15,PREMIER LEAGUE SLOPS,Angelino,D,,,False,True
15,PREMIER LEAGUE SLOPS,Tsimikas,D,,,False,True
15,PREMIER LEAGUE SLOPS,Lamptey,D,,,False,True
15,PREMIER LEAGUE SLOPS,Matic,C,6.5,6.5,True,True
15,PREMIER LEAGUE SLOPS,Perrone,C,6.5,6.0,True,True
15,PREMIER LEAGUE SLOPS,Cornet,C,,,False,True
15,PREMIER LEAGUE SLOPS,De Bruyne,C,,,False,True
15,PREMIER LEAGUE SLOPS,Cambiaghi,A,,,False,True
15,PREMIER LEAGUE SLOPS,Sulemana K.,A,5.5,5.0,False,True
15,PREMIER LEAGUE SLOPS,Pedro,A,,,False,True
15,PREMIER LEAGUE SLOPS,Lezzerini,P,,,False,True
16,LABORATORIO DATI,Sommer,P,6.0,5.0,True,False
16,LABORATORIO DATI,Valeri,D,6.0,6.0,True,False
16,LABORATORIO DATI,Martin,D,6.0,6.0,True,False
16,LABORATORIO DATI,Dodò,D,6.0,5.5,True,False
16,LABORATORIO DATI,Conceicao,C,5.5,5.5,True,False
16,LABORATORIO DATI,McKennie,C,7.0,11.0,True,False
16,LABORATORIO DATI,Rabiot,C,6.5,7.5,True,False
16,LABORATORIO DATI,Neres,C,6.5,6.5,True,False
16,LABORATORIO DATI,David,A,4.5,2.5,True,False
16,LABORATORIO DATI,Bonazzoli,A,5.5,5.5,True,False
16,LABORATORIO DATI,Pinamonti,A,5.0,5.0,True,False
16,LABORATORIO DATI,Caprile,P,6.0,5.0,False,True
16,LABORATORIO DATI,Radunovic,P,,,False,True
16,LABORATORIO DATI,Delprato,D,6.0,6.0,False,True
16,LABORATORIO DATI,Luperto,D,5.5,5.5,False,True
16,LABORATORIO DATI,Gila,D,5.5,5.5,False,True
16,LABORATORIO DATI,Gaspar K.,D,7.0,7.0,False,True
16,LABORATORIO DATI,Dumfries,D,,,False,True
16,LABORATORIO DATI,Mandragora,C,6.0,6.0,False,True
16,LABORATORIO DATI,Bernardeschi,C,,,False,True
16,LABORATORIO DATI,Odgaard,C,5.5,5.5,False,True
16,LABORATORIO DATI,Collocolo,C,,,False,True
16,LABORATORIO DATI,Vlahovic,A,,,False,True
16,LABORATORIO DATI,Simeone,A,7.0,11.0,False,True
16,LABORATORIO DATI,Noslin,A,4.5,3.5,False,True
16,11 CRISTANTE UNITED,Leali,P,5.0,4.0,True,False
16,11 CRISTANTE UNITED,Diego Carlos,D,,,False,False
16,11 CRISTANTE UNITED,N'Dicka,D,,,False,False
16,11 CRISTANTE UNITED,Bastoni,D,6.0,5.5,True,False
16,11 CRISTANTE UNITED,Dimarco,D,6.5,7.5,True,False
16,11 CRISTANTE UNITED,Barella,C,6.0,5.5,True,False
16,11 CRISTANTE UNITED,Politano,C,7.5,9.5,True,False
16,11 CRISTANTE UNITED,Calhanoglu,C,6.5,7.0,True,False
16,11 CRISTANTE UNITED,Castro S.,A,6.5,9.5,True,False
16,11 CRISTANTE UNITED,Nzola,A,6.0,6.0,True,False
16,11 CRISTANTE UNITED,Thuram,A,7.0,10.0,True,False
16,11 CRISTANTE UNITED,Siegrist,P,,,False,True
16,11 CRISTANTE UNITED,Kalulu,D,5.5,5.5,True,True
16,11 CRISTANTE UNITED,Juan Jesus,D,6.5,6.5,True,True
16,11 CRISTANTE UNITED,Baturina,C,,,False,True
16,11 CRISTANTE UNITED,Moreno Alb.,D,6.0,6.0,False,True
16,11 CRISTANTE UNITED,Musah,C,6.0,6.0,False,True
16,11 CRISTANTE UNITED,Brescianini,C,,,False,True
16,11 CRISTANTE UNITED,Bravo,A,,,False,True
16,11 CRISTANTE UNITED,Meister,A,5.5,5.5,False,True
16,11 CRISTANTE UNITED,Bonny,A,,,False,True
16,11 CRISTANTE UNITED,Da Cunha,C,7.0,10.0,False,True
16,11 CRISTANTE UNITED,Aebischer,C,6.0,6.0,False,True
16,11 CRISTANTE UNITED,Okoye,P,,,False,True
16,11 CRISTANTE UNITED,Ehizibue,D,6.0,5.5,False,True
16,TEAM JODIODDR,Svilar,P,5.0,4.0,True,False
16,TEAM JODIODDR,Zappacosta,D,6.0,6.0,True,False
16,TEAM JODIODDR,Bisseck,D,6.0,6.0,True,False
16,TEAM JODIODDR,Valle,D,,,False,False
16,TEAM JODIODDR,Baschirotto,D,6.0,6.0,True,False
16,TEAM JODIODDR,Fadera,C,5.5,5.5,True,False
16,TEAM JODIODDR,Isaksen,C,5.5,5.5,True,False
16,TEAM JODIODDR,Gudmundsson A.,C,6.0,6.0,True,False
16,TEAM JODIODDR,Ngonge,A,,,False,False
16,TEAM JODIODDR,Orban G.,A,6.0,6.0,True,False
16,TEAM JODIODDR,Leao,A,7.0,11.0,True,False
16,TEAM JODIODDR,Gollini,P,,,False,True
16,TEAM JODIODDR,Vasquez D.,P,,,False,True
16,TEAM JODIODDR,Rensch,D,5.5,5.5,True,True
16,TEAM JODIODDR,Hien,D,6.0,6.0,False,True
16,TEAM JODIODDR,Tiago Gabriel,D,5.5,5.5,False,True
16,TEAM JODIODDR,Folino,D,5.5,5.5,False,True
16,TEAM JODIODDR,Pisilli,C,,,False,True
16,TEAM JODIODDR,Maldini,C,6.0,6.0,False,True
16,TEAM JODIODDR,Castellanos,A,,,False,True
16,TEAM JODIODDR,De Luca,A,,,False,True
16,KKK,Audero,P,6.5,5.5,True,False
16,KKK,Wesley,D,6.0,6.0,True,False
16,KKK,Buongiorno,D,,,False,False
16,KKK,Carlos Augusto,D,6.0,6.0,True,False
16,KKK,Modric,C,7.0,7.0,True,False
16,KKK,McTominay,C,6.5,6.5,True,False
16,KKK,Konè M.,C,5.5,5.5,True,False
16,KKK,Volpato,C,,,False,False
16,KKK,Esposito Se.,A,6.0,6.0,True,False
16,KKK,Adams C.,A,6.0,6.0,True,False
16,KKK,Laurientè,A,6.0,6.0,True,False
16,KKK,Carnesecchi,P,6.5,7.5,False,True
16,KKK,Sportiello,P,,,False,True
16,KKK,Gosens,D,6.0,6.0,True,True
16,KKK,Hermoso,D,5.5,5.0,False,True
16,KKK,Vasquez,D,5.5,5.5,False,True
16,KKK,Romagnoli,D,6.0,5.5,False,True
16,KKK,Bellanova,D,,,False,True
16,KKK,Tourè I.,C,6.0,6.0,True,True
16,KKK,Malinovskyi,C,6.0,5.5,False,True
16,KKK,Cataldi,C,5.0,4.5,False,True
16,KKK,Atta,C,,,False,True
16,KKK,Dovbyk,A,5.5,5.5,False,True
16,KKK,Krstovic,A,6.0,6.0,False,True
16,KKK,Dzeko,A,,,False,True
16,PREMIER LEAGUE SLOPS,De Gea,P,6.5,7.5,True,False
16,PREMIER LEAGUE SLOPS,Kamara H.,D,5.5,5.0,True,False
16,PREMIER LEAGUE SLOPS,Tomori,D,6.0,6.0,True,False
16,PREMIER LEAGUE SLOPS,Akanji,D,6.5,6.5,True,False
16,PREMIER LEAGUE SLOPS,Vlasic,C,6.5,6.5,True,False
16,PREMIER LEAGUE SLOPS,Matic,C,5.5,5.0,True,False
16,PREMIER LEAGUE SLOPS,Bernabè,C,6.5,6.5,True,False
16,PREMIER LEAGUE SLOPS,Luis Henrique,C,6.0,6.0,True,False
16,PREMIER LEAGUE SLOPS,Fullkrug,A,6.0,6.0,True,False
16,PREMIER LEAGUE SLOPS,Scamacca,A,6.0,6.0,True,False
16,PREMIER LEAGUE SLOPS,Davis K.,A,5.5,5.5,True,False
16,PREMIER LEAGUE SLOPS,Martinelli T.,P,,,False,True
16,PREMIER LEAGUE SLOPS,Gutierrez,D,,,False,True
16,PREMIER LEAGUE SLOPS,Olivera,D,,,False,True
16,PREMIER LEAGUE SLOPS,Kolasinac,D,6.0,6.0,False,True
16,PREMIER LEAGUE SLOPS,Mina,D,,,False,True
16,PREMIER LEAGUE SLOPS,Angelino,D,,,False,True
16,PREMIER LEAGUE SLOPS,Piotrowski,C,5.0,5.0,False,True
16,PREMIER LEAGUE SLOPS,Perrone,C,6.5,6.5,False,True
16,PREMIER LEAGUE SLOPS,Guendouzi,C,6.0,6.0,False,True
16,PREMIER LEAGUE SLOPS,De Bruyne,C,,,False,True
16,PREMIER LEAGUE SLOPS,Ferguson E.,A,5.0,5.0,False,True
16,PREMIER LEAGUE SLOPS,Cambiaghi,A,5.0,5.0,False,True
16,PREMIER LEAGUE SLOPS,Sulemana K.,A,,,False,True
16,PREMIER LEAGUE SLOPS,Lezzerini,P,,,False,True
16,CUORE LAZIALE,Maignan,P,6.0,7.0,True,False
16,CUORE LAZIALE,Bartesaghi,D,6.5,6.5,True,False
16,CUORE LAZIALE,Kelly L.,D,6.0,6.0,True,False
16,CUORE LAZIALE,Cambiaso,D,5.0,5.0,True,False
16,CUORE LAZIALE,Loftus-Cheek,C,6.0,6.0,True,False
16,CUORE LAZIALE,Zielinski,C,7.0,10.0,True,False
16,CUORE LAZIALE,Zaniolo,C,6.0,6.0,True,False
16,CUORE LAZIALE,Pulisic,C,,,False,False
16,CUORE LAZIALE,De Ketelaere,A,6.0,6.0,True,False
16,CUORE LAZIALE,Pellegrino M.,A,7.0,11.0,True,False
16,CUORE LAZIALE,Soulè,A,5.5,5.5,True,False
16,CUORE LAZIALE,Terracciano,P,,,False,True
16,CUORE LAZIALE,Torriani,P,,,False,True
16,CUORE LAZIALE,Estupinan,D,5.5,5.5,False,True
16,CUORE LAZIALE,Muharemovic,D,6.0,6.0,False,True
16,CUORE LAZIALE,Lazaro,D,6.5,6.5,False,True
16,CUORE LAZIALE,Pellegrini Lu.,D,5.0,5.0,False,True
16,CUORE LAZIALE,Kristensen T.,D,6.5,6.5,False,True
16,CUORE LAZIALE,Ellertsson,C,6.0,6.0,True,True
16,CUORE LAZIALE,Gaetano,C,6.0,6.0,False,True
16,CUORE LAZIALE,Cristante,C,5.5,5.5,False,True
16,CUORE LAZIALE,Berisha M.,C,,,False,True
16,CUORE LAZIALE,Stulic,A,6.0,6.0,False,True
16,CUORE LAZIALE,Addai,A,,,False,True
16,CUORE LAZIALE,Lukaku,A,,,False,True
16,BTGCBUGC,Perin,P,,,False,False
16,BTGCBUGC,Palestra,D,6.0,5.5,True,False
16,BTGCBUGC,Pavlovic,D,,,False,False
16,BTGCBUGC,Mancini,D,6.0,5.5,True,False
16,BTGCBUGC,Zaccagni,C,5.5,5.0,True,False
16,BTGCBUGC,Thorstvedt,C,7.0,10.0,True,False
16,BTGCBUGC,Locatelli,C,6.5,6.5,True,False
16,BTGCBUGC,Saelemaekers,C,6.0,5.5,True,False
16,BTGCBUGC,Douvikas,A,6.0,6.0,True,False
16,BTGCBUGC,Vardy,A,5.5,5.5,True,False
16,BTGCBUGC,Giovane,A,6.0,6.0,True,False
16,BTGCBUGC,Di Gregorio,P,6.0,5.0,True,True
16,BTGCBUGC,Martinez Jo.,P,,,False,True
16,BTGCBUGC,Ramon,D,6.5,6.5,True,True
16,BTGCBUGC,De Winter,D,6.5,6.5,False,True
16,BTGCBUGC,Scalvini,D,7.0,11.0,False,True
16,BTGCBUGC,Rodriguez Ju.,D,6.0,6.0,False,True
16,BTGCBUGC,Ondrejka,C,6.0,6.0,False,True
16,BTGCBUGC,Serdar,C,6.0,6.0,False,True
16,BTGCBUGC,Tramoni M.,C,,,False,True
16,BTGCBUGC,Asllani,C,,,False,True
16,BTGCBUGC,Kean,A,7.0,11.0,False,True
16,BTGCBUGC,Meister,A,5.5,5.5,False,True
16,BTGCBUGC,Borrelli,A,5.5,5.5,False,True
16,BTGCBUGC,Belghali,D,,,False,True
16,U CAN U UP,Provedel,P,6.0,4.0,True,False
16,U CAN U UP,Di Lorenzo,D,6.5,6.5,True,False
16,U CAN U UP,Miranda J.,D,,,False,False
16,U CAN U UP,Circati,D,6.0,5.5,True,False
16,U CAN U UP,Ederson D.S.,C,6.0,6.0,True,False
16,U CAN U UP,Pasalic,C,,,False,False
16,U CAN U UP,Orsolini,C,6.0,6.0,True,False
16,U CAN U UP,Samardzic,C,,,False,False
16,U CAN U UP,Yildiz,A,7.0,7.0,True,False
16,U CAN U UP,Hojlund,A,6.0,6.0,True,False
16,U CAN U UP,Vitinha O.,A,6.0,6.0,True,False
16,U CAN U UP,Mandas,P,,,False,True
16,U CAN U UP,Israel,P,,,False,True
16,U CAN U UP,Britschgi,D,6.0,6.0,True,True
16,U CAN U UP,Coco,D,7.0,7.0,False,True
16,U CAN U UP,Zortea,D,5.5,5.5,False,True
16,U CAN U UP,Gabbia,D,,,False,True
16,U CAN U UP,Frattesi,C,,,False,True
16,U CAN U UP,Koopmeiners,C,5.5,5.5,True,True
16,U CAN U UP,Vandeputte,C,5.5,5.5,True,True
16,U CAN U UP,Ekuban,A,6.0,6.0,False,True
16,U CAN U UP,Colombo,A,7.0,10.0,False,True
16,U CAN U UP,Lucca,A,,,False,True
16,TEAM ZTOTTI,Falcone,P,8.0,8.5,True,False
16,TEAM ZTOTTI,Terracciano F.,D,6.5,6.5,True,False
16,TEAM ZTOTTI,Ostigard,D,6.5,6.5,True,False
16,TEAM ZTOTTI,Rrahmani,D,7.5,10.0,True,False
16,TEAM ZTOTTI,Vojvoda,D,6.0,6.0,True,False
16,TEAM ZTOTTI,Vazquez,C,6.0,6.0,True,False
16,TEAM ZTOTTI,Lobotka,C,7.0,7.0,True,False
16,TEAM ZTOTTI,Paz N.,C,6.0,6.0,True,False
16,TEAM ZTOTTI,Konè I.,C,6.0,6.0,True,False
16,TEAM ZTOTTI,Kilicsoy,A,5.5,5.5,True,False
16,TEAM ZTOTTI,Dybala,A,5.0,5.0,True,False
16,TEAM ZTOTTI,Sava,P,,,False,True
16,TEAM ZTOTTI,Ziolkowski,D,5.5,5.5,False,True
16,TEAM ZTOTTI,Zanoli,D,6.0,6.0,False,True
16,TEAM ZTOTTI,Solet,D,6.0,6.0,False,True
16,TEAM ZTOTTI,Gallo,D,6.0,6.0,False,True
16,TEAM ZTOTTI,Zalewski,C,6.0,7.0,False,True
16,TEAM ZTOTTI,Ricci S.,C,6.0,6.0,False,True
16,TEAM ZTOTTI,Jashari,C,,,False,True
16,TEAM ZTOTTI,Esposito F.P.,A,6.0,6.0,False,True
16,TEAM ZTOTTI,Arena A.,A,,,False,True
16,TEAM ASBOVE,Milinkovic-Savic V.,P,6.0,7.0,True,False
16,TEAM ASBOVE,Bremer,D,5.5,5.5,True,False
16,TEAM ASBOVE,Spinazzola,D,7.0,11.0,True,False
16,TEAM ASBOVE,Acerbi,D,,,False,False
16,TEAM ASBOVE,Celik,D,5.5,5.5,True,False
16,TEAM ASBOVE,Thuram K.,C,6.0,6.0,True,False
16,TEAM ASBOVE,Elmas,C,5.5,5.5,True,False
16,TEAM ASBOVE,Sucic P.,C,6.0,6.0,True,False
16,TEAM ASBOVE,Fofana Y.,C,6.0,6.0,True,False
16,TEAM ASBOVE,Openda,A,5.0,5.0,True,False
16,TEAM ASBOVE,Martinez L.,A,7.0,12.0,True,False
16,TEAM ASBOVE,Butez,P,6.0,7.0,False,True
16,TEAM ASBOVE,Meret,P,,,False,True
16,TEAM ASBOVE,Heggem,D,5.5,5.5,True,True
16,TEAM ASBOVE,Bernasconi,D,6.5,6.5,False,True
16,TEAM ASBOVE,Lucumì,D,5.0,5.0,False,True
16,TEAM ASBOVE,Norton-Cuffy,D,6.0,6.0,False,True
16,TEAM ASBOVE,Zhegrova,C,6.0,6.0,False,True
16,TEAM ASBOVE,Rowe,C,5.0,4.5,False,True
16,TEAM ASBOVE,Mkhitaryan,C,6.0,6.0,False,True
16,TEAM ASBOVE,Pellegrini Lo.,C,,,False,True
16,TEAM ASBOVE,Rodriguez Je.,A,6.5,6.0,False,True
16,TEAM ASBOVE,Dia,A,,,False,True
16,TEAM ASBOVE,Immobile,A,,,False,True
16,TEAM ASBOVE,Nkunku,A,,,False,True
17,TEAM ZTOTTI,Falcone,P,6.0,4.0,True,False
17,TEAM ZTOTTI,Vojvoda,D,6.5,6.5,True,False
17,TEAM ZTOTTI,Rrahmani,D,6.0,6.0,True,False
17,TEAM ZTOTTI,Solet,D,6.0,6.0,True,False
17,TEAM ZTOTTI,Terracciano F.,D,6.0,6.0,True,False
17,TEAM ZTOTTI,Lobotka,C,6.0,6.0,True,False
17,TEAM ZTOTTI,Ricci S.,C,,,False,False
17,TEAM ZTOTTI,Paz N.,C,6.0,6.0,True,False
17,TEAM ZTOTTI,Konè I.,C,5.0,5.0,True,False
17,TEAM ZTOTTI,Esposito F.P.,A,6.5,6.5,True,False
17,TEAM ZTOTTI,Dybala,A,6.5,7.5,True,False
17,TEAM ZTOTTI,Sava,P,,,False,True
17,TEAM ZTOTTI,Ostigard,D,6.5,6.5,False,True
17,TEAM ZTOTTI,Ziolkowski,D,7.0,7.0,False,True
17,TEAM ZTOTTI,Zanoli,D,7.0,8.0,False,True
17,TEAM ZTOTTI,Gallo,D,5.5,5.5,False,True
17,TEAM ZTOTTI,Zalewski,C,6.5,6.5,True,True
17,TEAM ZTOTTI,Vazquez,C,,,False,True
17,TEAM ZTOTTI,Jashari,C,,,False,True
17,TEAM ZTOTTI,Kilicsoy,A,6.5,6.5,False,True
17,11 CRISTANTE UNITED,Leali,P,7.0,5.5,True,False
17,11 CRISTANTE UNITED,Diego Carlos,D,,,False,False
17,11 CRISTANTE UNITED,N'Dicka,D,,,False,False
17,11 CRISTANTE UNITED,Bastoni,D,,,False,False
17,11 CRISTANTE UNITED,Dimarco,D,7.5,11.5,True,False
17,11 CRISTANTE UNITED,Barella,C,6.5,7.5,True,False
17,11 CRISTANTE UNITED,Politano,C,5.5,5.5,True,False
17,11 CRISTANTE UNITED,Calhanoglu,C,6.5,6.0,True,False
17,11 CRISTANTE UNITED,Castro S.,A,5.5,5.5,True,False
17,11 CRISTANTE UNITED,Nzola,A,4.5,2.5,True,False
17,11 CRISTANTE UNITED,Thuram,A,7.0,9.5,True,False
17,11 CRISTANTE UNITED,Siegrist,P,,,False,True
17,11 CRISTANTE UNITED,Kalulu,D,6.5,6.5,True,True
17,11 CRISTANTE UNITED,Juan Jesus,D,,,False,True
17,11 CRISTANTE UNITED,Baturina,C,,,False,True
17,11 CRISTANTE UNITED,Moreno Alb.,D,,,False,True
17,11 CRISTANTE UNITED,Musah,C,6.0,6.0,False,True
17,11 CRISTANTE UNITED,Brescianini,C,,,False,True
17,11 CRISTANTE UNITED,Bravo,A,,,False,True
17,11 CRISTANTE UNITED,Meister,A,,,False,True
17,11 CRISTANTE UNITED,Bonny,A,,,False,True
17,11 CRISTANTE UNITED,Da Cunha,C,5.5,5.0,False,True
17,11 CRISTANTE UNITED,Aebischer,C,6.0,5.5,False,True
17,11 CRISTANTE UNITED,Okoye,P,6.5,5.5,False,True
17,11 CRISTANTE UNITED,Ehizibue,D,5.5,5.5,True,True
17,CUORE LAZIALE,Maignan,P,6.0,4.5,True,False
17,CUORE LAZIALE,Pellegrini Lu.,D,6.0,5.5,True,False
17,CUORE LAZIALE,Bartesaghi,D,5.0,5.0,True,False
17,CUORE LAZIALE,Cambiaso,D,6.5,6.5,True,False
17,CUORE LAZIALE,Pulisic,C,6.0,6.0,True,False
17,CUORE LAZIALE,Zielinski,C,6.0,6.0,True,False
17,CUORE LAZIALE,Loftus-Cheek,C,6.0,6.0,True,False
17,CUORE LAZIALE,Zaniolo,C,7.0,10.0,True,False
17,CUORE LAZIALE,De Ketelaere,A,7.5,8.5,True,False
17,CUORE LAZIALE,Pellegrino M.,A,5.5,5.5,True,False
17,CUORE LAZIALE,Soulè,A,,,False,False
17,CUORE LAZIALE,Terracciano,P,,,False,True
17,CUORE LAZIALE,Torriani,P,,,False,True
17,CUORE LAZIALE,Estupinan,D,,,False,True
17,CUORE LAZIALE,Kristensen T.,D,5.5,5.0,False,True
17,CUORE LAZIALE,Lazaro,D,6.0,7.0,False,True
17,CUORE LAZIALE,Muharemovic,D,4.5,2.5,False,True
17,CUORE LAZIALE,Kelly L.,D,,,False,True
17,CUORE LAZIALE,Cristante,C,6.5,6.0,False,True
17,CUORE LAZIALE,Gaetano,C,5.5,5.5,False,True
17,CUORE LAZIALE,Ellertsson,C,6.0,6.0,False,True
17,CUORE LAZIALE,Berisha M.,C,,,False,True
17,CUORE LAZIALE,Stulic,A,5.5,5.5,True,True
17,CUORE LAZIALE,Addai,A,,,False,True
17,CUORE LAZIALE,Lukaku,A,,,False,True
17,LABORATORIO DATI,Sommer,P,6.0,7.0,True,False
17,LABORATORIO DATI,Valeri,D,6.0,6.0,True,False
17,LABORATORIO DATI,Martin,D,6.0,6.0,True,False
17,LABORATORIO DATI,Gila,D,6.0,6.0,True,False
17,LABORATORIO DATI,Dodò,D,6.0,6.0,True,False
17,LABORATORIO DATI,McKennie,C,6.5,6.5,True,False
17,LABORATORIO DATI,Rabiot,C,6.5,6.5,True,False
17,LABORATORIO DATI,Mandragora,C,6.5,6.5,True,False
17,LABORATORIO DATI,Simeone,A,5.0,5.0,True,False
17,LABORATORIO DATI,Bonazzoli,A,7.0,7.5,True,False
17,LABORATORIO DATI,Pinamonti,A,5.0,5.0,True,False
17,LABORATORIO DATI,Caprile,P,5.5,3.5,False,True
17,LABORATORIO DATI,Radunovic,P,,,False,True
17,LABORATORIO DATI,Delprato,D,5.0,5.0,False,True
17,LABORATORIO DATI,Luperto,D,5.0,4.5,False,True
17,LABORATORIO DATI,Gaspar K.,D,5.0,4.5,False,True
17,LABORATORIO DATI,Dumfries,D,,,False,True
17,LABORATORIO DATI,Odgaard,C,,,False,True
17,LABORATORIO DATI,Bernardeschi,C,,,False,True
17,LABORATORIO DATI,Neres,C,,,False,True
17,LABORATORIO DATI,Conceicao,C,,,False,True
17,LABORATORIO DATI,Collocolo,C,,,False,True
17,LABORATORIO DATI,David,A,7.5,11.5,False,True
17,LABORATORIO DATI,Vlahovic,A,,,False,True
17,LABORATORIO DATI,Noslin,A,,,False,True
17,KKK,Carnesecchi,P,6.5,7.5,True,False
17,KKK,Wesley,D,6.0,6.0,True,False
17,KKK,Buongiorno,D,5.0,5.0,True,False
17,KKK,Carlos Augusto,D,6.5,6.0,True,False
17,KKK,Gosens,D,7.0,9.5,True,False
17,KKK,Modric,C,6.0,6.0,True,False
17,KKK,McTominay,C,6.5,9.5,True,False
17,KKK,Konè M.,C,6.0,6.0,True,False
17,KKK,Atta,C,6.5,6.5,True,False
17,KKK,Laurientè,A,5.0,5.0,True,False
17,KKK,Adams C.,A,5.5,5.5,True,False
17,KKK,Audero,P,7.0,5.0,False,True
17,KKK,Sportiello,P,,,False,True
17,KKK,Hermoso,D,,,False,True
17,KKK,Romagnoli,D,6.5,6.5,False,True
17,KKK,Bellanova,D,,,False,True
17,KKK,Vasquez,D,6.5,6.5,False,True
17,KKK,Volpato,C,,,False,True
17,KKK,Tourè I.,C,5.5,5.5,False,True
17,KKK,Malinovskyi,C,6.5,7.5,False,True
17,KKK,Cataldi,C,7.0,10.0,False,True
17,KKK,Dovbyk,A,7.0,10.0,False,True
17,KKK,Krstovic,A,7.5,14.5,False,True
17,KKK,Esposito Se.,A,6.0,6.0,False,True
17,KKK,Dzeko,A,,,False,True
17,BTGCBUGC,Martinez Jo.,P,,,False,False
17,BTGCBUGC,Palestra,D,6.5,6.5,True,False
17,BTGCBUGC,Pavlovic,D,6.0,5.5,True,False
17,BTGCBUGC,Ramon,D,6.5,6.0,True,False
17,BTGCBUGC,De Winter,D,,,False,False
17,BTGCBUGC,Zaccagni,C,6.0,5.5,True,False
17,BTGCBUGC,Locatelli,C,7.0,7.0,True,False
17,BTGCBUGC,Saelemaekers,C,6.0,6.0,True,False
17,BTGCBUGC,Douvikas,A,7.5,12.5,True,False
17,BTGCBUGC,Vardy,A,7.5,11.0,True,False
17,BTGCBUGC,Kean,A,5.5,5.5,True,False
17,BTGCBUGC,Perin,P,,,False,True
17,BTGCBUGC,Di Gregorio,P,6.0,7.0,True,True
17,BTGCBUGC,Mancini,D,,,False,True
17,BTGCBUGC,Scalvini,D,6.5,6.5,True,True
17,BTGCBUGC,Rodriguez Ju.,D,4.5,4.5,False,True
17,BTGCBUGC,Thorstvedt,C,6.0,6.0,False,True
17,BTGCBUGC,Ondrejka,C,6.5,6.5,False,True
17,BTGCBUGC,Tramoni M.,C,6.5,6.5,False,True
17,BTGCBUGC,Asllani,C,,,False,True
17,BTGCBUGC,Serdar,C,,,False,True
17,BTGCBUGC,Giovane,A,5.5,5.5,False,True
17,BTGCBUGC,Borrelli,A,6.5,7.0,False,True
17,BTGCBUGC,Meister,A,,,False,True
17,BTGCBUGC,Belghali,D,,,False,True
17,TEAM ASBOVE,Milinkovic-Savic V.,P,6.0,4.0,True,False
17,TEAM ASBOVE,Spinazzola,D,6.0,6.0,True,False
17,TEAM ASBOVE,Bremer,D,6.5,6.5,True,False
17,TEAM ASBOVE,Bernasconi,D,6.5,6.5,True,False
17,TEAM ASBOVE,Celik,D,6.5,6.5,True,False
17,TEAM ASBOVE,Fofana Y.,C,5.0,5.0,True,False
17,TEAM ASBOVE,Elmas,C,5.5,5.5,True,False
17,TEAM ASBOVE,Zhegrova,C,,,False,False
17,TEAM ASBOVE,Rodriguez Je.,A,6.5,7.5,True,False
17,TEAM ASBOVE,Openda,A,,,False,False
17,TEAM ASBOVE,Martinez L.,A,5.5,5.5,True,False
17,TEAM ASBOVE,Butez,P,7.0,10.0,False,True
17,TEAM ASBOVE,Meret,P,,,False,True
17,TEAM ASBOVE,Heggem,D,5.0,5.0,False,True
17,TEAM ASBOVE,Acerbi,D,,,False,True
17,TEAM ASBOVE,Lucumì,D,,,False,True
17,TEAM ASBOVE,Norton-Cuffy,D,6.0,6.0,False,True
17,TEAM ASBOVE,Sucic P.,C,5.5,5.5,True,True
17,TEAM ASBOVE,Mkhitaryan,C,6.0,6.0,False,True
17,TEAM ASBOVE,Thuram K.,C,6.5,6.5,False,True
17,TEAM ASBOVE,Rowe,C,6.0,6.0,False,True
17,TEAM ASBOVE,Pellegrini Lo.,C,,,False,True
17,TEAM ASBOVE,Dia,A,,,False,True
17,TEAM ASBOVE,Immobile,A,5.5,5.5,True,True
17,TEAM ASBOVE,Nkunku,A,,,False,True
17,TEAM JODIODDR,Svilar,P,6.0,7.0,True,False
17,TEAM JODIODDR,Zappacosta,D,6.0,6.0,True,False
17,TEAM JODIODDR,Bisseck,D,7.0,7.0,True,False
17,TEAM JODIODDR,Valle,D,6.0,6.0,True,False
17,TEAM JODIODDR,Baschirotto,D,5.5,5.5,True,False
17,TEAM JODIODDR,Fadera,C,5.5,5.5,True,False
17,TEAM JODIODDR,Isaksen,C,5.5,5.5,True,False
17,TEAM JODIODDR,Gudmundsson A.,C,7.0,9.0,True,False
17,TEAM JODIODDR,Maldini,C,,,False,False
17,TEAM JODIODDR,Orban G.,A,7.0,8.5,True,False
17,TEAM JODIODDR,Leao,A,7.0,11.0,True,False
17,TEAM JODIODDR,Gollini,P,,,False,True
17,TEAM JODIODDR,Vasquez D.,P,,,False,True
17,TEAM JODIODDR,Tiago Gabriel,D,5.5,5.5,False,True
17,TEAM JODIODDR,Rensch,D,,,False,True
17,TEAM JODIODDR,Hien,D,6.0,6.0,False,True
17,TEAM JODIODDR,Folino,D,,,False,True
17,TEAM JODIODDR,Pisilli,C,6.5,7.5,True,True
17,TEAM JODIODDR,El Aynaoui,C,,,False,True
17,TEAM JODIODDR,Ngonge,A,6.0,6.0,False,True
17,TEAM JODIODDR,Castellanos,A,,,False,True
17,TEAM JODIODDR,De Luca,A,,,False,True
17,U CAN U UP,Provedel,P,6.0,4.0,True,False
17,U CAN U UP,Di Lorenzo,D,6.5,10.5,True,False
17,U CAN U UP,Coco,D,6.5,6.0,True,False
17,U CAN U UP,Circati,D,5.0,5.0,True,False
17,U CAN U UP,Miranda J.,D,6.0,6.0,True,False
17,U CAN U UP,Ederson D.S.,C,6.5,6.5,True,False
17,U CAN U UP,Pasalic,C,,,False,False
17,U CAN U UP,Orsolini,C,5.0,5.0,True,False
17,U CAN U UP,Yildiz,A,6.5,6.5,True,False
17,U CAN U UP,Hojlund,A,5.5,5.5,True,False
17,U CAN U UP,Colombo,A,7.0,10.0,True,False
17,U CAN U UP,Mandas,P,,,False,True
17,U CAN U UP,Israel,P,,,False,True
17,U CAN U UP,Britschgi,D,5.5,5.5,False,True
17,U CAN U UP,Zortea,D,5.5,5.5,False,True
17,U CAN U UP,Gabbia,D,5.0,4.5,False,True
17,U CAN U UP,Samardzic,C,,,False,True
17,U CAN U UP,Frattesi,C,,,False,True
17,U CAN U UP,Koopmeiners,C,6.0,6.0,True,True
17,U CAN U UP,Vandeputte,C,5.5,5.5,False,True
17,U CAN U UP,Vitinha O.,A,6.5,6.5,False,True
17,U CAN U UP,Ekuban,A,,,False,True
17,U CAN U UP,Lucca,A,5.5,5.5,False,True
17,PREMIER LEAGUE SLOPS,De Gea,P,7.0,5.0,True,False
17,PREMIER LEAGUE SLOPS,Angelino,D,,,False,False
17,PREMIER LEAGUE SLOPS,Tomori,D,6.0,5.5,True,False
17,PREMIER LEAGUE SLOPS,Akanji,D,7.0,7.0,True,False
17,PREMIER LEAGUE SLOPS,Vlasic,C,5.0,5.0,True,False
17,PREMIER LEAGUE SLOPS,Perrone,C,7.0,11.0,True,False
17,PREMIER LEAGUE SLOPS,Piotrowski,C,6.0,6.0,True,False
17,PREMIER LEAGUE SLOPS,Luis Henrique,C,6.0,6.0,True,False
17,PREMIER LEAGUE SLOPS,Ferguson E.,A,7.0,11.0,True,False
17,PREMIER LEAGUE SLOPS,Scamacca,A,,,False,False
17,PREMIER LEAGUE SLOPS,Davis K.,A,7.0,8.0,True,False
17,PREMIER LEAGUE SLOPS,Martinelli T.,P,,,False,True
17,PREMIER LEAGUE SLOPS,Kamara H.,D,6.0,6.0,True,True
17,PREMIER LEAGUE SLOPS,Gutierrez,D,5.5,5.5,False,True
17,PREMIER LEAGUE SLOPS,Olivera,D,,,False,True
17,PREMIER LEAGUE SLOPS,Kolasinac,D,,,False,True
17,PREMIER LEAGUE SLOPS,Mina,D,4.5,4.5,False,True
17,PREMIER LEAGUE SLOPS,Bernabè,C,5.5,5.5,False,True
17,PREMIER LEAGUE SLOPS,Matic,C,6.0,6.0,False,True
17,PREMIER LEAGUE SLOPS,Guendouzi,C,5.5,5.5,False,True
17,PREMIER LEAGUE SLOPS,De Bruyne,C,,,False,True
17,PREMIER LEAGUE SLOPS,Fullkrug,A,5.5,5.5,True,True
17,PREMIER LEAGUE SLOPS,Cambiaghi,A,6.0,6.0,False,True
17,PREMIER LEAGUE SLOPS,Sulemana K.,A,,,False,True
17,PREMIER LEAGUE SLOPS,Lezzerini,P,,,False,True
18,PREMIER LEAGUE SLOPS,De Gea,P,6.5,5.5,True,False
18,PREMIER LEAGUE SLOPS,Kamara H.,D,5.5,5.5,True,False
18,PREMIER LEAGUE SLOPS,Akanji,D,5.5,5.5,True,False
18,PREMIER LEAGUE SLOPS,Tomori,D,,,False,False
18,PREMIER LEAGUE SLOPS,Vlasic,C,5.5,5.5,True,False
18,PREMIER LEAGUE SLOPS,Perrone,C,6.5,6.5,True,False
18,PREMIER LEAGUE SLOPS,Piotrowski,C,5.5,5.5,True,False
18,PREMIER LEAGUE SLOPS,Bernabè,C,7.5,8.5,True,False
18,PREMIER LEAGUE SLOPS,Ferguson E.,A,5.5,5.5,True,False
18,PREMIER LEAGUE SLOPS,Fullkrug,A,6.0,6.0,True,False
18,PREMIER LEAGUE SLOPS,Davis K.,A,6.5,8.5,True,False
18,PREMIER LEAGUE SLOPS,Martinelli T.,P,,,False,True
18,PREMIER LEAGUE SLOPS,Angelino,D,,,False,True
18,PREMIER LEAGUE SLOPS,Mina,D,,,False,True
18,PREMIER LEAGUE SLOPS,Gutierrez,D,,,False,True
18,PREMIER LEAGUE SLOPS,Olivera,D,,,False,True
18,PREMIER LEAGUE SLOPS,Kolasinac,D,,,False,True
18,PREMIER LEAGUE SLOPS,Luis Henrique,C,5.5,5.5,False,True
18,PREMIER LEAGUE SLOPS,Matic,C,6.0,5.5,False,True
18,PREMIER LEAGUE SLOPS,Guendouzi,C,,,False,True
18,PREMIER LEAGUE SLOPS,De Bruyne,C,,,False,True
18,PREMIER LEAGUE SLOPS,Cambiaghi,A,6.0,8.0,False,True
18,PREMIER LEAGUE SLOPS,Scamacca,A,6.5,7.5,False,True
18,PREMIER LEAGUE SLOPS,Sulemana K.,A,,,False,True
18,PREMIER LEAGUE SLOPS,Lezzerini,P,,,False,True
18,KKK,Carnesecchi,P,7.0,8.0,True,False
18,KKK,Hermoso,D,6.0,5.5,True,False
18,KKK,Gosens,D,6.5,6.5,True,False
18,KKK,Romagnoli,D,6.0,6.0,True,False
18,KKK,Modric,C,,,False,False
18,KKK,Cataldi,C,6.0,6.0,True,False
18,KKK,Konè M.,C,7.0,10.5,True,False
18,KKK,Atta,C,6.5,6.5,True,False
18,KKK,Esposito Se.,A,6.5,6.5,True,False
18,KKK,Adams C.,A,6.0,6.0,True,False
18,KKK,Krstovic,A,6.0,6.0,True,False
18,KKK,Audero,P,6.5,3.5,False,True
18,KKK,Sportiello,P,,,False,True
18,KKK,Wesley,D,6.5,6.5,False,True
18,KKK,Bellanova,D,,,False,True
18,KKK,Buongiorno,D,,,False,True
18,KKK,Carlos Augusto,D,,,False,True
18,KKK,Vasquez,D,6.5,6.5,False,True
18,KKK,McTominay,C,7.5,14.5,True,True
18,KKK,Malinovskyi,C,6.5,7.5,False,True
18,KKK,Tourè I.,C,6.0,6.0,False,True
18,KKK,Volpato,C,,,False,True
18,KKK,Dovbyk,A,,,False,True
18,KKK,Laurientè,A,6.0,6.0,False,True
18,KKK,Dzeko,A,,,False,True
18,11 CRISTANTE UNITED,Leali,P,7.0,8.0,True,False
18,11 CRISTANTE UNITED,Diego Carlos,D,5.5,5.5,True,False
18,11 CRISTANTE UNITED,N'Dicka,D,,,False,False
18,11 CRISTANTE UNITED,Bastoni,D,6.0,6.0,True,False
18,11 CRISTANTE UNITED,Dimarco,D,7.0,10.0,True,False
18,11 CRISTANTE UNITED,Barella,C,5.5,5.5,True,False
18,11 CRISTANTE UNITED,Politano,C,6.0,6.0,True,False
18,11 CRISTANTE UNITED,Calhanoglu,C,6.5,8.5,True,False
18,11 CRISTANTE UNITED,Castro S.,A,6.5,7.0,True,False
18,11 CRISTANTE UNITED,Nzola,A,,,False,False
18,11 CRISTANTE UNITED,Thuram,A,6.5,7.5,True,False
18,11 CRISTANTE UNITED,Siegrist,P,,,False,True
18,11 CRISTANTE UNITED,Kalulu,D,6.5,7.5,True,True
18,11 CRISTANTE UNITED,Juan Jesus,D,5.5,5.0,False,True
18,11 CRISTANTE UNITED,Baturina,C,7.0,11.0,False,True
18,11 CRISTANTE UNITED,Moreno Alb.,D,6.0,6.0,False,True
18,11 CRISTANTE UNITED,Musah,C,6.0,5.5,False,True
18,11 CRISTANTE UNITED,Brescianini,C,5.5,5.5,False,True
18,11 CRISTANTE UNITED,Bravo,A,5.5,5.5,True,True
18,11 CRISTANTE UNITED,Meister,A,7.0,11.0,False,True
18,11 CRISTANTE UNITED,Bonny,A,,,False,True
18,11 CRISTANTE UNITED,Da Cunha,C,5.5,5.0,False,True
18,11 CRISTANTE UNITED,Aebischer,C,5.5,6.0,False,True
18,11 CRISTANTE UNITED,Okoye,P,6.0,4.0,False,True
18,11 CRISTANTE UNITED,Ehizibue,D,,,False,True
18,CUORE LAZIALE,Maignan,P,6.5,5.5,True,False
18,CUORE LAZIALE,Bartesaghi,D,5.0,5.0,True,False
18,CUORE LAZIALE,Kelly L.,D,6.5,6.5,True,False
18,CUORE LAZIALE,Cambiaso,D,6.0,6.0,True,False
18,CUORE LAZIALE,Pulisic,C,6.0,6.0,True,False
18,CUORE LAZIALE,Zielinski,C,6.5,6.5,True,False
18,CUORE LAZIALE,Loftus-Cheek,C,5.5,5.5,True,False
18,CUORE LAZIALE,Zaniolo,C,6.5,7.0,True,False
18,CUORE LAZIALE,De Ketelaere,A,7.5,11.5,True,False
18,CUORE LAZIALE,Pellegrino M.,A,7.0,11.0,True,False
18,CUORE LAZIALE,Soulè,A,7.5,11.5,True,False
18,CUORE LAZIALE,Terracciano,P,,,False,True
18,CUORE LAZIALE,Torriani,P,,,False,True
18,CUORE LAZIALE,Estupinan,D,5.0,4.5,False,True
18,CUORE LAZIALE,Kristensen T.,D,,,False,True
18,CUORE LAZIALE,Pellegrini Lu.,D,5.5,5.5,False,True
18,CUORE LAZIALE,Lazaro,D,5.5,5.5,False,True
18,CUORE LAZIALE,Muharemovic,D,6.0,6.0,False,True
18,CUORE LAZIALE,Gaetano,C,5.5,5.5,False,True
18,CUORE LAZIALE,Ellertsson,C,6.5,6.5,False,True
18,CUORE LAZIALE,Cristante,C,,,False,True
18,CUORE LAZIALE,Berisha M.,C,,,False,True
18,CUORE LAZIALE,Stulic,A,7.0,10.0,False,True
18,CUORE LAZIALE,Addai,A,,,False,True
18,CUORE LAZIALE,Lukaku,A,,,False,True
18,TEAM JODIODDR,Svilar,P,6.5,7.5,True,False
18,TEAM JODIODDR,Zappacosta,D,6.0,6.0,True,False
18,TEAM JODIODDR,Bisseck,D,5.5,5.5,True,False
18,TEAM JODIODDR,Tiago Gabriel,D,5.0,3.0,True,False
18,TEAM JODIODDR,Hien,D,6.0,6.0,True,False
18,TEAM JODIODDR,Fadera,C,6.5,6.5,True,False
18,TEAM JODIODDR,Isaksen,C,6.0,6.0,True,False
18,TEAM JODIODDR,Gudmundsson A.,C,6.5,7.5,True,False
18,TEAM JODIODDR,Maldini,C,,,False,False
18,TEAM JODIODDR,Orban G.,A,5.5,5.5,True,False
18,TEAM JODIODDR,Leao,A,5.5,5.5,True,False
18,TEAM JODIODDR,Gollini,P,,,False,True
18,TEAM JODIODDR,Vasquez D.,P,,,False,True
18,TEAM JODIODDR,Rensch,D,,,False,True
18,TEAM JODIODDR,Valle,D,,,False,True
18,TEAM JODIODDR,Baschirotto,D,4.0,4.0,False,True
18,TEAM JODIODDR,Folino,D,,,False,True
18,TEAM JODIODDR,Pisilli,C,6.5,6.5,True,True
18,TEAM JODIODDR,Bailey,C,,,False,True
18,TEAM JODIODDR,El Aynaoui,C,,,False,True
18,TEAM JODIODDR,Ngonge,A,5.5,5.5,False,True
18,TEAM JODIODDR,Castellanos,A,,,False,True
18,TEAM JODIODDR,De Luca,A,,,False,True
18,TEAM ZTOTTI,Falcone,P,6.0,4.0,True,False
18,TEAM ZTOTTI,Solet,D,6.0,6.0,True,False
18,TEAM ZTOTTI,Ziolkowski,D,,,False,False
18,TEAM ZTOTTI,Ostigard,D,7.5,10.5,True,False
18,TEAM ZTOTTI,Vojvoda,D,5.0,5.0,True,False
18,TEAM ZTOTTI,Vazquez,C,5.5,5.5,True,False
18,TEAM ZTOTTI,Ricci S.,C,6.0,6.0,True,False
18,TEAM ZTOTTI,Paz N.,C,6.5,6.0,True,False
18,TEAM ZTOTTI,Zalewski,C,6.5,6.5,True,False
18,TEAM ZTOTTI,Kilicsoy,A,5.0,5.0,True,False
18,TEAM ZTOTTI,Dybala,A,6.5,6.5,True,False
18,TEAM ZTOTTI,Sava,P,,,False,True
18,TEAM ZTOTTI,Zanoli,D,6.5,6.5,True,True
18,TEAM ZTOTTI,Terracciano F.,D,4.0,2.0,False,True
18,TEAM ZTOTTI,Rrahmani,D,6.0,5.5,False,True
18,TEAM ZTOTTI,Gallo,D,6.0,6.0,False,True
18,TEAM ZTOTTI,Jashari,C,5.5,5.5,False,True
18,TEAM ZTOTTI,Lobotka,C,6.0,6.0,False,True
18,TEAM ZTOTTI,Konè I.,C,6.5,6.5,False,True
18,TEAM ZTOTTI,Esposito F.P.,A,,,False,True
18,TEAM ZTOTTI,Arena A.,A,,,False,True
18,LABORATORIO DATI,Sommer,P,6.0,4.0,True,False
18,LABORATORIO DATI,Valeri,D,6.0,6.0,True,False
18,LABORATORIO DATI,Martin,D,7.0,8.0,True,False
18,LABORATORIO DATI,Gila,D,6.5,6.5,True,False
18,LABORATORIO DATI,Luperto,D,5.0,4.5,True,False
18,LABORATORIO DATI,McKennie,C,7.5,10.5,True,False
18,LABORATORIO DATI,Rabiot,C,5.5,5.0,True,False
18,LABORATORIO DATI,Mandragora,C,6.0,6.0,True,False
18,LABORATORIO DATI,Simeone,A,5.5,5.5,True,False
18,LABORATORIO DATI,Noslin,A,5.0,5.0,True,False
18,LABORATORIO DATI,David,A,7.0,10.0,True,False
18,LABORATORIO DATI,Caprile,P,5.5,2.5,False,True
18,LABORATORIO DATI,Radunovic,P,,,False,True
18,LABORATORIO DATI,Delprato,D,6.0,5.5,False,True
18,LABORATORIO DATI,Dodò,D,6.5,6.5,False,True
18,LABORATORIO DATI,Gaspar K.,D,5.0,4.0,False,True
18,LABORATORIO DATI,Dumfries,D,,,False,True
18,LABORATORIO DATI,Odgaard,C,,,False,True
18,LABORATORIO DATI,Bernardeschi,C,,,False,True
18,LABORATORIO DATI,Neres,C,,,False,True
18,LABORATORIO DATI,Conceicao,C,,,False,True
18,LABORATORIO DATI,Collocolo,C,,,False,True
18,LABORATORIO DATI,Pinamonti,A,5.5,5.5,False,True
18,LABORATORIO DATI,Bonazzoli,A,5.5,5.5,False,True
18,LABORATORIO DATI,Vlahovic,A,,,False,True
18,U CAN U UP,Provedel,P,6.5,7.5,True,False
18,U CAN U UP,Di Lorenzo,D,6.5,6.5,True,False
18,U CAN U UP,Coco,D,5.5,5.5,True,False
18,U CAN U UP,Circati,D,6.5,6.5,True,False
18,U CAN U UP,Miranda J.,D,6.5,6.5,True,False
18,U CAN U UP,Ederson D.S.,C,6.5,6.5,True,False
18,U CAN U UP,Pasalic,C,7.0,10.0,True,False
18,U CAN U UP,Orsolini,C,,,False,False
18,U CAN U UP,Yildiz,A,7.0,8.0,True,False
18,U CAN U UP,Hojlund,A,6.5,6.5,True,False
18,U CAN U UP,Colombo,A,7.0,11.0,True,False
18,U CAN U UP,Mandas,P,,,False,True
18,U CAN U UP,Israel,P,,,False,True
18,U CAN U UP,Britschgi,D,,,False,True
18,U CAN U UP,Zortea,D,5.5,5.0,False,True
18,U CAN U UP,Gabbia,D,6.0,6.0,False,True
18,U CAN U UP,Samardzic,C,,,False,True
18,U CAN U UP,Frattesi,C,,,False,True
18,U CAN U UP,Koopmeiners,C,6.0,6.0,True,True
18,U CAN U UP,Vandeputte,C,6.0,6.0,False,True
18,U CAN U UP,Vitinha O.,A,6.5,6.5,False,True
18,U CAN U UP,Ekuban,A,,,False,True
18,U CAN U UP,Lucca,A,,,False,True
18,BTGCBUGC,Perin,P,,,False,False
18,BTGCBUGC,Palestra,D,5.5,5.5,True,False
18,BTGCBUGC,Pavlovic,D,6.0,6.0,True,False
18,BTGCBUGC,Scalvini,D,6.5,6.5,True,False
18,BTGCBUGC,Mancini,D,6.5,6.5,True,False
18,BTGCBUGC,Ondrejka,C,6.0,6.0,True,False
18,BTGCBUGC,Locatelli,C,6.5,6.5,True,False
18,BTGCBUGC,Saelemaekers,C,6.5,6.5,True,False
18,BTGCBUGC,Douvikas,A,5.5,5.5,True,False
18,BTGCBUGC,Kean,A,5.5,5.0,True,False
18,BTGCBUGC,Giovane,A,6.0,6.0,True,False
18,BTGCBUGC,Di Gregorio,P,6.5,7.5,True,True
18,BTGCBUGC,Martinez Jo.,P,,,False,True
18,BTGCBUGC,De Winter,D,5.5,5.5,False,True
18,BTGCBUGC,Rodriguez Ju.,D,5.0,4.5,False,True
18,BTGCBUGC,Zaccagni,C,,,False,True
18,BTGCBUGC,Tramoni M.,C,7.5,10.5,False,True
18,BTGCBUGC,Serdar,C,5.5,5.5,False,True
18,BTGCBUGC,Thorstvedt,C,,,False,True
18,BTGCBUGC,Asllani,C,,,False,True
18,BTGCBUGC,Borrelli,A,5.5,5.5,False,True
18,BTGCBUGC,Vardy,A,5.0,5.0,False,True
18,BTGCBUGC,Meister,A,7.0,11.0,False,True
18,BTGCBUGC,Ramon,D,,,False,True
18,BTGCBUGC,Belghali,D,,,False,True
18,TEAM ASBOVE,Butez,P,6.0,5.0,True,False
18,TEAM ASBOVE,Spinazzola,D,6.5,6.5,True,False
18,TEAM ASBOVE,Bremer,D,7.0,11.0,True,False
18,TEAM ASBOVE,Bernasconi,D,6.5,7.5,True,False
18,TEAM ASBOVE,Celik,D,6.5,6.5,True,False
18,TEAM ASBOVE,Rowe,C,5.5,5.5,True,False
18,TEAM ASBOVE,Elmas,C,6.5,7.5,True,False
18,TEAM ASBOVE,Thuram K.,C,7.0,8.0,True,False
18,TEAM ASBOVE,Nkunku,A,7.0,11.0,True,False
18,TEAM ASBOVE,Openda,A,,,False,False
18,TEAM ASBOVE,Martinez L.,A,5.5,5.5,True,False
18,TEAM ASBOVE,Milinkovic-Savic V.,P,6.0,4.0,False,True
18,TEAM ASBOVE,Meret,P,,,False,True
18,TEAM ASBOVE,Heggem,D,6.5,6.5,False,True
18,TEAM ASBOVE,Acerbi,D,,,False,True
18,TEAM ASBOVE,Lucumì,D,5.5,5.5,False,True
18,TEAM ASBOVE,Norton-Cuffy,D,6.0,6.0,False,True
18,TEAM ASBOVE,Zhegrova,C,6.0,6.0,False,True
18,TEAM ASBOVE,Fofana Y.,C,6.5,7.0,False,True
18,TEAM ASBOVE,Sucic P.,C,,,False,True
18,TEAM ASBOVE,Mkhitaryan,C,6.5,6.5,False,True
18,TEAM ASBOVE,Pellegrini Lo.,C,,,False,True
18,TEAM ASBOVE,Rodriguez Je.,A,7.0,7.5,True,True
18,TEAM ASBOVE,Dia,A,,,False,True
18,TEAM ASBOVE,Immobile,A,5.5,5.5,False,True
19,11 CRISTANTE UNITED,Leali,P,6.0,7.0,True,False
19,11 CRISTANTE UNITED,Diego Carlos,D,6.5,6.5,True,False
19,11 CRISTANTE UNITED,N'Dicka,D,7.0,7.0,True,False
19,11 CRISTANTE UNITED,Bastoni,D,,,False,False
19,11 CRISTANTE UNITED,Dimarco,D,6.5,6.5,True,False
19,11 CRISTANTE UNITED,Barella,C,5.5,5.5,True,False
19,11 CRISTANTE UNITED,Politano,C,5.5,5.5,True,False
19,11 CRISTANTE UNITED,Calhanoglu,C,,,False,False
19,11 CRISTANTE UNITED,Castro S.,A,5.5,5.5,True,False
19,11 CRISTANTE UNITED,Nzola,A,,,False,False
19,11 CRISTANTE UNITED,Thuram,A,,,False,False
19,11 CRISTANTE UNITED,Siegrist,P,,,False,True
19,11 CRISTANTE UNITED,Kalulu,D,5.5,5.5,True,True
19,11 CRISTANTE UNITED,Juan Jesus,D,6.5,6.5,False,True
19,11 CRISTANTE UNITED,Baturina,C,8.0,13.0,True,True
19,11 CRISTANTE UNITED,Moreno Alb.,D,,,False,True
19,11 CRISTANTE UNITED,Musah,C,5.5,5.5,False,True
19,11 CRISTANTE UNITED,Brescianini,C,5.5,5.5,False,True
19,11 CRISTANTE UNITED,Bravo,A,,,False,True
19,11 CRISTANTE UNITED,Meister,A,5.5,5.5,True,True
19,11 CRISTANTE UNITED,Bonny,A,6.0,6.0,True,True
19,11 CRISTANTE UNITED,Da Cunha,C,6.5,6.5,False,True
19,11 CRISTANTE UNITED,Aebischer,C,6.5,6.5,False,True
19,11 CRISTANTE UNITED,Okoye,P,6.5,5.5,False,True
19,11 CRISTANTE UNITED,Ehizibue,D,5.5,5.5,False,True
19,U CAN U UP,Provedel,P,7.0,6.0,True,False
19,U CAN U UP,Miranda J.,D,5.5,5.0,True,False
19,U CAN U UP,Coco,D,5.0,5.0,True,False
19,U CAN U UP,Di Lorenzo,D,6.5,6.5,True,False
19,U CAN U UP,Zortea,D,6.0,6.0,True,False
19,U CAN U UP,Orsolini,C,5.5,5.5,True,False
19,U CAN U UP,Pasalic,C,5.5,5.0,True,False
19,U CAN U UP,Ederson D.S.,C,6.5,6.5,True,False
19,U CAN U UP,Hojlund,A,5.5,5.5,True,False
19,U CAN U UP,Yildiz,A,6.5,6.0,True,False
19,U CAN U UP,Colombo,A,6.0,6.0,True,False
19,U CAN U UP,Mandas,P,,,False,True
19,U CAN U UP,Israel,P,,,False,True
19,U CAN U UP,Samardzic,C,,,False,True
19,U CAN U UP,Koopmeiners,C,5.5,5.5,False,True
19,U CAN U UP,Coulibaly L.,C,6.5,6.5,False,True
19,U CAN U UP,Vandeputte,C,6.0,5.5,False,True
19,U CAN U UP,Frattesi,C,,,False,True
19,U CAN U UP,Vitinha O.,A,5.5,5.0,False,True
19,U CAN U UP,Lucca,A,,,False,True
19,U CAN U UP,Gabbia,D,6.5,6.5,False,True
19,U CAN U UP,Circati,D,6.5,6.0,False,True
19,U CAN U UP,Britschgi,D,6.0,6.0,False,True
19,U CAN U UP,Gatti,D,,,False,True
19,LABORATORIO DATI,Sommer,P,6.0,7.0,True,False
19,LABORATORIO DATI,Valeri,D,6.5,6.5,True,False
19,LABORATORIO DATI,Martin,D,6.0,6.0,True,False
19,LABORATORIO DATI,Gila,D,5.0,5.0,True,False
19,LABORATORIO DATI,Delprato,D,6.0,6.0,True,False
19,LABORATORIO DATI,McKennie,C,5.0,5.0,True,False
19,LABORATORIO DATI,Rabiot,C,6.5,6.5,True,False
19,LABORATORIO DATI,Mandragora,C,7.0,10.0,True,False
19,LABORATORIO DATI,Simeone,A,,,False,False
19,LABORATORIO DATI,Bonazzoli,A,5.0,4.5,True,False
19,LABORATORIO DATI,David,A,5.0,5.0,True,False
19,LABORATORIO DATI,Caprile,P,7.0,8.0,False,True
19,LABORATORIO DATI,Radunovic,P,,,False,True
19,LABORATORIO DATI,Dodò,D,7.0,7.0,False,True
19,LABORATORIO DATI,Luperto,D,6.5,6.5,False,True
19,LABORATORIO DATI,Gaspar K.,D,,,False,True
19,LABORATORIO DATI,Dumfries,D,,,False,True
19,LABORATORIO DATI,Conceicao,C,,,False,True
19,LABORATORIO DATI,Odgaard,C,5.0,5.0,False,True
19,LABORATORIO DATI,Bernardeschi,C,,,False,True
19,LABORATORIO DATI,Neres,C,,,False,True
19,LABORATORIO DATI,Collocolo,C,,,False,True
19,LABORATORIO DATI,Pinamonti,A,5.5,5.5,True,True
19,LABORATORIO DATI,Noslin,A,5.5,5.5,False,True
19,LABORATORIO DATI,Vlahovic,A,,,False,True
19,KKK,Carnesecchi,P,7.0,6.0,True,False
19,KKK,Wesley,D,6.5,6.5,True,False
19,KKK,Gosens,D,6.0,6.0,True,False
19,KKK,Buongiorno,D,6.0,6.0,True,False
19,KKK,Modric,C,,,False,False
19,KKK,McTominay,C,6.0,6.0,True,False
19,KKK,Konè M.,C,6.5,6.5,True,False
19,KKK,Atta,C,5.5,5.5,True,False
19,KKK,Laurientè,A,6.5,6.5,True,False
19,KKK,Adams C.,A,5.5,5.5,True,False
19,KKK,Krstovic,A,7.0,10.0,True,False
19,KKK,Audero,P,6.5,7.5,False,True
19,KKK,Sportiello,P,,,False,True
19,KKK,Carlos Augusto,D,6.0,5.5,False,True
19,KKK,Romagnoli,D,5.0,4.5,False,True
19,KKK,Bellanova,D,,,False,True
19,KKK,Hermoso,D,6.0,6.0,False,True
19,KKK,Vasquez,D,6.5,6.5,False,True
19,KKK,Malinovskyi,C,5.5,5.5,True,True
19,KKK,Cataldi,C,5.5,5.0,False,True
19,KKK,Tourè I.,C,6.5,6.5,False,True
19,KKK,Volpato,C,,,False,True
19,KKK,Esposito Se.,A,5.5,5.5,False,True
19,KKK,Dzeko,A,,,False,True
19,KKK,Dovbyk,A,,,False,True
19,CUORE LAZIALE,Maignan,P,6.0,7.0,True,False
19,CUORE LAZIALE,Pellegrini Lu.,D,5.0,4.5,True,False
19,CUORE LAZIALE,Bartesaghi,D,,,False,False
19,CUORE LAZIALE,Kelly L.,D,6.0,6.0,True,False
19,CUORE LAZIALE,Cambiaso,D,5.5,5.5,True,False
19,CUORE LAZIALE,Pulisic,C,5.5,5.5,True,False
19,CUORE LAZIALE,Loftus-Cheek,C,5.5,5.5,True,False
19,CUORE LAZIALE,Zielinski,C,6.5,6.5,True,False
19,CUORE LAZIALE,De Ketelaere,A,5.5,5.5,True,False
19,CUORE LAZIALE,Pellegrino M.,A,5.5,5.5,True,False
19,CUORE LAZIALE,Soulè,A,6.0,6.0,True,False
19,CUORE LAZIALE,Terracciano,P,,,False,True
19,CUORE LAZIALE,Torriani,P,,,False,True
19,CUORE LAZIALE,Estupinan,D,6.0,6.0,True,True
19,CUORE LAZIALE,Lazaro,D,5.0,5.0,False,True
19,CUORE LAZIALE,Muharemovic,D,6.0,6.0,False,True
19,CUORE LAZIALE,Kristensen T.,D,5.0,5.0,False,True
19,CUORE LAZIALE,Gaetano,C,6.5,7.5,False,True
19,CUORE LAZIALE,Cristante,C,6.5,6.5,False,True
19,CUORE LAZIALE,Ellertsson,C,6.0,6.0,False,True
19,CUORE LAZIALE,Berisha M.,C,,,False,True
19,CUORE LAZIALE,Zaniolo,C,,,False,True
19,CUORE LAZIALE,Stulic,A,5.5,5.5,False,True
19,CUORE LAZIALE,Addai,A,,,False,True
19,CUORE LAZIALE,Lukaku,A,,,False,True
19,TEAM ZTOTTI,Falcone,P,7.0,6.0,True,False
19,TEAM ZTOTTI,Terracciano F.,D,6.0,6.0,True,False
19,TEAM ZTOTTI,Ostigard,D,6.5,6.0,True,False
19,TEAM ZTOTTI,Rrahmani,D,6.5,6.5,True,False
19,TEAM ZTOTTI,Vojvoda,D,6.0,6.0,True,False
19,TEAM ZTOTTI,Vazquez,C,,,False,False
19,TEAM ZTOTTI,Konè I.,C,,,False,False
19,TEAM ZTOTTI,Paz N.,C,7.5,11.5,True,False
19,TEAM ZTOTTI,Zalewski,C,6.0,6.0,True,False
19,TEAM ZTOTTI,Kilicsoy,A,6.0,6.0,True,False
19,TEAM ZTOTTI,Dybala,A,7.5,11.5,True,False
19,TEAM ZTOTTI,Skorupski,P,,,False,True
19,TEAM ZTOTTI,Sava,P,,,False,True
19,TEAM ZTOTTI,Solet,D,6.0,6.0,False,True
19,TEAM ZTOTTI,Zanoli,D,6.0,6.0,False,True
19,TEAM ZTOTTI,Gallo,D,6.0,6.0,False,True
19,TEAM ZTOTTI,Ziolkowski,D,,,False,True
19,TEAM ZTOTTI,Ricci S.,C,6.0,6.0,True,True
19,TEAM ZTOTTI,Jashari,C,6.5,6.5,True,True
19,TEAM ZTOTTI,Lobotka,C,7.0,11.0,False,True
19,TEAM ZTOTTI,Esposito F.P.,A,6.5,7.5,False,True
19,TEAM ZTOTTI,Arena A.,A,,,False,True
19,BTGCBUGC,Perin,P,6.0,5.0,True,False
19,BTGCBUGC,Palestra,D,6.5,6.5,True,False
19,BTGCBUGC,Pavlovic,D,,,False,False
19,BTGCBUGC,Scalvini,D,6.0,5.5,True,False
19,BTGCBUGC,Mancini,D,7.0,6.5,True,False
19,BTGCBUGC,Zaccagni,C,5.0,4.5,True,False
19,BTGCBUGC,Locatelli,C,6.0,6.0,True,False
19,BTGCBUGC,Saelemaekers,C,7.0,8.0,True,False
19,BTGCBUGC,Douvikas,A,,,False,False
19,BTGCBUGC,Vardy,A,5.5,5.0,True,False
19,BTGCBUGC,Giovane,A,6.5,6.5,True,False
19,BTGCBUGC,Di Gregorio,P,,,False,True
19,BTGCBUGC,Martinez Jo.,P,,,False,True
19,BTGCBUGC,De Winter,D,6.0,5.5,True,True
19,BTGCBUGC,Ramon,D,7.0,7.0,False,True
19,BTGCBUGC,Belghali,D,,,False,True
19,BTGCBUGC,Rodriguez Ju.,D,,,False,True
19,BTGCBUGC,Ondrejka,C,5.0,4.5,False,True
19,BTGCBUGC,Tramoni M.,C,6.0,6.0,False,True
19,BTGCBUGC,Serdar,C,6.0,6.0,False,True
19,BTGCBUGC,Thorstvedt,C,,,False,True
19,BTGCBUGC,Asllani,C,,,False,True
19,BTGCBUGC,Kean,A,,,False,True
19,BTGCBUGC,Meister,A,5.5,5.5,True,True
19,BTGCBUGC,Borrelli,A,6.0,6.0,False,True
19,TEAM JODIODDR,Svilar,P,6.0,7.0,True,False
19,TEAM JODIODDR,Zappacosta,D,6.0,6.0,True,False
19,TEAM JODIODDR,Bisseck,D,6.0,6.0,True,False
19,TEAM JODIODDR,Baschirotto,D,6.5,6.5,True,False
19,TEAM JODIODDR,Rensch,D,6.0,7.0,True,False
19,TEAM JODIODDR,Fadera,C,5.0,5.0,True,False
19,TEAM JODIODDR,Isaksen,C,5.5,5.5,True,False
19,TEAM JODIODDR,Gudmundsson A.,C,6.5,7.5,True,False
19,TEAM JODIODDR,Pisilli,C,6.0,6.0,True,False
19,TEAM JODIODDR,Orban G.,A,5.5,5.5,True,False
19,TEAM JODIODDR,Leao,A,6.0,6.0,True,False
19,TEAM JODIODDR,Gollini,P,,,False,True
19,TEAM JODIODDR,Vasquez D.,P,,,False,True
19,TEAM JODIODDR,Valle,D,7.0,7.5,False,True
19,TEAM JODIODDR,Hien,D,6.0,6.0,False,True
19,TEAM JODIODDR,Tiago Gabriel,D,6.5,6.5,False,True
19,TEAM JODIODDR,Folino,D,6.0,6.0,False,True
19,TEAM JODIODDR,Bailey,C,,,False,True
19,TEAM JODIODDR,El Aynaoui,C,,,False,True
19,TEAM JODIODDR,Maldini,C,,,False,True
19,TEAM JODIODDR,Ngonge,A,6.0,6.0,False,True
19,TEAM JODIODDR,Castellanos,A,,,False,True
19,TEAM JODIODDR,De Luca,A,,,False,True
19,PREMIER LEAGUE SLOPS,De Gea,P,6.0,5.0,True,False
19,PREMIER LEAGUE SLOPS,Kamara H.,D,5.5,5.5,True,False
19,PREMIER LEAGUE SLOPS,Akanji,D,6.5,6.5,True,False
19,PREMIER LEAGUE SLOPS,Tomori,D,6.0,6.0,True,False
19,PREMIER LEAGUE SLOPS,Vlasic,C,5.0,4.5,True,False
19,PREMIER LEAGUE SLOPS,Perrone,C,6.5,6.5,True,False
19,PREMIER LEAGUE SLOPS,Bernabè,C,6.0,6.0,True,False
19,PREMIER LEAGUE SLOPS,Luis Henrique,C,6.0,6.0,True,False
19,PREMIER LEAGUE SLOPS,Ferguson E.,A,,,False,False
19,PREMIER LEAGUE SLOPS,Scamacca,A,5.0,5.0,True,False
19,PREMIER LEAGUE SLOPS,Davis K.,A,5.5,5.5,True,False
19,PREMIER LEAGUE SLOPS,Martinelli T.,P,,,False,True
19,PREMIER LEAGUE SLOPS,Gutierrez,D,,,False,True
19,PREMIER LEAGUE SLOPS,Angelino,D,,,False,True
19,PREMIER LEAGUE SLOPS,Mina,D,7.0,7.0,False,True
19,PREMIER LEAGUE SLOPS,Kolasinac,D,,,False,True
19,PREMIER LEAGUE SLOPS,Olivera,D,,,False,True
19,PREMIER LEAGUE SLOPS,Matic,C,5.5,5.5,False,True
19,PREMIER LEAGUE SLOPS,Piotrowski,C,6.0,6.0,False,True
19,PREMIER LEAGUE SLOPS,Guendouzi,C,,,False,True
19,PREMIER LEAGUE SLOPS,De Bruyne,C,,,False,True
19,PREMIER LEAGUE SLOPS,Fullkrug,A,7.0,11.0,True,True
19,PREMIER LEAGUE SLOPS,Cambiaghi,A,5.5,5.5,False,True
19,PREMIER LEAGUE SLOPS,Sulemana K.,A,6.0,6.0,False,True
19,PREMIER LEAGUE SLOPS,Lezzerini,P,,,False,True
19,TEAM ASBOVE,Milinkovic-Savic V.,P,6.5,7.5,True,False
19,TEAM ASBOVE,Spinazzola,D,6.5,6.5,True,False
19,TEAM ASBOVE,Bremer,D,6.0,6.0,True,False
19,TEAM ASBOVE,Bernasconi,D,5.5,5.5,True,False
19,TEAM ASBOVE,Celik,D,,,False,False
19,TEAM ASBOVE,Rowe,C,7.0,8.0,True,False
19,TEAM ASBOVE,Sucic P.,C,,,False,False
19,TEAM ASBOVE,Pellegrini Lo.,C,5.5,5.5,True,False
19,TEAM ASBOVE,Nkunku,A,,,False,False
19,TEAM ASBOVE,Openda,A,5.5,5.5,True,False
19,TEAM ASBOVE,Martinez L.,A,7.0,11.0,True,False
19,TEAM ASBOVE,Butez,P,6.5,7.5,False,True
19,TEAM ASBOVE,Meret,P,,,False,True
19,TEAM ASBOVE,Heggem,D,5.0,5.0,True,True
19,TEAM ASBOVE,Acerbi,D,,,False,True
19,TEAM ASBOVE,Lucumì,D,,,False,True
19,TEAM ASBOVE,Norton-Cuffy,D,,,False,True
19,TEAM ASBOVE,Elmas,C,6.5,6.5,True,True
19,TEAM ASBOVE,Thuram K.,C,,,False,True
19,TEAM ASBOVE,Zhegrova,C,5.5,5.5,False,True
19,TEAM ASBOVE,Fofana Y.,C,,,False,True
19,TEAM ASBOVE,Mkhitaryan,C,6.0,6.0,False,True
19,TEAM ASBOVE,Rodriguez Je.,A,6.0,6.0,True,True
19,TEAM ASBOVE,Dia,A,,,False,True
19,TEAM ASBOVE,Immobile,A,,,False,True
20,KKK,Carnesecchi,P,7.0,8.0,True,False
20,KKK,Wesley,D,5.5,5.5,True,False
20,KKK,Gosens,D,5.0,5.0,True,False
20,KKK,Buongiorno,D,6.0,6.0,True,False
20,KKK,Carlos Augusto,D,6.0,6.0,True,False
20,KKK,Atta,C,7.5,11.5,True,False
20,KKK,McTominay,C,5.0,5.0,True,False
20,KKK,Konè M.,C,6.0,6.0,True,False
20,KKK,Laurientè,A,6.5,6.0,True,False
20,KKK,Adams C.,A,5.0,5.0,True,False
20,KKK,Krstovic,A,7.5,11.5,True,False
20,KKK,Audero,P,5.5,4.5,False,True
20,KKK,Sportiello,P,,,False,True
20,KKK,Bellanova,D,,,False,True
20,KKK,Romagnoli,D,6.5,6.5,False,True
20,KKK,Vasquez,D,6.0,6.0,False,True
20,KKK,Malinovskyi,C,7.0,9.5,False,True
20,KKK,Tourè I.,C,5.0,5.0,False,True
20,KKK,Modric,C,7.0,7.5,False,True
20,KKK,Esposito Se.,A,7.0,8.0,False,True
20,KKK,Dzeko,A,,,False,True
20,KKK,Dovbyk,A,,,False,True
20,KKK,Hermoso,D,,,False,True
20,KKK,Volpato,C,,,False,True
20,KKK,Cataldi,C,,,False,True
20,11 CRISTANTE UNITED,Leali,P,,,False,False
20,11 CRISTANTE UNITED,Diego Carlos,D,,,False,False
20,11 CRISTANTE UNITED,N'Dicka,D,5.5,5.5,True,False
20,11 CRISTANTE UNITED,Bastoni,D,6.5,7.5,True,False
20,11 CRISTANTE UNITED,Dimarco,D,8.0,12.5,True,False
20,11 CRISTANTE UNITED,Barella,C,6.0,5.5,True,False
20,11 CRISTANTE UNITED,Baturina,C,8.0,12.0,True,False
20,11 CRISTANTE UNITED,Aebischer,C,5.5,5.5,True,False
20,11 CRISTANTE UNITED,Castro S.,A,,,False,False
20,11 CRISTANTE UNITED,Bonny,A,7.0,10.0,True,False
20,11 CRISTANTE UNITED,Thuram,A,6.5,7.5,True,False
20,11 CRISTANTE UNITED,Kalulu,D,6.5,6.5,True,True
20,11 CRISTANTE UNITED,Juan Jesus,D,4.5,4.0,False,True
20,11 CRISTANTE UNITED,Moreno Alb.,D,6.0,6.0,False,True
20,11 CRISTANTE UNITED,Bravo,A,,,False,True
20,11 CRISTANTE UNITED,Da Cunha,C,7.5,10.5,False,True
20,11 CRISTANTE UNITED,Okoye,P,6.0,5.0,True,True
20,11 CRISTANTE UNITED,Pobega,C,,,False,True
20,11 CRISTANTE UNITED,Skjellerup,A,,,False,True
20,TEAM JODIODDR,Svilar,P,6.0,5.0,True,False
20,TEAM JODIODDR,Zappacosta,D,6.0,6.0,True,False
20,TEAM JODIODDR,Baschirotto,D,6.0,6.0,True,False
20,TEAM JODIODDR,Tiago Gabriel,D,6.5,6.0,True,False
20,TEAM JODIODDR,Rensch,D,,,False,False
20,TEAM JODIODDR,El Aynaoui,C,,,False,False
20,TEAM JODIODDR,Isaksen,C,,,False,False
20,TEAM JODIODDR,Gudmundsson A.,C,6.0,6.0,True,False
20,TEAM JODIODDR,Zambo Anguissa,C,,,False,False
20,TEAM JODIODDR,Orban G.,A,7.0,10.0,True,False
20,TEAM JODIODDR,Leao,A,5.0,5.0,True,False
20,TEAM JODIODDR,Gollini,P,,,False,True
20,TEAM JODIODDR,Vasquez D.,P,,,False,True
20,TEAM JODIODDR,Valle,D,6.5,7.0,True,True
20,TEAM JODIODDR,Bisseck,D,6.5,7.5,False,True
20,TEAM JODIODDR,Hien,D,6.0,6.0,False,True
20,TEAM JODIODDR,Folino,D,,,False,True
20,TEAM JODIODDR,Pisilli,C,6.0,6.0,True,True
20,TEAM JODIODDR,Fadera,C,7.0,11.0,True,True
20,TEAM JODIODDR,Bailey,C,,,False,True
20,TEAM JODIODDR,Maldini,C,,,False,True
20,TEAM JODIODDR,Castellanos,A,,,False,True
20,TEAM JODIODDR,De Luca,A,,,False,True
20,TEAM JODIODDR,Ngonge,A,5.0,5.0,False,True
20,PREMIER LEAGUE SLOPS,De Gea,P,6.0,4.0,True,False
20,PREMIER LEAGUE SLOPS,Kamara H.,D,,,False,False
20,PREMIER LEAGUE SLOPS,Akanji,D,,,False,False
20,PREMIER LEAGUE SLOPS,Tomori,D,6.5,6.5,True,False
20,PREMIER LEAGUE SLOPS,Vlasic,C,4.5,4.5,True,False
20,PREMIER LEAGUE SLOPS,Perrone,C,6.5,6.5,True,False
20,PREMIER LEAGUE SLOPS,Bernabè,C,6.0,6.0,True,False
20,PREMIER LEAGUE SLOPS,Luis Henrique,C,5.0,5.0,True,False
20,PREMIER LEAGUE SLOPS,Fullkrug,A,6.0,6.0,True,False
20,PREMIER LEAGUE SLOPS,Scamacca,A,7.0,9.5,True,False
20,PREMIER LEAGUE SLOPS,Davis K.,A,7.5,10.5,True,False
20,PREMIER LEAGUE SLOPS,Martinelli T.,P,,,False,True
20,PREMIER LEAGUE SLOPS,Gutierrez,D,6.0,6.0,True,True
20,PREMIER LEAGUE SLOPS,Angelino,D,,,False,True
20,PREMIER LEAGUE SLOPS,Mina,D,7.0,6.5,True,True
20,PREMIER LEAGUE SLOPS,Kolasinac,D,,,False,True
20,PREMIER LEAGUE SLOPS,Olivera,D,,,False,True
20,PREMIER LEAGUE SLOPS,Matic,C,6.0,6.0,False,True
20,PREMIER LEAGUE SLOPS,Piotrowski,C,,,False,True
20,PREMIER LEAGUE SLOPS,Guendouzi,C,,,False,True
20,PREMIER LEAGUE SLOPS,De Bruyne,C,,,False,True
20,PREMIER LEAGUE SLOPS,Cambiaghi,A,,,False,True
20,PREMIER LEAGUE SLOPS,Ferguson E.,A,,,False,True
20,PREMIER LEAGUE SLOPS,Sulemana K.,A,,,False,True
20,PREMIER LEAGUE SLOPS,Lezzerini,P,,,False,True
20,TEAM ZTOTTI,Falcone,P,6.5,7.5,True,False
20,TEAM ZTOTTI,Zanoli,D,7.0,11.0,True,False
20,TEAM ZTOTTI,Terracciano F.,D,5.5,5.5,True,False
20,TEAM ZTOTTI,Solet,D,6.5,6.5,True,False
20,TEAM ZTOTTI,Gallo,D,6.0,6.0,True,False
20,TEAM ZTOTTI,Zalewski,C,6.5,6.5,True,False
20,TEAM ZTOTTI,Paz N.,C,6.0,6.0,True,False
20,TEAM ZTOTTI,Lobotka,C,5.5,5.5,True,False
20,TEAM ZTOTTI,Berardi,A,6.0,6.0,True,False
20,TEAM ZTOTTI,Lookman,A,,,False,False
20,TEAM ZTOTTI,Dybala,A,6.0,6.0,True,False
20,TEAM ZTOTTI,Skorupski,P,5.0,5.0,False,True
20,TEAM ZTOTTI,Sava,P,,,False,True
20,TEAM ZTOTTI,Vojvoda,D,6.5,6.5,False,True
20,TEAM ZTOTTI,Ziolkowski,D,,,False,True
20,TEAM ZTOTTI,Konè I.,C,6.5,6.5,False,True
20,TEAM ZTOTTI,Vazquez,C,,,False,True
20,TEAM ZTOTTI,Ricci S.,C,6.5,6.5,False,True
20,TEAM ZTOTTI,Jashari,C,,,False,True
20,TEAM ZTOTTI,Esposito F.P.,A,7.0,11.0,True,True
20,TEAM ZTOTTI,Kilicsoy,A,7.0,10.0,False,True
20,TEAM ZTOTTI,Arena A.,A,,,False,True
20,BTGCBUGC,Martinez Jo.,P,,,False,False
20,BTGCBUGC,Palestra,D,7.5,12.5,True,False
20,BTGCBUGC,Pavlovic,D,,,False,False
20,BTGCBUGC,Scalvini,D,6.5,6.5,True,False
20,BTGCBUGC,Ramon,D,6.5,6.5,True,False
20,BTGCBUGC,Zaccagni,C,5.5,5.5,True,False
20,BTGCBUGC,Thorstvedt,C,6.0,6.0,True,False
20,BTGCBUGC,Saelemaekers,C,5.5,5.5,True,False
20,BTGCBUGC,Kean,A,,,False,False
20,BTGCBUGC,Vardy,A,5.5,5.5,True,False
20,BTGCBUGC,Douvikas,A,8.0,15.0,True,False
20,BTGCBUGC,Perin,P,,,False,True
20,BTGCBUGC,Di Gregorio,P,6.0,7.0,True,True
20,BTGCBUGC,De Winter,D,7.0,10.0,True,True
20,BTGCBUGC,Mancini,D,6.5,6.5,False,True
20,BTGCBUGC,Belghali,D,,,False,True
20,BTGCBUGC,Rodriguez Ju.,D,,,False,True
20,BTGCBUGC,Locatelli,C,7.0,8.0,False,True
20,BTGCBUGC,Serdar,C,5.5,5.5,False,True
20,BTGCBUGC,Ondrejka,C,5.5,5.5,False,True
20,BTGCBUGC,Tramoni M.,C,6.0,7.0,False,True
20,BTGCBUGC,Asllani,C,,,False,True
20,BTGCBUGC,Giovane,A,5.5,5.5,True,True
20,BTGCBUGC,Borrelli,A,6.0,6.0,False,True
20,BTGCBUGC,Meister,A,6.0,6.0,False,True
20,U CAN U UP,Provedel,P,6.5,7.5,True,False
20,U CAN U UP,Gabbia,D,6.0,6.0,True,False
20,U CAN U UP,Coco,D,4.0,4.0,True,False
20,U CAN U UP,Di Lorenzo,D,5.5,5.5,True,False
20,U CAN U UP,Britschgi,D,5.0,5.0,True,False
20,U CAN U UP,Orsolini,C,,,False,False
20,U CAN U UP,Pasalic,C,6.0,6.0,True,False
20,U CAN U UP,Ederson D.S.,C,6.0,6.0,True,False
20,U CAN U UP,Hojlund,A,5.0,5.0,True,False
20,U CAN U UP,Yildiz,A,7.0,9.5,True,False
20,U CAN U UP,Colombo,A,6.0,6.0,True,False
20,U CAN U UP,Mandas,P,,,False,True
20,U CAN U UP,Israel,P,,,False,True
20,U CAN U UP,Vandeputte,C,6.0,6.0,True,True
20,U CAN U UP,Samardzic,C,,,False,True
20,U CAN U UP,Koopmeiners,C,,,False,True
20,U CAN U UP,Coulibaly L.,C,6.0,6.0,False,True
20,U CAN U UP,Frattesi,C,,,False,True
20,U CAN U UP,Vitinha O.,A,6.0,6.0,False,True
20,U CAN U UP,Lucca,A,,,False,True
20,U CAN U UP,Circati,D,5.0,5.0,False,True
20,U CAN U UP,Gatti,D,,,False,True
20,U CAN U UP,Zortea,D,6.0,6.0,False,True
20,CUORE LAZIALE,Maignan,P,7.0,5.5,True,False
20,CUORE LAZIALE,Pellegrini Lu.,D,6.0,6.0,True,False
20,CUORE LAZIALE,Kelly L.,D,6.5,6.5,True,False
20,CUORE LAZIALE,Muharemovic,D,6.5,6.5,True,False
20,CUORE LAZIALE,Cambiaso,D,6.0,6.0,True,False
20,CUORE LAZIALE,Pulisic,C,5.5,5.5,True,False
20,CUORE LAZIALE,Loftus-Cheek,C,,,False,False
20,CUORE LAZIALE,Zielinski,C,7.5,9.5,True,False
20,CUORE LAZIALE,De Ketelaere,A,7.5,8.5,True,False
20,CUORE LAZIALE,Stulic,A,5.5,5.5,True,False
20,CUORE LAZIALE,Soulè,A,5.5,5.5,True,False
20,CUORE LAZIALE,Terracciano,P,,,False,True
20,CUORE LAZIALE,Torriani,P,,,False,True
20,CUORE LAZIALE,Kristensen T.,D,5.5,5.5,False,True
20,CUORE LAZIALE,Lazaro,D,4.5,4.5,False,True
20,CUORE LAZIALE,Bartesaghi,D,5.5,5.5,False,True
20,CUORE LAZIALE,Estupinan,D,,,False,True
20,CUORE LAZIALE,Gaetano,C,6.0,6.0,True,True
20,CUORE LAZIALE,Cristante,C,6.0,6.0,False,True
20,CUORE LAZIALE,Ellertsson,C,6.0,6.0,False,True
20,CUORE LAZIALE,Zaniolo,C,,,False,True
20,CUORE LAZIALE,Berisha M.,C,,,False,True
20,CUORE LAZIALE,Pellegrino M.,A,5.0,5.0,False,True
20,CUORE LAZIALE,Lukaku,A,,,False,True
20,CUORE LAZIALE,Addai,A,,,False,True
20,TEAM ASBOVE,Butez,P,6.0,7.0,True,False
20,TEAM ASBOVE,Spinazzola,D,5.0,5.0,True,False
20,TEAM ASBOVE,Bremer,D,7.0,7.0,True,False
20,TEAM ASBOVE,Heggem,D,5.0,5.0,True,False
20,TEAM ASBOVE,Celik,D,7.0,7.0,True,False
20,TEAM ASBOVE,Rowe,C,6.5,6.5,True,False
20,TEAM ASBOVE,Sucic P.,C,6.0,6.0,True,False
20,TEAM ASBOVE,Pellegrini Lo.,C,7.0,10.0,True,False
20,TEAM ASBOVE,Rodriguez Je.,A,6.0,6.0,True,False
20,TEAM ASBOVE,Dia,A,5.0,5.0,True,False
20,TEAM ASBOVE,Martinez L.,A,7.0,9.5,True,False
20,TEAM ASBOVE,Milinkovic-Savic V.,P,,,False,True
20,TEAM ASBOVE,Meret,P,6.0,3.0,False,True
20,TEAM ASBOVE,Bernasconi,D,6.5,6.5,False,True
20,TEAM ASBOVE,Acerbi,D,,,False,True
20,TEAM ASBOVE,Lucumì,D,,,False,True
20,TEAM ASBOVE,Norton-Cuffy,D,6.5,6.5,False,True
20,TEAM ASBOVE,Mkhitaryan,C,7.0,10.0,False,True
20,TEAM ASBOVE,Elmas,C,5.0,5.0,False,True
20,TEAM ASBOVE,Thuram K.,C,7.0,7.0,False,True
20,TEAM ASBOVE,Zhegrova,C,,,False,True
20,TEAM ASBOVE,Fofana Y.,C,,,False,True
20,TEAM ASBOVE,Nkunku,A,5.5,5.5,False,True
20,TEAM ASBOVE,Openda,A,,,False,True
20,TEAM ASBOVE,Immobile,A,5.5,5.0,False,True
20,LABORATORIO DATI,Sommer,P,4.5,2.5,True,False
20,LABORATORIO DATI,Valeri,D,5.5,5.5,True,False
20,LABORATORIO DATI,Martin,D,6.0,6.0,True,False
20,LABORATORIO DATI,Gila,D,6.5,6.5,True,False
20,LABORATORIO DATI,Dodò,D,6.5,7.5,True,False
20,LABORATORIO DATI,McKennie,C,6.0,6.0,True,False
20,LABORATORIO DATI,Rabiot,C,6.5,6.0,True,False
20,LABORATORIO DATI,Mandragora,C,6.0,6.0,True,False
20,LABORATORIO DATI,Simeone,A,,,False,False
20,LABORATORIO DATI,Bonazzoli,A,5.0,5.0,True,False
20,LABORATORIO DATI,David,A,7.0,11.0,True,False
20,LABORATORIO DATI,Caprile,P,7.0,5.5,False,True
20,LABORATORIO DATI,Radunovic,P,,,False,True
20,LABORATORIO DATI,Delprato,D,5.0,5.0,False,True
20,LABORATORIO DATI,Luperto,D,6.5,6.5,False,True
20,LABORATORIO DATI,Gaspar K.,D,,,False,True
20,LABORATORIO DATI,Dumfries,D,,,False,True
20,LABORATORIO DATI,Conceicao,C,6.0,6.0,False,True
20,LABORATORIO DATI,Odgaard,C,6.0,6.0,False,True
20,LABORATORIO DATI,Bernardeschi,C,,,False,True
20,LABORATORIO DATI,Neres,C,,,False,True
20,LABORATORIO DATI,Collocolo,C,5.5,5.5,False,True
20,LABORATORIO DATI,Pinamonti,A,6.0,6.0,True,True
20,LABORATORIO DATI,Noslin,A,,,False,True
20,LABORATORIO DATI,Vlahovic,A,,,False,True
21,11 CRISTANTE UNITED,Leali,P,,,False,False
21,11 CRISTANTE UNITED,Diego Carlos,D,,,False,False
21,11 CRISTANTE UNITED,N'Dicka,D,6.0,5.5,True,False
21,11 CRISTANTE UNITED,Bastoni,D,6.5,6.5,True,False
21,11 CRISTANTE UNITED,Dimarco,D,7.0,8.0,True,False
21,11 CRISTANTE UNITED,Barella,C,,,False,False
21,11 CRISTANTE UNITED,Baturina,C,6.0,6.0,True,False
21,11 CRISTANTE UNITED,Aebischer,C,7.0,10.0,True,False
21,11 CRISTANTE UNITED,Castro S.,A,5.5,5.5,True,False
21,11 CRISTANTE UNITED,Bonny,A,6.0,6.0,True,False
21,11 CRISTANTE UNITED,Thuram,A,6.0,6.0,True,False
21,11 CRISTANTE UNITED,Kalulu,D,6.5,7.5,True,True
21,11 CRISTANTE UNITED,Juan Jesus,D,6.0,6.0,False,True
21,11 CRISTANTE UNITED,Moreno Alb.,D,,,False,True
21,11 CRISTANTE UNITED,Bravo,A,,,False,True
21,11 CRISTANTE UNITED,Da Cunha,C,6.5,6.0,True,True
21,11 CRISTANTE UNITED,Okoye,P,6.5,7.5,True,True
21,11 CRISTANTE UNITED,Pobega,C,,,False,True
21,11 CRISTANTE UNITED,Skjellerup,A,,,False,True
21,TEAM ASBOVE,Meret,P,7.0,7.0,True,False
21,TEAM ASBOVE,Spinazzola,D,6.0,6.0,True,False
21,TEAM ASBOVE,Bremer,D,8.0,13.5,True,False
21,TEAM ASBOVE,Norton-Cuffy,D,5.5,5.0,True,False
21,TEAM ASBOVE,Celik,D,6.0,6.0,True,False
21,TEAM ASBOVE,Elmas,C,6.5,6.5,True,False
21,TEAM ASBOVE,Thuram K.,C,6.5,6.5,True,False
21,TEAM ASBOVE,Pellegrini Lo.,C,5.5,5.0,True,False
21,TEAM ASBOVE,Sucic P.,C,6.5,6.5,True,False
21,TEAM ASBOVE,Martinez L.,A,7.0,11.0,True,False
21,TEAM ASBOVE,Nkunku,A,7.0,9.0,True,False
21,TEAM ASBOVE,Butez,P,6.0,6.5,False,True
21,TEAM ASBOVE,Milinkovic-Savic V.,P,,,False,True
21,TEAM ASBOVE,Bernasconi,D,6.0,6.0,False,True
21,TEAM ASBOVE,Heggem,D,4.5,4.5,False,True
21,TEAM ASBOVE,Acerbi,D,,,False,True
21,TEAM ASBOVE,Lucumì,D,,,False,True
21,TEAM ASBOVE,Mkhitaryan,C,6.0,6.0,False,True
21,TEAM ASBOVE,Rowe,C,5.5,5.5,False,True
21,TEAM ASBOVE,Zhegrova,C,,,False,True
21,TEAM ASBOVE,Fofana Y.,C,6.5,6.5,False,True
21,TEAM ASBOVE,Rodriguez Je.,A,5.5,5.5,False,True
21,TEAM ASBOVE,Openda,A,,,False,True
21,TEAM ASBOVE,Dia,A,,,False,True
21,TEAM ASBOVE,Immobile,A,,,False,True
21,LABORATORIO DATI,Sommer,P,6.5,7.5,True,False
21,LABORATORIO DATI,Valeri,D,5.5,5.5,True,False
21,LABORATORIO DATI,Martin,D,4.5,4.5,True,False
21,LABORATORIO DATI,Gila,D,6.0,6.0,True,False
21,LABORATORIO DATI,Luperto,D,6.5,6.5,True,False
21,LABORATORIO DATI,McKennie,C,7.5,11.0,True,False
21,LABORATORIO DATI,Rabiot,C,7.5,11.5,True,False
21,LABORATORIO DATI,Mandragora,C,6.0,6.0,True,False
21,LABORATORIO DATI,Simeone,A,,,False,False
21,LABORATORIO DATI,Pinamonti,A,6.0,6.0,True,False
21,LABORATORIO DATI,David,A,7.0,10.5,True,False
21,LABORATORIO DATI,Caprile,P,6.0,7.0,False,True
21,LABORATORIO DATI,Radunovic,P,,,False,True
21,LABORATORIO DATI,Delprato,D,5.5,5.5,False,True
21,LABORATORIO DATI,Dodò,D,6.5,6.5,False,True
21,LABORATORIO DATI,Gaspar K.,D,6.0,6.0,False,True
21,LABORATORIO DATI,Dumfries,D,,,False,True
21,LABORATORIO DATI,Conceicao,C,6.5,7.0,False,True
21,LABORATORIO DATI,Odgaard,C,5.0,5.0,False,True
21,LABORATORIO DATI,Bernardeschi,C,5.5,5.5,False,True
21,LABORATORIO DATI,Neres,C,,,False,True
21,LABORATORIO DATI,Collocolo,C,,,False,True
21,LABORATORIO DATI,Bonazzoli,A,5.5,5.5,True,True
21,LABORATORIO DATI,Noslin,A,,,False,True
21,LABORATORIO DATI,Vlahovic,A,,,False,True
21,TEAM JODIODDR,Svilar,P,6.0,5.0,True,False
21,TEAM JODIODDR,Zappacosta,D,6.0,6.0,True,False
21,TEAM JODIODDR,Bisseck,D,6.0,6.0,True,False
21,TEAM JODIODDR,Tiago Gabriel,D,6.0,5.5,True,False
21,TEAM JODIODDR,Rensch,D,,,False,False
21,TEAM JODIODDR,El Aynaoui,C,6.0,5.5,True,False
21,TEAM JODIODDR,Isaksen,C,7.0,8.0,True,False
21,TEAM JODIODDR,Gudmundsson A.,C,6.0,6.0,True,False
21,TEAM JODIODDR,Fadera,C,6.0,6.0,True,False
21,TEAM JODIODDR,Orban G.,A,5.0,5.0,True,False
21,TEAM JODIODDR,Leao,A,,,False,False
21,TEAM JODIODDR,Gollini,P,,,False,True
21,TEAM JODIODDR,Vasquez D.,P,,,False,True
21,TEAM JODIODDR,Valle,D,6.5,6.5,True,True
21,TEAM JODIODDR,Hien,D,,,False,True
21,TEAM JODIODDR,Baschirotto,D,5.5,5.0,False,True
21,TEAM JODIODDR,Folino,D,6.0,6.0,False,True
21,TEAM JODIODDR,Pisilli,C,,,False,True
21,TEAM JODIODDR,Maldini,C,5.5,5.5,False,True
21,TEAM JODIODDR,Castellanos,A,,,False,True
21,TEAM JODIODDR,De Luca,A,,,False,True
21,TEAM JODIODDR,Ngonge,A,,,False,True
21,CUORE LAZIALE,Maignan,P,6.0,7.0,True,False
21,CUORE LAZIALE,Pellegrini Lu.,D,6.5,6.0,True,False
21,CUORE LAZIALE,Bartesaghi,D,6.5,6.5,True,False
21,CUORE LAZIALE,Cambiaso,D,5.0,3.0,True,False
21,CUORE LAZIALE,Lazaro,D,6.0,6.0,True,False
21,CUORE LAZIALE,Pulisic,C,,,False,False
21,CUORE LAZIALE,Loftus-Cheek,C,7.0,11.0,True,False
21,CUORE LAZIALE,Zielinski,C,7.0,10.0,True,False
21,CUORE LAZIALE,De Ketelaere,A,6.0,6.0,True,False
21,CUORE LAZIALE,Lukaku,A,,,False,False
21,CUORE LAZIALE,Soulè,A,5.5,5.5,True,False
21,CUORE LAZIALE,Terracciano,P,,,False,True
21,CUORE LAZIALE,Torriani,P,,,False,True
21,CUORE LAZIALE,Kelly L.,D,6.5,6.5,False,True
21,CUORE LAZIALE,Muharemovic,D,6.5,6.5,False,True
21,CUORE LAZIALE,Kristensen T.,D,6.5,6.0,False,True
21,CUORE LAZIALE,Estupinan,D,,,False,True
21,CUORE LAZIALE,Ellertsson,C,5.5,5.5,True,True
21,CUORE LAZIALE,Gaetano,C,6.5,6.5,False,True
21,CUORE LAZIALE,Cristante,C,6.0,6.0,False,True
21,CUORE LAZIALE,Zaniolo,C,,,False,True
21,CUORE LAZIALE,Berisha M.,C,,,False,True
21,CUORE LAZIALE,Pellegrino M.,A,5.0,5.0,True,True
21,CUORE LAZIALE,Addai,A,5.5,5.0,False,True
21,CUORE LAZIALE,Stulic,A,,,False,True
21,KKK,Carnesecchi,P,8.5,11.5,True,False
21,KKK,Wesley,D,5.0,5.0,True,False
21,KKK,Gosens,D,5.5,5.5,True,False
21,KKK,Buongiorno,D,6.0,5.5,True,False
21,KKK,Carlos Augusto,D,,,False,False
21,KKK,Atta,C,6.5,6.5,True,False
21,KKK,McTominay,C,6.5,6.5,True,False
21,KKK,Modric,C,6.5,6.5,True,False
21,KKK,Laurientè,A,6.0,6.0,True,False
21,KKK,Adams C.,A,7.0,11.0,True,False
21,KKK,Krstovic,A,6.0,5.5,True,False
21,KKK,Audero,P,5.0,3.0,False,True
21,KKK,Sportiello,P,,,False,True
21,KKK,Romagnoli,D,,,False,True
21,KKK,Bellanova,D,6.0,5.5,True,True
21,KKK,Vasquez,D,6.5,6.5,False,True
21,KKK,Malinovskyi,C,7.5,9.0,False,True
21,KKK,Cataldi,C,7.0,10.0,False,True
21,KKK,Tourè I.,C,5.0,4.5,False,True
21,KKK,Esposito Se.,A,7.0,8.0,False,True
21,KKK,Dzeko,A,,,False,True
21,KKK,Dovbyk,A,,,False,True
21,KKK,Hermoso,D,6.0,6.0,False,True
21,KKK,Volpato,C,,,False,True
21,KKK,Konè M.,C,,,False,True
21,U CAN U UP,Provedel,P,6.5,4.0,True,False
21,U CAN U UP,Miranda J.,D,4.0,4.0,True,False
21,U CAN U UP,Coco,D,6.5,6.5,True,False
21,U CAN U UP,Di Lorenzo,D,6.0,6.0,True,False
21,U CAN U UP,Gabbia,D,6.0,6.0,True,False
21,U CAN U UP,Orsolini,C,5.5,5.5,True,False
21,U CAN U UP,Frattesi,C,6.0,6.0,True,False
21,U CAN U UP,Ederson D.S.,C,7.0,7.0,True,False
21,U CAN U UP,Hojlund,A,6.0,6.0,True,False
21,U CAN U UP,Yildiz,A,6.0,6.0,True,False
21,U CAN U UP,Colombo,A,5.5,5.5,True,False
21,U CAN U UP,Mandas,P,,,False,True
21,U CAN U UP,Israel,P,,,False,True
21,U CAN U UP,Pasalic,C,,,False,True
21,U CAN U UP,Samardzic,C,,,False,True
21,U CAN U UP,Koopmeiners,C,,,False,True
21,U CAN U UP,Coulibaly L.,C,6.0,6.0,False,True
21,U CAN U UP,Vandeputte,C,,,False,True
21,U CAN U UP,Vitinha O.,A,7.0,10.0,False,True
21,U CAN U UP,Lucca,A,,,False,True
21,U CAN U UP,Circati,D,5.5,5.0,False,True
21,U CAN U UP,Britschgi,D,5.5,5.5,False,True
21,U CAN U UP,Gatti,D,6.0,6.0,False,True
21,U CAN U UP,Zortea,D,5.5,5.5,False,True
21,U CAN U UP,Ekuban,A,,,False,True
21,TEAM ZTOTTI,Falcone,P,7.5,6.5,True,False
21,TEAM ZTOTTI,Vojvoda,D,6.0,6.0,True,False
21,TEAM ZTOTTI,Terracciano F.,D,6.0,6.0,True,False
21,TEAM ZTOTTI,Ostigard,D,5.0,4.5,True,False
21,TEAM ZTOTTI,Gallo,D,6.0,6.0,True,False
21,TEAM ZTOTTI,Paz N.,C,4.5,2.5,True,False
21,TEAM ZTOTTI,Konè I.,C,7.0,9.5,True,False
21,TEAM ZTOTTI,Ricci S.,C,6.0,6.0,True,False
21,TEAM ZTOTTI,Kilicsoy,A,7.5,10.5,True,False
21,TEAM ZTOTTI,Esposito F.P.,A,6.0,6.0,True,False
21,TEAM ZTOTTI,Berardi,A,7.5,10.5,True,False
21,TEAM ZTOTTI,Sava,P,,,False,True
21,TEAM ZTOTTI,Ziolkowski,D,,,False,True
21,TEAM ZTOTTI,Solet,D,7.0,7.0,False,True
21,TEAM ZTOTTI,Zalewski,C,5.5,5.5,False,True
21,TEAM ZTOTTI,Lobotka,C,6.0,6.0,False,True
21,TEAM ZTOTTI,Jashari,C,6.0,6.0,False,True
21,TEAM ZTOTTI,Dybala,A,,,False,True
21,TEAM ZTOTTI,Lookman,A,,,False,True
21,TEAM ZTOTTI,Arena A.,A,,,False,True
21,PREMIER LEAGUE SLOPS,De Gea,P,6.0,4.0,True,False
21,PREMIER LEAGUE SLOPS,Angelino,D,,,False,False
21,PREMIER LEAGUE SLOPS,Akanji,D,6.0,6.0,True,False
21,PREMIER LEAGUE SLOPS,Tomori,D,6.0,6.0,True,False
21,PREMIER LEAGUE SLOPS,Vlasic,C,7.0,7.5,True,False
21,PREMIER LEAGUE SLOPS,Perrone,C,6.0,5.5,True,False
21,PREMIER LEAGUE SLOPS,Bernabè,C,5.5,5.5,True,False
21,PREMIER LEAGUE SLOPS,Matic,C,7.0,8.0,True,False
21,PREMIER LEAGUE SLOPS,Fullkrug,A,6.0,6.0,True,False
21,PREMIER LEAGUE SLOPS,Scamacca,A,,,False,False
21,PREMIER LEAGUE SLOPS,Ferguson E.,A,,,False,False
21,PREMIER LEAGUE SLOPS,Martinelli T.,P,,,False,True
21,PREMIER LEAGUE SLOPS,Mina,D,6.5,6.5,True,True
21,PREMIER LEAGUE SLOPS,Olivera,D,5.5,5.5,False,True
21,PREMIER LEAGUE SLOPS,Gutierrez,D,7.0,11.0,False,True
21,PREMIER LEAGUE SLOPS,Kamara H.,D,,,False,True
21,PREMIER LEAGUE SLOPS,Kolasinac,D,,,False,True
21,PREMIER LEAGUE SLOPS,Luis Henrique,C,6.5,7.5,False,True
21,PREMIER LEAGUE SLOPS,Piotrowski,C,,,False,True
21,PREMIER LEAGUE SLOPS,Guendouzi,C,,,False,True
21,PREMIER LEAGUE SLOPS,De Bruyne,C,,,False,True
21,PREMIER LEAGUE SLOPS,Davis K.,A,6.0,5.5,True,True
21,PREMIER LEAGUE SLOPS,Cambiaghi,A,,,False,True
21,PREMIER LEAGUE SLOPS,Sulemana K.,A,6.0,6.0,True,True
21,PREMIER LEAGUE SLOPS,Lezzerini,P,,,False,True
21,BTGCBUGC,Martinez Jo.,P,,,False,False
21,BTGCBUGC,Palestra,D,7.0,7.0,True,False
21,BTGCBUGC,Pavlovic,D,6.5,6.5,True,False
21,BTGCBUGC,Scalvini,D,6.0,6.0,True,False
21,BTGCBUGC,Mancini,D,6.5,6.0,True,False
21,BTGCBUGC,Tramoni M.,C,5.0,4.5,True,False
21,BTGCBUGC,Thorstvedt,C,6.5,6.5,True,False
21,BTGCBUGC,Locatelli,C,6.5,6.5,True,False
21,BTGCBUGC,Saelemaekers,C,,,False,False
21,BTGCBUGC,Douvikas,A,5.5,5.5,True,False
21,BTGCBUGC,Giovane,A,,,False,False
21,BTGCBUGC,Perin,P,,,False,True
21,BTGCBUGC,Di Gregorio,P,6.5,5.5,True,True
21,BTGCBUGC,Ramon,D,6.5,6.5,False,True
21,BTGCBUGC,Belghali,D,,,False,True
21,BTGCBUGC,De Winter,D,6.5,6.5,False,True
21,BTGCBUGC,Rodriguez Ju.,D,,,False,True
21,BTGCBUGC,Zaccagni,C,,,False,True
21,BTGCBUGC,Serdar,C,5.5,5.5,True,True
21,BTGCBUGC,Ondrejka,C,5.0,5.0,False,True
21,BTGCBUGC,Asllani,C,,,False,True
21,BTGCBUGC,Kean,A,6.0,6.0,True,True
21,BTGCBUGC,Meister,A,5.5,5.5,False,True
21,BTGCBUGC,Borrelli,A,6.5,6.5,False,True
21,BTGCBUGC,Vardy,A,5.5,5.0,False,True
22,KKK,Carnesecchi,P,6.0,5.0,True,False
22,KKK,Wesley,D,6.5,6.5,True,False
22,KKK,Bellanova,D,6.0,6.0,True,False
22,KKK,Djimsiti,D,6.0,6.0,True,False
22,KKK,Atta,C,6.5,6.5,True,False
22,KKK,McTominay,C,7.5,10.5,True,False
22,KKK,Modric,C,6.5,6.5,True,False
22,KKK,Amorim,C,,,False,False
22,KKK,Durosinmi,A,5.5,5.5,True,False
22,KKK,Adams C.,A,5.0,5.0,True,False
22,KKK,Krstovic,A,7.0,10.0,True,False
22,KKK,Sportiello,P,,,False,True
22,KKK,Rossi F.,P,,,False,True
22,KKK,Carlos Augusto,D,,,False,True
22,KKK,Buongiorno,D,4.0,4.0,False,True
22,KKK,Hermoso,D,,,False,True
22,KKK,Gosens,D,,,False,True
22,KKK,Frese,D,5.5,5.5,False,True
22,KKK,Cataldi,C,6.5,7.5,True,True
22,KKK,Malinovskyi,C,6.5,8.5,False,True
22,KKK,De Roon,C,,,False,True
22,KKK,Konè M.,C,,,False,True
22,KKK,Esposito Se.,A,5.5,5.5,False,True
22,KKK,Laurientè,A,6.5,6.5,False,True
22,KKK,Ratkov,A,,,False,True
22,U CAN U UP,Provedel,P,7.0,5.0,True,False
22,U CAN U UP,Miranda J.,D,6.5,6.5,True,False
22,U CAN U UP,Gabbia,D,6.0,6.0,True,False
22,U CAN U UP,Zortea,D,6.0,6.0,True,False
22,U CAN U UP,Orsolini,C,6.5,6.5,True,False
22,U CAN U UP,Pasalic,C,6.5,7.5,True,False
22,U CAN U UP,Ederson D.S.,C,6.5,6.5,True,False
22,U CAN U UP,Ekkelenkamp,C,5.5,5.5,True,False
22,U CAN U UP,Hojlund,A,7.5,13.5,True,False
22,U CAN U UP,Yildiz,A,6.0,6.0,True,False
22,U CAN U UP,Raspadori,A,7.0,8.0,True,False
22,U CAN U UP,Motta,P,,,False,True
22,U CAN U UP,Furlanetto,P,,,False,True
22,U CAN U UP,Canestrelli,D,6.0,6.0,False,True
22,U CAN U UP,Britschgi,D,6.0,5.5,False,True
22,U CAN U UP,Gatti,D,,,False,True
22,U CAN U UP,Holm,D,,,False,True
22,U CAN U UP,Veiga D.,D,6.0,6.0,False,True
22,U CAN U UP,Samardzic,C,6.5,6.5,False,True
22,U CAN U UP,Ramadani,C,6.0,6.0,False,True
22,U CAN U UP,Thorsby,C,6.5,9.5,False,True
22,U CAN U UP,Koopmeiners,C,5.5,5.5,False,True
22,U CAN U UP,Colombo,A,7.0,10.0,False,True
22,U CAN U UP,Cheddira,A,5.5,5.5,False,True
22,U CAN U UP,Sarr A.,A,,,False,True
22,BTGCBUGC,Perin,P,,,False,False
22,BTGCBUGC,Palestra,D,6.0,5.5,True,False
22,BTGCBUGC,Pavlovic,D,6.0,6.0,True,False
22,BTGCBUGC,Mancini,D,6.5,7.0,True,False
22,BTGCBUGC,Bisseck,D,7.5,11.5,True,False
22,BTGCBUGC,Zaccagni,C,,,False,False
22,BTGCBUGC,Locatelli,C,5.5,5.5,True,False
22,BTGCBUGC,Brescianini,C,5.5,5.5,True,False
22,BTGCBUGC,Kean,A,6.5,9.5,True,False
22,BTGCBUGC,Douvikas,A,6.0,6.0,True,False
22,BTGCBUGC,Malen,A,7.5,14.5,True,False
22,BTGCBUGC,Di Gregorio,P,5.5,3.5,True,True
22,BTGCBUGC,Milinkovic-Savic V.,P,,,False,True
22,BTGCBUGC,Cuadrado,D,,,False,True
22,BTGCBUGC,Scalvini,D,6.5,6.5,False,True
22,BTGCBUGC,Ramon,D,5.5,5.5,False,True
22,BTGCBUGC,Zè Pedro,D,5.0,5.0,False,True
22,BTGCBUGC,Tramoni M.,C,,,False,True
22,BTGCBUGC,Saelemaekers,C,6.5,6.0,True,True
22,BTGCBUGC,Casadei,C,7.0,10.0,False,True
22,BTGCBUGC,Maldini,C,6.5,7.5,False,True
22,BTGCBUGC,Nicolussi Caviglia,C,6.5,7.5,False,True
22,BTGCBUGC,Zapata D.,A,,,False,True
22,BTGCBUGC,Vardy,A,6.0,6.0,False,True
22,BTGCBUGC,Dia,A,,,False,True
22,LABORATORIO DATI,Sommer,P,6.0,7.0,True,False
22,LABORATORIO DATI,Valeri,D,6.0,6.0,True,False
22,LABORATORIO DATI,Dodò,D,5.5,5.0,True,False
22,LABORATORIO DATI,Gaspar K.,D,5.0,5.0,True,False
22,LABORATORIO DATI,Luperto,D,6.0,7.0,True,False
22,LABORATORIO DATI,McKennie,C,7.0,10.0,True,False
22,LABORATORIO DATI,Rabiot,C,,,False,False
22,LABORATORIO DATI,Odgaard,C,,,False,False
22,LABORATORIO DATI,Conceicao,C,,,False,False
22,LABORATORIO DATI,Bonazzoli,A,5.5,5.5,True,False
22,LABORATORIO DATI,David,A,5.0,5.0,True,False
22,LABORATORIO DATI,Caprile,P,6.0,4.0,False,True
22,LABORATORIO DATI,Radunovic,P,,,False,True
22,LABORATORIO DATI,Delprato,D,6.0,6.0,False,True
22,LABORATORIO DATI,Martin,D,5.5,5.5,False,True
22,LABORATORIO DATI,Gila,D,6.5,6.5,False,True
22,LABORATORIO DATI,Dumfries,D,,,False,True
22,LABORATORIO DATI,Mandragora,C,6.5,7.5,True,True
22,LABORATORIO DATI,Bernardeschi,C,6.0,6.0,True,True
22,LABORATORIO DATI,Neres,C,,,False,True
22,LABORATORIO DATI,Collocolo,C,,,False,True
22,LABORATORIO DATI,Pinamonti,A,5.0,5.0,False,True
22,LABORATORIO DATI,Simeone,A,5.5,5.5,False,True
22,LABORATORIO DATI,Noslin,A,5.0,5.0,False,True
22,LABORATORIO DATI,Vlahovic,A,,,False,True
22,TEAM JODIODDR,Svilar,P,6.0,7.0,True,False
22,TEAM JODIODDR,Zappacosta,D,7.0,11.0,True,False
22,TEAM JODIODDR,Valle,D,6.0,6.0,True,False
22,TEAM JODIODDR,Hien,D,,,False,False
22,TEAM JODIODDR,Circati,D,6.5,6.5,True,False
22,TEAM JODIODDR,Ondrejka,C,,,False,False
22,TEAM JODIODDR,Isaksen,C,7.0,10.0,True,False
22,TEAM JODIODDR,Gudmundsson A.,C,6.0,6.0,True,False
22,TEAM JODIODDR,Frendrup,C,5.5,5.5,True,False
22,TEAM JODIODDR,Leao,A,7.0,10.5,True,False
22,TEAM JODIODDR,Sulemana K.,A,6.0,6.0,True,False
22,TEAM JODIODDR,Gollini,P,,,False,True
22,TEAM JODIODDR,Martinez Jo.,P,,,False,True
22,TEAM JODIODDR,Baschirotto,D,6.0,6.0,True,True
22,TEAM JODIODDR,Belghali,D,,,False,True
22,TEAM JODIODDR,Obrador,D,6.0,6.0,False,True
22,TEAM JODIODDR,Rensch,D,,,False,True
22,TEAM JODIODDR,Thorstvedt,C,5.0,5.0,True,True
22,TEAM JODIODDR,Pisilli,C,6.5,6.5,False,True
22,TEAM JODIODDR,Santos A.,C,,,False,True
22,TEAM JODIODDR,Zambo Anguissa,C,,,False,True
22,TEAM JODIODDR,Orban G.,A,6.0,6.0,False,True
22,TEAM JODIODDR,Cancellieri,A,5.5,5.5,False,True
22,TEAM JODIODDR,Djuric,A,6.0,6.0,False,True
22,TEAM JODIODDR,Diao,A,,,False,True
22,11 CRISTANTE UNITED,Leali,P,,,False,False
22,11 CRISTANTE UNITED,Diego Carlos,D,6.0,6.0,True,False
22,11 CRISTANTE UNITED,N'Dicka,D,6.5,6.5,True,False
22,11 CRISTANTE UNITED,Bastoni,D,6.5,6.5,True,False
22,11 CRISTANTE UNITED,Dimarco,D,8.5,11.0,True,False
22,11 CRISTANTE UNITED,Da Cunha,C,,,False,False
22,11 CRISTANTE UNITED,Baturina,C,6.5,6.5,True,False
22,11 CRISTANTE UNITED,Aebischer,C,5.5,5.5,True,False
22,11 CRISTANTE UNITED,Castro S.,A,6.0,6.0,True,False
22,11 CRISTANTE UNITED,Bonny,A,,,False,False
22,11 CRISTANTE UNITED,Thuram,A,7.0,10.0,True,False
22,11 CRISTANTE UNITED,Kalulu,D,7.0,11.0,False,True
22,11 CRISTANTE UNITED,Juan Jesus,D,5.0,4.0,False,True
22,11 CRISTANTE UNITED,Moreno Alb.,D,,,False,True
22,11 CRISTANTE UNITED,Okoye,P,6.0,4.0,True,True
22,11 CRISTANTE UNITED,Pobega,C,4.0,3.0,True,True
22,11 CRISTANTE UNITED,Nzola,A,5.5,5.5,True,True
22,TEAM ZTOTTI,Skorupski,P,6.0,5.0,True,False
22,TEAM ZTOTTI,Rrahmani,D,6.5,7.0,True,False
22,TEAM ZTOTTI,Ostigard,D,5.5,5.5,True,False
22,TEAM ZTOTTI,Solet,D,6.5,8.5,True,False
22,TEAM ZTOTTI,Gallo,D,6.0,6.0,True,False
22,TEAM ZTOTTI,Lobotka,C,6.5,6.5,True,False
22,TEAM ZTOTTI,Konè I.,C,5.0,5.0,True,False
22,TEAM ZTOTTI,Zalewski,C,6.5,6.5,True,False
22,TEAM ZTOTTI,Esposito F.P.,A,,,False,False
22,TEAM ZTOTTI,Bowie,A,5.0,5.0,True,False
22,TEAM ZTOTTI,Berardi,A,5.5,5.5,True,False
22,TEAM ZTOTTI,Falcone,P,6.0,5.0,False,True
22,TEAM ZTOTTI,Sava,P,,,False,True
22,TEAM ZTOTTI,Vojvoda,D,6.0,6.0,False,True
22,TEAM ZTOTTI,Terracciano F.,D,5.5,5.5,False,True
22,TEAM ZTOTTI,Marianucci,D,5.5,5.0,False,True
22,TEAM ZTOTTI,Ziolkowski,D,,,False,True
22,TEAM ZTOTTI,Paz N.,C,7.0,9.5,False,True
22,TEAM ZTOTTI,Strefezza,C,6.0,6.0,False,True
22,TEAM ZTOTTI,Baldanzi,C,,,False,True
22,TEAM ZTOTTI,Ricci S.,C,5.5,5.5,False,True
22,TEAM ZTOTTI,Venturino,C,,,False,True
22,TEAM ZTOTTI,Giovane,A,5.5,5.5,True,True
22,TEAM ZTOTTI,Kilicsoy,A,5.0,5.0,False,True
22,PREMIER LEAGUE SLOPS,De Gea,P,6.5,4.5,True,False
22,PREMIER LEAGUE SLOPS,Coco,D,5.0,5.0,True,False
22,PREMIER LEAGUE SLOPS,Akanji,D,7.5,10.5,True,False
22,PREMIER LEAGUE SLOPS,Tomori,D,6.0,6.0,True,False
22,PREMIER LEAGUE SLOPS,Gutierrez,D,5.5,5.5,True,False
22,PREMIER LEAGUE SLOPS,Bernabè,C,6.0,6.0,True,False
22,PREMIER LEAGUE SLOPS,Frattesi,C,6.0,6.0,True,False
22,PREMIER LEAGUE SLOPS,Luis Henrique,C,7.0,10.0,True,False
22,PREMIER LEAGUE SLOPS,Miretti,C,,,False,False
22,PREMIER LEAGUE SLOPS,Fullkrug,A,6.0,6.0,True,False
22,PREMIER LEAGUE SLOPS,Scamacca,A,,,False,False
22,PREMIER LEAGUE SLOPS,Lezzerini,P,,,False,True
22,PREMIER LEAGUE SLOPS,Olivera,D,,,False,True
22,PREMIER LEAGUE SLOPS,Mina,D,,,False,True
22,PREMIER LEAGUE SLOPS,Kamara H.,D,,,False,True
22,PREMIER LEAGUE SLOPS,Nelsson,D,6.5,6.5,False,True
22,PREMIER LEAGUE SLOPS,Vlasic,C,,,False,True
22,PREMIER LEAGUE SLOPS,Perrone,C,6.0,6.0,True,True
22,PREMIER LEAGUE SLOPS,Matic,C,4.5,3.5,False,True
22,PREMIER LEAGUE SLOPS,De Bruyne,C,,,False,True
22,PREMIER LEAGUE SLOPS,Kulenovic,A,5.5,5.5,True,True
22,PREMIER LEAGUE SLOPS,Ferguson E.,A,,,False,True
22,PREMIER LEAGUE SLOPS,Cambiaghi,A,,,False,True
22,PREMIER LEAGUE SLOPS,Davis K.,A,,,False,True
22,PREMIER LEAGUE SLOPS,Christensen O.,P,,,False,True
22,TEAM ASBOVE,Meret,P,5.5,3.0,True,False
22,TEAM ASBOVE,Spinazzola,D,6.0,6.0,True,False
22,TEAM ASBOVE,Bremer,D,5.5,5.5,True,False
22,TEAM ASBOVE,Bernasconi,D,6.0,6.0,True,False
22,TEAM ASBOVE,Celik,D,7.0,8.0,True,False
22,TEAM ASBOVE,Rowe,C,6.5,6.5,True,False
22,TEAM ASBOVE,Sucic P.,C,6.5,6.5,True,False
22,TEAM ASBOVE,Pellegrini Lo.,C,6.0,6.0,True,False
22,TEAM ASBOVE,Vergara,C,6.5,6.5,True,False
22,TEAM ASBOVE,Martinez L.,A,7.0,10.0,True,False
22,TEAM ASBOVE,Nkunku,A,5.5,5.5,True,False
22,TEAM ASBOVE,Butez,P,6.0,4.5,False,True
22,TEAM ASBOVE,Bijlow,P,5.5,2.5,False,True
22,TEAM ASBOVE,Vasquez,D,5.5,5.0,False,True
22,TEAM ASBOVE,Heggem,D,6.0,6.0,False,True
22,TEAM ASBOVE,Norton-Cuffy,D,6.0,6.0,False,True
22,TEAM ASBOVE,Acerbi,D,,,False,True
22,TEAM ASBOVE,Elmas,C,6.5,6.5,False,True
22,TEAM ASBOVE,Mkhitaryan,C,6.5,6.5,False,True
22,TEAM ASBOVE,Thuram K.,C,5.5,5.5,False,True
22,TEAM ASBOVE,Morata,A,,,False,True
22,TEAM ASBOVE,Rodriguez Je.,A,,,False,True
22,TEAM ASBOVE,Openda,A,,,False,True
22,TEAM ASBOVE,Vaz,A,,,False,True
22,TEAM ASBOVE,Taylor K.,C,6.5,6.0,False,True
22,CUORE LAZIALE,Maignan,P,4.5,3.5,True,False
22,CUORE LAZIALE,Tavares N.,D,6.5,6.5,True,False
22,CUORE LAZIALE,Bartesaghi,D,6.0,6.0,True,False
22,CUORE LAZIALE,Cambiaso,D,5.0,6.0,True,False
22,CUORE LAZIALE,Zaragoza,C,6.0,5.5,True,False
22,CUORE LAZIALE,Zielinski,C,6.5,6.5,True,False
22,CUORE LAZIALE,Pulisic,C,,,False,False
22,CUORE LAZIALE,Zaniolo,C,6.0,6.0,True,False
22,CUORE LAZIALE,De Ketelaere,A,,,False,False
22,CUORE LAZIALE,Lukaku,A,,,False,False
22,CUORE LAZIALE,Soulè,A,6.0,6.0,True,False
22,CUORE LAZIALE,Terracciano,P,,,False,True
22,CUORE LAZIALE,Torriani,P,,,False,True
22,CUORE LAZIALE,Kristensen T.,D,6.0,6.0,False,True
22,CUORE LAZIALE,Kelly L.,D,6.0,6.0,False,True
22,CUORE LAZIALE,Muharemovic,D,4.0,4.0,False,True
22,CUORE LAZIALE,Estupinan,D,,,False,True
22,CUORE LAZIALE,Pellegrini Lu.,D,,,False,True
22,CUORE LAZIALE,Loftus-Cheek,C,,,False,True
22,CUORE LAZIALE,Cristante,C,6.5,6.5,True,True
22,CUORE LAZIALE,Harrison,C,6.5,7.5,False,True
22,CUORE LAZIALE,Berisha M.,C,,,False,True
22,CUORE LAZIALE,Piccoli,A,,,False,True
22,CUORE LAZIALE,Solomon,A,7.0,10.0,True,True
22,CUORE LAZIALE,Pellegrino M.,A,5.5,5.5,True,True
23,11 CRISTANTE UNITED,Leali,P,,,False,False
23,11 CRISTANTE UNITED,Diego Carlos,D,,,False,False
23,11 CRISTANTE UNITED,N'Dicka,D,7.0,7.0,True,False
23,11 CRISTANTE UNITED,Bastoni,D,6.0,5.5,True,False
23,11 CRISTANTE UNITED,Dimarco,D,6.5,7.5,True,False
23,11 CRISTANTE UNITED,Da Cunha,C,5.5,5.5,True,False
23,11 CRISTANTE UNITED,Baturina,C,5.5,5.5,True,False
23,11 CRISTANTE UNITED,Aebischer,C,5.5,5.5,True,False
23,11 CRISTANTE UNITED,Castro S.,A,7.0,11.0,True,False
23,11 CRISTANTE UNITED,Bonny,A,,,False,False
23,11 CRISTANTE UNITED,Thuram,A,6.0,6.0,True,False
23,11 CRISTANTE UNITED,Kalulu,D,5.0,4.0,True,True
23,11 CRISTANTE UNITED,Juan Jesus,D,,,False,True
23,11 CRISTANTE UNITED,Moreno Alb.,D,5.5,5.5,False,True
23,11 CRISTANTE UNITED,Okoye,P,6.0,4.0,True,True
23,11 CRISTANTE UNITED,Pobega,C,,,False,True
23,11 CRISTANTE UNITED,Nzola,A,6.5,6.5,True,True
23,BTGCBUGC,Milinkovic-Savic V.,P,6.0,4.0,True,False
23,BTGCBUGC,Palestra,D,5.5,5.5,True,False
23,BTGCBUGC,Pavlovic,D,6.5,6.5,True,False
23,BTGCBUGC,Scalvini,D,5.5,5.0,True,False
23,BTGCBUGC,Ramon,D,5.5,5.5,True,False
23,BTGCBUGC,Maldini,C,5.5,5.5,True,False
23,BTGCBUGC,Casadei,C,6.0,6.0,True,False
23,BTGCBUGC,Saelemaekers,C,,,False,False
23,BTGCBUGC,Vardy,A,5.5,5.5,True,False
23,BTGCBUGC,Douvikas,A,5.5,5.5,True,False
23,BTGCBUGC,Malen,A,8.0,13.0,True,False
23,BTGCBUGC,Perin,P,,,False,True
23,BTGCBUGC,Di Gregorio,P,5.5,2.5,False,True
23,BTGCBUGC,Cuadrado,D,,,False,True
23,BTGCBUGC,Bisseck,D,6.0,7.0,False,True
23,BTGCBUGC,Mancini,D,6.0,5.5,False,True
23,BTGCBUGC,Zè Pedro,D,6.0,6.0,False,True
23,BTGCBUGC,Zaccagni,C,,,False,True
23,BTGCBUGC,Nicolussi Caviglia,C,6.5,7.5,True,True
23,BTGCBUGC,Brescianini,C,6.0,6.0,False,True
23,BTGCBUGC,Locatelli,C,6.5,9.5,False,True
23,BTGCBUGC,Tramoni M.,C,5.0,5.0,False,True
23,BTGCBUGC,Kean,A,7.0,10.0,False,True
23,BTGCBUGC,Zapata D.,A,6.5,6.5,False,True
23,BTGCBUGC,Dia,A,,,False,True
23,LABORATORIO DATI,Caprile,P,4.5,2.5,True,False
23,LABORATORIO DATI,Valeri,D,6.5,6.5,True,False
23,LABORATORIO DATI,Luperto,D,6.5,6.5,True,False
23,LABORATORIO DATI,Delprato,D,6.0,6.0,True,False
23,LABORATORIO DATI,Conceicao,C,6.0,6.0,True,False
23,LABORATORIO DATI,McKennie,C,7.0,9.0,True,False
23,LABORATORIO DATI,Rabiot,C,5.0,4.0,True,False
23,LABORATORIO DATI,Odgaard,C,,,False,False
23,LABORATORIO DATI,Simeone,A,5.0,5.0,True,False
23,LABORATORIO DATI,Bonazzoli,A,6.0,6.0,True,False
23,LABORATORIO DATI,David,A,5.5,5.5,True,False
23,LABORATORIO DATI,Sommer,P,6.0,4.0,False,True
23,LABORATORIO DATI,Radunovic,P,,,False,True
23,LABORATORIO DATI,Gaspar K.,D,6.5,6.5,False,True
23,LABORATORIO DATI,Martin,D,5.5,5.5,False,True
23,LABORATORIO DATI,Dodò,D,6.5,6.5,False,True
23,LABORATORIO DATI,Gila,D,5.5,5.5,False,True
23,LABORATORIO DATI,Dumfries,D,,,False,True
23,LABORATORIO DATI,Mandragora,C,6.5,6.0,True,True
23,LABORATORIO DATI,Bernardeschi,C,6.5,7.5,False,True
23,LABORATORIO DATI,Neres,C,,,False,True
23,LABORATORIO DATI,Collocolo,C,,,False,True
23,LABORATORIO DATI,Pinamonti,A,7.5,12.5,False,True
23,LABORATORIO DATI,Noslin,A,5.5,5.5,False,True
23,LABORATORIO DATI,Vlahovic,A,,,False,True
23,PREMIER LEAGUE SLOPS,De Gea,P,6.0,5.0,True,False
23,PREMIER LEAGUE SLOPS,Coco,D,5.5,5.5,True,False
23,PREMIER LEAGUE SLOPS,Akanji,D,6.0,6.0,True,False
23,PREMIER LEAGUE SLOPS,Tomori,D,6.5,6.5,True,False
23,PREMIER LEAGUE SLOPS,Mina,D,5.5,5.5,True,False
23,PREMIER LEAGUE SLOPS,Bernabè,C,7.0,10.0,True,False
23,PREMIER LEAGUE SLOPS,Perrone,C,5.0,5.0,True,False
23,PREMIER LEAGUE SLOPS,Luis Henrique,C,5.5,5.5,True,False
23,PREMIER LEAGUE SLOPS,Vlasic,C,6.0,8.5,True,False
23,PREMIER LEAGUE SLOPS,Fullkrug,A,4.5,2.5,True,False
23,PREMIER LEAGUE SLOPS,Scamacca,A,,,False,False
23,PREMIER LEAGUE SLOPS,Lezzerini,P,,,False,True
23,PREMIER LEAGUE SLOPS,Gutierrez,D,5.0,5.0,False,True
23,PREMIER LEAGUE SLOPS,Nelsson,D,5.5,5.5,False,True
23,PREMIER LEAGUE SLOPS,Olivera,D,6.0,6.0,False,True
23,PREMIER LEAGUE SLOPS,Kamara H.,D,,,False,True
23,PREMIER LEAGUE SLOPS,Miretti,C,5.5,5.5,False,True
23,PREMIER LEAGUE SLOPS,Frattesi,C,,,False,True
23,PREMIER LEAGUE SLOPS,Matic,C,,,False,True
23,PREMIER LEAGUE SLOPS,De Bruyne,C,,,False,True
23,PREMIER LEAGUE SLOPS,Kulenovic,A,,,False,True
23,PREMIER LEAGUE SLOPS,Ferguson E.,A,,,False,True
23,PREMIER LEAGUE SLOPS,Cambiaghi,A,,,False,True
23,PREMIER LEAGUE SLOPS,Davis K.,A,,,False,True
23,PREMIER LEAGUE SLOPS,Christensen O.,P,,,False,True
23,KKK,Carnesecchi,P,6.5,7.5,True,False
23,KKK,Wesley,D,6.5,6.5,True,False
23,KKK,Bellanova,D,,,False,False
23,KKK,Djimsiti,D,6.0,5.5,True,False
23,KKK,Atta,C,6.0,5.5,True,False
23,KKK,Malinovskyi,C,6.0,6.0,True,False
23,KKK,Modric,C,7.0,11.0,True,False
23,KKK,Cataldi,C,5.0,5.0,True,False
23,KKK,Laurientè,A,7.0,10.0,True,False
23,KKK,Adams C.,A,5.5,5.5,True,False
23,KKK,Krstovic,A,6.0,6.0,True,False
23,KKK,Sportiello,P,,,False,True
23,KKK,Rossi F.,P,,,False,True
23,KKK,Gosens,D,,,False,True
23,KKK,Carlos Augusto,D,6.0,6.0,True,True
23,KKK,Buongiorno,D,5.5,5.5,False,True
23,KKK,Hermoso,D,,,False,True
23,KKK,Frese,D,,,False,True
23,KKK,McTominay,C,,,False,True
23,KKK,De Roon,C,5.5,5.5,False,True
23,KKK,Amorim,C,,,False,True
23,KKK,Konè M.,C,,,False,True
23,KKK,Esposito Se.,A,5.5,5.5,False,True
23,KKK,Durosinmi,A,,,False,True
23,KKK,Ratkov,A,6.0,6.0,False,True
23,TEAM ZTOTTI,Falcone,P,6.0,7.0,True,False
23,TEAM ZTOTTI,Terracciano F.,D,6.5,6.0,True,False
23,TEAM ZTOTTI,Solet,D,6.5,9.5,True,False
23,TEAM ZTOTTI,Ostigard,D,6.5,6.5,True,False
23,TEAM ZTOTTI,Vojvoda,D,5.5,5.5,True,False
23,TEAM ZTOTTI,Strefezza,C,6.5,6.5,True,False
23,TEAM ZTOTTI,Paz N.,C,5.0,5.0,True,False
23,TEAM ZTOTTI,Zalewski,C,7.0,10.0,True,False
23,TEAM ZTOTTI,Kilicsoy,A,5.5,5.5,True,False
23,TEAM ZTOTTI,Dybala,A,,,False,False
23,TEAM ZTOTTI,Berardi,A,6.0,6.0,True,False
23,TEAM ZTOTTI,Skorupski,P,6.0,5.0,False,True
23,TEAM ZTOTTI,Sava,P,,,False,True
23,TEAM ZTOTTI,Gallo,D,6.0,6.0,False,True
23,TEAM ZTOTTI,Marianucci,D,5.5,5.5,False,True
23,TEAM ZTOTTI,Rrahmani,D,5.0,4.5,False,True
23,TEAM ZTOTTI,Ziolkowski,D,,,False,True
23,TEAM ZTOTTI,Venturino,C,5.5,5.5,False,True
23,TEAM ZTOTTI,Konè I.,C,6.5,6.5,False,True
23,TEAM ZTOTTI,Baldanzi,C,6.0,6.0,False,True
23,TEAM ZTOTTI,Ricci S.,C,6.5,7.5,False,True
23,TEAM ZTOTTI,Lobotka,C,6.0,6.0,False,True
23,TEAM ZTOTTI,Esposito F.P.,A,7.0,10.0,True,True
23,TEAM ZTOTTI,Giovane,A,6.5,7.5,False,True
23,TEAM ZTOTTI,Bowie,A,6.5,6.5,False,True
23,CUORE LAZIALE,Maignan,P,6.5,5.5,True,False
23,CUORE LAZIALE,Bartesaghi,D,6.5,6.0,True,False
23,CUORE LAZIALE,Kristensen T.,D,5.5,5.5,True,False
23,CUORE LAZIALE,Cambiaso,D,6.5,7.5,True,False
23,CUORE LAZIALE,Pulisic,C,,,False,False
23,CUORE LAZIALE,Loftus-Cheek,C,7.0,10.0,True,False
23,CUORE LAZIALE,Zielinski,C,7.0,10.5,True,False
23,CUORE LAZIALE,Zaniolo,C,6.5,6.5,True,False
23,CUORE LAZIALE,Lukaku,A,,,False,False
23,CUORE LAZIALE,Pellegrino M.,A,6.5,10.5,True,False
23,CUORE LAZIALE,Soulè,A,5.0,5.0,True,False
23,CUORE LAZIALE,Terracciano,P,,,False,True
23,CUORE LAZIALE,Torriani,P,,,False,True
23,CUORE LAZIALE,Estupinan,D,,,False,True
23,CUORE LAZIALE,Tavares N.,D,5.5,5.5,False,True
23,CUORE LAZIALE,Pellegrini Lu.,D,,,False,True
23,CUORE LAZIALE,Kelly L.,D,6.5,6.5,False,True
23,CUORE LAZIALE,Muharemovic,D,5.5,5.0,False,True
23,CUORE LAZIALE,Zaragoza,C,6.0,7.0,True,True
23,CUORE LAZIALE,Harrison,C,6.0,6.0,False,True
23,CUORE LAZIALE,Cristante,C,6.0,6.0,False,True
23,CUORE LAZIALE,Berisha M.,C,,,False,True
23,CUORE LAZIALE,Solomon,A,6.5,6.5,True,True
23,CUORE LAZIALE,Piccoli,A,,,False,True
23,CUORE LAZIALE,De Ketelaere,A,,,False,True
23,TEAM JODIODDR,Svilar,P,6.0,4.0,True,False
23,TEAM JODIODDR,Zappacosta,D,6.5,6.5,True,False
23,TEAM JODIODDR,Valle,D,6.0,6.0,True,False
23,TEAM JODIODDR,Hien,D,,,False,False
23,TEAM JODIODDR,Obrador,D,,,False,False
23,TEAM JODIODDR,Ondrejka,C,6.0,6.0,True,False
23,TEAM JODIODDR,Isaksen,C,5.0,5.0,True,False
23,TEAM JODIODDR,Pisilli,C,5.5,5.5,True,False
23,TEAM JODIODDR,Frendrup,C,6.0,6.0,True,False
23,TEAM JODIODDR,Leao,A,5.5,5.5,True,False
23,TEAM JODIODDR,Sulemana K.,A,6.0,6.0,True,False
23,TEAM JODIODDR,Gollini,P,,,False,True
23,TEAM JODIODDR,Martinez Jo.,P,,,False,True
23,TEAM JODIODDR,Rensch,D,,,False,True
23,TEAM JODIODDR,Circati,D,5.0,4.5,True,True
23,TEAM JODIODDR,Belghali,D,5.5,5.5,True,True
23,TEAM JODIODDR,Baschirotto,D,7.0,7.0,False,True
23,TEAM JODIODDR,Santos A.,C,7.5,11.5,False,True
23,TEAM JODIODDR,Thorstvedt,C,6.0,6.0,False,True
23,TEAM JODIODDR,Zambo Anguissa,C,,,False,True
23,TEAM JODIODDR,Gudmundsson A.,C,,,False,True
23,TEAM JODIODDR,Orban G.,A,4.0,3.0,False,True
23,TEAM JODIODDR,Cancellieri,A,,,False,True
23,TEAM JODIODDR,Djuric,A,6.5,6.5,False,True
23,TEAM JODIODDR,Diao,A,,,False,True
23,U CAN U UP,Provedel,P,5.5,3.5,True,False
23,U CAN U UP,Miranda J.,D,5.5,5.5,True,False
23,U CAN U UP,Gabbia,D,5.5,5.5,True,False
23,U CAN U UP,Zortea,D,6.0,6.0,True,False
23,U CAN U UP,Orsolini,C,,,False,False
23,U CAN U UP,Samardzic,C,6.0,6.0,True,False
23,U CAN U UP,Ederson D.S.,C,7.0,10.0,True,False
23,U CAN U UP,Ekkelenkamp,C,6.0,6.0,True,False
23,U CAN U UP,Hojlund,A,6.0,6.0,True,False
23,U CAN U UP,Yildiz,A,6.0,6.0,True,False
23,U CAN U UP,Raspadori,A,6.0,6.0,True,False
23,U CAN U UP,Motta,P,,,False,True
23,U CAN U UP,Furlanetto,P,,,False,True
23,U CAN U UP,Canestrelli,D,6.0,6.0,False,True
23,U CAN U UP,Britschgi,D,5.5,5.5,False,True
23,U CAN U UP,Gatti,D,,,False,True
23,U CAN U UP,Holm,D,6.0,6.0,False,True
23,U CAN U UP,Veiga D.,D,6.5,6.5,False,True
23,U CAN U UP,Pasalic,C,,,False,True
23,U CAN U UP,Ramadani,C,7.0,10.0,True,True
23,U CAN U UP,Thorsby,C,6.5,6.5,False,True
23,U CAN U UP,Koopmeiners,C,6.0,6.0,False,True
23,U CAN U UP,Colombo,A,5.5,5.5,False,True
23,U CAN U UP,Cheddira,A,6.0,6.0,False,True
23,U CAN U UP,Sarr A.,A,5.5,5.5,False,True
23,TEAM ASBOVE,Butez,P,6.0,4.0,True,False
23,TEAM ASBOVE,Spinazzola,D,6.5,9.5,True,False
23,TEAM ASBOVE,Bremer,D,7.0,7.0,True,False
23,TEAM ASBOVE,Vasquez,D,6.5,6.5,True,False
23,TEAM ASBOVE,Celik,D,6.0,6.0,True,False
23,TEAM ASBOVE,Rowe,C,7.0,8.0,True,False
23,TEAM ASBOVE,Taylor K.,C,6.0,5.5,True,False
23,TEAM ASBOVE,Pellegrini Lo.,C,5.5,5.5,True,False
23,TEAM ASBOVE,Vergara,C,5.5,5.5,True,False
23,TEAM ASBOVE,Martinez L.,A,5.5,5.5,True,False
23,TEAM ASBOVE,Nkunku,A,5.5,5.5,True,False
23,TEAM ASBOVE,Meret,P,,,False,True
23,TEAM ASBOVE,Bijlow,P,6.5,7.5,False,True
23,TEAM ASBOVE,Bernasconi,D,6.5,7.0,False,True
23,TEAM ASBOVE,Heggem,D,,,False,True
23,TEAM ASBOVE,Norton-Cuffy,D,6.5,6.5,False,True
23,TEAM ASBOVE,Acerbi,D,,,False,True
23,TEAM ASBOVE,Elmas,C,6.5,7.5,False,True
23,TEAM ASBOVE,Thuram K.,C,,,False,True
23,TEAM ASBOVE,Sucic P.,C,6.5,6.5,False,True
23,TEAM ASBOVE,Mkhitaryan,C,,,False,True
23,TEAM ASBOVE,Vaz,A,5.5,5.5,False,True
23,TEAM ASBOVE,Rodriguez Je.,A,6.5,6.0,False,True
23,TEAM ASBOVE,Morata,A,5.0,4.0,False,True
23,TEAM ASBOVE,Openda,A,,,False,True
24,BTGCBUGC,Perin,P,,,False,False
24,BTGCBUGC,Palestra,D,6.5,6.5,True,False
24,BTGCBUGC,Pavlovic,D,5.5,5.5,True,False
24,BTGCBUGC,Mancini,D,6.5,6.5,True,False
24,BTGCBUGC,Bisseck,D,6.0,6.0,True,False
24,BTGCBUGC,Zaccagni,C,5.5,5.5,True,False
24,BTGCBUGC,Maldini,C,5.5,5.5,True,False
24,BTGCBUGC,Brescianini,C,6.0,6.0,True,False
24,BTGCBUGC,Saelemaekers,C,5.5,5.0,True,False
24,BTGCBUGC,Kean,A,7.0,11.0,True,False
24,BTGCBUGC,Malen,A,7.0,7.0,True,False
24,BTGCBUGC,Di Gregorio,P,4.5,2.5,True,True
24,BTGCBUGC,Milinkovic-Savic V.,P,6.5,4.5,False,True
24,BTGCBUGC,Cuadrado,D,6.0,5.5,False,True
24,BTGCBUGC,Ramon,D,6.5,6.5,False,True
24,BTGCBUGC,Scalvini,D,6.0,6.0,False,True
24,BTGCBUGC,Zè Pedro,D,6.5,6.0,False,True
24,BTGCBUGC,Locatelli,C,6.0,5.5,False,True
24,BTGCBUGC,Casadei,C,,,False,True
24,BTGCBUGC,Nicolussi Caviglia,C,6.0,6.0,False,True
24,BTGCBUGC,Tramoni M.,C,,,False,True
24,BTGCBUGC,Douvikas,A,6.5,7.5,False,True
24,BTGCBUGC,Dia,A,,,False,True
24,BTGCBUGC,Zapata D.,A,5.5,5.5,False,True
24,BTGCBUGC,Vardy,A,5.0,5.0,False,True
24,CUORE LAZIALE,Maignan,P,6.0,5.0,True,False
24,CUORE LAZIALE,Tavares N.,D,6.0,6.0,True,False
24,CUORE LAZIALE,Bartesaghi,D,5.5,5.5,True,False
24,CUORE LAZIALE,Cambiaso,D,5.5,5.5,True,False
24,CUORE LAZIALE,Zaniolo,C,5.5,5.5,True,False
24,CUORE LAZIALE,Pulisic,C,6.0,6.0,True,False
24,CUORE LAZIALE,Zielinski,C,6.5,6.5,True,False
24,CUORE LAZIALE,Zaragoza,C,5.5,5.5,True,False
24,CUORE LAZIALE,Solomon,A,6.0,6.0,True,False
24,CUORE LAZIALE,Lukaku,A,,,False,False
24,CUORE LAZIALE,Soulè,A,,,False,False
24,CUORE LAZIALE,Terracciano,P,,,False,True
24,CUORE LAZIALE,Torriani,P,,,False,True
24,CUORE LAZIALE,Pellegrini Lu.,D,5.5,5.0,False,True
24,CUORE LAZIALE,Estupinan,D,5.5,5.5,False,True
24,CUORE LAZIALE,Kelly L.,D,5.5,5.5,False,True
24,CUORE LAZIALE,Kristensen T.,D,6.0,6.0,False,True
24,CUORE LAZIALE,Muharemovic,D,,,False,True
24,CUORE LAZIALE,Harrison,C,6.0,6.0,False,True
24,CUORE LAZIALE,Loftus-Cheek,C,,,False,True
24,CUORE LAZIALE,Cristante,C,7.5,12.5,False,True
24,CUORE LAZIALE,Berisha M.,C,,,False,True
24,CUORE LAZIALE,Pellegrino M.,A,6.0,6.0,True,True
24,CUORE LAZIALE,Piccoli,A,,,False,True
24,CUORE LAZIALE,De Ketelaere,A,,,False,True
24,TEAM JODIODDR,Svilar,P,6.5,7.5,True,False
24,TEAM JODIODDR,Zappacosta,D,6.0,6.0,True,False
24,TEAM JODIODDR,Valle,D,6.0,6.0,True,False
24,TEAM JODIODDR,Hien,D,5.5,5.5,True,False
24,TEAM JODIODDR,Rensch,D,,,False,False
24,TEAM JODIODDR,Santos A.,C,5.5,5.5,True,False
24,TEAM JODIODDR,Isaksen,C,5.5,5.5,True,False
24,TEAM JODIODDR,Pisilli,C,7.0,10.0,True,False
24,TEAM JODIODDR,Frendrup,C,6.0,6.0,True,False
24,TEAM JODIODDR,Leao,A,5.5,5.0,True,False
24,TEAM JODIODDR,Sulemana K.,A,6.0,6.0,True,False
24,TEAM JODIODDR,Gollini,P,,,False,True
24,TEAM JODIODDR,Martinez Jo.,P,,,False,True
24,TEAM JODIODDR,Baschirotto,D,,,False,True
24,TEAM JODIODDR,Circati,D,,,False,True
24,TEAM JODIODDR,Belghali,D,,,False,True
24,TEAM JODIODDR,Obrador,D,5.5,5.5,True,True
24,TEAM JODIODDR,Thorstvedt,C,6.0,6.0,False,True
24,TEAM JODIODDR,Ondrejka,C,6.0,6.0,False,True
24,TEAM JODIODDR,Zambo Anguissa,C,,,False,True
24,TEAM JODIODDR,Gudmundsson A.,C,,,False,True
24,TEAM JODIODDR,Djuric,A,6.0,6.0,False,True
24,TEAM JODIODDR,Cancellieri,A,5.5,5.5,False,True
24,TEAM JODIODDR,Orban G.,A,,,False,True
24,TEAM JODIODDR,Diao,A,,,False,True
24,U CAN U UP,Provedel,P,6.0,7.0,True,False
24,U CAN U UP,Miranda J.,D,6.0,5.5,True,False
24,U CAN U UP,Gatti,D,6.0,6.0,True,False
24,U CAN U UP,Zortea,D,,,False,False
24,U CAN U UP,Orsolini,C,5.5,5.5,True,False
24,U CAN U UP,Samardzic,C,7.0,11.0,True,False
24,U CAN U UP,Ederson D.S.,C,,,False,False
24,U CAN U UP,Ekkelenkamp,C,6.0,6.0,True,False
24,U CAN U UP,Yildiz,A,6.0,6.0,True,False
24,U CAN U UP,Hojlund,A,6.0,6.0,True,False
24,U CAN U UP,Colombo,A,6.5,6.5,True,False
24,U CAN U UP,Motta,P,,,False,True
24,U CAN U UP,Furlanetto,P,,,False,True
24,U CAN U UP,Gabbia,D,,,False,True
24,U CAN U UP,Canestrelli,D,4.5,4.5,True,True
24,U CAN U UP,Britschgi,D,6.0,6.0,False,True
24,U CAN U UP,Veiga D.,D,6.0,6.0,False,True
24,U CAN U UP,Pasalic,C,7.0,10.0,True,True
24,U CAN U UP,Ramadani,C,5.5,5.5,False,True
24,U CAN U UP,Thorsby,C,5.5,5.0,False,True
24,U CAN U UP,Koopmeiners,C,5.0,5.0,False,True
24,U CAN U UP,Sarr A.,A,5.0,5.0,False,True
24,U CAN U UP,Cheddira,A,5.0,5.0,False,True
24,TEAM ZTOTTI,Falcone,P,7.0,5.0,True,False
24,TEAM ZTOTTI,Terracciano F.,D,6.0,6.0,True,False
24,TEAM ZTOTTI,Solet,D,,,False,False
24,TEAM ZTOTTI,Ostigard,D,6.5,6.5,True,False
24,TEAM ZTOTTI,Vojvoda,D,7.0,11.0,True,False
24,TEAM ZTOTTI,Strefezza,C,6.5,6.5,True,False
24,TEAM ZTOTTI,Ricci S.,C,,,False,False
24,TEAM ZTOTTI,Konè I.,C,6.5,6.5,True,False
24,TEAM ZTOTTI,Kilicsoy,A,6.0,6.0,True,False
24,TEAM ZTOTTI,Esposito F.P.,A,6.0,6.0,True,False
24,TEAM ZTOTTI,Berardi,A,7.0,11.0,True,False
24,TEAM ZTOTTI,Skorupski,P,6.0,7.0,False,True
24,TEAM ZTOTTI,Sava,P,,,False,True
24,TEAM ZTOTTI,Ziolkowski,D,,,False,True
24,TEAM ZTOTTI,Gallo,D,5.5,5.5,True,True
24,TEAM ZTOTTI,Marianucci,D,,,False,True
24,TEAM ZTOTTI,Zalewski,C,7.0,7.5,True,True
24,TEAM ZTOTTI,Baldanzi,C,7.0,7.0,False,True
24,TEAM ZTOTTI,Venturino,C,6.5,6.5,False,True
24,TEAM ZTOTTI,Lobotka,C,6.0,6.0,False,True
24,TEAM ZTOTTI,Giovane,A,5.5,5.5,False,True
24,TEAM ZTOTTI,Bowie,A,5.0,5.0,False,True
24,LABORATORIO DATI,Sommer,P,6.0,7.0,True,False
24,LABORATORIO DATI,Martin,D,,,False,False
24,LABORATORIO DATI,Dodò,D,6.5,6.0,True,False
24,LABORATORIO DATI,Delprato,D,6.5,6.5,True,False
24,LABORATORIO DATI,Conceicao,C,6.0,6.0,True,False
24,LABORATORIO DATI,McKennie,C,5.0,5.0,True,False
24,LABORATORIO DATI,Rabiot,C,6.5,6.5,True,False
24,LABORATORIO DATI,Odgaard,C,,,False,False
24,LABORATORIO DATI,Simeone,A,5.5,5.0,True,False
24,LABORATORIO DATI,David,A,5.5,5.5,True,False
24,LABORATORIO DATI,Pinamonti,A,7.0,11.0,True,False
24,LABORATORIO DATI,Caprile,P,6.5,7.5,False,True
24,LABORATORIO DATI,Radunovic,P,,,False,True
24,LABORATORIO DATI,Gaspar K.,D,,,False,True
24,LABORATORIO DATI,Valeri,D,6.5,7.5,True,True
24,LABORATORIO DATI,Luperto,D,5.5,5.5,False,True
24,LABORATORIO DATI,Gila,D,,,False,True
24,LABORATORIO DATI,Dumfries,D,,,False,True
24,LABORATORIO DATI,Mandragora,C,,,False,True
24,LABORATORIO DATI,Bernardeschi,C,7.0,10.0,True,True
24,LABORATORIO DATI,Neres,C,,,False,True
24,LABORATORIO DATI,Collocolo,C,,,False,True
24,LABORATORIO DATI,Bonazzoli,A,5.5,5.5,False,True
24,LABORATORIO DATI,Noslin,A,6.5,6.5,False,True
24,LABORATORIO DATI,Vlahovic,A,,,False,True
24,TEAM ASBOVE,Bijlow,P,6.0,7.0,True,False
24,TEAM ASBOVE,Bernasconi,D,6.5,7.5,True,False
24,TEAM ASBOVE,Acerbi,D,,,False,False
24,TEAM ASBOVE,Vasquez,D,6.5,6.5,True,False
24,TEAM ASBOVE,Celik,D,6.5,6.5,True,False
24,TEAM ASBOVE,Rowe,C,6.0,6.0,True,False
24,TEAM ASBOVE,Sucic P.,C,5.5,5.5,True,False
24,TEAM ASBOVE,Pellegrini Lo.,C,6.0,7.0,True,False
24,TEAM ASBOVE,Taylor K.,C,6.0,6.0,True,False
24,TEAM ASBOVE,Nkunku,A,,,False,False
24,TEAM ASBOVE,Vaz,A,,,False,False
24,TEAM ASBOVE,Meret,P,,,False,True
24,TEAM ASBOVE,Butez,P,6.0,7.0,False,True
24,TEAM ASBOVE,Heggem,D,,,False,True
24,TEAM ASBOVE,Norton-Cuffy,D,7.0,11.0,True,True
24,TEAM ASBOVE,Spinazzola,D,5.5,5.5,False,True
24,TEAM ASBOVE,Elmas,C,5.5,5.5,False,True
24,TEAM ASBOVE,Vergara,C,6.0,6.0,False,True
24,TEAM ASBOVE,Thuram K.,C,5.5,5.5,False,True
24,TEAM ASBOVE,Mkhitaryan,C,7.0,11.0,False,True
24,TEAM ASBOVE,Rodriguez Je.,A,,,False,True
24,TEAM ASBOVE,Morata,A,,,False,True
24,TEAM ASBOVE,Openda,A,5.0,5.0,True,True
24,TEAM ASBOVE,Martinez L.,A,,,False,True
24,TEAM ASBOVE,Bremer,D,,,False,True
24,KKK,Carnesecchi,P,6.0,5.0,True,False
24,KKK,Carlos Augusto,D,,,False,False
24,KKK,Bellanova,D,5.5,5.5,True,False
24,KKK,Djimsiti,D,6.0,6.0,True,False
24,KKK,Konè M.,C,6.0,6.0,True,False
24,KKK,Malinovskyi,C,6.5,6.5,True,False
24,KKK,Modric,C,6.0,6.0,True,False
24,KKK,Atta,C,6.0,6.0,True,False
24,KKK,Laurientè,A,7.5,9.5,True,False
24,KKK,Esposito Se.,A,6.0,6.0,True,False
24,KKK,Krstovic,A,6.0,6.0,True,False
24,KKK,Sportiello,P,,,False,True
24,KKK,Rossi F.,P,,,False,True
24,KKK,Gosens,D,,,False,True
24,KKK,Buongiorno,D,5.5,5.5,True,True
24,KKK,Hermoso,D,,,False,True
24,KKK,Frese,D,5.5,5.5,False,True
24,KKK,McTominay,C,,,False,True
24,KKK,Cataldi,C,6.5,6.5,False,True
24,KKK,De Roon,C,6.0,6.0,False,True
24,KKK,Amorim,C,6.0,6.0,False,True
24,KKK,Durosinmi,A,5.5,5.5,False,True
24,KKK,Ratkov,A,6.0,6.0,False,True
24,KKK,Wesley,D,5.5,5.5,False,True
24,KKK,Adams C.,A,,,False,True
24,PREMIER LEAGUE SLOPS,De Gea,P,6.0,7.0,True,False
24,PREMIER LEAGUE SLOPS,Coco,D,5.5,5.5,True,False
24,PREMIER LEAGUE SLOPS,Akanji,D,7.0,10.0,True,False
24,PREMIER LEAGUE SLOPS,Tomori,D,6.0,6.0,True,False
24,PREMIER LEAGUE SLOPS,Mina,D,5.0,4.0,True,False
24,PREMIER LEAGUE SLOPS,Frattesi,C,5.5,5.5,True,False
24,PREMIER LEAGUE SLOPS,Matic,C,,,False,False
24,PREMIER LEAGUE SLOPS,Luis Henrique,C,6.0,6.0,True,False
24,PREMIER LEAGUE SLOPS,Vlasic,C,6.0,6.0,True,False
24,PREMIER LEAGUE SLOPS,Fullkrug,A,5.5,5.5,True,False
24,PREMIER LEAGUE SLOPS,Davis K.,A,,,False,False
24,PREMIER LEAGUE SLOPS,Lezzerini,P,,,False,True
24,PREMIER LEAGUE SLOPS,Gutierrez,D,6.5,7.5,False,True
24,PREMIER LEAGUE SLOPS,Nelsson,D,5.0,5.0,False,True
24,PREMIER LEAGUE SLOPS,Olivera,D,5.0,5.0,False,True
24,PREMIER LEAGUE SLOPS,Kamara H.,D,,,False,True
24,PREMIER LEAGUE SLOPS,Miretti,C,5.5,5.5,True,True
24,PREMIER LEAGUE SLOPS,Bernabè,C,6.0,6.0,False,True
24,PREMIER LEAGUE SLOPS,Perrone,C,7.0,7.0,False,True
24,PREMIER LEAGUE SLOPS,De Bruyne,C,,,False,True
24,PREMIER LEAGUE SLOPS,Scamacca,A,6.5,6.5,True,True
24,PREMIER LEAGUE SLOPS,Kulenovic,A,5.5,5.5,False,True
24,PREMIER LEAGUE SLOPS,Ferguson E.,A,,,False,True
24,PREMIER LEAGUE SLOPS,Cambiaghi,A,6.0,6.0,False,True
24,PREMIER LEAGUE SLOPS,Christensen O.,P,,,False,True
24,11 CRISTANTE UNITED,Leali,P,,,False,False
24,11 CRISTANTE UNITED,Diego Carlos,D,6.0,6.0,True,False
24,11 CRISTANTE UNITED,N'Dicka,D,7.0,10.0,True,False
24,11 CRISTANTE UNITED,Bastoni,D,6.0,5.5,True,False
24,11 CRISTANTE UNITED,Dimarco,D,7.0,8.0,True,False
24,11 CRISTANTE UNITED,Da Cunha,C,6.5,7.5,True,False
24,11 CRISTANTE UNITED,Baturina,C,6.0,6.0,True,False
24,11 CRISTANTE UNITED,Aebischer,C,5.5,5.5,True,False
24,11 CRISTANTE UNITED,Castro S.,A,6.5,6.5,True,False
24,11 CRISTANTE UNITED,Bonny,A,6.0,6.0,True,False
24,11 CRISTANTE UNITED,Thuram,A,5.5,5.5,True,False
24,11 CRISTANTE UNITED,Kalulu,D,,,False,True
24,11 CRISTANTE UNITED,Juan Jesus,D,6.5,6.0,False,True
24,11 CRISTANTE UNITED,Moreno Alb.,D,,,False,True
24,11 CRISTANTE UNITED,Okoye,P,6.0,5.0,True,True
24,11 CRISTANTE UNITED,Pobega,C,6.0,6.0,False,True
24,11 CRISTANTE UNITED,Nzola,A,6.0,6.0,False,True
25,11 CRISTANTE UNITED,Okoye,P,6.0,7.0,True,False
25,11 CRISTANTE UNITED,De Winter,D,6.5,7.5,True,False
25,11 CRISTANTE UNITED,N'Dicka,D,6.5,9.5,True,False
25,11 CRISTANTE UNITED,Beukema,D,6.0,6.0,True,False
25,11 CRISTANTE UNITED,Dimarco,D,7.0,11.0,True,False
25,11 CRISTANTE UNITED,Da Cunha,C,7.0,8.0,True,False
25,11 CRISTANTE UNITED,Barella,C,6.0,6.0,True,False
25,11 CRISTANTE UNITED,Calhanoglu,C,7.0,8.5,True,False
25,11 CRISTANTE UNITED,Castro S.,A,6.0,6.0,True,False
25,11 CRISTANTE UNITED,Bonny,A,6.5,6.5,True,False
25,11 CRISTANTE UNITED,Thuram,A,5.5,5.5,True,False
25,11 CRISTANTE UNITED,Kalulu,D,5.5,5.5,False,True
25,11 CRISTANTE UNITED,Juan Jesus,D,6.0,5.5,False,True
25,11 CRISTANTE UNITED,Pobega,C,,,False,True
25,11 CRISTANTE UNITED,Nzola,A,6.0,6.0,False,True
25,11 CRISTANTE UNITED,Politano,C,6.0,6.0,False,True
25,11 CRISTANTE UNITED,Vitinha O.,A,5.5,5.5,False,True
25,11 CRISTANTE UNITED,Kuhn,A,,,False,True
25,11 CRISTANTE UNITED,Leali,P,,,False,True
25,11 CRISTANTE UNITED,Diego Carlos,D,6.0,6.0,False,True
25,11 CRISTANTE UNITED,Aebischer,C,6.5,6.5,False,True
25,LABORATORIO DATI,Sommer,P,6.0,7.0,True,False
25,LABORATORIO DATI,Martin,D,5.5,5.5,True,False
25,LABORATORIO DATI,Valeri,D,6.0,6.0,True,False
25,LABORATORIO DATI,Delprato,D,6.0,6.0,True,False
25,LABORATORIO DATI,Conceicao,C,6.5,9.5,True,False
25,LABORATORIO DATI,McKennie,C,6.0,7.0,True,False
25,LABORATORIO DATI,Rabiot,C,6.5,6.5,True,False
25,LABORATORIO DATI,Mandragora,C,5.5,5.5,True,False
25,LABORATORIO DATI,Simeone,A,7.0,11.0,True,False
25,LABORATORIO DATI,David,A,5.5,5.5,True,False
25,LABORATORIO DATI,Pinamonti,A,4.0,3.0,True,False
25,LABORATORIO DATI,Caprile,P,7.0,6.0,False,True
25,LABORATORIO DATI,Radunovic,P,,,False,True
25,LABORATORIO DATI,Gaspar K.,D,,,False,True
25,LABORATORIO DATI,Dodò,D,,,False,True
25,LABORATORIO DATI,Dumfries,D,,,False,True
25,LABORATORIO DATI,Luperto,D,5.5,5.5,False,True
25,LABORATORIO DATI,Gila,D,,,False,True
25,LABORATORIO DATI,Odgaard,C,7.0,11.0,False,True
25,LABORATORIO DATI,Bernardeschi,C,5.5,5.5,False,True
25,LABORATORIO DATI,Neres,C,,,False,True
25,LABORATORIO DATI,Collocolo,C,,,False,True
25,LABORATORIO DATI,Bonazzoli,A,6.0,6.0,False,True
25,LABORATORIO DATI,Noslin,A,6.0,6.0,False,True
25,LABORATORIO DATI,Vlahovic,A,,,False,True
25,KKK,Carnesecchi,P,6.5,4.5,True,False
25,KKK,Carlos Augusto,D,6.5,6.5,True,False
25,KKK,Bellanova,D,6.0,6.0,True,False
25,KKK,Djimsiti,D,6.0,6.0,True,False
25,KKK,Konè M.,C,6.5,7.5,True,False
25,KKK,De Roon,C,5.0,5.0,True,False
25,KKK,Modric,C,7.0,7.0,True,False
25,KKK,Atta,C,,,False,False
25,KKK,Laurientè,A,7.0,9.0,True,False
25,KKK,Esposito Se.,A,6.5,7.0,True,False
25,KKK,Krstovic,A,6.0,6.0,True,False
25,KKK,Sportiello,P,,,False,True
25,KKK,Rossi F.,P,,,False,True
25,KKK,Buongiorno,D,6.0,6.0,False,True
25,KKK,Wesley,D,7.0,9.5,False,True
25,KKK,Gosens,D,,,False,True
25,KKK,Frese,D,6.0,6.0,False,True
25,KKK,Cataldi,C,6.0,6.0,True,True
25,KKK,Malinovskyi,C,5.0,4.5,False,True
25,KKK,Amorim,C,5.0,5.0,False,True
25,KKK,Durosinmi,A,6.0,6.0,False,True
25,KKK,Ratkov,A,5.0,5.0,False,True
25,KKK,Adams C.,A,,,False,True
25,KKK,McTominay,C,,,False,True
25,KKK,Hermoso,D,,,False,True
25,TEAM JODIODDR,Svilar,P,6.0,3.0,True,False
25,TEAM JODIODDR,Zappacosta,D,6.5,7.5,True,False
25,TEAM JODIODDR,Valle,D,,,False,False
25,TEAM JODIODDR,Hien,D,6.0,6.0,True,False
25,TEAM JODIODDR,Rensch,D,6.5,6.5,True,False
25,TEAM JODIODDR,Santos A.,C,6.0,6.0,True,False
25,TEAM JODIODDR,Isaksen,C,5.5,5.5,True,False
25,TEAM JODIODDR,Pisilli,C,7.5,8.5,True,False
25,TEAM JODIODDR,Ondrejka,C,,,False,False
25,TEAM JODIODDR,Leao,A,6.0,9.0,True,False
25,TEAM JODIODDR,Sulemana K.,A,5.0,5.0,True,False
25,TEAM JODIODDR,Gollini,P,,,False,True
25,TEAM JODIODDR,Martinez Jo.,P,,,False,True
25,TEAM JODIODDR,Obrador,D,6.5,7.5,True,True
25,TEAM JODIODDR,Belghali,D,,,False,True
25,TEAM JODIODDR,Circati,D,,,False,True
25,TEAM JODIODDR,Baschirotto,D,,,False,True
25,TEAM JODIODDR,Gudmundsson A.,C,5.0,5.0,True,True
25,TEAM JODIODDR,Frendrup,C,6.0,6.0,False,True
25,TEAM JODIODDR,Zambo Anguissa,C,,,False,True
25,TEAM JODIODDR,Thorstvedt,C,7.0,11.0,False,True
25,TEAM JODIODDR,Djuric,A,5.5,5.5,False,True
25,TEAM JODIODDR,Cancellieri,A,5.0,5.0,False,True
25,TEAM JODIODDR,Orban G.,A,,,False,True
25,TEAM JODIODDR,Diao,A,,,False,True
25,CUORE LAZIALE,Maignan,P,6.0,7.0,True,False
25,CUORE LAZIALE,Pellegrini Lu.,D,5.0,5.0,True,False
25,CUORE LAZIALE,Tavares N.,D,6.5,6.0,True,False
25,CUORE LAZIALE,Bartesaghi,D,6.0,6.0,True,False
25,CUORE LAZIALE,Cambiaso,D,5.0,5.0,True,False
25,CUORE LAZIALE,Pulisic,C,5.0,5.0,True,False
25,CUORE LAZIALE,Zielinski,C,6.0,6.0,True,False
25,CUORE LAZIALE,Zaniolo,C,7.0,8.0,True,False
25,CUORE LAZIALE,Zaragoza,C,,,False,False
25,CUORE LAZIALE,Harrison,C,5.0,5.0,True,False
25,CUORE LAZIALE,Lukaku,A,7.0,10.5,True,False
25,CUORE LAZIALE,Terracciano,P,,,False,True
25,CUORE LAZIALE,Torriani,P,,,False,True
25,CUORE LAZIALE,Estupinan,D,,,False,True
25,CUORE LAZIALE,Kristensen T.,D,6.5,6.5,False,True
25,CUORE LAZIALE,Muharemovic,D,6.5,6.5,False,True
25,CUORE LAZIALE,Kelly L.,D,5.0,5.0,False,True
25,CUORE LAZIALE,Cristante,C,5.5,5.5,True,True
25,CUORE LAZIALE,Berisha M.,C,,,False,True
25,CUORE LAZIALE,Loftus-Cheek,C,,,False,True
25,CUORE LAZIALE,Pellegrino M.,A,5.5,5.0,False,True
25,CUORE LAZIALE,Soulè,A,,,False,True
25,CUORE LAZIALE,Piccoli,A,5.5,5.5,False,True
25,CUORE LAZIALE,De Ketelaere,A,,,False,True
25,CUORE LAZIALE,Solomon,A,,,False,True
25,PREMIER LEAGUE SLOPS,De Gea,P,6.0,3.0,True,False
25,PREMIER LEAGUE SLOPS,Olivera,D,,,False,False
25,PREMIER LEAGUE SLOPS,Akanji,D,6.0,6.0,True,False
25,PREMIER LEAGUE SLOPS,Tomori,D,6.5,6.5,True,False
25,PREMIER LEAGUE SLOPS,Gutierrez,D,6.0,6.0,True,False
25,PREMIER LEAGUE SLOPS,Perrone,C,7.0,8.0,True,False
25,PREMIER LEAGUE SLOPS,Bernabè,C,6.5,6.5,True,False
25,PREMIER LEAGUE SLOPS,Luis Henrique,C,6.5,6.5,True,False
25,PREMIER LEAGUE SLOPS,Vlasic,C,6.0,5.5,True,False
25,PREMIER LEAGUE SLOPS,Fullkrug,A,6.0,6.0,True,False
25,PREMIER LEAGUE SLOPS,Scamacca,A,5.5,5.5,True,False
25,PREMIER LEAGUE SLOPS,Lezzerini,P,,,False,True
25,PREMIER LEAGUE SLOPS,Coco,D,6.5,6.5,True,True
25,PREMIER LEAGUE SLOPS,Mina,D,,,False,True
25,PREMIER LEAGUE SLOPS,Nelsson,D,6.0,6.0,False,True
25,PREMIER LEAGUE SLOPS,Kamara H.,D,6.0,6.0,False,True
25,PREMIER LEAGUE SLOPS,Miretti,C,6.0,6.0,False,True
25,PREMIER LEAGUE SLOPS,Matic,C,6.0,5.5,False,True
25,PREMIER LEAGUE SLOPS,Frattesi,C,6.0,6.0,False,True
25,PREMIER LEAGUE SLOPS,De Bruyne,C,,,False,True
25,PREMIER LEAGUE SLOPS,Davis K.,A,7.5,9.5,False,True
25,PREMIER LEAGUE SLOPS,Kulenovic,A,,,False,True
25,PREMIER LEAGUE SLOPS,Ferguson E.,A,,,False,True
25,PREMIER LEAGUE SLOPS,Cambiaghi,A,5.5,5.5,False,True
25,PREMIER LEAGUE SLOPS,Christensen O.,P,,,False,True
25,U CAN U UP,Provedel,P,6.0,4.0,True,False
25,U CAN U UP,Veiga D.,D,4.5,4.5,True,False
25,U CAN U UP,Canestrelli,D,6.0,6.0,True,False
25,U CAN U UP,Zortea,D,6.0,6.0,True,False
25,U CAN U UP,Orsolini,C,5.5,5.5,True,False
25,U CAN U UP,Samardzic,C,5.0,5.0,True,False
25,U CAN U UP,Ederson D.S.,C,,,False,False
25,U CAN U UP,Pasalic,C,5.0,5.0,True,False
25,U CAN U UP,Yildiz,A,5.5,5.5,True,False
25,U CAN U UP,Hojlund,A,6.5,9.5,True,False
25,U CAN U UP,Colombo,A,6.0,6.0,True,False
25,U CAN U UP,Motta,P,,,False,True
25,U CAN U UP,Furlanetto,P,,,False,True
25,U CAN U UP,Gatti,D,7.0,11.0,False,True
25,U CAN U UP,Britschgi,D,6.0,6.0,False,True
25,U CAN U UP,Ekkelenkamp,C,6.0,6.0,True,True
25,U CAN U UP,Koopmeiners,C,5.5,5.5,False,True
25,U CAN U UP,Ramadani,C,5.5,5.5,False,True
25,U CAN U UP,Thorsby,C,6.0,6.0,False,True
25,U CAN U UP,Sarr A.,A,5.5,5.5,False,True
25,U CAN U UP,Cheddira,A,5.0,5.0,False,True
25,BTGCBUGC,Milinkovic-Savic V.,P,,,False,False
25,BTGCBUGC,Palestra,D,6.5,6.5,True,False
25,BTGCBUGC,Pavlovic,D,7.0,11.0,True,False
25,BTGCBUGC,Ramon,D,6.5,6.5,True,False
25,BTGCBUGC,Bisseck,D,6.0,6.0,True,False
25,BTGCBUGC,Zaccagni,C,5.5,5.5,True,False
25,BTGCBUGC,Casadei,C,6.0,6.0,True,False
25,BTGCBUGC,Saelemaekers,C,5.5,5.5,True,False
25,BTGCBUGC,Kean,A,5.5,5.5,True,False
25,BTGCBUGC,Douvikas,A,7.0,10.0,True,False
25,BTGCBUGC,Malen,A,7.0,10.0,True,False
25,BTGCBUGC,Perin,P,5.5,2.5,True,True
25,BTGCBUGC,Di Gregorio,P,,,False,True
25,BTGCBUGC,Scalvini,D,5.5,5.5,False,True
25,BTGCBUGC,Mancini,D,6.0,6.0,False,True
25,BTGCBUGC,Cuadrado,D,6.0,6.0,False,True
25,BTGCBUGC,Zè Pedro,D,6.0,6.0,False,True
25,BTGCBUGC,Maldini,C,,,False,True
25,BTGCBUGC,Brescianini,C,6.0,6.0,False,True
25,BTGCBUGC,Nicolussi Caviglia,C,6.0,6.0,False,True
25,BTGCBUGC,Tramoni M.,C,,,False,True
25,BTGCBUGC,Dia,A,,,False,True
25,BTGCBUGC,Zapata D.,A,7.0,10.0,False,True
25,BTGCBUGC,Vardy,A,6.0,6.0,False,True
25,BTGCBUGC,Locatelli,C,,,False,True
25,TEAM ASBOVE,Bijlow,P,7.0,5.0,True,False
25,TEAM ASBOVE,Bernasconi,D,6.0,5.5,True,False
25,TEAM ASBOVE,Acerbi,D,,,False,False
25,TEAM ASBOVE,Vasquez,D,6.0,6.0,True,False
25,TEAM ASBOVE,Celik,D,6.0,6.0,True,False
25,TEAM ASBOVE,Rowe,C,6.0,6.0,True,False
25,TEAM ASBOVE,Sucic P.,C,,,False,False
25,TEAM ASBOVE,Pellegrini Lo.,C,6.0,7.0,True,False
25,TEAM ASBOVE,Taylor K.,C,5.0,5.0,True,False
25,TEAM ASBOVE,Nkunku,A,6.5,7.5,True,False
25,TEAM ASBOVE,Vaz,A,,,False,False
25,TEAM ASBOVE,Meret,P,6.0,5.0,False,True
25,TEAM ASBOVE,Butez,P,6.0,5.0,False,True
25,TEAM ASBOVE,Heggem,D,,,False,True
25,TEAM ASBOVE,Norton-Cuffy,D,,,False,True
25,TEAM ASBOVE,Spinazzola,D,6.0,6.0,True,True
25,TEAM ASBOVE,Elmas,C,6.0,5.5,True,True
25,TEAM ASBOVE,Vergara,C,6.5,6.5,False,True
25,TEAM ASBOVE,Thuram K.,C,6.0,6.0,False,True
25,TEAM ASBOVE,Mkhitaryan,C,7.0,7.5,False,True
25,TEAM ASBOVE,Rodriguez Je.,A,7.5,12.5,True,True
25,TEAM ASBOVE,Morata,A,5.5,5.5,False,True
25,TEAM ASBOVE,Openda,A,,,False,True
25,TEAM ASBOVE,Martinez L.,A,,,False,True
25,TEAM ASBOVE,Bremer,D,5.5,6.5,False,True
25,TEAM ZTOTTI,Skorupski,P,7.0,8.0,True,False
25,TEAM ZTOTTI,Vojvoda,D,6.0,6.0,True,False
25,TEAM ZTOTTI,Marianucci,D,,,False,False
25,TEAM ZTOTTI,Ostigard,D,6.0,6.0,True,False
25,TEAM ZTOTTI,Terracciano F.,D,5.5,5.0,True,False
25,TEAM ZTOTTI,Baldanzi,C,5.5,5.5,True,False
25,TEAM ZTOTTI,Paz N.,C,6.0,6.0,True,False
25,TEAM ZTOTTI,Strefezza,C,6.0,6.0,True,False
25,TEAM ZTOTTI,Giovane,A,6.5,7.5,True,False
25,TEAM ZTOTTI,Kilicsoy,A,5.5,5.5,True,False
25,TEAM ZTOTTI,Berardi,A,6.5,6.5,True,False
25,TEAM ZTOTTI,Falcone,P,6.0,3.0,False,True
25,TEAM ZTOTTI,Sava,P,,,False,True
25,TEAM ZTOTTI,Gallo,D,5.5,5.5,True,True
25,TEAM ZTOTTI,Ziolkowski,D,,,False,True
25,TEAM ZTOTTI,Venturino,C,,,False,True
25,TEAM ZTOTTI,Konè I.,C,7.0,10.0,False,True
25,TEAM ZTOTTI,Zalewski,C,5.5,5.0,False,True
25,TEAM ZTOTTI,Ricci S.,C,6.0,6.0,False,True
25,TEAM ZTOTTI,Lobotka,C,5.5,5.5,False,True
25,TEAM ZTOTTI,Esposito F.P.,A,6.0,6.0,False,True
25,TEAM ZTOTTI,Dybala,A,,,False,True
25,TEAM ZTOTTI,Bowie,A,5.5,5.5,False,True
26,11 CRISTANTE UNITED,Okoye,P,5.5,3.0,True,False
26,11 CRISTANTE UNITED,De Winter,D,6.5,6.5,True,False
26,11 CRISTANTE UNITED,N'Dicka,D,6.5,9.0,True,False
26,11 CRISTANTE UNITED,Beukema,D,,,False,False
26,11 CRISTANTE UNITED,Dimarco,D,5.5,5.5,True,False
26,11 CRISTANTE UNITED,Da Cunha,C,7.5,11.5,True,False
26,11 CRISTANTE UNITED,Barella,C,5.5,5.5,True,False
26,11 CRISTANTE UNITED,Calhanoglu,C,,,False,False
26,11 CRISTANTE UNITED,Castro S.,A,5.0,5.0,True,False
26,11 CRISTANTE UNITED,Bonny,A,5.0,5.0,True,False
26,11 CRISTANTE UNITED,Thuram,A,,,False,False
26,11 CRISTANTE UNITED,Kalulu,D,6.5,6.5,True,True
26,11 CRISTANTE UNITED,Juan Jesus,D,6.0,6.0,False,True
26,11 CRISTANTE UNITED,Pobega,C,,,False,True
26,11 CRISTANTE UNITED,Nzola,A,6.0,6.0,True,True
26,11 CRISTANTE UNITED,Politano,C,6.5,7.5,True,True
26,11 CRISTANTE UNITED,Vitinha O.,A,7.0,11.0,False,True
26,11 CRISTANTE UNITED,Kuhn,A,,,False,True
26,11 CRISTANTE UNITED,Leali,P,,,False,True
26,11 CRISTANTE UNITED,Diego Carlos,D,,,False,True
26,11 CRISTANTE UNITED,Aebischer,C,5.0,5.0,False,True
26,TEAM ZTOTTI,Skorupski,P,6.5,4.5,True,False
26,TEAM ZTOTTI,Vojvoda,D,6.0,6.0,True,False
26,TEAM ZTOTTI,Ostigard,D,7.0,7.0,True,False
26,TEAM ZTOTTI,Gallo,D,6.5,7.5,True,False
26,TEAM ZTOTTI,Zalewski,C,6.5,7.5,True,False
26,TEAM ZTOTTI,Paz N.,C,6.0,6.0,True,False
26,TEAM ZTOTTI,Konè I.,C,6.0,6.0,True,False
26,TEAM ZTOTTI,Strefezza,C,6.0,6.0,True,False
26,TEAM ZTOTTI,Kilicsoy,A,,,False,False
26,TEAM ZTOTTI,Esposito F.P.,A,5.5,5.5,True,False
26,TEAM ZTOTTI,Berardi,A,5.5,5.5,True,False
26,TEAM ZTOTTI,Falcone,P,6.5,5.5,False,True
26,TEAM ZTOTTI,Sava,P,,,False,True
26,TEAM ZTOTTI,Marianucci,D,,,False,True
26,TEAM ZTOTTI,Ziolkowski,D,,,False,True
26,TEAM ZTOTTI,Ricci S.,C,6.0,6.0,False,True
26,TEAM ZTOTTI,Venturino,C,5.5,5.5,False,True
26,TEAM ZTOTTI,Giovane,A,,,False,True
26,TEAM ZTOTTI,Bowie,A,7.5,11.0,True,True
26,LABORATORIO DATI,Sommer,P,6.0,5.0,True,False
26,LABORATORIO DATI,Dodò,D,6.0,5.5,True,False
26,LABORATORIO DATI,Valeri,D,6.0,6.0,True,False
26,LABORATORIO DATI,Delprato,D,6.5,6.5,True,False
26,LABORATORIO DATI,Conceicao,C,7.0,8.0,True,False
26,LABORATORIO DATI,McKennie,C,6.0,6.0,True,False
26,LABORATORIO DATI,Rabiot,C,6.5,6.0,True,False
26,LABORATORIO DATI,Mandragora,C,5.5,5.0,True,False
26,LABORATORIO DATI,Simeone,A,5.5,5.5,True,False
26,LABORATORIO DATI,David,A,5.0,5.0,True,False
26,LABORATORIO DATI,Bonazzoli,A,7.0,10.0,True,False
26,LABORATORIO DATI,Caprile,P,6.0,4.0,False,True
26,LABORATORIO DATI,Radunovic,P,,,False,True
26,LABORATORIO DATI,Gaspar K.,D,,,False,True
26,LABORATORIO DATI,Martin,D,6.0,6.0,False,True
26,LABORATORIO DATI,Dumfries,D,6.0,5.5,False,True
26,LABORATORIO DATI,Luperto,D,5.5,5.0,False,True
26,LABORATORIO DATI,Gila,D,7.0,7.0,False,True
26,LABORATORIO DATI,Odgaard,C,5.5,5.5,False,True
26,LABORATORIO DATI,Bernardeschi,C,6.0,6.0,False,True
26,LABORATORIO DATI,Neres,C,,,False,True
26,LABORATORIO DATI,Collocolo,C,,,False,True
26,LABORATORIO DATI,Vlahovic,A,,,False,True
26,LABORATORIO DATI,Pinamonti,A,,,False,True
26,LABORATORIO DATI,Noslin,A,,,False,True
26,CUORE LAZIALE,Maignan,P,6.5,7.5,True,False
26,CUORE LAZIALE,Tavares N.,D,6.5,6.5,True,False
26,CUORE LAZIALE,Bartesaghi,D,,,False,False
26,CUORE LAZIALE,Kelly L.,D,6.0,6.0,True,False
26,CUORE LAZIALE,Cambiaso,D,7.0,11.0,True,False
26,CUORE LAZIALE,Pulisic,C,6.5,6.5,True,False
26,CUORE LAZIALE,Zaniolo,C,6.5,7.5,True,False
26,CUORE LAZIALE,Zielinski,C,5.5,5.5,True,False
26,CUORE LAZIALE,Zaragoza,C,,,False,False
26,CUORE LAZIALE,Pellegrino M.,A,5.5,5.5,True,False
26,CUORE LAZIALE,Lukaku,A,,,False,False
26,CUORE LAZIALE,Terracciano,P,,,False,True
26,CUORE LAZIALE,Torriani,P,,,False,True
26,CUORE LAZIALE,Pellegrini Lu.,D,,,False,True
26,CUORE LAZIALE,Estupinan,D,7.0,11.0,True,True
26,CUORE LAZIALE,Muharemovic,D,5.5,5.5,False,True
26,CUORE LAZIALE,Kristensen T.,D,6.0,9.0,False,True
26,CUORE LAZIALE,Harrison,C,5.0,5.0,True,True
26,CUORE LAZIALE,Cristante,C,6.0,5.5,False,True
26,CUORE LAZIALE,Loftus-Cheek,C,,,False,True
26,CUORE LAZIALE,Berisha M.,C,,,False,True
26,CUORE LAZIALE,Piccoli,A,5.0,5.0,True,True
26,CUORE LAZIALE,Soulè,A,,,False,True
26,CUORE LAZIALE,De Ketelaere,A,,,False,True
26,CUORE LAZIALE,Solomon,A,,,False,True
26,BTGCBUGC,Perin,P,6.5,7.5,True,False
26,BTGCBUGC,Palestra,D,6.5,6.0,True,False
26,BTGCBUGC,Scalvini,D,,,False,False
26,BTGCBUGC,Mancini,D,5.5,5.5,True,False
26,BTGCBUGC,Ramon,D,5.5,5.0,True,False
26,BTGCBUGC,Zaccagni,C,5.5,5.5,True,False
26,BTGCBUGC,Locatelli,C,7.0,8.0,True,False
26,BTGCBUGC,Maldini,C,7.0,10.0,True,False
26,BTGCBUGC,Kean,A,,,False,False
26,BTGCBUGC,Douvikas,A,6.0,6.0,True,False
26,BTGCBUGC,Malen,A,5.5,5.0,True,False
26,BTGCBUGC,Di Gregorio,P,,,False,True
26,BTGCBUGC,Milinkovic-Savic V.,P,6.0,5.0,False,True
26,BTGCBUGC,Bisseck,D,5.5,5.5,True,True
26,BTGCBUGC,Pavlovic,D,7.0,7.0,False,True
26,BTGCBUGC,Cuadrado,D,5.5,5.5,False,True
26,BTGCBUGC,Zè Pedro,D,6.0,6.0,False,True
26,BTGCBUGC,Brescianini,C,,,False,True
26,BTGCBUGC,Saelemaekers,C,6.0,6.0,False,True
26,BTGCBUGC,Nicolussi Caviglia,C,5.5,5.5,False,True
26,BTGCBUGC,Casadei,C,6.5,9.5,False,True
26,BTGCBUGC,Tramoni M.,C,,,False,True
26,BTGCBUGC,Vardy,A,5.0,5.0,True,True
26,BTGCBUGC,Dia,A,6.0,6.0,False,True
26,BTGCBUGC,Zapata D.,A,5.0,5.0,False,True
26,KKK,Carnesecchi,P,6.0,4.0,True,False
26,KKK,Buongiorno,D,6.5,6.5,True,False
26,KKK,Gosens,D,6.0,6.0,True,False
26,KKK,Djimsiti,D,,,False,False
26,KKK,Bellanova,D,5.5,5.5,True,False
26,KKK,Konè M.,C,5.5,5.5,True,False
26,KKK,De Roon,C,6.0,5.5,True,False
26,KKK,Cataldi,C,6.0,6.0,True,False
26,KKK,Laurientè,A,7.0,9.5,True,False
26,KKK,Esposito Se.,A,7.0,9.5,True,False
26,KKK,Krstovic,A,6.5,6.5,True,False
26,KKK,Sportiello,P,,,False,True
26,KKK,Rossi F.,P,,,False,True
26,KKK,Hermoso,D,,,False,True
26,KKK,Carlos Augusto,D,6.0,6.0,True,True
26,KKK,Frese,D,7.0,10.0,False,True
26,KKK,Atta,C,6.0,6.0,False,True
26,KKK,Modric,C,7.0,6.5,False,True
26,KKK,Malinovskyi,C,6.5,6.5,False,True
26,KKK,Amorim,C,,,False,True
26,KKK,Adams C.,A,6.0,7.0,False,True
26,KKK,Durosinmi,A,5.5,5.5,False,True
26,KKK,Ratkov,A,,,False,True
26,KKK,McTominay,C,,,False,True
26,KKK,Wesley,D,,,False,True
26,TEAM JODIODDR,Svilar,P,6.5,4.5,True,False
26,TEAM JODIODDR,Zappacosta,D,6.0,6.0,True,False
26,TEAM JODIODDR,Valle,D,,,False,False
26,TEAM JODIODDR,Hien,D,5.5,5.5,True,False
26,TEAM JODIODDR,Obrador,D,6.0,6.0,True,False
26,TEAM JODIODDR,Isaksen,C,6.0,6.0,True,False
26,TEAM JODIODDR,Thorstvedt,C,6.5,7.5,True,False
26,TEAM JODIODDR,Pisilli,C,5.5,5.5,True,False
26,TEAM JODIODDR,Gudmundsson A.,C,5.5,5.5,True,False
26,TEAM JODIODDR,Leao,A,5.5,5.5,True,False
26,TEAM JODIODDR,Diao,A,,,False,False
26,TEAM JODIODDR,Gollini,P,,,False,True
26,TEAM JODIODDR,Martinez Jo.,P,,,False,True
26,TEAM JODIODDR,Rensch,D,5.5,5.5,True,True
26,TEAM JODIODDR,Baschirotto,D,,,False,True
26,TEAM JODIODDR,Belghali,D,,,False,True
26,TEAM JODIODDR,Circati,D,6.0,6.0,False,True
26,TEAM JODIODDR,Zambo Anguissa,C,6.0,6.0,False,True
26,TEAM JODIODDR,Santos A.,C,7.0,10.0,False,True
26,TEAM JODIODDR,Frendrup,C,6.0,6.0,False,True
26,TEAM JODIODDR,Ondrejka,C,,,False,True
26,TEAM JODIODDR,Orban G.,A,6.5,7.5,True,True
26,TEAM JODIODDR,Sulemana K.,A,6.0,6.0,False,True
26,TEAM JODIODDR,Djuric,A,7.0,7.5,False,True
26,TEAM JODIODDR,Cancellieri,A,7.0,8.0,False,True
26,TEAM ASBOVE,Butez,P,6.5,5.5,True,False
26,TEAM ASBOVE,Bremer,D,6.0,5.5,True,False
26,TEAM ASBOVE,Spinazzola,D,6.5,7.0,True,False
26,TEAM ASBOVE,Bernasconi,D,6.0,6.0,True,False
26,TEAM ASBOVE,Celik,D,5.5,5.5,True,False
26,TEAM ASBOVE,Rowe,C,7.0,10.0,True,False
26,TEAM ASBOVE,Vergara,C,6.0,6.0,True,False
26,TEAM ASBOVE,Pellegrini Lo.,C,5.0,5.0,True,False
26,TEAM ASBOVE,Thuram K.,C,7.0,10.0,True,False
26,TEAM ASBOVE,Openda,A,,,False,False
26,TEAM ASBOVE,Rodriguez Je.,A,6.0,6.0,True,False
26,TEAM ASBOVE,Meret,P,,,False,True
26,TEAM ASBOVE,Bijlow,P,6.0,5.0,False,True
26,TEAM ASBOVE,Vasquez,D,6.0,6.0,False,True
26,TEAM ASBOVE,Acerbi,D,,,False,True
26,TEAM ASBOVE,Heggem,D,,,False,True
26,TEAM ASBOVE,Norton-Cuffy,D,,,False,True
26,TEAM ASBOVE,Taylor K.,C,6.5,6.5,False,True
26,TEAM ASBOVE,Elmas,C,7.0,11.0,False,True
26,TEAM ASBOVE,Mkhitaryan,C,6.0,6.0,False,True
26,TEAM ASBOVE,Sucic P.,C,5.5,5.5,False,True
26,TEAM ASBOVE,Morata,A,6.0,6.0,True,True
26,TEAM ASBOVE,Nkunku,A,,,False,True
26,TEAM ASBOVE,Martinez L.,A,,,False,True
26,TEAM ASBOVE,Vaz,A,,,False,True
26,PREMIER LEAGUE SLOPS,De Gea,P,6.0,7.0,True,False
26,PREMIER LEAGUE SLOPS,Gutierrez,D,6.0,6.0,True,False
26,PREMIER LEAGUE SLOPS,Akanji,D,6.0,6.0,True,False
26,PREMIER LEAGUE SLOPS,Tomori,D,6.0,6.0,True,False
26,PREMIER LEAGUE SLOPS,Perrone,C,6.0,6.0,True,False
26,PREMIER LEAGUE SLOPS,Bernabè,C,,,False,False
26,PREMIER LEAGUE SLOPS,Miretti,C,,,False,False
26,PREMIER LEAGUE SLOPS,Vlasic,C,6.5,6.5,True,False
26,PREMIER LEAGUE SLOPS,Fullkrug,A,6.0,6.0,True,False
26,PREMIER LEAGUE SLOPS,Scamacca,A,7.5,14.5,True,False
26,PREMIER LEAGUE SLOPS,Davis K.,A,7.0,10.0,True,False
26,PREMIER LEAGUE SLOPS,Lezzerini,P,,,False,True
26,PREMIER LEAGUE SLOPS,Olivera,D,6.0,6.0,False,True
26,PREMIER LEAGUE SLOPS,Coco,D,6.0,6.0,False,True
26,PREMIER LEAGUE SLOPS,Mina,D,,,False,True
26,PREMIER LEAGUE SLOPS,Nelsson,D,5.5,5.5,False,True
26,PREMIER LEAGUE SLOPS,Kamara H.,D,6.0,6.0,False,True
26,PREMIER LEAGUE SLOPS,Luis Henrique,C,5.0,5.0,True,True
26,PREMIER LEAGUE SLOPS,Matic,C,5.5,5.5,True,True
26,PREMIER LEAGUE SLOPS,Frattesi,C,5.5,5.5,False,True
26,PREMIER LEAGUE SLOPS,De Bruyne,C,,,False,True
26,PREMIER LEAGUE SLOPS,Kulenovic,A,5.5,5.5,False,True
26,PREMIER LEAGUE SLOPS,Cambiaghi,A,,,False,True
26,PREMIER LEAGUE SLOPS,Ferguson E.,A,,,False,True
26,PREMIER LEAGUE SLOPS,Christensen O.,P,,,False,True
26,U CAN U UP,Provedel,P,,,False,False
26,U CAN U UP,Veiga D.,D,6.0,6.0,True,False
26,U CAN U UP,Gatti,D,6.0,6.0,True,False
26,U CAN U UP,Zortea,D,6.0,7.0,True,False
26,U CAN U UP,Orsolini,C,5.5,5.5,True,False
26,U CAN U UP,Samardzic,C,5.5,5.5,True,False
26,U CAN U UP,Ekkelenkamp,C,6.0,6.0,True,False
26,U CAN U UP,Pasalic,C,6.5,6.5,True,False
26,U CAN U UP,Yildiz,A,7.5,11.5,True,False
26,U CAN U UP,Hojlund,A,6.0,6.0,True,False
26,U CAN U UP,Colombo,A,6.0,6.0,True,False
26,U CAN U UP,Motta,P,6.0,5.0,True,True
26,U CAN U UP,Furlanetto,P,,,False,True
26,U CAN U UP,Britschgi,D,,,False,True
26,U CAN U UP,Canestrelli,D,,,False,True
26,U CAN U UP,Ederson D.S.,C,,,False,True
26,U CAN U UP,Ramadani,C,6.5,6.5,False,True
26,U CAN U UP,Thorsby,C,5.5,5.5,False,True
26,U CAN U UP,Koopmeiners,C,,,False,True
26,U CAN U UP,Cheddira,A,5.5,5.5,False,True
26,U CAN U UP,Sarr A.,A,,,False,True
27,KKK,Carnesecchi,P,5.5,4.5,True,False
27,KKK,Buongiorno,D,6.5,6.5,True,False
27,KKK,Gosens,D,6.5,7.5,True,False
27,KKK,Wesley,D,5.5,4.5,True,False
27,KKK,Konè M.,C,5.0,5.0,True,False
27,KKK,Modric,C,6.0,6.0,True,False
27,KKK,Malinovskyi,C,6.0,6.0,True,False
27,KKK,McTominay,C,6.5,6.5,True,False
27,KKK,Laurientè,A,6.0,6.0,True,False
27,KKK,Adams C.,A,7.0,8.0,True,False
27,KKK,Krstovic,A,7.0,11.0,True,False
27,KKK,Sportiello,P,,,False,True
27,KKK,Rossi F.,P,,,False,True
27,KKK,Frese,D,5.5,5.5,False,True
27,KKK,Hermoso,D,5.0,5.0,False,True
27,KKK,Carlos Augusto,D,6.5,6.0,False,True
27,KKK,Bellanova,D,,,False,True
27,KKK,Djimsiti,D,6.0,6.0,False,True
27,KKK,Atta,C,5.5,5.5,False,True
27,KKK,De Roon,C,6.0,6.0,False,True
27,KKK,Amorim,C,6.0,6.0,False,True
27,KKK,Durosinmi,A,4.0,3.0,False,True
27,KKK,Ratkov,A,,,False,True
27,KKK,Esposito Se.,A,,,False,True
27,KKK,Cataldi,C,,,False,True
27,PREMIER LEAGUE SLOPS,De Gea,P,6.0,5.0,True,False
27,PREMIER LEAGUE SLOPS,Gutierrez,D,6.0,6.0,True,False
27,PREMIER LEAGUE SLOPS,Akanji,D,6.0,6.0,True,False
27,PREMIER LEAGUE SLOPS,Tomori,D,6.0,6.0,True,False
27,PREMIER LEAGUE SLOPS,Olivera,D,6.0,6.0,True,False
27,PREMIER LEAGUE SLOPS,Bernabè,C,,,False,False
27,PREMIER LEAGUE SLOPS,De Bruyne,C,6.5,6.5,True,False
27,PREMIER LEAGUE SLOPS,Vlasic,C,7.0,7.0,True,False
27,PREMIER LEAGUE SLOPS,Fullkrug,A,5.5,5.5,True,False
27,PREMIER LEAGUE SLOPS,Scamacca,A,5.5,5.5,True,False
27,PREMIER LEAGUE SLOPS,Davis K.,A,6.0,6.0,True,False
27,PREMIER LEAGUE SLOPS,Lezzerini,P,,,False,True
27,PREMIER LEAGUE SLOPS,Coco,D,6.5,6.5,False,True
27,PREMIER LEAGUE SLOPS,Mina,D,6.0,6.0,False,True
27,PREMIER LEAGUE SLOPS,Nelsson,D,5.5,5.5,False,True
27,PREMIER LEAGUE SLOPS,Kamara H.,D,6.0,6.0,False,True
27,PREMIER LEAGUE SLOPS,Miretti,C,,,False,True
27,PREMIER LEAGUE SLOPS,Luis Henrique,C,5.5,5.5,True,True
27,PREMIER LEAGUE SLOPS,Matic,C,5.5,5.5,False,True
27,PREMIER LEAGUE SLOPS,Frattesi,C,5.5,5.5,False,True
27,PREMIER LEAGUE SLOPS,Perrone,C,6.0,6.0,False,True
27,PREMIER LEAGUE SLOPS,Kulenovic,A,6.5,7.0,False,True
27,PREMIER LEAGUE SLOPS,Cambiaghi,A,6.0,6.0,False,True
27,PREMIER LEAGUE SLOPS,Ferguson E.,A,,,False,True
27,PREMIER LEAGUE SLOPS,Christensen O.,P,,,False,True
27,CUORE LAZIALE,Maignan,P,6.0,5.0,True,False
27,CUORE LAZIALE,Estupinan,D,5.0,4.5,True,False
27,CUORE LAZIALE,Tavares N.,D,6.5,6.0,True,False
27,CUORE LAZIALE,Muharemovic,D,6.5,6.5,True,False
27,CUORE LAZIALE,Cambiaso,D,6.0,6.0,True,False
27,CUORE LAZIALE,Zielinski,C,5.5,5.5,True,False
27,CUORE LAZIALE,Cristante,C,5.0,5.0,True,False
27,CUORE LAZIALE,Zaniolo,C,5.0,4.5,True,False
27,CUORE LAZIALE,Pulisic,C,5.5,5.5,True,False
27,CUORE LAZIALE,Lukaku,A,,,False,False
27,CUORE LAZIALE,Pellegrino M.,A,7.0,10.0,True,False
27,CUORE LAZIALE,Terracciano,P,,,False,True
27,CUORE LAZIALE,Torriani,P,,,False,True
27,CUORE LAZIALE,Bartesaghi,D,6.0,6.0,False,True
27,CUORE LAZIALE,Kelly L.,D,6.0,5.5,False,True
27,CUORE LAZIALE,Kristensen T.,D,6.0,6.0,False,True
27,CUORE LAZIALE,Pellegrini Lu.,D,,,False,True
27,CUORE LAZIALE,Zaragoza,C,,,False,True
27,CUORE LAZIALE,Harrison,C,6.0,6.0,False,True
27,CUORE LAZIALE,Berisha M.,C,,,False,True
27,CUORE LAZIALE,Loftus-Cheek,C,,,False,True
27,CUORE LAZIALE,De Ketelaere,A,6.0,5.5,True,True
27,CUORE LAZIALE,Piccoli,A,7.5,12.5,False,True
27,CUORE LAZIALE,Soulè,A,,,False,True
27,CUORE LAZIALE,Solomon,A,,,False,True
27,11 CRISTANTE UNITED,Okoye,P,7.0,6.0,True,False
27,11 CRISTANTE UNITED,De Winter,D,5.5,5.5,True,False
27,11 CRISTANTE UNITED,Bastoni,D,,,False,False
27,11 CRISTANTE UNITED,Beukema,D,5.5,5.5,True,False
27,11 CRISTANTE UNITED,Dimarco,D,6.0,6.0,True,False
27,11 CRISTANTE UNITED,Da Cunha,C,7.0,7.0,True,False
27,11 CRISTANTE UNITED,Barella,C,6.5,7.5,True,False
27,11 CRISTANTE UNITED,Baturina,C,6.5,6.5,True,False
27,11 CRISTANTE UNITED,Castro S.,A,6.0,6.0,True,False
27,11 CRISTANTE UNITED,Bonny,A,5.5,5.5,True,False
27,11 CRISTANTE UNITED,Thuram,A,5.5,5.5,True,False
27,11 CRISTANTE UNITED,Kalulu,D,6.0,6.0,True,True
27,11 CRISTANTE UNITED,Juan Jesus,D,,,False,True
27,11 CRISTANTE UNITED,Pobega,C,,,False,True
27,11 CRISTANTE UNITED,Nzola,A,5.5,5.0,False,True
27,11 CRISTANTE UNITED,Politano,C,7.5,12.5,False,True
27,11 CRISTANTE UNITED,Vitinha O.,A,7.0,10.5,False,True
27,11 CRISTANTE UNITED,Kuhn,A,,,False,True
27,11 CRISTANTE UNITED,Leali,P,,,False,True
27,11 CRISTANTE UNITED,Diego Carlos,D,6.5,10.0,False,True
27,11 CRISTANTE UNITED,Aebischer,C,6.5,6.0,False,True
27,TEAM ZTOTTI,Skorupski,P,6.5,7.5,True,False
27,TEAM ZTOTTI,Vojvoda,D,,,False,False
27,TEAM ZTOTTI,Solet,D,,,False,False
27,TEAM ZTOTTI,Ostigard,D,7.0,10.0,True,False
27,TEAM ZTOTTI,Terracciano F.,D,,,False,False
27,TEAM ZTOTTI,Paz N.,C,5.5,5.5,True,False
27,TEAM ZTOTTI,Konè I.,C,6.0,6.0,True,False
27,TEAM ZTOTTI,Strefezza,C,6.5,7.0,True,False
27,TEAM ZTOTTI,Kilicsoy,A,5.0,5.0,True,False
27,TEAM ZTOTTI,Esposito F.P.,A,7.0,10.0,True,False
27,TEAM ZTOTTI,Berardi,A,5.5,5.5,True,False
27,TEAM ZTOTTI,Falcone,P,6.0,4.0,False,True
27,TEAM ZTOTTI,Sava,P,,,False,True
27,TEAM ZTOTTI,Ziolkowski,D,5.5,5.5,True,True
27,TEAM ZTOTTI,Marianucci,D,,,False,True
27,TEAM ZTOTTI,Ricci S.,C,,,False,True
27,TEAM ZTOTTI,Zalewski,C,5.5,5.5,False,True
27,TEAM ZTOTTI,Venturino,C,,,False,True
27,TEAM ZTOTTI,Bowie,A,5.5,5.5,False,True
27,TEAM ZTOTTI,Giovane,A,,,False,True
27,TEAM JODIODDR,Svilar,P,6.0,4.0,True,False
27,TEAM JODIODDR,Zappacosta,D,6.5,6.5,True,False
27,TEAM JODIODDR,Valle,D,6.5,7.5,True,False
27,TEAM JODIODDR,Hien,D,6.0,6.0,True,False
27,TEAM JODIODDR,Obrador,D,6.5,6.5,True,False
27,TEAM JODIODDR,Isaksen,C,7.0,11.0,True,False
27,TEAM JODIODDR,Thorstvedt,C,6.0,6.0,True,False
27,TEAM JODIODDR,Pisilli,C,5.5,5.5,True,False
27,TEAM JODIODDR,Gudmundsson A.,C,7.0,10.5,True,False
27,TEAM JODIODDR,Leao,A,5.0,5.0,True,False
27,TEAM JODIODDR,Diao,A,7.0,7.0,True,False
27,TEAM JODIODDR,Gollini,P,,,False,True
27,TEAM JODIODDR,Martinez Jo.,P,,,False,True
27,TEAM JODIODDR,Rensch,D,5.5,5.5,False,True
27,TEAM JODIODDR,Baschirotto,D,,,False,True
27,TEAM JODIODDR,Belghali,D,5.5,5.5,False,True
27,TEAM JODIODDR,Circati,D,4.5,4.5,False,True
27,TEAM JODIODDR,Zambo Anguissa,C,5.0,5.0,False,True
27,TEAM JODIODDR,Santos A.,C,5.5,5.5,False,True
27,TEAM JODIODDR,Frendrup,C,6.5,6.5,False,True
27,TEAM JODIODDR,Ondrejka,C,,,False,True
27,TEAM JODIODDR,Orban G.,A,5.5,5.5,False,True
27,TEAM JODIODDR,Sulemana K.,A,6.5,6.5,False,True
27,TEAM JODIODDR,Djuric,A,6.0,6.0,False,True
27,TEAM JODIODDR,Cancellieri,A,,,False,True
27,U CAN U UP,Motta,P,6.5,7.0,True,False
27,U CAN U UP,Miranda J.,D,6.5,6.5,True,False
27,U CAN U UP,Gatti,D,,,False,False
27,U CAN U UP,Zortea,D,5.5,5.0,True,False
27,U CAN U UP,Orsolini,C,6.0,6.0,True,False
27,U CAN U UP,Samardzic,C,5.0,5.0,True,False
27,U CAN U UP,Pasalic,C,5.5,5.5,True,False
27,U CAN U UP,Thorsby,C,5.5,5.5,True,False
27,U CAN U UP,Yildiz,A,7.0,8.0,True,False
27,U CAN U UP,Hojlund,A,7.0,10.0,True,False
27,U CAN U UP,Colombo,A,6.0,6.0,True,False
27,U CAN U UP,Provedel,P,,,False,True
27,U CAN U UP,Furlanetto,P,,,False,True
27,U CAN U UP,Veiga D.,D,5.5,5.5,True,True
27,U CAN U UP,Britschgi,D,5.5,5.5,False,True
27,U CAN U UP,Canestrelli,D,6.0,6.0,False,True
27,U CAN U UP,Ekkelenkamp,C,5.5,5.5,False,True
27,U CAN U UP,Ramadani,C,6.0,6.0,False,True
27,U CAN U UP,Ederson D.S.,C,6.5,6.5,False,True
27,U CAN U UP,Koopmeiners,C,6.0,6.0,False,True
27,U CAN U UP,Cheddira,A,6.0,6.0,False,True
27,U CAN U UP,Sarr A.,A,,,False,True
27,LABORATORIO DATI,Sommer,P,6.0,5.0,True,False
27,LABORATORIO DATI,Dodò,D,7.5,10.5,True,False
27,LABORATORIO DATI,Valeri,D,5.0,5.0,True,False
27,LABORATORIO DATI,Delprato,D,5.0,4.5,True,False
27,LABORATORIO DATI,Luperto,D,4.5,4.5,True,False
27,LABORATORIO DATI,McKennie,C,6.0,6.0,True,False
27,LABORATORIO DATI,Conceicao,C,6.5,6.5,True,False
27,LABORATORIO DATI,Mandragora,C,6.5,7.0,True,False
27,LABORATORIO DATI,Simeone,A,7.5,10.5,True,False
27,LABORATORIO DATI,David,A,,,False,False
27,LABORATORIO DATI,Bonazzoli,A,5.0,5.0,True,False
27,LABORATORIO DATI,Caprile,P,6.0,3.0,False,True
27,LABORATORIO DATI,Radunovic,P,,,False,True
27,LABORATORIO DATI,Gaspar K.,D,,,False,True
27,LABORATORIO DATI,Martin,D,6.5,7.5,False,True
27,LABORATORIO DATI,Dumfries,D,5.0,5.0,False,True
27,LABORATORIO DATI,Gila,D,7.0,7.0,False,True
27,LABORATORIO DATI,Odgaard,C,6.5,6.5,False,True
27,LABORATORIO DATI,Bernardeschi,C,,,False,True
27,LABORATORIO DATI,Neres,C,,,False,True
27,LABORATORIO DATI,Collocolo,C,,,False,True
27,LABORATORIO DATI,Vlahovic,A,,,False,True
27,LABORATORIO DATI,Pinamonti,A,5.5,5.5,True,True
27,LABORATORIO DATI,Noslin,A,,,False,True
27,LABORATORIO DATI,Rabiot,C,,,False,True
27,TEAM ASBOVE,Meret,P,6.0,5.0,True,False
27,TEAM ASBOVE,Bremer,D,6.5,6.5,True,False
27,TEAM ASBOVE,Spinazzola,D,6.0,6.0,True,False
27,TEAM ASBOVE,Vasquez,D,6.5,6.5,True,False
27,TEAM ASBOVE,Celik,D,6.0,6.0,True,False
27,TEAM ASBOVE,Rowe,C,,,False,False
27,TEAM ASBOVE,Elmas,C,5.0,5.0,True,False
27,TEAM ASBOVE,Pellegrini Lo.,C,6.5,6.5,True,False
27,TEAM ASBOVE,Thuram K.,C,6.0,6.0,True,False
27,TEAM ASBOVE,Rodriguez Je.,A,6.0,6.0,True,False
27,TEAM ASBOVE,Nkunku,A,5.5,5.5,True,False
27,TEAM ASBOVE,Bijlow,P,6.0,7.0,False,True
27,TEAM ASBOVE,Butez,P,6.0,5.0,False,True
27,TEAM ASBOVE,Bernasconi,D,5.5,5.5,False,True
27,TEAM ASBOVE,Norton-Cuffy,D,6.0,6.0,False,True
27,TEAM ASBOVE,Acerbi,D,,,False,True
27,TEAM ASBOVE,Heggem,D,,,False,True
27,TEAM ASBOVE,Mkhitaryan,C,6.0,6.0,True,True
27,TEAM ASBOVE,Taylor K.,C,6.5,6.5,False,True
27,TEAM ASBOVE,Sucic P.,C,5.5,5.0,False,True
27,TEAM ASBOVE,Morata,A,,,False,True
27,TEAM ASBOVE,Openda,A,,,False,True
27,TEAM ASBOVE,Vaz,A,5.5,5.5,False,True
27,TEAM ASBOVE,Martinez L.,A,,,False,True
27,TEAM ASBOVE,Vergara,C,,,False,True
27,BTGCBUGC,Milinkovic-Savic V.,P,,,False,False
27,BTGCBUGC,Palestra,D,5.0,5.0,True,False
27,BTGCBUGC,Pavlovic,D,6.0,6.0,True,False
27,BTGCBUGC,Bisseck,D,6.5,6.5,True,False
27,BTGCBUGC,Cuadrado,D,,,False,False
27,BTGCBUGC,Zaccagni,C,6.0,6.0,True,False
27,BTGCBUGC,Maldini,C,6.5,6.5,True,False
27,BTGCBUGC,Locatelli,C,6.5,6.5,True,False
27,BTGCBUGC,Brescianini,C,6.5,6.5,True,False
27,BTGCBUGC,Douvikas,A,7.0,10.0,True,False
27,BTGCBUGC,Malen,A,6.5,8.5,True,False
27,BTGCBUGC,Perin,P,6.0,7.0,True,True
27,BTGCBUGC,Di Gregorio,P,,,False,True
27,BTGCBUGC,Ramon,D,6.5,6.5,True,True
27,BTGCBUGC,Mancini,D,6.0,6.0,False,True
27,BTGCBUGC,Zè Pedro,D,5.5,5.0,False,True
27,BTGCBUGC,Scalvini,D,6.0,6.0,False,True
27,BTGCBUGC,Casadei,C,,,False,True
27,BTGCBUGC,Saelemaekers,C,6.0,6.0,False,True
27,BTGCBUGC,Nicolussi Caviglia,C,,,False,True
27,BTGCBUGC,Tramoni M.,C,6.5,6.5,False,True
27,BTGCBUGC,Kean,A,,,False,True
27,BTGCBUGC,Vardy,A,,,False,True
27,BTGCBUGC,Dia,A,5.5,5.5,False,True
27,BTGCBUGC,Zapata D.,A,7.0,10.0,False,True
28,U CAN U UP,Motta,P,7.0,10.0,True,False
28,U CAN U UP,Miranda J.,D,5.5,5.5,True,False
28,U CAN U UP,Britschgi,D,4.5,4.5,True,False
28,U CAN U UP,Veiga D.,D,5.5,5.0,True,False
28,U CAN U UP,Orsolini,C,5.0,3.0,True,False
28,U CAN U UP,Ederson D.S.,C,6.5,6.5,True,False
28,U CAN U UP,Pasalic,C,5.5,5.5,True,False
28,U CAN U UP,Ekkelenkamp,C,6.5,10.5,True,False
28,U CAN U UP,Yildiz,A,7.0,10.0,True,False
28,U CAN U UP,Hojlund,A,6.0,6.0,True,False
28,U CAN U UP,Colombo,A,6.0,5.5,True,False
28,U CAN U UP,Furlanetto,P,,,False,True
28,U CAN U UP,Gatti,D,,,False,True
28,U CAN U UP,Canestrelli,D,4.5,4.0,False,True
28,U CAN U UP,Zortea,D,5.5,5.5,False,True
28,U CAN U UP,Thorsby,C,,,False,True
28,U CAN U UP,Ramadani,C,5.5,5.5,False,True
28,U CAN U UP,Samardzic,C,,,False,True
28,U CAN U UP,Koopmeiners,C,5.5,5.5,False,True
28,U CAN U UP,Raspadori,A,5.5,5.5,False,True
28,U CAN U UP,Cheddira,A,5.5,5.5,False,True
28,U CAN U UP,Sarr A.,A,,,False,True
28,11 CRISTANTE UNITED,Okoye,P,6.5,8.5,True,False
28,11 CRISTANTE UNITED,De Winter,D,5.5,5.5,True,False
28,11 CRISTANTE UNITED,Bastoni,D,,,False,False
28,11 CRISTANTE UNITED,N'Dicka,D,6.5,6.5,True,False
28,11 CRISTANTE UNITED,Dimarco,D,5.5,5.0,True,False
28,11 CRISTANTE UNITED,Da Cunha,C,6.5,6.5,True,False
28,11 CRISTANTE UNITED,Barella,C,6.0,6.5,True,False
28,11 CRISTANTE UNITED,Baturina,C,7.0,10.0,True,False
28,11 CRISTANTE UNITED,Castro S.,A,5.0,4.5,True,False
28,11 CRISTANTE UNITED,Vitinha O.,A,5.0,5.0,True,False
28,11 CRISTANTE UNITED,Thuram,A,6.0,6.0,True,False
28,11 CRISTANTE UNITED,Kalulu,D,6.5,6.5,True,True
28,11 CRISTANTE UNITED,Juan Jesus,D,,,False,True
28,11 CRISTANTE UNITED,Pobega,C,,,False,True
28,11 CRISTANTE UNITED,Nzola,A,,,False,True
28,11 CRISTANTE UNITED,Politano,C,6.5,6.5,False,True
28,11 CRISTANTE UNITED,Kuhn,A,6.5,7.5,False,True
28,11 CRISTANTE UNITED,Leali,P,,,False,True
28,11 CRISTANTE UNITED,Diego Carlos,D,6.5,6.5,False,True
28,11 CRISTANTE UNITED,Aebischer,C,,,False,True
28,11 CRISTANTE UNITED,Calhanoglu,C,6.0,6.0,False,True
28,11 CRISTANTE UNITED,Mazzitelli,C,,,False,True
28,11 CRISTANTE UNITED,Bonny,A,5.5,5.5,False,True
28,11 CRISTANTE UNITED,Beukema,D,6.5,6.5,False,True
28,KKK,Carnesecchi,P,6.5,7.5,True,False
28,KKK,Buongiorno,D,6.0,6.0,True,False
28,KKK,Carlos Augusto,D,6.0,5.5,True,False
28,KKK,Bellanova,D,,,False,False
28,KKK,Atta,C,5.5,5.5,True,False
28,KKK,Modric,C,6.5,6.5,True,False
28,KKK,De Roon,C,6.0,6.0,True,False
28,KKK,McTominay,C,7.0,11.0,True,False
28,KKK,Laurientè,A,6.0,6.0,True,False
28,KKK,Adams C.,A,5.5,5.5,True,False
28,KKK,Krstovic,A,6.0,6.0,True,False
28,KKK,Sportiello,P,,,False,True
28,KKK,Rossi F.,P,,,False,True
28,KKK,Gosens,D,5.5,5.5,True,True
28,KKK,Djimsiti,D,6.0,6.0,False,True
28,KKK,Hermoso,D,7.0,8.0,False,True
28,KKK,Frese,D,5.5,5.5,False,True
28,KKK,Malinovskyi,C,6.5,6.5,False,True
28,KKK,Amorim,C,,,False,True
28,KKK,Esposito Se.,A,6.0,6.0,False,True
28,KKK,Ratkov,A,,,False,True
28,KKK,Cataldi,C,,,False,True
28,KKK,Durosinmi,A,,,False,True
28,KKK,Wesley,D,,,False,True
28,KKK,Konè M.,C,,,False,True
28,LABORATORIO DATI,Sommer,P,5.5,4.5,True,False
28,LABORATORIO DATI,Dodò,D,6.5,6.5,True,False
28,LABORATORIO DATI,Valeri,D,5.5,5.5,True,False
28,LABORATORIO DATI,Dumfries,D,6.0,6.0,True,False
28,LABORATORIO DATI,Luperto,D,6.5,6.5,True,False
28,LABORATORIO DATI,McKennie,C,5.5,5.5,True,False
28,LABORATORIO DATI,Conceicao,C,7.0,8.0,True,False
28,LABORATORIO DATI,Rabiot,C,7.0,10.0,True,False
28,LABORATORIO DATI,Simeone,A,7.0,10.0,True,False
28,LABORATORIO DATI,David,A,,,False,False
28,LABORATORIO DATI,Bonazzoli,A,6.5,6.5,True,False
28,LABORATORIO DATI,Caprile,P,6.5,5.5,False,True
28,LABORATORIO DATI,Radunovic,P,,,False,True
28,LABORATORIO DATI,Gaspar K.,D,,,False,True
28,LABORATORIO DATI,Martin,D,,,False,True
28,LABORATORIO DATI,Delprato,D,,,False,True
28,LABORATORIO DATI,Gila,D,6.0,6.0,False,True
28,LABORATORIO DATI,Odgaard,C,,,False,True
28,LABORATORIO DATI,Bernardeschi,C,5.5,5.5,False,True
28,LABORATORIO DATI,Mandragora,C,,,False,True
28,LABORATORIO DATI,Neres,C,,,False,True
28,LABORATORIO DATI,Collocolo,C,,,False,True
28,LABORATORIO DATI,Vlahovic,A,6.5,6.5,True,True
28,LABORATORIO DATI,Pinamonti,A,7.0,11.0,False,True
28,LABORATORIO DATI,Noslin,A,6.0,6.0,False,True
28,TEAM ZTOTTI,Falcone,P,6.0,5.0,True,False
28,TEAM ZTOTTI,Vojvoda,D,,,False,False
28,TEAM ZTOTTI,Ostigard,D,5.5,5.5,True,False
28,TEAM ZTOTTI,Solet,D,7.0,6.5,True,False
28,TEAM ZTOTTI,Terracciano F.,D,6.0,6.0,True,False
28,TEAM ZTOTTI,Zalewski,C,5.5,5.5,True,False
28,TEAM ZTOTTI,Paz N.,C,7.0,10.0,True,False
28,TEAM ZTOTTI,Strefezza,C,5.0,5.0,True,False
28,TEAM ZTOTTI,Bowie,A,5.5,5.5,True,False
28,TEAM ZTOTTI,Esposito F.P.,A,7.0,10.0,True,False
28,TEAM ZTOTTI,Berardi,A,6.5,7.5,True,False
28,TEAM ZTOTTI,Sava,P,,,False,True
28,TEAM ZTOTTI,Gallo,D,5.5,5.5,True,True
28,TEAM ZTOTTI,Ziolkowski,D,,,False,True
28,TEAM ZTOTTI,Marianucci,D,,,False,True
28,TEAM ZTOTTI,Konè I.,C,6.0,6.0,False,True
28,TEAM ZTOTTI,Baldanzi,C,5.5,5.5,False,True
28,TEAM ZTOTTI,Venturino,C,,,False,True
28,TEAM ZTOTTI,Ricci S.,C,5.5,5.5,False,True
28,TEAM ZTOTTI,Lobotka,C,6.0,5.5,False,True
28,TEAM ZTOTTI,Giovane,A,,,False,True
28,TEAM ZTOTTI,Kilicsoy,A,5.5,5.5,False,True
28,CUORE LAZIALE,Maignan,P,6.5,4.5,True,False
28,CUORE LAZIALE,Bartesaghi,D,6.5,6.5,True,False
28,CUORE LAZIALE,Tavares N.,D,6.0,6.0,True,False
28,CUORE LAZIALE,Kelly L.,D,6.0,6.0,True,False
28,CUORE LAZIALE,Cambiaso,D,5.5,5.5,True,False
28,CUORE LAZIALE,Pulisic,C,6.5,7.5,True,False
28,CUORE LAZIALE,Zielinski,C,5.5,5.5,True,False
28,CUORE LAZIALE,Zaniolo,C,6.5,7.0,True,False
28,CUORE LAZIALE,Lukaku,A,,,False,False
28,CUORE LAZIALE,Pellegrino M.,A,5.0,5.0,True,False
28,CUORE LAZIALE,De Ketelaere,A,6.5,6.5,True,False
28,CUORE LAZIALE,Terracciano,P,,,False,True
28,CUORE LAZIALE,Torriani,P,,,False,True
28,CUORE LAZIALE,Estupinan,D,,,False,True
28,CUORE LAZIALE,Kristensen T.,D,6.5,6.5,False,True
28,CUORE LAZIALE,Muharemovic,D,7.0,7.0,False,True
28,CUORE LAZIALE,Pellegrini Lu.,D,,,False,True
28,CUORE LAZIALE,Cristante,C,6.5,6.5,False,True
28,CUORE LAZIALE,Zaragoza,C,,,False,True
28,CUORE LAZIALE,Harrison,C,6.0,6.0,False,True
28,CUORE LAZIALE,Berisha M.,C,,,False,True
28,CUORE LAZIALE,Loftus-Cheek,C,,,False,True
28,CUORE LAZIALE,Piccoli,A,,,False,True
28,CUORE LAZIALE,Soulè,A,,,False,True
28,CUORE LAZIALE,Solomon,A,,,False,True
28,TEAM JODIODDR,Svilar,P,6.0,7.0,True,False
28,TEAM JODIODDR,Zappacosta,D,7.0,11.0,True,False
28,TEAM JODIODDR,Valle,D,,,False,False
28,TEAM JODIODDR,Hien,D,6.0,5.5,True,False
28,TEAM JODIODDR,Circati,D,5.5,5.5,True,False
28,TEAM JODIODDR,Isaksen,C,5.5,5.5,True,False
28,TEAM JODIODDR,Santos A.,C,6.0,6.0,True,False
28,TEAM JODIODDR,Zambo Anguissa,C,6.0,6.0,True,False
28,TEAM JODIODDR,Gudmundsson A.,C,6.0,6.0,True,False
28,TEAM JODIODDR,Leao,A,,,False,False
28,TEAM JODIODDR,Diao,A,7.5,12.5,True,False
28,TEAM JODIODDR,Gollini,P,,,False,True
28,TEAM JODIODDR,Martinez Jo.,P,,,False,True
28,TEAM JODIODDR,Rensch,D,6.0,6.0,True,True
28,TEAM JODIODDR,Obrador,D,5.5,5.5,False,True
28,TEAM JODIODDR,Belghali,D,5.5,5.5,False,True
28,TEAM JODIODDR,Baschirotto,D,,,False,True
28,TEAM JODIODDR,Pisilli,C,5.5,5.0,False,True
28,TEAM JODIODDR,Frendrup,C,6.0,6.0,False,True
28,TEAM JODIODDR,Ondrejka,C,5.5,5.0,False,True
28,TEAM JODIODDR,Thorstvedt,C,,,False,True
28,TEAM JODIODDR,Orban G.,A,5.0,5.0,True,True
28,TEAM JODIODDR,Sulemana K.,A,,,False,True
28,TEAM JODIODDR,Djuric,A,,,False,True
28,TEAM JODIODDR,Cancellieri,A,6.0,6.0,False,True
28,BTGCBUGC,Perin,P,6.5,5.5,True,False
28,BTGCBUGC,Pavlovic,D,7.0,9.5,True,False
28,BTGCBUGC,Scalvini,D,6.0,6.0,True,False
28,BTGCBUGC,Mancini,D,6.0,6.0,True,False
28,BTGCBUGC,Ramon,D,,,False,False
28,BTGCBUGC,Bisseck,D,6.5,6.5,True,False
28,BTGCBUGC,Maldini,C,5.5,5.5,True,False
28,BTGCBUGC,Locatelli,C,5.0,3.0,True,False
28,BTGCBUGC,Saelemaekers,C,6.0,6.0,True,False
28,BTGCBUGC,Douvikas,A,7.0,10.0,True,False
28,BTGCBUGC,Malen,A,6.0,6.0,True,False
28,BTGCBUGC,Milinkovic-Savic V.,P,6.0,7.0,False,True
28,BTGCBUGC,Di Gregorio,P,,,False,True
28,BTGCBUGC,Palestra,D,6.0,6.0,True,True
28,BTGCBUGC,Cuadrado,D,,,False,True
28,BTGCBUGC,Zè Pedro,D,5.5,5.0,False,True
28,BTGCBUGC,Zaccagni,C,,,False,True
28,BTGCBUGC,Nicolussi Caviglia,C,5.5,5.5,False,True
28,BTGCBUGC,Casadei,C,5.5,5.5,False,True
28,BTGCBUGC,Brescianini,C,5.5,5.0,False,True
28,BTGCBUGC,Tramoni M.,C,5.5,5.5,False,True
28,BTGCBUGC,Kean,A,5.5,5.0,False,True
28,BTGCBUGC,Zapata D.,A,5.5,5.5,False,True
28,BTGCBUGC,Vardy,A,6.5,7.5,False,True
28,BTGCBUGC,Dia,A,7.0,8.0,False,True
28,TEAM ASBOVE,Meret,P,,,False,False
28,TEAM ASBOVE,Bremer,D,5.5,5.0,True,False
28,TEAM ASBOVE,Spinazzola,D,6.0,6.0,True,False
28,TEAM ASBOVE,Vasquez,D,6.0,6.0,True,False
28,TEAM ASBOVE,Celik,D,,,False,False
28,TEAM ASBOVE,Rowe,C,5.5,5.5,True,False
28,TEAM ASBOVE,Elmas,C,,,False,False
28,TEAM ASBOVE,Pellegrini Lo.,C,6.0,6.0,True,False
28,TEAM ASBOVE,Thuram K.,C,5.5,5.5,True,False
28,TEAM ASBOVE,Rodriguez Je.,A,6.0,6.0,True,False
28,TEAM ASBOVE,Nkunku,A,5.5,5.5,True,False
28,TEAM ASBOVE,Bijlow,P,5.5,3.5,True,True
28,TEAM ASBOVE,Butez,P,6.0,7.0,False,True
28,TEAM ASBOVE,Bernasconi,D,6.0,6.0,True,True
28,TEAM ASBOVE,Norton-Cuffy,D,5.5,5.5,False,True
28,TEAM ASBOVE,Acerbi,D,6.0,6.0,False,True
28,TEAM ASBOVE,Heggem,D,6.0,6.0,False,True
28,TEAM ASBOVE,Mkhitaryan,C,,,False,True
28,TEAM ASBOVE,Taylor K.,C,8.0,14.5,True,True
28,TEAM ASBOVE,Sucic P.,C,,,False,True
28,TEAM ASBOVE,Morata,A,6.0,6.0,False,True
28,TEAM ASBOVE,Openda,A,,,False,True
28,TEAM ASBOVE,Vaz,A,7.0,11.0,False,True
28,TEAM ASBOVE,Martinez L.,A,,,False,True
28,TEAM ASBOVE,Vergara,C,,,False,True
28,PREMIER LEAGUE SLOPS,De Gea,P,6.5,5.5,True,False
28,PREMIER LEAGUE SLOPS,Gutierrez,D,6.5,6.5,True,False
28,PREMIER LEAGUE SLOPS,Akanji,D,6.0,6.0,True,False
28,PREMIER LEAGUE SLOPS,Tomori,D,6.0,5.5,True,False
28,PREMIER LEAGUE SLOPS,Olivera,D,5.5,5.0,True,False
28,PREMIER LEAGUE SLOPS,Bernabè,C,,,False,False
28,PREMIER LEAGUE SLOPS,De Bruyne,C,6.0,6.0,True,False
28,PREMIER LEAGUE SLOPS,Vlasic,C,7.0,9.0,True,False
28,PREMIER LEAGUE SLOPS,Fullkrug,A,5.5,5.5,True,False
28,PREMIER LEAGUE SLOPS,Scamacca,A,,,False,False
28,PREMIER LEAGUE SLOPS,Davis K.,A,7.0,9.5,True,False
28,PREMIER LEAGUE SLOPS,Lezzerini,P,,,False,True
28,PREMIER LEAGUE SLOPS,Coco,D,5.0,5.0,False,True
28,PREMIER LEAGUE SLOPS,Mina,D,6.5,6.5,False,True
28,PREMIER LEAGUE SLOPS,Nelsson,D,6.0,6.0,False,True
28,PREMIER LEAGUE SLOPS,Kamara H.,D,6.0,5.5,False,True
28,PREMIER LEAGUE SLOPS,Miretti,C,5.5,5.5,True,True
28,PREMIER LEAGUE SLOPS,Luis Henrique,C,,,False,True
28,PREMIER LEAGUE SLOPS,Matic,C,,,False,True
28,PREMIER LEAGUE SLOPS,Frattesi,C,6.0,6.0,False,True
28,PREMIER LEAGUE SLOPS,Perrone,C,7.5,10.5,False,True
28,PREMIER LEAGUE SLOPS,Kulenovic,A,,,False,True
28,PREMIER LEAGUE SLOPS,Cambiaghi,A,5.5,5.5,True,True
28,PREMIER LEAGUE SLOPS,Ferguson E.,A,,,False,True
28,PREMIER LEAGUE SLOPS,Christensen O.,P,,,False,True
29,11 CRISTANTE UNITED,Okoye,P,6.0,7.0,True,False
29,11 CRISTANTE UNITED,De Winter,D,5.5,5.5,True,False
29,11 CRISTANTE UNITED,Bastoni,D,6.0,6.0,True,False
29,11 CRISTANTE UNITED,N'Dicka,D,5.0,5.0,True,False
29,11 CRISTANTE UNITED,Dimarco,D,6.5,6.5,True,False
29,11 CRISTANTE UNITED,Da Cunha,C,6.0,6.0,True,False
29,11 CRISTANTE UNITED,Barella,C,7.5,10.5,True,False
29,11 CRISTANTE UNITED,Baturina,C,6.0,6.0,True,False
29,11 CRISTANTE UNITED,Castro S.,A,6.0,6.0,True,False
29,11 CRISTANTE UNITED,Vitinha O.,A,5.0,5.0,True,False
29,11 CRISTANTE UNITED,Thuram,A,7.5,12.5,True,False
29,11 CRISTANTE UNITED,Kalulu,D,6.0,6.0,False,True
29,11 CRISTANTE UNITED,Juan Jesus,D,6.5,6.5,False,True
29,11 CRISTANTE UNITED,Pobega,C,,,False,True
29,11 CRISTANTE UNITED,Nzola,A,,,False,True
29,11 CRISTANTE UNITED,Politano,C,7.0,10.5,False,True
29,11 CRISTANTE UNITED,Kuhn,A,,,False,True
29,11 CRISTANTE UNITED,Leali,P,,,False,True
29,11 CRISTANTE UNITED,Diego Carlos,D,6.5,6.0,False,True
29,11 CRISTANTE UNITED,Aebischer,C,6.0,5.5,False,True
29,11 CRISTANTE UNITED,Calhanoglu,C,7.5,11.5,False,True
29,11 CRISTANTE UNITED,Mazzitelli,C,,,False,True
29,11 CRISTANTE UNITED,Bonny,A,6.5,6.5,False,True
29,11 CRISTANTE UNITED,Beukema,D,,,False,True
29,KKK,Carnesecchi,P,6.0,7.0,True,False
29,KKK,Buongiorno,D,6.0,5.5,True,False
29,KKK,Gosens,D,6.0,6.0,True,False
29,KKK,Djimsiti,D,6.5,6.0,True,False
29,KKK,Cataldi,C,6.0,6.0,True,False
29,KKK,Modric,C,6.0,6.0,True,False
29,KKK,De Roon,C,6.0,6.0,True,False
29,KKK,McTominay,C,6.0,6.0,True,False
29,KKK,Laurientè,A,5.5,5.5,True,False
29,KKK,Adams C.,A,7.0,11.0,True,False
29,KKK,Krstovic,A,7.0,10.0,True,False
29,KKK,Sportiello,P,,,False,True
29,KKK,Rossi F.,P,,,False,True
29,KKK,Bellanova,D,6.0,6.0,False,True
29,KKK,Frese,D,6.0,6.0,False,True
29,KKK,Hermoso,D,5.0,5.0,False,True
29,KKK,Atta,C,6.5,6.5,False,True
29,KKK,Malinovskyi,C,5.0,5.0,False,True
29,KKK,Amorim,C,,,False,True
29,KKK,Esposito Se.,A,7.0,9.0,False,True
29,KKK,Ratkov,A,,,False,True
29,KKK,Durosinmi,A,,,False,True
29,KKK,Wesley,D,,,False,True
29,KKK,Konè M.,C,,,False,True
29,KKK,Carlos Augusto,D,,,False,True
29,PREMIER LEAGUE SLOPS,De Gea,P,7.0,8.0,True,False
29,PREMIER LEAGUE SLOPS,Gutierrez,D,6.0,6.0,True,False
29,PREMIER LEAGUE SLOPS,Akanji,D,7.0,7.0,True,False
29,PREMIER LEAGUE SLOPS,Mina,D,5.5,5.5,True,False
29,PREMIER LEAGUE SLOPS,Coco,D,6.0,6.0,True,False
29,PREMIER LEAGUE SLOPS,Bernabè,C,6.0,6.0,True,False
29,PREMIER LEAGUE SLOPS,De Bruyne,C,6.0,6.0,True,False
29,PREMIER LEAGUE SLOPS,Vlasic,C,5.5,5.5,True,False
29,PREMIER LEAGUE SLOPS,Perrone,C,5.5,5.0,True,False
29,PREMIER LEAGUE SLOPS,Miretti,C,,,False,False
29,PREMIER LEAGUE SLOPS,Cambiaghi,A,,,False,False
29,PREMIER LEAGUE SLOPS,Lezzerini,P,,,False,True
29,PREMIER LEAGUE SLOPS,Tomori,D,6.0,6.0,False,True
29,PREMIER LEAGUE SLOPS,Olivera,D,6.5,6.5,False,True
29,PREMIER LEAGUE SLOPS,Nelsson,D,6.0,5.5,False,True
29,PREMIER LEAGUE SLOPS,Kamara H.,D,6.0,6.0,False,True
29,PREMIER LEAGUE SLOPS,Matic,C,6.0,6.0,True,True
29,PREMIER LEAGUE SLOPS,Luis Henrique,C,,,False,True
29,PREMIER LEAGUE SLOPS,Frattesi,C,,,False,True
29,PREMIER LEAGUE SLOPS,Scamacca,A,,,False,True
29,PREMIER LEAGUE SLOPS,Kulenovic,A,5.5,5.5,True,True
29,PREMIER LEAGUE SLOPS,Fullkrug,A,5.5,5.5,False,True
29,PREMIER LEAGUE SLOPS,Ferguson E.,A,,,False,True
29,PREMIER LEAGUE SLOPS,Davis K.,A,,,False,True
29,PREMIER LEAGUE SLOPS,Christensen O.,P,,,False,True
29,TEAM JODIODDR,Svilar,P,5.5,0.5,True,False
29,TEAM JODIODDR,Zappacosta,D,6.0,5.5,True,False
29,TEAM JODIODDR,Valle,D,5.5,5.5,True,False
29,TEAM JODIODDR,Hien,D,,,False,False
29,TEAM JODIODDR,Belghali,D,6.5,6.0,True,False
29,TEAM JODIODDR,Isaksen,C,5.5,5.5,True,False
29,TEAM JODIODDR,Santos A.,C,6.5,6.5,True,False
29,TEAM JODIODDR,Zambo Anguissa,C,6.0,6.0,True,False
29,TEAM JODIODDR,Gudmundsson A.,C,5.0,4.0,True,False
29,TEAM JODIODDR,Leao,A,,,False,False
29,TEAM JODIODDR,Diao,A,6.0,6.0,True,False
29,TEAM JODIODDR,Gollini,P,,,False,True
29,TEAM JODIODDR,Martinez Jo.,P,,,False,True
29,TEAM JODIODDR,Rensch,D,6.0,7.0,True,True
29,TEAM JODIODDR,Circati,D,6.0,6.0,False,True
29,TEAM JODIODDR,Obrador,D,6.5,6.5,False,True
29,TEAM JODIODDR,Baschirotto,D,,,False,True
29,TEAM JODIODDR,Thorstvedt,C,6.5,6.5,False,True
29,TEAM JODIODDR,Frendrup,C,5.0,4.5,False,True
29,TEAM JODIODDR,Pisilli,C,5.0,4.5,False,True
29,TEAM JODIODDR,Ondrejka,C,,,False,True
29,TEAM JODIODDR,Orban G.,A,5.5,5.5,True,True
29,TEAM JODIODDR,Sulemana K.,A,,,False,True
29,TEAM JODIODDR,Djuric,A,5.5,5.5,False,True
29,TEAM JODIODDR,Cancellieri,A,6.0,6.0,False,True
29,BTGCBUGC,Perin,P,6.0,7.0,True,False
29,BTGCBUGC,Cuadrado,D,,,False,False
29,BTGCBUGC,Pavlovic,D,6.5,6.5,True,False
29,BTGCBUGC,Scalvini,D,7.0,11.0,True,False
29,BTGCBUGC,Palestra,D,6.0,6.0,True,False
29,BTGCBUGC,Maldini,C,5.5,5.5,True,False
29,BTGCBUGC,Locatelli,C,6.5,6.0,True,False
29,BTGCBUGC,Brescianini,C,,,False,False
29,BTGCBUGC,Saelemaekers,C,6.0,6.0,True,False
29,BTGCBUGC,Kean,A,5.0,5.0,True,False
29,BTGCBUGC,Douvikas,A,5.5,5.5,True,False
29,BTGCBUGC,Di Gregorio,P,7.0,10.0,False,True
29,BTGCBUGC,Milinkovic-Savic V.,P,6.0,7.0,False,True
29,BTGCBUGC,Bisseck,D,,,False,True
29,BTGCBUGC,Ramon,D,,,False,True
29,BTGCBUGC,Zè Pedro,D,6.0,6.0,True,True
29,BTGCBUGC,Mancini,D,7.0,10.0,False,True
29,BTGCBUGC,Zaccagni,C,,,False,True
29,BTGCBUGC,Casadei,C,6.0,6.0,True,True
29,BTGCBUGC,Tramoni M.,C,5.0,5.0,False,True
29,BTGCBUGC,Nicolussi Caviglia,C,6.0,6.0,False,True
29,BTGCBUGC,Dia,A,5.5,5.5,False,True
29,BTGCBUGC,Malen,A,6.0,6.0,False,True
29,BTGCBUGC,Zapata D.,A,,,False,True
29,BTGCBUGC,Vardy,A,,,False,True
29,TEAM ZTOTTI,Falcone,P,7.0,4.0,True,False
29,TEAM ZTOTTI,Terracciano F.,D,5.0,5.0,True,False
29,TEAM ZTOTTI,Solet,D,7.0,7.0,True,False
29,TEAM ZTOTTI,Ostigard,D,5.0,5.0,True,False
29,TEAM ZTOTTI,Gallo,D,,,False,False
29,TEAM ZTOTTI,Baldanzi,C,6.5,6.5,True,False
29,TEAM ZTOTTI,Paz N.,C,5.5,5.5,True,False
29,TEAM ZTOTTI,Konè I.,C,6.0,6.0,True,False
29,TEAM ZTOTTI,Bowie,A,5.5,5.5,True,False
29,TEAM ZTOTTI,Kilicsoy,A,,,False,False
29,TEAM ZTOTTI,Berardi,A,6.0,6.0,True,False
29,TEAM ZTOTTI,Sava,P,,,False,True
29,TEAM ZTOTTI,Vojvoda,D,5.5,5.5,True,True
29,TEAM ZTOTTI,Ziolkowski,D,,,False,True
29,TEAM ZTOTTI,Marianucci,D,,,False,True
29,TEAM ZTOTTI,Zalewski,C,6.0,6.0,False,True
29,TEAM ZTOTTI,Strefezza,C,6.5,6.0,False,True
29,TEAM ZTOTTI,Venturino,C,,,False,True
29,TEAM ZTOTTI,Ricci S.,C,,,False,True
29,TEAM ZTOTTI,Lobotka,C,6.0,6.0,False,True
29,TEAM ZTOTTI,Esposito F.P.,A,6.0,6.0,True,True
29,TEAM ZTOTTI,Giovane,A,6.0,6.0,False,True
29,CUORE LAZIALE,Maignan,P,6.0,5.0,True,False
29,CUORE LAZIALE,Tavares N.,D,6.0,6.0,True,False
29,CUORE LAZIALE,Muharemovic,D,,,False,False
29,CUORE LAZIALE,Kelly L.,D,6.5,7.5,True,False
29,CUORE LAZIALE,Cambiaso,D,6.0,6.0,True,False
29,CUORE LAZIALE,Zielinski,C,7.0,7.5,True,False
29,CUORE LAZIALE,Pulisic,C,5.5,5.5,True,False
29,CUORE LAZIALE,Zaniolo,C,6.0,6.0,True,False
29,CUORE LAZIALE,Soulè,A,5.5,5.5,True,False
29,CUORE LAZIALE,Pellegrino M.,A,6.0,5.5,True,False
29,CUORE LAZIALE,De Ketelaere,A,7.5,9.5,True,False
29,CUORE LAZIALE,Terracciano,P,,,False,True
29,CUORE LAZIALE,Torriani,P,,,False,True
29,CUORE LAZIALE,Bartesaghi,D,5.5,5.5,True,True
29,CUORE LAZIALE,Estupinan,D,,,False,True
29,CUORE LAZIALE,Kristensen T.,D,5.5,5.0,False,True
29,CUORE LAZIALE,Pellegrini Lu.,D,,,False,True
29,CUORE LAZIALE,Harrison,C,6.0,7.0,False,True
29,CUORE LAZIALE,Cristante,C,5.0,5.0,False,True
29,CUORE LAZIALE,Loftus-Cheek,C,,,False,True
29,CUORE LAZIALE,Berisha M.,C,,,False,True
29,CUORE LAZIALE,Zaragoza,C,,,False,True
29,CUORE LAZIALE,Piccoli,A,5.5,5.5,False,True
29,CUORE LAZIALE,Lukaku,A,,,False,True
29,CUORE LAZIALE,Solomon,A,,,False,True
29,U CAN U UP,Motta,P,6.5,5.5,True,False
29,U CAN U UP,Miranda J.,D,7.0,9.0,True,False
29,U CAN U UP,Zortea,D,,,False,False
29,U CAN U UP,Veiga D.,D,5.5,5.5,True,False
29,U CAN U UP,Orsolini,C,5.5,5.5,True,False
29,U CAN U UP,Ederson D.S.,C,7.0,7.0,True,False
29,U CAN U UP,Pasalic,C,6.5,7.0,True,False
29,U CAN U UP,Ekkelenkamp,C,5.5,5.5,True,False
29,U CAN U UP,Yildiz,A,6.0,6.0,True,False
29,U CAN U UP,Hojlund,A,,,False,False
29,U CAN U UP,Colombo,A,5.5,5.5,True,False
29,U CAN U UP,Furlanetto,P,,,False,True
29,U CAN U UP,Gatti,D,,,False,True
29,U CAN U UP,Canestrelli,D,6.0,6.0,True,True
29,U CAN U UP,Thorsby,C,,,False,True
29,U CAN U UP,Ramadani,C,6.0,6.0,False,True
29,U CAN U UP,Samardzic,C,,,False,True
29,U CAN U UP,Koopmeiners,C,,,False,True
29,U CAN U UP,Raspadori,A,7.0,10.0,True,True
29,U CAN U UP,Cheddira,A,5.5,5.5,False,True
29,U CAN U UP,Sarr A.,A,5.5,5.5,False,True
29,U CAN U UP,Britschgi,D,6.0,6.0,False,True
29,U CAN U UP,Holm,D,,,False,True
29,U CAN U UP,Provedel,P,,,False,True
29,U CAN U UP,Gabbia,D,,,False,True
29,LABORATORIO DATI,Sommer,P,6.5,4.5,True,False
29,LABORATORIO DATI,Delprato,D,7.0,10.0,True,False
29,LABORATORIO DATI,Valeri,D,6.5,6.5,True,False
29,LABORATORIO DATI,Dumfries,D,6.5,6.5,True,False
29,LABORATORIO DATI,Luperto,D,5.5,5.5,True,False
29,LABORATORIO DATI,McKennie,C,6.5,9.0,True,False
29,LABORATORIO DATI,Conceicao,C,6.5,7.5,True,False
29,LABORATORIO DATI,Rabiot,C,6.0,6.0,True,False
29,LABORATORIO DATI,Simeone,A,5.5,5.5,True,False
29,LABORATORIO DATI,David,A,6.0,6.0,True,False
29,LABORATORIO DATI,Pinamonti,A,7.0,10.5,True,False
29,LABORATORIO DATI,Caprile,P,6.0,4.0,False,True
29,LABORATORIO DATI,Radunovic,P,,,False,True
29,LABORATORIO DATI,Gaspar K.,D,,,False,True
29,LABORATORIO DATI,Martin,D,5.0,3.0,False,True
29,LABORATORIO DATI,Dodò,D,,,False,True
29,LABORATORIO DATI,Gila,D,,,False,True
29,LABORATORIO DATI,Odgaard,C,,,False,True
29,LABORATORIO DATI,Bernardeschi,C,6.5,6.5,False,True
29,LABORATORIO DATI,Mandragora,C,,,False,True
29,LABORATORIO DATI,Neres,C,,,False,True
29,LABORATORIO DATI,Collocolo,C,,,False,True
29,LABORATORIO DATI,Vlahovic,A,,,False,True
29,LABORATORIO DATI,Bonazzoli,A,6.5,8.5,False,True
29,LABORATORIO DATI,Noslin,A,7.0,10.5,False,True
29,TEAM ASBOVE,Butez,P,6.5,7.5,True,False
29,TEAM ASBOVE,Bremer,D,7.0,10.5,True,False
29,TEAM ASBOVE,Spinazzola,D,6.5,6.5,True,False
29,TEAM ASBOVE,Heggem,D,,,False,False
29,TEAM ASBOVE,Bernasconi,D,6.0,6.0,True,False
29,TEAM ASBOVE,Rowe,C,7.0,11.0,True,False
29,TEAM ASBOVE,Taylor K.,C,6.5,7.5,True,False
29,TEAM ASBOVE,Pellegrini Lo.,C,6.0,9.0,True,False
29,TEAM ASBOVE,Thuram K.,C,6.0,5.5,True,False
29,TEAM ASBOVE,Martinez L.,A,7.5,14.5,True,False
29,TEAM ASBOVE,Rodriguez Je.,A,,,False,False
29,TEAM ASBOVE,Meret,P,,,False,True
29,TEAM ASBOVE,Bijlow,P,6.0,4.0,False,True
29,TEAM ASBOVE,Acerbi,D,6.0,6.0,True,True
29,TEAM ASBOVE,Celik,D,5.5,5.5,False,True
29,TEAM ASBOVE,Norton-Cuffy,D,,,False,True
29,TEAM ASBOVE,Vasquez,D,5.0,5.0,False,True
29,TEAM ASBOVE,Sucic P.,C,6.0,6.0,False,True
29,TEAM ASBOVE,Elmas,C,,,False,True
29,TEAM ASBOVE,Vergara,C,,,False,True
29,TEAM ASBOVE,Mkhitaryan,C,6.0,6.0,False,True
29,TEAM ASBOVE,Morata,A,,,False,True
29,TEAM ASBOVE,Openda,A,,,False,True
29,TEAM ASBOVE,Vaz,A,,,False,True
29,TEAM ASBOVE,Nkunku,A,5.5,5.5,True,True
30,TEAM ASBOVE,Meret,P,,,False,False
30,TEAM ASBOVE,Bremer,D,6.5,6.5,True,False
30,TEAM ASBOVE,Spinazzola,D,5.5,5.5,True,False
30,TEAM ASBOVE,Celik,D,6.5,6.0,True,False
30,TEAM ASBOVE,Norton-Cuffy,D,,,False,False
30,TEAM ASBOVE,Rowe,C,6.0,6.0,True,False
30,TEAM ASBOVE,Taylor K.,C,5.5,5.5,True,False
30,TEAM ASBOVE,Pellegrini Lo.,C,6.5,6.5,True,False
30,TEAM ASBOVE,Thuram K.,C,5.5,5.0,True,False
30,TEAM ASBOVE,Martinez L.,A,,,False,False
30,TEAM ASBOVE,Nkunku,A,5.5,5.5,True,False
30,TEAM ASBOVE,Bijlow,P,6.0,5.0,True,True
30,TEAM ASBOVE,Butez,P,5.5,2.5,False,True
30,TEAM ASBOVE,Acerbi,D,6.0,5.5,True,True
30,TEAM ASBOVE,Bernasconi,D,5.5,5.5,False,True
30,TEAM ASBOVE,Vasquez,D,6.5,6.5,False,True
30,TEAM ASBOVE,Heggem,D,,,False,True
30,TEAM ASBOVE,Elmas,C,,,False,True
30,TEAM ASBOVE,Sucic P.,C,6.0,5.5,False,True
30,TEAM ASBOVE,Vergara,C,,,False,True
30,TEAM ASBOVE,Mkhitaryan,C,,,False,True
30,TEAM ASBOVE,Vaz,A,,,False,True
30,TEAM ASBOVE,Morata,A,,,False,True
30,TEAM ASBOVE,Openda,A,,,False,True
30,TEAM ASBOVE,Rodriguez Je.,A,,,False,True
30,11 CRISTANTE UNITED,Okoye,P,7.0,8.0,True,False
30,11 CRISTANTE UNITED,De Winter,D,4.5,4.5,True,False
30,11 CRISTANTE UNITED,Bastoni,D,5.5,5.5,True,False
30,11 CRISTANTE UNITED,N'Dicka,D,6.5,7.5,True,False
30,11 CRISTANTE UNITED,Dimarco,D,5.0,5.0,True,False
30,11 CRISTANTE UNITED,Da Cunha,C,6.5,8.5,True,False
30,11 CRISTANTE UNITED,Barella,C,7.5,9.5,True,False
30,11 CRISTANTE UNITED,Baturina,C,5.5,5.5,True,False
30,11 CRISTANTE UNITED,Castro S.,A,6.0,6.0,True,False
30,11 CRISTANTE UNITED,Vitinha O.,A,6.0,6.0,True,False
30,11 CRISTANTE UNITED,Thuram,A,7.5,13.5,True,False
30,11 CRISTANTE UNITED,Kalulu,D,6.5,6.5,False,True
30,11 CRISTANTE UNITED,Juan Jesus,D,5.0,5.0,False,True
30,11 CRISTANTE UNITED,Pobega,C,6.0,6.0,False,True
30,11 CRISTANTE UNITED,Nzola,A,,,False,True
30,11 CRISTANTE UNITED,Politano,C,5.5,5.5,False,True
30,11 CRISTANTE UNITED,Kuhn,A,,,False,True
30,11 CRISTANTE UNITED,Leali,P,,,False,True
30,11 CRISTANTE UNITED,Diego Carlos,D,6.0,6.0,False,True
30,11 CRISTANTE UNITED,Aebischer,C,6.0,6.0,False,True
30,11 CRISTANTE UNITED,Calhanoglu,C,6.5,7.0,False,True
30,11 CRISTANTE UNITED,Mazzitelli,C,6.0,6.0,False,True
30,11 CRISTANTE UNITED,Bonny,A,5.5,5.0,False,True
30,11 CRISTANTE UNITED,Beukema,D,6.0,6.0,False,True
30,TEAM JODIODDR,Svilar,P,6.5,7.5,True,False
30,TEAM JODIODDR,Zappacosta,D,5.5,5.5,True,False
30,TEAM JODIODDR,Valle,D,6.0,8.5,True,False
30,TEAM JODIODDR,Hien,D,,,False,False
30,TEAM JODIODDR,Rensch,D,6.5,7.5,True,False
30,TEAM JODIODDR,Thorstvedt,C,5.5,5.5,True,False
30,TEAM JODIODDR,Santos A.,C,6.0,6.0,True,False
30,TEAM JODIODDR,Zambo Anguissa,C,5.5,5.5,True,False
30,TEAM JODIODDR,Pisilli,C,6.0,6.0,True,False
30,TEAM JODIODDR,Sulemana K.,A,,,False,False
30,TEAM JODIODDR,Diao,A,6.0,5.5,True,False
30,TEAM JODIODDR,Gollini,P,,,False,True
30,TEAM JODIODDR,Martinez Jo.,P,,,False,True
30,TEAM JODIODDR,Baschirotto,D,6.0,6.0,True,True
30,TEAM JODIODDR,Circati,D,6.0,5.5,False,True
30,TEAM JODIODDR,Obrador,D,7.0,8.0,False,True
30,TEAM JODIODDR,Belghali,D,5.5,5.5,False,True
30,TEAM JODIODDR,Isaksen,C,5.5,5.5,False,True
30,TEAM JODIODDR,Frendrup,C,6.0,5.5,False,True
30,TEAM JODIODDR,Ondrejka,C,,,False,True
30,TEAM JODIODDR,Leao,A,4.5,4.0,True,True
30,TEAM JODIODDR,Orban G.,A,5.5,5.5,False,True
30,TEAM JODIODDR,Djuric,A,,,False,True
30,TEAM JODIODDR,Cancellieri,A,5.5,5.5,False,True
30,TEAM JODIODDR,Gudmundsson A.,C,,,False,True
30,LABORATORIO DATI,Sommer,P,5.0,2.0,True,False
30,LABORATORIO DATI,Delprato,D,6.5,6.5,True,False
30,LABORATORIO DATI,Valeri,D,6.5,6.5,True,False
30,LABORATORIO DATI,Dumfries,D,8.0,15.0,True,False
30,LABORATORIO DATI,Luperto,D,6.0,6.0,True,False
30,LABORATORIO DATI,Mandragora,C,5.5,5.5,True,False
30,LABORATORIO DATI,Conceicao,C,6.0,6.0,True,False
30,LABORATORIO DATI,Rabiot,C,5.0,5.0,True,False
30,LABORATORIO DATI,Simeone,A,7.0,10.0,True,False
30,LABORATORIO DATI,David,A,5.5,5.5,True,False
30,LABORATORIO DATI,Pinamonti,A,5.5,5.5,True,False
30,LABORATORIO DATI,Caprile,P,6.0,7.0,False,True
30,LABORATORIO DATI,Radunovic,P,,,False,True
30,LABORATORIO DATI,Gaspar K.,D,,,False,True
30,LABORATORIO DATI,Martin,D,6.5,6.5,False,True
30,LABORATORIO DATI,Dodò,D,6.0,5.5,False,True
30,LABORATORIO DATI,Gila,D,,,False,True
30,LABORATORIO DATI,Odgaard,C,,,False,True
30,LABORATORIO DATI,Bernardeschi,C,6.5,7.5,False,True
30,LABORATORIO DATI,McKennie,C,,,False,True
30,LABORATORIO DATI,Neres,C,,,False,True
30,LABORATORIO DATI,Collocolo,C,,,False,True
30,LABORATORIO DATI,Vlahovic,A,,,False,True
30,LABORATORIO DATI,Bonazzoli,A,5.5,5.5,False,True
30,LABORATORIO DATI,Noslin,A,6.0,5.5,False,True
30,KKK,Carnesecchi,P,5.5,4.5,True,False
30,KKK,Buongiorno,D,5.5,5.5,True,False
30,KKK,Gosens,D,7.0,11.0,True,False
30,KKK,Hermoso,D,6.0,6.0,True,False
30,KKK,Cataldi,C,,,False,False
30,KKK,Modric,C,6.0,6.0,True,False
30,KKK,Malinovskyi,C,7.0,9.5,True,False
30,KKK,McTominay,C,7.0,11.0,True,False
30,KKK,Esposito Se.,A,7.0,11.0,True,False
30,KKK,Adams C.,A,6.0,6.0,True,False
30,KKK,Krstovic,A,6.0,6.0,True,False
30,KKK,Sportiello,P,,,False,True
30,KKK,Rossi F.,P,,,False,True
30,KKK,Carlos Augusto,D,6.0,5.5,False,True
30,KKK,Bellanova,D,,,False,True
30,KKK,Djimsiti,D,5.5,5.5,False,True
30,KKK,Frese,D,5.0,4.5,False,True
30,KKK,Atta,C,7.5,10.5,True,True
30,KKK,De Roon,C,6.0,6.0,False,True
30,KKK,Amorim,C,,,False,True
30,KKK,Laurientè,A,5.5,5.5,False,True
30,KKK,Ratkov,A,,,False,True
30,KKK,Durosinmi,A,6.0,6.0,False,True
30,KKK,Wesley,D,,,False,True
30,KKK,Konè M.,C,,,False,True
30,CUORE LAZIALE,Maignan,P,6.0,3.0,True,False
30,CUORE LAZIALE,Tavares N.,D,6.0,6.0,True,False
30,CUORE LAZIALE,Bartesaghi,D,5.5,3.5,True,False
30,CUORE LAZIALE,Kelly L.,D,6.0,6.0,True,False
30,CUORE LAZIALE,Cambiaso,D,5.5,5.0,True,False
30,CUORE LAZIALE,Zaniolo,C,7.5,8.5,True,False
30,CUORE LAZIALE,Pulisic,C,5.5,5.5,True,False
30,CUORE LAZIALE,Zielinski,C,5.5,5.0,True,False
30,CUORE LAZIALE,Harrison,C,6.5,7.5,True,False
30,CUORE LAZIALE,De Ketelaere,A,6.5,6.0,True,False
30,CUORE LAZIALE,Soulè,A,6.5,7.5,True,False
30,CUORE LAZIALE,Terracciano,P,,,False,True
30,CUORE LAZIALE,Torriani,P,,,False,True
30,CUORE LAZIALE,Muharemovic,D,6.5,6.0,False,True
30,CUORE LAZIALE,Estupinan,D,,,False,True
30,CUORE LAZIALE,Kristensen T.,D,6.5,6.0,False,True
30,CUORE LAZIALE,Pellegrini Lu.,D,,,False,True
30,CUORE LAZIALE,Zaragoza,C,,,False,True
30,CUORE LAZIALE,Loftus-Cheek,C,,,False,True
30,CUORE LAZIALE,Cristante,C,6.5,6.5,False,True
30,CUORE LAZIALE,Berisha M.,C,,,False,True
30,CUORE LAZIALE,Piccoli,A,5.5,5.0,False,True
30,CUORE LAZIALE,Solomon,A,,,False,True
30,CUORE LAZIALE,Pellegrino M.,A,,,False,True
30,CUORE LAZIALE,Lukaku,A,,,False,True
30,TEAM ZTOTTI,Falcone,P,6.0,4.0,True,False
30,TEAM ZTOTTI,Terracciano F.,D,5.5,5.0,True,False
30,TEAM ZTOTTI,Ostigard,D,6.0,6.0,True,False
30,TEAM ZTOTTI,Solet,D,7.0,7.0,True,False
30,TEAM ZTOTTI,Zalewski,C,5.5,5.5,True,False
30,TEAM ZTOTTI,Paz N.,C,7.0,10.0,True,False
30,TEAM ZTOTTI,Baldanzi,C,7.0,8.0,True,False
30,TEAM ZTOTTI,Konè I.,C,7.0,10.0,True,False
30,TEAM ZTOTTI,Giovane,A,5.5,5.5,True,False
30,TEAM ZTOTTI,Esposito F.P.,A,5.5,5.5,True,False
30,TEAM ZTOTTI,Berardi,A,5.5,4.5,True,False
30,TEAM ZTOTTI,Sava,P,,,False,True
30,TEAM ZTOTTI,Vojvoda,D,,,False,True
30,TEAM ZTOTTI,Marianucci,D,6.0,6.0,False,True
30,TEAM ZTOTTI,Ziolkowski,D,,,False,True
30,TEAM ZTOTTI,Strefezza,C,7.0,10.0,False,True
30,TEAM ZTOTTI,Ricci S.,C,5.5,5.5,False,True
30,TEAM ZTOTTI,Venturino,C,,,False,True
30,TEAM ZTOTTI,Lobotka,C,6.5,6.5,False,True
30,TEAM ZTOTTI,Kilicsoy,A,,,False,True
30,TEAM ZTOTTI,Bowie,A,7.0,10.0,False,True
30,U CAN U UP,Motta,P,6.0,5.0,True,False
30,U CAN U UP,Miranda J.,D,6.5,6.5,True,False
30,U CAN U UP,Zortea,D,6.0,6.0,True,False
30,U CAN U UP,Veiga D.,D,6.0,6.0,True,False
30,U CAN U UP,Orsolini,C,7.0,10.0,True,False
30,U CAN U UP,Ederson D.S.,C,6.0,6.0,True,False
30,U CAN U UP,Pasalic,C,6.0,6.0,True,False
30,U CAN U UP,Ekkelenkamp,C,7.5,11.5,True,False
30,U CAN U UP,Yildiz,A,6.0,6.0,True,False
30,U CAN U UP,Hojlund,A,6.5,7.5,True,False
30,U CAN U UP,Colombo,A,6.5,6.5,True,False
30,U CAN U UP,Furlanetto,P,,,False,True
30,U CAN U UP,Britschgi,D,,,False,True
30,U CAN U UP,Holm,D,6.5,6.5,False,True
30,U CAN U UP,Gatti,D,6.0,6.0,False,True
30,U CAN U UP,Canestrelli,D,5.0,5.0,False,True
30,U CAN U UP,Samardzic,C,,,False,True
30,U CAN U UP,Thorsby,C,,,False,True
30,U CAN U UP,Ramadani,C,5.0,5.0,False,True
30,U CAN U UP,Koopmeiners,C,6.0,6.0,False,True
30,U CAN U UP,Raspadori,A,6.0,6.0,False,True
30,U CAN U UP,Cheddira,A,6.0,6.0,False,True
30,U CAN U UP,Sarr A.,A,,,False,True
30,U CAN U UP,Provedel,P,,,False,True
30,U CAN U UP,Gabbia,D,,,False,True
30,BTGCBUGC,Milinkovic-Savic V.,P,6.0,5.0,True,False
30,BTGCBUGC,Palestra,D,6.0,6.0,True,False
30,BTGCBUGC,Pavlovic,D,5.5,5.5,True,False
30,BTGCBUGC,Scalvini,D,5.5,5.5,True,False
30,BTGCBUGC,Bisseck,D,,,False,False
30,BTGCBUGC,Maldini,C,,,False,False
30,BTGCBUGC,Locatelli,C,7.0,7.0,True,False
30,BTGCBUGC,Casadei,C,7.0,11.0,True,False
30,BTGCBUGC,Zaccagni,C,6.0,6.0,True,False
30,BTGCBUGC,Malen,A,8.5,18.5,True,False
30,BTGCBUGC,Kean,A,,,False,False
30,BTGCBUGC,Perin,P,,,False,True
30,BTGCBUGC,Di Gregorio,P,6.5,7.5,False,True
30,BTGCBUGC,Mancini,D,,,False,True
30,BTGCBUGC,Zè Pedro,D,6.5,7.5,True,True
30,BTGCBUGC,Cuadrado,D,,,False,True
30,BTGCBUGC,Ramon,D,5.5,5.0,False,True
30,BTGCBUGC,Saelemaekers,C,5.5,5.5,True,True
30,BTGCBUGC,Brescianini,C,,,False,True
30,BTGCBUGC,Nicolussi Caviglia,C,5.5,5.5,False,True
30,BTGCBUGC,Tramoni M.,C,6.0,6.0,False,True
30,BTGCBUGC,Zapata D.,A,,,False,True
30,BTGCBUGC,Dia,A,5.5,5.5,True,True
30,BTGCBUGC,Douvikas,A,5.0,5.0,False,True
30,BTGCBUGC,Vardy,A,,,False,True
30,PREMIER LEAGUE SLOPS,De Gea,P,7.0,8.0,True,False
30,PREMIER LEAGUE SLOPS,Gutierrez,D,,,False,False
30,PREMIER LEAGUE SLOPS,Akanji,D,6.5,6.0,True,False
30,PREMIER LEAGUE SLOPS,Tomori,D,,,False,False
30,PREMIER LEAGUE SLOPS,Olivera,D,6.0,6.0,True,False
30,PREMIER LEAGUE SLOPS,Bernabè,C,6.0,6.0,True,False
30,PREMIER LEAGUE SLOPS,De Bruyne,C,6.0,6.0,True,False
30,PREMIER LEAGUE SLOPS,Vlasic,C,6.0,6.0,True,False
30,PREMIER LEAGUE SLOPS,Perrone,C,6.0,6.0,True,False
30,PREMIER LEAGUE SLOPS,Fullkrug,A,5.0,5.0,True,False
30,PREMIER LEAGUE SLOPS,Davis K.,A,7.0,7.0,True,False
30,PREMIER LEAGUE SLOPS,Lezzerini,P,,,False,True
30,PREMIER LEAGUE SLOPS,Mina,D,6.0,6.0,True,True
30,PREMIER LEAGUE SLOPS,Coco,D,6.0,6.0,True,True
30,PREMIER LEAGUE SLOPS,Nelsson,D,5.5,5.5,False,True
30,PREMIER LEAGUE SLOPS,Kamara H.,D,6.0,6.0,False,True
30,PREMIER LEAGUE SLOPS,Matic,C,5.5,5.5,False,True
30,PREMIER LEAGUE SLOPS,Miretti,C,,,False,True
30,PREMIER LEAGUE SLOPS,Luis Henrique,C,6.0,6.0,False,True
30,PREMIER LEAGUE SLOPS,Frattesi,C,,,False,True
30,PREMIER LEAGUE SLOPS,Cambiaghi,A,6.0,6.0,False,True
30,PREMIER LEAGUE SLOPS,Scamacca,A,5.5,5.5,False,True
30,PREMIER LEAGUE SLOPS,Kulenovic,A,6.0,6.0,False,True
30,PREMIER LEAGUE SLOPS,Ferguson E.,A,,,False,True
30,PREMIER LEAGUE SLOPS,Christensen O.,P,,,False,True
31,U CAN U UP,Motta,P,6.0,7.0,True,False
31,U CAN U UP,Miranda J.,D,5.5,5.5,True,False
31,U CAN U UP,Zortea,D,6.0,6.0,True,False
31,U CAN U UP,Gabbia,D,7.0,7.0,True,False
31,U CAN U UP,Orsolini,C,6.0,6.0,True,False
31,U CAN U UP,Ederson D.S.,C,6.5,6.0,True,False
31,U CAN U UP,Pasalic,C,,,False,False
31,U CAN U UP,Ekkelenkamp,C,5.5,5.5,True,False
31,U CAN U UP,Yildiz,A,6.0,6.0,True,False
31,U CAN U UP,Hojlund,A,5.0,5.0,True,False
31,U CAN U UP,Colombo,A,7.0,10.0,True,False
31,U CAN U UP,Furlanetto,P,,,False,True
31,U CAN U UP,Britschgi,D,6.0,6.0,False,True
31,U CAN U UP,Holm,D,6.5,6.5,False,True
31,U CAN U UP,Gatti,D,,,False,True
31,U CAN U UP,Canestrelli,D,6.5,9.5,False,True
31,U CAN U UP,Samardzic,C,,,False,True
31,U CAN U UP,Thorsby,C,,,False,True
31,U CAN U UP,Ramadani,C,6.5,6.5,True,True
31,U CAN U UP,Koopmeiners,C,,,False,True
31,U CAN U UP,Raspadori,A,6.0,6.0,False,True
31,U CAN U UP,Cheddira,A,5.0,5.0,False,True
31,U CAN U UP,Sarr A.,A,,,False,True
31,U CAN U UP,Provedel,P,,,False,True
31,U CAN U UP,Veiga D.,D,6.0,6.0,False,True
31,KKK,Carnesecchi,P,7.0,6.0,True,False
31,KKK,Buongiorno,D,4.5,4.5,True,False
31,KKK,Gosens,D,,,False,False
31,KKK,Carlos Augusto,D,6.0,6.0,True,False
31,KKK,Cataldi,C,6.0,5.5,True,False
31,KKK,Modric,C,6.5,6.5,True,False
31,KKK,Atta,C,6.0,6.0,True,False
31,KKK,McTominay,C,5.5,5.5,True,False
31,KKK,Laurientè,A,7.0,8.0,True,False
31,KKK,Adams C.,A,5.5,5.5,True,False
31,KKK,Krstovic,A,7.0,10.0,True,False
31,KKK,Sportiello,P,,,False,True
31,KKK,Rossi F.,P,,,False,True
31,KKK,Bellanova,D,5.5,5.5,True,True
31,KKK,Djimsiti,D,6.5,6.0,False,True
31,KKK,Wesley,D,,,False,True
31,KKK,Frese,D,,,False,True
31,KKK,De Roon,C,6.0,7.0,False,True
31,KKK,Amorim,C,6.5,6.5,False,True
31,KKK,Esposito Se.,A,6.0,5.5,False,True
31,KKK,Durosinmi,A,5.5,5.5,False,True
31,KKK,Ratkov,A,,,False,True
31,KKK,Konè M.,C,,,False,True
31,KKK,Malinovskyi,C,,,False,True
31,LABORATORIO DATI,Sommer,P,,,False,False
31,LABORATORIO DATI,Delprato,D,6.0,6.0,True,False
31,LABORATORIO DATI,Martin,D,6.0,6.0,True,False
31,LABORATORIO DATI,Dumfries,D,6.5,7.5,True,False
31,LABORATORIO DATI,Luperto,D,6.5,6.5,True,False
31,LABORATORIO DATI,Mandragora,C,6.0,7.0,True,False
31,LABORATORIO DATI,Conceicao,C,6.0,6.0,True,False
31,LABORATORIO DATI,Rabiot,C,7.0,11.0,True,False
31,LABORATORIO DATI,Simeone,A,5.5,5.5,True,False
31,LABORATORIO DATI,David,A,7.0,11.0,True,False
31,LABORATORIO DATI,Pinamonti,A,,,False,False
31,LABORATORIO DATI,Caprile,P,6.0,3.0,True,True
31,LABORATORIO DATI,Radunovic,P,,,False,True
31,LABORATORIO DATI,Valeri,D,6.0,6.0,False,True
31,LABORATORIO DATI,Dodò,D,6.0,6.0,False,True
31,LABORATORIO DATI,Gaspar K.,D,,,False,True
31,LABORATORIO DATI,Gila,D,7.0,7.0,False,True
31,LABORATORIO DATI,McKennie,C,7.0,8.0,False,True
31,LABORATORIO DATI,Odgaard,C,,,False,True
31,LABORATORIO DATI,Bernardeschi,C,,,False,True
31,LABORATORIO DATI,Neres,C,,,False,True
31,LABORATORIO DATI,Collocolo,C,,,False,True
31,LABORATORIO DATI,Vlahovic,A,,,False,True
31,LABORATORIO DATI,Bonazzoli,A,6.5,6.5,True,True
31,LABORATORIO DATI,Noslin,A,6.5,6.5,False,True
31,BTGCBUGC,Perin,P,,,False,False
31,BTGCBUGC,Cuadrado,D,6.0,6.0,True,False
31,BTGCBUGC,Pavlovic,D,6.5,6.5,True,False
31,BTGCBUGC,Scalvini,D,6.0,6.0,True,False
31,BTGCBUGC,Ramon,D,5.5,5.0,True,False
31,BTGCBUGC,Zaccagni,C,5.0,3.0,True,False
31,BTGCBUGC,Casadei,C,5.5,5.5,True,False
31,BTGCBUGC,Locatelli,C,6.5,6.0,True,False
31,BTGCBUGC,Saelemaekers,C,6.0,6.0,True,False
31,BTGCBUGC,Douvikas,A,5.5,5.5,True,False
31,BTGCBUGC,Malen,A,6.0,6.0,True,False
31,BTGCBUGC,Di Gregorio,P,6.0,7.0,True,True
31,BTGCBUGC,Milinkovic-Savic V.,P,7.0,7.0,False,True
31,BTGCBUGC,Bisseck,D,,,False,True
31,BTGCBUGC,Mancini,D,6.0,6.0,False,True
31,BTGCBUGC,Palestra,D,6.0,6.0,False,True
31,BTGCBUGC,Zè Pedro,D,5.5,5.5,False,True
31,BTGCBUGC,Maldini,C,,,False,True
31,BTGCBUGC,Brescianini,C,,,False,True
31,BTGCBUGC,Tramoni M.,C,5.5,5.5,False,True
31,BTGCBUGC,Nicolussi Caviglia,C,6.0,6.0,False,True
31,BTGCBUGC,Zapata D.,A,,,False,True
31,BTGCBUGC,Kean,A,,,False,True
31,BTGCBUGC,Dia,A,6.0,5.5,False,True
31,BTGCBUGC,Vardy,A,,,False,True
31,11 CRISTANTE UNITED,Okoye,P,5.5,4.5,True,False
31,11 CRISTANTE UNITED,Juan Jesus,D,,,False,False
31,11 CRISTANTE UNITED,Bastoni,D,,,False,False
31,11 CRISTANTE UNITED,N'Dicka,D,6.0,6.0,True,False
31,11 CRISTANTE UNITED,Dimarco,D,6.5,7.5,True,False
31,11 CRISTANTE UNITED,Da Cunha,C,6.0,6.0,True,False
31,11 CRISTANTE UNITED,Barella,C,7.5,10.5,True,False
31,11 CRISTANTE UNITED,Calhanoglu,C,6.0,6.0,True,False
31,11 CRISTANTE UNITED,Castro S.,A,5.0,5.0,True,False
31,11 CRISTANTE UNITED,Vitinha O.,A,,,False,False
31,11 CRISTANTE UNITED,Thuram,A,7.0,11.0,True,False
31,11 CRISTANTE UNITED,Kalulu,D,6.5,7.5,True,True
31,11 CRISTANTE UNITED,Pobega,C,5.5,5.5,False,True
31,11 CRISTANTE UNITED,Nzola,A,7.5,12.5,True,True
31,11 CRISTANTE UNITED,Politano,C,5.5,5.5,False,True
31,11 CRISTANTE UNITED,Kuhn,A,5.5,5.5,False,True
31,11 CRISTANTE UNITED,Leali,P,,,False,True
31,11 CRISTANTE UNITED,Diego Carlos,D,,,False,True
31,11 CRISTANTE UNITED,Aebischer,C,6.0,5.5,False,True
31,11 CRISTANTE UNITED,Mazzitelli,C,,,False,True
31,11 CRISTANTE UNITED,Bonny,A,6.5,6.5,False,True
31,11 CRISTANTE UNITED,Beukema,D,5.0,5.0,True,True
31,11 CRISTANTE UNITED,Baturina,C,5.5,5.5,False,True
31,11 CRISTANTE UNITED,De Winter,D,,,False,True
31,TEAM JODIODDR,Svilar,P,6.5,5.5,True,False
31,TEAM JODIODDR,Zappacosta,D,6.0,6.0,True,False
31,TEAM JODIODDR,Valle,D,,,False,False
31,TEAM JODIODDR,Circati,D,6.5,6.5,True,False
31,TEAM JODIODDR,Baschirotto,D,6.5,6.5,True,False
31,TEAM JODIODDR,Thorstvedt,C,6.5,6.0,True,False
31,TEAM JODIODDR,Santos A.,C,6.0,6.0,True,False
31,TEAM JODIODDR,Zambo Anguissa,C,5.5,5.5,True,False
31,TEAM JODIODDR,Ondrejka,C,6.0,6.0,True,False
31,TEAM JODIODDR,Leao,A,6.0,7.0,True,False
31,TEAM JODIODDR,Diao,A,5.0,5.0,True,False
31,TEAM JODIODDR,Gollini,P,,,False,True
31,TEAM JODIODDR,Martinez Jo.,P,6.0,7.0,False,True
31,TEAM JODIODDR,Rensch,D,6.5,7.5,True,True
31,TEAM JODIODDR,Hien,D,,,False,True
31,TEAM JODIODDR,Obrador,D,5.5,5.5,False,True
31,TEAM JODIODDR,Belghali,D,5.5,5.5,False,True
31,TEAM JODIODDR,Pisilli,C,5.5,5.0,False,True
31,TEAM JODIODDR,Isaksen,C,,,False,True
31,TEAM JODIODDR,Gudmundsson A.,C,5.5,5.5,False,True
31,TEAM JODIODDR,Frendrup,C,,,False,True
31,TEAM JODIODDR,Orban G.,A,5.0,5.0,False,True
31,TEAM JODIODDR,Djuric,A,,,False,True
31,TEAM JODIODDR,Cancellieri,A,7.0,11.5,False,True
31,TEAM JODIODDR,Sulemana K.,A,,,False,True
31,PREMIER LEAGUE SLOPS,De Gea,P,6.5,5.5,True,False
31,PREMIER LEAGUE SLOPS,Kamara H.,D,5.5,5.5,True,False
31,PREMIER LEAGUE SLOPS,Akanji,D,6.5,6.5,True,False
31,PREMIER LEAGUE SLOPS,Tomori,D,6.0,6.0,True,False
31,PREMIER LEAGUE SLOPS,Coco,D,6.0,5.5,True,False
31,PREMIER LEAGUE SLOPS,Bernabè,C,6.0,6.0,True,False
31,PREMIER LEAGUE SLOPS,De Bruyne,C,5.5,5.5,True,False
31,PREMIER LEAGUE SLOPS,Vlasic,C,5.5,5.5,True,False
31,PREMIER LEAGUE SLOPS,Perrone,C,6.0,6.0,True,False
31,PREMIER LEAGUE SLOPS,Fullkrug,A,,,False,False
31,PREMIER LEAGUE SLOPS,Scamacca,A,,,False,False
31,PREMIER LEAGUE SLOPS,Lezzerini,P,,,False,True
31,PREMIER LEAGUE SLOPS,Gutierrez,D,6.0,6.0,False,True
31,PREMIER LEAGUE SLOPS,Olivera,D,5.0,5.0,False,True
31,PREMIER LEAGUE SLOPS,Mina,D,5.0,5.0,False,True
31,PREMIER LEAGUE SLOPS,Nelsson,D,6.0,6.0,False,True
31,PREMIER LEAGUE SLOPS,Matic,C,6.0,6.0,False,True
31,PREMIER LEAGUE SLOPS,Miretti,C,,,False,True
31,PREMIER LEAGUE SLOPS,Luis Henrique,C,6.0,6.0,False,True
31,PREMIER LEAGUE SLOPS,Frattesi,C,,,False,True
31,PREMIER LEAGUE SLOPS,Cambiaghi,A,5.5,5.5,True,True
31,PREMIER LEAGUE SLOPS,Kulenovic,A,,,False,True
31,PREMIER LEAGUE SLOPS,Ferguson E.,A,,,False,True
31,PREMIER LEAGUE SLOPS,Davis K.,A,,,False,True
31,PREMIER LEAGUE SLOPS,Christensen O.,P,,,False,True
31,TEAM ZTOTTI,Falcone,P,6.0,5.0,True,False
31,TEAM ZTOTTI,Vojvoda,D,5.5,5.5,True,False
31,TEAM ZTOTTI,Solet,D,6.0,6.0,True,False
31,TEAM ZTOTTI,Ostigard,D,6.5,6.0,True,False
31,TEAM ZTOTTI,Gallo,D,6.0,7.0,True,False
31,TEAM ZTOTTI,Strefezza,C,6.5,7.5,True,False
31,TEAM ZTOTTI,Lobotka,C,5.0,4.5,True,False
31,TEAM ZTOTTI,Konè I.,C,6.0,5.5,True,False
31,TEAM ZTOTTI,Paz N.,C,7.0,10.0,True,False
31,TEAM ZTOTTI,Baldanzi,C,7.0,8.0,True,False
31,TEAM ZTOTTI,Esposito F.P.,A,6.5,6.5,True,False
31,TEAM ZTOTTI,Sava,P,,,False,True
31,TEAM ZTOTTI,Terracciano F.,D,6.0,6.0,False,True
31,TEAM ZTOTTI,Marianucci,D,6.0,6.0,False,True
31,TEAM ZTOTTI,Ziolkowski,D,,,False,True
31,TEAM ZTOTTI,Zalewski,C,6.0,6.0,False,True
31,TEAM ZTOTTI,Ricci S.,C,6.0,6.0,False,True
31,TEAM ZTOTTI,Venturino,C,6.0,6.0,False,True
31,TEAM ZTOTTI,Kilicsoy,A,,,False,True
31,TEAM ZTOTTI,Giovane,A,5.5,5.5,False,True
31,TEAM ZTOTTI,Bowie,A,,,False,True
31,CUORE LAZIALE,Maignan,P,6.5,7.5,True,False
31,CUORE LAZIALE,Tavares N.,D,6.5,6.5,True,False
31,CUORE LAZIALE,Bartesaghi,D,6.0,6.0,True,False
31,CUORE LAZIALE,Kristensen T.,D,6.0,6.0,True,False
31,CUORE LAZIALE,Cambiaso,D,6.0,6.0,True,False
31,CUORE LAZIALE,Pulisic,C,5.5,5.5,True,False
31,CUORE LAZIALE,Zielinski,C,6.5,9.5,True,False
31,CUORE LAZIALE,Zaniolo,C,6.0,5.5,True,False
31,CUORE LAZIALE,De Ketelaere,A,6.0,6.0,True,False
31,CUORE LAZIALE,Piccoli,A,5.5,5.5,True,False
31,CUORE LAZIALE,Soulè,A,6.5,6.5,True,False
31,CUORE LAZIALE,Terracciano,P,,,False,True
31,CUORE LAZIALE,Torriani,P,,,False,True
31,CUORE LAZIALE,Estupinan,D,,,False,True
31,CUORE LAZIALE,Kelly L.,D,6.5,6.5,False,True
31,CUORE LAZIALE,Muharemovic,D,6.5,6.5,False,True
31,CUORE LAZIALE,Pellegrini Lu.,D,,,False,True
31,CUORE LAZIALE,Zaragoza,C,,,False,True
31,CUORE LAZIALE,Harrison,C,7.0,10.0,False,True
31,CUORE LAZIALE,Loftus-Cheek,C,,,False,True
31,CUORE LAZIALE,Cristante,C,6.0,6.0,False,True
31,CUORE LAZIALE,Berisha M.,C,,,False,True
31,CUORE LAZIALE,Pellegrino M.,A,6.0,6.0,False,True
31,CUORE LAZIALE,Solomon,A,5.0,4.5,False,True
31,CUORE LAZIALE,Lukaku,A,,,False,True
31,TEAM ASBOVE,Butez,P,5.5,3.5,True,False
31,TEAM ASBOVE,Bremer,D,6.5,6.5,True,False
31,TEAM ASBOVE,Spinazzola,D,5.0,5.0,True,False
31,TEAM ASBOVE,Celik,D,6.0,6.0,True,False
31,TEAM ASBOVE,Acerbi,D,,,False,False
31,TEAM ASBOVE,Sucic P.,C,,,False,False
31,TEAM ASBOVE,Taylor K.,C,6.5,7.0,True,False
31,TEAM ASBOVE,Pellegrini Lo.,C,,,False,False
31,TEAM ASBOVE,Thuram K.,C,7.0,10.0,True,False
31,TEAM ASBOVE,Martinez L.,A,,,False,False
31,TEAM ASBOVE,Morata,A,5.0,4.5,True,False
31,TEAM ASBOVE,Bijlow,P,6.5,5.5,False,True
31,TEAM ASBOVE,Meret,P,,,False,True
31,TEAM ASBOVE,Norton-Cuffy,D,,,False,True
31,TEAM ASBOVE,Bernasconi,D,6.0,6.0,True,True
31,TEAM ASBOVE,Vasquez,D,6.0,6.0,False,True
31,TEAM ASBOVE,Heggem,D,5.5,5.5,False,True
31,TEAM ASBOVE,Rowe,C,5.5,5.5,True,True
31,TEAM ASBOVE,Mkhitaryan,C,6.0,6.0,True,True
31,TEAM ASBOVE,Elmas,C,5.5,5.5,False,True
31,TEAM ASBOVE,Vergara,C,,,False,True
31,TEAM ASBOVE,Nkunku,A,,,False,True
31,TEAM ASBOVE,Vaz,A,6.0,6.0,True,True
31,TEAM ASBOVE,Openda,A,,,False,True
31,TEAM ASBOVE,Rodriguez Je.,A,6.0,6.0,False,True
32,BTGCBUGC,Milinkovic-Savic V.,P,6.5,8.0,True,False
32,BTGCBUGC,Cuadrado,D,,,False,False
32,BTGCBUGC,Scalvini,D,5.5,6.5,True,False
32,BTGCBUGC,Bisseck,D,7.0,10.0,True,False
32,BTGCBUGC,Ramon,D,6.0,6.0,True,False
32,BTGCBUGC,Palestra,D,6.0,6.0,True,False
32,BTGCBUGC,Zaccagni,C,,,False,False
32,BTGCBUGC,Locatelli,C,6.0,5.5,True,False
32,BTGCBUGC,Maldini,C,7.0,11.0,True,False
32,BTGCBUGC,Dia,A,5.0,5.0,True,False
32,BTGCBUGC,Malen,A,7.5,12.5,True,False
32,BTGCBUGC,Perin,P,,,False,True
32,BTGCBUGC,Di Gregorio,P,6.0,7.0,False,True
32,BTGCBUGC,Pavlovic,D,6.5,6.5,True,True
32,BTGCBUGC,Mancini,D,6.5,6.5,False,True
32,BTGCBUGC,Zè Pedro,D,6.0,6.0,False,True
32,BTGCBUGC,Saelemaekers,C,6.5,6.5,True,True
32,BTGCBUGC,Brescianini,C,,,False,True
32,BTGCBUGC,Nicolussi Caviglia,C,6.5,6.5,False,True
32,BTGCBUGC,Casadei,C,6.0,6.0,False,True
32,BTGCBUGC,Tramoni M.,C,,,False,True
32,BTGCBUGC,Douvikas,A,7.0,11.0,False,True
32,BTGCBUGC,Kean,A,,,False,True
32,BTGCBUGC,Zapata D.,A,6.5,6.5,False,True
32,BTGCBUGC,Vardy,A,,,False,True
32,11 CRISTANTE UNITED,Okoye,P,6.0,3.0,True,False
32,11 CRISTANTE UNITED,Juan Jesus,D,,,False,False
32,11 CRISTANTE UNITED,Bastoni,D,,,False,False
32,11 CRISTANTE UNITED,N'Dicka,D,6.0,6.0,True,False
32,11 CRISTANTE UNITED,Dimarco,D,7.0,9.0,True,False
32,11 CRISTANTE UNITED,Da Cunha,C,6.5,7.5,True,False
32,11 CRISTANTE UNITED,Barella,C,5.5,5.0,True,False
32,11 CRISTANTE UNITED,Calhanoglu,C,,,False,False
32,11 CRISTANTE UNITED,Castro S.,A,5.5,5.5,True,False
32,11 CRISTANTE UNITED,Vitinha O.,A,5.5,5.5,True,False
32,11 CRISTANTE UNITED,Thuram,A,7.0,10.0,True,False
32,11 CRISTANTE UNITED,Kalulu,D,6.5,6.5,True,True
32,11 CRISTANTE UNITED,Pobega,C,,,False,True
32,11 CRISTANTE UNITED,Nzola,A,6.0,6.0,False,True
32,11 CRISTANTE UNITED,Politano,C,6.5,6.5,True,True
32,11 CRISTANTE UNITED,Kuhn,A,,,False,True
32,11 CRISTANTE UNITED,Leali,P,6.0,5.0,False,True
32,11 CRISTANTE UNITED,Diego Carlos,D,6.0,5.5,True,True
32,11 CRISTANTE UNITED,Aebischer,C,5.5,5.5,False,True
32,11 CRISTANTE UNITED,Mazzitelli,C,,,False,True
32,11 CRISTANTE UNITED,Bonny,A,5.5,5.5,False,True
32,11 CRISTANTE UNITED,Beukema,D,6.0,6.0,False,True
32,11 CRISTANTE UNITED,Baturina,C,7.0,7.0,False,True
32,11 CRISTANTE UNITED,De Winter,D,,,False,True
32,PREMIER LEAGUE SLOPS,De Gea,P,6.0,7.0,True,False
32,PREMIER LEAGUE SLOPS,Gutierrez,D,6.5,6.5,True,False
32,PREMIER LEAGUE SLOPS,Akanji,D,6.0,6.0,True,False
32,PREMIER LEAGUE SLOPS,Olivera,D,6.5,6.5,True,False
32,PREMIER LEAGUE SLOPS,Mina,D,6.0,6.0,True,False
32,PREMIER LEAGUE SLOPS,De Bruyne,C,7.5,11.5,True,False
32,PREMIER LEAGUE SLOPS,Vlasic,C,6.5,9.5,True,False
32,PREMIER LEAGUE SLOPS,Perrone,C,6.0,6.0,True,False
32,PREMIER LEAGUE SLOPS,Bernabè,C,6.5,6.5,True,False
32,PREMIER LEAGUE SLOPS,Scamacca,A,7.5,13.5,True,False
32,PREMIER LEAGUE SLOPS,Cambiaghi,A,,,False,False
32,PREMIER LEAGUE SLOPS,Lezzerini,P,,,False,True
32,PREMIER LEAGUE SLOPS,Tomori,D,6.5,6.5,False,True
32,PREMIER LEAGUE SLOPS,Kamara H.,D,5.5,5.5,False,True
32,PREMIER LEAGUE SLOPS,Nelsson,D,6.0,6.0,False,True
32,PREMIER LEAGUE SLOPS,Coco,D,5.5,5.5,False,True
32,PREMIER LEAGUE SLOPS,Matic,C,6.0,6.0,False,True
32,PREMIER LEAGUE SLOPS,Miretti,C,,,False,True
32,PREMIER LEAGUE SLOPS,Luis Henrique,C,,,False,True
32,PREMIER LEAGUE SLOPS,Frattesi,C,,,False,True
32,PREMIER LEAGUE SLOPS,Fullkrug,A,6.0,6.0,True,True
32,PREMIER LEAGUE SLOPS,Kulenovic,A,,,False,True
32,PREMIER LEAGUE SLOPS,Ferguson E.,A,,,False,True
32,PREMIER LEAGUE SLOPS,Davis K.,A,,,False,True
32,PREMIER LEAGUE SLOPS,Christensen O.,P,,,False,True
32,LABORATORIO DATI,Sommer,P,6.0,4.0,True,False
32,LABORATORIO DATI,Delprato,D,6.0,6.0,True,False
32,LABORATORIO DATI,Martin,D,,,False,False
32,LABORATORIO DATI,Dumfries,D,,,False,False
32,LABORATORIO DATI,Dodò,D,6.0,6.0,True,False
32,LABORATORIO DATI,Mandragora,C,5.5,5.0,True,False
32,LABORATORIO DATI,Conceicao,C,6.5,6.5,True,False
32,LABORATORIO DATI,Rabiot,C,6.5,6.5,True,False
32,LABORATORIO DATI,Noslin,A,6.0,6.0,True,False
32,LABORATORIO DATI,David,A,6.0,6.0,True,False
32,LABORATORIO DATI,Pinamonti,A,5.5,5.5,True,False
32,LABORATORIO DATI,Caprile,P,6.5,4.5,False,True
32,LABORATORIO DATI,Radunovic,P,,,False,True
32,LABORATORIO DATI,Valeri,D,6.5,6.5,True,True
32,LABORATORIO DATI,Luperto,D,5.0,5.0,True,True
32,LABORATORIO DATI,Gaspar K.,D,,,False,True
32,LABORATORIO DATI,Gila,D,,,False,True
32,LABORATORIO DATI,McKennie,C,6.0,6.0,False,True
32,LABORATORIO DATI,Odgaard,C,5.5,5.5,False,True
32,LABORATORIO DATI,Bernardeschi,C,,,False,True
32,LABORATORIO DATI,Neres,C,,,False,True
32,LABORATORIO DATI,Collocolo,C,,,False,True
32,LABORATORIO DATI,Simeone,A,7.0,10.0,False,True
32,LABORATORIO DATI,Bonazzoli,A,5.5,5.5,False,True
32,LABORATORIO DATI,Vlahovic,A,,,False,True
32,TEAM ZTOTTI,Falcone,P,6.5,7.5,True,False
32,TEAM ZTOTTI,Rrahmani,D,6.5,6.5,True,False
32,TEAM ZTOTTI,Ostigard,D,6.0,6.0,True,False
32,TEAM ZTOTTI,Solet,D,5.0,5.0,True,False
32,TEAM ZTOTTI,Gallo,D,6.0,6.0,True,False
32,TEAM ZTOTTI,Zalewski,C,5.5,5.5,True,False
32,TEAM ZTOTTI,Konè I.,C,6.0,6.0,True,False
32,TEAM ZTOTTI,Baldanzi,C,,,False,False
32,TEAM ZTOTTI,Paz N.,C,6.5,6.5,True,False
32,TEAM ZTOTTI,Strefezza,C,6.0,6.0,True,False
32,TEAM ZTOTTI,Esposito F.P.,A,5.5,5.5,True,False
32,TEAM ZTOTTI,Sava,P,,,False,True
32,TEAM ZTOTTI,Terracciano F.,D,5.0,3.0,False,True
32,TEAM ZTOTTI,Marianucci,D,6.5,6.5,False,True
32,TEAM ZTOTTI,Ziolkowski,D,,,False,True
32,TEAM ZTOTTI,Lobotka,C,6.0,6.0,True,True
32,TEAM ZTOTTI,Ricci S.,C,6.0,6.0,False,True
32,TEAM ZTOTTI,Venturino,C,,,False,True
32,TEAM ZTOTTI,Dybala,A,,,False,True
32,TEAM ZTOTTI,Kilicsoy,A,,,False,True
32,TEAM ZTOTTI,Giovane,A,6.0,6.0,False,True
32,TEAM ZTOTTI,Bowie,A,5.5,5.5,False,True
32,KKK,Carnesecchi,P,6.0,3.0,True,False
32,KKK,Buongiorno,D,6.0,6.0,True,False
32,KKK,Bellanova,D,5.5,5.5,True,False
32,KKK,Carlos Augusto,D,5.0,5.0,True,False
32,KKK,De Roon,C,5.5,5.5,True,False
32,KKK,Modric,C,6.0,6.0,True,False
32,KKK,Atta,C,8.0,14.0,True,False
32,KKK,McTominay,C,7.5,9.5,True,False
32,KKK,Laurientè,A,6.0,5.5,True,False
32,KKK,Adams C.,A,5.5,5.5,True,False
32,KKK,Krstovic,A,5.5,5.5,True,False
32,KKK,Sportiello,P,,,False,True
32,KKK,Rossi F.,P,,,False,True
32,KKK,Djimsiti,D,5.0,5.0,False,True
32,KKK,Wesley,D,7.0,7.0,False,True
32,KKK,Hermoso,D,6.0,5.5,False,True
32,KKK,Frese,D,6.0,6.0,False,True
32,KKK,Malinovskyi,C,5.5,5.5,False,True
32,KKK,Cataldi,C,,,False,True
32,KKK,Amorim,C,5.5,5.5,False,True
32,KKK,Esposito Se.,A,6.0,6.0,False,True
32,KKK,Durosinmi,A,,,False,True
32,KKK,Ratkov,A,,,False,True
32,KKK,Konè M.,C,,,False,True
32,KKK,Gosens,D,,,False,True
32,TEAM JODIODDR,Svilar,P,6.5,7.5,True,False
32,TEAM JODIODDR,Zappacosta,D,5.5,5.5,True,False
32,TEAM JODIODDR,Valle,D,6.5,6.5,True,False
32,TEAM JODIODDR,Hien,D,,,False,False
32,TEAM JODIODDR,Circati,D,6.0,6.0,True,False
32,TEAM JODIODDR,Isaksen,C,6.5,6.5,True,False
32,TEAM JODIODDR,Santos A.,C,7.5,10.5,True,False
32,TEAM JODIODDR,Zambo Anguissa,C,,,False,False
32,TEAM JODIODDR,Gudmundsson A.,C,5.5,5.5,True,False
32,TEAM JODIODDR,Sulemana K.,A,,,False,False
32,TEAM JODIODDR,Diao,A,6.5,9.0,True,False
32,TEAM JODIODDR,Gollini,P,,,False,True
32,TEAM JODIODDR,Martinez Jo.,P,,,False,True
32,TEAM JODIODDR,Rensch,D,6.0,5.5,True,True
32,TEAM JODIODDR,Baschirotto,D,5.0,5.0,False,True
32,TEAM JODIODDR,Obrador,D,6.0,6.0,False,True
32,TEAM JODIODDR,Belghali,D,6.5,6.5,False,True
32,TEAM JODIODDR,Pisilli,C,6.0,6.0,True,True
32,TEAM JODIODDR,Thorstvedt,C,6.0,6.0,False,True
32,TEAM JODIODDR,Frendrup,C,5.5,5.5,False,True
32,TEAM JODIODDR,Ondrejka,C,,,False,True
32,TEAM JODIODDR,Leao,A,6.0,6.0,True,True
32,TEAM JODIODDR,Orban G.,A,,,False,True
32,TEAM JODIODDR,Djuric,A,,,False,True
32,TEAM JODIODDR,Cancellieri,A,6.0,5.5,False,True
32,CUORE LAZIALE,Maignan,P,6.0,7.0,True,False
32,CUORE LAZIALE,Tavares N.,D,5.5,5.5,True,False
32,CUORE LAZIALE,Bartesaghi,D,5.5,5.0,True,False
32,CUORE LAZIALE,Kristensen T.,D,5.5,5.5,True,False
32,CUORE LAZIALE,Cambiaso,D,5.5,5.0,True,False
32,CUORE LAZIALE,Pulisic,C,5.5,5.5,True,False
32,CUORE LAZIALE,Zielinski,C,5.5,5.5,True,False
32,CUORE LAZIALE,Zaniolo,C,6.0,6.0,True,False
32,CUORE LAZIALE,De Ketelaere,A,5.5,5.5,True,False
32,CUORE LAZIALE,Piccoli,A,,,False,False
32,CUORE LAZIALE,Soulè,A,6.5,6.5,True,False
32,CUORE LAZIALE,Terracciano,P,,,False,True
32,CUORE LAZIALE,Torriani,P,,,False,True
32,CUORE LAZIALE,Estupinan,D,5.5,5.0,False,True
32,CUORE LAZIALE,Muharemovic,D,6.0,6.0,False,True
32,CUORE LAZIALE,Kelly L.,D,6.0,6.0,False,True
32,CUORE LAZIALE,Pellegrini Lu.,D,7.0,9.5,False,True
32,CUORE LAZIALE,Harrison,C,6.0,6.0,False,True
32,CUORE LAZIALE,Zaragoza,C,,,False,True
32,CUORE LAZIALE,Loftus-Cheek,C,,,False,True
32,CUORE LAZIALE,Cristante,C,6.0,6.0,False,True
32,CUORE LAZIALE,Berisha M.,C,,,False,True
32,CUORE LAZIALE,Pellegrino M.,A,6.0,6.0,True,True
32,CUORE LAZIALE,Solomon,A,5.5,5.5,False,True
32,CUORE LAZIALE,Lukaku,A,,,False,True
32,TEAM ASBOVE,Butez,P,5.5,6.5,True,False
32,TEAM ASBOVE,Bremer,D,6.5,6.5,True,False
32,TEAM ASBOVE,Spinazzola,D,,,False,False
32,TEAM ASBOVE,Celik,D,6.0,6.0,True,False
32,TEAM ASBOVE,Acerbi,D,,,False,False
32,TEAM ASBOVE,Elmas,C,,,False,False
32,TEAM ASBOVE,Taylor K.,C,6.0,6.0,True,False
32,TEAM ASBOVE,Rowe,C,6.0,6.0,True,False
32,TEAM ASBOVE,Thuram K.,C,6.5,6.5,True,False
32,TEAM ASBOVE,Vaz,A,6.0,6.0,True,False
32,TEAM ASBOVE,Rodriguez Je.,A,,,False,False
32,TEAM ASBOVE,Bijlow,P,6.0,5.0,False,True
32,TEAM ASBOVE,Meret,P,,,False,True
32,TEAM ASBOVE,Vasquez,D,5.5,5.5,True,True
32,TEAM ASBOVE,Heggem,D,5.0,5.0,True,True
32,TEAM ASBOVE,Norton-Cuffy,D,,,False,True
32,TEAM ASBOVE,Bernasconi,D,,,False,True
32,TEAM ASBOVE,Mkhitaryan,C,,,False,True
32,TEAM ASBOVE,Vergara,C,,,False,True
32,TEAM ASBOVE,Nkunku,A,,,False,True
32,TEAM ASBOVE,Morata,A,,,False,True
32,TEAM ASBOVE,Openda,A,,,False,True
32,TEAM ASBOVE,Sucic P.,C,6.5,6.5,True,True
32,TEAM ASBOVE,Pellegrini Lo.,C,,,False,True
32,TEAM ASBOVE,Martinez L.,A,,,False,True
32,U CAN U UP,Motta,P,5.0,2.0,True,False
32,U CAN U UP,Miranda J.,D,5.0,5.0,True,False
32,U CAN U UP,Canestrelli,D,6.0,5.5,True,False
32,U CAN U UP,Gabbia,D,6.0,6.0,True,False
32,U CAN U UP,Orsolini,C,6.0,6.0,True,False
32,U CAN U UP,Ederson D.S.,C,6.0,6.0,True,False
32,U CAN U UP,Pasalic,C,6.0,6.0,True,False
32,U CAN U UP,Ekkelenkamp,C,6.5,7.5,True,False
32,U CAN U UP,Yildiz,A,,,False,False
32,U CAN U UP,Hojlund,A,7.0,7.0,True,False
32,U CAN U UP,Colombo,A,5.5,5.5,True,False
32,U CAN U UP,Furlanetto,P,,,False,True
32,U CAN U UP,Zortea,D,6.0,6.0,False,True
32,U CAN U UP,Britschgi,D,,,False,True
32,U CAN U UP,Holm,D,6.0,6.0,False,True
32,U CAN U UP,Gatti,D,,,False,True
32,U CAN U UP,Samardzic,C,6.0,6.0,False,True
32,U CAN U UP,Thorsby,C,,,False,True
32,U CAN U UP,Ramadani,C,6.0,5.5,False,True
32,U CAN U UP,Koopmeiners,C,6.0,6.0,False,True
32,U CAN U UP,Raspadori,A,5.0,5.0,True,True
32,U CAN U UP,Cheddira,A,5.5,5.0,False,True
32,U CAN U UP,Sarr A.,A,5.5,5.5,False,True
32,U CAN U UP,Provedel,P,,,False,True
32,U CAN U UP,Veiga D.,D,6.0,5.5,False,True
33,CUORE LAZIALE,Maignan,P,5.5,3.5,True,False
33,CUORE LAZIALE,Tavares N.,D,7.0,6.5,True,False
33,CUORE LAZIALE,Estupinan,D,5.0,5.0,True,False
33,CUORE LAZIALE,Kristensen T.,D,7.0,10.0,True,False
33,CUORE LAZIALE,Cambiaso,D,6.0,6.0,True,False
33,CUORE LAZIALE,Pulisic,C,5.0,5.0,True,False
33,CUORE LAZIALE,Zielinski,C,6.5,7.0,True,False
33,CUORE LAZIALE,Zaniolo,C,7.0,7.0,True,False
33,CUORE LAZIALE,De Ketelaere,A,6.5,6.5,True,False
33,CUORE LAZIALE,Piccoli,A,,,False,False
33,CUORE LAZIALE,Soulè,A,6.5,6.5,True,False
33,CUORE LAZIALE,Terracciano,P,,,False,True
33,CUORE LAZIALE,Torriani,P,,,False,True
33,CUORE LAZIALE,Bartesaghi,D,,,False,True
33,CUORE LAZIALE,Kelly L.,D,6.0,6.0,False,True
33,CUORE LAZIALE,Pellegrini Lu.,D,,,False,True
33,CUORE LAZIALE,Muharemovic,D,6.5,6.5,False,True
33,CUORE LAZIALE,Harrison,C,5.0,5.0,False,True
33,CUORE LAZIALE,Zaragoza,C,,,False,True
33,CUORE LAZIALE,Loftus-Cheek,C,5.5,5.0,False,True
33,CUORE LAZIALE,Cristante,C,6.5,6.5,False,True
33,CUORE LAZIALE,Berisha M.,C,,,False,True
33,CUORE LAZIALE,Pellegrino M.,A,5.0,5.0,True,True
33,CUORE LAZIALE,Solomon,A,5.0,5.0,False,True
33,CUORE LAZIALE,Lukaku,A,,,False,True
33,BTGCBUGC,Perin,P,,,False,False
33,BTGCBUGC,Palestra,D,6.0,6.0,True,False
33,BTGCBUGC,Scalvini,D,6.0,6.0,True,False
33,BTGCBUGC,Mancini,D,7.0,11.0,True,False
33,BTGCBUGC,Cuadrado,D,,,False,False
33,BTGCBUGC,Zaccagni,C,5.5,5.5,True,False
33,BTGCBUGC,Maldini,C,5.5,5.5,True,False
33,BTGCBUGC,Locatelli,C,5.5,5.0,True,False
33,BTGCBUGC,Casadei,C,5.5,5.5,True,False
33,BTGCBUGC,Malen,A,7.0,8.0,True,False
33,BTGCBUGC,Douvikas,A,5.0,5.0,True,False
33,BTGCBUGC,Di Gregorio,P,6.0,5.0,True,True
33,BTGCBUGC,Milinkovic-Savic V.,P,7.0,8.0,False,True
33,BTGCBUGC,Pavlovic,D,6.0,6.0,True,True
33,BTGCBUGC,Bisseck,D,6.0,6.0,False,True
33,BTGCBUGC,Ramon,D,6.5,6.0,False,True
33,BTGCBUGC,Zè Pedro,D,5.5,5.5,False,True
33,BTGCBUGC,Tramoni M.,C,,,False,True
33,BTGCBUGC,Saelemaekers,C,5.5,5.5,False,True
33,BTGCBUGC,Brescianini,C,5.0,5.0,False,True
33,BTGCBUGC,Nicolussi Caviglia,C,5.5,5.5,False,True
33,BTGCBUGC,Dia,A,6.5,7.5,False,True
33,BTGCBUGC,Kean,A,,,False,True
33,BTGCBUGC,Zapata D.,A,,,False,True
33,BTGCBUGC,Vardy,A,5.5,5.5,False,True
33,U CAN U UP,Motta,P,5.0,4.0,True,False
33,U CAN U UP,Miranda J.,D,5.5,5.5,True,False
33,U CAN U UP,Canestrelli,D,6.0,6.0,True,False
33,U CAN U UP,Gabbia,D,5.0,5.0,True,False
33,U CAN U UP,Zortea,D,,,False,False
33,U CAN U UP,Orsolini,C,5.5,5.5,True,False
33,U CAN U UP,Ederson D.S.,C,6.0,5.5,True,False
33,U CAN U UP,Pasalic,C,6.0,6.0,True,False
33,U CAN U UP,Yildiz,A,5.5,5.5,True,False
33,U CAN U UP,Hojlund,A,5.5,5.5,True,False
33,U CAN U UP,Raspadori,A,6.0,6.0,True,False
33,U CAN U UP,Furlanetto,P,,,False,True
33,U CAN U UP,Britschgi,D,,,False,True
33,U CAN U UP,Holm,D,,,False,True
33,U CAN U UP,Gatti,D,,,False,True
33,U CAN U UP,Ekkelenkamp,C,6.5,7.5,False,True
33,U CAN U UP,Samardzic,C,5.5,5.5,False,True
33,U CAN U UP,Thorsby,C,,,False,True
33,U CAN U UP,Ramadani,C,6.5,6.5,False,True
33,U CAN U UP,Koopmeiners,C,,,False,True
33,U CAN U UP,Colombo,A,5.5,5.5,False,True
33,U CAN U UP,Cheddira,A,7.5,12.0,False,True
33,U CAN U UP,Sarr A.,A,,,False,True
33,U CAN U UP,Provedel,P,,,False,True
33,U CAN U UP,Veiga D.,D,6.0,6.0,True,True
33,TEAM JODIODDR,Svilar,P,6.0,7.0,True,False
33,TEAM JODIODDR,Zappacosta,D,5.5,5.5,True,False
33,TEAM JODIODDR,Rensch,D,,,False,False
33,TEAM JODIODDR,Obrador,D,5.0,4.5,True,False
33,TEAM JODIODDR,Valle,D,5.5,5.5,True,False
33,TEAM JODIODDR,Isaksen,C,7.0,10.0,True,False
33,TEAM JODIODDR,Santos A.,C,6.0,6.0,True,False
33,TEAM JODIODDR,Pisilli,C,8.0,12.0,True,False
33,TEAM JODIODDR,Gudmundsson A.,C,5.0,5.0,True,False
33,TEAM JODIODDR,Leao,A,5.0,5.0,True,False
33,TEAM JODIODDR,Diao,A,6.0,6.0,True,False
33,TEAM JODIODDR,Gollini,P,,,False,True
33,TEAM JODIODDR,Martinez Jo.,P,,,False,True
33,TEAM JODIODDR,Hien,D,6.0,6.0,True,True
33,TEAM JODIODDR,Baschirotto,D,6.0,6.0,False,True
33,TEAM JODIODDR,Circati,D,5.5,5.5,False,True
33,TEAM JODIODDR,Belghali,D,5.5,5.5,False,True
33,TEAM JODIODDR,Zambo Anguissa,C,5.5,5.5,False,True
33,TEAM JODIODDR,Thorstvedt,C,7.5,8.5,False,True
33,TEAM JODIODDR,Frendrup,C,6.0,6.0,False,True
33,TEAM JODIODDR,Ondrejka,C,,,False,True
33,TEAM JODIODDR,Sulemana K.,A,,,False,True
33,TEAM JODIODDR,Orban G.,A,,,False,True
33,TEAM JODIODDR,Djuric,A,,,False,True
33,TEAM JODIODDR,Cancellieri,A,,,False,True
33,LABORATORIO DATI,Sommer,P,6.0,7.0,True,False
33,LABORATORIO DATI,Delprato,D,5.5,5.5,True,False
33,LABORATORIO DATI,Luperto,D,6.0,6.0,True,False
33,LABORATORIO DATI,Dumfries,D,6.0,6.0,True,False
33,LABORATORIO DATI,Dodò,D,4.5,4.5,True,False
33,LABORATORIO DATI,McKennie,C,5.5,5.5,True,False
33,LABORATORIO DATI,Conceicao,C,7.0,7.0,True,False
33,LABORATORIO DATI,Rabiot,C,5.0,5.0,True,False
33,LABORATORIO DATI,Noslin,A,8.0,13.0,True,False
33,LABORATORIO DATI,David,A,5.0,5.0,True,False
33,LABORATORIO DATI,Simeone,A,5.0,5.0,True,False
33,LABORATORIO DATI,Caprile,P,6.5,7.5,False,True
33,LABORATORIO DATI,Radunovic,P,,,False,True
33,LABORATORIO DATI,Valeri,D,6.0,6.0,False,True
33,LABORATORIO DATI,Martin,D,,,False,True
33,LABORATORIO DATI,Gaspar K.,D,,,False,True
33,LABORATORIO DATI,Gila,D,,,False,True
33,LABORATORIO DATI,Mandragora,C,,,False,True
33,LABORATORIO DATI,Odgaard,C,5.0,5.0,False,True
33,LABORATORIO DATI,Bernardeschi,C,6.5,6.5,False,True
33,LABORATORIO DATI,Neres,C,,,False,True
33,LABORATORIO DATI,Collocolo,C,,,False,True
33,LABORATORIO DATI,Pinamonti,A,,,False,True
33,LABORATORIO DATI,Bonazzoli,A,7.0,10.0,False,True
33,LABORATORIO DATI,Vlahovic,A,7.0,11.0,False,True
33,TEAM ZTOTTI,Falcone,P,6.5,5.5,True,False
33,TEAM ZTOTTI,Rrahmani,D,7.0,7.0,True,False
33,TEAM ZTOTTI,Ostigard,D,7.0,7.0,True,False
33,TEAM ZTOTTI,Solet,D,7.0,7.0,True,False
33,TEAM ZTOTTI,Gallo,D,6.5,6.5,True,False
33,TEAM ZTOTTI,Konè I.,C,6.5,6.5,True,False
33,TEAM ZTOTTI,Paz N.,C,6.5,6.5,True,False
33,TEAM ZTOTTI,Zalewski,C,6.0,6.0,True,False
33,TEAM ZTOTTI,Dybala,A,6.0,6.0,True,False
33,TEAM ZTOTTI,Esposito F.P.,A,6.0,6.0,True,False
33,TEAM ZTOTTI,Berardi,A,7.0,11.0,True,False
33,TEAM ZTOTTI,Sava,P,,,False,True
33,TEAM ZTOTTI,Vojvoda,D,,,False,True
33,TEAM ZTOTTI,Terracciano F.,D,5.0,5.0,False,True
33,TEAM ZTOTTI,Marianucci,D,5.5,5.5,False,True
33,TEAM ZTOTTI,Ziolkowski,D,,,False,True
33,TEAM ZTOTTI,Strefezza,C,6.5,6.5,False,True
33,TEAM ZTOTTI,Ricci S.,C,5.0,4.5,False,True
33,TEAM ZTOTTI,Lobotka,C,6.0,6.0,False,True
33,TEAM ZTOTTI,Venturino,C,,,False,True
33,TEAM ZTOTTI,Bowie,A,7.0,10.0,False,True
33,TEAM ZTOTTI,Kilicsoy,A,,,False,True
33,TEAM ZTOTTI,Giovane,A,,,False,True
33,KKK,Carnesecchi,P,6.0,7.0,True,False
33,KKK,Djimsiti,D,6.0,6.0,True,False
33,KKK,Bellanova,D,,,False,False
33,KKK,Carlos Augusto,D,6.0,6.0,True,False
33,KKK,Wesley,D,7.0,10.0,True,False
33,KKK,De Roon,C,5.5,5.5,True,False
33,KKK,McTominay,C,5.5,5.5,True,False
33,KKK,Atta,C,6.0,6.0,True,False
33,KKK,Esposito Se.,A,6.5,6.5,True,False
33,KKK,Adams C.,A,,,False,False
33,KKK,Krstovic,A,5.5,5.0,True,False
33,KKK,Sportiello,P,,,False,True
33,KKK,Rossi F.,P,,,False,True
33,KKK,Hermoso,D,7.5,11.0,True,True
33,KKK,Buongiorno,D,6.5,6.5,False,True
33,KKK,Frese,D,6.5,6.0,False,True
33,KKK,Gosens,D,4.5,4.5,False,True
33,KKK,Konè M.,C,7.0,8.0,False,True
33,KKK,Malinovskyi,C,6.0,6.0,False,True
33,KKK,Amorim,C,5.5,5.0,False,True
33,KKK,Laurientè,A,8.0,12.0,True,True
33,KKK,Durosinmi,A,,,False,True
33,KKK,Ratkov,A,,,False,True
33,KKK,Modric,C,,,False,True
33,KKK,Cataldi,C,,,False,True
33,TEAM ASBOVE,Butez,P,6.0,7.0,True,False
33,TEAM ASBOVE,Bremer,D,5.5,5.5,True,False
33,TEAM ASBOVE,Spinazzola,D,,,False,False
33,TEAM ASBOVE,Celik,D,6.5,6.5,True,False
33,TEAM ASBOVE,Heggem,D,,,False,False
33,TEAM ASBOVE,Mkhitaryan,C,7.0,10.0,True,False
33,TEAM ASBOVE,Taylor K.,C,5.5,5.5,True,False
33,TEAM ASBOVE,Rowe,C,6.0,6.0,True,False
33,TEAM ASBOVE,Thuram K.,C,6.0,6.0,True,False
33,TEAM ASBOVE,Nkunku,A,5.5,5.5,True,False
33,TEAM ASBOVE,Martinez L.,A,6.5,7.5,True,False
33,TEAM ASBOVE,Bijlow,P,6.5,7.5,False,True
33,TEAM ASBOVE,Meret,P,,,False,True
33,TEAM ASBOVE,Vasquez,D,6.5,6.5,True,True
33,TEAM ASBOVE,Norton-Cuffy,D,,,False,True
33,TEAM ASBOVE,Acerbi,D,,,False,True
33,TEAM ASBOVE,Bernasconi,D,,,False,True
33,TEAM ASBOVE,Sucic P.,C,5.5,5.5,False,True
33,TEAM ASBOVE,Elmas,C,,,False,True
33,TEAM ASBOVE,Vergara,C,,,False,True
33,TEAM ASBOVE,Vaz,A,,,False,True
33,TEAM ASBOVE,Rodriguez Je.,A,,,False,True
33,TEAM ASBOVE,Morata,A,,,False,True
33,TEAM ASBOVE,Openda,A,,,False,True
33,TEAM ASBOVE,Pellegrini Lo.,C,,,False,True
33,11 CRISTANTE UNITED,Okoye,P,6.5,7.5,True,False
33,11 CRISTANTE UNITED,Kalulu,D,6.0,6.0,True,False
33,11 CRISTANTE UNITED,Bastoni,D,6.0,6.0,True,False
33,11 CRISTANTE UNITED,N'Dicka,D,6.0,6.0,True,False
33,11 CRISTANTE UNITED,Dimarco,D,6.5,6.5,True,False
33,11 CRISTANTE UNITED,Da Cunha,C,6.5,6.5,True,False
33,11 CRISTANTE UNITED,Barella,C,7.0,7.0,True,False
33,11 CRISTANTE UNITED,Baturina,C,6.0,6.0,True,False
33,11 CRISTANTE UNITED,Castro S.,A,5.5,5.0,True,False
33,11 CRISTANTE UNITED,Vitinha O.,A,6.0,6.0,True,False
33,11 CRISTANTE UNITED,Thuram,A,6.5,10.5,True,False
33,11 CRISTANTE UNITED,Pobega,C,,,False,True
33,11 CRISTANTE UNITED,Nzola,A,7.0,7.0,False,True
33,11 CRISTANTE UNITED,Politano,C,6.5,6.0,False,True
33,11 CRISTANTE UNITED,Kuhn,A,,,False,True
33,11 CRISTANTE UNITED,Leali,P,,,False,True
33,11 CRISTANTE UNITED,Diego Carlos,D,6.0,6.0,False,True
33,11 CRISTANTE UNITED,Aebischer,C,5.5,5.0,False,True
33,11 CRISTANTE UNITED,Mazzitelli,C,,,False,True
33,11 CRISTANTE UNITED,Bonny,A,6.0,6.0,False,True
33,11 CRISTANTE UNITED,Beukema,D,6.0,6.0,False,True
33,11 CRISTANTE UNITED,De Winter,D,,,False,True
33,PREMIER LEAGUE SLOPS,De Gea,P,6.0,2.0,True,False
33,PREMIER LEAGUE SLOPS,Kamara H.,D,6.0,6.0,True,False
33,PREMIER LEAGUE SLOPS,Akanji,D,6.5,6.5,True,False
33,PREMIER LEAGUE SLOPS,Tomori,D,4.5,3.5,True,False
33,PREMIER LEAGUE SLOPS,Mina,D,6.5,6.5,True,False
33,PREMIER LEAGUE SLOPS,Coco,D,5.5,5.5,True,False
33,PREMIER LEAGUE SLOPS,Vlasic,C,5.5,5.5,True,False
33,PREMIER LEAGUE SLOPS,Perrone,C,6.0,6.0,True,False
33,PREMIER LEAGUE SLOPS,Bernabè,C,6.0,6.0,True,False
33,PREMIER LEAGUE SLOPS,De Bruyne,C,5.0,5.0,True,False
33,PREMIER LEAGUE SLOPS,Scamacca,A,5.5,5.5,True,False
33,PREMIER LEAGUE SLOPS,Lezzerini,P,,,False,True
33,PREMIER LEAGUE SLOPS,Olivera,D,,,False,True
33,PREMIER LEAGUE SLOPS,Gutierrez,D,5.5,5.5,False,True
33,PREMIER LEAGUE SLOPS,Nelsson,D,6.0,6.0,False,True
33,PREMIER LEAGUE SLOPS,Matic,C,6.0,5.5,False,True
33,PREMIER LEAGUE SLOPS,Miretti,C,5.5,5.5,False,True
33,PREMIER LEAGUE SLOPS,Frattesi,C,,,False,True
33,PREMIER LEAGUE SLOPS,Luis Henrique,C,,,False,True
33,PREMIER LEAGUE SLOPS,Fullkrug,A,,,False,True
33,PREMIER LEAGUE SLOPS,Kulenovic,A,5.5,5.5,False,True
33,PREMIER LEAGUE SLOPS,Ferguson E.,A,,,False,True
33,PREMIER LEAGUE SLOPS,Davis K.,A,,,False,True
33,PREMIER LEAGUE SLOPS,Cambiaghi,A,,,False,True
33,PREMIER LEAGUE SLOPS,Christensen O.,P,,,False,True
34,LABORATORIO DATI,Sommer,P,,,False,False
34,LABORATORIO DATI,Delprato,D,5.0,5.0,True,False
34,LABORATORIO DATI,Luperto,D,6.5,6.5,True,False
34,LABORATORIO DATI,Dumfries,D,6.0,6.0,True,False
34,LABORATORIO DATI,Dodò,D,6.0,6.0,True,False
34,LABORATORIO DATI,McKennie,C,6.0,6.0,True,False
34,LABORATORIO DATI,Conceicao,C,6.0,5.5,True,False
34,LABORATORIO DATI,Rabiot,C,5.5,5.5,True,False
34,LABORATORIO DATI,Noslin,A,6.0,5.5,True,False
34,LABORATORIO DATI,David,A,,,False,False
34,LABORATORIO DATI,Simeone,A,7.0,10.0,True,False
34,LABORATORIO DATI,Caprile,P,6.5,4.5,True,True
34,LABORATORIO DATI,Radunovic,P,,,False,True
34,LABORATORIO DATI,Valeri,D,6.5,6.5,False,True
34,LABORATORIO DATI,Martin,D,6.0,6.0,False,True
34,LABORATORIO DATI,Gaspar K.,D,,,False,True
34,LABORATORIO DATI,Gila,D,5.5,5.5,False,True
34,LABORATORIO DATI,Mandragora,C,5.5,5.5,False,True
34,LABORATORIO DATI,Odgaard,C,,,False,True
34,LABORATORIO DATI,Bernardeschi,C,7.0,9.5,False,True
34,LABORATORIO DATI,Neres,C,,,False,True
34,LABORATORIO DATI,Collocolo,C,,,False,True
34,LABORATORIO DATI,Pinamonti,A,5.5,5.5,True,True
34,LABORATORIO DATI,Bonazzoli,A,7.0,10.0,False,True
34,LABORATORIO DATI,Vlahovic,A,7.0,11.0,False,True
34,11 CRISTANTE UNITED,Okoye,P,6.5,7.5,True,False
34,11 CRISTANTE UNITED,Kalulu,D,6.0,6.0,True,False
34,11 CRISTANTE UNITED,Bastoni,D,6.0,6.0,True,False
34,11 CRISTANTE UNITED,N'Dicka,D,5.0,5.0,True,False
34,11 CRISTANTE UNITED,Dimarco,D,,,False,False
34,11 CRISTANTE UNITED,Da Cunha,C,6.5,6.5,True,False
34,11 CRISTANTE UNITED,Barella,C,6.5,6.5,True,False
34,11 CRISTANTE UNITED,Baturina,C,6.5,6.5,True,False
34,11 CRISTANTE UNITED,Castro S.,A,5.5,5.5,True,False
34,11 CRISTANTE UNITED,Vitinha O.,A,5.5,5.5,True,False
34,11 CRISTANTE UNITED,Thuram,A,7.0,8.0,True,False
34,11 CRISTANTE UNITED,Pobega,C,5.5,5.5,False,True
34,11 CRISTANTE UNITED,Nzola,A,,,False,True
34,11 CRISTANTE UNITED,Politano,C,6.0,5.5,False,True
34,11 CRISTANTE UNITED,Kuhn,A,,,False,True
34,11 CRISTANTE UNITED,Leali,P,,,False,True
34,11 CRISTANTE UNITED,Diego Carlos,D,6.0,6.0,True,True
34,11 CRISTANTE UNITED,Aebischer,C,,,False,True
34,11 CRISTANTE UNITED,Mazzitelli,C,,,False,True
34,11 CRISTANTE UNITED,Bonny,A,6.5,7.5,False,True
34,11 CRISTANTE UNITED,Beukema,D,,,False,True
34,11 CRISTANTE UNITED,De Winter,D,4.5,4.5,False,True
34,11 CRISTANTE UNITED,Calhanoglu,C,,,False,True
34,11 CRISTANTE UNITED,Juan Jesus,D,,,False,True
34,TEAM JODIODDR,Svilar,P,6.0,4.0,True,False
34,TEAM JODIODDR,Zappacosta,D,7.0,10.0,True,False
34,TEAM JODIODDR,Rensch,D,7.5,10.5,True,False
34,TEAM JODIODDR,Obrador,D,6.0,6.0,True,False
34,TEAM JODIODDR,Valle,D,6.0,6.0,True,False
34,TEAM JODIODDR,Thorstvedt,C,6.5,9.0,True,False
34,TEAM JODIODDR,Santos A.,C,7.0,10.0,True,False
34,TEAM JODIODDR,Pisilli,C,5.5,5.5,True,False
34,TEAM JODIODDR,Gudmundsson A.,C,,,False,False
34,TEAM JODIODDR,Leao,A,4.5,4.0,True,False
34,TEAM JODIODDR,Diao,A,5.5,5.5,True,False
34,TEAM JODIODDR,Gollini,P,,,False,True
34,TEAM JODIODDR,Martinez Jo.,P,6.0,7.0,False,True
34,TEAM JODIODDR,Hien,D,6.5,6.0,False,True
34,TEAM JODIODDR,Circati,D,6.0,6.0,False,True
34,TEAM JODIODDR,Baschirotto,D,,,False,True
34,TEAM JODIODDR,Belghali,D,6.0,6.0,False,True
34,TEAM JODIODDR,Isaksen,C,6.0,6.0,True,True
34,TEAM JODIODDR,Zambo Anguissa,C,,,False,True
34,TEAM JODIODDR,Frendrup,C,6.0,6.0,False,True
34,TEAM JODIODDR,Ondrejka,C,,,False,True
34,TEAM JODIODDR,Sulemana K.,A,,,False,True
34,TEAM JODIODDR,Djuric,A,,,False,True
34,TEAM JODIODDR,Cancellieri,A,5.0,5.0,False,True
34,TEAM JODIODDR,Orban G.,A,,,False,True
34,KKK,Carnesecchi,P,7.0,5.0,True,False
34,KKK,Gosens,D,6.0,6.0,True,False
34,KKK,Buongiorno,D,5.5,5.5,True,False
34,KKK,Hermoso,D,5.5,5.5,True,False
34,KKK,Wesley,D,5.5,5.5,True,False
34,KKK,Konè M.,C,6.0,6.0,True,False
34,KKK,McTominay,C,6.0,6.0,True,False
34,KKK,Atta,C,6.0,6.0,True,False
34,KKK,Esposito Se.,A,6.0,6.0,True,False
34,KKK,Laurientè,A,5.5,5.5,True,False
34,KKK,Krstovic,A,7.0,7.5,True,False
34,KKK,Sportiello,P,,,False,True
34,KKK,Rossi F.,P,,,False,True
34,KKK,Frese,D,6.5,6.0,False,True
34,KKK,Carlos Augusto,D,6.5,6.5,False,True
34,KKK,Bellanova,D,5.5,5.0,False,True
34,KKK,Djimsiti,D,,,False,True
34,KKK,Malinovskyi,C,6.0,6.0,False,True
34,KKK,De Roon,C,6.0,6.0,False,True
34,KKK,Amorim,C,5.5,5.5,False,True
34,KKK,Adams C.,A,,,False,True
34,KKK,Durosinmi,A,,,False,True
34,KKK,Ratkov,A,,,False,True
34,KKK,Modric,C,,,False,True
34,KKK,Cataldi,C,,,False,True
34,PREMIER LEAGUE SLOPS,De Gea,P,6.5,7.5,True,False
34,PREMIER LEAGUE SLOPS,Kamara H.,D,6.5,7.5,True,False
34,PREMIER LEAGUE SLOPS,Akanji,D,,,False,False
34,PREMIER LEAGUE SLOPS,Mina,D,,,False,False
34,PREMIER LEAGUE SLOPS,Gutierrez,D,6.0,6.0,True,False
34,PREMIER LEAGUE SLOPS,De Bruyne,C,,,False,False
34,PREMIER LEAGUE SLOPS,Vlasic,C,6.0,6.0,True,False
34,PREMIER LEAGUE SLOPS,Perrone,C,5.0,5.0,True,False
34,PREMIER LEAGUE SLOPS,Bernabè,C,,,False,False
34,PREMIER LEAGUE SLOPS,Frattesi,C,6.0,6.0,True,False
34,PREMIER LEAGUE SLOPS,Scamacca,A,,,False,False
34,PREMIER LEAGUE SLOPS,Lezzerini,P,,,False,True
34,PREMIER LEAGUE SLOPS,Coco,D,6.0,6.0,True,True
34,PREMIER LEAGUE SLOPS,Olivera,D,,,False,True
34,PREMIER LEAGUE SLOPS,Tomori,D,,,False,True
34,PREMIER LEAGUE SLOPS,Nelsson,D,5.5,5.5,True,True
34,PREMIER LEAGUE SLOPS,Matic,C,6.0,6.0,True,True
34,PREMIER LEAGUE SLOPS,Miretti,C,,,False,True
34,PREMIER LEAGUE SLOPS,Luis Henrique,C,6.0,6.0,True,True
34,PREMIER LEAGUE SLOPS,Davis K.,A,6.0,7.0,True,True
34,PREMIER LEAGUE SLOPS,Cambiaghi,A,,,False,True
34,PREMIER LEAGUE SLOPS,Fullkrug,A,6.0,6.0,False,True
34,PREMIER LEAGUE SLOPS,Kulenovic,A,,,False,True
34,PREMIER LEAGUE SLOPS,Ferguson E.,A,,,False,True
34,PREMIER LEAGUE SLOPS,Christensen O.,P,,,False,True
34,CUORE LAZIALE,Maignan,P,5.5,2.5,True,False
34,CUORE LAZIALE,Cambiaso,D,6.5,7.5,True,False
34,CUORE LAZIALE,Kristensen T.,D,6.5,6.5,True,False
34,CUORE LAZIALE,Kelly L.,D,6.5,6.5,True,False
34,CUORE LAZIALE,Pulisic,C,,,False,False
34,CUORE LAZIALE,Loftus-Cheek,C,5.0,5.0,True,False
34,CUORE LAZIALE,Zielinski,C,,,False,False
34,CUORE LAZIALE,Zaniolo,C,6.0,6.0,True,False
34,CUORE LAZIALE,Solomon,A,6.0,6.0,True,False
34,CUORE LAZIALE,De Ketelaere,A,6.5,6.5,True,False
34,CUORE LAZIALE,Soulè,A,5.5,5.5,True,False
34,CUORE LAZIALE,Terracciano,P,,,False,True
34,CUORE LAZIALE,Torriani,P,,,False,True
34,CUORE LAZIALE,Muharemovic,D,5.0,5.0,False,True
34,CUORE LAZIALE,Bartesaghi,D,5.0,5.0,False,True
34,CUORE LAZIALE,Pellegrini Lu.,D,5.5,5.0,False,True
34,CUORE LAZIALE,Tavares N.,D,,,False,True
34,CUORE LAZIALE,Estupinan,D,,,False,True
34,CUORE LAZIALE,Harrison,C,,,False,True
34,CUORE LAZIALE,Cristante,C,6.0,6.0,True,True
34,CUORE LAZIALE,Zaragoza,C,,,False,True
34,CUORE LAZIALE,Berisha M.,C,,,False,True
34,CUORE LAZIALE,Piccoli,A,5.5,5.5,False,True
34,CUORE LAZIALE,Pellegrino M.,A,6.0,6.0,False,True
34,CUORE LAZIALE,Lukaku,A,,,False,True
34,BTGCBUGC,Di Gregorio,P,6.5,7.5,True,False
34,BTGCBUGC,Cuadrado,D,,,False,False
34,BTGCBUGC,Bisseck,D,6.5,6.5,True,False
34,BTGCBUGC,Mancini,D,5.5,5.5,True,False
34,BTGCBUGC,Palestra,D,5.5,5.5,True,False
34,BTGCBUGC,Casadei,C,,,False,False
34,BTGCBUGC,Locatelli,C,6.0,6.0,True,False
34,BTGCBUGC,Saelemaekers,C,5.0,4.5,True,False
34,BTGCBUGC,Douvikas,A,7.0,11.0,True,False
34,BTGCBUGC,Zapata D.,A,7.0,8.0,True,False
34,BTGCBUGC,Malen,A,7.5,13.5,True,False
34,BTGCBUGC,Perin,P,,,False,True
34,BTGCBUGC,Milinkovic-Savic V.,P,5.5,2.5,False,True
34,BTGCBUGC,Ramon,D,,,False,True
34,BTGCBUGC,Pavlovic,D,6.0,9.0,True,True
34,BTGCBUGC,Scalvini,D,6.0,6.0,False,True
34,BTGCBUGC,Zè Pedro,D,6.0,5.5,False,True
34,BTGCBUGC,Zaccagni,C,,,False,True
34,BTGCBUGC,Maldini,C,,,False,True
34,BTGCBUGC,Tramoni M.,C,,,False,True
34,BTGCBUGC,Brescianini,C,6.0,6.0,True,True
34,BTGCBUGC,Nicolussi Caviglia,C,7.0,8.0,False,True
34,BTGCBUGC,Vardy,A,7.0,11.0,False,True
34,BTGCBUGC,Kean,A,,,False,True
34,BTGCBUGC,Dia,A,5.5,5.5,False,True
34,U CAN U UP,Motta,P,6.0,3.0,True,False
34,U CAN U UP,Miranda J.,D,7.5,8.5,True,False
34,U CAN U UP,Canestrelli,D,5.0,5.0,True,False
34,U CAN U UP,Gabbia,D,5.0,5.0,True,False
34,U CAN U UP,Orsolini,C,7.0,9.0,True,False
34,U CAN U UP,Ederson D.S.,C,7.5,11.5,True,False
34,U CAN U UP,Pasalic,C,5.5,5.5,True,False
34,U CAN U UP,Samardzic,C,,,False,False
34,U CAN U UP,Yildiz,A,6.0,6.0,True,False
34,U CAN U UP,Hojlund,A,6.5,7.5,True,False
34,U CAN U UP,Colombo,A,5.5,5.5,True,False
34,U CAN U UP,Furlanetto,P,,,False,True
34,U CAN U UP,Britschgi,D,4.5,3.5,False,True
34,U CAN U UP,Holm,D,6.0,6.0,False,True
34,U CAN U UP,Gatti,D,,,False,True
34,U CAN U UP,Ekkelenkamp,C,,,False,True
34,U CAN U UP,Thorsby,C,6.0,6.0,True,True
34,U CAN U UP,Ramadani,C,6.0,6.0,False,True
34,U CAN U UP,Koopmeiners,C,5.5,5.5,False,True
34,U CAN U UP,Raspadori,A,7.0,11.0,False,True
34,U CAN U UP,Cheddira,A,5.5,5.5,False,True
34,U CAN U UP,Sarr A.,A,,,False,True
34,U CAN U UP,Provedel,P,,,False,True
34,U CAN U UP,Veiga D.,D,6.0,6.0,False,True
34,U CAN U UP,Zortea,D,6.0,6.0,False,True
34,TEAM ZTOTTI,Falcone,P,6.5,5.5,True,False
34,TEAM ZTOTTI,Solet,D,6.5,6.5,True,False
34,TEAM ZTOTTI,Rrahmani,D,5.5,5.5,True,False
34,TEAM ZTOTTI,Ostigard,D,6.5,6.5,True,False
34,TEAM ZTOTTI,Terracciano F.,D,6.5,6.5,True,False
34,TEAM ZTOTTI,Konè I.,C,6.0,6.0,True,False
34,TEAM ZTOTTI,Paz N.,C,6.0,6.0,True,False
34,TEAM ZTOTTI,Zalewski,C,6.5,6.5,True,False
34,TEAM ZTOTTI,Berardi,A,6.0,6.0,True,False
34,TEAM ZTOTTI,Esposito F.P.,A,,,False,False
34,TEAM ZTOTTI,Dybala,A,7.0,8.0,True,False
34,TEAM ZTOTTI,Skorupski,P,,,False,True
34,TEAM ZTOTTI,Sava,P,,,False,True
34,TEAM ZTOTTI,Vojvoda,D,5.5,5.5,False,True
34,TEAM ZTOTTI,Marianucci,D,5.5,5.0,False,True
34,TEAM ZTOTTI,Gallo,D,6.0,6.0,False,True
34,TEAM ZTOTTI,Ziolkowski,D,,,False,True
34,TEAM ZTOTTI,Strefezza,C,7.0,9.5,False,True
34,TEAM ZTOTTI,Lobotka,C,6.0,6.0,False,True
34,TEAM ZTOTTI,Ricci S.,C,6.0,7.0,False,True
34,TEAM ZTOTTI,Venturino,C,6.0,6.0,False,True
34,TEAM ZTOTTI,Kilicsoy,A,,,False,True
34,TEAM ZTOTTI,Giovane,A,6.5,6.5,True,True
34,TEAM ZTOTTI,Bowie,A,6.0,6.0,False,True
34,TEAM ASBOVE,Butez,P,6.0,7.0,True,False
34,TEAM ASBOVE,Bremer,D,6.5,6.5,True,False
34,TEAM ASBOVE,Vasquez,D,,,False,False
34,TEAM ASBOVE,Celik,D,6.0,6.0,True,False
34,TEAM ASBOVE,Acerbi,D,6.0,6.0,True,False
34,TEAM ASBOVE,Mkhitaryan,C,7.0,9.5,True,False
34,TEAM ASBOVE,Pellegrini Lo.,C,,,False,False
34,TEAM ASBOVE,Sucic P.,C,7.0,10.0,True,False
34,TEAM ASBOVE,Thuram K.,C,,,False,False
34,TEAM ASBOVE,Nkunku,A,7.0,9.0,True,False
34,TEAM ASBOVE,Martinez L.,A,7.5,12.5,True,False
34,TEAM ASBOVE,Bijlow,P,6.0,7.0,False,True
34,TEAM ASBOVE,Meret,P,,,False,True
34,TEAM ASBOVE,Spinazzola,D,5.5,5.5,True,True
34,TEAM ASBOVE,Heggem,D,,,False,True
34,TEAM ASBOVE,Norton-Cuffy,D,,,False,True
34,TEAM ASBOVE,Bernasconi,D,,,False,True
34,TEAM ASBOVE,Rowe,C,7.0,11.0,True,True
34,TEAM ASBOVE,Taylor K.,C,,,False,True
34,TEAM ASBOVE,Elmas,C,6.0,6.0,True,True
34,TEAM ASBOVE,Vergara,C,,,False,True
34,TEAM ASBOVE,Vaz,A,,,False,True
34,TEAM ASBOVE,Rodriguez Je.,A,6.5,6.5,False,True
34,TEAM ASBOVE,Morata,A,,,False,True
34,TEAM ASBOVE,Openda,A,,,False,True
35,TEAM ZTOTTI,Falcone,P,6.0,4.0,True,False
35,TEAM ZTOTTI,Vojvoda,D,,,False,False
35,TEAM ZTOTTI,Solet,D,6.5,6.5,True,False
35,TEAM ZTOTTI,Rrahmani,D,7.0,10.0,True,False
35,TEAM ZTOTTI,Gallo,D,5.5,5.0,True,False
35,TEAM ZTOTTI,Baldanzi,C,6.0,6.0,True,False
35,TEAM ZTOTTI,Lobotka,C,6.5,6.5,True,False
35,TEAM ZTOTTI,Zalewski,C,5.5,5.5,True,False
35,TEAM ZTOTTI,Giovane,A,,,False,False
35,TEAM ZTOTTI,Berardi,A,6.5,6.5,True,False
35,TEAM ZTOTTI,Dybala,A,7.0,8.0,True,False
35,TEAM ZTOTTI,Skorupski,P,6.5,7.5,False,True
35,TEAM ZTOTTI,Sava,P,,,False,True
35,TEAM ZTOTTI,Terracciano F.,D,6.5,6.5,True,True
35,TEAM ZTOTTI,Marianucci,D,5.5,5.5,False,True
35,TEAM ZTOTTI,Ziolkowski,D,,,False,True
35,TEAM ZTOTTI,Konè I.,C,5.5,5.5,False,True
35,TEAM ZTOTTI,Strefezza,C,5.0,5.0,False,True
35,TEAM ZTOTTI,Ricci S.,C,6.0,5.5,False,True
35,TEAM ZTOTTI,Venturino,C,,,False,True
35,TEAM ZTOTTI,Bowie,A,6.5,10.5,True,True
35,TEAM ZTOTTI,Esposito F.P.,A,5.5,5.5,False,True
35,TEAM ZTOTTI,Kilicsoy,A,,,False,True
35,11 CRISTANTE UNITED,Okoye,P,6.0,5.0,True,False
35,11 CRISTANTE UNITED,Kalulu,D,5.5,5.5,True,False
35,11 CRISTANTE UNITED,Bastoni,D,,,False,False
35,11 CRISTANTE UNITED,N'Dicka,D,6.0,6.0,True,False
35,11 CRISTANTE UNITED,Dimarco,D,5.5,5.5,True,False
35,11 CRISTANTE UNITED,Da Cunha,C,6.5,6.5,True,False
35,11 CRISTANTE UNITED,Barella,C,,,False,False
35,11 CRISTANTE UNITED,Baturina,C,6.5,6.5,True,False
35,11 CRISTANTE UNITED,Castro S.,A,5.5,5.5,True,False
35,11 CRISTANTE UNITED,Vitinha O.,A,6.0,5.5,True,False
35,11 CRISTANTE UNITED,Thuram,A,,,False,False
35,11 CRISTANTE UNITED,Pobega,C,6.0,5.5,True,True
35,11 CRISTANTE UNITED,Nzola,A,5.0,5.0,True,True
35,11 CRISTANTE UNITED,Politano,C,,,False,True
35,11 CRISTANTE UNITED,Kuhn,A,,,False,True
35,11 CRISTANTE UNITED,Leali,P,,,False,True
35,11 CRISTANTE UNITED,Diego Carlos,D,,,False,True
35,11 CRISTANTE UNITED,Aebischer,C,5.0,5.0,False,True
35,11 CRISTANTE UNITED,Mazzitelli,C,,,False,True
35,11 CRISTANTE UNITED,Bonny,A,6.5,6.5,False,True
35,11 CRISTANTE UNITED,Beukema,D,6.0,6.0,True,True
35,11 CRISTANTE UNITED,De Winter,D,5.0,5.0,False,True
35,11 CRISTANTE UNITED,Calhanoglu,C,,,False,True
35,11 CRISTANTE UNITED,Juan Jesus,D,,,False,True
35,CUORE LAZIALE,Maignan,P,6.5,5.5,True,False
35,CUORE LAZIALE,Bartesaghi,D,6.0,6.0,True,False
35,CUORE LAZIALE,Muharemovic,D,5.5,5.0,True,False
35,CUORE LAZIALE,Kelly L.,D,6.0,6.0,True,False
35,CUORE LAZIALE,Cambiaso,D,5.5,5.5,True,False
35,CUORE LAZIALE,Pulisic,C,6.5,7.5,True,False
35,CUORE LAZIALE,Cristante,C,6.5,6.5,True,False
35,CUORE LAZIALE,Zielinski,C,6.0,6.0,True,False
35,CUORE LAZIALE,De Ketelaere,A,6.0,6.0,True,False
35,CUORE LAZIALE,Piccoli,A,6.0,6.0,True,False
35,CUORE LAZIALE,Soulè,A,6.0,6.0,True,False
35,CUORE LAZIALE,Terracciano,P,,,False,True
35,CUORE LAZIALE,Torriani,P,,,False,True
35,CUORE LAZIALE,Kristensen T.,D,6.0,6.0,False,True
35,CUORE LAZIALE,Tavares N.,D,5.0,4.5,False,True
35,CUORE LAZIALE,Pellegrini Lu.,D,,,False,True
35,CUORE LAZIALE,Estupinan,D,,,False,True
35,CUORE LAZIALE,Loftus-Cheek,C,,,False,True
35,CUORE LAZIALE,Harrison,C,6.0,5.5,False,True
35,CUORE LAZIALE,Zaragoza,C,,,False,True
35,CUORE LAZIALE,Zaniolo,C,,,False,True
35,CUORE LAZIALE,Berisha M.,C,,,False,True
35,CUORE LAZIALE,Solomon,A,6.5,7.5,False,True
35,CUORE LAZIALE,Pellegrino M.,A,5.5,5.5,False,True
35,CUORE LAZIALE,Lukaku,A,,,False,True
35,LABORATORIO DATI,Sommer,P,6.5,7.5,True,False
35,LABORATORIO DATI,Delprato,D,5.5,5.5,True,False
35,LABORATORIO DATI,Valeri,D,6.0,6.0,True,False
35,LABORATORIO DATI,Dumfries,D,,,False,False
35,LABORATORIO DATI,Dodò,D,6.5,6.5,True,False
35,LABORATORIO DATI,McKennie,C,5.5,5.5,True,False
35,LABORATORIO DATI,Conceicao,C,6.0,6.0,True,False
35,LABORATORIO DATI,Rabiot,C,6.0,6.0,True,False
35,LABORATORIO DATI,Bonazzoli,A,6.5,6.0,True,False
35,LABORATORIO DATI,Vlahovic,A,5.0,5.0,True,False
35,LABORATORIO DATI,Simeone,A,5.0,5.0,True,False
35,LABORATORIO DATI,Caprile,P,6.5,5.5,False,True
35,LABORATORIO DATI,Radunovic,P,,,False,True
35,LABORATORIO DATI,Luperto,D,6.5,6.5,True,True
35,LABORATORIO DATI,Martin,D,,,False,True
35,LABORATORIO DATI,Gaspar K.,D,,,False,True
35,LABORATORIO DATI,Gila,D,5.5,5.5,False,True
35,LABORATORIO DATI,Mandragora,C,7.0,10.0,False,True
35,LABORATORIO DATI,Odgaard,C,,,False,True
35,LABORATORIO DATI,Bernardeschi,C,5.5,5.5,False,True
35,LABORATORIO DATI,Neres,C,,,False,True
35,LABORATORIO DATI,Collocolo,C,,,False,True
35,LABORATORIO DATI,Pinamonti,A,7.0,10.0,False,True
35,LABORATORIO DATI,Noslin,A,6.0,6.0,False,True
35,LABORATORIO DATI,David,A,,,False,True
35,KKK,Carnesecchi,P,6.5,5.5,True,False
35,KKK,Carlos Augusto,D,5.5,5.5,True,False
35,KKK,Buongiorno,D,5.5,5.5,True,False
35,KKK,Hermoso,D,6.5,6.0,True,False
35,KKK,Wesley,D,5.0,4.0,True,False
35,KKK,Modric,C,,,False,False
35,KKK,McTominay,C,7.0,11.0,True,False
35,KKK,Atta,C,5.0,5.0,True,False
35,KKK,Esposito Se.,A,7.0,10.0,True,False
35,KKK,Laurientè,A,7.0,10.0,True,False
35,KKK,Krstovic,A,5.0,5.0,True,False
35,KKK,Sportiello,P,,,False,True
35,KKK,Rossi F.,P,,,False,True
35,KKK,Gosens,D,5.5,5.5,False,True
35,KKK,Bellanova,D,,,False,True
35,KKK,Djimsiti,D,6.0,6.0,False,True
35,KKK,Frese,D,6.0,6.0,False,True
35,KKK,Konè M.,C,,,False,True
35,KKK,De Roon,C,6.0,6.0,True,True
35,KKK,Malinovskyi,C,5.5,5.5,False,True
35,KKK,Amorim,C,5.5,5.5,False,True
35,KKK,Cataldi,C,,,False,True
35,KKK,Adams C.,A,5.5,5.5,False,True
35,KKK,Durosinmi,A,,,False,True
35,KKK,Ratkov,A,,,False,True
35,BTGCBUGC,Milinkovic-Savic V.,P,,,False,False
35,BTGCBUGC,Palestra,D,6.5,6.5,True,False
35,BTGCBUGC,Bisseck,D,,,False,False
35,BTGCBUGC,Mancini,D,8.0,15.0,True,False
35,BTGCBUGC,Ramon,D,6.5,6.0,True,False
35,BTGCBUGC,Casadei,C,6.0,6.0,True,False
35,BTGCBUGC,Locatelli,C,5.5,5.5,True,False
35,BTGCBUGC,Brescianini,C,6.0,6.0,True,False
35,BTGCBUGC,Douvikas,A,6.0,6.0,True,False
35,BTGCBUGC,Vardy,A,7.0,11.0,True,False
35,BTGCBUGC,Malen,A,6.5,6.5,True,False
35,BTGCBUGC,Perin,P,,,False,True
35,BTGCBUGC,Di Gregorio,P,5.5,3.5,True,True
35,BTGCBUGC,Pavlovic,D,6.0,6.0,True,True
35,BTGCBUGC,Scalvini,D,5.5,5.5,False,True
35,BTGCBUGC,Cuadrado,D,6.0,6.0,False,True
35,BTGCBUGC,Zè Pedro,D,,,False,True
35,BTGCBUGC,Saelemaekers,C,,,False,True
35,BTGCBUGC,Zaccagni,C,,,False,True
35,BTGCBUGC,Maldini,C,5.5,5.5,False,True
35,BTGCBUGC,Nicolussi Caviglia,C,6.0,6.0,False,True
35,BTGCBUGC,Tramoni M.,C,,,False,True
35,BTGCBUGC,Zapata D.,A,5.5,5.5,False,True
35,BTGCBUGC,Dia,A,5.5,5.5,False,True
35,BTGCBUGC,Kean,A,,,False,True
35,TEAM ASBOVE,Butez,P,6.5,7.5,True,False
35,TEAM ASBOVE,Bremer,D,6.0,5.5,True,False
35,TEAM ASBOVE,Spinazzola,D,6.0,6.0,True,False
35,TEAM ASBOVE,Celik,D,6.0,6.0,True,False
35,TEAM ASBOVE,Acerbi,D,6.0,6.0,True,False
35,TEAM ASBOVE,Mkhitaryan,C,5.5,5.5,True,False
35,TEAM ASBOVE,Pellegrini Lo.,C,,,False,False
35,TEAM ASBOVE,Rowe,C,6.5,7.5,True,False
35,TEAM ASBOVE,Elmas,C,6.5,7.0,True,False
35,TEAM ASBOVE,Nkunku,A,7.0,9.0,True,False
35,TEAM ASBOVE,Martinez L.,A,5.5,5.5,True,False
35,TEAM ASBOVE,Bijlow,P,5.5,3.0,False,True
35,TEAM ASBOVE,Meret,P,7.0,8.0,False,True
35,TEAM ASBOVE,Heggem,D,6.5,6.5,False,True
35,TEAM ASBOVE,Vasquez,D,7.0,10.0,False,True
35,TEAM ASBOVE,Norton-Cuffy,D,,,False,True
35,TEAM ASBOVE,Bernasconi,D,,,False,True
35,TEAM ASBOVE,Sucic P.,C,6.5,6.5,True,True
35,TEAM ASBOVE,Taylor K.,C,5.5,5.0,False,True
35,TEAM ASBOVE,Thuram K.,C,5.5,5.5,False,True
35,TEAM ASBOVE,Vergara,C,,,False,True
35,TEAM ASBOVE,Vaz,A,,,False,True
35,TEAM ASBOVE,Rodriguez Je.,A,7.0,8.0,False,True
35,TEAM ASBOVE,Morata,A,,,False,True
35,TEAM ASBOVE,Openda,A,,,False,True
35,TEAM JODIODDR,Svilar,P,6.0,7.0,True,False
35,TEAM JODIODDR,Zappacosta,D,5.5,5.5,True,False
35,TEAM JODIODDR,Rensch,D,6.0,6.0,True,False
35,TEAM JODIODDR,Hien,D,,,False,False
35,TEAM JODIODDR,Valle,D,,,False,False
35,TEAM JODIODDR,Thorstvedt,C,6.0,6.0,True,False
35,TEAM JODIODDR,Santos A.,C,6.0,5.5,True,False
35,TEAM JODIODDR,Pisilli,C,6.5,7.5,True,False
35,TEAM JODIODDR,Ondrejka,C,,,False,False
35,TEAM JODIODDR,Sulemana K.,A,5.5,5.5,True,False
35,TEAM JODIODDR,Diao,A,5.5,5.5,True,False
35,TEAM JODIODDR,Gollini,P,,,False,True
35,TEAM JODIODDR,Martinez Jo.,P,,,False,True
35,TEAM JODIODDR,Obrador,D,7.0,10.0,True,True
35,TEAM JODIODDR,Circati,D,5.5,5.5,True,True
35,TEAM JODIODDR,Baschirotto,D,,,False,True
35,TEAM JODIODDR,Belghali,D,6.0,6.0,False,True
35,TEAM JODIODDR,Frendrup,C,6.0,6.0,True,True
35,TEAM JODIODDR,Gudmundsson A.,C,6.0,5.5,False,True
35,TEAM JODIODDR,Isaksen,C,5.5,5.5,False,True
35,TEAM JODIODDR,Zambo Anguissa,C,,,False,True
35,TEAM JODIODDR,Djuric,A,,,False,True
35,TEAM JODIODDR,Leao,A,,,False,True
35,TEAM JODIODDR,Orban G.,A,,,False,True
35,TEAM JODIODDR,Cancellieri,A,5.5,5.0,False,True
35,U CAN U UP,Furlanetto,P,6.5,4.5,True,False
35,U CAN U UP,Miranda J.,D,6.5,6.5,True,False
35,U CAN U UP,Canestrelli,D,5.5,5.5,True,False
35,U CAN U UP,Gabbia,D,6.0,5.5,True,False
35,U CAN U UP,Orsolini,C,7.0,11.0,True,False
35,U CAN U UP,Ederson D.S.,C,6.0,6.0,True,False
35,U CAN U UP,Koopmeiners,C,5.0,5.0,True,False
35,U CAN U UP,Ramadani,C,6.0,5.5,True,False
35,U CAN U UP,Yildiz,A,5.5,5.5,True,False
35,U CAN U UP,Hojlund,A,7.5,11.5,True,False
35,U CAN U UP,Colombo,A,5.5,5.5,True,False
35,U CAN U UP,Zortea,D,,,False,True
35,U CAN U UP,Britschgi,D,,,False,True
35,U CAN U UP,Holm,D,,,False,True
35,U CAN U UP,Gatti,D,,,False,True
35,U CAN U UP,Samardzic,C,,,False,True
35,U CAN U UP,Pasalic,C,5.5,5.0,False,True
35,U CAN U UP,Ekkelenkamp,C,,,False,True
35,U CAN U UP,Thorsby,C,6.0,6.0,False,True
35,U CAN U UP,Raspadori,A,5.5,5.5,False,True
35,U CAN U UP,Cheddira,A,8.0,14.0,False,True
35,U CAN U UP,Sarr A.,A,6.0,6.0,False,True
35,U CAN U UP,Provedel,P,,,False,True
35,U CAN U UP,Veiga D.,D,6.0,5.5,False,True
35,U CAN U UP,Motta,P,,,False,True
35,PREMIER LEAGUE SLOPS,De Gea,P,7.0,8.0,True,False
35,PREMIER LEAGUE SLOPS,Kamara H.,D,5.5,5.0,True,False
35,PREMIER LEAGUE SLOPS,Akanji,D,,,False,False
35,PREMIER LEAGUE SLOPS,Coco,D,5.0,5.0,True,False
35,PREMIER LEAGUE SLOPS,Gutierrez,D,,,False,False
35,PREMIER LEAGUE SLOPS,Miretti,C,,,False,False
35,PREMIER LEAGUE SLOPS,Vlasic,C,5.5,5.5,True,False
35,PREMIER LEAGUE SLOPS,Perrone,C,6.5,6.5,True,False
35,PREMIER LEAGUE SLOPS,Matic,C,5.5,5.5,True,False
35,PREMIER LEAGUE SLOPS,Scamacca,A,,,False,False
35,PREMIER LEAGUE SLOPS,Davis K.,A,5.5,5.5,True,False
35,PREMIER LEAGUE SLOPS,Lezzerini,P,,,False,True
35,PREMIER LEAGUE SLOPS,Mina,D,7.0,11.0,True,True
35,PREMIER LEAGUE SLOPS,Olivera,D,6.0,6.0,True,True
35,PREMIER LEAGUE SLOPS,Tomori,D,6.0,5.5,False,True
35,PREMIER LEAGUE SLOPS,Nelsson,D,6.5,6.5,False,True
35,PREMIER LEAGUE SLOPS,Bernabè,C,,,False,True
35,PREMIER LEAGUE SLOPS,De Bruyne,C,6.5,6.5,True,True
35,PREMIER LEAGUE SLOPS,Luis Henrique,C,5.5,5.5,False,True
35,PREMIER LEAGUE SLOPS,Fullkrug,A,6.0,6.0,True,True
35,PREMIER LEAGUE SLOPS,Kulenovic,A,,,False,True
35,PREMIER LEAGUE SLOPS,Cambiaghi,A,,,False,True
35,PREMIER LEAGUE SLOPS,Ferguson E.,A,,,False,True
35,PREMIER LEAGUE SLOPS,Christensen O.,P,,,False,True
36,PREMIER LEAGUE SLOPS,De Gea,P,,,False,False
36,PREMIER LEAGUE SLOPS,Tomori,D,5.0,5.0,True,False
36,PREMIER LEAGUE SLOPS,Akanji,D,,,False,False
36,PREMIER LEAGUE SLOPS,Coco,D,5.0,5.0,True,False
36,PREMIER LEAGUE SLOPS,Gutierrez,D,6.5,6.5,True,False
36,PREMIER LEAGUE SLOPS,De Bruyne,C,6.5,7.5,True,False
36,PREMIER LEAGUE SLOPS,Vlasic,C,6.0,6.0,True,False
36,PREMIER LEAGUE SLOPS,Perrone,C,6.5,6.5,True,False
36,PREMIER LEAGUE SLOPS,Matic,C,6.0,6.0,True,False
36,PREMIER LEAGUE SLOPS,Scamacca,A,,,False,False
36,PREMIER LEAGUE SLOPS,Davis K.,A,5.5,5.5,True,False
36,PREMIER LEAGUE SLOPS,Lezzerini,P,,,False,True
36,PREMIER LEAGUE SLOPS,Mina,D,6.5,7.5,True,True
36,PREMIER LEAGUE SLOPS,Olivera,D,6.5,6.5,False,True
36,PREMIER LEAGUE SLOPS,Nelsson,D,5.5,5.5,False,True
36,PREMIER LEAGUE SLOPS,Kamara H.,D,,,False,True
36,PREMIER LEAGUE SLOPS,Bernabè,C,,,False,True
36,PREMIER LEAGUE SLOPS,Miretti,C,5.5,5.5,False,True
36,PREMIER LEAGUE SLOPS,Luis Henrique,C,6.0,6.0,False,True
36,PREMIER LEAGUE SLOPS,Fullkrug,A,5.5,5.5,True,True
36,PREMIER LEAGUE SLOPS,Kulenovic,A,,,False,True
36,PREMIER LEAGUE SLOPS,Cambiaghi,A,,,False,True
36,PREMIER LEAGUE SLOPS,Ferguson E.,A,,,False,True
36,PREMIER LEAGUE SLOPS,Christensen O.,P,7.5,6.5,True,True
36,KKK,Carnesecchi,P,,,False,False
36,KKK,Carlos Augusto,D,6.0,6.0,True,False
36,KKK,Buongiorno,D,,,False,False
36,KKK,Hermoso,D,6.5,6.5,True,False
36,KKK,Atta,C,6.5,6.5,True,False
36,KKK,McTominay,C,5.5,5.5,True,False
36,KKK,Malinovskyi,C,,,False,False
36,KKK,Konè M.,C,6.0,6.0,True,False
36,KKK,Esposito Se.,A,6.5,6.5,True,False
36,KKK,Laurientè,A,5.0,5.0,True,False
36,KKK,Krstovic,A,,,False,False
36,KKK,Sportiello,P,5.5,4.5,True,True
36,KKK,Rossi F.,P,,,False,True
36,KKK,Gosens,D,6.0,6.0,True,True
36,KKK,Bellanova,D,5.5,5.5,False,True
36,KKK,Djimsiti,D,6.0,6.0,False,True
36,KKK,Frese,D,5.5,5.5,False,True
36,KKK,De Roon,C,6.0,6.0,True,True
36,KKK,Cataldi,C,,,False,True
36,KKK,Modric,C,6.0,6.0,False,True
36,KKK,Amorim,C,6.0,6.0,False,True
36,KKK,Adams C.,A,7.0,11.0,True,True
36,KKK,Durosinmi,A,,,False,True
36,KKK,Ratkov,A,,,False,True
36,KKK,Wesley,D,,,False,True
36,11 CRISTANTE UNITED,Okoye,P,6.5,5.5,True,False
36,11 CRISTANTE UNITED,Kalulu,D,6.0,5.5,True,False
36,11 CRISTANTE UNITED,Bastoni,D,,,False,False
36,11 CRISTANTE UNITED,Diego Carlos,D,,,False,False
36,11 CRISTANTE UNITED,Dimarco,D,7.0,10.0,True,False
36,11 CRISTANTE UNITED,Da Cunha,C,8.0,13.0,True,False
36,11 CRISTANTE UNITED,Barella,C,6.0,6.0,True,False
36,11 CRISTANTE UNITED,Baturina,C,6.0,6.0,True,False
36,11 CRISTANTE UNITED,Castro S.,A,5.5,5.5,True,False
36,11 CRISTANTE UNITED,Bonny,A,6.0,6.0,True,False
36,11 CRISTANTE UNITED,Thuram,A,,,False,False
36,11 CRISTANTE UNITED,Pobega,C,7.0,10.0,False,True
36,11 CRISTANTE UNITED,Nzola,A,5.5,5.5,True,True
36,11 CRISTANTE UNITED,Politano,C,6.0,6.0,False,True
36,11 CRISTANTE UNITED,Kuhn,A,,,False,True
36,11 CRISTANTE UNITED,Leali,P,6.5,5.5,False,True
36,11 CRISTANTE UNITED,Aebischer,C,6.0,7.0,False,True
36,11 CRISTANTE UNITED,Mazzitelli,C,,,False,True
36,11 CRISTANTE UNITED,Beukema,D,,,False,True
36,11 CRISTANTE UNITED,De Winter,D,,,False,True
36,11 CRISTANTE UNITED,Calhanoglu,C,,,False,True
36,11 CRISTANTE UNITED,Juan Jesus,D,6.0,6.0,True,True
36,CUORE LAZIALE,Maignan,P,7.0,4.5,True,False
36,CUORE LAZIALE,Pellegrini Lu.,D,6.0,6.0,True,False
36,CUORE LAZIALE,Bartesaghi,D,5.5,5.5,True,False
36,CUORE LAZIALE,Kelly L.,D,5.5,5.5,True,False
36,CUORE LAZIALE,Cambiaso,D,5.5,5.5,True,False
36,CUORE LAZIALE,Pulisic,C,5.0,5.0,True,False
36,CUORE LAZIALE,Cristante,C,6.0,6.0,True,False
36,CUORE LAZIALE,Zielinski,C,5.0,3.0,True,False
36,CUORE LAZIALE,De Ketelaere,A,6.0,6.0,True,False
36,CUORE LAZIALE,Pellegrino M.,A,7.0,11.0,True,False
36,CUORE LAZIALE,Soulè,A,6.0,6.0,True,False
36,CUORE LAZIALE,Terracciano,P,,,False,True
36,CUORE LAZIALE,Torriani,P,,,False,True
36,CUORE LAZIALE,Muharemovic,D,,,False,True
36,CUORE LAZIALE,Kristensen T.,D,6.0,6.0,False,True
36,CUORE LAZIALE,Estupinan,D,,,False,True
36,CUORE LAZIALE,Tavares N.,D,,,False,True
36,CUORE LAZIALE,Loftus-Cheek,C,,,False,True
36,CUORE LAZIALE,Harrison,C,6.0,6.0,False,True
36,CUORE LAZIALE,Zaragoza,C,,,False,True
36,CUORE LAZIALE,Zaniolo,C,,,False,True
36,CUORE LAZIALE,Berisha M.,C,,,False,True
36,CUORE LAZIALE,Piccoli,A,7.0,10.0,False,True
36,CUORE LAZIALE,Solomon,A,,,False,True
36,CUORE LAZIALE,Lukaku,A,,,False,True
36,TEAM JODIODDR,Svilar,P,6.5,7.5,True,False
36,TEAM JODIODDR,Zappacosta,D,6.5,6.5,True,False
36,TEAM JODIODDR,Rensch,D,6.5,6.5,True,False
36,TEAM JODIODDR,Hien,D,6.5,6.5,True,False
36,TEAM JODIODDR,Valle,D,,,False,False
36,TEAM JODIODDR,Thorstvedt,C,5.5,5.0,True,False
36,TEAM JODIODDR,Santos A.,C,,,False,False
36,TEAM JODIODDR,Pisilli,C,6.0,6.0,True,False
36,TEAM JODIODDR,Ondrejka,C,,,False,False
36,TEAM JODIODDR,Sulemana K.,A,6.5,6.0,True,False
36,TEAM JODIODDR,Diao,A,6.5,6.5,True,False
36,TEAM JODIODDR,Gollini,P,,,False,True
36,TEAM JODIODDR,Martinez Jo.,P,5.5,2.5,False,True
36,TEAM JODIODDR,Obrador,D,6.5,7.5,True,True
36,TEAM JODIODDR,Circati,D,6.0,6.0,False,True
36,TEAM JODIODDR,Baschirotto,D,,,False,True
36,TEAM JODIODDR,Belghali,D,6.0,6.0,False,True
36,TEAM JODIODDR,Frendrup,C,5.5,5.5,True,True
36,TEAM JODIODDR,Gudmundsson A.,C,6.0,6.0,True,True
36,TEAM JODIODDR,Isaksen,C,,,False,True
36,TEAM JODIODDR,Zambo Anguissa,C,,,False,True
36,TEAM JODIODDR,Djuric,A,,,False,True
36,TEAM JODIODDR,Leao,A,6.0,6.0,False,True
36,TEAM JODIODDR,Orban G.,A,,,False,True
36,TEAM JODIODDR,Cancellieri,A,5.5,5.5,False,True
36,TEAM ZTOTTI,Falcone,P,6.5,7.5,True,False
36,TEAM ZTOTTI,Gallo,D,6.5,6.5,True,False
36,TEAM ZTOTTI,Solet,D,6.0,6.0,True,False
36,TEAM ZTOTTI,Vojvoda,D,,,False,False
36,TEAM ZTOTTI,Strefezza,C,,,False,False
36,TEAM ZTOTTI,Paz N.,C,,,False,False
36,TEAM ZTOTTI,Konè I.,C,6.5,6.5,True,False
36,TEAM ZTOTTI,Zalewski,C,,,False,False
36,TEAM ZTOTTI,Dybala,A,8.0,10.0,True,False
36,TEAM ZTOTTI,Kilicsoy,A,,,False,False
36,TEAM ZTOTTI,Berardi,A,6.0,6.0,True,False
36,TEAM ZTOTTI,Skorupski,P,6.0,3.0,False,True
36,TEAM ZTOTTI,Sava,P,,,False,True
36,TEAM ZTOTTI,Rrahmani,D,6.5,6.5,True,True
36,TEAM ZTOTTI,Marianucci,D,,,False,True
36,TEAM ZTOTTI,Terracciano F.,D,5.0,5.0,False,True
36,TEAM ZTOTTI,Ostigard,D,,,False,True
36,TEAM ZTOTTI,Ziolkowski,D,5.5,5.0,False,True
36,TEAM ZTOTTI,Baldanzi,C,,,False,True
36,TEAM ZTOTTI,Lobotka,C,6.0,6.0,True,True
36,TEAM ZTOTTI,Ricci S.,C,,,False,True
36,TEAM ZTOTTI,Venturino,C,,,False,True
36,TEAM ZTOTTI,Esposito F.P.,A,6.5,9.5,True,True
36,TEAM ZTOTTI,Giovane,A,,,False,True
36,TEAM ZTOTTI,Bowie,A,5.5,5.5,False,True
36,LABORATORIO DATI,Sommer,P,,,False,False
36,LABORATORIO DATI,Delprato,D,,,False,False
36,LABORATORIO DATI,Valeri,D,6.5,6.5,True,False
36,LABORATORIO DATI,Dumfries,D,,,False,False
36,LABORATORIO DATI,Dodò,D,6.5,6.5,True,False
36,LABORATORIO DATI,McKennie,C,6.0,6.0,True,False
36,LABORATORIO DATI,Conceicao,C,6.5,7.5,True,False
36,LABORATORIO DATI,Rabiot,C,5.5,5.5,True,False
36,LABORATORIO DATI,Bonazzoli,A,7.0,9.0,True,False
36,LABORATORIO DATI,Vlahovic,A,7.5,13.5,True,False
36,LABORATORIO DATI,Simeone,A,6.0,6.0,True,False
36,LABORATORIO DATI,Caprile,P,6.0,5.0,True,True
36,LABORATORIO DATI,Radunovic,P,,,False,True
36,LABORATORIO DATI,Luperto,D,4.5,4.5,True,True
36,LABORATORIO DATI,Martin,D,6.0,6.0,True,True
36,LABORATORIO DATI,Gaspar K.,D,,,False,True
36,LABORATORIO DATI,Gila,D,5.5,5.0,False,True
36,LABORATORIO DATI,Mandragora,C,6.5,6.5,False,True
36,LABORATORIO DATI,Odgaard,C,6.0,6.0,False,True
36,LABORATORIO DATI,Bernardeschi,C,7.0,10.0,False,True
36,LABORATORIO DATI,Neres,C,,,False,True
36,LABORATORIO DATI,Collocolo,C,5.5,5.5,False,True
36,LABORATORIO DATI,Pinamonti,A,5.5,5.5,False,True
36,LABORATORIO DATI,Noslin,A,6.0,6.5,False,True
36,LABORATORIO DATI,David,A,5.5,5.5,False,True
36,U CAN U UP,Furlanetto,P,6.5,5.5,True,False
36,U CAN U UP,Miranda J.,D,5.5,5.5,True,False
36,U CAN U UP,Holm,D,5.5,5.5,True,False
36,U CAN U UP,Gabbia,D,5.5,5.5,True,False
36,U CAN U UP,Gatti,D,5.0,5.0,True,False
36,U CAN U UP,Samardzic,C,6.5,6.5,True,False
36,U CAN U UP,Ederson D.S.,C,,,False,False
36,U CAN U UP,Ramadani,C,6.0,5.5,True,False
36,U CAN U UP,Yildiz,A,,,False,False
36,U CAN U UP,Hojlund,A,7.5,11.5,True,False
36,U CAN U UP,Cheddira,A,6.0,6.0,True,False
36,U CAN U UP,Motta,P,,,False,True
36,U CAN U UP,Provedel,P,,,False,True
36,U CAN U UP,Veiga D.,D,6.0,6.0,False,True
36,U CAN U UP,Canestrelli,D,6.0,6.0,False,True
36,U CAN U UP,Britschgi,D,6.0,5.5,False,True
36,U CAN U UP,Zortea,D,6.0,6.0,False,True
36,U CAN U UP,Pasalic,C,5.5,5.5,True,True
36,U CAN U UP,Thorsby,C,6.0,5.5,False,True
36,U CAN U UP,Koopmeiners,C,5.5,5.5,False,True
36,U CAN U UP,Colombo,A,6.0,6.0,True,True
36,U CAN U UP,Raspadori,A,6.0,6.0,False,True
36,U CAN U UP,Sarr A.,A,6.0,6.0,False,True
36,BTGCBUGC,Milinkovic-Savic V.,P,,,False,False
36,BTGCBUGC,Pavlovic,D,5.5,5.0,True,False
36,BTGCBUGC,Bisseck,D,5.5,5.5,True,False
36,BTGCBUGC,Mancini,D,6.5,6.5,True,False
36,BTGCBUGC,Ramon,D,5.5,5.5,True,False
36,BTGCBUGC,Maldini,C,6.0,6.0,True,False
36,BTGCBUGC,Casadei,C,7.5,10.5,True,False
36,BTGCBUGC,Saelemaekers,C,7.0,10.0,True,False
36,BTGCBUGC,Douvikas,A,7.0,11.0,True,False
36,BTGCBUGC,Zapata D.,A,5.5,5.5,True,False
36,BTGCBUGC,Malen,A,6.5,8.5,True,False
36,BTGCBUGC,Perin,P,6.5,4.5,True,True
36,BTGCBUGC,Di Gregorio,P,,,False,True
36,BTGCBUGC,Scalvini,D,6.0,6.0,False,True
36,BTGCBUGC,Palestra,D,6.5,6.5,False,True
36,BTGCBUGC,Cuadrado,D,6.0,6.0,False,True
36,BTGCBUGC,Zè Pedro,D,6.0,5.5,False,True
36,BTGCBUGC,Zaccagni,C,,,False,True
36,BTGCBUGC,Locatelli,C,5.5,5.5,False,True
36,BTGCBUGC,Brescianini,C,6.5,7.5,False,True
36,BTGCBUGC,Nicolussi Caviglia,C,6.5,6.5,False,True
36,BTGCBUGC,Tramoni M.,C,,,False,True
36,BTGCBUGC,Vardy,A,6.0,5.5,False,True
36,BTGCBUGC,Dia,A,6.0,6.0,False,True
36,BTGCBUGC,Kean,A,,,False,True
36,TEAM ASBOVE,Butez,P,6.0,5.0,True,False
36,TEAM ASBOVE,Vasquez,D,,,False,False
36,TEAM ASBOVE,Spinazzola,D,,,False,False
36,TEAM ASBOVE,Celik,D,6.5,6.5,True,False
36,TEAM ASBOVE,Acerbi,D,,,False,False
36,TEAM ASBOVE,Sucic P.,C,5.5,5.5,True,False
36,TEAM ASBOVE,Pellegrini Lo.,C,,,False,False
36,TEAM ASBOVE,Rowe,C,6.5,6.5,True,False
36,TEAM ASBOVE,Nkunku,A,5.0,5.0,True,False
36,TEAM ASBOVE,Martinez L.,A,5.5,5.0,True,False
36,TEAM ASBOVE,Rodriguez Je.,A,7.5,11.0,True,False
36,TEAM ASBOVE,Bijlow,P,,,False,True
36,TEAM ASBOVE,Meret,P,6.5,7.5,False,True
36,TEAM ASBOVE,Heggem,D,,,False,True
36,TEAM ASBOVE,Norton-Cuffy,D,6.0,6.0,True,True
36,TEAM ASBOVE,Bernasconi,D,,,False,True
36,TEAM ASBOVE,Thuram K.,C,6.0,7.0,True,True
36,TEAM ASBOVE,Mkhitaryan,C,6.0,5.5,False,True
36,TEAM ASBOVE,Elmas,C,5.5,5.5,False,True
36,TEAM ASBOVE,Vergara,C,,,False,True
36,TEAM ASBOVE,Taylor K.,C,,,False,True
36,TEAM ASBOVE,Morata,A,,,False,True
36,TEAM ASBOVE,Openda,A,,,False,True
36,TEAM ASBOVE,Vaz,A,,,False,True
36,TEAM ASBOVE,Bremer,D,,,False,True
