giornata,team,player,position,voto,fantavoto,active,on_bench
1,ETHANANITA,Butez,P,6.0,5.0,True,False
1,ETHANANITA,Angori,D,5.5,5.5,True,False
1,ETHANANITA,Doig,D,6.0,5.5,True,False
1,ETHANANITA,Palestra,D,6.5,6.5,True,False
1,ETHANANITA,Vojvoda,D,5.5,5.5,True,False
1,ETHANANITA,Da Cunha,C,6.0,6.0,True,False
1,ETHANANITA,Loftus-Cheek,C,6.5,6.5,True,False
1,ETHANANITA,Politano,C,6.5,6.5,True,False
1,ETHANANITA,Davis K.,A,6.0,6.0,True,False
1,ETHANANITA,Lucca,A,6.0,6.0,True,False
1,ETHANANITA,Pellegrino M.,A,5.5,5.5,True,False
1,ETHANANITA,Semper,P,6.0,5.0,False,True
1,ETHANANITA,Caprile,P,7.0,8.0,False,True
1,ETHANANITA,Mina,D,7.0,11.0,False,True
1,ETHANANITA,Tiago Gabriel,D,,,False,True
1,ETHANANITA,Joao Mario,D,,,False,True
1,ETHANANITA,Tourè I.,C,6.5,6.5,False,True
1,ETHANANITA,Vlasic,C,6.5,6.5,False,True
1,ETHANANITA,Stanciu,C,,,False,True
1,ETHANANITA,Odgaard,C,6.0,6.0,False,True
1,ETHANANITA,Vlahovic,A,5.0,5.0,False,True
1,ETHANANITA,Openda,A,6.0,6.0,False,True
1,ETHANANITA,Zapata D.,A,,,False,True
1,ETERNITY,Provedel,P,6.0,5.0,True,False
1,ETERNITY,Gosens,D,6.5,6.5,True,False
1,ETERNITY,Tavares N.,D,5.5,5.5,True,False
1,ETERNITY,Pezzella Giu.,D,5.5,5.5,True,False
1,ETERNITY,Bellanova,D,6.5,6.5,True,False
1,ETERNITY,Gudmundsson A.,C,,,False,False
1,ETERNITY,Rabiot,C,6.5,6.5,True,False
1,ETERNITY,De Bruyne,C,7.0,9.0,True,False
1,ETERNITY,Saelemaekers,C,6.5,7.0,True,False
1,ETERNITY,Martinez L.,A,5.0,5.0,True,False
1,ETERNITY,Pinamonti,A,6.0,5.5,True,False
1,ETERNITY,Mandas,P,,,False,True
1,ETERNITY,Sommer,P,5.0,1.0,False,True
1,ETERNITY,Lazaro,D,6.0,6.0,False,True
1,ETERNITY,Ranieri L.,D,6.0,8.0,False,True
1,ETERNITY,Lykogiannis,D,5.5,5.5,False,True
1,ETERNITY,Lucumì,D,5.5,5.5,False,True
1,ETERNITY,Maldini,C,6.0,6.0,True,True
1,ETERNITY,McKennie,C,6.0,6.0,False,True
1,ETERNITY,Camarda,A,5.5,5.5,False,True
1,ETERNITY,Simeone,A,7.5,11.5,False,True
1,ETERNITY,Esposito F.P.,A,,,False,True
1,GOODBYE,Meret,P,,,False,False
1,GOODBYE,Valle,D,6.0,5.5,True,False
1,GOODBYE,Bremer,D,7.5,9.5,True,False
1,GOODBYE,Mancini,D,6.0,6.0,True,False
1,GOODBYE,Bastoni,D,5.5,5.5,True,False
1,GOODBYE,Konè M.,C,5.5,5.5,True,False
1,GOODBYE,Cristante,C,6.0,6.0,True,False
1,GOODBYE,El Shaarawy,C,6.0,6.0,True,False
1,GOODBYE,Yildiz,A,7.0,11.0,True,False
1,GOODBYE,Morata,A,5.5,6.0,True,False
1,GOODBYE,Lookman,A,,,False,False
1,GOODBYE,Milinkovic-Savic V.,P,5.5,4.5,True,True
1,GOODBYE,Idrissi R.,D,,,False,True
1,GOODBYE,Tsimikas,D,,,False,True
1,GOODBYE,Ziolkowski,D,,,False,True
1,GOODBYE,Ghilardi,D,,,False,True
1,GOODBYE,El Aynaoui,C,6.0,6.0,False,True
1,GOODBYE,Pellegrini Lo.,C,,,False,True
1,GOODBYE,Zielinski,C,6.0,7.0,False,True
1,GOODBYE,Kaba,C,,,False,True
1,GOODBYE,Cambiaghi,A,5.5,5.5,True,True
1,GOODBYE,Scamacca,A,,,False,True
1,SEPTWOLVES,Carnesecchi,P,6.0,5.0,True,False
1,SEPTWOLVES,Floriani Mussolini,D,,,False,False
1,SEPTWOLVES,Hien,D,6.5,6.5,True,False
1,SEPTWOLVES,Wesley,D,5.0,4.5,True,False
1,SEPTWOLVES,Folorunsho,C,6.0,6.0,True,False
1,SEPTWOLVES,Rovella,C,6.0,5.5,True,False
1,SEPTWOLVES,Zambo Anguissa,C,6.5,8.5,True,False
1,SEPTWOLVES,Orsolini,C,5.5,5.5,True,False
1,SEPTWOLVES,Castellanos,A,5.5,5.5,True,False
1,SEPTWOLVES,Ferguson E.,A,5.5,5.5,True,False
1,SEPTWOLVES,De Ketelaere,A,8.0,14.0,True,False
1,SEPTWOLVES,Cancellieri,A,5.5,5.5,False,True
1,SEPTWOLVES,Cutrone,A,5.0,5.0,False,True
1,SEPTWOLVES,Dovbyk,A,,,False,True
1,SEPTWOLVES,Bernabè,C,6.5,6.5,False,True
1,SEPTWOLVES,Guendouzi,C,5.5,5.5,False,True
1,SEPTWOLVES,Lovric,C,,,False,True
1,SEPTWOLVES,Sohm,C,5.5,5.5,False,True
1,SEPTWOLVES,Kossounou,D,6.5,6.5,True,True
1,SEPTWOLVES,Juan Jesus,D,,,False,True
1,SEPTWOLVES,Lovik,D,6.0,6.0,False,True
1,SEPTWOLVES,Rrahmani,D,,,False,True
1,SEPTWOLVES,Cabal,D,5.5,5.5,False,True
1,SEPTWOLVES,Rossi F.,P,,,False,True
1,SEPTWOLVES,Sportiello,P,,,False,True
1,XIAWA NO.92,Maignan,P,6.0,7.0,True,False
1,XIAWA NO.92,Canestrelli,D,5.0,5.0,True,False
1,XIAWA NO.92,Buongiorno,D,6.0,6.0,True,False
1,XIAWA NO.92,Valeri,D,6.0,6.0,True,False
1,XIAWA NO.92,Paz N.,C,7.0,10.0,True,False
1,XIAWA NO.92,Vandeputte,C,5.5,5.5,True,False
1,XIAWA NO.92,Zerbin,C,5.5,5.5,True,False
1,XIAWA NO.92,Collocolo,C,5.5,5.0,True,False
1,XIAWA NO.92,Rodriguez Je.,A,5.5,5.5,True,False
1,XIAWA NO.92,Esposito Se.,A,6.0,5.5,True,False
1,XIAWA NO.92,Giovane,A,6.0,6.5,True,False
1,XIAWA NO.92,Terracciano,P,6.0,7.0,False,True
1,XIAWA NO.92,Torriani,P,,,False,True
1,XIAWA NO.92,Spinazzola,D,6.5,7.5,False,True
1,XIAWA NO.92,Luperto,D,6.5,6.5,False,True
1,XIAWA NO.92,Delprato,D,5.5,5.5,False,True
1,XIAWA NO.92,Terracciano F.,D,5.5,5.5,False,True
1,XIAWA NO.92,Vasquez,D,6.0,6.0,False,True
1,XIAWA NO.92,Thuram K.,C,7.0,9.0,False,True
1,XIAWA NO.92,Oristanio,C,6.0,6.0,False,True
1,XIAWA NO.92,Fofana Y.,C,6.0,6.0,False,True
1,XIAWA NO.92,Nicolussi Caviglia,C,6.0,6.0,False,True
1,XIAWA NO.92,Laurientè,A,6.0,6.0,False,True
1,XIAWA NO.92,Dzeko,A,5.0,5.0,False,True
1,TEAM YANGTUO,De Gea,P,7.0,4.0,True,False
1,TEAM YANGTUO,Scalvini,D,7.0,9.0,True,False
1,TEAM YANGTUO,Solet,D,6.5,6.5,True,False
1,TEAM YANGTUO,Hermoso,D,6.0,6.0,True,False
1,TEAM YANGTUO,Zortea,D,5.5,5.5,True,False
1,TEAM YANGTUO,Stengs,C,,,False,False
1,TEAM YANGTUO,Tramoni M.,C,5.5,5.5,True,False
1,TEAM YANGTUO,Calhanoglu,C,7.5,11.5,True,False
1,TEAM YANGTUO,Gimenez,A,5.0,5.0,True,False
1,TEAM YANGTUO,Castro S.,A,5.5,5.5,True,False
1,TEAM YANGTUO,Stulic,A,5.5,5.5,True,False
1,TEAM YANGTUO,Martinelli T.,P,,,False,True
1,TEAM YANGTUO,Lezzerini,P,,,False,True
1,TEAM YANGTUO,Olivera,D,6.0,6.0,False,True
1,TEAM YANGTUO,Dodò,D,6.0,6.0,False,True
1,TEAM YANGTUO,Barbieri,D,,,False,True
1,TEAM YANGTUO,Locatelli,C,6.5,6.0,True,True
1,TEAM YANGTUO,Lobotka,C,6.0,6.0,False,True
1,TEAM YANGTUO,Rowe,C,6.0,6.0,False,True
1,TEAM YANGTUO,Krstovic,A,6.5,8.5,False,True
1,TEAM YANGTUO,Nkunku,A,,,False,True
1,TEAM YANGTUO,Dia,A,5.5,5.5,False,True
1,NO ONE,Falcone,P,5.5,1.5,True,False
1,NO ONE,Angelino,D,5.5,5.0,True,False
1,NO ONE,N'Dicka,D,6.0,6.0,True,False
1,NO ONE,Acerbi,D,6.0,6.0,True,False
1,NO ONE,Akanji,D,6.0,6.0,True,False
1,NO ONE,Zappacosta,D,,,False,False
1,NO ONE,Malinovskyi,C,5.5,5.0,True,False
1,NO ONE,Casadei,C,6.0,6.0,True,False
1,NO ONE,Gaetano,C,6.0,6.0,True,False
1,NO ONE,Kean,A,5.5,5.5,True,False
1,NO ONE,Dybala,A,5.5,5.5,True,False
1,NO ONE,Fruchtl,P,,,False,True
1,NO ONE,Samooja,P,,,False,True
1,NO ONE,Bisseck,D,,,False,True
1,NO ONE,Biraghi,D,6.0,6.0,True,True
1,NO ONE,Ismajli,D,6.0,5.5,False,True
1,NO ONE,Barella,C,5.5,5.5,False,True
1,NO ONE,Baturina,C,,,False,True
1,NO ONE,Samardzic,C,6.0,6.0,False,True
1,NO ONE,Fazzini,C,6.5,6.5,False,True
1,NO ONE,Ricci S.,C,6.5,6.5,False,True
1,NO ONE,Meister,A,6.0,6.0,False,True
1,NO ONE,Leao,A,,,False,True
1,NO ONE,Luvumbo,A,,,False,True
1,NO ONE,Lukaku,A,,,False,True
1,TEAM WOLFLING,Di Gregorio,P,6.0,3.0,True,False
1,TEAM WOLFLING,Dimarco,D,6.5,7.5,True,False
1,TEAM WOLFLING,Baschirotto,D,5.0,5.0,True,False
1,TEAM WOLFLING,Di Lorenzo,D,6.5,6.5,True,False
1,TEAM WOLFLING,Vazquez,C,6.0,6.0,True,False
1,TEAM WOLFLING,Mandragora,C,6.0,6.0,True,False
1,TEAM WOLFLING,McTominay,C,6.5,6.5,True,False
1,TEAM WOLFLING,Atta,C,7.0,7.0,True,False
1,TEAM WOLFLING,Douvikas,A,6.0,6.0,True,False
1,TEAM WOLFLING,Berardi,A,6.5,6.5,True,False
1,TEAM WOLFLING,Vardy,A,6.0,6.0,True,False
1,TEAM WOLFLING,Perin,P,,,False,True
1,TEAM WOLFLING,Pinsoglio,P,,,False,True
1,TEAM WOLFLING,Gatti,D,6.0,6.0,False,True
1,TEAM WOLFLING,Pavlovic,D,6.0,6.0,False,True
1,TEAM WOLFLING,Comuzzo,D,5.0,5.0,False,True
1,TEAM WOLFLING,Bianchetti,D,5.5,5.5,False,True
1,TEAM WOLFLING,Veiga D.,D,6.0,6.5,False,True
1,TEAM WOLFLING,Zalewski,C,7.5,10.5,False,True
1,TEAM WOLFLING,Asllani,C,6.5,6.0,False,True
1,TEAM WOLFLING,Frattesi,C,,,False,True
1,TEAM WOLFLING,Piccoli,A,5.5,5.5,False,True
1,TEAM WOLFLING,Pedro,A,6.0,6.0,False,True
1,TEAM WOLFLING,Buksa,A,6.0,6.0,False,True
1,ZLZ AND HIS FRIENDS,Skorupski,P,6.0,4.5,True,False
1,ZLZ AND HIS FRIENDS,Miranda J.,D,5.5,5.0,True,False
1,ZLZ AND HIS FRIENDS,Martin,D,6.0,6.0,True,False
1,ZLZ AND HIS FRIENDS,Ramon,D,5.5,4.5,True,False
1,ZLZ AND HIS FRIENDS,Dumfries,D,6.0,6.0,True,False
1,ZLZ AND HIS FRIENDS,Mkhitaryan,C,5.5,5.0,True,False
1,ZLZ AND HIS FRIENDS,Zaccagni,C,6.5,6.5,True,False
1,ZLZ AND HIS FRIENDS,Sucic P.,C,,,False,False
1,ZLZ AND HIS FRIENDS,Pulisic,C,7.0,7.0,True,False
1,ZLZ AND HIS FRIENDS,Bonny,A,5.5,5.5,True,False
1,ZLZ AND HIS FRIENDS,Thuram,A,7.0,9.0,True,False
1,ZLZ AND HIS FRIENDS,Leali,P,6.5,5.5,False,True
1,ZLZ AND HIS FRIENDS,Ravaglia F.,P,,,False,True
1,ZLZ AND HIS FRIENDS,Gabbia,D,6.5,6.5,False,True
1,ZLZ AND HIS FRIENDS,Marusic,D,6.0,5.5,False,True
1,ZLZ AND HIS FRIENDS,Kristensen T.,D,7.0,7.0,False,True
1,ZLZ AND HIS FRIENDS,Idzes,D,6.5,6.5,False,True
1,ZLZ AND HIS FRIENDS,Zaniolo,C,5.5,5.5,True,True
1,ZLZ AND HIS FRIENDS,Freuler,C,5.5,5.5,False,True
1,ZLZ AND HIS FRIENDS,Frendrup,C,5.5,5.5,False,True
1,ZLZ AND HIS FRIENDS,Neres,C,6.0,6.0,False,True
1,ZLZ AND HIS FRIENDS,Lang,A,,,False,True
1,ZLZ AND HIS FRIENDS,Bonazzoli,A,5.5,5.5,False,True
1,ZLZ AND HIS FRIENDS,Colombo,A,5.0,5.0,False,True
1,ZLZ AND HIS FRIENDS,Almqvist,A,5.5,5.5,False,True
1,WINNING MOMENT,Svilar,P,6.5,5.5,True,False
1,WINNING MOMENT,Estupinan,D,6.0,5.5,True,False
1,WINNING MOMENT,Kalulu,D,5.5,5.5,True,False
1,WINNING MOMENT,Tomori,D,6.0,5.5,True,False
1,WINNING MOMENT,Koopmeiners,C,5.0,4.5,True,False
1,WINNING MOMENT,Perrone,C,5.5,5.5,True,False
1,WINNING MOMENT,Pasalic,C,6.5,6.5,True,False
1,WINNING MOMENT,Modric,C,7.5,11.5,True,False
1,WINNING MOMENT,David,A,6.5,7.5,True,False
1,WINNING MOMENT,Hojlund,A,7.0,10.0,True,False
1,WINNING MOMENT,Soulè,A,6.5,6.5,True,False
1,WINNING MOMENT,Gollini,P,,,False,True
1,WINNING MOMENT,Zelezny,P,,,False,True
1,WINNING MOMENT,Carlos Augusto,D,6.5,7.5,False,True
1,WINNING MOMENT,Sabelli,D,6.0,6.0,False,True
1,WINNING MOMENT,Moreno Alb.,D,,,False,True
1,WINNING MOMENT,Darmian,D,,,False,True
1,WINNING MOMENT,Ahanor,D,,,False,True
1,WINNING MOMENT,Elmas,C,6.0,6.0,False,True
1,WINNING MOMENT,Isaksen,C,,,False,True
1,WINNING MOMENT,Anjorin,C,,,False,True
1,WINNING MOMENT,Messias,C,6.5,6.5,False,True
1,WINNING MOMENT,Ngonge,A,6.0,7.0,False,True
1,WINNING MOMENT,Adams C.,A,6.0,6.0,False,True
1,WINNING MOMENT,Dominguez B.,A,,,False,True
2,SEPTWOLVES,Carnesecchi,P,7.0,10.0,True,False
2,SEPTWOLVES,Rrahmani,D,,,False,False
2,SEPTWOLVES,Hien,D,6.0,6.0,True,False
2,SEPTWOLVES,Kossounou,D,6.0,6.0,True,False
2,SEPTWOLVES,Cabal,D,,,False,False
2,SEPTWOLVES,Orsolini,C,6.5,10.5,True,False
2,SEPTWOLVES,Sohm,C,5.5,5.0,True,False
2,SEPTWOLVES,Zambo Anguissa,C,6.0,6.0,True,False
2,SEPTWOLVES,Folorunsho,C,6.5,6.5,True,False
2,SEPTWOLVES,De Ketelaere,A,,,False,False
2,SEPTWOLVES,Ferguson E.,A,6.0,6.0,True,False
2,SEPTWOLVES,Castellanos,A,6.0,6.0,True,True
2,SEPTWOLVES,Dovbyk,A,5.5,5.5,False,True
2,SEPTWOLVES,Cutrone,A,5.5,5.5,False,True
2,SEPTWOLVES,Cancellieri,A,,,False,True
2,SEPTWOLVES,Bernabè,C,6.5,6.5,False,True
2,SEPTWOLVES,Guendouzi,C,6.0,5.0,False,True
2,SEPTWOLVES,Rovella,C,6.0,6.0,False,True
2,SEPTWOLVES,Lovric,C,,,False,True
2,SEPTWOLVES,Rossi F.,P,,,False,True
2,SEPTWOLVES,Sportiello,P,,,False,True
2,SEPTWOLVES,Wesley,D,,,False,True
2,SEPTWOLVES,Juan Jesus,D,,,False,True
2,SEPTWOLVES,Lovik,D,,,False,True
2,SEPTWOLVES,Floriani Mussolini,D,6.0,6.0,True,True
2,ETHANANITA,Caprile,P,6.5,5.5,True,False
2,ETHANANITA,Cambiaso,D,5.5,5.5,True,False
2,ETHANANITA,Joao Mario,D,5.0,5.0,True,False
2,ETHANANITA,Mina,D,6.5,6.5,True,False
2,ETHANANITA,Palestra,D,7.0,8.0,True,False
2,ETHANANITA,Conceicao,C,7.0,9.0,True,False
2,ETHANANITA,Vlasic,C,5.5,5.5,True,False
2,ETHANANITA,Politano,C,6.5,6.5,True,False
2,ETHANANITA,Openda,A,6.0,6.0,True,False
2,ETHANANITA,Vlahovic,A,5.5,5.5,True,False
2,ETHANANITA,Davis K.,A,5.5,5.5,True,False
2,ETHANANITA,Butez,P,6.0,5.0,False,True
2,ETHANANITA,Semper,P,5.5,2.5,False,True
2,ETHANANITA,Tiago Gabriel,D,6.0,7.5,False,True
2,ETHANANITA,Vojvoda,D,5.5,5.0,False,True
2,ETHANANITA,Doig,D,6.0,6.0,False,True
2,ETHANANITA,Angori,D,6.5,7.5,False,True
2,ETHANANITA,Odgaard,C,,,False,True
2,ETHANANITA,Stanciu,C,,,False,True
2,ETHANANITA,Loftus-Cheek,C,6.5,6.5,False,True
2,ETHANANITA,Da Cunha,C,,,False,True
2,ETHANANITA,Tourè I.,C,,,False,True
2,ETHANANITA,Zapata D.,A,5.0,3.0,False,True
2,ETHANANITA,Pellegrino M.,A,6.0,6.0,False,True
2,ETHANANITA,Lucca,A,7.0,10.0,False,True
2,TEAM WOLFLING,Di Gregorio,P,6.5,5.5,True,False
2,TEAM WOLFLING,Dimarco,D,7.0,8.5,True,False
2,TEAM WOLFLING,Baschirotto,D,6.5,6.5,True,False
2,TEAM WOLFLING,Di Lorenzo,D,5.0,5.0,True,False
2,TEAM WOLFLING,Zalewski,C,,,False,False
2,TEAM WOLFLING,Mandragora,C,7.0,9.0,True,False
2,TEAM WOLFLING,McTominay,C,6.5,7.5,True,False
2,TEAM WOLFLING,Atta,C,6.0,5.5,True,False
2,TEAM WOLFLING,Vazquez,C,6.5,6.5,True,False
2,TEAM WOLFLING,Vardy,A,,,False,False
2,TEAM WOLFLING,Berardi,A,6.5,7.5,True,False
2,TEAM WOLFLING,Perin,P,,,False,True
2,TEAM WOLFLING,Pinsoglio,P,,,False,True
2,TEAM WOLFLING,Gatti,D,6.0,5.5,False,True
2,TEAM WOLFLING,Pavlovic,D,6.5,6.5,False,True
2,TEAM WOLFLING,Comuzzo,D,,,False,True
2,TEAM WOLFLING,Bianchetti,D,6.0,6.0,False,True
2,TEAM WOLFLING,Veiga D.,D,,,False,True
2,TEAM WOLFLING,Frattesi,C,6.0,6.0,True,True
2,TEAM WOLFLING,Asllani,C,5.0,5.0,False,True
2,TEAM WOLFLING,Volpato,C,6.0,6.0,False,True
2,TEAM WOLFLING,Pedro,A,6.0,6.0,True,True
2,TEAM WOLFLING,Douvikas,A,5.5,5.5,False,True
2,TEAM WOLFLING,Piccoli,A,5.0,5.0,False,True
2,TEAM WOLFLING,Buksa,A,5.5,5.5,False,True
2,ZLZ AND HIS FRIENDS,Skorupski,P,6.5,5.5,True,False
2,ZLZ AND HIS FRIENDS,Miranda J.,D,5.5,5.5,True,False
2,ZLZ AND HIS FRIENDS,Martin,D,6.0,6.0,True,False
2,ZLZ AND HIS FRIENDS,Kristensen T.,D,5.0,5.0,True,False
2,ZLZ AND HIS FRIENDS,Dumfries,D,6.0,6.0,True,False
2,ZLZ AND HIS FRIENDS,Mkhitaryan,C,,,False,False
2,ZLZ AND HIS FRIENDS,Zaccagni,C,5.5,5.5,True,False
2,ZLZ AND HIS FRIENDS,Sucic P.,C,7.0,8.0,True,False
2,ZLZ AND HIS FRIENDS,Pulisic,C,8.5,15.5,True,False
2,ZLZ AND HIS FRIENDS,Bonny,A,6.0,6.0,True,False
2,ZLZ AND HIS FRIENDS,Thuram,A,6.0,6.0,True,False
2,ZLZ AND HIS FRIENDS,Leali,P,6.5,4.5,False,True
2,ZLZ AND HIS FRIENDS,Ravaglia F.,P,,,False,True
2,ZLZ AND HIS FRIENDS,Gabbia,D,6.0,6.0,False,True
2,ZLZ AND HIS FRIENDS,Marusic,D,6.0,6.0,False,True
2,ZLZ AND HIS FRIENDS,Idzes,D,6.0,6.0,False,True
2,ZLZ AND HIS FRIENDS,Freuler,C,6.0,6.0,True,True
2,ZLZ AND HIS FRIENDS,Neres,C,,,False,True
2,ZLZ AND HIS FRIENDS,Zaniolo,C,6.0,6.0,False,True
2,ZLZ AND HIS FRIENDS,Frendrup,C,6.0,6.0,False,True
2,ZLZ AND HIS FRIENDS,Lang,A,,,False,True
2,ZLZ AND HIS FRIENDS,Bonazzoli,A,,,False,True
2,ZLZ AND HIS FRIENDS,Colombo,A,5.5,5.5,False,True
2,ZLZ AND HIS FRIENDS,Almqvist,A,6.0,6.0,False,True
2,TEAM YANGTUO,De Gea,P,6.0,4.0,True,False
2,TEAM YANGTUO,Dodò,D,5.5,5.0,True,False
2,TEAM YANGTUO,Solet,D,5.5,5.5,True,False
2,TEAM YANGTUO,Hermoso,D,,,False,False
2,TEAM YANGTUO,Zortea,D,5.5,5.5,True,False
2,TEAM YANGTUO,Locatelli,C,5.5,5.5,True,False
2,TEAM YANGTUO,Rowe,C,,,False,False
2,TEAM YANGTUO,Calhanoglu,C,6.0,5.5,True,False
2,TEAM YANGTUO,Gimenez,A,5.5,5.5,True,False
2,TEAM YANGTUO,Castro S.,A,7.0,9.0,True,False
2,TEAM YANGTUO,Stulic,A,5.0,5.0,True,False
2,TEAM YANGTUO,Martinelli T.,P,,,False,True
2,TEAM YANGTUO,Lezzerini,P,,,False,True
2,TEAM YANGTUO,Olivera,D,,,False,True
2,TEAM YANGTUO,Lobotka,C,6.0,6.5,True,True
2,TEAM YANGTUO,Barbieri,D,,,False,True
2,TEAM YANGTUO,Krstovic,A,7.5,13.5,False,True
2,TEAM YANGTUO,Nkunku,A,6.0,6.0,False,True
2,TEAM YANGTUO,Dia,A,5.0,5.0,False,True
2,TEAM YANGTUO,Gutierrez,D,,,False,True
2,TEAM YANGTUO,Zhegrova,C,,,False,True
2,TEAM YANGTUO,Stengs,C,,,False,True
2,TEAM YANGTUO,Tramoni M.,C,5.5,5.5,False,True
2,NO ONE,Falcone,P,6.5,4.5,True,False
2,NO ONE,Angelino,D,6.0,6.0,True,False
2,NO ONE,N'Dicka,D,6.0,5.5,True,False
2,NO ONE,Acerbi,D,6.0,6.0,True,False
2,NO ONE,Akanji,D,6.0,6.0,True,False
2,NO ONE,Fazzini,C,5.5,5.5,True,False
2,NO ONE,Barella,C,6.0,6.0,True,False
2,NO ONE,Casadei,C,5.5,5.5,True,False
2,NO ONE,Gaetano,C,6.0,6.0,True,False
2,NO ONE,Malinovskyi,C,6.5,7.5,True,False
2,NO ONE,Kean,A,5.5,5.5,True,False
2,NO ONE,Fruchtl,P,,,False,True
2,NO ONE,Samooja,P,,,False,True
2,NO ONE,Bisseck,D,,,False,True
2,NO ONE,Zappacosta,D,6.5,7.0,False,True
2,NO ONE,Biraghi,D,5.0,5.0,False,True
2,NO ONE,Ismajli,D,5.0,5.0,False,True
2,NO ONE,Samardzic,C,7.0,8.0,False,True
2,NO ONE,Ricci S.,C,6.0,6.0,False,True
2,NO ONE,Baturina,C,,,False,True
2,NO ONE,Meister,A,5.5,5.5,False,True
2,NO ONE,Leao,A,,,False,True
2,NO ONE,Luvumbo,A,,,False,True
2,NO ONE,Lukaku,A,,,False,True
2,NO ONE,Dybala,A,,,False,True
2,ETERNITY,Sommer,P,,,False,False
2,ETERNITY,Gosens,D,5.5,5.5,True,False
2,ETERNITY,Ranieri L.,D,6.0,5.5,True,False
2,ETERNITY,Lazaro,D,5.0,5.0,True,False
2,ETERNITY,Bellanova,D,6.5,6.5,True,False
2,ETERNITY,Rabiot,C,7.0,8.0,True,False
2,ETERNITY,De Bruyne,C,5.5,5.5,True,False
2,ETERNITY,Saelemaekers,C,7.0,7.0,True,False
2,ETERNITY,Simeone,A,6.0,6.0,True,False
2,ETERNITY,Martinez L.,A,6.0,6.0,True,False
2,ETERNITY,Pinamonti,A,6.0,6.0,True,False
2,ETERNITY,Provedel,P,6.5,5.5,True,True
2,ETERNITY,Mandas,P,,,False,True
2,ETERNITY,Tavares N.,D,5.0,5.0,False,True
2,ETERNITY,Pezzella Giu.,D,6.0,5.5,False,True
2,ETERNITY,Lykogiannis,D,,,False,True
2,ETERNITY,Lucumì,D,,,False,True
2,ETERNITY,Gudmundsson A.,C,,,False,True
2,ETERNITY,Maldini,C,,,False,True
2,ETERNITY,McKennie,C,,,False,True
2,ETERNITY,Camarda,A,6.0,6.0,False,True
2,ETERNITY,Esposito F.P.,A,6.5,6.5,False,True
2,XIAWA NO.92,Terracciano,P,6.0,7.0,True,False
2,XIAWA NO.92,Spinazzola,D,7.5,11.0,True,False
2,XIAWA NO.92,Buongiorno,D,6.5,6.5,True,False
2,XIAWA NO.92,Luperto,D,5.5,5.5,True,False
2,XIAWA NO.92,Valeri,D,6.0,6.0,True,False
2,XIAWA NO.92,Oristanio,C,6.0,6.0,True,False
2,XIAWA NO.92,Paz N.,C,7.0,8.5,True,False
2,XIAWA NO.92,Thuram K.,C,6.0,6.0,True,False
2,XIAWA NO.92,Nicolussi Caviglia,C,5.5,5.5,True,False
2,XIAWA NO.92,Rodriguez Je.,A,6.5,6.5,True,False
2,XIAWA NO.92,Esposito Se.,A,6.5,6.0,True,False
2,XIAWA NO.92,Maignan,P,,,False,True
2,XIAWA NO.92,Torriani,P,,,False,True
2,XIAWA NO.92,Vasquez,D,6.0,6.0,False,True
2,XIAWA NO.92,Delprato,D,6.0,6.0,False,True
2,XIAWA NO.92,Terracciano F.,D,6.0,6.0,False,True
2,XIAWA NO.92,Canestrelli,D,5.5,5.5,False,True
2,XIAWA NO.92,Zerbin,C,5.5,5.5,False,True
2,XIAWA NO.92,Vandeputte,C,5.5,5.5,False,True
2,XIAWA NO.92,Fofana Y.,C,7.0,9.0,False,True
2,XIAWA NO.92,Collocolo,C,,,False,True
2,XIAWA NO.92,Giovane,A,6.0,6.0,False,True
2,XIAWA NO.92,Dzeko,A,6.0,6.0,False,True
2,XIAWA NO.92,Laurientè,A,6.0,6.0,False,True
2,WINNING MOMENT,Svilar,P,6.0,7.0,True,False
2,WINNING MOMENT,Estupinan,D,6.5,6.5,True,False
2,WINNING MOMENT,Tomori,D,6.5,6.5,True,False
2,WINNING MOMENT,Kalulu,D,6.0,6.0,True,False
2,WINNING MOMENT,Carlos Augusto,D,6.5,7.5,True,False
2,WINNING MOMENT,Pasalic,C,6.0,6.0,True,False
2,WINNING MOMENT,Modric,C,7.0,7.0,True,False
2,WINNING MOMENT,Elmas,C,5.5,5.5,True,False
2,WINNING MOMENT,David,A,6.0,6.0,True,False
2,WINNING MOMENT,Hojlund,A,5.5,5.5,True,False
2,WINNING MOMENT,Soulè,A,6.5,7.5,True,False
2,WINNING MOMENT,Gollini,P,,,False,True
2,WINNING MOMENT,Zelezny,P,,,False,True
2,WINNING MOMENT,Sabelli,D,,,False,True
2,WINNING MOMENT,Darmian,D,,,False,True
2,WINNING MOMENT,Moreno Alb.,D,,,False,True
2,WINNING MOMENT,Ahanor,D,6.5,6.5,False,True
2,WINNING MOMENT,Anjorin,C,,,False,True
2,WINNING MOMENT,Isaksen,C,,,False,True
2,WINNING MOMENT,Koopmeiners,C,5.5,5.0,False,True
2,WINNING MOMENT,Perrone,C,6.0,6.0,False,True
2,WINNING MOMENT,Messias,C,,,False,True
2,WINNING MOMENT,Ngonge,A,,,False,True
2,WINNING MOMENT,Adams C.,A,5.5,5.5,False,True
2,WINNING MOMENT,Dominguez B.,A,5.5,5.5,False,True
2,GOODBYE,Meret,P,6.5,4.5,True,False
2,GOODBYE,Bastoni,D,,,False,False
2,GOODBYE,Bremer,D,,,False,False
2,GOODBYE,Mancini,D,6.0,6.0,True,False
2,GOODBYE,El Shaarawy,C,,,False,False
2,GOODBYE,Cristante,C,6.0,6.0,True,False
2,GOODBYE,Konè M.,C,7.0,7.0,True,False
2,GOODBYE,Pellegrini Lo.,C,7.0,11.0,True,False
2,GOODBYE,Yildiz,A,6.0,6.0,True,False
2,GOODBYE,Lookman,A,,,False,False
2,GOODBYE,Cambiaghi,A,7.0,8.0,True,False
2,GOODBYE,Milinkovic-Savic V.,P,,,False,True
2,GOODBYE,Vasquez D.,P,,,False,True
2,GOODBYE,Valle,D,6.0,6.0,True,True
2,GOODBYE,Tsimikas,D,,,False,True
2,GOODBYE,Ziolkowski,D,,,False,True
2,GOODBYE,Ghilardi,D,,,False,True
2,GOODBYE,El Aynaoui,C,,,False,True
2,GOODBYE,Zielinski,C,,,False,True
2,GOODBYE,Rog,C,,,False,True
2,GOODBYE,Kaba,C,5.5,5.5,True,True
2,GOODBYE,Morata,A,5.5,5.5,True,True
2,GOODBYE,Scamacca,A,,,False,True
3,ETHANANITA,Butez,P,6.0,5.0,True,False
3,ETHANANITA,Cambiaso,D,6.0,6.0,True,False
3,ETHANANITA,Palestra,D,6.0,6.0,True,False
3,ETHANANITA,Doig,D,6.0,6.0,True,False
3,ETHANANITA,Vojvoda,D,,,False,False
3,ETHANANITA,Vlasic,C,5.0,5.0,True,False
3,ETHANANITA,Stanciu,C,5.5,5.5,True,False
3,ETHANANITA,Da Cunha,C,6.0,5.5,True,False
3,ETHANANITA,Pellegrino M.,A,7.5,13.0,True,False
3,ETHANANITA,Openda,A,5.0,5.0,True,False
3,ETHANANITA,Davis K.,A,7.0,9.0,True,False
3,ETHANANITA,Caprile,P,6.5,4.5,False,True
3,ETHANANITA,Semper,P,6.0,7.0,False,True
3,ETHANANITA,Joao Mario,D,6.0,7.0,True,True
3,ETHANANITA,Angori,D,,,False,True
3,ETHANANITA,Mina,D,5.5,5.5,False,True
3,ETHANANITA,Tiago Gabriel,D,5.5,5.5,False,True
3,ETHANANITA,Politano,C,6.0,6.0,False,True
3,ETHANANITA,Loftus-Cheek,C,6.0,6.0,False,True
3,ETHANANITA,Tourè I.,C,6.5,6.5,False,True
3,ETHANANITA,Odgaard,C,7.0,9.0,False,True
3,ETHANANITA,Lucca,A,5.5,5.5,False,True
3,ETHANANITA,Zapata D.,A,,,False,True
3,ETHANANITA,Vlahovic,A,5.5,5.5,False,True
3,ETHANANITA,Conceicao,C,,,False,True
3,WINNING MOMENT,Svilar,P,7.0,8.0,True,False
3,WINNING MOMENT,Estupinan,D,5.0,4.0,True,False
3,WINNING MOMENT,Tomori,D,5.5,5.5,True,False
3,WINNING MOMENT,Kalulu,D,6.5,6.5,True,False
3,WINNING MOMENT,Carlos Augusto,D,6.0,5.5,True,False
3,WINNING MOMENT,Isaksen,C,,,False,False
3,WINNING MOMENT,Modric,C,7.0,7.0,True,False
3,WINNING MOMENT,Perrone,C,6.0,5.5,True,False
3,WINNING MOMENT,David,A,,,False,False
3,WINNING MOMENT,Hojlund,A,5.5,5.5,True,False
3,WINNING MOMENT,Soulè,A,6.5,8.5,True,False
3,WINNING MOMENT,Gollini,P,,,False,True
3,WINNING MOMENT,Zelezny,P,,,False,True
3,WINNING MOMENT,Darmian,D,,,False,True
3,WINNING MOMENT,Ahanor,D,6.5,6.5,False,True
3,WINNING MOMENT,Sabelli,D,,,False,True
3,WINNING MOMENT,Moreno Alb.,D,,,False,True
3,WINNING MOMENT,Pasalic,C,6.0,6.0,True,True
3,WINNING MOMENT,Koopmeiners,C,6.0,6.0,False,True
3,WINNING MOMENT,Elmas,C,6.0,6.0,False,True
3,WINNING MOMENT,Anjorin,C,,,False,True
3,WINNING MOMENT,Ngonge,A,7.5,9.0,True,True
3,WINNING MOMENT,Adams C.,A,,,False,True
3,WINNING MOMENT,Dominguez B.,A,,,False,True
3,GOODBYE,Meret,P,6.0,4.0,True,False
3,GOODBYE,Bastoni,D,7.0,9.0,True,False
3,GOODBYE,Bremer,D,5.5,5.5,True,False
3,GOODBYE,Mancini,D,6.0,6.0,True,False
3,GOODBYE,Tsimikas,D,6.0,6.0,True,False
3,GOODBYE,Pellegrini Lo.,C,6.0,6.0,True,False
3,GOODBYE,Cristante,C,6.0,6.0,True,False
3,GOODBYE,Konè M.,C,6.5,6.5,True,False
3,GOODBYE,El Aynaoui,C,,,False,False
3,GOODBYE,Morata,A,,,False,False
3,GOODBYE,Yildiz,A,6.0,6.0,True,False
3,GOODBYE,Milinkovic-Savic V.,P,,,False,True
3,GOODBYE,Vasquez D.,P,,,False,True
3,GOODBYE,Valle,D,6.0,6.0,False,True
3,GOODBYE,Ghilardi,D,,,False,True
3,GOODBYE,Ziolkowski,D,6.0,6.0,False,True
3,GOODBYE,El Shaarawy,C,,,False,True
3,GOODBYE,Zielinski,C,,,False,True
3,GOODBYE,Rog,C,,,False,True
3,GOODBYE,Kaba,C,,,False,True
3,GOODBYE,Cambiaghi,A,6.0,6.0,True,True
3,GOODBYE,Lookman,A,,,False,True
3,GOODBYE,Scamacca,A,,,False,True
3,TEAM WOLFLING,Di Gregorio,P,6.0,5.0,True,False
3,TEAM WOLFLING,Dimarco,D,7.0,8.0,True,False
3,TEAM WOLFLING,Baschirotto,D,7.0,9.5,True,False
3,TEAM WOLFLING,Di Lorenzo,D,6.0,6.0,True,False
3,TEAM WOLFLING,Vazquez,C,6.5,7.5,True,False
3,TEAM WOLFLING,Mandragora,C,5.5,5.5,True,False
3,TEAM WOLFLING,McTominay,C,6.0,6.0,True,False
3,TEAM WOLFLING,Atta,C,6.0,6.0,True,False
3,TEAM WOLFLING,Douvikas,A,6.5,6.5,True,False
3,TEAM WOLFLING,Vardy,A,,,False,False
3,TEAM WOLFLING,Berardi,A,7.0,8.0,True,False
3,TEAM WOLFLING,Perin,P,,,False,True
3,TEAM WOLFLING,Pinsoglio,P,,,False,True
3,TEAM WOLFLING,Comuzzo,D,,,False,True
3,TEAM WOLFLING,Pavlovic,D,6.5,6.5,False,True
3,TEAM WOLFLING,Gatti,D,5.5,5.5,False,True
3,TEAM WOLFLING,Bianchetti,D,6.5,6.5,False,True
3,TEAM WOLFLING,Veiga D.,D,6.0,6.0,False,True
3,TEAM WOLFLING,Frattesi,C,6.0,6.0,False,True
3,TEAM WOLFLING,Asllani,C,6.0,6.0,False,True
3,TEAM WOLFLING,Volpato,C,,,False,True
3,TEAM WOLFLING,Piccoli,A,6.0,6.0,True,True
3,TEAM WOLFLING,Pedro,A,,,False,True
3,TEAM WOLFLING,Buksa,A,,,False,True
3,XIAWA NO.92,Maignan,P,7.0,6.0,True,False
3,XIAWA NO.92,Spinazzola,D,,,False,False
3,XIAWA NO.92,Delprato,D,6.0,5.5,True,False
3,XIAWA NO.92,Vasquez,D,5.0,4.5,True,False
3,XIAWA NO.92,Valeri,D,7.0,8.0,True,False
3,XIAWA NO.92,Oristanio,C,5.0,5.0,True,False
3,XIAWA NO.92,Paz N.,C,7.0,10.0,True,False
3,XIAWA NO.92,Thuram K.,C,5.5,5.5,True,False
3,XIAWA NO.92,Nicolussi Caviglia,C,5.5,5.5,True,False
3,XIAWA NO.92,Rodriguez Je.,A,5.0,5.0,True,False
3,XIAWA NO.92,Esposito Se.,A,6.0,6.0,True,False
3,XIAWA NO.92,Terracciano,P,,,False,True
3,XIAWA NO.92,Torriani,P,,,False,True
3,XIAWA NO.92,Luperto,D,5.5,5.5,True,True
3,XIAWA NO.92,Canestrelli,D,6.0,6.0,False,True
3,XIAWA NO.92,Terracciano F.,D,5.5,5.5,False,True
3,XIAWA NO.92,Fofana Y.,C,6.5,7.5,False,True
3,XIAWA NO.92,Zerbin,C,5.5,5.5,False,True
3,XIAWA NO.92,Vandeputte,C,6.0,6.0,False,True
3,XIAWA NO.92,Collocolo,C,,,False,True
3,XIAWA NO.92,Giovane,A,5.0,5.0,False,True
3,XIAWA NO.92,Laurientè,A,7.5,11.5,False,True
3,XIAWA NO.92,Dzeko,A,,,False,True
3,SEPTWOLVES,Carnesecchi,P,6.5,6.5,True,False
3,SEPTWOLVES,Lovik,D,,,False,False
3,SEPTWOLVES,Rrahmani,D,,,False,False
3,SEPTWOLVES,Wesley,D,5.5,5.5,True,False
3,SEPTWOLVES,Orsolini,C,6.5,8.5,True,False
3,SEPTWOLVES,Sohm,C,,,False,False
3,SEPTWOLVES,Zambo Anguissa,C,5.5,5.5,True,False
3,SEPTWOLVES,Bernabè,C,6.0,6.0,True,False
3,SEPTWOLVES,De Ketelaere,A,6.0,6.0,True,False
3,SEPTWOLVES,Ferguson E.,A,6.0,6.0,True,False
3,SEPTWOLVES,Castellanos,A,7.5,10.5,True,False
3,SEPTWOLVES,Dovbyk,A,7.0,10.0,False,True
3,SEPTWOLVES,Cutrone,A,5.5,5.5,False,True
3,SEPTWOLVES,Cancellieri,A,7.5,11.5,False,True
3,SEPTWOLVES,Lovric,C,,,False,True
3,SEPTWOLVES,Folorunsho,C,6.0,6.0,True,True
3,SEPTWOLVES,Guendouzi,C,,,False,True
3,SEPTWOLVES,Rovella,C,,,False,True
3,SEPTWOLVES,Rossi F.,P,,,False,True
3,SEPTWOLVES,Sportiello,P,,,False,True
3,SEPTWOLVES,Juan Jesus,D,5.5,5.5,True,True
3,SEPTWOLVES,Floriani Mussolini,D,6.0,5.5,True,True
3,SEPTWOLVES,Cabal,D,7.0,10.0,False,True
3,SEPTWOLVES,Hien,D,,,False,True
3,SEPTWOLVES,Kossounou,D,5.0,5.0,False,True
3,ETERNITY,Sommer,P,,,False,False
3,ETERNITY,Gosens,D,6.0,6.0,True,False
3,ETERNITY,Ranieri L.,D,6.0,6.0,True,False
3,ETERNITY,Lazaro,D,6.0,6.0,True,False
3,ETERNITY,Bellanova,D,6.5,6.5,True,False
3,ETERNITY,Rabiot,C,6.5,6.0,True,False
3,ETERNITY,De Bruyne,C,6.5,8.5,True,False
3,ETERNITY,Saelemaekers,C,7.0,9.0,True,False
3,ETERNITY,Simeone,A,5.5,5.5,True,False
3,ETERNITY,Martinez L.,A,7.0,10.0,True,False
3,ETERNITY,Pinamonti,A,6.0,6.0,True,False
3,ETERNITY,Provedel,P,6.5,7.5,True,True
3,ETERNITY,Mandas,P,,,False,True
3,ETERNITY,Tavares N.,D,6.0,6.0,False,True
3,ETERNITY,Pezzella Giu.,D,6.0,6.0,False,True
3,ETERNITY,Lykogiannis,D,,,False,True
3,ETERNITY,Lucumì,D,5.5,5.5,False,True
3,ETERNITY,Gudmundsson A.,C,5.0,5.0,False,True
3,ETERNITY,Maldini,C,,,False,True
3,ETERNITY,McKennie,C,6.0,6.0,False,True
3,ETERNITY,Camarda,A,7.0,10.5,False,True
3,ETERNITY,Esposito F.P.,A,7.0,9.0,False,True
3,TEAM YANGTUO,De Gea,P,6.0,7.0,True,False
3,TEAM YANGTUO,Dodò,D,5.0,5.0,True,False
3,TEAM YANGTUO,Solet,D,6.0,6.0,True,False
3,TEAM YANGTUO,Zortea,D,,,False,False
3,TEAM YANGTUO,Zhegrova,C,6.5,6.5,True,False
3,TEAM YANGTUO,Locatelli,C,,,False,False
3,TEAM YANGTUO,Rowe,C,6.5,6.5,True,False
3,TEAM YANGTUO,Calhanoglu,C,6.5,6.5,True,False
3,TEAM YANGTUO,Gimenez,A,5.5,5.5,True,False
3,TEAM YANGTUO,Castro S.,A,6.0,6.0,True,False
3,TEAM YANGTUO,Dia,A,6.0,6.0,True,False
3,TEAM YANGTUO,Martinelli T.,P,,,False,True
3,TEAM YANGTUO,Lezzerini,P,,,False,True
3,TEAM YANGTUO,Hermoso,D,6.0,6.0,True,True
3,TEAM YANGTUO,Olivera,D,,,False,True
3,TEAM YANGTUO,Tramoni M.,C,5.5,5.5,True,True
3,TEAM YANGTUO,Lobotka,C,6.0,6.0,False,True
3,TEAM YANGTUO,Gutierrez,D,5.5,5.5,False,True
3,TEAM YANGTUO,Barbieri,D,,,False,True
3,TEAM YANGTUO,Krstovic,A,5.5,5.5,False,True
3,TEAM YANGTUO,Nkunku,A,,,False,True
3,TEAM YANGTUO,Stulic,A,5.5,5.5,False,True
3,ZLZ AND HIS FRIENDS,Skorupski,P,6.5,4.5,True,False
3,ZLZ AND HIS FRIENDS,Miranda J.,D,5.0,5.0,True,False
3,ZLZ AND HIS FRIENDS,Kristensen T.,D,5.0,5.0,True,False
3,ZLZ AND HIS FRIENDS,Dumfries,D,6.0,6.0,True,False
3,ZLZ AND HIS FRIENDS,Zaccagni,C,7.0,9.0,True,False
3,ZLZ AND HIS FRIENDS,Mkhitaryan,C,6.5,6.5,True,False
3,ZLZ AND HIS FRIENDS,Zaniolo,C,6.0,5.5,True,False
3,ZLZ AND HIS FRIENDS,Pulisic,C,8.0,13.0,True,False
3,ZLZ AND HIS FRIENDS,Neres,C,6.5,6.5,True,False
3,ZLZ AND HIS FRIENDS,Thuram,A,6.5,6.5,True,False
3,ZLZ AND HIS FRIENDS,Bonny,A,,,False,False
3,ZLZ AND HIS FRIENDS,Leali,P,6.0,3.0,False,True
3,ZLZ AND HIS FRIENDS,Ravaglia F.,P,,,False,True
3,ZLZ AND HIS FRIENDS,Marusic,D,6.5,7.5,False,True
3,ZLZ AND HIS FRIENDS,Martin,D,5.5,5.5,False,True
3,ZLZ AND HIS FRIENDS,Gabbia,D,6.0,6.0,False,True
3,ZLZ AND HIS FRIENDS,Ramon,D,6.0,5.5,False,True
3,ZLZ AND HIS FRIENDS,Idzes,D,6.0,6.0,False,True
3,ZLZ AND HIS FRIENDS,Sucic P.,C,,,False,True
3,ZLZ AND HIS FRIENDS,Frendrup,C,5.0,5.0,False,True
3,ZLZ AND HIS FRIENDS,Freuler,C,,,False,True
3,ZLZ AND HIS FRIENDS,Colombo,A,5.0,5.0,True,True
3,ZLZ AND HIS FRIENDS,Lang,A,6.0,6.0,False,True
3,ZLZ AND HIS FRIENDS,Almqvist,A,,,False,True
3,ZLZ AND HIS FRIENDS,Bonazzoli,A,6.0,6.0,False,True
3,NO ONE,Falcone,P,6.5,4.5,True,False
3,NO ONE,Angelino,D,6.0,6.0,True,False
3,NO ONE,Biraghi,D,5.5,5.5,True,False
3,NO ONE,N'Dicka,D,5.5,5.5,True,False
3,NO ONE,Acerbi,D,,,False,False
3,NO ONE,Akanji,D,6.5,6.5,True,False
3,NO ONE,Fazzini,C,6.0,6.0,True,False
3,NO ONE,Casadei,C,5.5,5.5,True,False
3,NO ONE,Malinovskyi,C,5.5,5.0,True,False
3,NO ONE,Barella,C,6.5,6.0,True,False
3,NO ONE,Kean,A,5.5,5.0,True,False
3,NO ONE,Fruchtl,P,,,False,True
3,NO ONE,Samooja,P,,,False,True
3,NO ONE,Ismajli,D,5.5,5.5,True,True
3,NO ONE,Bisseck,D,,,False,True
3,NO ONE,Zappacosta,D,6.0,5.5,False,True
3,NO ONE,Samardzic,C,6.5,6.5,False,True
3,NO ONE,Ricci S.,C,,,False,True
3,NO ONE,Gaetano,C,6.0,6.0,False,True
3,NO ONE,Baturina,C,,,False,True
3,NO ONE,Leao,A,5.5,5.5,False,True
3,NO ONE,Meister,A,6.0,6.0,False,True
3,NO ONE,Luvumbo,A,,,False,True
3,NO ONE,Lukaku,A,,,False,True
3,NO ONE,Dybala,A,,,False,True
4,SEPTWOLVES,Carnesecchi,P,6.5,5.5,True,False
4,SEPTWOLVES,Kossounou,D,,,False,False
4,SEPTWOLVES,Hien,D,7.0,7.0,True,False
4,SEPTWOLVES,Wesley,D,6.5,6.0,True,False
4,SEPTWOLVES,Orsolini,C,7.0,9.0,True,False
4,SEPTWOLVES,Rovella,C,,,False,False
4,SEPTWOLVES,Zambo Anguissa,C,7.5,10.5,True,False
4,SEPTWOLVES,Bernabè,C,5.5,5.5,True,False
4,SEPTWOLVES,Cutrone,A,5.5,5.5,True,False
4,SEPTWOLVES,Castellanos,A,6.0,5.5,True,False
4,SEPTWOLVES,Dovbyk,A,6.0,7.0,True,False
4,SEPTWOLVES,De Ketelaere,A,,,False,True
4,SEPTWOLVES,Ferguson E.,A,,,False,True
4,SEPTWOLVES,Cancellieri,A,8.0,13.0,False,True
4,SEPTWOLVES,Lovric,C,,,False,True
4,SEPTWOLVES,Folorunsho,C,6.0,6.0,True,True
4,SEPTWOLVES,Sohm,C,,,False,True
4,SEPTWOLVES,Guendouzi,C,,,False,True
4,SEPTWOLVES,Rossi F.,P,,,False,True
4,SEPTWOLVES,Sportiello,P,,,False,True
4,SEPTWOLVES,Juan Jesus,D,6.0,6.0,True,True
4,SEPTWOLVES,Rrahmani,D,,,False,True
4,SEPTWOLVES,Lovik,D,5.0,5.0,False,True
4,SEPTWOLVES,Cabal,D,,,False,True
4,SEPTWOLVES,Floriani Mussolini,D,4.5,4.5,False,True
4,ETERNITY,Sommer,P,6.0,5.0,True,False
4,ETERNITY,Gosens,D,5.0,5.0,True,False
4,ETERNITY,Tavares N.,D,6.0,6.0,True,False
4,ETERNITY,Lazaro,D,5.5,5.5,True,False
4,ETERNITY,Bellanova,D,,,False,False
4,ETERNITY,Rabiot,C,6.5,6.5,True,False
4,ETERNITY,De Bruyne,C,6.5,6.5,True,False
4,ETERNITY,Saelemaekers,C,6.5,6.5,True,False
4,ETERNITY,Esposito F.P.,A,6.0,6.0,True,False
4,ETERNITY,Martinez L.,A,7.0,9.0,True,False
4,ETERNITY,Pinamonti,A,6.5,7.5,True,False
4,ETERNITY,Provedel,P,6.0,3.0,False,True
4,ETERNITY,Mandas,P,,,False,True
4,ETERNITY,Ranieri L.,D,5.5,5.5,True,True
4,ETERNITY,Lucumì,D,6.5,6.5,False,True
4,ETERNITY,Pezzella Giu.,D,4.5,4.0,False,True
4,ETERNITY,Lykogiannis,D,,,False,True
4,ETERNITY,Ederson D.S.,C,6.0,6.0,False,True
4,ETERNITY,Gudmundsson A.,C,5.0,4.5,False,True
4,ETERNITY,Maldini,C,6.0,6.0,False,True
4,ETERNITY,McKennie,C,5.5,5.5,False,True
4,ETERNITY,Camarda,A,6.0,6.0,False,True
4,ETERNITY,Simeone,A,7.0,9.0,False,True
4,NO ONE,Falcone,P,6.5,7.5,True,False
4,NO ONE,Angelino,D,,,False,False
4,NO ONE,N'Dicka,D,6.0,6.0,True,False
4,NO ONE,Acerbi,D,,,False,False
4,NO ONE,Zappacosta,D,6.0,6.0,True,False
4,NO ONE,Barella,C,7.5,9.5,True,False
4,NO ONE,Samardzic,C,7.0,9.0,True,False
4,NO ONE,Casadei,C,5.5,5.0,True,False
4,NO ONE,Gaetano,C,,,False,False
4,NO ONE,Leao,A,5.0,5.0,True,False
4,NO ONE,Meister,A,5.5,5.5,True,False
4,NO ONE,Fruchtl,P,,,False,True
4,NO ONE,Samooja,P,,,False,True
4,NO ONE,Akanji,D,6.5,6.5,True,True
4,NO ONE,Bisseck,D,,,False,True
4,NO ONE,Biraghi,D,,,False,True
4,NO ONE,Ismajli,D,,,False,True
4,NO ONE,Fazzini,C,5.5,5.5,True,True
4,NO ONE,Malinovskyi,C,5.5,5.0,False,True
4,NO ONE,Ricci S.,C,,,False,True
4,NO ONE,Baturina,C,5.0,5.0,False,True
4,NO ONE,Kean,A,7.0,9.0,False,True
4,NO ONE,Luvumbo,A,6.0,6.0,False,True
4,NO ONE,Lukaku,A,,,False,True
4,NO ONE,Dybala,A,6.0,6.0,False,True
4,GOODBYE,Meret,P,,,False,False
4,GOODBYE,Bastoni,D,6.5,6.5,True,False
4,GOODBYE,Bremer,D,,,False,False
4,GOODBYE,Mancini,D,6.0,6.0,True,False
4,GOODBYE,Tsimikas,D,6.0,5.5,True,False
4,GOODBYE,Pellegrini Lo.,C,6.0,6.0,True,False
4,GOODBYE,Cristante,C,7.0,9.5,True,False
4,GOODBYE,Konè M.,C,6.5,6.5,True,False
4,GOODBYE,Yildiz,A,5.5,5.5,True,False
4,GOODBYE,Lookman,A,5.5,5.5,True,False
4,GOODBYE,Morata,A,5.5,5.5,True,False
4,GOODBYE,Milinkovic-Savic V.,P,6.0,5.0,True,True
4,GOODBYE,Vasquez D.,P,,,False,True
4,GOODBYE,Valle,D,6.0,6.0,True,True
4,GOODBYE,Ghilardi,D,,,False,True
4,GOODBYE,Ziolkowski,D,,,False,True
4,GOODBYE,El Shaarawy,C,,,False,True
4,GOODBYE,El Aynaoui,C,,,False,True
4,GOODBYE,Zielinski,C,,,False,True
4,GOODBYE,Rog,C,,,False,True
4,GOODBYE,Kaba,C,,,False,True
4,GOODBYE,Cambiaghi,A,8.0,13.0,False,True
4,GOODBYE,Scamacca,A,,,False,True
4,TEAM WOLFLING,Di Gregorio,P,6.0,7.0,True,False
4,TEAM WOLFLING,Dimarco,D,8.0,11.0,True,False
4,TEAM WOLFLING,Baschirotto,D,5.0,5.0,True,False
4,TEAM WOLFLING,Di Lorenzo,D,6.5,6.5,True,False
4,TEAM WOLFLING,Veiga D.,D,6.5,6.5,True,False
4,TEAM WOLFLING,Mandragora,C,5.5,5.5,True,False
4,TEAM WOLFLING,McTominay,C,6.0,6.0,True,False
4,TEAM WOLFLING,Atta,C,6.5,6.5,True,False
4,TEAM WOLFLING,Frattesi,C,6.0,6.0,True,False
4,TEAM WOLFLING,Vardy,A,6.0,6.0,True,False
4,TEAM WOLFLING,Berardi,A,,,False,False
4,TEAM WOLFLING,Perin,P,,,False,True
4,TEAM WOLFLING,Pinsoglio,P,,,False,True
4,TEAM WOLFLING,Pavlovic,D,6.5,6.5,False,True
4,TEAM WOLFLING,Gatti,D,5.5,5.0,False,True
4,TEAM WOLFLING,Comuzzo,D,6.0,6.0,False,True
4,TEAM WOLFLING,Bianchetti,D,5.0,5.0,False,True
4,TEAM WOLFLING,Asllani,C,6.0,5.5,False,True
4,TEAM WOLFLING,Vazquez,C,5.5,5.5,False,True
4,TEAM WOLFLING,Volpato,C,6.0,6.0,False,True
4,TEAM WOLFLING,Pedro,A,6.0,7.0,True,True
4,TEAM WOLFLING,Douvikas,A,5.5,5.5,False,True
4,TEAM WOLFLING,Piccoli,A,6.0,6.0,False,True
4,TEAM WOLFLING,Buksa,A,,,False,True
4,ETHANANITA,Caprile,P,7.0,6.0,True,False
4,ETHANANITA,Doig,D,6.0,6.0,True,False
4,ETHANANITA,Tiago Gabriel,D,7.0,7.0,True,False
4,ETHANANITA,Mina,D,6.0,6.0,True,False
4,ETHANANITA,Palestra,D,5.5,5.5,True,False
4,ETHANANITA,Tourè I.,C,4.0,3.0,True,False
4,ETHANANITA,Vlasic,C,5.5,5.5,True,False
4,ETHANANITA,Politano,C,5.5,5.5,True,False
4,ETHANANITA,Pellegrino M.,A,6.0,6.0,True,False
4,ETHANANITA,Openda,A,6.0,6.0,True,False
4,ETHANANITA,Davis K.,A,6.0,6.0,True,False
4,ETHANANITA,Butez,P,6.0,5.0,False,True
4,ETHANANITA,Semper,P,6.0,2.0,False,True
4,ETHANANITA,Cambiaso,D,5.5,5.5,False,True
4,ETHANANITA,Joao Mario,D,,,False,True
4,ETHANANITA,Vojvoda,D,6.0,6.0,False,True
4,ETHANANITA,Angori,D,5.5,5.5,False,True
4,ETHANANITA,Conceicao,C,6.5,6.5,False,True
4,ETHANANITA,Loftus-Cheek,C,6.0,6.0,False,True
4,ETHANANITA,Odgaard,C,6.5,8.5,False,True
4,ETHANANITA,Da Cunha,C,6.0,6.0,False,True
4,ETHANANITA,Stanciu,C,,,False,True
4,ETHANANITA,Vlahovic,A,6.0,6.0,False,True
4,ETHANANITA,Lucca,A,,,False,True
4,ETHANANITA,Zapata D.,A,,,False,True
4,TEAM YANGTUO,De Gea,P,6.0,4.0,True,False
4,TEAM YANGTUO,Gutierrez,D,,,False,False
4,TEAM YANGTUO,Solet,D,6.5,8.5,True,False
4,TEAM YANGTUO,Zortea,D,6.0,6.0,True,False
4,TEAM YANGTUO,Hermoso,D,,,False,False
4,TEAM YANGTUO,Locatelli,C,6.5,6.0,True,False
4,TEAM YANGTUO,Rowe,C,6.5,6.5,True,False
4,TEAM YANGTUO,Calhanoglu,C,,,False,False
4,TEAM YANGTUO,Krstovic,A,6.0,6.0,True,False
4,TEAM YANGTUO,Castro S.,A,,,False,False
4,TEAM YANGTUO,Dia,A,5.5,5.5,True,False
4,TEAM YANGTUO,Martinelli T.,P,,,False,True
4,TEAM YANGTUO,Lezzerini,P,,,False,True
4,TEAM YANGTUO,Olivera,D,5.0,5.0,True,True
4,TEAM YANGTUO,Tramoni M.,C,5.5,5.5,True,True
4,TEAM YANGTUO,Lobotka,C,6.0,6.0,False,True
4,TEAM YANGTUO,Barbieri,D,6.0,6.0,True,True
4,TEAM YANGTUO,Nkunku,A,6.0,6.0,True,True
4,TEAM YANGTUO,Stulic,A,5.5,5.5,False,True
4,TEAM YANGTUO,Zhegrova,C,,,False,True
4,TEAM YANGTUO,Dodò,D,5.5,5.5,False,True
4,TEAM YANGTUO,Gimenez,A,6.5,6.5,False,True
4,ZLZ AND HIS FRIENDS,Skorupski,P,6.0,7.0,True,False
4,ZLZ AND HIS FRIENDS,Miranda J.,D,6.5,6.5,True,False
4,ZLZ AND HIS FRIENDS,Idzes,D,6.5,6.5,True,False
4,ZLZ AND HIS FRIENDS,Kristensen T.,D,,,False,False
4,ZLZ AND HIS FRIENDS,Dumfries,D,6.0,6.0,True,False
4,ZLZ AND HIS FRIENDS,Pulisic,C,5.0,3.0,True,False
4,ZLZ AND HIS FRIENDS,Mkhitaryan,C,6.5,6.5,True,False
4,ZLZ AND HIS FRIENDS,Zaccagni,C,,,False,False
4,ZLZ AND HIS FRIENDS,Zaniolo,C,5.5,5.0,True,False
4,ZLZ AND HIS FRIENDS,Neres,C,5.5,5.0,True,False
4,ZLZ AND HIS FRIENDS,Thuram,A,,,False,False
4,ZLZ AND HIS FRIENDS,Ravaglia F.,P,,,False,True
4,ZLZ AND HIS FRIENDS,Leali,P,6.0,4.0,False,True
4,ZLZ AND HIS FRIENDS,Ramon,D,5.5,5.5,True,True
4,ZLZ AND HIS FRIENDS,Marusic,D,,,False,True
4,ZLZ AND HIS FRIENDS,Gabbia,D,6.5,6.5,False,True
4,ZLZ AND HIS FRIENDS,Martin,D,,,False,True
4,ZLZ AND HIS FRIENDS,Sucic P.,C,6.0,5.5,True,True
4,ZLZ AND HIS FRIENDS,Frendrup,C,5.5,5.5,False,True
4,ZLZ AND HIS FRIENDS,Freuler,C,6.5,6.5,False,True
4,ZLZ AND HIS FRIENDS,Bonny,A,8.5,15.5,True,True
4,ZLZ AND HIS FRIENDS,Lang,A,,,False,True
4,ZLZ AND HIS FRIENDS,Bonazzoli,A,6.5,8.5,False,True
4,ZLZ AND HIS FRIENDS,Colombo,A,6.0,6.0,False,True
4,ZLZ AND HIS FRIENDS,Almqvist,A,6.0,6.0,False,True
4,WINNING MOMENT,Svilar,P,5.5,4.5,True,False
4,WINNING MOMENT,Ahanor,D,6.5,6.5,True,False
4,WINNING MOMENT,Tomori,D,6.0,6.0,True,False
4,WINNING MOMENT,Kalulu,D,6.0,6.0,True,False
4,WINNING MOMENT,Carlos Augusto,D,6.0,6.0,True,False
4,WINNING MOMENT,Pasalic,C,6.0,6.0,True,False
4,WINNING MOMENT,Modric,C,6.5,6.5,True,False
4,WINNING MOMENT,Elmas,C,,,False,False
4,WINNING MOMENT,David,A,5.0,5.0,True,False
4,WINNING MOMENT,Hojlund,A,7.0,10.0,True,False
4,WINNING MOMENT,Soulè,A,7.5,11.5,True,False
4,WINNING MOMENT,Gollini,P,,,False,True
4,WINNING MOMENT,Zelezny,P,,,False,True
4,WINNING MOMENT,Darmian,D,,,False,True
4,WINNING MOMENT,Moreno Alb.,D,,,False,True
4,WINNING MOMENT,Sabelli,D,5.5,5.5,False,True
4,WINNING MOMENT,Perrone,C,7.0,10.0,True,True
4,WINNING MOMENT,Koopmeiners,C,,,False,True
4,WINNING MOMENT,Isaksen,C,5.5,5.5,False,True
4,WINNING MOMENT,Ngonge,A,6.0,6.0,False,True
4,WINNING MOMENT,Adams C.,A,7.0,9.0,False,True
4,WINNING MOMENT,Dominguez B.,A,6.0,6.0,False,True
4,XIAWA NO.92,Maignan,P,7.0,9.0,True,False
4,XIAWA NO.92,Spinazzola,D,7.0,7.0,True,False
4,XIAWA NO.92,Delprato,D,5.5,5.5,True,False
4,XIAWA NO.92,Luperto,D,,,False,False
4,XIAWA NO.92,Valeri,D,6.0,6.0,True,False
4,XIAWA NO.92,Oristanio,C,,,False,False
4,XIAWA NO.92,Paz N.,C,6.0,6.0,True,False
4,XIAWA NO.92,Thuram K.,C,5.5,5.5,True,False
4,XIAWA NO.92,Laurientè,A,6.0,6.0,True,False
4,XIAWA NO.92,Esposito Se.,A,5.5,5.5,True,False
4,XIAWA NO.92,Giovane,A,6.0,6.0,True,False
4,XIAWA NO.92,Terracciano,P,,,False,True
4,XIAWA NO.92,Torriani,P,,,False,True
4,XIAWA NO.92,Canestrelli,D,5.0,5.0,True,True
4,XIAWA NO.92,Vasquez,D,6.0,6.0,False,True
4,XIAWA NO.92,Terracciano F.,D,,,False,True
4,XIAWA NO.92,Fofana Y.,C,5.5,5.0,True,True
4,XIAWA NO.92,Nicolussi Caviglia,C,6.0,7.0,False,True
4,XIAWA NO.92,Vandeputte,C,6.0,7.0,False,True
4,XIAWA NO.92,Zerbin,C,,,False,True
4,XIAWA NO.92,Dzeko,A,6.0,6.0,False,True
5,ETHANANITA,Caprile,P,6.5,4.5,True,False
5,ETHANANITA,Doig,D,6.0,5.5,True,False
5,ETHANANITA,Cambiaso,D,5.5,5.5,True,False
5,ETHANANITA,Mina,D,5.5,5.5,True,False
5,ETHANANITA,Palestra,D,6.5,6.5,True,False
5,ETHANANITA,Loftus-Cheek,C,,,False,False
5,ETHANANITA,Odgaard,C,7.0,8.0,True,False
5,ETHANANITA,Conceicao,C,5.5,5.5,True,False
5,ETHANANITA,Pellegrino M.,A,5.5,5.5,True,False
5,ETHANANITA,Openda,A,,,False,False
5,ETHANANITA,Davis K.,A,6.0,6.0,True,False
5,ETHANANITA,Butez,P,6.0,7.0,False,True
5,ETHANANITA,Semper,P,6.0,7.0,False,True
5,ETHANANITA,Tiago Gabriel,D,6.5,6.5,False,True
5,ETHANANITA,Vojvoda,D,6.5,6.5,False,True
5,ETHANANITA,Angori,D,5.5,5.5,False,True
5,ETHANANITA,Joao Mario,D,,,False,True
5,ETHANANITA,Politano,C,6.5,6.5,True,True
5,ETHANANITA,Da Cunha,C,6.5,6.5,False,True
5,ETHANANITA,Vlasic,C,6.5,6.5,False,True
5,ETHANANITA,Stanciu,C,,,False,True
5,ETHANANITA,Tourè I.,C,,,False,True
5,ETHANANITA,Lucca,A,5.0,5.0,True,True
5,ETHANANITA,Vlahovic,A,5.5,5.5,False,True
5,ETHANANITA,Zapata D.,A,,,False,True
5,NO ONE,Falcone,P,6.0,6.5,True,False
5,NO ONE,Zappacosta,D,6.5,6.5,True,False
5,NO ONE,N'Dicka,D,5.0,4.5,True,False
5,NO ONE,Acerbi,D,6.5,6.5,True,False
5,NO ONE,Akanji,D,6.5,6.5,True,False
5,NO ONE,Samardzic,C,,,False,False
5,NO ONE,Ricci S.,C,6.0,6.0,True,False
5,NO ONE,Barella,C,6.5,7.5,True,False
5,NO ONE,Malinovskyi,C,5.5,5.0,True,False
5,NO ONE,Leao,A,7.5,13.5,True,False
5,NO ONE,Kean,A,6.0,6.0,True,False
5,NO ONE,Fruchtl,P,,,False,True
5,NO ONE,Samooja,P,,,False,True
5,NO ONE,Angelino,D,,,False,True
5,NO ONE,Bisseck,D,,,False,True
5,NO ONE,Biraghi,D,6.0,6.0,False,True
5,NO ONE,Ismajli,D,,,False,True
5,NO ONE,Casadei,C,6.0,6.0,True,True
5,NO ONE,Fazzini,C,6.0,6.0,False,True
5,NO ONE,Gaetano,C,5.5,5.5,False,True
5,NO ONE,Baturina,C,,,False,True
5,NO ONE,Dybala,A,6.0,6.0,False,True
5,NO ONE,Meister,A,,,False,True
5,NO ONE,Luvumbo,A,6.0,6.0,False,True
5,NO ONE,Lukaku,A,,,False,True
5,GOODBYE,Meret,P,,,False,False
5,GOODBYE,Bastoni,D,6.5,6.5,True,False
5,GOODBYE,Mancini,D,6.5,6.5,True,False
5,GOODBYE,Tsimikas,D,,,False,False
5,GOODBYE,Valle,D,6.0,6.0,True,False
5,GOODBYE,Konè M.,C,6.5,6.5,True,False
5,GOODBYE,Pellegrini Lo.,C,5.5,5.5,True,False
5,GOODBYE,Cristante,C,6.0,6.0,True,False
5,GOODBYE,Yildiz,A,6.0,6.0,True,False
5,GOODBYE,Lookman,A,6.0,6.0,True,False
5,GOODBYE,Scamacca,A,,,False,False
5,GOODBYE,Milinkovic-Savic V.,P,6.0,5.0,True,True
5,GOODBYE,Vasquez D.,P,,,False,True
5,GOODBYE,Ghilardi,D,,,False,True
5,GOODBYE,Ziolkowski,D,6.0,5.5,True,True
5,GOODBYE,El Aynaoui,C,,,False,True
5,GOODBYE,El Shaarawy,C,,,False,True
5,GOODBYE,Zielinski,C,,,False,True
5,GOODBYE,Rog,C,,,False,True
5,GOODBYE,Kaba,C,,,False,True
5,GOODBYE,Cambiaghi,A,5.5,5.5,True,True
5,GOODBYE,Morata,A,6.0,6.0,False,True
5,ZLZ AND HIS FRIENDS,Skorupski,P,,,False,False
5,ZLZ AND HIS FRIENDS,Miranda J.,D,6.5,6.0,True,False
5,ZLZ AND HIS FRIENDS,Martin,D,,,False,False
5,ZLZ AND HIS FRIENDS,Gabbia,D,5.5,5.5,True,False
5,ZLZ AND HIS FRIENDS,Dumfries,D,6.0,6.0,True,False
5,ZLZ AND HIS FRIENDS,Zaccagni,C,6.0,6.0,True,False
5,ZLZ AND HIS FRIENDS,Mkhitaryan,C,6.5,6.0,True,False
5,ZLZ AND HIS FRIENDS,Freuler,C,6.5,6.5,True,False
5,ZLZ AND HIS FRIENDS,Neres,C,5.5,5.5,True,False
5,ZLZ AND HIS FRIENDS,Thuram,A,,,False,False
5,ZLZ AND HIS FRIENDS,Bonny,A,7.0,11.0,True,False
5,ZLZ AND HIS FRIENDS,Bonazzoli,A,6.0,6.0,True,True
5,ZLZ AND HIS FRIENDS,Colombo,A,5.5,5.0,False,True
5,ZLZ AND HIS FRIENDS,Lang,A,6.0,5.5,False,True
5,ZLZ AND HIS FRIENDS,Almqvist,A,6.0,6.0,False,True
5,ZLZ AND HIS FRIENDS,Pulisic,C,,,False,True
5,ZLZ AND HIS FRIENDS,Sucic P.,C,6.0,5.5,False,True
5,ZLZ AND HIS FRIENDS,Zaniolo,C,7.0,10.0,False,True
5,ZLZ AND HIS FRIENDS,Frendrup,C,6.0,6.0,False,True
5,ZLZ AND HIS FRIENDS,Marusic,D,6.0,6.0,True,True
5,ZLZ AND HIS FRIENDS,Idzes,D,6.5,6.5,False,True
5,ZLZ AND HIS FRIENDS,Ramon,D,6.0,6.0,False,True
5,ZLZ AND HIS FRIENDS,Kristensen T.,D,,,False,True
5,ZLZ AND HIS FRIENDS,Leali,P,6.0,7.0,True,True
5,ZLZ AND HIS FRIENDS,Ravaglia F.,P,6.5,7.5,False,True
5,SEPTWOLVES,Carnesecchi,P,6.0,7.0,True,False
5,SEPTWOLVES,Hien,D,6.0,5.5,True,False
5,SEPTWOLVES,Juan Jesus,D,5.5,5.0,True,False
5,SEPTWOLVES,Wesley,D,6.0,6.0,True,False
5,SEPTWOLVES,Orsolini,C,7.0,10.0,True,False
5,SEPTWOLVES,Guendouzi,C,6.0,6.0,True,False
5,SEPTWOLVES,Zambo Anguissa,C,6.0,6.0,True,False
5,SEPTWOLVES,Bernabè,C,6.0,6.0,True,False
5,SEPTWOLVES,Cancellieri,A,6.0,6.0,True,False
5,SEPTWOLVES,De Ketelaere,A,6.0,5.5,True,False
5,SEPTWOLVES,Dovbyk,A,5.0,5.0,True,False
5,SEPTWOLVES,Castellanos,A,,,False,True
5,SEPTWOLVES,Cutrone,A,6.0,6.0,False,True
5,SEPTWOLVES,Ferguson E.,A,,,False,True
5,SEPTWOLVES,Rovella,C,,,False,True
5,SEPTWOLVES,Lovric,C,,,False,True
5,SEPTWOLVES,Folorunsho,C,6.0,6.0,False,True
5,SEPTWOLVES,Sohm,C,,,False,True
5,SEPTWOLVES,Rrahmani,D,,,False,True
5,SEPTWOLVES,Cabal,D,,,False,True
5,SEPTWOLVES,Kossounou,D,,,False,True
5,SEPTWOLVES,Lovik,D,,,False,True
5,SEPTWOLVES,Floriani Mussolini,D,,,False,True
5,SEPTWOLVES,Rossi F.,P,,,False,True
5,SEPTWOLVES,Sportiello,P,,,False,True
5,TEAM YANGTUO,De Gea,P,6.0,4.0,True,False
5,TEAM YANGTUO,Olivera,D,5.0,5.0,True,False
5,TEAM YANGTUO,Solet,D,5.0,5.0,True,False
5,TEAM YANGTUO,Zortea,D,,,False,False
5,TEAM YANGTUO,Scalvini,D,6.0,6.0,True,False
5,TEAM YANGTUO,Locatelli,C,6.0,6.0,True,False
5,TEAM YANGTUO,Tramoni M.,C,,,False,False
5,TEAM YANGTUO,Calhanoglu,C,6.5,6.5,True,False
5,TEAM YANGTUO,Krstovic,A,6.0,6.0,True,False
5,TEAM YANGTUO,Castro S.,A,6.0,6.0,True,False
5,TEAM YANGTUO,Stulic,A,6.0,6.0,True,False
5,TEAM YANGTUO,Martinelli T.,P,,,False,True
5,TEAM YANGTUO,Lezzerini,P,,,False,True
5,TEAM YANGTUO,Barbieri,D,6.0,6.0,True,True
5,TEAM YANGTUO,Zhegrova,C,,,False,True
5,TEAM YANGTUO,Hermoso,D,5.5,5.0,False,True
5,TEAM YANGTUO,Gutierrez,D,,,False,True
5,TEAM YANGTUO,Dodò,D,6.0,6.0,False,True
5,TEAM YANGTUO,Gimenez,A,6.5,6.5,False,True
5,TEAM YANGTUO,Dia,A,5.0,5.0,False,True
5,TEAM YANGTUO,Bailey,C,6.0,6.0,True,True
5,TEAM YANGTUO,Rowe,C,,,False,True
5,TEAM YANGTUO,Nkunku,A,,,False,True
5,XIAWA NO.92,Maignan,P,5.0,4.0,True,False
5,XIAWA NO.92,Spinazzola,D,6.5,6.5,True,False
5,XIAWA NO.92,Delprato,D,6.0,6.0,True,False
5,XIAWA NO.92,Luperto,D,5.5,5.5,True,False
5,XIAWA NO.92,Vasquez,D,6.5,6.5,True,False
5,XIAWA NO.92,Fofana Y.,C,6.0,5.5,True,False
5,XIAWA NO.92,Paz N.,C,8.0,12.0,True,False
5,XIAWA NO.92,Thuram K.,C,6.0,6.0,True,False
5,XIAWA NO.92,Laurientè,A,5.5,5.5,True,False
5,XIAWA NO.92,Esposito Se.,A,6.0,5.5,True,False
5,XIAWA NO.92,Giovane,A,5.5,5.5,True,False
5,XIAWA NO.92,Terracciano,P,,,False,True
5,XIAWA NO.92,Torriani,P,,,False,True
5,XIAWA NO.92,Buongiorno,D,6.0,6.0,False,True
5,XIAWA NO.92,Canestrelli,D,6.5,6.0,False,True
5,XIAWA NO.92,Terracciano F.,D,7.0,9.0,False,True
5,XIAWA NO.92,Nicolussi Caviglia,C,6.0,5.5,False,True
5,XIAWA NO.92,Oristanio,C,,,False,True
5,XIAWA NO.92,Vandeputte,C,6.5,8.0,False,True
5,XIAWA NO.92,Zerbin,C,5.5,5.0,False,True
5,XIAWA NO.92,Dzeko,A,,,False,True
5,TEAM WOLFLING,Di Gregorio,P,6.0,4.0,True,False
5,TEAM WOLFLING,Pavlovic,D,6.0,6.5,True,False
5,TEAM WOLFLING,Baschirotto,D,5.5,5.5,True,False
5,TEAM WOLFLING,Di Lorenzo,D,5.5,5.5,True,False
5,TEAM WOLFLING,Zalewski,C,,,False,False
5,TEAM WOLFLING,Mandragora,C,6.0,6.0,True,False
5,TEAM WOLFLING,McTominay,C,,,False,False
5,TEAM WOLFLING,Atta,C,6.5,6.5,True,False
5,TEAM WOLFLING,Vazquez,C,6.5,6.5,True,False
5,TEAM WOLFLING,Vardy,A,5.5,5.0,True,False
5,TEAM WOLFLING,Berardi,A,5.5,5.0,True,False
5,TEAM WOLFLING,Perin,P,,,False,True
5,TEAM WOLFLING,Dimarco,D,6.0,6.0,False,True
5,TEAM WOLFLING,Veiga D.,D,6.0,5.5,False,True
5,TEAM WOLFLING,Gatti,D,,,False,True
5,TEAM WOLFLING,Comuzzo,D,,,False,True
5,TEAM WOLFLING,Bianchetti,D,6.0,6.0,False,True
5,TEAM WOLFLING,Volpato,C,,,False,True
5,TEAM WOLFLING,Frattesi,C,6.0,6.0,True,True
5,TEAM WOLFLING,Asllani,C,6.0,6.0,True,True
5,TEAM WOLFLING,Pedro,A,6.0,6.0,False,True
5,TEAM WOLFLING,Douvikas,A,6.5,6.5,False,True
5,TEAM WOLFLING,Piccoli,A,5.5,5.5,False,True
5,TEAM WOLFLING,Buksa,A,6.0,6.0,False,True
5,ETERNITY,Sommer,P,6.5,7.5,True,False
5,ETERNITY,Gosens,D,6.5,8.5,True,False
5,ETERNITY,Tavares N.,D,5.5,5.5,True,False
5,ETERNITY,Ranieri L.,D,6.5,6.0,True,False
5,ETERNITY,Lucumì,D,,,False,False
5,ETERNITY,Saelemaekers,C,5.5,5.5,True,False
5,ETERNITY,De Bruyne,C,6.0,6.0,True,False
5,ETERNITY,Ederson D.S.,C,6.0,6.0,True,False
5,ETERNITY,Esposito F.P.,A,6.0,6.0,True,False
5,ETERNITY,Martinez L.,A,5.5,5.0,True,False
5,ETERNITY,Pinamonti,A,5.5,5.5,True,False
5,ETERNITY,Provedel,P,6.5,7.5,False,True
5,ETERNITY,Mandas,P,,,False,True
5,ETERNITY,Lazaro,D,,,False,True
5,ETERNITY,Pezzella Giu.,D,5.5,5.5,True,True
5,ETERNITY,Lykogiannis,D,6.0,5.5,False,True
5,ETERNITY,Gudmundsson A.,C,6.0,6.0,False,True
5,ETERNITY,Maldini,C,,,False,True
5,ETERNITY,McKennie,C,5.5,5.5,False,True
5,ETERNITY,Simeone,A,7.5,11.5,False,True
5,ETERNITY,Camarda,A,6.0,6.0,False,True
5,WINNING MOMENT,Svilar,P,5.5,4.5,True,False
5,WINNING MOMENT,Sabelli,D,6.0,6.0,True,False
5,WINNING MOMENT,Tomori,D,6.0,5.5,True,False
5,WINNING MOMENT,Kalulu,D,5.5,5.5,True,False
5,WINNING MOMENT,Carlos Augusto,D,,,False,False
5,WINNING MOMENT,Pasalic,C,6.0,5.5,True,False
5,WINNING MOMENT,Modric,C,6.5,6.5,True,False
5,WINNING MOMENT,Elmas,C,5.5,5.5,True,False
5,WINNING MOMENT,David,A,5.0,5.0,True,False
5,WINNING MOMENT,Hojlund,A,,,False,False
5,WINNING MOMENT,Soulè,A,5.5,5.5,True,False
5,WINNING MOMENT,Gollini,P,,,False,True
5,WINNING MOMENT,Zelezny,P,,,False,True
5,WINNING MOMENT,Ahanor,D,6.0,6.0,True,True
5,WINNING MOMENT,Darmian,D,,,False,True
5,WINNING MOMENT,Moreno Alb.,D,6.0,5.5,False,True
5,WINNING MOMENT,Isaksen,C,6.0,6.0,False,True
5,WINNING MOMENT,Perrone,C,7.0,8.0,False,True
5,WINNING MOMENT,Koopmeiners,C,5.0,5.0,False,True
5,WINNING MOMENT,Adams C.,A,6.5,6.5,True,True
5,WINNING MOMENT,Ngonge,A,5.5,5.5,False,True
5,WINNING MOMENT,Dominguez B.,A,6.5,7.5,False,True
6,NO ONE,Falcone,P,6.0,3.0,True,False
6,NO ONE,Zappacosta,D,,,False,False
6,NO ONE,N'Dicka,D,6.0,6.0,True,False
6,NO ONE,Acerbi,D,5.0,5.0,True,False
6,NO ONE,Akanji,D,5.0,5.0,True,False
6,NO ONE,Samardzic,C,6.5,6.5,True,False
6,NO ONE,Ricci S.,C,6.0,6.5,True,False
6,NO ONE,Barella,C,6.0,6.0,True,False
6,NO ONE,Casadei,C,5.5,5.0,True,False
6,NO ONE,Leao,A,7.0,9.0,True,False
6,NO ONE,Dybala,A,7.0,11.0,True,False
6,NO ONE,Fruchtl,P,,,False,True
6,NO ONE,Samooja,P,,,False,True
6,NO ONE,Biraghi,D,5.5,5.5,True,True
6,NO ONE,Ismajli,D,6.0,6.0,False,True
6,NO ONE,Angelino,D,,,False,True
6,NO ONE,Bisseck,D,,,False,True
6,NO ONE,Fazzini,C,,,False,True
6,NO ONE,Malinovskyi,C,6.5,6.5,False,True
6,NO ONE,Gaetano,C,5.5,5.5,False,True
6,NO ONE,Baturina,C,6.0,6.0,False,True
6,NO ONE,Kean,A,7.0,11.0,False,True
6,NO ONE,Meister,A,5.5,5.5,False,True
6,NO ONE,Luvumbo,A,6.0,6.0,False,True
6,NO ONE,Lukaku,A,,,False,True
6,XIAWA NO.92,Maignan,P,5.5,3.5,True,False
6,XIAWA NO.92,Spinazzola,D,6.5,7.5,True,False
6,XIAWA NO.92,Buongiorno,D,5.5,5.5,True,False
6,XIAWA NO.92,Luperto,D,,,False,False
6,XIAWA NO.92,Vasquez,D,6.0,6.0,True,False
6,XIAWA NO.92,Fofana Y.,C,6.0,6.0,True,False
6,XIAWA NO.92,Paz N.,C,5.5,5.5,True,False
6,XIAWA NO.92,Thuram K.,C,5.5,5.5,True,False
6,XIAWA NO.92,Laurientè,A,,,False,False
6,XIAWA NO.92,Esposito Se.,A,,,False,False
6,XIAWA NO.92,Giovane,A,7.0,9.0,True,False
6,XIAWA NO.92,Terracciano,P,,,False,True
6,XIAWA NO.92,Torriani,P,,,False,True
6,XIAWA NO.92,Delprato,D,6.0,6.0,True,True
6,XIAWA NO.92,Terracciano F.,D,7.0,7.0,False,True
6,XIAWA NO.92,Canestrelli,D,6.0,6.0,False,True
6,XIAWA NO.92,Nicolussi Caviglia,C,5.5,5.5,False,True
6,XIAWA NO.92,Vandeputte,C,6.5,6.5,False,True
6,XIAWA NO.92,Zerbin,C,6.5,6.5,False,True
6,XIAWA NO.92,Oristanio,C,,,False,True
6,XIAWA NO.92,Diao,A,5.5,5.5,True,True
6,XIAWA NO.92,Dzeko,A,5.5,5.0,True,True
6,TEAM WOLFLING,Di Gregorio,P,,,False,False
6,TEAM WOLFLING,Pavlovic,D,6.0,6.0,True,False
6,TEAM WOLFLING,Veiga D.,D,5.0,5.0,True,False
6,TEAM WOLFLING,Gatti,D,5.5,5.5,True,False
6,TEAM WOLFLING,Dimarco,D,6.0,6.0,True,False
6,TEAM WOLFLING,Mandragora,C,5.5,5.5,True,False
6,TEAM WOLFLING,McTominay,C,7.0,10.0,True,False
6,TEAM WOLFLING,Atta,C,7.5,10.5,True,False
6,TEAM WOLFLING,Zalewski,C,6.0,6.0,True,False
6,TEAM WOLFLING,Vardy,A,7.0,8.5,True,False
6,TEAM WOLFLING,Berardi,A,5.5,5.5,True,False
6,TEAM WOLFLING,Perin,P,6.0,5.0,True,True
6,TEAM WOLFLING,Pinsoglio,P,,,False,True
6,TEAM WOLFLING,Baschirotto,D,6.5,6.5,False,True
6,TEAM WOLFLING,Di Lorenzo,D,6.5,6.0,False,True
6,TEAM WOLFLING,Comuzzo,D,,,False,True
6,TEAM WOLFLING,Bianchetti,D,6.0,6.0,False,True
6,TEAM WOLFLING,Vazquez,C,,,False,True
6,TEAM WOLFLING,Frattesi,C,6.0,6.0,False,True
6,TEAM WOLFLING,Asllani,C,5.0,5.0,False,True
6,TEAM WOLFLING,Volpato,C,5.5,5.0,False,True
6,TEAM WOLFLING,Douvikas,A,6.0,6.0,False,True
6,TEAM WOLFLING,Pedro,A,,,False,True
6,TEAM WOLFLING,Piccoli,A,,,False,True
6,TEAM WOLFLING,Buksa,A,7.0,9.5,False,True
6,ETERNITY,Provedel,P,6.0,7.0,True,False
6,ETERNITY,Gosens,D,5.0,4.5,True,False
6,ETERNITY,Tavares N.,D,,,False,False
6,ETERNITY,Lazaro,D,6.5,7.5,True,False
6,ETERNITY,Bellanova,D,5.5,5.5,True,False
6,ETERNITY,Saelemaekers,C,6.0,6.0,True,False
6,ETERNITY,De Bruyne,C,7.0,9.0,True,False
6,ETERNITY,Gudmundsson A.,C,6.5,8.0,True,False
6,ETERNITY,Simeone,A,5.5,5.5,True,False
6,ETERNITY,Martinez L.,A,5.0,5.0,True,False
6,ETERNITY,Pinamonti,A,5.0,5.0,True,False
6,ETERNITY,Mandas,P,,,False,True
6,ETERNITY,Sommer,P,6.0,3.0,False,True
6,ETERNITY,Ranieri L.,D,5.5,5.5,True,True
6,ETERNITY,Lucumì,D,6.0,5.5,False,True
6,ETERNITY,Pezzella Giu.,D,,,False,True
6,ETERNITY,Lykogiannis,D,,,False,True
6,ETERNITY,Ederson D.S.,C,6.5,6.5,False,True
6,ETERNITY,Maldini,C,,,False,True
6,ETERNITY,McKennie,C,5.5,5.0,False,True
6,ETERNITY,Esposito F.P.,A,5.5,5.5,False,True
6,ETERNITY,Camarda,A,6.0,6.0,False,True
6,TEAM YANGTUO,De Gea,P,6.0,4.0,True,False
6,TEAM YANGTUO,Dodò,D,6.0,6.0,True,False
6,TEAM YANGTUO,Solet,D,6.0,6.0,True,False
6,TEAM YANGTUO,Zortea,D,,,False,False
6,TEAM YANGTUO,Bailey,C,6.0,6.0,True,False
6,TEAM YANGTUO,Locatelli,C,6.0,5.5,True,False
6,TEAM YANGTUO,Rowe,C,6.0,5.5,True,False
6,TEAM YANGTUO,Calhanoglu,C,7.0,9.0,True,False
6,TEAM YANGTUO,Krstovic,A,5.0,5.0,True,False
6,TEAM YANGTUO,Castro S.,A,7.0,9.0,True,False
6,TEAM YANGTUO,Gimenez,A,5.5,5.5,True,False
6,TEAM YANGTUO,Martinelli T.,P,,,False,True
6,TEAM YANGTUO,Lezzerini,P,,,False,True
6,TEAM YANGTUO,Barbieri,D,7.0,7.0,True,True
6,TEAM YANGTUO,Zhegrova,C,,,False,True
6,TEAM YANGTUO,Hermoso,D,6.0,5.5,False,True
6,TEAM YANGTUO,Gutierrez,D,,,False,True
6,TEAM YANGTUO,Dia,A,6.0,6.0,False,True
6,TEAM YANGTUO,Nkunku,A,5.5,5.5,False,True
6,TEAM YANGTUO,Olivera,D,5.5,5.5,False,True
6,TEAM YANGTUO,Stulic,A,5.5,5.0,False,True
6,TEAM YANGTUO,Tramoni M.,C,5.0,5.0,False,True
6,GOODBYE,Meret,P,,,False,False
6,GOODBYE,Bastoni,D,6.0,5.5,True,False
6,GOODBYE,Mancini,D,6.5,6.0,True,False
6,GOODBYE,Tsimikas,D,6.0,6.0,True,False
6,GOODBYE,Valle,D,,,False,False
6,GOODBYE,Konè M.,C,6.5,6.5,True,False
6,GOODBYE,Pellegrini Lo.,C,6.5,6.5,True,False
6,GOODBYE,Cristante,C,6.5,6.5,True,False
6,GOODBYE,Yildiz,A,6.0,6.0,True,False
6,GOODBYE,Lookman,A,6.0,6.0,True,False
6,GOODBYE,Morata,A,5.5,5.5,True,False
6,GOODBYE,Milinkovic-Savic V.,P,6.5,5.5,True,True
6,GOODBYE,Vasquez D.,P,,,False,True
6,GOODBYE,Ghilardi,D,,,False,True
6,GOODBYE,Ziolkowski,D,,,False,True
6,GOODBYE,El Aynaoui,C,6.0,6.0,False,True
6,GOODBYE,El Shaarawy,C,,,False,True
6,GOODBYE,Zielinski,C,5.5,5.5,False,True
6,GOODBYE,Rog,C,,,False,True
6,GOODBYE,Kaba,C,,,False,True
6,GOODBYE,Cambiaghi,A,7.0,9.0,False,True
6,GOODBYE,Scamacca,A,6.0,5.5,False,True
6,WINNING MOMENT,Svilar,P,6.5,7.5,True,False
6,WINNING MOMENT,Ahanor,D,,,False,False
6,WINNING MOMENT,Tomori,D,,,False,False
6,WINNING MOMENT,Kalulu,D,6.0,6.0,True,False
6,WINNING MOMENT,Carlos Augusto,D,,,False,False
6,WINNING MOMENT,Pasalic,C,5.5,5.5,True,False
6,WINNING MOMENT,Modric,C,6.5,8.5,True,False
6,WINNING MOMENT,Perrone,C,6.0,6.0,True,False
6,WINNING MOMENT,Adams C.,A,5.5,5.5,True,False
6,WINNING MOMENT,Soulè,A,6.0,6.0,True,False
6,WINNING MOMENT,Ngonge,A,6.5,6.5,True,False
6,WINNING MOMENT,Gollini,P,,,False,True
6,WINNING MOMENT,Zelezny,P,,,False,True
6,WINNING MOMENT,Sabelli,D,5.5,3.5,True,True
6,WINNING MOMENT,Moreno Alb.,D,6.0,6.0,True,True
6,WINNING MOMENT,Isaksen,C,7.0,7.0,False,True
6,WINNING MOMENT,Elmas,C,,,False,True
6,WINNING MOMENT,Koopmeiners,C,6.0,5.5,False,True
6,WINNING MOMENT,Messias,C,,,False,True
6,WINNING MOMENT,Dominguez B.,A,,,False,True
6,WINNING MOMENT,Hojlund,A,,,False,True
6,WINNING MOMENT,David,A,5.0,5.0,False,True
6,SEPTWOLVES,Carnesecchi,P,6.5,5.5,True,False
6,SEPTWOLVES,Kossounou,D,,,False,False
6,SEPTWOLVES,Hien,D,6.0,6.0,True,False
6,SEPTWOLVES,Wesley,D,6.0,6.0,True,False
6,SEPTWOLVES,Bernabè,C,6.5,6.5,True,False
6,SEPTWOLVES,Folorunsho,C,5.5,5.5,True,False
6,SEPTWOLVES,Zambo Anguissa,C,7.5,10.5,True,False
6,SEPTWOLVES,Orsolini,C,6.0,6.0,True,False
6,SEPTWOLVES,De Ketelaere,A,5.5,5.5,True,False
6,SEPTWOLVES,Dovbyk,A,6.5,6.5,True,False
6,SEPTWOLVES,Cutrone,A,6.0,6.0,True,False
6,SEPTWOLVES,Castellanos,A,,,False,True
6,SEPTWOLVES,Cancellieri,A,,,False,True
6,SEPTWOLVES,Ferguson E.,A,,,False,True
6,SEPTWOLVES,Rovella,C,,,False,True
6,SEPTWOLVES,Lovric,C,,,False,True
6,SEPTWOLVES,Sohm,C,,,False,True
6,SEPTWOLVES,Guendouzi,C,6.5,6.0,False,True
6,SEPTWOLVES,Rrahmani,D,,,False,True
6,SEPTWOLVES,Cabal,D,,,False,True
6,SEPTWOLVES,Juan Jesus,D,6.5,6.5,True,True
6,SEPTWOLVES,Lovik,D,,,False,True
6,SEPTWOLVES,Floriani Mussolini,D,5.5,5.0,False,True
6,SEPTWOLVES,Rossi F.,P,,,False,True
6,SEPTWOLVES,Sportiello,P,,,False,True
6,ZLZ AND HIS FRIENDS,Skorupski,P,7.0,5.0,True,False
6,ZLZ AND HIS FRIENDS,Miranda J.,D,6.5,6.5,True,False
6,ZLZ AND HIS FRIENDS,Marusic,D,5.5,5.5,True,False
6,ZLZ AND HIS FRIENDS,Gabbia,D,5.5,5.5,True,False
6,ZLZ AND HIS FRIENDS,Dumfries,D,5.5,5.5,True,False
6,ZLZ AND HIS FRIENDS,Zaccagni,C,6.0,6.0,True,False
6,ZLZ AND HIS FRIENDS,Mkhitaryan,C,5.5,5.5,True,False
6,ZLZ AND HIS FRIENDS,Freuler,C,6.0,5.5,True,False
6,ZLZ AND HIS FRIENDS,Pulisic,C,,,False,False
6,ZLZ AND HIS FRIENDS,Bonny,A,5.5,5.5,True,False
6,ZLZ AND HIS FRIENDS,Thuram,A,,,False,False
6,ZLZ AND HIS FRIENDS,Bonazzoli,A,,,False,True
6,ZLZ AND HIS FRIENDS,Almqvist,A,,,False,True
6,ZLZ AND HIS FRIENDS,Colombo,A,,,False,True
6,ZLZ AND HIS FRIENDS,Lang,A,,,False,True
6,ZLZ AND HIS FRIENDS,Zaniolo,C,6.5,6.5,True,True
6,ZLZ AND HIS FRIENDS,Neres,C,6.5,7.5,False,True
6,ZLZ AND HIS FRIENDS,Sucic P.,C,6.0,6.0,False,True
6,ZLZ AND HIS FRIENDS,Frendrup,C,6.0,5.5,False,True
6,ZLZ AND HIS FRIENDS,Martin,D,,,False,True
6,ZLZ AND HIS FRIENDS,Idzes,D,5.5,5.5,False,True
6,ZLZ AND HIS FRIENDS,Ramon,D,,,False,True
6,ZLZ AND HIS FRIENDS,Kristensen T.,D,,,False,True
6,ZLZ AND HIS FRIENDS,Leali,P,7.5,5.5,False,True
6,ZLZ AND HIS FRIENDS,Ravaglia F.,P,,,False,True
6,ETHANANITA,Butez,P,6.5,7.5,True,False
6,ETHANANITA,Doig,D,6.0,5.5,True,False
6,ETHANANITA,Cambiaso,D,6.0,6.0,True,False
6,ETHANANITA,Vojvoda,D,6.0,6.0,True,False
6,ETHANANITA,Palestra,D,5.5,5.5,True,False
6,ETHANANITA,Da Cunha,C,6.0,6.0,True,False
6,ETHANANITA,Vlasic,C,5.5,5.0,True,False
6,ETHANANITA,Odgaard,C,,,False,False
6,ETHANANITA,Pellegrino M.,A,6.0,6.0,True,False
6,ETHANANITA,Vlahovic,A,5.5,5.5,True,False
6,ETHANANITA,Davis K.,A,7.0,8.5,True,False
6,ETHANANITA,Caprile,P,7.5,5.5,False,True
6,ETHANANITA,Semper,P,6.0,4.0,False,True
6,ETHANANITA,Mina,D,,,False,True
6,ETHANANITA,Tiago Gabriel,D,5.5,5.5,False,True
6,ETHANANITA,Joao Mario,D,,,False,True
6,ETHANANITA,Angori,D,,,False,True
6,ETHANANITA,Lucca,A,,,False,True
6,ETHANANITA,Openda,A,6.0,6.0,False,True
6,ETHANANITA,Zapata D.,A,,,False,True
6,ETHANANITA,Conceicao,C,6.0,6.0,True,True
6,ETHANANITA,Politano,C,6.0,6.0,False,True
6,ETHANANITA,Tourè I.,C,6.0,6.0,False,True
6,ETHANANITA,Loftus-Cheek,C,,,False,True
6,ETHANANITA,Stanciu,C,,,False,True
7,ETHANANITA,Butez,P,5.5,4.5,True,False
7,ETHANANITA,Doig,D,,,False,False
7,ETHANANITA,Cambiaso,D,6.5,7.5,True,False
7,ETHANANITA,Vojvoda,D,7.0,9.0,True,False
7,ETHANANITA,Palestra,D,6.5,6.5,True,False
7,ETHANANITA,Politano,C,5.5,5.5,True,False
7,ETHANANITA,Da Cunha,C,6.5,6.5,True,False
7,ETHANANITA,Conceicao,C,,,False,False
7,ETHANANITA,Pellegrino M.,A,6.0,5.5,True,False
7,ETHANANITA,Vlahovic,A,7.0,9.0,True,False
7,ETHANANITA,Davis K.,A,5.5,5.5,True,False
7,ETHANANITA,Caprile,P,6.0,3.5,False,True
7,ETHANANITA,Semper,P,6.5,8.5,False,True
7,ETHANANITA,Tiago Gabriel,D,6.0,6.0,True,True
7,ETHANANITA,Joao Mario,D,,,False,True
7,ETHANANITA,Angori,D,6.5,6.5,False,True
7,ETHANANITA,Mina,D,,,False,True
7,ETHANANITA,Vlasic,C,6.0,6.0,True,True
7,ETHANANITA,Loftus-Cheek,C,6.0,6.0,False,True
7,ETHANANITA,Tourè I.,C,6.0,6.0,False,True
7,ETHANANITA,Stanciu,C,,,False,True
7,ETHANANITA,Odgaard,C,5.5,5.0,False,True
7,ETHANANITA,Openda,A,6.0,6.0,False,True
7,ETHANANITA,Zapata D.,A,,,False,True
7,ETHANANITA,Lucca,A,5.5,5.5,False,True
7,GOODBYE,Milinkovic-Savic V.,P,7.0,10.0,True,False
7,GOODBYE,Bastoni,D,6.5,6.5,True,False
7,GOODBYE,Mancini,D,6.5,6.5,True,False
7,GOODBYE,Tsimikas,D,,,False,False
7,GOODBYE,Konè M.,C,7.0,7.0,True,False
7,GOODBYE,Pellegrini Lo.,C,,,False,False
7,GOODBYE,Cristante,C,6.5,6.5,True,False
7,GOODBYE,El Aynaoui,C,6.0,6.0,True,False
7,GOODBYE,Yildiz,A,7.0,9.0,True,False
7,GOODBYE,Lookman,A,7.0,11.0,True,False
7,GOODBYE,Cambiaghi,A,5.5,5.5,True,False
7,GOODBYE,Meret,P,,,False,True
7,GOODBYE,Vasquez D.,P,,,False,True
7,GOODBYE,Valle,D,6.5,7.5,True,True
7,GOODBYE,Ghilardi,D,,,False,True
7,GOODBYE,Ziolkowski,D,,,False,True
7,GOODBYE,El Shaarawy,C,,,False,True
7,GOODBYE,Zielinski,C,,,False,True
7,GOODBYE,Rog,C,,,False,True
7,GOODBYE,Kaba,C,,,False,True
7,GOODBYE,Morata,A,,,False,True
7,GOODBYE,Scamacca,A,,,False,True
7,SEPTWOLVES,Carnesecchi,P,6.0,5.0,True,False
7,SEPTWOLVES,Floriani Mussolini,D,6.0,6.0,True,False
7,SEPTWOLVES,Rrahmani,D,,,False,False
7,SEPTWOLVES,Juan Jesus,D,5.0,5.0,True,False
7,SEPTWOLVES,Wesley,D,6.0,6.0,True,False
7,SEPTWOLVES,Folorunsho,C,5.5,5.0,True,False
7,SEPTWOLVES,Guendouzi,C,6.0,5.5,True,False
7,SEPTWOLVES,Zambo Anguissa,C,7.0,11.0,True,False
7,SEPTWOLVES,Orsolini,C,5.5,5.5,True,False
7,SEPTWOLVES,De Ketelaere,A,6.0,6.0,True,False
7,SEPTWOLVES,Ferguson E.,A,,,False,False
7,SEPTWOLVES,Castellanos,A,,,False,True
7,SEPTWOLVES,Cancellieri,A,,,False,True
7,SEPTWOLVES,Dovbyk,A,7.0,10.0,True,True
7,SEPTWOLVES,Cutrone,A,5.5,5.5,False,True
7,SEPTWOLVES,Rovella,C,,,False,True
7,SEPTWOLVES,Lovric,C,5.5,5.0,False,True
7,SEPTWOLVES,Bernabè,C,5.0,5.0,False,True
7,SEPTWOLVES,Sohm,C,6.0,6.0,False,True
7,SEPTWOLVES,Cabal,D,,,False,True
7,SEPTWOLVES,Hien,D,6.0,6.0,True,True
7,SEPTWOLVES,Kossounou,D,6.0,6.0,False,True
7,SEPTWOLVES,Lovik,D,,,False,True
7,SEPTWOLVES,Rossi F.,P,,,False,True
7,SEPTWOLVES,Sportiello,P,,,False,True
7,TEAM WOLFLING,Di Gregorio,P,6.0,4.5,True,False
7,TEAM WOLFLING,Dimarco,D,6.5,6.5,True,False
7,TEAM WOLFLING,Pavlovic,D,6.0,6.0,True,False
7,TEAM WOLFLING,Baschirotto,D,6.5,6.5,True,False
7,TEAM WOLFLING,Di Lorenzo,D,6.0,6.0,True,False
7,TEAM WOLFLING,Frattesi,C,,,False,False
7,TEAM WOLFLING,McTominay,C,6.0,6.0,True,False
7,TEAM WOLFLING,Atta,C,6.0,6.0,True,False
7,TEAM WOLFLING,Douvikas,A,7.0,9.0,True,False
7,TEAM WOLFLING,Vardy,A,6.0,6.0,True,False
7,TEAM WOLFLING,Berardi,A,,,False,False
7,TEAM WOLFLING,Perin,P,,,False,True
7,TEAM WOLFLING,Pinsoglio,P,,,False,True
7,TEAM WOLFLING,Gatti,D,7.0,11.0,False,True
7,TEAM WOLFLING,Bianchetti,D,7.0,7.5,False,True
7,TEAM WOLFLING,Veiga D.,D,6.5,6.5,False,True
7,TEAM WOLFLING,Comuzzo,D,5.0,5.0,False,True
7,TEAM WOLFLING,Vazquez,C,6.0,6.0,True,True
7,TEAM WOLFLING,Zalewski,C,,,False,True
7,TEAM WOLFLING,Mandragora,C,5.5,5.5,False,True
7,TEAM WOLFLING,Asllani,C,,,False,True
7,TEAM WOLFLING,Volpato,C,7.0,8.0,False,True
7,TEAM WOLFLING,Pedro,A,5.5,5.0,True,True
7,TEAM WOLFLING,Buksa,A,5.5,5.5,False,True
7,TEAM WOLFLING,Piccoli,A,,,False,True
7,XIAWA NO.92,Maignan,P,6.5,5.5,True,False
7,XIAWA NO.92,Spinazzola,D,6.5,6.5,True,False
7,XIAWA NO.92,Buongiorno,D,6.5,6.5,True,False
7,XIAWA NO.92,Vasquez,D,6.0,6.0,True,False
7,XIAWA NO.92,Terracciano F.,D,6.5,6.5,True,False
7,XIAWA NO.92,Vandeputte,C,7.0,8.0,True,False
7,XIAWA NO.92,Paz N.,C,6.0,5.5,True,False
7,XIAWA NO.92,Thuram K.,C,,,False,False
7,XIAWA NO.92,Laurientè,A,7.0,10.0,True,False
7,XIAWA NO.92,Esposito Se.,A,7.0,9.0,True,False
7,XIAWA NO.92,Rodriguez Je.,A,6.5,7.5,True,False
7,XIAWA NO.92,Terracciano,P,,,False,True
7,XIAWA NO.92,Torriani,P,,,False,True
7,XIAWA NO.92,Luperto,D,,,False,True
7,XIAWA NO.92,Delprato,D,5.5,5.0,False,True
7,XIAWA NO.92,Canestrelli,D,6.0,6.0,False,True
7,XIAWA NO.92,Fofana Y.,C,6.0,6.0,True,True
7,XIAWA NO.92,Nicolussi Caviglia,C,,,False,True
7,XIAWA NO.92,Zerbin,C,,,False,True
7,XIAWA NO.92,Oristanio,C,,,False,True
7,XIAWA NO.92,Giovane,A,6.0,6.0,False,True
7,XIAWA NO.92,Diao,A,5.5,5.5,False,True
7,XIAWA NO.92,Dzeko,A,6.0,6.0,False,True
7,ZLZ AND HIS FRIENDS,Skorupski,P,6.0,7.0,True,False
7,ZLZ AND HIS FRIENDS,Miranda J.,D,,,False,False
7,ZLZ AND HIS FRIENDS,Marusic,D,6.0,6.0,True,False
7,ZLZ AND HIS FRIENDS,Idzes,D,5.5,5.5,True,False
7,ZLZ AND HIS FRIENDS,Dumfries,D,6.0,6.0,True,False
7,ZLZ AND HIS FRIENDS,Zaccagni,C,6.0,6.0,True,False
7,ZLZ AND HIS FRIENDS,Zaniolo,C,7.0,9.0,True,False
7,ZLZ AND HIS FRIENDS,Freuler,C,6.0,6.0,True,False
7,ZLZ AND HIS FRIENDS,Pulisic,C,,,False,False
7,ZLZ AND HIS FRIENDS,Bonny,A,6.5,6.5,True,False
7,ZLZ AND HIS FRIENDS,Thuram,A,,,False,False
7,ZLZ AND HIS FRIENDS,Bonazzoli,A,8.0,14.0,True,True
7,ZLZ AND HIS FRIENDS,Lang,A,6.5,6.5,False,True
7,ZLZ AND HIS FRIENDS,Almqvist,A,,,False,True
7,ZLZ AND HIS FRIENDS,Colombo,A,5.5,5.5,False,True
7,ZLZ AND HIS FRIENDS,Mkhitaryan,C,,,False,True
7,ZLZ AND HIS FRIENDS,Neres,C,7.0,8.0,True,True
7,ZLZ AND HIS FRIENDS,Sucic P.,C,7.0,9.0,False,True
7,ZLZ AND HIS FRIENDS,Frendrup,C,5.5,5.5,False,True
7,ZLZ AND HIS FRIENDS,Gabbia,D,6.0,5.5,True,True
7,ZLZ AND HIS FRIENDS,Martin,D,6.0,6.0,False,True
7,ZLZ AND HIS FRIENDS,Ramon,D,6.5,6.5,False,True
7,ZLZ AND HIS FRIENDS,Kristensen T.,D,,,False,True
7,ZLZ AND HIS FRIENDS,Leali,P,6.0,3.5,False,True
7,ZLZ AND HIS FRIENDS,Ravaglia F.,P,,,False,True
7,ETERNITY,Provedel,P,6.5,7.5,True,False
7,ETERNITY,Gosens,D,6.0,6.0,True,False
7,ETERNITY,Lucumì,D,6.5,6.5,True,False
7,ETERNITY,Lazaro,D,6.0,6.0,True,False
7,ETERNITY,Bellanova,D,6.0,6.0,True,False
7,ETERNITY,Gudmundsson A.,C,5.5,5.5,True,False
7,ETERNITY,Ederson D.S.,C,6.0,6.0,True,False
7,ETERNITY,Saelemaekers,C,5.5,5.5,True,False
7,ETERNITY,Simeone,A,5.5,5.5,True,False
7,ETERNITY,Martinez L.,A,6.0,7.0,True,False
7,ETERNITY,Esposito F.P.,A,6.0,5.5,True,False
7,ETERNITY,Mandas,P,,,False,True
7,ETERNITY,Sommer,P,6.0,7.0,False,True
7,ETERNITY,Ranieri L.,D,,,False,True
7,ETERNITY,Pezzella Giu.,D,,,False,True
7,ETERNITY,Lykogiannis,D,6.5,6.0,False,True
7,ETERNITY,Maldini,C,,,False,True
7,ETERNITY,McKennie,C,6.0,6.0,False,True
7,ETERNITY,Pinamonti,A,7.0,10.0,False,True
7,ETERNITY,Camarda,A,5.0,3.0,False,True
7,NO ONE,Falcone,P,6.0,5.0,True,False
7,NO ONE,N'Dicka,D,6.0,6.0,True,False
7,NO ONE,Acerbi,D,,,False,False
7,NO ONE,Akanji,D,7.0,7.0,True,False
7,NO ONE,Gaetano,C,6.0,6.0,True,False
7,NO ONE,Ricci S.,C,7.0,9.0,True,False
7,NO ONE,Barella,C,6.5,7.5,True,False
7,NO ONE,Malinovskyi,C,5.5,5.5,True,False
7,NO ONE,Leao,A,5.5,5.5,True,False
7,NO ONE,Luvumbo,A,,,False,False
7,NO ONE,Dybala,A,6.5,7.5,True,False
7,NO ONE,Fruchtl,P,,,False,True
7,NO ONE,Samooja,P,,,False,True
7,NO ONE,Zappacosta,D,6.5,6.5,True,True
7,NO ONE,Biraghi,D,,,False,True
7,NO ONE,Ismajli,D,6.0,5.5,False,True
7,NO ONE,Angelino,D,,,False,True
7,NO ONE,Bisseck,D,6.5,6.5,False,True
7,NO ONE,Casadei,C,6.5,6.5,False,True
7,NO ONE,Fazzini,C,5.5,5.5,False,True
7,NO ONE,Samardzic,C,,,False,True
7,NO ONE,Baturina,C,,,False,True
7,NO ONE,Kean,A,5.5,5.5,True,True
7,NO ONE,Meister,A,,,False,True
7,NO ONE,Lukaku,A,,,False,True
7,WINNING MOMENT,Svilar,P,7.0,6.0,True,False
7,WINNING MOMENT,Moreno Alb.,D,,,False,False
7,WINNING MOMENT,Tomori,D,5.5,5.5,True,False
7,WINNING MOMENT,Kalulu,D,6.5,6.5,True,False
7,WINNING MOMENT,Carlos Augusto,D,,,False,False
7,WINNING MOMENT,Isaksen,C,5.5,5.5,True,False
7,WINNING MOMENT,Modric,C,6.0,5.5,True,False
7,WINNING MOMENT,Perrone,C,,,False,False
7,WINNING MOMENT,Soulè,A,6.0,6.0,True,False
7,WINNING MOMENT,Hojlund,A,5.5,5.5,True,False
7,WINNING MOMENT,David,A,6.0,6.0,True,False
7,WINNING MOMENT,Gollini,P,,,False,True
7,WINNING MOMENT,Zelezny,P,,,False,True
7,WINNING MOMENT,Sabelli,D,,,False,True
7,WINNING MOMENT,Koopmeiners,C,,,False,True
7,WINNING MOMENT,Elmas,C,5.5,5.5,True,True
7,WINNING MOMENT,Pasalic,C,7.0,8.0,False,True
7,WINNING MOMENT,Messias,C,,,False,True
7,WINNING MOMENT,Dominguez B.,A,5.5,5.5,False,True
7,WINNING MOMENT,Adams C.,A,5.5,5.5,False,True
7,WINNING MOMENT,Ngonge,A,5.5,5.5,False,True
7,WINNING MOMENT,Ahanor,D,5.5,5.5,True,True
7,WINNING MOMENT,Darmian,D,,,False,True
7,WINNING MOMENT,Estupinan,D,,,False,True
7,WINNING MOMENT,Anjorin,C,,,False,True
7,TEAM YANGTUO,De Gea,P,7.5,4.5,True,False
7,TEAM YANGTUO,Dodò,D,5.5,5.5,True,False
7,TEAM YANGTUO,Olivera,D,6.0,5.5,True,False
7,TEAM YANGTUO,Zortea,D,6.0,6.0,True,False
7,TEAM YANGTUO,Bailey,C,5.5,5.5,True,False
7,TEAM YANGTUO,Locatelli,C,6.0,6.0,True,False
7,TEAM YANGTUO,Tramoni M.,C,5.5,5.5,True,False
7,TEAM YANGTUO,Calhanoglu,C,8.0,14.0,True,False
7,TEAM YANGTUO,Dia,A,5.5,5.5,True,False
7,TEAM YANGTUO,Castro S.,A,5.5,5.5,True,False
7,TEAM YANGTUO,Gimenez,A,5.0,4.5,True,False
7,TEAM YANGTUO,Martinelli T.,P,,,False,True
7,TEAM YANGTUO,Lezzerini,P,,,False,True
7,TEAM YANGTUO,Barbieri,D,6.5,6.0,False,True
7,TEAM YANGTUO,Zhegrova,C,,,False,True
7,TEAM YANGTUO,Hermoso,D,7.0,10.0,False,True
7,TEAM YANGTUO,Gutierrez,D,,,False,True
7,TEAM YANGTUO,Nkunku,A,5.5,5.5,False,True
7,TEAM YANGTUO,Stulic,A,5.5,5.5,False,True
7,TEAM YANGTUO,Solet,D,6.0,6.0,False,True
7,TEAM YANGTUO,Rowe,C,,,False,True
7,TEAM YANGTUO,Krstovic,A,,,False,True
8,ETHANANITA,Semper,P,6.5,4.5,True,False
8,ETHANANITA,Doig,D,5.5,5.5,True,False
8,ETHANANITA,Cambiaso,D,7.0,10.0,True,False
8,ETHANANITA,Vojvoda,D,,,False,False
8,ETHANANITA,Palestra,D,6.0,6.0,True,False
8,ETHANANITA,Politano,C,5.5,5.0,True,False
8,ETHANANITA,Da Cunha,C,6.0,6.0,True,False
8,ETHANANITA,Conceicao,C,6.0,6.0,True,False
8,ETHANANITA,Pellegrino M.,A,6.0,6.0,True,False
8,ETHANANITA,Vlahovic,A,6.5,6.5,True,False
8,ETHANANITA,Openda,A,6.0,6.0,True,False
8,ETHANANITA,Caprile,P,6.5,4.5,False,True
8,ETHANANITA,Butez,P,6.0,7.0,False,True
8,ETHANANITA,Joao Mario,D,,,False,True
8,ETHANANITA,Mina,D,5.5,5.5,True,True
8,ETHANANITA,Tiago Gabriel,D,6.5,6.5,False,True
8,ETHANANITA,Angori,D,6.0,6.0,False,True
8,ETHANANITA,Loftus-Cheek,C,,,False,True
8,ETHANANITA,Vlasic,C,5.5,5.5,False,True
8,ETHANANITA,Tourè I.,C,6.0,6.0,False,True
8,ETHANANITA,Odgaard,C,6.0,6.0,False,True
8,ETHANANITA,Stanciu,C,,,False,True
8,ETHANANITA,Lucca,A,,,False,True
8,ETHANANITA,Davis K.,A,,,False,True
8,ETHANANITA,Zapata D.,A,5.5,5.5,False,True
8,TEAM YANGTUO,De Gea,P,6.0,5.0,True,False
8,TEAM YANGTUO,Dodò,D,5.5,5.5,True,False
8,TEAM YANGTUO,Olivera,D,,,False,False
8,TEAM YANGTUO,Solet,D,6.5,6.5,True,False
8,TEAM YANGTUO,Hermoso,D,6.5,6.0,True,False
8,TEAM YANGTUO,Locatelli,C,7.0,7.0,True,False
8,TEAM YANGTUO,Tramoni M.,C,,,False,False
8,TEAM YANGTUO,Bailey,C,5.5,5.5,True,False
8,TEAM YANGTUO,Dia,A,5.0,5.0,True,False
8,TEAM YANGTUO,Castro S.,A,7.5,13.0,True,False
8,TEAM YANGTUO,Krstovic,A,5.0,4.5,True,False
8,TEAM YANGTUO,Martinelli T.,P,,,False,True
8,TEAM YANGTUO,Lezzerini,P,,,False,True
8,TEAM YANGTUO,Barbieri,D,6.0,6.0,True,True
8,TEAM YANGTUO,Calhanoglu,C,7.0,9.0,True,True
8,TEAM YANGTUO,Zhegrova,C,,,False,True
8,TEAM YANGTUO,Gutierrez,D,6.0,6.0,False,True
8,TEAM YANGTUO,Stulic,A,6.0,6.0,False,True
8,TEAM YANGTUO,Rowe,C,6.5,6.5,False,True
8,TEAM YANGTUO,Zortea,D,,,False,True
8,TEAM YANGTUO,Lobotka,C,,,False,True
8,TEAM YANGTUO,Gimenez,A,,,False,True
8,TEAM YANGTUO,Nkunku,A,5.5,5.5,False,True
8,GOODBYE,Milinkovic-Savic V.,P,7.0,11.0,True,False
8,GOODBYE,Bastoni,D,5.5,5.5,True,False
8,GOODBYE,Mancini,D,5.5,5.0,True,False
8,GOODBYE,Tsimikas,D,,,False,False
8,GOODBYE,Valle,D,6.0,6.0,True,False
8,GOODBYE,Konè M.,C,6.0,6.0,True,False
8,GOODBYE,Pellegrini Lo.,C,6.0,6.0,True,False
8,GOODBYE,Cristante,C,6.0,6.0,True,False
8,GOODBYE,Scamacca,A,5.5,5.5,True,False
8,GOODBYE,Lookman,A,5.5,5.5,True,False
8,GOODBYE,Cambiaghi,A,6.5,7.0,True,False
8,GOODBYE,Meret,P,,,False,True
8,GOODBYE,Vasquez D.,P,,,False,True
8,GOODBYE,Idrissi R.,D,,,False,True
8,GOODBYE,Ghilardi,D,,,False,True
8,GOODBYE,Ziolkowski,D,,,False,True
8,GOODBYE,El Aynaoui,C,6.0,5.5,False,True
8,GOODBYE,El Shaarawy,C,,,False,True
8,GOODBYE,Zielinski,C,7.0,9.0,False,True
8,GOODBYE,Rog,C,,,False,True
8,GOODBYE,Kaba,C,,,False,True
8,GOODBYE,Morata,A,5.0,3.0,False,True
8,GOODBYE,Buffon L.,A,,,False,True
8,XIAWA NO.92,Maignan,P,7.0,11.0,True,False
8,XIAWA NO.92,Spinazzola,D,5.5,5.5,True,False
8,XIAWA NO.92,Buongiorno,D,6.0,6.0,True,False
8,XIAWA NO.92,Vasquez,D,6.5,6.5,True,False
8,XIAWA NO.92,Terracciano F.,D,5.0,5.0,True,False
8,XIAWA NO.92,Vandeputte,C,6.0,6.0,True,False
8,XIAWA NO.92,Paz N.,C,5.5,5.5,True,False
8,XIAWA NO.92,Thuram K.,C,6.0,6.0,True,False
8,XIAWA NO.92,Laurientè,A,6.0,6.0,True,False
8,XIAWA NO.92,Esposito Se.,A,5.5,5.5,True,False
8,XIAWA NO.92,Rodriguez Je.,A,,,False,False
8,XIAWA NO.92,Terracciano,P,,,False,True
8,XIAWA NO.92,Torriani,P,,,False,True
8,XIAWA NO.92,Delprato,D,5.5,5.5,False,True
8,XIAWA NO.92,Canestrelli,D,5.0,5.0,False,True
8,XIAWA NO.92,Luperto,D,5.0,5.0,False,True
8,XIAWA NO.92,Fofana Y.,C,5.5,5.0,False,True
8,XIAWA NO.92,Nicolussi Caviglia,C,5.0,4.5,False,True
8,XIAWA NO.92,Zerbin,C,,,False,True
8,XIAWA NO.92,Oristanio,C,,,False,True
8,XIAWA NO.92,Diao,A,6.5,6.5,True,True
8,XIAWA NO.92,Giovane,A,7.0,9.0,False,True
8,XIAWA NO.92,Dzeko,A,5.0,5.0,False,True
8,NO ONE,Falcone,P,7.0,8.0,True,False
8,NO ONE,Zappacosta,D,5.5,5.5,True,False
8,NO ONE,N'Dicka,D,5.5,5.5,True,False
8,NO ONE,Acerbi,D,,,False,False
8,NO ONE,Akanji,D,6.0,6.0,True,False
8,NO ONE,Fazzini,C,5.5,5.5,True,False
8,NO ONE,Barella,C,6.5,6.5,True,False
8,NO ONE,Casadei,C,5.5,5.0,True,False
8,NO ONE,Malinovskyi,C,7.0,8.5,True,False
8,NO ONE,Kean,A,5.0,4.5,True,False
8,NO ONE,Dybala,A,5.0,3.0,True,False
8,NO ONE,Fruchtl,P,,,False,True
8,NO ONE,Samooja,P,,,False,True
8,NO ONE,Biraghi,D,6.0,6.0,True,True
8,NO ONE,Ismajli,D,6.0,7.0,False,True
8,NO ONE,Angelino,D,,,False,True
8,NO ONE,Bisseck,D,6.0,5.5,False,True
8,NO ONE,Ricci S.,C,6.0,6.0,False,True
8,NO ONE,Gaetano,C,5.5,5.0,False,True
8,NO ONE,Samardzic,C,5.5,5.5,False,True
8,NO ONE,Baturina,C,,,False,True
8,NO ONE,Leao,A,6.5,7.5,False,True
8,NO ONE,Luvumbo,A,5.5,5.5,False,True
8,NO ONE,Meister,A,5.5,5.5,False,True
8,NO ONE,Lukaku,A,,,False,True
8,SEPTWOLVES,Carnesecchi,P,6.5,5.5,True,False
8,SEPTWOLVES,Rrahmani,D,6.5,6.5,True,False
8,SEPTWOLVES,Kossounou,D,6.0,6.0,True,False
8,SEPTWOLVES,Hien,D,5.5,5.5,True,False
8,SEPTWOLVES,Wesley,D,6.0,5.5,True,False
8,SEPTWOLVES,Sohm,C,5.0,5.0,True,False
8,SEPTWOLVES,Guendouzi,C,7.0,7.5,True,False
8,SEPTWOLVES,Zambo Anguissa,C,6.0,5.5,True,False
8,SEPTWOLVES,Orsolini,C,6.0,6.0,True,False
8,SEPTWOLVES,De Ketelaere,A,5.5,5.0,True,False
8,SEPTWOLVES,Dovbyk,A,5.5,5.5,True,False
8,SEPTWOLVES,Castellanos,A,,,False,True
8,SEPTWOLVES,Cancellieri,A,,,False,True
8,SEPTWOLVES,Ferguson E.,A,,,False,True
8,SEPTWOLVES,Cutrone,A,5.5,5.5,False,True
8,SEPTWOLVES,Rovella,C,,,False,True
8,SEPTWOLVES,Bernabè,C,7.0,9.0,False,True
8,SEPTWOLVES,Folorunsho,C,6.0,6.0,False,True
8,SEPTWOLVES,Lovric,C,,,False,True
8,SEPTWOLVES,Cabal,D,,,False,True
8,SEPTWOLVES,Juan Jesus,D,,,False,True
8,SEPTWOLVES,Floriani Mussolini,D,5.5,5.5,False,True
8,SEPTWOLVES,Lovik,D,,,False,True
8,SEPTWOLVES,Rossi F.,P,,,False,True
8,SEPTWOLVES,Sportiello,P,,,False,True
8,TEAM WOLFLING,Di Gregorio,P,6.0,5.0,True,False
8,TEAM WOLFLING,Dimarco,D,6.0,6.0,True,False
8,TEAM WOLFLING,Pavlovic,D,7.5,10.5,True,False
8,TEAM WOLFLING,Gatti,D,5.0,5.0,True,False
8,TEAM WOLFLING,Zalewski,C,5.0,5.0,True,False
8,TEAM WOLFLING,Mandragora,C,5.0,5.0,True,False
8,TEAM WOLFLING,McTominay,C,6.5,6.5,True,False
8,TEAM WOLFLING,Atta,C,7.0,7.0,True,False
8,TEAM WOLFLING,Frattesi,C,,,False,False
8,TEAM WOLFLING,Buksa,A,6.5,6.5,True,False
8,TEAM WOLFLING,Berardi,A,7.0,9.0,True,False
8,TEAM WOLFLING,Perin,P,,,False,True
8,TEAM WOLFLING,Di Lorenzo,D,5.5,5.5,False,True
8,TEAM WOLFLING,Bianchetti,D,5.5,5.0,False,True
8,TEAM WOLFLING,Comuzzo,D,5.5,5.5,False,True
8,TEAM WOLFLING,Volpato,C,,,False,True
8,TEAM WOLFLING,Vazquez,C,6.5,6.5,True,True
8,TEAM WOLFLING,Asllani,C,,,False,True
8,TEAM WOLFLING,Vardy,A,7.0,9.0,False,True
8,TEAM WOLFLING,Douvikas,A,,,False,True
8,TEAM WOLFLING,Pedro,A,,,False,True
8,TEAM WOLFLING,Piccoli,A,5.0,5.0,False,True
8,TEAM WOLFLING,Veiga D.,D,6.0,5.5,False,True
8,TEAM WOLFLING,Baschirotto,D,5.5,5.5,False,True
8,WINNING MOMENT,Svilar,P,7.0,6.0,True,False
8,WINNING MOMENT,Estupinan,D,,,False,False
8,WINNING MOMENT,Kalulu,D,6.5,6.5,True,False
8,WINNING MOMENT,Carlos Augusto,D,6.0,6.0,True,False
8,WINNING MOMENT,Isaksen,C,7.0,10.0,True,False
8,WINNING MOMENT,Modric,C,6.5,6.5,True,False
8,WINNING MOMENT,Pasalic,C,5.5,5.5,True,False
8,WINNING MOMENT,Koopmeiners,C,6.0,6.0,True,False
8,WINNING MOMENT,Adams C.,A,7.0,10.0,True,False
8,WINNING MOMENT,Hojlund,A,5.5,5.5,True,False
8,WINNING MOMENT,Soulè,A,6.0,6.0,True,False
8,WINNING MOMENT,Gollini,P,,,False,True
8,WINNING MOMENT,Zelezny,P,,,False,True
8,WINNING MOMENT,Sabelli,D,,,False,True
8,WINNING MOMENT,Moreno Alb.,D,,,False,True
8,WINNING MOMENT,Ahanor,D,,,False,True
8,WINNING MOMENT,Tomori,D,,,False,True
8,WINNING MOMENT,Perrone,C,6.0,5.5,False,True
8,WINNING MOMENT,Elmas,C,5.5,5.0,False,True
8,WINNING MOMENT,Messias,C,6.0,6.0,False,True
8,WINNING MOMENT,Anjorin,C,,,False,True
8,WINNING MOMENT,David,A,,,False,True
8,WINNING MOMENT,Dominguez B.,A,,,False,True
8,WINNING MOMENT,Ngonge,A,6.0,6.0,False,True
8,ZLZ AND HIS FRIENDS,Skorupski,P,6.0,5.0,True,False
8,ZLZ AND HIS FRIENDS,Miranda J.,D,7.0,9.0,True,False
8,ZLZ AND HIS FRIENDS,Marusic,D,6.5,6.5,True,False
8,ZLZ AND HIS FRIENDS,Idzes,D,6.0,6.0,True,False
8,ZLZ AND HIS FRIENDS,Dumfries,D,6.0,6.0,True,False
8,ZLZ AND HIS FRIENDS,Zaccagni,C,7.0,10.0,True,False
8,ZLZ AND HIS FRIENDS,Zaniolo,C,7.0,11.0,True,False
8,ZLZ AND HIS FRIENDS,Sucic P.,C,5.5,5.5,True,False
8,ZLZ AND HIS FRIENDS,Pulisic,C,,,False,False
8,ZLZ AND HIS FRIENDS,Thuram,A,,,False,False
8,ZLZ AND HIS FRIENDS,Bonazzoli,A,5.5,5.5,True,False
8,ZLZ AND HIS FRIENDS,Bonny,A,5.5,5.5,True,True
8,ZLZ AND HIS FRIENDS,Lang,A,6.0,6.0,False,True
8,ZLZ AND HIS FRIENDS,Almqvist,A,,,False,True
8,ZLZ AND HIS FRIENDS,Colombo,A,5.0,5.0,False,True
8,ZLZ AND HIS FRIENDS,Neres,C,5.5,5.5,True,True
8,ZLZ AND HIS FRIENDS,Mkhitaryan,C,,,False,True
8,ZLZ AND HIS FRIENDS,Freuler,C,6.0,6.0,False,True
8,ZLZ AND HIS FRIENDS,Frendrup,C,6.0,6.0,False,True
8,ZLZ AND HIS FRIENDS,Gabbia,D,6.5,6.5,False,True
8,ZLZ AND HIS FRIENDS,Martin,D,6.5,7.5,False,True
8,ZLZ AND HIS FRIENDS,Ramon,D,6.5,6.5,False,True
8,ZLZ AND HIS FRIENDS,Kristensen T.,D,,,False,True
8,ZLZ AND HIS FRIENDS,Leali,P,6.0,5.0,False,True
8,ZLZ AND HIS FRIENDS,Ravaglia F.,P,,,False,True
8,ETERNITY,Sommer,P,5.5,4.5,True,False
8,ETERNITY,Tavares N.,D,,,False,False
8,ETERNITY,Ranieri L.,D,5.0,4.5,True,False
8,ETERNITY,Lazaro,D,6.0,6.0,True,False
8,ETERNITY,Bellanova,D,6.0,6.0,True,False
8,ETERNITY,Gudmundsson A.,C,5.5,5.5,True,False
8,ETERNITY,Ederson D.S.,C,5.5,5.0,True,False
8,ETERNITY,Saelemaekers,C,6.5,6.5,True,False
8,ETERNITY,Simeone,A,6.5,8.5,True,False
8,ETERNITY,Martinez L.,A,5.5,5.5,True,False
8,ETERNITY,Pinamonti,A,5.5,5.5,True,False
8,ETERNITY,Provedel,P,6.0,7.0,False,True
8,ETERNITY,Mandas,P,,,False,True
8,ETERNITY,Lucumì,D,6.0,6.0,True,True
8,ETERNITY,Pezzella Giu.,D,,,False,True
8,ETERNITY,Lykogiannis,D,,,False,True
8,ETERNITY,McKennie,C,6.0,6.0,False,True
8,ETERNITY,Jashari,C,,,False,True
8,ETERNITY,Esposito F.P.,A,6.0,6.0,False,True
8,ETERNITY,Immobile,A,,,False,True
8,ETERNITY,Camarda,A,,,False,True
9,SEPTWOLVES,Carnesecchi,P,5.0,2.0,True,False
9,SEPTWOLVES,Rrahmani,D,5.0,5.0,True,False
9,SEPTWOLVES,Kossounou,D,5.5,5.5,True,False
9,SEPTWOLVES,Hien,D,4.5,4.5,True,False
9,SEPTWOLVES,Wesley,D,6.0,6.0,True,False
9,SEPTWOLVES,Bernabè,C,7.0,9.0,True,False
9,SEPTWOLVES,Folorunsho,C,5.5,5.5,True,False
9,SEPTWOLVES,Zambo Anguissa,C,5.5,5.5,True,False
9,SEPTWOLVES,Orsolini,C,6.0,5.5,True,False
9,SEPTWOLVES,De Ketelaere,A,5.5,5.5,True,False
9,SEPTWOLVES,Dovbyk,A,6.0,6.0,True,False
9,SEPTWOLVES,Castellanos,A,,,False,True
9,SEPTWOLVES,Cancellieri,A,,,False,True
9,SEPTWOLVES,Ferguson E.,A,,,False,True
9,SEPTWOLVES,Cutrone,A,6.0,6.0,False,True
9,SEPTWOLVES,Rovella,C,,,False,True
9,SEPTWOLVES,Guendouzi,C,5.5,5.5,False,True
9,SEPTWOLVES,Sohm,C,6.5,7.5,False,True
9,SEPTWOLVES,Lovric,C,,,False,True
9,SEPTWOLVES,Cabal,D,,,False,True
9,SEPTWOLVES,Juan Jesus,D,,,False,True
9,SEPTWOLVES,Floriani Mussolini,D,6.0,6.0,False,True
9,SEPTWOLVES,Lovik,D,5.5,5.5,False,True
9,SEPTWOLVES,Rossi F.,P,,,False,True
9,SEPTWOLVES,Sportiello,P,,,False,True
9,ZLZ AND HIS FRIENDS,Skorupski,P,,,False,False
9,ZLZ AND HIS FRIENDS,Miranda J.,D,6.5,6.5,True,False
9,ZLZ AND HIS FRIENDS,Martin,D,6.5,7.0,True,False
9,ZLZ AND HIS FRIENDS,Idzes,D,7.0,7.0,True,False
9,ZLZ AND HIS FRIENDS,Dumfries,D,5.5,5.0,True,False
9,ZLZ AND HIS FRIENDS,Zaccagni,C,6.5,6.0,True,False
9,ZLZ AND HIS FRIENDS,Zaniolo,C,5.0,5.0,True,False
9,ZLZ AND HIS FRIENDS,Pulisic,C,5.5,5.5,True,False
9,ZLZ AND HIS FRIENDS,Neres,C,5.5,5.0,True,False
9,ZLZ AND HIS FRIENDS,Thuram,A,6.0,6.0,True,False
9,ZLZ AND HIS FRIENDS,Bonazzoli,A,6.0,6.0,True,False
9,ZLZ AND HIS FRIENDS,Bonny,A,7.0,9.0,False,True
9,ZLZ AND HIS FRIENDS,Colombo,A,5.5,6.5,False,True
9,ZLZ AND HIS FRIENDS,Lang,A,5.5,5.0,False,True
9,ZLZ AND HIS FRIENDS,Almqvist,A,,,False,True
9,ZLZ AND HIS FRIENDS,Sucic P.,C,6.0,5.5,False,True
9,ZLZ AND HIS FRIENDS,Mkhitaryan,C,,,False,True
9,ZLZ AND HIS FRIENDS,Freuler,C,,,False,True
9,ZLZ AND HIS FRIENDS,Frendrup,C,6.0,6.0,False,True
9,ZLZ AND HIS FRIENDS,Gabbia,D,6.0,6.0,False,True
9,ZLZ AND HIS FRIENDS,Marusic,D,5.5,5.5,False,True
9,ZLZ AND HIS FRIENDS,Ramon,D,6.5,6.5,False,True
9,ZLZ AND HIS FRIENDS,Kristensen T.,D,,,False,True
9,ZLZ AND HIS FRIENDS,Leali,P,6.5,4.5,True,True
9,ZLZ AND HIS FRIENDS,Ravaglia F.,P,,,False,True
9,XIAWA NO.92,Maignan,P,6.0,4.0,True,False
9,XIAWA NO.92,Canestrelli,D,6.0,6.0,True,False
9,XIAWA NO.92,Buongiorno,D,5.5,5.5,True,False
9,XIAWA NO.92,Vasquez,D,5.5,5.5,True,False
9,XIAWA NO.92,Terracciano F.,D,6.0,5.5,True,False
9,XIAWA NO.92,Vandeputte,C,6.5,6.5,True,False
9,XIAWA NO.92,Paz N.,C,6.5,6.5,True,False
9,XIAWA NO.92,Thuram K.,C,6.5,6.5,True,False
9,XIAWA NO.92,Laurientè,A,6.0,6.0,True,False
9,XIAWA NO.92,Giovane,A,5.5,5.5,True,False
9,XIAWA NO.92,Diao,A,5.0,5.0,True,False
9,XIAWA NO.92,Terracciano,P,,,False,True
9,XIAWA NO.92,Torriani,P,,,False,True
9,XIAWA NO.92,Spinazzola,D,,,False,True
9,XIAWA NO.92,Valeri,D,6.0,6.0,False,True
9,XIAWA NO.92,Delprato,D,7.5,11.5,False,True
9,XIAWA NO.92,Luperto,D,6.5,6.5,False,True
9,XIAWA NO.92,Fofana Y.,C,5.0,5.0,False,True
9,XIAWA NO.92,Nicolussi Caviglia,C,5.5,5.5,False,True
9,XIAWA NO.92,Zerbin,C,,,False,True
9,XIAWA NO.92,Collocolo,C,,,False,True
9,XIAWA NO.92,Oristanio,C,,,False,True
9,XIAWA NO.92,Rodriguez Je.,A,6.0,6.0,False,True
9,XIAWA NO.92,Esposito Se.,A,5.5,5.5,False,True
9,XIAWA NO.92,Dzeko,A,6.0,6.0,False,True
9,ETHANANITA,Butez,P,6.5,7.5,True,False
9,ETHANANITA,Doig,D,,,False,False
9,ETHANANITA,Cambiaso,D,5.5,5.5,True,False
9,ETHANANITA,Vojvoda,D,,,False,False
9,ETHANANITA,Palestra,D,6.5,6.5,True,False
9,ETHANANITA,Odgaard,C,6.0,6.0,True,False
9,ETHANANITA,Da Cunha,C,,,False,False
9,ETHANANITA,Politano,C,5.0,5.0,True,False
9,ETHANANITA,Conceicao,C,6.0,6.0,True,False
9,ETHANANITA,Openda,A,,,False,False
9,ETHANANITA,Vlahovic,A,5.5,5.5,True,False
9,ETHANANITA,Caprile,P,7.0,9.0,False,True
9,ETHANANITA,Semper,P,6.5,7.5,False,True
9,ETHANANITA,Tiago Gabriel,D,6.5,6.5,True,True
9,ETHANANITA,Joao Mario,D,,,False,True
9,ETHANANITA,Angori,D,,,False,True
9,ETHANANITA,Mina,D,7.0,7.0,True,True
9,ETHANANITA,Loftus-Cheek,C,6.0,6.0,True,True
9,ETHANANITA,Tourè I.,C,7.0,11.0,False,True
9,ETHANANITA,Vlasic,C,6.0,6.0,False,True
9,ETHANANITA,Stanciu,C,,,False,True
9,ETHANANITA,Pellegrino M.,A,6.5,6.5,True,True
9,ETHANANITA,Davis K.,A,6.0,6.0,False,True
9,ETHANANITA,Zapata D.,A,,,False,True
9,ETHANANITA,Lucca,A,,,False,True
9,TEAM YANGTUO,De Gea,P,6.5,6.5,True,False
9,TEAM YANGTUO,Dodò,D,5.5,5.0,True,False
9,TEAM YANGTUO,Olivera,D,,,False,False
9,TEAM YANGTUO,Barbieri,D,5.5,5.5,True,False
9,TEAM YANGTUO,Hermoso,D,6.5,6.5,True,False
9,TEAM YANGTUO,Locatelli,C,6.0,6.0,True,False
9,TEAM YANGTUO,Tramoni M.,C,6.5,7.5,True,False
9,TEAM YANGTUO,Calhanoglu,C,6.5,6.5,True,False
9,TEAM YANGTUO,Stulic,A,5.5,5.5,True,False
9,TEAM YANGTUO,Castro S.,A,,,False,False
9,TEAM YANGTUO,Krstovic,A,5.0,5.0,True,False
9,TEAM YANGTUO,Martinelli T.,P,,,False,True
9,TEAM YANGTUO,Lezzerini,P,,,False,True
9,TEAM YANGTUO,Zhegrova,C,6.0,6.0,False,True
9,TEAM YANGTUO,Gutierrez,D,5.5,5.5,True,True
9,TEAM YANGTUO,Rowe,C,6.0,6.0,False,True
9,TEAM YANGTUO,Zortea,D,,,False,True
9,TEAM YANGTUO,Lobotka,C,5.5,5.5,False,True
9,TEAM YANGTUO,Nkunku,A,6.0,7.0,True,True
9,TEAM YANGTUO,Dia,A,5.5,5.5,False,True
9,TEAM YANGTUO,Solet,D,5.5,5.5,False,True
9,TEAM WOLFLING,Di Gregorio,P,6.5,7.5,True,False
9,TEAM WOLFLING,Dimarco,D,7.0,9.0,True,False
9,TEAM WOLFLING,Pavlovic,D,5.5,5.5,True,False
9,TEAM WOLFLING,Gatti,D,6.0,6.0,True,False
9,TEAM WOLFLING,Baschirotto,D,5.5,5.5,True,False
9,TEAM WOLFLING,Bianchetti,D,6.0,6.0,True,False
9,TEAM WOLFLING,McTominay,C,5.5,5.5,True,False
9,TEAM WOLFLING,Atta,C,5.5,5.5,True,False
9,TEAM WOLFLING,Frattesi,C,,,False,False
9,TEAM WOLFLING,Vardy,A,5.5,5.5,True,False
9,TEAM WOLFLING,Berardi,A,8.5,15.5,True,False
9,TEAM WOLFLING,Perin,P,,,False,True
9,TEAM WOLFLING,Veiga D.,D,6.0,6.0,False,True
9,TEAM WOLFLING,Di Lorenzo,D,5.0,5.0,False,True
9,TEAM WOLFLING,Comuzzo,D,,,False,True
9,TEAM WOLFLING,Mandragora,C,5.5,5.5,True,True
9,TEAM WOLFLING,Vazquez,C,6.5,6.5,False,True
9,TEAM WOLFLING,Zalewski,C,,,False,True
9,TEAM WOLFLING,Asllani,C,6.0,5.5,False,True
9,TEAM WOLFLING,Douvikas,A,5.5,5.5,False,True
9,TEAM WOLFLING,Pedro,A,6.0,6.0,False,True
9,TEAM WOLFLING,Piccoli,A,7.0,9.0,False,True
9,TEAM WOLFLING,Buksa,A,5.5,5.5,False,True
9,ETERNITY,Sommer,P,6.0,7.0,True,False
9,ETERNITY,Tavares N.,D,,,False,False
9,ETERNITY,Ranieri L.,D,5.0,4.5,True,False
9,ETERNITY,Lazaro,D,6.0,6.0,True,False
9,ETERNITY,Bellanova,D,5.0,5.0,True,False
9,ETERNITY,Gudmundsson A.,C,7.0,9.0,True,False
9,ETERNITY,Ederson D.S.,C,5.5,5.5,True,False
9,ETERNITY,Saelemaekers,C,7.0,9.0,True,False
9,ETERNITY,Simeone,A,6.0,6.0,True,False
9,ETERNITY,Martinez L.,A,7.0,10.0,True,False
9,ETERNITY,Pinamonti,A,7.5,9.5,True,False
9,ETERNITY,Provedel,P,6.0,4.0,False,True
9,ETERNITY,Mandas,P,,,False,True
9,ETERNITY,Lucumì,D,7.5,10.5,True,True
9,ETERNITY,Lykogiannis,D,,,False,True
9,ETERNITY,McKennie,C,6.0,6.0,False,True
9,ETERNITY,Jashari,C,,,False,True
9,ETERNITY,Maldini,C,,,False,True
9,ETERNITY,Esposito F.P.,A,,,False,True
9,ETERNITY,Immobile,A,,,False,True
9,ETERNITY,Camarda,A,6.0,6.0,False,True
9,GOODBYE,Milinkovic-Savic V.,P,5.5,3.5,True,False
9,GOODBYE,Bastoni,D,6.5,7.5,True,False
9,GOODBYE,Mancini,D,6.5,7.5,True,False
9,GOODBYE,Tsimikas,D,,,False,False
9,GOODBYE,Konè M.,C,6.5,6.5,True,False
9,GOODBYE,Zielinski,C,6.5,6.5,True,False
9,GOODBYE,Cristante,C,6.5,6.0,True,False
9,GOODBYE,Pellegrini Lo.,C,7.0,10.5,True,False
9,GOODBYE,Yildiz,A,6.0,6.0,True,False
9,GOODBYE,Lookman,A,5.0,5.0,True,False
9,GOODBYE,Cambiaghi,A,7.0,8.0,True,False
9,GOODBYE,Meret,P,,,False,True
9,GOODBYE,Vasquez D.,P,,,False,True
9,GOODBYE,Valle,D,6.5,6.5,True,True
9,GOODBYE,Idrissi R.,D,,,False,True
9,GOODBYE,Ghilardi,D,,,False,True
9,GOODBYE,Ziolkowski,D,,,False,True
9,GOODBYE,El Aynaoui,C,6.0,6.0,False,True
9,GOODBYE,El Shaarawy,C,6.0,6.0,False,True
9,GOODBYE,Rog,C,,,False,True
9,GOODBYE,Kaba,C,,,False,True
9,GOODBYE,Scamacca,A,5.5,5.5,False,True
9,GOODBYE,Morata,A,4.5,4.0,False,True
9,GOODBYE,Buffon L.,A,,,False,True
9,WINNING MOMENT,Svilar,P,6.5,7.5,True,False
9,WINNING MOMENT,Tomori,D,,,False,False
9,WINNING MOMENT,Kalulu,D,6.5,6.5,True,False
9,WINNING MOMENT,Carlos Augusto,D,6.5,6.5,True,False
9,WINNING MOMENT,Perrone,C,5.5,5.0,True,False
9,WINNING MOMENT,Modric,C,6.0,5.5,True,False
9,WINNING MOMENT,Pasalic,C,4.5,4.5,True,False
9,WINNING MOMENT,Koopmeiners,C,6.0,6.0,True,False
9,WINNING MOMENT,David,A,5.5,5.5,True,False
9,WINNING MOMENT,Hojlund,A,5.0,4.5,True,False
9,WINNING MOMENT,Soulè,A,6.0,6.0,True,False
9,WINNING MOMENT,Gollini,P,,,False,True
9,WINNING MOMENT,Zelezny,P,,,False,True
9,WINNING MOMENT,Estupinan,D,5.0,5.0,True,True
9,WINNING MOMENT,Ahanor,D,5.0,5.0,False,True
9,WINNING MOMENT,Sabelli,D,,,False,True
9,WINNING MOMENT,Moreno Alb.,D,,,False,True
9,WINNING MOMENT,Isaksen,C,5.5,5.5,False,True
9,WINNING MOMENT,Elmas,C,5.0,5.0,False,True
9,WINNING MOMENT,Messias,C,,,False,True
9,WINNING MOMENT,Anjorin,C,,,False,True
9,WINNING MOMENT,Adams C.,A,6.0,6.0,False,True
9,WINNING MOMENT,Ngonge,A,6.0,6.0,False,True
9,WINNING MOMENT,Dominguez B.,A,,,False,True
9,WINNING MOMENT,Darmian,D,,,False,True
9,NO ONE,Falcone,P,6.0,7.0,True,False
9,NO ONE,Zappacosta,D,5.0,5.0,True,False
9,NO ONE,N'Dicka,D,6.0,6.0,True,False
9,NO ONE,Bisseck,D,,,False,False
9,NO ONE,Akanji,D,6.0,5.5,True,False
9,NO ONE,Samardzic,C,4.5,4.5,True,False
9,NO ONE,Barella,C,6.5,6.5,True,False
9,NO ONE,Ricci S.,C,5.5,5.5,True,False
9,NO ONE,Fazzini,C,,,False,False
9,NO ONE,Leao,A,7.0,9.0,True,False
9,NO ONE,Kean,A,,,False,False
9,NO ONE,Fruchtl,P,,,False,True
9,NO ONE,Samooja,P,,,False,True
9,NO ONE,Acerbi,D,6.0,6.0,True,True
9,NO ONE,Biraghi,D,,,False,True
9,NO ONE,Ismajli,D,7.0,7.0,False,True
9,NO ONE,Angelino,D,,,False,True
9,NO ONE,Gaetano,C,6.0,6.0,True,True
9,NO ONE,Casadei,C,6.0,6.0,False,True
9,NO ONE,Malinovskyi,C,,,False,True
9,NO ONE,Baturina,C,5.5,5.5,False,True
9,NO ONE,Luvumbo,A,5.5,5.5,True,True
9,NO ONE,Meister,A,,,False,True
9,NO ONE,Dybala,A,,,False,True
9,NO ONE,Lukaku,A,,,False,True
10,ETERNITY,Provedel,P,6.5,7.5,True,False
10,ETERNITY,Tavares N.,D,,,False,False
10,ETERNITY,Lucumì,D,,,False,False
10,ETERNITY,Lazaro,D,5.0,5.0,True,False
10,ETERNITY,Bellanova,D,6.0,7.0,True,False
10,ETERNITY,Gudmundsson A.,C,6.0,6.0,True,False
10,ETERNITY,Rabiot,C,6.5,6.5,True,False
10,ETERNITY,Ederson D.S.,C,6.0,6.0,True,False
10,ETERNITY,Saelemaekers,C,6.5,6.5,True,False
10,ETERNITY,Martinez L.,A,6.0,6.0,True,False
10,ETERNITY,Pinamonti,A,5.0,5.0,True,False
10,ETERNITY,Mandas,P,,,False,True
10,ETERNITY,Sommer,P,5.5,4.5,False,True
10,ETERNITY,Ranieri L.,D,6.0,6.0,True,True
10,ETERNITY,Pezzella Giu.,D,5.0,5.0,True,True
10,ETERNITY,Lykogiannis,D,,,False,True
10,ETERNITY,McKennie,C,6.0,5.5,False,True
10,ETERNITY,Jashari,C,,,False,True
10,ETERNITY,Maldini,C,,,False,True
10,ETERNITY,Esposito F.P.,A,,,False,True
10,ETERNITY,Immobile,A,,,False,True
10,ETERNITY,Camarda,A,5.0,5.0,False,True
10,ETHANANITA,Butez,P,6.0,5.0,True,False
10,ETHANANITA,Doig,D,6.0,6.0,True,False
10,ETHANANITA,Cambiaso,D,6.0,6.0,True,False
10,ETHANANITA,Mina,D,5.5,5.0,True,False
10,ETHANANITA,Palestra,D,6.5,7.5,True,False
10,ETHANANITA,Conceicao,C,6.5,6.5,True,False
10,ETHANANITA,Odgaard,C,,,False,False
10,ETHANANITA,Politano,C,6.0,6.0,True,False
10,ETHANANITA,Davis K.,A,5.5,5.5,True,False
10,ETHANANITA,Vlahovic,A,5.5,6.0,True,False
10,ETHANANITA,Pellegrino M.,A,7.5,13.0,True,False
10,ETHANANITA,Caprile,P,5.0,2.0,False,True
10,ETHANANITA,Semper,P,6.5,4.5,False,True
10,ETHANANITA,Tiago Gabriel,D,5.0,5.0,False,True
10,ETHANANITA,Vojvoda,D,6.0,6.0,False,True
10,ETHANANITA,Joao Mario,D,,,False,True
10,ETHANANITA,Angori,D,6.0,6.0,False,True
10,ETHANANITA,Da Cunha,C,7.0,7.0,True,True
10,ETHANANITA,Tourè I.,C,6.0,6.0,False,True
10,ETHANANITA,Vlasic,C,7.0,9.0,False,True
10,ETHANANITA,Loftus-Cheek,C,,,False,True
10,ETHANANITA,Stanciu,C,,,False,True
10,ETHANANITA,Zapata D.,A,5.0,5.0,False,True
10,ETHANANITA,Lucca,A,6.0,6.0,False,True
10,ETHANANITA,Openda,A,,,False,True
10,SEPTWOLVES,Carnesecchi,P,5.5,2.5,True,False
10,SEPTWOLVES,Rrahmani,D,6.0,6.0,True,False
10,SEPTWOLVES,Kossounou,D,6.0,6.0,True,False
10,SEPTWOLVES,Hien,D,5.0,5.0,True,False
10,SEPTWOLVES,Wesley,D,7.0,10.0,True,False
10,SEPTWOLVES,Bernabè,C,6.0,6.0,True,False
10,SEPTWOLVES,Folorunsho,C,6.0,6.0,True,False
10,SEPTWOLVES,Guendouzi,C,7.0,10.5,True,False
10,SEPTWOLVES,Orsolini,C,6.0,5.0,True,False
10,SEPTWOLVES,De Ketelaere,A,6.0,6.0,True,False
10,SEPTWOLVES,Ferguson E.,A,7.0,10.0,True,False
10,SEPTWOLVES,Castellanos,A,,,False,True
10,SEPTWOLVES,Cancellieri,A,,,False,True
10,SEPTWOLVES,Dovbyk,A,,,False,True
10,SEPTWOLVES,Cutrone,A,6.0,6.0,False,True
10,SEPTWOLVES,Zambo Anguissa,C,,,False,True
10,SEPTWOLVES,Rovella,C,,,False,True
10,SEPTWOLVES,Sohm,C,5.5,5.5,False,True
10,SEPTWOLVES,Lovric,C,,,False,True
10,SEPTWOLVES,Cabal,D,5.5,5.0,False,True
10,SEPTWOLVES,Juan Jesus,D,6.0,5.5,False,True
10,SEPTWOLVES,Floriani Mussolini,D,5.5,5.5,False,True
10,SEPTWOLVES,Lovik,D,5.5,5.5,False,True
10,SEPTWOLVES,Rossi F.,P,,,False,True
10,SEPTWOLVES,Sportiello,P,,,False,True
10,GOODBYE,Milinkovic-Savic V.,P,6.0,5.0,True,False
10,GOODBYE,Bastoni,D,6.0,6.0,True,False
10,GOODBYE,Mancini,D,6.0,6.0,True,False
10,GOODBYE,Tsimikas,D,,,False,False
10,GOODBYE,Konè M.,C,6.5,7.5,True,False
10,GOODBYE,Zielinski,C,6.0,6.0,True,False
10,GOODBYE,Cristante,C,6.5,6.5,True,False
10,GOODBYE,Pellegrini Lo.,C,6.0,6.0,True,False
10,GOODBYE,Yildiz,A,6.0,6.0,True,False
10,GOODBYE,Lookman,A,5.5,5.5,True,False
10,GOODBYE,Cambiaghi,A,,,False,False
10,GOODBYE,Meret,P,,,False,True
10,GOODBYE,Vasquez D.,P,,,False,True
10,GOODBYE,Valle,D,6.5,6.5,True,True
10,GOODBYE,Idrissi R.,D,6.0,6.0,False,True
10,GOODBYE,Ghilardi,D,,,False,True
10,GOODBYE,Ziolkowski,D,5.5,5.0,False,True
10,GOODBYE,El Aynaoui,C,6.5,7.0,False,True
10,GOODBYE,El Shaarawy,C,6.5,7.5,False,True
10,GOODBYE,Rog,C,,,False,True
10,GOODBYE,Kaba,C,6.0,6.0,False,True
10,GOODBYE,Morata,A,6.0,6.0,True,True
10,GOODBYE,Scamacca,A,7.0,9.0,False,True
10,GOODBYE,Buffon L.,A,,,False,True
10,TEAM YANGTUO,De Gea,P,6.5,5.5,True,False
10,TEAM YANGTUO,Solet,D,5.5,5.5,True,False
10,TEAM YANGTUO,Gutierrez,D,6.0,6.0,True,False
10,TEAM YANGTUO,Zortea,D,6.0,6.0,True,False
10,TEAM YANGTUO,Lobotka,C,6.0,6.0,True,False
10,TEAM YANGTUO,Locatelli,C,6.5,6.5,True,False
10,TEAM YANGTUO,Tramoni M.,C,5.0,5.0,True,False
10,TEAM YANGTUO,Calhanoglu,C,4.5,2.0,True,False
10,TEAM YANGTUO,Nkunku,A,6.0,6.0,True,False
10,TEAM YANGTUO,Castro S.,A,5.5,5.5,True,False
10,TEAM YANGTUO,Dia,A,6.0,6.0,True,False
10,TEAM YANGTUO,Martinelli T.,P,,,False,True
10,TEAM YANGTUO,Lezzerini,P,,,False,True
10,TEAM YANGTUO,Bailey,C,,,False,True
10,TEAM YANGTUO,Zhegrova,C,,,False,True
10,TEAM YANGTUO,Olivera,D,,,False,True
10,TEAM YANGTUO,Dodò,D,5.5,5.5,False,True
10,TEAM YANGTUO,Krstovic,A,,,False,True
10,TEAM YANGTUO,Barbieri,D,5.5,5.5,False,True
10,TEAM YANGTUO,Stulic,A,5.5,5.5,False,True
10,XIAWA NO.92,Maignan,P,8.0,12.0,True,False
10,XIAWA NO.92,Valeri,D,6.0,6.0,True,False
10,XIAWA NO.92,Luperto,D,5.5,5.0,True,False
10,XIAWA NO.92,Buongiorno,D,6.5,6.5,True,False
10,XIAWA NO.92,Delprato,D,5.5,5.0,True,False
10,XIAWA NO.92,Vandeputte,C,5.5,5.5,True,False
10,XIAWA NO.92,Paz N.,C,7.0,9.0,True,False
10,XIAWA NO.92,Thuram K.,C,5.5,5.5,True,False
10,XIAWA NO.92,Laurientè,A,6.0,6.0,True,False
10,XIAWA NO.92,Giovane,A,5.5,7.0,True,False
10,XIAWA NO.92,Esposito Se.,A,7.0,9.0,True,False
10,XIAWA NO.92,Terracciano,P,,,False,True
10,XIAWA NO.92,Torriani,P,,,False,True
10,XIAWA NO.92,Vasquez,D,5.5,5.5,False,True
10,XIAWA NO.92,Terracciano F.,D,5.0,5.0,False,True
10,XIAWA NO.92,Canestrelli,D,6.0,6.0,False,True
10,XIAWA NO.92,Spinazzola,D,,,False,True
10,XIAWA NO.92,Fofana Y.,C,6.5,6.5,False,True
10,XIAWA NO.92,Oristanio,C,,,False,True
10,XIAWA NO.92,Nicolussi Caviglia,C,,,False,True
10,XIAWA NO.92,Zerbin,C,,,False,True
10,XIAWA NO.92,Collocolo,C,,,False,True
10,XIAWA NO.92,Rodriguez Je.,A,7.0,9.0,False,True
10,XIAWA NO.92,Dzeko,A,,,False,True
10,XIAWA NO.92,Diao,A,,,False,True
10,TEAM WOLFLING,Di Gregorio,P,6.0,5.0,True,False
10,TEAM WOLFLING,Dimarco,D,6.5,6.5,True,False
10,TEAM WOLFLING,Pavlovic,D,6.0,5.5,True,False
10,TEAM WOLFLING,Gatti,D,,,False,False
10,TEAM WOLFLING,Baschirotto,D,5.5,5.5,True,False
10,TEAM WOLFLING,Bianchetti,D,5.0,5.0,True,False
10,TEAM WOLFLING,McTominay,C,7.0,8.0,True,False
10,TEAM WOLFLING,Atta,C,6.5,6.5,True,False
10,TEAM WOLFLING,Frattesi,C,,,False,False
10,TEAM WOLFLING,Vardy,A,5.0,5.0,True,False
10,TEAM WOLFLING,Berardi,A,5.5,5.5,True,False
10,TEAM WOLFLING,Perin,P,,,False,True
10,TEAM WOLFLING,Di Lorenzo,D,6.5,7.5,True,True
10,TEAM WOLFLING,Veiga D.,D,5.5,5.5,False,True
10,TEAM WOLFLING,Comuzzo,D,,,False,True
10,TEAM WOLFLING,Mandragora,C,7.0,9.5,True,True
10,TEAM WOLFLING,Vazquez,C,6.0,7.0,False,True
10,TEAM WOLFLING,Zalewski,C,6.0,6.0,False,True
10,TEAM WOLFLING,Asllani,C,5.0,5.0,False,True
10,TEAM WOLFLING,Douvikas,A,6.0,6.0,False,True
10,TEAM WOLFLING,Pedro,A,,,False,True
10,TEAM WOLFLING,Piccoli,A,5.0,5.0,False,True
10,TEAM WOLFLING,Buksa,A,5.5,5.5,False,True
10,NO ONE,Falcone,P,6.5,4.5,True,False
10,NO ONE,Zappacosta,D,5.5,5.0,True,False
10,NO ONE,N'Dicka,D,6.5,6.5,True,False
10,NO ONE,Bisseck,D,,,False,False
10,NO ONE,Akanji,D,5.5,5.5,True,False
10,NO ONE,Casadei,C,5.5,5.5,True,False
10,NO ONE,Barella,C,6.0,6.0,True,False
10,NO ONE,Malinovskyi,C,6.0,6.0,True,False
10,NO ONE,Gaetano,C,6.0,6.0,True,False
10,NO ONE,Leao,A,5.0,4.5,True,False
10,NO ONE,Kean,A,7.0,9.0,True,False
10,NO ONE,Fruchtl,P,,,False,True
10,NO ONE,Samooja,P,,,False,True
10,NO ONE,Acerbi,D,6.5,6.5,True,True
10,NO ONE,Ismajli,D,,,False,True
10,NO ONE,Biraghi,D,,,False,True
10,NO ONE,Angelino,D,,,False,True
10,NO ONE,Fazzini,C,,,False,True
10,NO ONE,Samardzic,C,6.0,6.0,False,True
10,NO ONE,Ricci S.,C,6.0,6.0,False,True
10,NO ONE,Baturina,C,6.5,8.5,False,True
10,NO ONE,Luvumbo,A,5.5,5.5,False,True
10,NO ONE,Meister,A,7.0,9.0,False,True
10,NO ONE,Dybala,A,,,False,True
10,NO ONE,Lukaku,A,,,False,True
10,WINNING MOMENT,Svilar,P,7.0,6.0,True,False
10,WINNING MOMENT,Tomori,D,6.5,6.5,True,False
10,WINNING MOMENT,Kalulu,D,6.0,6.0,True,False
10,WINNING MOMENT,Carlos Augusto,D,6.0,6.0,True,False
10,WINNING MOMENT,Perrone,C,7.5,9.5,True,False
10,WINNING MOMENT,Modric,C,6.0,6.0,True,False
10,WINNING MOMENT,Pasalic,C,5.0,5.0,True,False
10,WINNING MOMENT,Koopmeiners,C,5.5,5.5,True,False
10,WINNING MOMENT,David,A,,,False,False
10,WINNING MOMENT,Hojlund,A,6.5,7.5,True,False
10,WINNING MOMENT,Soulè,A,7.0,9.0,True,False
10,WINNING MOMENT,Gollini,P,,,False,True
10,WINNING MOMENT,Zelezny,P,,,False,True
10,WINNING MOMENT,Estupinan,D,,,False,True
10,WINNING MOMENT,Ahanor,D,4.5,4.5,False,True
10,WINNING MOMENT,Sabelli,D,,,False,True
10,WINNING MOMENT,Moreno Alb.,D,,,False,True
10,WINNING MOMENT,Isaksen,C,6.5,6.5,False,True
10,WINNING MOMENT,Elmas,C,6.0,6.0,False,True
10,WINNING MOMENT,Messias,C,,,False,True
10,WINNING MOMENT,Anjorin,C,5.0,5.0,False,True
10,WINNING MOMENT,Adams C.,A,,,False,True
10,WINNING MOMENT,Ngonge,A,5.5,5.5,True,True
10,WINNING MOMENT,Dominguez B.,A,5.5,5.5,False,True
10,WINNING MOMENT,Darmian,D,,,False,True
10,ZLZ AND HIS FRIENDS,Leali,P,6.0,3.0,True,False
10,ZLZ AND HIS FRIENDS,Miranda J.,D,6.5,6.5,True,False
10,ZLZ AND HIS FRIENDS,Martin,D,6.5,9.5,True,False
10,ZLZ AND HIS FRIENDS,Idzes,D,6.0,6.0,True,False
10,ZLZ AND HIS FRIENDS,Dumfries,D,,,False,False
10,ZLZ AND HIS FRIENDS,Zaccagni,C,6.5,6.5,True,False
10,ZLZ AND HIS FRIENDS,Zaniolo,C,5.5,5.5,True,False
10,ZLZ AND HIS FRIENDS,Pulisic,C,7.0,10.0,True,False
10,ZLZ AND HIS FRIENDS,Neres,C,7.5,13.5,True,False
10,ZLZ AND HIS FRIENDS,Thuram,A,6.5,6.5,True,False
10,ZLZ AND HIS FRIENDS,Colombo,A,6.5,7.5,True,False
10,ZLZ AND HIS FRIENDS,Bonazzoli,A,6.0,6.0,False,True
10,ZLZ AND HIS FRIENDS,Bonny,A,5.5,5.5,False,True
10,ZLZ AND HIS FRIENDS,Lang,A,7.0,9.0,False,True
10,ZLZ AND HIS FRIENDS,Almqvist,A,,,False,True
10,ZLZ AND HIS FRIENDS,Sucic P.,C,6.0,6.0,False,True
10,ZLZ AND HIS FRIENDS,Mkhitaryan,C,,,False,True
10,ZLZ AND HIS FRIENDS,Freuler,C,,,False,True
10,ZLZ AND HIS FRIENDS,Frendrup,C,6.5,6.5,False,True
10,ZLZ AND HIS FRIENDS,Marusic,D,6.5,6.5,True,True
10,ZLZ AND HIS FRIENDS,Gabbia,D,6.0,6.0,False,True
10,ZLZ AND HIS FRIENDS,Ramon,D,7.0,9.0,False,True
10,ZLZ AND HIS FRIENDS,Kristensen T.,D,,,False,True
10,ZLZ AND HIS FRIENDS,Skorupski,P,,,False,True
10,ZLZ AND HIS FRIENDS,Ravaglia F.,P,6.5,7.5,False,True
11,ETHANANITA,Butez,P,6.0,7.0,True,False
11,ETHANANITA,Cambiaso,D,6.0,5.5,True,False
11,ETHANANITA,Tiago Gabriel,D,6.0,6.0,True,False
11,ETHANANITA,Vojvoda,D,6.0,6.0,True,False
11,ETHANANITA,Palestra,D,7.0,8.0,True,False
11,ETHANANITA,Da Cunha,C,6.0,6.0,True,False
11,ETHANANITA,Odgaard,C,5.0,5.0,True,False
11,ETHANANITA,Conceicao,C,6.5,6.5,True,False
11,ETHANANITA,Davis K.,A,7.5,9.0,True,False
11,ETHANANITA,Vlahovic,A,6.0,6.0,True,False
11,ETHANANITA,Pellegrino M.,A,6.0,6.0,True,False
11,ETHANANITA,Caprile,P,6.0,4.0,False,True
11,ETHANANITA,Semper,P,,,False,True
11,ETHANANITA,Mina,D,,,False,True
11,ETHANANITA,Doig,D,6.0,6.0,False,True
11,ETHANANITA,Angori,D,6.0,6.0,False,True
11,ETHANANITA,Joao Mario,D,,,False,True
11,ETHANANITA,Vlasic,C,6.0,7.0,False,True
11,ETHANANITA,Politano,C,6.0,6.0,False,True
11,ETHANANITA,Tourè I.,C,6.0,6.0,False,True
11,ETHANANITA,Loftus-Cheek,C,6.0,6.0,False,True
11,ETHANANITA,Stanciu,C,,,False,True
11,ETHANANITA,Zapata D.,A,6.0,6.0,False,True
11,ETHANANITA,Openda,A,,,False,True
11,ETHANANITA,Lucca,A,,,False,True
11,SEPTWOLVES,Carnesecchi,P,7.0,8.0,True,False
11,SEPTWOLVES,Cabal,D,,,False,False
11,SEPTWOLVES,Kossounou,D,7.0,10.0,True,False
11,SEPTWOLVES,Hien,D,6.5,6.0,True,False
11,SEPTWOLVES,Wesley,D,5.5,5.5,True,False
11,SEPTWOLVES,Bernabè,C,5.5,5.5,True,False
11,SEPTWOLVES,Sohm,C,5.0,5.0,True,False
11,SEPTWOLVES,Orsolini,C,6.5,8.5,True,False
11,SEPTWOLVES,Cutrone,A,5.5,5.5,True,False
11,SEPTWOLVES,Ferguson E.,A,5.5,5.5,True,False
11,SEPTWOLVES,De Ketelaere,A,7.0,9.0,True,False
11,SEPTWOLVES,Castellanos,A,6.0,6.0,False,True
11,SEPTWOLVES,Cancellieri,A,,,False,True
11,SEPTWOLVES,Dovbyk,A,,,False,True
11,SEPTWOLVES,Zambo Anguissa,C,,,False,True
11,SEPTWOLVES,Rovella,C,,,False,True
11,SEPTWOLVES,Folorunsho,C,5.5,5.0,False,True
11,SEPTWOLVES,Guendouzi,C,6.0,6.0,False,True
11,SEPTWOLVES,Lovric,C,,,False,True
11,SEPTWOLVES,Rrahmani,D,7.0,7.0,True,True
11,SEPTWOLVES,Juan Jesus,D,,,False,True
11,SEPTWOLVES,Floriani Mussolini,D,,,False,True
11,SEPTWOLVES,Lovik,D,,,False,True
11,SEPTWOLVES,Rossi F.,P,,,False,True
11,SEPTWOLVES,Sportiello,P,,,False,True
11,ZLZ AND HIS FRIENDS,Skorupski,P,,,False,False
11,ZLZ AND HIS FRIENDS,Miranda J.,D,5.5,5.5,True,False
11,ZLZ AND HIS FRIENDS,Martin,D,6.5,6.5,True,False
11,ZLZ AND HIS FRIENDS,Dumfries,D,,,False,False
11,ZLZ AND HIS FRIENDS,Zaccagni,C,6.0,5.5,True,False
11,ZLZ AND HIS FRIENDS,Zaniolo,C,7.0,11.0,True,False
11,ZLZ AND HIS FRIENDS,Pulisic,C,,,False,False
11,ZLZ AND HIS FRIENDS,Neres,C,7.0,11.0,True,False
11,ZLZ AND HIS FRIENDS,Thuram,A,5.5,5.5,True,False
11,ZLZ AND HIS FRIENDS,Colombo,A,7.0,9.0,True,False
11,ZLZ AND HIS FRIENDS,Bonny,A,,,False,False
11,ZLZ AND HIS FRIENDS,Bonazzoli,A,6.5,7.5,True,True
11,ZLZ AND HIS FRIENDS,Lang,A,6.0,6.0,False,True
11,ZLZ AND HIS FRIENDS,Almqvist,A,,,False,True
11,ZLZ AND HIS FRIENDS,Sucic P.,C,5.5,5.5,True,True
11,ZLZ AND HIS FRIENDS,Mkhitaryan,C,,,False,True
11,ZLZ AND HIS FRIENDS,Freuler,C,,,False,True
11,ZLZ AND HIS FRIENDS,Frendrup,C,6.5,6.5,False,True
11,ZLZ AND HIS FRIENDS,Ramon,D,6.0,5.5,True,True
11,ZLZ AND HIS FRIENDS,Marusic,D,6.0,6.0,False,True
11,ZLZ AND HIS FRIENDS,Gabbia,D,6.5,6.0,False,True
11,ZLZ AND HIS FRIENDS,Idzes,D,5.0,5.0,False,True
11,ZLZ AND HIS FRIENDS,Kristensen T.,D,,,False,True
11,ZLZ AND HIS FRIENDS,Ravaglia F.,P,6.0,3.0,True,True
11,ZLZ AND HIS FRIENDS,Leali,P,6.5,5.5,False,True
11,TEAM WOLFLING,Di Gregorio,P,,,False,False
11,TEAM WOLFLING,Dimarco,D,6.0,6.0,True,False
11,TEAM WOLFLING,Pavlovic,D,6.0,6.0,True,False
11,TEAM WOLFLING,Gatti,D,,,False,False
11,TEAM WOLFLING,Baschirotto,D,7.0,7.0,True,False
11,TEAM WOLFLING,Mandragora,C,5.5,5.0,True,False
11,TEAM WOLFLING,McTominay,C,6.5,6.5,True,False
11,TEAM WOLFLING,Atta,C,6.0,5.5,True,False
11,TEAM WOLFLING,Frattesi,C,,,False,False
11,TEAM WOLFLING,Vardy,A,8.0,14.0,True,False
11,TEAM WOLFLING,Berardi,A,6.0,6.0,True,False
11,TEAM WOLFLING,Perin,P,6.0,5.0,True,True
11,TEAM WOLFLING,Di Lorenzo,D,6.5,6.5,True,True
11,TEAM WOLFLING,Bianchetti,D,6.0,7.0,False,True
11,TEAM WOLFLING,Veiga D.,D,6.0,6.0,False,True
11,TEAM WOLFLING,Comuzzo,D,6.0,6.0,False,True
11,TEAM WOLFLING,Vazquez,C,,,False,True
11,TEAM WOLFLING,Volpato,C,5.5,5.5,True,True
11,TEAM WOLFLING,Zalewski,C,6.0,6.0,False,True
11,TEAM WOLFLING,Asllani,C,4.5,2.5,False,True
11,TEAM WOLFLING,Douvikas,A,7.0,10.0,False,True
11,TEAM WOLFLING,Pedro,A,6.0,6.0,False,True
11,TEAM WOLFLING,Piccoli,A,5.5,5.5,False,True
11,TEAM WOLFLING,Buksa,A,6.0,6.0,False,True
11,NO ONE,Falcone,P,7.5,8.5,True,False
11,NO ONE,Zappacosta,D,6.5,6.5,True,False
11,NO ONE,N'Dicka,D,5.5,5.0,True,False
11,NO ONE,Ismajli,D,,,False,False
11,NO ONE,Akanji,D,6.5,6.5,True,False
11,NO ONE,Casadei,C,5.5,5.0,True,False
11,NO ONE,Barella,C,6.5,7.5,True,False
11,NO ONE,Malinovskyi,C,6.0,6.0,True,False
11,NO ONE,Baturina,C,6.0,6.0,True,False
11,NO ONE,Leao,A,7.0,10.0,True,False
11,NO ONE,Kean,A,5.5,5.5,True,False
11,NO ONE,Fruchtl,P,,,False,True
11,NO ONE,Samooja,P,,,False,True
11,NO ONE,Acerbi,D,6.0,5.5,True,True
11,NO ONE,Bisseck,D,6.0,6.0,False,True
11,NO ONE,Biraghi,D,,,False,True
11,NO ONE,Angelino,D,,,False,True
11,NO ONE,Fazzini,C,,,False,True
11,NO ONE,Samardzic,C,,,False,True
11,NO ONE,Ricci S.,C,,,False,True
11,NO ONE,Gaetano,C,,,False,True
11,NO ONE,Luvumbo,A,,,False,True
11,NO ONE,Meister,A,6.0,6.0,False,True
11,NO ONE,Dybala,A,6.0,6.0,False,True
11,NO ONE,Lukaku,A,,,False,True
11,TEAM YANGTUO,De Gea,P,6.5,4.5,True,False
11,TEAM YANGTUO,Solet,D,6.5,6.5,True,False
11,TEAM YANGTUO,Barbieri,D,7.0,8.0,True,False
11,TEAM YANGTUO,Hermoso,D,6.0,6.0,True,False
11,TEAM YANGTUO,Bailey,C,,,False,False
11,TEAM YANGTUO,Locatelli,C,6.0,6.0,True,False
11,TEAM YANGTUO,Tramoni M.,C,5.5,5.5,True,False
11,TEAM YANGTUO,Calhanoglu,C,6.5,6.5,True,False
11,TEAM YANGTUO,Stulic,A,5.5,5.5,True,False
11,TEAM YANGTUO,Castro S.,A,5.5,5.5,True,False
11,TEAM YANGTUO,Dia,A,5.5,5.5,True,False
11,TEAM YANGTUO,Martinelli T.,P,,,False,True
11,TEAM YANGTUO,Lezzerini,P,,,False,True
11,TEAM YANGTUO,Zhegrova,C,,,False,True
11,TEAM YANGTUO,Dodò,D,5.0,5.0,False,True
11,TEAM YANGTUO,Krstovic,A,6.0,6.0,False,True
11,TEAM YANGTUO,Zortea,D,5.5,5.5,False,True
11,TEAM YANGTUO,Nkunku,A,5.0,5.0,False,True
11,TEAM YANGTUO,Lobotka,C,6.0,5.5,True,True
11,TEAM YANGTUO,Olivera,D,6.0,5.5,False,True
11,XIAWA NO.92,Maignan,P,7.0,8.0,True,False
11,XIAWA NO.92,Valeri,D,6.0,6.0,True,False
11,XIAWA NO.92,Vasquez,D,6.5,6.5,True,False
11,XIAWA NO.92,Buongiorno,D,6.5,6.5,True,False
11,XIAWA NO.92,Delprato,D,5.5,5.5,True,False
11,XIAWA NO.92,Fofana Y.,C,6.0,6.0,True,False
11,XIAWA NO.92,Paz N.,C,7.0,9.0,True,False
11,XIAWA NO.92,Thuram K.,C,6.5,6.5,True,False
11,XIAWA NO.92,Laurientè,A,5.5,5.5,True,False
11,XIAWA NO.92,Giovane,A,6.0,6.0,True,False
11,XIAWA NO.92,Rodriguez Je.,A,5.5,5.5,True,False
11,XIAWA NO.92,Terracciano,P,,,False,True
11,XIAWA NO.92,Torriani,P,,,False,True
11,XIAWA NO.92,Spinazzola,D,,,False,True
11,XIAWA NO.92,Terracciano F.,D,6.0,5.5,False,True
11,XIAWA NO.92,Canestrelli,D,5.5,5.5,False,True
11,XIAWA NO.92,Luperto,D,5.5,5.5,False,True
11,XIAWA NO.92,Oristanio,C,,,False,True
11,XIAWA NO.92,Nicolussi Caviglia,C,,,False,True
11,XIAWA NO.92,Vandeputte,C,6.5,6.5,False,True
11,XIAWA NO.92,Zerbin,C,6.0,6.0,False,True
11,XIAWA NO.92,Collocolo,C,,,False,True
11,XIAWA NO.92,Esposito Se.,A,7.0,9.0,False,True
11,XIAWA NO.92,Dzeko,A,,,False,True
11,XIAWA NO.92,Diao,A,,,False,True
11,ETERNITY,Sommer,P,6.0,7.0,True,False
11,ETERNITY,Tavares N.,D,,,False,False
11,ETERNITY,Ranieri L.,D,6.0,6.0,True,False
11,ETERNITY,Lazaro,D,6.0,6.0,True,False
11,ETERNITY,Bellanova,D,6.0,6.0,True,False
11,ETERNITY,Gudmundsson A.,C,5.5,5.5,True,False
11,ETERNITY,Rabiot,C,6.0,6.0,True,False
11,ETERNITY,Ederson D.S.,C,6.0,6.0,True,False
11,ETERNITY,Saelemaekers,C,6.5,6.5,True,False
11,ETERNITY,Martinez L.,A,7.5,13.5,True,False
11,ETERNITY,Pinamonti,A,5.0,5.0,True,False
11,ETERNITY,Provedel,P,6.0,5.0,False,True
11,ETERNITY,Mandas,P,,,False,True
11,ETERNITY,Gosens,D,,,False,True
11,ETERNITY,Lucumì,D,5.0,5.0,True,True
11,ETERNITY,Pezzella Giu.,D,6.0,5.5,False,True
11,ETERNITY,Lykogiannis,D,,,False,True
11,ETERNITY,McKennie,C,6.5,6.5,False,True
11,ETERNITY,Jashari,C,,,False,True
11,ETERNITY,Maldini,C,,,False,True
11,ETERNITY,Esposito F.P.,A,7.0,8.0,False,True
11,ETERNITY,Immobile,A,,,False,True
11,ETERNITY,Camarda,A,,,False,True
11,GOODBYE,Milinkovic-Savic V.,P,6.5,7.5,True,False
11,GOODBYE,Bastoni,D,6.0,6.0,True,False
11,GOODBYE,Mancini,D,6.0,6.0,True,False
11,GOODBYE,Valle,D,,,False,False
11,GOODBYE,Konè M.,C,5.0,5.0,True,False
11,GOODBYE,Zielinski,C,6.5,6.5,True,False
11,GOODBYE,Cristante,C,5.0,4.5,True,False
11,GOODBYE,Pellegrini Lo.,C,6.5,6.5,True,False
11,GOODBYE,Yildiz,A,7.5,13.5,True,False
11,GOODBYE,Lookman,A,7.0,9.0,True,False
11,GOODBYE,Scamacca,A,6.0,6.0,True,False
11,GOODBYE,Meret,P,,,False,True
11,GOODBYE,Vasquez D.,P,,,False,True
11,GOODBYE,Idrissi R.,D,5.5,5.5,True,True
11,GOODBYE,Ziolkowski,D,,,False,True
11,GOODBYE,Ghilardi,D,,,False,True
11,GOODBYE,Tsimikas,D,,,False,True
11,GOODBYE,El Aynaoui,C,6.0,6.0,False,True
11,GOODBYE,El Shaarawy,C,,,False,True
11,GOODBYE,Rog,C,,,False,True
11,GOODBYE,Kaba,C,,,False,True
11,GOODBYE,Cambiaghi,A,6.0,6.0,False,True
11,GOODBYE,Morata,A,,,False,True
11,GOODBYE,Buffon L.,A,,,False,True
11,WINNING MOMENT,Svilar,P,6.5,5.5,True,False
11,WINNING MOMENT,Tomori,D,6.5,8.0,True,False
11,WINNING MOMENT,Kalulu,D,6.5,7.5,True,False
11,WINNING MOMENT,Carlos Augusto,D,,,False,False
11,WINNING MOMENT,Pasalic,C,6.0,6.0,True,False
11,WINNING MOMENT,Modric,C,6.0,6.0,True,False
11,WINNING MOMENT,Isaksen,C,6.0,6.0,True,False
11,WINNING MOMENT,Perrone,C,6.5,6.5,True,False
11,WINNING MOMENT,Dominguez B.,A,5.5,5.5,True,False
11,WINNING MOMENT,Adams C.,A,6.5,8.5,True,False
11,WINNING MOMENT,Soulè,A,5.0,5.0,True,False
11,WINNING MOMENT,Gollini,P,,,False,True
11,WINNING MOMENT,Zelezny,P,,,False,True
11,WINNING MOMENT,Estupinan,D,,,False,True
11,WINNING MOMENT,Sabelli,D,,,False,True
11,WINNING MOMENT,Moreno Alb.,D,7.0,9.0,True,True
11,WINNING MOMENT,Ahanor,D,,,False,True
11,WINNING MOMENT,Koopmeiners,C,6.0,6.0,False,True
11,WINNING MOMENT,Elmas,C,,,False,True
11,WINNING MOMENT,Anjorin,C,,,False,True
11,WINNING MOMENT,David,A,5.5,5.5,False,True
11,WINNING MOMENT,Ngonge,A,5.5,5.0,False,True
11,WINNING MOMENT,Hojlund,A,6.5,7.5,False,True
12,WINNING MOMENT,Svilar,P,7.0,6.0,True,False
12,WINNING MOMENT,Tomori,D,5.5,6.0,True,False
12,WINNING MOMENT,Kalulu,D,6.0,5.5,True,False
12,WINNING MOMENT,Carlos Augusto,D,7.0,9.0,True,False
12,WINNING MOMENT,Pasalic,C,6.0,6.0,True,False
12,WINNING MOMENT,Modric,C,6.5,6.5,True,False
12,WINNING MOMENT,Isaksen,C,7.0,9.0,True,False
12,WINNING MOMENT,Perrone,C,6.0,5.5,True,False
12,WINNING MOMENT,Dominguez B.,A,,,False,False
12,WINNING MOMENT,Adams C.,A,6.0,6.0,True,False
12,WINNING MOMENT,Soulè,A,6.0,6.0,True,False
12,WINNING MOMENT,Gollini,P,,,False,True
12,WINNING MOMENT,Zelezny,P,,,False,True
12,WINNING MOMENT,Estupinan,D,,,False,True
12,WINNING MOMENT,Sabelli,D,,,False,True
12,WINNING MOMENT,Moreno Alb.,D,,,False,True
12,WINNING MOMENT,Ahanor,D,,,False,True
12,WINNING MOMENT,Koopmeiners,C,5.0,5.0,False,True
12,WINNING MOMENT,Elmas,C,5.5,5.5,False,True
12,WINNING MOMENT,Anjorin,C,6.0,5.5,False,True
12,WINNING MOMENT,David,A,6.0,6.0,True,True
12,WINNING MOMENT,Ngonge,A,,,False,True
12,WINNING MOMENT,Hojlund,A,8.0,14.0,False,True
12,ETHANANITA,Butez,P,6.5,2.5,True,False
12,ETHANANITA,Angori,D,6.0,6.0,True,False
12,ETHANANITA,Doig,D,6.5,6.5,True,False
12,ETHANANITA,Palestra,D,7.0,7.0,True,False
12,ETHANANITA,Vlasic,C,7.0,10.0,True,False
12,ETHANANITA,Da Cunha,C,5.0,5.0,True,False
12,ETHANANITA,Odgaard,C,6.5,9.5,True,False
12,ETHANANITA,Conceicao,C,5.5,5.5,True,False
12,ETHANANITA,Tourè I.,C,6.0,5.5,True,False
12,ETHANANITA,Davis K.,A,6.0,6.0,True,False
12,ETHANANITA,Pellegrino M.,A,5.5,5.5,True,False
12,ETHANANITA,Caprile,P,6.0,7.0,False,True
12,ETHANANITA,Semper,P,,,False,True
12,ETHANANITA,Cambiaso,D,5.5,5.5,False,True
12,ETHANANITA,Tiago Gabriel,D,5.5,5.5,False,True
12,ETHANANITA,Joao Mario,D,,,False,True
12,ETHANANITA,Vojvoda,D,5.0,5.0,False,True
12,ETHANANITA,Mina,D,,,False,True
12,ETHANANITA,Politano,C,,,False,True
12,ETHANANITA,Loftus-Cheek,C,6.0,6.0,False,True
12,ETHANANITA,Stanciu,C,,,False,True
12,ETHANANITA,Openda,A,6.0,6.0,False,True
12,ETHANANITA,Zapata D.,A,6.5,8.5,False,True
12,ETHANANITA,Lucca,A,,,False,True
12,ETHANANITA,Vlahovic,A,,,False,True
12,TEAM WOLFLING,Di Gregorio,P,6.5,4.5,True,False
12,TEAM WOLFLING,Dimarco,D,7.0,9.0,True,False
12,TEAM WOLFLING,Pavlovic,D,5.5,5.5,True,False
12,TEAM WOLFLING,Bianchetti,D,6.5,6.0,True,False
12,TEAM WOLFLING,Baschirotto,D,7.0,7.0,True,False
12,TEAM WOLFLING,Di Lorenzo,D,6.0,6.0,True,False
12,TEAM WOLFLING,McTominay,C,6.5,6.5,True,False
12,TEAM WOLFLING,Mandragora,C,6.0,7.5,True,False
12,TEAM WOLFLING,Vazquez,C,,,False,False
12,TEAM WOLFLING,Volpato,C,7.5,11.5,True,False
12,TEAM WOLFLING,Vardy,A,6.0,6.0,True,False
12,TEAM WOLFLING,Perin,P,,,False,True
12,TEAM WOLFLING,Veiga D.,D,5.0,5.0,False,True
12,TEAM WOLFLING,Comuzzo,D,5.5,5.5,False,True
12,TEAM WOLFLING,Frattesi,C,,,False,True
12,TEAM WOLFLING,Zalewski,C,5.5,5.5,True,True
12,TEAM WOLFLING,Asllani,C,5.0,5.0,False,True
12,TEAM WOLFLING,Douvikas,A,5.0,5.0,False,True
12,TEAM WOLFLING,Pedro,A,,,False,True
12,TEAM WOLFLING,Piccoli,A,5.5,5.5,False,True
12,TEAM WOLFLING,Buksa,A,6.0,6.0,False,True
12,GOODBYE,Milinkovic-Savic V.,P,6.0,5.0,True,False
12,GOODBYE,Bastoni,D,6.5,6.5,True,False
12,GOODBYE,Mancini,D,5.0,5.0,True,False
12,GOODBYE,Tsimikas,D,5.5,5.5,True,False
12,GOODBYE,Konè M.,C,6.0,6.0,True,False
12,GOODBYE,El Aynaoui,C,5.5,5.5,True,False
12,GOODBYE,Cristante,C,5.5,5.5,True,False
12,GOODBYE,Pellegrini Lo.,C,5.5,5.5,True,False
12,GOODBYE,Yildiz,A,7.0,9.0,True,False
12,GOODBYE,Lookman,A,5.0,5.0,True,False
12,GOODBYE,Scamacca,A,6.5,8.5,True,False
12,GOODBYE,Meret,P,,,False,True
12,GOODBYE,Vasquez D.,P,,,False,True
12,GOODBYE,Bremer,D,,,False,True
12,GOODBYE,Ziolkowski,D,,,False,True
12,GOODBYE,Ghilardi,D,4.5,4.5,False,True
12,GOODBYE,Valle,D,5.0,5.0,False,True
12,GOODBYE,Idrissi R.,D,6.0,6.0,False,True
12,GOODBYE,Zielinski,C,6.0,6.0,False,True
12,GOODBYE,El Shaarawy,C,,,False,True
12,GOODBYE,Rog,C,,,False,True
12,GOODBYE,Kaba,C,6.0,6.0,False,True
12,GOODBYE,Cambiaghi,A,5.5,5.0,False,True
12,GOODBYE,Morata,A,5.5,5.5,False,True
12,GOODBYE,Buffon L.,A,,,False,True
12,SEPTWOLVES,Carnesecchi,P,6.0,3.0,True,False
12,SEPTWOLVES,Rrahmani,D,6.5,6.5,True,False
12,SEPTWOLVES,Kossounou,D,5.5,5.5,True,False
12,SEPTWOLVES,Hien,D,5.0,5.0,True,False
12,SEPTWOLVES,Wesley,D,,,False,False
12,SEPTWOLVES,Bernabè,C,6.0,6.0,True,False
12,SEPTWOLVES,Sohm,C,5.5,5.5,True,False
12,SEPTWOLVES,Orsolini,C,6.0,6.0,True,False
12,SEPTWOLVES,Ferguson E.,A,5.5,5.5,True,False
12,SEPTWOLVES,Castellanos,A,5.5,5.5,True,False
12,SEPTWOLVES,De Ketelaere,A,5.5,5.5,True,False
12,SEPTWOLVES,Dovbyk,A,,,False,True
12,SEPTWOLVES,Cancellieri,A,6.0,6.0,False,True
12,SEPTWOLVES,Cutrone,A,,,False,True
12,SEPTWOLVES,Zambo Anguissa,C,,,False,True
12,SEPTWOLVES,Rovella,C,,,False,True
12,SEPTWOLVES,Guendouzi,C,6.5,6.5,False,True
12,SEPTWOLVES,Folorunsho,C,7.0,6.5,False,True
12,SEPTWOLVES,Lovric,C,,,False,True
12,SEPTWOLVES,Juan Jesus,D,,,False,True
12,SEPTWOLVES,Cabal,D,5.5,5.5,True,True
12,SEPTWOLVES,Floriani Mussolini,D,6.5,6.5,False,True
12,SEPTWOLVES,Lovik,D,,,False,True
12,SEPTWOLVES,Rossi F.,P,,,False,True
12,SEPTWOLVES,Sportiello,P,,,False,True
12,XIAWA NO.92,Maignan,P,6.0,3.5,True,False
12,XIAWA NO.92,Valeri,D,6.0,5.5,True,False
12,XIAWA NO.92,Vasquez,D,6.5,6.5,True,False
12,XIAWA NO.92,Buongiorno,D,6.5,6.0,True,False
12,XIAWA NO.92,Terracciano F.,D,6.5,6.5,True,False
12,XIAWA NO.92,Vandeputte,C,6.5,6.5,True,False
12,XIAWA NO.92,Paz N.,C,5.5,5.5,True,False
12,XIAWA NO.92,Thuram K.,C,6.0,6.0,True,False
12,XIAWA NO.92,Laurientè,A,6.5,7.5,True,False
12,XIAWA NO.92,Giovane,A,7.5,12.5,True,False
12,XIAWA NO.92,Rodriguez Je.,A,6.0,6.0,True,False
12,XIAWA NO.92,Terracciano,P,,,False,True
12,XIAWA NO.92,Torriani,P,,,False,True
12,XIAWA NO.92,Spinazzola,D,6.0,6.0,False,True
12,XIAWA NO.92,Canestrelli,D,6.0,6.0,False,True
12,XIAWA NO.92,Delprato,D,6.5,6.5,False,True
12,XIAWA NO.92,Luperto,D,6.5,6.5,False,True
12,XIAWA NO.92,Fofana Y.,C,,,False,True
12,XIAWA NO.92,Oristanio,C,,,False,True
12,XIAWA NO.92,Nicolussi Caviglia,C,,,False,True
12,XIAWA NO.92,Zerbin,C,6.5,7.5,False,True
12,XIAWA NO.92,Collocolo,C,,,False,True
12,XIAWA NO.92,Esposito Se.,A,7.0,8.0,False,True
12,XIAWA NO.92,Diao,A,6.0,6.0,False,True
12,XIAWA NO.92,Dzeko,A,,,False,True
12,TEAM YANGTUO,De Gea,P,4.5,1.5,True,False
12,TEAM YANGTUO,Solet,D,5.5,5.5,True,False
12,TEAM YANGTUO,Barbieri,D,6.5,6.5,True,False
12,TEAM YANGTUO,Hermoso,D,5.5,5.0,True,False
12,TEAM YANGTUO,Dodò,D,5.0,5.0,True,False
12,TEAM YANGTUO,Bailey,C,,,False,False
12,TEAM YANGTUO,Tramoni M.,C,,,False,False
12,TEAM YANGTUO,Calhanoglu,C,7.0,9.0,True,False
12,TEAM YANGTUO,Stulic,A,5.0,5.0,True,False
12,TEAM YANGTUO,Castro S.,A,5.5,5.5,True,False
12,TEAM YANGTUO,Krstovic,A,5.0,5.0,True,False
12,TEAM YANGTUO,Martinelli T.,P,,,False,True
12,TEAM YANGTUO,Lezzerini,P,,,False,True
12,TEAM YANGTUO,Locatelli,C,6.0,6.0,True,True
12,TEAM YANGTUO,Zhegrova,C,,,False,True
12,TEAM YANGTUO,Zortea,D,7.0,7.0,False,True
12,TEAM YANGTUO,Nkunku,A,5.5,5.5,False,True
12,TEAM YANGTUO,Olivera,D,5.5,5.5,False,True
12,TEAM YANGTUO,Scalvini,D,,,False,True
12,TEAM YANGTUO,Rowe,C,6.0,6.0,True,True
12,TEAM YANGTUO,Dia,A,,,False,True
12,ETERNITY,Provedel,P,6.5,5.5,True,False
12,ETERNITY,Gosens,D,,,False,False
12,ETERNITY,Ranieri L.,D,5.5,5.5,True,False
12,ETERNITY,Lazaro,D,6.0,5.5,True,False
12,ETERNITY,Bellanova,D,5.5,5.5,True,False
12,ETERNITY,Gudmundsson A.,C,5.0,5.0,True,False
12,ETERNITY,Rabiot,C,7.0,9.0,True,False
12,ETERNITY,Ederson D.S.,C,5.5,5.5,True,False
12,ETERNITY,Saelemaekers,C,6.5,7.5,True,False
12,ETERNITY,Martinez L.,A,7.0,11.0,True,False
12,ETERNITY,Pinamonti,A,5.5,5.5,True,False
12,ETERNITY,Sommer,P,6.0,7.0,False,True
12,ETERNITY,Mandas,P,,,False,True
12,ETERNITY,Tavares N.,D,5.0,4.5,True,True
12,ETERNITY,Lucumì,D,,,False,True
12,ETERNITY,Pezzella Giu.,D,,,False,True
12,ETERNITY,Lykogiannis,D,,,False,True
12,ETERNITY,McKennie,C,5.5,6.5,False,True
12,ETERNITY,Jashari,C,,,False,True
12,ETERNITY,Maldini,C,,,False,True
12,ETERNITY,Esposito F.P.,A,6.0,6.0,False,True
12,ETERNITY,Simeone,A,,,False,True
12,ETERNITY,Immobile,A,,,False,True
12,ETERNITY,Camarda,A,5.5,5.5,False,True
12,NO ONE,Falcone,P,6.0,4.0,True,False
12,NO ONE,Zappacosta,D,5.5,5.5,True,False
12,NO ONE,N'Dicka,D,5.5,5.5,True,False
12,NO ONE,Acerbi,D,6.5,6.5,True,False
12,NO ONE,Akanji,D,6.0,5.5,True,False
12,NO ONE,Samardzic,C,6.0,6.0,True,False
12,NO ONE,Barella,C,7.0,7.0,True,False
12,NO ONE,Malinovskyi,C,7.0,9.0,True,False
12,NO ONE,Leao,A,5.5,5.5,True,False
12,NO ONE,Kean,A,5.0,5.0,True,False
12,NO ONE,Dybala,A,5.5,5.5,True,False
12,NO ONE,Fruchtl,P,,,False,True
12,NO ONE,Samooja,P,,,False,True
12,NO ONE,Ismajli,D,,,False,True
12,NO ONE,Bisseck,D,,,False,True
12,NO ONE,Biraghi,D,,,False,True
12,NO ONE,Angelino,D,,,False,True
12,NO ONE,Ricci S.,C,6.5,7.5,False,True
12,NO ONE,Casadei,C,5.5,5.5,False,True
12,NO ONE,Fazzini,C,,,False,True
12,NO ONE,Baturina,C,,,False,True
12,NO ONE,Gaetano,C,7.0,10.5,False,True
12,NO ONE,Meister,A,5.5,5.5,False,True
12,NO ONE,Luvumbo,A,,,False,True
12,NO ONE,Lukaku,A,,,False,True
12,ZLZ AND HIS FRIENDS,Skorupski,P,,,False,False
12,ZLZ AND HIS FRIENDS,Miranda J.,D,6.0,5.5,True,False
12,ZLZ AND HIS FRIENDS,Martin,D,6.0,6.0,True,False
12,ZLZ AND HIS FRIENDS,Dumfries,D,,,False,False
12,ZLZ AND HIS FRIENDS,Zaccagni,C,6.5,6.5,True,False
12,ZLZ AND HIS FRIENDS,Zaniolo,C,6.0,6.0,True,False
12,ZLZ AND HIS FRIENDS,Pulisic,C,8.0,14.0,True,False
12,ZLZ AND HIS FRIENDS,Neres,C,7.5,8.5,True,False
12,ZLZ AND HIS FRIENDS,Thuram,A,7.0,9.0,True,False
12,ZLZ AND HIS FRIENDS,Colombo,A,6.5,6.5,True,False
12,ZLZ AND HIS FRIENDS,Bonazzoli,A,7.0,11.0,True,False
12,ZLZ AND HIS FRIENDS,Bonny,A,,,False,True
12,ZLZ AND HIS FRIENDS,Lang,A,5.5,5.5,False,True
12,ZLZ AND HIS FRIENDS,Almqvist,A,,,False,True
12,ZLZ AND HIS FRIENDS,Mkhitaryan,C,6.0,6.0,False,True
12,ZLZ AND HIS FRIENDS,Frendrup,C,,,False,True
12,ZLZ AND HIS FRIENDS,Sucic P.,C,,,False,True
12,ZLZ AND HIS FRIENDS,Freuler,C,,,False,True
12,ZLZ AND HIS FRIENDS,Gabbia,D,6.0,6.0,True,True
12,ZLZ AND HIS FRIENDS,Idzes,D,6.5,6.5,False,True
12,ZLZ AND HIS FRIENDS,Ramon,D,5.5,5.5,False,True
12,ZLZ AND HIS FRIENDS,Marusic,D,6.0,6.0,False,True
12,ZLZ AND HIS FRIENDS,Kristensen T.,D,,,False,True
12,ZLZ AND HIS FRIENDS,Ravaglia F.,P,7.5,7.5,True,True
12,ZLZ AND HIS FRIENDS,Leali,P,6.0,5.0,False,True
13,ETERNITY,Provedel,P,7.0,8.0,True,False
13,ETERNITY,Tavares N.,D,,,False,False
13,ETERNITY,Ranieri L.,D,5.5,5.5,True,False
13,ETERNITY,Lazaro,D,6.0,6.0,True,False
13,ETERNITY,Pezzella Giu.,D,6.0,6.0,True,False
13,ETERNITY,Gudmundsson A.,C,5.5,5.0,True,False
13,ETERNITY,Rabiot,C,5.5,5.5,True,False
13,ETERNITY,Ederson D.S.,C,6.5,6.5,True,False
13,ETERNITY,Saelemaekers,C,5.5,5.5,True,False
13,ETERNITY,Martinez L.,A,7.5,12.5,True,False
13,ETERNITY,Simeone,A,5.5,5.5,True,False
13,ETERNITY,Sommer,P,6.0,5.0,False,True
13,ETERNITY,Mandas,P,,,False,True
13,ETERNITY,Gosens,D,,,False,True
13,ETERNITY,Lucumì,D,6.5,6.5,True,True
13,ETERNITY,Lykogiannis,D,,,False,True
13,ETERNITY,McKennie,C,6.5,6.5,False,True
13,ETERNITY,Jashari,C,,,False,True
13,ETERNITY,Maldini,C,,,False,True
13,ETERNITY,Esposito F.P.,A,6.5,6.5,False,True
13,ETERNITY,Pinamonti,A,7.0,9.0,False,True
13,ETERNITY,Immobile,A,,,False,True
13,ETERNITY,Camarda,A,6.0,6.0,False,True
13,SEPTWOLVES,Carnesecchi,P,6.0,5.0,True,False
13,SEPTWOLVES,Rrahmani,D,5.0,5.0,True,False
13,SEPTWOLVES,Kossounou,D,6.5,6.5,True,False
13,SEPTWOLVES,Hien,D,,,False,False
13,SEPTWOLVES,Wesley,D,7.5,11.0,True,False
13,SEPTWOLVES,Bernabè,C,6.0,6.0,True,False
13,SEPTWOLVES,Guendouzi,C,6.5,6.5,True,False
13,SEPTWOLVES,Orsolini,C,6.0,6.0,True,False
13,SEPTWOLVES,Cancellieri,A,6.0,5.5,True,False
13,SEPTWOLVES,Castellanos,A,5.5,5.5,True,False
13,SEPTWOLVES,De Ketelaere,A,6.0,6.0,True,False
13,SEPTWOLVES,Ferguson E.,A,6.5,6.5,False,True
13,SEPTWOLVES,Dovbyk,A,,,False,True
13,SEPTWOLVES,Cutrone,A,,,False,True
13,SEPTWOLVES,Zambo Anguissa,C,,,False,True
13,SEPTWOLVES,Rovella,C,,,False,True
13,SEPTWOLVES,Sohm,C,5.0,5.0,False,True
13,SEPTWOLVES,Folorunsho,C,6.0,6.0,False,True
13,SEPTWOLVES,Lovric,C,,,False,True
13,SEPTWOLVES,Juan Jesus,D,,,False,True
13,SEPTWOLVES,Cabal,D,7.0,11.0,True,True
13,SEPTWOLVES,Floriani Mussolini,D,6.0,6.0,False,True
13,SEPTWOLVES,Lovik,D,,,False,True
13,SEPTWOLVES,Rossi F.,P,,,False,True
13,SEPTWOLVES,Sportiello,P,,,False,True
13,GOODBYE,Milinkovic-Savic V.,P,6.5,5.5,True,False
13,GOODBYE,Bastoni,D,6.5,6.5,True,False
13,GOODBYE,Mancini,D,6.5,6.0,True,False
13,GOODBYE,Tsimikas,D,,,False,False
13,GOODBYE,Konè M.,C,6.5,6.5,True,False
13,GOODBYE,Zielinski,C,6.5,6.5,True,False
13,GOODBYE,Cristante,C,6.5,6.5,True,False
13,GOODBYE,Pellegrini Lo.,C,6.0,6.0,True,False
13,GOODBYE,Yildiz,A,6.5,7.5,True,False
13,GOODBYE,Lookman,A,5.5,5.5,True,False
13,GOODBYE,Scamacca,A,7.5,13.5,True,False
13,GOODBYE,Meret,P,,,False,True
13,GOODBYE,Vasquez D.,P,,,False,True
13,GOODBYE,Bremer,D,6.0,6.0,True,True
13,GOODBYE,Ziolkowski,D,,,False,True
13,GOODBYE,Ghilardi,D,,,False,True
13,GOODBYE,Valle,D,5.0,5.0,False,True
13,GOODBYE,Idrissi R.,D,6.0,6.0,False,True
13,GOODBYE,El Aynaoui,C,,,False,True
13,GOODBYE,El Shaarawy,C,6.0,5.5,False,True
13,GOODBYE,Rog,C,,,False,True
13,GOODBYE,Kaba,C,6.5,6.5,False,True
13,GOODBYE,Cambiaghi,A,5.5,5.5,False,True
13,GOODBYE,Morata,A,,,False,True
13,GOODBYE,Buffon L.,A,,,False,True
13,NO ONE,Falcone,P,6.0,7.0,True,False
13,NO ONE,Zappacosta,D,6.0,6.5,True,False
13,NO ONE,N'Dicka,D,7.0,7.0,True,False
13,NO ONE,Akanji,D,6.0,5.5,True,False
13,NO ONE,Bisseck,D,7.0,8.5,True,False
13,NO ONE,Barella,C,6.0,5.5,True,False
13,NO ONE,Samardzic,C,6.5,7.5,True,False
13,NO ONE,Casadei,C,6.0,6.0,True,False
13,NO ONE,Kean,A,5.5,5.5,True,False
13,NO ONE,Meister,A,5.0,5.0,True,False
13,NO ONE,Dybala,A,,,False,False
13,NO ONE,Fruchtl,P,,,False,True
13,NO ONE,Samooja,P,,,False,True
13,NO ONE,Ismajli,D,6.5,6.5,False,True
13,NO ONE,Angelino,D,,,False,True
13,NO ONE,Biraghi,D,,,False,True
13,NO ONE,Acerbi,D,,,False,True
13,NO ONE,Ricci S.,C,6.0,6.0,False,True
13,NO ONE,Malinovskyi,C,6.0,6.0,False,True
13,NO ONE,Gaetano,C,7.0,8.5,False,True
13,NO ONE,Fazzini,C,,,False,True
13,NO ONE,Baturina,C,5.5,5.5,False,True
13,NO ONE,Luvumbo,A,,,False,True
13,NO ONE,Leao,A,,,False,True
13,NO ONE,Lukaku,A,,,False,True
13,ETHANANITA,Semper,P,6.0,5.0,True,False
13,ETHANANITA,Cambiaso,D,6.0,6.0,True,False
13,ETHANANITA,Tiago Gabriel,D,6.0,6.0,True,False
13,ETHANANITA,Palestra,D,6.5,6.5,True,False
13,ETHANANITA,Vlasic,C,7.0,11.0,True,False
13,ETHANANITA,Loftus-Cheek,C,6.5,7.0,True,False
13,ETHANANITA,Odgaard,C,,,False,False
13,ETHANANITA,Conceicao,C,6.0,6.0,True,False
13,ETHANANITA,Davis K.,A,6.5,7.5,True,False
13,ETHANANITA,Pellegrino M.,A,6.0,6.0,True,False
13,ETHANANITA,Zapata D.,A,6.5,7.0,True,False
13,ETHANANITA,Butez,P,6.0,5.0,False,True
13,ETHANANITA,Caprile,P,7.0,5.0,False,True
13,ETHANANITA,Doig,D,6.0,6.0,False,True
13,ETHANANITA,Angori,D,6.0,6.0,False,True
13,ETHANANITA,Vojvoda,D,,,False,True
13,ETHANANITA,Joao Mario,D,,,False,True
13,ETHANANITA,Mina,D,,,False,True
13,ETHANANITA,Tourè I.,C,5.5,5.5,True,True
13,ETHANANITA,Politano,C,5.5,5.5,False,True
13,ETHANANITA,Da Cunha,C,5.0,5.0,False,True
13,ETHANANITA,Stanciu,C,,,False,True
13,ETHANANITA,Openda,A,6.5,6.5,False,True
13,ETHANANITA,Lucca,A,,,False,True
13,ETHANANITA,Vlahovic,A,,,False,True
13,TEAM WOLFLING,Di Gregorio,P,6.5,7.5,True,False
13,TEAM WOLFLING,Dimarco,D,,,False,False
13,TEAM WOLFLING,Pavlovic,D,6.5,6.5,True,False
13,TEAM WOLFLING,Bianchetti,D,,,False,False
13,TEAM WOLFLING,Baschirotto,D,5.0,5.0,True,False
13,TEAM WOLFLING,Di Lorenzo,D,5.5,5.5,True,False
13,TEAM WOLFLING,McTominay,C,6.0,6.0,True,False
13,TEAM WOLFLING,Mandragora,C,6.0,6.0,True,False
13,TEAM WOLFLING,Vazquez,C,5.5,5.5,True,False
13,TEAM WOLFLING,Volpato,C,6.0,6.0,True,False
13,TEAM WOLFLING,Vardy,A,5.5,5.5,True,False
13,TEAM WOLFLING,Perin,P,,,False,True
13,TEAM WOLFLING,Veiga D.,D,6.5,6.5,True,True
13,TEAM WOLFLING,Comuzzo,D,5.5,5.5,True,True
13,TEAM WOLFLING,Frattesi,C,,,False,True
13,TEAM WOLFLING,Zalewski,C,6.0,6.0,False,True
13,TEAM WOLFLING,Asllani,C,6.0,6.0,False,True
13,TEAM WOLFLING,Douvikas,A,5.5,5.5,False,True
13,TEAM WOLFLING,Pedro,A,,,False,True
13,TEAM WOLFLING,Piccoli,A,,,False,True
13,TEAM WOLFLING,Buksa,A,,,False,True
13,ZLZ AND HIS FRIENDS,Skorupski,P,,,False,False
13,ZLZ AND HIS FRIENDS,Miranda J.,D,6.0,5.5,True,False
13,ZLZ AND HIS FRIENDS,Gabbia,D,5.5,5.5,True,False
13,ZLZ AND HIS FRIENDS,Marusic,D,6.0,6.0,True,False
13,ZLZ AND HIS FRIENDS,Zaccagni,C,4.5,3.5,True,False
13,ZLZ AND HIS FRIENDS,Zaniolo,C,6.5,6.0,True,False
13,ZLZ AND HIS FRIENDS,Pulisic,C,6.0,6.0,True,False
13,ZLZ AND HIS FRIENDS,Neres,C,5.0,5.0,True,False
13,ZLZ AND HIS FRIENDS,Thuram,A,6.0,6.0,True,False
13,ZLZ AND HIS FRIENDS,Bonny,A,,,False,False
13,ZLZ AND HIS FRIENDS,Bonazzoli,A,6.0,6.0,True,False
13,ZLZ AND HIS FRIENDS,Lang,A,6.0,6.0,True,True
13,ZLZ AND HIS FRIENDS,Colombo,A,5.0,5.0,False,True
13,ZLZ AND HIS FRIENDS,Almqvist,A,,,False,True
13,ZLZ AND HIS FRIENDS,Mkhitaryan,C,6.0,6.0,False,True
13,ZLZ AND HIS FRIENDS,Frendrup,C,5.5,5.5,False,True
13,ZLZ AND HIS FRIENDS,Sucic P.,C,6.5,6.5,False,True
13,ZLZ AND HIS FRIENDS,Freuler,C,,,False,True
13,ZLZ AND HIS FRIENDS,Idzes,D,5.5,5.5,False,True
13,ZLZ AND HIS FRIENDS,Martin,D,6.0,7.0,False,True
13,ZLZ AND HIS FRIENDS,Ramon,D,6.5,6.0,False,True
13,ZLZ AND HIS FRIENDS,Dumfries,D,,,False,True
13,ZLZ AND HIS FRIENDS,Kristensen T.,D,6.5,6.5,False,True
13,ZLZ AND HIS FRIENDS,Ravaglia F.,P,6.5,5.5,True,True
13,ZLZ AND HIS FRIENDS,Leali,P,5.0,3.0,False,True
13,TEAM YANGTUO,De Gea,P,5.5,3.5,True,False
13,TEAM YANGTUO,Zortea,D,5.5,5.5,True,False
13,TEAM YANGTUO,Barbieri,D,5.5,5.0,True,False
13,TEAM YANGTUO,Hermoso,D,6.5,6.5,True,False
13,TEAM YANGTUO,Dodò,D,5.5,5.5,True,False
13,TEAM YANGTUO,Olivera,D,5.5,5.5,True,False
13,TEAM YANGTUO,Tramoni M.,C,5.5,5.5,True,False
13,TEAM YANGTUO,Locatelli,C,7.0,7.0,True,False
13,TEAM YANGTUO,Bailey,C,,,False,False
13,TEAM YANGTUO,Krstovic,A,,,False,False
13,TEAM YANGTUO,Nkunku,A,6.0,7.0,True,False
13,TEAM YANGTUO,Martinelli T.,P,,,False,True
13,TEAM YANGTUO,Lezzerini,P,,,False,True
13,TEAM YANGTUO,Zhegrova,C,,,False,True
13,TEAM YANGTUO,Scalvini,D,,,False,True
13,TEAM YANGTUO,Rowe,C,,,False,True
13,TEAM YANGTUO,Stulic,A,7.0,11.0,True,True
13,TEAM YANGTUO,Castro S.,A,5.5,5.5,False,True
13,TEAM YANGTUO,Dia,A,,,False,True
13,TEAM YANGTUO,Solet,D,6.5,6.5,False,True
13,TEAM YANGTUO,Gutierrez,D,,,False,True
13,XIAWA NO.92,Maignan,P,6.0,4.0,True,False
13,XIAWA NO.92,Spinazzola,D,6.0,6.0,True,False
13,XIAWA NO.92,Canestrelli,D,5.0,5.0,True,False
13,XIAWA NO.92,Buongiorno,D,6.0,6.0,True,False
13,XIAWA NO.92,Terracciano F.,D,6.0,6.0,True,False
13,XIAWA NO.92,Vandeputte,C,6.0,6.0,True,False
13,XIAWA NO.92,Paz N.,C,5.5,5.0,True,False
13,XIAWA NO.92,Thuram K.,C,6.0,6.0,True,False
13,XIAWA NO.92,Laurientè,A,7.5,11.5,True,False
13,XIAWA NO.92,Giovane,A,5.5,5.5,True,False
13,XIAWA NO.92,Rodriguez Je.,A,5.5,5.5,True,False
13,XIAWA NO.92,Terracciano,P,,,False,True
13,XIAWA NO.92,Torriani,P,,,False,True
13,XIAWA NO.92,Valeri,D,6.0,5.5,False,True
13,XIAWA NO.92,Delprato,D,6.0,6.0,False,True
13,XIAWA NO.92,Luperto,D,5.0,5.0,False,True
13,XIAWA NO.92,Vasquez,D,6.0,6.0,False,True
13,XIAWA NO.92,Zerbin,C,5.5,5.5,False,True
13,XIAWA NO.92,Nicolussi Caviglia,C,,,False,True
13,XIAWA NO.92,Fofana Y.,C,,,False,True
13,XIAWA NO.92,Oristanio,C,5.5,5.5,False,True
13,XIAWA NO.92,Collocolo,C,,,False,True
13,XIAWA NO.92,Esposito Se.,A,7.0,8.0,False,True
13,XIAWA NO.92,Diao,A,6.0,6.0,False,True
13,XIAWA NO.92,Dzeko,A,5.5,5.5,False,True
13,WINNING MOMENT,Svilar,P,6.5,7.5,True,False
13,WINNING MOMENT,Tomori,D,5.5,5.5,True,False
13,WINNING MOMENT,Kalulu,D,6.5,6.5,True,False
13,WINNING MOMENT,Carlos Augusto,D,6.0,6.0,True,False
13,WINNING MOMENT,Pasalic,C,,,False,False
13,WINNING MOMENT,Modric,C,6.0,6.0,True,False
13,WINNING MOMENT,Isaksen,C,,,False,False
13,WINNING MOMENT,Perrone,C,,,False,False
13,WINNING MOMENT,Dominguez B.,A,,,False,False
13,WINNING MOMENT,Adams C.,A,6.0,6.0,True,False
13,WINNING MOMENT,Soulè,A,6.5,7.5,True,False
13,WINNING MOMENT,Gollini,P,,,False,True
13,WINNING MOMENT,Zelezny,P,,,False,True
13,WINNING MOMENT,Estupinan,D,,,False,True
13,WINNING MOMENT,Sabelli,D,,,False,True
13,WINNING MOMENT,Moreno Alb.,D,,,False,True
13,WINNING MOMENT,Ahanor,D,5.5,5.5,False,True
13,WINNING MOMENT,Koopmeiners,C,5.5,5.0,True,True
13,WINNING MOMENT,Elmas,C,5.5,5.5,True,True
13,WINNING MOMENT,Anjorin,C,,,False,True
13,WINNING MOMENT,David,A,5.0,5.0,True,True
13,WINNING MOMENT,Ngonge,A,,,False,True
13,WINNING MOMENT,Hojlund,A,5.0,5.0,False,True
14,NO ONE,Falcone,P,7.0,6.0,True,False
14,NO ONE,Zappacosta,D,6.0,6.0,True,False
14,NO ONE,Ismajli,D,6.0,6.0,True,False
14,NO ONE,Akanji,D,6.0,6.0,True,False
14,NO ONE,Bisseck,D,,,False,False
14,NO ONE,Gaetano,C,6.5,7.5,True,False
14,NO ONE,Barella,C,6.0,6.0,True,False
14,NO ONE,Malinovskyi,C,6.0,6.0,True,False
14,NO ONE,Leao,A,6.0,7.0,True,False
14,NO ONE,Kean,A,7.5,12.5,True,False
14,NO ONE,Dybala,A,5.0,5.0,True,False
14,NO ONE,Fruchtl,P,,,False,True
14,NO ONE,Samooja,P,,,False,True
14,NO ONE,Angelino,D,,,False,True
14,NO ONE,Biraghi,D,,,False,True
14,NO ONE,Acerbi,D,6.0,6.0,True,True
14,NO ONE,N'Dicka,D,,,False,True
14,NO ONE,Samardzic,C,5.0,4.5,False,True
14,NO ONE,Casadei,C,,,False,True
14,NO ONE,Baturina,C,6.5,7.5,False,True
14,NO ONE,Ricci S.,C,6.0,6.0,False,True
14,NO ONE,Fazzini,C,,,False,True
14,NO ONE,Meister,A,5.5,5.5,False,True
14,NO ONE,Lukaku,A,,,False,True
14,NO ONE,Luvumbo,A,,,False,True
14,ETHANANITA,Caprile,P,6.0,4.0,True,False
14,ETHANANITA,Cambiaso,D,6.5,7.5,True,False
14,ETHANANITA,Doig,D,5.0,5.0,True,False
14,ETHANANITA,Palestra,D,6.0,6.0,True,False
14,ETHANANITA,Vlasic,C,7.0,11.0,True,False
14,ETHANANITA,Loftus-Cheek,C,6.0,6.0,True,False
14,ETHANANITA,Odgaard,C,6.5,8.5,True,False
14,ETHANANITA,Conceicao,C,7.0,9.5,True,False
14,ETHANANITA,Davis K.,A,5.0,5.0,True,False
14,ETHANANITA,Pellegrino M.,A,5.5,5.5,True,False
14,ETHANANITA,Zapata D.,A,5.0,5.0,True,False
14,ETHANANITA,Angori,D,6.5,6.5,False,True
14,ETHANANITA,Vojvoda,D,6.0,6.0,False,True
14,ETHANANITA,Tiago Gabriel,D,6.0,6.0,False,True
14,ETHANANITA,Joao Mario,D,,,False,True
14,ETHANANITA,Mina,D,5.5,5.0,False,True
14,ETHANANITA,Da Cunha,C,6.0,6.0,False,True
14,ETHANANITA,Politano,C,5.5,5.5,False,True
14,ETHANANITA,Tourè I.,C,6.0,6.0,False,True
14,ETHANANITA,Stanciu,C,,,False,True
14,ETHANANITA,Openda,A,7.0,10.0,False,True
14,ETHANANITA,Lucca,A,,,False,True
14,ETHANANITA,Vlahovic,A,,,False,True
14,ETHANANITA,Butez,P,5.5,2.5,False,True
14,ETHANANITA,Semper,P,6.0,4.0,False,True
14,ZLZ AND HIS FRIENDS,Skorupski,P,,,False,False
14,ZLZ AND HIS FRIENDS,Miranda J.,D,6.0,6.0,True,False
14,ZLZ AND HIS FRIENDS,Gabbia,D,5.5,5.5,True,False
14,ZLZ AND HIS FRIENDS,Marusic,D,6.0,6.0,True,False
14,ZLZ AND HIS FRIENDS,Zaccagni,C,,,False,False
14,ZLZ AND HIS FRIENDS,Zaniolo,C,6.0,6.0,True,False
14,ZLZ AND HIS FRIENDS,Pulisic,C,,,False,False
14,ZLZ AND HIS FRIENDS,Neres,C,5.5,5.0,True,False
14,ZLZ AND HIS FRIENDS,Thuram,A,5.5,5.0,True,False
14,ZLZ AND HIS FRIENDS,Bonny,A,5.5,5.5,True,False
14,ZLZ AND HIS FRIENDS,Bonazzoli,A,6.5,6.5,True,False
14,ZLZ AND HIS FRIENDS,Lang,A,5.5,5.5,False,True
14,ZLZ AND HIS FRIENDS,Colombo,A,6.0,6.0,False,True
14,ZLZ AND HIS FRIENDS,Almqvist,A,,,False,True
14,ZLZ AND HIS FRIENDS,Mkhitaryan,C,6.0,6.0,True,True
14,ZLZ AND HIS FRIENDS,Frendrup,C,7.0,7.0,True,True
14,ZLZ AND HIS FRIENDS,Sucic P.,C,,,False,True
14,ZLZ AND HIS FRIENDS,Freuler,C,6.0,5.0,False,True
14,ZLZ AND HIS FRIENDS,Idzes,D,5.5,5.0,False,True
14,ZLZ AND HIS FRIENDS,Martin,D,,,False,True
14,ZLZ AND HIS FRIENDS,Ramon,D,5.5,5.0,False,True
14,ZLZ AND HIS FRIENDS,Dumfries,D,,,False,True
14,ZLZ AND HIS FRIENDS,Kristensen T.,D,4.5,4.5,False,True
14,ZLZ AND HIS FRIENDS,Ravaglia F.,P,6.5,4.5,True,True
14,ZLZ AND HIS FRIENDS,Leali,P,4.5,4.5,False,True
14,GOODBYE,Milinkovic-Savic V.,P,6.0,7.0,True,False
14,GOODBYE,Bastoni,D,6.5,6.5,True,False
14,GOODBYE,Mancini,D,5.5,5.5,True,False
14,GOODBYE,Bremer,D,6.5,6.5,True,False
14,GOODBYE,Konè M.,C,6.0,5.5,True,False
14,GOODBYE,Zielinski,C,6.0,6.0,True,False
14,GOODBYE,Cristante,C,5.0,4.5,True,False
14,GOODBYE,Pellegrini Lo.,C,5.5,5.5,True,False
14,GOODBYE,Yildiz,A,7.0,7.0,True,False
14,GOODBYE,Scamacca,A,5.5,5.5,True,False
14,GOODBYE,Cambiaghi,A,,,False,False
14,GOODBYE,Meret,P,,,False,True
14,GOODBYE,Vasquez D.,P,,,False,True
14,GOODBYE,Valle,D,,,False,True
14,GOODBYE,Tsimikas,D,,,False,True
14,GOODBYE,Ziolkowski,D,6.0,6.0,False,True
14,GOODBYE,Ghilardi,D,,,False,True
14,GOODBYE,Idrissi R.,D,5.5,5.5,False,True
14,GOODBYE,El Shaarawy,C,6.0,6.0,False,True
14,GOODBYE,Kaba,C,6.0,6.0,False,True
14,GOODBYE,Rog,C,,,False,True
14,GOODBYE,El Aynaoui,C,,,False,True
14,GOODBYE,Morata,A,,,False,True
14,GOODBYE,Buffon L.,A,,,False,True
14,GOODBYE,Lookman,A,,,False,True
14,TEAM YANGTUO,De Gea,P,6.0,5.0,True,False
14,TEAM YANGTUO,Olivera,D,5.5,5.5,True,False
14,TEAM YANGTUO,Scalvini,D,,,False,False
14,TEAM YANGTUO,Hermoso,D,,,False,False
14,TEAM YANGTUO,Dodò,D,7.0,8.0,True,False
14,TEAM YANGTUO,Zortea,D,,,False,False
14,TEAM YANGTUO,Rowe,C,,,False,False
14,TEAM YANGTUO,Calhanoglu,C,,,False,False
14,TEAM YANGTUO,Bailey,C,5.5,5.5,True,False
14,TEAM YANGTUO,Castro S.,A,7.0,10.0,True,False
14,TEAM YANGTUO,Nkunku,A,6.5,8.5,True,False
14,TEAM YANGTUO,Martinelli T.,P,,,False,True
14,TEAM YANGTUO,Lezzerini,P,,,False,True
14,TEAM YANGTUO,Krstovic,A,,,False,True
14,TEAM YANGTUO,Stulic,A,6.0,6.0,False,True
14,TEAM YANGTUO,Dia,A,,,False,True
14,TEAM YANGTUO,Gutierrez,D,,,False,True
14,TEAM YANGTUO,Lobotka,C,6.0,6.0,True,True
14,TEAM YANGTUO,Barbieri,D,6.5,6.0,True,True
14,TEAM YANGTUO,Tramoni M.,C,6.5,8.5,True,True
14,TEAM YANGTUO,Zhegrova,C,6.0,6.0,False,True
14,TEAM YANGTUO,Locatelli,C,6.5,6.5,False,True
14,TEAM YANGTUO,Solet,D,6.0,8.0,True,True
14,SEPTWOLVES,Carnesecchi,P,6.5,7.5,True,False
14,SEPTWOLVES,Cabal,D,,,False,False
14,SEPTWOLVES,Rrahmani,D,6.5,6.5,True,False
14,SEPTWOLVES,Hien,D,7.0,11.0,True,False
14,SEPTWOLVES,Wesley,D,6.5,6.5,True,False
14,SEPTWOLVES,Bernabè,C,6.0,6.0,True,False
14,SEPTWOLVES,Guendouzi,C,6.0,6.5,True,False
14,SEPTWOLVES,Orsolini,C,7.0,9.5,True,False
14,SEPTWOLVES,Cancellieri,A,5.5,5.5,True,False
14,SEPTWOLVES,Castellanos,A,5.0,5.0,True,False
14,SEPTWOLVES,De Ketelaere,A,5.0,5.0,True,False
14,SEPTWOLVES,Ferguson E.,A,6.0,6.0,False,True
14,SEPTWOLVES,Dovbyk,A,,,False,True
14,SEPTWOLVES,Cutrone,A,5.5,5.5,False,True
14,SEPTWOLVES,Zambo Anguissa,C,,,False,True
14,SEPTWOLVES,Rovella,C,,,False,True
14,SEPTWOLVES,Sohm,C,,,False,True
14,SEPTWOLVES,Folorunsho,C,7.0,9.0,False,True
14,SEPTWOLVES,Lovric,C,5.0,5.0,False,True
14,SEPTWOLVES,Kossounou,D,,,False,True
14,SEPTWOLVES,Juan Jesus,D,,,False,True
14,SEPTWOLVES,Floriani Mussolini,D,,,False,True
14,SEPTWOLVES,Lovik,D,,,False,True
14,SEPTWOLVES,Rossi F.,P,,,False,True
14,SEPTWOLVES,Sportiello,P,,,False,True
14,TEAM WOLFLING,Di Gregorio,P,6.0,5.0,True,False
14,TEAM WOLFLING,Dimarco,D,,,False,False
14,TEAM WOLFLING,Pavlovic,D,,,False,False
14,TEAM WOLFLING,Di Lorenzo,D,6.5,6.5,True,False
14,TEAM WOLFLING,Baschirotto,D,6.5,6.5,True,False
14,TEAM WOLFLING,Volpato,C,6.5,6.5,True,False
14,TEAM WOLFLING,McTominay,C,6.0,6.0,True,False
14,TEAM WOLFLING,Mandragora,C,7.0,9.0,True,False
14,TEAM WOLFLING,Vazquez,C,,,False,False
14,TEAM WOLFLING,Buksa,A,5.5,5.5,True,False
14,TEAM WOLFLING,Vardy,A,5.5,5.5,True,False
14,TEAM WOLFLING,Perin,P,,,False,True
14,TEAM WOLFLING,Veiga D.,D,6.5,6.0,True,True
14,TEAM WOLFLING,Comuzzo,D,6.5,6.5,True,True
14,TEAM WOLFLING,Frattesi,C,6.0,6.0,True,True
14,TEAM WOLFLING,Zalewski,C,6.5,7.0,False,True
14,TEAM WOLFLING,Asllani,C,6.0,6.0,False,True
14,TEAM WOLFLING,Douvikas,A,5.5,5.5,False,True
14,TEAM WOLFLING,Pedro,A,5.5,5.0,False,True
14,TEAM WOLFLING,Piccoli,A,6.0,6.0,False,True
14,XIAWA NO.92,Maignan,P,8.0,7.0,True,False
14,XIAWA NO.92,Spinazzola,D,6.0,6.0,True,False
14,XIAWA NO.92,Luperto,D,,,False,False
14,XIAWA NO.92,Buongiorno,D,6.0,6.0,True,False
14,XIAWA NO.92,Vasquez,D,6.5,6.5,True,False
14,XIAWA NO.92,Vandeputte,C,6.5,6.5,True,False
14,XIAWA NO.92,Paz N.,C,6.5,6.5,True,False
14,XIAWA NO.92,Thuram K.,C,6.5,6.5,True,False
14,XIAWA NO.92,Laurientè,A,5.5,5.5,True,False
14,XIAWA NO.92,Giovane,A,5.5,5.5,True,False
14,XIAWA NO.92,Esposito Se.,A,5.5,5.0,True,False
14,XIAWA NO.92,Terracciano,P,,,False,True
14,XIAWA NO.92,Torriani,P,,,False,True
14,XIAWA NO.92,Valeri,D,6.0,6.0,True,True
14,XIAWA NO.92,Delprato,D,6.5,6.5,False,True
14,XIAWA NO.92,Canestrelli,D,5.5,5.5,False,True
14,XIAWA NO.92,Terracciano F.,D,6.5,6.5,False,True
14,XIAWA NO.92,Fofana Y.,C,5.5,5.5,False,True
14,XIAWA NO.92,Nicolussi Caviglia,C,,,False,True
14,XIAWA NO.92,Oristanio,C,,,False,True
14,XIAWA NO.92,Zerbin,C,5.5,5.5,False,True
14,XIAWA NO.92,Collocolo,C,,,False,True
14,XIAWA NO.92,Rodriguez Je.,A,6.5,6.5,False,True
14,XIAWA NO.92,Diao,A,,,False,True
14,XIAWA NO.92,Dzeko,A,,,False,True
14,WINNING MOMENT,Svilar,P,7.0,5.0,True,False
14,WINNING MOMENT,Estupinan,D,,,False,False
14,WINNING MOMENT,Kalulu,D,6.0,6.0,True,False
14,WINNING MOMENT,Tomori,D,5.5,5.5,True,False
14,WINNING MOMENT,Carlos Augusto,D,6.5,6.5,True,False
14,WINNING MOMENT,Elmas,C,5.5,5.5,True,False
14,WINNING MOMENT,Modric,C,6.0,6.0,True,False
14,WINNING MOMENT,Isaksen,C,,,False,False
14,WINNING MOMENT,Adams C.,A,6.0,6.0,True,False
14,WINNING MOMENT,Hojlund,A,5.0,5.0,True,False
14,WINNING MOMENT,Dominguez B.,A,6.5,7.5,True,False
14,WINNING MOMENT,Gollini,P,,,False,True
14,WINNING MOMENT,Zelezny,P,,,False,True
14,WINNING MOMENT,Ahanor,D,,,False,True
14,WINNING MOMENT,Moreno Alb.,D,5.5,5.5,True,True
14,WINNING MOMENT,Sabelli,D,,,False,True
14,WINNING MOMENT,Darmian,D,,,False,True
14,WINNING MOMENT,Perrone,C,5.5,5.5,True,True
14,WINNING MOMENT,Koopmeiners,C,,,False,True
14,WINNING MOMENT,Messias,C,,,False,True
14,WINNING MOMENT,Anjorin,C,,,False,True
14,WINNING MOMENT,Pasalic,C,,,False,True
14,WINNING MOMENT,David,A,,,False,True
14,WINNING MOMENT,Soulè,A,5.5,5.0,False,True
14,WINNING MOMENT,Ngonge,A,,,False,True
14,ETERNITY,Sommer,P,6.5,7.5,True,False
14,ETERNITY,Tavares N.,D,,,False,False
14,ETERNITY,Ranieri L.,D,6.0,5.5,True,False
14,ETERNITY,Lazaro,D,6.0,6.0,True,False
14,ETERNITY,Gudmundsson A.,C,7.5,10.5,True,False
14,ETERNITY,Rabiot,C,8.0,14.0,True,False
14,ETERNITY,Ederson D.S.,C,6.0,6.0,True,False
14,ETERNITY,Saelemaekers,C,6.0,6.0,True,False
14,ETERNITY,Pinamonti,A,,,False,False
14,ETERNITY,Martinez L.,A,6.5,6.5,True,False
14,ETERNITY,Esposito F.P.,A,7.0,11.0,True,False
14,ETERNITY,Provedel,P,6.0,7.0,False,True
14,ETERNITY,Mandas,P,,,False,True
14,ETERNITY,Pezzella Giu.,D,6.0,5.5,True,True
14,ETERNITY,Lucumì,D,,,False,True
14,ETERNITY,Lykogiannis,D,,,False,True
14,ETERNITY,McKennie,C,6.5,7.0,False,True
14,ETERNITY,Jashari,C,,,False,True
14,ETERNITY,Maldini,C,6.5,6.5,False,True
14,ETERNITY,Simeone,A,6.5,6.5,True,True
14,ETERNITY,Immobile,A,5.5,5.5,False,True
14,ETERNITY,Camarda,A,,,False,True
15,XIAWA NO.92,Maignan,P,6.0,7.0,True,False
15,XIAWA NO.92,Spinazzola,D,7.0,7.0,True,False
15,XIAWA NO.92,Delprato,D,,,False,False
15,XIAWA NO.92,Buongiorno,D,6.0,6.0,True,False
15,XIAWA NO.92,Valeri,D,6.0,6.0,True,False
15,XIAWA NO.92,Fofana Y.,C,6.0,6.0,True,False
15,XIAWA NO.92,Paz N.,C,7.5,12.5,True,False
15,XIAWA NO.92,Thuram K.,C,5.5,5.5,True,False
15,XIAWA NO.92,Laurientè,A,6.0,6.5,True,False
15,XIAWA NO.92,Esposito Se.,A,5.5,5.5,True,False
15,XIAWA NO.92,Rodriguez Je.,A,6.5,6.5,True,False
15,XIAWA NO.92,Terracciano,P,,,False,True
15,XIAWA NO.92,Torriani,P,,,False,True
15,XIAWA NO.92,Vasquez,D,5.0,5.0,True,True
15,XIAWA NO.92,Luperto,D,6.5,6.5,False,True
15,XIAWA NO.92,Canestrelli,D,6.0,6.0,False,True
15,XIAWA NO.92,Terracciano F.,D,5.5,5.5,False,True
15,XIAWA NO.92,Vandeputte,C,,,False,True
15,XIAWA NO.92,Nicolussi Caviglia,C,,,False,True
15,XIAWA NO.92,Oristanio,C,6.0,6.0,False,True
15,XIAWA NO.92,Zerbin,C,5.5,5.5,False,True
15,XIAWA NO.92,Collocolo,C,,,False,True
15,XIAWA NO.92,Giovane,A,6.0,6.0,False,True
15,XIAWA NO.92,Diao,A,,,False,True
15,XIAWA NO.92,Dzeko,A,,,False,True
15,NO ONE,Falcone,P,5.5,2.5,True,False
15,NO ONE,Zappacosta,D,5.5,5.5,True,False
15,NO ONE,Ismajli,D,5.0,5.0,True,False
15,NO ONE,Akanji,D,7.0,7.0,True,False
15,NO ONE,Bisseck,D,6.5,6.5,True,False
15,NO ONE,Gaetano,C,6.0,6.0,True,False
15,NO ONE,Barella,C,5.5,5.5,True,False
15,NO ONE,Baturina,C,,,False,False
15,NO ONE,Leao,A,,,False,False
15,NO ONE,Kean,A,5.0,5.0,True,False
15,NO ONE,Dybala,A,6.5,6.5,True,False
15,NO ONE,Fruchtl,P,,,False,True
15,NO ONE,Samooja,P,,,False,True
15,NO ONE,Angelino,D,,,False,True
15,NO ONE,Biraghi,D,,,False,True
15,NO ONE,Acerbi,D,,,False,True
15,NO ONE,N'Dicka,D,,,False,True
15,NO ONE,Malinovskyi,C,5.0,5.0,True,True
15,NO ONE,Samardzic,C,5.0,5.0,False,True
15,NO ONE,Casadei,C,,,False,True
15,NO ONE,Ricci S.,C,,,False,True
15,NO ONE,Fazzini,C,,,False,True
15,NO ONE,Meister,A,,,False,True
15,NO ONE,Lukaku,A,,,False,True
15,NO ONE,Luvumbo,A,,,False,True
15,ETERNITY,Provedel,P,6.0,5.0,True,False
15,ETERNITY,Pezzella Giu.,D,5.5,5.5,True,False
15,ETERNITY,Lucumì,D,5.0,5.0,True,False
15,ETERNITY,Lazaro,D,5.5,5.5,True,False
15,ETERNITY,Gudmundsson A.,C,6.0,6.0,True,False
15,ETERNITY,Rabiot,C,7.0,8.0,True,False
15,ETERNITY,Ederson D.S.,C,6.5,6.5,True,False
15,ETERNITY,Saelemaekers,C,6.0,6.0,True,False
15,ETERNITY,Pinamonti,A,5.5,5.5,True,False
15,ETERNITY,Martinez L.,A,7.0,11.0,True,False
15,ETERNITY,Esposito F.P.,A,6.5,7.5,True,False
15,ETERNITY,Sommer,P,6.0,7.0,False,True
15,ETERNITY,Mandas,P,,,False,True
15,ETERNITY,Tavares N.,D,,,False,True
15,ETERNITY,Lykogiannis,D,,,False,True
15,ETERNITY,McKennie,C,6.5,6.5,False,True
15,ETERNITY,Jashari,C,6.0,6.0,False,True
15,ETERNITY,Maldini,C,,,False,True
15,ETERNITY,Simeone,A,5.5,5.5,False,True
15,ETERNITY,Immobile,A,5.5,5.5,False,True
15,ETERNITY,Camarda,A,5.5,5.5,False,True
15,TEAM WOLFLING,Di Gregorio,P,6.0,7.0,True,False
15,TEAM WOLFLING,Dimarco,D,6.5,6.5,True,False
15,TEAM WOLFLING,Pavlovic,D,6.5,6.5,True,False
15,TEAM WOLFLING,Di Lorenzo,D,6.5,6.5,True,False
15,TEAM WOLFLING,Comuzzo,D,6.0,6.0,True,False
15,TEAM WOLFLING,Volpato,C,6.0,6.0,True,False
15,TEAM WOLFLING,McTominay,C,6.5,6.5,True,False
15,TEAM WOLFLING,Mandragora,C,5.5,5.0,True,False
15,TEAM WOLFLING,Vazquez,C,,,False,False
15,TEAM WOLFLING,Douvikas,A,7.0,9.0,True,False
15,TEAM WOLFLING,Vardy,A,5.5,5.5,True,False
15,TEAM WOLFLING,Perin,P,,,False,True
15,TEAM WOLFLING,Veiga D.,D,5.0,5.0,False,True
15,TEAM WOLFLING,Baschirotto,D,5.0,5.0,False,True
15,TEAM WOLFLING,Bianchetti,D,5.0,5.0,False,True
15,TEAM WOLFLING,Frattesi,C,,,False,True
15,TEAM WOLFLING,Zalewski,C,6.5,6.5,True,True
15,TEAM WOLFLING,Asllani,C,5.5,5.5,False,True
15,TEAM WOLFLING,Buksa,A,,,False,True
15,TEAM WOLFLING,Pedro,A,,,False,True
15,TEAM WOLFLING,Piccoli,A,5.0,5.0,False,True
15,GOODBYE,Milinkovic-Savic V.,P,6.0,7.0,True,False
15,GOODBYE,Bastoni,D,6.0,5.5,True,False
15,GOODBYE,Mancini,D,6.5,6.5,True,False
15,GOODBYE,Bremer,D,6.0,6.0,True,False
15,GOODBYE,Valle,D,,,False,False
15,GOODBYE,Konè M.,C,7.5,10.5,True,False
15,GOODBYE,Zielinski,C,6.5,6.5,True,False
15,GOODBYE,Cristante,C,6.5,6.5,True,False
15,GOODBYE,Yildiz,A,6.5,8.5,True,False
15,GOODBYE,Scamacca,A,5.5,5.5,True,False
15,GOODBYE,Cambiaghi,A,,,False,False
15,GOODBYE,Meret,P,,,False,True
15,GOODBYE,Vasquez D.,P,,,False,True
15,GOODBYE,Ziolkowski,D,6.5,6.5,True,True
15,GOODBYE,Tsimikas,D,,,False,True
15,GOODBYE,Ghilardi,D,6.0,6.0,False,True
15,GOODBYE,Idrissi R.,D,6.5,6.5,False,True
15,GOODBYE,El Shaarawy,C,6.0,6.0,False,True
15,GOODBYE,Kaba,C,5.0,5.0,False,True
15,GOODBYE,Rog,C,,,False,True
15,GOODBYE,El Aynaoui,C,,,False,True
15,GOODBYE,Pellegrini Lo.,C,,,False,True
15,GOODBYE,Morata,A,,,False,True
15,GOODBYE,Buffon L.,A,,,False,True
15,GOODBYE,Lookman,A,,,False,True
15,TEAM YANGTUO,De Gea,P,6.0,5.0,True,False
15,TEAM YANGTUO,Solet,D,5.5,3.5,True,False
15,TEAM YANGTUO,Zortea,D,6.5,7.5,True,False
15,TEAM YANGTUO,Hermoso,D,6.5,6.5,True,False
15,TEAM YANGTUO,Dodò,D,5.5,5.5,True,False
15,TEAM YANGTUO,Lobotka,C,6.5,6.5,True,False
15,TEAM YANGTUO,Rowe,C,6.0,6.0,True,False
15,TEAM YANGTUO,Calhanoglu,C,6.5,6.5,True,False
15,TEAM YANGTUO,Locatelli,C,6.5,6.0,True,False
15,TEAM YANGTUO,Castro S.,A,5.5,5.5,True,False
15,TEAM YANGTUO,Nkunku,A,7.5,12.5,True,False
15,TEAM YANGTUO,Martinelli T.,P,,,False,True
15,TEAM YANGTUO,Lezzerini,P,,,False,True
15,TEAM YANGTUO,Stulic,A,5.5,5.5,False,True
15,TEAM YANGTUO,Krstovic,A,,,False,True
15,TEAM YANGTUO,Olivera,D,,,False,True
15,TEAM YANGTUO,Gutierrez,D,6.0,6.0,False,True
15,TEAM YANGTUO,Barbieri,D,5.5,5.0,False,True
15,TEAM YANGTUO,Tramoni M.,C,5.5,5.0,False,True
15,TEAM YANGTUO,Zhegrova,C,6.5,6.5,False,True
15,TEAM YANGTUO,Scalvini,D,,,False,True
15,SEPTWOLVES,Carnesecchi,P,6.5,5.5,True,False
15,SEPTWOLVES,Cabal,D,,,False,False
15,SEPTWOLVES,Rrahmani,D,6.0,6.0,True,False
15,SEPTWOLVES,Hien,D,6.0,6.0,True,False
15,SEPTWOLVES,Wesley,D,6.0,6.0,True,False
15,SEPTWOLVES,Bernabè,C,6.5,6.5,True,False
15,SEPTWOLVES,Sohm,C,5.5,5.5,True,False
15,SEPTWOLVES,Orsolini,C,5.5,5.5,True,False
15,SEPTWOLVES,Cancellieri,A,6.5,6.0,True,False
15,SEPTWOLVES,Castellanos,A,6.0,6.0,True,False
15,SEPTWOLVES,De Ketelaere,A,6.0,6.0,True,False
15,SEPTWOLVES,Ferguson E.,A,7.0,11.0,False,True
15,SEPTWOLVES,Dovbyk,A,,,False,True
15,SEPTWOLVES,Cutrone,A,,,False,True
15,SEPTWOLVES,Zambo Anguissa,C,,,False,True
15,SEPTWOLVES,Rovella,C,,,False,True
15,SEPTWOLVES,Folorunsho,C,,,False,True
15,SEPTWOLVES,Guendouzi,C,,,False,True
15,SEPTWOLVES,Lovric,C,,,False,True
15,SEPTWOLVES,Kossounou,D,,,False,True
15,SEPTWOLVES,Juan Jesus,D,6.0,5.5,True,True
15,SEPTWOLVES,Floriani Mussolini,D,,,False,True
15,SEPTWOLVES,Lovik,D,,,False,True
15,SEPTWOLVES,Rossi F.,P,,,False,True
15,SEPTWOLVES,Sportiello,P,,,False,True
15,WINNING MOMENT,Svilar,P,6.0,5.0,True,False
15,WINNING MOMENT,Estupinan,D,,,False,False
15,WINNING MOMENT,Kalulu,D,7.0,11.0,True,False
15,WINNING MOMENT,Tomori,D,6.5,6.5,True,False
15,WINNING MOMENT,Carlos Augusto,D,6.0,6.0,True,False
15,WINNING MOMENT,Perrone,C,6.5,6.0,True,False
15,WINNING MOMENT,Modric,C,7.0,7.0,True,False
15,WINNING MOMENT,Elmas,C,5.5,5.5,True,False
15,WINNING MOMENT,Soulè,A,7.5,9.5,True,False
15,WINNING MOMENT,Hojlund,A,8.0,14.0,True,False
15,WINNING MOMENT,Adams C.,A,6.5,7.5,True,False
15,WINNING MOMENT,Gollini,P,,,False,True
15,WINNING MOMENT,Zelezny,P,,,False,True
15,WINNING MOMENT,Moreno Alb.,D,6.5,6.5,True,True
15,WINNING MOMENT,Sabelli,D,,,False,True
15,WINNING MOMENT,Pasalic,C,5.5,5.5,False,True
15,WINNING MOMENT,Isaksen,C,,,False,True
15,WINNING MOMENT,Koopmeiners,C,5.5,5.5,False,True
15,WINNING MOMENT,Anjorin,C,,,False,True
15,WINNING MOMENT,Ngonge,A,6.0,6.0,False,True
15,WINNING MOMENT,David,A,6.0,6.5,False,True
15,WINNING MOMENT,Dominguez B.,A,5.5,5.0,False,True
15,WINNING MOMENT,Ahanor,D,,,False,True
15,WINNING MOMENT,Darmian,D,,,False,True
15,WINNING MOMENT,Messias,C,,,False,True
15,ETHANANITA,Butez,P,6.5,7.0,True,False
15,ETHANANITA,Cambiaso,D,6.0,6.0,True,False
15,ETHANANITA,Tiago Gabriel,D,5.5,5.5,True,False
15,ETHANANITA,Palestra,D,7.0,7.0,True,False
15,ETHANANITA,Vlasic,C,7.0,8.5,True,False
15,ETHANANITA,Odgaard,C,,,False,False
15,ETHANANITA,Politano,C,6.5,6.5,True,False
15,ETHANANITA,Conceicao,C,,,False,False
15,ETHANANITA,Davis K.,A,7.0,11.0,True,False
15,ETHANANITA,Zapata D.,A,5.5,5.5,True,False
15,ETHANANITA,Openda,A,5.0,5.0,True,False
15,ETHANANITA,Caprile,P,6.5,5.5,False,True
15,ETHANANITA,Semper,P,6.0,4.0,False,True
15,ETHANANITA,Angori,D,6.0,5.5,False,True
15,ETHANANITA,Mina,D,,,False,True
15,ETHANANITA,Doig,D,6.0,6.0,False,True
15,ETHANANITA,Vojvoda,D,7.0,8.5,False,True
15,ETHANANITA,Joao Mario,D,,,False,True
15,ETHANANITA,Loftus-Cheek,C,6.5,6.5,True,True
15,ETHANANITA,Da Cunha,C,6.5,6.5,True,True
15,ETHANANITA,Tourè I.,C,5.5,5.5,False,True
15,ETHANANITA,Stanciu,C,,,False,True
15,ETHANANITA,Pellegrino M.,A,6.5,7.0,False,True
15,ETHANANITA,Lucca,A,,,False,True
15,ETHANANITA,Vlahovic,A,,,False,True
15,ZLZ AND HIS FRIENDS,Skorupski,P,,,False,False
15,ZLZ AND HIS FRIENDS,Miranda J.,D,6.0,6.0,True,False
15,ZLZ AND HIS FRIENDS,Gabbia,D,,,False,False
15,ZLZ AND HIS FRIENDS,Marusic,D,6.0,6.0,True,False
15,ZLZ AND HIS FRIENDS,Zaccagni,C,5.5,5.5,True,False
15,ZLZ AND HIS FRIENDS,Zaniolo,C,6.5,6.0,True,False
15,ZLZ AND HIS FRIENDS,Pulisic,C,7.0,10.0,True,False
15,ZLZ AND HIS FRIENDS,Neres,C,6.0,6.0,True,False
15,ZLZ AND HIS FRIENDS,Thuram,A,5.5,5.5,True,False
15,ZLZ AND HIS FRIENDS,Bonny,A,,,False,False
15,ZLZ AND HIS FRIENDS,Bonazzoli,A,6.0,5.5,True,False
15,ZLZ AND HIS FRIENDS,Lang,A,6.0,6.0,True,True
15,ZLZ AND HIS FRIENDS,Colombo,A,6.0,6.0,False,True
15,ZLZ AND HIS FRIENDS,Almqvist,A,,,False,True
15,ZLZ AND HIS FRIENDS,Mkhitaryan,C,6.0,6.0,False,True
15,ZLZ AND HIS FRIENDS,Frendrup,C,5.5,5.0,False,True
15,ZLZ AND HIS FRIENDS,Sucic P.,C,,,False,True
15,ZLZ AND HIS FRIENDS,Freuler,C,,,False,True
15,ZLZ AND HIS FRIENDS,Idzes,D,6.5,6.5,True,True
15,ZLZ AND HIS FRIENDS,Martin,D,5.5,5.5,False,True
15,ZLZ AND HIS FRIENDS,Ramon,D,7.0,9.0,False,True
15,ZLZ AND HIS FRIENDS,Dumfries,D,,,False,True
15,ZLZ AND HIS FRIENDS,Kristensen T.,D,5.5,5.5,False,True
15,ZLZ AND HIS FRIENDS,Ravaglia F.,P,5.5,4.0,True,True
15,ZLZ AND HIS FRIENDS,Leali,P,,,False,True
16,GOODBYE,Milinkovic-Savic V.,P,6.0,7.0,True,False
16,GOODBYE,Bastoni,D,6.0,5.5,True,False
16,GOODBYE,Mancini,D,6.0,5.5,True,False
16,GOODBYE,Bremer,D,5.5,5.5,True,False
16,GOODBYE,Norton-Cuffy,D,6.0,6.0,True,False
16,GOODBYE,Konè M.,C,5.5,5.5,True,False
16,GOODBYE,Matic,C,5.5,5.0,True,False
16,GOODBYE,Cristante,C,5.5,5.5,True,False
16,GOODBYE,Zielinski,C,7.0,9.0,True,False
16,GOODBYE,Yildiz,A,7.0,7.0,True,False
16,GOODBYE,Dzeko,A,,,False,False
16,GOODBYE,Meret,P,,,False,True
16,GOODBYE,Vasquez D.,P,,,False,True
16,GOODBYE,Ziolkowski,D,5.5,5.5,False,True
16,GOODBYE,Zanoli,D,6.0,6.0,False,True
16,GOODBYE,Valle,D,,,False,True
16,GOODBYE,Idrissi R.,D,6.0,5.5,False,True
16,GOODBYE,El Shaarawy,C,5.5,5.5,False,True
16,GOODBYE,Pisilli,C,,,False,True
16,GOODBYE,El Aynaoui,C,,,False,True
16,GOODBYE,Pellegrini Lo.,C,,,False,True
16,GOODBYE,Scamacca,A,6.0,6.0,True,True
16,GOODBYE,Cambiaghi,A,5.0,5.0,False,True
16,GOODBYE,Sulemana K.,A,,,False,True
16,GOODBYE,Lookman,A,,,False,True
16,ETHANANITA,Butez,P,6.0,7.0,True,False
16,ETHANANITA,Cambiaso,D,5.0,5.0,True,False
16,ETHANANITA,Vojvoda,D,6.0,6.0,True,False
16,ETHANANITA,Palestra,D,6.0,5.5,True,False
16,ETHANANITA,Vlasic,C,6.5,6.5,True,False
16,ETHANANITA,Loftus-Cheek,C,6.0,6.0,True,False
16,ETHANANITA,Politano,C,7.5,10.5,True,False
16,ETHANANITA,Conceicao,C,5.5,5.5,True,False
16,ETHANANITA,Davis K.,A,5.5,5.5,True,False
16,ETHANANITA,Pellegrino M.,A,7.0,10.0,True,False
16,ETHANANITA,Openda,A,5.0,5.0,True,False
16,ETHANANITA,Semper,P,6.5,5.5,False,True
16,ETHANANITA,Caprile,P,6.0,5.0,False,True
16,ETHANANITA,Marusic,D,4.0,3.0,False,True
16,ETHANANITA,Djimsiti,D,7.0,8.0,False,True
16,ETHANANITA,Gila,D,5.5,5.5,False,True
16,ETHANANITA,Holm,D,5.5,5.5,False,True
16,ETHANANITA,Tiago Gabriel,D,5.5,5.5,False,True
16,ETHANANITA,Da Cunha,C,7.0,11.0,False,True
16,ETHANANITA,Odgaard,C,5.5,5.5,False,True
16,ETHANANITA,Tourè I.,C,6.0,6.0,False,True
16,ETHANANITA,Berisha M.,C,,,False,True
16,ETHANANITA,Fullkrug,A,6.0,6.0,False,True
16,ETHANANITA,Lucca,A,,,False,True
16,ETHANANITA,Vlahovic,A,,,False,True
16,TEAM WOLFLING,Di Gregorio,P,6.0,5.0,True,False
16,TEAM WOLFLING,Dimarco,D,6.5,7.5,True,False
16,TEAM WOLFLING,Pavlovic,D,,,False,False
16,TEAM WOLFLING,Baschirotto,D,6.0,6.0,True,False
16,TEAM WOLFLING,Ostigard,D,6.5,6.5,True,False
16,TEAM WOLFLING,Volpato,C,,,False,False
16,TEAM WOLFLING,Mandragora,C,6.0,6.0,True,False
16,TEAM WOLFLING,McTominay,C,6.5,6.5,True,False
16,TEAM WOLFLING,Konè I.,C,6.0,6.0,True,False
16,TEAM WOLFLING,Douvikas,A,6.0,6.0,True,False
16,TEAM WOLFLING,Vardy,A,5.5,5.5,True,False
16,TEAM WOLFLING,Perin,P,,,False,True
16,TEAM WOLFLING,Di Lorenzo,D,6.5,6.5,True,True
16,TEAM WOLFLING,Bianchetti,D,,,False,True
16,TEAM WOLFLING,Circati,D,6.0,5.5,False,True
16,TEAM WOLFLING,Frattesi,C,,,False,True
16,TEAM WOLFLING,Asllani,C,,,False,True
16,TEAM WOLFLING,Zalewski,C,6.0,7.0,True,True
16,TEAM WOLFLING,Ekuban,A,6.0,6.0,False,True
16,TEAM WOLFLING,Banda,A,7.0,9.0,False,True
16,TEAM WOLFLING,Pedro,A,,,False,True
16,SEPTWOLVES,Carnesecchi,P,6.5,7.5,True,False
16,SEPTWOLVES,Coco,D,7.0,7.0,True,False
16,SEPTWOLVES,Rrahmani,D,7.5,9.0,True,False
16,SEPTWOLVES,Hien,D,6.0,6.0,True,False
16,SEPTWOLVES,Wesley,D,6.0,6.0,True,False
16,SEPTWOLVES,Bernabè,C,6.5,6.5,True,False
16,SEPTWOLVES,Guendouzi,C,6.0,6.0,True,False
16,SEPTWOLVES,Orsolini,C,6.0,6.0,True,False
16,SEPTWOLVES,Moreo,A,5.5,5.5,True,False
16,SEPTWOLVES,Ferguson E.,A,5.0,5.0,True,False
16,SEPTWOLVES,Cancellieri,A,5.5,5.5,True,False
16,SEPTWOLVES,De Ketelaere,A,6.0,6.0,False,True
16,SEPTWOLVES,Castellanos,A,,,False,True
16,SEPTWOLVES,Dovbyk,A,5.5,5.5,False,True
16,SEPTWOLVES,Zambo Anguissa,C,,,False,True
16,SEPTWOLVES,Rovella,C,,,False,True
16,SEPTWOLVES,Folorunsho,C,,,False,True
16,SEPTWOLVES,Prati,C,5.5,5.5,False,True
16,SEPTWOLVES,Serdar,C,6.0,6.0,False,True
16,SEPTWOLVES,Kossounou,D,,,False,True
16,SEPTWOLVES,Cabal,D,,,False,True
16,SEPTWOLVES,Gatti,D,,,False,True
16,SEPTWOLVES,Juan Jesus,D,6.5,6.5,False,True
16,SEPTWOLVES,Rossi F.,P,,,False,True
16,SEPTWOLVES,Sportiello,P,,,False,True
16,ZLZ AND HIS FRIENDS,Skorupski,P,,,False,False
16,ZLZ AND HIS FRIENDS,Idzes,D,5.5,5.5,True,False
16,ZLZ AND HIS FRIENDS,Ramon,D,6.5,6.5,True,False
16,ZLZ AND HIS FRIENDS,Martin,D,6.0,6.0,True,False
16,ZLZ AND HIS FRIENDS,Zaccagni,C,5.5,5.0,True,False
16,ZLZ AND HIS FRIENDS,Zaniolo,C,6.0,6.0,True,False
16,ZLZ AND HIS FRIENDS,Pulisic,C,,,False,False
16,ZLZ AND HIS FRIENDS,Neres,C,6.5,6.5,True,False
16,ZLZ AND HIS FRIENDS,Thuram,A,7.0,9.0,True,False
16,ZLZ AND HIS FRIENDS,Nkunku,A,,,False,False
16,ZLZ AND HIS FRIENDS,Bonazzoli,A,5.5,5.5,True,False
16,ZLZ AND HIS FRIENDS,Bonny,A,,,False,True
16,ZLZ AND HIS FRIENDS,Colombo,A,7.0,10.0,True,True
16,ZLZ AND HIS FRIENDS,Mkhitaryan,C,6.0,6.0,True,True
16,ZLZ AND HIS FRIENDS,Sucic P.,C,6.0,6.0,False,True
16,ZLZ AND HIS FRIENDS,Frendrup,C,6.0,6.0,False,True
16,ZLZ AND HIS FRIENDS,Freuler,C,,,False,True
16,ZLZ AND HIS FRIENDS,Miranda J.,D,,,False,True
16,ZLZ AND HIS FRIENDS,Gabbia,D,,,False,True
16,ZLZ AND HIS FRIENDS,Zappa,D,5.5,5.5,False,True
16,ZLZ AND HIS FRIENDS,Dumfries,D,,,False,True
16,ZLZ AND HIS FRIENDS,Kristensen T.,D,6.5,6.5,False,True
16,ZLZ AND HIS FRIENDS,Ravaglia F.,P,7.0,4.0,True,True
16,ZLZ AND HIS FRIENDS,Leali,P,5.0,4.0,False,True
16,XIAWA NO.92,Maignan,P,6.0,7.0,True,False
16,XIAWA NO.92,Spinazzola,D,7.0,10.0,True,False
16,XIAWA NO.92,Vasquez,D,5.5,5.5,True,False
16,XIAWA NO.92,Buongiorno,D,,,False,False
16,XIAWA NO.92,Valeri,D,6.0,6.0,True,False
16,XIAWA NO.92,Vandeputte,C,5.5,5.5,True,False
16,XIAWA NO.92,Paz N.,C,6.0,6.0,True,False
16,XIAWA NO.92,Thuram K.,C,6.0,6.0,True,False
16,XIAWA NO.92,Laurientè,A,6.0,6.0,True,False
16,XIAWA NO.92,Giovane,A,6.0,6.0,True,False
16,XIAWA NO.92,Rodriguez Je.,A,6.5,6.0,True,False
16,XIAWA NO.92,Terracciano,P,,,False,True
16,XIAWA NO.92,Torriani,P,,,False,True
16,XIAWA NO.92,Terracciano F.,D,6.5,6.5,True,True
16,XIAWA NO.92,Delprato,D,6.0,6.0,False,True
16,XIAWA NO.92,Luperto,D,5.5,5.5,False,True
16,XIAWA NO.92,Diego Carlos,D,,,False,True
16,XIAWA NO.92,Fofana Y.,C,6.0,6.0,False,True
16,XIAWA NO.92,Oristanio,C,6.0,6.0,False,True
16,XIAWA NO.92,Zerbin,C,6.0,6.0,False,True
16,XIAWA NO.92,Basic,C,5.5,5.5,False,True
16,XIAWA NO.92,Collocolo,C,,,False,True
16,XIAWA NO.92,Esposito Se.,A,6.0,6.0,False,True
16,XIAWA NO.92,Addai,A,,,False,True
16,XIAWA NO.92,Diao,A,,,False,True
16,NO ONE,Falcone,P,8.0,9.5,True,False
16,NO ONE,Zappacosta,D,6.0,6.0,True,False
16,NO ONE,Ismajli,D,7.0,8.0,True,False
16,NO ONE,Akanji,D,6.5,6.5,True,False
16,NO ONE,Bisseck,D,6.0,6.0,True,False
16,NO ONE,Malinovskyi,C,6.0,5.5,True,False
16,NO ONE,Barella,C,6.0,5.5,True,False
16,NO ONE,Baturina,C,,,False,False
16,NO ONE,Leao,A,7.0,11.0,True,False
16,NO ONE,Kean,A,7.0,11.0,True,False
16,NO ONE,Dybala,A,5.0,5.0,True,False
16,NO ONE,Fruchtl,P,,,False,True
16,NO ONE,Samooja,P,,,False,True
16,NO ONE,Angelino,D,,,False,True
16,NO ONE,Biraghi,D,,,False,True
16,NO ONE,Acerbi,D,,,False,True
16,NO ONE,N'Dicka,D,,,False,True
16,NO ONE,Gaetano,C,6.0,6.0,True,True
16,NO ONE,Samardzic,C,,,False,True
16,NO ONE,Casadei,C,7.0,9.0,False,True
16,NO ONE,Ricci S.,C,6.0,6.0,False,True
16,NO ONE,Fazzini,C,,,False,True
16,NO ONE,Luvumbo,A,,,False,True
16,NO ONE,Meister,A,5.5,5.5,False,True
16,NO ONE,Lukaku,A,,,False,True
16,ETERNITY,Sommer,P,6.0,5.0,True,False
16,ETERNITY,Gosens,D,6.0,6.0,True,False
16,ETERNITY,Kolasinac,D,6.0,6.0,True,False
16,ETERNITY,Ranieri L.,D,5.5,5.5,True,False
16,ETERNITY,Lazaro,D,6.5,6.5,True,False
16,ETERNITY,Rabiot,C,6.5,7.5,True,False
16,ETERNITY,Ederson D.S.,C,6.0,6.0,True,False
16,ETERNITY,Saelemaekers,C,6.0,5.5,True,False
16,ETERNITY,Pinamonti,A,5.0,5.0,True,False
16,ETERNITY,Martinez L.,A,7.0,12.0,True,False
16,ETERNITY,Simeone,A,7.0,10.0,True,False
16,ETERNITY,Provedel,P,6.0,4.0,False,True
16,ETERNITY,Mandas,P,,,False,True
16,ETERNITY,Pezzella Giu.,D,5.5,5.5,False,True
16,ETERNITY,Lucumì,D,5.0,5.0,False,True
16,ETERNITY,Tavares N.,D,,,False,True
16,ETERNITY,McKennie,C,7.0,10.0,False,True
16,ETERNITY,Gudmundsson A.,C,6.0,6.0,False,True
16,ETERNITY,Jashari,C,,,False,True
16,ETERNITY,Maldini,C,6.0,6.0,False,True
16,ETERNITY,Esposito F.P.,A,6.0,6.0,False,True
16,ETERNITY,Immobile,A,,,False,True
16,ETERNITY,Camarda,A,5.0,5.0,False,True
16,TEAM YANGTUO,De Gea,P,6.5,7.5,True,False
16,TEAM YANGTUO,Dodò,D,6.0,5.5,True,False
16,TEAM YANGTUO,Muharemovic,D,6.0,6.0,True,False
16,TEAM YANGTUO,Solet,D,6.0,6.0,True,False
16,TEAM YANGTUO,Hermoso,D,5.5,5.0,True,False
16,TEAM YANGTUO,Calhanoglu,C,6.5,7.0,True,False
16,TEAM YANGTUO,Locatelli,C,6.5,6.5,True,False
16,TEAM YANGTUO,Luis Henrique,C,6.0,6.0,True,False
16,TEAM YANGTUO,Castro S.,A,6.5,8.5,True,False
16,TEAM YANGTUO,Noslin,A,4.5,3.5,True,False
16,TEAM YANGTUO,Vitinha O.,A,6.0,6.0,True,False
16,TEAM YANGTUO,Martinelli T.,P,,,False,True
16,TEAM YANGTUO,Lezzerini,P,,,False,True
16,TEAM YANGTUO,Benedyczak,A,,,False,True
16,TEAM YANGTUO,Kilicsoy,A,5.5,5.5,False,True
16,TEAM YANGTUO,Stulic,A,6.0,6.0,False,True
16,TEAM YANGTUO,Zhegrova,C,6.0,6.0,False,True
16,TEAM YANGTUO,Bernede,C,5.0,5.0,False,True
16,TEAM YANGTUO,Lobotka,C,7.0,7.0,False,True
16,TEAM YANGTUO,Tramoni M.,C,,,False,True
16,TEAM YANGTUO,Akinsanmiro,C,,,False,True
16,TEAM YANGTUO,Barbieri,D,6.0,6.0,False,True
16,TEAM YANGTUO,Zortea,D,5.5,5.5,False,True
16,TEAM YANGTUO,Britschgi,D,6.0,6.0,False,True
16,TEAM YANGTUO,Romagnoli,D,6.0,5.5,False,True
16,WINNING MOMENT,Svilar,P,5.0,4.0,True,False
16,WINNING MOMENT,Bartesaghi,D,6.5,6.5,True,False
16,WINNING MOMENT,Kalulu,D,5.5,5.5,True,False
16,WINNING MOMENT,Kelly L.,D,6.0,6.0,True,False
16,WINNING MOMENT,Celik,D,5.5,5.5,True,False
16,WINNING MOMENT,Perrone,C,6.5,6.5,True,False
16,WINNING MOMENT,Modric,C,7.0,7.0,True,False
16,WINNING MOMENT,Ekkelenkamp,C,5.5,5.5,True,False
16,WINNING MOMENT,Soulè,A,5.5,5.5,True,False
16,WINNING MOMENT,Hojlund,A,6.0,6.0,True,False
16,WINNING MOMENT,Adams C.,A,6.0,6.0,True,False
16,WINNING MOMENT,Gollini,P,,,False,True
16,WINNING MOMENT,Zelezny,P,,,False,True
16,WINNING MOMENT,Tomori,D,6.0,6.0,False,True
16,WINNING MOMENT,Carlos Augusto,D,6.0,6.0,False,True
16,WINNING MOMENT,Estupinan,D,5.5,5.5,False,True
16,WINNING MOMENT,Moreno Alb.,D,6.0,6.0,False,True
16,WINNING MOMENT,Elmas,C,5.5,5.5,False,True
16,WINNING MOMENT,Pasalic,C,,,False,True
16,WINNING MOMENT,Isaksen,C,5.5,5.5,False,True
16,WINNING MOMENT,Koopmeiners,C,5.5,5.5,False,True
16,WINNING MOMENT,Adzic,C,,,False,True
16,WINNING MOMENT,David,A,4.5,2.5,False,True
16,WINNING MOMENT,Ngonge,A,,,False,True
16,WINNING MOMENT,Krstovic,A,6.0,6.0,False,True
17,TEAM YANGTUO,De Gea,P,7.0,5.0,True,False
17,TEAM YANGTUO,Dodò,D,6.0,6.0,True,False
17,TEAM YANGTUO,Romagnoli,D,6.5,6.5,True,False
17,TEAM YANGTUO,Solet,D,6.0,6.0,True,False
17,TEAM YANGTUO,Barbieri,D,5.5,5.5,True,False
17,TEAM YANGTUO,Calhanoglu,C,6.5,6.0,True,False
17,TEAM YANGTUO,Locatelli,C,7.0,7.0,True,False
17,TEAM YANGTUO,Luis Henrique,C,6.0,6.0,True,False
17,TEAM YANGTUO,Castro S.,A,5.5,5.5,True,False
17,TEAM YANGTUO,Kilicsoy,A,6.5,6.5,True,False
17,TEAM YANGTUO,Vitinha O.,A,6.5,6.5,True,False
17,TEAM YANGTUO,Martinelli T.,P,,,False,True
17,TEAM YANGTUO,Lezzerini,P,,,False,True
17,TEAM YANGTUO,Benedyczak,A,,,False,True
17,TEAM YANGTUO,Stulic,A,5.5,5.5,False,True
17,TEAM YANGTUO,Zhegrova,C,,,False,True
17,TEAM YANGTUO,Bernede,C,6.5,6.5,False,True
17,TEAM YANGTUO,Lobotka,C,6.0,6.0,False,True
17,TEAM YANGTUO,Tramoni M.,C,6.5,6.5,False,True
17,TEAM YANGTUO,Akinsanmiro,C,,,False,True
17,TEAM YANGTUO,Zortea,D,5.5,5.5,False,True
17,TEAM YANGTUO,Muharemovic,D,4.5,2.5,False,True
17,TEAM YANGTUO,Britschgi,D,5.5,5.5,False,True
17,ETHANANITA,Butez,P,7.0,10.0,True,False
17,ETHANANITA,Cambiaso,D,6.5,6.5,True,False
17,ETHANANITA,Gila,D,6.0,6.0,True,False
17,ETHANANITA,Palestra,D,6.5,6.5,True,False
17,ETHANANITA,Vlasic,C,5.0,5.0,True,False
17,ETHANANITA,Da Cunha,C,5.5,5.0,True,False
17,ETHANANITA,Politano,C,5.5,5.5,True,False
17,ETHANANITA,Loftus-Cheek,C,6.0,6.0,True,False
17,ETHANANITA,Davis K.,A,7.0,8.0,True,False
17,ETHANANITA,Pellegrino M.,A,5.5,5.5,True,False
17,ETHANANITA,Fullkrug,A,5.5,5.5,True,False
17,ETHANANITA,Caprile,P,5.5,3.5,False,True
17,ETHANANITA,Semper,P,6.0,3.0,False,True
17,ETHANANITA,Vojvoda,D,6.5,6.5,False,True
17,ETHANANITA,Holm,D,,,False,True
17,ETHANANITA,Djimsiti,D,7.0,7.0,False,True
17,ETHANANITA,Tiago Gabriel,D,5.5,5.5,False,True
17,ETHANANITA,Marusic,D,,,False,True
17,ETHANANITA,Odgaard,C,,,False,True
17,ETHANANITA,Tourè I.,C,5.5,5.5,False,True
17,ETHANANITA,Conceicao,C,,,False,True
17,ETHANANITA,Berisha M.,C,,,False,True
17,ETHANANITA,Openda,A,,,False,True
17,ETHANANITA,Lucca,A,5.5,5.5,False,True
17,ETHANANITA,Vlahovic,A,,,False,True
17,XIAWA NO.92,Maignan,P,6.0,4.5,True,False
17,XIAWA NO.92,Spinazzola,D,6.0,6.0,True,False
17,XIAWA NO.92,Terracciano F.,D,6.0,6.0,True,False
17,XIAWA NO.92,Buongiorno,D,5.0,5.0,True,False
17,XIAWA NO.92,Diego Carlos,D,,,False,False
17,XIAWA NO.92,Vandeputte,C,5.5,5.5,True,False
17,XIAWA NO.92,Paz N.,C,6.0,6.0,True,False
17,XIAWA NO.92,Thuram K.,C,6.5,6.5,True,False
17,XIAWA NO.92,Laurientè,A,5.0,5.0,True,False
17,XIAWA NO.92,Giovane,A,5.5,5.5,True,False
17,XIAWA NO.92,Rodriguez Je.,A,6.5,7.5,True,False
17,XIAWA NO.92,Terracciano,P,,,False,True
17,XIAWA NO.92,Torriani,P,,,False,True
17,XIAWA NO.92,Luperto,D,5.0,4.5,True,True
17,XIAWA NO.92,Valeri,D,6.0,6.0,False,True
17,XIAWA NO.92,Delprato,D,5.0,5.0,False,True
17,XIAWA NO.92,Vasquez,D,6.5,6.5,False,True
17,XIAWA NO.92,Fofana Y.,C,5.0,5.0,False,True
17,XIAWA NO.92,Zerbin,C,6.0,6.0,False,True
17,XIAWA NO.92,Basic,C,6.5,6.5,False,True
17,XIAWA NO.92,Oristanio,C,5.0,5.0,False,True
17,XIAWA NO.92,Collocolo,C,,,False,True
17,XIAWA NO.92,Esposito Se.,A,6.0,6.0,False,True
17,XIAWA NO.92,Addai,A,,,False,True
17,XIAWA NO.92,Diao,A,,,False,True
17,GOODBYE,Milinkovic-Savic V.,P,6.0,4.0,True,False
17,GOODBYE,Bastoni,D,,,False,False
17,GOODBYE,Ziolkowski,D,7.0,7.0,True,False
17,GOODBYE,Bremer,D,6.5,6.5,True,False
17,GOODBYE,Konè M.,C,6.0,6.0,True,False
17,GOODBYE,El Shaarawy,C,6.0,6.0,True,False
17,GOODBYE,Cristante,C,6.5,6.0,True,False
17,GOODBYE,Zielinski,C,6.0,6.0,True,False
17,GOODBYE,Yildiz,A,6.5,6.5,True,False
17,GOODBYE,Scamacca,A,,,False,False
17,GOODBYE,Sulemana K.,A,,,False,False
17,GOODBYE,Meret,P,,,False,True
17,GOODBYE,Vasquez D.,P,,,False,True
17,GOODBYE,Zanoli,D,7.0,8.0,True,True
17,GOODBYE,Norton-Cuffy,D,6.0,6.0,False,True
17,GOODBYE,Idrissi R.,D,,,False,True
17,GOODBYE,Valle,D,6.0,6.0,False,True
17,GOODBYE,Mancini,D,,,False,True
17,GOODBYE,Pisilli,C,6.5,7.5,False,True
17,GOODBYE,Matic,C,6.0,6.0,False,True
17,GOODBYE,El Aynaoui,C,,,False,True
17,GOODBYE,Pellegrini Lo.,C,,,False,True
17,GOODBYE,Dzeko,A,,,False,True
17,GOODBYE,Cambiaghi,A,6.0,6.0,True,True
17,GOODBYE,Lookman,A,,,False,True
17,SEPTWOLVES,Carnesecchi,P,6.5,7.5,True,False
17,SEPTWOLVES,Cabal,D,,,False,False
17,SEPTWOLVES,Rrahmani,D,6.0,6.0,True,False
17,SEPTWOLVES,Coco,D,6.5,6.0,True,False
17,SEPTWOLVES,Wesley,D,6.0,6.0,True,False
17,SEPTWOLVES,Bernabè,C,5.5,5.5,True,False
17,SEPTWOLVES,Prati,C,5.5,5.5,True,False
17,SEPTWOLVES,Orsolini,C,5.0,5.0,True,False
17,SEPTWOLVES,De Ketelaere,A,7.5,8.5,True,False
17,SEPTWOLVES,Ferguson E.,A,7.0,11.0,True,False
17,SEPTWOLVES,Dovbyk,A,7.0,9.0,True,False
17,SEPTWOLVES,Castellanos,A,,,False,True
17,SEPTWOLVES,Cancellieri,A,6.0,5.5,False,True
17,SEPTWOLVES,Moreo,A,5.5,5.5,False,True
17,SEPTWOLVES,Zambo Anguissa,C,,,False,True
17,SEPTWOLVES,Folorunsho,C,,,False,True
17,SEPTWOLVES,Guendouzi,C,5.5,5.5,False,True
17,SEPTWOLVES,Rovella,C,,,False,True
17,SEPTWOLVES,Serdar,C,,,False,True
17,SEPTWOLVES,Gatti,D,,,False,True
17,SEPTWOLVES,Hien,D,6.0,6.0,True,True
17,SEPTWOLVES,Kossounou,D,,,False,True
17,SEPTWOLVES,Juan Jesus,D,,,False,True
17,SEPTWOLVES,Rossi F.,P,,,False,True
17,SEPTWOLVES,Sportiello,P,,,False,True
17,NO ONE,Falcone,P,6.0,4.0,True,False
17,NO ONE,Zappacosta,D,6.0,6.0,True,False
17,NO ONE,Ismajli,D,5.5,5.5,True,False
17,NO ONE,Akanji,D,7.0,7.0,True,False
17,NO ONE,Bisseck,D,7.0,7.0,True,False
17,NO ONE,Gaetano,C,5.5,5.5,True,False
17,NO ONE,Barella,C,6.5,7.5,True,False
17,NO ONE,Baturina,C,,,False,False
17,NO ONE,Leao,A,7.0,10.0,True,False
17,NO ONE,Kean,A,5.5,5.5,True,False
17,NO ONE,Dybala,A,6.5,7.5,True,False
17,NO ONE,Fruchtl,P,,,False,True
17,NO ONE,Samooja,P,,,False,True
17,NO ONE,Angelino,D,,,False,True
17,NO ONE,Biraghi,D,,,False,True
17,NO ONE,Acerbi,D,,,False,True
17,NO ONE,N'Dicka,D,,,False,True
17,NO ONE,Casadei,C,6.5,8.0,True,True
17,NO ONE,Malinovskyi,C,6.5,7.5,False,True
17,NO ONE,Samardzic,C,,,False,True
17,NO ONE,Ricci S.,C,,,False,True
17,NO ONE,Fazzini,C,,,False,True
17,NO ONE,Meister,A,,,False,True
17,NO ONE,Luvumbo,A,6.0,6.0,False,True
17,NO ONE,Lukaku,A,,,False,True
17,WINNING MOMENT,Svilar,P,6.0,7.0,True,False
17,WINNING MOMENT,Bartesaghi,D,5.0,5.0,True,False
17,WINNING MOMENT,Kalulu,D,6.5,6.5,True,False
17,WINNING MOMENT,Kelly L.,D,,,False,False
17,WINNING MOMENT,Celik,D,6.5,6.5,True,False
17,WINNING MOMENT,Perrone,C,7.0,11.0,True,False
17,WINNING MOMENT,Modric,C,6.0,6.0,True,False
17,WINNING MOMENT,Ekkelenkamp,C,7.5,11.5,True,False
17,WINNING MOMENT,Soulè,A,,,False,False
17,WINNING MOMENT,Hojlund,A,5.5,5.5,True,False
17,WINNING MOMENT,Adams C.,A,5.5,5.5,True,False
17,WINNING MOMENT,Gollini,P,,,False,True
17,WINNING MOMENT,Zelezny,P,,,False,True
17,WINNING MOMENT,Tomori,D,6.0,5.5,True,True
17,WINNING MOMENT,Carlos Augusto,D,6.5,6.0,False,True
17,WINNING MOMENT,Estupinan,D,,,False,True
17,WINNING MOMENT,Moreno Alb.,D,,,False,True
17,WINNING MOMENT,Elmas,C,5.5,5.5,False,True
17,WINNING MOMENT,Pasalic,C,,,False,True
17,WINNING MOMENT,Isaksen,C,5.5,5.5,False,True
17,WINNING MOMENT,Koopmeiners,C,6.0,6.0,False,True
17,WINNING MOMENT,Adzic,C,,,False,True
17,WINNING MOMENT,David,A,7.5,11.5,True,True
17,WINNING MOMENT,Ngonge,A,6.0,6.0,False,True
17,WINNING MOMENT,Krstovic,A,7.5,13.5,False,True
17,TEAM WOLFLING,Di Gregorio,P,6.0,7.0,True,False
17,TEAM WOLFLING,Dimarco,D,7.5,11.5,True,False
17,TEAM WOLFLING,Pavlovic,D,6.0,5.5,True,False
17,TEAM WOLFLING,Baschirotto,D,5.5,5.5,True,False
17,TEAM WOLFLING,Ostigard,D,6.5,6.5,True,False
17,TEAM WOLFLING,Di Lorenzo,D,6.5,9.5,True,False
17,TEAM WOLFLING,Mandragora,C,6.5,6.5,True,False
17,TEAM WOLFLING,McTominay,C,6.5,9.5,True,False
17,TEAM WOLFLING,Konè I.,C,5.0,5.0,True,False
17,TEAM WOLFLING,Douvikas,A,7.5,11.5,True,False
17,TEAM WOLFLING,Vardy,A,7.5,10.0,True,False
17,TEAM WOLFLING,Perin,P,,,False,True
17,TEAM WOLFLING,Bianchetti,D,5.5,5.5,False,True
17,TEAM WOLFLING,Circati,D,5.0,5.0,False,True
17,TEAM WOLFLING,Atta,C,6.5,6.5,False,True
17,TEAM WOLFLING,Zalewski,C,6.5,6.5,False,True
17,TEAM WOLFLING,Frattesi,C,,,False,True
17,TEAM WOLFLING,Asllani,C,,,False,True
17,TEAM WOLFLING,Banda,A,5.5,5.0,False,True
17,TEAM WOLFLING,Ekuban,A,,,False,True
17,TEAM WOLFLING,Pedro,A,7.0,10.0,False,True
17,ETERNITY,Sommer,P,6.0,7.0,True,False
17,ETERNITY,Gosens,D,7.0,8.5,True,False
17,ETERNITY,Ranieri L.,D,6.0,6.0,True,False
17,ETERNITY,Lazaro,D,6.0,7.0,True,False
17,ETERNITY,Gudmundsson A.,C,7.0,10.0,True,False
17,ETERNITY,Rabiot,C,6.5,6.5,True,False
17,ETERNITY,McKennie,C,6.5,6.5,True,False
17,ETERNITY,Saelemaekers,C,6.0,6.0,True,False
17,ETERNITY,Pinamonti,A,5.0,5.0,True,False
17,ETERNITY,Martinez L.,A,5.5,5.5,True,False
17,ETERNITY,Simeone,A,5.0,5.0,True,False
17,ETERNITY,Provedel,P,6.0,4.0,False,True
17,ETERNITY,Mandas,P,,,False,True
17,ETERNITY,Kolasinac,D,,,False,True
17,ETERNITY,Pezzella Giu.,D,6.0,6.0,False,True
17,ETERNITY,Lucumì,D,,,False,True
17,ETERNITY,Tavares N.,D,,,False,True
17,ETERNITY,Ederson D.S.,C,6.5,6.5,False,True
17,ETERNITY,Jashari,C,,,False,True
17,ETERNITY,Maldini,C,,,False,True
17,ETERNITY,Esposito F.P.,A,6.5,6.5,False,True
17,ETERNITY,Immobile,A,5.5,5.5,False,True
17,ETERNITY,Camarda,A,5.5,5.5,False,True
17,ZLZ AND HIS FRIENDS,Ravaglia F.,P,6.0,4.0,True,False
17,ZLZ AND HIS FRIENDS,Gabbia,D,5.0,4.5,True,False
17,ZLZ AND HIS FRIENDS,Miranda J.,D,6.0,6.0,True,False
17,ZLZ AND HIS FRIENDS,Ramon,D,6.5,6.0,True,False
17,ZLZ AND HIS FRIENDS,Zaccagni,C,6.0,5.5,True,False
17,ZLZ AND HIS FRIENDS,Zaniolo,C,7.0,9.0,True,False
17,ZLZ AND HIS FRIENDS,Pulisic,C,6.0,6.0,True,False
17,ZLZ AND HIS FRIENDS,Neres,C,,,False,False
17,ZLZ AND HIS FRIENDS,Thuram,A,7.0,8.5,True,False
17,ZLZ AND HIS FRIENDS,Orban G.,A,7.0,8.5,True,False
17,ZLZ AND HIS FRIENDS,Bonazzoli,A,7.0,7.5,True,False
17,ZLZ AND HIS FRIENDS,Colombo,A,7.0,10.0,False,True
17,ZLZ AND HIS FRIENDS,Bonny,A,,,False,True
17,ZLZ AND HIS FRIENDS,Nkunku,A,,,False,True
17,ZLZ AND HIS FRIENDS,Mkhitaryan,C,6.0,6.0,True,True
17,ZLZ AND HIS FRIENDS,Sucic P.,C,5.5,5.5,False,True
17,ZLZ AND HIS FRIENDS,Freuler,C,5.5,5.5,False,True
17,ZLZ AND HIS FRIENDS,Frendrup,C,6.0,6.0,False,True
17,ZLZ AND HIS FRIENDS,Martin,D,6.0,6.0,False,True
17,ZLZ AND HIS FRIENDS,Idzes,D,5.0,5.0,False,True
17,ZLZ AND HIS FRIENDS,Zappa,D,5.5,5.5,False,True
17,ZLZ AND HIS FRIENDS,Dumfries,D,,,False,True
17,ZLZ AND HIS FRIENDS,Kristensen T.,D,5.5,5.0,False,True
17,ZLZ AND HIS FRIENDS,Leali,P,7.0,5.5,False,True
17,ZLZ AND HIS FRIENDS,Skorupski,P,,,False,True
18,ZLZ AND HIS FRIENDS,Ravaglia F.,P,6.0,5.0,True,False
18,ZLZ AND HIS FRIENDS,Zappa,D,5.5,5.5,True,False
18,ZLZ AND HIS FRIENDS,Miranda J.,D,6.5,6.5,True,False
18,ZLZ AND HIS FRIENDS,Ramon,D,,,False,False
18,ZLZ AND HIS FRIENDS,Martin,D,7.0,8.0,True,False
18,ZLZ AND HIS FRIENDS,Zaccagni,C,,,False,False
18,ZLZ AND HIS FRIENDS,Zaniolo,C,6.5,7.0,True,False
18,ZLZ AND HIS FRIENDS,Pulisic,C,6.0,6.0,True,False
18,ZLZ AND HIS FRIENDS,Thuram,A,6.5,7.5,True,False
18,ZLZ AND HIS FRIENDS,Colombo,A,7.0,10.0,True,False
18,ZLZ AND HIS FRIENDS,Bonazzoli,A,5.5,5.5,True,False
18,ZLZ AND HIS FRIENDS,Orban G.,A,5.5,5.5,False,True
18,ZLZ AND HIS FRIENDS,Nkunku,A,7.0,10.0,False,True
18,ZLZ AND HIS FRIENDS,Bonny,A,,,False,True
18,ZLZ AND HIS FRIENDS,Neres,C,,,False,True
18,ZLZ AND HIS FRIENDS,Frendrup,C,7.0,9.5,True,True
18,ZLZ AND HIS FRIENDS,Mkhitaryan,C,6.5,6.5,False,True
18,ZLZ AND HIS FRIENDS,Sucic P.,C,,,False,True
18,ZLZ AND HIS FRIENDS,Freuler,C,6.5,6.0,False,True
18,ZLZ AND HIS FRIENDS,Idzes,D,6.0,6.0,True,True
18,ZLZ AND HIS FRIENDS,Dumfries,D,,,False,True
18,ZLZ AND HIS FRIENDS,Gabbia,D,6.0,6.0,False,True
18,ZLZ AND HIS FRIENDS,Kristensen T.,D,,,False,True
18,ZLZ AND HIS FRIENDS,Leali,P,7.0,8.0,False,True
18,ZLZ AND HIS FRIENDS,Skorupski,P,,,False,True
18,SEPTWOLVES,Carnesecchi,P,7.0,8.0,True,False
18,SEPTWOLVES,Cabal,D,6.0,6.0,True,False
18,SEPTWOLVES,Rrahmani,D,6.0,6.0,True,False
18,SEPTWOLVES,Coco,D,5.5,5.5,True,False
18,SEPTWOLVES,Hien,D,6.0,6.0,True,False
18,SEPTWOLVES,Bernabè,C,7.5,9.5,True,False
18,SEPTWOLVES,Prati,C,5.5,5.5,True,False
18,SEPTWOLVES,Orsolini,C,,,False,False
18,SEPTWOLVES,De Ketelaere,A,7.5,11.5,True,False
18,SEPTWOLVES,Ferguson E.,A,5.5,5.5,True,False
18,SEPTWOLVES,Cancellieri,A,6.5,6.0,True,False
18,SEPTWOLVES,Dovbyk,A,,,False,True
18,SEPTWOLVES,Castellanos,A,,,False,True
18,SEPTWOLVES,Moreo,A,6.0,5.5,False,True
18,SEPTWOLVES,Zambo Anguissa,C,,,False,True
18,SEPTWOLVES,Folorunsho,C,,,False,True
18,SEPTWOLVES,Guendouzi,C,,,False,True
18,SEPTWOLVES,Rovella,C,5.5,5.5,True,True
18,SEPTWOLVES,Serdar,C,5.5,5.5,False,True
18,SEPTWOLVES,Wesley,D,6.5,6.5,False,True
18,SEPTWOLVES,Gatti,D,,,False,True
18,SEPTWOLVES,Kossounou,D,,,False,True
18,SEPTWOLVES,Juan Jesus,D,5.5,5.0,False,True
18,SEPTWOLVES,Rossi F.,P,,,False,True
18,SEPTWOLVES,Sportiello,P,,,False,True
18,ETHANANITA,Butez,P,6.0,5.0,True,False
18,ETHANANITA,Cambiaso,D,6.0,6.0,True,False
18,ETHANANITA,Vojvoda,D,5.0,5.0,True,False
18,ETHANANITA,Djimsiti,D,6.0,6.0,True,False
18,ETHANANITA,Palestra,D,5.5,5.5,True,False
18,ETHANANITA,Vlasic,C,5.5,5.5,True,False
18,ETHANANITA,Da Cunha,C,5.5,5.0,True,False
18,ETHANANITA,Politano,C,6.0,6.0,True,False
18,ETHANANITA,Davis K.,A,6.5,8.5,True,False
18,ETHANANITA,Fullkrug,A,6.0,6.0,True,False
18,ETHANANITA,Pellegrino M.,A,7.0,10.0,True,False
18,ETHANANITA,Caprile,P,5.5,2.5,False,True
18,ETHANANITA,Semper,P,,,False,True
18,ETHANANITA,Marusic,D,6.0,6.0,False,True
18,ETHANANITA,Gila,D,6.5,7.5,False,True
18,ETHANANITA,Tiago Gabriel,D,5.0,3.0,False,True
18,ETHANANITA,Holm,D,,,False,True
18,ETHANANITA,Odgaard,C,,,False,True
18,ETHANANITA,Loftus-Cheek,C,5.5,5.5,False,True
18,ETHANANITA,Tourè I.,C,6.0,6.0,False,True
18,ETHANANITA,Conceicao,C,,,False,True
18,ETHANANITA,Berisha M.,C,,,False,True
18,ETHANANITA,Openda,A,,,False,True
18,ETHANANITA,Lucca,A,,,False,True
18,ETHANANITA,Vlahovic,A,,,False,True
18,XIAWA NO.92,Maignan,P,6.5,5.5,True,False
18,XIAWA NO.92,Spinazzola,D,6.5,6.5,True,False
18,XIAWA NO.92,Diego Carlos,D,5.5,5.5,True,False
18,XIAWA NO.92,Vasquez,D,6.5,6.5,True,False
18,XIAWA NO.92,Valeri,D,6.0,6.0,True,False
18,XIAWA NO.92,Vandeputte,C,6.0,6.0,True,False
18,XIAWA NO.92,Paz N.,C,6.5,6.0,True,False
18,XIAWA NO.92,Thuram K.,C,7.0,8.0,True,False
18,XIAWA NO.92,Esposito Se.,A,6.5,6.5,True,False
18,XIAWA NO.92,Giovane,A,6.0,6.0,True,False
18,XIAWA NO.92,Rodriguez Je.,A,7.0,8.5,True,False
18,XIAWA NO.92,Terracciano,P,,,False,True
18,XIAWA NO.92,Torriani,P,,,False,True
18,XIAWA NO.92,Delprato,D,6.0,5.5,False,True
18,XIAWA NO.92,Buongiorno,D,,,False,True
18,XIAWA NO.92,Luperto,D,5.0,4.5,False,True
18,XIAWA NO.92,Terracciano F.,D,4.0,2.0,False,True
18,XIAWA NO.92,Basic,C,,,False,True
18,XIAWA NO.92,Fofana Y.,C,6.5,7.0,False,True
18,XIAWA NO.92,Oristanio,C,6.0,6.0,False,True
18,XIAWA NO.92,Zerbin,C,4.5,4.5,False,True
18,XIAWA NO.92,Collocolo,C,,,False,True
18,XIAWA NO.92,Laurientè,A,6.0,6.0,False,True
18,XIAWA NO.92,Addai,A,,,False,True
18,XIAWA NO.92,Diao,A,,,False,True
18,TEAM WOLFLING,Di Gregorio,P,6.5,7.5,True,False
18,TEAM WOLFLING,Dimarco,D,7.0,9.0,True,False
18,TEAM WOLFLING,Pavlovic,D,6.0,6.0,True,False
18,TEAM WOLFLING,Circati,D,6.5,6.5,True,False
18,TEAM WOLFLING,Ostigard,D,7.5,9.5,True,False
18,TEAM WOLFLING,Zalewski,C,6.5,6.5,True,False
18,TEAM WOLFLING,Mandragora,C,6.0,6.0,True,False
18,TEAM WOLFLING,McTominay,C,7.5,13.5,True,False
18,TEAM WOLFLING,Atta,C,6.5,6.5,True,False
18,TEAM WOLFLING,Banda,A,5.5,5.5,True,False
18,TEAM WOLFLING,Douvikas,A,5.5,5.5,True,False
18,TEAM WOLFLING,Perin,P,,,False,True
18,TEAM WOLFLING,Pinsoglio,P,,,False,True
18,TEAM WOLFLING,Di Lorenzo,D,6.5,6.5,False,True
18,TEAM WOLFLING,Baschirotto,D,4.0,4.0,False,True
18,TEAM WOLFLING,Bianchetti,D,4.5,4.5,False,True
18,TEAM WOLFLING,Konè I.,C,6.5,6.5,False,True
18,TEAM WOLFLING,Frattesi,C,,,False,True
18,TEAM WOLFLING,Asllani,C,,,False,True
18,TEAM WOLFLING,Vardy,A,5.0,5.0,False,True
18,TEAM WOLFLING,Pedro,A,6.0,6.0,False,True
18,TEAM YANGTUO,De Gea,P,6.5,5.5,True,False
18,TEAM YANGTUO,Britschgi,D,,,False,False
18,TEAM YANGTUO,Romagnoli,D,6.0,6.0,True,False
18,TEAM YANGTUO,Solet,D,6.0,6.0,True,False
18,TEAM YANGTUO,Hermoso,D,6.0,5.5,True,False
18,TEAM YANGTUO,Calhanoglu,C,6.5,8.5,True,False
18,TEAM YANGTUO,Locatelli,C,6.5,6.5,True,False
18,TEAM YANGTUO,Luis Henrique,C,5.5,5.5,True,False
18,TEAM YANGTUO,Castro S.,A,6.5,7.0,True,False
18,TEAM YANGTUO,Kilicsoy,A,5.0,5.0,True,False
18,TEAM YANGTUO,Vitinha O.,A,6.5,6.5,True,False
18,TEAM YANGTUO,Martinelli T.,P,,,False,True
18,TEAM YANGTUO,Lezzerini,P,,,False,True
18,TEAM YANGTUO,Noslin,A,5.0,5.0,False,True
18,TEAM YANGTUO,Benedyczak,A,,,False,True
18,TEAM YANGTUO,Stulic,A,7.0,9.0,False,True
18,TEAM YANGTUO,Zhegrova,C,6.0,6.0,False,True
18,TEAM YANGTUO,Bernede,C,5.5,5.5,False,True
18,TEAM YANGTUO,Lobotka,C,6.0,6.0,False,True
18,TEAM YANGTUO,Tramoni M.,C,7.5,10.5,False,True
18,TEAM YANGTUO,Akinsanmiro,C,,,False,True
18,TEAM YANGTUO,Zortea,D,5.5,5.0,True,True
18,TEAM YANGTUO,Dodò,D,6.5,6.5,False,True
18,TEAM YANGTUO,Barbieri,D,,,False,True
18,TEAM YANGTUO,Muharemovic,D,6.0,6.0,False,True
18,GOODBYE,Milinkovic-Savic V.,P,6.0,4.0,True,False
18,GOODBYE,Zanoli,D,6.5,6.5,True,False
18,GOODBYE,Mancini,D,6.5,6.5,True,False
18,GOODBYE,Bremer,D,7.0,10.0,True,False
18,GOODBYE,Ziolkowski,D,,,False,False
18,GOODBYE,Norton-Cuffy,D,6.0,6.0,True,False
18,GOODBYE,El Shaarawy,C,7.0,8.0,True,False
18,GOODBYE,Pisilli,C,6.5,6.5,True,False
18,GOODBYE,Konè M.,C,7.0,9.5,True,False
18,GOODBYE,Yildiz,A,7.0,7.0,True,False
18,GOODBYE,Scamacca,A,6.5,7.5,True,False
18,GOODBYE,Meret,P,,,False,True
18,GOODBYE,Vasquez D.,P,,,False,True
18,GOODBYE,Bastoni,D,6.0,6.0,True,True
18,GOODBYE,Idrissi R.,D,5.0,5.0,False,True
18,GOODBYE,Valle,D,,,False,True
18,GOODBYE,Zielinski,C,6.5,6.5,False,True
18,GOODBYE,Matic,C,6.0,5.5,False,True
18,GOODBYE,El Aynaoui,C,,,False,True
18,GOODBYE,Pellegrini Lo.,C,,,False,True
18,GOODBYE,Sulemana K.,A,,,False,True
18,GOODBYE,Cambiaghi,A,6.0,7.0,False,True
18,GOODBYE,Dzeko,A,,,False,True
18,GOODBYE,Lookman,A,,,False,True
18,ETERNITY,Provedel,P,6.5,7.5,True,False
18,ETERNITY,Gosens,D,6.5,6.5,True,False
18,ETERNITY,Ranieri L.,D,,,False,False
18,ETERNITY,Lazaro,D,5.5,5.5,True,False
18,ETERNITY,Gudmundsson A.,C,6.5,7.5,True,False
18,ETERNITY,Rabiot,C,5.5,5.0,True,False
18,ETERNITY,McKennie,C,7.5,10.5,True,False
18,ETERNITY,Saelemaekers,C,6.5,6.5,True,False
18,ETERNITY,Pinamonti,A,5.5,5.5,True,False
18,ETERNITY,Martinez L.,A,5.5,5.5,True,False
18,ETERNITY,Simeone,A,5.5,5.5,True,False
18,ETERNITY,Mandas,P,,,False,True
18,ETERNITY,Sommer,P,6.0,4.0,False,True
18,ETERNITY,Kolasinac,D,,,False,True
18,ETERNITY,Pezzella Giu.,D,5.0,4.5,True,True
18,ETERNITY,Lucumì,D,5.5,5.5,False,True
18,ETERNITY,Tavares N.,D,,,False,True
18,ETERNITY,Ederson D.S.,C,6.5,6.5,False,True
18,ETERNITY,Jashari,C,5.5,5.5,False,True
18,ETERNITY,Maldini,C,,,False,True
18,ETERNITY,Esposito F.P.,A,,,False,True
18,ETERNITY,Immobile,A,5.5,5.5,False,True
18,ETERNITY,Camarda,A,,,False,True
18,NO ONE,Falcone,P,6.0,4.0,True,False
18,NO ONE,Zappacosta,D,6.0,6.0,True,False
18,NO ONE,Ismajli,D,6.0,6.0,True,False
18,NO ONE,Akanji,D,5.5,5.5,True,False
18,NO ONE,Bisseck,D,5.5,5.5,True,False
18,NO ONE,Gaetano,C,5.5,5.5,True,False
18,NO ONE,Barella,C,5.5,5.5,True,False
18,NO ONE,Malinovskyi,C,6.5,7.5,True,False
18,NO ONE,Leao,A,5.5,5.5,True,False
18,NO ONE,Kean,A,5.5,5.0,True,False
18,NO ONE,Dybala,A,6.5,6.5,True,False
18,NO ONE,Fruchtl,P,,,False,True
18,NO ONE,Samooja,P,,,False,True
18,NO ONE,Angelino,D,,,False,True
18,NO ONE,Biraghi,D,5.0,5.0,False,True
18,NO ONE,Acerbi,D,,,False,True
18,NO ONE,N'Dicka,D,,,False,True
18,NO ONE,Baturina,C,7.0,10.0,False,True
18,NO ONE,Ricci S.,C,6.0,6.0,False,True
18,NO ONE,Samardzic,C,,,False,True
18,NO ONE,Casadei,C,,,False,True
18,NO ONE,Fazzini,C,,,False,True
18,NO ONE,Meister,A,7.0,10.0,False,True
18,NO ONE,Luvumbo,A,5.0,5.0,False,True
18,NO ONE,Lukaku,A,,,False,True
18,WINNING MOMENT,Svilar,P,6.5,7.5,True,False
18,WINNING MOMENT,Bartesaghi,D,5.0,5.0,True,False
18,WINNING MOMENT,Kalulu,D,6.5,7.5,True,False
18,WINNING MOMENT,Kelly L.,D,6.5,6.5,True,False
18,WINNING MOMENT,Celik,D,6.5,6.5,True,False
18,WINNING MOMENT,Perrone,C,6.5,6.5,True,False
18,WINNING MOMENT,Modric,C,,,False,False
18,WINNING MOMENT,Ekkelenkamp,C,6.5,6.5,True,False
18,WINNING MOMENT,Soulè,A,7.5,11.5,True,False
18,WINNING MOMENT,Hojlund,A,6.5,6.5,True,False
18,WINNING MOMENT,Adams C.,A,6.0,6.0,True,False
18,WINNING MOMENT,Gollini,P,,,False,True
18,WINNING MOMENT,Zelezny,P,,,False,True
18,WINNING MOMENT,Tomori,D,,,False,True
18,WINNING MOMENT,Carlos Augusto,D,,,False,True
18,WINNING MOMENT,Estupinan,D,5.0,4.5,False,True
18,WINNING MOMENT,Moreno Alb.,D,6.0,6.0,False,True
18,WINNING MOMENT,Elmas,C,6.5,7.5,True,True
18,WINNING MOMENT,Pasalic,C,7.0,9.0,False,True
18,WINNING MOMENT,Isaksen,C,6.0,6.0,False,True
18,WINNING MOMENT,Koopmeiners,C,6.0,6.0,False,True
18,WINNING MOMENT,Adzic,C,6.0,6.0,False,True
18,WINNING MOMENT,David,A,7.0,9.0,False,True
18,WINNING MOMENT,Ngonge,A,5.5,5.5,False,True
18,WINNING MOMENT,Krstovic,A,6.0,6.0,False,True
19,ETHANANITA,Butez,P,6.5,7.5,True,False
19,ETHANANITA,Cambiaso,D,5.5,5.5,True,False
19,ETHANANITA,Vojvoda,D,6.0,6.0,True,False
19,ETHANANITA,Marusic,D,4.5,4.5,True,False
19,ETHANANITA,Palestra,D,6.5,6.5,True,False
19,ETHANANITA,Conceicao,C,,,False,False
19,ETHANANITA,Odgaard,C,5.0,5.0,True,False
19,ETHANANITA,Politano,C,5.5,5.5,True,False
19,ETHANANITA,Davis K.,A,5.5,5.5,True,False
19,ETHANANITA,Fullkrug,A,7.0,11.0,True,False
19,ETHANANITA,Pellegrino M.,A,5.5,5.5,True,False
19,ETHANANITA,Caprile,P,7.0,8.0,False,True
19,ETHANANITA,Semper,P,,,False,True
19,ETHANANITA,Holm,D,5.5,5.0,False,True
19,ETHANANITA,Gila,D,5.0,5.0,False,True
19,ETHANANITA,Tiago Gabriel,D,6.5,6.5,False,True
19,ETHANANITA,Djimsiti,D,,,False,True
19,ETHANANITA,Vlasic,C,5.0,4.5,True,True
19,ETHANANITA,Loftus-Cheek,C,5.5,5.5,False,True
19,ETHANANITA,Da Cunha,C,6.5,6.5,False,True
19,ETHANANITA,Tourè I.,C,6.5,6.5,False,True
19,ETHANANITA,Berisha M.,C,,,False,True
19,ETHANANITA,Openda,A,5.5,5.5,False,True
19,ETHANANITA,Lucca,A,,,False,True
19,ETHANANITA,Vlahovic,A,,,False,True
19,ETERNITY,Provedel,P,7.0,6.0,True,False
19,ETERNITY,Gosens,D,6.0,6.0,True,False
19,ETERNITY,Ranieri L.,D,,,False,False
19,ETERNITY,Lazaro,D,5.0,5.0,True,False
19,ETERNITY,Gudmundsson A.,C,6.5,7.5,True,False
19,ETERNITY,Rabiot,C,6.5,6.5,True,False
19,ETERNITY,McKennie,C,5.0,5.0,True,False
19,ETERNITY,Saelemaekers,C,7.0,8.0,True,False
19,ETERNITY,Esposito F.P.,A,6.5,7.5,True,False
19,ETERNITY,Martinez L.,A,7.0,11.0,True,False
19,ETERNITY,Simeone,A,,,False,False
19,ETERNITY,Sommer,P,6.0,7.0,False,True
19,ETERNITY,Mandas,P,,,False,True
19,ETERNITY,Kolasinac,D,,,False,True
19,ETERNITY,Tavares N.,D,,,False,True
19,ETERNITY,Ederson D.S.,C,6.5,6.5,False,True
19,ETERNITY,Jashari,C,6.5,6.5,False,True
19,ETERNITY,Maldini,C,,,False,True
19,ETERNITY,Pinamonti,A,5.5,5.5,True,True
19,ETERNITY,Immobile,A,,,False,True
19,GOODBYE,Milinkovic-Savic V.,P,6.5,7.5,True,False
19,GOODBYE,Norton-Cuffy,D,,,False,False
19,GOODBYE,Mancini,D,7.0,6.5,True,False
19,GOODBYE,Bremer,D,6.0,6.0,True,False
19,GOODBYE,Bastoni,D,,,False,False
19,GOODBYE,Pellegrini Lo.,C,5.5,5.5,True,False
19,GOODBYE,Cristante,C,6.5,6.5,True,False
19,GOODBYE,Konè M.,C,6.5,6.5,True,False
19,GOODBYE,Zielinski,C,6.5,6.5,True,False
19,GOODBYE,Yildiz,A,6.5,6.0,True,False
19,GOODBYE,Scamacca,A,5.0,5.0,True,False
19,GOODBYE,Meret,P,,,False,True
19,GOODBYE,Vasquez D.,P,,,False,True
19,GOODBYE,Ziolkowski,D,,,False,True
19,GOODBYE,Valle,D,7.0,7.5,True,True
19,GOODBYE,Zanoli,D,6.0,6.0,True,True
19,GOODBYE,Idrissi R.,D,6.0,6.0,False,True
19,GOODBYE,El Shaarawy,C,,,False,True
19,GOODBYE,Pisilli,C,6.0,6.0,False,True
19,GOODBYE,Matic,C,5.5,5.5,False,True
19,GOODBYE,El Aynaoui,C,,,False,True
19,GOODBYE,Cambiaghi,A,5.5,5.5,False,True
19,GOODBYE,Sulemana K.,A,6.0,6.0,False,True
19,GOODBYE,Dzeko,A,,,False,True
19,GOODBYE,Lookman,A,,,False,True
19,SEPTWOLVES,Carnesecchi,P,7.0,6.0,True,False
19,SEPTWOLVES,Cabal,D,,,False,False
19,SEPTWOLVES,Rrahmani,D,6.5,6.5,True,False
19,SEPTWOLVES,Gatti,D,,,False,False
19,SEPTWOLVES,Hien,D,6.0,6.0,True,False
19,SEPTWOLVES,Wesley,D,6.5,6.5,True,False
19,SEPTWOLVES,Bernabè,C,6.0,6.0,True,False
19,SEPTWOLVES,Prati,C,,,False,False
19,SEPTWOLVES,Orsolini,C,5.5,5.5,True,False
19,SEPTWOLVES,Cancellieri,A,5.0,5.0,True,False
19,SEPTWOLVES,Ferguson E.,A,,,False,False
19,SEPTWOLVES,Dovbyk,A,,,False,True
19,SEPTWOLVES,Castellanos,A,,,False,True
19,SEPTWOLVES,De Ketelaere,A,5.5,5.5,True,True
19,SEPTWOLVES,Moreo,A,6.5,6.5,False,True
19,SEPTWOLVES,Zambo Anguissa,C,,,False,True
19,SEPTWOLVES,Folorunsho,C,,,False,True
19,SEPTWOLVES,Guendouzi,C,,,False,True
19,SEPTWOLVES,Rovella,C,5.5,5.5,True,True
19,SEPTWOLVES,Serdar,C,6.0,6.0,False,True
19,SEPTWOLVES,Kossounou,D,,,False,True
19,SEPTWOLVES,Coco,D,5.0,5.0,True,True
19,SEPTWOLVES,Juan Jesus,D,6.5,6.5,True,True
19,SEPTWOLVES,Rossi F.,P,,,False,True
19,SEPTWOLVES,Sportiello,P,,,False,True
19,XIAWA NO.92,Maignan,P,6.0,7.0,True,False
19,XIAWA NO.92,Spinazzola,D,6.5,6.5,True,False
19,XIAWA NO.92,Buongiorno,D,6.0,6.0,True,False
19,XIAWA NO.92,Vasquez,D,6.5,6.5,True,False
19,XIAWA NO.92,Valeri,D,6.5,6.5,True,False
19,XIAWA NO.92,Vandeputte,C,6.0,5.5,True,False
19,XIAWA NO.92,Paz N.,C,7.5,9.5,True,False
19,XIAWA NO.92,Thuram K.,C,,,False,False
19,XIAWA NO.92,Esposito Se.,A,5.5,5.5,True,False
19,XIAWA NO.92,Giovane,A,6.5,6.5,True,False
19,XIAWA NO.92,Rodriguez Je.,A,6.0,6.0,True,False
19,XIAWA NO.92,Terracciano,P,,,False,True
19,XIAWA NO.92,Torriani,P,,,False,True
19,XIAWA NO.92,Delprato,D,6.0,6.0,False,True
19,XIAWA NO.92,Terracciano F.,D,6.0,6.0,False,True
19,XIAWA NO.92,Diego Carlos,D,6.5,6.5,False,True
19,XIAWA NO.92,Luperto,D,6.5,6.5,False,True
19,XIAWA NO.92,Basic,C,,,False,True
19,XIAWA NO.92,Fofana Y.,C,,,False,True
19,XIAWA NO.92,Oristanio,C,5.5,5.5,True,True
19,XIAWA NO.92,Zerbin,C,,,False,True
19,XIAWA NO.92,Collocolo,C,,,False,True
19,XIAWA NO.92,Laurientè,A,6.5,6.5,False,True
19,XIAWA NO.92,Addai,A,,,False,True
19,XIAWA NO.92,Diao,A,,,False,True
19,TEAM YANGTUO,De Gea,P,6.0,5.0,True,False
19,TEAM YANGTUO,Barbieri,D,6.5,6.5,True,False
19,TEAM YANGTUO,Romagnoli,D,5.0,4.5,True,False
19,TEAM YANGTUO,Solet,D,6.0,6.0,True,False
19,TEAM YANGTUO,Hermoso,D,6.0,6.0,True,False
19,TEAM YANGTUO,Bernede,C,5.5,5.5,True,False
19,TEAM YANGTUO,Locatelli,C,6.0,6.0,True,False
19,TEAM YANGTUO,Luis Henrique,C,6.0,6.0,True,False
19,TEAM YANGTUO,Castro S.,A,5.5,5.5,True,False
19,TEAM YANGTUO,Kilicsoy,A,6.0,6.0,True,False
19,TEAM YANGTUO,Vitinha O.,A,5.5,5.0,True,False
19,TEAM YANGTUO,Martinelli T.,P,,,False,True
19,TEAM YANGTUO,Lezzerini,P,,,False,True
19,TEAM YANGTUO,Noslin,A,5.5,5.5,False,True
19,TEAM YANGTUO,Benedyczak,A,,,False,True
19,TEAM YANGTUO,Stulic,A,5.5,5.5,False,True
19,TEAM YANGTUO,Zhegrova,C,5.5,5.5,False,True
19,TEAM YANGTUO,Lobotka,C,7.0,11.0,False,True
19,TEAM YANGTUO,Tramoni M.,C,6.0,6.0,False,True
19,TEAM YANGTUO,Akinsanmiro,C,,,False,True
19,TEAM YANGTUO,Zortea,D,6.0,6.0,False,True
19,TEAM YANGTUO,Dodò,D,7.0,7.0,False,True
19,TEAM YANGTUO,Muharemovic,D,6.0,6.0,False,True
19,TEAM YANGTUO,Britschgi,D,6.0,6.0,False,True
19,NO ONE,Falcone,P,7.0,6.0,True,False
19,NO ONE,Zappacosta,D,6.0,6.0,True,False
19,NO ONE,N'Dicka,D,7.0,7.0,True,False
19,NO ONE,Akanji,D,6.5,6.5,True,False
19,NO ONE,Bisseck,D,6.0,6.0,True,False
19,NO ONE,Samardzic,C,,,False,False
19,NO ONE,Barella,C,5.5,5.5,True,False
19,NO ONE,Malinovskyi,C,5.5,5.5,True,False
19,NO ONE,Leao,A,6.0,6.0,True,False
19,NO ONE,Kean,A,,,False,False
19,NO ONE,Dybala,A,7.5,11.5,True,False
19,NO ONE,Fruchtl,P,,,False,True
19,NO ONE,Samooja,P,,,False,True
19,NO ONE,Ismajli,D,5.0,4.5,False,True
19,NO ONE,Angelino,D,,,False,True
19,NO ONE,Biraghi,D,,,False,True
19,NO ONE,Acerbi,D,,,False,True
19,NO ONE,Gaetano,C,6.5,7.5,True,True
19,NO ONE,Baturina,C,8.0,13.0,False,True
19,NO ONE,Ricci S.,C,6.0,6.0,False,True
19,NO ONE,Casadei,C,5.5,5.5,False,True
19,NO ONE,Fazzini,C,,,False,True
19,NO ONE,Meister,A,5.5,5.5,True,True
19,NO ONE,Luvumbo,A,,,False,True
19,NO ONE,Lukaku,A,,,False,True
19,TEAM WOLFLING,Di Gregorio,P,,,False,False
19,TEAM WOLFLING,Dimarco,D,6.5,6.5,True,False
19,TEAM WOLFLING,Pavlovic,D,,,False,False
19,TEAM WOLFLING,Ostigard,D,6.5,6.0,True,False
19,TEAM WOLFLING,Di Lorenzo,D,6.5,6.5,True,False
19,TEAM WOLFLING,Belghali,D,,,False,False
19,TEAM WOLFLING,Mandragora,C,7.0,10.0,True,False
19,TEAM WOLFLING,McTominay,C,6.0,6.0,True,False
19,TEAM WOLFLING,Zalewski,C,6.0,6.0,True,False
19,TEAM WOLFLING,Vardy,A,5.5,5.0,True,False
19,TEAM WOLFLING,Douvikas,A,,,False,False
19,TEAM WOLFLING,Perin,P,6.0,5.0,True,True
19,TEAM WOLFLING,Pinsoglio,P,,,False,True
19,TEAM WOLFLING,Circati,D,6.5,6.0,True,True
19,TEAM WOLFLING,Baschirotto,D,6.5,6.5,True,True
19,TEAM WOLFLING,Bianchetti,D,6.0,6.0,False,True
19,TEAM WOLFLING,Atta,C,5.5,5.5,False,True
19,TEAM WOLFLING,Konè I.,C,,,False,True
19,TEAM WOLFLING,Frattesi,C,,,False,True
19,TEAM WOLFLING,Asllani,C,,,False,True
19,TEAM WOLFLING,Pedro,A,,,False,True
19,TEAM WOLFLING,Banda,A,5.5,5.5,True,True
19,ZLZ AND HIS FRIENDS,Ravaglia F.,P,6.0,4.0,True,False
19,ZLZ AND HIS FRIENDS,Zappa,D,,,False,False
19,ZLZ AND HIS FRIENDS,Miranda J.,D,5.5,5.0,True,False
19,ZLZ AND HIS FRIENDS,Ramon,D,7.0,7.0,True,False
19,ZLZ AND HIS FRIENDS,Martin,D,6.0,6.0,True,False
19,ZLZ AND HIS FRIENDS,Zaccagni,C,5.0,4.5,True,False
19,ZLZ AND HIS FRIENDS,Zaniolo,C,,,False,False
19,ZLZ AND HIS FRIENDS,Pulisic,C,5.5,5.5,True,False
19,ZLZ AND HIS FRIENDS,Thuram,A,,,False,False
19,ZLZ AND HIS FRIENDS,Colombo,A,6.0,6.0,True,False
19,ZLZ AND HIS FRIENDS,Bonazzoli,A,5.0,4.5,True,False
19,ZLZ AND HIS FRIENDS,Orban G.,A,5.5,5.5,True,True
19,ZLZ AND HIS FRIENDS,Nkunku,A,,,False,True
19,ZLZ AND HIS FRIENDS,Bonny,A,6.0,6.0,False,True
19,ZLZ AND HIS FRIENDS,Neres,C,,,False,True
19,ZLZ AND HIS FRIENDS,Frendrup,C,6.5,6.5,True,True
19,ZLZ AND HIS FRIENDS,Mkhitaryan,C,6.0,6.0,False,True
19,ZLZ AND HIS FRIENDS,Sucic P.,C,,,False,True
19,ZLZ AND HIS FRIENDS,Freuler,C,5.5,5.5,False,True
19,ZLZ AND HIS FRIENDS,Idzes,D,6.0,6.0,True,True
19,ZLZ AND HIS FRIENDS,Dumfries,D,,,False,True
19,ZLZ AND HIS FRIENDS,Gabbia,D,6.5,6.5,False,True
19,ZLZ AND HIS FRIENDS,Kristensen T.,D,5.0,5.0,False,True
19,ZLZ AND HIS FRIENDS,Leali,P,6.0,7.0,False,True
19,ZLZ AND HIS FRIENDS,Skorupski,P,,,False,True
19,WINNING MOMENT,Svilar,P,6.0,7.0,True,False
19,WINNING MOMENT,Bartesaghi,D,,,False,False
19,WINNING MOMENT,Kalulu,D,5.5,5.5,True,False
19,WINNING MOMENT,Tomori,D,6.0,6.0,True,False
19,WINNING MOMENT,Celik,D,,,False,False
19,WINNING MOMENT,Pasalic,C,5.5,5.0,True,False
19,WINNING MOMENT,Modric,C,,,False,False
19,WINNING MOMENT,Perrone,C,6.5,6.5,True,False
19,WINNING MOMENT,Soulè,A,6.0,6.0,True,False
19,WINNING MOMENT,Hojlund,A,5.5,5.5,True,False
19,WINNING MOMENT,David,A,5.0,5.0,True,False
19,WINNING MOMENT,Zelezny,P,,,False,True
19,WINNING MOMENT,Gollini,P,,,False,True
19,WINNING MOMENT,Kelly L.,D,6.0,6.0,True,True
19,WINNING MOMENT,Carlos Augusto,D,6.0,5.5,True,True
19,WINNING MOMENT,Moreno Alb.,D,,,False,True
19,WINNING MOMENT,Estupinan,D,6.0,6.0,False,True
19,WINNING MOMENT,Elmas,C,6.5,6.5,True,True
19,WINNING MOMENT,Koopmeiners,C,5.5,5.5,False,True
19,WINNING MOMENT,Isaksen,C,5.5,5.5,False,True
19,WINNING MOMENT,Ekkelenkamp,C,5.5,5.5,False,True
19,WINNING MOMENT,Adzic,C,,,False,True
19,WINNING MOMENT,Krstovic,A,7.0,9.0,False,True
19,WINNING MOMENT,Adams C.,A,5.5,5.5,False,True
19,WINNING MOMENT,Ngonge,A,6.0,6.0,False,True
20,SEPTWOLVES,Carnesecchi,P,7.0,8.0,True,False
20,SEPTWOLVES,Cabal,D,6.0,6.0,True,False
20,SEPTWOLVES,Kossounou,D,,,False,False
20,SEPTWOLVES,Hien,D,6.0,6.0,True,False
20,SEPTWOLVES,Wesley,D,5.5,5.5,True,False
20,SEPTWOLVES,Zambo Anguissa,C,,,False,False
20,SEPTWOLVES,Bernabè,C,6.0,6.0,True,False
20,SEPTWOLVES,Rovella,C,,,False,False
20,SEPTWOLVES,Orsolini,C,,,False,False
20,SEPTWOLVES,De Ketelaere,A,7.5,8.5,True,False
20,SEPTWOLVES,Cancellieri,A,5.0,5.0,True,False
20,SEPTWOLVES,Dovbyk,A,,,False,True
20,SEPTWOLVES,Castellanos,A,,,False,True
20,SEPTWOLVES,Ferguson E.,A,,,False,True
20,SEPTWOLVES,Moreo,A,7.5,11.5,False,True
20,SEPTWOLVES,Folorunsho,C,,,False,True
20,SEPTWOLVES,Guendouzi,C,,,False,True
20,SEPTWOLVES,Serdar,C,5.5,5.5,True,True
20,SEPTWOLVES,Prati,C,,,False,True
20,SEPTWOLVES,Rrahmani,D,,,False,True
20,SEPTWOLVES,Gatti,D,,,False,True
20,SEPTWOLVES,Juan Jesus,D,4.5,4.0,True,True
20,SEPTWOLVES,Coco,D,4.0,4.0,False,True
20,SEPTWOLVES,Rossi F.,P,,,False,True
20,SEPTWOLVES,Sportiello,P,,,False,True
20,ETHANANITA,Butez,P,6.0,7.0,True,False
20,ETHANANITA,Djimsiti,D,6.0,6.0,True,False
20,ETHANANITA,Vojvoda,D,6.5,6.5,True,False
20,ETHANANITA,Marusic,D,6.0,6.0,True,False
20,ETHANANITA,Palestra,D,7.5,12.5,True,False
20,ETHANANITA,Conceicao,C,6.0,6.0,True,False
20,ETHANANITA,Odgaard,C,6.0,6.0,True,False
20,ETHANANITA,Da Cunha,C,7.5,10.5,True,False
20,ETHANANITA,Davis K.,A,7.5,9.5,True,False
20,ETHANANITA,Fullkrug,A,6.0,6.0,True,False
20,ETHANANITA,Pellegrino M.,A,5.0,5.0,True,False
20,ETHANANITA,Caprile,P,7.0,5.5,False,True
20,ETHANANITA,Semper,P,,,False,True
20,ETHANANITA,Gila,D,6.5,6.5,False,True
20,ETHANANITA,Holm,D,,,False,True
20,ETHANANITA,Cambiaso,D,6.0,6.0,False,True
20,ETHANANITA,Tiago Gabriel,D,6.5,6.0,False,True
20,ETHANANITA,Vlasic,C,4.5,4.5,False,True
20,ETHANANITA,Tourè I.,C,5.0,5.0,False,True
20,ETHANANITA,Loftus-Cheek,C,,,False,True
20,ETHANANITA,Politano,C,,,False,True
20,ETHANANITA,Berisha M.,C,,,False,True
20,ETHANANITA,Openda,A,,,False,True
20,ETHANANITA,Lucca,A,,,False,True
20,ETHANANITA,Vlahovic,A,,,False,True
20,TEAM WOLFLING,Di Gregorio,P,6.0,7.0,True,False
20,TEAM WOLFLING,Dimarco,D,8.0,12.5,True,False
20,TEAM WOLFLING,Circati,D,5.0,5.0,True,False
20,TEAM WOLFLING,Pavlovic,D,,,False,False
20,TEAM WOLFLING,Di Lorenzo,D,5.5,5.5,True,False
20,TEAM WOLFLING,Konè I.,C,6.5,6.5,True,False
20,TEAM WOLFLING,Mandragora,C,6.0,6.0,True,False
20,TEAM WOLFLING,McTominay,C,5.0,5.0,True,False
20,TEAM WOLFLING,Atta,C,7.5,11.5,True,False
20,TEAM WOLFLING,Vardy,A,5.5,5.5,True,False
20,TEAM WOLFLING,Douvikas,A,8.0,14.0,True,False
20,TEAM WOLFLING,Perin,P,,,False,True
20,TEAM WOLFLING,Pinsoglio,P,,,False,True
20,TEAM WOLFLING,Baschirotto,D,6.0,6.0,True,True
20,TEAM WOLFLING,Bianchetti,D,5.5,5.5,False,True
20,TEAM WOLFLING,Zalewski,C,6.5,6.5,False,True
20,TEAM WOLFLING,Volpato,C,,,False,True
20,TEAM WOLFLING,Frattesi,C,,,False,True
20,TEAM WOLFLING,Asllani,C,,,False,True
20,TEAM WOLFLING,Berardi,A,6.0,6.0,False,True
20,TEAM WOLFLING,Pedro,A,,,False,True
20,TEAM WOLFLING,Banda,A,6.0,6.0,False,True
20,ZLZ AND HIS FRIENDS,Leali,P,,,False,False
20,ZLZ AND HIS FRIENDS,Martin,D,6.0,6.0,True,False
20,ZLZ AND HIS FRIENDS,Ramon,D,6.5,6.5,True,False
20,ZLZ AND HIS FRIENDS,Idzes,D,6.0,6.0,True,False
20,ZLZ AND HIS FRIENDS,Miranda J.,D,,,False,False
20,ZLZ AND HIS FRIENDS,Zaccagni,C,5.5,5.5,True,False
20,ZLZ AND HIS FRIENDS,Zaniolo,C,,,False,False
20,ZLZ AND HIS FRIENDS,Pulisic,C,5.5,5.5,True,False
20,ZLZ AND HIS FRIENDS,Thuram,A,6.5,7.5,True,False
20,ZLZ AND HIS FRIENDS,Nkunku,A,5.5,5.5,True,False
20,ZLZ AND HIS FRIENDS,Colombo,A,6.0,6.0,True,False
20,ZLZ AND HIS FRIENDS,Ravaglia F.,P,5.5,2.0,True,True
20,ZLZ AND HIS FRIENDS,Skorupski,P,5.0,5.0,False,True
20,ZLZ AND HIS FRIENDS,Gabbia,D,6.0,6.0,True,True
20,ZLZ AND HIS FRIENDS,Kristensen T.,D,5.5,5.5,False,True
20,ZLZ AND HIS FRIENDS,Zappa,D,,,False,True
20,ZLZ AND HIS FRIENDS,Dumfries,D,,,False,True
20,ZLZ AND HIS FRIENDS,Neres,C,,,False,True
20,ZLZ AND HIS FRIENDS,Mkhitaryan,C,7.0,9.0,True,True
20,ZLZ AND HIS FRIENDS,Sucic P.,C,6.0,6.0,False,True
20,ZLZ AND HIS FRIENDS,Frendrup,C,6.0,6.0,False,True
20,ZLZ AND HIS FRIENDS,Freuler,C,6.0,6.0,False,True
20,ZLZ AND HIS FRIENDS,Orban G.,A,7.0,9.0,False,True
20,ZLZ AND HIS FRIENDS,Bonny,A,7.0,9.0,False,True
20,ZLZ AND HIS FRIENDS,Bonazzoli,A,5.0,5.0,False,True
20,TEAM YANGTUO,De Gea,P,6.0,4.0,True,False
20,TEAM YANGTUO,Barbieri,D,6.0,5.5,True,False
20,TEAM YANGTUO,Muharemovic,D,6.5,6.5,True,False
20,TEAM YANGTUO,Solet,D,6.5,6.5,True,False
20,TEAM YANGTUO,Dodò,D,6.5,7.5,True,False
20,TEAM YANGTUO,Bernede,C,5.5,5.5,True,False
20,TEAM YANGTUO,Locatelli,C,7.0,8.0,True,False
20,TEAM YANGTUO,Luis Henrique,C,5.0,5.0,True,False
20,TEAM YANGTUO,Castro S.,A,,,False,False
20,TEAM YANGTUO,Kilicsoy,A,7.0,9.0,True,False
20,TEAM YANGTUO,Vitinha O.,A,6.0,6.0,True,False
20,TEAM YANGTUO,Martinelli T.,P,,,False,True
20,TEAM YANGTUO,Lezzerini,P,,,False,True
20,TEAM YANGTUO,Noslin,A,,,False,True
20,TEAM YANGTUO,Benedyczak,A,6.0,6.0,True,True
20,TEAM YANGTUO,Stulic,A,5.5,5.5,False,True
20,TEAM YANGTUO,Zhegrova,C,,,False,True
20,TEAM YANGTUO,Lobotka,C,5.5,5.5,False,True
20,TEAM YANGTUO,Tramoni M.,C,6.0,7.0,False,True
20,TEAM YANGTUO,Akinsanmiro,C,5.0,4.5,False,True
20,TEAM YANGTUO,Zortea,D,6.0,6.0,False,True
20,TEAM YANGTUO,Britschgi,D,5.0,5.0,False,True
20,TEAM YANGTUO,Romagnoli,D,6.5,6.5,False,True
20,NO ONE,Falcone,P,6.5,7.5,True,False
20,NO ONE,Zappacosta,D,6.0,6.0,True,False
20,NO ONE,N'Dicka,D,5.5,5.5,True,False
20,NO ONE,Akanji,D,,,False,False
20,NO ONE,Bisseck,D,6.5,7.5,True,False
20,NO ONE,Gaetano,C,6.0,6.0,True,False
20,NO ONE,Barella,C,6.0,5.5,True,False
20,NO ONE,Baturina,C,8.0,11.0,True,False
20,NO ONE,Leao,A,5.0,5.0,True,False
20,NO ONE,Kean,A,,,False,False
20,NO ONE,Dybala,A,6.0,6.0,True,False
20,NO ONE,Fruchtl,P,,,False,True
20,NO ONE,Samooja,P,,,False,True
20,NO ONE,Ismajli,D,5.0,5.0,True,True
20,NO ONE,Angelino,D,,,False,True
20,NO ONE,Biraghi,D,,,False,True
20,NO ONE,Acerbi,D,,,False,True
20,NO ONE,Malinovskyi,C,7.0,8.5,False,True
20,NO ONE,Casadei,C,4.5,4.5,False,True
20,NO ONE,Samardzic,C,,,False,True
20,NO ONE,Ricci S.,C,6.5,6.5,False,True
20,NO ONE,Fazzini,C,,,False,True
20,NO ONE,Meister,A,6.0,6.0,True,True
20,NO ONE,Luvumbo,A,,,False,True
20,NO ONE,Lukaku,A,,,False,True
20,ETERNITY,Sommer,P,4.5,2.5,True,False
20,ETERNITY,Gosens,D,5.0,5.0,True,False
20,ETERNITY,Ranieri L.,D,,,False,False
20,ETERNITY,Lazaro,D,4.5,4.5,True,False
20,ETERNITY,Gudmundsson A.,C,6.0,6.0,True,False
20,ETERNITY,Rabiot,C,6.5,6.0,True,False
20,ETERNITY,McKennie,C,6.0,6.0,True,False
20,ETERNITY,Saelemaekers,C,5.5,5.5,True,False
20,ETERNITY,Esposito F.P.,A,7.0,10.0,True,False
20,ETERNITY,Martinez L.,A,7.0,8.5,True,False
20,ETERNITY,Pinamonti,A,6.0,6.0,True,False
20,ETERNITY,Provedel,P,6.5,7.5,False,True
20,ETERNITY,Mandas,P,,,False,True
20,ETERNITY,Kolasinac,D,,,False,True
20,ETERNITY,Pezzella Giu.,D,6.0,5.5,True,True
20,ETERNITY,Bellanova,D,,,False,True
20,ETERNITY,Tavares N.,D,,,False,True
20,ETERNITY,Ederson D.S.,C,6.0,6.0,False,True
20,ETERNITY,Jashari,C,,,False,True
20,ETERNITY,Maldini,C,,,False,True
20,ETERNITY,Simeone,A,,,False,True
20,ETERNITY,Immobile,A,5.5,5.0,False,True
20,XIAWA NO.92,Maignan,P,7.0,6.5,True,False
20,XIAWA NO.92,Spinazzola,D,5.0,5.0,True,False
20,XIAWA NO.92,Diego Carlos,D,,,False,False
20,XIAWA NO.92,Buongiorno,D,6.0,6.0,True,False
20,XIAWA NO.92,Valeri,D,5.5,5.5,True,False
20,XIAWA NO.92,Vandeputte,C,6.0,6.0,True,False
20,XIAWA NO.92,Paz N.,C,6.0,6.0,True,False
20,XIAWA NO.92,Thuram K.,C,7.0,8.0,True,False
20,XIAWA NO.92,Laurientè,A,6.5,7.0,True,False
20,XIAWA NO.92,Giovane,A,5.5,5.5,True,False
20,XIAWA NO.92,Rodriguez Je.,A,6.0,6.0,True,False
20,XIAWA NO.92,Terracciano,P,,,False,True
20,XIAWA NO.92,Torriani,P,,,False,True
20,XIAWA NO.92,Vasquez,D,6.0,6.0,True,True
20,XIAWA NO.92,Terracciano F.,D,5.5,5.5,False,True
20,XIAWA NO.92,Delprato,D,5.0,5.0,False,True
20,XIAWA NO.92,Luperto,D,6.5,6.5,False,True
20,XIAWA NO.92,Basic,C,5.5,5.5,False,True
20,XIAWA NO.92,Fofana Y.,C,,,False,True
20,XIAWA NO.92,Oristanio,C,6.0,6.0,False,True
20,XIAWA NO.92,Collocolo,C,5.5,5.5,False,True
20,XIAWA NO.92,Zerbin,C,5.5,5.5,False,True
20,XIAWA NO.92,Esposito Se.,A,7.0,8.0,False,True
20,XIAWA NO.92,Addai,A,,,False,True
20,XIAWA NO.92,Diao,A,,,False,True
20,WINNING MOMENT,Svilar,P,6.0,5.0,True,False
20,WINNING MOMENT,Moreno Alb.,D,6.0,6.0,True,False
20,WINNING MOMENT,Celik,D,7.0,7.0,True,False
20,WINNING MOMENT,Kalulu,D,6.5,6.5,True,False
20,WINNING MOMENT,Carlos Augusto,D,6.0,6.0,True,False
20,WINNING MOMENT,Pasalic,C,6.0,6.0,True,False
20,WINNING MOMENT,Perrone,C,6.5,6.5,True,False
20,WINNING MOMENT,Modric,C,7.0,7.5,True,False
20,WINNING MOMENT,Hojlund,A,5.0,5.0,True,False
20,WINNING MOMENT,Krstovic,A,7.5,11.5,True,False
20,WINNING MOMENT,Soulè,A,5.5,5.5,True,False
20,WINNING MOMENT,Zelezny,P,,,False,True
20,WINNING MOMENT,Gollini,P,,,False,True
20,WINNING MOMENT,Tomori,D,6.5,6.5,False,True
20,WINNING MOMENT,Kelly L.,D,6.5,6.5,False,True
20,WINNING MOMENT,Bartesaghi,D,5.5,5.5,False,True
20,WINNING MOMENT,Estupinan,D,,,False,True
20,WINNING MOMENT,Ekkelenkamp,C,6.0,6.0,False,True
20,WINNING MOMENT,Elmas,C,5.0,5.0,False,True
20,WINNING MOMENT,Isaksen,C,,,False,True
20,WINNING MOMENT,Koopmeiners,C,,,False,True
20,WINNING MOMENT,David,A,7.0,10.0,False,True
20,WINNING MOMENT,Adzic,C,,,False,True
20,WINNING MOMENT,Adams C.,A,5.0,5.0,False,True
20,WINNING MOMENT,Ngonge,A,5.0,5.0,False,True
20,GOODBYE,Milinkovic-Savic V.,P,,,False,False
20,GOODBYE,Valle,D,6.5,7.0,True,False
20,GOODBYE,Bremer,D,7.0,7.0,True,False
20,GOODBYE,Bastoni,D,6.5,7.5,True,False
20,GOODBYE,Zanoli,D,7.0,10.0,True,False
20,GOODBYE,Cristante,C,6.0,6.0,True,False
20,GOODBYE,Zielinski,C,7.5,9.5,True,False
20,GOODBYE,Konè M.,C,6.0,6.0,True,False
20,GOODBYE,Yildiz,A,7.0,8.5,True,False
20,GOODBYE,Scamacca,A,7.0,9.5,True,False
20,GOODBYE,Lookman,A,,,False,False
20,GOODBYE,Meret,P,6.0,3.0,True,True
20,GOODBYE,Vasquez D.,P,,,False,True
20,GOODBYE,Mancini,D,6.5,6.5,False,True
20,GOODBYE,Ziolkowski,D,,,False,True
20,GOODBYE,Norton-Cuffy,D,6.5,6.5,False,True
20,GOODBYE,Idrissi R.,D,,,False,True
20,GOODBYE,Pellegrini Lo.,C,7.0,10.0,False,True
20,GOODBYE,Pisilli,C,6.0,6.0,False,True
20,GOODBYE,El Aynaoui,C,,,False,True
20,GOODBYE,Matic,C,6.0,6.0,False,True
20,GOODBYE,El Shaarawy,C,,,False,True
20,GOODBYE,Sulemana K.,A,,,False,True
20,GOODBYE,Cambiaghi,A,,,False,True
20,GOODBYE,Dzeko,A,,,False,True
21,ETHANANITA,Caprile,P,6.0,7.0,True,False
21,ETHANANITA,Cambiaso,D,5.0,3.0,True,False
21,ETHANANITA,Vojvoda,D,6.0,6.0,True,False
21,ETHANANITA,Marusic,D,6.0,6.0,True,False
21,ETHANANITA,Palestra,D,7.0,7.0,True,False
21,ETHANANITA,Conceicao,C,6.5,7.0,True,False
21,ETHANANITA,Vlasic,C,7.0,7.5,True,False
21,ETHANANITA,Da Cunha,C,6.5,6.0,True,False
21,ETHANANITA,Davis K.,A,6.0,5.5,True,False
21,ETHANANITA,Fullkrug,A,6.0,6.0,True,False
21,ETHANANITA,Pellegrino M.,A,5.0,5.0,True,False
21,ETHANANITA,Butez,P,6.0,6.5,False,True
21,ETHANANITA,Semper,P,,,False,True
21,ETHANANITA,Gila,D,6.0,6.0,False,True
21,ETHANANITA,Djimsiti,D,6.5,6.5,False,True
21,ETHANANITA,Holm,D,,,False,True
21,ETHANANITA,Tiago Gabriel,D,6.0,5.5,False,True
21,ETHANANITA,Odgaard,C,5.0,5.0,False,True
21,ETHANANITA,Loftus-Cheek,C,7.0,10.0,False,True
21,ETHANANITA,Tourè I.,C,5.0,4.5,False,True
21,ETHANANITA,Politano,C,,,False,True
21,ETHANANITA,Berisha M.,C,,,False,True
21,ETHANANITA,Openda,A,,,False,True
21,ETHANANITA,Vlahovic,A,,,False,True
21,ETHANANITA,Lucca,A,,,False,True
21,WINNING MOMENT,Svilar,P,6.0,5.0,True,False
21,WINNING MOMENT,Bartesaghi,D,6.5,6.5,True,False
21,WINNING MOMENT,Kalulu,D,6.5,7.5,True,False
21,WINNING MOMENT,Tomori,D,6.0,6.0,True,False
21,WINNING MOMENT,Celik,D,6.0,6.0,True,False
21,WINNING MOMENT,Modric,C,6.5,6.5,True,False
21,WINNING MOMENT,Perrone,C,6.0,5.5,True,False
21,WINNING MOMENT,Elmas,C,6.5,6.5,True,False
21,WINNING MOMENT,Adams C.,A,7.0,11.0,True,False
21,WINNING MOMENT,David,A,7.0,9.5,True,False
21,WINNING MOMENT,Hojlund,A,6.0,6.0,True,False
21,WINNING MOMENT,Gollini,P,,,False,True
21,WINNING MOMENT,Zelezny,P,,,False,True
21,WINNING MOMENT,Kelly L.,D,6.5,6.5,False,True
21,WINNING MOMENT,Carlos Augusto,D,,,False,True
21,WINNING MOMENT,Moreno Alb.,D,,,False,True
21,WINNING MOMENT,Estupinan,D,,,False,True
21,WINNING MOMENT,Ekkelenkamp,C,7.0,11.0,False,True
21,WINNING MOMENT,Isaksen,C,7.0,9.0,False,True
21,WINNING MOMENT,Pasalic,C,,,False,True
21,WINNING MOMENT,Koopmeiners,C,,,False,True
21,WINNING MOMENT,Adzic,C,,,False,True
21,WINNING MOMENT,Soulè,A,5.5,5.5,False,True
21,WINNING MOMENT,Krstovic,A,6.0,5.5,False,True
21,WINNING MOMENT,Ngonge,A,,,False,True
21,GOODBYE,Meret,P,7.0,7.0,True,False
21,GOODBYE,Mancini,D,6.5,6.0,True,False
21,GOODBYE,Bremer,D,8.0,12.5,True,False
21,GOODBYE,Bastoni,D,6.5,6.5,True,False
21,GOODBYE,Norton-Cuffy,D,5.5,5.0,True,False
21,GOODBYE,Cristante,C,6.0,6.0,True,False
21,GOODBYE,El Aynaoui,C,6.0,5.5,True,False
21,GOODBYE,Pellegrini Lo.,C,5.5,5.0,True,False
21,GOODBYE,Zielinski,C,7.0,9.0,True,False
21,GOODBYE,Scamacca,A,,,False,False
21,GOODBYE,Yildiz,A,6.0,6.0,True,False
21,GOODBYE,Milinkovic-Savic V.,P,,,False,True
21,GOODBYE,Vasquez D.,P,,,False,True
21,GOODBYE,Ziolkowski,D,,,False,True
21,GOODBYE,Valle,D,6.5,6.5,False,True
21,GOODBYE,Zanoli,D,,,False,True
21,GOODBYE,Idrissi R.,D,6.5,8.5,False,True
21,GOODBYE,Pisilli,C,,,False,True
21,GOODBYE,Matic,C,7.0,8.0,False,True
21,GOODBYE,Konè M.,C,,,False,True
21,GOODBYE,El Shaarawy,C,,,False,True
21,GOODBYE,Lookman,A,,,False,True
21,GOODBYE,Sulemana K.,A,6.0,6.0,True,True
21,GOODBYE,Cambiaghi,A,,,False,True
21,GOODBYE,Dzeko,A,,,False,True
21,TEAM WOLFLING,Di Gregorio,P,6.5,5.5,True,False
21,TEAM WOLFLING,Dimarco,D,7.0,8.0,True,False
21,TEAM WOLFLING,Ostigard,D,5.0,4.5,True,False
21,TEAM WOLFLING,Pavlovic,D,6.5,6.5,True,False
21,TEAM WOLFLING,Di Lorenzo,D,6.0,6.0,True,False
21,TEAM WOLFLING,Konè I.,C,7.0,8.5,True,False
21,TEAM WOLFLING,Mandragora,C,6.0,6.0,True,False
21,TEAM WOLFLING,McTominay,C,6.5,6.5,True,False
21,TEAM WOLFLING,Atta,C,6.5,6.5,True,False
21,TEAM WOLFLING,Douvikas,A,5.5,5.5,True,False
21,TEAM WOLFLING,Berardi,A,7.5,10.5,True,False
21,TEAM WOLFLING,Perin,P,,,False,True
21,TEAM WOLFLING,Pinsoglio,P,,,False,True
21,TEAM WOLFLING,Belghali,D,,,False,True
21,TEAM WOLFLING,Circati,D,5.5,5.0,False,True
21,TEAM WOLFLING,Baschirotto,D,5.5,5.0,False,True
21,TEAM WOLFLING,Bianchetti,D,,,False,True
21,TEAM WOLFLING,Volpato,C,,,False,True
21,TEAM WOLFLING,Zalewski,C,5.5,5.5,False,True
21,TEAM WOLFLING,Frattesi,C,6.0,6.0,False,True
21,TEAM WOLFLING,Asllani,C,,,False,True
21,TEAM WOLFLING,Banda,A,6.0,6.0,False,True
21,TEAM WOLFLING,Vardy,A,5.5,5.0,False,True
21,TEAM WOLFLING,Pedro,A,7.0,9.0,False,True
21,TEAM WOLFLING,Ekuban,A,,,False,True
21,XIAWA NO.92,Maignan,P,6.0,7.0,True,False
21,XIAWA NO.92,Spinazzola,D,6.0,6.0,True,False
21,XIAWA NO.92,Diego Carlos,D,,,False,False
21,XIAWA NO.92,Buongiorno,D,6.0,5.5,True,False
21,XIAWA NO.92,Luperto,D,6.5,6.5,True,False
21,XIAWA NO.92,Fofana Y.,C,6.5,6.5,True,False
21,XIAWA NO.92,Paz N.,C,4.5,2.5,True,False
21,XIAWA NO.92,Thuram K.,C,6.5,6.5,True,False
21,XIAWA NO.92,Laurientè,A,6.0,6.0,True,False
21,XIAWA NO.92,Esposito Se.,A,7.0,8.0,True,False
21,XIAWA NO.92,Rodriguez Je.,A,5.5,5.5,True,False
21,XIAWA NO.92,Terracciano,P,,,False,True
21,XIAWA NO.92,Torriani,P,,,False,True
21,XIAWA NO.92,Vasquez,D,6.5,6.5,True,True
21,XIAWA NO.92,Valeri,D,5.5,5.5,False,True
21,XIAWA NO.92,Delprato,D,5.5,5.5,False,True
21,XIAWA NO.92,Terracciano F.,D,6.0,6.0,False,True
21,XIAWA NO.92,Basic,C,6.0,6.0,False,True
21,XIAWA NO.92,Vandeputte,C,,,False,True
21,XIAWA NO.92,Oristanio,C,5.0,5.0,False,True
21,XIAWA NO.92,Collocolo,C,,,False,True
21,XIAWA NO.92,Zerbin,C,5.5,5.5,False,True
21,XIAWA NO.92,Giovane,A,,,False,True
21,XIAWA NO.92,Addai,A,5.5,5.0,False,True
21,XIAWA NO.92,Diao,A,,,False,True
21,SEPTWOLVES,Carnesecchi,P,8.5,12.5,True,False
21,SEPTWOLVES,Cabal,D,,,False,False
21,SEPTWOLVES,Coco,D,6.5,6.5,True,False
21,SEPTWOLVES,Hien,D,,,False,False
21,SEPTWOLVES,Wesley,D,5.0,5.0,True,False
21,SEPTWOLVES,Serdar,C,5.5,5.5,True,False
21,SEPTWOLVES,Bernabè,C,5.5,5.5,True,False
21,SEPTWOLVES,Orsolini,C,5.5,5.5,True,False
21,SEPTWOLVES,De Ketelaere,A,6.0,6.0,True,False
21,SEPTWOLVES,Moreo,A,5.5,5.5,True,False
21,SEPTWOLVES,Ferguson E.,A,,,False,False
21,SEPTWOLVES,Dovbyk,A,,,False,True
21,SEPTWOLVES,Castellanos,A,,,False,True
21,SEPTWOLVES,Cancellieri,A,6.0,6.0,True,True
21,SEPTWOLVES,Zambo Anguissa,C,,,False,True
21,SEPTWOLVES,Folorunsho,C,,,False,True
21,SEPTWOLVES,Guendouzi,C,,,False,True
21,SEPTWOLVES,Rovella,C,,,False,True
21,SEPTWOLVES,Prati,C,6.0,5.5,False,True
21,SEPTWOLVES,Rrahmani,D,,,False,True
21,SEPTWOLVES,Gatti,D,6.0,6.0,True,True
21,SEPTWOLVES,Kossounou,D,,,False,True
21,SEPTWOLVES,Juan Jesus,D,6.0,6.0,True,True
21,SEPTWOLVES,Rossi F.,P,,,False,True
21,SEPTWOLVES,Sportiello,P,,,False,True
21,ETERNITY,Provedel,P,6.5,4.0,True,False
21,ETERNITY,Gosens,D,5.5,5.5,True,False
21,ETERNITY,Ranieri L.,D,6.0,6.0,True,False
21,ETERNITY,Lazaro,D,6.0,6.0,True,False
21,ETERNITY,Gudmundsson A.,C,6.0,6.0,True,False
21,ETERNITY,Rabiot,C,7.5,11.5,True,False
21,ETERNITY,McKennie,C,7.5,10.0,True,False
21,ETERNITY,Saelemaekers,C,,,False,False
21,ETERNITY,Esposito F.P.,A,6.0,6.0,True,False
21,ETERNITY,Martinez L.,A,7.0,11.0,True,False
21,ETERNITY,Pinamonti,A,6.0,6.0,True,False
21,ETERNITY,Sommer,P,6.5,7.5,False,True
21,ETERNITY,Mandas,P,,,False,True
21,ETERNITY,Kolasinac,D,,,False,True
21,ETERNITY,Pezzella Giu.,D,5.5,5.5,False,True
21,ETERNITY,Bellanova,D,6.0,5.5,False,True
21,ETERNITY,Tavares N.,D,6.5,6.5,False,True
21,ETERNITY,Ederson D.S.,C,7.0,7.0,True,True
21,ETERNITY,Jashari,C,6.0,6.0,False,True
21,ETERNITY,Maldini,C,5.5,5.5,False,True
21,ETERNITY,Simeone,A,,,False,True
21,ETERNITY,Immobile,A,,,False,True
21,TEAM YANGTUO,De Gea,P,6.0,4.0,True,False
21,TEAM YANGTUO,Dodò,D,6.5,6.5,True,False
21,TEAM YANGTUO,Solet,D,7.0,7.0,True,False
21,TEAM YANGTUO,Muharemovic,D,6.5,6.5,True,False
21,TEAM YANGTUO,Tramoni M.,C,5.0,4.5,True,False
21,TEAM YANGTUO,Bernede,C,5.5,5.5,True,False
21,TEAM YANGTUO,Locatelli,C,6.5,6.5,True,False
21,TEAM YANGTUO,Luis Henrique,C,6.5,7.5,True,False
21,TEAM YANGTUO,Castro S.,A,5.5,5.5,True,False
21,TEAM YANGTUO,Kilicsoy,A,7.5,9.5,True,False
21,TEAM YANGTUO,Vitinha O.,A,7.0,9.0,True,False
21,TEAM YANGTUO,Martinelli T.,P,,,False,True
21,TEAM YANGTUO,Lezzerini,P,,,False,True
21,TEAM YANGTUO,Noslin,A,,,False,True
21,TEAM YANGTUO,Benedyczak,A,,,False,True
21,TEAM YANGTUO,Stulic,A,,,False,True
21,TEAM YANGTUO,Zhegrova,C,,,False,True
21,TEAM YANGTUO,Lobotka,C,6.0,6.0,False,True
21,TEAM YANGTUO,Akinsanmiro,C,,,False,True
21,TEAM YANGTUO,Zortea,D,5.5,5.5,False,True
21,TEAM YANGTUO,Britschgi,D,5.5,5.5,False,True
21,TEAM YANGTUO,Romagnoli,D,,,False,True
21,ZLZ AND HIS FRIENDS,Leali,P,,,False,False
21,ZLZ AND HIS FRIENDS,Martin,D,4.5,4.5,True,False
21,ZLZ AND HIS FRIENDS,Ramon,D,6.5,6.5,True,False
21,ZLZ AND HIS FRIENDS,Idzes,D,6.5,6.5,True,False
21,ZLZ AND HIS FRIENDS,Miranda J.,D,4.0,4.0,True,False
21,ZLZ AND HIS FRIENDS,Zaccagni,C,,,False,False
21,ZLZ AND HIS FRIENDS,Zaniolo,C,,,False,False
21,ZLZ AND HIS FRIENDS,Pulisic,C,,,False,False
21,ZLZ AND HIS FRIENDS,Thuram,A,6.0,6.0,True,False
21,ZLZ AND HIS FRIENDS,Nkunku,A,7.0,9.0,True,False
21,ZLZ AND HIS FRIENDS,Colombo,A,5.5,5.5,True,False
21,ZLZ AND HIS FRIENDS,Ravaglia F.,P,6.0,2.5,True,True
21,ZLZ AND HIS FRIENDS,Skorupski,P,,,False,True
21,ZLZ AND HIS FRIENDS,Gabbia,D,6.0,6.0,False,True
21,ZLZ AND HIS FRIENDS,Kristensen T.,D,6.5,6.0,False,True
21,ZLZ AND HIS FRIENDS,Zappa,D,6.5,7.5,False,True
21,ZLZ AND HIS FRIENDS,Dumfries,D,,,False,True
21,ZLZ AND HIS FRIENDS,Neres,C,,,False,True
21,ZLZ AND HIS FRIENDS,Mkhitaryan,C,6.0,6.0,True,True
21,ZLZ AND HIS FRIENDS,Sucic P.,C,6.5,6.5,True,True
21,ZLZ AND HIS FRIENDS,Frendrup,C,6.5,6.5,True,True
21,ZLZ AND HIS FRIENDS,Freuler,C,5.5,5.0,False,True
21,ZLZ AND HIS FRIENDS,Orban G.,A,5.0,5.0,False,True
21,ZLZ AND HIS FRIENDS,Bonny,A,6.0,6.0,False,True
21,ZLZ AND HIS FRIENDS,Bonazzoli,A,5.5,5.5,False,True
21,NO ONE,Falcone,P,7.5,6.5,True,False
21,NO ONE,Zappacosta,D,6.0,6.0,True,False
21,NO ONE,N'Dicka,D,6.0,5.5,True,False
21,NO ONE,Akanji,D,6.0,6.0,True,False
21,NO ONE,Bisseck,D,6.0,6.0,True,False
21,NO ONE,Gaetano,C,6.5,6.5,True,False
21,NO ONE,Baturina,C,6.0,6.0,True,False
21,NO ONE,Malinovskyi,C,7.5,9.0,True,False
21,NO ONE,Leao,A,,,False,False
21,NO ONE,Kean,A,6.0,6.0,True,False
21,NO ONE,Lukaku,A,,,False,False
21,NO ONE,Fruchtl,P,,,False,True
21,NO ONE,Samooja,P,,,False,True
21,NO ONE,Ismajli,D,,,False,True
21,NO ONE,Angelino,D,,,False,True
21,NO ONE,Biraghi,D,,,False,True
21,NO ONE,Acerbi,D,,,False,True
21,NO ONE,Barella,C,,,False,True
21,NO ONE,Samardzic,C,,,False,True
21,NO ONE,Ricci S.,C,6.0,6.0,False,True
21,NO ONE,Casadei,C,6.5,6.5,False,True
21,NO ONE,Fazzini,C,,,False,True
21,NO ONE,Meister,A,5.5,5.5,True,True
21,NO ONE,Dybala,A,,,False,True
21,NO ONE,Luvumbo,A,,,False,True
22,SEPTWOLVES,Carnesecchi,P,6.0,5.0,True,False
22,SEPTWOLVES,Cabal,D,5.5,5.5,True,False
22,SEPTWOLVES,Rrahmani,D,6.5,7.0,True,False
22,SEPTWOLVES,Maripan,D,6.0,8.5,True,False
22,SEPTWOLVES,Wesley,D,6.5,6.5,True,False
22,SEPTWOLVES,Coulibaly L.,C,6.0,6.0,True,False
22,SEPTWOLVES,McKennie,C,7.0,9.0,True,False
22,SEPTWOLVES,Orsolini,C,6.5,6.5,True,False
22,SEPTWOLVES,Moreo,A,6.0,5.5,True,False
22,SEPTWOLVES,Ferguson E.,A,,,False,False
22,SEPTWOLVES,De Ketelaere,A,,,False,False
22,SEPTWOLVES,Dovbyk,A,,,False,True
22,SEPTWOLVES,Vardy,A,6.0,6.0,True,True
22,SEPTWOLVES,Cancellieri,A,5.5,5.5,True,True
22,SEPTWOLVES,Zambo Anguissa,C,,,False,True
22,SEPTWOLVES,Bernabè,C,6.0,6.0,False,True
22,SEPTWOLVES,Kostic,C,,,False,True
22,SEPTWOLVES,Cataldi,C,6.5,7.5,False,True
22,SEPTWOLVES,Strefezza,C,6.0,6.0,False,True
22,SEPTWOLVES,Kossounou,D,5.5,5.0,False,True
22,SEPTWOLVES,Coco,D,5.0,5.0,False,True
22,SEPTWOLVES,Gatti,D,,,False,True
22,SEPTWOLVES,Juan Jesus,D,5.0,4.0,False,True
22,SEPTWOLVES,Sportiello,P,,,False,True
22,SEPTWOLVES,Martinez Jo.,P,,,False,True
22,ETERNITY,Sommer,P,6.0,7.0,True,False
22,ETERNITY,Gosens,D,,,False,False
22,ETERNITY,Buongiorno,D,4.0,4.0,True,False
22,ETERNITY,Lazaro,D,5.5,5.0,True,False
22,ETERNITY,Bellanova,D,6.0,6.0,True,False
22,ETERNITY,Rabiot,C,,,False,False
22,ETERNITY,Gudmundsson A.,C,6.0,6.0,True,False
22,ETERNITY,Saelemaekers,C,6.5,6.0,True,False
22,ETERNITY,Malen,A,7.5,13.5,True,False
22,ETERNITY,Martinez L.,A,7.0,9.0,True,False
22,ETERNITY,Esposito Se.,A,5.5,5.5,True,False
22,ETERNITY,Provedel,P,7.0,5.0,False,True
22,ETERNITY,Paleari,P,6.5,4.5,False,True
22,ETERNITY,Lucumì,D,5.0,4.5,True,True
22,ETERNITY,Hien,D,,,False,True
22,ETERNITY,Ranieri L.,D,,,False,True
22,ETERNITY,Pezzella Giu.,D,5.5,5.5,False,True
22,ETERNITY,Ederson D.S.,C,6.5,6.5,True,True
22,ETERNITY,Thorstvedt,C,5.0,5.0,False,True
22,ETERNITY,Maldini,C,6.5,7.5,False,True
22,ETERNITY,Jashari,C,6.5,7.5,False,True
22,ETERNITY,Pinamonti,A,5.0,5.0,False,True
22,ETERNITY,Simeone,A,5.5,5.5,False,True
22,ETERNITY,Ratkov,A,,,False,True
22,NO ONE,Falcone,P,6.0,5.0,True,False
22,NO ONE,Zappacosta,D,7.0,10.0,True,False
22,NO ONE,N'Dicka,D,6.5,6.5,True,False
22,NO ONE,Scalvini,D,6.5,6.5,True,False
22,NO ONE,Akanji,D,7.5,9.5,True,False
22,NO ONE,Baturina,C,6.5,6.5,True,False
22,NO ONE,Samardzic,C,6.5,6.5,True,False
22,NO ONE,Malinovskyi,C,6.5,8.5,True,False
22,NO ONE,Leao,A,7.0,10.5,True,False
22,NO ONE,Kean,A,6.5,8.5,True,False
22,NO ONE,Solomon,A,7.0,10.0,True,False
22,NO ONE,Fruchtl,P,,,False,True
22,NO ONE,Samooja,P,,,False,True
22,NO ONE,Bisseck,D,7.5,10.5,False,True
22,NO ONE,Angelino,D,,,False,True
22,NO ONE,Kempf,D,6.0,6.0,False,True
22,NO ONE,Ismajli,D,,,False,True
22,NO ONE,Gaetano,C,5.5,5.0,False,True
22,NO ONE,Ricci S.,C,5.5,5.5,False,True
22,NO ONE,Baldanzi,C,,,False,True
22,NO ONE,Barella,C,,,False,True
22,NO ONE,Berisha M.,C,,,False,True
22,NO ONE,Lukaku,A,,,False,True
22,NO ONE,Piccoli,A,,,False,True
22,NO ONE,Dybala,A,,,False,True
22,GOODBYE,Meret,P,5.5,3.0,True,False
22,GOODBYE,Mancini,D,6.5,7.0,True,False
22,GOODBYE,Bremer,D,5.5,5.5,True,False
22,GOODBYE,Bastoni,D,6.5,6.5,True,False
22,GOODBYE,Zielinski,C,6.5,6.5,True,False
22,GOODBYE,Cristante,C,6.5,6.5,True,False
22,GOODBYE,El Aynaoui,C,,,False,False
22,GOODBYE,Pellegrini Lo.,C,6.0,6.0,True,False
22,GOODBYE,Raspadori,A,7.0,8.0,True,False
22,GOODBYE,Scamacca,A,,,False,False
22,GOODBYE,Yildiz,A,6.0,6.0,True,False
22,GOODBYE,Milinkovic-Savic V.,P,,,False,True
22,GOODBYE,Vasquez D.,P,,,False,True
22,GOODBYE,Ghilardi,D,6.5,6.5,False,True
22,GOODBYE,Ziolkowski,D,,,False,True
22,GOODBYE,Norton-Cuffy,D,6.0,6.0,False,True
22,GOODBYE,Valle,D,6.0,6.0,False,True
22,GOODBYE,Idrissi R.,D,5.5,5.0,False,True
22,GOODBYE,Pisilli,C,6.5,6.5,True,True
22,GOODBYE,Matic,C,4.5,3.5,False,True
22,GOODBYE,Konè M.,C,,,False,True
22,GOODBYE,El Shaarawy,C,,,False,True
22,GOODBYE,Sulemana K.,A,6.0,6.0,True,True
22,GOODBYE,Boga,A,6.5,7.5,False,True
22,GOODBYE,Vaz,A,,,False,True
22,TEAM WOLFLING,Di Gregorio,P,5.5,3.5,True,False
22,TEAM WOLFLING,Dimarco,D,8.5,12.0,True,False
22,TEAM WOLFLING,Ostigard,D,5.5,5.5,True,False
22,TEAM WOLFLING,Pavlovic,D,6.0,6.0,True,False
22,TEAM WOLFLING,Gutierrez,D,5.5,5.5,True,False
22,TEAM WOLFLING,Zalewski,C,6.5,6.5,True,False
22,TEAM WOLFLING,Mandragora,C,6.5,7.5,True,False
22,TEAM WOLFLING,McTominay,C,7.5,9.5,True,False
22,TEAM WOLFLING,Atta,C,6.5,6.5,True,False
22,TEAM WOLFLING,Douvikas,A,6.0,6.0,True,False
22,TEAM WOLFLING,Berardi,A,5.5,5.5,True,False
22,TEAM WOLFLING,Perin,P,,,False,True
22,TEAM WOLFLING,Pinsoglio,P,,,False,True
22,TEAM WOLFLING,Baschirotto,D,6.0,6.0,False,True
22,TEAM WOLFLING,Circati,D,6.5,6.5,False,True
22,TEAM WOLFLING,Mazzitelli,C,5.5,5.5,False,True
22,TEAM WOLFLING,Konè I.,C,5.0,5.0,False,True
22,TEAM WOLFLING,Volpato,C,,,False,True
22,TEAM WOLFLING,Cheddira,A,5.5,5.5,False,True
22,TEAM WOLFLING,Banda,A,7.0,10.5,False,True
22,TEAM WOLFLING,Pedro,A,7.0,9.0,False,True
22,ETHANANITA,Butez,P,6.0,4.5,True,False
22,ETHANANITA,Cambiaso,D,5.0,6.0,True,False
22,ETHANANITA,Djimsiti,D,6.0,6.0,True,False
22,ETHANANITA,Holm,D,,,False,False
22,ETHANANITA,Palestra,D,6.0,5.5,True,False
22,ETHANANITA,Zaragoza,C,6.0,5.5,True,False
22,ETHANANITA,Odgaard,C,,,False,False
22,ETHANANITA,Vergara,C,6.5,6.5,True,False
22,ETHANANITA,Conceicao,C,,,False,False
22,ETHANANITA,Pellegrino M.,A,5.5,5.5,True,False
22,ETHANANITA,Fullkrug,A,6.0,6.0,True,False
22,ETHANANITA,Caprile,P,6.0,4.0,False,True
22,ETHANANITA,Tornqvist,P,,,False,True
22,ETHANANITA,Joao Mario,D,6.0,6.0,True,True
22,ETHANANITA,Vojvoda,D,6.0,6.0,False,True
22,ETHANANITA,Marusic,D,6.5,6.5,False,True
22,ETHANANITA,Gila,D,6.5,6.5,False,True
22,ETHANANITA,Loftus-Cheek,C,,,False,True
22,ETHANANITA,Da Cunha,C,,,False,True
22,ETHANANITA,Vlasic,C,,,False,True
22,ETHANANITA,Politano,C,,,False,True
22,ETHANANITA,Morata,A,,,False,True
22,ETHANANITA,Dia,A,,,False,True
22,ETHANANITA,Davis K.,A,,,False,True
22,ETHANANITA,Vlahovic,A,,,False,True
22,TEAM YANGTUO,De Gea,P,6.5,4.5,True,False
22,TEAM YANGTUO,Solet,D,6.5,8.5,True,False
22,TEAM YANGTUO,Zortea,D,6.0,6.0,True,False
22,TEAM YANGTUO,Hermoso,D,,,False,False
22,TEAM YANGTUO,Dodò,D,5.5,5.0,True,False
22,TEAM YANGTUO,Brescianini,C,5.5,5.5,True,False
22,TEAM YANGTUO,Bernede,C,6.0,6.0,True,False
22,TEAM YANGTUO,Locatelli,C,5.5,5.5,True,False
22,TEAM YANGTUO,Luis Henrique,C,7.0,9.0,True,False
22,TEAM YANGTUO,Castro S.,A,6.0,6.0,True,False
22,TEAM YANGTUO,Durosinmi,A,5.5,5.5,True,False
22,TEAM YANGTUO,Christensen O.,P,,,False,True
22,TEAM YANGTUO,Lezzerini,P,,,False,True
22,TEAM YANGTUO,Barbieri,D,6.0,6.0,True,True
22,TEAM YANGTUO,Muharemovic,D,4.0,4.0,False,True
22,TEAM YANGTUO,Bernasconi,D,6.0,6.0,False,True
22,TEAM YANGTUO,Britschgi,D,6.0,5.5,False,True
22,TEAM YANGTUO,Tramoni M.,C,,,False,True
22,TEAM YANGTUO,Sottil,C,6.0,6.0,False,True
22,TEAM YANGTUO,Taylor K.,C,6.5,6.0,False,True
22,TEAM YANGTUO,Bowie,A,5.0,5.0,False,True
22,TEAM YANGTUO,Stulic,A,6.0,6.0,False,True
22,TEAM YANGTUO,Kilicsoy,A,5.0,5.0,False,True
22,TEAM YANGTUO,Vitinha O.,A,6.5,6.5,False,True
22,ZLZ AND HIS FRIENDS,Skorupski,P,6.0,5.0,True,False
22,ZLZ AND HIS FRIENDS,Miranda J.,D,6.5,6.5,True,False
22,ZLZ AND HIS FRIENDS,Kristensen T.,D,6.0,6.0,True,False
22,ZLZ AND HIS FRIENDS,Gabbia,D,6.0,6.0,True,False
22,ZLZ AND HIS FRIENDS,Dumfries,D,,,False,False
22,ZLZ AND HIS FRIENDS,Zaccagni,C,,,False,False
22,ZLZ AND HIS FRIENDS,Pulisic,C,,,False,False
22,ZLZ AND HIS FRIENDS,Neres,C,,,False,False
22,ZLZ AND HIS FRIENDS,Thuram,A,7.0,9.0,True,False
22,ZLZ AND HIS FRIENDS,Orban G.,A,6.0,6.0,True,False
22,ZLZ AND HIS FRIENDS,Nkunku,A,5.5,5.5,True,False
22,ZLZ AND HIS FRIENDS,Ravaglia F.,P,,,False,True
22,ZLZ AND HIS FRIENDS,Muric,P,4.0,-1.0,False,True
22,ZLZ AND HIS FRIENDS,Martin,D,5.5,5.5,True,True
22,ZLZ AND HIS FRIENDS,Idzes,D,5.0,5.0,False,True
22,ZLZ AND HIS FRIENDS,Ramon,D,5.5,5.5,False,True
22,ZLZ AND HIS FRIENDS,Zappa,D,,,False,True
22,ZLZ AND HIS FRIENDS,Zaniolo,C,6.0,6.0,True,True
22,ZLZ AND HIS FRIENDS,Mkhitaryan,C,6.5,6.5,True,True
22,ZLZ AND HIS FRIENDS,Fofana Y.,C,6.0,6.0,True,True
22,ZLZ AND HIS FRIENDS,Sucic P.,C,6.5,6.5,False,True
22,ZLZ AND HIS FRIENDS,Frendrup,C,5.5,5.5,False,True
22,ZLZ AND HIS FRIENDS,Colombo,A,7.0,9.0,False,True
22,ZLZ AND HIS FRIENDS,Bonny,A,,,False,True
22,ZLZ AND HIS FRIENDS,Bonazzoli,A,5.5,5.5,False,True
22,WINNING MOMENT,Svilar,P,6.0,7.0,True,False
22,WINNING MOMENT,Bartesaghi,D,6.0,6.0,True,False
22,WINNING MOMENT,Kalulu,D,7.0,11.0,True,False
22,WINNING MOMENT,Kelly L.,D,6.0,6.0,True,False
22,WINNING MOMENT,Celik,D,7.0,8.0,True,False
22,WINNING MOMENT,Pasalic,C,6.5,7.5,True,False
22,WINNING MOMENT,Ekkelenkamp,C,5.5,5.5,True,False
22,WINNING MOMENT,Elmas,C,6.5,6.5,True,False
22,WINNING MOMENT,David,A,5.0,5.0,True,False
22,WINNING MOMENT,Hojlund,A,7.5,13.5,True,False
22,WINNING MOMENT,Soulè,A,6.0,6.0,True,False
22,WINNING MOMENT,Gollini,P,,,False,True
22,WINNING MOMENT,Zelezny,P,,,False,True
22,WINNING MOMENT,Tomori,D,6.0,6.0,False,True
22,WINNING MOMENT,Carlos Augusto,D,,,False,True
22,WINNING MOMENT,Moreno Alb.,D,,,False,True
22,WINNING MOMENT,Estupinan,D,,,False,True
22,WINNING MOMENT,Modric,C,6.5,6.5,False,True
22,WINNING MOMENT,Perrone,C,6.0,6.0,False,True
22,WINNING MOMENT,Isaksen,C,7.0,9.0,False,True
22,WINNING MOMENT,Krstovic,A,7.0,10.0,False,True
22,WINNING MOMENT,Adams C.,A,5.0,5.0,False,True
22,WINNING MOMENT,Borrelli,A,,,False,True
22,WINNING MOMENT,Koopmeiners,C,5.5,5.5,False,True
22,WINNING MOMENT,Adzic,C,,,False,True
22,XIAWA NO.92,Maignan,P,4.5,3.5,True,False
22,XIAWA NO.92,Spinazzola,D,6.0,6.0,True,False
22,XIAWA NO.92,Vasquez,D,5.5,5.0,True,False
22,XIAWA NO.92,Mina,D,,,False,False
22,XIAWA NO.92,Valeri,D,6.0,6.0,True,False
22,XIAWA NO.92,Miretti,C,,,False,False
22,XIAWA NO.92,Paz N.,C,7.0,8.5,True,False
22,XIAWA NO.92,Thuram K.,C,5.5,5.5,True,False
22,XIAWA NO.92,Laurientè,A,6.5,6.5,True,False
22,XIAWA NO.92,Esposito F.P.,A,,,False,False
22,XIAWA NO.92,Rodriguez Je.,A,,,False,False
22,XIAWA NO.92,Terracciano,P,,,False,True
22,XIAWA NO.92,Torriani,P,,,False,True
22,XIAWA NO.92,Luperto,D,6.0,7.0,True,True
22,XIAWA NO.92,Terracciano F.,D,5.5,5.5,False,True
22,XIAWA NO.92,De Winter,D,6.0,6.0,False,True
22,XIAWA NO.92,Delprato,D,6.0,6.0,False,True
22,XIAWA NO.92,Caqueret,C,6.0,6.0,True,True
22,XIAWA NO.92,Lobotka,C,6.5,6.5,False,True
22,XIAWA NO.92,Basic,C,5.5,5.5,False,True
22,XIAWA NO.92,Oristanio,C,5.5,5.5,False,True
22,XIAWA NO.92,Vandeputte,C,,,False,True
22,XIAWA NO.92,Cambiaghi,A,,,False,True
22,XIAWA NO.92,Giovane,A,5.5,5.5,True,True
22,XIAWA NO.92,Diao,A,,,False,True
23,ETHANANITA,Caprile,P,4.5,2.5,True,False
23,ETHANANITA,Marusic,D,5.5,5.5,True,False
23,ETHANANITA,Djimsiti,D,6.0,5.5,True,False
23,ETHANANITA,Gila,D,5.5,5.5,True,False
23,ETHANANITA,Palestra,D,5.5,5.5,True,False
23,ETHANANITA,Zaragoza,C,6.0,7.0,True,False
23,ETHANANITA,Vlasic,C,6.0,7.5,True,False
23,ETHANANITA,Da Cunha,C,5.5,5.5,True,False
23,ETHANANITA,Vergara,C,5.5,5.5,True,False
23,ETHANANITA,Conceicao,C,6.0,6.0,True,False
23,ETHANANITA,Pellegrino M.,A,6.5,9.5,True,False
23,ETHANANITA,Butez,P,6.0,4.0,False,True
23,ETHANANITA,Tornqvist,P,,,False,True
23,ETHANANITA,Vojvoda,D,5.5,5.5,False,True
23,ETHANANITA,Cambiaso,D,6.5,6.5,False,True
23,ETHANANITA,Holm,D,6.0,6.0,False,True
23,ETHANANITA,Joao Mario,D,6.0,6.0,False,True
23,ETHANANITA,Politano,C,5.5,5.5,False,True
23,ETHANANITA,Loftus-Cheek,C,7.0,9.0,False,True
23,ETHANANITA,Odgaard,C,,,False,True
23,ETHANANITA,Morata,A,5.0,4.0,False,True
23,ETHANANITA,Dia,A,,,False,True
23,ETHANANITA,Davis K.,A,,,False,True
23,ETHANANITA,Vlahovic,A,,,False,True
23,ETHANANITA,Fullkrug,A,4.5,2.5,False,True
23,NO ONE,Falcone,P,6.0,7.0,True,False
23,NO ONE,Zappacosta,D,6.5,6.5,True,False
23,NO ONE,Kempf,D,5.0,4.5,True,False
23,NO ONE,Scalvini,D,5.5,5.0,True,False
23,NO ONE,Akanji,D,6.0,6.0,True,False
23,NO ONE,Baturina,C,5.5,5.5,True,False
23,NO ONE,Gaetano,C,,,False,False
23,NO ONE,Malinovskyi,C,6.0,6.0,True,False
23,NO ONE,Leao,A,5.5,5.5,True,False
23,NO ONE,Kean,A,7.0,10.0,True,False
23,NO ONE,Dybala,A,,,False,False
23,NO ONE,Fruchtl,P,,,False,True
23,NO ONE,Samooja,P,,,False,True
23,NO ONE,Bisseck,D,6.0,7.0,False,True
23,NO ONE,N'Dicka,D,7.0,7.0,False,True
23,NO ONE,Angelino,D,,,False,True
23,NO ONE,Ismajli,D,,,False,True
23,NO ONE,Barella,C,6.0,5.5,True,True
23,NO ONE,Samardzic,C,6.0,6.0,False,True
23,NO ONE,Ricci S.,C,6.5,7.5,False,True
23,NO ONE,Baldanzi,C,6.0,6.0,False,True
23,NO ONE,Berisha M.,C,,,False,True
23,NO ONE,Solomon,A,6.5,6.5,True,True
23,NO ONE,Lukaku,A,,,False,True
23,NO ONE,Piccoli,A,,,False,True
23,GOODBYE,Milinkovic-Savic V.,P,6.0,4.0,True,False
23,GOODBYE,Mancini,D,6.0,5.5,True,False
23,GOODBYE,Bremer,D,7.0,7.0,True,False
23,GOODBYE,Bastoni,D,6.0,5.5,True,False
23,GOODBYE,Norton-Cuffy,D,6.5,6.5,True,False
23,GOODBYE,Pisilli,C,5.5,5.5,True,False
23,GOODBYE,Cristante,C,6.0,6.0,True,False
23,GOODBYE,Pellegrini Lo.,C,5.5,5.5,True,False
23,GOODBYE,Raspadori,A,6.0,6.0,True,False
23,GOODBYE,Scamacca,A,,,False,False
23,GOODBYE,Sulemana K.,A,6.0,6.0,True,False
23,GOODBYE,Meret,P,,,False,True
23,GOODBYE,Vasquez D.,P,,,False,True
23,GOODBYE,Ghilardi,D,6.5,6.5,False,True
23,GOODBYE,Ziolkowski,D,,,False,True
23,GOODBYE,Valle,D,6.0,6.0,False,True
23,GOODBYE,Idrissi R.,D,4.5,4.5,False,True
23,GOODBYE,El Aynaoui,C,6.0,6.0,False,True
23,GOODBYE,Zielinski,C,7.0,10.5,False,True
23,GOODBYE,Matic,C,,,False,True
23,GOODBYE,Konè M.,C,,,False,True
23,GOODBYE,El Shaarawy,C,,,False,True
23,GOODBYE,Yildiz,A,6.0,6.0,True,True
23,GOODBYE,Boga,A,6.0,6.0,False,True
23,GOODBYE,Vaz,A,5.5,5.5,False,True
23,ZLZ AND HIS FRIENDS,Skorupski,P,6.0,5.0,True,False
23,ZLZ AND HIS FRIENDS,Miranda J.,D,5.5,5.5,True,False
23,ZLZ AND HIS FRIENDS,Martin,D,5.5,5.5,True,False
23,ZLZ AND HIS FRIENDS,Gabbia,D,5.5,5.5,True,False
23,ZLZ AND HIS FRIENDS,Dumfries,D,,,False,False
23,ZLZ AND HIS FRIENDS,Zaccagni,C,,,False,False
23,ZLZ AND HIS FRIENDS,Pulisic,C,,,False,False
23,ZLZ AND HIS FRIENDS,Neres,C,,,False,False
23,ZLZ AND HIS FRIENDS,Thuram,A,6.0,6.0,True,False
23,ZLZ AND HIS FRIENDS,Orban G.,A,4.0,3.0,True,False
23,ZLZ AND HIS FRIENDS,Nkunku,A,5.5,5.5,True,False
23,ZLZ AND HIS FRIENDS,Ravaglia F.,P,,,False,True
23,ZLZ AND HIS FRIENDS,Muric,P,5.5,4.5,False,True
23,ZLZ AND HIS FRIENDS,Ramon,D,5.5,5.5,True,True
23,ZLZ AND HIS FRIENDS,Zappa,D,6.0,6.0,False,True
23,ZLZ AND HIS FRIENDS,Idzes,D,6.0,6.0,False,True
23,ZLZ AND HIS FRIENDS,Kristensen T.,D,5.5,5.5,False,True
23,ZLZ AND HIS FRIENDS,Zaniolo,C,6.5,6.5,True,True
23,ZLZ AND HIS FRIENDS,Fofana Y.,C,5.5,5.5,True,True
23,ZLZ AND HIS FRIENDS,Mkhitaryan,C,,,False,True
23,ZLZ AND HIS FRIENDS,Sucic P.,C,6.5,6.5,True,True
23,ZLZ AND HIS FRIENDS,Frendrup,C,6.0,6.0,False,True
23,ZLZ AND HIS FRIENDS,Colombo,A,5.5,5.5,False,True
23,ZLZ AND HIS FRIENDS,Bonny,A,,,False,True
23,ZLZ AND HIS FRIENDS,Bonazzoli,A,6.0,6.0,False,True
23,SEPTWOLVES,Carnesecchi,P,6.5,7.5,True,False
23,SEPTWOLVES,Cabal,D,5.5,5.5,True,False
23,SEPTWOLVES,Rrahmani,D,5.0,4.5,True,False
23,SEPTWOLVES,Maripan,D,5.5,5.0,True,False
23,SEPTWOLVES,Coco,D,5.5,5.5,True,False
23,SEPTWOLVES,Coulibaly L.,C,7.0,8.0,True,False
23,SEPTWOLVES,McKennie,C,7.0,9.0,True,False
23,SEPTWOLVES,Bernabè,C,7.0,10.0,True,False
23,SEPTWOLVES,Strefezza,C,6.5,6.5,True,False
23,SEPTWOLVES,Orsolini,C,,,False,False
23,SEPTWOLVES,Vardy,A,5.5,5.5,True,False
23,SEPTWOLVES,Dovbyk,A,,,False,True
23,SEPTWOLVES,De Ketelaere,A,,,False,True
23,SEPTWOLVES,Ferguson E.,A,,,False,True
23,SEPTWOLVES,Moreo,A,6.0,6.0,False,True
23,SEPTWOLVES,Cancellieri,A,,,False,True
23,SEPTWOLVES,Zambo Anguissa,C,,,False,True
23,SEPTWOLVES,Kostic,C,,,False,True
23,SEPTWOLVES,Cataldi,C,5.0,5.0,True,True
23,SEPTWOLVES,Kossounou,D,6.5,6.5,False,True
23,SEPTWOLVES,Wesley,D,6.5,6.5,False,True
23,SEPTWOLVES,Gatti,D,,,False,True
23,SEPTWOLVES,Juan Jesus,D,,,False,True
23,SEPTWOLVES,Sportiello,P,,,False,True
23,SEPTWOLVES,Martinez Jo.,P,,,False,True
23,TEAM YANGTUO,De Gea,P,6.0,5.0,True,False
23,TEAM YANGTUO,Solet,D,6.5,8.5,True,False
23,TEAM YANGTUO,Barbieri,D,6.0,6.0,True,False
23,TEAM YANGTUO,Britschgi,D,5.5,5.5,True,False
23,TEAM YANGTUO,Luis Henrique,C,5.5,5.5,True,False
23,TEAM YANGTUO,Calhanoglu,C,6.5,6.0,True,False
23,TEAM YANGTUO,Taylor K.,C,6.0,5.5,True,False
23,TEAM YANGTUO,Locatelli,C,6.5,8.5,True,False
23,TEAM YANGTUO,Kilicsoy,A,5.5,5.5,True,False
23,TEAM YANGTUO,Castro S.,A,7.0,11.0,True,False
23,TEAM YANGTUO,Vitinha O.,A,6.0,6.0,True,False
23,TEAM YANGTUO,Christensen O.,P,,,False,True
23,TEAM YANGTUO,Lezzerini,P,,,False,True
23,TEAM YANGTUO,Muharemovic,D,5.5,5.0,False,True
23,TEAM YANGTUO,Bernasconi,D,6.5,7.0,False,True
23,TEAM YANGTUO,Sottil,C,6.5,7.5,False,True
23,TEAM YANGTUO,Bowie,A,6.5,6.5,False,True
23,TEAM YANGTUO,Stulic,A,,,False,True
23,TEAM YANGTUO,Zortea,D,6.0,6.0,False,True
23,TEAM YANGTUO,Dodò,D,6.5,6.5,False,True
23,TEAM YANGTUO,Hermoso,D,,,False,True
23,TEAM YANGTUO,Brescianini,C,6.0,6.0,False,True
23,TEAM YANGTUO,Tramoni M.,C,5.0,5.0,False,True
23,TEAM YANGTUO,Bernede,C,,,False,True
23,TEAM YANGTUO,Durosinmi,A,,,False,True
23,XIAWA NO.92,Maignan,P,6.5,5.5,True,False
23,XIAWA NO.92,Spinazzola,D,6.5,8.5,True,False
23,XIAWA NO.92,Delprato,D,6.0,6.0,True,False
23,XIAWA NO.92,Mina,D,5.5,5.5,True,False
23,XIAWA NO.92,Valeri,D,6.5,6.5,True,False
23,XIAWA NO.92,Oristanio,C,5.5,5.5,True,False
23,XIAWA NO.92,Paz N.,C,5.0,5.0,True,False
23,XIAWA NO.92,Lobotka,C,6.0,6.0,True,False
23,XIAWA NO.92,Laurientè,A,7.0,9.0,True,False
23,XIAWA NO.92,Esposito F.P.,A,7.0,9.0,True,False
23,XIAWA NO.92,Rodriguez Je.,A,6.5,6.0,True,False
23,XIAWA NO.92,Terracciano,P,,,False,True
23,XIAWA NO.92,Torriani,P,,,False,True
23,XIAWA NO.92,De Winter,D,,,False,True
23,XIAWA NO.92,Luperto,D,6.5,6.5,False,True
23,XIAWA NO.92,Terracciano F.,D,6.5,6.0,False,True
23,XIAWA NO.92,Vasquez,D,6.5,6.5,False,True
23,XIAWA NO.92,Caqueret,C,6.0,6.0,False,True
23,XIAWA NO.92,Vandeputte,C,,,False,True
23,XIAWA NO.92,Thuram K.,C,,,False,True
23,XIAWA NO.92,Miretti,C,5.5,5.5,False,True
23,XIAWA NO.92,Basic,C,,,False,True
23,XIAWA NO.92,Cambiaghi,A,,,False,True
23,XIAWA NO.92,Giovane,A,6.5,7.5,False,True
23,XIAWA NO.92,Diao,A,,,False,True
23,TEAM WOLFLING,Di Gregorio,P,5.5,2.5,True,False
23,TEAM WOLFLING,Dimarco,D,6.5,7.5,True,False
23,TEAM WOLFLING,Ostigard,D,6.5,6.5,True,False
23,TEAM WOLFLING,Pavlovic,D,6.5,6.5,True,False
23,TEAM WOLFLING,Belghali,D,5.5,5.5,True,False
23,TEAM WOLFLING,Konè I.,C,6.5,6.5,True,False
23,TEAM WOLFLING,Mazzitelli,C,5.5,5.5,True,False
23,TEAM WOLFLING,McTominay,C,,,False,False
23,TEAM WOLFLING,Atta,C,6.0,5.5,True,False
23,TEAM WOLFLING,Douvikas,A,5.5,5.5,True,False
23,TEAM WOLFLING,Berardi,A,6.0,6.0,True,False
23,TEAM WOLFLING,Perin,P,,,False,True
23,TEAM WOLFLING,Pinsoglio,P,,,False,True
23,TEAM WOLFLING,Circati,D,5.0,4.5,False,True
23,TEAM WOLFLING,Gutierrez,D,5.0,5.0,False,True
23,TEAM WOLFLING,Baschirotto,D,7.0,7.0,False,True
23,TEAM WOLFLING,Mandragora,C,6.5,6.0,True,True
23,TEAM WOLFLING,Zalewski,C,7.0,9.0,False,True
23,TEAM WOLFLING,De Roon,C,5.5,5.5,False,True
23,TEAM WOLFLING,Volpato,C,,,False,True
23,TEAM WOLFLING,Pedro,A,,,False,True
23,TEAM WOLFLING,Cheddira,A,6.0,6.0,False,True
23,TEAM WOLFLING,Sarr A.,A,5.5,5.5,False,True
23,ETERNITY,Provedel,P,5.5,3.5,True,False
23,ETERNITY,Gosens,D,,,False,False
23,ETERNITY,Buongiorno,D,5.5,5.5,True,False
23,ETERNITY,Lazaro,D,5.5,5.5,True,False
23,ETERNITY,Bellanova,D,,,False,False
23,ETERNITY,Rabiot,C,5.0,4.0,True,False
23,ETERNITY,Ederson D.S.,C,7.0,11.0,True,False
23,ETERNITY,Thorstvedt,C,6.0,6.0,True,False
23,ETERNITY,Pinamonti,A,7.5,12.5,True,False
23,ETERNITY,Martinez L.,A,5.5,5.5,True,False
23,ETERNITY,Esposito Se.,A,5.5,5.5,True,False
23,ETERNITY,Sommer,P,6.0,4.0,False,True
23,ETERNITY,Paleari,P,6.5,4.5,False,True
23,ETERNITY,Lucumì,D,6.0,6.0,True,True
23,ETERNITY,Hien,D,,,False,True
23,ETERNITY,Ranieri L.,D,6.0,5.5,True,True
23,ETERNITY,Pezzella Giu.,D,6.0,5.5,False,True
23,ETERNITY,Maldini,C,5.5,5.5,False,True
23,ETERNITY,Jashari,C,,,False,True
23,ETERNITY,Malen,A,8.0,12.0,False,True
23,ETERNITY,Simeone,A,5.0,5.0,False,True
23,ETERNITY,Ratkov,A,6.0,6.0,False,True
23,WINNING MOMENT,Svilar,P,6.0,4.0,True,False
23,WINNING MOMENT,Bartesaghi,D,6.5,6.0,True,False
23,WINNING MOMENT,Kalulu,D,5.0,4.0,True,False
23,WINNING MOMENT,Kelly L.,D,6.5,6.5,True,False
23,WINNING MOMENT,Celik,D,6.0,6.0,True,False
23,WINNING MOMENT,Ekkelenkamp,C,6.0,6.0,True,False
23,WINNING MOMENT,Modric,C,7.0,11.0,True,False
23,WINNING MOMENT,Perrone,C,5.0,5.0,True,False
23,WINNING MOMENT,Adams C.,A,5.5,5.5,True,False
23,WINNING MOMENT,Hojlund,A,6.0,6.0,True,False
23,WINNING MOMENT,Krstovic,A,6.0,6.0,True,False
23,WINNING MOMENT,Gollini,P,,,False,True
23,WINNING MOMENT,Zelezny,P,,,False,True
23,WINNING MOMENT,Moreno Alb.,D,5.5,5.5,False,True
23,WINNING MOMENT,Carlos Augusto,D,6.0,6.0,False,True
23,WINNING MOMENT,Tomori,D,6.5,6.5,False,True
23,WINNING MOMENT,Estupinan,D,,,False,True
23,WINNING MOMENT,Pasalic,C,,,False,True
23,WINNING MOMENT,Elmas,C,6.5,7.5,False,True
23,WINNING MOMENT,Isaksen,C,5.0,5.0,False,True
23,WINNING MOMENT,Koopmeiners,C,6.0,6.0,False,True
23,WINNING MOMENT,Adzic,C,,,False,True
23,WINNING MOMENT,Soulè,A,5.0,5.0,False,True
23,WINNING MOMENT,David,A,5.5,5.5,False,True
24,NO ONE,Falcone,P,7.0,5.0,True,False
24,NO ONE,Zappacosta,D,6.0,6.0,True,False
24,NO ONE,N'Dicka,D,7.0,9.0,True,False
24,NO ONE,Akanji,D,7.0,9.0,True,False
24,NO ONE,Bisseck,D,6.0,6.0,True,False
24,NO ONE,Baturina,C,6.0,6.0,True,False
24,NO ONE,Ricci S.,C,,,False,False
24,NO ONE,Malinovskyi,C,6.5,6.5,True,False
24,NO ONE,Leao,A,5.5,5.0,True,False
24,NO ONE,Kean,A,7.0,11.0,True,False
24,NO ONE,Solomon,A,6.0,6.0,True,False
24,NO ONE,Fruchtl,P,,,False,True
24,NO ONE,Samooja,P,,,False,True
24,NO ONE,Scalvini,D,6.0,6.0,False,True
24,NO ONE,Kempf,D,6.5,6.5,False,True
24,NO ONE,Angelino,D,,,False,True
24,NO ONE,Ismajli,D,6.0,6.0,False,True
24,NO ONE,Samardzic,C,7.0,10.0,True,True
24,NO ONE,Baldanzi,C,7.0,7.0,False,True
24,NO ONE,Barella,C,,,False,True
24,NO ONE,Gaetano,C,,,False,True
24,NO ONE,Berisha M.,C,,,False,True
24,NO ONE,Dybala,A,,,False,True
24,NO ONE,Lukaku,A,,,False,True
24,NO ONE,Piccoli,A,,,False,True
24,XIAWA NO.92,Maignan,P,6.0,5.0,True,False
24,XIAWA NO.92,Spinazzola,D,5.5,5.5,True,False
24,XIAWA NO.92,De Winter,D,5.5,5.5,True,False
24,XIAWA NO.92,Mina,D,5.0,4.0,True,False
24,XIAWA NO.92,Vasquez,D,6.5,6.5,True,False
24,XIAWA NO.92,Miretti,C,5.5,5.5,True,False
24,XIAWA NO.92,Thuram K.,C,5.5,5.5,True,False
24,XIAWA NO.92,Lobotka,C,6.0,6.0,True,False
24,XIAWA NO.92,Laurientè,A,7.5,9.5,True,False
24,XIAWA NO.92,Esposito F.P.,A,6.0,6.0,True,False
24,XIAWA NO.92,Rodriguez Je.,A,,,False,False
24,XIAWA NO.92,Terracciano,P,,,False,True
24,XIAWA NO.92,Torriani,P,,,False,True
24,XIAWA NO.92,Valeri,D,6.5,7.5,False,True
24,XIAWA NO.92,Delprato,D,6.5,6.5,False,True
24,XIAWA NO.92,Luperto,D,5.5,5.5,False,True
24,XIAWA NO.92,Terracciano F.,D,6.0,6.0,False,True
24,XIAWA NO.92,Caqueret,C,7.0,9.0,False,True
24,XIAWA NO.92,Vandeputte,C,,,False,True
24,XIAWA NO.92,Oristanio,C,,,False,True
24,XIAWA NO.92,Basic,C,,,False,True
24,XIAWA NO.92,Paz N.,C,,,False,True
24,XIAWA NO.92,Cambiaghi,A,6.0,6.0,True,True
24,XIAWA NO.92,Giovane,A,5.5,5.5,False,True
24,XIAWA NO.92,Diao,A,,,False,True
24,TEAM WOLFLING,Di Gregorio,P,4.5,2.5,True,False
24,TEAM WOLFLING,Dimarco,D,7.0,9.0,True,False
24,TEAM WOLFLING,Ostigard,D,6.5,6.5,True,False
24,TEAM WOLFLING,Gutierrez,D,6.5,7.5,True,False
24,TEAM WOLFLING,Atta,C,6.0,6.0,True,False
24,TEAM WOLFLING,Konè I.,C,6.5,6.5,True,False
24,TEAM WOLFLING,Mazzitelli,C,5.5,5.5,True,False
24,TEAM WOLFLING,McTominay,C,,,False,False
24,TEAM WOLFLING,Sarr A.,A,5.0,5.0,True,False
24,TEAM WOLFLING,Douvikas,A,6.5,7.5,True,False
24,TEAM WOLFLING,Berardi,A,7.0,10.0,True,False
24,TEAM WOLFLING,Perin,P,,,False,True
24,TEAM WOLFLING,Pinsoglio,P,,,False,True
24,TEAM WOLFLING,Baschirotto,D,,,False,True
24,TEAM WOLFLING,Volpato,C,,,False,True
24,TEAM WOLFLING,Zalewski,C,7.0,7.5,True,True
24,TEAM WOLFLING,De Roon,C,6.0,6.0,False,True
24,TEAM WOLFLING,Banda,A,5.5,5.5,False,True
24,TEAM WOLFLING,Cheddira,A,5.0,5.0,False,True
24,ETERNITY,Sommer,P,6.0,7.0,True,False
24,ETERNITY,Gosens,D,,,False,False
24,ETERNITY,Buongiorno,D,5.5,5.5,True,False
24,ETERNITY,Lazaro,D,5.0,5.0,True,False
24,ETERNITY,Bellanova,D,5.5,5.5,True,False
24,ETERNITY,Rabiot,C,6.5,6.5,True,False
24,ETERNITY,Ederson D.S.,C,,,False,False
24,ETERNITY,Thorstvedt,C,6.0,6.0,True,False
24,ETERNITY,Malen,A,7.0,7.0,True,False
24,ETERNITY,Martinez L.,A,,,False,False
24,ETERNITY,Pinamonti,A,7.0,10.0,True,False
24,ETERNITY,Provedel,P,6.0,7.0,False,True
24,ETERNITY,Paleari,P,5.0,2.0,False,True
24,ETERNITY,Lucumì,D,6.5,6.5,True,True
24,ETERNITY,Hien,D,5.5,5.5,False,True
24,ETERNITY,Ranieri L.,D,6.5,6.5,False,True
24,ETERNITY,Pezzella Giu.,D,6.0,6.0,False,True
24,ETERNITY,Maldini,C,5.5,5.5,True,True
24,ETERNITY,Jashari,C,5.5,5.5,False,True
24,ETERNITY,Esposito Se.,A,6.0,6.0,True,True
24,ETERNITY,Simeone,A,5.5,5.0,False,True
24,ETERNITY,Ratkov,A,6.0,6.0,False,True
24,TEAM YANGTUO,De Gea,P,6.0,7.0,True,False
24,TEAM YANGTUO,Solet,D,,,False,False
24,TEAM YANGTUO,Hermoso,D,,,False,False
24,TEAM YANGTUO,Bernasconi,D,6.5,7.5,True,False
24,TEAM YANGTUO,Luis Henrique,C,6.0,6.0,True,False
24,TEAM YANGTUO,Brescianini,C,6.0,6.0,True,False
24,TEAM YANGTUO,Taylor K.,C,6.0,6.0,True,False
24,TEAM YANGTUO,Locatelli,C,6.0,5.5,True,False
24,TEAM YANGTUO,Kilicsoy,A,6.0,6.0,True,False
24,TEAM YANGTUO,Castro S.,A,6.5,6.5,True,False
24,TEAM YANGTUO,Vitinha O.,A,,,False,False
24,TEAM YANGTUO,Christensen O.,P,,,False,True
24,TEAM YANGTUO,Lezzerini,P,,,False,True
24,TEAM YANGTUO,Sottil,C,5.5,5.5,False,True
24,TEAM YANGTUO,Bowie,A,5.0,5.0,True,True
24,TEAM YANGTUO,Stulic,A,,,False,True
24,TEAM YANGTUO,Tramoni M.,C,,,False,True
24,TEAM YANGTUO,Zortea,D,,,False,True
24,TEAM YANGTUO,Durosinmi,A,5.5,5.5,False,True
24,TEAM YANGTUO,Britschgi,D,6.0,6.0,True,True
24,TEAM YANGTUO,Dodò,D,6.5,6.0,True,True
24,TEAM YANGTUO,Barbieri,D,,,False,True
24,GOODBYE,Milinkovic-Savic V.,P,6.5,4.5,True,False
24,GOODBYE,Mancini,D,6.5,6.5,True,False
24,GOODBYE,Ghilardi,D,6.0,6.0,True,False
24,GOODBYE,Bastoni,D,6.0,5.5,True,False
24,GOODBYE,Konè M.,C,6.0,6.0,True,False
24,GOODBYE,Cristante,C,7.5,12.5,True,False
24,GOODBYE,Pellegrini Lo.,C,6.0,7.0,True,False
24,GOODBYE,Zielinski,C,6.5,6.5,True,False
24,GOODBYE,Yildiz,A,6.0,6.0,True,False
24,GOODBYE,Scamacca,A,6.5,6.5,True,False
24,GOODBYE,Boga,A,5.5,5.5,True,False
24,GOODBYE,Meret,P,,,False,True
24,GOODBYE,Vasquez D.,P,,,False,True
24,GOODBYE,Bremer,D,,,False,True
24,GOODBYE,Norton-Cuffy,D,7.0,11.0,False,True
24,GOODBYE,Ziolkowski,D,,,False,True
24,GOODBYE,Idrissi R.,D,6.0,6.0,False,True
24,GOODBYE,Valle,D,6.0,6.0,False,True
24,GOODBYE,Pisilli,C,7.0,9.0,False,True
24,GOODBYE,El Aynaoui,C,6.0,5.5,False,True
24,GOODBYE,Matic,C,,,False,True
24,GOODBYE,El Shaarawy,C,,,False,True
24,GOODBYE,Vaz,A,,,False,True
24,GOODBYE,Sulemana K.,A,6.0,6.0,False,True
24,GOODBYE,Raspadori,A,,,False,True
24,WINNING MOMENT,Svilar,P,6.5,7.5,True,False
24,WINNING MOMENT,Tomori,D,6.0,6.0,True,False
24,WINNING MOMENT,Kelly L.,D,5.5,5.5,True,False
24,WINNING MOMENT,Carlos Augusto,D,,,False,False
24,WINNING MOMENT,Celik,D,6.5,6.5,True,False
24,WINNING MOMENT,Isaksen,C,5.5,5.5,True,False
24,WINNING MOMENT,Modric,C,6.0,6.0,True,False
24,WINNING MOMENT,Elmas,C,5.5,5.5,True,False
24,WINNING MOMENT,Soulè,A,,,False,False
24,WINNING MOMENT,Hojlund,A,6.0,6.0,True,False
24,WINNING MOMENT,Krstovic,A,6.0,6.0,True,False
24,WINNING MOMENT,Gollini,P,,,False,True
24,WINNING MOMENT,Zelezny,P,,,False,True
24,WINNING MOMENT,Bartesaghi,D,5.5,5.5,True,True
24,WINNING MOMENT,Estupinan,D,5.5,5.5,False,True
24,WINNING MOMENT,Moreno Alb.,D,,,False,True
24,WINNING MOMENT,Pasalic,C,7.0,10.0,False,True
24,WINNING MOMENT,Ekkelenkamp,C,6.0,6.0,False,True
24,WINNING MOMENT,Koopmeiners,C,5.0,5.0,False,True
24,WINNING MOMENT,Perrone,C,7.0,7.0,False,True
24,WINNING MOMENT,Adzic,C,,,False,True
24,WINNING MOMENT,David,A,5.5,5.5,True,True
24,SEPTWOLVES,Martinez Jo.,P,,,False,False
24,SEPTWOLVES,Cabal,D,,,False,False
24,SEPTWOLVES,Gatti,D,6.0,6.0,True,False
24,SEPTWOLVES,Maripan,D,5.0,5.0,True,False
24,SEPTWOLVES,Coco,D,5.5,5.5,True,False
24,SEPTWOLVES,Orsolini,C,5.5,5.5,True,False
24,SEPTWOLVES,McKennie,C,5.0,5.0,True,False
24,SEPTWOLVES,Bernabè,C,6.0,6.0,True,False
24,SEPTWOLVES,Cataldi,C,6.5,6.5,True,False
24,SEPTWOLVES,Cancellieri,A,5.5,5.5,True,False
24,SEPTWOLVES,Moreo,A,6.0,6.0,True,False
24,SEPTWOLVES,Dovbyk,A,,,False,True
24,SEPTWOLVES,De Ketelaere,A,,,False,True
24,SEPTWOLVES,Ferguson E.,A,,,False,True
24,SEPTWOLVES,Vardy,A,5.0,5.0,False,True
24,SEPTWOLVES,Zambo Anguissa,C,,,False,True
24,SEPTWOLVES,Kostic,C,,,False,True
24,SEPTWOLVES,Coulibaly L.,C,6.0,6.0,False,True
24,SEPTWOLVES,Strefezza,C,6.5,6.5,False,True
24,SEPTWOLVES,Wesley,D,5.5,5.5,True,True
24,SEPTWOLVES,Rrahmani,D,,,False,True
24,SEPTWOLVES,Kossounou,D,,,False,True
24,SEPTWOLVES,Juan Jesus,D,6.5,6.0,False,True
24,SEPTWOLVES,Sportiello,P,,,False,True
24,SEPTWOLVES,Carnesecchi,P,6.0,5.0,True,True
24,ZLZ AND HIS FRIENDS,Skorupski,P,6.0,7.0,True,False
24,ZLZ AND HIS FRIENDS,Miranda J.,D,6.0,5.5,True,False
24,ZLZ AND HIS FRIENDS,Martin,D,,,False,False
24,ZLZ AND HIS FRIENDS,Ramon,D,6.5,6.5,True,False
24,ZLZ AND HIS FRIENDS,Dumfries,D,,,False,False
24,ZLZ AND HIS FRIENDS,Zaccagni,C,5.5,5.5,True,False
24,ZLZ AND HIS FRIENDS,Pulisic,C,6.0,6.0,True,False
24,ZLZ AND HIS FRIENDS,Neres,C,,,False,False
24,ZLZ AND HIS FRIENDS,Thuram,A,5.5,5.5,True,False
24,ZLZ AND HIS FRIENDS,Orban G.,A,,,False,False
24,ZLZ AND HIS FRIENDS,Bonny,A,6.0,6.0,True,False
24,ZLZ AND HIS FRIENDS,Ravaglia F.,P,,,False,True
24,ZLZ AND HIS FRIENDS,Muric,P,6.0,7.0,False,True
24,ZLZ AND HIS FRIENDS,Idzes,D,6.5,6.5,True,True
24,ZLZ AND HIS FRIENDS,Gabbia,D,,,False,True
24,ZLZ AND HIS FRIENDS,Zappa,D,,,False,True
24,ZLZ AND HIS FRIENDS,Kristensen T.,D,6.0,6.0,True,True
24,ZLZ AND HIS FRIENDS,Zaniolo,C,5.5,5.5,True,True
24,ZLZ AND HIS FRIENDS,Mkhitaryan,C,7.0,10.0,False,True
24,ZLZ AND HIS FRIENDS,Sucic P.,C,5.5,5.5,False,True
24,ZLZ AND HIS FRIENDS,Fofana Y.,C,,,False,True
24,ZLZ AND HIS FRIENDS,Frendrup,C,6.0,6.0,False,True
24,ZLZ AND HIS FRIENDS,Colombo,A,6.5,6.5,True,True
24,ZLZ AND HIS FRIENDS,Nkunku,A,,,False,True
24,ZLZ AND HIS FRIENDS,Bonazzoli,A,5.5,5.5,False,True
24,ETHANANITA,Butez,P,6.0,7.0,True,False
24,ETHANANITA,Marusic,D,6.5,6.5,True,False
24,ETHANANITA,Djimsiti,D,6.0,6.0,True,False
24,ETHANANITA,Cambiaso,D,5.5,5.5,True,False
24,ETHANANITA,Palestra,D,6.5,7.5,True,False
24,ETHANANITA,Zaragoza,C,5.5,5.5,True,False
24,ETHANANITA,Vlasic,C,6.0,6.0,True,False
24,ETHANANITA,Loftus-Cheek,C,,,False,False
24,ETHANANITA,Vergara,C,6.0,6.0,True,False
24,ETHANANITA,Conceicao,C,6.0,6.0,True,False
24,ETHANANITA,Pellegrino M.,A,6.0,6.0,True,False
24,ETHANANITA,Caprile,P,6.5,7.5,False,True
24,ETHANANITA,Tornqvist,P,,,False,True
24,ETHANANITA,Vojvoda,D,7.0,11.0,False,True
24,ETHANANITA,Joao Mario,D,6.0,6.0,False,True
24,ETHANANITA,Holm,D,,,False,True
24,ETHANANITA,Gila,D,,,False,True
24,ETHANANITA,Da Cunha,C,6.5,7.5,True,True
24,ETHANANITA,Politano,C,5.5,5.5,False,True
24,ETHANANITA,Odgaard,C,,,False,True
24,ETHANANITA,Fullkrug,A,5.5,5.5,False,True
24,ETHANANITA,Dia,A,,,False,True
24,ETHANANITA,Morata,A,,,False,True
24,ETHANANITA,Davis K.,A,,,False,True
24,ETHANANITA,Vlahovic,A,,,False,True
25,ETHANANITA,Butez,P,6.0,5.0,True,False
25,ETHANANITA,Marusic,D,5.0,5.0,True,False
25,ETHANANITA,Djimsiti,D,6.0,6.0,True,False
25,ETHANANITA,Vojvoda,D,6.0,6.0,True,False
25,ETHANANITA,Palestra,D,6.5,6.5,True,False
25,ETHANANITA,Zaragoza,C,,,False,False
25,ETHANANITA,Vlasic,C,6.0,5.5,True,False
25,ETHANANITA,Odgaard,C,7.0,11.0,True,False
25,ETHANANITA,Vergara,C,6.5,6.5,True,False
25,ETHANANITA,Da Cunha,C,7.0,8.0,True,False
25,ETHANANITA,Pellegrino M.,A,5.5,5.0,True,False
25,ETHANANITA,Caprile,P,7.0,6.0,False,True
25,ETHANANITA,Tornqvist,P,,,False,True
25,ETHANANITA,Cambiaso,D,5.0,5.0,False,True
25,ETHANANITA,Joao Mario,D,5.5,5.5,False,True
25,ETHANANITA,Holm,D,,,False,True
25,ETHANANITA,Gila,D,,,False,True
25,ETHANANITA,Conceicao,C,6.5,8.5,True,True
25,ETHANANITA,Politano,C,6.0,6.0,False,True
25,ETHANANITA,Loftus-Cheek,C,,,False,True
25,ETHANANITA,Fullkrug,A,6.0,6.0,False,True
25,ETHANANITA,Morata,A,5.5,5.5,False,True
25,ETHANANITA,Dia,A,,,False,True
25,ETHANANITA,Davis K.,A,7.5,10.5,False,True
25,ETHANANITA,Vlahovic,A,,,False,True
25,GOODBYE,Milinkovic-Savic V.,P,,,False,False
25,GOODBYE,Valle,D,,,False,False
25,GOODBYE,Mancini,D,6.0,6.0,True,False
25,GOODBYE,Ghilardi,D,6.0,6.0,True,False
25,GOODBYE,Konè M.,C,6.5,7.5,True,False
25,GOODBYE,Cristante,C,5.5,5.5,True,False
25,GOODBYE,Pellegrini Lo.,C,6.0,7.0,True,False
25,GOODBYE,Zielinski,C,6.0,6.0,True,False
25,GOODBYE,Pisilli,C,7.5,8.5,True,False
25,GOODBYE,Sulemana K.,A,5.0,5.0,True,False
25,GOODBYE,Scamacca,A,5.5,5.5,True,False
25,GOODBYE,Meret,P,6.0,5.0,True,True
25,GOODBYE,Vasquez D.,P,,,False,True
25,GOODBYE,Bremer,D,5.5,6.5,True,True
25,GOODBYE,Ziolkowski,D,,,False,True
25,GOODBYE,Idrissi R.,D,,,False,True
25,GOODBYE,Norton-Cuffy,D,,,False,True
25,GOODBYE,Bastoni,D,,,False,True
25,GOODBYE,El Shaarawy,C,,,False,True
25,GOODBYE,El Aynaoui,C,5.5,5.5,False,True
25,GOODBYE,Matic,C,6.0,5.5,False,True
25,GOODBYE,Yildiz,A,5.5,5.5,False,True
25,GOODBYE,Boga,A,7.0,9.0,False,True
25,GOODBYE,Vaz,A,,,False,True
25,GOODBYE,Raspadori,A,,,False,True
25,SEPTWOLVES,Martinez Jo.,P,,,False,False
25,SEPTWOLVES,Cabal,D,,,False,False
25,SEPTWOLVES,Juan Jesus,D,6.0,5.5,True,False
25,SEPTWOLVES,Kossounou,D,,,False,False
25,SEPTWOLVES,Wesley,D,7.0,8.5,True,False
25,SEPTWOLVES,Cataldi,C,6.0,6.0,True,False
25,SEPTWOLVES,McKennie,C,6.0,7.0,True,False
25,SEPTWOLVES,Bernabè,C,6.5,6.5,True,False
25,SEPTWOLVES,Strefezza,C,6.0,6.0,True,False
25,SEPTWOLVES,Orsolini,C,5.5,5.5,True,False
25,SEPTWOLVES,Cancellieri,A,5.0,5.0,True,False
25,SEPTWOLVES,Dovbyk,A,,,False,True
25,SEPTWOLVES,De Ketelaere,A,,,False,True
25,SEPTWOLVES,Ferguson E.,A,,,False,True
25,SEPTWOLVES,Moreo,A,6.5,6.5,False,True
25,SEPTWOLVES,Vardy,A,6.0,6.0,False,True
25,SEPTWOLVES,Zambo Anguissa,C,,,False,True
25,SEPTWOLVES,Kostic,C,,,False,True
25,SEPTWOLVES,Coulibaly L.,C,6.0,8.0,False,True
25,SEPTWOLVES,Rrahmani,D,,,False,True
25,SEPTWOLVES,Maripan,D,,,False,True
25,SEPTWOLVES,Gatti,D,7.0,11.0,True,True
25,SEPTWOLVES,Coco,D,6.5,6.5,True,True
25,SEPTWOLVES,Sportiello,P,,,False,True
25,SEPTWOLVES,Carnesecchi,P,6.5,4.5,True,True
25,TEAM WOLFLING,Di Gregorio,P,,,False,False
25,TEAM WOLFLING,Dimarco,D,7.0,11.0,True,False
25,TEAM WOLFLING,Pavlovic,D,7.0,11.0,True,False
25,TEAM WOLFLING,Gutierrez,D,6.0,6.0,True,False
25,TEAM WOLFLING,Mandragora,C,5.5,5.5,True,False
25,TEAM WOLFLING,Konè I.,C,7.0,10.0,True,False
25,TEAM WOLFLING,Atta,C,,,False,False
25,TEAM WOLFLING,McTominay,C,,,False,False
25,TEAM WOLFLING,Banda,A,6.0,6.5,True,False
25,TEAM WOLFLING,Douvikas,A,7.0,9.0,True,False
25,TEAM WOLFLING,Berardi,A,6.5,6.5,True,False
25,TEAM WOLFLING,Perin,P,5.5,2.5,True,True
25,TEAM WOLFLING,Pinsoglio,P,,,False,True
25,TEAM WOLFLING,Circati,D,,,False,True
25,TEAM WOLFLING,Ostigard,D,6.0,6.0,False,True
25,TEAM WOLFLING,Zalewski,C,5.5,5.0,True,True
25,TEAM WOLFLING,De Roon,C,5.0,5.0,True,True
25,TEAM WOLFLING,Volpato,C,,,False,True
25,TEAM WOLFLING,Cheddira,A,5.0,5.0,False,True
25,TEAM WOLFLING,Sarr A.,A,5.5,5.5,False,True
25,XIAWA NO.92,Maignan,P,6.0,7.0,True,False
25,XIAWA NO.92,Spinazzola,D,6.0,6.0,True,False
25,XIAWA NO.92,De Winter,D,6.5,7.5,True,False
25,XIAWA NO.92,Delprato,D,6.0,6.0,True,False
25,XIAWA NO.92,Valeri,D,6.0,6.0,True,False
25,XIAWA NO.92,Caqueret,C,6.5,6.5,True,False
25,XIAWA NO.92,Paz N.,C,6.0,6.0,True,False
25,XIAWA NO.92,Lobotka,C,5.5,5.5,True,False
25,XIAWA NO.92,Laurientè,A,7.0,9.0,True,False
25,XIAWA NO.92,Esposito F.P.,A,6.0,6.0,True,False
25,XIAWA NO.92,Rodriguez Je.,A,7.5,12.5,True,False
25,XIAWA NO.92,Terracciano,P,,,False,True
25,XIAWA NO.92,Torriani,P,,,False,True
25,XIAWA NO.92,Vasquez,D,6.0,6.0,False,True
25,XIAWA NO.92,Terracciano F.,D,5.5,5.0,False,True
25,XIAWA NO.92,Luperto,D,5.5,5.5,False,True
25,XIAWA NO.92,Mina,D,,,False,True
25,XIAWA NO.92,Thuram K.,C,6.0,6.0,False,True
25,XIAWA NO.92,Miretti,C,6.0,6.0,False,True
25,XIAWA NO.92,Oristanio,C,7.0,11.0,False,True
25,XIAWA NO.92,Vandeputte,C,6.5,6.5,False,True
25,XIAWA NO.92,Basic,C,,,False,True
25,XIAWA NO.92,Giovane,A,6.5,7.5,False,True
25,XIAWA NO.92,Cambiaghi,A,5.5,5.5,False,True
25,XIAWA NO.92,Diao,A,,,False,True
25,ZLZ AND HIS FRIENDS,Skorupski,P,7.0,8.0,True,False
25,ZLZ AND HIS FRIENDS,Miranda J.,D,,,False,False
25,ZLZ AND HIS FRIENDS,Martin,D,5.5,5.5,True,False
25,ZLZ AND HIS FRIENDS,Ramon,D,6.5,6.5,True,False
25,ZLZ AND HIS FRIENDS,Dumfries,D,,,False,False
25,ZLZ AND HIS FRIENDS,Zaccagni,C,5.5,5.5,True,False
25,ZLZ AND HIS FRIENDS,Pulisic,C,5.0,5.0,True,False
25,ZLZ AND HIS FRIENDS,Neres,C,,,False,False
25,ZLZ AND HIS FRIENDS,Thuram,A,5.5,5.5,True,False
25,ZLZ AND HIS FRIENDS,Orban G.,A,,,False,False
25,ZLZ AND HIS FRIENDS,Bonny,A,6.5,6.5,True,False
25,ZLZ AND HIS FRIENDS,Ravaglia F.,P,,,False,True
25,ZLZ AND HIS FRIENDS,Muric,P,7.5,6.5,False,True
25,ZLZ AND HIS FRIENDS,Idzes,D,6.5,6.0,True,True
25,ZLZ AND HIS FRIENDS,Gabbia,D,,,False,True
25,ZLZ AND HIS FRIENDS,Zappa,D,,,False,True
25,ZLZ AND HIS FRIENDS,Kristensen T.,D,6.5,6.5,True,True
25,ZLZ AND HIS FRIENDS,Zaniolo,C,7.0,8.0,True,True
25,ZLZ AND HIS FRIENDS,Mkhitaryan,C,7.0,7.5,False,True
25,ZLZ AND HIS FRIENDS,Sucic P.,C,,,False,True
25,ZLZ AND HIS FRIENDS,Fofana Y.,C,6.5,6.5,False,True
25,ZLZ AND HIS FRIENDS,Frendrup,C,6.0,6.0,False,True
25,ZLZ AND HIS FRIENDS,Colombo,A,6.0,6.0,True,True
25,ZLZ AND HIS FRIENDS,Nkunku,A,6.5,7.5,False,True
25,ZLZ AND HIS FRIENDS,Bonazzoli,A,6.0,6.0,False,True
25,ETERNITY,Sommer,P,6.0,7.0,True,False
25,ETERNITY,Gosens,D,,,False,False
25,ETERNITY,Buongiorno,D,6.0,6.0,True,False
25,ETERNITY,Lazaro,D,6.5,6.5,True,False
25,ETERNITY,Bellanova,D,6.0,6.0,True,False
25,ETERNITY,Rabiot,C,6.5,6.5,True,False
25,ETERNITY,Ederson D.S.,C,,,False,False
25,ETERNITY,Saelemaekers,C,5.5,5.5,True,False
25,ETERNITY,Simeone,A,7.0,11.0,True,False
25,ETERNITY,Esposito Se.,A,6.5,7.0,True,False
25,ETERNITY,Pinamonti,A,4.0,3.0,True,False
25,ETERNITY,Provedel,P,6.0,4.0,False,True
25,ETERNITY,Paleari,P,6.5,7.5,False,True
25,ETERNITY,Lucumì,D,6.0,5.5,True,True
25,ETERNITY,Hien,D,6.0,6.0,False,True
25,ETERNITY,Ranieri L.,D,5.5,5.0,False,True
25,ETERNITY,Pezzella Giu.,D,5.5,5.5,False,True
25,ETERNITY,Thorstvedt,C,7.0,10.0,True,True
25,ETERNITY,Gudmundsson A.,C,5.0,5.0,False,True
25,ETERNITY,Maldini,C,,,False,True
25,ETERNITY,Jashari,C,,,False,True
25,ETERNITY,Malen,A,7.0,9.0,False,True
25,ETERNITY,Ratkov,A,5.0,5.0,False,True
25,NO ONE,Falcone,P,6.0,3.0,True,False
25,NO ONE,Zappacosta,D,6.5,7.5,True,False
25,NO ONE,N'Dicka,D,6.5,8.5,True,False
25,NO ONE,Kempf,D,6.5,8.5,True,False
25,NO ONE,Scalvini,D,5.5,5.5,True,False
25,NO ONE,Barella,C,6.0,6.0,True,False
25,NO ONE,Samardzic,C,5.0,5.0,True,False
25,NO ONE,Malinovskyi,C,5.0,4.5,True,False
25,NO ONE,Leao,A,6.0,8.0,True,False
25,NO ONE,Kean,A,5.5,5.5,True,False
25,NO ONE,Lukaku,A,7.0,10.5,True,False
25,NO ONE,Fruchtl,P,,,False,True
25,NO ONE,Samooja,P,,,False,True
25,NO ONE,Akanji,D,6.0,6.0,False,True
25,NO ONE,Bisseck,D,6.0,6.0,False,True
25,NO ONE,Angelino,D,,,False,True
25,NO ONE,Ismajli,D,6.5,6.5,False,True
25,NO ONE,Baldanzi,C,5.5,5.5,False,True
25,NO ONE,Ricci S.,C,6.0,6.0,False,True
25,NO ONE,Baturina,C,,,False,True
25,NO ONE,Gaetano,C,,,False,True
25,NO ONE,Berisha M.,C,,,False,True
25,NO ONE,Dybala,A,,,False,True
25,NO ONE,Piccoli,A,5.5,5.5,False,True
25,NO ONE,Solomon,A,,,False,True
25,WINNING MOMENT,Svilar,P,6.0,3.0,True,False
25,WINNING MOMENT,Bartesaghi,D,6.0,6.0,True,False
25,WINNING MOMENT,Tomori,D,6.5,6.5,True,False
25,WINNING MOMENT,Kalulu,D,5.5,5.5,True,False
25,WINNING MOMENT,Carlos Augusto,D,6.5,6.5,True,False
25,WINNING MOMENT,Pasalic,C,5.0,5.0,True,False
25,WINNING MOMENT,Modric,C,7.0,7.0,True,False
25,WINNING MOMENT,Isaksen,C,5.5,5.5,True,False
25,WINNING MOMENT,Perrone,C,7.0,8.0,True,False
25,WINNING MOMENT,Krstovic,A,6.0,6.0,True,False
25,WINNING MOMENT,Hojlund,A,6.5,8.5,True,False
25,WINNING MOMENT,Gollini,P,,,False,True
25,WINNING MOMENT,Zelezny,P,,,False,True
25,WINNING MOMENT,Kelly L.,D,5.0,5.0,False,True
25,WINNING MOMENT,Celik,D,6.0,6.0,False,True
25,WINNING MOMENT,Moreno Alb.,D,6.5,6.5,False,True
25,WINNING MOMENT,Estupinan,D,,,False,True
25,WINNING MOMENT,Elmas,C,6.0,5.5,False,True
25,WINNING MOMENT,Ekkelenkamp,C,6.0,6.0,False,True
25,WINNING MOMENT,Koopmeiners,C,5.5,5.5,False,True
25,WINNING MOMENT,Adzic,C,,,False,True
25,WINNING MOMENT,David,A,5.5,5.5,False,True
25,TEAM YANGTUO,De Gea,P,6.0,3.0,True,False
25,TEAM YANGTUO,Zortea,D,6.0,6.0,True,False
25,TEAM YANGTUO,Hermoso,D,,,False,False
25,TEAM YANGTUO,Bernasconi,D,6.0,5.5,True,False
25,TEAM YANGTUO,Luis Henrique,C,6.5,6.5,True,False
25,TEAM YANGTUO,Brescianini,C,6.0,6.0,True,False
25,TEAM YANGTUO,Taylor K.,C,5.0,5.0,True,False
25,TEAM YANGTUO,Calhanoglu,C,7.0,8.5,True,False
25,TEAM YANGTUO,Durosinmi,A,6.0,6.0,True,False
25,TEAM YANGTUO,Castro S.,A,6.0,6.0,True,False
25,TEAM YANGTUO,Kilicsoy,A,5.5,5.5,True,False
25,TEAM YANGTUO,Christensen O.,P,,,False,True
25,TEAM YANGTUO,Lezzerini,P,,,False,True
25,TEAM YANGTUO,Bowie,A,5.5,5.5,False,True
25,TEAM YANGTUO,Stulic,A,5.5,5.5,False,True
25,TEAM YANGTUO,Tramoni M.,C,,,False,True
25,TEAM YANGTUO,Britschgi,D,6.0,6.0,True,True
25,TEAM YANGTUO,Muharemovic,D,6.5,6.5,False,True
25,TEAM YANGTUO,Barbieri,D,5.5,5.5,False,True
25,TEAM YANGTUO,Vitinha O.,A,5.5,5.5,False,True
25,TEAM YANGTUO,Sottil,C,6.0,6.0,False,True
26,ETHANANITA,Butez,P,6.5,5.5,True,False
26,ETHANANITA,Cambiaso,D,7.0,10.0,True,False
26,ETHANANITA,Djimsiti,D,,,False,False
26,ETHANANITA,Vojvoda,D,6.0,6.0,True,False
26,ETHANANITA,Palestra,D,6.5,6.0,True,False
26,ETHANANITA,Vergara,C,6.0,6.0,True,False
26,ETHANANITA,Da Cunha,C,7.5,11.5,True,False
26,ETHANANITA,Odgaard,C,5.5,5.5,True,False
26,ETHANANITA,Conceicao,C,7.0,8.0,True,False
26,ETHANANITA,Pellegrino M.,A,5.5,5.5,True,False
26,ETHANANITA,Davis K.,A,7.0,9.0,True,False
26,ETHANANITA,Caprile,P,6.0,4.0,False,True
26,ETHANANITA,Tornqvist,P,,,False,True
26,ETHANANITA,Marusic,D,7.0,11.0,True,True
26,ETHANANITA,Gila,D,7.0,7.0,False,True
26,ETHANANITA,Joao Mario,D,5.5,5.5,False,True
26,ETHANANITA,Holm,D,,,False,True
26,ETHANANITA,Politano,C,6.5,7.5,False,True
26,ETHANANITA,Zaragoza,C,,,False,True
26,ETHANANITA,Vlasic,C,6.5,6.5,False,True
26,ETHANANITA,Loftus-Cheek,C,,,False,True
26,ETHANANITA,Dia,A,6.0,6.0,False,True
26,ETHANANITA,Fullkrug,A,6.0,6.0,False,True
26,ETHANANITA,Morata,A,6.0,6.0,False,True
26,ETHANANITA,Vlahovic,A,,,False,True
26,TEAM YANGTUO,De Gea,P,6.0,7.0,True,False
26,TEAM YANGTUO,Zortea,D,6.0,7.0,True,False
26,TEAM YANGTUO,Hermoso,D,,,False,False
26,TEAM YANGTUO,Bernasconi,D,6.0,6.0,True,False
26,TEAM YANGTUO,Dodò,D,6.0,5.5,True,False
26,TEAM YANGTUO,Brescianini,C,,,False,False
26,TEAM YANGTUO,Taylor K.,C,6.5,6.5,True,False
26,TEAM YANGTUO,Calhanoglu,C,,,False,False
26,TEAM YANGTUO,Locatelli,C,7.0,8.0,True,False
26,TEAM YANGTUO,Castro S.,A,5.0,5.0,True,False
26,TEAM YANGTUO,Kilicsoy,A,,,False,False
26,TEAM YANGTUO,Christensen O.,P,,,False,True
26,TEAM YANGTUO,Lezzerini,P,,,False,True
26,TEAM YANGTUO,Bowie,A,7.5,10.0,True,True
26,TEAM YANGTUO,Stulic,A,7.0,10.0,False,True
26,TEAM YANGTUO,Britschgi,D,,,False,True
26,TEAM YANGTUO,Muharemovic,D,5.5,5.5,True,True
26,TEAM YANGTUO,Barbieri,D,5.0,5.0,False,True
26,TEAM YANGTUO,Vitinha O.,A,7.0,10.0,False,True
26,TEAM YANGTUO,Sottil,C,,,False,True
26,TEAM YANGTUO,Luis Henrique,C,5.0,5.0,True,True
26,TEAM YANGTUO,Durosinmi,A,5.5,5.5,False,True
26,TEAM YANGTUO,Tramoni M.,C,,,False,True
26,GOODBYE,Milinkovic-Savic V.,P,6.0,5.0,True,False
26,GOODBYE,Mancini,D,5.5,5.5,True,False
26,GOODBYE,Bremer,D,6.0,5.5,True,False
26,GOODBYE,Ghilardi,D,6.0,6.0,True,False
26,GOODBYE,Konè M.,C,5.5,5.5,True,False
26,GOODBYE,Cristante,C,6.0,5.5,True,False
26,GOODBYE,Pellegrini Lo.,C,5.0,5.0,True,False
26,GOODBYE,Pisilli,C,5.5,5.5,True,False
26,GOODBYE,Boga,A,7.0,9.0,True,False
26,GOODBYE,Scamacca,A,7.5,13.5,True,False
26,GOODBYE,Yildiz,A,7.5,11.5,True,False
26,GOODBYE,Meret,P,,,False,True
26,GOODBYE,Vasquez D.,P,,,False,True
26,GOODBYE,Ziolkowski,D,,,False,True
26,GOODBYE,Idrissi R.,D,,,False,True
26,GOODBYE,Norton-Cuffy,D,,,False,True
26,GOODBYE,Bastoni,D,6.0,5.5,False,True
26,GOODBYE,Valle,D,,,False,True
26,GOODBYE,Zielinski,C,5.5,5.5,False,True
26,GOODBYE,El Shaarawy,C,,,False,True
26,GOODBYE,El Aynaoui,C,5.5,5.5,False,True
26,GOODBYE,Matic,C,5.5,5.5,False,True
26,GOODBYE,Sulemana K.,A,6.0,6.0,False,True
26,GOODBYE,Vaz,A,,,False,True
26,GOODBYE,Raspadori,A,,,False,True
26,XIAWA NO.92,Maignan,P,6.5,7.5,True,False
26,XIAWA NO.92,Spinazzola,D,6.5,7.0,True,False
26,XIAWA NO.92,Luperto,D,5.5,5.0,True,False
26,XIAWA NO.92,Delprato,D,6.5,7.5,True,False
26,XIAWA NO.92,Valeri,D,6.0,6.0,True,False
26,XIAWA NO.92,Caqueret,C,,,False,False
26,XIAWA NO.92,Paz N.,C,6.0,6.0,True,False
26,XIAWA NO.92,Thuram K.,C,7.0,9.0,True,False
26,XIAWA NO.92,Laurientè,A,7.0,8.5,True,False
26,XIAWA NO.92,Esposito F.P.,A,5.5,5.5,True,False
26,XIAWA NO.92,Rodriguez Je.,A,6.0,6.0,True,False
26,XIAWA NO.92,Terracciano,P,,,False,True
26,XIAWA NO.92,Torriani,P,,,False,True
26,XIAWA NO.92,De Winter,D,6.5,6.5,False,True
26,XIAWA NO.92,Vasquez,D,6.0,6.0,False,True
26,XIAWA NO.92,Terracciano F.,D,,,False,True
26,XIAWA NO.92,Mina,D,,,False,True
26,XIAWA NO.92,Vandeputte,C,5.5,5.5,True,True
26,XIAWA NO.92,Miretti,C,,,False,True
26,XIAWA NO.92,Oristanio,C,6.0,6.0,False,True
26,XIAWA NO.92,Basic,C,,,False,True
26,XIAWA NO.92,Lobotka,C,,,False,True
26,XIAWA NO.92,Giovane,A,,,False,True
26,XIAWA NO.92,Diao,A,,,False,True
26,XIAWA NO.92,Cambiaghi,A,,,False,True
26,NO ONE,Falcone,P,6.5,5.5,True,False
26,NO ONE,Zappacosta,D,6.0,6.0,True,False
26,NO ONE,N'Dicka,D,6.5,8.0,True,False
26,NO ONE,Kempf,D,5.5,5.5,True,False
26,NO ONE,Akanji,D,6.0,6.0,True,False
26,NO ONE,Gaetano,C,,,False,False
26,NO ONE,Samardzic,C,5.5,5.5,True,False
26,NO ONE,Baturina,C,7.0,9.0,True,False
26,NO ONE,Leao,A,5.5,5.5,True,False
26,NO ONE,Lukaku,A,,,False,False
26,NO ONE,Kean,A,,,False,False
26,NO ONE,Fruchtl,P,,,False,True
26,NO ONE,Samooja,P,,,False,True
26,NO ONE,Scalvini,D,,,False,True
26,NO ONE,Bisseck,D,5.5,5.5,False,True
26,NO ONE,Ismajli,D,6.0,5.5,False,True
26,NO ONE,Angelino,D,,,False,True
26,NO ONE,Barella,C,5.5,5.5,True,True
26,NO ONE,Malinovskyi,C,6.5,6.5,False,True
26,NO ONE,Ricci S.,C,6.0,6.0,False,True
26,NO ONE,Baldanzi,C,,,False,True
26,NO ONE,Berisha M.,C,,,False,True
26,NO ONE,Piccoli,A,5.0,5.0,True,True
26,NO ONE,Dybala,A,,,False,True
26,NO ONE,Solomon,A,,,False,True
26,SEPTWOLVES,Martinez Jo.,P,,,False,False
26,SEPTWOLVES,Cabal,D,,,False,False
26,SEPTWOLVES,Juan Jesus,D,6.0,6.0,True,False
26,SEPTWOLVES,Gatti,D,6.0,6.0,True,False
26,SEPTWOLVES,Kossounou,D,5.0,5.0,True,False
26,SEPTWOLVES,Cataldi,C,6.0,6.0,True,False
26,SEPTWOLVES,McKennie,C,6.0,6.0,True,False
26,SEPTWOLVES,Bernabè,C,,,False,False
26,SEPTWOLVES,Coulibaly L.,C,6.0,6.0,True,False
26,SEPTWOLVES,Kostic,C,,,False,False
26,SEPTWOLVES,Vardy,A,5.0,5.0,True,False
26,SEPTWOLVES,Dovbyk,A,,,False,True
26,SEPTWOLVES,De Ketelaere,A,,,False,True
26,SEPTWOLVES,Ferguson E.,A,,,False,True
26,SEPTWOLVES,Cancellieri,A,7.0,8.0,False,True
26,SEPTWOLVES,Moreo,A,6.0,6.0,False,True
26,SEPTWOLVES,Orsolini,C,5.5,5.5,True,True
26,SEPTWOLVES,Strefezza,C,6.0,6.0,True,True
26,SEPTWOLVES,Zambo Anguissa,C,6.0,6.0,False,True
26,SEPTWOLVES,Wesley,D,,,False,True
26,SEPTWOLVES,Rrahmani,D,,,False,True
26,SEPTWOLVES,Maripan,D,,,False,True
26,SEPTWOLVES,Coco,D,6.0,6.0,True,True
26,SEPTWOLVES,Sportiello,P,,,False,True
26,SEPTWOLVES,Carnesecchi,P,6.0,4.0,True,True
26,TEAM WOLFLING,Di Gregorio,P,,,False,False
26,TEAM WOLFLING,Dimarco,D,5.5,5.5,True,False
26,TEAM WOLFLING,Pavlovic,D,7.0,7.0,True,False
26,TEAM WOLFLING,Gutierrez,D,6.0,6.0,True,False
26,TEAM WOLFLING,Circati,D,6.0,6.0,True,False
26,TEAM WOLFLING,Konè I.,C,6.0,6.0,True,False
26,TEAM WOLFLING,Zalewski,C,6.5,7.5,True,False
26,TEAM WOLFLING,Mandragora,C,5.5,5.0,True,False
26,TEAM WOLFLING,Banda,A,6.5,6.5,True,False
26,TEAM WOLFLING,Douvikas,A,6.0,6.0,True,False
26,TEAM WOLFLING,Berardi,A,5.5,5.5,True,False
26,TEAM WOLFLING,Perin,P,6.5,7.5,True,True
26,TEAM WOLFLING,Pinsoglio,P,,,False,True
26,TEAM WOLFLING,Belghali,D,,,False,True
26,TEAM WOLFLING,Ostigard,D,7.0,7.0,False,True
26,TEAM WOLFLING,McTominay,C,,,False,True
26,TEAM WOLFLING,Atta,C,6.0,6.0,False,True
26,TEAM WOLFLING,De Roon,C,6.0,5.5,False,True
26,TEAM WOLFLING,Volpato,C,,,False,True
26,TEAM WOLFLING,Pedro,A,6.5,6.5,False,True
26,TEAM WOLFLING,Cheddira,A,5.5,5.5,False,True
26,TEAM WOLFLING,Sarr A.,A,,,False,True
26,WINNING MOMENT,Svilar,P,6.5,4.5,True,False
26,WINNING MOMENT,Moreno Alb.,D,6.0,6.0,True,False
26,WINNING MOMENT,Kalulu,D,6.5,6.5,True,False
26,WINNING MOMENT,Kelly L.,D,6.0,6.0,True,False
26,WINNING MOMENT,Celik,D,5.5,5.5,True,False
26,WINNING MOMENT,Isaksen,C,6.0,6.0,True,False
26,WINNING MOMENT,Elmas,C,7.0,10.0,True,False
26,WINNING MOMENT,Perrone,C,6.0,6.0,True,False
26,WINNING MOMENT,Krstovic,A,6.5,6.5,True,False
26,WINNING MOMENT,Hojlund,A,6.0,6.0,True,False
26,WINNING MOMENT,David,A,5.0,5.0,True,False
26,WINNING MOMENT,Gollini,P,,,False,True
26,WINNING MOMENT,Zelezny,P,,,False,True
26,WINNING MOMENT,Tomori,D,6.0,6.0,False,True
26,WINNING MOMENT,Carlos Augusto,D,6.0,6.0,False,True
26,WINNING MOMENT,Estupinan,D,7.0,11.0,False,True
26,WINNING MOMENT,Bartesaghi,D,,,False,True
26,WINNING MOMENT,Koopmeiners,C,,,False,True
26,WINNING MOMENT,Pasalic,C,6.5,6.5,False,True
26,WINNING MOMENT,Modric,C,7.0,6.5,False,True
26,WINNING MOMENT,Ekkelenkamp,C,6.0,6.0,False,True
26,WINNING MOMENT,Adzic,C,,,False,True
26,WINNING MOMENT,Adams C.,A,6.0,7.0,False,True
26,ZLZ AND HIS FRIENDS,Skorupski,P,6.5,4.5,True,False
26,ZLZ AND HIS FRIENDS,Kristensen T.,D,6.0,8.0,True,False
26,ZLZ AND HIS FRIENDS,Martin,D,6.0,6.0,True,False
26,ZLZ AND HIS FRIENDS,Ramon,D,5.5,5.0,True,False
26,ZLZ AND HIS FRIENDS,Dumfries,D,6.0,5.5,True,False
26,ZLZ AND HIS FRIENDS,Zaccagni,C,5.5,5.5,True,False
26,ZLZ AND HIS FRIENDS,Pulisic,C,6.5,6.5,True,False
26,ZLZ AND HIS FRIENDS,Zaniolo,C,6.5,7.5,True,False
26,ZLZ AND HIS FRIENDS,Thuram,A,,,False,False
26,ZLZ AND HIS FRIENDS,Bonazzoli,A,7.0,9.0,True,False
26,ZLZ AND HIS FRIENDS,Nkunku,A,,,False,False
26,ZLZ AND HIS FRIENDS,Ravaglia F.,P,,,False,True
26,ZLZ AND HIS FRIENDS,Muric,P,5.0,3.0,False,True
26,ZLZ AND HIS FRIENDS,Idzes,D,5.5,5.5,False,True
26,ZLZ AND HIS FRIENDS,Gabbia,D,,,False,True
26,ZLZ AND HIS FRIENDS,Zappa,D,6.0,6.0,False,True
26,ZLZ AND HIS FRIENDS,Miranda J.,D,,,False,True
26,ZLZ AND HIS FRIENDS,Mkhitaryan,C,6.0,6.0,False,True
26,ZLZ AND HIS FRIENDS,Fofana Y.,C,6.5,7.5,False,True
26,ZLZ AND HIS FRIENDS,Sucic P.,C,5.5,5.5,False,True
26,ZLZ AND HIS FRIENDS,Frendrup,C,6.0,6.0,False,True
26,ZLZ AND HIS FRIENDS,Neres,C,,,False,True
26,ZLZ AND HIS FRIENDS,Bonny,A,5.0,5.0,True,True
26,ZLZ AND HIS FRIENDS,Orban G.,A,6.5,7.5,True,True
26,ZLZ AND HIS FRIENDS,Colombo,A,6.0,6.0,False,True
26,ETERNITY,Provedel,P,,,False,False
26,ETERNITY,Gosens,D,6.0,6.0,True,False
26,ETERNITY,Buongiorno,D,6.5,6.5,True,False
26,ETERNITY,Lucumì,D,5.0,5.0,True,False
26,ETERNITY,Lazaro,D,5.0,4.5,True,False
26,ETERNITY,Thorstvedt,C,6.5,7.5,True,False
26,ETERNITY,Rabiot,C,6.5,6.0,True,False
26,ETERNITY,Gudmundsson A.,C,5.5,5.5,True,False
26,ETERNITY,Simeone,A,5.5,5.5,True,False
26,ETERNITY,Esposito Se.,A,7.0,8.5,True,False
26,ETERNITY,Malen,A,5.5,5.0,True,False
26,ETERNITY,Sommer,P,6.0,5.0,True,True
26,ETERNITY,Paleari,P,6.0,4.0,False,True
26,ETERNITY,Bellanova,D,5.5,5.5,False,True
26,ETERNITY,Hien,D,5.5,5.5,False,True
26,ETERNITY,Ranieri L.,D,6.0,6.0,False,True
26,ETERNITY,Pezzella Giu.,D,5.5,4.5,False,True
26,ETERNITY,Saelemaekers,C,6.0,6.0,False,True
26,ETERNITY,Ederson D.S.,C,,,False,True
26,ETERNITY,Maldini,C,7.0,9.0,False,True
26,ETERNITY,Jashari,C,,,False,True
26,ETERNITY,Ratkov,A,,,False,True
27,SEPTWOLVES,Martinez Jo.,P,,,False,False
27,SEPTWOLVES,Cabal,D,,,False,False
27,SEPTWOLVES,Juan Jesus,D,,,False,False
27,SEPTWOLVES,Coco,D,6.5,6.5,True,False
27,SEPTWOLVES,Wesley,D,5.5,4.5,True,False
27,SEPTWOLVES,Zambo Anguissa,C,5.0,5.0,True,False
27,SEPTWOLVES,McKennie,C,6.0,6.0,True,False
27,SEPTWOLVES,Strefezza,C,6.5,7.0,True,False
27,SEPTWOLVES,Coulibaly L.,C,6.0,6.0,True,False
27,SEPTWOLVES,Orsolini,C,6.0,6.0,True,False
27,SEPTWOLVES,Moreo,A,7.5,9.5,True,False
27,SEPTWOLVES,Dovbyk,A,,,False,True
27,SEPTWOLVES,De Ketelaere,A,6.0,5.5,False,True
27,SEPTWOLVES,Ferguson E.,A,,,False,True
27,SEPTWOLVES,Vardy,A,,,False,True
27,SEPTWOLVES,Cancellieri,A,,,False,True
27,SEPTWOLVES,Rrahmani,D,,,False,True
27,SEPTWOLVES,Maripan,D,,,False,True
27,SEPTWOLVES,Gatti,D,,,False,True
27,SEPTWOLVES,Kossounou,D,,,False,True
27,SEPTWOLVES,Kostic,C,,,False,True
27,SEPTWOLVES,Bernabè,C,,,False,True
27,SEPTWOLVES,Cataldi,C,,,False,True
27,SEPTWOLVES,Sportiello,P,,,False,True
27,SEPTWOLVES,Carnesecchi,P,5.5,4.5,True,True
27,ZLZ AND HIS FRIENDS,Skorupski,P,6.5,7.5,True,False
27,ZLZ AND HIS FRIENDS,Kristensen T.,D,6.0,6.0,True,False
27,ZLZ AND HIS FRIENDS,Martin,D,6.5,7.5,True,False
27,ZLZ AND HIS FRIENDS,Miranda J.,D,6.5,6.5,True,False
27,ZLZ AND HIS FRIENDS,Dumfries,D,5.0,5.0,True,False
27,ZLZ AND HIS FRIENDS,Mkhitaryan,C,6.0,6.0,True,False
27,ZLZ AND HIS FRIENDS,Pulisic,C,5.5,5.5,True,False
27,ZLZ AND HIS FRIENDS,Zaniolo,C,5.0,4.5,True,False
27,ZLZ AND HIS FRIENDS,Colombo,A,6.0,6.0,True,False
27,ZLZ AND HIS FRIENDS,Thuram,A,5.5,5.5,True,False
27,ZLZ AND HIS FRIENDS,Orban G.,A,5.5,5.5,True,False
27,ZLZ AND HIS FRIENDS,Ravaglia F.,P,,,False,True
27,ZLZ AND HIS FRIENDS,Muric,P,6.0,5.0,False,True
27,ZLZ AND HIS FRIENDS,Idzes,D,5.5,5.5,False,True
27,ZLZ AND HIS FRIENDS,Ramon,D,6.5,6.5,False,True
27,ZLZ AND HIS FRIENDS,Gabbia,D,,,False,True
27,ZLZ AND HIS FRIENDS,Zappa,D,5.0,5.0,False,True
27,ZLZ AND HIS FRIENDS,Zaccagni,C,6.0,6.0,False,True
27,ZLZ AND HIS FRIENDS,Fofana Y.,C,6.0,6.0,False,True
27,ZLZ AND HIS FRIENDS,Sucic P.,C,5.5,5.0,False,True
27,ZLZ AND HIS FRIENDS,Frendrup,C,6.5,6.5,False,True
27,ZLZ AND HIS FRIENDS,Neres,C,,,False,True
27,ZLZ AND HIS FRIENDS,Nkunku,A,5.5,5.5,False,True
27,ZLZ AND HIS FRIENDS,Bonny,A,5.5,5.5,False,True
27,ZLZ AND HIS FRIENDS,Bonazzoli,A,5.0,5.0,False,True
27,XIAWA NO.92,Maignan,P,6.0,5.0,True,False
27,XIAWA NO.92,Spinazzola,D,6.0,6.0,True,False
27,XIAWA NO.92,Vasquez,D,6.5,6.5,True,False
27,XIAWA NO.92,Delprato,D,5.0,4.5,True,False
27,XIAWA NO.92,Valeri,D,5.0,5.0,True,False
27,XIAWA NO.92,Lobotka,C,,,False,False
27,XIAWA NO.92,Paz N.,C,5.5,5.5,True,False
27,XIAWA NO.92,Thuram K.,C,6.0,6.0,True,False
27,XIAWA NO.92,Laurientè,A,6.0,6.0,True,False
27,XIAWA NO.92,Esposito F.P.,A,7.0,9.0,True,False
27,XIAWA NO.92,Giovane,A,,,False,False
27,XIAWA NO.92,Terracciano,P,,,False,True
27,XIAWA NO.92,Torriani,P,,,False,True
27,XIAWA NO.92,De Winter,D,5.5,5.5,False,True
27,XIAWA NO.92,Luperto,D,4.5,4.5,False,True
27,XIAWA NO.92,Terracciano F.,D,,,False,True
27,XIAWA NO.92,Mina,D,6.0,6.0,False,True
27,XIAWA NO.92,Vandeputte,C,5.5,5.5,True,True
27,XIAWA NO.92,Caqueret,C,5.5,5.0,False,True
27,XIAWA NO.92,Miretti,C,,,False,True
27,XIAWA NO.92,Oristanio,C,6.0,6.0,False,True
27,XIAWA NO.92,Basic,C,,,False,True
27,XIAWA NO.92,Rodriguez Je.,A,6.0,6.0,True,True
27,XIAWA NO.92,Cambiaghi,A,6.0,7.0,False,True
27,XIAWA NO.92,Diao,A,7.0,7.0,False,True
27,ETHANANITA,Caprile,P,6.0,3.0,True,False
27,ETHANANITA,Cambiaso,D,6.0,6.0,True,False
27,ETHANANITA,Joao Mario,D,,,False,False
27,ETHANANITA,Marusic,D,6.5,7.5,True,False
27,ETHANANITA,Palestra,D,5.0,5.0,True,False
27,ETHANANITA,Vlasic,C,7.0,8.0,True,False
27,ETHANANITA,Politano,C,7.5,12.5,True,False
27,ETHANANITA,Odgaard,C,6.5,6.5,True,False
27,ETHANANITA,Conceicao,C,6.5,6.5,True,False
27,ETHANANITA,Pellegrino M.,A,7.0,9.0,True,False
27,ETHANANITA,Davis K.,A,6.0,6.0,True,False
27,ETHANANITA,Butez,P,6.0,5.0,False,True
27,ETHANANITA,Tornqvist,P,,,False,True
27,ETHANANITA,Vojvoda,D,,,False,True
27,ETHANANITA,Gila,D,7.0,7.0,True,True
27,ETHANANITA,Djimsiti,D,6.0,6.0,False,True
27,ETHANANITA,Holm,D,,,False,True
27,ETHANANITA,Da Cunha,C,7.0,8.0,False,True
27,ETHANANITA,Zaragoza,C,,,False,True
27,ETHANANITA,Vergara,C,,,False,True
27,ETHANANITA,Loftus-Cheek,C,,,False,True
27,ETHANANITA,Dia,A,5.5,5.5,False,True
27,ETHANANITA,Fullkrug,A,5.5,5.5,False,True
27,ETHANANITA,Morata,A,,,False,True
27,ETHANANITA,Vlahovic,A,,,False,True
27,TEAM YANGTUO,De Gea,P,6.0,5.0,True,False
27,TEAM YANGTUO,Zortea,D,5.5,5.0,True,False
27,TEAM YANGTUO,Hermoso,D,5.0,5.0,True,False
27,TEAM YANGTUO,Solet,D,,,False,False
27,TEAM YANGTUO,Dodò,D,7.5,9.5,True,False
27,TEAM YANGTUO,Brescianini,C,6.5,6.5,True,False
27,TEAM YANGTUO,Locatelli,C,6.5,6.5,True,False
27,TEAM YANGTUO,Luis Henrique,C,5.5,5.5,True,False
27,TEAM YANGTUO,Bowie,A,5.5,5.5,True,False
27,TEAM YANGTUO,Vitinha O.,A,7.0,10.5,True,False
27,TEAM YANGTUO,Kilicsoy,A,5.0,5.0,True,False
27,TEAM YANGTUO,Christensen O.,P,,,False,True
27,TEAM YANGTUO,Lezzerini,P,,,False,True
27,TEAM YANGTUO,Castro S.,A,6.0,6.0,False,True
27,TEAM YANGTUO,Stulic,A,5.5,5.5,False,True
27,TEAM YANGTUO,Britschgi,D,5.5,5.5,True,True
27,TEAM YANGTUO,Muharemovic,D,6.5,6.5,False,True
27,TEAM YANGTUO,Barbieri,D,5.5,5.5,False,True
27,TEAM YANGTUO,Sottil,C,,,False,True
27,TEAM YANGTUO,Durosinmi,A,4.0,3.0,False,True
27,TEAM YANGTUO,Tramoni M.,C,6.5,6.5,False,True
27,TEAM YANGTUO,Taylor K.,C,6.5,6.5,False,True
27,TEAM YANGTUO,Bernasconi,D,5.5,5.5,False,True
27,TEAM WOLFLING,Perin,P,6.0,7.0,True,False
27,TEAM WOLFLING,Dimarco,D,6.0,6.0,True,False
27,TEAM WOLFLING,Pavlovic,D,6.0,6.0,True,False
27,TEAM WOLFLING,Ostigard,D,7.0,9.0,True,False
27,TEAM WOLFLING,Gutierrez,D,6.0,6.0,True,False
27,TEAM WOLFLING,Mandragora,C,6.5,7.0,True,False
27,TEAM WOLFLING,Zalewski,C,5.5,5.5,True,False
27,TEAM WOLFLING,McTominay,C,6.5,6.5,True,False
27,TEAM WOLFLING,Konè I.,C,6.0,6.0,True,False
27,TEAM WOLFLING,Douvikas,A,7.0,9.0,True,False
27,TEAM WOLFLING,Berardi,A,5.5,5.5,True,False
27,TEAM WOLFLING,Di Gregorio,P,,,False,True
27,TEAM WOLFLING,Pinsoglio,P,,,False,True
27,TEAM WOLFLING,Circati,D,4.5,4.5,False,True
27,TEAM WOLFLING,Belghali,D,5.5,5.5,False,True
27,TEAM WOLFLING,Atta,C,5.5,5.5,False,True
27,TEAM WOLFLING,De Roon,C,6.0,6.0,False,True
27,TEAM WOLFLING,Volpato,C,6.0,6.0,False,True
27,TEAM WOLFLING,Pedro,A,6.0,5.5,False,True
27,TEAM WOLFLING,Banda,A,6.0,6.0,False,True
27,TEAM WOLFLING,Cheddira,A,6.0,6.0,False,True
27,TEAM WOLFLING,Sarr A.,A,,,False,True
27,ETERNITY,Sommer,P,6.0,5.0,True,False
27,ETERNITY,Gosens,D,6.5,7.5,True,False
27,ETERNITY,Buongiorno,D,6.5,6.5,True,False
27,ETERNITY,Lucumì,D,6.5,6.5,True,False
27,ETERNITY,Lazaro,D,,,False,False
27,ETERNITY,Thorstvedt,C,6.0,6.0,True,False
27,ETERNITY,De Bruyne,C,6.5,6.5,True,False
27,ETERNITY,Gudmundsson A.,C,7.0,9.5,True,False
27,ETERNITY,Simeone,A,7.5,9.5,True,False
27,ETERNITY,Pinamonti,A,5.5,5.5,True,False
27,ETERNITY,Malen,A,6.5,8.5,True,False
27,ETERNITY,Paleari,P,5.5,4.5,False,True
27,ETERNITY,Bellanova,D,,,False,True
27,ETERNITY,Hien,D,6.0,6.0,True,True
27,ETERNITY,Ranieri L.,D,6.5,6.5,False,True
27,ETERNITY,Saelemaekers,C,6.0,6.0,False,True
27,ETERNITY,Ederson D.S.,C,6.5,6.5,False,True
27,ETERNITY,Maldini,C,6.5,6.5,False,True
27,ETERNITY,Jashari,C,5.5,5.5,False,True
27,ETERNITY,Ratkov,A,,,False,True
27,GOODBYE,Milinkovic-Savic V.,P,,,False,False
27,GOODBYE,Mancini,D,6.0,6.0,True,False
27,GOODBYE,Bremer,D,6.5,6.5,True,False
27,GOODBYE,Bastoni,D,,,False,False
27,GOODBYE,Norton-Cuffy,D,6.0,6.0,True,False
27,GOODBYE,Konè M.,C,5.0,5.0,True,False
27,GOODBYE,Cristante,C,5.0,5.0,True,False
27,GOODBYE,Pellegrini Lo.,C,6.5,6.5,True,False
27,GOODBYE,Zielinski,C,5.5,5.5,True,False
27,GOODBYE,Boga,A,7.0,10.0,True,False
27,GOODBYE,Yildiz,A,7.0,9.0,True,False
27,GOODBYE,Meret,P,6.0,5.0,True,True
27,GOODBYE,Vasquez D.,P,,,False,True
27,GOODBYE,Ghilardi,D,5.5,5.0,True,True
27,GOODBYE,Ziolkowski,D,5.5,5.5,False,True
27,GOODBYE,Idrissi R.,D,,,False,True
27,GOODBYE,Valle,D,6.5,7.5,False,True
27,GOODBYE,Pisilli,C,5.5,5.5,False,True
27,GOODBYE,El Shaarawy,C,6.5,6.5,False,True
27,GOODBYE,El Aynaoui,C,,,False,True
27,GOODBYE,Matic,C,5.5,5.5,False,True
27,GOODBYE,Scamacca,A,5.5,5.5,False,True
27,GOODBYE,Sulemana K.,A,6.5,6.5,False,True
27,GOODBYE,Vaz,A,5.5,5.5,False,True
27,GOODBYE,Raspadori,A,,,False,True
27,WINNING MOMENT,Svilar,P,6.0,4.0,True,False
27,WINNING MOMENT,Estupinan,D,5.0,4.5,True,False
27,WINNING MOMENT,Tomori,D,6.0,6.0,True,False
27,WINNING MOMENT,Kalulu,D,6.0,6.0,True,False
27,WINNING MOMENT,Carlos Augusto,D,6.5,6.0,True,False
27,WINNING MOMENT,Celik,D,6.0,6.0,True,False
27,WINNING MOMENT,Elmas,C,5.0,5.0,True,False
27,WINNING MOMENT,Modric,C,6.0,6.0,True,False
27,WINNING MOMENT,Koopmeiners,C,6.0,6.0,True,False
27,WINNING MOMENT,Hojlund,A,7.0,9.0,True,False
27,WINNING MOMENT,Adams C.,A,7.0,8.0,True,False
27,WINNING MOMENT,Gollini,P,,,False,True
27,WINNING MOMENT,Zelezny,P,,,False,True
27,WINNING MOMENT,Bartesaghi,D,6.0,6.0,False,True
27,WINNING MOMENT,Kelly L.,D,6.0,5.5,False,True
27,WINNING MOMENT,Moreno Alb.,D,,,False,True
27,WINNING MOMENT,Pasalic,C,5.5,5.5,False,True
27,WINNING MOMENT,Perrone,C,6.0,6.0,False,True
27,WINNING MOMENT,Isaksen,C,7.0,11.0,False,True
27,WINNING MOMENT,Ekkelenkamp,C,5.5,5.5,False,True
27,WINNING MOMENT,David,A,,,False,True
27,WINNING MOMENT,Krstovic,A,7.0,11.0,False,True
27,WINNING MOMENT,Adzic,C,,,False,True
27,NO ONE,Falcone,P,6.0,4.0,True,False
27,NO ONE,Zappacosta,D,6.5,6.5,True,False
27,NO ONE,Ismajli,D,6.5,6.5,True,False
27,NO ONE,Kempf,D,6.0,6.0,True,False
27,NO ONE,Akanji,D,6.0,6.0,True,False
27,NO ONE,Bisseck,D,6.5,6.5,True,False
27,NO ONE,Barella,C,6.5,7.5,True,False
27,NO ONE,Baturina,C,6.5,6.5,True,False
27,NO ONE,Malinovskyi,C,6.0,6.0,True,False
27,NO ONE,Leao,A,5.0,5.0,True,False
27,NO ONE,Kean,A,,,False,False
27,NO ONE,Fruchtl,P,,,False,True
27,NO ONE,Samooja,P,,,False,True
27,NO ONE,Scalvini,D,6.0,6.0,False,True
27,NO ONE,N'Dicka,D,,,False,True
27,NO ONE,Angelino,D,,,False,True
27,NO ONE,Samardzic,C,5.0,5.0,False,True
27,NO ONE,Gaetano,C,5.5,5.5,False,True
27,NO ONE,Ricci S.,C,,,False,True
27,NO ONE,Baldanzi,C,,,False,True
27,NO ONE,Berisha M.,C,,,False,True
27,NO ONE,Lukaku,A,,,False,True
27,NO ONE,Piccoli,A,7.5,11.5,True,True
27,NO ONE,Dybala,A,,,False,True
27,NO ONE,Solomon,A,,,False,True
28,ETERNITY,Sommer,P,5.5,4.5,True,False
28,ETERNITY,Gosens,D,5.5,5.5,True,False
28,ETERNITY,Buongiorno,D,6.0,6.0,True,False
28,ETERNITY,Lucumì,D,5.5,5.5,True,False
28,ETERNITY,Bellanova,D,,,False,False
28,ETERNITY,Ederson D.S.,C,6.5,6.5,True,False
28,ETERNITY,De Bruyne,C,6.0,6.0,True,False
28,ETERNITY,Saelemaekers,C,6.0,6.0,True,False
28,ETERNITY,Simeone,A,7.0,9.0,True,False
28,ETERNITY,Martinez L.,A,,,False,False
28,ETERNITY,Malen,A,6.0,6.0,True,False
28,ETERNITY,Paleari,P,5.5,2.5,False,True
28,ETERNITY,Lazaro,D,,,False,True
28,ETERNITY,Hien,D,6.0,5.5,True,True
28,ETERNITY,Ranieri L.,D,6.0,6.0,False,True
28,ETERNITY,Pezzella Giu.,D,6.5,6.0,False,True
28,ETERNITY,Gudmundsson A.,C,6.0,6.0,False,True
28,ETERNITY,Thorstvedt,C,,,False,True
28,ETERNITY,Maldini,C,5.5,5.5,False,True
28,ETERNITY,Jashari,C,,,False,True
28,ETERNITY,Rabiot,C,7.0,9.0,False,True
28,ETERNITY,Esposito Se.,A,6.0,6.0,True,True
28,ETERNITY,Pinamonti,A,7.0,10.0,False,True
28,ETERNITY,Ratkov,A,,,False,True
28,ETHANANITA,Butez,P,6.0,7.0,True,False
28,ETHANANITA,Cambiaso,D,5.5,5.5,True,False
28,ETHANANITA,Palestra,D,6.0,6.0,True,False
28,ETHANANITA,Marusic,D,6.0,6.0,True,False
28,ETHANANITA,Djimsiti,D,6.0,6.0,True,False
28,ETHANANITA,Odgaard,C,,,False,False
28,ETHANANITA,Politano,C,6.5,6.5,True,False
28,ETHANANITA,Da Cunha,C,6.5,6.5,True,False
28,ETHANANITA,Conceicao,C,7.0,8.0,True,False
28,ETHANANITA,Pellegrino M.,A,5.0,5.0,True,False
28,ETHANANITA,Davis K.,A,7.0,9.5,True,False
28,ETHANANITA,Tornqvist,P,,,False,True
28,ETHANANITA,Caprile,P,6.5,5.5,False,True
28,ETHANANITA,Vojvoda,D,,,False,True
28,ETHANANITA,Gila,D,6.0,6.0,False,True
28,ETHANANITA,Joao Mario,D,,,False,True
28,ETHANANITA,Holm,D,,,False,True
28,ETHANANITA,Vlasic,C,7.0,9.0,True,True
28,ETHANANITA,Zaragoza,C,,,False,True
28,ETHANANITA,Vergara,C,,,False,True
28,ETHANANITA,Loftus-Cheek,C,,,False,True
28,ETHANANITA,Fullkrug,A,5.5,5.5,False,True
28,ETHANANITA,Dia,A,7.0,8.0,False,True
28,ETHANANITA,Morata,A,6.0,6.0,False,True
28,ETHANANITA,Vlahovic,A,6.5,6.5,False,True
28,SEPTWOLVES,Carnesecchi,P,6.5,7.5,True,False
28,SEPTWOLVES,Cabal,D,,,False,False
28,SEPTWOLVES,Kossounou,D,,,False,False
28,SEPTWOLVES,Juan Jesus,D,,,False,False
28,SEPTWOLVES,Zambo Anguissa,C,6.0,6.0,True,False
28,SEPTWOLVES,McKennie,C,5.5,5.5,True,False
28,SEPTWOLVES,Strefezza,C,5.0,5.0,True,False
28,SEPTWOLVES,Orsolini,C,5.0,3.0,True,False
28,SEPTWOLVES,Moreo,A,5.0,5.0,True,False
28,SEPTWOLVES,Cancellieri,A,6.0,6.0,True,False
28,SEPTWOLVES,De Ketelaere,A,6.5,6.5,True,False
28,SEPTWOLVES,Dovbyk,A,,,False,True
28,SEPTWOLVES,Ferguson E.,A,,,False,True
28,SEPTWOLVES,Vardy,A,6.5,7.5,False,True
28,SEPTWOLVES,Bernabè,C,,,False,True
28,SEPTWOLVES,Cataldi,C,,,False,True
28,SEPTWOLVES,Coulibaly L.,C,,,False,True
28,SEPTWOLVES,Kostic,C,,,False,True
28,SEPTWOLVES,Wesley,D,,,False,True
28,SEPTWOLVES,Rrahmani,D,,,False,True
28,SEPTWOLVES,Gatti,D,,,False,True
28,SEPTWOLVES,Maripan,D,,,False,True
28,SEPTWOLVES,Coco,D,5.0,5.0,True,True
28,SEPTWOLVES,Sportiello,P,,,False,True
28,SEPTWOLVES,Martinez Jo.,P,,,False,True
28,GOODBYE,Milinkovic-Savic V.,P,6.0,7.0,True,False
28,GOODBYE,Mancini,D,6.0,6.0,True,False
28,GOODBYE,Bremer,D,5.5,5.0,True,False
28,GOODBYE,Bastoni,D,,,False,False
28,GOODBYE,Pisilli,C,5.5,5.0,True,False
28,GOODBYE,Cristante,C,6.5,6.5,True,False
28,GOODBYE,Pellegrini Lo.,C,6.0,6.0,True,False
28,GOODBYE,Zielinski,C,5.5,5.5,True,False
28,GOODBYE,Boga,A,5.5,5.5,True,False
28,GOODBYE,Scamacca,A,,,False,False
28,GOODBYE,Yildiz,A,7.0,9.0,True,False
28,GOODBYE,Meret,P,,,False,True
28,GOODBYE,Vasquez D.,P,,,False,True
28,GOODBYE,Ghilardi,D,6.0,6.0,True,True
28,GOODBYE,Norton-Cuffy,D,5.5,5.5,False,True
28,GOODBYE,Ziolkowski,D,,,False,True
28,GOODBYE,Idrissi R.,D,,,False,True
28,GOODBYE,Valle,D,,,False,True
28,GOODBYE,El Shaarawy,C,,,False,True
28,GOODBYE,Konè M.,C,,,False,True
28,GOODBYE,El Aynaoui,C,5.5,5.5,False,True
28,GOODBYE,Matic,C,,,False,True
28,GOODBYE,Raspadori,A,5.5,5.5,True,True
28,GOODBYE,Sulemana K.,A,,,False,True
28,GOODBYE,Vaz,A,7.0,10.0,False,True
28,TEAM YANGTUO,De Gea,P,6.5,5.5,True,False
28,TEAM YANGTUO,Zortea,D,5.5,5.5,True,False
28,TEAM YANGTUO,Hermoso,D,7.0,9.0,True,False
28,TEAM YANGTUO,Solet,D,7.0,6.5,True,False
28,TEAM YANGTUO,Bernasconi,D,6.0,6.0,True,False
28,TEAM YANGTUO,Brescianini,C,5.5,5.0,True,False
28,TEAM YANGTUO,Locatelli,C,5.0,3.0,True,False
28,TEAM YANGTUO,Calhanoglu,C,6.0,6.0,True,False
28,TEAM YANGTUO,Taylor K.,C,8.0,13.5,True,False
28,TEAM YANGTUO,Vitinha O.,A,5.0,5.0,True,False
28,TEAM YANGTUO,Castro S.,A,5.0,4.5,True,False
28,TEAM YANGTUO,Christensen O.,P,,,False,True
28,TEAM YANGTUO,Lezzerini,P,,,False,True
28,TEAM YANGTUO,Bowie,A,5.5,5.5,False,True
28,TEAM YANGTUO,Kilicsoy,A,5.5,5.5,False,True
28,TEAM YANGTUO,Stulic,A,5.5,5.5,False,True
28,TEAM YANGTUO,Britschgi,D,4.5,4.5,False,True
28,TEAM YANGTUO,Barbieri,D,6.0,5.5,False,True
28,TEAM YANGTUO,Muharemovic,D,7.0,7.0,False,True
28,TEAM YANGTUO,Tramoni M.,C,5.5,5.5,False,True
28,TEAM YANGTUO,Bernede,C,,,False,True
28,TEAM YANGTUO,Luis Henrique,C,,,False,True
28,TEAM YANGTUO,Sottil,C,,,False,True
28,TEAM YANGTUO,Dodò,D,6.5,6.5,False,True
28,XIAWA NO.92,Maignan,P,6.5,4.5,True,False
28,XIAWA NO.92,Spinazzola,D,6.0,6.0,True,False
28,XIAWA NO.92,Vasquez,D,6.0,6.0,True,False
28,XIAWA NO.92,De Winter,D,5.5,5.5,True,False
28,XIAWA NO.92,Valeri,D,5.5,5.5,True,False
28,XIAWA NO.92,Caqueret,C,6.5,6.5,True,False
28,XIAWA NO.92,Paz N.,C,7.0,9.0,True,False
28,XIAWA NO.92,Thuram K.,C,5.5,5.5,True,False
28,XIAWA NO.92,Diao,A,7.5,12.5,True,False
28,XIAWA NO.92,Esposito F.P.,A,7.0,9.0,True,False
28,XIAWA NO.92,Rodriguez Je.,A,6.0,6.0,True,False
28,XIAWA NO.92,Terracciano,P,,,False,True
28,XIAWA NO.92,Torriani,P,,,False,True
28,XIAWA NO.92,Luperto,D,6.5,6.5,False,True
28,XIAWA NO.92,Terracciano F.,D,6.0,6.0,False,True
28,XIAWA NO.92,Mina,D,6.5,6.5,False,True
28,XIAWA NO.92,Delprato,D,,,False,True
28,XIAWA NO.92,Oristanio,C,5.5,5.5,False,True
28,XIAWA NO.92,Vandeputte,C,7.0,9.0,False,True
28,XIAWA NO.92,Miretti,C,5.5,5.5,False,True
28,XIAWA NO.92,Lobotka,C,6.0,5.5,False,True
28,XIAWA NO.92,Basic,C,,,False,True
28,XIAWA NO.92,Laurientè,A,6.0,6.0,False,True
28,XIAWA NO.92,Giovane,A,,,False,True
28,XIAWA NO.92,Cambiaghi,A,5.5,5.5,False,True
28,TEAM WOLFLING,Perin,P,6.5,5.5,True,False
28,TEAM WOLFLING,Dimarco,D,5.5,5.0,True,False
28,TEAM WOLFLING,Pavlovic,D,7.0,8.5,True,False
28,TEAM WOLFLING,Ostigard,D,5.5,5.5,True,False
28,TEAM WOLFLING,Gutierrez,D,6.5,6.5,True,False
28,TEAM WOLFLING,Zalewski,C,5.5,5.5,True,False
28,TEAM WOLFLING,Atta,C,5.5,5.5,True,False
28,TEAM WOLFLING,McTominay,C,7.0,11.0,True,False
28,TEAM WOLFLING,Berardi,A,6.5,7.5,True,False
28,TEAM WOLFLING,Douvikas,A,7.0,9.0,True,False
28,TEAM WOLFLING,Pedro,A,6.0,6.0,True,False
28,TEAM WOLFLING,Di Gregorio,P,,,False,True
28,TEAM WOLFLING,Pinsoglio,P,,,False,True
28,TEAM WOLFLING,Belghali,D,5.5,5.5,False,True
28,TEAM WOLFLING,Circati,D,5.5,5.5,False,True
28,TEAM WOLFLING,De Roon,C,6.0,6.0,False,True
28,TEAM WOLFLING,Konè I.,C,6.0,6.0,False,True
28,TEAM WOLFLING,Mandragora,C,,,False,True
28,TEAM WOLFLING,Mazzitelli,C,,,False,True
28,TEAM WOLFLING,Volpato,C,6.5,6.5,False,True
28,TEAM WOLFLING,Banda,A,5.5,5.5,False,True
28,TEAM WOLFLING,Cheddira,A,5.5,5.5,False,True
28,TEAM WOLFLING,Sarr A.,A,,,False,True
28,NO ONE,Falcone,P,6.0,5.0,True,False
28,NO ONE,Zappacosta,D,7.0,11.0,True,False
28,NO ONE,Scalvini,D,6.0,6.0,True,False
28,NO ONE,Kempf,D,6.5,6.5,True,False
28,NO ONE,Akanji,D,6.0,6.0,True,False
28,NO ONE,Bisseck,D,6.5,6.5,True,False
28,NO ONE,Barella,C,6.0,6.5,True,False
28,NO ONE,Baturina,C,7.0,9.0,True,False
28,NO ONE,Malinovskyi,C,6.5,6.5,True,False
28,NO ONE,Leao,A,,,False,False
28,NO ONE,Lukaku,A,,,False,False
28,NO ONE,Fruchtl,P,,,False,True
28,NO ONE,Samooja,P,,,False,True
28,NO ONE,N'Dicka,D,6.5,6.5,False,True
28,NO ONE,Ismajli,D,5.5,5.5,False,True
28,NO ONE,Angelino,D,6.0,5.5,False,True
28,NO ONE,Samardzic,C,,,False,True
28,NO ONE,Gaetano,C,6.0,6.0,False,True
28,NO ONE,Ricci S.,C,5.5,5.5,False,True
28,NO ONE,Baldanzi,C,5.5,5.5,False,True
28,NO ONE,Berisha M.,C,,,False,True
28,NO ONE,Piccoli,A,,,False,True
28,NO ONE,Kean,A,5.5,5.0,True,True
28,NO ONE,Dybala,A,,,False,True
28,NO ONE,Solomon,A,,,False,True
28,WINNING MOMENT,Svilar,P,6.0,7.0,True,False
28,WINNING MOMENT,Estupinan,D,,,False,False
28,WINNING MOMENT,Tomori,D,6.0,5.5,True,False
28,WINNING MOMENT,Kalulu,D,6.5,6.5,True,False
28,WINNING MOMENT,Moreno Alb.,D,6.5,7.5,True,False
28,WINNING MOMENT,Kelly L.,D,6.0,6.0,True,False
28,WINNING MOMENT,Pasalic,C,5.5,5.5,True,False
28,WINNING MOMENT,Modric,C,6.5,6.5,True,False
28,WINNING MOMENT,Isaksen,C,5.5,5.5,True,False
28,WINNING MOMENT,Hojlund,A,6.0,6.0,True,False
28,WINNING MOMENT,Krstovic,A,6.0,6.0,True,False
28,WINNING MOMENT,Gollini,P,,,False,True
28,WINNING MOMENT,Zelezny,P,,,False,True
28,WINNING MOMENT,Celik,D,,,False,True
28,WINNING MOMENT,Carlos Augusto,D,6.0,5.5,True,True
28,WINNING MOMENT,Bartesaghi,D,6.5,6.5,False,True
28,WINNING MOMENT,Perrone,C,7.5,9.5,False,True
28,WINNING MOMENT,Koopmeiners,C,5.5,5.5,False,True
28,WINNING MOMENT,Elmas,C,,,False,True
28,WINNING MOMENT,Ekkelenkamp,C,6.5,9.5,False,True
28,WINNING MOMENT,Adams C.,A,5.5,5.5,False,True
28,WINNING MOMENT,David,A,,,False,True
28,ZLZ AND HIS FRIENDS,Skorupski,P,,,False,False
28,ZLZ AND HIS FRIENDS,Kristensen T.,D,6.5,6.5,True,False
28,ZLZ AND HIS FRIENDS,Martin,D,,,False,False
28,ZLZ AND HIS FRIENDS,Miranda J.,D,5.5,5.5,True,False
28,ZLZ AND HIS FRIENDS,Dumfries,D,6.0,6.0,True,False
28,ZLZ AND HIS FRIENDS,Mkhitaryan,C,,,False,False
28,ZLZ AND HIS FRIENDS,Pulisic,C,6.5,7.5,True,False
28,ZLZ AND HIS FRIENDS,Zaniolo,C,6.5,7.0,True,False
28,ZLZ AND HIS FRIENDS,Colombo,A,6.0,5.5,True,False
28,ZLZ AND HIS FRIENDS,Thuram,A,6.0,6.0,True,False
28,ZLZ AND HIS FRIENDS,Orban G.,A,5.0,5.0,True,False
28,ZLZ AND HIS FRIENDS,Ravaglia F.,P,6.0,4.0,True,True
28,ZLZ AND HIS FRIENDS,Muric,P,7.5,9.5,False,True
28,ZLZ AND HIS FRIENDS,Idzes,D,5.5,5.5,True,True
28,ZLZ AND HIS FRIENDS,Ramon,D,,,False,True
28,ZLZ AND HIS FRIENDS,Gabbia,D,,,False,True
28,ZLZ AND HIS FRIENDS,Zappa,D,,,False,True
28,ZLZ AND HIS FRIENDS,Zaccagni,C,,,False,True
28,ZLZ AND HIS FRIENDS,Fofana Y.,C,7.0,11.0,True,True
28,ZLZ AND HIS FRIENDS,Sucic P.,C,,,False,True
28,ZLZ AND HIS FRIENDS,Frendrup,C,6.0,6.0,False,True
28,ZLZ AND HIS FRIENDS,Neres,C,,,False,True
28,ZLZ AND HIS FRIENDS,Nkunku,A,5.5,5.5,False,True
28,ZLZ AND HIS FRIENDS,Bonny,A,5.5,5.5,False,True
28,ZLZ AND HIS FRIENDS,Bonazzoli,A,6.5,6.5,False,True
29,ETHANANITA,Butez,P,6.5,7.5,True,False
29,ETHANANITA,Cambiaso,D,6.0,6.0,True,False
29,ETHANANITA,Vojvoda,D,5.5,5.5,True,False
29,ETHANANITA,Marusic,D,5.5,5.5,True,False
29,ETHANANITA,Palestra,D,6.0,6.0,True,False
29,ETHANANITA,Vlasic,C,5.5,5.5,True,False
29,ETHANANITA,Politano,C,7.0,10.5,True,False
29,ETHANANITA,Da Cunha,C,6.0,6.0,True,False
29,ETHANANITA,Conceicao,C,6.5,7.5,True,False
29,ETHANANITA,Pellegrino M.,A,6.0,5.5,True,False
29,ETHANANITA,Vlahovic,A,,,False,False
29,ETHANANITA,Caprile,P,6.0,4.0,False,True
29,ETHANANITA,Tornqvist,P,,,False,True
29,ETHANANITA,Djimsiti,D,6.5,6.0,False,True
29,ETHANANITA,Joao Mario,D,7.0,10.0,False,True
29,ETHANANITA,Holm,D,,,False,True
29,ETHANANITA,Gila,D,,,False,True
29,ETHANANITA,Zaragoza,C,,,False,True
29,ETHANANITA,Odgaard,C,,,False,True
29,ETHANANITA,Vergara,C,,,False,True
29,ETHANANITA,Loftus-Cheek,C,,,False,True
29,ETHANANITA,Davis K.,A,,,False,True
29,ETHANANITA,Dia,A,5.5,5.5,True,True
29,ETHANANITA,Fullkrug,A,5.5,5.5,False,True
29,ETHANANITA,Morata,A,,,False,True
29,SEPTWOLVES,Carnesecchi,P,6.0,7.0,True,False
29,SEPTWOLVES,Cabal,D,,,False,False
29,SEPTWOLVES,Kossounou,D,6.0,6.0,True,False
29,SEPTWOLVES,Juan Jesus,D,6.5,6.5,True,False
29,SEPTWOLVES,Zambo Anguissa,C,6.0,6.0,True,False
29,SEPTWOLVES,McKennie,C,6.5,9.0,True,False
29,SEPTWOLVES,Strefezza,C,6.5,6.0,True,False
29,SEPTWOLVES,Orsolini,C,5.5,5.5,True,False
29,SEPTWOLVES,Moreo,A,5.5,5.5,True,False
29,SEPTWOLVES,Cancellieri,A,6.0,6.0,True,False
29,SEPTWOLVES,De Ketelaere,A,7.5,10.5,True,False
29,SEPTWOLVES,Dovbyk,A,,,False,True
29,SEPTWOLVES,Ferguson E.,A,,,False,True
29,SEPTWOLVES,Vardy,A,,,False,True
29,SEPTWOLVES,Bernabè,C,6.0,6.0,False,True
29,SEPTWOLVES,Cataldi,C,6.0,6.0,False,True
29,SEPTWOLVES,Coulibaly L.,C,6.0,6.0,False,True
29,SEPTWOLVES,Kostic,C,,,False,True
29,SEPTWOLVES,Wesley,D,,,False,True
29,SEPTWOLVES,Rrahmani,D,,,False,True
29,SEPTWOLVES,Gatti,D,,,False,True
29,SEPTWOLVES,Maripan,D,,,False,True
29,SEPTWOLVES,Coco,D,6.0,6.0,True,True
29,SEPTWOLVES,Sportiello,P,,,False,True
29,SEPTWOLVES,Martinez Jo.,P,,,False,True
29,ZLZ AND HIS FRIENDS,Muric,P,5.5,4.5,True,False
29,ZLZ AND HIS FRIENDS,Kristensen T.,D,5.5,5.0,True,False
29,ZLZ AND HIS FRIENDS,Martin,D,5.0,3.0,True,False
29,ZLZ AND HIS FRIENDS,Miranda J.,D,7.0,9.0,True,False
29,ZLZ AND HIS FRIENDS,Dumfries,D,6.5,6.5,True,False
29,ZLZ AND HIS FRIENDS,Mkhitaryan,C,6.0,6.0,True,False
29,ZLZ AND HIS FRIENDS,Pulisic,C,5.5,5.5,True,False
29,ZLZ AND HIS FRIENDS,Zaniolo,C,6.0,6.0,True,False
29,ZLZ AND HIS FRIENDS,Colombo,A,5.5,5.5,True,False
29,ZLZ AND HIS FRIENDS,Thuram,A,7.5,12.5,True,False
29,ZLZ AND HIS FRIENDS,Orban G.,A,5.5,5.5,True,False
29,ZLZ AND HIS FRIENDS,Ravaglia F.,P,6.0,4.5,False,True
29,ZLZ AND HIS FRIENDS,Skorupski,P,,,False,True
29,ZLZ AND HIS FRIENDS,Idzes,D,5.5,5.5,False,True
29,ZLZ AND HIS FRIENDS,Ramon,D,,,False,True
29,ZLZ AND HIS FRIENDS,Gabbia,D,,,False,True
29,ZLZ AND HIS FRIENDS,Zappa,D,,,False,True
29,ZLZ AND HIS FRIENDS,Zaccagni,C,,,False,True
29,ZLZ AND HIS FRIENDS,Fofana Y.,C,5.5,5.5,False,True
29,ZLZ AND HIS FRIENDS,Sucic P.,C,6.0,6.0,False,True
29,ZLZ AND HIS FRIENDS,Frendrup,C,5.0,4.5,False,True
29,ZLZ AND HIS FRIENDS,Neres,C,,,False,True
29,ZLZ AND HIS FRIENDS,Nkunku,A,5.5,5.5,False,True
29,ZLZ AND HIS FRIENDS,Bonny,A,6.5,6.5,False,True
29,ZLZ AND HIS FRIENDS,Bonazzoli,A,6.5,8.5,False,True
29,TEAM WOLFLING,Perin,P,6.0,7.0,True,False
29,TEAM WOLFLING,Dimarco,D,6.5,6.5,True,False
29,TEAM WOLFLING,Pavlovic,D,6.5,6.5,True,False
29,TEAM WOLFLING,Baschirotto,D,,,False,False
29,TEAM WOLFLING,Ostigard,D,5.0,5.0,True,False
29,TEAM WOLFLING,Zalewski,C,6.0,6.0,True,False
29,TEAM WOLFLING,Volpato,C,5.5,5.5,True,False
29,TEAM WOLFLING,McTominay,C,6.0,6.0,True,False
29,TEAM WOLFLING,Berardi,A,6.0,6.0,True,False
29,TEAM WOLFLING,Douvikas,A,5.5,5.5,True,False
29,TEAM WOLFLING,Pedro,A,5.5,5.5,True,False
29,TEAM WOLFLING,Di Gregorio,P,7.0,10.0,False,True
29,TEAM WOLFLING,Pinsoglio,P,,,False,True
29,TEAM WOLFLING,Gutierrez,D,6.0,6.0,True,True
29,TEAM WOLFLING,Belghali,D,6.5,6.0,False,True
29,TEAM WOLFLING,Circati,D,6.0,6.0,False,True
29,TEAM WOLFLING,De Roon,C,6.0,6.0,False,True
29,TEAM WOLFLING,Konè I.,C,6.0,6.0,False,True
29,TEAM WOLFLING,Mazzitelli,C,,,False,True
29,TEAM WOLFLING,Atta,C,6.5,6.5,False,True
29,TEAM WOLFLING,Banda,A,6.0,6.0,False,True
29,TEAM WOLFLING,Cheddira,A,5.5,5.5,False,True
29,TEAM WOLFLING,Sarr A.,A,5.5,5.5,False,True
29,NO ONE,Falcone,P,7.0,4.0,True,False
29,NO ONE,Zappacosta,D,6.0,5.5,True,False
29,NO ONE,Ismajli,D,7.0,8.0,True,False
29,NO ONE,Kempf,D,6.0,6.0,True,False
29,NO ONE,Scalvini,D,7.0,10.0,True,False
29,NO ONE,Akanji,D,7.0,7.0,True,False
29,NO ONE,Barella,C,7.5,9.5,True,False
29,NO ONE,Baturina,C,6.0,6.0,True,False
29,NO ONE,Gaetano,C,6.0,6.0,True,False
29,NO ONE,Leao,A,,,False,False
29,NO ONE,Kean,A,5.0,5.0,True,False
29,NO ONE,Fruchtl,P,,,False,True
29,NO ONE,Samooja,P,,,False,True
29,NO ONE,N'Dicka,D,5.0,5.0,False,True
29,NO ONE,Angelino,D,,,False,True
29,NO ONE,Bisseck,D,,,False,True
29,NO ONE,Samardzic,C,,,False,True
29,NO ONE,Malinovskyi,C,5.0,5.0,False,True
29,NO ONE,Ricci S.,C,,,False,True
29,NO ONE,Baldanzi,C,6.5,6.5,False,True
29,NO ONE,Berisha M.,C,,,False,True
29,NO ONE,Piccoli,A,5.5,5.5,True,True
29,NO ONE,Lukaku,A,,,False,True
29,NO ONE,Dybala,A,,,False,True
29,NO ONE,Solomon,A,,,False,True
29,TEAM YANGTUO,De Gea,P,7.0,9.0,True,False
29,TEAM YANGTUO,Zortea,D,,,False,False
29,TEAM YANGTUO,Hermoso,D,5.0,5.0,True,False
29,TEAM YANGTUO,Solet,D,7.0,8.0,True,False
29,TEAM YANGTUO,Bernasconi,D,6.0,6.0,True,False
29,TEAM YANGTUO,Brescianini,C,,,False,False
29,TEAM YANGTUO,Locatelli,C,6.5,6.0,True,False
29,TEAM YANGTUO,Taylor K.,C,6.5,7.5,True,False
29,TEAM YANGTUO,Kilicsoy,A,,,False,False
29,TEAM YANGTUO,Bowie,A,5.5,5.5,True,False
29,TEAM YANGTUO,Castro S.,A,6.0,6.0,True,False
29,TEAM YANGTUO,Christensen O.,P,,,False,True
29,TEAM YANGTUO,Lezzerini,P,,,False,True
29,TEAM YANGTUO,Stulic,A,,,False,True
29,TEAM YANGTUO,Muharemovic,D,,,False,True
29,TEAM YANGTUO,Barbieri,D,,,False,True
29,TEAM YANGTUO,Britschgi,D,6.0,6.0,True,True
29,TEAM YANGTUO,Tramoni M.,C,5.0,5.0,True,True
29,TEAM YANGTUO,Bernede,C,6.5,6.5,False,True
29,TEAM YANGTUO,Luis Henrique,C,,,False,True
29,TEAM YANGTUO,Vitinha O.,A,5.0,5.0,True,True
29,TEAM YANGTUO,Calhanoglu,C,7.5,10.5,False,True
29,XIAWA NO.92,Maignan,P,6.0,5.0,True,False
29,XIAWA NO.92,Spinazzola,D,6.5,6.5,True,False
29,XIAWA NO.92,Vasquez,D,5.0,5.0,True,False
29,XIAWA NO.92,Luperto,D,5.5,5.5,True,False
29,XIAWA NO.92,Valeri,D,6.5,6.5,True,False
29,XIAWA NO.92,Caqueret,C,5.5,5.5,True,False
29,XIAWA NO.92,Paz N.,C,5.5,5.5,True,False
29,XIAWA NO.92,Thuram K.,C,6.0,5.5,True,False
29,XIAWA NO.92,Diao,A,6.0,6.0,True,False
29,XIAWA NO.92,Esposito F.P.,A,6.0,6.0,True,False
29,XIAWA NO.92,Laurientè,A,5.5,5.5,True,False
29,XIAWA NO.92,Terracciano,P,,,False,True
29,XIAWA NO.92,Torriani,P,,,False,True
29,XIAWA NO.92,Mina,D,5.5,5.5,False,True
29,XIAWA NO.92,Terracciano F.,D,5.0,5.0,False,True
29,XIAWA NO.92,Delprato,D,7.0,10.0,False,True
29,XIAWA NO.92,De Winter,D,5.5,5.5,False,True
29,XIAWA NO.92,Vandeputte,C,5.5,5.5,False,True
29,XIAWA NO.92,Miretti,C,,,False,True
29,XIAWA NO.92,Lobotka,C,6.0,6.0,False,True
29,XIAWA NO.92,Basic,C,,,False,True
29,XIAWA NO.92,Oristanio,C,,,False,True
29,XIAWA NO.92,Rodriguez Je.,A,,,False,True
29,XIAWA NO.92,Giovane,A,6.0,6.0,False,True
29,XIAWA NO.92,Cambiaghi,A,,,False,True
29,ETERNITY,Sommer,P,6.5,4.5,True,False
29,ETERNITY,Gosens,D,6.0,6.0,True,False
29,ETERNITY,Buongiorno,D,6.0,5.5,True,False
29,ETERNITY,Lucumì,D,6.5,6.5,True,False
29,ETERNITY,Bellanova,D,6.0,6.0,True,False
29,ETERNITY,Rabiot,C,6.0,6.0,True,False
29,ETERNITY,De Bruyne,C,6.0,6.0,True,False
29,ETERNITY,Saelemaekers,C,6.0,6.0,True,False
29,ETERNITY,Simeone,A,5.5,5.5,True,False
29,ETERNITY,Martinez L.,A,7.5,12.5,True,False
29,ETERNITY,Pinamonti,A,7.0,10.5,True,False
29,ETERNITY,Paleari,P,6.0,7.0,False,True
29,ETERNITY,Lazaro,D,,,False,True
29,ETERNITY,Ranieri L.,D,6.0,6.0,False,True
29,ETERNITY,Pezzella Giu.,D,5.5,5.5,False,True
29,ETERNITY,Gudmundsson A.,C,5.0,4.0,False,True
29,ETERNITY,Ederson D.S.,C,7.0,7.0,False,True
29,ETERNITY,Thorstvedt,C,6.5,6.5,False,True
29,ETERNITY,Maldini,C,5.5,5.5,False,True
29,ETERNITY,Jashari,C,,,False,True
29,ETERNITY,Esposito Se.,A,7.0,9.0,False,True
29,ETERNITY,Ratkov,A,,,False,True
29,ETERNITY,Malen,A,6.0,6.0,False,True
29,GOODBYE,Milinkovic-Savic V.,P,6.0,7.0,True,False
29,GOODBYE,Mancini,D,7.0,9.0,True,False
29,GOODBYE,Bremer,D,7.0,9.5,True,False
29,GOODBYE,Bastoni,D,6.0,6.0,True,False
29,GOODBYE,Pisilli,C,5.0,4.5,True,False
29,GOODBYE,Cristante,C,5.0,5.0,True,False
29,GOODBYE,Pellegrini Lo.,C,6.0,8.0,True,False
29,GOODBYE,Zielinski,C,7.0,7.5,True,False
29,GOODBYE,Boga,A,,,False,False
29,GOODBYE,Raspadori,A,7.0,9.0,True,False
29,GOODBYE,Yildiz,A,6.0,6.0,True,False
29,GOODBYE,Meret,P,,,False,True
29,GOODBYE,Vasquez D.,P,,,False,True
29,GOODBYE,Ghilardi,D,5.5,5.5,False,True
29,GOODBYE,Norton-Cuffy,D,,,False,True
29,GOODBYE,Ziolkowski,D,,,False,True
29,GOODBYE,Idrissi R.,D,,,False,True
29,GOODBYE,Valle,D,5.5,5.5,False,True
29,GOODBYE,El Shaarawy,C,6.0,6.0,False,True
29,GOODBYE,El Aynaoui,C,,,False,True
29,GOODBYE,Konè M.,C,,,False,True
29,GOODBYE,Matic,C,6.0,6.0,False,True
29,GOODBYE,Vaz,A,,,False,True
29,GOODBYE,Sulemana K.,A,,,False,True
29,GOODBYE,Scamacca,A,,,False,True
29,WINNING MOMENT,Svilar,P,5.5,0.5,True,False
29,WINNING MOMENT,Estupinan,D,,,False,False
29,WINNING MOMENT,Tomori,D,6.0,6.0,True,False
29,WINNING MOMENT,Kalulu,D,6.0,6.0,True,False
29,WINNING MOMENT,Moreno Alb.,D,,,False,False
29,WINNING MOMENT,Kelly L.,D,6.5,7.5,True,False
29,WINNING MOMENT,Pasalic,C,6.5,7.0,True,False
29,WINNING MOMENT,Modric,C,6.0,6.0,True,False
29,WINNING MOMENT,Isaksen,C,5.5,5.5,True,False
29,WINNING MOMENT,Hojlund,A,,,False,False
29,WINNING MOMENT,Krstovic,A,7.0,9.0,True,False
29,WINNING MOMENT,Gollini,P,,,False,True
29,WINNING MOMENT,Zelezny,P,,,False,True
29,WINNING MOMENT,Celik,D,5.5,5.5,True,True
29,WINNING MOMENT,Carlos Augusto,D,,,False,True
29,WINNING MOMENT,Bartesaghi,D,5.5,5.5,True,True
29,WINNING MOMENT,Perrone,C,5.5,5.0,False,True
29,WINNING MOMENT,Koopmeiners,C,,,False,True
29,WINNING MOMENT,Elmas,C,,,False,True
29,WINNING MOMENT,Ekkelenkamp,C,5.5,5.5,False,True
29,WINNING MOMENT,Adams C.,A,7.0,10.0,True,True
29,WINNING MOMENT,David,A,6.0,6.0,False,True
30,WINNING MOMENT,Svilar,P,6.5,7.5,True,False
30,WINNING MOMENT,Estupinan,D,,,False,False
30,WINNING MOMENT,Tomori,D,,,False,False
30,WINNING MOMENT,Kalulu,D,6.5,6.5,True,False
30,WINNING MOMENT,Moreno Alb.,D,,,False,False
30,WINNING MOMENT,Kelly L.,D,6.0,6.0,True,False
30,WINNING MOMENT,Pasalic,C,6.0,6.0,True,False
30,WINNING MOMENT,Modric,C,6.0,6.0,True,False
30,WINNING MOMENT,Isaksen,C,5.5,5.5,True,False
30,WINNING MOMENT,Hojlund,A,6.5,7.5,True,False
30,WINNING MOMENT,Krstovic,A,6.0,6.0,True,False
30,WINNING MOMENT,Gollini,P,,,False,True
30,WINNING MOMENT,Zelezny,P,,,False,True
30,WINNING MOMENT,Celik,D,6.5,6.0,True,True
30,WINNING MOMENT,Carlos Augusto,D,6.0,5.5,True,True
30,WINNING MOMENT,Bartesaghi,D,5.5,3.5,True,True
30,WINNING MOMENT,Perrone,C,6.0,6.0,False,True
30,WINNING MOMENT,Koopmeiners,C,6.0,6.0,False,True
30,WINNING MOMENT,Elmas,C,,,False,True
30,WINNING MOMENT,Ekkelenkamp,C,7.5,10.5,False,True
30,WINNING MOMENT,Adams C.,A,6.0,6.0,False,True
30,WINNING MOMENT,David,A,5.5,5.5,False,True
30,ETHANANITA,Butez,P,5.5,2.5,True,False
30,ETHANANITA,Cambiaso,D,5.5,5.0,True,False
30,ETHANANITA,Joao Mario,D,6.0,6.0,True,False
30,ETHANANITA,Marusic,D,,,False,False
30,ETHANANITA,Palestra,D,6.0,6.0,True,False
30,ETHANANITA,Vlasic,C,6.0,6.0,True,False
30,ETHANANITA,Politano,C,5.5,5.5,True,False
30,ETHANANITA,Da Cunha,C,6.5,8.5,True,False
30,ETHANANITA,Conceicao,C,6.0,6.0,True,False
30,ETHANANITA,Davis K.,A,7.0,7.0,True,False
30,ETHANANITA,Dia,A,5.5,5.5,True,False
30,ETHANANITA,Caprile,P,6.0,7.0,False,True
30,ETHANANITA,Tornqvist,P,,,False,True
30,ETHANANITA,Vojvoda,D,,,False,True
30,ETHANANITA,Djimsiti,D,5.5,5.5,True,True
30,ETHANANITA,Holm,D,6.5,6.5,False,True
30,ETHANANITA,Gila,D,,,False,True
30,ETHANANITA,Odgaard,C,,,False,True
30,ETHANANITA,Loftus-Cheek,C,,,False,True
30,ETHANANITA,Zaragoza,C,,,False,True
30,ETHANANITA,Vergara,C,,,False,True
30,ETHANANITA,Morata,A,,,False,True
30,ETHANANITA,Fullkrug,A,5.0,5.0,False,True
30,ETHANANITA,Pellegrino M.,A,,,False,True
30,ETHANANITA,Vlahovic,A,,,False,True
30,TEAM WOLFLING,Di Gregorio,P,6.5,7.5,True,False
30,TEAM WOLFLING,Dimarco,D,5.0,5.0,True,False
30,TEAM WOLFLING,Pavlovic,D,5.5,5.5,True,False
30,TEAM WOLFLING,Baschirotto,D,6.0,6.0,True,False
30,TEAM WOLFLING,Ostigard,D,6.0,6.0,True,False
30,TEAM WOLFLING,Gutierrez,D,,,False,False
30,TEAM WOLFLING,Zalewski,C,5.5,5.5,True,False
30,TEAM WOLFLING,McTominay,C,7.0,10.0,True,False
30,TEAM WOLFLING,Mandragora,C,5.5,5.5,True,False
30,TEAM WOLFLING,Berardi,A,5.5,4.5,True,False
30,TEAM WOLFLING,Douvikas,A,5.0,5.0,True,False
30,TEAM WOLFLING,Perin,P,,,False,True
30,TEAM WOLFLING,Pinsoglio,P,,,False,True
30,TEAM WOLFLING,Belghali,D,5.5,5.5,True,True
30,TEAM WOLFLING,Circati,D,6.0,5.5,False,True
30,TEAM WOLFLING,Konè I.,C,7.0,9.0,False,True
30,TEAM WOLFLING,De Roon,C,6.0,6.0,False,True
30,TEAM WOLFLING,Volpato,C,5.5,5.5,False,True
30,TEAM WOLFLING,Atta,C,7.5,10.5,False,True
30,TEAM WOLFLING,Mazzitelli,C,6.0,6.0,False,True
30,TEAM WOLFLING,Banda,A,5.5,5.5,False,True
30,TEAM WOLFLING,Pedro,A,5.5,5.0,False,True
30,TEAM WOLFLING,Cheddira,A,6.0,6.0,False,True
30,TEAM WOLFLING,Sarr A.,A,,,False,True
30,GOODBYE,Milinkovic-Savic V.,P,6.0,5.0,True,False
30,GOODBYE,Ghilardi,D,6.0,6.0,True,False
30,GOODBYE,Bremer,D,6.5,6.5,True,False
30,GOODBYE,Bastoni,D,5.5,5.5,True,False
30,GOODBYE,Pisilli,C,6.0,6.0,True,False
30,GOODBYE,Cristante,C,6.5,6.5,True,False
30,GOODBYE,Pellegrini Lo.,C,6.5,6.5,True,False
30,GOODBYE,Zielinski,C,5.5,5.0,True,False
30,GOODBYE,El Shaarawy,C,6.0,6.0,True,False
30,GOODBYE,Boga,A,7.0,11.0,True,False
30,GOODBYE,Yildiz,A,6.0,6.0,True,False
30,GOODBYE,Meret,P,,,False,True
30,GOODBYE,Vasquez D.,P,,,False,True
30,GOODBYE,Valle,D,6.0,7.5,False,True
30,GOODBYE,Norton-Cuffy,D,,,False,True
30,GOODBYE,Ziolkowski,D,,,False,True
30,GOODBYE,Mancini,D,,,False,True
30,GOODBYE,Idrissi R.,D,,,False,True
30,GOODBYE,El Aynaoui,C,6.0,6.0,False,True
30,GOODBYE,Matic,C,5.5,5.5,False,True
30,GOODBYE,Konè M.,C,,,False,True
30,GOODBYE,Vaz,A,,,False,True
30,GOODBYE,Raspadori,A,6.0,6.0,False,True
30,GOODBYE,Sulemana K.,A,,,False,True
30,GOODBYE,Scamacca,A,5.5,5.5,False,True
30,SEPTWOLVES,Carnesecchi,P,5.5,4.5,True,False
30,SEPTWOLVES,Wesley,D,,,False,False
30,SEPTWOLVES,Kossounou,D,,,False,False
30,SEPTWOLVES,Juan Jesus,D,5.0,5.0,True,False
30,SEPTWOLVES,Zambo Anguissa,C,5.5,5.5,True,False
30,SEPTWOLVES,Cataldi,C,,,False,False
30,SEPTWOLVES,Coulibaly L.,C,6.0,6.0,True,False
30,SEPTWOLVES,Bernabè,C,6.0,6.0,True,False
30,SEPTWOLVES,Orsolini,C,7.0,10.0,True,False
30,SEPTWOLVES,De Ketelaere,A,6.5,6.0,True,False
30,SEPTWOLVES,Cancellieri,A,5.5,5.5,True,False
30,SEPTWOLVES,Moreo,A,6.0,6.0,False,True
30,SEPTWOLVES,Dovbyk,A,,,False,True
30,SEPTWOLVES,Ferguson E.,A,,,False,True
30,SEPTWOLVES,Vardy,A,,,False,True
30,SEPTWOLVES,McKennie,C,,,False,True
30,SEPTWOLVES,Kostic,C,,,False,True
30,SEPTWOLVES,Strefezza,C,7.0,10.0,True,True
30,SEPTWOLVES,Cabal,D,,,False,True
30,SEPTWOLVES,Rrahmani,D,,,False,True
30,SEPTWOLVES,Gatti,D,6.0,6.0,True,True
30,SEPTWOLVES,Maripan,D,,,False,True
30,SEPTWOLVES,Coco,D,6.0,6.0,True,True
30,SEPTWOLVES,Sportiello,P,,,False,True
30,SEPTWOLVES,Martinez Jo.,P,,,False,True
30,XIAWA NO.92,Maignan,P,6.0,3.0,True,False
30,XIAWA NO.92,Spinazzola,D,5.5,5.5,True,False
30,XIAWA NO.92,Vasquez,D,6.5,6.5,True,False
30,XIAWA NO.92,Mina,D,6.0,6.0,True,False
30,XIAWA NO.92,Valeri,D,6.5,6.5,True,False
30,XIAWA NO.92,Lobotka,C,6.5,6.5,True,False
30,XIAWA NO.92,Paz N.,C,7.0,9.0,True,False
30,XIAWA NO.92,Thuram K.,C,5.5,5.0,True,False
30,XIAWA NO.92,Cambiaghi,A,6.0,6.0,True,False
30,XIAWA NO.92,Esposito F.P.,A,5.5,5.5,True,False
30,XIAWA NO.92,Laurientè,A,5.5,5.5,True,False
30,XIAWA NO.92,Terracciano,P,,,False,True
30,XIAWA NO.92,Torriani,P,,,False,True
30,XIAWA NO.92,De Winter,D,4.5,4.5,False,True
30,XIAWA NO.92,Luperto,D,6.0,6.0,False,True
30,XIAWA NO.92,Terracciano F.,D,5.5,5.0,False,True
30,XIAWA NO.92,Delprato,D,6.5,6.5,False,True
30,XIAWA NO.92,Vandeputte,C,6.0,6.0,False,True
30,XIAWA NO.92,Miretti,C,,,False,True
30,XIAWA NO.92,Caqueret,C,,,False,True
30,XIAWA NO.92,Basic,C,5.5,5.5,False,True
30,XIAWA NO.92,Oristanio,C,,,False,True
30,XIAWA NO.92,Diao,A,6.0,5.5,False,True
30,XIAWA NO.92,Giovane,A,5.5,5.5,False,True
30,XIAWA NO.92,Rodriguez Je.,A,,,False,True
30,TEAM YANGTUO,De Gea,P,7.0,8.0,True,False
30,TEAM YANGTUO,Zortea,D,6.0,6.0,True,False
30,TEAM YANGTUO,Hermoso,D,6.0,6.0,True,False
30,TEAM YANGTUO,Muharemovic,D,6.5,6.0,True,False
30,TEAM YANGTUO,Calhanoglu,C,6.5,7.0,True,False
30,TEAM YANGTUO,Brescianini,C,,,False,False
30,TEAM YANGTUO,Locatelli,C,7.0,7.0,True,False
30,TEAM YANGTUO,Taylor K.,C,5.5,5.5,True,False
30,TEAM YANGTUO,Vitinha O.,A,6.0,6.0,True,False
30,TEAM YANGTUO,Bowie,A,7.0,9.0,True,False
30,TEAM YANGTUO,Castro S.,A,6.0,6.0,True,False
30,TEAM YANGTUO,Christensen O.,P,,,False,True
30,TEAM YANGTUO,Lezzerini,P,,,False,True
30,TEAM YANGTUO,Stulic,A,5.0,5.0,False,True
30,TEAM YANGTUO,Barbieri,D,6.0,6.0,False,True
30,TEAM YANGTUO,Britschgi,D,,,False,True
30,TEAM YANGTUO,Bernede,C,5.5,5.5,True,True
30,TEAM YANGTUO,Luis Henrique,C,6.0,6.0,False,True
30,TEAM YANGTUO,Tramoni M.,C,6.0,6.0,False,True
30,TEAM YANGTUO,Dodò,D,6.0,5.5,False,True
30,TEAM YANGTUO,Bernasconi,D,5.5,5.5,False,True
30,TEAM YANGTUO,Kilicsoy,A,,,False,True
30,TEAM YANGTUO,Solet,D,7.0,7.0,False,True
30,TEAM YANGTUO,Durosinmi,A,6.0,6.0,False,True
30,ETERNITY,Paleari,P,6.0,5.0,True,False
30,ETERNITY,Gosens,D,7.0,11.0,True,False
30,ETERNITY,Buongiorno,D,5.5,5.5,True,False
30,ETERNITY,Lucumì,D,6.5,6.5,True,False
30,ETERNITY,Thorstvedt,C,5.5,5.5,True,False
30,ETERNITY,Rabiot,C,5.0,5.0,True,False
30,ETERNITY,De Bruyne,C,6.0,6.0,True,False
30,ETERNITY,Saelemaekers,C,5.5,5.5,True,False
30,ETERNITY,Malen,A,8.5,16.5,True,False
30,ETERNITY,Martinez L.,A,,,False,False
30,ETERNITY,Pinamonti,A,5.5,5.5,True,False
30,ETERNITY,Sommer,P,5.0,2.0,False,True
30,ETERNITY,Bellanova,D,,,False,True
30,ETERNITY,Lazaro,D,,,False,True
30,ETERNITY,Ranieri L.,D,5.5,5.5,False,True
30,ETERNITY,Pezzella Giu.,D,6.0,6.0,False,True
30,ETERNITY,Ederson D.S.,C,6.0,6.0,False,True
30,ETERNITY,Maldini,C,,,False,True
30,ETERNITY,Jashari,C,5.5,5.5,False,True
30,ETERNITY,Simeone,A,7.0,9.0,True,True
30,ETERNITY,Esposito Se.,A,7.0,11.0,False,True
30,ETERNITY,Ratkov,A,,,False,True
30,NO ONE,Falcone,P,6.0,4.0,True,False
30,NO ONE,Zappacosta,D,5.5,5.5,True,False
30,NO ONE,N'Dicka,D,6.5,7.5,True,False
30,NO ONE,Ismajli,D,5.5,5.0,True,False
30,NO ONE,Scalvini,D,5.5,5.5,True,False
30,NO ONE,Gaetano,C,6.0,6.0,True,False
30,NO ONE,Baldanzi,C,7.0,8.0,True,False
30,NO ONE,Malinovskyi,C,7.0,8.5,True,False
30,NO ONE,Leao,A,4.5,4.0,True,False
30,NO ONE,Kean,A,,,False,False
30,NO ONE,Solomon,A,,,False,False
30,NO ONE,Fruchtl,P,,,False,True
30,NO ONE,Samooja,P,,,False,True
30,NO ONE,Kempf,D,4.5,4.5,False,True
30,NO ONE,Akanji,D,6.5,6.0,False,True
30,NO ONE,Angelino,D,,,False,True
30,NO ONE,Bisseck,D,,,False,True
30,NO ONE,Samardzic,C,,,False,True
30,NO ONE,Baturina,C,5.5,5.5,False,True
30,NO ONE,Ricci S.,C,5.5,5.5,False,True
30,NO ONE,Barella,C,7.5,9.5,False,True
30,NO ONE,Berisha M.,C,,,False,True
30,NO ONE,Piccoli,A,5.5,5.0,True,True
30,NO ONE,Lukaku,A,,,False,True
30,NO ONE,Dybala,A,,,False,True
30,ZLZ AND HIS FRIENDS,Muric,P,6.0,4.0,True,False
30,ZLZ AND HIS FRIENDS,Kristensen T.,D,6.5,6.0,True,False
30,ZLZ AND HIS FRIENDS,Martin,D,6.5,6.5,True,False
30,ZLZ AND HIS FRIENDS,Miranda J.,D,6.5,6.5,True,False
30,ZLZ AND HIS FRIENDS,Dumfries,D,8.0,14.0,True,False
30,ZLZ AND HIS FRIENDS,Fofana Y.,C,5.0,5.0,True,False
30,ZLZ AND HIS FRIENDS,Pulisic,C,5.5,5.5,True,False
30,ZLZ AND HIS FRIENDS,Zaniolo,C,7.5,8.5,True,False
30,ZLZ AND HIS FRIENDS,Colombo,A,6.5,6.5,True,False
30,ZLZ AND HIS FRIENDS,Thuram,A,7.5,11.5,True,False
30,ZLZ AND HIS FRIENDS,Bonazzoli,A,5.5,5.5,True,False
30,ZLZ AND HIS FRIENDS,Ravaglia F.,P,,,False,True
30,ZLZ AND HIS FRIENDS,Skorupski,P,,,False,True
30,ZLZ AND HIS FRIENDS,Idzes,D,5.5,5.5,False,True
30,ZLZ AND HIS FRIENDS,Ramon,D,5.5,5.0,False,True
30,ZLZ AND HIS FRIENDS,Gabbia,D,,,False,True
30,ZLZ AND HIS FRIENDS,Zappa,D,,,False,True
30,ZLZ AND HIS FRIENDS,Mkhitaryan,C,,,False,True
30,ZLZ AND HIS FRIENDS,Zaccagni,C,6.0,6.0,False,True
30,ZLZ AND HIS FRIENDS,Sucic P.,C,6.0,5.5,False,True
30,ZLZ AND HIS FRIENDS,Frendrup,C,6.0,5.5,False,True
30,ZLZ AND HIS FRIENDS,Neres,C,,,False,True
30,ZLZ AND HIS FRIENDS,Orban G.,A,5.5,5.5,False,True
30,ZLZ AND HIS FRIENDS,Nkunku,A,5.5,5.5,False,True
30,ZLZ AND HIS FRIENDS,Bonny,A,5.5,5.0,False,True
31,ETERNITY,Sommer,P,,,False,False
31,ETERNITY,Gosens,D,,,False,False
31,ETERNITY,Buongiorno,D,4.5,4.5,True,False
31,ETERNITY,Lucumì,D,5.5,5.5,True,False
31,ETERNITY,Gudmundsson A.,C,5.5,5.5,True,False
31,ETERNITY,Rabiot,C,7.0,11.0,True,False
31,ETERNITY,De Bruyne,C,5.5,5.5,True,False
31,ETERNITY,Saelemaekers,C,6.0,6.0,True,False
31,ETERNITY,Malen,A,6.0,6.0,True,False
31,ETERNITY,Simeone,A,5.5,5.5,True,False
31,ETERNITY,Pinamonti,A,,,False,False
31,ETERNITY,Paleari,P,6.5,7.5,True,True
31,ETERNITY,Bellanova,D,5.5,5.5,True,True
31,ETERNITY,Lazaro,D,,,False,True
31,ETERNITY,Ranieri L.,D,6.0,6.0,False,True
31,ETERNITY,Pezzella Giu.,D,6.0,6.0,False,True
31,ETERNITY,Thorstvedt,C,6.5,6.0,False,True
31,ETERNITY,Ederson D.S.,C,6.5,6.0,False,True
31,ETERNITY,Jashari,C,,,False,True
31,ETERNITY,Esposito Se.,A,6.0,5.5,True,True
31,ETERNITY,Ratkov,A,,,False,True
31,SEPTWOLVES,Carnesecchi,P,7.0,7.0,True,False
31,SEPTWOLVES,Wesley,D,,,False,False
31,SEPTWOLVES,Gatti,D,,,False,False
31,SEPTWOLVES,Juan Jesus,D,,,False,False
31,SEPTWOLVES,Zambo Anguissa,C,5.5,5.5,True,False
31,SEPTWOLVES,McKennie,C,7.0,8.0,True,False
31,SEPTWOLVES,Coulibaly L.,C,5.0,5.0,True,False
31,SEPTWOLVES,Bernabè,C,6.0,6.0,True,False
31,SEPTWOLVES,Orsolini,C,6.0,6.0,True,False
31,SEPTWOLVES,De Ketelaere,A,6.0,6.0,True,False
31,SEPTWOLVES,Cancellieri,A,7.0,10.5,True,False
31,SEPTWOLVES,Moreo,A,5.0,5.0,False,True
31,SEPTWOLVES,Dovbyk,A,,,False,True
31,SEPTWOLVES,Ferguson E.,A,,,False,True
31,SEPTWOLVES,Vardy,A,,,False,True
31,SEPTWOLVES,Kostic,C,,,False,True
31,SEPTWOLVES,Strefezza,C,6.5,7.5,False,True
31,SEPTWOLVES,Cataldi,C,6.0,5.5,False,True
31,SEPTWOLVES,Cabal,D,,,False,True
31,SEPTWOLVES,Rrahmani,D,,,False,True
31,SEPTWOLVES,Maripan,D,6.5,6.5,True,True
31,SEPTWOLVES,Coco,D,6.0,5.5,True,True
31,SEPTWOLVES,Kossounou,D,6.0,6.0,True,True
31,SEPTWOLVES,Sportiello,P,,,False,True
31,SEPTWOLVES,Martinez Jo.,P,6.0,7.0,False,True
31,GOODBYE,Milinkovic-Savic V.,P,7.0,7.0,True,False
31,GOODBYE,Mancini,D,6.0,6.0,True,False
31,GOODBYE,Bremer,D,6.5,6.5,True,False
31,GOODBYE,Valle,D,,,False,False
31,GOODBYE,Cristante,C,6.0,6.0,True,False
31,GOODBYE,El Aynaoui,C,5.5,5.5,True,False
31,GOODBYE,Zielinski,C,6.5,8.5,True,False
31,GOODBYE,Pisilli,C,5.5,5.0,True,False
31,GOODBYE,El Shaarawy,C,6.0,6.0,True,False
31,GOODBYE,Boga,A,6.5,6.5,True,False
31,GOODBYE,Yildiz,A,6.0,6.0,True,False
31,GOODBYE,Meret,P,,,False,True
31,GOODBYE,Vasquez D.,P,,,False,True
31,GOODBYE,Norton-Cuffy,D,,,False,True
31,GOODBYE,Ziolkowski,D,,,False,True
31,GOODBYE,Ghilardi,D,6.0,6.0,True,True
31,GOODBYE,Idrissi R.,D,,,False,True
31,GOODBYE,Bastoni,D,,,False,True
31,GOODBYE,Konè M.,C,,,False,True
31,GOODBYE,Pellegrini Lo.,C,,,False,True
31,GOODBYE,Matic,C,6.0,6.0,False,True
31,GOODBYE,Raspadori,A,6.0,6.0,False,True
31,GOODBYE,Vaz,A,6.0,6.0,False,True
31,GOODBYE,Scamacca,A,,,False,True
31,GOODBYE,Sulemana K.,A,,,False,True
31,NO ONE,Falcone,P,6.0,5.0,True,False
31,NO ONE,Zappacosta,D,6.0,6.0,True,False
31,NO ONE,N'Dicka,D,6.0,6.0,True,False
31,NO ONE,Akanji,D,6.5,6.5,True,False
31,NO ONE,Kempf,D,5.0,5.0,True,False
31,NO ONE,Baturina,C,5.5,5.5,True,False
31,NO ONE,Baldanzi,C,7.0,8.0,True,False
31,NO ONE,Barella,C,7.5,10.5,True,False
31,NO ONE,Leao,A,6.0,7.0,True,False
31,NO ONE,Kean,A,,,False,False
31,NO ONE,Solomon,A,5.0,4.5,True,False
31,NO ONE,Fruchtl,P,,,False,True
31,NO ONE,Samooja,P,,,False,True
31,NO ONE,Bisseck,D,,,False,True
31,NO ONE,Scalvini,D,6.0,6.0,False,True
31,NO ONE,Angelino,D,,,False,True
31,NO ONE,Ismajli,D,,,False,True
31,NO ONE,Samardzic,C,,,False,True
31,NO ONE,Gaetano,C,6.0,6.0,False,True
31,NO ONE,Ricci S.,C,6.0,6.0,False,True
31,NO ONE,Malinovskyi,C,,,False,True
31,NO ONE,Piccoli,A,5.5,5.5,True,True
31,NO ONE,Berisha M.,C,,,False,True
31,NO ONE,Lukaku,A,,,False,True
31,NO ONE,Dybala,A,,,False,True
31,ETHANANITA,Butez,P,5.5,3.5,True,False
31,ETHANANITA,Cambiaso,D,6.0,6.0,True,False
31,ETHANANITA,Joao Mario,D,,,False,False
31,ETHANANITA,Holm,D,6.5,6.5,True,False
31,ETHANANITA,Palestra,D,6.0,6.0,True,False
31,ETHANANITA,Vlasic,C,5.5,5.5,True,False
31,ETHANANITA,Politano,C,5.5,5.5,True,False
31,ETHANANITA,Da Cunha,C,6.0,6.0,True,False
31,ETHANANITA,Conceicao,C,6.0,6.0,True,False
31,ETHANANITA,Pellegrino M.,A,6.0,6.0,True,False
31,ETHANANITA,Dia,A,6.0,5.5,True,False
31,ETHANANITA,Caprile,P,6.0,3.0,False,True
31,ETHANANITA,Tornqvist,P,,,False,True
31,ETHANANITA,Vojvoda,D,5.5,5.5,True,True
31,ETHANANITA,Djimsiti,D,6.5,6.0,False,True
31,ETHANANITA,Gila,D,7.0,8.0,False,True
31,ETHANANITA,Marusic,D,,,False,True
31,ETHANANITA,Loftus-Cheek,C,,,False,True
31,ETHANANITA,Odgaard,C,,,False,True
31,ETHANANITA,Zaragoza,C,,,False,True
31,ETHANANITA,Vergara,C,,,False,True
31,ETHANANITA,Davis K.,A,,,False,True
31,ETHANANITA,Fullkrug,A,,,False,True
31,ETHANANITA,Morata,A,5.0,4.5,False,True
31,ETHANANITA,Vlahovic,A,,,False,True
31,TEAM WOLFLING,Di Gregorio,P,6.0,7.0,True,False
31,TEAM WOLFLING,Dimarco,D,6.5,7.5,True,False
31,TEAM WOLFLING,Pavlovic,D,6.5,6.5,True,False
31,TEAM WOLFLING,Ostigard,D,6.5,6.0,True,False
31,TEAM WOLFLING,Gutierrez,D,6.0,6.0,True,False
31,TEAM WOLFLING,Volpato,C,7.0,8.5,True,False
31,TEAM WOLFLING,Zalewski,C,6.0,6.0,True,False
31,TEAM WOLFLING,McTominay,C,5.5,5.5,True,False
31,TEAM WOLFLING,Mandragora,C,6.0,7.0,True,False
31,TEAM WOLFLING,Atta,C,6.0,6.0,True,False
31,TEAM WOLFLING,Douvikas,A,5.5,5.5,True,False
31,TEAM WOLFLING,Perin,P,,,False,True
31,TEAM WOLFLING,Pinsoglio,P,,,False,True
31,TEAM WOLFLING,Belghali,D,5.5,5.5,False,True
31,TEAM WOLFLING,Circati,D,6.5,6.5,False,True
31,TEAM WOLFLING,Konè I.,C,6.0,5.5,False,True
31,TEAM WOLFLING,De Roon,C,6.0,7.0,False,True
31,TEAM WOLFLING,Banda,A,6.5,6.5,False,True
31,TEAM WOLFLING,Pedro,A,,,False,True
31,TEAM WOLFLING,Cheddira,A,5.0,5.0,False,True
31,TEAM WOLFLING,Sarr A.,A,,,False,True
31,ZLZ AND HIS FRIENDS,Muric,P,,,False,False
31,ZLZ AND HIS FRIENDS,Kristensen T.,D,6.0,6.0,True,False
31,ZLZ AND HIS FRIENDS,Martin,D,6.0,6.0,True,False
31,ZLZ AND HIS FRIENDS,Miranda J.,D,5.5,5.5,True,False
31,ZLZ AND HIS FRIENDS,Dumfries,D,6.5,7.5,True,False
31,ZLZ AND HIS FRIENDS,Fofana Y.,C,5.5,5.5,True,False
31,ZLZ AND HIS FRIENDS,Pulisic,C,5.5,5.5,True,False
31,ZLZ AND HIS FRIENDS,Zaniolo,C,6.0,5.5,True,False
31,ZLZ AND HIS FRIENDS,Colombo,A,7.0,11.0,True,False
31,ZLZ AND HIS FRIENDS,Thuram,A,7.0,10.0,True,False
31,ZLZ AND HIS FRIENDS,Bonazzoli,A,6.5,7.5,True,False
31,ZLZ AND HIS FRIENDS,Ravaglia F.,P,6.0,4.0,True,True
31,ZLZ AND HIS FRIENDS,Skorupski,P,,,False,True
31,ZLZ AND HIS FRIENDS,Idzes,D,6.5,6.5,False,True
31,ZLZ AND HIS FRIENDS,Ramon,D,5.5,5.0,False,True
31,ZLZ AND HIS FRIENDS,Gabbia,D,7.0,7.0,False,True
31,ZLZ AND HIS FRIENDS,Zappa,D,,,False,True
31,ZLZ AND HIS FRIENDS,Mkhitaryan,C,6.0,6.0,False,True
31,ZLZ AND HIS FRIENDS,Zaccagni,C,5.0,3.0,False,True
31,ZLZ AND HIS FRIENDS,Sucic P.,C,,,False,True
31,ZLZ AND HIS FRIENDS,Frendrup,C,,,False,True
31,ZLZ AND HIS FRIENDS,Neres,C,,,False,True
31,ZLZ AND HIS FRIENDS,Orban G.,A,5.0,5.0,False,True
31,ZLZ AND HIS FRIENDS,Nkunku,A,,,False,True
31,ZLZ AND HIS FRIENDS,Bonny,A,6.5,6.5,False,True
31,TEAM YANGTUO,De Gea,P,6.5,5.5,True,False
31,TEAM YANGTUO,Solet,D,6.0,6.0,True,False
31,TEAM YANGTUO,Hermoso,D,7.0,10.0,True,False
31,TEAM YANGTUO,Muharemovic,D,6.5,6.5,True,False
31,TEAM YANGTUO,Barbieri,D,,,False,False
31,TEAM YANGTUO,Calhanoglu,C,6.0,6.0,True,False
31,TEAM YANGTUO,Locatelli,C,6.5,6.0,True,False
31,TEAM YANGTUO,Taylor K.,C,6.5,7.0,True,False
31,TEAM YANGTUO,Vitinha O.,A,,,False,False
31,TEAM YANGTUO,Stulic,A,6.0,6.0,True,False
31,TEAM YANGTUO,Castro S.,A,5.0,5.0,True,False
31,TEAM YANGTUO,Christensen O.,P,,,False,True
31,TEAM YANGTUO,Lezzerini,P,,,False,True
31,TEAM YANGTUO,Britschgi,D,6.0,6.0,True,True
31,TEAM YANGTUO,Bernede,C,6.0,6.0,False,True
31,TEAM YANGTUO,Luis Henrique,C,6.0,6.0,False,True
31,TEAM YANGTUO,Tramoni M.,C,5.5,5.5,False,True
31,TEAM YANGTUO,Dodò,D,6.0,6.0,False,True
31,TEAM YANGTUO,Bowie,A,,,False,True
31,TEAM YANGTUO,Kilicsoy,A,,,False,True
31,TEAM YANGTUO,Durosinmi,A,5.5,5.5,True,True
31,TEAM YANGTUO,Brescianini,C,,,False,True
31,TEAM YANGTUO,Zortea,D,6.0,6.0,False,True
31,TEAM YANGTUO,Bernasconi,D,6.0,6.0,False,True
31,XIAWA NO.92,Maignan,P,6.5,7.5,True,False
31,XIAWA NO.92,Spinazzola,D,5.0,5.0,True,False
31,XIAWA NO.92,Vasquez,D,6.0,6.0,True,False
31,XIAWA NO.92,Delprato,D,6.0,6.0,True,False
31,XIAWA NO.92,Valeri,D,6.0,6.0,True,False
31,XIAWA NO.92,Lobotka,C,5.0,4.5,True,False
31,XIAWA NO.92,Paz N.,C,7.0,9.0,True,False
31,XIAWA NO.92,Thuram K.,C,7.0,9.0,True,False
31,XIAWA NO.92,Diao,A,5.0,5.0,True,False
31,XIAWA NO.92,Esposito F.P.,A,6.5,6.5,True,False
31,XIAWA NO.92,Laurientè,A,7.0,8.0,True,False
31,XIAWA NO.92,Terracciano,P,,,False,True
31,XIAWA NO.92,Torriani,P,,,False,True
31,XIAWA NO.92,De Winter,D,,,False,True
31,XIAWA NO.92,Luperto,D,6.5,6.5,False,True
31,XIAWA NO.92,Terracciano F.,D,6.0,6.0,False,True
31,XIAWA NO.92,Mina,D,5.0,5.0,False,True
31,XIAWA NO.92,Vandeputte,C,6.0,6.0,False,True
31,XIAWA NO.92,Caqueret,C,5.5,5.5,False,True
31,XIAWA NO.92,Miretti,C,,,False,True
31,XIAWA NO.92,Basic,C,7.0,9.0,False,True
31,XIAWA NO.92,Oristanio,C,,,False,True
31,XIAWA NO.92,Giovane,A,5.5,5.5,False,True
31,XIAWA NO.92,Rodriguez Je.,A,6.0,6.0,False,True
31,XIAWA NO.92,Cambiaghi,A,5.5,5.5,False,True
31,WINNING MOMENT,Svilar,P,6.5,5.5,True,False
31,WINNING MOMENT,Estupinan,D,,,False,False
31,WINNING MOMENT,Tomori,D,6.0,6.0,True,False
31,WINNING MOMENT,Kalulu,D,6.5,7.5,True,False
31,WINNING MOMENT,Moreno Alb.,D,5.0,4.5,True,False
31,WINNING MOMENT,Kelly L.,D,6.5,6.5,True,False
31,WINNING MOMENT,Pasalic,C,,,False,False
31,WINNING MOMENT,Modric,C,6.5,6.5,True,False
31,WINNING MOMENT,Isaksen,C,,,False,False
31,WINNING MOMENT,Hojlund,A,5.0,5.0,True,False
31,WINNING MOMENT,Krstovic,A,7.0,9.0,True,False
31,WINNING MOMENT,Gollini,P,,,False,True
31,WINNING MOMENT,Zelezny,P,,,False,True
31,WINNING MOMENT,Celik,D,6.0,6.0,True,True
31,WINNING MOMENT,Carlos Augusto,D,6.0,6.0,False,True
31,WINNING MOMENT,Bartesaghi,D,6.0,6.0,False,True
31,WINNING MOMENT,Perrone,C,6.0,6.0,True,True
31,WINNING MOMENT,Koopmeiners,C,,,False,True
31,WINNING MOMENT,Elmas,C,5.5,5.5,True,True
31,WINNING MOMENT,Ekkelenkamp,C,5.5,5.5,False,True
31,WINNING MOMENT,Adams C.,A,5.5,5.5,False,True
31,WINNING MOMENT,David,A,7.0,11.0,False,True
32,NO ONE,Falcone,P,6.5,7.5,True,False
32,NO ONE,Zappacosta,D,5.5,5.5,True,False
32,NO ONE,Scalvini,D,5.5,6.5,True,False
32,NO ONE,Akanji,D,6.0,6.0,True,False
32,NO ONE,Bisseck,D,7.0,9.0,True,False
32,NO ONE,Baturina,C,7.0,7.0,True,False
32,NO ONE,Baldanzi,C,,,False,False
32,NO ONE,Samardzic,C,6.0,6.0,True,False
32,NO ONE,Malinovskyi,C,5.5,5.5,True,False
32,NO ONE,Leao,A,6.0,6.0,True,False
32,NO ONE,Solomon,A,5.5,5.5,True,False
32,NO ONE,Fruchtl,P,,,False,True
32,NO ONE,Samooja,P,,,False,True
32,NO ONE,N'Dicka,D,6.0,6.0,False,True
32,NO ONE,Ismajli,D,6.5,6.5,False,True
32,NO ONE,Kempf,D,6.5,6.0,False,True
32,NO ONE,Angelino,D,,,False,True
32,NO ONE,Barella,C,5.5,5.0,True,True
32,NO ONE,Gaetano,C,7.0,7.0,False,True
32,NO ONE,Ricci S.,C,6.0,6.0,False,True
32,NO ONE,Kean,A,,,False,True
32,NO ONE,Piccoli,A,,,False,True
32,NO ONE,Dybala,A,,,False,True
32,NO ONE,Berisha M.,C,,,False,True
32,NO ONE,Lukaku,A,,,False,True
32,ETHANANITA,Butez,P,5.5,6.5,True,False
32,ETHANANITA,Djimsiti,D,5.0,5.0,True,False
32,ETHANANITA,Joao Mario,D,4.5,4.5,True,False
32,ETHANANITA,Marusic,D,,,False,False
32,ETHANANITA,Palestra,D,6.0,6.0,True,False
32,ETHANANITA,Vlasic,C,6.5,9.5,True,False
32,ETHANANITA,Politano,C,6.5,6.5,True,False
32,ETHANANITA,Da Cunha,C,6.5,7.5,True,False
32,ETHANANITA,Conceicao,C,6.5,7.5,True,False
32,ETHANANITA,Pellegrino M.,A,6.0,6.0,True,False
32,ETHANANITA,Dia,A,5.0,5.0,True,False
32,ETHANANITA,Caprile,P,6.5,4.5,False,True
32,ETHANANITA,Tornqvist,P,,,False,True
32,ETHANANITA,Cambiaso,D,5.5,5.0,True,True
32,ETHANANITA,Vojvoda,D,,,False,True
32,ETHANANITA,Gila,D,,,False,True
32,ETHANANITA,Holm,D,6.0,6.0,False,True
32,ETHANANITA,Odgaard,C,5.5,5.5,False,True
32,ETHANANITA,Loftus-Cheek,C,,,False,True
32,ETHANANITA,Vergara,C,,,False,True
32,ETHANANITA,Zaragoza,C,,,False,True
32,ETHANANITA,Morata,A,,,False,True
32,ETHANANITA,Fullkrug,A,6.0,6.0,False,True
32,ETHANANITA,Davis K.,A,,,False,True
32,ETHANANITA,Vlahovic,A,,,False,True
32,ZLZ AND HIS FRIENDS,Muric,P,,,False,False
32,ZLZ AND HIS FRIENDS,Kristensen T.,D,5.5,5.5,True,False
32,ZLZ AND HIS FRIENDS,Martin,D,,,False,False
32,ZLZ AND HIS FRIENDS,Miranda J.,D,5.0,5.0,True,False
32,ZLZ AND HIS FRIENDS,Dumfries,D,,,False,False
32,ZLZ AND HIS FRIENDS,Fofana Y.,C,6.0,6.0,True,False
32,ZLZ AND HIS FRIENDS,Pulisic,C,5.5,5.5,True,False
32,ZLZ AND HIS FRIENDS,Zaniolo,C,6.0,6.0,True,False
32,ZLZ AND HIS FRIENDS,Colombo,A,5.5,5.5,True,False
32,ZLZ AND HIS FRIENDS,Thuram,A,7.0,9.0,True,False
32,ZLZ AND HIS FRIENDS,Bonazzoli,A,5.5,5.5,True,False
32,ZLZ AND HIS FRIENDS,Ravaglia F.,P,6.0,4.0,True,True
32,ZLZ AND HIS FRIENDS,Skorupski,P,,,False,True
32,ZLZ AND HIS FRIENDS,Idzes,D,6.5,7.5,True,True
32,ZLZ AND HIS FRIENDS,Ramon,D,6.0,6.0,True,True
32,ZLZ AND HIS FRIENDS,Gabbia,D,6.0,6.0,False,True
32,ZLZ AND HIS FRIENDS,Zappa,D,,,False,True
32,ZLZ AND HIS FRIENDS,Mkhitaryan,C,,,False,True
32,ZLZ AND HIS FRIENDS,Zaccagni,C,,,False,True
32,ZLZ AND HIS FRIENDS,Sucic P.,C,6.5,6.5,False,True
32,ZLZ AND HIS FRIENDS,Frendrup,C,5.5,5.5,False,True
32,ZLZ AND HIS FRIENDS,Neres,C,,,False,True
32,ZLZ AND HIS FRIENDS,Orban G.,A,,,False,True
32,ZLZ AND HIS FRIENDS,Nkunku,A,,,False,True
32,ZLZ AND HIS FRIENDS,Bonny,A,5.5,5.5,False,True
32,GOODBYE,Milinkovic-Savic V.,P,6.5,8.0,True,False
32,GOODBYE,Mancini,D,6.5,6.5,True,False
32,GOODBYE,Bremer,D,6.5,6.5,True,False
32,GOODBYE,Bastoni,D,,,False,False
32,GOODBYE,Cristante,C,6.0,6.0,True,False
32,GOODBYE,El Aynaoui,C,7.5,10.0,True,False
32,GOODBYE,Zielinski,C,5.5,5.5,True,False
32,GOODBYE,Pisilli,C,6.0,6.0,True,False
32,GOODBYE,Scamacca,A,7.5,11.5,True,False
32,GOODBYE,Raspadori,A,5.0,5.0,True,False
32,GOODBYE,Yildiz,A,,,False,False
32,GOODBYE,Meret,P,,,False,True
32,GOODBYE,Vasquez D.,P,,,False,True
32,GOODBYE,Ghilardi,D,6.0,6.0,True,True
32,GOODBYE,Valle,D,6.5,6.5,False,True
32,GOODBYE,Ziolkowski,D,,,False,True
32,GOODBYE,El Shaarawy,C,,,False,True
32,GOODBYE,Norton-Cuffy,D,,,False,True
32,GOODBYE,Idrissi R.,D,,,False,True
32,GOODBYE,Konè M.,C,,,False,True
32,GOODBYE,Pellegrini Lo.,C,,,False,True
32,GOODBYE,Matic,C,6.0,6.0,False,True
32,GOODBYE,Boga,A,5.0,4.5,True,True
32,GOODBYE,Vaz,A,6.0,6.0,False,True
32,GOODBYE,Sulemana K.,A,,,False,True
32,TEAM YANGTUO,De Gea,P,6.0,7.0,True,False
32,TEAM YANGTUO,Solet,D,5.0,5.0,True,False
32,TEAM YANGTUO,Hermoso,D,6.0,5.5,True,False
32,TEAM YANGTUO,Muharemovic,D,6.0,6.0,True,False
32,TEAM YANGTUO,Dodò,D,6.0,6.0,True,False
32,TEAM YANGTUO,Calhanoglu,C,,,False,False
32,TEAM YANGTUO,Locatelli,C,6.0,5.5,True,False
32,TEAM YANGTUO,Taylor K.,C,6.0,6.0,True,False
32,TEAM YANGTUO,Brescianini,C,,,False,False
32,TEAM YANGTUO,Stulic,A,5.0,5.0,True,False
32,TEAM YANGTUO,Bowie,A,5.5,5.5,True,False
32,TEAM YANGTUO,Christensen O.,P,,,False,True
32,TEAM YANGTUO,Lezzerini,P,,,False,True
32,TEAM YANGTUO,Britschgi,D,,,False,True
32,TEAM YANGTUO,Bernede,C,5.5,5.5,True,True
32,TEAM YANGTUO,Kilicsoy,A,,,False,True
32,TEAM YANGTUO,Barbieri,D,,,False,True
32,TEAM YANGTUO,Vitinha O.,A,5.5,5.5,False,True
32,TEAM YANGTUO,Zortea,D,6.0,6.0,False,True
32,TEAM YANGTUO,Castro S.,A,5.5,5.5,False,True
32,SEPTWOLVES,Carnesecchi,P,6.0,3.0,True,False
32,SEPTWOLVES,Juan Jesus,D,,,False,False
32,SEPTWOLVES,Rrahmani,D,6.5,6.5,True,False
32,SEPTWOLVES,Kossounou,D,6.0,6.0,True,False
32,SEPTWOLVES,Wesley,D,7.0,7.0,True,False
32,SEPTWOLVES,Coulibaly L.,C,6.0,5.5,True,False
32,SEPTWOLVES,Strefezza,C,6.0,6.0,True,False
32,SEPTWOLVES,McKennie,C,6.0,6.0,True,False
32,SEPTWOLVES,Bernabè,C,6.5,6.5,True,False
32,SEPTWOLVES,Orsolini,C,6.0,6.0,True,False
32,SEPTWOLVES,Cancellieri,A,6.0,5.5,True,False
32,SEPTWOLVES,Moreo,A,5.0,5.0,False,True
32,SEPTWOLVES,De Ketelaere,A,5.5,5.5,False,True
32,SEPTWOLVES,Dovbyk,A,,,False,True
32,SEPTWOLVES,Ferguson E.,A,,,False,True
32,SEPTWOLVES,Vardy,A,,,False,True
32,SEPTWOLVES,Cataldi,C,,,False,True
32,SEPTWOLVES,Kostic,C,,,False,True
32,SEPTWOLVES,Zambo Anguissa,C,,,False,True
32,SEPTWOLVES,Cabal,D,,,False,True
32,SEPTWOLVES,Gatti,D,,,False,True
32,SEPTWOLVES,Coco,D,5.5,5.5,True,True
32,SEPTWOLVES,Maripan,D,,,False,True
32,SEPTWOLVES,Sportiello,P,,,False,True
32,SEPTWOLVES,Martinez Jo.,P,,,False,True
32,TEAM WOLFLING,Di Gregorio,P,6.0,7.0,True,False
32,TEAM WOLFLING,Dimarco,D,7.0,9.0,True,False
32,TEAM WOLFLING,Pavlovic,D,6.5,6.5,True,False
32,TEAM WOLFLING,Ostigard,D,6.0,6.0,True,False
32,TEAM WOLFLING,Gutierrez,D,6.5,6.5,True,False
32,TEAM WOLFLING,Volpato,C,6.0,6.0,True,False
32,TEAM WOLFLING,Zalewski,C,5.5,5.5,True,False
32,TEAM WOLFLING,McTominay,C,7.5,8.5,True,False
32,TEAM WOLFLING,Mandragora,C,5.5,5.0,True,False
32,TEAM WOLFLING,Konè I.,C,6.0,6.0,True,False
32,TEAM WOLFLING,Douvikas,A,7.0,11.0,True,False
32,TEAM WOLFLING,Perin,P,,,False,True
32,TEAM WOLFLING,Pinsoglio,P,,,False,True
32,TEAM WOLFLING,Circati,D,6.0,6.0,False,True
32,TEAM WOLFLING,Belghali,D,6.5,7.5,False,True
32,TEAM WOLFLING,Baschirotto,D,5.0,5.0,False,True
32,TEAM WOLFLING,De Roon,C,5.5,5.5,False,True
32,TEAM WOLFLING,Atta,C,8.0,13.0,False,True
32,TEAM WOLFLING,Banda,A,6.0,6.0,False,True
32,TEAM WOLFLING,Pedro,A,7.5,10.5,False,True
32,TEAM WOLFLING,Cheddira,A,5.5,5.0,False,True
32,TEAM WOLFLING,Sarr A.,A,5.5,5.5,False,True
32,XIAWA NO.92,Maignan,P,6.0,7.0,True,False
32,XIAWA NO.92,Spinazzola,D,,,False,False
32,XIAWA NO.92,Vasquez,D,5.5,5.5,True,False
32,XIAWA NO.92,Delprato,D,6.0,6.0,True,False
32,XIAWA NO.92,Valeri,D,6.5,6.5,True,False
32,XIAWA NO.92,Lobotka,C,6.0,6.0,True,False
32,XIAWA NO.92,Paz N.,C,6.5,6.5,True,False
32,XIAWA NO.92,Thuram K.,C,6.5,6.5,True,False
32,XIAWA NO.92,Diao,A,6.5,8.0,True,False
32,XIAWA NO.92,Esposito F.P.,A,5.5,5.5,True,False
32,XIAWA NO.92,Laurientè,A,6.0,5.5,True,False
32,XIAWA NO.92,Terracciano,P,,,False,True
32,XIAWA NO.92,Torriani,P,,,False,True
32,XIAWA NO.92,Mina,D,6.0,6.0,True,True
32,XIAWA NO.92,De Winter,D,,,False,True
32,XIAWA NO.92,Luperto,D,5.0,5.0,False,True
32,XIAWA NO.92,Terracciano F.,D,5.0,3.0,False,True
32,XIAWA NO.92,Basic,C,6.5,7.5,False,True
32,XIAWA NO.92,Caqueret,C,6.5,7.5,False,True
32,XIAWA NO.92,Vandeputte,C,5.5,5.5,False,True
32,XIAWA NO.92,Miretti,C,,,False,True
32,XIAWA NO.92,Oristanio,C,,,False,True
32,XIAWA NO.92,Giovane,A,6.0,6.0,False,True
32,XIAWA NO.92,Rodriguez Je.,A,,,False,True
32,XIAWA NO.92,Cambiaghi,A,,,False,True
32,WINNING MOMENT,Svilar,P,6.5,7.5,True,False
32,WINNING MOMENT,Estupinan,D,5.5,5.0,True,False
32,WINNING MOMENT,Tomori,D,6.5,6.5,True,False
32,WINNING MOMENT,Kalulu,D,6.5,6.5,True,False
32,WINNING MOMENT,Moreno Alb.,D,,,False,False
32,WINNING MOMENT,Kelly L.,D,6.0,6.0,True,False
32,WINNING MOMENT,Pasalic,C,6.0,6.0,True,False
32,WINNING MOMENT,Modric,C,6.0,6.0,True,False
32,WINNING MOMENT,Isaksen,C,6.5,6.5,True,False
32,WINNING MOMENT,Hojlund,A,7.0,7.0,True,False
32,WINNING MOMENT,Krstovic,A,5.5,5.5,True,False
32,WINNING MOMENT,Gollini,P,,,False,True
32,WINNING MOMENT,Zelezny,P,,,False,True
32,WINNING MOMENT,Celik,D,6.0,6.0,True,True
32,WINNING MOMENT,Carlos Augusto,D,5.0,5.0,False,True
32,WINNING MOMENT,Bartesaghi,D,5.5,5.0,False,True
32,WINNING MOMENT,Perrone,C,6.0,6.0,False,True
32,WINNING MOMENT,Koopmeiners,C,6.0,6.0,False,True
32,WINNING MOMENT,Elmas,C,,,False,True
32,WINNING MOMENT,Ekkelenkamp,C,6.5,7.5,False,True
32,WINNING MOMENT,Adams C.,A,5.5,5.5,False,True
32,WINNING MOMENT,David,A,6.0,6.0,False,True
32,ETERNITY,Sommer,P,6.0,4.0,True,False
32,ETERNITY,Gosens,D,,,False,False
32,ETERNITY,Buongiorno,D,6.0,6.0,True,False
32,ETERNITY,Lucumì,D,5.0,5.0,True,False
32,ETERNITY,Gudmundsson A.,C,5.5,5.5,True,False
32,ETERNITY,Rabiot,C,6.5,6.5,True,False
32,ETERNITY,De Bruyne,C,7.5,11.5,True,False
32,ETERNITY,Saelemaekers,C,6.5,6.5,True,False
32,ETERNITY,Malen,A,7.5,12.5,True,False
32,ETERNITY,Simeone,A,7.0,9.0,True,False
32,ETERNITY,Pinamonti,A,5.5,5.5,True,False
32,ETERNITY,Paleari,P,6.5,4.5,False,True
32,ETERNITY,Bellanova,D,5.5,5.5,True,True
32,ETERNITY,Lazaro,D,5.5,5.5,False,True
32,ETERNITY,Ranieri L.,D,6.0,5.5,False,True
32,ETERNITY,Pezzella Giu.,D,5.0,5.0,False,True
32,ETERNITY,Thorstvedt,C,6.0,6.0,False,True
32,ETERNITY,Ederson D.S.,C,6.0,6.0,False,True
32,ETERNITY,Jashari,C,,,False,True
32,ETERNITY,Esposito Se.,A,6.0,6.0,False,True
32,ETERNITY,Ratkov,A,,,False,True
33,XIAWA NO.92,Maignan,P,5.5,3.5,True,False
33,XIAWA NO.92,Spinazzola,D,,,False,False
33,XIAWA NO.92,Vasquez,D,6.5,6.5,True,False
33,XIAWA NO.92,Mina,D,6.5,7.5,True,False
33,XIAWA NO.92,De Winter,D,,,False,False
33,XIAWA NO.92,Basic,C,6.5,6.5,True,False
33,XIAWA NO.92,Paz N.,C,6.5,6.5,True,False
33,XIAWA NO.92,Thuram K.,C,6.0,6.0,True,False
33,XIAWA NO.92,Diao,A,6.0,6.0,True,False
33,XIAWA NO.92,Esposito F.P.,A,6.0,6.0,True,False
33,XIAWA NO.92,Laurientè,A,8.0,12.0,True,False
33,XIAWA NO.92,Terracciano,P,,,False,True
33,XIAWA NO.92,Torriani,P,,,False,True
33,XIAWA NO.92,Luperto,D,6.0,6.0,True,True
33,XIAWA NO.92,Valeri,D,6.0,6.0,True,True
33,XIAWA NO.92,Delprato,D,5.5,5.5,False,True
33,XIAWA NO.92,Terracciano F.,D,5.0,5.0,False,True
33,XIAWA NO.92,Caqueret,C,,,False,True
33,XIAWA NO.92,Vandeputte,C,,,False,True
33,XIAWA NO.92,Lobotka,C,6.0,6.0,False,True
33,XIAWA NO.92,Miretti,C,5.5,5.5,False,True
33,XIAWA NO.92,Oristanio,C,,,False,True
33,XIAWA NO.92,Giovane,A,,,False,True
33,XIAWA NO.92,Rodriguez Je.,A,,,False,True
33,XIAWA NO.92,Cambiaghi,A,,,False,True
33,NO ONE,Falcone,P,6.5,5.5,True,False
33,NO ONE,Zappacosta,D,5.5,5.5,True,False
33,NO ONE,N'Dicka,D,6.0,6.0,True,False
33,NO ONE,Akanji,D,6.5,6.5,True,False
33,NO ONE,Bisseck,D,6.0,6.0,True,False
33,NO ONE,Baturina,C,6.0,6.0,True,False
33,NO ONE,Barella,C,7.0,7.0,True,False
33,NO ONE,Samardzic,C,5.5,5.5,True,False
33,NO ONE,Malinovskyi,C,6.0,6.0,True,False
33,NO ONE,Leao,A,5.0,5.0,True,False
33,NO ONE,Dybala,A,6.0,6.0,True,False
33,NO ONE,Fruchtl,P,,,False,True
33,NO ONE,Samooja,P,,,False,True
33,NO ONE,Scalvini,D,6.0,6.0,False,True
33,NO ONE,Ismajli,D,,,False,True
33,NO ONE,Kempf,D,,,False,True
33,NO ONE,Angelino,D,,,False,True
33,NO ONE,Gaetano,C,5.5,5.5,False,True
33,NO ONE,Ricci S.,C,5.0,4.5,False,True
33,NO ONE,Baldanzi,C,,,False,True
33,NO ONE,Kean,A,,,False,True
33,NO ONE,Piccoli,A,,,False,True
33,NO ONE,Solomon,A,5.0,5.0,False,True
33,NO ONE,Berisha M.,C,,,False,True
33,NO ONE,Lukaku,A,,,False,True
33,ETERNITY,Sommer,P,6.0,7.0,True,False
33,ETERNITY,Gosens,D,4.5,4.5,True,False
33,ETERNITY,Buongiorno,D,6.5,6.5,True,False
33,ETERNITY,Lucumì,D,6.5,6.5,True,False
33,ETERNITY,Gudmundsson A.,C,5.0,5.0,True,False
33,ETERNITY,Rabiot,C,5.0,5.0,True,False
33,ETERNITY,De Bruyne,C,5.0,5.0,True,False
33,ETERNITY,Saelemaekers,C,5.5,5.5,True,False
33,ETERNITY,Malen,A,7.0,8.0,True,False
33,ETERNITY,Simeone,A,5.0,5.0,True,False
33,ETERNITY,Pinamonti,A,,,False,False
33,ETERNITY,Paleari,P,5.5,3.5,False,True
33,ETERNITY,Bellanova,D,,,False,True
33,ETERNITY,Lazaro,D,6.0,6.0,False,True
33,ETERNITY,Ranieri L.,D,4.5,4.5,False,True
33,ETERNITY,Pezzella Giu.,D,5.0,5.0,False,True
33,ETERNITY,Thorstvedt,C,7.5,8.5,False,True
33,ETERNITY,Ederson D.S.,C,6.0,5.5,False,True
33,ETERNITY,Jashari,C,5.0,5.0,False,True
33,ETERNITY,Esposito Se.,A,6.5,6.5,True,True
33,ETERNITY,Ratkov,A,,,False,True
33,TEAM WOLFLING,Di Gregorio,P,6.0,5.0,True,False
33,TEAM WOLFLING,Dimarco,D,6.5,6.5,True,False
33,TEAM WOLFLING,Pavlovic,D,6.0,6.0,True,False
33,TEAM WOLFLING,Ostigard,D,7.0,7.0,True,False
33,TEAM WOLFLING,Gutierrez,D,5.5,5.5,True,False
33,TEAM WOLFLING,Atta,C,6.0,6.0,True,False
33,TEAM WOLFLING,Zalewski,C,6.0,6.0,True,False
33,TEAM WOLFLING,McTominay,C,5.5,5.5,True,False
33,TEAM WOLFLING,Mandragora,C,,,False,False
33,TEAM WOLFLING,Berardi,A,7.0,10.0,True,False
33,TEAM WOLFLING,Douvikas,A,5.0,5.0,True,False
33,TEAM WOLFLING,Perin,P,,,False,True
33,TEAM WOLFLING,Pinsoglio,P,,,False,True
33,TEAM WOLFLING,Di Lorenzo,D,,,False,True
33,TEAM WOLFLING,Circati,D,5.5,5.5,False,True
33,TEAM WOLFLING,Belghali,D,5.5,5.5,False,True
33,TEAM WOLFLING,Baschirotto,D,6.0,6.0,False,True
33,TEAM WOLFLING,Konè I.,C,6.5,6.5,True,True
33,TEAM WOLFLING,Volpato,C,6.0,5.5,False,True
33,TEAM WOLFLING,De Roon,C,5.5,5.5,False,True
33,TEAM WOLFLING,Banda,A,7.0,9.0,False,True
33,TEAM WOLFLING,Pedro,A,6.0,6.0,False,True
33,TEAM WOLFLING,Cheddira,A,7.5,12.0,False,True
33,TEAM WOLFLING,Sarr A.,A,,,False,True
33,GOODBYE,Milinkovic-Savic V.,P,7.0,8.0,True,False
33,GOODBYE,Mancini,D,7.0,10.0,True,False
33,GOODBYE,Bremer,D,5.5,5.5,True,False
33,GOODBYE,Bastoni,D,6.0,6.0,True,False
33,GOODBYE,Cristante,C,6.5,6.5,True,False
33,GOODBYE,El Aynaoui,C,,,False,False
33,GOODBYE,Zielinski,C,6.5,7.0,True,False
33,GOODBYE,Konè M.,C,7.0,8.0,True,False
33,GOODBYE,El Shaarawy,C,6.0,5.5,True,False
33,GOODBYE,Boga,A,5.5,5.5,True,False
33,GOODBYE,Yildiz,A,5.5,5.5,True,False
33,GOODBYE,Meret,P,,,False,True
33,GOODBYE,Vasquez D.,P,,,False,True
33,GOODBYE,Ghilardi,D,6.0,6.0,False,True
33,GOODBYE,Valle,D,5.5,5.5,False,True
33,GOODBYE,Ziolkowski,D,,,False,True
33,GOODBYE,Norton-Cuffy,D,,,False,True
33,GOODBYE,Idrissi R.,D,,,False,True
33,GOODBYE,Pisilli,C,8.0,12.0,True,True
33,GOODBYE,Pellegrini Lo.,C,,,False,True
33,GOODBYE,Matic,C,6.0,5.5,False,True
33,GOODBYE,Scamacca,A,5.5,5.5,False,True
33,GOODBYE,Raspadori,A,6.0,6.0,False,True
33,GOODBYE,Vaz,A,,,False,True
33,GOODBYE,Sulemana K.,A,,,False,True
33,TEAM YANGTUO,De Gea,P,6.0,2.0,True,False
33,TEAM YANGTUO,Solet,D,7.0,7.0,True,False
33,TEAM YANGTUO,Hermoso,D,7.5,10.0,True,False
33,TEAM YANGTUO,Muharemovic,D,6.5,6.5,True,False
33,TEAM YANGTUO,Zortea,D,,,False,False
33,TEAM YANGTUO,Bernede,C,6.0,5.5,True,False
33,TEAM YANGTUO,Locatelli,C,5.5,5.0,True,False
33,TEAM YANGTUO,Taylor K.,C,5.5,5.5,True,False
33,TEAM YANGTUO,Castro S.,A,5.5,5.0,True,False
33,TEAM YANGTUO,Stulic,A,,,False,False
33,TEAM YANGTUO,Vitinha O.,A,6.0,6.0,True,False
33,TEAM YANGTUO,Christensen O.,P,,,False,True
33,TEAM YANGTUO,Lezzerini,P,,,False,True
33,TEAM YANGTUO,Britschgi,D,,,False,True
33,TEAM YANGTUO,Kilicsoy,A,,,False,True
33,TEAM YANGTUO,Barbieri,D,5.5,5.0,True,True
33,TEAM YANGTUO,Brescianini,C,5.0,5.0,False,True
33,TEAM YANGTUO,Durosinmi,A,,,False,True
33,TEAM YANGTUO,Bowie,A,7.0,9.0,True,True
33,TEAM YANGTUO,Dodò,D,4.5,4.5,False,True
33,SEPTWOLVES,Carnesecchi,P,6.0,7.0,True,False
33,SEPTWOLVES,Maripan,D,,,False,False
33,SEPTWOLVES,Rrahmani,D,7.0,7.0,True,False
33,SEPTWOLVES,Coco,D,5.5,5.5,True,False
33,SEPTWOLVES,Wesley,D,7.0,9.0,True,False
33,SEPTWOLVES,Coulibaly L.,C,6.0,6.0,True,False
33,SEPTWOLVES,Strefezza,C,6.5,6.5,True,False
33,SEPTWOLVES,McKennie,C,5.5,5.5,True,False
33,SEPTWOLVES,Bernabè,C,6.0,6.0,True,False
33,SEPTWOLVES,Orsolini,C,5.5,5.5,True,False
33,SEPTWOLVES,De Ketelaere,A,6.5,6.5,True,False
33,SEPTWOLVES,Moreo,A,6.0,6.0,False,True
33,SEPTWOLVES,Dovbyk,A,,,False,True
33,SEPTWOLVES,Ferguson E.,A,,,False,True
33,SEPTWOLVES,Vardy,A,5.5,5.5,False,True
33,SEPTWOLVES,Cataldi,C,,,False,True
33,SEPTWOLVES,Kostic,C,,,False,True
33,SEPTWOLVES,Zambo Anguissa,C,5.5,5.5,False,True
33,SEPTWOLVES,Cabal,D,,,False,True
33,SEPTWOLVES,Gatti,D,,,False,True
33,SEPTWOLVES,Kossounou,D,,,False,True
33,SEPTWOLVES,Juan Jesus,D,,,False,True
33,SEPTWOLVES,Sportiello,P,,,False,True
33,SEPTWOLVES,Martinez Jo.,P,,,False,True
33,WINNING MOMENT,Svilar,P,6.0,7.0,True,False
33,WINNING MOMENT,Estupinan,D,5.0,5.0,True,False
33,WINNING MOMENT,Tomori,D,4.5,3.5,True,False
33,WINNING MOMENT,Kalulu,D,6.0,6.0,True,False
33,WINNING MOMENT,Moreno Alb.,D,,,False,False
33,WINNING MOMENT,Kelly L.,D,6.0,6.0,True,False
33,WINNING MOMENT,Pasalic,C,6.0,6.0,True,False
33,WINNING MOMENT,Modric,C,,,False,False
33,WINNING MOMENT,Isaksen,C,7.0,9.0,True,False
33,WINNING MOMENT,Hojlund,A,5.5,5.5,True,False
33,WINNING MOMENT,Krstovic,A,5.5,5.0,True,False
33,WINNING MOMENT,Gollini,P,,,False,True
33,WINNING MOMENT,Zelezny,P,,,False,True
33,WINNING MOMENT,Celik,D,6.5,6.5,True,True
33,WINNING MOMENT,Carlos Augusto,D,6.0,6.0,False,True
33,WINNING MOMENT,Bartesaghi,D,,,False,True
33,WINNING MOMENT,Perrone,C,6.0,6.0,True,True
33,WINNING MOMENT,Koopmeiners,C,,,False,True
33,WINNING MOMENT,Elmas,C,,,False,True
33,WINNING MOMENT,Ekkelenkamp,C,6.5,7.5,False,True
33,WINNING MOMENT,Adams C.,A,,,False,True
33,WINNING MOMENT,David,A,5.0,5.0,False,True
33,ETHANANITA,Caprile,P,6.5,7.5,True,False
33,ETHANANITA,Holm,D,,,False,False
33,ETHANANITA,Cambiaso,D,6.0,6.0,True,False
33,ETHANANITA,Marusic,D,6.5,6.5,True,False
33,ETHANANITA,Palestra,D,6.0,6.0,True,False
33,ETHANANITA,Vlasic,C,5.5,5.5,True,False
33,ETHANANITA,Politano,C,6.5,6.0,True,False
33,ETHANANITA,Da Cunha,C,6.5,6.5,True,False
33,ETHANANITA,Conceicao,C,7.0,7.0,True,False
33,ETHANANITA,Pellegrino M.,A,5.0,5.0,True,False
33,ETHANANITA,Vlahovic,A,7.0,10.0,True,False
33,ETHANANITA,Butez,P,6.0,7.0,False,True
33,ETHANANITA,Tornqvist,P,,,False,True
33,ETHANANITA,Djimsiti,D,6.0,6.0,True,True
33,ETHANANITA,Vojvoda,D,,,False,True
33,ETHANANITA,Gila,D,,,False,True
33,ETHANANITA,Joao Mario,D,,,False,True
33,ETHANANITA,Odgaard,C,5.0,5.0,False,True
33,ETHANANITA,Loftus-Cheek,C,5.5,5.0,False,True
33,ETHANANITA,Vergara,C,,,False,True
33,ETHANANITA,Zaragoza,C,,,False,True
33,ETHANANITA,Dia,A,6.5,7.5,False,True
33,ETHANANITA,Morata,A,,,False,True
33,ETHANANITA,Fullkrug,A,,,False,True
33,ETHANANITA,Davis K.,A,,,False,True
33,ZLZ AND HIS FRIENDS,Skorupski,P,,,False,False
33,ZLZ AND HIS FRIENDS,Kristensen T.,D,7.0,9.0,True,False
33,ZLZ AND HIS FRIENDS,Martin,D,,,False,False
33,ZLZ AND HIS FRIENDS,Miranda J.,D,5.5,5.5,True,False
33,ZLZ AND HIS FRIENDS,Dumfries,D,6.0,6.0,True,False
33,ZLZ AND HIS FRIENDS,Zaccagni,C,5.5,5.5,True,False
33,ZLZ AND HIS FRIENDS,Pulisic,C,5.0,5.0,True,False
33,ZLZ AND HIS FRIENDS,Zaniolo,C,7.0,7.0,True,False
33,ZLZ AND HIS FRIENDS,Bonny,A,6.0,6.0,True,False
33,ZLZ AND HIS FRIENDS,Thuram,A,6.5,10.5,True,False
33,ZLZ AND HIS FRIENDS,Nkunku,A,5.5,5.5,True,False
33,ZLZ AND HIS FRIENDS,Ravaglia F.,P,,,False,True
33,ZLZ AND HIS FRIENDS,Muric,P,,,False,True
33,ZLZ AND HIS FRIENDS,Idzes,D,6.0,6.0,True,True
33,ZLZ AND HIS FRIENDS,Ramon,D,6.5,6.0,False,True
33,ZLZ AND HIS FRIENDS,Gabbia,D,5.0,5.0,False,True
33,ZLZ AND HIS FRIENDS,Zappa,D,,,False,True
33,ZLZ AND HIS FRIENDS,Fofana Y.,C,5.0,5.0,False,True
33,ZLZ AND HIS FRIENDS,Mkhitaryan,C,7.0,9.0,False,True
33,ZLZ AND HIS FRIENDS,Sucic P.,C,5.5,5.5,False,True
33,ZLZ AND HIS FRIENDS,Frendrup,C,6.0,6.0,False,True
33,ZLZ AND HIS FRIENDS,Neres,C,,,False,True
33,ZLZ AND HIS FRIENDS,Orban G.,A,,,False,True
33,ZLZ AND HIS FRIENDS,Colombo,A,5.5,5.5,False,True
33,ZLZ AND HIS FRIENDS,Bonazzoli,A,7.0,9.0,False,True
34,GOODBYE,Milinkovic-Savic V.,P,5.5,2.5,True,False
34,GOODBYE,Mancini,D,5.5,5.5,True,False
34,GOODBYE,Bremer,D,6.5,6.5,True,False
34,GOODBYE,Valle,D,6.0,6.0,True,False
34,GOODBYE,Cristante,C,6.0,6.0,True,False
34,GOODBYE,El Aynaoui,C,6.0,6.0,True,False
34,GOODBYE,Pisilli,C,5.5,5.5,True,False
34,GOODBYE,Konè M.,C,6.0,6.0,True,False
34,GOODBYE,Scamacca,A,,,False,False
34,GOODBYE,Boga,A,,,False,False
34,GOODBYE,Yildiz,A,6.0,6.0,True,False
34,GOODBYE,Meret,P,,,False,True
34,GOODBYE,Vasquez D.,P,,,False,True
34,GOODBYE,Norton-Cuffy,D,,,False,True
34,GOODBYE,Bastoni,D,6.0,6.0,False,True
34,GOODBYE,Ghilardi,D,6.5,6.5,False,True
34,GOODBYE,Ziolkowski,D,,,False,True
34,GOODBYE,Idrissi R.,D,,,False,True
34,GOODBYE,El Shaarawy,C,,,False,True
34,GOODBYE,Zielinski,C,,,False,True
34,GOODBYE,Pellegrini Lo.,C,,,False,True
34,GOODBYE,Matic,C,6.0,6.0,False,True
34,GOODBYE,Raspadori,A,7.0,10.0,True,True
34,GOODBYE,Vaz,A,,,False,True
34,GOODBYE,Sulemana K.,A,,,False,True
34,ETHANANITA,Butez,P,6.0,7.0,True,False
34,ETHANANITA,Holm,D,6.0,6.0,True,False
34,ETHANANITA,Cambiaso,D,6.5,7.5,True,False
34,ETHANANITA,Marusic,D,5.0,5.0,True,False
34,ETHANANITA,Palestra,D,5.5,5.5,True,False
34,ETHANANITA,Vlasic,C,6.0,6.0,True,False
34,ETHANANITA,Politano,C,6.0,5.5,True,False
34,ETHANANITA,Da Cunha,C,6.5,6.5,True,False
34,ETHANANITA,Conceicao,C,6.0,5.5,True,False
34,ETHANANITA,Davis K.,A,6.0,7.0,True,False
34,ETHANANITA,Vlahovic,A,7.0,11.0,True,False
34,ETHANANITA,Djimsiti,D,,,False,True
34,ETHANANITA,Vojvoda,D,5.5,5.5,False,True
34,ETHANANITA,Gila,D,5.5,5.5,False,True
34,ETHANANITA,Joao Mario,D,5.5,5.0,False,True
34,ETHANANITA,Odgaard,C,,,False,True
34,ETHANANITA,Loftus-Cheek,C,5.0,5.0,False,True
34,ETHANANITA,Vergara,C,,,False,True
34,ETHANANITA,Zaragoza,C,,,False,True
34,ETHANANITA,Pellegrino M.,A,6.0,6.0,False,True
34,ETHANANITA,Dia,A,5.5,5.5,False,True
34,ETHANANITA,Morata,A,,,False,True
34,ETHANANITA,Fullkrug,A,6.0,6.0,False,True
34,ETHANANITA,Caprile,P,6.5,4.5,False,True
34,ETHANANITA,Tornqvist,P,,,False,True
34,TEAM WOLFLING,Di Gregorio,P,6.5,7.5,True,False
34,TEAM WOLFLING,Dimarco,D,,,False,False
34,TEAM WOLFLING,Pavlovic,D,6.0,8.0,True,False
34,TEAM WOLFLING,Ostigard,D,6.5,7.5,True,False
34,TEAM WOLFLING,Gutierrez,D,6.0,6.0,True,False
34,TEAM WOLFLING,Atta,C,6.0,6.0,True,False
34,TEAM WOLFLING,Zalewski,C,6.5,6.5,True,False
34,TEAM WOLFLING,McTominay,C,6.0,6.0,True,False
34,TEAM WOLFLING,Mandragora,C,5.5,5.5,True,False
34,TEAM WOLFLING,Berardi,A,6.0,6.0,True,False
34,TEAM WOLFLING,Douvikas,A,7.0,11.0,True,False
34,TEAM WOLFLING,Perin,P,,,False,True
34,TEAM WOLFLING,Pinsoglio,P,,,False,True
34,TEAM WOLFLING,Di Lorenzo,D,6.0,8.0,True,True
34,TEAM WOLFLING,Circati,D,6.0,6.0,False,True
34,TEAM WOLFLING,Belghali,D,6.0,6.0,False,True
34,TEAM WOLFLING,Baschirotto,D,,,False,True
34,TEAM WOLFLING,Konè I.,C,6.0,6.0,False,True
34,TEAM WOLFLING,Mazzitelli,C,,,False,True
34,TEAM WOLFLING,Volpato,C,6.5,6.5,False,True
34,TEAM WOLFLING,De Roon,C,6.0,6.0,False,True
34,TEAM WOLFLING,Banda,A,6.0,6.0,False,True
34,TEAM WOLFLING,Pedro,A,5.5,5.5,False,True
34,TEAM WOLFLING,Cheddira,A,5.5,5.5,False,True
34,TEAM WOLFLING,Sarr A.,A,,,False,True
34,SEPTWOLVES,Martinez Jo.,P,6.0,7.0,True,False
34,SEPTWOLVES,Wesley,D,5.5,5.5,True,False
34,SEPTWOLVES,Rrahmani,D,5.5,5.5,True,False
34,SEPTWOLVES,Coco,D,6.0,6.0,True,False
34,SEPTWOLVES,Coulibaly L.,C,5.5,5.5,True,False
34,SEPTWOLVES,Zambo Anguissa,C,,,False,False
34,SEPTWOLVES,McKennie,C,6.0,6.0,True,False
34,SEPTWOLVES,Bernabè,C,,,False,False
34,SEPTWOLVES,Kostic,C,,,False,False
34,SEPTWOLVES,De Ketelaere,A,6.5,6.5,True,False
34,SEPTWOLVES,Vardy,A,7.0,11.0,True,False
34,SEPTWOLVES,Moreo,A,5.0,5.0,False,True
34,SEPTWOLVES,Cancellieri,A,5.0,5.0,False,True
34,SEPTWOLVES,Dovbyk,A,,,False,True
34,SEPTWOLVES,Ferguson E.,A,,,False,True
34,SEPTWOLVES,Cataldi,C,,,False,True
34,SEPTWOLVES,Orsolini,C,7.0,9.0,True,True
34,SEPTWOLVES,Strefezza,C,7.0,8.5,True,True
34,SEPTWOLVES,Cabal,D,,,False,True
34,SEPTWOLVES,Gatti,D,,,False,True
34,SEPTWOLVES,Maripan,D,,,False,True
34,SEPTWOLVES,Juan Jesus,D,,,False,True
34,SEPTWOLVES,Kossounou,D,,,False,True
34,SEPTWOLVES,Sportiello,P,,,False,True
34,SEPTWOLVES,Carnesecchi,P,7.0,5.0,False,True
34,ZLZ AND HIS FRIENDS,Skorupski,P,,,False,False
34,ZLZ AND HIS FRIENDS,Kristensen T.,D,6.5,6.5,True,False
34,ZLZ AND HIS FRIENDS,Martin,D,6.0,6.0,True,False
34,ZLZ AND HIS FRIENDS,Miranda J.,D,7.5,9.5,True,False
34,ZLZ AND HIS FRIENDS,Dumfries,D,6.0,6.0,True,False
34,ZLZ AND HIS FRIENDS,Mkhitaryan,C,7.0,8.5,True,False
34,ZLZ AND HIS FRIENDS,Pulisic,C,,,False,False
34,ZLZ AND HIS FRIENDS,Zaniolo,C,6.0,6.0,True,False
34,ZLZ AND HIS FRIENDS,Colombo,A,5.5,5.5,True,False
34,ZLZ AND HIS FRIENDS,Thuram,A,7.0,8.0,True,False
34,ZLZ AND HIS FRIENDS,Bonazzoli,A,7.0,9.0,True,False
34,ZLZ AND HIS FRIENDS,Ravaglia F.,P,,,False,True
34,ZLZ AND HIS FRIENDS,Muric,P,6.0,4.0,True,True
34,ZLZ AND HIS FRIENDS,Idzes,D,,,False,True
34,ZLZ AND HIS FRIENDS,Ramon,D,,,False,True
34,ZLZ AND HIS FRIENDS,Gabbia,D,5.0,5.0,False,True
34,ZLZ AND HIS FRIENDS,Zappa,D,6.0,6.0,False,True
34,ZLZ AND HIS FRIENDS,Zaccagni,C,,,False,True
34,ZLZ AND HIS FRIENDS,Fofana Y.,C,5.5,5.5,True,True
34,ZLZ AND HIS FRIENDS,Sucic P.,C,7.0,9.0,False,True
34,ZLZ AND HIS FRIENDS,Frendrup,C,6.0,6.0,False,True
34,ZLZ AND HIS FRIENDS,Neres,C,,,False,True
34,ZLZ AND HIS FRIENDS,Bonny,A,6.5,7.5,False,True
34,ZLZ AND HIS FRIENDS,Nkunku,A,7.0,9.0,False,True
34,ZLZ AND HIS FRIENDS,Orban G.,A,,,False,True
34,XIAWA NO.92,Maignan,P,5.5,2.5,True,False
34,XIAWA NO.92,Spinazzola,D,5.5,5.5,True,False
34,XIAWA NO.92,Vasquez,D,,,False,False
34,XIAWA NO.92,Mina,D,,,False,False
34,XIAWA NO.92,Luperto,D,6.5,6.5,True,False
34,XIAWA NO.92,Caqueret,C,5.5,5.0,True,False
34,XIAWA NO.92,Paz N.,C,6.0,6.0,True,False
34,XIAWA NO.92,Thuram K.,C,,,False,False
34,XIAWA NO.92,Vandeputte,C,6.5,7.5,True,False
34,XIAWA NO.92,Diao,A,5.5,5.5,True,False
34,XIAWA NO.92,Laurientè,A,5.5,5.5,True,False
34,XIAWA NO.92,Terracciano,P,,,False,True
34,XIAWA NO.92,Torriani,P,,,False,True
34,XIAWA NO.92,Valeri,D,6.5,6.5,True,True
34,XIAWA NO.92,Delprato,D,5.0,5.0,True,True
34,XIAWA NO.92,Terracciano F.,D,6.5,6.5,False,True
34,XIAWA NO.92,De Winter,D,4.5,4.5,False,True
34,XIAWA NO.92,Lobotka,C,6.0,6.0,True,True
34,XIAWA NO.92,Miretti,C,,,False,True
34,XIAWA NO.92,Basic,C,5.5,5.5,False,True
34,XIAWA NO.92,Oristanio,C,,,False,True
34,XIAWA NO.92,Rodriguez Je.,A,6.5,6.5,False,True
34,XIAWA NO.92,Giovane,A,6.5,6.5,False,True
34,XIAWA NO.92,Esposito F.P.,A,,,False,True
34,XIAWA NO.92,Cambiaghi,A,,,False,True
34,NO ONE,Falcone,P,6.5,5.5,True,False
34,NO ONE,N'Dicka,D,5.0,5.0,True,False
34,NO ONE,Kempf,D,6.5,7.5,True,False
34,NO ONE,Akanji,D,,,False,False
34,NO ONE,Bisseck,D,6.5,6.5,True,False
34,NO ONE,Baturina,C,6.5,6.5,True,False
34,NO ONE,Barella,C,6.5,6.5,True,False
34,NO ONE,Gaetano,C,6.0,6.0,True,False
34,NO ONE,Malinovskyi,C,6.0,6.0,True,False
34,NO ONE,Leao,A,4.5,4.0,True,False
34,NO ONE,Dybala,A,7.0,8.0,True,False
34,NO ONE,Fruchtl,P,,,False,True
34,NO ONE,Samooja,P,,,False,True
34,NO ONE,Scalvini,D,6.0,6.0,True,True
34,NO ONE,Ismajli,D,,,False,True
34,NO ONE,Zappacosta,D,7.0,9.0,False,True
34,NO ONE,Angelino,D,,,False,True
34,NO ONE,Samardzic,C,,,False,True
34,NO ONE,Ricci S.,C,6.0,7.0,False,True
34,NO ONE,Baldanzi,C,,,False,True
34,NO ONE,Piccoli,A,5.5,5.5,False,True
34,NO ONE,Solomon,A,6.0,6.0,False,True
34,NO ONE,Kean,A,,,False,True
34,NO ONE,Berisha M.,C,,,False,True
34,NO ONE,Lukaku,A,,,False,True
34,ETERNITY,Sommer,P,,,False,False
34,ETERNITY,Gosens,D,6.0,6.0,True,False
34,ETERNITY,Buongiorno,D,5.5,5.5,True,False
34,ETERNITY,Lucumì,D,6.0,5.5,True,False
34,ETERNITY,Gudmundsson A.,C,,,False,False
34,ETERNITY,Rabiot,C,5.5,5.5,True,False
34,ETERNITY,De Bruyne,C,,,False,False
34,ETERNITY,Saelemaekers,C,5.0,4.5,True,False
34,ETERNITY,Malen,A,7.5,13.5,True,False
34,ETERNITY,Simeone,A,7.0,10.0,True,False
34,ETERNITY,Pinamonti,A,5.5,5.5,True,False
34,ETERNITY,Paleari,P,6.0,5.0,True,True
34,ETERNITY,Bellanova,D,5.5,5.0,False,True
34,ETERNITY,Lazaro,D,6.0,6.0,False,True
34,ETERNITY,Ranieri L.,D,6.0,6.0,False,True
34,ETERNITY,Pezzella Giu.,D,6.5,6.5,False,True
34,ETERNITY,Thorstvedt,C,6.5,8.0,True,True
34,ETERNITY,Ederson D.S.,C,7.5,11.5,True,True
34,ETERNITY,Jashari,C,,,False,True
34,ETERNITY,Esposito Se.,A,6.0,6.0,False,True
34,ETERNITY,Ratkov,A,,,False,True
34,TEAM YANGTUO,De Gea,P,6.5,7.5,True,False
34,TEAM YANGTUO,Solet,D,6.5,6.5,True,False
34,TEAM YANGTUO,Hermoso,D,5.5,5.5,True,False
34,TEAM YANGTUO,Muharemovic,D,5.0,5.0,True,False
34,TEAM YANGTUO,Dodò,D,6.0,6.0,True,False
34,TEAM YANGTUO,Bernede,C,6.5,6.5,True,False
34,TEAM YANGTUO,Locatelli,C,6.0,6.0,True,False
34,TEAM YANGTUO,Taylor K.,C,,,False,False
34,TEAM YANGTUO,Luis Henrique,C,6.0,6.0,True,False
34,TEAM YANGTUO,Castro S.,A,5.5,5.5,True,False
34,TEAM YANGTUO,Vitinha O.,A,5.5,5.5,True,False
34,TEAM YANGTUO,Christensen O.,P,,,False,True
34,TEAM YANGTUO,Lezzerini,P,,,False,True
34,TEAM YANGTUO,Britschgi,D,4.5,3.5,False,True
34,TEAM YANGTUO,Kilicsoy,A,,,False,True
34,TEAM YANGTUO,Barbieri,D,7.0,7.0,False,True
34,TEAM YANGTUO,Brescianini,C,6.0,6.0,True,True
34,TEAM YANGTUO,Durosinmi,A,,,False,True
34,TEAM YANGTUO,Bowie,A,6.0,6.0,False,True
34,TEAM YANGTUO,Calhanoglu,C,,,False,True
34,TEAM YANGTUO,Zortea,D,6.0,6.0,False,True
34,TEAM YANGTUO,Stulic,A,,,False,True
34,WINNING MOMENT,Svilar,P,6.0,4.0,True,False
34,WINNING MOMENT,Estupinan,D,,,False,False
34,WINNING MOMENT,Tomori,D,,,False,False
34,WINNING MOMENT,Kalulu,D,6.0,6.0,True,False
34,WINNING MOMENT,Moreno Alb.,D,5.5,5.5,True,False
34,WINNING MOMENT,Kelly L.,D,6.5,6.5,True,False
34,WINNING MOMENT,Pasalic,C,5.5,5.5,True,False
34,WINNING MOMENT,Modric,C,,,False,False
34,WINNING MOMENT,Isaksen,C,6.0,6.0,True,False
34,WINNING MOMENT,Hojlund,A,6.5,7.5,True,False
34,WINNING MOMENT,Krstovic,A,7.0,7.5,True,False
34,WINNING MOMENT,Gollini,P,,,False,True
34,WINNING MOMENT,Zelezny,P,,,False,True
34,WINNING MOMENT,Celik,D,6.0,6.0,True,True
34,WINNING MOMENT,Carlos Augusto,D,6.5,6.5,True,True
34,WINNING MOMENT,Bartesaghi,D,5.0,5.0,False,True
34,WINNING MOMENT,Perrone,C,5.0,5.0,True,True
34,WINNING MOMENT,Koopmeiners,C,5.5,5.5,False,True
34,WINNING MOMENT,Elmas,C,6.0,6.0,False,True
34,WINNING MOMENT,Ekkelenkamp,C,,,False,True
34,WINNING MOMENT,Adams C.,A,,,False,True
34,WINNING MOMENT,David,A,,,False,True
35,TEAM YANGTUO,De Gea,P,7.0,8.0,True,False
35,TEAM YANGTUO,Solet,D,6.5,6.5,True,False
35,TEAM YANGTUO,Hermoso,D,6.5,6.0,True,False
35,TEAM YANGTUO,Muharemovic,D,5.5,5.0,True,False
35,TEAM YANGTUO,Dodò,D,6.5,6.5,True,False
35,TEAM YANGTUO,Bernede,C,5.5,5.5,True,False
35,TEAM YANGTUO,Locatelli,C,5.5,5.5,True,False
35,TEAM YANGTUO,Taylor K.,C,5.5,5.0,True,False
35,TEAM YANGTUO,Luis Henrique,C,5.5,5.5,True,False
35,TEAM YANGTUO,Castro S.,A,5.5,5.5,True,False
35,TEAM YANGTUO,Vitinha O.,A,6.0,5.5,True,False
35,TEAM YANGTUO,Christensen O.,P,,,False,True
35,TEAM YANGTUO,Lezzerini,P,,,False,True
35,TEAM YANGTUO,Kilicsoy,A,,,False,True
35,TEAM YANGTUO,Barbieri,D,5.5,5.0,False,True
35,TEAM YANGTUO,Brescianini,C,6.0,6.0,False,True
35,TEAM YANGTUO,Durosinmi,A,,,False,True
35,TEAM YANGTUO,Bowie,A,6.5,9.5,False,True
35,TEAM YANGTUO,Calhanoglu,C,,,False,True
35,TEAM YANGTUO,Zortea,D,,,False,True
35,TEAM YANGTUO,Stulic,A,7.0,10.0,False,True
35,ETHANANITA,Butez,P,6.5,7.5,True,False
35,ETHANANITA,Holm,D,,,False,False
35,ETHANANITA,Cambiaso,D,5.5,5.5,True,False
35,ETHANANITA,Djimsiti,D,6.0,6.0,True,False
35,ETHANANITA,Palestra,D,6.5,6.5,True,False
35,ETHANANITA,Vlasic,C,5.5,5.5,True,False
35,ETHANANITA,Da Cunha,C,6.5,6.5,True,False
35,ETHANANITA,Conceicao,C,6.0,6.0,True,False
35,ETHANANITA,Davis K.,A,5.5,5.5,True,False
35,ETHANANITA,Vlahovic,A,5.0,5.0,True,False
35,ETHANANITA,Pellegrino M.,A,5.5,5.5,True,False
35,ETHANANITA,Caprile,P,6.5,5.5,False,True
35,ETHANANITA,Tornqvist,P,,,False,True
35,ETHANANITA,Vojvoda,D,,,False,True
35,ETHANANITA,Gila,D,5.5,5.5,True,True
35,ETHANANITA,Marusic,D,5.5,5.5,False,True
35,ETHANANITA,Joao Mario,D,6.0,6.0,False,True
35,ETHANANITA,Vergara,C,,,False,True
35,ETHANANITA,Odgaard,C,,,False,True
35,ETHANANITA,Loftus-Cheek,C,,,False,True
35,ETHANANITA,Politano,C,,,False,True
35,ETHANANITA,Zaragoza,C,,,False,True
35,ETHANANITA,Fullkrug,A,6.0,6.0,False,True
35,ETHANANITA,Morata,A,,,False,True
35,ETHANANITA,Dia,A,5.5,5.5,False,True
35,XIAWA NO.92,Maignan,P,6.5,5.5,True,False
35,XIAWA NO.92,Spinazzola,D,6.0,6.0,True,False
35,XIAWA NO.92,Vasquez,D,7.0,9.0,True,False
35,XIAWA NO.92,Mina,D,7.0,10.0,True,False
35,XIAWA NO.92,Valeri,D,6.0,6.0,True,False
35,XIAWA NO.92,Caqueret,C,5.5,5.5,True,False
35,XIAWA NO.92,Paz N.,C,,,False,False
35,XIAWA NO.92,Thuram K.,C,5.5,5.5,True,False
35,XIAWA NO.92,Diao,A,5.5,5.5,True,False
35,XIAWA NO.92,Laurientè,A,7.0,9.0,True,False
35,XIAWA NO.92,Rodriguez Je.,A,7.0,8.0,True,False
35,XIAWA NO.92,Terracciano,P,,,False,True
35,XIAWA NO.92,Torriani,P,,,False,True
35,XIAWA NO.92,Luperto,D,6.5,6.5,False,True
35,XIAWA NO.92,Delprato,D,5.5,5.5,False,True
35,XIAWA NO.92,Terracciano F.,D,6.5,6.5,False,True
35,XIAWA NO.92,De Winter,D,5.0,5.0,False,True
35,XIAWA NO.92,Lobotka,C,6.5,6.5,True,True
35,XIAWA NO.92,Vandeputte,C,,,False,True
35,XIAWA NO.92,Miretti,C,,,False,True
35,XIAWA NO.92,Basic,C,5.5,5.5,False,True
35,XIAWA NO.92,Oristanio,C,,,False,True
35,XIAWA NO.92,Giovane,A,,,False,True
35,XIAWA NO.92,Esposito F.P.,A,5.5,5.5,False,True
35,XIAWA NO.92,Cambiaghi,A,,,False,True
35,GOODBYE,Milinkovic-Savic V.,P,,,False,False
35,GOODBYE,Mancini,D,8.0,14.0,True,False
35,GOODBYE,Bremer,D,6.0,5.5,True,False
35,GOODBYE,Bastoni,D,,,False,False
35,GOODBYE,Cristante,C,6.5,6.5,True,False
35,GOODBYE,Zielinski,C,6.0,6.0,True,False
35,GOODBYE,Pisilli,C,6.5,7.5,True,False
35,GOODBYE,El Aynaoui,C,6.0,6.0,True,False
35,GOODBYE,El Shaarawy,C,6.0,5.5,True,False
35,GOODBYE,Raspadori,A,5.5,5.5,True,False
35,GOODBYE,Yildiz,A,5.5,5.5,True,False
35,GOODBYE,Meret,P,7.0,8.0,True,True
35,GOODBYE,Vasquez D.,P,,,False,True
35,GOODBYE,Ghilardi,D,,,False,True
35,GOODBYE,Norton-Cuffy,D,,,False,True
35,GOODBYE,Valle,D,,,False,True
35,GOODBYE,Ziolkowski,D,,,False,True
35,GOODBYE,Idrissi R.,D,,,False,True
35,GOODBYE,Pellegrini Lo.,C,,,False,True
35,GOODBYE,Konè M.,C,,,False,True
35,GOODBYE,Matic,C,5.5,5.5,False,True
35,GOODBYE,Boga,A,6.0,6.0,False,True
35,GOODBYE,Scamacca,A,,,False,True
35,GOODBYE,Sulemana K.,A,5.5,5.5,False,True
35,GOODBYE,Vaz,A,,,False,True
35,SEPTWOLVES,Martinez Jo.,P,,,False,False
35,SEPTWOLVES,Wesley,D,5.0,4.0,True,False
35,SEPTWOLVES,Rrahmani,D,7.0,10.0,True,False
35,SEPTWOLVES,Coco,D,5.0,5.0,True,False
35,SEPTWOLVES,Coulibaly L.,C,6.5,6.5,True,False
35,SEPTWOLVES,Zambo Anguissa,C,,,False,False
35,SEPTWOLVES,McKennie,C,5.5,5.5,True,False
35,SEPTWOLVES,Orsolini,C,7.0,10.0,True,False
35,SEPTWOLVES,De Ketelaere,A,6.0,6.0,True,False
35,SEPTWOLVES,Vardy,A,7.0,11.0,True,False
35,SEPTWOLVES,Dovbyk,A,6.0,6.0,True,False
35,SEPTWOLVES,Cancellieri,A,5.5,5.0,False,True
35,SEPTWOLVES,Moreo,A,5.5,5.5,False,True
35,SEPTWOLVES,Ferguson E.,A,,,False,True
35,SEPTWOLVES,Bernabè,C,,,False,True
35,SEPTWOLVES,Kostic,C,,,False,True
35,SEPTWOLVES,Strefezza,C,5.0,5.0,True,True
35,SEPTWOLVES,Cataldi,C,,,False,True
35,SEPTWOLVES,Cabal,D,,,False,True
35,SEPTWOLVES,Gatti,D,,,False,True
35,SEPTWOLVES,Maripan,D,6.0,5.5,False,True
35,SEPTWOLVES,Juan Jesus,D,,,False,True
35,SEPTWOLVES,Kossounou,D,,,False,True
35,SEPTWOLVES,Sportiello,P,,,False,True
35,SEPTWOLVES,Carnesecchi,P,6.5,5.5,True,True
35,NO ONE,Falcone,P,6.0,4.0,True,False
35,NO ONE,Zappacosta,D,5.5,5.5,True,False
35,NO ONE,Kempf,D,6.5,6.5,True,False
35,NO ONE,Akanji,D,,,False,False
35,NO ONE,Bisseck,D,,,False,False
35,NO ONE,Baturina,C,6.5,6.5,True,False
35,NO ONE,Barella,C,,,False,False
35,NO ONE,Gaetano,C,6.5,7.5,True,False
35,NO ONE,Malinovskyi,C,5.5,5.5,True,False
35,NO ONE,Solomon,A,6.5,7.5,True,False
35,NO ONE,Dybala,A,7.0,8.0,True,False
35,NO ONE,Fruchtl,P,,,False,True
35,NO ONE,Samooja,P,,,False,True
35,NO ONE,N'Dicka,D,6.0,6.0,True,True
35,NO ONE,Scalvini,D,5.5,5.5,True,True
35,NO ONE,Ismajli,D,,,False,True
35,NO ONE,Angelino,D,,,False,True
35,NO ONE,Samardzic,C,,,False,True
35,NO ONE,Ricci S.,C,6.0,5.5,True,True
35,NO ONE,Baldanzi,C,6.0,6.0,False,True
35,NO ONE,Piccoli,A,6.0,6.0,False,True
35,NO ONE,Leao,A,,,False,True
35,NO ONE,Kean,A,,,False,True
35,NO ONE,Berisha M.,C,,,False,True
35,NO ONE,Lukaku,A,,,False,True
35,WINNING MOMENT,Svilar,P,6.0,7.0,True,False
35,WINNING MOMENT,Estupinan,D,,,False,False
35,WINNING MOMENT,Tomori,D,6.0,5.5,True,False
35,WINNING MOMENT,Kalulu,D,5.5,5.5,True,False
35,WINNING MOMENT,Moreno Alb.,D,7.0,10.5,True,False
35,WINNING MOMENT,Kelly L.,D,6.0,6.0,True,False
35,WINNING MOMENT,Pasalic,C,5.5,5.0,True,False
35,WINNING MOMENT,Modric,C,,,False,False
35,WINNING MOMENT,Isaksen,C,5.5,5.5,True,False
35,WINNING MOMENT,Hojlund,A,7.5,10.5,True,False
35,WINNING MOMENT,Krstovic,A,5.0,5.0,True,False
35,WINNING MOMENT,Gollini,P,,,False,True
35,WINNING MOMENT,Zelezny,P,,,False,True
35,WINNING MOMENT,Celik,D,6.0,6.0,True,True
35,WINNING MOMENT,Carlos Augusto,D,5.5,5.5,False,True
35,WINNING MOMENT,Bartesaghi,D,6.0,6.0,False,True
35,WINNING MOMENT,Perrone,C,6.5,6.5,True,True
35,WINNING MOMENT,Koopmeiners,C,5.0,5.0,False,True
35,WINNING MOMENT,Elmas,C,6.5,7.0,False,True
35,WINNING MOMENT,Ekkelenkamp,C,,,False,True
35,WINNING MOMENT,Adams C.,A,5.5,5.5,False,True
35,WINNING MOMENT,David,A,,,False,True
35,TEAM WOLFLING,Di Gregorio,P,5.5,3.5,True,False
35,TEAM WOLFLING,Dimarco,D,5.5,5.5,True,False
35,TEAM WOLFLING,Pavlovic,D,6.0,6.0,True,False
35,TEAM WOLFLING,Di Lorenzo,D,6.0,6.0,True,False
35,TEAM WOLFLING,Gutierrez,D,,,False,False
35,TEAM WOLFLING,Atta,C,5.0,5.0,True,False
35,TEAM WOLFLING,Zalewski,C,5.5,5.5,True,False
35,TEAM WOLFLING,McTominay,C,7.0,10.0,True,False
35,TEAM WOLFLING,Banda,A,6.5,7.5,True,False
35,TEAM WOLFLING,Pedro,A,,,False,False
35,TEAM WOLFLING,Douvikas,A,6.0,6.0,True,False
35,TEAM WOLFLING,Perin,P,,,False,True
35,TEAM WOLFLING,Pinsoglio,P,,,False,True
35,TEAM WOLFLING,Ostigard,D,,,False,True
35,TEAM WOLFLING,Belghali,D,6.0,6.0,True,True
35,TEAM WOLFLING,Circati,D,5.5,5.5,False,True
35,TEAM WOLFLING,Baschirotto,D,,,False,True
35,TEAM WOLFLING,De Roon,C,6.0,6.0,False,True
35,TEAM WOLFLING,Mandragora,C,7.0,9.0,False,True
35,TEAM WOLFLING,Konè I.,C,5.5,5.5,False,True
35,TEAM WOLFLING,Volpato,C,5.0,5.0,False,True
35,TEAM WOLFLING,Mazzitelli,C,,,False,True
35,TEAM WOLFLING,Berardi,A,6.5,6.5,True,True
35,TEAM WOLFLING,Cheddira,A,8.0,13.0,False,True
35,TEAM WOLFLING,Sarr A.,A,6.0,6.0,False,True
35,ETERNITY,Sommer,P,6.5,7.5,True,False
35,ETERNITY,Gosens,D,5.5,5.5,True,False
35,ETERNITY,Buongiorno,D,5.5,5.5,True,False
35,ETERNITY,Lucumì,D,,,False,False
35,ETERNITY,Gudmundsson A.,C,6.0,5.5,True,False
35,ETERNITY,Rabiot,C,6.0,6.0,True,False
35,ETERNITY,De Bruyne,C,6.5,6.5,True,False
35,ETERNITY,Saelemaekers,C,,,False,False
35,ETERNITY,Malen,A,6.5,6.5,True,False
35,ETERNITY,Simeone,A,5.0,5.0,True,False
35,ETERNITY,Pinamonti,A,7.0,9.0,True,False
35,ETERNITY,Paleari,P,6.0,4.0,False,True
35,ETERNITY,Bellanova,D,,,False,True
35,ETERNITY,Lazaro,D,,,False,True
35,ETERNITY,Ranieri L.,D,6.5,5.5,True,True
35,ETERNITY,Pezzella Giu.,D,6.0,6.0,False,True
35,ETERNITY,Thorstvedt,C,6.0,6.0,True,True
35,ETERNITY,Ederson D.S.,C,6.0,6.0,False,True
35,ETERNITY,Jashari,C,6.0,6.0,False,True
35,ETERNITY,Esposito Se.,A,7.0,10.0,False,True
35,ETERNITY,Ratkov,A,,,False,True
35,ZLZ AND HIS FRIENDS,Muric,P,,,False,False
35,ZLZ AND HIS FRIENDS,Kristensen T.,D,6.0,6.0,True,False
35,ZLZ AND HIS FRIENDS,Ramon,D,6.5,6.0,True,False
35,ZLZ AND HIS FRIENDS,Miranda J.,D,6.5,7.5,True,False
35,ZLZ AND HIS FRIENDS,Dumfries,D,,,False,False
35,ZLZ AND HIS FRIENDS,Mkhitaryan,C,5.5,6.5,True,False
35,ZLZ AND HIS FRIENDS,Pulisic,C,6.5,7.5,True,False
35,ZLZ AND HIS FRIENDS,Zaniolo,C,,,False,False
35,ZLZ AND HIS FRIENDS,Bonny,A,6.5,6.5,True,False
35,ZLZ AND HIS FRIENDS,Thuram,A,,,False,False
35,ZLZ AND HIS FRIENDS,Bonazzoli,A,6.5,6.0,True,False
35,ZLZ AND HIS FRIENDS,Skorupski,P,6.5,7.5,True,True
35,ZLZ AND HIS FRIENDS,Ravaglia F.,P,,,False,True
35,ZLZ AND HIS FRIENDS,Idzes,D,,,False,True
35,ZLZ AND HIS FRIENDS,Martin,D,,,False,True
35,ZLZ AND HIS FRIENDS,Gabbia,D,6.0,5.5,True,True
35,ZLZ AND HIS FRIENDS,Zappa,D,5.5,5.5,False,True
35,ZLZ AND HIS FRIENDS,Sucic P.,C,6.5,6.5,True,True
35,ZLZ AND HIS FRIENDS,Fofana Y.,C,5.5,5.5,False,True
35,ZLZ AND HIS FRIENDS,Zaccagni,C,,,False,True
35,ZLZ AND HIS FRIENDS,Frendrup,C,6.0,6.0,False,True
35,ZLZ AND HIS FRIENDS,Neres,C,,,False,True
35,ZLZ AND HIS FRIENDS,Nkunku,A,7.0,10.0,True,True
35,ZLZ AND HIS FRIENDS,Colombo,A,5.5,5.5,False,True
35,ZLZ AND HIS FRIENDS,Orban G.,A,,,False,True
36,ZLZ AND HIS FRIENDS,Ravaglia F.,P,,,False,False
36,ZLZ AND HIS FRIENDS,Gabbia,D,5.5,5.5,True,False
36,ZLZ AND HIS FRIENDS,Martin,D,6.0,6.0,True,False
36,ZLZ AND HIS FRIENDS,Idzes,D,6.5,6.5,True,False
36,ZLZ AND HIS FRIENDS,Zappa,D,6.5,6.5,True,False
36,ZLZ AND HIS FRIENDS,Neres,C,,,False,False
36,ZLZ AND HIS FRIENDS,Zaccagni,C,,,False,False
36,ZLZ AND HIS FRIENDS,Frendrup,C,5.5,5.5,True,False
36,ZLZ AND HIS FRIENDS,Colombo,A,6.0,6.0,True,False
36,ZLZ AND HIS FRIENDS,Orban G.,A,,,False,False
36,ZLZ AND HIS FRIENDS,Bonazzoli,A,7.0,9.0,True,False
36,SEPTWOLVES,Martinez Jo.,P,5.5,2.5,True,False
36,SEPTWOLVES,Gatti,D,5.0,5.0,True,False
36,SEPTWOLVES,Rrahmani,D,6.5,6.5,True,False
36,SEPTWOLVES,Coco,D,5.0,5.0,True,False
36,SEPTWOLVES,Coulibaly L.,C,6.0,6.0,True,False
36,SEPTWOLVES,Zambo Anguissa,C,,,False,False
36,SEPTWOLVES,McKennie,C,6.0,6.0,True,False
36,SEPTWOLVES,Orsolini,C,,,False,False
36,SEPTWOLVES,De Ketelaere,A,6.0,6.0,True,False
36,SEPTWOLVES,Vardy,A,6.0,5.5,True,False
36,SEPTWOLVES,Dovbyk,A,,,False,False
36,SEPTWOLVES,Cancellieri,A,5.5,5.5,True,True
36,SEPTWOLVES,Moreo,A,7.0,9.0,False,True
36,SEPTWOLVES,Ferguson E.,A,,,False,True
36,SEPTWOLVES,Bernabè,C,,,False,True
36,SEPTWOLVES,Kostic,C,,,False,True
36,SEPTWOLVES,Strefezza,C,,,False,True
36,SEPTWOLVES,Cataldi,C,,,False,True
36,SEPTWOLVES,Cabal,D,,,False,True
36,SEPTWOLVES,Maripan,D,,,False,True
36,SEPTWOLVES,Wesley,D,,,False,True
36,SEPTWOLVES,Juan Jesus,D,6.0,6.0,False,True
36,SEPTWOLVES,Kossounou,D,,,False,True
36,SEPTWOLVES,Sportiello,P,5.5,4.5,False,True
36,SEPTWOLVES,Carnesecchi,P,,,False,True
36,ETHANANITA,Butez,P,6.0,5.0,True,False
36,ETHANANITA,Marusic,D,5.5,5.5,True,False
36,ETHANANITA,Gila,D,5.5,5.0,True,False
36,ETHANANITA,Djimsiti,D,6.0,6.0,True,False
36,ETHANANITA,Vlasic,C,6.0,6.0,True,False
36,ETHANANITA,Da Cunha,C,8.0,13.0,True,False
36,ETHANANITA,Conceicao,C,6.5,7.5,True,False
36,ETHANANITA,Politano,C,6.0,6.0,True,False
36,ETHANANITA,Davis K.,A,5.5,5.5,True,False
36,ETHANANITA,Vlahovic,A,7.5,11.5,True,False
36,ETHANANITA,Pellegrino M.,A,7.0,11.0,True,False
36,ETHANANITA,Caprile,P,6.0,5.0,False,True
36,ETHANANITA,Tornqvist,P,,,False,True
36,ETHANANITA,Vergara,C,,,False,True
36,ETHANANITA,Odgaard,C,6.0,6.0,False,True
36,ETHANANITA,Loftus-Cheek,C,,,False,True
36,ETHANANITA,Zaragoza,C,,,False,True
36,ETHANANITA,Fullkrug,A,5.5,5.5,False,True
36,ETHANANITA,Dia,A,6.0,6.0,False,True
36,ETHANANITA,Morata,A,,,False,True
36,ETHANANITA,Cambiaso,D,5.5,5.5,False,True
36,ETHANANITA,Holm,D,5.5,5.5,False,True
36,ETHANANITA,Palestra,D,6.5,6.5,False,True
36,ETHANANITA,Joao Mario,D,,,False,True
36,ETHANANITA,Vojvoda,D,,,False,True
36,XIAWA NO.92,Maignan,P,7.0,4.5,True,False
36,XIAWA NO.92,Spinazzola,D,,,False,False
36,XIAWA NO.92,Delprato,D,,,False,False
36,XIAWA NO.92,Vasquez,D,,,False,False
36,XIAWA NO.92,Valeri,D,6.5,6.5,True,False
36,XIAWA NO.92,Caqueret,C,6.5,7.5,True,False
36,XIAWA NO.92,Paz N.,C,,,False,False
36,XIAWA NO.92,Basic,C,6.0,6.0,True,False
36,XIAWA NO.92,Diao,A,6.5,6.5,True,False
36,XIAWA NO.92,Laurientè,A,5.0,5.0,True,False
36,XIAWA NO.92,Rodriguez Je.,A,7.5,10.0,True,False
36,XIAWA NO.92,Terracciano,P,,,False,True
36,XIAWA NO.92,Torriani,P,,,False,True
36,XIAWA NO.92,Luperto,D,4.5,4.5,True,True
36,XIAWA NO.92,Terracciano F.,D,5.0,5.0,True,True
36,XIAWA NO.92,De Winter,D,,,False,True
36,XIAWA NO.92,Mina,D,6.5,7.5,True,True
36,XIAWA NO.92,Lobotka,C,6.0,6.0,True,True
36,XIAWA NO.92,Thuram K.,C,6.0,7.0,False,True
36,XIAWA NO.92,Vandeputte,C,5.5,5.0,False,True
36,XIAWA NO.92,Miretti,C,5.5,5.5,False,True
36,XIAWA NO.92,Oristanio,C,,,False,True
36,XIAWA NO.92,Esposito F.P.,A,6.5,8.5,False,True
36,XIAWA NO.92,Giovane,A,,,False,True
36,XIAWA NO.92,Cambiaghi,A,,,False,True
36,TEAM WOLFLING,Di Gregorio,P,,,False,False
36,TEAM WOLFLING,Dimarco,D,7.0,9.0,True,False
36,TEAM WOLFLING,Pavlovic,D,5.5,5.0,True,False
36,TEAM WOLFLING,Di Lorenzo,D,6.5,6.5,True,False
36,TEAM WOLFLING,Gutierrez,D,6.5,6.5,True,False
36,TEAM WOLFLING,Atta,C,6.5,6.5,True,False
36,TEAM WOLFLING,Zalewski,C,,,False,False
36,TEAM WOLFLING,McTominay,C,5.5,5.5,True,False
36,TEAM WOLFLING,Banda,A,7.0,10.0,True,False
36,TEAM WOLFLING,Pedro,A,7.0,11.0,True,False
36,TEAM WOLFLING,Douvikas,A,7.0,10.0,True,False
36,TEAM WOLFLING,Perin,P,6.5,4.5,True,True
36,TEAM WOLFLING,Pinsoglio,P,,,False,True
36,TEAM WOLFLING,Ostigard,D,,,False,True
36,TEAM WOLFLING,Belghali,D,6.0,6.0,False,True
36,TEAM WOLFLING,Circati,D,6.0,6.0,False,True
36,TEAM WOLFLING,Baschirotto,D,,,False,True
36,TEAM WOLFLING,De Roon,C,6.0,6.0,True,True
36,TEAM WOLFLING,Mandragora,C,6.5,6.5,False,True
36,TEAM WOLFLING,Konè I.,C,6.5,6.5,False,True
36,TEAM WOLFLING,Volpato,C,,,False,True
36,TEAM WOLFLING,Mazzitelli,C,,,False,True
36,TEAM WOLFLING,Berardi,A,6.0,6.0,False,True
36,TEAM WOLFLING,Cheddira,A,6.0,6.0,False,True
36,TEAM WOLFLING,Sarr A.,A,6.0,6.0,False,True
36,TEAM YANGTUO,De Gea,P,,,False,False
36,TEAM YANGTUO,Solet,D,6.0,6.0,True,False
36,TEAM YANGTUO,Hermoso,D,6.5,6.5,True,False
36,TEAM YANGTUO,Muharemovic,D,,,False,False
36,TEAM YANGTUO,Dodò,D,6.5,6.5,True,False
36,TEAM YANGTUO,Zortea,D,6.0,6.0,True,False
36,TEAM YANGTUO,Locatelli,C,5.5,5.5,True,False
36,TEAM YANGTUO,Brescianini,C,6.5,7.5,True,False
36,TEAM YANGTUO,Luis Henrique,C,6.0,6.0,True,False
36,TEAM YANGTUO,Castro S.,A,5.5,5.5,True,False
36,TEAM YANGTUO,Stulic,A,,,False,False
36,TEAM YANGTUO,Christensen O.,P,7.5,7.5,True,True
36,TEAM YANGTUO,Lezzerini,P,,,False,True
36,TEAM YANGTUO,Kilicsoy,A,,,False,True
36,TEAM YANGTUO,Barbieri,D,,,False,True
36,TEAM YANGTUO,Durosinmi,A,,,False,True
36,TEAM YANGTUO,Bowie,A,5.5,5.5,True,True
36,TEAM YANGTUO,Bernede,C,,,False,True
36,TEAM YANGTUO,Britschgi,D,6.0,5.5,True,True
36,GOODBYE,Milinkovic-Savic V.,P,,,False,False
36,GOODBYE,Mancini,D,6.5,6.5,True,False
36,GOODBYE,Ghilardi,D,5.5,5.5,True,False
36,GOODBYE,Bastoni,D,,,False,False
36,GOODBYE,El Aynaoui,C,6.0,6.0,True,False
36,GOODBYE,Cristante,C,6.0,6.0,True,False
36,GOODBYE,Pisilli,C,6.0,6.0,True,False
36,GOODBYE,Konè M.,C,6.0,6.0,True,False
36,GOODBYE,Scamacca,A,,,False,False
36,GOODBYE,Boga,A,6.0,6.0,True,False
36,GOODBYE,Yildiz,A,,,False,False
36,GOODBYE,Meret,P,6.5,7.5,True,True
36,GOODBYE,Vasquez D.,P,,,False,True
36,GOODBYE,Bremer,D,,,False,True
36,GOODBYE,Norton-Cuffy,D,6.0,6.0,True,True
36,GOODBYE,Valle,D,,,False,True
36,GOODBYE,Ziolkowski,D,5.5,5.0,False,True
36,GOODBYE,Idrissi R.,D,,,False,True
36,GOODBYE,Pellegrini Lo.,C,,,False,True
36,GOODBYE,El Shaarawy,C,7.0,9.0,False,True
36,GOODBYE,Zielinski,C,5.0,3.0,False,True
36,GOODBYE,Matic,C,6.0,6.0,False,True
36,GOODBYE,Sulemana K.,A,6.5,6.0,True,True
36,GOODBYE,Raspadori,A,6.0,6.0,True,True
36,GOODBYE,Vaz,A,,,False,True
36,ETERNITY,Sommer,P,,,False,False
36,ETERNITY,Gosens,D,6.0,6.0,True,False
36,ETERNITY,Buongiorno,D,,,False,False
36,ETERNITY,Pezzella Giu.,D,4.5,4.5,True,False
36,ETERNITY,Gudmundsson A.,C,6.0,6.0,True,False
36,ETERNITY,Rabiot,C,5.5,5.5,True,False
36,ETERNITY,De Bruyne,C,6.5,7.5,True,False
36,ETERNITY,Ederson D.S.,C,,,False,False
36,ETERNITY,Malen,A,6.5,7.5,True,False
36,ETERNITY,Simeone,A,6.0,6.0,True,False
36,ETERNITY,Martinez L.,A,5.5,5.0,True,False
36,ETERNITY,Paleari,P,6.5,4.5,True,True
36,ETERNITY,Bellanova,D,5.5,5.5,True,True
36,ETERNITY,Lazaro,D,,,False,True
36,ETERNITY,Ranieri L.,D,,,False,True
36,ETERNITY,Maldini,C,6.0,6.0,True,True
36,ETERNITY,Thorstvedt,C,5.5,5.0,False,True
36,ETERNITY,Jashari,C,5.0,5.0,False,True
36,ETERNITY,Esposito Se.,A,6.5,6.5,False,True
36,ETERNITY,Ratkov,A,,,False,True
36,ETERNITY,Pinamonti,A,5.5,5.5,False,True
36,NO ONE,Falcone,P,6.5,7.5,True,False
36,NO ONE,Zappacosta,D,6.5,6.5,True,False
36,NO ONE,N'Dicka,D,,,False,False
36,NO ONE,Kempf,D,6.5,6.5,True,False
36,NO ONE,Bisseck,D,5.5,5.5,True,False
36,NO ONE,Baturina,C,6.0,6.0,True,False
36,NO ONE,Barella,C,6.0,6.0,True,False
36,NO ONE,Malinovskyi,C,,,False,False
36,NO ONE,Leao,A,6.0,6.0,True,False
36,NO ONE,Solomon,A,,,False,False
36,NO ONE,Dybala,A,8.0,11.0,True,False
36,NO ONE,Fruchtl,P,,,False,True
36,NO ONE,Samooja,P,,,False,True
36,NO ONE,Akanji,D,,,False,True
36,NO ONE,Scalvini,D,6.0,6.0,True,True
36,NO ONE,Ismajli,D,5.0,5.0,False,True
36,NO ONE,Angelino,D,,,False,True
36,NO ONE,Baldanzi,C,,,False,True
36,NO ONE,Gaetano,C,7.0,7.0,True,True
36,NO ONE,Samardzic,C,6.5,6.5,False,True
36,NO ONE,Ricci S.,C,,,False,True
36,NO ONE,Berisha M.,C,,,False,True
36,NO ONE,Piccoli,A,7.0,9.0,True,True
36,NO ONE,Kean,A,,,False,True
36,NO ONE,Lukaku,A,,,False,True
36,WINNING MOMENT,Svilar,P,6.5,7.5,True,False
36,WINNING MOMENT,Estupinan,D,,,False,False
36,WINNING MOMENT,Tomori,D,5.0,5.0,True,False
36,WINNING MOMENT,Kalulu,D,6.0,5.5,True,False
36,WINNING MOMENT,Moreno Alb.,D,6.0,5.5,True,False
36,WINNING MOMENT,Kelly L.,D,5.5,5.5,True,False
36,WINNING MOMENT,Pasalic,C,5.5,5.5,True,False
36,WINNING MOMENT,Modric,C,6.0,6.0,True,False
36,WINNING MOMENT,Isaksen,C,,,False,False
36,WINNING MOMENT,Hojlund,A,7.5,11.5,True,False
36,WINNING MOMENT,Krstovic,A,,,False,False
36,WINNING MOMENT,Gollini,P,,,False,True
36,WINNING MOMENT,Zelezny,P,,,False,True
36,WINNING MOMENT,Celik,D,6.5,6.5,True,True
36,WINNING MOMENT,Carlos Augusto,D,6.0,6.0,False,True
36,WINNING MOMENT,Bartesaghi,D,5.5,5.5,False,True
36,WINNING MOMENT,Perrone,C,6.5,6.5,True,True
36,WINNING MOMENT,Koopmeiners,C,5.5,5.5,False,True
36,WINNING MOMENT,Elmas,C,5.5,5.5,False,True
36,WINNING MOMENT,Ekkelenkamp,C,,,False,True
36,WINNING MOMENT,Adams C.,A,7.0,10.0,True,True
36,WINNING MOMENT,David,A,5.5,5.5,False,True
