giornata,team,player,position,voto,fantavoto,active,on_bench
1,BALZARETTI42,De Gea,P,7.0,4.0,True,False
1,BALZARETTI42,Gosens,D,6.5,6.5,True,False
1,BALZARETTI42,Ramon,D,5.5,4.5,True,False
1,BALZARETTI42,Valle,D,6.0,5.5,True,False
1,BALZARETTI42,Dodò,D,6.0,6.0,True,False
1,BALZARETTI42,Nicolussi Caviglia,C,6.0,6.0,True,False
1,BALZARETTI42,De Roon,C,7.0,7.0,True,False
1,BALZARETTI42,Sohm,C,5.5,5.5,True,False
1,BALZARETTI42,Piccoli,A,5.5,5.5,True,False
1,BALZARETTI42,De Ketelaere,A,8.0,14.0,True,False
1,BALZARETTI42,Kean,A,5.5,5.5,True,False
1,BALZARETTI42,Lezzerini,P,,,False,True
1,BALZARETTI42,Pezzella Giu.,D,5.5,5.5,False,True
1,BALZARETTI42,Comuzzo,D,5.0,5.0,False,True
1,BALZARETTI42,Collocolo,C,5.5,5.0,False,True
1,BALZARETTI42,Elmas,C,6.0,6.0,False,True
1,BALZARETTI42,Cancellieri,A,5.5,5.5,False,True
1,BALZARETTI42,Ranieri L.,D,6.0,8.0,False,True
1,BALZARETTI42,Gudmundsson A.,C,,,False,True
1,BALZARETTI42,Masini,C,5.5,5.5,False,True
1,BALZARETTI42,Ellertsson,C,5.5,5.5,False,True
1,BALZARETTI42,Canestrelli,D,5.0,5.0,False,True
1,BALZARETTI42,Martinelli T.,P,,,False,True
1,BALZARETTI42,Diao,A,,,False,True
1,BALZARETTI42,Lukaku,A,,,False,True
1,MARIO GO,Di Gregorio,P,6.0,3.0,True,False
1,MARIO GO,Dumfries,D,6.0,6.0,True,False
1,MARIO GO,Valeri,D,6.0,6.0,True,False
1,MARIO GO,Vasquez,D,6.0,6.0,True,False
1,MARIO GO,Tavares N.,D,5.5,5.5,True,False
1,MARIO GO,Orsolini,C,5.5,5.5,True,False
1,MARIO GO,Barella,C,5.5,5.5,True,False
1,MARIO GO,Vlasic,C,6.5,6.5,True,False
1,MARIO GO,Tourè I.,C,6.5,6.5,True,False
1,MARIO GO,Esposito Se.,A,6.0,5.5,True,False
1,MARIO GO,Laurientè,A,6.0,6.0,True,False
1,MARIO GO,Maignan,P,6.0,7.0,False,True
1,MARIO GO,Joao Mario,D,,,False,True
1,MARIO GO,Vazquez,C,6.0,6.0,False,True
1,MARIO GO,Da Cunha,C,6.0,6.0,False,True
1,MARIO GO,Dovbyk,A,,,False,True
1,MARIO GO,Dzeko,A,5.0,5.0,False,True
1,MARIO GO,Pedro,A,6.0,6.0,False,True
1,MARIO GO,Mandragora,C,6.0,6.0,False,True
1,MARIO GO,Zappacosta,D,,,False,True
1,MARIO GO,Rensch,D,,,False,True
1,MARIO GO,Gimenez,A,5.0,5.0,False,True
1,MARIO GO,Miranda J.,D,5.5,5.0,False,True
1,MARIO GO,Fazzini,C,6.5,6.5,False,True
1,MARIO GO,Pinsoglio,P,,,False,True
1,TEAM SITH,Svilar,P,6.5,5.5,True,False
1,TEAM SITH,Di Lorenzo,D,6.5,6.5,True,False
1,TEAM SITH,Buongiorno,D,6.0,6.0,True,False
1,TEAM SITH,Bellanova,D,6.5,6.5,True,False
1,TEAM SITH,Martin,D,6.0,6.0,True,False
1,TEAM SITH,Thuram K.,C,7.0,9.0,True,False
1,TEAM SITH,McTominay,C,6.5,6.5,True,False
1,TEAM SITH,Frendrup,C,5.5,5.5,True,False
1,TEAM SITH,Rabiot,C,6.5,6.5,True,False
1,TEAM SITH,Pinamonti,A,6.0,5.5,True,False
1,TEAM SITH,Soulè,A,6.5,6.5,True,False
1,TEAM SITH,Lookman,A,,,False,True
1,TEAM SITH,Dia,A,5.5,5.5,False,True
1,TEAM SITH,Morata,A,5.5,6.0,False,True
1,TEAM SITH,Ngonge,A,6.0,7.0,False,True
1,TEAM SITH,Locatelli,C,6.5,6.0,False,True
1,TEAM SITH,Koopmeiners,C,5.0,4.5,False,True
1,TEAM SITH,Loftus-Cheek,C,6.5,6.5,False,True
1,TEAM SITH,Isaksen,C,,,False,True
1,TEAM SITH,Romagnoli,D,5.5,5.5,False,True
1,TEAM SITH,Gatti,D,6.0,6.0,False,True
1,TEAM SITH,Gallo,D,4.5,4.5,False,True
1,TEAM SITH,Coco,D,6.5,6.5,False,True
1,TEAM SITH,Gollini,P,,,False,True
1,TEAM SITH,Vasquez D.,P,,,False,True
1,BOSS ROMAZDA,Carnesecchi,P,6.0,5.0,True,False
1,BOSS ROMAZDA,Carlos Augusto,D,6.5,7.5,True,False
1,BOSS ROMAZDA,Baschirotto,D,5.0,5.0,True,False
1,BOSS ROMAZDA,Delprato,D,5.5,5.5,True,False
1,BOSS ROMAZDA,Tramoni M.,C,5.5,5.5,True,False
1,BOSS ROMAZDA,Pulisic,C,7.0,7.0,True,False
1,BOSS ROMAZDA,Folorunsho,C,6.0,6.0,True,False
1,BOSS ROMAZDA,Oristanio,C,6.0,6.0,True,False
1,BOSS ROMAZDA,David,A,6.5,7.5,True,False
1,BOSS ROMAZDA,Castellanos,A,5.5,5.5,True,False
1,BOSS ROMAZDA,Martinez L.,A,5.0,5.0,True,False
1,BOSS ROMAZDA,Hojlund,A,7.0,10.0,False,True
1,BOSS ROMAZDA,Simeone,A,7.5,11.5,False,True
1,BOSS ROMAZDA,Orban G.,A,6.0,6.0,False,True
1,BOSS ROMAZDA,Stanciu,C,,,False,True
1,BOSS ROMAZDA,Carboni V.,C,6.5,6.5,False,True
1,BOSS ROMAZDA,Zhegrova,C,,,False,True
1,BOSS ROMAZDA,Casadei,C,6.0,6.0,False,True
1,BOSS ROMAZDA,Olivera,D,6.0,6.0,False,True
1,BOSS ROMAZDA,Biraghi,D,6.0,6.0,False,True
1,BOSS ROMAZDA,Bisseck,D,,,False,True
1,BOSS ROMAZDA,Tsimikas,D,,,False,True
1,BOSS ROMAZDA,Gutierrez,D,,,False,True
1,BOSS ROMAZDA,Sportiello,P,,,False,True
1,BOSS ROMAZDA,Leali,P,6.5,5.5,False,True
1,SANSHIMI,Suzuki,P,5.0,3.0,True,False
1,SANSHIMI,Akanji,D,6.0,6.0,True,False
1,SANSHIMI,Pavlovic,D,6.0,6.0,True,False
1,SANSHIMI,Estupinan,D,6.0,5.5,True,False
1,SANSHIMI,Zaccagni,C,6.5,6.5,True,False
1,SANSHIMI,Pasalic,C,6.5,6.5,True,False
1,SANSHIMI,Atta,C,7.0,7.0,True,False
1,SANSHIMI,Bernabè,C,6.5,6.5,True,False
1,SANSHIMI,Thuram,A,7.0,9.0,True,False
1,SANSHIMI,Krstovic,A,6.5,8.5,True,False
1,SANSHIMI,Douvikas,A,6.0,6.0,True,False
1,SANSHIMI,Sucic P.,C,,,False,True
1,SANSHIMI,Camarda,A,5.5,5.5,False,True
1,SANSHIMI,Zerbin,C,5.5,5.5,False,True
1,SANSHIMI,Odgaard,C,6.0,6.0,False,True
1,SANSHIMI,Butez,P,6.0,5.0,False,True
1,SANSHIMI,Djimsiti,D,,,False,True
1,SANSHIMI,Sulemana K.,A,6.0,6.0,False,True
1,SANSHIMI,Bonny,A,5.5,5.5,False,True
1,SANSHIMI,Venturino,C,,,False,True
1,SANSHIMI,Idrissi R.,D,,,False,True
1,SANSHIMI,Bremer,D,7.5,9.5,False,True
1,SANSHIMI,Juan Jesus,D,,,False,True
1,SANSHIMI,Sava,P,5.5,6.5,False,True
1,SANSHIMI,Rrahmani,D,,,False,True
1,TEAM CHENFENGZI,Skorupski,P,6.0,4.5,True,False
1,TEAM CHENFENGZI,Angelino,D,5.5,5.0,True,False
1,TEAM CHENFENGZI,N'Dicka,D,6.0,6.0,True,False
1,TEAM CHENFENGZI,Mancini,D,6.0,6.0,True,False
1,TEAM CHENFENGZI,Hermoso,D,6.0,6.0,True,False
1,TEAM CHENFENGZI,Lobotka,C,6.0,6.0,True,False
1,TEAM CHENFENGZI,Paz N.,C,7.0,10.0,True,False
1,TEAM CHENFENGZI,Luis Henrique,C,,,False,False
1,TEAM CHENFENGZI,Vardy,A,6.0,6.0,True,False
1,TEAM CHENFENGZI,Meister,A,6.0,6.0,True,False
1,TEAM CHENFENGZI,Berardi,A,6.5,6.5,True,False
1,TEAM CHENFENGZI,Esposito F.P.,A,,,False,True
1,TEAM CHENFENGZI,Nzola,A,6.0,6.0,False,True
1,TEAM CHENFENGZI,Ostigard,D,6.0,5.5,False,True
1,TEAM CHENFENGZI,Malinovskyi,C,5.5,5.0,True,True
1,TEAM CHENFENGZI,Kelly L.,D,7.0,9.0,False,True
1,TEAM CHENFENGZI,Immobile,A,,,False,True
1,TEAM CHENFENGZI,Ederson D.S.,C,,,False,True
1,TEAM CHENFENGZI,Ricci S.,C,6.5,6.5,False,True
1,TEAM CHENFENGZI,Mkhitaryan,C,5.5,5.0,False,True
1,TEAM CHENFENGZI,Bernardeschi,C,5.5,5.5,False,True
1,TEAM CHENFENGZI,Caprile,P,7.0,8.0,False,True
1,TEAM CHENFENGZI,Israel,P,6.0,7.0,False,True
1,TEAM CHENFENGZI,Ceccherini,D,,,False,True
1,TEAM CHENFENGZI,Ghilardi,D,,,False,True
1,X-17,Provedel,P,6.0,5.0,True,False
1,X-17,Gabbia,D,6.5,6.5,True,False
1,X-17,Scalvini,D,7.0,9.0,True,False
1,X-17,Doig,D,6.0,5.5,True,False
1,X-17,Calhanoglu,C,7.5,11.5,True,False
1,X-17,Modric,C,7.5,11.5,True,False
1,X-17,De Bruyne,C,7.0,9.0,True,False
1,X-17,Saelemaekers,C,6.5,7.0,True,False
1,X-17,Yildiz,A,7.0,11.0,True,False
1,X-17,Vlahovic,A,5.0,5.0,True,False
1,X-17,Dybala,A,5.5,5.5,True,False
1,X-17,Furlanetto,P,,,False,True
1,X-17,Mandas,P,,,False,True
1,X-17,Lazaro,D,6.0,6.0,False,True
1,X-17,Cambiaso,D,,,False,True
1,X-17,Marianucci,D,,,False,True
1,X-17,Lovik,D,6.0,6.0,False,True
1,X-17,Veiga D.,D,6.0,6.5,False,True
1,X-17,Prati,C,6.0,6.0,False,True
1,X-17,Baldanzi,C,5.5,5.5,False,True
1,X-17,Conceicao,C,,,False,True
1,X-17,Bailey,C,,,False,True
1,X-17,Castro S.,A,5.5,5.5,False,True
1,X-17,Rodriguez Je.,A,5.5,5.5,False,True
1,X-17,Bravo,A,7.0,11.0,False,True
1,MIZI-MAIGO,Falcone,P,5.5,1.5,True,False
1,MIZI-MAIGO,Dimarco,D,6.5,7.5,True,False
1,MIZI-MAIGO,Bastoni,D,5.5,5.5,True,False
1,MIZI-MAIGO,Acerbi,D,6.0,6.0,True,False
1,MIZI-MAIGO,Spinazzola,D,6.5,7.5,True,False
1,MIZI-MAIGO,Zalewski,C,7.5,10.5,True,False
1,MIZI-MAIGO,Pellegrini Lo.,C,,,False,False
1,MIZI-MAIGO,Cristante,C,6.0,6.0,True,False
1,MIZI-MAIGO,Frattesi,C,,,False,False
1,MIZI-MAIGO,Politano,C,6.5,6.5,True,False
1,MIZI-MAIGO,Lucca,A,6.0,6.0,True,False
1,MIZI-MAIGO,Pisilli,C,5.5,5.5,True,True
1,MIZI-MAIGO,El Shaarawy,C,6.0,6.0,True,True
1,MIZI-MAIGO,Zaniolo,C,5.5,5.5,False,True
1,MIZI-MAIGO,Celik,D,,,False,True
1,MIZI-MAIGO,Darmian,D,,,False,True
1,MIZI-MAIGO,Pellegrini Lu.,D,,,False,True
1,MIZI-MAIGO,De Silvestri,D,,,False,True
1,MIZI-MAIGO,Pellegrino M.,A,5.5,5.5,False,True
1,MIZI-MAIGO,Almqvist,A,5.5,5.5,False,True
1,MIZI-MAIGO,Giovane,A,6.0,6.5,False,True
1,MIZI-MAIGO,Perin,P,,,False,True
1,MIZI-MAIGO,Zelezny,P,,,False,True
1,XIAO SHI,Sommer,P,5.0,1.0,True,False
1,XIAO SHI,Mina,D,7.0,11.0,True,False
1,XIAO SHI,Vojvoda,D,5.5,5.5,True,False
1,XIAO SHI,Kalulu,D,5.5,5.5,True,False
1,XIAO SHI,Zambo Anguissa,C,6.5,8.5,True,False
1,XIAO SHI,Konè M.,C,5.5,5.5,True,False
1,XIAO SHI,Rovella,C,6.0,5.5,True,False
1,XIAO SHI,Maldini,C,6.0,6.0,True,False
1,XIAO SHI,Guendouzi,C,5.5,5.5,True,False
1,XIAO SHI,Nkunku,A,,,False,False
1,XIAO SHI,Ferguson E.,A,5.5,5.5,True,False
1,XIAO SHI,Openda,A,6.0,6.0,True,True
1,XIAO SHI,Lang,A,,,False,True
1,XIAO SHI,Adams C.,A,6.0,6.0,False,True
1,XIAO SHI,Colombo,A,5.0,5.0,False,True
1,XIAO SHI,El Aynaoui,C,6.0,6.0,False,True
1,XIAO SHI,Vandeputte,C,5.5,5.5,False,True
1,XIAO SHI,Rowe,C,6.0,6.0,False,True
1,XIAO SHI,Marusic,D,6.0,5.5,False,True
1,XIAO SHI,Zortea,D,5.5,5.5,False,True
1,XIAO SHI,Solet,D,6.5,6.5,False,True
1,XIAO SHI,Terracciano F.,D,5.5,5.5,False,True
1,XIAO SHI,Martinez Jo.,P,,,False,True
1,XIAO SHI,Turati,P,,,False,True
1,XIAO SHI,Wesley,D,5.0,4.5,False,True
1,TEAM BRAUNA,Meret,P,,,False,False
1,TEAM BRAUNA,Beukema,D,7.0,9.0,True,False
1,TEAM BRAUNA,Luperto,D,6.5,6.5,True,False
1,TEAM BRAUNA,Hien,D,6.5,6.5,True,False
1,TEAM BRAUNA,Angori,D,5.5,5.5,True,False
1,TEAM BRAUNA,Adopo,C,6.0,6.0,True,False
1,TEAM BRAUNA,Stengs,C,,,False,False
1,TEAM BRAUNA,Fofana Y.,C,6.0,6.0,True,False
1,TEAM BRAUNA,Dele-Bashiru,C,5.5,5.5,True,False
1,TEAM BRAUNA,Davis K.,A,6.0,6.0,True,False
1,TEAM BRAUNA,Kuhn,A,6.5,6.5,True,False
1,TEAM BRAUNA,Milinkovic-Savic V.,P,5.5,4.5,True,True
1,TEAM BRAUNA,Semper,P,6.0,5.0,False,True
1,TEAM BRAUNA,Kristensen T.,D,7.0,7.0,False,True
1,TEAM BRAUNA,Tomori,D,6.0,5.5,False,True
1,TEAM BRAUNA,Zemura,D,6.0,6.0,False,True
1,TEAM BRAUNA,Tiago Gabriel,D,,,False,True
1,TEAM BRAUNA,Sarmiento J.,C,6.0,6.0,True,True
1,TEAM BRAUNA,Diouf,C,,,False,True
1,TEAM BRAUNA,Lorran,C,,,False,True
1,TEAM BRAUNA,Neres,C,6.0,6.0,False,True
1,TEAM BRAUNA,Stulic,A,5.5,5.5,False,True
1,TEAM BRAUNA,Zapata D.,A,,,False,True
1,TEAM BRAUNA,De Luca,A,,,False,True
2,BOSS ROMAZDA,Carnesecchi,P,7.0,10.0,True,False
2,BOSS ROMAZDA,Carlos Augusto,D,6.5,7.5,True,False
2,BOSS ROMAZDA,Baschirotto,D,6.5,6.5,True,False
2,BOSS ROMAZDA,Bisseck,D,,,False,False
2,BOSS ROMAZDA,Zhegrova,C,,,False,False
2,BOSS ROMAZDA,Folorunsho,C,6.5,6.5,True,False
2,BOSS ROMAZDA,Pulisic,C,8.5,15.5,True,False
2,BOSS ROMAZDA,Carboni V.,C,5.0,4.5,True,False
2,BOSS ROMAZDA,David,A,6.0,6.0,True,False
2,BOSS ROMAZDA,Martinez L.,A,6.0,6.0,True,False
2,BOSS ROMAZDA,Hojlund,A,5.5,5.5,True,False
2,BOSS ROMAZDA,Castellanos,A,6.0,6.0,False,True
2,BOSS ROMAZDA,Simeone,A,6.0,6.0,False,True
2,BOSS ROMAZDA,Orban G.,A,7.5,11.0,False,True
2,BOSS ROMAZDA,Oristanio,C,6.0,6.0,True,True
2,BOSS ROMAZDA,Stanciu,C,,,False,True
2,BOSS ROMAZDA,Casadei,C,5.5,5.5,False,True
2,BOSS ROMAZDA,Tramoni M.,C,5.5,5.5,False,True
2,BOSS ROMAZDA,Delprato,D,6.0,6.0,True,True
2,BOSS ROMAZDA,Olivera,D,,,False,True
2,BOSS ROMAZDA,Biraghi,D,5.0,5.0,False,True
2,BOSS ROMAZDA,Tsimikas,D,,,False,True
2,BOSS ROMAZDA,Gutierrez,D,,,False,True
2,BOSS ROMAZDA,Sportiello,P,,,False,True
2,BOSS ROMAZDA,Leali,P,6.5,4.5,False,True
2,BALZARETTI42,De Gea,P,6.0,4.0,True,False
2,BALZARETTI42,Gosens,D,5.5,5.5,True,False
2,BALZARETTI42,Pezzella Giu.,D,6.0,5.5,True,False
2,BALZARETTI42,Valle,D,6.0,6.0,True,False
2,BALZARETTI42,Dodò,D,5.5,5.0,True,False
2,BALZARETTI42,Nicolussi Caviglia,C,5.5,5.5,True,False
2,BALZARETTI42,De Roon,C,6.5,6.5,True,False
2,BALZARETTI42,Sohm,C,5.5,5.0,True,False
2,BALZARETTI42,Piccoli,A,5.0,5.0,True,False
2,BALZARETTI42,De Ketelaere,A,,,False,False
2,BALZARETTI42,Kean,A,5.5,5.5,True,False
2,BALZARETTI42,Lezzerini,P,,,False,True
2,BALZARETTI42,Ranieri L.,D,6.0,5.5,False,True
2,BALZARETTI42,Comuzzo,D,,,False,True
2,BALZARETTI42,Collocolo,C,,,False,True
2,BALZARETTI42,Elmas,C,5.5,5.5,False,True
2,BALZARETTI42,Cancellieri,A,,,False,True
2,BALZARETTI42,Gudmundsson A.,C,,,False,True
2,BALZARETTI42,Masini,C,5.5,5.0,False,True
2,BALZARETTI42,Ellertsson,C,7.0,9.0,False,True
2,BALZARETTI42,Canestrelli,D,5.5,5.5,False,True
2,BALZARETTI42,Martinelli T.,P,,,False,True
2,BALZARETTI42,Diao,A,,,False,True
2,BALZARETTI42,Lukaku,A,,,False,True
2,MIZI-MAIGO,Falcone,P,6.5,4.5,True,False
2,MIZI-MAIGO,Dimarco,D,7.0,8.5,True,False
2,MIZI-MAIGO,Bastoni,D,,,False,False
2,MIZI-MAIGO,Acerbi,D,6.0,6.0,True,False
2,MIZI-MAIGO,Spinazzola,D,7.5,11.0,True,False
2,MIZI-MAIGO,Zalewski,C,,,False,False
2,MIZI-MAIGO,Pellegrini Lo.,C,7.0,11.0,True,False
2,MIZI-MAIGO,Cristante,C,6.0,6.0,True,False
2,MIZI-MAIGO,Frattesi,C,6.0,6.0,True,False
2,MIZI-MAIGO,Politano,C,6.5,6.5,True,False
2,MIZI-MAIGO,Lucca,A,7.0,10.0,True,False
2,MIZI-MAIGO,Scamacca,A,,,False,True
2,MIZI-MAIGO,Pellegrino M.,A,6.0,6.0,False,True
2,MIZI-MAIGO,Almqvist,A,6.0,6.0,False,True
2,MIZI-MAIGO,Bayo V.,A,,,False,True
2,MIZI-MAIGO,Giovane,A,6.0,6.0,False,True
2,MIZI-MAIGO,Pisilli,C,6.0,6.0,True,True
2,MIZI-MAIGO,El Shaarawy,C,,,False,True
2,MIZI-MAIGO,Zaniolo,C,6.0,6.0,False,True
2,MIZI-MAIGO,Darmian,D,,,False,True
2,MIZI-MAIGO,Celik,D,6.5,6.5,True,True
2,MIZI-MAIGO,Pellegrini Lu.,D,6.0,6.0,False,True
2,MIZI-MAIGO,De Silvestri,D,6.0,6.0,False,True
2,MIZI-MAIGO,Perin,P,,,False,True
2,MIZI-MAIGO,Zelezny,P,,,False,True
2,XIAO SHI,Sommer,P,,,False,False
2,XIAO SHI,Mina,D,6.5,6.5,True,False
2,XIAO SHI,Vojvoda,D,5.5,5.0,True,False
2,XIAO SHI,Kalulu,D,6.0,6.0,True,False
2,XIAO SHI,Zambo Anguissa,C,6.0,6.0,True,False
2,XIAO SHI,Konè M.,C,7.0,7.0,True,False
2,XIAO SHI,Vandeputte,C,5.5,5.5,True,False
2,XIAO SHI,El Aynaoui,C,,,False,False
2,XIAO SHI,Nkunku,A,6.0,6.0,True,False
2,XIAO SHI,Ferguson E.,A,6.0,6.0,True,False
2,XIAO SHI,Openda,A,6.0,6.0,True,False
2,XIAO SHI,Lang,A,,,False,True
2,XIAO SHI,Adams C.,A,5.5,5.5,False,True
2,XIAO SHI,Colombo,A,5.5,5.5,False,True
2,XIAO SHI,Guendouzi,C,6.0,5.0,True,True
2,XIAO SHI,Rovella,C,6.0,6.0,False,True
2,XIAO SHI,Maldini,C,,,False,True
2,XIAO SHI,Rowe,C,,,False,True
2,XIAO SHI,Solet,D,5.5,5.5,False,True
2,XIAO SHI,Wesley,D,,,False,True
2,XIAO SHI,Marusic,D,6.0,6.0,False,True
2,XIAO SHI,Zortea,D,5.5,5.5,False,True
2,XIAO SHI,Terracciano F.,D,6.0,6.0,False,True
2,XIAO SHI,Turati,P,,,False,True
2,XIAO SHI,Martinez Jo.,P,6.5,5.5,True,True
2,TEAM CHENFENGZI,Skorupski,P,6.5,5.5,True,False
2,TEAM CHENFENGZI,Angelino,D,6.0,6.0,True,False
2,TEAM CHENFENGZI,N'Dicka,D,6.0,5.5,True,False
2,TEAM CHENFENGZI,Mancini,D,6.0,6.0,True,False
2,TEAM CHENFENGZI,Hermoso,D,,,False,False
2,TEAM CHENFENGZI,Lobotka,C,6.0,6.5,True,False
2,TEAM CHENFENGZI,Paz N.,C,7.0,8.5,True,False
2,TEAM CHENFENGZI,Mkhitaryan,C,,,False,False
2,TEAM CHENFENGZI,Vardy,A,,,False,False
2,TEAM CHENFENGZI,Meister,A,5.5,5.5,True,False
2,TEAM CHENFENGZI,Berardi,A,6.5,7.5,True,False
2,TEAM CHENFENGZI,Malinovskyi,C,6.5,7.5,True,True
2,TEAM CHENFENGZI,Ostigard,D,6.0,5.5,True,True
2,TEAM CHENFENGZI,Kelly L.,D,5.5,5.0,False,True
2,TEAM CHENFENGZI,Esposito F.P.,A,6.5,6.5,True,True
2,TEAM CHENFENGZI,Immobile,A,,,False,True
2,TEAM CHENFENGZI,Luis Henrique,C,6.0,6.0,False,True
2,TEAM CHENFENGZI,Nzola,A,7.0,9.0,False,True
2,TEAM CHENFENGZI,Caprile,P,6.5,5.5,False,True
2,TEAM CHENFENGZI,Israel,P,6.0,3.0,False,True
2,TEAM CHENFENGZI,Ederson D.S.,C,,,False,True
2,TEAM CHENFENGZI,Ricci S.,C,6.0,6.0,False,True
2,TEAM CHENFENGZI,Bernardeschi,C,5.5,5.0,False,True
2,TEAM CHENFENGZI,Ceccherini,D,6.0,6.0,False,True
2,TEAM CHENFENGZI,Ghilardi,D,,,False,True
2,X-17,Provedel,P,6.5,5.5,True,False
2,X-17,Gabbia,D,6.0,6.0,True,False
2,X-17,Lovik,D,,,False,False
2,X-17,Cambiaso,D,5.5,5.5,True,False
2,X-17,Calhanoglu,C,6.0,5.5,True,False
2,X-17,Modric,C,7.0,7.0,True,False
2,X-17,De Bruyne,C,5.5,5.5,True,False
2,X-17,Saelemaekers,C,7.0,7.0,True,False
2,X-17,Yildiz,A,6.0,6.0,True,False
2,X-17,Vlahovic,A,5.5,5.5,True,False
2,X-17,Castro S.,A,7.0,9.0,True,False
2,X-17,Furlanetto,P,,,False,True
2,X-17,Mandas,P,,,False,True
2,X-17,Lazaro,D,5.0,5.0,True,True
2,X-17,Veiga D.,D,,,False,True
2,X-17,Marianucci,D,,,False,True
2,X-17,Doig,D,6.0,6.0,False,True
2,X-17,Scalvini,D,,,False,True
2,X-17,Prati,C,6.0,5.5,False,True
2,X-17,Conceicao,C,7.0,9.0,False,True
2,X-17,Baldanzi,C,6.0,6.0,False,True
2,X-17,Bailey,C,,,False,True
2,X-17,Bravo,A,5.5,5.5,False,True
2,X-17,Rodriguez Je.,A,6.5,6.5,False,True
2,X-17,Dybala,A,,,False,True
2,MARIO GO,Di Gregorio,P,6.5,5.5,True,False
2,MARIO GO,Dumfries,D,6.0,6.0,True,False
2,MARIO GO,Valeri,D,6.0,6.0,True,False
2,MARIO GO,Vasquez,D,6.0,6.0,True,False
2,MARIO GO,Tavares N.,D,5.0,5.0,True,False
2,MARIO GO,Orsolini,C,6.5,10.5,True,False
2,MARIO GO,Barella,C,6.0,6.0,True,False
2,MARIO GO,Vlasic,C,5.5,5.5,True,False
2,MARIO GO,Tourè I.,C,,,False,False
2,MARIO GO,Esposito Se.,A,6.5,6.0,True,False
2,MARIO GO,Laurientè,A,6.0,6.0,True,False
2,MARIO GO,Maignan,P,,,False,True
2,MARIO GO,Joao Mario,D,5.0,5.0,False,True
2,MARIO GO,Vazquez,C,6.5,6.5,True,True
2,MARIO GO,Da Cunha,C,,,False,True
2,MARIO GO,Dovbyk,A,5.5,5.5,False,True
2,MARIO GO,Dzeko,A,6.0,6.0,False,True
2,MARIO GO,Pedro,A,6.0,6.0,False,True
2,MARIO GO,Mandragora,C,7.0,9.0,False,True
2,MARIO GO,Zappacosta,D,6.5,7.0,False,True
2,MARIO GO,Rensch,D,7.0,7.0,False,True
2,MARIO GO,Gimenez,A,5.5,5.5,False,True
2,MARIO GO,Miranda J.,D,5.5,5.5,False,True
2,MARIO GO,Fazzini,C,5.5,5.5,False,True
2,MARIO GO,Pinsoglio,P,,,False,True
2,SANSHIMI,Sava,P,5.0,2.0,True,False
2,SANSHIMI,Bremer,D,,,False,False
2,SANSHIMI,Akanji,D,6.0,6.0,True,False
2,SANSHIMI,Idrissi R.,D,,,False,False
2,SANSHIMI,Atta,C,6.0,5.5,True,False
2,SANSHIMI,Pasalic,C,6.0,6.0,True,False
2,SANSHIMI,Sucic P.,C,7.0,8.0,True,False
2,SANSHIMI,Venturino,C,,,False,False
2,SANSHIMI,Camarda,A,6.0,6.0,True,False
2,SANSHIMI,Krstovic,A,7.5,13.5,True,False
2,SANSHIMI,Thuram,A,6.0,6.0,True,False
2,SANSHIMI,Odgaard,C,,,False,True
2,SANSHIMI,Zaccagni,C,5.5,5.5,True,True
2,SANSHIMI,Bernabè,C,6.5,6.5,False,True
2,SANSHIMI,Estupinan,D,6.5,6.5,True,True
2,SANSHIMI,Pavlovic,D,6.5,6.5,True,True
2,SANSHIMI,Bonny,A,6.0,6.0,False,True
2,SANSHIMI,Sulemana K.,A,7.5,10.5,False,True
2,SANSHIMI,Douvikas,A,5.5,5.5,False,True
2,SANSHIMI,Zerbin,C,5.5,5.5,False,True
2,SANSHIMI,Butez,P,6.0,5.0,False,True
2,SANSHIMI,Suzuki,P,6.0,7.0,False,True
2,SANSHIMI,Djimsiti,D,6.0,6.0,False,True
2,SANSHIMI,Rrahmani,D,,,False,True
2,SANSHIMI,Juan Jesus,D,,,False,True
2,TEAM BRAUNA,Meret,P,6.5,4.5,True,False
2,TEAM BRAUNA,Beukema,D,5.0,5.0,True,False
2,TEAM BRAUNA,Luperto,D,5.5,5.5,True,False
2,TEAM BRAUNA,Hien,D,6.0,6.0,True,False
2,TEAM BRAUNA,Angori,D,6.5,7.5,True,False
2,TEAM BRAUNA,Adopo,C,6.0,6.0,True,False
2,TEAM BRAUNA,Dele-Bashiru,C,,,False,False
2,TEAM BRAUNA,Fofana Y.,C,7.0,9.0,True,False
2,TEAM BRAUNA,Stulic,A,5.0,5.0,True,False
2,TEAM BRAUNA,Davis K.,A,5.5,5.5,True,False
2,TEAM BRAUNA,Kuhn,A,6.0,6.0,True,False
2,TEAM BRAUNA,Milinkovic-Savic V.,P,,,False,True
2,TEAM BRAUNA,Kristensen T.,D,5.0,5.0,False,True
2,TEAM BRAUNA,Tomori,D,6.5,6.5,False,True
2,TEAM BRAUNA,Zemura,D,5.0,4.5,False,True
2,TEAM BRAUNA,Tiago Gabriel,D,6.0,7.5,False,True
2,TEAM BRAUNA,Sarmiento J.,C,,,False,True
2,TEAM BRAUNA,Diouf,C,,,False,True
2,TEAM BRAUNA,Lorran,C,6.5,8.5,True,True
2,TEAM BRAUNA,Zapata D.,A,5.0,3.0,False,True
2,TEAM BRAUNA,De Luca,A,,,False,True
2,TEAM BRAUNA,Neres,C,,,False,True
2,TEAM BRAUNA,Stengs,C,,,False,True
2,TEAM BRAUNA,Semper,P,5.5,2.5,False,True
2,TEAM SITH,Svilar,P,6.0,7.0,True,False
2,TEAM SITH,Di Lorenzo,D,5.0,5.0,True,False
2,TEAM SITH,Buongiorno,D,6.5,6.5,True,False
2,TEAM SITH,Bellanova,D,6.5,6.5,True,False
2,TEAM SITH,Martin,D,6.0,6.0,True,False
2,TEAM SITH,Thuram K.,C,6.0,6.0,True,False
2,TEAM SITH,McTominay,C,6.5,7.5,True,False
2,TEAM SITH,Frendrup,C,6.0,6.0,True,False
2,TEAM SITH,Rabiot,C,7.0,8.0,True,False
2,TEAM SITH,Pinamonti,A,6.0,6.0,True,False
2,TEAM SITH,Soulè,A,6.5,7.5,True,False
2,TEAM SITH,Lookman,A,,,False,True
2,TEAM SITH,Ngonge,A,,,False,True
2,TEAM SITH,Morata,A,5.5,5.5,False,True
2,TEAM SITH,Dia,A,5.0,5.0,False,True
2,TEAM SITH,Loftus-Cheek,C,6.5,6.5,False,True
2,TEAM SITH,Locatelli,C,5.5,5.5,False,True
2,TEAM SITH,Koopmeiners,C,5.5,5.0,False,True
2,TEAM SITH,Isaksen,C,,,False,True
2,TEAM SITH,Gatti,D,6.0,5.5,False,True
2,TEAM SITH,Gallo,D,5.0,5.0,False,True
2,TEAM SITH,Coco,D,5.0,5.0,False,True
2,TEAM SITH,Romagnoli,D,6.0,6.0,False,True
2,TEAM SITH,Gollini,P,,,False,True
2,TEAM SITH,Vasquez D.,P,,,False,True
3,BALZARETTI42,De Gea,P,6.0,7.0,True,False
3,BALZARETTI42,Gosens,D,6.0,6.0,True,False
3,BALZARETTI42,Pezzella Giu.,D,6.0,6.0,True,False
3,BALZARETTI42,Valle,D,6.0,6.0,True,False
3,BALZARETTI42,Dodò,D,5.0,5.0,True,False
3,BALZARETTI42,Nicolussi Caviglia,C,5.5,5.5,True,False
3,BALZARETTI42,De Roon,C,5.5,4.5,True,False
3,BALZARETTI42,Elmas,C,6.0,6.0,True,False
3,BALZARETTI42,Piccoli,A,6.0,6.0,True,False
3,BALZARETTI42,De Ketelaere,A,6.0,6.0,True,False
3,BALZARETTI42,Kean,A,5.5,5.0,True,False
3,BALZARETTI42,Lezzerini,P,,,False,True
3,BALZARETTI42,Comuzzo,D,,,False,True
3,BALZARETTI42,Collocolo,C,,,False,True
3,BALZARETTI42,Cancellieri,A,7.5,11.5,False,True
3,BALZARETTI42,Masini,C,5.5,5.0,False,True
3,BALZARETTI42,Ellertsson,C,5.5,5.5,False,True
3,BALZARETTI42,Canestrelli,D,6.0,6.0,False,True
3,BALZARETTI42,Martinelli T.,P,,,False,True
3,BALZARETTI42,Diao,A,,,False,True
3,BALZARETTI42,Lukaku,A,,,False,True
3,BALZARETTI42,Ranieri L.,D,6.0,6.0,False,True
3,BALZARETTI42,Ramon,D,6.0,5.5,False,True
3,BALZARETTI42,Gudmundsson A.,C,5.0,5.0,False,True
3,TEAM BRAUNA,Meret,P,6.0,4.0,True,False
3,TEAM BRAUNA,Tiago Gabriel,D,5.5,5.5,True,False
3,TEAM BRAUNA,Luperto,D,5.5,5.5,True,False
3,TEAM BRAUNA,Tomori,D,5.5,5.5,True,False
3,TEAM BRAUNA,Kristensen T.,D,5.0,5.0,True,False
3,TEAM BRAUNA,Neres,C,6.5,6.5,True,False
3,TEAM BRAUNA,Fofana Y.,C,6.5,7.5,True,False
3,TEAM BRAUNA,Adopo,C,5.5,5.5,True,False
3,TEAM BRAUNA,Stulic,A,5.5,5.5,True,False
3,TEAM BRAUNA,Davis K.,A,7.0,9.0,True,False
3,TEAM BRAUNA,Kuhn,A,5.5,5.5,True,False
3,TEAM BRAUNA,Milinkovic-Savic V.,P,,,False,True
3,TEAM BRAUNA,Zemura,D,5.5,5.5,False,True
3,TEAM BRAUNA,Sarmiento J.,C,,,False,True
3,TEAM BRAUNA,Diouf,C,,,False,True
3,TEAM BRAUNA,Zapata D.,A,,,False,True
3,TEAM BRAUNA,De Luca,A,,,False,True
3,TEAM BRAUNA,Stengs,C,,,False,True
3,TEAM BRAUNA,Semper,P,6.0,7.0,False,True
3,TEAM BRAUNA,Angori,D,,,False,True
3,TEAM BRAUNA,Leao,A,5.5,5.5,False,True
3,TEAM BRAUNA,Beukema,D,,,False,True
3,TEAM BRAUNA,Lorran,C,,,False,True
3,TEAM BRAUNA,Hien,D,,,False,True
3,TEAM BRAUNA,Dele-Bashiru,C,,,False,True
3,TEAM SITH,Svilar,P,7.0,8.0,True,False
3,TEAM SITH,Di Lorenzo,D,6.0,6.0,True,False
3,TEAM SITH,Coco,D,6.5,7.5,True,False
3,TEAM SITH,Romagnoli,D,6.5,6.5,True,False
3,TEAM SITH,Martin,D,5.5,5.5,True,False
3,TEAM SITH,Thuram K.,C,5.5,5.5,True,False
3,TEAM SITH,McTominay,C,6.0,6.0,True,False
3,TEAM SITH,Frendrup,C,5.0,5.0,True,False
3,TEAM SITH,Rabiot,C,6.5,6.0,True,False
3,TEAM SITH,Pinamonti,A,6.0,6.0,True,False
3,TEAM SITH,Soulè,A,6.5,8.5,True,False
3,TEAM SITH,Loftus-Cheek,C,6.0,6.0,False,True
3,TEAM SITH,Locatelli,C,,,False,True
3,TEAM SITH,Isaksen,C,,,False,True
3,TEAM SITH,Koopmeiners,C,6.0,6.0,False,True
3,TEAM SITH,Gollini,P,,,False,True
3,TEAM SITH,Vasquez D.,P,,,False,True
3,TEAM SITH,Bellanova,D,6.5,6.5,False,True
3,TEAM SITH,Gallo,D,6.5,6.0,False,True
3,TEAM SITH,Gatti,D,5.5,5.5,False,True
3,TEAM SITH,Buongiorno,D,,,False,True
3,TEAM SITH,Dia,A,6.0,6.0,False,True
3,TEAM SITH,Lookman,A,,,False,True
3,TEAM SITH,Ngonge,A,7.5,9.0,False,True
3,TEAM SITH,Morata,A,,,False,True
3,MIZI-MAIGO,Falcone,P,6.5,4.5,True,False
3,MIZI-MAIGO,Dimarco,D,7.0,8.0,True,False
3,MIZI-MAIGO,Bastoni,D,7.0,9.0,True,False
3,MIZI-MAIGO,Acerbi,D,,,False,False
3,MIZI-MAIGO,Spinazzola,D,,,False,False
3,MIZI-MAIGO,Cristante,C,6.0,6.0,True,False
3,MIZI-MAIGO,Pellegrini Lo.,C,6.0,6.0,True,False
3,MIZI-MAIGO,Frattesi,C,6.0,6.0,True,False
3,MIZI-MAIGO,Politano,C,6.0,6.0,True,False
3,MIZI-MAIGO,Lucca,A,5.5,5.5,True,False
3,MIZI-MAIGO,Scamacca,A,,,False,False
3,MIZI-MAIGO,Pellegrino M.,A,7.5,13.0,True,True
3,MIZI-MAIGO,Almqvist,A,,,False,True
3,MIZI-MAIGO,Bayo V.,A,,,False,True
3,MIZI-MAIGO,Giovane,A,5.0,5.0,False,True
3,MIZI-MAIGO,Pisilli,C,,,False,True
3,MIZI-MAIGO,El Shaarawy,C,,,False,True
3,MIZI-MAIGO,Zalewski,C,,,False,True
3,MIZI-MAIGO,Zaniolo,C,6.0,5.5,False,True
3,MIZI-MAIGO,Celik,D,6.5,8.5,True,True
3,MIZI-MAIGO,Darmian,D,,,False,True
3,MIZI-MAIGO,Pellegrini Lu.,D,6.5,6.5,True,True
3,MIZI-MAIGO,De Silvestri,D,,,False,True
3,MIZI-MAIGO,Perin,P,,,False,True
3,MIZI-MAIGO,Zelezny,P,,,False,True
3,SANSHIMI,Butez,P,6.0,5.0,True,False
3,SANSHIMI,Pavlovic,D,6.5,6.5,True,False
3,SANSHIMI,Akanji,D,6.5,6.5,True,False
3,SANSHIMI,Estupinan,D,5.0,4.0,True,False
3,SANSHIMI,Zaccagni,C,7.0,9.0,True,False
3,SANSHIMI,Pasalic,C,6.0,6.0,True,False
3,SANSHIMI,Sucic P.,C,,,False,False
3,SANSHIMI,Atta,C,6.0,6.0,True,False
3,SANSHIMI,Thuram,A,6.5,6.5,True,False
3,SANSHIMI,Douvikas,A,6.5,6.5,True,False
3,SANSHIMI,Krstovic,A,5.5,5.5,True,False
3,SANSHIMI,Bremer,D,5.5,5.5,False,True
3,SANSHIMI,Bernabè,C,6.0,6.0,True,True
3,SANSHIMI,Odgaard,C,7.0,9.0,False,True
3,SANSHIMI,Sulemana K.,A,7.5,9.5,False,True
3,SANSHIMI,Camarda,A,7.0,10.5,False,True
3,SANSHIMI,Bonny,A,,,False,True
3,SANSHIMI,Zerbin,C,5.5,5.5,False,True
3,SANSHIMI,Suzuki,P,6.0,5.0,False,True
3,SANSHIMI,Djimsiti,D,6.0,6.0,False,True
3,SANSHIMI,Rrahmani,D,,,False,True
3,SANSHIMI,Juan Jesus,D,5.5,5.5,False,True
3,SANSHIMI,Idrissi R.,D,6.0,6.0,False,True
3,SANSHIMI,Sava,P,6.0,3.0,False,True
3,SANSHIMI,Venturino,C,,,False,True
3,BOSS ROMAZDA,Leali,P,6.0,3.0,True,False
3,BOSS ROMAZDA,Biraghi,D,5.5,5.5,True,False
3,BOSS ROMAZDA,Carlos Augusto,D,6.0,5.5,True,False
3,BOSS ROMAZDA,Delprato,D,6.0,5.5,True,False
3,BOSS ROMAZDA,Tramoni M.,C,5.5,5.5,True,False
3,BOSS ROMAZDA,Casadei,C,5.5,5.5,True,False
3,BOSS ROMAZDA,Pulisic,C,8.0,13.0,True,False
3,BOSS ROMAZDA,Zhegrova,C,6.5,6.5,True,False
3,BOSS ROMAZDA,Castellanos,A,7.5,10.5,True,False
3,BOSS ROMAZDA,Martinez L.,A,7.0,10.0,True,False
3,BOSS ROMAZDA,David,A,,,False,False
3,BOSS ROMAZDA,Hojlund,A,5.5,5.5,True,True
3,BOSS ROMAZDA,Simeone,A,5.5,5.5,False,True
3,BOSS ROMAZDA,Orban G.,A,5.0,5.0,False,True
3,BOSS ROMAZDA,Carboni V.,C,5.5,5.5,False,True
3,BOSS ROMAZDA,Folorunsho,C,6.0,6.0,False,True
3,BOSS ROMAZDA,Oristanio,C,5.0,5.0,False,True
3,BOSS ROMAZDA,Stanciu,C,5.5,5.5,False,True
3,BOSS ROMAZDA,Baschirotto,D,7.0,9.5,False,True
3,BOSS ROMAZDA,Tsimikas,D,6.0,6.0,False,True
3,BOSS ROMAZDA,Bisseck,D,,,False,True
3,BOSS ROMAZDA,Olivera,D,,,False,True
3,BOSS ROMAZDA,Gutierrez,D,5.5,5.5,False,True
3,BOSS ROMAZDA,Carnesecchi,P,6.5,6.5,False,True
3,BOSS ROMAZDA,Sportiello,P,,,False,True
3,MARIO GO,Di Gregorio,P,6.0,5.0,True,False
3,MARIO GO,Dumfries,D,6.0,6.0,True,False
3,MARIO GO,Valeri,D,7.0,8.0,True,False
3,MARIO GO,Vasquez,D,5.0,4.5,True,False
3,MARIO GO,Zappacosta,D,6.0,5.5,True,False
3,MARIO GO,Orsolini,C,6.5,8.5,True,False
3,MARIO GO,Barella,C,6.5,6.0,True,False
3,MARIO GO,Mandragora,C,5.5,5.5,True,False
3,MARIO GO,Vlasic,C,5.0,5.0,True,False
3,MARIO GO,Esposito Se.,A,6.0,6.0,True,False
3,MARIO GO,Laurientè,A,7.5,11.5,True,False
3,MARIO GO,Maignan,P,7.0,6.0,False,True
3,MARIO GO,Joao Mario,D,6.0,7.0,False,True
3,MARIO GO,Vazquez,C,6.5,7.5,False,True
3,MARIO GO,Da Cunha,C,6.0,5.5,False,True
3,MARIO GO,Dovbyk,A,7.0,10.0,False,True
3,MARIO GO,Dzeko,A,,,False,True
3,MARIO GO,Pedro,A,,,False,True
3,MARIO GO,Rensch,D,,,False,True
3,MARIO GO,Gimenez,A,5.5,5.5,False,True
3,MARIO GO,Miranda J.,D,5.0,5.0,False,True
3,MARIO GO,Fazzini,C,6.0,6.0,False,True
3,MARIO GO,Pinsoglio,P,,,False,True
3,TEAM CHENFENGZI,Skorupski,P,6.5,4.5,True,False
3,TEAM CHENFENGZI,Angelino,D,6.0,6.0,True,False
3,TEAM CHENFENGZI,N'Dicka,D,5.5,5.5,True,False
3,TEAM CHENFENGZI,Mancini,D,6.0,6.0,True,False
3,TEAM CHENFENGZI,Kelly L.,D,6.0,6.0,True,False
3,TEAM CHENFENGZI,Bernardeschi,C,5.0,4.5,True,False
3,TEAM CHENFENGZI,Paz N.,C,7.0,10.0,True,False
3,TEAM CHENFENGZI,Malinovskyi,C,5.5,5.0,True,False
3,TEAM CHENFENGZI,Nzola,A,6.0,6.0,True,False
3,TEAM CHENFENGZI,Meister,A,6.0,6.0,True,False
3,TEAM CHENFENGZI,Berardi,A,7.0,8.0,True,False
3,TEAM CHENFENGZI,Lobotka,C,6.0,6.0,False,True
3,TEAM CHENFENGZI,Esposito F.P.,A,7.0,9.0,False,True
3,TEAM CHENFENGZI,Mkhitaryan,C,6.5,6.5,False,True
3,TEAM CHENFENGZI,Ostigard,D,4.5,4.0,False,True
3,TEAM CHENFENGZI,Caprile,P,6.5,4.5,False,True
3,TEAM CHENFENGZI,Hermoso,D,6.0,6.0,False,True
3,TEAM CHENFENGZI,Luis Henrique,C,6.0,6.0,False,True
3,TEAM CHENFENGZI,Israel,P,6.0,4.0,False,True
3,TEAM CHENFENGZI,Ricci S.,C,,,False,True
3,TEAM CHENFENGZI,Ghilardi,D,,,False,True
3,TEAM CHENFENGZI,Ceccherini,D,,,False,True
3,TEAM CHENFENGZI,Ederson D.S.,C,,,False,True
3,TEAM CHENFENGZI,Immobile,A,,,False,True
3,TEAM CHENFENGZI,Vardy,A,,,False,True
3,XIAO SHI,Sommer,P,,,False,False
3,XIAO SHI,Mina,D,5.5,5.5,True,False
3,XIAO SHI,Terracciano F.,D,5.5,5.5,True,False
3,XIAO SHI,Kalulu,D,6.5,6.5,True,False
3,XIAO SHI,Wesley,D,5.5,5.5,True,False
3,XIAO SHI,Zambo Anguissa,C,5.5,5.5,True,False
3,XIAO SHI,Konè M.,C,6.5,6.5,True,False
3,XIAO SHI,Rowe,C,6.5,6.5,True,False
3,XIAO SHI,Nkunku,A,,,False,False
3,XIAO SHI,Ferguson E.,A,6.0,6.0,True,False
3,XIAO SHI,Openda,A,5.0,5.0,True,False
3,XIAO SHI,Adams C.,A,,,False,True
3,XIAO SHI,Colombo,A,5.0,5.0,True,True
3,XIAO SHI,Lang,A,6.0,6.0,False,True
3,XIAO SHI,Maldini,C,,,False,True
3,XIAO SHI,El Aynaoui,C,,,False,True
3,XIAO SHI,Vandeputte,C,6.0,6.0,False,True
3,XIAO SHI,Guendouzi,C,,,False,True
3,XIAO SHI,Rovella,C,,,False,True
3,XIAO SHI,Solet,D,6.0,6.0,False,True
3,XIAO SHI,Marusic,D,6.5,7.5,False,True
3,XIAO SHI,Zortea,D,,,False,True
3,XIAO SHI,Turati,P,,,False,True
3,XIAO SHI,Martinez Jo.,P,6.0,7.0,True,True
3,X-17,Provedel,P,6.5,7.5,True,False
3,X-17,Gabbia,D,6.0,6.0,True,False
3,X-17,Doig,D,6.0,6.0,True,False
3,X-17,Cambiaso,D,6.0,6.0,True,False
3,X-17,Calhanoglu,C,6.5,6.5,True,False
3,X-17,Modric,C,7.0,7.0,True,False
3,X-17,De Bruyne,C,6.5,8.5,True,False
3,X-17,Saelemaekers,C,7.0,9.0,True,False
3,X-17,Yildiz,A,6.0,6.0,True,False
3,X-17,Vlahovic,A,5.5,5.5,True,False
3,X-17,Castro S.,A,6.0,6.0,True,False
3,X-17,Mandas,P,,,False,True
3,X-17,Furlanetto,P,,,False,True
3,X-17,Scalvini,D,,,False,True
3,X-17,Lazaro,D,6.0,6.0,False,True
3,X-17,Lovik,D,,,False,True
3,X-17,Veiga D.,D,6.0,6.0,False,True
3,X-17,Marianucci,D,4.5,4.5,False,True
3,X-17,Conceicao,C,,,False,True
3,X-17,Baldanzi,C,,,False,True
3,X-17,Prati,C,6.0,6.0,False,True
3,X-17,Bailey,C,,,False,True
3,X-17,Dybala,A,,,False,True
3,X-17,Rodriguez Je.,A,5.0,5.0,False,True
3,X-17,Bravo,A,,,False,True
4,BOSS ROMAZDA,Carnesecchi,P,6.5,5.5,True,False
4,BOSS ROMAZDA,Olivera,D,5.0,5.0,True,False
4,BOSS ROMAZDA,Carlos Augusto,D,6.0,6.0,True,False
4,BOSS ROMAZDA,Delprato,D,5.5,5.5,True,False
4,BOSS ROMAZDA,Zhegrova,C,,,False,False
4,BOSS ROMAZDA,Casadei,C,5.5,5.0,True,False
4,BOSS ROMAZDA,Pulisic,C,5.0,3.0,True,False
4,BOSS ROMAZDA,Oristanio,C,,,False,False
4,BOSS ROMAZDA,Castellanos,A,6.0,5.5,True,False
4,BOSS ROMAZDA,Martinez L.,A,7.0,9.0,True,False
4,BOSS ROMAZDA,Hojlund,A,7.0,10.0,True,False
4,BOSS ROMAZDA,Orban G.,A,5.5,5.5,False,True
4,BOSS ROMAZDA,David,A,5.0,5.0,False,True
4,BOSS ROMAZDA,Simeone,A,7.0,9.0,False,True
4,BOSS ROMAZDA,Tramoni M.,C,5.5,5.5,True,True
4,BOSS ROMAZDA,Folorunsho,C,6.0,6.0,True,True
4,BOSS ROMAZDA,Carboni V.,C,6.0,6.0,False,True
4,BOSS ROMAZDA,Stanciu,C,,,False,True
4,BOSS ROMAZDA,Baschirotto,D,5.0,5.0,False,True
4,BOSS ROMAZDA,Bisseck,D,,,False,True
4,BOSS ROMAZDA,Gutierrez,D,,,False,True
4,BOSS ROMAZDA,Tsimikas,D,6.0,5.5,False,True
4,BOSS ROMAZDA,Biraghi,D,,,False,True
4,BOSS ROMAZDA,Sportiello,P,,,False,True
4,BOSS ROMAZDA,Leali,P,6.0,4.0,False,True
4,MARIO GO,Di Gregorio,P,6.0,7.0,True,False
4,MARIO GO,Dumfries,D,6.0,6.0,True,False
4,MARIO GO,Valeri,D,6.0,6.0,True,False
4,MARIO GO,Vasquez,D,6.0,6.0,True,False
4,MARIO GO,Zappacosta,D,6.0,6.0,True,False
4,MARIO GO,Orsolini,C,7.0,9.0,True,False
4,MARIO GO,Barella,C,7.5,9.5,True,False
4,MARIO GO,Mandragora,C,5.5,5.5,True,False
4,MARIO GO,Tourè I.,C,4.0,3.0,True,False
4,MARIO GO,Esposito Se.,A,5.5,5.5,True,False
4,MARIO GO,Laurientè,A,6.0,6.0,True,False
4,MARIO GO,Maignan,P,7.0,9.0,False,True
4,MARIO GO,Miranda J.,D,6.5,6.5,False,True
4,MARIO GO,Tavares N.,D,6.0,6.0,False,True
4,MARIO GO,Rensch,D,6.0,6.0,False,True
4,MARIO GO,Joao Mario,D,,,False,True
4,MARIO GO,Vazquez,C,5.5,5.5,False,True
4,MARIO GO,Fazzini,C,5.5,5.5,False,True
4,MARIO GO,Vlasic,C,5.5,5.5,False,True
4,MARIO GO,Da Cunha,C,6.0,6.0,False,True
4,MARIO GO,Dovbyk,A,6.0,7.0,False,True
4,MARIO GO,Dzeko,A,6.0,6.0,False,True
4,MARIO GO,Pedro,A,6.0,7.0,False,True
4,MARIO GO,Gimenez,A,6.5,6.5,False,True
4,MARIO GO,Pinsoglio,P,,,False,True
4,X-17,Provedel,P,6.0,3.0,True,False
4,X-17,Scalvini,D,,,False,False
4,X-17,Gabbia,D,6.5,6.5,True,False
4,X-17,Cambiaso,D,5.5,5.5,True,False
4,X-17,Calhanoglu,C,,,False,False
4,X-17,De Bruyne,C,6.5,6.5,True,False
4,X-17,Modric,C,6.5,6.5,True,False
4,X-17,Saelemaekers,C,6.5,6.5,True,False
4,X-17,Yildiz,A,5.5,5.5,True,False
4,X-17,Vlahovic,A,6.0,6.0,True,False
4,X-17,Dybala,A,6.0,6.0,True,False
4,X-17,Mandas,P,,,False,True
4,X-17,Furlanetto,P,,,False,True
4,X-17,Doig,D,6.0,6.0,True,True
4,X-17,Lazaro,D,5.5,5.5,False,True
4,X-17,Veiga D.,D,6.5,6.5,False,True
4,X-17,Lovik,D,5.0,5.0,False,True
4,X-17,Marianucci,D,,,False,True
4,X-17,Conceicao,C,6.5,6.5,True,True
4,X-17,Baldanzi,C,6.0,6.0,False,True
4,X-17,Prati,C,6.0,6.0,False,True
4,X-17,Bailey,C,,,False,True
4,X-17,Castro S.,A,,,False,True
4,X-17,Bravo,A,,,False,True
4,X-17,Rodriguez Je.,A,,,False,True
4,TEAM SITH,Svilar,P,5.5,4.5,True,False
4,TEAM SITH,Di Lorenzo,D,6.5,6.5,True,False
4,TEAM SITH,Coco,D,6.0,8.0,True,False
4,TEAM SITH,Romagnoli,D,5.5,5.0,True,False
4,TEAM SITH,Martin,D,,,False,False
4,TEAM SITH,Rabiot,C,6.5,6.5,True,False
4,TEAM SITH,McTominay,C,6.0,6.0,True,False
4,TEAM SITH,Frendrup,C,5.5,5.5,True,False
4,TEAM SITH,Loftus-Cheek,C,6.0,6.0,True,False
4,TEAM SITH,Pinamonti,A,6.5,7.5,True,False
4,TEAM SITH,Soulè,A,7.5,11.5,True,False
4,TEAM SITH,Bellanova,D,,,False,True
4,TEAM SITH,Gallo,D,7.0,7.5,True,True
4,TEAM SITH,Gatti,D,5.5,5.0,False,True
4,TEAM SITH,Buongiorno,D,,,False,True
4,TEAM SITH,Gollini,P,,,False,True
4,TEAM SITH,Vasquez D.,P,,,False,True
4,TEAM SITH,Thuram K.,C,5.5,5.5,False,True
4,TEAM SITH,Locatelli,C,6.5,6.0,False,True
4,TEAM SITH,Isaksen,C,5.5,5.5,False,True
4,TEAM SITH,Koopmeiners,C,,,False,True
4,TEAM SITH,Lookman,A,5.5,5.5,False,True
4,TEAM SITH,Dia,A,5.5,5.5,False,True
4,TEAM SITH,Ngonge,A,6.0,6.0,False,True
4,TEAM SITH,Morata,A,5.5,5.5,False,True
4,MIZI-MAIGO,Falcone,P,6.5,7.5,True,False
4,MIZI-MAIGO,Dimarco,D,8.0,11.0,True,False
4,MIZI-MAIGO,Bastoni,D,6.5,6.5,True,False
4,MIZI-MAIGO,Acerbi,D,,,False,False
4,MIZI-MAIGO,Spinazzola,D,7.0,7.0,True,False
4,MIZI-MAIGO,Pellegrini Lo.,C,6.0,6.0,True,False
4,MIZI-MAIGO,Cristante,C,7.0,9.5,True,False
4,MIZI-MAIGO,Frattesi,C,6.0,6.0,True,False
4,MIZI-MAIGO,Politano,C,5.5,5.5,True,False
4,MIZI-MAIGO,Pellegrino M.,A,6.0,6.0,True,False
4,MIZI-MAIGO,Lucca,A,,,False,False
4,MIZI-MAIGO,Scamacca,A,,,False,True
4,MIZI-MAIGO,Almqvist,A,6.0,6.0,True,True
4,MIZI-MAIGO,Giovane,A,6.0,6.0,False,True
4,MIZI-MAIGO,Bayo V.,A,5.0,5.0,False,True
4,MIZI-MAIGO,Pisilli,C,,,False,True
4,MIZI-MAIGO,El Shaarawy,C,,,False,True
4,MIZI-MAIGO,Zalewski,C,,,False,True
4,MIZI-MAIGO,Zaniolo,C,5.5,5.0,False,True
4,MIZI-MAIGO,Celik,D,6.5,6.5,True,True
4,MIZI-MAIGO,Darmian,D,,,False,True
4,MIZI-MAIGO,Pellegrini Lu.,D,,,False,True
4,MIZI-MAIGO,De Silvestri,D,,,False,True
4,MIZI-MAIGO,Perin,P,,,False,True
4,MIZI-MAIGO,Zelezny,P,,,False,True
4,BALZARETTI42,De Gea,P,6.0,4.0,True,False
4,BALZARETTI42,Gosens,D,5.0,5.0,True,False
4,BALZARETTI42,Pezzella Giu.,D,4.5,4.0,True,False
4,BALZARETTI42,Valle,D,6.0,6.0,True,False
4,BALZARETTI42,Dodò,D,5.5,5.5,True,False
4,BALZARETTI42,Ellertsson,C,5.5,5.5,True,False
4,BALZARETTI42,Nicolussi Caviglia,C,6.0,7.0,True,False
4,BALZARETTI42,Gudmundsson A.,C,5.0,4.5,True,False
4,BALZARETTI42,Elmas,C,,,False,False
4,BALZARETTI42,Cancellieri,A,8.0,13.0,True,False
4,BALZARETTI42,Kean,A,7.0,9.0,True,False
4,BALZARETTI42,Lezzerini,P,,,False,True
4,BALZARETTI42,Comuzzo,D,6.0,6.0,False,True
4,BALZARETTI42,Canestrelli,D,5.0,5.0,False,True
4,BALZARETTI42,Martinelli T.,P,,,False,True
4,BALZARETTI42,Diao,A,,,False,True
4,BALZARETTI42,Lukaku,A,,,False,True
4,BALZARETTI42,Ranieri L.,D,5.5,5.5,False,True
4,BALZARETTI42,Ramon,D,5.5,5.5,False,True
4,BALZARETTI42,Piccoli,A,6.0,6.0,False,True
4,BALZARETTI42,Sohm,C,,,False,True
4,BALZARETTI42,Masini,C,5.0,5.0,True,True
4,BALZARETTI42,De Ketelaere,A,,,False,True
4,BALZARETTI42,De Roon,C,,,False,True
4,BALZARETTI42,Collocolo,C,,,False,True
4,TEAM CHENFENGZI,Israel,P,5.5,2.5,True,False
4,TEAM CHENFENGZI,Angelino,D,,,False,False
4,TEAM CHENFENGZI,N'Dicka,D,6.0,6.0,True,False
4,TEAM CHENFENGZI,Mancini,D,6.0,6.0,True,False
4,TEAM CHENFENGZI,Kelly L.,D,5.0,5.0,True,False
4,TEAM CHENFENGZI,Mkhitaryan,C,6.5,6.5,True,False
4,TEAM CHENFENGZI,Ederson D.S.,C,6.0,6.0,True,False
4,TEAM CHENFENGZI,Paz N.,C,6.0,6.0,True,False
4,TEAM CHENFENGZI,Lobotka,C,6.0,6.0,True,False
4,TEAM CHENFENGZI,Malinovskyi,C,5.5,5.0,True,False
4,TEAM CHENFENGZI,Berardi,A,,,False,False
4,TEAM CHENFENGZI,Bernardeschi,C,6.0,6.0,False,True
4,TEAM CHENFENGZI,Hermoso,D,,,False,True
4,TEAM CHENFENGZI,Esposito F.P.,A,6.0,6.0,True,True
4,TEAM CHENFENGZI,Ostigard,D,,,False,True
4,TEAM CHENFENGZI,Luis Henrique,C,6.0,6.0,False,True
4,TEAM CHENFENGZI,Ricci S.,C,,,False,True
4,TEAM CHENFENGZI,Ghilardi,D,,,False,True
4,TEAM CHENFENGZI,Ceccherini,D,5.0,5.0,True,True
4,TEAM CHENFENGZI,Immobile,A,,,False,True
4,TEAM CHENFENGZI,Vardy,A,6.0,6.0,False,True
4,XIAO SHI,Sommer,P,6.0,5.0,True,False
4,XIAO SHI,Mina,D,6.0,6.0,True,False
4,XIAO SHI,Marusic,D,,,False,False
4,XIAO SHI,Solet,D,6.5,8.5,True,False
4,XIAO SHI,Zambo Anguissa,C,7.5,10.5,True,False
4,XIAO SHI,Konè M.,C,6.5,6.5,True,False
4,XIAO SHI,Rowe,C,6.5,6.5,True,False
4,XIAO SHI,Guendouzi,C,,,False,False
4,XIAO SHI,Nkunku,A,6.0,6.0,True,False
4,XIAO SHI,Ferguson E.,A,,,False,False
4,XIAO SHI,Openda,A,6.0,6.0,True,False
4,XIAO SHI,Colombo,A,6.0,6.0,True,True
4,XIAO SHI,Adams C.,A,7.0,9.0,False,True
4,XIAO SHI,Lang,A,,,False,True
4,XIAO SHI,El Aynaoui,C,,,False,True
4,XIAO SHI,Maldini,C,6.0,6.0,True,True
4,XIAO SHI,Vandeputte,C,6.0,7.0,False,True
4,XIAO SHI,Rovella,C,,,False,True
4,XIAO SHI,Martinez Jo.,P,,,False,True
4,XIAO SHI,Turati,P,,,False,True
4,XIAO SHI,Kalulu,D,6.0,6.0,True,True
4,XIAO SHI,Zortea,D,6.0,6.0,False,True
4,XIAO SHI,Wesley,D,6.5,6.0,False,True
4,XIAO SHI,Terracciano F.,D,,,False,True
4,XIAO SHI,Vojvoda,D,6.0,6.0,False,True
4,TEAM BRAUNA,Meret,P,,,False,False
4,TEAM BRAUNA,Tiago Gabriel,D,7.0,7.0,True,False
4,TEAM BRAUNA,Luperto,D,,,False,False
4,TEAM BRAUNA,Beukema,D,5.5,5.5,True,False
4,TEAM BRAUNA,Kristensen T.,D,,,False,False
4,TEAM BRAUNA,Neres,C,5.5,5.0,True,False
4,TEAM BRAUNA,Fofana Y.,C,5.5,5.0,True,False
4,TEAM BRAUNA,Adopo,C,6.0,6.5,True,False
4,TEAM BRAUNA,Stulic,A,5.5,5.5,True,False
4,TEAM BRAUNA,Davis K.,A,6.0,6.0,True,False
4,TEAM BRAUNA,Kuhn,A,,,False,False
4,TEAM BRAUNA,Milinkovic-Savic V.,P,6.0,5.0,True,True
4,TEAM BRAUNA,Semper,P,6.0,2.0,False,True
4,TEAM BRAUNA,Tomori,D,6.0,6.0,True,True
4,TEAM BRAUNA,Zemura,D,,,False,True
4,TEAM BRAUNA,Angori,D,5.5,5.5,True,True
4,TEAM BRAUNA,Hien,D,7.0,7.0,False,True
4,TEAM BRAUNA,Diouf,C,5.5,5.5,False,True
4,TEAM BRAUNA,Lorran,C,,,False,True
4,TEAM BRAUNA,Sarmiento J.,C,,,False,True
4,TEAM BRAUNA,Stengs,C,,,False,True
4,TEAM BRAUNA,Dele-Bashiru,C,,,False,True
4,TEAM BRAUNA,Leao,A,5.0,5.0,True,True
4,TEAM BRAUNA,Zapata D.,A,,,False,True
4,TEAM BRAUNA,De Luca,A,,,False,True
4,SANSHIMI,Suzuki,P,5.0,4.0,True,False
4,SANSHIMI,Pavlovic,D,6.5,6.5,True,False
4,SANSHIMI,Akanji,D,6.5,6.5,True,False
4,SANSHIMI,Idrissi R.,D,,,False,False
4,SANSHIMI,Zaccagni,C,,,False,False
4,SANSHIMI,Atta,C,6.5,6.5,True,False
4,SANSHIMI,Sucic P.,C,6.0,5.5,True,False
4,SANSHIMI,Odgaard,C,6.5,8.5,True,False
4,SANSHIMI,Bonny,A,8.5,15.5,True,False
4,SANSHIMI,Krstovic,A,6.0,6.0,True,False
4,SANSHIMI,Sulemana K.,A,6.0,6.0,True,False
4,SANSHIMI,Pasalic,C,6.0,6.0,True,True
4,SANSHIMI,Bernabè,C,5.5,5.5,False,True
4,SANSHIMI,Venturino,C,,,False,True
4,SANSHIMI,Zerbin,C,,,False,True
4,SANSHIMI,Thuram,A,,,False,True
4,SANSHIMI,Camarda,A,6.0,6.0,False,True
4,SANSHIMI,Douvikas,A,5.5,5.5,False,True
4,SANSHIMI,Bremer,D,,,False,True
4,SANSHIMI,Djimsiti,D,6.0,5.5,True,True
4,SANSHIMI,Rrahmani,D,,,False,True
4,SANSHIMI,Juan Jesus,D,6.0,6.0,False,True
4,SANSHIMI,Sava,P,5.5,4.5,False,True
4,SANSHIMI,Butez,P,6.0,5.0,False,True
4,SANSHIMI,Estupinan,D,,,False,True
5,BALZARETTI42,De Gea,P,6.0,4.0,True,False
5,BALZARETTI42,Gosens,D,6.5,8.5,True,False
5,BALZARETTI42,Pezzella Giu.,D,5.5,5.5,True,False
5,BALZARETTI42,Valle,D,6.0,6.0,True,False
5,BALZARETTI42,Dodò,D,6.0,6.0,True,False
5,BALZARETTI42,Ellertsson,C,5.5,5.5,True,False
5,BALZARETTI42,Nicolussi Caviglia,C,6.0,5.5,True,False
5,BALZARETTI42,Gudmundsson A.,C,6.0,6.0,True,False
5,BALZARETTI42,Cancellieri,A,6.0,6.0,True,False
5,BALZARETTI42,De Ketelaere,A,6.0,5.5,True,False
5,BALZARETTI42,Kean,A,6.0,6.0,True,False
5,BALZARETTI42,Lezzerini,P,,,False,True
5,BALZARETTI42,Comuzzo,D,,,False,True
5,BALZARETTI42,Canestrelli,D,6.5,6.0,False,True
5,BALZARETTI42,Martinelli T.,P,,,False,True
5,BALZARETTI42,Diao,A,,,False,True
5,BALZARETTI42,Lukaku,A,,,False,True
5,BALZARETTI42,Ranieri L.,D,6.5,6.0,False,True
5,BALZARETTI42,Ramon,D,6.0,6.0,False,True
5,BALZARETTI42,Piccoli,A,5.5,5.5,False,True
5,BALZARETTI42,Sohm,C,,,False,True
5,BALZARETTI42,Masini,C,6.5,6.5,False,True
5,BALZARETTI42,De Roon,C,6.0,6.0,False,True
5,BALZARETTI42,Collocolo,C,,,False,True
5,BALZARETTI42,Elmas,C,5.5,5.5,False,True
5,X-17,Provedel,P,6.5,7.5,True,False
5,X-17,Scalvini,D,6.0,6.0,True,False
5,X-17,Gabbia,D,5.5,5.5,True,False
5,X-17,Cambiaso,D,5.5,5.5,True,False
5,X-17,Calhanoglu,C,6.5,6.5,True,False
5,X-17,De Bruyne,C,6.0,6.0,True,False
5,X-17,Modric,C,6.5,6.5,True,False
5,X-17,Conceicao,C,5.5,5.5,True,False
5,X-17,Yildiz,A,6.0,6.0,True,False
5,X-17,Vlahovic,A,5.5,5.5,True,False
5,X-17,Dybala,A,6.0,6.0,True,False
5,X-17,Mandas,P,,,False,True
5,X-17,Furlanetto,P,,,False,True
5,X-17,Doig,D,6.0,5.5,False,True
5,X-17,Veiga D.,D,6.0,5.5,False,True
5,X-17,Lazaro,D,,,False,True
5,X-17,Lovik,D,,,False,True
5,X-17,Marianucci,D,,,False,True
5,X-17,Saelemaekers,C,5.5,5.5,False,True
5,X-17,Bailey,C,6.0,6.0,False,True
5,X-17,Baldanzi,C,6.0,5.5,False,True
5,X-17,Prati,C,6.0,6.0,False,True
5,X-17,Castro S.,A,6.0,6.0,False,True
5,X-17,Bravo,A,,,False,True
5,X-17,Rodriguez Je.,A,,,False,True
5,TEAM SITH,Svilar,P,5.5,4.5,True,False
5,TEAM SITH,Di Lorenzo,D,5.5,5.5,True,False
5,TEAM SITH,Gallo,D,6.0,6.0,True,False
5,TEAM SITH,Gatti,D,,,False,False
5,TEAM SITH,Buongiorno,D,6.0,6.0,True,False
5,TEAM SITH,Thuram K.,C,6.0,6.0,True,False
5,TEAM SITH,McTominay,C,,,False,False
5,TEAM SITH,Frendrup,C,6.0,6.0,True,False
5,TEAM SITH,Loftus-Cheek,C,,,False,False
5,TEAM SITH,Pinamonti,A,5.5,5.5,True,False
5,TEAM SITH,Soulè,A,5.5,5.5,True,False
5,TEAM SITH,Gollini,P,,,False,True
5,TEAM SITH,Vasquez D.,P,,,False,True
5,TEAM SITH,Locatelli,C,6.0,6.0,True,True
5,TEAM SITH,Koopmeiners,C,5.0,5.0,True,True
5,TEAM SITH,Isaksen,C,6.0,6.0,False,True
5,TEAM SITH,Rabiot,C,,,False,True
5,TEAM SITH,Lookman,A,6.0,6.0,False,True
5,TEAM SITH,Dia,A,5.0,5.0,False,True
5,TEAM SITH,Morata,A,6.0,6.0,False,True
5,TEAM SITH,Ngonge,A,5.5,5.5,False,True
5,TEAM SITH,Martin,D,,,False,True
5,TEAM SITH,Romagnoli,D,6.0,6.0,True,True
5,TEAM SITH,Coco,D,7.0,7.0,False,True
5,TEAM SITH,Bellanova,D,,,False,True
5,XIAO SHI,Sommer,P,6.5,7.5,True,False
5,XIAO SHI,Mina,D,5.5,5.5,True,False
5,XIAO SHI,Kalulu,D,5.5,5.5,True,False
5,XIAO SHI,Solet,D,5.0,5.0,True,False
5,XIAO SHI,Wesley,D,6.0,6.0,True,False
5,XIAO SHI,Zambo Anguissa,C,6.0,6.0,True,False
5,XIAO SHI,Konè M.,C,6.5,6.5,True,False
5,XIAO SHI,Rowe,C,,,False,False
5,XIAO SHI,Guendouzi,C,6.0,6.0,True,False
5,XIAO SHI,Nkunku,A,,,False,False
5,XIAO SHI,Openda,A,,,False,False
5,XIAO SHI,Ferguson E.,A,,,False,True
5,XIAO SHI,Adams C.,A,6.5,6.5,True,True
5,XIAO SHI,Colombo,A,5.5,5.0,True,True
5,XIAO SHI,Lang,A,6.0,5.5,False,True
5,XIAO SHI,Vandeputte,C,6.5,8.0,True,True
5,XIAO SHI,El Aynaoui,C,,,False,True
5,XIAO SHI,Maldini,C,,,False,True
5,XIAO SHI,Rovella,C,,,False,True
5,XIAO SHI,Martinez Jo.,P,,,False,True
5,XIAO SHI,Turati,P,,,False,True
5,XIAO SHI,Zortea,D,,,False,True
5,XIAO SHI,Marusic,D,6.0,6.0,False,True
5,XIAO SHI,Terracciano F.,D,7.0,9.0,False,True
5,XIAO SHI,Vojvoda,D,6.5,6.5,False,True
5,BOSS ROMAZDA,Carnesecchi,P,6.0,7.0,True,False
5,BOSS ROMAZDA,Tsimikas,D,,,False,False
5,BOSS ROMAZDA,Carlos Augusto,D,,,False,False
5,BOSS ROMAZDA,Baschirotto,D,5.5,5.5,True,False
5,BOSS ROMAZDA,Delprato,D,6.0,6.0,True,False
5,BOSS ROMAZDA,Tramoni M.,C,,,False,False
5,BOSS ROMAZDA,Folorunsho,C,6.0,6.0,True,False
5,BOSS ROMAZDA,Carboni V.,C,5.5,5.5,True,False
5,BOSS ROMAZDA,Orban G.,A,5.0,5.0,True,False
5,BOSS ROMAZDA,Martinez L.,A,5.5,5.0,True,False
5,BOSS ROMAZDA,Hojlund,A,,,False,False
5,BOSS ROMAZDA,Simeone,A,7.5,11.5,True,True
5,BOSS ROMAZDA,David,A,5.0,5.0,False,True
5,BOSS ROMAZDA,Castellanos,A,,,False,True
5,BOSS ROMAZDA,Zhegrova,C,,,False,True
5,BOSS ROMAZDA,Casadei,C,6.0,6.0,True,True
5,BOSS ROMAZDA,Oristanio,C,,,False,True
5,BOSS ROMAZDA,Pulisic,C,,,False,True
5,BOSS ROMAZDA,Stanciu,C,,,False,True
5,BOSS ROMAZDA,Gutierrez,D,,,False,True
5,BOSS ROMAZDA,Olivera,D,5.0,5.0,True,True
5,BOSS ROMAZDA,Biraghi,D,6.0,6.0,True,True
5,BOSS ROMAZDA,Bisseck,D,,,False,True
5,BOSS ROMAZDA,Sportiello,P,,,False,True
5,BOSS ROMAZDA,Leali,P,6.0,7.0,False,True
5,TEAM CHENFENGZI,Israel,P,6.0,6.5,True,False
5,TEAM CHENFENGZI,Angelino,D,,,False,False
5,TEAM CHENFENGZI,N'Dicka,D,5.0,4.5,True,False
5,TEAM CHENFENGZI,Mancini,D,6.5,6.5,True,False
5,TEAM CHENFENGZI,Kelly L.,D,6.0,5.5,True,False
5,TEAM CHENFENGZI,Bernardeschi,C,6.5,6.5,True,False
5,TEAM CHENFENGZI,Ederson D.S.,C,6.0,6.0,True,False
5,TEAM CHENFENGZI,Paz N.,C,8.0,12.0,True,False
5,TEAM CHENFENGZI,Malinovskyi,C,5.5,5.0,True,False
5,TEAM CHENFENGZI,Mkhitaryan,C,6.5,6.0,True,False
5,TEAM CHENFENGZI,Berardi,A,5.5,5.0,True,False
5,TEAM CHENFENGZI,Hermoso,D,5.5,5.0,True,True
5,TEAM CHENFENGZI,Esposito F.P.,A,6.0,6.0,False,True
5,TEAM CHENFENGZI,Ostigard,D,6.0,6.0,False,True
5,TEAM CHENFENGZI,Luis Henrique,C,,,False,True
5,TEAM CHENFENGZI,Ceccherini,D,,,False,True
5,TEAM CHENFENGZI,Ricci S.,C,6.0,6.0,False,True
5,TEAM CHENFENGZI,Ghilardi,D,,,False,True
5,TEAM CHENFENGZI,Lobotka,C,,,False,True
5,TEAM CHENFENGZI,Immobile,A,,,False,True
5,TEAM CHENFENGZI,Vardy,A,5.5,5.0,False,True
5,SANSHIMI,Sava,P,,,False,False
5,SANSHIMI,Pavlovic,D,6.0,6.5,True,False
5,SANSHIMI,Akanji,D,6.5,6.5,True,False
5,SANSHIMI,Estupinan,D,,,False,False
5,SANSHIMI,Venturino,C,6.0,6.0,True,False
5,SANSHIMI,Atta,C,6.5,6.5,True,False
5,SANSHIMI,Pasalic,C,6.0,5.5,True,False
5,SANSHIMI,Zerbin,C,5.5,5.0,True,False
5,SANSHIMI,Douvikas,A,6.5,6.5,True,False
5,SANSHIMI,Krstovic,A,6.0,6.0,True,False
5,SANSHIMI,Sulemana K.,A,5.5,5.0,True,False
5,SANSHIMI,Zaccagni,C,6.0,6.0,False,True
5,SANSHIMI,Odgaard,C,7.0,8.0,False,True
5,SANSHIMI,Bernabè,C,6.0,6.0,False,True
5,SANSHIMI,Sucic P.,C,6.0,5.5,False,True
5,SANSHIMI,Bonny,A,7.0,11.0,False,True
5,SANSHIMI,Camarda,A,6.0,6.0,False,True
5,SANSHIMI,Thuram,A,,,False,True
5,SANSHIMI,Juan Jesus,D,5.5,5.0,True,True
5,SANSHIMI,Djimsiti,D,6.0,6.0,False,True
5,SANSHIMI,Rrahmani,D,,,False,True
5,SANSHIMI,Bremer,D,,,False,True
5,SANSHIMI,Idrissi R.,D,,,False,True
5,SANSHIMI,Suzuki,P,8.0,12.0,True,True
5,SANSHIMI,Butez,P,6.0,7.0,False,True
5,MIZI-MAIGO,Falcone,P,6.0,6.5,True,False
5,MIZI-MAIGO,Dimarco,D,6.0,6.0,True,False
5,MIZI-MAIGO,Bastoni,D,6.5,6.5,True,False
5,MIZI-MAIGO,Celik,D,5.5,5.5,True,False
5,MIZI-MAIGO,Spinazzola,D,6.5,6.5,True,False
5,MIZI-MAIGO,Zalewski,C,,,False,False
5,MIZI-MAIGO,Pellegrini Lo.,C,5.5,5.5,True,False
5,MIZI-MAIGO,Frattesi,C,6.0,6.0,True,False
5,MIZI-MAIGO,Cristante,C,6.0,6.0,True,False
5,MIZI-MAIGO,Pellegrino M.,A,5.5,5.5,True,False
5,MIZI-MAIGO,Lucca,A,5.0,5.0,True,False
5,MIZI-MAIGO,Scamacca,A,,,False,True
5,MIZI-MAIGO,Giovane,A,5.5,5.5,False,True
5,MIZI-MAIGO,Almqvist,A,6.0,6.0,False,True
5,MIZI-MAIGO,Bayo V.,A,6.0,6.0,False,True
5,MIZI-MAIGO,Politano,C,6.5,6.5,True,True
5,MIZI-MAIGO,Pisilli,C,,,False,True
5,MIZI-MAIGO,El Shaarawy,C,,,False,True
5,MIZI-MAIGO,Zaniolo,C,7.0,10.0,False,True
5,MIZI-MAIGO,Acerbi,D,6.5,6.5,False,True
5,MIZI-MAIGO,Pellegrini Lu.,D,,,False,True
5,MIZI-MAIGO,Darmian,D,,,False,True
5,MIZI-MAIGO,De Silvestri,D,,,False,True
5,MIZI-MAIGO,Perin,P,,,False,True
5,MIZI-MAIGO,Zelezny,P,,,False,True
5,MARIO GO,Maignan,P,5.0,4.0,True,False
5,MARIO GO,Dumfries,D,6.0,6.0,True,False
5,MARIO GO,Tavares N.,D,5.5,5.5,True,False
5,MARIO GO,Vasquez,D,6.5,6.5,True,False
5,MARIO GO,Zappacosta,D,6.5,6.5,True,False
5,MARIO GO,Orsolini,C,7.0,10.0,True,False
5,MARIO GO,Barella,C,6.5,7.5,True,False
5,MARIO GO,Mandragora,C,6.0,6.0,True,False
5,MARIO GO,Vazquez,C,6.5,6.5,True,False
5,MARIO GO,Esposito Se.,A,6.0,5.5,True,False
5,MARIO GO,Laurientè,A,5.5,5.5,True,False
5,MARIO GO,Di Gregorio,P,6.0,4.0,False,True
5,MARIO GO,Miranda J.,D,6.5,6.0,False,True
5,MARIO GO,Rensch,D,,,False,True
5,MARIO GO,Joao Mario,D,,,False,True
5,MARIO GO,Fazzini,C,6.0,6.0,False,True
5,MARIO GO,Vlasic,C,6.5,6.5,False,True
5,MARIO GO,Da Cunha,C,6.5,6.5,False,True
5,MARIO GO,Dovbyk,A,5.0,5.0,False,True
5,MARIO GO,Dzeko,A,,,False,True
5,MARIO GO,Pedro,A,6.0,6.0,False,True
5,MARIO GO,Gimenez,A,6.5,6.5,False,True
5,MARIO GO,Pinsoglio,P,,,False,True
5,MARIO GO,Valeri,D,,,False,True
5,MARIO GO,Tourè I.,C,,,False,True
5,TEAM BRAUNA,Meret,P,,,False,False
5,TEAM BRAUNA,Tiago Gabriel,D,6.5,6.5,True,False
5,TEAM BRAUNA,Luperto,D,5.5,5.5,True,False
5,TEAM BRAUNA,Beukema,D,5.5,5.5,True,False
5,TEAM BRAUNA,Tomori,D,6.0,5.5,True,False
5,TEAM BRAUNA,Neres,C,5.5,5.5,True,False
5,TEAM BRAUNA,Fofana Y.,C,6.0,5.5,True,False
5,TEAM BRAUNA,Adopo,C,5.5,5.5,True,False
5,TEAM BRAUNA,Stulic,A,6.0,6.0,True,False
5,TEAM BRAUNA,Davis K.,A,6.0,6.0,True,False
5,TEAM BRAUNA,Kuhn,A,,,False,False
5,TEAM BRAUNA,Milinkovic-Savic V.,P,6.0,5.0,True,True
5,TEAM BRAUNA,Semper,P,6.0,7.0,False,True
5,TEAM BRAUNA,Zemura,D,,,False,True
5,TEAM BRAUNA,Angori,D,5.5,5.5,False,True
5,TEAM BRAUNA,Hien,D,6.0,5.5,False,True
5,TEAM BRAUNA,Diouf,C,,,False,True
5,TEAM BRAUNA,Lorran,C,,,False,True
5,TEAM BRAUNA,Sarmiento J.,C,6.0,6.0,False,True
5,TEAM BRAUNA,Stengs,C,,,False,True
5,TEAM BRAUNA,Dele-Bashiru,C,,,False,True
5,TEAM BRAUNA,Leao,A,7.5,13.5,True,True
5,TEAM BRAUNA,Zapata D.,A,,,False,True
5,TEAM BRAUNA,De Luca,A,,,False,True
6,X-17,Provedel,P,6.0,7.0,True,False
6,X-17,Veiga D.,D,5.0,5.0,True,False
6,X-17,Gabbia,D,5.5,5.5,True,False
6,X-17,Cambiaso,D,6.0,6.0,True,False
6,X-17,Conceicao,C,6.0,6.0,True,False
6,X-17,De Bruyne,C,7.0,9.0,True,False
6,X-17,Modric,C,6.5,8.5,True,False
6,X-17,Saelemaekers,C,6.0,6.0,True,False
6,X-17,Yildiz,A,6.0,6.0,True,False
6,X-17,Vlahovic,A,5.5,5.5,True,False
6,X-17,Dybala,A,7.0,11.0,True,False
6,X-17,Mandas,P,,,False,True
6,X-17,Furlanetto,P,,,False,True
6,X-17,Scalvini,D,,,False,True
6,X-17,Lazaro,D,6.5,7.5,False,True
6,X-17,Doig,D,6.0,5.5,False,True
6,X-17,Lovik,D,,,False,True
6,X-17,Marianucci,D,,,False,True
6,X-17,Calhanoglu,C,7.0,9.0,False,True
6,X-17,Bailey,C,6.0,6.0,False,True
6,X-17,Baldanzi,C,,,False,True
6,X-17,Prati,C,5.0,5.0,False,True
6,X-17,Castro S.,A,7.0,9.0,False,True
6,X-17,Bravo,A,,,False,True
6,X-17,Rodriguez Je.,A,,,False,True
6,SANSHIMI,Butez,P,6.5,7.5,True,False
6,SANSHIMI,Pavlovic,D,6.0,6.0,True,False
6,SANSHIMI,Akanji,D,5.0,5.0,True,False
6,SANSHIMI,Estupinan,D,,,False,False
6,SANSHIMI,Zaccagni,C,6.0,6.0,True,False
6,SANSHIMI,Atta,C,7.5,10.5,True,False
6,SANSHIMI,Bernabè,C,6.5,6.5,True,False
6,SANSHIMI,Odgaard,C,,,False,False
6,SANSHIMI,Douvikas,A,6.0,6.0,True,False
6,SANSHIMI,Thuram,A,,,False,False
6,SANSHIMI,Sulemana K.,A,,,False,False
6,SANSHIMI,Venturino,C,,,False,True
6,SANSHIMI,Pasalic,C,5.5,5.5,True,True
6,SANSHIMI,Sucic P.,C,6.0,6.0,False,True
6,SANSHIMI,Zerbin,C,6.5,6.5,False,True
6,SANSHIMI,Bonny,A,5.5,5.5,True,True
6,SANSHIMI,Krstovic,A,5.0,5.0,True,True
6,SANSHIMI,Camarda,A,6.0,6.0,False,True
6,SANSHIMI,Idrissi R.,D,6.5,8.5,True,True
6,SANSHIMI,Djimsiti,D,5.5,5.5,False,True
6,SANSHIMI,Rrahmani,D,,,False,True
6,SANSHIMI,Juan Jesus,D,6.5,6.5,False,True
6,SANSHIMI,Bremer,D,,,False,True
6,SANSHIMI,Suzuki,P,6.0,7.0,False,True
6,SANSHIMI,Sava,P,,,False,True
6,MIZI-MAIGO,Falcone,P,6.0,3.0,True,False
6,MIZI-MAIGO,Dimarco,D,6.0,6.0,True,False
6,MIZI-MAIGO,Bastoni,D,6.0,5.5,True,False
6,MIZI-MAIGO,Acerbi,D,5.0,5.0,True,False
6,MIZI-MAIGO,Spinazzola,D,6.5,7.5,True,False
6,MIZI-MAIGO,Zalewski,C,6.0,6.0,True,False
6,MIZI-MAIGO,Pellegrini Lo.,C,6.5,6.5,True,False
6,MIZI-MAIGO,Cristante,C,6.5,6.5,True,False
6,MIZI-MAIGO,Frattesi,C,6.0,6.0,True,False
6,MIZI-MAIGO,Politano,C,6.0,6.0,True,False
6,MIZI-MAIGO,Scamacca,A,6.0,5.5,True,False
6,MIZI-MAIGO,Pellegrino M.,A,6.0,6.0,False,True
6,MIZI-MAIGO,Lucca,A,,,False,True
6,MIZI-MAIGO,Giovane,A,7.0,9.0,False,True
6,MIZI-MAIGO,Almqvist,A,,,False,True
6,MIZI-MAIGO,Bayo V.,A,6.5,7.5,False,True
6,MIZI-MAIGO,Zaniolo,C,6.5,6.5,False,True
6,MIZI-MAIGO,Pisilli,C,,,False,True
6,MIZI-MAIGO,El Shaarawy,C,,,False,True
6,MIZI-MAIGO,Celik,D,6.5,6.5,False,True
6,MIZI-MAIGO,Pellegrini Lu.,D,6.0,6.0,False,True
6,MIZI-MAIGO,Darmian,D,,,False,True
6,MIZI-MAIGO,De Silvestri,D,,,False,True
6,MIZI-MAIGO,Perin,P,6.0,5.0,False,True
6,MIZI-MAIGO,Zelezny,P,,,False,True
6,MARIO GO,Maignan,P,5.5,3.5,True,False
6,MARIO GO,Dumfries,D,5.5,5.5,True,False
6,MARIO GO,Vasquez,D,6.0,6.0,True,False
6,MARIO GO,Zappacosta,D,,,False,False
6,MARIO GO,Orsolini,C,6.0,6.0,True,False
6,MARIO GO,Barella,C,6.0,6.0,True,False
6,MARIO GO,Mandragora,C,5.5,5.5,True,False
6,MARIO GO,Vazquez,C,,,False,False
6,MARIO GO,Vlasic,C,5.5,5.0,True,False
6,MARIO GO,Esposito Se.,A,,,False,False
6,MARIO GO,Laurientè,A,,,False,False
6,MARIO GO,Di Gregorio,P,,,False,True
6,MARIO GO,Miranda J.,D,6.5,6.5,True,True
6,MARIO GO,Rensch,D,,,False,True
6,MARIO GO,Joao Mario,D,,,False,True
6,MARIO GO,Fazzini,C,,,False,True
6,MARIO GO,Da Cunha,C,6.0,6.0,True,True
6,MARIO GO,Dovbyk,A,6.5,6.5,True,True
6,MARIO GO,Dzeko,A,5.5,5.0,True,True
6,MARIO GO,Pedro,A,,,False,True
6,MARIO GO,Gimenez,A,5.5,5.5,False,True
6,MARIO GO,Tourè I.,C,6.0,6.0,False,True
6,MARIO GO,Pinsoglio,P,,,False,True
6,MARIO GO,Valeri,D,,,False,True
6,MARIO GO,Tavares N.,D,,,False,True
6,TEAM CHENFENGZI,Skorupski,P,7.0,5.0,True,False
6,TEAM CHENFENGZI,Hermoso,D,6.0,5.5,True,False
6,TEAM CHENFENGZI,N'Dicka,D,6.0,6.0,True,False
6,TEAM CHENFENGZI,Mancini,D,6.5,6.0,True,False
6,TEAM CHENFENGZI,Mkhitaryan,C,5.5,5.5,True,False
6,TEAM CHENFENGZI,Ederson D.S.,C,6.5,6.5,True,False
6,TEAM CHENFENGZI,Paz N.,C,5.5,5.5,True,False
6,TEAM CHENFENGZI,Ricci S.,C,6.0,6.5,True,False
6,TEAM CHENFENGZI,Bernardeschi,C,5.0,5.0,True,False
6,TEAM CHENFENGZI,Nzola,A,7.0,8.5,True,False
6,TEAM CHENFENGZI,Berardi,A,5.5,5.5,True,False
6,TEAM CHENFENGZI,Vardy,A,7.0,8.5,False,True
6,TEAM CHENFENGZI,Kelly L.,D,5.5,5.0,False,True
6,TEAM CHENFENGZI,Malinovskyi,C,6.5,6.5,False,True
6,TEAM CHENFENGZI,Meister,A,5.5,5.5,False,True
6,TEAM CHENFENGZI,Esposito F.P.,A,5.5,5.5,False,True
6,TEAM CHENFENGZI,Ostigard,D,6.0,6.0,False,True
6,TEAM CHENFENGZI,Luis Henrique,C,5.5,5.5,False,True
6,TEAM CHENFENGZI,Ceccherini,D,,,False,True
6,TEAM CHENFENGZI,Israel,P,,,False,True
6,TEAM CHENFENGZI,Ghilardi,D,,,False,True
6,TEAM CHENFENGZI,Caprile,P,7.5,5.5,False,True
6,TEAM CHENFENGZI,Immobile,A,,,False,True
6,TEAM CHENFENGZI,Lobotka,C,,,False,True
6,TEAM SITH,Svilar,P,6.5,7.5,True,False
6,TEAM SITH,Bellanova,D,5.5,5.5,True,False
6,TEAM SITH,Gallo,D,5.5,5.5,True,False
6,TEAM SITH,Gatti,D,5.5,5.5,True,False
6,TEAM SITH,Coco,D,6.0,6.0,True,False
6,TEAM SITH,Thuram K.,C,5.5,5.5,True,False
6,TEAM SITH,McTominay,C,7.0,10.0,True,False
6,TEAM SITH,Frendrup,C,6.0,5.5,True,False
6,TEAM SITH,Locatelli,C,6.0,5.5,True,False
6,TEAM SITH,Pinamonti,A,5.0,5.0,True,False
6,TEAM SITH,Soulè,A,6.0,6.0,True,False
6,TEAM SITH,Vasquez D.,P,,,False,True
6,TEAM SITH,Gollini,P,,,False,True
6,TEAM SITH,Martin,D,,,False,True
6,TEAM SITH,Romagnoli,D,6.5,6.5,False,True
6,TEAM SITH,Buongiorno,D,5.5,5.5,False,True
6,TEAM SITH,Di Lorenzo,D,6.5,6.0,False,True
6,TEAM SITH,Isaksen,C,7.0,7.0,False,True
6,TEAM SITH,Koopmeiners,C,6.0,5.5,False,True
6,TEAM SITH,Rabiot,C,,,False,True
6,TEAM SITH,Loftus-Cheek,C,,,False,True
6,TEAM SITH,Lookman,A,6.0,6.0,False,True
6,TEAM SITH,Ngonge,A,6.5,6.5,False,True
6,TEAM SITH,Dia,A,6.0,6.0,False,True
6,TEAM SITH,Morata,A,5.5,5.5,False,True
6,TEAM BRAUNA,Meret,P,,,False,False
6,TEAM BRAUNA,Hien,D,6.0,6.0,True,False
6,TEAM BRAUNA,Luperto,D,,,False,False
6,TEAM BRAUNA,Beukema,D,,,False,False
6,TEAM BRAUNA,Tomori,D,,,False,False
6,TEAM BRAUNA,Neres,C,6.5,7.5,True,False
6,TEAM BRAUNA,Fofana Y.,C,6.0,6.0,True,False
6,TEAM BRAUNA,Adopo,C,5.0,5.0,True,False
6,TEAM BRAUNA,Stulic,A,5.5,5.0,True,False
6,TEAM BRAUNA,Davis K.,A,7.0,8.5,True,False
6,TEAM BRAUNA,Leao,A,7.0,9.0,True,False
6,TEAM BRAUNA,Milinkovic-Savic V.,P,6.5,5.5,True,True
6,TEAM BRAUNA,Semper,P,6.0,4.0,False,True
6,TEAM BRAUNA,Kristensen T.,D,,,False,True
6,TEAM BRAUNA,Tiago Gabriel,D,5.5,5.5,True,True
6,TEAM BRAUNA,Zemura,D,,,False,True
6,TEAM BRAUNA,Angori,D,,,False,True
6,TEAM BRAUNA,Sarmiento J.,C,6.0,6.0,False,True
6,TEAM BRAUNA,Diouf,C,,,False,True
6,TEAM BRAUNA,Lorran,C,,,False,True
6,TEAM BRAUNA,Stengs,C,,,False,True
6,TEAM BRAUNA,Dele-Bashiru,C,,,False,True
6,TEAM BRAUNA,Kuhn,A,6.0,6.0,False,True
6,TEAM BRAUNA,Zapata D.,A,,,False,True
6,TEAM BRAUNA,De Luca,A,,,False,True
6,BOSS ROMAZDA,Carnesecchi,P,6.5,5.5,True,False
6,BOSS ROMAZDA,Tsimikas,D,6.0,6.0,True,False
6,BOSS ROMAZDA,Carlos Augusto,D,,,False,False
6,BOSS ROMAZDA,Delprato,D,6.0,6.0,True,False
6,BOSS ROMAZDA,Biraghi,D,5.5,5.5,True,False
6,BOSS ROMAZDA,Folorunsho,C,5.5,5.5,True,False
6,BOSS ROMAZDA,Zhegrova,C,,,False,False
6,BOSS ROMAZDA,Casadei,C,5.5,5.0,True,False
6,BOSS ROMAZDA,Simeone,A,5.5,5.5,True,False
6,BOSS ROMAZDA,Martinez L.,A,5.0,5.0,True,False
6,BOSS ROMAZDA,David,A,5.0,5.0,True,False
6,BOSS ROMAZDA,Hojlund,A,,,False,True
6,BOSS ROMAZDA,Castellanos,A,,,False,True
6,BOSS ROMAZDA,Orban G.,A,6.5,8.5,False,True
6,BOSS ROMAZDA,Pulisic,C,,,False,True
6,BOSS ROMAZDA,Oristanio,C,,,False,True
6,BOSS ROMAZDA,Stanciu,C,,,False,True
6,BOSS ROMAZDA,Carboni V.,C,,,False,True
6,BOSS ROMAZDA,Tramoni M.,C,5.0,5.0,True,True
6,BOSS ROMAZDA,Baschirotto,D,6.5,6.5,True,True
6,BOSS ROMAZDA,Gutierrez,D,,,False,True
6,BOSS ROMAZDA,Olivera,D,5.5,5.5,False,True
6,BOSS ROMAZDA,Bisseck,D,,,False,True
6,BOSS ROMAZDA,Sportiello,P,,,False,True
6,BOSS ROMAZDA,Leali,P,7.5,5.5,False,True
6,XIAO SHI,Sommer,P,6.0,3.0,True,False
6,XIAO SHI,Mina,D,,,False,False
6,XIAO SHI,Vojvoda,D,6.0,6.0,True,False
6,XIAO SHI,Solet,D,6.0,6.0,True,False
6,XIAO SHI,Wesley,D,6.0,6.0,True,False
6,XIAO SHI,Terracciano F.,D,7.0,7.0,True,False
6,XIAO SHI,Zambo Anguissa,C,7.5,10.5,True,False
6,XIAO SHI,Konè M.,C,6.5,6.5,True,False
6,XIAO SHI,Vandeputte,C,6.5,6.5,True,False
6,XIAO SHI,Nkunku,A,5.5,5.5,True,False
6,XIAO SHI,Adams C.,A,5.5,5.5,True,False
6,XIAO SHI,Ferguson E.,A,,,False,True
6,XIAO SHI,Openda,A,6.0,6.0,False,True
6,XIAO SHI,Colombo,A,,,False,True
6,XIAO SHI,Lang,A,,,False,True
6,XIAO SHI,El Aynaoui,C,6.0,6.0,False,True
6,XIAO SHI,Guendouzi,C,6.5,6.0,False,True
6,XIAO SHI,Rowe,C,6.0,5.5,False,True
6,XIAO SHI,Maldini,C,,,False,True
6,XIAO SHI,Rovella,C,,,False,True
6,XIAO SHI,Martinez Jo.,P,,,False,True
6,XIAO SHI,Turati,P,,,False,True
6,XIAO SHI,Kalulu,D,6.0,6.0,True,True
6,XIAO SHI,Zortea,D,,,False,True
6,XIAO SHI,Marusic,D,5.5,5.5,False,True
6,BALZARETTI42,De Gea,P,6.0,4.0,True,False
6,BALZARETTI42,Gosens,D,5.0,4.5,True,False
6,BALZARETTI42,Pezzella Giu.,D,,,False,False
6,BALZARETTI42,Valle,D,,,False,False
6,BALZARETTI42,Dodò,D,6.0,6.0,True,False
6,BALZARETTI42,Ellertsson,C,5.5,5.5,True,False
6,BALZARETTI42,Nicolussi Caviglia,C,5.5,5.5,True,False
6,BALZARETTI42,Gudmundsson A.,C,6.5,8.0,True,False
6,BALZARETTI42,De Roon,C,6.0,6.0,True,False
6,BALZARETTI42,Kean,A,7.0,11.0,True,False
6,BALZARETTI42,De Ketelaere,A,5.5,5.5,True,False
6,BALZARETTI42,Lezzerini,P,,,False,True
6,BALZARETTI42,Comuzzo,D,,,False,True
6,BALZARETTI42,Canestrelli,D,6.0,6.0,True,True
6,BALZARETTI42,Martinelli T.,P,,,False,True
6,BALZARETTI42,Diao,A,5.5,5.5,False,True
6,BALZARETTI42,Lukaku,A,,,False,True
6,BALZARETTI42,Ranieri L.,D,5.5,5.5,True,True
6,BALZARETTI42,Ramon,D,,,False,True
6,BALZARETTI42,Sohm,C,,,False,True
6,BALZARETTI42,Masini,C,5.5,5.5,False,True
6,BALZARETTI42,Collocolo,C,,,False,True
6,BALZARETTI42,Elmas,C,,,False,True
6,BALZARETTI42,Piccoli,A,,,False,True
6,BALZARETTI42,Cancellieri,A,,,False,True
7,BALZARETTI42,De Gea,P,7.5,4.5,True,False
7,BALZARETTI42,Gosens,D,6.0,6.0,True,False
7,BALZARETTI42,Canestrelli,D,6.0,6.0,True,False
7,BALZARETTI42,Valle,D,6.5,7.5,True,False
7,BALZARETTI42,Dodò,D,5.5,5.5,True,False
7,BALZARETTI42,Ellertsson,C,5.5,5.5,True,False
7,BALZARETTI42,Masini,C,6.0,6.0,True,False
7,BALZARETTI42,Gudmundsson A.,C,5.5,5.5,True,False
7,BALZARETTI42,De Roon,C,6.0,6.0,True,False
7,BALZARETTI42,Kean,A,5.5,5.5,True,False
7,BALZARETTI42,De Ketelaere,A,6.0,6.0,True,False
7,BALZARETTI42,Lezzerini,P,,,False,True
7,BALZARETTI42,Martinelli T.,P,,,False,True
7,BALZARETTI42,Diao,A,5.5,5.5,False,True
7,BALZARETTI42,Lukaku,A,,,False,True
7,BALZARETTI42,Ranieri L.,D,,,False,True
7,BALZARETTI42,Sohm,C,6.0,6.0,False,True
7,BALZARETTI42,Collocolo,C,,,False,True
7,BALZARETTI42,Elmas,C,5.5,5.5,False,True
7,BALZARETTI42,Piccoli,A,,,False,True
7,BALZARETTI42,Cancellieri,A,,,False,True
7,BALZARETTI42,Nicolussi Caviglia,C,,,False,True
7,BALZARETTI42,Comuzzo,D,5.0,5.0,False,True
7,BALZARETTI42,Pezzella Giu.,D,,,False,True
7,BALZARETTI42,Ramon,D,6.5,6.5,False,True
7,TEAM SITH,Svilar,P,7.0,6.0,True,False
7,TEAM SITH,Di Lorenzo,D,6.0,6.0,True,False
7,TEAM SITH,Romagnoli,D,6.5,6.5,True,False
7,TEAM SITH,Buongiorno,D,6.5,6.5,True,False
7,TEAM SITH,Coco,D,7.0,8.0,True,False
7,TEAM SITH,Thuram K.,C,,,False,False
7,TEAM SITH,McTominay,C,6.0,6.0,True,False
7,TEAM SITH,Frendrup,C,5.5,5.5,True,False
7,TEAM SITH,Isaksen,C,5.5,5.5,True,False
7,TEAM SITH,Pinamonti,A,7.0,10.0,True,False
7,TEAM SITH,Soulè,A,6.0,6.0,True,False
7,TEAM SITH,Vasquez D.,P,,,False,True
7,TEAM SITH,Gollini,P,,,False,True
7,TEAM SITH,Gatti,D,7.0,11.0,False,True
7,TEAM SITH,Bellanova,D,6.0,6.0,False,True
7,TEAM SITH,Gallo,D,6.0,6.0,False,True
7,TEAM SITH,Martin,D,6.0,6.0,False,True
7,TEAM SITH,Locatelli,C,6.0,6.0,True,True
7,TEAM SITH,Loftus-Cheek,C,6.0,6.0,False,True
7,TEAM SITH,Koopmeiners,C,,,False,True
7,TEAM SITH,Rabiot,C,,,False,True
7,TEAM SITH,Lookman,A,7.0,11.0,False,True
7,TEAM SITH,Dia,A,5.5,5.5,False,True
7,TEAM SITH,Ngonge,A,5.5,5.5,False,True
7,TEAM SITH,Morata,A,,,False,True
7,BOSS ROMAZDA,Leali,P,6.0,3.5,True,False
7,BOSS ROMAZDA,Olivera,D,6.0,5.5,True,False
7,BOSS ROMAZDA,Carlos Augusto,D,,,False,False
7,BOSS ROMAZDA,Baschirotto,D,6.5,6.5,True,False
7,BOSS ROMAZDA,Tsimikas,D,,,False,False
7,BOSS ROMAZDA,Folorunsho,C,5.5,5.0,True,False
7,BOSS ROMAZDA,Casadei,C,6.5,6.5,True,False
7,BOSS ROMAZDA,Zhegrova,C,,,False,False
7,BOSS ROMAZDA,Simeone,A,5.5,5.5,True,False
7,BOSS ROMAZDA,Martinez L.,A,6.0,7.0,True,False
7,BOSS ROMAZDA,Hojlund,A,5.5,5.5,True,False
7,BOSS ROMAZDA,David,A,6.0,6.0,False,True
7,BOSS ROMAZDA,Orban G.,A,5.0,4.5,False,True
7,BOSS ROMAZDA,Castellanos,A,,,False,True
7,BOSS ROMAZDA,Pulisic,C,,,False,True
7,BOSS ROMAZDA,Stanciu,C,,,False,True
7,BOSS ROMAZDA,Carboni V.,C,5.5,5.0,True,True
7,BOSS ROMAZDA,Tramoni M.,C,5.5,5.5,False,True
7,BOSS ROMAZDA,Oristanio,C,,,False,True
7,BOSS ROMAZDA,Biraghi,D,,,False,True
7,BOSS ROMAZDA,Delprato,D,5.5,5.0,True,True
7,BOSS ROMAZDA,Bisseck,D,6.5,6.5,True,True
7,BOSS ROMAZDA,Gutierrez,D,,,False,True
7,BOSS ROMAZDA,Carnesecchi,P,6.0,5.0,False,True
7,BOSS ROMAZDA,Sportiello,P,,,False,True
7,MIZI-MAIGO,Perin,P,,,False,False
7,MIZI-MAIGO,Dimarco,D,6.5,6.5,True,False
7,MIZI-MAIGO,Bastoni,D,6.5,6.5,True,False
7,MIZI-MAIGO,Celik,D,6.5,6.5,True,False
7,MIZI-MAIGO,Spinazzola,D,6.5,6.5,True,False
7,MIZI-MAIGO,Pellegrini Lo.,C,,,False,False
7,MIZI-MAIGO,Cristante,C,6.5,6.5,True,False
7,MIZI-MAIGO,Frattesi,C,,,False,False
7,MIZI-MAIGO,Politano,C,5.5,5.5,True,False
7,MIZI-MAIGO,Lucca,A,5.5,5.5,True,False
7,MIZI-MAIGO,Scamacca,A,,,False,False
7,MIZI-MAIGO,Pellegrino M.,A,6.0,5.5,True,True
7,MIZI-MAIGO,Giovane,A,6.0,6.0,False,True
7,MIZI-MAIGO,Almqvist,A,,,False,True
7,MIZI-MAIGO,Bayo V.,A,5.5,5.5,False,True
7,MIZI-MAIGO,El Shaarawy,C,,,False,True
7,MIZI-MAIGO,Zalewski,C,,,False,True
7,MIZI-MAIGO,Pisilli,C,,,False,True
7,MIZI-MAIGO,Zaniolo,C,7.0,9.0,True,True
7,MIZI-MAIGO,Acerbi,D,,,False,True
7,MIZI-MAIGO,Pellegrini Lu.,D,5.5,5.5,False,True
7,MIZI-MAIGO,Darmian,D,,,False,True
7,MIZI-MAIGO,De Silvestri,D,,,False,True
7,MIZI-MAIGO,Falcone,P,6.0,5.0,True,True
7,MIZI-MAIGO,Zelezny,P,,,False,True
7,SANSHIMI,Butez,P,5.5,4.5,True,False
7,SANSHIMI,Pavlovic,D,6.0,6.0,True,False
7,SANSHIMI,Akanji,D,7.0,7.0,True,False
7,SANSHIMI,Idrissi R.,D,5.5,5.0,True,False
7,SANSHIMI,Zaccagni,C,6.0,6.0,True,False
7,SANSHIMI,Odgaard,C,5.5,5.0,True,False
7,SANSHIMI,Sucic P.,C,7.0,9.0,True,False
7,SANSHIMI,Zerbin,C,,,False,False
7,SANSHIMI,Douvikas,A,7.0,9.0,True,False
7,SANSHIMI,Bonny,A,6.5,6.5,True,False
7,SANSHIMI,Camarda,A,5.0,3.0,True,False
7,SANSHIMI,Atta,C,6.0,6.0,True,True
7,SANSHIMI,Venturino,C,,,False,True
7,SANSHIMI,Bernabè,C,5.0,5.0,False,True
7,SANSHIMI,Pasalic,C,7.0,8.0,False,True
7,SANSHIMI,Thuram,A,,,False,True
7,SANSHIMI,Sulemana K.,A,,,False,True
7,SANSHIMI,Krstovic,A,,,False,True
7,SANSHIMI,Estupinan,D,,,False,True
7,SANSHIMI,Rrahmani,D,,,False,True
7,SANSHIMI,Djimsiti,D,6.0,6.0,False,True
7,SANSHIMI,Juan Jesus,D,5.0,5.0,False,True
7,SANSHIMI,Bremer,D,,,False,True
7,SANSHIMI,Suzuki,P,6.0,4.0,False,True
7,SANSHIMI,Sava,P,,,False,True
7,XIAO SHI,Sommer,P,6.0,7.0,True,False
7,XIAO SHI,Kalulu,D,6.5,6.5,True,False
7,XIAO SHI,Vojvoda,D,7.0,9.0,True,False
7,XIAO SHI,Terracciano F.,D,6.5,6.5,True,False
7,XIAO SHI,Wesley,D,6.0,6.0,True,False
7,XIAO SHI,Zambo Anguissa,C,7.0,11.0,True,False
7,XIAO SHI,Konè M.,C,7.0,7.0,True,False
7,XIAO SHI,Vandeputte,C,7.0,8.0,True,False
7,XIAO SHI,El Aynaoui,C,6.0,6.0,True,False
7,XIAO SHI,Openda,A,6.0,6.0,True,False
7,XIAO SHI,Ferguson E.,A,,,False,False
7,XIAO SHI,Adams C.,A,5.5,5.5,True,True
7,XIAO SHI,Nkunku,A,5.5,5.5,False,True
7,XIAO SHI,Colombo,A,5.5,5.5,False,True
7,XIAO SHI,Lang,A,6.5,6.5,False,True
7,XIAO SHI,Guendouzi,C,6.0,5.5,False,True
7,XIAO SHI,Rowe,C,,,False,True
7,XIAO SHI,Maldini,C,,,False,True
7,XIAO SHI,Rovella,C,,,False,True
7,XIAO SHI,Martinez Jo.,P,,,False,True
7,XIAO SHI,Turati,P,,,False,True
7,XIAO SHI,Solet,D,6.0,6.0,False,True
7,XIAO SHI,Marusic,D,6.0,6.0,False,True
7,XIAO SHI,Zortea,D,6.0,6.0,False,True
7,XIAO SHI,Mina,D,,,False,True
7,MARIO GO,Maignan,P,6.5,5.5,True,False
7,MARIO GO,Dumfries,D,6.0,6.0,True,False
7,MARIO GO,Vasquez,D,6.0,6.0,True,False
7,MARIO GO,Zappacosta,D,6.5,6.5,True,False
7,MARIO GO,Orsolini,C,5.5,5.5,True,False
7,MARIO GO,Barella,C,6.5,7.5,True,False
7,MARIO GO,Mandragora,C,5.5,5.5,True,False
7,MARIO GO,Vazquez,C,6.0,6.0,True,False
7,MARIO GO,Tourè I.,C,6.0,6.0,True,False
7,MARIO GO,Esposito Se.,A,7.0,9.0,True,False
7,MARIO GO,Laurientè,A,7.0,10.0,True,False
7,MARIO GO,Di Gregorio,P,6.0,4.5,False,True
7,MARIO GO,Miranda J.,D,,,False,True
7,MARIO GO,Rensch,D,5.5,5.5,False,True
7,MARIO GO,Joao Mario,D,,,False,True
7,MARIO GO,Fazzini,C,5.5,5.5,False,True
7,MARIO GO,Da Cunha,C,6.5,6.5,False,True
7,MARIO GO,Vlasic,C,6.0,6.0,False,True
7,MARIO GO,Dovbyk,A,7.0,10.0,False,True
7,MARIO GO,Dzeko,A,6.0,6.0,False,True
7,MARIO GO,Pedro,A,5.5,5.0,False,True
7,MARIO GO,Gimenez,A,5.0,4.5,False,True
7,MARIO GO,Pinsoglio,P,,,False,True
7,MARIO GO,Valeri,D,,,False,True
7,MARIO GO,Tavares N.,D,,,False,True
7,X-17,Provedel,P,6.5,7.5,True,False
7,X-17,Lazaro,D,6.0,6.0,True,False
7,X-17,Gabbia,D,6.0,5.5,True,False
7,X-17,Cambiaso,D,6.5,7.5,True,False
7,X-17,Bailey,C,5.5,5.5,True,False
7,X-17,Calhanoglu,C,8.0,14.0,True,False
7,X-17,Modric,C,6.0,5.5,True,False
7,X-17,Saelemaekers,C,5.5,5.5,True,False
7,X-17,Yildiz,A,7.0,9.0,True,False
7,X-17,Vlahovic,A,7.0,9.0,True,False
7,X-17,Dybala,A,6.5,7.5,True,False
7,X-17,Mandas,P,,,False,True
7,X-17,Furlanetto,P,,,False,True
7,X-17,Scalvini,D,,,False,True
7,X-17,Veiga D.,D,6.5,6.5,False,True
7,X-17,Doig,D,,,False,True
7,X-17,Lovik,D,,,False,True
7,X-17,Marianucci,D,,,False,True
7,X-17,De Bruyne,C,,,False,True
7,X-17,Conceicao,C,,,False,True
7,X-17,Baldanzi,C,,,False,True
7,X-17,Prati,C,6.0,6.0,False,True
7,X-17,Castro S.,A,5.5,5.5,False,True
7,X-17,Rodriguez Je.,A,6.5,7.5,False,True
7,X-17,Bravo,A,,,False,True
7,TEAM BRAUNA,Meret,P,,,False,False
7,TEAM BRAUNA,Hien,D,6.0,6.0,True,False
7,TEAM BRAUNA,Tiago Gabriel,D,6.0,6.0,True,False
7,TEAM BRAUNA,Beukema,D,,,False,False
7,TEAM BRAUNA,Tomori,D,5.5,5.5,True,False
7,TEAM BRAUNA,Neres,C,7.0,8.0,True,False
7,TEAM BRAUNA,Fofana Y.,C,6.0,6.0,True,False
7,TEAM BRAUNA,Adopo,C,6.0,6.0,True,False
7,TEAM BRAUNA,Stulic,A,5.5,5.5,True,False
7,TEAM BRAUNA,Davis K.,A,5.5,5.5,True,False
7,TEAM BRAUNA,Leao,A,5.5,5.5,True,False
7,TEAM BRAUNA,Milinkovic-Savic V.,P,7.0,10.0,True,True
7,TEAM BRAUNA,Semper,P,6.5,8.5,False,True
7,TEAM BRAUNA,Luperto,D,,,False,True
7,TEAM BRAUNA,Angori,D,6.5,6.5,True,True
7,TEAM BRAUNA,Zemura,D,,,False,True
7,TEAM BRAUNA,Kristensen T.,D,,,False,True
7,TEAM BRAUNA,Sarmiento J.,C,,,False,True
7,TEAM BRAUNA,Lorran,C,,,False,True
7,TEAM BRAUNA,Diouf,C,,,False,True
7,TEAM BRAUNA,Dele-Bashiru,C,,,False,True
7,TEAM BRAUNA,Stengs,C,,,False,True
7,TEAM BRAUNA,Kuhn,A,5.5,5.5,False,True
7,TEAM BRAUNA,Zapata D.,A,,,False,True
7,TEAM BRAUNA,De Luca,A,,,False,True
7,TEAM CHENFENGZI,Skorupski,P,6.0,7.0,True,False
7,TEAM CHENFENGZI,Kelly L.,D,6.0,6.0,True,False
7,TEAM CHENFENGZI,N'Dicka,D,6.0,6.0,True,False
7,TEAM CHENFENGZI,Mancini,D,6.5,6.5,True,False
7,TEAM CHENFENGZI,Ostigard,D,6.0,6.0,True,False
7,TEAM CHENFENGZI,Malinovskyi,C,5.5,5.5,True,False
7,TEAM CHENFENGZI,Paz N.,C,6.0,5.5,True,False
7,TEAM CHENFENGZI,Ederson D.S.,C,6.0,6.0,True,False
7,TEAM CHENFENGZI,Nzola,A,6.0,6.0,True,False
7,TEAM CHENFENGZI,Vardy,A,6.0,6.0,True,False
7,TEAM CHENFENGZI,Berardi,A,,,False,False
7,TEAM CHENFENGZI,Esposito F.P.,A,6.0,5.5,True,True
7,TEAM CHENFENGZI,Ricci S.,C,7.0,9.0,False,True
7,TEAM CHENFENGZI,Bernardeschi,C,6.0,6.0,False,True
7,TEAM CHENFENGZI,Meister,A,,,False,True
7,TEAM CHENFENGZI,Luis Henrique,C,,,False,True
7,TEAM CHENFENGZI,Ceccherini,D,,,False,True
7,TEAM CHENFENGZI,Hermoso,D,7.0,10.0,False,True
7,TEAM CHENFENGZI,Israel,P,,,False,True
7,TEAM CHENFENGZI,Ghilardi,D,,,False,True
7,TEAM CHENFENGZI,Caprile,P,6.0,3.5,False,True
8,BALZARETTI42,De Gea,P,6.0,5.0,True,False
8,BALZARETTI42,Gosens,D,,,False,False
8,BALZARETTI42,Canestrelli,D,5.0,5.0,True,False
8,BALZARETTI42,Valle,D,6.0,6.0,True,False
8,BALZARETTI42,Dodò,D,5.5,5.5,True,False
8,BALZARETTI42,Ellertsson,C,6.0,6.0,True,False
8,BALZARETTI42,Masini,C,6.0,5.5,True,False
8,BALZARETTI42,Gudmundsson A.,C,5.5,5.5,True,False
8,BALZARETTI42,Sohm,C,5.0,5.0,True,False
8,BALZARETTI42,Kean,A,5.0,4.5,True,False
8,BALZARETTI42,De Ketelaere,A,5.5,5.0,True,False
8,BALZARETTI42,Lezzerini,P,,,False,True
8,BALZARETTI42,Martinelli T.,P,,,False,True
8,BALZARETTI42,Diao,A,6.5,6.5,False,True
8,BALZARETTI42,Lukaku,A,,,False,True
8,BALZARETTI42,Ranieri L.,D,5.0,4.5,True,True
8,BALZARETTI42,Collocolo,C,,,False,True
8,BALZARETTI42,Elmas,C,5.5,5.0,False,True
8,BALZARETTI42,Piccoli,A,5.0,5.0,False,True
8,BALZARETTI42,Cancellieri,A,,,False,True
8,BALZARETTI42,Nicolussi Caviglia,C,5.0,4.5,False,True
8,BALZARETTI42,Comuzzo,D,5.5,5.5,False,True
8,BALZARETTI42,Pezzella Giu.,D,,,False,True
8,BALZARETTI42,Ramon,D,6.5,6.5,False,True
8,TEAM CHENFENGZI,Skorupski,P,6.0,5.0,True,False
8,TEAM CHENFENGZI,Kelly L.,D,,,False,False
8,TEAM CHENFENGZI,N'Dicka,D,5.5,5.5,True,False
8,TEAM CHENFENGZI,Mancini,D,5.5,5.0,True,False
8,TEAM CHENFENGZI,Ostigard,D,7.0,11.0,True,False
8,TEAM CHENFENGZI,Malinovskyi,C,7.0,8.5,True,False
8,TEAM CHENFENGZI,Paz N.,C,5.5,5.5,True,False
8,TEAM CHENFENGZI,Ederson D.S.,C,5.5,5.0,True,False
8,TEAM CHENFENGZI,Nzola,A,6.0,6.0,True,False
8,TEAM CHENFENGZI,Vardy,A,7.0,9.0,True,False
8,TEAM CHENFENGZI,Berardi,A,7.0,9.0,True,False
8,TEAM CHENFENGZI,Esposito F.P.,A,6.0,6.0,False,True
8,TEAM CHENFENGZI,Ricci S.,C,6.0,6.0,False,True
8,TEAM CHENFENGZI,Bernardeschi,C,,,False,True
8,TEAM CHENFENGZI,Hermoso,D,6.5,6.0,True,True
8,TEAM CHENFENGZI,Luis Henrique,C,5.5,5.5,False,True
8,TEAM CHENFENGZI,Ceccherini,D,,,False,True
8,TEAM CHENFENGZI,Meister,A,5.5,5.5,False,True
8,TEAM CHENFENGZI,Ghilardi,D,,,False,True
8,TEAM CHENFENGZI,Caprile,P,6.5,4.5,False,True
8,TEAM CHENFENGZI,Lobotka,C,,,False,True
8,TEAM CHENFENGZI,Immobile,A,,,False,True
8,TEAM CHENFENGZI,Israel,P,,,False,True
8,TEAM SITH,Svilar,P,7.0,6.0,True,False
8,TEAM SITH,Bellanova,D,6.0,6.0,True,False
8,TEAM SITH,Romagnoli,D,6.0,6.0,True,False
8,TEAM SITH,Coco,D,6.0,6.0,True,False
8,TEAM SITH,Gatti,D,5.0,5.0,True,False
8,TEAM SITH,Isaksen,C,7.0,10.0,True,False
8,TEAM SITH,McTominay,C,6.5,6.5,True,False
8,TEAM SITH,Frendrup,C,6.0,6.0,True,False
8,TEAM SITH,Pinamonti,A,5.5,5.5,True,False
8,TEAM SITH,Soulè,A,6.0,6.0,True,False
8,TEAM SITH,Lookman,A,5.5,5.5,True,False
8,TEAM SITH,Vasquez D.,P,,,False,True
8,TEAM SITH,Gollini,P,,,False,True
8,TEAM SITH,Dia,A,5.0,5.0,False,True
8,TEAM SITH,Ngonge,A,6.0,6.0,False,True
8,TEAM SITH,Morata,A,5.0,3.0,False,True
8,TEAM SITH,Thuram K.,C,6.0,6.0,False,True
8,TEAM SITH,Locatelli,C,7.0,7.0,False,True
8,TEAM SITH,Koopmeiners,C,6.0,6.0,False,True
8,TEAM SITH,Loftus-Cheek,C,,,False,True
8,TEAM SITH,Rabiot,C,,,False,True
8,TEAM SITH,Di Lorenzo,D,5.5,5.5,False,True
8,TEAM SITH,Gallo,D,6.5,6.5,False,True
8,TEAM SITH,Buongiorno,D,6.0,6.0,False,True
8,TEAM SITH,Martin,D,6.5,7.5,False,True
8,SANSHIMI,Suzuki,P,6.0,3.0,True,False
8,SANSHIMI,Pavlovic,D,7.5,10.5,True,False
8,SANSHIMI,Akanji,D,6.0,6.0,True,False
8,SANSHIMI,Juan Jesus,D,,,False,False
8,SANSHIMI,Idrissi R.,D,,,False,False
8,SANSHIMI,Zaccagni,C,7.0,10.0,True,False
8,SANSHIMI,Pasalic,C,5.5,5.5,True,False
8,SANSHIMI,Sucic P.,C,5.5,5.5,True,False
8,SANSHIMI,Odgaard,C,6.0,6.0,True,False
8,SANSHIMI,Krstovic,A,5.0,4.5,True,False
8,SANSHIMI,Bonny,A,5.5,5.5,True,False
8,SANSHIMI,Atta,C,7.0,7.0,False,True
8,SANSHIMI,Venturino,C,,,False,True
8,SANSHIMI,Bernabè,C,7.0,9.0,False,True
8,SANSHIMI,Zerbin,C,,,False,True
8,SANSHIMI,Thuram,A,,,False,True
8,SANSHIMI,Sulemana K.,A,5.0,5.0,False,True
8,SANSHIMI,Douvikas,A,,,False,True
8,SANSHIMI,Camarda,A,,,False,True
8,SANSHIMI,Djimsiti,D,6.0,6.0,True,True
8,SANSHIMI,Estupinan,D,,,False,True
8,SANSHIMI,Rrahmani,D,6.5,6.5,True,True
8,SANSHIMI,Bremer,D,,,False,True
8,SANSHIMI,Butez,P,6.0,7.0,False,True
8,SANSHIMI,Sava,P,,,False,True
8,X-17,Provedel,P,6.0,7.0,True,False
8,X-17,Lazaro,D,6.0,6.0,True,False
8,X-17,Gabbia,D,6.5,6.5,True,False
8,X-17,Cambiaso,D,7.0,10.0,True,False
8,X-17,Conceicao,C,6.0,6.0,True,False
8,X-17,Calhanoglu,C,7.0,9.0,True,False
8,X-17,Modric,C,6.5,6.5,True,False
8,X-17,Saelemaekers,C,6.5,6.5,True,False
8,X-17,Yildiz,A,,,False,False
8,X-17,Vlahovic,A,6.5,6.5,True,False
8,X-17,Dybala,A,5.0,3.0,True,False
8,X-17,Mandas,P,,,False,True
8,X-17,Furlanetto,P,,,False,True
8,X-17,Scalvini,D,,,False,True
8,X-17,Veiga D.,D,6.0,5.5,False,True
8,X-17,Doig,D,5.5,5.5,False,True
8,X-17,Lovik,D,,,False,True
8,X-17,Marianucci,D,,,False,True
8,X-17,De Bruyne,C,,,False,True
8,X-17,Bailey,C,5.5,5.5,False,True
8,X-17,Baldanzi,C,,,False,True
8,X-17,Prati,C,5.0,5.0,False,True
8,X-17,Castro S.,A,7.5,13.0,True,True
8,X-17,Bravo,A,,,False,True
8,X-17,Rodriguez Je.,A,,,False,True
8,BOSS ROMAZDA,Carnesecchi,P,6.5,5.5,True,False
8,BOSS ROMAZDA,Biraghi,D,6.0,6.0,True,False
8,BOSS ROMAZDA,Carlos Augusto,D,6.0,6.0,True,False
8,BOSS ROMAZDA,Bisseck,D,6.0,5.5,True,False
8,BOSS ROMAZDA,Delprato,D,5.5,5.5,True,False
8,BOSS ROMAZDA,Folorunsho,C,6.0,6.0,True,False
8,BOSS ROMAZDA,Casadei,C,5.5,5.0,True,False
8,BOSS ROMAZDA,Zhegrova,C,,,False,False
8,BOSS ROMAZDA,Simeone,A,6.5,8.5,True,False
8,BOSS ROMAZDA,Martinez L.,A,5.5,5.5,True,False
8,BOSS ROMAZDA,Hojlund,A,5.5,5.5,True,False
8,BOSS ROMAZDA,David,A,,,False,True
8,BOSS ROMAZDA,Orban G.,A,6.0,6.5,False,True
8,BOSS ROMAZDA,Castellanos,A,,,False,True
8,BOSS ROMAZDA,Pulisic,C,,,False,True
8,BOSS ROMAZDA,Carboni V.,C,,,False,True
8,BOSS ROMAZDA,Stanciu,C,,,False,True
8,BOSS ROMAZDA,Tramoni M.,C,,,False,True
8,BOSS ROMAZDA,Oristanio,C,,,False,True
8,BOSS ROMAZDA,Baschirotto,D,5.5,5.5,False,True
8,BOSS ROMAZDA,Olivera,D,,,False,True
8,BOSS ROMAZDA,Gutierrez,D,6.0,6.0,False,True
8,BOSS ROMAZDA,Tsimikas,D,,,False,True
8,BOSS ROMAZDA,Sportiello,P,,,False,True
8,BOSS ROMAZDA,Leali,P,6.0,5.0,False,True
8,MIZI-MAIGO,Perin,P,,,False,False
8,MIZI-MAIGO,Dimarco,D,6.0,6.0,True,False
8,MIZI-MAIGO,Bastoni,D,5.5,5.5,True,False
8,MIZI-MAIGO,Celik,D,6.0,5.5,True,False
8,MIZI-MAIGO,Spinazzola,D,5.5,5.5,True,False
8,MIZI-MAIGO,Pellegrini Lo.,C,6.0,6.0,True,False
8,MIZI-MAIGO,Cristante,C,6.0,6.0,True,False
8,MIZI-MAIGO,Frattesi,C,,,False,False
8,MIZI-MAIGO,Politano,C,5.5,5.0,True,False
8,MIZI-MAIGO,Pellegrino M.,A,6.0,6.0,True,False
8,MIZI-MAIGO,Scamacca,A,5.5,5.5,True,False
8,MIZI-MAIGO,Lucca,A,,,False,True
8,MIZI-MAIGO,Giovane,A,7.0,9.0,False,True
8,MIZI-MAIGO,Almqvist,A,,,False,True
8,MIZI-MAIGO,Bayo V.,A,6.0,6.0,False,True
8,MIZI-MAIGO,Zalewski,C,5.0,5.0,True,True
8,MIZI-MAIGO,Zaniolo,C,7.0,11.0,False,True
8,MIZI-MAIGO,Pisilli,C,,,False,True
8,MIZI-MAIGO,El Shaarawy,C,,,False,True
8,MIZI-MAIGO,Acerbi,D,,,False,True
8,MIZI-MAIGO,Pellegrini Lu.,D,6.0,6.0,False,True
8,MIZI-MAIGO,Darmian,D,,,False,True
8,MIZI-MAIGO,De Silvestri,D,,,False,True
8,MIZI-MAIGO,Falcone,P,7.0,8.0,True,True
8,MIZI-MAIGO,Zelezny,P,,,False,True
8,TEAM BRAUNA,Meret,P,,,False,False
8,TEAM BRAUNA,Hien,D,5.5,5.5,True,False
8,TEAM BRAUNA,Tiago Gabriel,D,6.5,6.5,True,False
8,TEAM BRAUNA,Beukema,D,,,False,False
8,TEAM BRAUNA,Tomori,D,,,False,False
8,TEAM BRAUNA,Neres,C,5.5,5.5,True,False
8,TEAM BRAUNA,Fofana Y.,C,5.5,5.0,True,False
8,TEAM BRAUNA,Adopo,C,5.0,5.0,True,False
8,TEAM BRAUNA,Kuhn,A,,,False,False
8,TEAM BRAUNA,Stulic,A,6.0,6.0,True,False
8,TEAM BRAUNA,Leao,A,6.5,7.5,True,False
8,TEAM BRAUNA,Milinkovic-Savic V.,P,7.0,11.0,True,True
8,TEAM BRAUNA,Semper,P,6.5,4.5,False,True
8,TEAM BRAUNA,Luperto,D,5.0,5.0,True,True
8,TEAM BRAUNA,Angori,D,6.0,6.0,True,True
8,TEAM BRAUNA,Zemura,D,,,False,True
8,TEAM BRAUNA,Kristensen T.,D,,,False,True
8,TEAM BRAUNA,Sarmiento J.,C,5.5,5.5,False,True
8,TEAM BRAUNA,Lorran,C,,,False,True
8,TEAM BRAUNA,Diouf,C,,,False,True
8,TEAM BRAUNA,Dele-Bashiru,C,,,False,True
8,TEAM BRAUNA,Stengs,C,,,False,True
8,TEAM BRAUNA,Davis K.,A,,,False,True
8,TEAM BRAUNA,Zapata D.,A,5.5,5.5,True,True
8,TEAM BRAUNA,De Luca,A,,,False,True
8,XIAO SHI,Sommer,P,5.5,4.5,True,False
8,XIAO SHI,Kalulu,D,6.5,6.5,True,False
8,XIAO SHI,Vojvoda,D,,,False,False
8,XIAO SHI,Terracciano F.,D,5.0,5.0,True,False
8,XIAO SHI,Wesley,D,6.0,5.5,True,False
8,XIAO SHI,Solet,D,6.5,6.5,True,False
8,XIAO SHI,Zambo Anguissa,C,6.0,5.5,True,False
8,XIAO SHI,Konè M.,C,6.0,6.0,True,False
8,XIAO SHI,Vandeputte,C,6.0,6.0,True,False
8,XIAO SHI,Openda,A,6.0,6.0,True,False
8,XIAO SHI,Nkunku,A,5.5,5.5,True,False
8,XIAO SHI,Adams C.,A,7.0,10.0,False,True
8,XIAO SHI,Colombo,A,5.0,5.0,False,True
8,XIAO SHI,Lang,A,6.0,6.0,False,True
8,XIAO SHI,Ferguson E.,A,,,False,True
8,XIAO SHI,El Aynaoui,C,6.0,5.5,False,True
8,XIAO SHI,Guendouzi,C,7.0,7.5,False,True
8,XIAO SHI,Rowe,C,6.5,6.5,False,True
8,XIAO SHI,Maldini,C,,,False,True
8,XIAO SHI,Rovella,C,,,False,True
8,XIAO SHI,Martinez Jo.,P,,,False,True
8,XIAO SHI,Turati,P,,,False,True
8,XIAO SHI,Marusic,D,6.5,6.5,True,True
8,XIAO SHI,Zortea,D,,,False,True
8,XIAO SHI,Mina,D,5.5,5.5,False,True
8,MARIO GO,Di Gregorio,P,6.0,5.0,True,False
8,MARIO GO,Dumfries,D,6.0,6.0,True,False
8,MARIO GO,Vasquez,D,6.5,6.5,True,False
8,MARIO GO,Zappacosta,D,5.5,5.5,True,False
8,MARIO GO,Orsolini,C,6.0,6.0,True,False
8,MARIO GO,Barella,C,6.5,6.5,True,False
8,MARIO GO,Mandragora,C,5.0,5.0,True,False
8,MARIO GO,Vazquez,C,6.5,6.5,True,False
8,MARIO GO,Tourè I.,C,6.0,6.0,True,False
8,MARIO GO,Esposito Se.,A,5.5,5.5,True,False
8,MARIO GO,Laurientè,A,6.0,6.0,True,False
8,MARIO GO,Miranda J.,D,7.0,9.0,False,True
8,MARIO GO,Rensch,D,,,False,True
8,MARIO GO,Joao Mario,D,,,False,True
8,MARIO GO,Da Cunha,C,6.0,6.0,False,True
8,MARIO GO,Fazzini,C,5.5,5.5,False,True
8,MARIO GO,Vlasic,C,5.5,5.5,False,True
8,MARIO GO,Dovbyk,A,5.5,5.5,False,True
8,MARIO GO,Dzeko,A,5.0,5.0,False,True
8,MARIO GO,Pedro,A,,,False,True
8,MARIO GO,Gimenez,A,,,False,True
8,MARIO GO,Maignan,P,7.0,11.0,False,True
8,MARIO GO,Pinsoglio,P,,,False,True
8,MARIO GO,Valeri,D,,,False,True
8,MARIO GO,Tavares N.,D,,,False,True
9,BOSS ROMAZDA,Carnesecchi,P,5.0,2.0,True,False
9,BOSS ROMAZDA,Gutierrez,D,5.5,5.5,True,False
9,BOSS ROMAZDA,Carlos Augusto,D,6.5,6.5,True,False
9,BOSS ROMAZDA,Baschirotto,D,5.5,5.5,True,False
9,BOSS ROMAZDA,Bisseck,D,,,False,False
9,BOSS ROMAZDA,Tramoni M.,C,6.5,7.5,True,False
9,BOSS ROMAZDA,Zhegrova,C,6.0,6.0,True,False
9,BOSS ROMAZDA,Pulisic,C,5.5,5.5,True,False
9,BOSS ROMAZDA,Orban G.,A,6.0,6.0,True,False
9,BOSS ROMAZDA,Martinez L.,A,7.0,10.0,True,False
9,BOSS ROMAZDA,Hojlund,A,5.0,4.5,True,False
9,BOSS ROMAZDA,Simeone,A,6.0,6.0,False,True
9,BOSS ROMAZDA,David,A,5.5,5.5,False,True
9,BOSS ROMAZDA,Castellanos,A,,,False,True
9,BOSS ROMAZDA,Folorunsho,C,5.5,5.5,False,True
9,BOSS ROMAZDA,Carboni V.,C,6.0,6.0,False,True
9,BOSS ROMAZDA,Casadei,C,6.0,6.0,False,True
9,BOSS ROMAZDA,Stanciu,C,,,False,True
9,BOSS ROMAZDA,Oristanio,C,,,False,True
9,BOSS ROMAZDA,Olivera,D,,,False,True
9,BOSS ROMAZDA,Delprato,D,7.5,11.5,True,True
9,BOSS ROMAZDA,Tsimikas,D,,,False,True
9,BOSS ROMAZDA,Biraghi,D,,,False,True
9,BOSS ROMAZDA,Sportiello,P,,,False,True
9,BOSS ROMAZDA,Leali,P,6.5,4.5,False,True
9,XIAO SHI,Sommer,P,6.0,7.0,True,False
9,XIAO SHI,Kalulu,D,6.5,6.5,True,False
9,XIAO SHI,Vojvoda,D,,,False,False
9,XIAO SHI,Terracciano F.,D,6.0,5.5,True,False
9,XIAO SHI,Wesley,D,6.0,6.0,True,False
9,XIAO SHI,Mina,D,7.0,7.0,True,False
9,XIAO SHI,Zambo Anguissa,C,5.5,5.5,True,False
9,XIAO SHI,Konè M.,C,6.5,6.5,True,False
9,XIAO SHI,Vandeputte,C,6.5,6.5,True,False
9,XIAO SHI,Openda,A,,,False,False
9,XIAO SHI,Adams C.,A,6.0,6.0,True,False
9,XIAO SHI,Nkunku,A,6.0,7.0,True,True
9,XIAO SHI,Lang,A,5.5,5.0,False,True
9,XIAO SHI,Colombo,A,5.5,6.5,False,True
9,XIAO SHI,Ferguson E.,A,,,False,True
9,XIAO SHI,El Aynaoui,C,6.0,6.0,False,True
9,XIAO SHI,Guendouzi,C,5.5,5.5,False,True
9,XIAO SHI,Rowe,C,6.0,6.0,False,True
9,XIAO SHI,Maldini,C,,,False,True
9,XIAO SHI,Rovella,C,,,False,True
9,XIAO SHI,Martinez Jo.,P,,,False,True
9,XIAO SHI,Turati,P,,,False,True
9,XIAO SHI,Solet,D,5.5,5.5,True,True
9,XIAO SHI,Marusic,D,5.5,5.5,False,True
9,XIAO SHI,Zortea,D,,,False,True
9,SANSHIMI,Butez,P,6.5,7.5,True,False
9,SANSHIMI,Pavlovic,D,5.5,5.5,True,False
9,SANSHIMI,Akanji,D,6.0,5.5,True,False
9,SANSHIMI,Estupinan,D,5.0,5.0,True,False
9,SANSHIMI,Zaccagni,C,6.5,6.0,True,False
9,SANSHIMI,Pasalic,C,4.5,4.5,True,False
9,SANSHIMI,Atta,C,5.5,5.5,True,False
9,SANSHIMI,Odgaard,C,6.0,6.0,True,False
9,SANSHIMI,Venturino,C,,,False,False
9,SANSHIMI,Sulemana K.,A,,,False,False
9,SANSHIMI,Thuram,A,6.0,6.0,True,False
9,SANSHIMI,Sucic P.,C,6.0,5.5,True,True
9,SANSHIMI,Bernabè,C,7.0,9.0,False,True
9,SANSHIMI,Zerbin,C,,,False,True
9,SANSHIMI,Bonny,A,7.0,9.0,True,True
9,SANSHIMI,Douvikas,A,5.5,5.5,False,True
9,SANSHIMI,Camarda,A,6.0,6.0,False,True
9,SANSHIMI,Krstovic,A,5.0,5.0,False,True
9,SANSHIMI,Idrissi R.,D,,,False,True
9,SANSHIMI,Rrahmani,D,5.0,5.0,False,True
9,SANSHIMI,Juan Jesus,D,,,False,True
9,SANSHIMI,Djimsiti,D,5.0,5.0,False,True
9,SANSHIMI,Bremer,D,,,False,True
9,SANSHIMI,Suzuki,P,5.5,3.5,False,True
9,SANSHIMI,Sava,P,,,False,True
9,BALZARETTI42,De Gea,P,6.5,6.5,True,False
9,BALZARETTI42,Ranieri L.,D,5.0,4.5,True,False
9,BALZARETTI42,Canestrelli,D,6.0,6.0,True,False
9,BALZARETTI42,Valle,D,6.5,6.5,True,False
9,BALZARETTI42,Dodò,D,5.5,5.0,True,False
9,BALZARETTI42,De Roon,C,,,False,False
9,BALZARETTI42,Masini,C,6.0,6.0,True,False
9,BALZARETTI42,Gudmundsson A.,C,7.0,9.0,True,False
9,BALZARETTI42,Kean,A,,,False,False
9,BALZARETTI42,De Ketelaere,A,5.5,5.5,True,False
9,BALZARETTI42,Diao,A,5.0,5.0,True,False
9,BALZARETTI42,Nicolussi Caviglia,C,5.5,5.5,True,True
9,BALZARETTI42,Ellertsson,C,5.5,5.0,False,True
9,BALZARETTI42,Piccoli,A,7.0,9.0,True,True
9,BALZARETTI42,Sohm,C,6.5,7.5,False,True
9,BALZARETTI42,Ramon,D,6.5,6.5,False,True
9,BALZARETTI42,Pezzella Giu.,D,,,False,True
9,BALZARETTI42,Comuzzo,D,,,False,True
9,BALZARETTI42,Cancellieri,A,,,False,True
9,BALZARETTI42,Gosens,D,,,False,True
9,BALZARETTI42,Martinelli T.,P,,,False,True
9,BALZARETTI42,Elmas,C,5.0,5.0,False,True
9,BALZARETTI42,Collocolo,C,,,False,True
9,BALZARETTI42,Lukaku,A,,,False,True
9,BALZARETTI42,Lezzerini,P,,,False,True
9,TEAM CHENFENGZI,Skorupski,P,,,False,False
9,TEAM CHENFENGZI,Hermoso,D,6.5,6.5,True,False
9,TEAM CHENFENGZI,N'Dicka,D,6.0,6.0,True,False
9,TEAM CHENFENGZI,Mancini,D,6.5,7.5,True,False
9,TEAM CHENFENGZI,Ostigard,D,7.0,10.5,True,False
9,TEAM CHENFENGZI,Malinovskyi,C,,,False,False
9,TEAM CHENFENGZI,Paz N.,C,6.5,6.5,True,False
9,TEAM CHENFENGZI,Ederson D.S.,C,5.5,5.5,True,False
9,TEAM CHENFENGZI,Meister,A,,,False,False
9,TEAM CHENFENGZI,Vardy,A,5.5,5.5,True,False
9,TEAM CHENFENGZI,Berardi,A,8.5,15.5,True,False
9,TEAM CHENFENGZI,Ricci S.,C,5.5,5.5,True,True
9,TEAM CHENFENGZI,Nzola,A,6.0,6.0,True,True
9,TEAM CHENFENGZI,Esposito F.P.,A,,,False,True
9,TEAM CHENFENGZI,Bernardeschi,C,6.5,6.5,False,True
9,TEAM CHENFENGZI,Luis Henrique,C,,,False,True
9,TEAM CHENFENGZI,Ceccherini,D,,,False,True
9,TEAM CHENFENGZI,Caprile,P,7.0,9.0,True,True
9,TEAM CHENFENGZI,Lobotka,C,5.5,5.5,False,True
9,TEAM CHENFENGZI,Israel,P,,,False,True
9,TEAM CHENFENGZI,Ghilardi,D,,,False,True
9,MIZI-MAIGO,Falcone,P,6.0,7.0,True,False
9,MIZI-MAIGO,Dimarco,D,7.0,9.0,True,False
9,MIZI-MAIGO,Bastoni,D,6.5,7.5,True,False
9,MIZI-MAIGO,Celik,D,7.0,9.0,True,False
9,MIZI-MAIGO,Zalewski,C,,,False,False
9,MIZI-MAIGO,Pellegrini Lo.,C,7.0,10.5,True,False
9,MIZI-MAIGO,Cristante,C,6.5,6.0,True,False
9,MIZI-MAIGO,Frattesi,C,,,False,False
9,MIZI-MAIGO,Politano,C,5.0,5.0,True,False
9,MIZI-MAIGO,Pellegrino M.,A,6.5,6.5,True,False
9,MIZI-MAIGO,Scamacca,A,5.5,5.5,True,False
9,MIZI-MAIGO,Lucca,A,,,False,True
9,MIZI-MAIGO,Giovane,A,5.5,5.5,False,True
9,MIZI-MAIGO,Almqvist,A,,,False,True
9,MIZI-MAIGO,Bayo V.,A,,,False,True
9,MIZI-MAIGO,Zaniolo,C,5.0,5.0,True,True
9,MIZI-MAIGO,Pisilli,C,,,False,True
9,MIZI-MAIGO,El Shaarawy,C,6.0,6.0,True,True
9,MIZI-MAIGO,Acerbi,D,6.0,6.0,False,True
9,MIZI-MAIGO,Spinazzola,D,,,False,True
9,MIZI-MAIGO,Pellegrini Lu.,D,6.0,6.0,False,True
9,MIZI-MAIGO,Darmian,D,,,False,True
9,MIZI-MAIGO,De Silvestri,D,,,False,True
9,MIZI-MAIGO,Perin,P,,,False,True
9,MIZI-MAIGO,Zelezny,P,,,False,True
9,MARIO GO,Maignan,P,6.0,4.0,True,False
9,MARIO GO,Dumfries,D,5.5,5.0,True,False
9,MARIO GO,Vasquez,D,5.5,5.5,True,False
9,MARIO GO,Zappacosta,D,5.0,5.0,True,False
9,MARIO GO,Orsolini,C,6.0,5.5,True,False
9,MARIO GO,Da Cunha,C,,,False,False
9,MARIO GO,Barella,C,6.5,6.5,True,False
9,MARIO GO,Vazquez,C,6.5,6.5,True,False
9,MARIO GO,Tourè I.,C,7.0,11.0,True,False
9,MARIO GO,Dovbyk,A,6.0,6.0,True,False
9,MARIO GO,Laurientè,A,6.0,6.0,True,False
9,MARIO GO,Miranda J.,D,6.5,6.5,False,True
9,MARIO GO,Joao Mario,D,,,False,True
9,MARIO GO,Tavares N.,D,,,False,True
9,MARIO GO,Rensch,D,,,False,True
9,MARIO GO,Mandragora,C,5.5,5.5,True,True
9,MARIO GO,Fazzini,C,,,False,True
9,MARIO GO,Vlasic,C,6.0,6.0,False,True
9,MARIO GO,Esposito Se.,A,5.5,5.5,False,True
9,MARIO GO,Dzeko,A,6.0,6.0,False,True
9,MARIO GO,Pedro,A,6.0,6.0,False,True
9,MARIO GO,Gimenez,A,,,False,True
9,MARIO GO,Di Gregorio,P,6.5,7.5,False,True
9,MARIO GO,Pinsoglio,P,,,False,True
9,MARIO GO,Valeri,D,6.0,6.0,False,True
9,TEAM SITH,Svilar,P,6.5,7.5,True,False
9,TEAM SITH,Bellanova,D,5.0,5.0,True,False
9,TEAM SITH,Gallo,D,7.0,7.0,True,False
9,TEAM SITH,Buongiorno,D,5.5,5.5,True,False
9,TEAM SITH,Gatti,D,6.0,6.0,True,False
9,TEAM SITH,Frendrup,C,6.0,6.0,True,False
9,TEAM SITH,McTominay,C,5.5,5.5,True,False
9,TEAM SITH,Thuram K.,C,6.5,6.5,True,False
9,TEAM SITH,Locatelli,C,6.0,6.0,True,False
9,TEAM SITH,Lookman,A,5.0,5.0,True,False
9,TEAM SITH,Soulè,A,6.0,6.0,True,False
9,TEAM SITH,Vasquez D.,P,,,False,True
9,TEAM SITH,Gollini,P,,,False,True
9,TEAM SITH,Di Lorenzo,D,5.0,5.0,False,True
9,TEAM SITH,Coco,D,6.5,6.5,False,True
9,TEAM SITH,Martin,D,6.5,7.0,False,True
9,TEAM SITH,Romagnoli,D,5.0,5.0,False,True
9,TEAM SITH,Loftus-Cheek,C,6.0,6.0,False,True
9,TEAM SITH,Koopmeiners,C,6.0,6.0,False,True
9,TEAM SITH,Isaksen,C,5.5,5.5,False,True
9,TEAM SITH,Rabiot,C,,,False,True
9,TEAM SITH,Pinamonti,A,7.5,9.5,False,True
9,TEAM SITH,Dia,A,5.5,5.5,False,True
9,TEAM SITH,Morata,A,4.5,4.0,False,True
9,TEAM SITH,Ngonge,A,6.0,6.0,False,True
9,TEAM BRAUNA,Milinkovic-Savic V.,P,5.5,3.5,True,False
9,TEAM BRAUNA,Hien,D,4.5,4.5,True,False
9,TEAM BRAUNA,Tiago Gabriel,D,6.5,6.5,True,False
9,TEAM BRAUNA,Beukema,D,,,False,False
9,TEAM BRAUNA,Tomori,D,,,False,False
9,TEAM BRAUNA,Neres,C,5.5,5.0,True,False
9,TEAM BRAUNA,Fofana Y.,C,5.0,5.0,True,False
9,TEAM BRAUNA,Adopo,C,5.5,5.5,True,False
9,TEAM BRAUNA,Kuhn,A,6.0,6.0,True,False
9,TEAM BRAUNA,Stulic,A,5.5,5.5,True,False
9,TEAM BRAUNA,Leao,A,7.0,9.0,True,False
9,TEAM BRAUNA,Semper,P,6.5,7.5,False,True
9,TEAM BRAUNA,Luperto,D,6.5,6.5,True,True
9,TEAM BRAUNA,Angori,D,,,False,True
9,TEAM BRAUNA,Zemura,D,,,False,True
9,TEAM BRAUNA,Kristensen T.,D,,,False,True
9,TEAM BRAUNA,Sarmiento J.,C,6.0,6.0,False,True
9,TEAM BRAUNA,Lorran,C,,,False,True
9,TEAM BRAUNA,Diouf,C,,,False,True
9,TEAM BRAUNA,Dele-Bashiru,C,,,False,True
9,TEAM BRAUNA,Stengs,C,,,False,True
9,TEAM BRAUNA,Davis K.,A,6.0,6.0,False,True
9,TEAM BRAUNA,Zapata D.,A,,,False,True
9,TEAM BRAUNA,De Luca,A,,,False,True
9,X-17,Provedel,P,6.0,4.0,True,False
9,X-17,Lazaro,D,6.0,6.0,True,False
9,X-17,Gabbia,D,6.0,6.0,True,False
9,X-17,Cambiaso,D,5.5,5.5,True,False
9,X-17,Conceicao,C,6.0,6.0,True,False
9,X-17,Calhanoglu,C,6.5,6.5,True,False
9,X-17,Modric,C,6.0,5.5,True,False
9,X-17,Saelemaekers,C,7.0,9.0,True,False
9,X-17,Yildiz,A,6.0,6.0,True,False
9,X-17,Vlahovic,A,5.5,5.5,True,False
9,X-17,Dybala,A,,,False,False
9,X-17,Mandas,P,,,False,True
9,X-17,Furlanetto,P,,,False,True
9,X-17,Scalvini,D,,,False,True
9,X-17,Veiga D.,D,6.0,6.0,False,True
9,X-17,Doig,D,,,False,True
9,X-17,Lovik,D,5.5,5.5,False,True
9,X-17,Marianucci,D,,,False,True
9,X-17,De Bruyne,C,,,False,True
9,X-17,Bailey,C,,,False,True
9,X-17,Baldanzi,C,6.0,6.0,False,True
9,X-17,Prati,C,6.0,5.5,False,True
9,X-17,Castro S.,A,,,False,True
9,X-17,Bravo,A,,,False,True
9,X-17,Rodriguez Je.,A,6.0,6.0,True,True
10,MARIO GO,Maignan,P,8.0,12.0,True,False
10,MARIO GO,Valeri,D,6.0,6.0,True,False
10,MARIO GO,Vasquez,D,5.5,5.5,True,False
10,MARIO GO,Zappacosta,D,5.5,5.0,True,False
10,MARIO GO,Orsolini,C,6.0,5.0,True,False
10,MARIO GO,Vazquez,C,6.0,7.0,True,False
10,MARIO GO,Barella,C,6.0,6.0,True,False
10,MARIO GO,Mandragora,C,7.0,9.5,True,False
10,MARIO GO,Tourè I.,C,6.0,6.0,True,False
10,MARIO GO,Giovane,A,5.5,7.0,True,False
10,MARIO GO,Laurientè,A,6.0,6.0,True,False
10,MARIO GO,Montipò,P,6.5,4.5,False,True
10,MARIO GO,Terracciano,P,,,False,True
10,MARIO GO,Dumfries,D,,,False,True
10,MARIO GO,Miranda J.,D,6.5,6.5,False,True
10,MARIO GO,Lucumì,D,,,False,True
10,MARIO GO,Joao Mario,D,,,False,True
10,MARIO GO,Rensch,D,,,False,True
10,MARIO GO,Da Cunha,C,7.0,7.0,False,True
10,MARIO GO,Fazzini,C,,,False,True
10,MARIO GO,Vlasic,C,7.0,9.0,False,True
10,MARIO GO,Esposito Se.,A,7.0,9.0,False,True
10,MARIO GO,Dovbyk,A,,,False,True
10,MARIO GO,Dzeko,A,,,False,True
10,MARIO GO,Pedro,A,,,False,True
10,BALZARETTI42,De Gea,P,6.5,5.5,True,False
10,BALZARETTI42,Ranieri L.,D,6.0,6.0,True,False
10,BALZARETTI42,Canestrelli,D,6.0,6.0,True,False
10,BALZARETTI42,Valle,D,6.5,6.5,True,False
10,BALZARETTI42,Dodò,D,5.5,5.5,True,False
10,BALZARETTI42,De Roon,C,5.5,5.0,True,False
10,BALZARETTI42,Masini,C,,,False,False
10,BALZARETTI42,Gudmundsson A.,C,6.0,6.0,True,False
10,BALZARETTI42,Perrone,C,7.5,9.5,True,False
10,BALZARETTI42,Kean,A,7.0,9.0,True,False
10,BALZARETTI42,De Ketelaere,A,6.0,6.0,True,False
10,BALZARETTI42,Nicolussi Caviglia,C,,,False,True
10,BALZARETTI42,Piccoli,A,5.0,5.0,False,True
10,BALZARETTI42,Ellertsson,C,,,False,True
10,BALZARETTI42,Sohm,C,5.5,5.5,True,True
10,BALZARETTI42,Diego Carlos,D,6.5,6.5,False,True
10,BALZARETTI42,Pezzella Giu.,D,5.0,5.0,False,True
10,BALZARETTI42,Ramon,D,7.0,9.0,False,True
10,BALZARETTI42,Cancellieri,A,,,False,True
10,BALZARETTI42,Gosens,D,,,False,True
10,BALZARETTI42,Martinelli T.,P,,,False,True
10,BALZARETTI42,Elmas,C,6.0,6.0,False,True
10,BALZARETTI42,Lukaku,A,,,False,True
10,BALZARETTI42,Lezzerini,P,,,False,True
10,BALZARETTI42,Diao,A,,,False,True
10,BOSS ROMAZDA,Ravaglia F.,P,6.5,7.5,True,False
10,BOSS ROMAZDA,Gutierrez,D,6.0,6.0,True,False
10,BOSS ROMAZDA,Carlos Augusto,D,6.0,6.0,True,False
10,BOSS ROMAZDA,Heggem,D,6.5,6.5,True,False
10,BOSS ROMAZDA,Delprato,D,5.5,5.0,True,False
10,BOSS ROMAZDA,Thorstvedt,C,7.0,10.5,True,False
10,BOSS ROMAZDA,Caqueret,C,,,False,False
10,BOSS ROMAZDA,Pulisic,C,7.0,10.0,True,False
10,BOSS ROMAZDA,Orban G.,A,6.0,6.0,True,False
10,BOSS ROMAZDA,Martinez L.,A,6.0,6.0,True,False
10,BOSS ROMAZDA,Hojlund,A,6.5,7.5,True,False
10,BOSS ROMAZDA,David,A,,,False,True
10,BOSS ROMAZDA,Simeone,A,,,False,True
10,BOSS ROMAZDA,Castellanos,A,,,False,True
10,BOSS ROMAZDA,Folorunsho,C,6.0,6.0,True,True
10,BOSS ROMAZDA,Zhegrova,C,,,False,True
10,BOSS ROMAZDA,Carboni V.,C,5.5,5.5,False,True
10,BOSS ROMAZDA,Casadei,C,5.5,5.5,False,True
10,BOSS ROMAZDA,Rowe,C,,,False,True
10,BOSS ROMAZDA,Zanoli,D,5.5,5.5,False,True
10,BOSS ROMAZDA,Baschirotto,D,5.5,5.5,False,True
10,BOSS ROMAZDA,Bisseck,D,,,False,True
10,BOSS ROMAZDA,Olivera,D,,,False,True
10,BOSS ROMAZDA,Carnesecchi,P,5.5,2.5,False,True
10,BOSS ROMAZDA,Leali,P,6.0,3.0,False,True
10,TEAM SITH,Svilar,P,7.0,6.0,True,False
10,TEAM SITH,Romagnoli,D,6.0,6.0,True,False
10,TEAM SITH,Coco,D,,,False,False
10,TEAM SITH,Martin,D,6.5,9.5,True,False
10,TEAM SITH,Gatti,D,,,False,False
10,TEAM SITH,Isaksen,C,6.5,6.5,True,False
10,TEAM SITH,McTominay,C,7.0,8.0,True,False
10,TEAM SITH,Thuram K.,C,5.5,5.5,True,False
10,TEAM SITH,Rabiot,C,6.5,6.5,True,False
10,TEAM SITH,Soulè,A,7.0,9.0,True,False
10,TEAM SITH,Pinamonti,A,5.0,5.0,True,False
10,TEAM SITH,Vasquez D.,P,,,False,True
10,TEAM SITH,Gollini,P,,,False,True
10,TEAM SITH,Frendrup,C,6.5,6.5,False,True
10,TEAM SITH,Locatelli,C,6.5,6.5,False,True
10,TEAM SITH,Koopmeiners,C,5.5,5.5,False,True
10,TEAM SITH,Loftus-Cheek,C,,,False,True
10,TEAM SITH,Lookman,A,5.5,5.5,False,True
10,TEAM SITH,Colombo,A,6.5,7.5,False,True
10,TEAM SITH,Dia,A,6.0,6.0,False,True
10,TEAM SITH,Ngonge,A,5.5,5.5,False,True
10,TEAM SITH,Gallo,D,5.5,5.5,True,True
10,TEAM SITH,Buongiorno,D,6.5,6.5,True,True
10,TEAM SITH,Di Lorenzo,D,6.5,7.5,False,True
10,TEAM SITH,Bellanova,D,6.0,7.0,False,True
10,TEAM CHENFENGZI,Skorupski,P,,,False,False
10,TEAM CHENFENGZI,Hermoso,D,,,False,False
10,TEAM CHENFENGZI,N'Dicka,D,6.5,6.5,True,False
10,TEAM CHENFENGZI,Mancini,D,6.0,6.0,True,False
10,TEAM CHENFENGZI,Ostigard,D,6.5,8.5,True,False
10,TEAM CHENFENGZI,Lobotka,C,6.0,6.0,True,False
10,TEAM CHENFENGZI,Paz N.,C,7.0,9.0,True,False
10,TEAM CHENFENGZI,Ederson D.S.,C,6.0,6.0,True,False
10,TEAM CHENFENGZI,Nzola,A,7.0,9.0,True,False
10,TEAM CHENFENGZI,Vardy,A,5.0,5.0,True,False
10,TEAM CHENFENGZI,Berardi,A,5.5,5.5,True,False
10,TEAM CHENFENGZI,Ricci S.,C,6.0,6.0,False,True
10,TEAM CHENFENGZI,Esposito F.P.,A,,,False,True
10,TEAM CHENFENGZI,Bernardeschi,C,6.5,8.5,False,True
10,TEAM CHENFENGZI,Meister,A,7.0,9.0,False,True
10,TEAM CHENFENGZI,Luis Henrique,C,,,False,True
10,TEAM CHENFENGZI,Caprile,P,5.0,2.0,True,True
10,TEAM CHENFENGZI,Ceccherini,D,,,False,True
10,TEAM CHENFENGZI,Ghilardi,D,,,False,True
10,SANSHIMI,Butez,P,6.0,5.0,True,False
10,SANSHIMI,Estupinan,D,,,False,False
10,SANSHIMI,Akanji,D,5.5,5.5,True,False
10,SANSHIMI,Pavlovic,D,6.0,5.5,True,False
10,SANSHIMI,Idrissi R.,D,6.0,6.0,True,False
10,SANSHIMI,Zaccagni,C,6.5,6.5,True,False
10,SANSHIMI,Pasalic,C,5.0,5.0,True,False
10,SANSHIMI,Odgaard,C,,,False,False
10,SANSHIMI,Bernabè,C,6.0,6.0,True,False
10,SANSHIMI,Douvikas,A,6.0,6.0,True,False
10,SANSHIMI,Bonny,A,5.5,5.5,True,False
10,SANSHIMI,Atta,C,6.5,6.5,True,True
10,SANSHIMI,Venturino,C,,,False,True
10,SANSHIMI,Sucic P.,C,6.0,6.0,False,True
10,SANSHIMI,Zerbin,C,,,False,True
10,SANSHIMI,Thuram,A,6.5,6.5,False,True
10,SANSHIMI,Sulemana K.,A,,,False,True
10,SANSHIMI,Camarda,A,5.0,5.0,False,True
10,SANSHIMI,Krstovic,A,,,False,True
10,SANSHIMI,Rrahmani,D,6.0,6.0,True,True
10,SANSHIMI,Juan Jesus,D,6.0,5.5,False,True
10,SANSHIMI,Djimsiti,D,5.0,5.0,False,True
10,SANSHIMI,Bremer,D,,,False,True
10,SANSHIMI,Suzuki,P,,,False,True
10,SANSHIMI,Sava,P,,,False,True
10,MIZI-MAIGO,Falcone,P,6.5,4.5,True,False
10,MIZI-MAIGO,Dimarco,D,6.5,6.5,True,False
10,MIZI-MAIGO,Bastoni,D,6.0,6.0,True,False
10,MIZI-MAIGO,Celik,D,6.5,6.5,True,False
10,MIZI-MAIGO,Zalewski,C,6.0,6.0,True,False
10,MIZI-MAIGO,Pellegrini Lo.,C,6.0,6.0,True,False
10,MIZI-MAIGO,Cristante,C,6.5,6.5,True,False
10,MIZI-MAIGO,Zaniolo,C,5.5,5.5,True,False
10,MIZI-MAIGO,Politano,C,6.0,6.0,True,False
10,MIZI-MAIGO,Pellegrino M.,A,7.5,13.0,True,False
10,MIZI-MAIGO,Scamacca,A,7.0,9.0,True,False
10,MIZI-MAIGO,Buffon L.,A,,,False,True
10,MIZI-MAIGO,Lucca,A,6.0,6.0,False,True
10,MIZI-MAIGO,Pavoletti,A,5.5,5.5,False,True
10,MIZI-MAIGO,Almqvist,A,,,False,True
10,MIZI-MAIGO,Frattesi,C,,,False,True
10,MIZI-MAIGO,Pisilli,C,,,False,True
10,MIZI-MAIGO,El Shaarawy,C,6.5,7.5,False,True
10,MIZI-MAIGO,Acerbi,D,6.5,6.5,False,True
10,MIZI-MAIGO,Pellegrini Lu.,D,6.0,6.0,False,True
10,MIZI-MAIGO,Spinazzola,D,,,False,True
10,MIZI-MAIGO,Darmian,D,,,False,True
10,MIZI-MAIGO,De Silvestri,D,6.0,5.5,False,True
10,MIZI-MAIGO,Di Gregorio,P,6.0,5.0,False,True
10,MIZI-MAIGO,Perin,P,,,False,True
10,X-17,Provedel,P,6.5,7.5,True,False
10,X-17,Lazaro,D,5.0,5.0,True,False
10,X-17,Gabbia,D,6.0,6.0,True,False
10,X-17,Cambiaso,D,6.0,6.0,True,False
10,X-17,Conceicao,C,6.5,6.5,True,False
10,X-17,Calhanoglu,C,4.5,2.0,True,False
10,X-17,Modric,C,6.0,6.0,True,False
10,X-17,Saelemaekers,C,6.5,6.5,True,False
10,X-17,Yildiz,A,6.0,6.0,True,False
10,X-17,Vlahovic,A,5.5,6.0,True,False
10,X-17,Castro S.,A,5.5,5.5,True,False
10,X-17,Mandas,P,,,False,True
10,X-17,Furlanetto,P,,,False,True
10,X-17,Scalvini,D,,,False,True
10,X-17,Doig,D,6.0,6.0,False,True
10,X-17,Veiga D.,D,5.5,5.5,False,True
10,X-17,Ziolkowski,D,5.5,5.0,False,True
10,X-17,Casale,D,6.5,6.5,False,True
10,X-17,De Bruyne,C,,,False,True
10,X-17,Bailey,C,,,False,True
10,X-17,Baldanzi,C,6.0,6.0,False,True
10,X-17,Prati,C,5.5,5.0,False,True
10,X-17,Dybala,A,,,False,True
10,X-17,Rodriguez Je.,A,7.0,9.0,False,True
10,X-17,Bravo,A,,,False,True
10,TEAM BRAUNA,Milinkovic-Savic V.,P,6.0,5.0,True,False
10,TEAM BRAUNA,Palestra,D,6.5,7.5,True,False
10,TEAM BRAUNA,Tiago Gabriel,D,5.0,5.0,True,False
10,TEAM BRAUNA,Gila,D,6.0,6.0,True,False
10,TEAM BRAUNA,Norton-Cuffy,D,4.5,3.5,True,False
10,TEAM BRAUNA,Kostic,C,7.0,9.0,True,False
10,TEAM BRAUNA,Konè I.,C,6.5,6.5,True,False
10,TEAM BRAUNA,Berisha M.,C,5.5,5.5,True,False
10,TEAM BRAUNA,Leao,A,5.0,4.5,True,False
10,TEAM BRAUNA,Davis K.,A,5.5,5.5,True,False
10,TEAM BRAUNA,Addai,A,7.5,13.5,True,False
10,TEAM BRAUNA,Semper,P,6.5,4.5,False,True
10,TEAM BRAUNA,Meret,P,,,False,True
10,TEAM BRAUNA,Holm,D,,,False,True
10,TEAM BRAUNA,Hien,D,5.0,5.0,False,True
10,TEAM BRAUNA,Tomori,D,6.5,6.5,False,True
10,TEAM BRAUNA,Tavares N.,D,,,False,True
10,TEAM BRAUNA,Neres,C,7.5,13.5,False,True
10,TEAM BRAUNA,McKennie,C,6.0,5.5,False,True
10,TEAM BRAUNA,Samardzic,C,6.0,6.0,False,True
10,TEAM BRAUNA,Fofana Y.,C,6.5,6.5,False,True
10,TEAM BRAUNA,Serdar,C,,,False,True
10,TEAM BRAUNA,Moreo,A,7.0,7.5,False,True
10,TEAM BRAUNA,Kuhn,A,,,False,True
10,TEAM BRAUNA,Cambiaghi,A,,,False,True
10,XIAO SHI,Muric,P,6.0,4.0,True,False
10,XIAO SHI,Marusic,D,6.5,6.5,True,False
10,XIAO SHI,Muharemovic,D,5.0,5.0,True,False
10,XIAO SHI,Terracciano F.,D,5.0,5.0,True,False
10,XIAO SHI,Mina,D,5.5,5.0,True,False
10,XIAO SHI,Matic,C,7.0,9.0,True,False
10,XIAO SHI,Konè M.,C,6.5,7.5,True,False
10,XIAO SHI,Vandeputte,C,5.5,5.5,True,False
10,XIAO SHI,Ferguson,C,,,False,False
10,XIAO SHI,Ferguson E.,A,7.0,10.0,True,False
10,XIAO SHI,Openda,A,,,False,False
10,XIAO SHI,Adams C.,A,,,False,True
10,XIAO SHI,Morata,A,6.0,6.0,True,True
10,XIAO SHI,Bonazzoli,A,6.0,6.0,False,True
10,XIAO SHI,Nkunku,A,6.0,6.0,False,True
10,XIAO SHI,Guendouzi,C,7.0,10.5,True,True
10,XIAO SHI,El Aynaoui,C,6.5,7.0,False,True
10,XIAO SHI,Rovella,C,,,False,True
10,XIAO SHI,Zambo Anguissa,C,,,False,True
10,XIAO SHI,Wesley,D,7.0,10.0,False,True
10,XIAO SHI,Kalulu,D,6.0,6.0,False,True
10,XIAO SHI,Solet,D,5.5,5.5,False,True
10,XIAO SHI,Vojvoda,D,6.0,6.0,False,True
10,XIAO SHI,Sommer,P,5.5,4.5,False,True
10,XIAO SHI,Martinez Jo.,P,,,False,True
11,BALZARETTI42,De Gea,P,6.5,4.5,True,False
11,BALZARETTI42,Ranieri L.,D,6.0,6.0,True,False
11,BALZARETTI42,Canestrelli,D,5.5,5.5,True,False
11,BALZARETTI42,Valle,D,,,False,False
11,BALZARETTI42,Diego Carlos,D,6.0,6.0,True,False
11,BALZARETTI42,De Roon,C,6.5,6.5,True,False
11,BALZARETTI42,Masini,C,6.0,6.0,True,False
11,BALZARETTI42,Gudmundsson A.,C,5.5,5.5,True,False
11,BALZARETTI42,Perrone,C,6.5,6.5,True,False
11,BALZARETTI42,Kean,A,5.5,5.5,True,False
11,BALZARETTI42,De Ketelaere,A,7.0,9.0,True,False
11,BALZARETTI42,Nicolussi Caviglia,C,,,False,True
11,BALZARETTI42,Piccoli,A,5.5,5.5,False,True
11,BALZARETTI42,Ellertsson,C,6.5,7.5,False,True
11,BALZARETTI42,Sohm,C,5.0,5.0,False,True
11,BALZARETTI42,Pezzella Giu.,D,6.0,5.5,True,True
11,BALZARETTI42,Ramon,D,6.0,5.5,False,True
11,BALZARETTI42,Cancellieri,A,,,False,True
11,BALZARETTI42,Gosens,D,,,False,True
11,BALZARETTI42,Martinelli T.,P,,,False,True
11,BALZARETTI42,Elmas,C,,,False,True
11,BALZARETTI42,Lukaku,A,,,False,True
11,BALZARETTI42,Lezzerini,P,,,False,True
11,BALZARETTI42,Diao,A,,,False,True
11,BOSS ROMAZDA,Ravaglia F.,P,6.0,3.0,True,False
11,BOSS ROMAZDA,Zanoli,D,6.0,6.0,True,False
11,BOSS ROMAZDA,Carlos Augusto,D,,,False,False
11,BOSS ROMAZDA,Heggem,D,5.5,5.5,True,False
11,BOSS ROMAZDA,Delprato,D,5.5,5.5,True,False
11,BOSS ROMAZDA,Thorstvedt,C,6.0,6.0,True,False
11,BOSS ROMAZDA,Caqueret,C,6.5,6.0,True,False
11,BOSS ROMAZDA,Pulisic,C,,,False,False
11,BOSS ROMAZDA,Orban G.,A,5.5,5.5,True,False
11,BOSS ROMAZDA,Martinez L.,A,7.5,13.5,True,False
11,BOSS ROMAZDA,Hojlund,A,6.5,7.5,True,False
11,BOSS ROMAZDA,David,A,5.5,5.5,False,True
11,BOSS ROMAZDA,Simeone,A,,,False,True
11,BOSS ROMAZDA,Castellanos,A,6.0,6.0,False,True
11,BOSS ROMAZDA,Zhegrova,C,,,False,True
11,BOSS ROMAZDA,Casadei,C,5.5,5.0,True,True
11,BOSS ROMAZDA,Carboni V.,C,,,False,True
11,BOSS ROMAZDA,Folorunsho,C,5.5,5.0,False,True
11,BOSS ROMAZDA,Rowe,C,,,False,True
11,BOSS ROMAZDA,Bisseck,D,6.0,6.0,True,True
11,BOSS ROMAZDA,Baschirotto,D,7.0,7.0,False,True
11,BOSS ROMAZDA,Olivera,D,6.0,5.5,False,True
11,BOSS ROMAZDA,Gutierrez,D,,,False,True
11,BOSS ROMAZDA,Carnesecchi,P,7.0,8.0,False,True
11,BOSS ROMAZDA,Leali,P,6.5,5.5,False,True
11,XIAO SHI,Sommer,P,6.0,7.0,True,False
11,XIAO SHI,Kalulu,D,6.5,7.5,True,False
11,XIAO SHI,Solet,D,6.5,6.5,True,False
11,XIAO SHI,Terracciano F.,D,6.0,5.5,True,False
11,XIAO SHI,Mina,D,,,False,False
11,XIAO SHI,Matic,C,6.0,6.0,True,False
11,XIAO SHI,Konè M.,C,5.0,5.0,True,False
11,XIAO SHI,Vandeputte,C,6.5,6.5,True,False
11,XIAO SHI,Ferguson,C,,,False,False
11,XIAO SHI,Ferguson E.,A,5.5,5.5,True,False
11,XIAO SHI,Openda,A,,,False,False
11,XIAO SHI,Adams C.,A,6.5,8.5,True,True
11,XIAO SHI,Morata,A,,,False,True
11,XIAO SHI,Bonazzoli,A,6.5,7.5,False,True
11,XIAO SHI,Nkunku,A,5.0,5.0,False,True
11,XIAO SHI,Guendouzi,C,6.0,6.0,True,True
11,XIAO SHI,El Aynaoui,C,6.0,6.0,False,True
11,XIAO SHI,Rovella,C,,,False,True
11,XIAO SHI,Zambo Anguissa,C,,,False,True
11,XIAO SHI,Marusic,D,6.0,6.0,True,True
11,XIAO SHI,Muharemovic,D,5.0,5.0,False,True
11,XIAO SHI,Wesley,D,5.5,5.5,False,True
11,XIAO SHI,Vojvoda,D,6.0,6.0,False,True
11,XIAO SHI,Martinez Jo.,P,,,False,True
11,XIAO SHI,Muric,P,5.5,3.5,False,True
11,MIZI-MAIGO,Falcone,P,7.5,8.5,True,False
11,MIZI-MAIGO,Dimarco,D,6.0,6.0,True,False
11,MIZI-MAIGO,Bastoni,D,6.0,6.0,True,False
11,MIZI-MAIGO,Acerbi,D,6.0,5.5,True,False
11,MIZI-MAIGO,Celik,D,6.0,6.0,True,False
11,MIZI-MAIGO,Zalewski,C,6.0,6.0,True,False
11,MIZI-MAIGO,Pellegrini Lo.,C,6.5,6.5,True,False
11,MIZI-MAIGO,Cristante,C,5.0,4.5,True,False
11,MIZI-MAIGO,El Shaarawy,C,,,False,False
11,MIZI-MAIGO,Pellegrino M.,A,6.0,6.0,True,False
11,MIZI-MAIGO,Scamacca,A,6.0,6.0,True,False
11,MIZI-MAIGO,Buffon L.,A,,,False,True
11,MIZI-MAIGO,Lucca,A,,,False,True
11,MIZI-MAIGO,Pavoletti,A,,,False,True
11,MIZI-MAIGO,Almqvist,A,,,False,True
11,MIZI-MAIGO,Politano,C,6.0,6.0,True,True
11,MIZI-MAIGO,Zaniolo,C,7.0,11.0,False,True
11,MIZI-MAIGO,Frattesi,C,,,False,True
11,MIZI-MAIGO,Pisilli,C,,,False,True
11,MIZI-MAIGO,Spinazzola,D,,,False,True
11,MIZI-MAIGO,Pellegrini Lu.,D,5.5,5.0,False,True
11,MIZI-MAIGO,Darmian,D,,,False,True
11,MIZI-MAIGO,De Silvestri,D,,,False,True
11,MIZI-MAIGO,Di Gregorio,P,,,False,True
11,MIZI-MAIGO,Perin,P,6.0,5.0,False,True
11,X-17,Provedel,P,6.0,5.0,True,False
11,X-17,Lazaro,D,6.0,6.0,True,False
11,X-17,Gabbia,D,6.5,6.0,True,False
11,X-17,Cambiaso,D,6.0,5.5,True,False
11,X-17,Conceicao,C,6.5,6.5,True,False
11,X-17,Calhanoglu,C,6.5,6.5,True,False
11,X-17,Modric,C,6.0,6.0,True,False
11,X-17,Saelemaekers,C,6.5,6.5,True,False
11,X-17,Yildiz,A,7.5,13.5,True,False
11,X-17,Vlahovic,A,6.0,6.0,True,False
11,X-17,Dybala,A,6.0,6.0,True,False
11,X-17,Mandas,P,,,False,True
11,X-17,Furlanetto,P,,,False,True
11,X-17,Scalvini,D,,,False,True
11,X-17,Casale,D,4.5,4.5,False,True
11,X-17,Veiga D.,D,6.0,6.0,False,True
11,X-17,Doig,D,6.0,6.0,False,True
11,X-17,Ziolkowski,D,,,False,True
11,X-17,De Bruyne,C,,,False,True
11,X-17,Bailey,C,,,False,True
11,X-17,Baldanzi,C,6.0,5.5,False,True
11,X-17,Prati,C,6.0,5.5,False,True
11,X-17,Rodriguez Je.,A,5.5,5.5,False,True
11,X-17,Castro S.,A,5.5,5.5,False,True
11,X-17,Bravo,A,,,False,True
11,TEAM CHENFENGZI,Caprile,P,6.0,4.0,True,False
11,TEAM CHENFENGZI,Kelly L.,D,6.0,6.0,True,False
11,TEAM CHENFENGZI,N'Dicka,D,5.5,5.0,True,False
11,TEAM CHENFENGZI,Mancini,D,6.0,6.0,True,False
11,TEAM CHENFENGZI,Ostigard,D,5.5,5.5,True,False
11,TEAM CHENFENGZI,Lobotka,C,6.0,5.5,True,False
11,TEAM CHENFENGZI,Paz N.,C,7.0,9.0,True,False
11,TEAM CHENFENGZI,Ederson D.S.,C,6.0,6.0,True,False
11,TEAM CHENFENGZI,Nzola,A,6.5,6.5,True,False
11,TEAM CHENFENGZI,Vardy,A,8.0,14.0,True,False
11,TEAM CHENFENGZI,Berardi,A,6.0,6.0,True,False
11,TEAM CHENFENGZI,Ricci S.,C,,,False,True
11,TEAM CHENFENGZI,Esposito F.P.,A,7.0,8.0,False,True
11,TEAM CHENFENGZI,Bernardeschi,C,6.0,6.0,False,True
11,TEAM CHENFENGZI,Meister,A,6.0,6.0,False,True
11,TEAM CHENFENGZI,Luis Henrique,C,5.5,5.5,False,True
11,TEAM CHENFENGZI,Ceccherini,D,,,False,True
11,TEAM CHENFENGZI,Ghilardi,D,,,False,True
11,TEAM CHENFENGZI,Malinovskyi,C,6.0,6.0,False,True
11,TEAM CHENFENGZI,Israel,P,6.0,4.0,False,True
11,TEAM CHENFENGZI,Immobile,A,,,False,True
11,SANSHIMI,Butez,P,6.0,7.0,True,False
11,SANSHIMI,Rrahmani,D,7.0,7.0,True,False
11,SANSHIMI,Akanji,D,6.5,6.5,True,False
11,SANSHIMI,Pavlovic,D,6.0,6.0,True,False
11,SANSHIMI,Zaccagni,C,6.0,5.5,True,False
11,SANSHIMI,Sucic P.,C,5.5,5.5,True,False
11,SANSHIMI,Atta,C,6.0,5.5,True,False
11,SANSHIMI,Bernabè,C,5.5,5.5,True,False
11,SANSHIMI,Odgaard,C,5.0,5.0,True,False
11,SANSHIMI,Douvikas,A,7.0,10.0,True,False
11,SANSHIMI,Thuram,A,5.5,5.5,True,False
11,SANSHIMI,Pasalic,C,6.0,6.0,False,True
11,SANSHIMI,Venturino,C,,,False,True
11,SANSHIMI,Zerbin,C,6.0,6.0,False,True
11,SANSHIMI,Bonny,A,,,False,True
11,SANSHIMI,Sulemana K.,A,6.0,6.0,False,True
11,SANSHIMI,Camarda,A,,,False,True
11,SANSHIMI,Krstovic,A,6.0,6.0,False,True
11,SANSHIMI,Estupinan,D,,,False,True
11,SANSHIMI,Idrissi R.,D,5.5,5.5,False,True
11,SANSHIMI,Juan Jesus,D,,,False,True
11,SANSHIMI,Djimsiti,D,6.0,6.0,False,True
11,SANSHIMI,Bremer,D,,,False,True
11,SANSHIMI,Suzuki,P,,,False,True
11,SANSHIMI,Sava,P,,,False,True
11,MARIO GO,Maignan,P,7.0,8.0,True,False
11,MARIO GO,Valeri,D,6.0,6.0,True,False
11,MARIO GO,Vasquez,D,6.5,6.5,True,False
11,MARIO GO,Zappacosta,D,6.5,6.5,True,False
11,MARIO GO,Orsolini,C,6.5,8.5,True,False
11,MARIO GO,Vazquez,C,,,False,False
11,MARIO GO,Barella,C,6.5,7.5,True,False
11,MARIO GO,Mandragora,C,5.5,5.0,True,False
11,MARIO GO,Tourè I.,C,6.0,6.0,True,False
11,MARIO GO,Giovane,A,6.0,6.0,True,False
11,MARIO GO,Laurientè,A,5.5,5.5,True,False
11,MARIO GO,Montipò,P,6.0,4.0,False,True
11,MARIO GO,Terracciano,P,,,False,True
11,MARIO GO,Dumfries,D,,,False,True
11,MARIO GO,Miranda J.,D,5.5,5.5,False,True
11,MARIO GO,Lucumì,D,5.0,5.0,False,True
11,MARIO GO,Joao Mario,D,,,False,True
11,MARIO GO,Rensch,D,,,False,True
11,MARIO GO,Da Cunha,C,6.0,6.0,True,True
11,MARIO GO,Fazzini,C,,,False,True
11,MARIO GO,Vlasic,C,6.0,7.0,False,True
11,MARIO GO,Esposito Se.,A,7.0,9.0,False,True
11,MARIO GO,Dovbyk,A,,,False,True
11,MARIO GO,Dzeko,A,,,False,True
11,MARIO GO,Pedro,A,6.0,6.0,False,True
11,TEAM SITH,Svilar,P,6.5,5.5,True,False
11,TEAM SITH,Romagnoli,D,6.0,5.5,True,False
11,TEAM SITH,Coco,D,6.0,5.5,True,False
11,TEAM SITH,Martin,D,6.5,6.5,True,False
11,TEAM SITH,Bellanova,D,6.0,6.0,True,False
11,TEAM SITH,Thuram K.,C,6.5,6.5,True,False
11,TEAM SITH,McTominay,C,6.5,6.5,True,False
11,TEAM SITH,Rabiot,C,6.0,6.0,True,False
11,TEAM SITH,Soulè,A,5.0,5.0,True,False
11,TEAM SITH,Pinamonti,A,5.0,5.0,True,False
11,TEAM SITH,Lookman,A,7.0,9.0,True,False
11,TEAM SITH,Vasquez D.,P,,,False,True
11,TEAM SITH,Gollini,P,,,False,True
11,TEAM SITH,Locatelli,C,6.0,6.0,False,True
11,TEAM SITH,Frendrup,C,6.5,6.5,False,True
11,TEAM SITH,Isaksen,C,6.0,6.0,False,True
11,TEAM SITH,Koopmeiners,C,6.0,6.0,False,True
11,TEAM SITH,Loftus-Cheek,C,6.0,6.0,False,True
11,TEAM SITH,Colombo,A,7.0,9.0,False,True
11,TEAM SITH,Dia,A,5.5,5.5,False,True
11,TEAM SITH,Ngonge,A,5.5,5.0,False,True
11,TEAM SITH,Di Lorenzo,D,6.5,6.5,False,True
11,TEAM SITH,Gallo,D,6.5,6.5,False,True
11,TEAM SITH,Buongiorno,D,6.5,6.5,False,True
11,TEAM SITH,Gatti,D,,,False,True
11,TEAM BRAUNA,Milinkovic-Savic V.,P,6.5,7.5,True,False
11,TEAM BRAUNA,Palestra,D,7.0,8.0,True,False
11,TEAM BRAUNA,Tiago Gabriel,D,6.0,6.0,True,False
11,TEAM BRAUNA,Tomori,D,6.5,8.0,True,False
11,TEAM BRAUNA,Holm,D,6.0,6.0,True,False
11,TEAM BRAUNA,Kostic,C,5.0,5.0,True,False
11,TEAM BRAUNA,McKennie,C,6.5,6.5,True,False
11,TEAM BRAUNA,Neres,C,7.0,11.0,True,False
11,TEAM BRAUNA,Leao,A,7.0,10.0,True,False
11,TEAM BRAUNA,Davis K.,A,7.5,9.0,True,False
11,TEAM BRAUNA,Addai,A,5.5,5.5,True,False
11,TEAM BRAUNA,Meret,P,,,False,True
11,TEAM BRAUNA,Semper,P,,,False,True
11,TEAM BRAUNA,Gila,D,5.5,5.5,False,True
11,TEAM BRAUNA,Hien,D,6.5,6.0,False,True
11,TEAM BRAUNA,Tavares N.,D,,,False,True
11,TEAM BRAUNA,Norton-Cuffy,D,,,False,True
11,TEAM BRAUNA,Berisha M.,C,7.5,10.5,False,True
11,TEAM BRAUNA,Fofana Y.,C,6.0,6.0,False,True
11,TEAM BRAUNA,Konè I.,C,5.0,4.5,False,True
11,TEAM BRAUNA,Samardzic,C,,,False,True
11,TEAM BRAUNA,Serdar,C,,,False,True
11,TEAM BRAUNA,Moreo,A,,,False,True
11,TEAM BRAUNA,Kuhn,A,,,False,True
11,TEAM BRAUNA,Cambiaghi,A,6.0,6.0,False,True
12,TEAM BRAUNA,Milinkovic-Savic V.,P,6.0,5.0,True,False
12,TEAM BRAUNA,Tavares N.,D,5.0,4.5,True,False
12,TEAM BRAUNA,Gila,D,5.0,4.0,True,False
12,TEAM BRAUNA,Tomori,D,5.5,6.0,True,False
12,TEAM BRAUNA,Palestra,D,7.0,7.0,True,False
12,TEAM BRAUNA,Berisha M.,C,6.0,6.0,True,False
12,TEAM BRAUNA,McKennie,C,5.5,6.5,True,False
12,TEAM BRAUNA,Neres,C,7.5,8.5,True,False
12,TEAM BRAUNA,Leao,A,5.5,5.5,True,False
12,TEAM BRAUNA,Davis K.,A,6.0,6.0,True,False
12,TEAM BRAUNA,Addai,A,5.5,5.5,True,False
12,TEAM BRAUNA,Meret,P,,,False,True
12,TEAM BRAUNA,Semper,P,,,False,True
12,TEAM BRAUNA,Hien,D,5.0,5.0,False,True
12,TEAM BRAUNA,Holm,D,,,False,True
12,TEAM BRAUNA,Tiago Gabriel,D,5.5,5.5,False,True
12,TEAM BRAUNA,Norton-Cuffy,D,7.0,11.0,False,True
12,TEAM BRAUNA,Konè I.,C,7.0,9.0,False,True
12,TEAM BRAUNA,Fofana Y.,C,,,False,True
12,TEAM BRAUNA,Kostic,C,5.5,5.5,False,True
12,TEAM BRAUNA,Samardzic,C,6.0,6.0,False,True
12,TEAM BRAUNA,Serdar,C,,,False,True
12,TEAM BRAUNA,Cambiaghi,A,5.5,5.0,False,True
12,TEAM BRAUNA,Moreo,A,6.0,6.0,False,True
12,TEAM BRAUNA,Kuhn,A,,,False,True
12,BALZARETTI42,De Gea,P,4.5,1.5,True,False
12,BALZARETTI42,Ranieri L.,D,5.5,5.5,True,False
12,BALZARETTI42,Canestrelli,D,6.0,6.0,True,False
12,BALZARETTI42,Ramon,D,5.5,5.5,True,False
12,BALZARETTI42,Diego Carlos,D,5.0,4.5,True,False
12,BALZARETTI42,De Roon,C,5.0,4.5,True,False
12,BALZARETTI42,Ellertsson,C,,,False,False
12,BALZARETTI42,Gudmundsson A.,C,5.0,5.0,True,False
12,BALZARETTI42,Perrone,C,6.0,5.5,True,False
12,BALZARETTI42,Kean,A,5.0,5.0,True,False
12,BALZARETTI42,De Ketelaere,A,5.5,5.5,True,False
12,BALZARETTI42,Masini,C,6.5,6.5,True,True
12,BALZARETTI42,Nicolussi Caviglia,C,,,False,True
12,BALZARETTI42,Piccoli,A,5.5,5.5,False,True
12,BALZARETTI42,Sohm,C,5.5,5.5,False,True
12,BALZARETTI42,Cancellieri,A,6.0,6.0,False,True
12,BALZARETTI42,Valle,D,5.0,5.0,False,True
12,BALZARETTI42,Dodò,D,5.0,5.0,False,True
12,BALZARETTI42,Pezzella Giu.,D,,,False,True
12,BALZARETTI42,Gosens,D,,,False,True
12,BALZARETTI42,Martinelli T.,P,,,False,True
12,BALZARETTI42,Elmas,C,5.5,5.5,False,True
12,BALZARETTI42,Lukaku,A,,,False,True
12,BALZARETTI42,Lezzerini,P,,,False,True
12,BALZARETTI42,Diao,A,6.0,6.0,False,True
12,MIZI-MAIGO,Falcone,P,6.0,4.0,True,False
12,MIZI-MAIGO,Dimarco,D,7.0,9.0,True,False
12,MIZI-MAIGO,Bastoni,D,6.5,6.5,True,False
12,MIZI-MAIGO,Acerbi,D,6.5,6.5,True,False
12,MIZI-MAIGO,Celik,D,4.5,3.5,True,False
12,MIZI-MAIGO,Zalewski,C,5.5,5.5,True,False
12,MIZI-MAIGO,Pellegrini Lo.,C,5.5,5.5,True,False
12,MIZI-MAIGO,Cristante,C,5.5,5.5,True,False
12,MIZI-MAIGO,Zaniolo,C,6.0,6.0,True,False
12,MIZI-MAIGO,Pellegrino M.,A,5.5,5.5,True,False
12,MIZI-MAIGO,Scamacca,A,6.5,8.5,True,False
12,MIZI-MAIGO,Buffon L.,A,,,False,True
12,MIZI-MAIGO,Lucca,A,,,False,True
12,MIZI-MAIGO,Pavoletti,A,,,False,True
12,MIZI-MAIGO,Almqvist,A,,,False,True
12,MIZI-MAIGO,Politano,C,,,False,True
12,MIZI-MAIGO,Frattesi,C,,,False,True
12,MIZI-MAIGO,El Shaarawy,C,,,False,True
12,MIZI-MAIGO,Pisilli,C,,,False,True
12,MIZI-MAIGO,Spinazzola,D,6.0,6.0,False,True
12,MIZI-MAIGO,Pellegrini Lu.,D,,,False,True
12,MIZI-MAIGO,Darmian,D,,,False,True
12,MIZI-MAIGO,De Silvestri,D,6.5,6.5,False,True
12,MIZI-MAIGO,Di Gregorio,P,6.5,4.5,False,True
12,MIZI-MAIGO,Perin,P,,,False,True
12,TEAM SITH,Svilar,P,7.0,6.0,True,False
12,TEAM SITH,Romagnoli,D,6.5,6.5,True,False
12,TEAM SITH,Buongiorno,D,6.5,6.0,True,False
12,TEAM SITH,Martin,D,6.0,6.0,True,False
12,TEAM SITH,Bellanova,D,5.5,5.5,True,False
12,TEAM SITH,Rabiot,C,7.0,9.0,True,False
12,TEAM SITH,McTominay,C,6.5,6.5,True,False
12,TEAM SITH,Isaksen,C,7.0,9.0,True,False
12,TEAM SITH,Soulè,A,6.0,6.0,True,False
12,TEAM SITH,Pinamonti,A,5.5,5.5,True,False
12,TEAM SITH,Lookman,A,5.0,5.0,True,False
12,TEAM SITH,Vasquez D.,P,,,False,True
12,TEAM SITH,Gollini,P,,,False,True
12,TEAM SITH,Di Lorenzo,D,6.0,6.0,False,True
12,TEAM SITH,Coco,D,5.0,5.0,False,True
12,TEAM SITH,Gallo,D,5.5,5.0,False,True
12,TEAM SITH,Gatti,D,,,False,True
12,TEAM SITH,Frendrup,C,,,False,True
12,TEAM SITH,Thuram K.,C,6.0,6.0,False,True
12,TEAM SITH,Locatelli,C,6.0,6.0,False,True
12,TEAM SITH,Koopmeiners,C,5.0,5.0,False,True
12,TEAM SITH,Loftus-Cheek,C,6.0,6.0,False,True
12,TEAM SITH,Colombo,A,6.5,6.5,False,True
12,TEAM SITH,Ngonge,A,,,False,True
12,TEAM SITH,Dia,A,,,False,True
12,BOSS ROMAZDA,Carnesecchi,P,6.0,3.0,True,False
12,BOSS ROMAZDA,Zanoli,D,6.0,6.0,True,False
12,BOSS ROMAZDA,Carlos Augusto,D,7.0,9.0,True,False
12,BOSS ROMAZDA,Baschirotto,D,7.0,7.0,True,False
12,BOSS ROMAZDA,Delprato,D,6.5,6.5,True,False
12,BOSS ROMAZDA,Rowe,C,6.0,6.0,True,False
12,BOSS ROMAZDA,Thorstvedt,C,6.5,6.0,True,False
12,BOSS ROMAZDA,Pulisic,C,8.0,14.0,True,False
12,BOSS ROMAZDA,Martinez L.,A,7.0,11.0,True,False
12,BOSS ROMAZDA,Castellanos,A,5.5,5.5,True,False
12,BOSS ROMAZDA,Hojlund,A,8.0,14.0,True,False
12,BOSS ROMAZDA,David,A,6.0,6.0,False,True
12,BOSS ROMAZDA,Orban G.,A,,,False,True
12,BOSS ROMAZDA,Simeone,A,,,False,True
12,BOSS ROMAZDA,Zhegrova,C,,,False,True
12,BOSS ROMAZDA,Caqueret,C,,,False,True
12,BOSS ROMAZDA,Casadei,C,5.5,5.5,False,True
12,BOSS ROMAZDA,Folorunsho,C,7.0,6.5,False,True
12,BOSS ROMAZDA,Carboni V.,C,,,False,True
12,BOSS ROMAZDA,Heggem,D,5.5,5.5,False,True
12,BOSS ROMAZDA,Bisseck,D,,,False,True
12,BOSS ROMAZDA,Olivera,D,5.5,5.5,False,True
12,BOSS ROMAZDA,Gutierrez,D,,,False,True
12,BOSS ROMAZDA,Leali,P,6.0,5.0,False,True
12,BOSS ROMAZDA,Ravaglia F.,P,7.5,7.5,False,True
12,SANSHIMI,Butez,P,6.5,2.5,True,False
12,SANSHIMI,Rrahmani,D,6.5,6.5,True,False
12,SANSHIMI,Akanji,D,6.0,5.5,True,False
12,SANSHIMI,Pavlovic,D,5.5,5.5,True,False
12,SANSHIMI,Zaccagni,C,6.5,6.5,True,False
12,SANSHIMI,Sucic P.,C,,,False,False
12,SANSHIMI,Atta,C,,,False,False
12,SANSHIMI,Bernabè,C,6.0,6.0,True,False
12,SANSHIMI,Douvikas,A,5.0,5.0,True,False
12,SANSHIMI,Thuram,A,7.0,9.0,True,False
12,SANSHIMI,Sulemana K.,A,,,False,False
12,SANSHIMI,Odgaard,C,6.5,9.5,True,True
12,SANSHIMI,Pasalic,C,6.0,6.0,True,True
12,SANSHIMI,Venturino,C,,,False,True
12,SANSHIMI,Zerbin,C,6.5,7.5,False,True
12,SANSHIMI,Bonny,A,,,False,True
12,SANSHIMI,Camarda,A,5.5,5.5,True,True
12,SANSHIMI,Krstovic,A,5.0,5.0,False,True
12,SANSHIMI,Estupinan,D,,,False,True
12,SANSHIMI,Idrissi R.,D,6.0,6.0,False,True
12,SANSHIMI,Djimsiti,D,5.0,5.0,False,True
12,SANSHIMI,Juan Jesus,D,,,False,True
12,SANSHIMI,Bremer,D,,,False,True
12,SANSHIMI,Suzuki,P,,,False,True
12,SANSHIMI,Sava,P,,,False,True
12,TEAM CHENFENGZI,Caprile,P,6.0,7.0,True,False
12,TEAM CHENFENGZI,Kelly L.,D,5.0,5.0,True,False
12,TEAM CHENFENGZI,N'Dicka,D,5.5,5.5,True,False
12,TEAM CHENFENGZI,Mancini,D,5.0,5.0,True,False
12,TEAM CHENFENGZI,Ostigard,D,,,False,False
12,TEAM CHENFENGZI,Lobotka,C,,,False,False
12,TEAM CHENFENGZI,Ederson D.S.,C,5.5,5.5,True,False
12,TEAM CHENFENGZI,Paz N.,C,5.5,5.5,True,False
12,TEAM CHENFENGZI,Malinovskyi,C,7.0,9.0,True,False
12,TEAM CHENFENGZI,Vardy,A,6.0,6.0,True,False
12,TEAM CHENFENGZI,Nzola,A,4.5,3.5,True,False
12,TEAM CHENFENGZI,Bernardeschi,C,5.5,5.5,True,True
12,TEAM CHENFENGZI,Esposito F.P.,A,6.0,6.0,False,True
12,TEAM CHENFENGZI,Ricci S.,C,6.5,7.5,False,True
12,TEAM CHENFENGZI,Hermoso,D,5.5,5.0,True,True
12,TEAM CHENFENGZI,Mkhitaryan,C,6.0,6.0,False,True
12,TEAM CHENFENGZI,Luis Henrique,C,7.0,8.0,False,True
12,TEAM CHENFENGZI,Ceccherini,D,,,False,True
12,TEAM CHENFENGZI,Ghilardi,D,4.5,4.5,False,True
12,TEAM CHENFENGZI,Israel,P,6.0,3.0,False,True
12,TEAM CHENFENGZI,Meister,A,5.5,5.5,False,True
12,TEAM CHENFENGZI,Immobile,A,,,False,True
12,MARIO GO,Maignan,P,6.0,3.5,True,False
12,MARIO GO,Valeri,D,6.0,5.5,True,False
12,MARIO GO,Vasquez,D,6.5,6.5,True,False
12,MARIO GO,Zappacosta,D,5.5,5.5,True,False
12,MARIO GO,Orsolini,C,6.0,6.0,True,False
12,MARIO GO,Vazquez,C,,,False,False
12,MARIO GO,Barella,C,7.0,7.0,True,False
12,MARIO GO,Da Cunha,C,5.0,5.0,True,False
12,MARIO GO,Tourè I.,C,6.0,5.5,True,False
12,MARIO GO,Giovane,A,7.5,12.5,True,False
12,MARIO GO,Laurientè,A,6.5,7.5,True,False
12,MARIO GO,Montipò,P,7.0,6.0,False,True
12,MARIO GO,Terracciano,P,,,False,True
12,MARIO GO,Dumfries,D,,,False,True
12,MARIO GO,Miranda J.,D,6.0,5.5,False,True
12,MARIO GO,Lucumì,D,,,False,True
12,MARIO GO,Joao Mario,D,,,False,True
12,MARIO GO,Rensch,D,5.5,5.5,False,True
12,MARIO GO,Mandragora,C,6.0,7.5,True,True
12,MARIO GO,Vlasic,C,7.0,10.0,False,True
12,MARIO GO,Fazzini,C,,,False,True
12,MARIO GO,Esposito Se.,A,7.0,8.0,False,True
12,MARIO GO,Dovbyk,A,,,False,True
12,MARIO GO,Dzeko,A,,,False,True
12,MARIO GO,Pedro,A,,,False,True
12,X-17,Provedel,P,6.5,5.5,True,False
12,X-17,Lazaro,D,6.0,5.5,True,False
12,X-17,Gabbia,D,6.0,6.0,True,False
12,X-17,Veiga D.,D,5.0,5.0,True,False
12,X-17,Cambiaso,D,5.5,5.5,True,False
12,X-17,Bailey,C,,,False,False
12,X-17,Calhanoglu,C,7.0,9.0,True,False
12,X-17,Modric,C,6.5,6.5,True,False
12,X-17,Saelemaekers,C,6.5,7.5,True,False
12,X-17,Yildiz,A,7.0,9.0,True,False
12,X-17,Dybala,A,5.5,5.5,True,False
12,X-17,Mandas,P,,,False,True
12,X-17,Furlanetto,P,,,False,True
12,X-17,Scalvini,D,,,False,True
12,X-17,Doig,D,6.5,6.5,False,True
12,X-17,Casale,D,5.5,5.5,False,True
12,X-17,Ziolkowski,D,,,False,True
12,X-17,De Bruyne,C,,,False,True
12,X-17,Conceicao,C,5.5,5.5,True,True
12,X-17,Baldanzi,C,5.5,5.5,False,True
12,X-17,Prati,C,6.0,6.0,False,True
12,X-17,Castro S.,A,5.5,5.5,False,True
12,X-17,Rodriguez Je.,A,6.0,6.0,False,True
12,X-17,Bravo,A,,,False,True
12,X-17,Vlahovic,A,,,False,True
12,XIAO SHI,Sommer,P,6.0,7.0,True,False
12,XIAO SHI,Wesley,D,,,False,False
12,XIAO SHI,Solet,D,5.5,5.5,True,False
12,XIAO SHI,Terracciano F.,D,6.5,6.5,True,False
12,XIAO SHI,Muharemovic,D,7.5,11.0,True,False
12,XIAO SHI,Matic,C,6.0,6.0,True,False
12,XIAO SHI,Konè M.,C,6.0,6.0,True,False
12,XIAO SHI,Vandeputte,C,6.5,6.5,True,False
12,XIAO SHI,Ferguson,C,6.0,6.0,True,False
12,XIAO SHI,Ferguson E.,A,5.5,5.5,True,False
12,XIAO SHI,Bonazzoli,A,7.0,11.0,True,False
12,XIAO SHI,Nkunku,A,5.5,5.5,False,True
12,XIAO SHI,Openda,A,6.0,6.0,False,True
12,XIAO SHI,Adams C.,A,6.0,6.0,False,True
12,XIAO SHI,Morata,A,5.5,5.5,False,True
12,XIAO SHI,Guendouzi,C,6.5,6.5,False,True
12,XIAO SHI,El Aynaoui,C,5.5,5.5,False,True
12,XIAO SHI,Rovella,C,,,False,True
12,XIAO SHI,Zambo Anguissa,C,,,False,True
12,XIAO SHI,Marusic,D,6.0,6.0,True,True
12,XIAO SHI,Mina,D,,,False,True
12,XIAO SHI,Kalulu,D,6.0,5.5,False,True
12,XIAO SHI,Vojvoda,D,5.0,5.0,False,True
12,XIAO SHI,Martinez Jo.,P,,,False,True
12,XIAO SHI,Muric,P,5.0,3.5,False,True
13,MARIO GO,Maignan,P,6.0,4.0,True,False
13,MARIO GO,Valeri,D,6.0,5.5,True,False
13,MARIO GO,Vasquez,D,6.0,6.0,True,False
13,MARIO GO,Zappacosta,D,6.0,6.5,True,False
13,MARIO GO,Orsolini,C,6.0,6.0,True,False
13,MARIO GO,Vazquez,C,5.5,5.5,True,False
13,MARIO GO,Barella,C,6.0,5.5,True,False
13,MARIO GO,Mandragora,C,6.0,6.0,True,False
13,MARIO GO,Tourè I.,C,5.5,5.5,True,False
13,MARIO GO,Giovane,A,5.5,5.5,True,False
13,MARIO GO,Esposito Se.,A,7.0,8.0,True,False
13,MARIO GO,Montipò,P,6.5,5.5,False,True
13,MARIO GO,Terracciano,P,,,False,True
13,MARIO GO,Dumfries,D,,,False,True
13,MARIO GO,Miranda J.,D,6.0,5.5,False,True
13,MARIO GO,Lucumì,D,6.5,6.5,False,True
13,MARIO GO,Joao Mario,D,,,False,True
13,MARIO GO,Rensch,D,6.5,6.5,False,True
13,MARIO GO,Da Cunha,C,5.0,5.0,False,True
13,MARIO GO,Vlasic,C,7.0,11.0,False,True
13,MARIO GO,Fazzini,C,,,False,True
13,MARIO GO,Laurientè,A,7.5,11.5,False,True
13,MARIO GO,Dovbyk,A,,,False,True
13,MARIO GO,Dzeko,A,5.5,5.5,False,True
13,MARIO GO,Pedro,A,,,False,True
13,BOSS ROMAZDA,Carnesecchi,P,6.0,5.0,True,False
13,BOSS ROMAZDA,Carlos Augusto,D,6.0,6.0,True,False
13,BOSS ROMAZDA,Heggem,D,4.5,3.5,True,False
13,BOSS ROMAZDA,Baschirotto,D,5.0,5.0,True,False
13,BOSS ROMAZDA,Bisseck,D,7.0,8.5,True,False
13,BOSS ROMAZDA,Zhegrova,C,,,False,False
13,BOSS ROMAZDA,Thorstvedt,C,5.5,5.0,True,False
13,BOSS ROMAZDA,Pulisic,C,6.0,6.0,True,False
13,BOSS ROMAZDA,Martinez L.,A,7.5,12.5,True,False
13,BOSS ROMAZDA,Castellanos,A,5.5,5.5,True,False
13,BOSS ROMAZDA,Hojlund,A,5.0,5.0,True,False
13,BOSS ROMAZDA,David,A,5.0,5.0,False,True
13,BOSS ROMAZDA,Simeone,A,5.5,5.5,False,True
13,BOSS ROMAZDA,Orban G.,A,7.5,13.5,False,True
13,BOSS ROMAZDA,Caqueret,C,5.5,5.5,True,True
13,BOSS ROMAZDA,Folorunsho,C,6.0,6.0,False,True
13,BOSS ROMAZDA,Casadei,C,6.0,6.0,False,True
13,BOSS ROMAZDA,Rowe,C,,,False,True
13,BOSS ROMAZDA,Carboni V.,C,,,False,True
13,BOSS ROMAZDA,Delprato,D,6.0,6.0,False,True
13,BOSS ROMAZDA,Olivera,D,5.5,5.5,False,True
13,BOSS ROMAZDA,Zanoli,D,6.0,6.0,False,True
13,BOSS ROMAZDA,Gutierrez,D,,,False,True
13,BOSS ROMAZDA,Ravaglia F.,P,6.5,5.5,False,True
13,BOSS ROMAZDA,Leali,P,5.0,3.0,False,True
13,TEAM SITH,Svilar,P,6.5,7.5,True,False
13,TEAM SITH,Romagnoli,D,6.5,6.5,True,False
13,TEAM SITH,Gallo,D,6.0,6.0,True,False
13,TEAM SITH,Coco,D,6.5,6.5,True,False
13,TEAM SITH,Di Lorenzo,D,5.5,5.5,True,False
13,TEAM SITH,Rabiot,C,5.5,5.5,True,False
13,TEAM SITH,McTominay,C,6.0,6.0,True,False
13,TEAM SITH,Thuram K.,C,6.0,6.0,True,False
13,TEAM SITH,Locatelli,C,7.0,7.0,True,False
13,TEAM SITH,Soulè,A,6.5,7.5,True,False
13,TEAM SITH,Lookman,A,5.5,5.5,True,False
13,TEAM SITH,Vasquez D.,P,,,False,True
13,TEAM SITH,Gollini,P,,,False,True
13,TEAM SITH,Colombo,A,5.0,5.0,False,True
13,TEAM SITH,Pinamonti,A,7.0,9.0,False,True
13,TEAM SITH,Ngonge,A,,,False,True
13,TEAM SITH,Dia,A,,,False,True
13,TEAM SITH,Loftus-Cheek,C,6.5,7.0,False,True
13,TEAM SITH,Frendrup,C,5.5,5.5,False,True
13,TEAM SITH,Koopmeiners,C,5.5,5.0,False,True
13,TEAM SITH,Isaksen,C,,,False,True
13,TEAM SITH,Buongiorno,D,6.0,6.0,False,True
13,TEAM SITH,Martin,D,6.0,7.0,False,True
13,TEAM SITH,Bellanova,D,,,False,True
13,TEAM SITH,Gatti,D,,,False,True
13,X-17,Provedel,P,7.0,8.0,True,False
13,X-17,Lazaro,D,6.0,6.0,True,False
13,X-17,Gabbia,D,5.5,5.5,True,False
13,X-17,Veiga D.,D,6.5,6.5,True,False
13,X-17,Cambiaso,D,6.0,6.0,True,False
13,X-17,Bailey,C,,,False,False
13,X-17,Conceicao,C,6.0,6.0,True,False
13,X-17,Modric,C,6.0,6.0,True,False
13,X-17,Saelemaekers,C,5.5,5.5,True,False
13,X-17,Yildiz,A,6.5,7.5,True,False
13,X-17,Dybala,A,,,False,False
13,X-17,Mandas,P,,,False,True
13,X-17,Furlanetto,P,,,False,True
13,X-17,Scalvini,D,,,False,True
13,X-17,Doig,D,6.0,6.0,False,True
13,X-17,Ziolkowski,D,,,False,True
13,X-17,Casale,D,,,False,True
13,X-17,De Bruyne,C,,,False,True
13,X-17,Calhanoglu,C,,,False,True
13,X-17,Baldanzi,C,,,False,True
13,X-17,Prati,C,6.0,6.0,True,True
13,X-17,Castro S.,A,5.5,5.5,True,True
13,X-17,Rodriguez Je.,A,5.5,5.5,False,True
13,X-17,Bravo,A,,,False,True
13,X-17,Vlahovic,A,,,False,True
13,BALZARETTI42,De Gea,P,5.5,3.5,True,False
13,BALZARETTI42,Ranieri L.,D,5.5,5.5,True,False
13,BALZARETTI42,Canestrelli,D,5.0,5.0,True,False
13,BALZARETTI42,Ramon,D,6.5,6.0,True,False
13,BALZARETTI42,Dodò,D,5.5,5.5,True,False
13,BALZARETTI42,De Roon,C,6.0,6.0,True,False
13,BALZARETTI42,Masini,C,,,False,False
13,BALZARETTI42,Gudmundsson A.,C,5.5,5.0,True,False
13,BALZARETTI42,Perrone,C,,,False,False
13,BALZARETTI42,Kean,A,5.5,5.5,True,False
13,BALZARETTI42,De Ketelaere,A,6.0,6.0,True,False
13,BALZARETTI42,Nicolussi Caviglia,C,,,False,True
13,BALZARETTI42,Piccoli,A,,,False,True
13,BALZARETTI42,Ellertsson,C,5.5,5.5,True,True
13,BALZARETTI42,Sohm,C,5.0,5.0,True,True
13,BALZARETTI42,Cancellieri,A,6.0,5.5,False,True
13,BALZARETTI42,Valle,D,5.0,5.0,False,True
13,BALZARETTI42,Pezzella Giu.,D,6.0,6.0,False,True
13,BALZARETTI42,Gosens,D,,,False,True
13,BALZARETTI42,Martinelli T.,P,,,False,True
13,BALZARETTI42,Elmas,C,5.5,5.5,False,True
13,BALZARETTI42,Lukaku,A,,,False,True
13,BALZARETTI42,Lezzerini,P,,,False,True
13,BALZARETTI42,Diao,A,6.0,6.0,False,True
13,BALZARETTI42,Diego Carlos,D,,,False,True
13,MIZI-MAIGO,Falcone,P,6.0,7.0,True,False
13,MIZI-MAIGO,Dimarco,D,,,False,False
13,MIZI-MAIGO,Pellegrini Lu.,D,6.5,6.5,True,False
13,MIZI-MAIGO,Bastoni,D,6.5,6.5,True,False
13,MIZI-MAIGO,Spinazzola,D,6.0,6.0,True,False
13,MIZI-MAIGO,Politano,C,5.5,5.5,True,False
13,MIZI-MAIGO,Pellegrini Lo.,C,6.0,6.0,True,False
13,MIZI-MAIGO,Cristante,C,6.5,6.5,True,False
13,MIZI-MAIGO,Zaniolo,C,6.5,6.0,True,False
13,MIZI-MAIGO,Pellegrino M.,A,6.0,6.0,True,False
13,MIZI-MAIGO,Scamacca,A,7.5,13.5,True,False
13,MIZI-MAIGO,Lucca,A,,,False,True
13,MIZI-MAIGO,Buffon L.,A,,,False,True
13,MIZI-MAIGO,Pavoletti,A,,,False,True
13,MIZI-MAIGO,Almqvist,A,,,False,True
13,MIZI-MAIGO,Frattesi,C,,,False,True
13,MIZI-MAIGO,Zalewski,C,6.0,6.0,False,True
13,MIZI-MAIGO,El Shaarawy,C,6.0,5.5,False,True
13,MIZI-MAIGO,Pisilli,C,,,False,True
13,MIZI-MAIGO,De Silvestri,D,6.0,5.5,True,True
13,MIZI-MAIGO,Darmian,D,,,False,True
13,MIZI-MAIGO,Acerbi,D,,,False,True
13,MIZI-MAIGO,Celik,D,,,False,True
13,MIZI-MAIGO,Perin,P,,,False,True
13,MIZI-MAIGO,Di Gregorio,P,6.5,7.5,False,True
13,XIAO SHI,Sommer,P,6.0,5.0,True,False
13,XIAO SHI,Wesley,D,7.5,11.0,True,False
13,XIAO SHI,Marusic,D,6.0,6.0,True,False
13,XIAO SHI,Terracciano F.,D,6.0,6.0,True,False
13,XIAO SHI,Muharemovic,D,5.5,5.0,True,False
13,XIAO SHI,Guendouzi,C,6.5,6.5,True,False
13,XIAO SHI,Konè M.,C,6.5,6.5,True,False
13,XIAO SHI,Vandeputte,C,6.0,6.0,True,False
13,XIAO SHI,El Aynaoui,C,,,False,False
13,XIAO SHI,Ferguson E.,A,6.5,6.5,True,False
13,XIAO SHI,Adams C.,A,6.0,6.0,True,False
13,XIAO SHI,Bonazzoli,A,6.0,6.0,False,True
13,XIAO SHI,Nkunku,A,6.0,7.0,False,True
13,XIAO SHI,Openda,A,6.5,6.5,False,True
13,XIAO SHI,Morata,A,,,False,True
13,XIAO SHI,Ferguson,C,5.5,5.5,True,True
13,XIAO SHI,Matic,C,6.5,6.5,False,True
13,XIAO SHI,Rovella,C,,,False,True
13,XIAO SHI,Zambo Anguissa,C,,,False,True
13,XIAO SHI,Kalulu,D,6.5,6.5,False,True
13,XIAO SHI,Solet,D,6.5,6.5,False,True
13,XIAO SHI,Vojvoda,D,,,False,True
13,XIAO SHI,Mina,D,,,False,True
13,XIAO SHI,Martinez Jo.,P,,,False,True
13,XIAO SHI,Muric,P,6.0,4.0,False,True
13,TEAM CHENFENGZI,Caprile,P,7.0,5.0,True,False
13,TEAM CHENFENGZI,Hermoso,D,6.5,6.5,True,False
13,TEAM CHENFENGZI,Mancini,D,6.5,6.0,True,False
13,TEAM CHENFENGZI,Kelly L.,D,7.0,7.0,True,False
13,TEAM CHENFENGZI,N'Dicka,D,7.0,7.0,True,False
13,TEAM CHENFENGZI,Paz N.,C,5.5,5.0,True,False
13,TEAM CHENFENGZI,Ricci S.,C,6.0,6.0,True,False
13,TEAM CHENFENGZI,Ederson D.S.,C,6.5,6.5,True,False
13,TEAM CHENFENGZI,Malinovskyi,C,6.0,6.0,True,False
13,TEAM CHENFENGZI,Vardy,A,5.5,5.5,True,False
13,TEAM CHENFENGZI,Esposito F.P.,A,6.5,6.5,True,False
13,TEAM CHENFENGZI,Bernardeschi,C,,,False,True
13,TEAM CHENFENGZI,Luis Henrique,C,6.0,6.0,False,True
13,TEAM CHENFENGZI,Ceccherini,D,5.5,5.5,False,True
13,TEAM CHENFENGZI,Ghilardi,D,,,False,True
13,TEAM CHENFENGZI,Israel,P,,,False,True
13,TEAM CHENFENGZI,Immobile,A,,,False,True
13,TEAM CHENFENGZI,Angelino,D,,,False,True
13,SANSHIMI,Butez,P,6.0,5.0,True,False
13,SANSHIMI,Rrahmani,D,5.0,5.0,True,False
13,SANSHIMI,Akanji,D,6.0,5.5,True,False
13,SANSHIMI,Pavlovic,D,6.5,6.5,True,False
13,SANSHIMI,Zaccagni,C,4.5,3.5,True,False
13,SANSHIMI,Sucic P.,C,6.5,6.5,True,False
13,SANSHIMI,Odgaard,C,,,False,False
13,SANSHIMI,Venturino,C,,,False,False
13,SANSHIMI,Douvikas,A,5.5,5.5,True,False
13,SANSHIMI,Thuram,A,6.0,6.0,True,False
13,SANSHIMI,Sulemana K.,A,,,False,False
13,SANSHIMI,Atta,C,,,False,True
13,SANSHIMI,Bernabè,C,6.0,6.0,True,True
13,SANSHIMI,Zerbin,C,5.5,5.5,True,True
13,SANSHIMI,Pasalic,C,,,False,True
13,SANSHIMI,Bonny,A,,,False,True
13,SANSHIMI,Camarda,A,6.0,6.0,True,True
13,SANSHIMI,Krstovic,A,,,False,True
13,SANSHIMI,Estupinan,D,,,False,True
13,SANSHIMI,Idrissi R.,D,6.0,6.0,False,True
13,SANSHIMI,Djimsiti,D,6.0,6.0,False,True
13,SANSHIMI,Juan Jesus,D,,,False,True
13,SANSHIMI,Bremer,D,6.0,6.0,False,True
13,SANSHIMI,Suzuki,P,,,False,True
13,SANSHIMI,Sava,P,,,False,True
13,TEAM BRAUNA,Milinkovic-Savic V.,P,6.5,5.5,True,False
13,TEAM BRAUNA,Norton-Cuffy,D,5.5,5.5,True,False
13,TEAM BRAUNA,Hien,D,,,False,False
13,TEAM BRAUNA,Tomori,D,5.5,5.5,True,False
13,TEAM BRAUNA,Palestra,D,6.5,6.5,True,False
13,TEAM BRAUNA,Berisha M.,C,,,False,False
13,TEAM BRAUNA,McKennie,C,6.5,6.5,True,False
13,TEAM BRAUNA,Neres,C,5.0,5.0,True,False
13,TEAM BRAUNA,Cambiaghi,A,5.5,5.5,True,False
13,TEAM BRAUNA,Davis K.,A,6.5,7.5,True,False
13,TEAM BRAUNA,Addai,A,5.5,5.0,True,False
13,TEAM BRAUNA,Meret,P,,,False,True
13,TEAM BRAUNA,Semper,P,6.0,5.0,False,True
13,TEAM BRAUNA,Holm,D,5.5,5.5,True,True
13,TEAM BRAUNA,Tiago Gabriel,D,6.0,6.0,False,True
13,TEAM BRAUNA,Tavares N.,D,,,False,True
13,TEAM BRAUNA,Gila,D,,,False,True
13,TEAM BRAUNA,Fofana Y.,C,,,False,True
13,TEAM BRAUNA,Kostic,C,,,False,True
13,TEAM BRAUNA,Konè I.,C,7.0,9.0,True,True
13,TEAM BRAUNA,Samardzic,C,6.5,7.5,False,True
13,TEAM BRAUNA,Serdar,C,6.0,6.0,False,True
13,TEAM BRAUNA,Moreo,A,5.5,5.5,False,True
13,TEAM BRAUNA,Kuhn,A,,,False,True
13,TEAM BRAUNA,Leao,A,,,False,True
14,X-17,Provedel,P,6.0,7.0,True,False
14,X-17,Lazaro,D,6.0,6.0,True,False
14,X-17,Gabbia,D,5.5,5.5,True,False
14,X-17,Scalvini,D,,,False,False
14,X-17,Cambiaso,D,6.5,7.5,True,False
14,X-17,Calhanoglu,C,,,False,False
14,X-17,Conceicao,C,7.0,9.5,True,False
14,X-17,Modric,C,6.0,6.0,True,False
14,X-17,Saelemaekers,C,6.0,6.0,True,False
14,X-17,Yildiz,A,7.0,7.0,True,False
14,X-17,Dybala,A,5.0,5.0,True,False
14,X-17,Mandas,P,,,False,True
14,X-17,Furlanetto,P,,,False,True
14,X-17,Doig,D,5.0,5.0,True,True
14,X-17,Veiga D.,D,6.5,6.0,False,True
14,X-17,Ziolkowski,D,6.0,6.0,False,True
14,X-17,Casale,D,,,False,True
14,X-17,De Bruyne,C,,,False,True
14,X-17,Bailey,C,5.5,5.5,True,True
14,X-17,Baldanzi,C,7.0,9.0,False,True
14,X-17,Prati,C,,,False,True
14,X-17,Castro S.,A,7.0,10.0,False,True
14,X-17,Rodriguez Je.,A,6.5,6.5,False,True
14,X-17,Bravo,A,,,False,True
14,X-17,Vlahovic,A,,,False,True
14,BALZARETTI42,De Gea,P,6.0,5.0,True,False
14,BALZARETTI42,Ranieri L.,D,6.0,5.5,True,False
14,BALZARETTI42,Canestrelli,D,5.5,5.5,True,False
14,BALZARETTI42,Ramon,D,5.5,5.0,True,False
14,BALZARETTI42,De Roon,C,6.0,6.0,True,False
14,BALZARETTI42,Sohm,C,,,False,False
14,BALZARETTI42,Gudmundsson A.,C,7.5,10.5,True,False
14,BALZARETTI42,Elmas,C,5.5,5.5,True,False
14,BALZARETTI42,Kean,A,7.5,12.5,True,False
14,BALZARETTI42,De Ketelaere,A,5.0,5.0,True,False
14,BALZARETTI42,Cancellieri,A,5.5,5.5,True,False
14,BALZARETTI42,Nicolussi Caviglia,C,,,False,True
14,BALZARETTI42,Piccoli,A,6.0,6.0,False,True
14,BALZARETTI42,Dodò,D,7.0,8.0,False,True
14,BALZARETTI42,Ellertsson,C,6.5,6.5,True,True
14,BALZARETTI42,Valle,D,,,False,True
14,BALZARETTI42,Pezzella Giu.,D,6.0,5.5,False,True
14,BALZARETTI42,Gosens,D,,,False,True
14,BALZARETTI42,Martinelli T.,P,,,False,True
14,BALZARETTI42,Lukaku,A,,,False,True
14,BALZARETTI42,Lezzerini,P,,,False,True
14,BALZARETTI42,Diao,A,,,False,True
14,BALZARETTI42,Diego Carlos,D,5.5,5.5,False,True
14,BALZARETTI42,Perrone,C,5.5,5.5,False,True
14,BALZARETTI42,Masini,C,,,False,True
14,XIAO SHI,Sommer,P,6.5,7.5,True,False
14,XIAO SHI,Solet,D,6.0,8.0,True,False
14,XIAO SHI,Marusic,D,6.0,6.0,True,False
14,XIAO SHI,Terracciano F.,D,6.5,6.5,True,False
14,XIAO SHI,Muharemovic,D,6.0,6.0,True,False
14,XIAO SHI,Ferguson,C,,,False,False
14,XIAO SHI,Konè M.,C,6.0,5.5,True,False
14,XIAO SHI,Vandeputte,C,6.5,6.5,True,False
14,XIAO SHI,Matic,C,5.5,5.0,True,False
14,XIAO SHI,Bonazzoli,A,6.5,6.5,True,False
14,XIAO SHI,Openda,A,7.0,10.0,True,False
14,XIAO SHI,Adams C.,A,6.0,6.0,False,True
14,XIAO SHI,Ferguson E.,A,6.0,6.0,False,True
14,XIAO SHI,Nkunku,A,6.5,8.5,False,True
14,XIAO SHI,Morata,A,,,False,True
14,XIAO SHI,Guendouzi,C,6.0,6.5,True,True
14,XIAO SHI,El Aynaoui,C,,,False,True
14,XIAO SHI,Rovella,C,,,False,True
14,XIAO SHI,Zambo Anguissa,C,,,False,True
14,XIAO SHI,Wesley,D,6.5,6.5,False,True
14,XIAO SHI,Kalulu,D,6.0,6.0,False,True
14,XIAO SHI,Vojvoda,D,6.0,6.0,False,True
14,XIAO SHI,Mina,D,5.5,5.0,False,True
14,XIAO SHI,Martinez Jo.,P,,,False,True
14,XIAO SHI,Muric,P,6.5,5.5,False,True
14,TEAM SITH,Svilar,P,7.0,5.0,True,False
14,TEAM SITH,Romagnoli,D,6.0,5.5,True,False
14,TEAM SITH,Di Lorenzo,D,6.5,6.5,True,False
14,TEAM SITH,Buongiorno,D,6.0,6.0,True,False
14,TEAM SITH,Martin,D,,,False,False
14,TEAM SITH,Rabiot,C,8.0,14.0,True,False
14,TEAM SITH,McTominay,C,6.0,6.0,True,False
14,TEAM SITH,Thuram K.,C,6.5,6.5,True,False
14,TEAM SITH,Frendrup,C,7.0,7.0,True,False
14,TEAM SITH,Soulè,A,5.5,5.0,True,False
14,TEAM SITH,Pinamonti,A,,,False,False
14,TEAM SITH,Vasquez D.,P,,,False,True
14,TEAM SITH,Gollini,P,,,False,True
14,TEAM SITH,Bellanova,D,,,False,True
14,TEAM SITH,Gallo,D,6.0,6.0,True,True
14,TEAM SITH,Gatti,D,,,False,True
14,TEAM SITH,Coco,D,,,False,True
14,TEAM SITH,Colombo,A,6.0,6.0,True,True
14,TEAM SITH,Ngonge,A,,,False,True
14,TEAM SITH,Dia,A,,,False,True
14,TEAM SITH,Lookman,A,,,False,True
14,TEAM SITH,Locatelli,C,6.5,6.5,False,True
14,TEAM SITH,Loftus-Cheek,C,6.0,6.0,False,True
14,TEAM SITH,Isaksen,C,,,False,True
14,TEAM SITH,Koopmeiners,C,,,False,True
14,TEAM CHENFENGZI,Caprile,P,6.0,4.0,True,False
14,TEAM CHENFENGZI,Hermoso,D,,,False,False
14,TEAM CHENFENGZI,Mancini,D,5.5,5.5,True,False
14,TEAM CHENFENGZI,Kelly L.,D,6.0,6.0,True,False
14,TEAM CHENFENGZI,N'Dicka,D,,,False,False
14,TEAM CHENFENGZI,Luis Henrique,C,6.0,5.5,True,False
14,TEAM CHENFENGZI,Paz N.,C,6.5,6.5,True,False
14,TEAM CHENFENGZI,Ederson D.S.,C,6.0,6.0,True,False
14,TEAM CHENFENGZI,Malinovskyi,C,6.0,6.0,True,False
14,TEAM CHENFENGZI,Vardy,A,5.5,5.5,True,False
14,TEAM CHENFENGZI,Esposito F.P.,A,7.0,11.0,True,False
14,TEAM CHENFENGZI,Bernardeschi,C,,,False,True
14,TEAM CHENFENGZI,Ceccherini,D,5.0,4.0,True,True
14,TEAM CHENFENGZI,Ghilardi,D,,,False,True
14,TEAM CHENFENGZI,Israel,P,,,False,True
14,TEAM CHENFENGZI,Immobile,A,5.5,5.5,False,True
14,TEAM CHENFENGZI,Angelino,D,,,False,True
14,TEAM CHENFENGZI,Meister,A,5.5,5.5,False,True
14,TEAM CHENFENGZI,Mkhitaryan,C,6.0,6.0,False,True
14,TEAM CHENFENGZI,Ricci S.,C,6.0,6.0,False,True
14,TEAM CHENFENGZI,Lobotka,C,6.0,6.0,False,True
14,BOSS ROMAZDA,Carnesecchi,P,6.5,7.5,True,False
14,BOSS ROMAZDA,Carlos Augusto,D,6.5,6.5,True,False
14,BOSS ROMAZDA,Heggem,D,7.0,7.0,True,False
14,BOSS ROMAZDA,Bisseck,D,,,False,False
14,BOSS ROMAZDA,Zanoli,D,5.5,5.0,True,False
14,BOSS ROMAZDA,Rowe,C,,,False,False
14,BOSS ROMAZDA,Caqueret,C,6.0,6.0,True,False
14,BOSS ROMAZDA,Pulisic,C,,,False,False
14,BOSS ROMAZDA,Martinez L.,A,6.5,6.5,True,False
14,BOSS ROMAZDA,Castellanos,A,5.0,5.0,True,False
14,BOSS ROMAZDA,Hojlund,A,5.0,5.0,True,False
14,BOSS ROMAZDA,Simeone,A,6.5,6.5,False,True
14,BOSS ROMAZDA,Orban G.,A,7.0,9.0,False,True
14,BOSS ROMAZDA,David,A,,,False,True
14,BOSS ROMAZDA,Carboni V.,C,,,False,True
14,BOSS ROMAZDA,Folorunsho,C,7.0,9.0,True,True
14,BOSS ROMAZDA,Casadei,C,,,False,True
14,BOSS ROMAZDA,Zhegrova,C,6.0,6.0,True,True
14,BOSS ROMAZDA,Thorstvedt,C,,,False,True
14,BOSS ROMAZDA,Olivera,D,5.5,5.5,True,True
14,BOSS ROMAZDA,Baschirotto,D,6.5,6.5,False,True
14,BOSS ROMAZDA,Delprato,D,6.5,6.5,False,True
14,BOSS ROMAZDA,Gutierrez,D,,,False,True
14,BOSS ROMAZDA,Ravaglia F.,P,6.5,4.5,False,True
14,BOSS ROMAZDA,Leali,P,4.5,4.5,False,True
14,MIZI-MAIGO,Falcone,P,7.0,6.0,True,False
14,MIZI-MAIGO,Dimarco,D,,,False,False
14,MIZI-MAIGO,Bastoni,D,6.5,6.5,True,False
14,MIZI-MAIGO,Celik,D,6.0,6.0,True,False
14,MIZI-MAIGO,Spinazzola,D,6.0,6.0,True,False
14,MIZI-MAIGO,Zalewski,C,6.5,7.0,True,False
14,MIZI-MAIGO,Pellegrini Lo.,C,5.5,5.5,True,False
14,MIZI-MAIGO,Cristante,C,5.0,4.5,True,False
14,MIZI-MAIGO,Zaniolo,C,6.0,6.0,True,False
14,MIZI-MAIGO,Pellegrino M.,A,5.5,5.5,True,False
14,MIZI-MAIGO,Scamacca,A,5.5,5.5,True,False
14,MIZI-MAIGO,Lucca,A,,,False,True
14,MIZI-MAIGO,Buffon L.,A,,,False,True
14,MIZI-MAIGO,Pavoletti,A,,,False,True
14,MIZI-MAIGO,Almqvist,A,,,False,True
14,MIZI-MAIGO,Frattesi,C,6.0,6.0,False,True
14,MIZI-MAIGO,Politano,C,5.5,5.5,False,True
14,MIZI-MAIGO,Pisilli,C,,,False,True
14,MIZI-MAIGO,El Shaarawy,C,6.0,6.0,False,True
14,MIZI-MAIGO,Acerbi,D,6.0,6.0,True,True
14,MIZI-MAIGO,Pellegrini Lu.,D,6.0,6.0,False,True
14,MIZI-MAIGO,De Silvestri,D,,,False,True
14,MIZI-MAIGO,Darmian,D,,,False,True
14,MIZI-MAIGO,Perin,P,,,False,True
14,MIZI-MAIGO,Di Gregorio,P,6.0,5.0,False,True
14,SANSHIMI,Butez,P,5.5,2.5,True,False
14,SANSHIMI,Estupinan,D,,,False,False
14,SANSHIMI,Akanji,D,6.0,6.0,True,False
14,SANSHIMI,Pavlovic,D,,,False,False
14,SANSHIMI,Idrissi R.,D,5.5,5.5,True,False
14,SANSHIMI,Sucic P.,C,,,False,False
14,SANSHIMI,Bernabè,C,6.0,6.0,True,False
14,SANSHIMI,Odgaard,C,6.5,8.5,True,False
14,SANSHIMI,Venturino,C,,,False,False
14,SANSHIMI,Camarda,A,,,False,False
14,SANSHIMI,Thuram,A,5.5,5.0,True,False
14,SANSHIMI,Zerbin,C,5.5,5.5,True,True
14,SANSHIMI,Atta,C,,,False,True
14,SANSHIMI,Pasalic,C,,,False,True
14,SANSHIMI,Zaccagni,C,,,False,True
14,SANSHIMI,Bonny,A,5.5,5.5,True,True
14,SANSHIMI,Krstovic,A,,,False,True
14,SANSHIMI,Sulemana K.,A,6.0,6.0,False,True
14,SANSHIMI,Douvikas,A,5.5,5.5,False,True
14,SANSHIMI,Djimsiti,D,,,False,True
14,SANSHIMI,Juan Jesus,D,,,False,True
14,SANSHIMI,Bremer,D,6.5,6.5,True,True
14,SANSHIMI,Suzuki,P,,,False,True
14,SANSHIMI,Sava,P,5.0,0.0,False,True
14,SANSHIMI,Rrahmani,D,6.5,6.5,True,True
14,TEAM BRAUNA,Milinkovic-Savic V.,P,6.0,7.0,True,False
14,TEAM BRAUNA,Holm,D,5.5,5.5,True,False
14,TEAM BRAUNA,Gila,D,6.5,6.0,True,False
14,TEAM BRAUNA,Tomori,D,5.5,5.5,True,False
14,TEAM BRAUNA,Palestra,D,6.0,6.0,True,False
14,TEAM BRAUNA,Konè I.,C,6.0,6.0,True,False
14,TEAM BRAUNA,Serdar,C,5.5,5.5,True,False
14,TEAM BRAUNA,Neres,C,5.5,5.0,True,False
14,TEAM BRAUNA,Davis K.,A,5.0,5.0,True,False
14,TEAM BRAUNA,Leao,A,6.0,7.0,True,False
14,TEAM BRAUNA,Addai,A,,,False,False
14,TEAM BRAUNA,Meret,P,,,False,True
14,TEAM BRAUNA,Semper,P,6.0,4.0,False,True
14,TEAM BRAUNA,Norton-Cuffy,D,5.0,5.0,False,True
14,TEAM BRAUNA,Hien,D,7.0,11.0,False,True
14,TEAM BRAUNA,Tavares N.,D,,,False,True
14,TEAM BRAUNA,Tiago Gabriel,D,6.0,6.0,False,True
14,TEAM BRAUNA,Samardzic,C,5.0,4.5,False,True
14,TEAM BRAUNA,McKennie,C,6.5,7.0,False,True
14,TEAM BRAUNA,Fofana Y.,C,5.5,5.5,False,True
14,TEAM BRAUNA,Kostic,C,,,False,True
14,TEAM BRAUNA,Berisha M.,C,,,False,True
14,TEAM BRAUNA,Cambiaghi,A,,,False,True
14,TEAM BRAUNA,Moreo,A,7.0,11.0,True,True
14,TEAM BRAUNA,Kuhn,A,5.5,5.5,False,True
14,MARIO GO,Maignan,P,8.0,7.0,True,False
14,MARIO GO,Valeri,D,6.0,6.0,True,False
14,MARIO GO,Vasquez,D,6.5,6.5,True,False
14,MARIO GO,Lucumì,D,,,False,False
14,MARIO GO,Zappacosta,D,6.0,6.0,True,False
14,MARIO GO,Orsolini,C,7.0,9.5,True,False
14,MARIO GO,Vazquez,C,,,False,False
14,MARIO GO,Barella,C,6.0,6.0,True,False
14,MARIO GO,Vlasic,C,7.0,11.0,True,False
14,MARIO GO,Mandragora,C,7.0,9.0,True,False
14,MARIO GO,Esposito Se.,A,5.5,5.0,True,False
14,MARIO GO,Montipò,P,6.0,3.0,False,True
14,MARIO GO,Terracciano,P,,,False,True
14,MARIO GO,Dumfries,D,,,False,True
14,MARIO GO,Miranda J.,D,6.0,6.0,True,True
14,MARIO GO,Joao Mario,D,,,False,True
14,MARIO GO,Rensch,D,6.5,6.5,False,True
14,MARIO GO,Da Cunha,C,6.0,6.0,True,True
14,MARIO GO,Tourè I.,C,6.0,6.0,False,True
14,MARIO GO,Fazzini,C,,,False,True
14,MARIO GO,Laurientè,A,5.5,5.5,False,True
14,MARIO GO,Giovane,A,5.5,5.5,False,True
14,MARIO GO,Dovbyk,A,,,False,True
14,MARIO GO,Dzeko,A,,,False,True
14,MARIO GO,Pedro,A,5.5,5.0,False,True
15,SANSHIMI,Butez,P,6.5,7.0,True,False
15,SANSHIMI,Bremer,D,6.0,6.0,True,False
15,SANSHIMI,Akanji,D,7.0,7.0,True,False
15,SANSHIMI,Pavlovic,D,6.5,6.5,True,False
15,SANSHIMI,Odgaard,C,,,False,False
15,SANSHIMI,Bernabè,C,6.5,6.5,True,False
15,SANSHIMI,Sucic P.,C,,,False,False
15,SANSHIMI,Pasalic,C,5.5,5.5,True,False
15,SANSHIMI,Venturino,C,,,False,False
15,SANSHIMI,Camarda,A,5.5,5.5,True,False
15,SANSHIMI,Thuram,A,5.5,5.5,True,False
15,SANSHIMI,Zerbin,C,5.5,5.5,True,True
15,SANSHIMI,Atta,C,,,False,True
15,SANSHIMI,Zaccagni,C,5.5,5.5,True,True
15,SANSHIMI,Bonny,A,,,False,True
15,SANSHIMI,Krstovic,A,,,False,True
15,SANSHIMI,Sulemana K.,A,5.5,5.0,False,True
15,SANSHIMI,Douvikas,A,7.0,9.0,False,True
15,SANSHIMI,Idrissi R.,D,6.5,6.5,False,True
15,SANSHIMI,Djimsiti,D,4.0,4.0,False,True
15,SANSHIMI,Juan Jesus,D,6.0,5.5,False,True
15,SANSHIMI,Suzuki,P,,,False,True
15,SANSHIMI,Sava,P,,,False,True
15,SANSHIMI,Rrahmani,D,6.0,6.0,False,True
15,SANSHIMI,Estupinan,D,,,False,True
15,X-17,Provedel,P,6.0,5.0,True,False
15,X-17,Lazaro,D,5.5,5.5,True,False
15,X-17,Veiga D.,D,5.0,5.0,True,False
15,X-17,Scalvini,D,,,False,False
15,X-17,Cambiaso,D,6.0,6.0,True,False
15,X-17,Calhanoglu,C,6.5,6.5,True,False
15,X-17,Baldanzi,C,,,False,False
15,X-17,Modric,C,7.0,7.0,True,False
15,X-17,Yildiz,A,6.5,8.5,True,False
15,X-17,Castro S.,A,5.5,5.5,True,False
15,X-17,Dybala,A,6.5,6.5,True,False
15,X-17,Mandas,P,,,False,True
15,X-17,Furlanetto,P,,,False,True
15,X-17,Ziolkowski,D,6.5,6.5,True,True
15,X-17,Doig,D,6.0,6.0,False,True
15,X-17,Casale,D,,,False,True
15,X-17,Gabbia,D,,,False,True
15,X-17,Conceicao,C,,,False,True
15,X-17,De Bruyne,C,,,False,True
15,X-17,Bailey,C,,,False,True
15,X-17,Prati,C,7.0,9.0,True,True
15,X-17,Rodriguez Je.,A,6.5,6.5,False,True
15,X-17,Bravo,A,,,False,True
15,X-17,Vlahovic,A,,,False,True
15,MARIO GO,Maignan,P,6.0,7.0,True,False
15,MARIO GO,Rensch,D,,,False,False
15,MARIO GO,Vasquez,D,5.0,5.0,True,False
15,MARIO GO,Lucumì,D,5.0,5.0,True,False
15,MARIO GO,Zappacosta,D,5.5,5.5,True,False
15,MARIO GO,Orsolini,C,5.5,5.5,True,False
15,MARIO GO,Vazquez,C,,,False,False
15,MARIO GO,Barella,C,5.5,5.5,True,False
15,MARIO GO,Vlasic,C,7.0,8.5,True,False
15,MARIO GO,Esposito Se.,A,5.5,5.5,True,False
15,MARIO GO,Giovane,A,6.0,6.0,True,False
15,MARIO GO,Montipò,P,6.0,3.0,False,True
15,MARIO GO,Terracciano,P,,,False,True
15,MARIO GO,Dumfries,D,,,False,True
15,MARIO GO,Valeri,D,6.0,6.0,True,True
15,MARIO GO,Miranda J.,D,6.0,6.0,False,True
15,MARIO GO,Joao Mario,D,,,False,True
15,MARIO GO,Mandragora,C,5.5,5.0,True,True
15,MARIO GO,Da Cunha,C,6.5,6.5,False,True
15,MARIO GO,Tourè I.,C,5.5,5.5,False,True
15,MARIO GO,Fazzini,C,,,False,True
15,MARIO GO,Laurientè,A,6.0,6.5,False,True
15,MARIO GO,Dovbyk,A,,,False,True
15,MARIO GO,Dzeko,A,,,False,True
15,MARIO GO,Pedro,A,,,False,True
15,MIZI-MAIGO,Perin,P,,,False,False
15,MIZI-MAIGO,Dimarco,D,6.5,6.5,True,False
15,MIZI-MAIGO,Bastoni,D,6.0,5.5,True,False
15,MIZI-MAIGO,Celik,D,6.0,6.0,True,False
15,MIZI-MAIGO,Spinazzola,D,7.0,7.0,True,False
15,MIZI-MAIGO,Zalewski,C,6.5,6.5,True,False
15,MIZI-MAIGO,Pellegrini Lo.,C,,,False,False
15,MIZI-MAIGO,Cristante,C,6.5,6.5,True,False
15,MIZI-MAIGO,Zaniolo,C,6.5,6.0,True,False
15,MIZI-MAIGO,Pellegrino M.,A,6.5,7.0,True,False
15,MIZI-MAIGO,Scamacca,A,5.5,5.5,True,False
15,MIZI-MAIGO,Lucca,A,,,False,True
15,MIZI-MAIGO,Buffon L.,A,,,False,True
15,MIZI-MAIGO,Pavoletti,A,,,False,True
15,MIZI-MAIGO,Almqvist,A,,,False,True
15,MIZI-MAIGO,Frattesi,C,,,False,True
15,MIZI-MAIGO,Politano,C,6.5,6.5,True,True
15,MIZI-MAIGO,Pisilli,C,6.0,6.0,False,True
15,MIZI-MAIGO,El Shaarawy,C,6.0,6.0,False,True
15,MIZI-MAIGO,Acerbi,D,,,False,True
15,MIZI-MAIGO,Pellegrini Lu.,D,6.0,5.5,False,True
15,MIZI-MAIGO,De Silvestri,D,,,False,True
15,MIZI-MAIGO,Darmian,D,,,False,True
15,MIZI-MAIGO,Di Gregorio,P,6.0,7.0,True,True
15,MIZI-MAIGO,Falcone,P,5.5,2.5,False,True
15,TEAM SITH,Svilar,P,6.0,5.0,True,False
15,TEAM SITH,Romagnoli,D,6.5,6.5,True,False
15,TEAM SITH,Di Lorenzo,D,6.5,6.5,True,False
15,TEAM SITH,Buongiorno,D,6.0,6.0,True,False
15,TEAM SITH,Gallo,D,5.5,5.5,True,False
15,TEAM SITH,Rabiot,C,7.0,8.0,True,False
15,TEAM SITH,McTominay,C,6.5,6.5,True,False
15,TEAM SITH,Thuram K.,C,5.5,5.5,True,False
15,TEAM SITH,Locatelli,C,6.5,6.0,True,False
15,TEAM SITH,Soulè,A,7.5,9.5,True,False
15,TEAM SITH,Pinamonti,A,5.5,5.5,True,False
15,TEAM SITH,Vasquez D.,P,,,False,True
15,TEAM SITH,Gollini,P,,,False,True
15,TEAM SITH,Martin,D,5.5,5.5,False,True
15,TEAM SITH,Gatti,D,,,False,True
15,TEAM SITH,Bellanova,D,,,False,True
15,TEAM SITH,Coco,D,,,False,True
15,TEAM SITH,Loftus-Cheek,C,6.5,6.5,False,True
15,TEAM SITH,Isaksen,C,,,False,True
15,TEAM SITH,Frendrup,C,5.5,5.0,False,True
15,TEAM SITH,Koopmeiners,C,5.5,5.5,False,True
15,TEAM SITH,Colombo,A,6.0,6.0,False,True
15,TEAM SITH,Ngonge,A,6.0,6.0,False,True
15,TEAM SITH,Lookman,A,,,False,True
15,TEAM SITH,Dia,A,,,False,True
15,TEAM CHENFENGZI,Caprile,P,6.5,5.5,True,False
15,TEAM CHENFENGZI,Hermoso,D,6.5,6.5,True,False
15,TEAM CHENFENGZI,Mancini,D,6.5,6.5,True,False
15,TEAM CHENFENGZI,Kelly L.,D,6.5,6.5,True,False
15,TEAM CHENFENGZI,N'Dicka,D,,,False,False
15,TEAM CHENFENGZI,Luis Henrique,C,5.5,5.5,True,False
15,TEAM CHENFENGZI,Paz N.,C,7.5,12.5,True,False
15,TEAM CHENFENGZI,Ederson D.S.,C,6.5,6.5,True,False
15,TEAM CHENFENGZI,Malinovskyi,C,5.0,5.0,True,False
15,TEAM CHENFENGZI,Vardy,A,5.5,5.5,True,False
15,TEAM CHENFENGZI,Esposito F.P.,A,6.5,7.5,True,False
15,TEAM CHENFENGZI,Bernardeschi,C,,,False,True
15,TEAM CHENFENGZI,Ceccherini,D,,,False,True
15,TEAM CHENFENGZI,Ghilardi,D,6.0,6.0,True,True
15,TEAM CHENFENGZI,Israel,P,,,False,True
15,TEAM CHENFENGZI,Immobile,A,5.5,5.5,False,True
15,TEAM CHENFENGZI,Angelino,D,,,False,True
15,TEAM CHENFENGZI,Meister,A,,,False,True
15,TEAM CHENFENGZI,Mkhitaryan,C,6.0,6.0,False,True
15,TEAM CHENFENGZI,Ricci S.,C,,,False,True
15,TEAM CHENFENGZI,Lobotka,C,6.5,6.5,False,True
15,BOSS ROMAZDA,Carnesecchi,P,6.5,5.5,True,False
15,BOSS ROMAZDA,Carlos Augusto,D,6.0,6.0,True,False
15,BOSS ROMAZDA,Heggem,D,,,False,False
15,BOSS ROMAZDA,Bisseck,D,6.5,6.5,True,False
15,BOSS ROMAZDA,Zanoli,D,6.0,6.0,True,False
15,BOSS ROMAZDA,Rowe,C,6.0,6.0,True,False
15,BOSS ROMAZDA,Caqueret,C,,,False,False
15,BOSS ROMAZDA,Pulisic,C,7.0,10.0,True,False
15,BOSS ROMAZDA,Martinez L.,A,7.0,11.0,True,False
15,BOSS ROMAZDA,Castellanos,A,6.0,6.0,True,False
15,BOSS ROMAZDA,Hojlund,A,8.0,14.0,True,False
15,BOSS ROMAZDA,Simeone,A,5.5,5.5,False,True
15,BOSS ROMAZDA,Orban G.,A,5.5,5.5,False,True
15,BOSS ROMAZDA,David,A,6.0,6.5,False,True
15,BOSS ROMAZDA,Carboni V.,C,,,False,True
15,BOSS ROMAZDA,Folorunsho,C,,,False,True
15,BOSS ROMAZDA,Casadei,C,,,False,True
15,BOSS ROMAZDA,Zhegrova,C,6.5,6.5,True,True
15,BOSS ROMAZDA,Thorstvedt,C,5.5,5.5,False,True
15,BOSS ROMAZDA,Olivera,D,,,False,True
15,BOSS ROMAZDA,Baschirotto,D,5.0,5.0,True,True
15,BOSS ROMAZDA,Delprato,D,,,False,True
15,BOSS ROMAZDA,Gutierrez,D,6.0,6.0,False,True
15,BOSS ROMAZDA,Ravaglia F.,P,5.5,4.0,False,True
15,BOSS ROMAZDA,Leali,P,,,False,True
15,TEAM BRAUNA,Milinkovic-Savic V.,P,6.0,7.0,True,False
15,TEAM BRAUNA,Holm,D,,,False,False
15,TEAM BRAUNA,Gila,D,5.5,5.5,True,False
15,TEAM BRAUNA,Tomori,D,6.5,6.5,True,False
15,TEAM BRAUNA,Palestra,D,7.0,7.0,True,False
15,TEAM BRAUNA,Konè I.,C,6.0,6.0,True,False
15,TEAM BRAUNA,McKennie,C,6.5,6.5,True,False
15,TEAM BRAUNA,Neres,C,6.0,6.0,True,False
15,TEAM BRAUNA,Davis K.,A,7.0,11.0,True,False
15,TEAM BRAUNA,Leao,A,,,False,False
15,TEAM BRAUNA,Kuhn,A,,,False,False
15,TEAM BRAUNA,Meret,P,,,False,True
15,TEAM BRAUNA,Semper,P,6.0,4.0,False,True
15,TEAM BRAUNA,Norton-Cuffy,D,5.5,5.5,True,True
15,TEAM BRAUNA,Hien,D,6.0,6.0,False,True
15,TEAM BRAUNA,Tavares N.,D,,,False,True
15,TEAM BRAUNA,Tiago Gabriel,D,5.5,5.5,False,True
15,TEAM BRAUNA,Serdar,C,6.0,6.0,False,True
15,TEAM BRAUNA,Samardzic,C,5.0,5.0,False,True
15,TEAM BRAUNA,Kostic,C,,,False,True
15,TEAM BRAUNA,Fofana Y.,C,6.0,6.0,False,True
15,TEAM BRAUNA,Berisha M.,C,,,False,True
15,TEAM BRAUNA,Moreo,A,5.5,5.5,True,True
15,TEAM BRAUNA,Cambiaghi,A,,,False,True
15,TEAM BRAUNA,Addai,A,,,False,True
15,BALZARETTI42,De Gea,P,6.0,5.0,True,False
15,BALZARETTI42,Ranieri L.,D,,,False,False
15,BALZARETTI42,Diego Carlos,D,6.5,6.0,True,False
15,BALZARETTI42,Dodò,D,5.5,5.5,True,False
15,BALZARETTI42,De Roon,C,6.0,6.0,True,False
15,BALZARETTI42,Ellertsson,C,5.5,5.5,True,False
15,BALZARETTI42,Gudmundsson A.,C,6.0,6.0,True,False
15,BALZARETTI42,Elmas,C,5.5,5.5,True,False
15,BALZARETTI42,Kean,A,5.0,5.0,True,False
15,BALZARETTI42,De Ketelaere,A,6.0,6.0,True,False
15,BALZARETTI42,Cancellieri,A,6.5,6.0,True,False
15,BALZARETTI42,Nicolussi Caviglia,C,,,False,True
15,BALZARETTI42,Piccoli,A,5.0,5.0,False,True
15,BALZARETTI42,Canestrelli,D,6.0,6.0,True,True
15,BALZARETTI42,Valle,D,,,False,True
15,BALZARETTI42,Pezzella Giu.,D,5.5,5.5,False,True
15,BALZARETTI42,Gosens,D,6.0,6.0,False,True
15,BALZARETTI42,Martinelli T.,P,,,False,True
15,BALZARETTI42,Lukaku,A,,,False,True
15,BALZARETTI42,Sohm,C,5.5,5.5,False,True
15,BALZARETTI42,Lezzerini,P,,,False,True
15,BALZARETTI42,Diao,A,,,False,True
15,BALZARETTI42,Perrone,C,6.5,6.0,False,True
15,BALZARETTI42,Masini,C,,,False,True
15,BALZARETTI42,Ramon,D,7.0,9.0,False,True
15,XIAO SHI,Sommer,P,6.0,7.0,True,False
15,XIAO SHI,Solet,D,5.5,3.5,True,False
15,XIAO SHI,Wesley,D,6.0,6.0,True,False
15,XIAO SHI,Kalulu,D,7.0,11.0,True,False
15,XIAO SHI,Muharemovic,D,7.0,10.0,True,False
15,XIAO SHI,Mina,D,,,False,False
15,XIAO SHI,Ferguson,C,,,False,False
15,XIAO SHI,Konè M.,C,7.5,10.5,True,False
15,XIAO SHI,Vandeputte,C,,,False,False
15,XIAO SHI,Nkunku,A,7.5,12.5,True,False
15,XIAO SHI,Openda,A,5.0,5.0,True,False
15,XIAO SHI,Bonazzoli,A,6.0,5.5,False,True
15,XIAO SHI,Ferguson E.,A,7.0,11.0,False,True
15,XIAO SHI,Adams C.,A,6.5,7.5,False,True
15,XIAO SHI,Morata,A,,,False,True
15,XIAO SHI,Guendouzi,C,,,False,True
15,XIAO SHI,Matic,C,6.5,7.5,True,True
15,XIAO SHI,El Aynaoui,C,,,False,True
15,XIAO SHI,Rovella,C,,,False,True
15,XIAO SHI,Zambo Anguissa,C,,,False,True
15,XIAO SHI,Marusic,D,6.0,6.0,True,True
15,XIAO SHI,Terracciano F.,D,5.5,5.5,False,True
15,XIAO SHI,Vojvoda,D,7.0,8.5,False,True
15,XIAO SHI,Martinez Jo.,P,,,False,True
15,XIAO SHI,Muric,P,6.0,5.0,False,True
16,TEAM SITH,Svilar,P,5.0,4.0,True,False
16,TEAM SITH,Romagnoli,D,6.0,5.5,True,False
16,TEAM SITH,Di Lorenzo,D,6.5,6.5,True,False
16,TEAM SITH,Buongiorno,D,,,False,False
16,TEAM SITH,Gallo,D,6.0,6.0,True,False
16,TEAM SITH,Rabiot,C,6.5,7.5,True,False
16,TEAM SITH,McTominay,C,6.5,6.5,True,False
16,TEAM SITH,Thuram K.,C,6.0,6.0,True,False
16,TEAM SITH,Locatelli,C,6.5,6.5,True,False
16,TEAM SITH,Soulè,A,5.5,5.5,True,False
16,TEAM SITH,Pinamonti,A,5.0,5.0,True,False
16,TEAM SITH,Vasquez D.,P,,,False,True
16,TEAM SITH,Gollini,P,,,False,True
16,TEAM SITH,Martin,D,6.0,6.0,True,True
16,TEAM SITH,Gatti,D,,,False,True
16,TEAM SITH,Bellanova,D,,,False,True
16,TEAM SITH,Coco,D,7.0,7.0,False,True
16,TEAM SITH,Loftus-Cheek,C,6.0,6.0,False,True
16,TEAM SITH,Isaksen,C,5.5,5.5,False,True
16,TEAM SITH,Frendrup,C,6.0,6.0,False,True
16,TEAM SITH,Koopmeiners,C,5.5,5.5,False,True
16,TEAM SITH,Colombo,A,7.0,10.0,False,True
16,TEAM SITH,Ngonge,A,,,False,True
16,TEAM SITH,Lookman,A,,,False,True
16,TEAM SITH,Dia,A,,,False,True
16,BALZARETTI42,De Gea,P,6.5,7.5,True,False
16,BALZARETTI42,Diego Carlos,D,,,False,False
16,BALZARETTI42,Hien,D,6.0,6.0,True,False
16,BALZARETTI42,Ramon,D,6.5,6.5,True,False
16,BALZARETTI42,De Roon,C,6.5,6.0,True,False
16,BALZARETTI42,Perrone,C,6.5,6.5,True,False
16,BALZARETTI42,Gudmundsson A.,C,6.0,6.0,True,False
16,BALZARETTI42,Tourè I.,C,6.0,6.0,True,False
16,BALZARETTI42,Kean,A,7.0,11.0,True,False
16,BALZARETTI42,De Ketelaere,A,6.0,6.0,True,False
16,BALZARETTI42,Cancellieri,A,5.5,5.5,True,False
16,BALZARETTI42,Beukema,D,,,False,True
16,BALZARETTI42,Kossounou,D,,,False,True
16,BALZARETTI42,Valle,D,,,False,True
16,BALZARETTI42,Dodò,D,6.0,5.5,True,True
16,BALZARETTI42,Gosens,D,6.0,6.0,False,True
16,BALZARETTI42,Lang,A,,,False,True
16,BALZARETTI42,Diao,A,,,False,True
16,BALZARETTI42,Lukaku,A,,,False,True
16,BALZARETTI42,Caqueret,C,6.0,6.0,False,True
16,BALZARETTI42,Ellertsson,C,6.0,6.0,False,True
16,BALZARETTI42,Pobega,C,5.0,5.0,False,True
16,BALZARETTI42,Cataldi,C,5.0,4.5,False,True
16,BALZARETTI42,Martinelli T.,P,,,False,True
16,BALZARETTI42,Lezzerini,P,,,False,True
16,MIZI-MAIGO,Perin,P,,,False,False
16,MIZI-MAIGO,Dimarco,D,6.5,7.5,True,False
16,MIZI-MAIGO,Bastoni,D,6.0,5.5,True,False
16,MIZI-MAIGO,Acerbi,D,,,False,False
16,MIZI-MAIGO,Spinazzola,D,7.0,10.0,True,False
16,MIZI-MAIGO,Pellegrini Lo.,C,,,False,False
16,MIZI-MAIGO,Cristante,C,5.5,5.5,True,False
16,MIZI-MAIGO,Politano,C,7.5,10.5,True,False
16,MIZI-MAIGO,Kilicsoy,A,5.5,5.5,True,False
16,MIZI-MAIGO,Scamacca,A,6.0,6.0,True,False
16,MIZI-MAIGO,Pellegrino M.,A,7.0,10.0,True,False
16,MIZI-MAIGO,Lucca,A,,,False,True
16,MIZI-MAIGO,Buffon L.,A,,,False,True
16,MIZI-MAIGO,Borrelli,A,5.5,5.5,False,True
16,MIZI-MAIGO,Zaniolo,C,6.0,6.0,True,True
16,MIZI-MAIGO,Zalewski,C,6.0,7.0,False,True
16,MIZI-MAIGO,Frattesi,C,,,False,True
16,MIZI-MAIGO,El Shaarawy,C,5.5,5.5,False,True
16,MIZI-MAIGO,Pisilli,C,,,False,True
16,MIZI-MAIGO,Celik,D,5.5,5.5,True,True
16,MIZI-MAIGO,Pellegrini Lu.,D,5.0,5.0,False,True
16,MIZI-MAIGO,Ranieri L.,D,5.5,5.5,False,True
16,MIZI-MAIGO,Floriani Mussolini,D,,,False,True
16,MIZI-MAIGO,Di Gregorio,P,6.0,5.0,True,True
16,MIZI-MAIGO,Falcone,P,8.0,9.5,False,True
16,BOSS ROMAZDA,Carnesecchi,P,6.5,7.5,True,False
16,BOSS ROMAZDA,Carlos Augusto,D,6.0,6.0,True,False
16,BOSS ROMAZDA,Heggem,D,5.5,5.5,True,False
16,BOSS ROMAZDA,Bisseck,D,6.0,6.0,True,False
16,BOSS ROMAZDA,Zanoli,D,6.0,6.0,True,False
16,BOSS ROMAZDA,Rowe,C,5.0,4.5,True,False
16,BOSS ROMAZDA,Caqueret,C,6.0,6.0,True,False
16,BOSS ROMAZDA,Pulisic,C,,,False,False
16,BOSS ROMAZDA,Martinez L.,A,7.0,12.0,True,False
16,BOSS ROMAZDA,Castellanos,A,,,False,False
16,BOSS ROMAZDA,Hojlund,A,6.0,6.0,True,False
16,BOSS ROMAZDA,Simeone,A,7.0,10.0,True,True
16,BOSS ROMAZDA,Orban G.,A,6.0,6.0,False,True
16,BOSS ROMAZDA,David,A,4.5,2.5,False,True
16,BOSS ROMAZDA,Carboni V.,C,,,False,True
16,BOSS ROMAZDA,Folorunsho,C,,,False,True
16,BOSS ROMAZDA,Casadei,C,7.0,9.0,True,True
16,BOSS ROMAZDA,Zhegrova,C,6.0,6.0,False,True
16,BOSS ROMAZDA,Thorstvedt,C,7.0,9.0,False,True
16,BOSS ROMAZDA,Olivera,D,,,False,True
16,BOSS ROMAZDA,Baschirotto,D,6.0,6.0,False,True
16,BOSS ROMAZDA,Delprato,D,6.0,6.0,False,True
16,BOSS ROMAZDA,Gutierrez,D,,,False,True
16,BOSS ROMAZDA,Ravaglia F.,P,7.0,4.0,False,True
16,BOSS ROMAZDA,Leali,P,5.0,4.0,False,True
16,XIAO SHI,Muric,P,6.0,5.0,True,False
16,XIAO SHI,Solet,D,6.0,6.0,True,False
16,XIAO SHI,Wesley,D,6.0,6.0,True,False
16,XIAO SHI,Kalulu,D,5.5,5.5,True,False
16,XIAO SHI,Muharemovic,D,6.0,6.0,True,False
16,XIAO SHI,Matic,C,5.5,5.0,True,False
16,XIAO SHI,Konè M.,C,5.5,5.5,True,False
16,XIAO SHI,Vandeputte,C,5.5,5.5,True,False
16,XIAO SHI,Bonazzoli,A,5.5,5.5,True,False
16,XIAO SHI,Openda,A,5.0,5.0,True,False
16,XIAO SHI,Ferguson E.,A,5.0,5.0,True,False
16,XIAO SHI,Adams C.,A,6.0,6.0,False,True
16,XIAO SHI,Nkunku,A,,,False,True
16,XIAO SHI,Morata,A,,,False,True
16,XIAO SHI,Ferguson,C,5.5,5.5,False,True
16,XIAO SHI,Guendouzi,C,6.0,6.0,False,True
16,XIAO SHI,El Aynaoui,C,,,False,True
16,XIAO SHI,Rovella,C,,,False,True
16,XIAO SHI,Zambo Anguissa,C,,,False,True
16,XIAO SHI,Vojvoda,D,6.0,6.0,False,True
16,XIAO SHI,Terracciano F.,D,6.5,6.5,False,True
16,XIAO SHI,Marusic,D,4.0,3.0,False,True
16,XIAO SHI,Mina,D,,,False,True
16,XIAO SHI,Sommer,P,6.0,5.0,False,True
16,XIAO SHI,Martinez Jo.,P,,,False,True
16,SANSHIMI,Butez,P,6.0,7.0,True,False
16,SANSHIMI,Estupinan,D,5.5,5.5,True,False
16,SANSHIMI,Akanji,D,6.5,6.5,True,False
16,SANSHIMI,Pavlovic,D,,,False,False
16,SANSHIMI,Idrissi R.,D,6.0,5.5,True,False
16,SANSHIMI,Odgaard,C,5.5,5.5,True,False
16,SANSHIMI,Bernabè,C,6.5,6.5,True,False
16,SANSHIMI,Sucic P.,C,6.0,6.0,True,False
16,SANSHIMI,Zaccagni,C,5.5,5.0,True,False
16,SANSHIMI,Douvikas,A,6.0,6.0,True,False
16,SANSHIMI,Thuram,A,7.0,9.0,True,False
16,SANSHIMI,Pasalic,C,,,False,True
16,SANSHIMI,Atta,C,,,False,True
16,SANSHIMI,Zerbin,C,6.0,6.0,False,True
16,SANSHIMI,Bonny,A,,,False,True
16,SANSHIMI,Camarda,A,5.0,5.0,False,True
16,SANSHIMI,Sulemana K.,A,,,False,True
16,SANSHIMI,Krstovic,A,6.0,6.0,False,True
16,SANSHIMI,Suzuki,P,,,False,True
16,SANSHIMI,Sava,P,,,False,True
16,SANSHIMI,Rrahmani,D,7.5,9.0,True,True
16,SANSHIMI,Djimsiti,D,7.0,8.0,False,True
16,SANSHIMI,Juan Jesus,D,6.5,6.5,False,True
16,SANSHIMI,Venturino,C,,,False,True
16,SANSHIMI,Bremer,D,5.5,5.5,False,True
16,X-17,Provedel,P,6.0,4.0,True,False
16,X-17,Cambiaso,D,5.0,5.0,True,False
16,X-17,Bianchetti,D,,,False,False
16,X-17,Scalvini,D,7.0,10.0,True,False
16,X-17,Kempf,D,6.0,6.0,True,False
16,X-17,Saelemaekers,C,6.0,5.5,True,False
16,X-17,Modric,C,7.0,7.0,True,False
16,X-17,Calhanoglu,C,6.5,7.0,True,False
16,X-17,Yildiz,A,7.0,7.0,True,False
16,X-17,Dybala,A,5.0,5.0,True,False
16,X-17,Rodriguez Je.,A,6.5,6.0,True,False
16,X-17,Mandas,P,,,False,True
16,X-17,Furlanetto,P,,,False,True
16,X-17,Lazaro,D,6.5,6.5,True,True
16,X-17,Gabbia,D,,,False,True
16,X-17,Doig,D,6.5,6.5,False,True
16,X-17,Ziolkowski,D,5.5,5.5,False,True
16,X-17,De Bruyne,C,,,False,True
16,X-17,Conceicao,C,5.5,5.5,False,True
16,X-17,Volpato,C,,,False,True
16,X-17,Bailey,C,,,False,True
16,X-17,Baldanzi,C,,,False,True
16,X-17,Castro S.,A,6.5,8.5,False,True
16,X-17,Dallinga,A,,,False,True
16,X-17,Vlahovic,A,,,False,True
16,MARIO GO,Maignan,P,6.0,7.0,True,False
16,MARIO GO,Valeri,D,6.0,6.0,True,False
16,MARIO GO,Vasquez,D,5.5,5.5,True,False
16,MARIO GO,Maripan,D,7.5,7.5,True,False
16,MARIO GO,Miranda J.,D,,,False,False
16,MARIO GO,Orsolini,C,6.0,6.0,True,False
16,MARIO GO,Vazquez,C,6.0,6.0,True,False
16,MARIO GO,Barella,C,6.0,5.5,True,False
16,MARIO GO,Vlasic,C,6.5,6.5,True,False
16,MARIO GO,Laurientè,A,6.0,6.0,True,False
16,MARIO GO,Giovane,A,6.0,6.0,True,False
16,MARIO GO,Terracciano,P,,,False,True
16,MARIO GO,Torriani,P,,,False,True
16,MARIO GO,Lucumì,D,5.0,5.0,True,True
16,MARIO GO,Dumfries,D,,,False,True
16,MARIO GO,Rensch,D,5.5,5.5,False,True
16,MARIO GO,Zappacosta,D,6.0,6.0,False,True
16,MARIO GO,Da Cunha,C,7.0,11.0,False,True
16,MARIO GO,Mandragora,C,6.0,6.0,False,True
16,MARIO GO,Gaetano,C,6.0,6.0,False,True
16,MARIO GO,Fazzini,C,,,False,True
16,MARIO GO,Esposito Se.,A,6.0,6.0,False,True
16,MARIO GO,Cambiaghi,A,5.0,5.0,False,True
16,MARIO GO,Dovbyk,A,5.5,5.5,False,True
16,MARIO GO,Dzeko,A,,,False,True
16,TEAM CHENFENGZI,Caprile,P,6.0,5.0,True,False
16,TEAM CHENFENGZI,Hermoso,D,5.5,5.0,True,False
16,TEAM CHENFENGZI,Mancini,D,6.0,5.5,True,False
16,TEAM CHENFENGZI,Kelly L.,D,6.0,6.0,True,False
16,TEAM CHENFENGZI,N'Dicka,D,,,False,False
16,TEAM CHENFENGZI,Luis Henrique,C,6.0,6.0,True,False
16,TEAM CHENFENGZI,Paz N.,C,6.0,6.0,True,False
16,TEAM CHENFENGZI,Ederson D.S.,C,6.0,6.0,True,False
16,TEAM CHENFENGZI,Malinovskyi,C,6.0,5.5,True,False
16,TEAM CHENFENGZI,Vardy,A,5.5,5.5,True,False
16,TEAM CHENFENGZI,Esposito F.P.,A,6.0,6.0,True,False
16,TEAM CHENFENGZI,Bernardeschi,C,,,False,True
16,TEAM CHENFENGZI,Ceccherini,D,,,False,True
16,TEAM CHENFENGZI,Ghilardi,D,,,False,True
16,TEAM CHENFENGZI,Israel,P,,,False,True
16,TEAM CHENFENGZI,Immobile,A,,,False,True
16,TEAM CHENFENGZI,Angelino,D,,,False,True
16,TEAM CHENFENGZI,Meister,A,5.5,5.5,False,True
16,TEAM CHENFENGZI,Mkhitaryan,C,6.0,6.0,False,True
16,TEAM CHENFENGZI,Ricci S.,C,6.0,6.0,False,True
16,TEAM CHENFENGZI,Lobotka,C,7.0,7.0,False,True
16,TEAM BRAUNA,Milinkovic-Savic V.,P,6.0,7.0,True,False
16,TEAM BRAUNA,Bartesaghi,D,6.5,6.5,True,False
16,TEAM BRAUNA,Belghali,D,,,False,False
16,TEAM BRAUNA,Norton-Cuffy,D,6.0,6.0,True,False
16,TEAM BRAUNA,Holm,D,5.5,5.5,True,False
16,TEAM BRAUNA,Palestra,D,6.0,5.5,True,False
16,TEAM BRAUNA,Konè I.,C,6.0,6.0,True,False
16,TEAM BRAUNA,McKennie,C,7.0,10.0,True,False
16,TEAM BRAUNA,Neres,C,6.5,6.5,True,False
16,TEAM BRAUNA,Leao,A,7.0,11.0,True,False
16,TEAM BRAUNA,Davis K.,A,5.5,5.5,True,False
16,TEAM BRAUNA,Meret,P,,,False,True
16,TEAM BRAUNA,Semper,P,6.5,5.5,False,True
16,TEAM BRAUNA,Tomori,D,6.0,6.0,True,True
16,TEAM BRAUNA,Tiago Gabriel,D,5.5,5.5,False,True
16,TEAM BRAUNA,Gila,D,5.5,5.5,False,True
16,TEAM BRAUNA,Serdar,C,6.0,6.0,False,True
16,TEAM BRAUNA,Zielinski,C,7.0,9.0,False,True
16,TEAM BRAUNA,Basic,C,5.5,5.5,False,True
16,TEAM BRAUNA,Fofana Y.,C,6.0,6.0,False,True
16,TEAM BRAUNA,Berisha M.,C,,,False,True
16,TEAM BRAUNA,Fullkrug,A,6.0,6.0,False,True
16,TEAM BRAUNA,Vitinha O.,A,6.0,6.0,False,True
16,TEAM BRAUNA,Noslin,A,4.5,3.5,False,True
16,TEAM BRAUNA,Addai,A,,,False,True
17,TEAM CHENFENGZI,Caprile,P,5.5,3.5,True,False
17,TEAM CHENFENGZI,Ceccherini,D,,,False,False
17,TEAM CHENFENGZI,Ostigard,D,6.5,6.5,True,False
17,TEAM CHENFENGZI,Angelino,D,,,False,False
17,TEAM CHENFENGZI,Luis Henrique,C,6.0,6.0,True,False
17,TEAM CHENFENGZI,Lobotka,C,6.0,6.0,True,False
17,TEAM CHENFENGZI,Paz N.,C,6.0,6.0,True,False
17,TEAM CHENFENGZI,Ederson D.S.,C,6.5,6.5,True,False
17,TEAM CHENFENGZI,Malinovskyi,C,6.5,7.5,True,False
17,TEAM CHENFENGZI,Vardy,A,7.5,10.0,True,False
17,TEAM CHENFENGZI,Nzola,A,4.5,2.5,True,False
17,TEAM CHENFENGZI,Bernardeschi,C,,,False,True
17,TEAM CHENFENGZI,Mkhitaryan,C,6.0,6.0,False,True
17,TEAM CHENFENGZI,Israel,P,,,False,True
17,TEAM CHENFENGZI,Immobile,A,5.5,5.5,False,True
17,TEAM CHENFENGZI,Meister,A,,,False,True
17,TEAM CHENFENGZI,Ricci S.,C,,,False,True
17,TEAM CHENFENGZI,Ghilardi,D,6.5,6.5,True,True
17,TEAM CHENFENGZI,Esposito F.P.,A,6.5,6.5,False,True
17,BALZARETTI42,De Gea,P,7.0,5.0,True,False
17,BALZARETTI42,Valle,D,6.0,6.0,True,False
17,BALZARETTI42,Hien,D,6.0,6.0,True,False
17,BALZARETTI42,Ramon,D,6.5,6.0,True,False
17,BALZARETTI42,De Roon,C,6.5,7.5,True,False
17,BALZARETTI42,Perrone,C,7.0,11.0,True,False
17,BALZARETTI42,Caqueret,C,6.0,7.0,True,False
17,BALZARETTI42,Tourè I.,C,5.5,5.5,True,False
17,BALZARETTI42,Kean,A,5.5,5.5,True,False
17,BALZARETTI42,De Ketelaere,A,7.5,8.5,True,False
17,BALZARETTI42,Cancellieri,A,6.0,5.5,True,False
17,BALZARETTI42,Beukema,D,,,False,True
17,BALZARETTI42,Diego Carlos,D,,,False,True
17,BALZARETTI42,Kossounou,D,,,False,True
17,BALZARETTI42,Gosens,D,7.0,8.5,False,True
17,BALZARETTI42,Dodò,D,6.0,6.0,False,True
17,BALZARETTI42,Lang,A,6.5,7.5,False,True
17,BALZARETTI42,Diao,A,,,False,True
17,BALZARETTI42,Lukaku,A,,,False,True
17,BALZARETTI42,Gudmundsson A.,C,7.0,10.0,False,True
17,BALZARETTI42,Ellertsson,C,6.0,6.0,False,True
17,BALZARETTI42,Pobega,C,,,False,True
17,BALZARETTI42,Cataldi,C,7.0,9.0,False,True
17,BALZARETTI42,Martinelli T.,P,,,False,True
17,BALZARETTI42,Lezzerini,P,,,False,True
17,SANSHIMI,Butez,P,7.0,10.0,True,False
17,SANSHIMI,Pavlovic,D,6.0,5.5,True,False
17,SANSHIMI,Rrahmani,D,6.0,6.0,True,False
17,SANSHIMI,Bremer,D,6.5,6.5,True,False
17,SANSHIMI,Akanji,D,7.0,7.0,True,False
17,SANSHIMI,Odgaard,C,,,False,False
17,SANSHIMI,Bernabè,C,5.5,5.5,True,False
17,SANSHIMI,Pasalic,C,,,False,False
17,SANSHIMI,Zaccagni,C,6.0,5.5,True,False
17,SANSHIMI,Douvikas,A,7.5,11.5,True,False
17,SANSHIMI,Thuram,A,7.0,8.5,True,False
17,SANSHIMI,Venturino,C,,,False,True
17,SANSHIMI,Sucic P.,C,5.5,5.5,True,True
17,SANSHIMI,Atta,C,6.5,6.5,True,True
17,SANSHIMI,Zerbin,C,6.0,6.0,False,True
17,SANSHIMI,Camarda,A,5.5,5.5,False,True
17,SANSHIMI,Bonny,A,,,False,True
17,SANSHIMI,Sulemana K.,A,,,False,True
17,SANSHIMI,Krstovic,A,7.5,13.5,False,True
17,SANSHIMI,Suzuki,P,,,False,True
17,SANSHIMI,Sava,P,,,False,True
17,SANSHIMI,Idrissi R.,D,,,False,True
17,SANSHIMI,Estupinan,D,,,False,True
17,SANSHIMI,Djimsiti,D,7.0,7.0,False,True
17,SANSHIMI,Juan Jesus,D,,,False,True
17,TEAM SITH,Svilar,P,6.0,7.0,True,False
17,TEAM SITH,Romagnoli,D,6.5,6.5,True,False
17,TEAM SITH,Di Lorenzo,D,6.5,9.5,True,False
17,TEAM SITH,Buongiorno,D,5.0,5.0,True,False
17,TEAM SITH,Coco,D,6.5,6.0,True,False
17,TEAM SITH,Rabiot,C,6.5,6.5,True,False
17,TEAM SITH,McTominay,C,6.5,9.5,True,False
17,TEAM SITH,Isaksen,C,5.5,5.5,True,False
17,TEAM SITH,Locatelli,C,7.0,7.0,True,False
17,TEAM SITH,Soulè,A,,,False,False
17,TEAM SITH,Pinamonti,A,5.0,5.0,True,False
17,TEAM SITH,Vasquez D.,P,,,False,True
17,TEAM SITH,Gollini,P,,,False,True
17,TEAM SITH,Gallo,D,5.5,5.5,False,True
17,TEAM SITH,Martin,D,6.0,6.0,False,True
17,TEAM SITH,Bellanova,D,,,False,True
17,TEAM SITH,Gatti,D,,,False,True
17,TEAM SITH,Thuram K.,C,6.5,6.5,False,True
17,TEAM SITH,Frendrup,C,6.0,6.0,False,True
17,TEAM SITH,Koopmeiners,C,6.0,6.0,False,True
17,TEAM SITH,Loftus-Cheek,C,6.0,6.0,False,True
17,TEAM SITH,Colombo,A,7.0,10.0,True,True
17,TEAM SITH,Ngonge,A,6.0,6.0,False,True
17,TEAM SITH,Lookman,A,,,False,True
17,TEAM SITH,Dia,A,,,False,True
17,BOSS ROMAZDA,Carnesecchi,P,6.5,7.5,True,False
17,BOSS ROMAZDA,Gutierrez,D,5.5,5.5,True,False
17,BOSS ROMAZDA,Carlos Augusto,D,6.5,6.0,True,False
17,BOSS ROMAZDA,Baschirotto,D,5.5,5.5,True,False
17,BOSS ROMAZDA,Zanoli,D,7.0,8.0,True,False
17,BOSS ROMAZDA,Zhegrova,C,,,False,False
17,BOSS ROMAZDA,Thorstvedt,C,6.0,6.0,True,False
17,BOSS ROMAZDA,Pulisic,C,6.0,6.0,True,False
17,BOSS ROMAZDA,Simeone,A,5.0,5.0,True,False
17,BOSS ROMAZDA,Martinez L.,A,5.5,5.5,True,False
17,BOSS ROMAZDA,Hojlund,A,5.5,5.5,True,False
17,BOSS ROMAZDA,David,A,7.5,11.5,False,True
17,BOSS ROMAZDA,Orban G.,A,7.0,8.5,False,True
17,BOSS ROMAZDA,Castellanos,A,,,False,True
17,BOSS ROMAZDA,Tramoni M.,C,6.5,6.5,True,True
17,BOSS ROMAZDA,Casadei,C,6.5,8.0,False,True
17,BOSS ROMAZDA,Rowe,C,6.0,6.0,False,True
17,BOSS ROMAZDA,Carboni V.,C,,,False,True
17,BOSS ROMAZDA,Folorunsho,C,,,False,True
17,BOSS ROMAZDA,Bisseck,D,7.0,7.0,False,True
17,BOSS ROMAZDA,Heggem,D,5.0,5.0,False,True
17,BOSS ROMAZDA,Delprato,D,5.0,5.0,False,True
17,BOSS ROMAZDA,Olivera,D,,,False,True
17,BOSS ROMAZDA,Ravaglia F.,P,6.0,4.0,False,True
17,BOSS ROMAZDA,Leali,P,7.0,5.5,False,True
17,X-17,Provedel,P,6.0,4.0,True,False
17,X-17,Cambiaso,D,6.5,6.5,True,False
17,X-17,Gabbia,D,5.0,4.5,True,False
17,X-17,Scalvini,D,6.5,6.5,True,False
17,X-17,Bianchetti,D,5.5,5.5,True,False
17,X-17,Saelemaekers,C,6.0,6.0,True,False
17,X-17,Modric,C,6.0,6.0,True,False
17,X-17,Calhanoglu,C,6.5,6.0,True,False
17,X-17,Yildiz,A,6.5,6.5,True,False
17,X-17,Dybala,A,6.5,7.5,True,False
17,X-17,Rodriguez Je.,A,6.5,7.5,True,False
17,X-17,Mandas,P,,,False,True
17,X-17,Furlanetto,P,,,False,True
17,X-17,Lazaro,D,6.0,7.0,False,True
17,X-17,Kempf,D,6.0,6.0,False,True
17,X-17,Ziolkowski,D,7.0,7.0,False,True
17,X-17,Doig,D,5.0,5.0,False,True
17,X-17,De Bruyne,C,,,False,True
17,X-17,Conceicao,C,,,False,True
17,X-17,Volpato,C,,,False,True
17,X-17,Bailey,C,,,False,True
17,X-17,Baldanzi,C,,,False,True
17,X-17,Castro S.,A,5.5,5.5,False,True
17,X-17,Dallinga,A,4.5,4.5,False,True
17,X-17,Vlahovic,A,,,False,True
17,TEAM BRAUNA,Milinkovic-Savic V.,P,6.0,4.0,True,False
17,TEAM BRAUNA,Bartesaghi,D,5.0,5.0,True,False
17,TEAM BRAUNA,Tomori,D,6.0,5.5,True,False
17,TEAM BRAUNA,Gila,D,6.0,6.0,True,False
17,TEAM BRAUNA,Palestra,D,6.5,6.5,True,False
17,TEAM BRAUNA,Zielinski,C,6.0,6.0,True,False
17,TEAM BRAUNA,McKennie,C,6.5,6.5,True,False
17,TEAM BRAUNA,Basic,C,6.5,6.5,True,False
17,TEAM BRAUNA,Leao,A,7.0,10.0,True,False
17,TEAM BRAUNA,Fullkrug,A,5.5,5.5,True,False
17,TEAM BRAUNA,Davis K.,A,7.0,8.0,True,False
17,TEAM BRAUNA,Meret,P,,,False,True
17,TEAM BRAUNA,Semper,P,6.0,3.0,False,True
17,TEAM BRAUNA,Tiago Gabriel,D,5.5,5.5,False,True
17,TEAM BRAUNA,Holm,D,,,False,True
17,TEAM BRAUNA,Norton-Cuffy,D,6.0,6.0,False,True
17,TEAM BRAUNA,Belghali,D,,,False,True
17,TEAM BRAUNA,Neres,C,,,False,True
17,TEAM BRAUNA,Konè I.,C,5.0,5.0,False,True
17,TEAM BRAUNA,Fofana Y.,C,5.0,5.0,False,True
17,TEAM BRAUNA,Serdar,C,,,False,True
17,TEAM BRAUNA,Berisha M.,C,,,False,True
17,TEAM BRAUNA,Addai,A,,,False,True
17,TEAM BRAUNA,Vitinha O.,A,6.5,6.5,False,True
17,TEAM BRAUNA,Noslin,A,,,False,True
17,MIZI-MAIGO,Perin,P,,,False,False
17,MIZI-MAIGO,Dimarco,D,7.5,11.5,True,False
17,MIZI-MAIGO,Bastoni,D,,,False,False
17,MIZI-MAIGO,Celik,D,6.5,6.5,True,False
17,MIZI-MAIGO,Spinazzola,D,6.0,6.0,True,False
17,MIZI-MAIGO,Pellegrini Lo.,C,,,False,False
17,MIZI-MAIGO,Pisilli,C,6.5,7.5,True,False
17,MIZI-MAIGO,Politano,C,5.5,5.5,True,False
17,MIZI-MAIGO,Kilicsoy,A,6.5,6.5,True,False
17,MIZI-MAIGO,Scamacca,A,,,False,False
17,MIZI-MAIGO,Pellegrino M.,A,5.5,5.5,True,False
17,MIZI-MAIGO,Lucca,A,5.5,5.5,True,True
17,MIZI-MAIGO,Buffon L.,A,,,False,True
17,MIZI-MAIGO,Borrelli,A,6.5,7.0,False,True
17,MIZI-MAIGO,Zaniolo,C,7.0,9.0,True,True
17,MIZI-MAIGO,Zalewski,C,6.5,6.5,False,True
17,MIZI-MAIGO,Cristante,C,6.5,6.0,False,True
17,MIZI-MAIGO,El Shaarawy,C,6.0,6.0,False,True
17,MIZI-MAIGO,Frattesi,C,,,False,True
17,MIZI-MAIGO,Acerbi,D,,,False,True
17,MIZI-MAIGO,Pellegrini Lu.,D,6.0,5.5,True,True
17,MIZI-MAIGO,Ranieri L.,D,6.0,6.0,False,True
17,MIZI-MAIGO,Floriani Mussolini,D,5.0,5.0,False,True
17,MIZI-MAIGO,Di Gregorio,P,6.0,7.0,True,True
17,MIZI-MAIGO,Falcone,P,6.0,4.0,False,True
17,MARIO GO,Maignan,P,6.0,4.5,True,False
17,MARIO GO,Rensch,D,,,False,False
17,MARIO GO,Vasquez,D,6.5,6.5,True,False
17,MARIO GO,Maripan,D,5.0,5.0,True,False
17,MARIO GO,Miranda J.,D,6.0,6.0,True,False
17,MARIO GO,Orsolini,C,5.0,5.0,True,False
17,MARIO GO,Da Cunha,C,5.5,5.0,True,False
17,MARIO GO,Barella,C,6.5,7.5,True,False
17,MARIO GO,Vlasic,C,5.0,5.0,True,False
17,MARIO GO,Cambiaghi,A,6.0,6.0,True,False
17,MARIO GO,Giovane,A,5.5,5.5,True,False
17,MARIO GO,Terracciano,P,,,False,True
17,MARIO GO,Torriani,P,,,False,True
17,MARIO GO,Zappacosta,D,6.0,6.0,True,True
17,MARIO GO,Valeri,D,6.0,6.0,False,True
17,MARIO GO,Lucumì,D,,,False,True
17,MARIO GO,Dumfries,D,,,False,True
17,MARIO GO,Gaetano,C,5.5,5.5,False,True
17,MARIO GO,Vazquez,C,,,False,True
17,MARIO GO,Mandragora,C,6.5,6.5,False,True
17,MARIO GO,Fazzini,C,,,False,True
17,MARIO GO,Laurientè,A,5.0,5.0,False,True
17,MARIO GO,Esposito Se.,A,6.0,6.0,False,True
17,MARIO GO,Dovbyk,A,7.0,9.0,False,True
17,MARIO GO,Dzeko,A,,,False,True
17,XIAO SHI,Muric,P,6.5,3.5,True,False
17,XIAO SHI,Solet,D,6.0,6.0,True,False
17,XIAO SHI,Wesley,D,6.0,6.0,True,False
17,XIAO SHI,Kalulu,D,6.5,6.5,True,False
17,XIAO SHI,Muharemovic,D,4.5,2.5,True,False
17,XIAO SHI,Guendouzi,C,5.5,5.5,True,False
17,XIAO SHI,Konè M.,C,6.0,6.0,True,False
17,XIAO SHI,Ferguson,C,5.5,5.5,True,False
17,XIAO SHI,Openda,A,,,False,False
17,XIAO SHI,Ferguson E.,A,7.0,11.0,True,False
17,XIAO SHI,Bonazzoli,A,7.0,7.5,True,False
17,XIAO SHI,Nkunku,A,,,False,True
17,XIAO SHI,Adams C.,A,5.5,5.5,True,True
17,XIAO SHI,Morata,A,,,False,True
17,XIAO SHI,Matic,C,6.0,6.0,False,True
17,XIAO SHI,Vandeputte,C,5.5,5.5,False,True
17,XIAO SHI,El Aynaoui,C,,,False,True
17,XIAO SHI,Rovella,C,,,False,True
17,XIAO SHI,Zambo Anguissa,C,,,False,True
17,XIAO SHI,Vojvoda,D,6.5,6.5,False,True
17,XIAO SHI,Terracciano F.,D,6.0,6.0,False,True
17,XIAO SHI,Marusic,D,,,False,True
17,XIAO SHI,Mina,D,4.5,4.5,False,True
17,XIAO SHI,Sommer,P,6.0,7.0,False,True
17,XIAO SHI,Martinez Jo.,P,,,False,True
18,XIAO SHI,Sommer,P,6.0,4.0,True,False
18,XIAO SHI,Solet,D,6.0,6.0,True,False
18,XIAO SHI,Vojvoda,D,5.0,5.0,True,False
18,XIAO SHI,Kalulu,D,6.5,7.5,True,False
18,XIAO SHI,Mina,D,,,False,False
18,XIAO SHI,Marusic,D,6.0,6.0,True,False
18,XIAO SHI,Vandeputte,C,6.0,6.0,True,False
18,XIAO SHI,Konè M.,C,7.0,9.5,True,False
18,XIAO SHI,Ferguson,C,6.0,5.5,True,False
18,XIAO SHI,Nkunku,A,7.0,10.0,True,False
18,XIAO SHI,Ferguson E.,A,5.5,5.5,True,False
18,XIAO SHI,Openda,A,,,False,True
18,XIAO SHI,Adams C.,A,6.0,6.0,False,True
18,XIAO SHI,Bonazzoli,A,5.5,5.5,False,True
18,XIAO SHI,Morata,A,,,False,True
18,XIAO SHI,Matic,C,6.0,5.5,False,True
18,XIAO SHI,El Aynaoui,C,,,False,True
18,XIAO SHI,Rovella,C,5.5,5.5,False,True
18,XIAO SHI,Zambo Anguissa,C,,,False,True
18,XIAO SHI,Guendouzi,C,,,False,True
18,XIAO SHI,Terracciano F.,D,4.0,2.0,True,True
18,XIAO SHI,Muharemovic,D,6.0,6.0,False,True
18,XIAO SHI,Wesley,D,6.5,6.5,False,True
18,XIAO SHI,Martinez Jo.,P,,,False,True
18,XIAO SHI,Muric,P,6.0,3.5,False,True
18,BOSS ROMAZDA,Carnesecchi,P,7.0,8.0,True,False
18,BOSS ROMAZDA,Carlos Augusto,D,,,False,False
18,BOSS ROMAZDA,Bisseck,D,5.5,5.5,True,False
18,BOSS ROMAZDA,Delprato,D,6.0,5.5,True,False
18,BOSS ROMAZDA,Zanoli,D,6.5,6.5,True,False
18,BOSS ROMAZDA,Rowe,C,5.5,5.5,True,False
18,BOSS ROMAZDA,Pulisic,C,6.0,6.0,True,False
18,BOSS ROMAZDA,Zhegrova,C,6.0,6.0,True,False
18,BOSS ROMAZDA,Martinez L.,A,5.5,5.5,True,False
18,BOSS ROMAZDA,David,A,7.0,9.0,True,False
18,BOSS ROMAZDA,Hojlund,A,6.5,6.5,True,False
18,BOSS ROMAZDA,Simeone,A,5.5,5.5,False,True
18,BOSS ROMAZDA,Orban G.,A,5.5,5.5,False,True
18,BOSS ROMAZDA,Castellanos,A,,,False,True
18,BOSS ROMAZDA,Tramoni M.,C,7.5,10.5,False,True
18,BOSS ROMAZDA,Thorstvedt,C,,,False,True
18,BOSS ROMAZDA,Casadei,C,,,False,True
18,BOSS ROMAZDA,Folorunsho,C,,,False,True
18,BOSS ROMAZDA,Carboni V.,C,,,False,True
18,BOSS ROMAZDA,Heggem,D,6.5,6.5,True,True
18,BOSS ROMAZDA,Baschirotto,D,4.0,4.0,False,True
18,BOSS ROMAZDA,Gutierrez,D,,,False,True
18,BOSS ROMAZDA,Olivera,D,,,False,True
18,BOSS ROMAZDA,Ravaglia F.,P,6.0,5.0,False,True
18,BOSS ROMAZDA,Leali,P,7.0,8.0,False,True
18,BALZARETTI42,De Gea,P,6.5,5.5,True,False
18,BALZARETTI42,Valle,D,,,False,False
18,BALZARETTI42,Hien,D,6.0,6.0,True,False
18,BALZARETTI42,Diego Carlos,D,5.5,5.5,True,False
18,BALZARETTI42,De Roon,C,6.0,6.0,True,False
18,BALZARETTI42,Perrone,C,6.5,6.5,True,False
18,BALZARETTI42,Caqueret,C,5.5,5.5,True,False
18,BALZARETTI42,Cataldi,C,6.0,6.0,True,False
18,BALZARETTI42,Kean,A,5.5,5.0,True,False
18,BALZARETTI42,De Ketelaere,A,7.5,11.5,True,False
18,BALZARETTI42,Cancellieri,A,6.5,6.0,True,False
18,BALZARETTI42,Kossounou,D,,,False,True
18,BALZARETTI42,Gosens,D,6.5,6.5,True,True
18,BALZARETTI42,Dodò,D,6.5,6.5,False,True
18,BALZARETTI42,Beukema,D,5.0,5.0,False,True
18,BALZARETTI42,Lang,A,6.5,7.5,False,True
18,BALZARETTI42,Diao,A,,,False,True
18,BALZARETTI42,Lukaku,A,,,False,True
18,BALZARETTI42,Gudmundsson A.,C,6.5,7.5,False,True
18,BALZARETTI42,Ellertsson,C,6.5,6.5,False,True
18,BALZARETTI42,Martinelli T.,P,,,False,True
18,BALZARETTI42,Lezzerini,P,,,False,True
18,BALZARETTI42,Tourè I.,C,6.0,6.0,False,True
18,BALZARETTI42,Ramon,D,,,False,True
18,BALZARETTI42,Pobega,C,5.5,5.5,False,True
18,SANSHIMI,Butez,P,6.0,5.0,True,False
18,SANSHIMI,Pavlovic,D,6.0,6.0,True,False
18,SANSHIMI,Rrahmani,D,6.0,6.0,True,False
18,SANSHIMI,Bremer,D,7.0,10.0,True,False
18,SANSHIMI,Akanji,D,5.5,5.5,True,False
18,SANSHIMI,Odgaard,C,,,False,False
18,SANSHIMI,Bernabè,C,7.5,9.5,True,False
18,SANSHIMI,Atta,C,6.5,6.5,True,False
18,SANSHIMI,Bonny,A,,,False,False
18,SANSHIMI,Douvikas,A,5.5,5.5,True,False
18,SANSHIMI,Thuram,A,6.5,7.5,True,False
18,SANSHIMI,Venturino,C,,,False,True
18,SANSHIMI,Pasalic,C,7.0,9.0,True,True
18,SANSHIMI,Sucic P.,C,,,False,True
18,SANSHIMI,Zerbin,C,4.5,4.5,False,True
18,SANSHIMI,Zaccagni,C,,,False,True
18,SANSHIMI,Camarda,A,,,False,True
18,SANSHIMI,Sulemana K.,A,,,False,True
18,SANSHIMI,Krstovic,A,6.0,6.0,True,True
18,SANSHIMI,Suzuki,P,,,False,True
18,SANSHIMI,Sava,P,,,False,True
18,SANSHIMI,Idrissi R.,D,5.0,5.0,False,True
18,SANSHIMI,Estupinan,D,5.0,4.5,False,True
18,SANSHIMI,Djimsiti,D,6.0,6.0,False,True
18,SANSHIMI,Juan Jesus,D,5.5,5.0,False,True
18,MIZI-MAIGO,Falcone,P,6.0,4.0,True,False
18,MIZI-MAIGO,Dimarco,D,7.0,9.0,True,False
18,MIZI-MAIGO,Bastoni,D,6.0,6.0,True,False
18,MIZI-MAIGO,Celik,D,6.5,6.5,True,False
18,MIZI-MAIGO,Spinazzola,D,6.5,6.5,True,False
18,MIZI-MAIGO,Pellegrini Lo.,C,,,False,False
18,MIZI-MAIGO,Pisilli,C,6.5,6.5,True,False
18,MIZI-MAIGO,Zaniolo,C,6.5,7.0,True,False
18,MIZI-MAIGO,Kilicsoy,A,5.0,5.0,True,False
18,MIZI-MAIGO,Scamacca,A,6.5,7.5,True,False
18,MIZI-MAIGO,Pellegrino M.,A,7.0,10.0,True,False
18,MIZI-MAIGO,Borrelli,A,5.5,5.5,False,True
18,MIZI-MAIGO,Lucca,A,,,False,True
18,MIZI-MAIGO,Buffon L.,A,,,False,True
18,MIZI-MAIGO,Zalewski,C,6.5,6.5,True,True
18,MIZI-MAIGO,Politano,C,6.0,6.0,False,True
18,MIZI-MAIGO,El Shaarawy,C,7.0,8.0,False,True
18,MIZI-MAIGO,Cristante,C,,,False,True
18,MIZI-MAIGO,Frattesi,C,,,False,True
18,MIZI-MAIGO,Acerbi,D,,,False,True
18,MIZI-MAIGO,Ranieri L.,D,,,False,True
18,MIZI-MAIGO,Pellegrini Lu.,D,5.5,5.5,False,True
18,MIZI-MAIGO,Floriani Mussolini,D,5.0,5.0,False,True
18,MIZI-MAIGO,Perin,P,,,False,True
18,MIZI-MAIGO,Di Gregorio,P,6.5,7.5,False,True
18,TEAM CHENFENGZI,Caprile,P,5.5,2.5,True,False
18,TEAM CHENFENGZI,Mancini,D,6.5,6.5,True,False
18,TEAM CHENFENGZI,Ostigard,D,7.5,9.5,True,False
18,TEAM CHENFENGZI,Hermoso,D,6.0,5.5,True,False
18,TEAM CHENFENGZI,Luis Henrique,C,5.5,5.5,True,False
18,TEAM CHENFENGZI,Lobotka,C,6.0,6.0,True,False
18,TEAM CHENFENGZI,Paz N.,C,6.5,6.0,True,False
18,TEAM CHENFENGZI,Ederson D.S.,C,6.5,6.5,True,False
18,TEAM CHENFENGZI,Malinovskyi,C,6.5,7.5,True,False
18,TEAM CHENFENGZI,Vardy,A,5.0,5.0,True,False
18,TEAM CHENFENGZI,Immobile,A,5.5,5.5,True,False
18,TEAM CHENFENGZI,Mkhitaryan,C,6.5,6.5,False,True
18,TEAM CHENFENGZI,Meister,A,7.0,10.0,False,True
18,TEAM CHENFENGZI,Israel,P,,,False,True
18,TEAM CHENFENGZI,Ricci S.,C,6.0,6.0,False,True
18,TEAM CHENFENGZI,Ghilardi,D,6.0,6.0,False,True
18,TEAM CHENFENGZI,Kelly L.,D,6.5,6.5,False,True
18,TEAM CHENFENGZI,Esposito F.P.,A,,,False,True
18,TEAM CHENFENGZI,Nzola,A,,,False,True
18,TEAM CHENFENGZI,Ceccherini,D,,,False,True
18,TEAM CHENFENGZI,Angelino,D,,,False,True
18,TEAM CHENFENGZI,Bernardeschi,C,,,False,True
18,TEAM SITH,Svilar,P,6.5,7.5,True,False
18,TEAM SITH,Romagnoli,D,6.0,6.0,True,False
18,TEAM SITH,Martin,D,7.0,8.0,True,False
18,TEAM SITH,Gallo,D,6.0,6.0,True,False
18,TEAM SITH,Coco,D,5.5,5.5,True,False
18,TEAM SITH,Rabiot,C,5.5,5.0,True,False
18,TEAM SITH,McTominay,C,7.5,13.5,True,False
18,TEAM SITH,Thuram K.,C,7.0,8.0,True,False
18,TEAM SITH,Locatelli,C,6.5,6.5,True,False
18,TEAM SITH,Soulè,A,7.5,11.5,True,False
18,TEAM SITH,Colombo,A,7.0,10.0,True,False
18,TEAM SITH,Vasquez D.,P,,,False,True
18,TEAM SITH,Gollini,P,,,False,True
18,TEAM SITH,Di Lorenzo,D,6.5,6.5,False,True
18,TEAM SITH,Buongiorno,D,,,False,True
18,TEAM SITH,Bellanova,D,,,False,True
18,TEAM SITH,Gatti,D,,,False,True
18,TEAM SITH,Frendrup,C,7.0,9.5,False,True
18,TEAM SITH,Isaksen,C,6.0,6.0,False,True
18,TEAM SITH,Koopmeiners,C,6.0,6.0,False,True
18,TEAM SITH,Loftus-Cheek,C,5.5,5.5,False,True
18,TEAM SITH,Pinamonti,A,5.5,5.5,False,True
18,TEAM SITH,Ngonge,A,5.5,5.5,False,True
18,TEAM SITH,Lookman,A,,,False,True
18,TEAM SITH,Dia,A,,,False,True
18,MARIO GO,Maignan,P,6.5,5.5,True,False
18,MARIO GO,Valeri,D,6.0,6.0,True,False
18,MARIO GO,Vasquez,D,6.5,6.5,True,False
18,MARIO GO,Maripan,D,6.5,6.5,True,False
18,MARIO GO,Zappacosta,D,6.0,6.0,True,False
18,MARIO GO,Orsolini,C,,,False,False
18,MARIO GO,Gaetano,C,5.5,5.5,True,False
18,MARIO GO,Barella,C,5.5,5.5,True,False
18,MARIO GO,Vlasic,C,5.5,5.5,True,False
18,MARIO GO,Esposito Se.,A,6.5,6.5,True,False
18,MARIO GO,Giovane,A,6.0,6.0,True,False
18,MARIO GO,Terracciano,P,,,False,True
18,MARIO GO,Torriani,P,,,False,True
18,MARIO GO,Miranda J.,D,6.5,6.5,False,True
18,MARIO GO,Lucumì,D,5.5,5.5,False,True
18,MARIO GO,Rensch,D,,,False,True
18,MARIO GO,Dumfries,D,,,False,True
18,MARIO GO,Da Cunha,C,5.5,5.0,True,True
18,MARIO GO,Vazquez,C,5.5,5.5,False,True
18,MARIO GO,Mandragora,C,6.0,6.0,False,True
18,MARIO GO,Fazzini,C,,,False,True
18,MARIO GO,Laurientè,A,6.0,6.0,False,True
18,MARIO GO,Dovbyk,A,,,False,True
18,MARIO GO,Dzeko,A,,,False,True
18,MARIO GO,Cambiaghi,A,6.0,7.0,False,True
18,X-17,Provedel,P,6.5,7.5,True,False
18,X-17,Cambiaso,D,6.0,6.0,True,False
18,X-17,Gabbia,D,6.0,6.0,True,False
18,X-17,Scalvini,D,6.5,6.5,True,False
18,X-17,Ziolkowski,D,,,False,False
18,X-17,Saelemaekers,C,6.5,6.5,True,False
18,X-17,Modric,C,,,False,False
18,X-17,Calhanoglu,C,6.5,8.5,True,False
18,X-17,Yildiz,A,7.0,7.0,True,False
18,X-17,Dybala,A,6.5,6.5,True,False
18,X-17,Rodriguez Je.,A,7.0,8.5,True,False
18,X-17,Mandas,P,,,False,True
18,X-17,Furlanetto,P,,,False,True
18,X-17,Kempf,D,6.0,6.0,True,True
18,X-17,Lazaro,D,5.5,5.5,False,True
18,X-17,Bianchetti,D,4.5,4.5,False,True
18,X-17,Doig,D,5.5,5.5,False,True
18,X-17,De Bruyne,C,,,False,True
18,X-17,Conceicao,C,,,False,True
18,X-17,Volpato,C,,,False,True
18,X-17,Bailey,C,,,False,True
18,X-17,Baldanzi,C,,,False,True
18,X-17,Castro S.,A,6.5,7.0,False,True
18,X-17,Dallinga,A,,,False,True
18,X-17,Vlahovic,A,,,False,True
18,TEAM BRAUNA,Milinkovic-Savic V.,P,6.0,4.0,True,False
18,TEAM BRAUNA,Bartesaghi,D,5.0,5.0,True,False
18,TEAM BRAUNA,Tomori,D,,,False,False
18,TEAM BRAUNA,Gila,D,6.5,7.5,True,False
18,TEAM BRAUNA,Palestra,D,5.5,5.5,True,False
18,TEAM BRAUNA,Zielinski,C,6.5,6.5,True,False
18,TEAM BRAUNA,McKennie,C,7.5,10.5,True,False
18,TEAM BRAUNA,Basic,C,,,False,False
18,TEAM BRAUNA,Leao,A,5.5,5.5,True,False
18,TEAM BRAUNA,Fullkrug,A,6.0,6.0,True,False
18,TEAM BRAUNA,Davis K.,A,6.5,8.5,True,False
18,TEAM BRAUNA,Meret,P,,,False,True
18,TEAM BRAUNA,Semper,P,,,False,True
18,TEAM BRAUNA,Tiago Gabriel,D,5.0,3.0,True,True
18,TEAM BRAUNA,Holm,D,,,False,True
18,TEAM BRAUNA,Norton-Cuffy,D,6.0,6.0,False,True
18,TEAM BRAUNA,Belghali,D,,,False,True
18,TEAM BRAUNA,Neres,C,,,False,True
18,TEAM BRAUNA,Konè I.,C,6.5,6.5,True,True
18,TEAM BRAUNA,Fofana Y.,C,6.5,7.0,False,True
18,TEAM BRAUNA,Serdar,C,5.5,5.5,False,True
18,TEAM BRAUNA,Berisha M.,C,,,False,True
18,TEAM BRAUNA,Addai,A,,,False,True
18,TEAM BRAUNA,Vitinha O.,A,6.5,6.5,False,True
18,TEAM BRAUNA,Noslin,A,5.0,5.0,False,True
19,BALZARETTI42,De Gea,P,6.0,5.0,True,False
19,BALZARETTI42,Gosens,D,6.0,6.0,True,False
19,BALZARETTI42,Hien,D,6.0,6.0,True,False
19,BALZARETTI42,Ramon,D,7.0,7.0,True,False
19,BALZARETTI42,Caqueret,C,6.5,7.0,True,False
19,BALZARETTI42,De Roon,C,5.5,5.5,True,False
19,BALZARETTI42,Ellertsson,C,6.0,6.0,True,False
19,BALZARETTI42,Perrone,C,6.5,6.5,True,False
19,BALZARETTI42,Gudmundsson A.,C,6.5,7.5,True,False
19,BALZARETTI42,Kean,A,,,False,False
19,BALZARETTI42,De Ketelaere,A,5.5,5.5,True,False
19,BALZARETTI42,Diego Carlos,D,6.5,6.5,False,True
19,BALZARETTI42,Valle,D,7.0,7.5,False,True
19,BALZARETTI42,Dodò,D,7.0,7.0,False,True
19,BALZARETTI42,Kossounou,D,,,False,True
19,BALZARETTI42,Beukema,D,6.0,6.0,False,True
19,BALZARETTI42,Lang,A,5.5,5.5,True,True
19,BALZARETTI42,Cancellieri,A,5.0,5.0,False,True
19,BALZARETTI42,Diao,A,,,False,True
19,BALZARETTI42,Lukaku,A,,,False,True
19,BALZARETTI42,Martinelli T.,P,,,False,True
19,BALZARETTI42,Lezzerini,P,,,False,True
19,BALZARETTI42,Pobega,C,5.5,5.5,False,True
19,BALZARETTI42,Cataldi,C,5.5,5.0,False,True
19,BALZARETTI42,Tourè I.,C,6.5,6.5,False,True
19,MARIO GO,Maignan,P,6.0,7.0,True,False
19,MARIO GO,Valeri,D,6.5,6.5,True,False
19,MARIO GO,Vasquez,D,6.5,6.5,True,False
19,MARIO GO,Miranda J.,D,5.5,5.0,True,False
19,MARIO GO,Zappacosta,D,6.0,6.0,True,False
19,MARIO GO,Orsolini,C,5.5,5.5,True,False
19,MARIO GO,Da Cunha,C,6.5,6.5,True,False
19,MARIO GO,Barella,C,5.5,5.5,True,False
19,MARIO GO,Mandragora,C,7.0,10.0,True,False
19,MARIO GO,Laurientè,A,6.5,6.5,True,False
19,MARIO GO,Giovane,A,6.5,6.5,True,False
19,MARIO GO,Terracciano,P,,,False,True
19,MARIO GO,Torriani,P,,,False,True
19,MARIO GO,Maripan,D,,,False,True
19,MARIO GO,Lucumì,D,,,False,True
19,MARIO GO,Rensch,D,6.0,7.0,False,True
19,MARIO GO,Dumfries,D,,,False,True
19,MARIO GO,Vlasic,C,5.0,4.5,False,True
19,MARIO GO,Vazquez,C,,,False,True
19,MARIO GO,Gaetano,C,6.5,7.5,False,True
19,MARIO GO,Fazzini,C,,,False,True
19,MARIO GO,Dovbyk,A,,,False,True
19,MARIO GO,Dzeko,A,,,False,True
19,MARIO GO,Cambiaghi,A,5.5,5.5,False,True
19,MARIO GO,Esposito Se.,A,5.5,5.5,False,True
19,TEAM SITH,Svilar,P,6.0,7.0,True,False
19,TEAM SITH,Buongiorno,D,6.0,6.0,True,False
19,TEAM SITH,Martin,D,6.0,6.0,True,False
19,TEAM SITH,Di Lorenzo,D,6.5,6.5,True,False
19,TEAM SITH,Coco,D,5.0,5.0,True,False
19,TEAM SITH,Locatelli,C,6.0,6.0,True,False
19,TEAM SITH,Rabiot,C,6.5,6.5,True,False
19,TEAM SITH,McTominay,C,6.0,6.0,True,False
19,TEAM SITH,Frendrup,C,6.5,6.5,True,False
19,TEAM SITH,Soulè,A,6.0,6.0,True,False
19,TEAM SITH,Colombo,A,6.0,6.0,True,False
19,TEAM SITH,Vasquez D.,P,,,False,True
19,TEAM SITH,Gollini,P,,,False,True
19,TEAM SITH,Romagnoli,D,5.0,4.5,False,True
19,TEAM SITH,Gallo,D,6.0,6.0,False,True
19,TEAM SITH,Gatti,D,,,False,True
19,TEAM SITH,Bellanova,D,,,False,True
19,TEAM SITH,Thuram K.,C,,,False,True
19,TEAM SITH,Loftus-Cheek,C,5.5,5.5,False,True
19,TEAM SITH,Isaksen,C,5.5,5.5,False,True
19,TEAM SITH,Koopmeiners,C,5.5,5.5,False,True
19,TEAM SITH,Pinamonti,A,5.5,5.5,False,True
19,TEAM SITH,Ngonge,A,6.0,6.0,False,True
19,TEAM SITH,Lookman,A,,,False,True
19,TEAM SITH,Dia,A,,,False,True
19,BOSS ROMAZDA,Carnesecchi,P,7.0,6.0,True,False
19,BOSS ROMAZDA,Carlos Augusto,D,6.0,5.5,True,False
19,BOSS ROMAZDA,Bisseck,D,6.0,6.0,True,False
19,BOSS ROMAZDA,Baschirotto,D,6.5,6.5,True,False
19,BOSS ROMAZDA,Delprato,D,6.0,6.0,True,False
19,BOSS ROMAZDA,Rowe,C,7.0,8.0,True,False
19,BOSS ROMAZDA,Pulisic,C,5.5,5.5,True,False
19,BOSS ROMAZDA,Zhegrova,C,5.5,5.5,True,False
19,BOSS ROMAZDA,Martinez L.,A,7.0,11.0,True,False
19,BOSS ROMAZDA,David,A,5.0,5.0,True,False
19,BOSS ROMAZDA,Hojlund,A,5.5,5.5,True,False
19,BOSS ROMAZDA,Orban G.,A,5.5,5.5,False,True
19,BOSS ROMAZDA,Simeone,A,,,False,True
19,BOSS ROMAZDA,Castellanos,A,,,False,True
19,BOSS ROMAZDA,Tramoni M.,C,6.0,6.0,False,True
19,BOSS ROMAZDA,Casadei,C,5.5,5.5,False,True
19,BOSS ROMAZDA,Thorstvedt,C,,,False,True
19,BOSS ROMAZDA,Folorunsho,C,,,False,True
19,BOSS ROMAZDA,Carboni V.,C,,,False,True
19,BOSS ROMAZDA,Heggem,D,5.0,5.0,False,True
19,BOSS ROMAZDA,Zanoli,D,6.0,6.0,False,True
19,BOSS ROMAZDA,Gutierrez,D,,,False,True
19,BOSS ROMAZDA,Olivera,D,,,False,True
19,BOSS ROMAZDA,Leali,P,6.0,7.0,False,True
19,BOSS ROMAZDA,Ravaglia F.,P,6.0,4.0,False,True
19,SANSHIMI,Butez,P,6.5,7.5,True,False
19,SANSHIMI,Idrissi R.,D,6.0,6.0,True,False
19,SANSHIMI,Pavlovic,D,,,False,False
19,SANSHIMI,Bremer,D,6.0,6.0,True,False
19,SANSHIMI,Akanji,D,6.5,6.5,True,False
19,SANSHIMI,Sucic P.,C,,,False,False
19,SANSHIMI,Bernabè,C,6.0,6.0,True,False
19,SANSHIMI,Pasalic,C,5.5,5.0,True,False
19,SANSHIMI,Zaccagni,C,5.0,4.5,True,False
19,SANSHIMI,Thuram,A,,,False,False
19,SANSHIMI,Krstovic,A,7.0,9.0,True,False
19,SANSHIMI,Odgaard,C,5.0,5.0,True,True
19,SANSHIMI,Atta,C,5.5,5.5,False,True
19,SANSHIMI,Zerbin,C,,,False,True
19,SANSHIMI,Venturino,C,,,False,True
19,SANSHIMI,Bonny,A,6.0,6.0,True,True
19,SANSHIMI,Douvikas,A,,,False,True
19,SANSHIMI,Sulemana K.,A,6.0,6.0,False,True
19,SANSHIMI,Camarda,A,,,False,True
19,SANSHIMI,Suzuki,P,,,False,True
19,SANSHIMI,Sava,P,,,False,True
19,SANSHIMI,Rrahmani,D,6.5,6.5,True,True
19,SANSHIMI,Juan Jesus,D,6.5,6.5,False,True
19,SANSHIMI,Estupinan,D,6.0,6.0,False,True
19,SANSHIMI,Djimsiti,D,,,False,True
19,TEAM CHENFENGZI,Caprile,P,7.0,8.0,True,False
19,TEAM CHENFENGZI,Mancini,D,7.0,6.5,True,False
19,TEAM CHENFENGZI,N'Dicka,D,7.0,7.0,True,False
19,TEAM CHENFENGZI,Hermoso,D,6.0,6.0,True,False
19,TEAM CHENFENGZI,Luis Henrique,C,6.0,6.0,True,False
19,TEAM CHENFENGZI,Lobotka,C,7.0,11.0,True,False
19,TEAM CHENFENGZI,Paz N.,C,7.5,9.5,True,False
19,TEAM CHENFENGZI,Ederson D.S.,C,6.5,6.5,True,False
19,TEAM CHENFENGZI,Malinovskyi,C,5.5,5.5,True,False
19,TEAM CHENFENGZI,Vardy,A,5.5,5.0,True,False
19,TEAM CHENFENGZI,Immobile,A,,,False,False
19,TEAM CHENFENGZI,Mkhitaryan,C,6.0,6.0,False,True
19,TEAM CHENFENGZI,Meister,A,5.5,5.5,True,True
19,TEAM CHENFENGZI,Ostigard,D,6.5,6.0,False,True
19,TEAM CHENFENGZI,Ricci S.,C,6.0,6.0,False,True
19,TEAM CHENFENGZI,Kelly L.,D,6.0,6.0,False,True
19,TEAM CHENFENGZI,Ghilardi,D,6.0,6.0,False,True
19,TEAM CHENFENGZI,Esposito F.P.,A,6.5,7.5,False,True
19,TEAM CHENFENGZI,Israel,P,,,False,True
19,TEAM CHENFENGZI,Nzola,A,,,False,True
19,TEAM CHENFENGZI,Ceccherini,D,6.0,6.0,False,True
19,TEAM CHENFENGZI,Angelino,D,,,False,True
19,X-17,Provedel,P,7.0,6.0,True,False
19,X-17,Cambiaso,D,5.5,5.5,True,False
19,X-17,Gabbia,D,6.5,6.5,True,False
19,X-17,Scalvini,D,6.0,5.5,True,False
19,X-17,Ziolkowski,D,,,False,False
19,X-17,Saelemaekers,C,7.0,8.0,True,False
19,X-17,Modric,C,,,False,False
19,X-17,Bailey,C,,,False,False
19,X-17,Yildiz,A,6.5,6.0,True,False
19,X-17,Dybala,A,7.5,11.5,True,False
19,X-17,Rodriguez Je.,A,6.0,6.0,True,False
19,X-17,Mandas,P,,,False,True
19,X-17,Furlanetto,P,,,False,True
19,X-17,Bianchetti,D,6.0,6.0,True,True
19,X-17,Lazaro,D,5.0,5.0,False,True
19,X-17,Kempf,D,,,False,True
19,X-17,Doig,D,6.0,6.0,False,True
19,X-17,Calhanoglu,C,,,False,True
19,X-17,Conceicao,C,,,False,True
19,X-17,De Bruyne,C,,,False,True
19,X-17,Volpato,C,,,False,True
19,X-17,Baldanzi,C,,,False,True
19,X-17,Castro S.,A,5.5,5.5,False,True
19,X-17,Dallinga,A,,,False,True
19,X-17,Vlahovic,A,,,False,True
19,MIZI-MAIGO,Falcone,P,7.0,6.0,True,False
19,MIZI-MAIGO,Dimarco,D,6.5,6.5,True,False
19,MIZI-MAIGO,Bastoni,D,,,False,False
19,MIZI-MAIGO,Celik,D,,,False,False
19,MIZI-MAIGO,Spinazzola,D,6.5,6.5,True,False
19,MIZI-MAIGO,Pellegrini Lo.,C,5.5,5.5,True,False
19,MIZI-MAIGO,Cristante,C,6.5,6.5,True,False
19,MIZI-MAIGO,Zalewski,C,6.0,6.0,True,False
19,MIZI-MAIGO,Kilicsoy,A,6.0,6.0,True,False
19,MIZI-MAIGO,Scamacca,A,5.0,5.0,True,False
19,MIZI-MAIGO,Pellegrino M.,A,5.5,5.5,True,False
19,MIZI-MAIGO,Lucca,A,,,False,True
19,MIZI-MAIGO,Borrelli,A,6.0,6.0,False,True
19,MIZI-MAIGO,Buffon L.,A,,,False,True
19,MIZI-MAIGO,El Shaarawy,C,,,False,True
19,MIZI-MAIGO,Pisilli,C,6.0,6.0,False,True
19,MIZI-MAIGO,Politano,C,5.5,5.5,False,True
19,MIZI-MAIGO,Frattesi,C,,,False,True
19,MIZI-MAIGO,Zaniolo,C,,,False,True
19,MIZI-MAIGO,Acerbi,D,,,False,True
19,MIZI-MAIGO,Ranieri L.,D,,,False,True
19,MIZI-MAIGO,Pellegrini Lu.,D,5.0,4.5,True,True
19,MIZI-MAIGO,Floriani Mussolini,D,,,False,True
19,MIZI-MAIGO,Perin,P,6.0,5.0,False,True
19,MIZI-MAIGO,Di Gregorio,P,,,False,True
19,XIAO SHI,Sommer,P,6.0,7.0,True,False
19,XIAO SHI,Terracciano F.,D,6.0,6.0,True,False
19,XIAO SHI,Vojvoda,D,6.0,6.0,True,False
19,XIAO SHI,Kalulu,D,5.5,5.5,True,False
19,XIAO SHI,Wesley,D,6.5,6.5,True,False
19,XIAO SHI,Marusic,D,4.5,4.5,True,False
19,XIAO SHI,Vandeputte,C,6.0,5.5,True,False
19,XIAO SHI,Konè M.,C,6.5,6.5,True,False
19,XIAO SHI,Zambo Anguissa,C,,,False,False
19,XIAO SHI,Nkunku,A,,,False,False
19,XIAO SHI,Bonazzoli,A,5.0,4.5,True,False
19,XIAO SHI,Openda,A,5.5,5.5,True,True
19,XIAO SHI,Adams C.,A,5.5,5.5,False,True
19,XIAO SHI,Ferguson E.,A,,,False,True
19,XIAO SHI,Morata,A,,,False,True
19,XIAO SHI,Ferguson,C,6.0,5.5,True,True
19,XIAO SHI,Matic,C,5.5,5.5,False,True
19,XIAO SHI,El Aynaoui,C,,,False,True
19,XIAO SHI,Rovella,C,5.5,5.5,False,True
19,XIAO SHI,Guendouzi,C,,,False,True
19,XIAO SHI,Solet,D,6.0,6.0,False,True
19,XIAO SHI,Mina,D,7.0,7.0,False,True
19,XIAO SHI,Muharemovic,D,6.0,6.0,False,True
19,XIAO SHI,Martinez Jo.,P,,,False,True
19,XIAO SHI,Muric,P,6.0,5.0,False,True
19,TEAM BRAUNA,Milinkovic-Savic V.,P,6.5,7.5,True,False
19,TEAM BRAUNA,Bartesaghi,D,,,False,False
19,TEAM BRAUNA,Tomori,D,6.0,6.0,True,False
19,TEAM BRAUNA,Gila,D,5.0,5.0,True,False
19,TEAM BRAUNA,Palestra,D,6.5,6.5,True,False
19,TEAM BRAUNA,Zielinski,C,6.5,6.5,True,False
19,TEAM BRAUNA,McKennie,C,5.0,5.0,True,False
19,TEAM BRAUNA,Fofana Y.,C,,,False,False
19,TEAM BRAUNA,Leao,A,6.0,6.0,True,False
19,TEAM BRAUNA,Fullkrug,A,7.0,11.0,True,False
19,TEAM BRAUNA,Davis K.,A,5.5,5.5,True,False
19,TEAM BRAUNA,Semper,P,,,False,True
19,TEAM BRAUNA,Meret,P,,,False,True
19,TEAM BRAUNA,Holm,D,5.5,5.0,True,True
19,TEAM BRAUNA,Norton-Cuffy,D,,,False,True
19,TEAM BRAUNA,Belghali,D,,,False,True
19,TEAM BRAUNA,Tiago Gabriel,D,6.5,6.5,False,True
19,TEAM BRAUNA,Serdar,C,6.0,6.0,True,True
19,TEAM BRAUNA,Neres,C,,,False,True
19,TEAM BRAUNA,Basic,C,,,False,True
19,TEAM BRAUNA,Konè I.,C,,,False,True
19,TEAM BRAUNA,Berisha M.,C,,,False,True
19,TEAM BRAUNA,Noslin,A,5.5,5.5,False,True
19,TEAM BRAUNA,Vitinha O.,A,5.5,5.0,False,True
19,TEAM BRAUNA,Addai,A,,,False,True
20,BOSS ROMAZDA,Carnesecchi,P,7.0,8.0,True,False
20,BOSS ROMAZDA,Carlos Augusto,D,6.0,6.0,True,False
20,BOSS ROMAZDA,Bisseck,D,6.5,7.5,True,False
20,BOSS ROMAZDA,Baschirotto,D,6.0,6.0,True,False
20,BOSS ROMAZDA,Zanoli,D,7.0,10.0,True,False
20,BOSS ROMAZDA,Rowe,C,6.5,6.5,True,False
20,BOSS ROMAZDA,Thorstvedt,C,6.0,6.0,True,False
20,BOSS ROMAZDA,Pulisic,C,5.5,5.5,True,False
20,BOSS ROMAZDA,David,A,7.0,10.0,True,False
20,BOSS ROMAZDA,Martinez L.,A,7.0,8.5,True,False
20,BOSS ROMAZDA,Hojlund,A,5.0,5.0,True,False
20,BOSS ROMAZDA,Orban G.,A,7.0,9.0,False,True
20,BOSS ROMAZDA,Simeone,A,,,False,True
20,BOSS ROMAZDA,Castellanos,A,,,False,True
20,BOSS ROMAZDA,Zhegrova,C,,,False,True
20,BOSS ROMAZDA,Casadei,C,4.5,4.5,False,True
20,BOSS ROMAZDA,Tramoni M.,C,6.0,7.0,False,True
20,BOSS ROMAZDA,Folorunsho,C,,,False,True
20,BOSS ROMAZDA,Carboni V.,C,,,False,True
20,BOSS ROMAZDA,Delprato,D,5.0,5.0,False,True
20,BOSS ROMAZDA,Heggem,D,5.0,5.0,False,True
20,BOSS ROMAZDA,Gutierrez,D,6.0,6.0,False,True
20,BOSS ROMAZDA,Olivera,D,,,False,True
20,BOSS ROMAZDA,Ravaglia F.,P,5.5,2.0,False,True
20,BOSS ROMAZDA,Leali,P,,,False,True
20,BALZARETTI42,De Gea,P,6.0,4.0,True,False
20,BALZARETTI42,Valle,D,6.5,7.0,True,False
20,BALZARETTI42,Hien,D,6.0,6.0,True,False
20,BALZARETTI42,Ramon,D,6.5,6.5,True,False
20,BALZARETTI42,Dodò,D,6.5,7.5,True,False
20,BALZARETTI42,Gudmundsson A.,C,6.0,6.0,True,False
20,BALZARETTI42,De Roon,C,7.0,9.0,True,False
20,BALZARETTI42,Cataldi,C,,,False,False
20,BALZARETTI42,Perrone,C,6.5,6.5,True,False
20,BALZARETTI42,De Ketelaere,A,7.5,8.5,True,False
20,BALZARETTI42,Cancellieri,A,5.0,5.0,True,False
20,BALZARETTI42,Diego Carlos,D,,,False,True
20,BALZARETTI42,Gosens,D,5.0,5.0,False,True
20,BALZARETTI42,Kossounou,D,,,False,True
20,BALZARETTI42,Beukema,D,6.0,6.0,False,True
20,BALZARETTI42,Kean,A,,,False,True
20,BALZARETTI42,Lang,A,,,False,True
20,BALZARETTI42,Diao,A,,,False,True
20,BALZARETTI42,Lukaku,A,,,False,True
20,BALZARETTI42,Martinelli T.,P,,,False,True
20,BALZARETTI42,Lezzerini,P,,,False,True
20,BALZARETTI42,Caqueret,C,7.5,10.0,True,True
20,BALZARETTI42,Ellertsson,C,6.0,6.0,False,True
20,BALZARETTI42,Tourè I.,C,5.0,5.0,False,True
20,BALZARETTI42,Pobega,C,,,False,True
20,MIZI-MAIGO,Falcone,P,6.5,7.5,True,False
20,MIZI-MAIGO,Dimarco,D,8.0,12.5,True,False
20,MIZI-MAIGO,Bastoni,D,6.5,7.5,True,False
20,MIZI-MAIGO,Celik,D,7.0,7.0,True,False
20,MIZI-MAIGO,Spinazzola,D,5.0,5.0,True,False
20,MIZI-MAIGO,Pellegrini Lo.,C,7.0,10.0,True,False
20,MIZI-MAIGO,Cristante,C,6.0,6.0,True,False
20,MIZI-MAIGO,Zalewski,C,6.5,6.5,True,False
20,MIZI-MAIGO,Kilicsoy,A,7.0,9.0,True,False
20,MIZI-MAIGO,Scamacca,A,7.0,9.5,True,False
20,MIZI-MAIGO,Pellegrino M.,A,5.0,5.0,True,False
20,MIZI-MAIGO,Lucca,A,,,False,True
20,MIZI-MAIGO,Borrelli,A,6.0,6.0,False,True
20,MIZI-MAIGO,Buffon L.,A,,,False,True
20,MIZI-MAIGO,Pisilli,C,6.0,6.0,False,True
20,MIZI-MAIGO,El Shaarawy,C,,,False,True
20,MIZI-MAIGO,Politano,C,,,False,True
20,MIZI-MAIGO,Frattesi,C,,,False,True
20,MIZI-MAIGO,Zaniolo,C,,,False,True
20,MIZI-MAIGO,Acerbi,D,,,False,True
20,MIZI-MAIGO,Ranieri L.,D,,,False,True
20,MIZI-MAIGO,Pellegrini Lu.,D,6.0,6.0,False,True
20,MIZI-MAIGO,Floriani Mussolini,D,6.0,6.0,False,True
20,MIZI-MAIGO,Perin,P,,,False,True
20,MIZI-MAIGO,Di Gregorio,P,6.0,7.0,False,True
20,XIAO SHI,Sommer,P,4.5,2.5,True,False
20,XIAO SHI,Muharemovic,D,6.5,6.5,True,False
20,XIAO SHI,Solet,D,6.5,6.5,True,False
20,XIAO SHI,Kalulu,D,6.5,6.5,True,False
20,XIAO SHI,Wesley,D,5.5,5.5,True,False
20,XIAO SHI,Mina,D,7.0,6.5,True,False
20,XIAO SHI,Vandeputte,C,6.0,6.0,True,False
20,XIAO SHI,Konè M.,C,6.0,6.0,True,False
20,XIAO SHI,Zambo Anguissa,C,,,False,False
20,XIAO SHI,Adams C.,A,5.0,5.0,True,False
20,XIAO SHI,Nkunku,A,5.5,5.5,True,False
20,XIAO SHI,Ferguson E.,A,,,False,True
20,XIAO SHI,Bonazzoli,A,5.0,5.0,False,True
20,XIAO SHI,Openda,A,,,False,True
20,XIAO SHI,Morata,A,,,False,True
20,XIAO SHI,Ferguson,C,7.0,9.0,True,True
20,XIAO SHI,Matic,C,6.0,6.0,False,True
20,XIAO SHI,El Aynaoui,C,,,False,True
20,XIAO SHI,Rovella,C,,,False,True
20,XIAO SHI,Guendouzi,C,,,False,True
20,XIAO SHI,Marusic,D,6.0,6.0,False,True
20,XIAO SHI,Terracciano F.,D,5.5,5.5,False,True
20,XIAO SHI,Vojvoda,D,6.5,6.5,False,True
20,XIAO SHI,Martinez Jo.,P,,,False,True
20,XIAO SHI,Muric,P,6.5,7.5,False,True
20,TEAM CHENFENGZI,Skorupski,P,5.0,5.0,True,False
20,TEAM CHENFENGZI,Mancini,D,6.5,6.5,True,False
20,TEAM CHENFENGZI,N'Dicka,D,5.5,5.5,True,False
20,TEAM CHENFENGZI,Kelly L.,D,6.5,6.5,True,False
20,TEAM CHENFENGZI,Luis Henrique,C,5.0,5.0,True,False
20,TEAM CHENFENGZI,Lobotka,C,5.5,5.5,True,False
20,TEAM CHENFENGZI,Paz N.,C,6.0,6.0,True,False
20,TEAM CHENFENGZI,Ederson D.S.,C,6.0,6.0,True,False
20,TEAM CHENFENGZI,Malinovskyi,C,7.0,8.5,True,False
20,TEAM CHENFENGZI,Vardy,A,5.5,5.5,True,False
20,TEAM CHENFENGZI,Berardi,A,6.0,6.0,True,False
20,TEAM CHENFENGZI,Mkhitaryan,C,7.0,9.0,False,True
20,TEAM CHENFENGZI,Meister,A,6.0,6.0,False,True
20,TEAM CHENFENGZI,Immobile,A,5.5,5.0,False,True
20,TEAM CHENFENGZI,Ghilardi,D,6.5,6.5,False,True
20,TEAM CHENFENGZI,Esposito F.P.,A,7.0,10.0,False,True
20,TEAM CHENFENGZI,Israel,P,,,False,True
20,TEAM CHENFENGZI,Nzola,A,,,False,True
20,TEAM CHENFENGZI,Ceccherini,D,,,False,True
20,TEAM CHENFENGZI,Angelino,D,,,False,True
20,X-17,Provedel,P,6.5,7.5,True,False
20,X-17,Cambiaso,D,6.0,6.0,True,False
20,X-17,Gabbia,D,6.0,6.0,True,False
20,X-17,Scalvini,D,6.5,6.5,True,False
20,X-17,Doig,D,6.0,6.0,True,False
20,X-17,Saelemaekers,C,5.5,5.5,True,False
20,X-17,Modric,C,7.0,7.5,True,False
20,X-17,Conceicao,C,6.0,6.0,True,False
20,X-17,Yildiz,A,7.0,8.5,True,False
20,X-17,Dybala,A,6.0,6.0,True,False
20,X-17,Rodriguez Je.,A,6.0,6.0,True,False
20,X-17,Mandas,P,,,False,True
20,X-17,Furlanetto,P,,,False,True
20,X-17,Kempf,D,7.0,7.0,False,True
20,X-17,Bianchetti,D,5.5,5.5,False,True
20,X-17,Lazaro,D,4.5,4.5,False,True
20,X-17,Ziolkowski,D,,,False,True
20,X-17,Calhanoglu,C,,,False,True
20,X-17,De Bruyne,C,,,False,True
20,X-17,Baldanzi,C,,,False,True
20,X-17,Volpato,C,,,False,True
20,X-17,Bailey,C,,,False,True
20,X-17,Castro S.,A,,,False,True
20,X-17,Dallinga,A,5.5,5.5,False,True
20,X-17,Vlahovic,A,,,False,True
20,MARIO GO,Maignan,P,7.0,6.5,True,False
20,MARIO GO,Valeri,D,5.5,5.5,True,False
20,MARIO GO,Vasquez,D,6.0,6.0,True,False
20,MARIO GO,Zappacosta,D,6.0,6.0,True,False
20,MARIO GO,Orsolini,C,,,False,False
20,MARIO GO,Vlasic,C,4.5,4.5,True,False
20,MARIO GO,Barella,C,6.0,5.5,True,False
20,MARIO GO,Gaetano,C,6.0,6.0,True,False
20,MARIO GO,Mandragora,C,6.0,6.0,True,False
20,MARIO GO,Laurientè,A,6.5,7.0,True,False
20,MARIO GO,Cambiaghi,A,,,False,False
20,MARIO GO,Terracciano,P,,,False,True
20,MARIO GO,Torriani,P,,,False,True
20,MARIO GO,Rensch,D,,,False,True
20,MARIO GO,Maripan,D,4.5,4.5,False,True
20,MARIO GO,Miranda J.,D,,,False,True
20,MARIO GO,Lucumì,D,,,False,True
20,MARIO GO,Dumfries,D,,,False,True
20,MARIO GO,Da Cunha,C,7.5,10.5,True,True
20,MARIO GO,Vazquez,C,,,False,True
20,MARIO GO,Fazzini,C,,,False,True
20,MARIO GO,Dovbyk,A,,,False,True
20,MARIO GO,Dzeko,A,,,False,True
20,MARIO GO,Giovane,A,5.5,5.5,True,True
20,MARIO GO,Esposito Se.,A,7.0,8.0,False,True
20,SANSHIMI,Butez,P,6.0,7.0,True,False
20,SANSHIMI,Idrissi R.,D,,,False,False
20,SANSHIMI,Pavlovic,D,,,False,False
20,SANSHIMI,Bremer,D,7.0,7.0,True,False
20,SANSHIMI,Akanji,D,,,False,False
20,SANSHIMI,Odgaard,C,6.0,6.0,True,False
20,SANSHIMI,Bernabè,C,6.0,6.0,True,False
20,SANSHIMI,Atta,C,7.5,11.5,True,False
20,SANSHIMI,Zaccagni,C,5.5,5.5,True,False
20,SANSHIMI,Thuram,A,6.5,7.5,True,False
20,SANSHIMI,Douvikas,A,8.0,14.0,True,False
20,SANSHIMI,Sucic P.,C,6.0,6.0,False,True
20,SANSHIMI,Pasalic,C,6.0,6.0,False,True
20,SANSHIMI,Zerbin,C,5.5,5.5,False,True
20,SANSHIMI,Venturino,C,,,False,True
20,SANSHIMI,Bonny,A,7.0,9.0,False,True
20,SANSHIMI,Krstovic,A,7.5,11.5,False,True
20,SANSHIMI,Sulemana K.,A,,,False,True
20,SANSHIMI,Camarda,A,,,False,True
20,SANSHIMI,Suzuki,P,,,False,True
20,SANSHIMI,Sava,P,,,False,True
20,SANSHIMI,Rrahmani,D,,,False,True
20,SANSHIMI,Juan Jesus,D,4.5,4.0,True,True
20,SANSHIMI,Estupinan,D,,,False,True
20,SANSHIMI,Djimsiti,D,6.0,6.0,True,True
20,TEAM BRAUNA,Milinkovic-Savic V.,P,,,False,False
20,TEAM BRAUNA,Bartesaghi,D,5.5,5.5,True,False
20,TEAM BRAUNA,Holm,D,,,False,False
20,TEAM BRAUNA,Gila,D,6.5,6.5,True,False
20,TEAM BRAUNA,Palestra,D,7.5,12.5,True,False
20,TEAM BRAUNA,Zielinski,C,7.5,9.5,True,False
20,TEAM BRAUNA,Serdar,C,5.5,5.5,True,False
20,TEAM BRAUNA,McKennie,C,6.0,6.0,True,False
20,TEAM BRAUNA,Leao,A,5.0,5.0,True,False
20,TEAM BRAUNA,Fullkrug,A,6.0,6.0,True,False
20,TEAM BRAUNA,Davis K.,A,7.5,9.5,True,False
20,TEAM BRAUNA,Semper,P,,,False,True
20,TEAM BRAUNA,Meret,P,6.0,3.0,True,True
20,TEAM BRAUNA,Tiago Gabriel,D,6.5,6.0,True,True
20,TEAM BRAUNA,Tomori,D,6.5,6.5,False,True
20,TEAM BRAUNA,Norton-Cuffy,D,6.5,6.5,False,True
20,TEAM BRAUNA,Belghali,D,,,False,True
20,TEAM BRAUNA,Fofana Y.,C,,,False,True
20,TEAM BRAUNA,Basic,C,5.5,5.5,False,True
20,TEAM BRAUNA,Berisha M.,C,,,False,True
20,TEAM BRAUNA,Konè I.,C,6.5,6.5,False,True
20,TEAM BRAUNA,Neres,C,,,False,True
20,TEAM BRAUNA,Vitinha O.,A,6.0,6.0,False,True
20,TEAM BRAUNA,Noslin,A,,,False,True
20,TEAM BRAUNA,Addai,A,,,False,True
20,TEAM SITH,Svilar,P,6.0,5.0,True,False
20,TEAM SITH,Gallo,D,6.0,6.0,True,False
20,TEAM SITH,Martin,D,6.0,6.0,True,False
20,TEAM SITH,Di Lorenzo,D,5.5,5.5,True,False
20,TEAM SITH,Coco,D,4.0,4.0,True,False
20,TEAM SITH,Locatelli,C,7.0,8.0,True,False
20,TEAM SITH,Rabiot,C,6.5,6.0,True,False
20,TEAM SITH,McTominay,C,5.0,5.0,True,False
20,TEAM SITH,Frendrup,C,6.0,6.0,True,False
20,TEAM SITH,Lookman,A,,,False,False
20,TEAM SITH,Colombo,A,6.0,6.0,True,False
20,TEAM SITH,Vasquez D.,P,,,False,True
20,TEAM SITH,Gollini,P,,,False,True
20,TEAM SITH,Bellanova,D,,,False,True
20,TEAM SITH,Romagnoli,D,6.5,6.5,False,True
20,TEAM SITH,Buongiorno,D,6.0,6.0,False,True
20,TEAM SITH,Gatti,D,,,False,True
20,TEAM SITH,Isaksen,C,,,False,True
20,TEAM SITH,Thuram K.,C,7.0,8.0,False,True
20,TEAM SITH,Loftus-Cheek,C,,,False,True
20,TEAM SITH,Koopmeiners,C,,,False,True
20,TEAM SITH,Pinamonti,A,6.0,6.0,True,True
20,TEAM SITH,Soulè,A,5.5,5.5,False,True
20,TEAM SITH,Ngonge,A,5.0,5.0,False,True
20,TEAM SITH,Dia,A,5.0,5.0,False,True
21,BALZARETTI42,De Gea,P,6.0,4.0,True,False
21,BALZARETTI42,Valle,D,6.5,6.5,True,False
21,BALZARETTI42,Hien,D,,,False,False
21,BALZARETTI42,Ramon,D,6.5,6.5,True,False
21,BALZARETTI42,Gudmundsson A.,C,6.0,6.0,True,False
21,BALZARETTI42,De Roon,C,6.0,5.5,True,False
21,BALZARETTI42,Cataldi,C,7.0,10.0,True,False
21,BALZARETTI42,Perrone,C,6.0,5.5,True,False
21,BALZARETTI42,De Ketelaere,A,6.0,6.0,True,False
21,BALZARETTI42,Lukaku,A,,,False,False
21,BALZARETTI42,Cancellieri,A,6.0,6.0,True,False
21,BALZARETTI42,Diego Carlos,D,,,False,True
21,BALZARETTI42,Dodò,D,6.5,6.5,True,True
21,BALZARETTI42,Gosens,D,5.5,5.5,False,True
21,BALZARETTI42,Kossounou,D,,,False,True
21,BALZARETTI42,Beukema,D,,,False,True
21,BALZARETTI42,Kean,A,6.0,6.0,True,True
21,BALZARETTI42,Lang,A,,,False,True
21,BALZARETTI42,Diao,A,,,False,True
21,BALZARETTI42,Martinelli T.,P,,,False,True
21,BALZARETTI42,Lezzerini,P,,,False,True
21,BALZARETTI42,Caqueret,C,,,False,True
21,BALZARETTI42,Ellertsson,C,5.5,5.5,False,True
21,BALZARETTI42,Tourè I.,C,5.0,4.5,False,True
21,BALZARETTI42,Pobega,C,,,False,True
21,TEAM BRAUNA,Meret,P,7.0,7.0,True,False
21,TEAM BRAUNA,Bartesaghi,D,6.5,6.5,True,False
21,TEAM BRAUNA,Tomori,D,6.0,6.0,True,False
21,TEAM BRAUNA,Gila,D,6.0,6.0,True,False
21,TEAM BRAUNA,Palestra,D,7.0,7.0,True,False
21,TEAM BRAUNA,Zielinski,C,7.0,9.0,True,False
21,TEAM BRAUNA,Basic,C,6.0,6.0,True,False
21,TEAM BRAUNA,McKennie,C,7.5,10.0,True,False
21,TEAM BRAUNA,Leao,A,,,False,False
21,TEAM BRAUNA,Fullkrug,A,6.0,6.0,True,False
21,TEAM BRAUNA,Addai,A,5.5,5.0,True,False
21,TEAM BRAUNA,Milinkovic-Savic V.,P,,,False,True
21,TEAM BRAUNA,Semper,P,,,False,True
21,TEAM BRAUNA,Tiago Gabriel,D,6.0,5.5,False,True
21,TEAM BRAUNA,Norton-Cuffy,D,5.5,5.0,False,True
21,TEAM BRAUNA,Holm,D,,,False,True
21,TEAM BRAUNA,Belghali,D,,,False,True
21,TEAM BRAUNA,Konè I.,C,7.0,8.5,False,True
21,TEAM BRAUNA,Fofana Y.,C,6.5,6.5,False,True
21,TEAM BRAUNA,Serdar,C,5.5,5.5,False,True
21,TEAM BRAUNA,Berisha M.,C,,,False,True
21,TEAM BRAUNA,Neres,C,,,False,True
21,TEAM BRAUNA,Davis K.,A,6.0,5.5,True,True
21,TEAM BRAUNA,Vitinha O.,A,7.0,9.0,False,True
21,TEAM BRAUNA,Noslin,A,,,False,True
21,TEAM SITH,Svilar,P,6.0,5.0,True,False
21,TEAM SITH,Coco,D,6.5,6.5,True,False
21,TEAM SITH,Martin,D,4.5,4.5,True,False
21,TEAM SITH,Di Lorenzo,D,6.0,6.0,True,False
21,TEAM SITH,Buongiorno,D,6.0,5.5,True,False
21,TEAM SITH,Locatelli,C,6.5,6.5,True,False
21,TEAM SITH,Rabiot,C,7.5,11.5,True,False
21,TEAM SITH,McTominay,C,6.5,6.5,True,False
21,TEAM SITH,Thuram K.,C,6.5,6.5,True,False
21,TEAM SITH,Soulè,A,5.5,5.5,True,False
21,TEAM SITH,Colombo,A,5.5,5.5,True,False
21,TEAM SITH,Gallo,D,6.0,6.0,False,True
21,TEAM SITH,Bellanova,D,6.0,5.5,False,True
21,TEAM SITH,Gatti,D,6.0,6.0,False,True
21,TEAM SITH,Romagnoli,D,,,False,True
21,TEAM SITH,Gollini,P,,,False,True
21,TEAM SITH,Vasquez D.,P,,,False,True
21,TEAM SITH,Frendrup,C,6.5,6.5,False,True
21,TEAM SITH,Loftus-Cheek,C,7.0,10.0,False,True
21,TEAM SITH,Isaksen,C,7.0,9.0,False,True
21,TEAM SITH,Koopmeiners,C,,,False,True
21,TEAM SITH,Lookman,A,,,False,True
21,TEAM SITH,Pinamonti,A,6.0,6.0,False,True
21,TEAM SITH,Dia,A,,,False,True
21,TEAM SITH,Ngonge,A,,,False,True
21,MIZI-MAIGO,Falcone,P,7.5,6.5,True,False
21,MIZI-MAIGO,Dimarco,D,7.0,8.0,True,False
21,MIZI-MAIGO,Bastoni,D,6.5,6.5,True,False
21,MIZI-MAIGO,Celik,D,6.0,6.0,True,False
21,MIZI-MAIGO,Spinazzola,D,6.0,6.0,True,False
21,MIZI-MAIGO,Zalewski,C,5.5,5.5,True,False
21,MIZI-MAIGO,Pellegrini Lo.,C,5.5,5.0,True,False
21,MIZI-MAIGO,Cristante,C,6.0,6.0,True,False
21,MIZI-MAIGO,Kilicsoy,A,7.5,9.5,True,False
21,MIZI-MAIGO,Scamacca,A,,,False,False
21,MIZI-MAIGO,Pellegrino M.,A,5.0,5.0,True,False
21,MIZI-MAIGO,Borrelli,A,6.5,6.5,True,True
21,MIZI-MAIGO,Buffon L.,A,,,False,True
21,MIZI-MAIGO,Lucca,A,,,False,True
21,MIZI-MAIGO,Pisilli,C,,,False,True
21,MIZI-MAIGO,Frattesi,C,6.0,6.0,False,True
21,MIZI-MAIGO,Politano,C,,,False,True
21,MIZI-MAIGO,El Shaarawy,C,,,False,True
21,MIZI-MAIGO,Zaniolo,C,,,False,True
21,MIZI-MAIGO,Acerbi,D,,,False,True
21,MIZI-MAIGO,Ranieri L.,D,6.0,6.0,False,True
21,MIZI-MAIGO,Pellegrini Lu.,D,6.5,6.0,False,True
21,MIZI-MAIGO,Floriani Mussolini,D,6.0,6.0,False,True
21,MIZI-MAIGO,Perin,P,,,False,True
21,MIZI-MAIGO,Di Gregorio,P,6.5,5.5,False,True
21,SANSHIMI,Butez,P,6.0,6.5,True,False
21,SANSHIMI,Idrissi R.,D,6.5,8.5,True,False
21,SANSHIMI,Pavlovic,D,6.5,6.5,True,False
21,SANSHIMI,Bremer,D,8.0,12.5,True,False
21,SANSHIMI,Akanji,D,6.0,6.0,True,False
21,SANSHIMI,Odgaard,C,5.0,5.0,True,False
21,SANSHIMI,Bernabè,C,5.5,5.5,True,False
21,SANSHIMI,Atta,C,6.5,6.5,True,False
21,SANSHIMI,Zaccagni,C,,,False,False
21,SANSHIMI,Thuram,A,6.0,6.0,True,False
21,SANSHIMI,Douvikas,A,5.5,5.5,True,False
21,SANSHIMI,Sucic P.,C,6.5,6.5,True,True
21,SANSHIMI,Pasalic,C,,,False,True
21,SANSHIMI,Zerbin,C,5.5,5.5,False,True
21,SANSHIMI,Venturino,C,5.5,5.5,False,True
21,SANSHIMI,Bonny,A,6.0,6.0,False,True
21,SANSHIMI,Krstovic,A,6.0,5.5,False,True
21,SANSHIMI,Sulemana K.,A,6.0,6.0,False,True
21,SANSHIMI,Camarda,A,,,False,True
21,SANSHIMI,Suzuki,P,,,False,True
21,SANSHIMI,Sava,P,,,False,True
21,SANSHIMI,Rrahmani,D,,,False,True
21,SANSHIMI,Juan Jesus,D,6.0,6.0,False,True
21,SANSHIMI,Estupinan,D,,,False,True
21,SANSHIMI,Djimsiti,D,6.5,6.5,False,True
21,BOSS ROMAZDA,Carnesecchi,P,8.5,12.5,True,False
21,BOSS ROMAZDA,Carlos Augusto,D,,,False,False
21,BOSS ROMAZDA,Gutierrez,D,7.0,10.0,True,False
21,BOSS ROMAZDA,Bisseck,D,6.0,6.0,True,False
21,BOSS ROMAZDA,Rowe,C,5.5,5.5,True,False
21,BOSS ROMAZDA,Thorstvedt,C,6.5,6.5,True,False
21,BOSS ROMAZDA,Pulisic,C,,,False,False
21,BOSS ROMAZDA,Zhegrova,C,,,False,False
21,BOSS ROMAZDA,David,A,7.0,9.5,True,False
21,BOSS ROMAZDA,Martinez L.,A,7.0,11.0,True,False
21,BOSS ROMAZDA,Hojlund,A,6.0,6.0,True,False
21,BOSS ROMAZDA,Orban G.,A,5.0,5.0,False,True
21,BOSS ROMAZDA,Simeone,A,,,False,True
21,BOSS ROMAZDA,Castellanos,A,,,False,True
21,BOSS ROMAZDA,Tramoni M.,C,5.0,4.5,True,True
21,BOSS ROMAZDA,Casadei,C,6.5,6.5,True,True
21,BOSS ROMAZDA,Folorunsho,C,,,False,True
21,BOSS ROMAZDA,Carboni V.,C,,,False,True
21,BOSS ROMAZDA,Delprato,D,5.5,5.5,True,True
21,BOSS ROMAZDA,Olivera,D,5.5,5.5,False,True
21,BOSS ROMAZDA,Baschirotto,D,5.5,5.0,False,True
21,BOSS ROMAZDA,Heggem,D,4.5,4.5,False,True
21,BOSS ROMAZDA,Zanoli,D,,,False,True
21,BOSS ROMAZDA,Ravaglia F.,P,6.0,2.5,False,True
21,BOSS ROMAZDA,Leali,P,,,False,True
21,MARIO GO,Maignan,P,6.0,7.0,True,False
21,MARIO GO,Valeri,D,5.5,5.5,True,False
21,MARIO GO,Vasquez,D,6.5,6.5,True,False
21,MARIO GO,Maripan,D,6.0,6.0,True,False
21,MARIO GO,Zappacosta,D,6.0,6.0,True,False
21,MARIO GO,Orsolini,C,5.5,5.5,True,False
21,MARIO GO,Vlasic,C,7.0,7.5,True,False
21,MARIO GO,Gaetano,C,6.5,6.5,True,False
21,MARIO GO,Mandragora,C,6.0,6.0,True,False
21,MARIO GO,Laurientè,A,6.0,6.0,True,False
21,MARIO GO,Esposito Se.,A,7.0,8.0,True,False
21,MARIO GO,Terracciano,P,,,False,True
21,MARIO GO,Torriani,P,,,False,True
21,MARIO GO,Rensch,D,,,False,True
21,MARIO GO,Miranda J.,D,4.0,4.0,False,True
21,MARIO GO,Lucumì,D,,,False,True
21,MARIO GO,Dumfries,D,,,False,True
21,MARIO GO,Da Cunha,C,6.5,6.0,False,True
21,MARIO GO,Vazquez,C,,,False,True
21,MARIO GO,Fazzini,C,,,False,True
21,MARIO GO,Dovbyk,A,,,False,True
21,MARIO GO,Dzeko,A,,,False,True
21,MARIO GO,Giovane,A,,,False,True
21,MARIO GO,Cambiaghi,A,,,False,True
21,MARIO GO,Barella,C,,,False,True
21,TEAM CHENFENGZI,Skorupski,P,,,False,False
21,TEAM CHENFENGZI,Mancini,D,6.5,6.0,True,False
21,TEAM CHENFENGZI,N'Dicka,D,6.0,5.5,True,False
21,TEAM CHENFENGZI,Kelly L.,D,6.5,6.5,True,False
21,TEAM CHENFENGZI,Luis Henrique,C,6.5,7.5,True,False
21,TEAM CHENFENGZI,Lobotka,C,6.0,6.0,True,False
21,TEAM CHENFENGZI,Paz N.,C,4.5,2.5,True,False
21,TEAM CHENFENGZI,Ederson D.S.,C,7.0,7.0,True,False
21,TEAM CHENFENGZI,Malinovskyi,C,7.5,9.0,True,False
21,TEAM CHENFENGZI,Vardy,A,5.5,5.0,True,False
21,TEAM CHENFENGZI,Berardi,A,7.5,10.5,True,False
21,TEAM CHENFENGZI,Mkhitaryan,C,6.0,6.0,False,True
21,TEAM CHENFENGZI,Meister,A,5.5,5.5,False,True
21,TEAM CHENFENGZI,Immobile,A,,,False,True
21,TEAM CHENFENGZI,Ghilardi,D,6.0,6.0,False,True
21,TEAM CHENFENGZI,Esposito F.P.,A,6.0,6.0,False,True
21,TEAM CHENFENGZI,Israel,P,,,False,True
21,TEAM CHENFENGZI,Nzola,A,,,False,True
21,TEAM CHENFENGZI,Ceccherini,D,5.5,5.0,False,True
21,TEAM CHENFENGZI,Angelino,D,,,False,True
21,XIAO SHI,Sommer,P,6.5,7.5,True,False
21,XIAO SHI,Muharemovic,D,6.5,6.5,True,False
21,XIAO SHI,Vojvoda,D,6.0,6.0,True,False
21,XIAO SHI,Kalulu,D,6.5,7.5,True,False
21,XIAO SHI,Wesley,D,5.0,5.0,True,False
21,XIAO SHI,Mina,D,6.5,6.5,True,False
21,XIAO SHI,Vandeputte,C,,,False,False
21,XIAO SHI,El Aynaoui,C,6.0,5.5,True,False
21,XIAO SHI,Zambo Anguissa,C,,,False,False
21,XIAO SHI,Adams C.,A,7.0,11.0,True,False
21,XIAO SHI,Nkunku,A,7.0,9.0,True,False
21,XIAO SHI,Morata,A,5.5,5.5,False,True
21,XIAO SHI,Ferguson E.,A,,,False,True
21,XIAO SHI,Bonazzoli,A,5.5,5.5,False,True
21,XIAO SHI,Openda,A,,,False,True
21,XIAO SHI,Konè M.,C,,,False,True
21,XIAO SHI,Ferguson,C,5.5,5.0,True,True
21,XIAO SHI,Matic,C,7.0,8.0,True,True
21,XIAO SHI,Rovella,C,,,False,True
21,XIAO SHI,Guendouzi,C,,,False,True
21,XIAO SHI,Solet,D,7.0,7.0,False,True
21,XIAO SHI,Marusic,D,6.0,6.0,False,True
21,XIAO SHI,Terracciano F.,D,6.0,6.0,False,True
21,XIAO SHI,Martinez Jo.,P,,,False,True
21,XIAO SHI,Muric,P,5.5,4.5,False,True
21,X-17,Provedel,P,6.5,4.0,True,False
21,X-17,Cambiaso,D,5.0,3.0,True,False
21,X-17,Gabbia,D,6.0,6.0,True,False
21,X-17,Scalvini,D,6.0,6.0,True,False
21,X-17,Kempf,D,6.0,6.0,True,False
21,X-17,Lazaro,D,6.0,6.0,True,False
21,X-17,Saelemaekers,C,,,False,False
21,X-17,Modric,C,6.5,6.5,True,False
21,X-17,Conceicao,C,6.5,7.0,True,False
21,X-17,Yildiz,A,6.0,6.0,True,False
21,X-17,Rodriguez Je.,A,5.5,5.5,True,False
21,X-17,Mandas,P,,,False,True
21,X-17,Furlanetto,P,,,False,True
21,X-17,Doig,D,6.5,6.5,False,True
21,X-17,Ziolkowski,D,,,False,True
21,X-17,Bianchetti,D,,,False,True
21,X-17,Calhanoglu,C,,,False,True
21,X-17,De Bruyne,C,,,False,True
21,X-17,Baldanzi,C,,,False,True
21,X-17,Volpato,C,,,False,True
21,X-17,Bailey,C,,,False,True
21,X-17,Dybala,A,,,False,True
21,X-17,Castro S.,A,5.5,5.5,False,True
21,X-17,Dallinga,A,5.5,5.5,False,True
21,X-17,Vlahovic,A,,,False,True
22,BOSS ROMAZDA,Carnesecchi,P,6.0,5.0,True,False
22,BOSS ROMAZDA,Kolasinac,D,6.0,5.5,True,False
22,BOSS ROMAZDA,Carlos Augusto,D,,,False,False
22,BOSS ROMAZDA,Bisseck,D,7.5,10.5,True,False
22,BOSS ROMAZDA,Tramoni M.,C,,,False,False
22,BOSS ROMAZDA,Brescianini,C,5.5,5.5,True,False
22,BOSS ROMAZDA,Thorstvedt,C,5.0,5.0,True,False
22,BOSS ROMAZDA,Pulisic,C,,,False,False
22,BOSS ROMAZDA,Hojlund,A,7.5,13.5,True,False
22,BOSS ROMAZDA,Martinez L.,A,7.0,9.0,True,False
22,BOSS ROMAZDA,David,A,5.0,5.0,True,False
22,BOSS ROMAZDA,Pinamonti,A,5.0,5.0,False,True
22,BOSS ROMAZDA,Kulenovic,A,5.5,5.5,False,True
22,BOSS ROMAZDA,Simeone,A,5.5,5.5,False,True
22,BOSS ROMAZDA,Rowe,C,6.5,6.5,True,True
22,BOSS ROMAZDA,Fagioli,C,7.0,7.0,True,True
22,BOSS ROMAZDA,Casadei,C,7.0,9.0,False,True
22,BOSS ROMAZDA,Ondrejka,C,,,False,True
22,BOSS ROMAZDA,Juan Jesus,D,5.0,4.0,True,True
22,BOSS ROMAZDA,Delprato,D,6.0,6.0,False,True
22,BOSS ROMAZDA,Heggem,D,6.0,6.0,False,True
22,BOSS ROMAZDA,Hien,D,,,False,True
22,BOSS ROMAZDA,Baschirotto,D,6.0,6.0,False,True
22,BOSS ROMAZDA,Sportiello,P,,,False,True
22,BOSS ROMAZDA,Rossi F.,P,,,False,True
22,MARIO GO,Maignan,P,4.5,3.5,True,False
22,MARIO GO,Spinazzola,D,6.0,6.0,True,False
22,MARIO GO,Zappacosta,D,7.0,10.0,True,False
22,MARIO GO,Maripan,D,6.0,8.5,True,False
22,MARIO GO,Rensch,D,,,False,False
22,MARIO GO,Orsolini,C,6.5,6.5,True,False
22,MARIO GO,Locatelli,C,5.5,5.5,True,False
22,MARIO GO,Gaetano,C,5.5,5.0,True,False
22,MARIO GO,Mandragora,C,6.5,7.5,True,False
22,MARIO GO,Laurientè,A,6.5,6.5,True,False
22,MARIO GO,Pellegrino M.,A,5.5,5.5,True,False
22,MARIO GO,Terracciano,P,,,False,True
22,MARIO GO,Torriani,P,,,False,True
22,MARIO GO,Miranda J.,D,6.5,6.5,True,True
22,MARIO GO,Vasquez,D,5.5,5.0,False,True
22,MARIO GO,Lucumì,D,5.0,4.5,False,True
22,MARIO GO,Dumfries,D,,,False,True
22,MARIO GO,Da Cunha,C,,,False,True
22,MARIO GO,Vandeputte,C,,,False,True
22,MARIO GO,Vlasic,C,,,False,True
22,MARIO GO,Barella,C,,,False,True
22,MARIO GO,Dovbyk,A,,,False,True
22,MARIO GO,Cambiaghi,A,,,False,True
22,MARIO GO,Giovane,A,5.5,5.5,False,True
22,MARIO GO,Boga,A,6.5,7.5,False,True
22,X-17,Provedel,P,7.0,5.0,True,False
22,X-17,Cambiaso,D,5.0,6.0,True,False
22,X-17,Gabbia,D,6.0,6.0,True,False
22,X-17,Scalvini,D,6.5,6.5,True,False
22,X-17,Tomori,D,6.0,6.0,True,False
22,X-17,Lazaro,D,5.5,5.0,True,False
22,X-17,Conceicao,C,,,False,False
22,X-17,Modric,C,6.5,6.5,True,False
22,X-17,Saelemaekers,C,6.5,6.0,True,False
22,X-17,Yildiz,A,6.0,6.0,True,False
22,X-17,Castro S.,A,6.0,6.0,True,False
22,X-17,Furlanetto,P,,,False,True
22,X-17,Motta,P,,,False,True
22,X-17,Ziolkowski,D,,,False,True
22,X-17,Angori,D,6.5,6.5,False,True
22,X-17,Zappa,D,,,False,True
22,X-17,Karlstrom,C,5.0,5.0,True,True
22,X-17,Calhanoglu,C,,,False,True
22,X-17,De Bruyne,C,,,False,True
22,X-17,Strefezza,C,6.0,6.0,False,True
22,X-17,Baldanzi,C,,,False,True
22,X-17,Dybala,A,,,False,True
22,X-17,Vitinha O.,A,6.5,6.5,False,True
22,X-17,Rodriguez Je.,A,,,False,True
22,X-17,Vlahovic,A,,,False,True
22,TEAM SITH,Svilar,P,6.0,7.0,True,False
22,TEAM SITH,Kabasele,D,,,False,False
22,TEAM SITH,Bellanova,D,6.0,6.0,True,False
22,TEAM SITH,Gosens,D,,,False,False
22,TEAM SITH,Buongiorno,D,4.0,4.0,True,False
22,TEAM SITH,Ekkelenkamp,C,5.5,5.5,True,False
22,TEAM SITH,Rabiot,C,,,False,False
22,TEAM SITH,McTominay,C,7.5,9.5,True,False
22,TEAM SITH,Thuram K.,C,5.5,5.5,True,False
22,TEAM SITH,Soulè,A,6.0,6.0,True,False
22,TEAM SITH,Orban G.,A,6.0,6.0,True,False
22,TEAM SITH,Gollini,P,,,False,True
22,TEAM SITH,Vasquez D.,P,,,False,True
22,TEAM SITH,Coco,D,5.0,5.0,True,True
22,TEAM SITH,Martin,D,5.5,5.5,True,True
22,TEAM SITH,Romagnoli,D,5.5,5.0,False,True
22,TEAM SITH,Belghali,D,,,False,True
22,TEAM SITH,Baturina,C,6.5,6.5,True,True
22,TEAM SITH,Frendrup,C,5.5,5.5,False,True
22,TEAM SITH,Loftus-Cheek,C,,,False,True
22,TEAM SITH,Isaksen,C,7.0,9.0,False,True
22,TEAM SITH,Durosinmi,A,5.5,5.5,False,True
22,TEAM SITH,Banda,A,7.0,10.5,False,True
22,TEAM SITH,Colombo,A,7.0,9.0,False,True
22,TEAM SITH,Ekhator,A,,,False,True
22,MIZI-MAIGO,Falcone,P,6.0,5.0,True,False
22,MIZI-MAIGO,Dimarco,D,8.5,12.0,True,False
22,MIZI-MAIGO,Valeri,D,6.0,6.0,True,False
22,MIZI-MAIGO,Bastoni,D,6.5,6.5,True,False
22,MIZI-MAIGO,Celik,D,7.0,8.0,True,False
22,MIZI-MAIGO,Pellegrini Lo.,C,6.0,6.0,True,False
22,MIZI-MAIGO,Cristante,C,6.5,6.5,True,False
22,MIZI-MAIGO,Zaniolo,C,6.0,6.0,True,False
22,MIZI-MAIGO,Kilicsoy,A,5.0,5.0,True,False
22,MIZI-MAIGO,Scamacca,A,,,False,False
22,MIZI-MAIGO,Esposito Se.,A,5.5,5.5,True,False
22,MIZI-MAIGO,Borrelli,A,,,False,True
22,MIZI-MAIGO,Belotti,A,,,False,True
22,MIZI-MAIGO,Moreo,A,6.0,5.5,True,True
22,MIZI-MAIGO,Zalewski,C,6.5,6.5,False,True
22,MIZI-MAIGO,Pisilli,C,6.5,6.5,False,True
22,MIZI-MAIGO,Frattesi,C,6.0,6.0,False,True
22,MIZI-MAIGO,Politano,C,,,False,True
22,MIZI-MAIGO,El Shaarawy,C,,,False,True
22,MIZI-MAIGO,Acerbi,D,,,False,True
22,MIZI-MAIGO,Darmian,D,6.0,6.0,False,True
22,MIZI-MAIGO,Pellegrini Lu.,D,,,False,True
22,MIZI-MAIGO,Di Lorenzo,D,,,False,True
22,MIZI-MAIGO,Perin,P,,,False,True
22,MIZI-MAIGO,Di Gregorio,P,5.5,3.5,False,True
22,BALZARETTI42,De Gea,P,6.5,4.5,True,False
22,BALZARETTI42,Valle,D,6.0,6.0,True,False
22,BALZARETTI42,Ramon,D,5.5,5.5,True,False
22,BALZARETTI42,Djimsiti,D,6.0,6.0,True,False
22,BALZARETTI42,Dodò,D,5.5,5.0,True,False
22,BALZARETTI42,Gudmundsson A.,C,6.0,6.0,True,False
22,BALZARETTI42,Perrone,C,6.0,6.0,True,False
22,BALZARETTI42,Pobega,C,4.0,3.0,True,False
22,BALZARETTI42,De Ketelaere,A,,,False,False
22,BALZARETTI42,Lukaku,A,,,False,False
22,BALZARETTI42,Kean,A,6.5,8.5,True,False
22,BALZARETTI42,Morata,A,,,False,True
22,BALZARETTI42,Cancellieri,A,5.5,5.5,True,True
22,BALZARETTI42,Diao,A,,,False,True
22,BALZARETTI42,Paleari,P,6.5,4.5,False,True
22,BALZARETTI42,Lezzerini,P,,,False,True
22,BALZARETTI42,De Roon,C,,,False,True
22,BALZARETTI42,Caqueret,C,6.0,6.0,False,True
22,BALZARETTI42,Cataldi,C,6.5,7.5,False,True
22,BALZARETTI42,Basic,C,5.5,5.5,False,True
22,BALZARETTI42,Thorsby,C,6.5,8.5,False,True
22,BALZARETTI42,De Winter,D,6.0,6.0,False,True
22,BALZARETTI42,Cabal,D,5.5,5.5,False,True
22,BALZARETTI42,Tsimikas,D,,,False,True
22,BALZARETTI42,Idzes,D,5.0,5.0,False,True
22,TEAM CHENFENGZI,Skorupski,P,6.0,5.0,True,False
22,TEAM CHENFENGZI,Mancini,D,6.5,7.0,True,False
22,TEAM CHENFENGZI,N'Dicka,D,6.5,6.5,True,False
22,TEAM CHENFENGZI,Kelly L.,D,6.0,6.0,True,False
22,TEAM CHENFENGZI,Mkhitaryan,C,6.5,6.5,True,False
22,TEAM CHENFENGZI,Lobotka,C,6.5,6.5,True,False
22,TEAM CHENFENGZI,Paz N.,C,7.0,8.5,True,False
22,TEAM CHENFENGZI,Ederson D.S.,C,6.5,6.5,True,False
22,TEAM CHENFENGZI,Malinovskyi,C,6.5,8.5,True,False
22,TEAM CHENFENGZI,Esposito F.P.,A,,,False,False
22,TEAM CHENFENGZI,Berardi,A,5.5,5.5,True,False
22,TEAM CHENFENGZI,Ravaglia F.,P,,,False,True
22,TEAM CHENFENGZI,Caprile,P,6.0,4.0,False,True
22,TEAM CHENFENGZI,Ostigard,D,5.5,5.5,False,True
22,TEAM CHENFENGZI,Gutierrez,D,5.5,5.5,False,True
22,TEAM CHENFENGZI,Ghilardi,D,6.5,6.5,False,True
22,TEAM CHENFENGZI,Hermoso,D,,,False,True
22,TEAM CHENFENGZI,Angelino,D,,,False,True
22,TEAM CHENFENGZI,Luis Henrique,C,7.0,9.0,False,True
22,TEAM CHENFENGZI,Bernardeschi,C,6.0,6.0,False,True
22,TEAM CHENFENGZI,Ricci S.,C,5.5,5.5,False,True
22,TEAM CHENFENGZI,Meister,A,5.0,5.0,True,True
22,TEAM CHENFENGZI,Vardy,A,6.0,6.0,False,True
22,TEAM CHENFENGZI,Piccoli,A,,,False,True
22,TEAM CHENFENGZI,Nzola,A,5.5,5.5,False,True
22,XIAO SHI,Sommer,P,6.0,7.0,True,False
22,XIAO SHI,Mina,D,,,False,False
22,XIAO SHI,Solet,D,6.5,8.5,True,False
22,XIAO SHI,Kalulu,D,7.0,11.0,True,False
22,XIAO SHI,Wesley,D,6.5,6.5,True,False
22,XIAO SHI,El Aynaoui,C,,,False,False
22,XIAO SHI,Zambo Anguissa,C,,,False,False
22,XIAO SHI,Vergara,C,6.5,6.5,True,False
22,XIAO SHI,Mazzitelli,C,5.5,5.5,True,False
22,XIAO SHI,Solomon,A,7.0,10.0,True,False
22,XIAO SHI,Nkunku,A,5.5,5.5,True,False
22,XIAO SHI,Adams C.,A,5.0,5.0,False,True
22,XIAO SHI,Ferguson E.,A,,,False,True
22,XIAO SHI,Bonazzoli,A,5.5,5.5,False,True
22,XIAO SHI,Openda,A,,,False,True
22,XIAO SHI,Terracciano F.,D,5.5,5.5,True,True
22,XIAO SHI,Marusic,D,6.5,6.5,False,True
22,XIAO SHI,Vojvoda,D,6.0,6.0,False,True
22,XIAO SHI,Muharemovic,D,4.0,4.0,False,True
22,XIAO SHI,Martinez Jo.,P,,,False,True
22,XIAO SHI,Muric,P,4.0,-1.0,False,True
22,XIAO SHI,Konè M.,C,,,False,True
22,XIAO SHI,Taylor K.,C,6.5,6.0,True,True
22,XIAO SHI,Fofana Y.,C,6.0,6.0,True,True
22,XIAO SHI,Matic,C,4.5,3.5,False,True
22,TEAM BRAUNA,Meret,P,5.5,3.0,True,False
22,TEAM BRAUNA,Bernasconi,D,6.0,6.0,True,False
22,TEAM BRAUNA,Bartesaghi,D,6.0,6.0,True,False
22,TEAM BRAUNA,Akanji,D,7.5,9.5,True,False
22,TEAM BRAUNA,Palestra,D,6.0,5.5,True,False
22,TEAM BRAUNA,Zaragoza,C,6.0,5.5,True,False
22,TEAM BRAUNA,Zielinski,C,6.5,6.5,True,False
22,TEAM BRAUNA,McKennie,C,7.0,9.0,True,False
22,TEAM BRAUNA,Raspadori,A,7.0,8.0,True,False
22,TEAM BRAUNA,Malen,A,7.5,13.5,True,False
22,TEAM BRAUNA,Leao,A,7.0,10.5,True,False
22,TEAM BRAUNA,Contini,P,,,False,True
22,TEAM BRAUNA,Kempf,D,6.0,6.0,False,True
22,TEAM BRAUNA,Holm,D,,,False,True
22,TEAM BRAUNA,Gila,D,6.5,6.5,False,True
22,TEAM BRAUNA,Norton-Cuffy,D,6.0,6.0,False,True
22,TEAM BRAUNA,Elmas,C,6.5,6.5,False,True
22,TEAM BRAUNA,Miretti,C,,,False,True
22,TEAM BRAUNA,Maldini,C,6.5,7.5,False,True
22,TEAM BRAUNA,Konè I.,C,5.0,5.0,False,True
22,TEAM BRAUNA,Santos A.,C,,,False,True
22,TEAM BRAUNA,Fullkrug,A,6.0,6.0,False,True
22,TEAM BRAUNA,Addai,A,,,False,True
22,TEAM BRAUNA,Davis K.,A,,,False,True
22,TEAM BRAUNA,Milinkovic-Savic V.,P,,,False,True
22,SANSHIMI,Butez,P,6.0,4.5,True,False
22,SANSHIMI,Zortea,D,6.0,6.0,True,False
22,SANSHIMI,Pavlovic,D,6.0,6.0,True,False
22,SANSHIMI,Bremer,D,5.5,5.5,True,False
22,SANSHIMI,Doig,D,5.5,5.5,True,False
22,SANSHIMI,Berisha M.,C,,,False,False
22,SANSHIMI,Odgaard,C,,,False,False
22,SANSHIMI,Atta,C,6.5,6.5,True,False
22,SANSHIMI,Ratkov,A,,,False,False
22,SANSHIMI,Douvikas,A,6.0,6.0,True,False
22,SANSHIMI,Bonny,A,,,False,False
22,SANSHIMI,Zaccagni,C,,,False,True
22,SANSHIMI,Bernabè,C,6.0,6.0,True,True
22,SANSHIMI,Sucic P.,C,6.5,6.5,True,True
22,SANSHIMI,Pasalic,C,6.5,7.5,False,True
22,SANSHIMI,Venturino,C,,,False,True
22,SANSHIMI,Vaz,A,,,False,True
22,SANSHIMI,Thuram,A,7.0,9.0,True,True
22,SANSHIMI,Krstovic,A,7.0,10.0,True,True
22,SANSHIMI,Okoye,P,6.0,4.0,False,True
22,SANSHIMI,Sava,P,,,False,True
22,SANSHIMI,Rrahmani,D,6.5,7.0,False,True
22,SANSHIMI,Comuzzo,D,5.5,5.0,False,True
22,SANSHIMI,Parisi,D,6.0,6.0,False,True
22,SANSHIMI,Idrissi R.,D,5.5,5.0,False,True
23,BALZARETTI42,Paleari,P,6.5,4.5,True,False
23,BALZARETTI42,Valle,D,6.0,6.0,True,False
23,BALZARETTI42,De Winter,D,,,False,False
23,BALZARETTI42,Djimsiti,D,6.0,5.5,True,False
23,BALZARETTI42,Ramon,D,5.5,5.5,True,False
23,BALZARETTI42,Thorsby,C,6.5,6.5,True,False
23,BALZARETTI42,Perrone,C,5.0,5.0,True,False
23,BALZARETTI42,Cataldi,C,5.0,5.0,True,False
23,BALZARETTI42,De Roon,C,5.5,5.5,True,False
23,BALZARETTI42,Kean,A,7.0,10.0,True,False
23,BALZARETTI42,Morata,A,5.0,4.0,True,False
23,BALZARETTI42,Cancellieri,A,,,False,True
23,BALZARETTI42,Lukaku,A,,,False,True
23,BALZARETTI42,Diao,A,,,False,True
23,BALZARETTI42,De Ketelaere,A,,,False,True
23,BALZARETTI42,Caqueret,C,6.0,6.0,False,True
23,BALZARETTI42,Gudmundsson A.,C,,,False,True
23,BALZARETTI42,Basic,C,,,False,True
23,BALZARETTI42,Pobega,C,,,False,True
23,BALZARETTI42,Cabal,D,5.5,5.5,True,True
23,BALZARETTI42,Dodò,D,6.5,6.5,False,True
23,BALZARETTI42,Tsimikas,D,6.0,6.0,False,True
23,BALZARETTI42,Idzes,D,6.0,6.0,False,True
23,BALZARETTI42,De Gea,P,6.0,5.0,False,True
23,BALZARETTI42,Lezzerini,P,,,False,True
23,X-17,Provedel,P,5.5,3.5,True,False
23,X-17,Cambiaso,D,6.5,6.5,True,False
23,X-17,Gabbia,D,5.5,5.5,True,False
23,X-17,Scalvini,D,5.5,5.0,True,False
23,X-17,Tomori,D,6.5,6.5,True,False
23,X-17,Lazaro,D,5.5,5.5,True,False
23,X-17,Calhanoglu,C,6.5,6.0,True,False
23,X-17,Modric,C,7.0,11.0,True,False
23,X-17,Conceicao,C,6.0,6.0,True,False
23,X-17,Yildiz,A,6.0,6.0,True,False
23,X-17,Dybala,A,,,False,False
23,X-17,Furlanetto,P,,,False,True
23,X-17,Motta,P,,,False,True
23,X-17,Ziolkowski,D,,,False,True
23,X-17,Zappa,D,6.0,6.0,False,True
23,X-17,Angori,D,5.5,5.5,False,True
23,X-17,Saelemaekers,C,,,False,True
23,X-17,Karlstrom,C,6.0,6.0,False,True
23,X-17,Strefezza,C,6.5,6.5,False,True
23,X-17,Baldanzi,C,6.0,6.0,False,True
23,X-17,De Bruyne,C,,,False,True
23,X-17,Castro S.,A,7.0,11.0,True,True
23,X-17,Vitinha O.,A,6.0,6.0,False,True
23,X-17,Rodriguez Je.,A,6.5,6.0,False,True
23,X-17,Vlahovic,A,,,False,True
23,TEAM SITH,Svilar,P,6.0,4.0,True,False
23,TEAM SITH,Belghali,D,5.5,5.5,True,False
23,TEAM SITH,Coco,D,5.5,5.5,True,False
23,TEAM SITH,Kabasele,D,,,False,False
23,TEAM SITH,Martin,D,5.5,5.5,True,False
23,TEAM SITH,Frendrup,C,6.0,6.0,True,False
23,TEAM SITH,Rabiot,C,5.0,4.0,True,False
23,TEAM SITH,McTominay,C,,,False,False
23,TEAM SITH,Baturina,C,5.5,5.5,True,False
23,TEAM SITH,Orban G.,A,4.0,3.0,True,False
23,TEAM SITH,Colombo,A,5.5,5.5,True,False
23,TEAM SITH,Gollini,P,,,False,True
23,TEAM SITH,Zelezny,P,,,False,True
23,TEAM SITH,Bellanova,D,,,False,True
23,TEAM SITH,Buongiorno,D,5.5,5.5,True,True
23,TEAM SITH,Gosens,D,,,False,True
23,TEAM SITH,Romagnoli,D,,,False,True
23,TEAM SITH,Loftus-Cheek,C,7.0,9.0,True,True
23,TEAM SITH,Ekkelenkamp,C,6.0,6.0,False,True
23,TEAM SITH,Isaksen,C,5.0,5.0,False,True
23,TEAM SITH,Thuram K.,C,,,False,True
23,TEAM SITH,Soulè,A,5.0,5.0,False,True
23,TEAM SITH,Durosinmi,A,,,False,True
23,TEAM SITH,Ekhator,A,6.0,6.0,False,True
23,TEAM SITH,Banda,A,,,False,True
23,XIAO SHI,Muric,P,5.5,4.5,True,False
23,XIAO SHI,Terracciano F.,D,6.5,6.0,True,False
23,XIAO SHI,Solet,D,6.5,8.5,True,False
23,XIAO SHI,Marusic,D,5.5,5.5,True,False
23,XIAO SHI,Mina,D,5.5,5.5,True,False
23,XIAO SHI,Muharemovic,D,5.5,5.0,True,False
23,XIAO SHI,Fofana Y.,C,5.5,5.5,True,False
23,XIAO SHI,Zambo Anguissa,C,,,False,False
23,XIAO SHI,Taylor K.,C,6.0,5.5,True,False
23,XIAO SHI,Solomon,A,6.5,6.5,True,False
23,XIAO SHI,Nkunku,A,5.5,5.5,True,False
23,XIAO SHI,Adams C.,A,5.5,5.5,False,True
23,XIAO SHI,Ferguson E.,A,,,False,True
23,XIAO SHI,Bonazzoli,A,6.0,6.0,False,True
23,XIAO SHI,Openda,A,,,False,True
23,XIAO SHI,Wesley,D,6.5,6.5,False,True
23,XIAO SHI,Kalulu,D,5.0,4.0,False,True
23,XIAO SHI,Vojvoda,D,5.5,5.5,False,True
23,XIAO SHI,Konè M.,C,,,False,True
23,XIAO SHI,Mazzitelli,C,5.5,5.5,True,True
23,XIAO SHI,Vergara,C,5.5,5.5,False,True
23,XIAO SHI,El Aynaoui,C,6.0,6.0,False,True
23,XIAO SHI,Matic,C,,,False,True
23,XIAO SHI,Sommer,P,6.0,4.0,False,True
23,XIAO SHI,Martinez Jo.,P,,,False,True
23,BOSS ROMAZDA,Carnesecchi,P,6.5,7.5,True,False
23,BOSS ROMAZDA,Kolasinac,D,6.5,6.5,True,False
23,BOSS ROMAZDA,Bisseck,D,6.0,7.0,True,False
23,BOSS ROMAZDA,Delprato,D,6.0,6.0,True,False
23,BOSS ROMAZDA,Rowe,C,7.0,8.0,True,False
23,BOSS ROMAZDA,Casadei,C,6.0,6.0,True,False
23,BOSS ROMAZDA,Thorstvedt,C,6.0,6.0,True,False
23,BOSS ROMAZDA,Pulisic,C,,,False,False
23,BOSS ROMAZDA,Hojlund,A,6.0,6.0,True,False
23,BOSS ROMAZDA,Martinez L.,A,5.5,5.5,True,False
23,BOSS ROMAZDA,David,A,5.5,5.5,True,False
23,BOSS ROMAZDA,Pinamonti,A,7.5,12.5,False,True
23,BOSS ROMAZDA,Simeone,A,5.0,5.0,False,True
23,BOSS ROMAZDA,Kulenovic,A,,,False,True
23,BOSS ROMAZDA,Fagioli,C,7.0,10.0,True,True
23,BOSS ROMAZDA,Ondrejka,C,6.0,6.0,False,True
23,BOSS ROMAZDA,Brescianini,C,6.0,6.0,False,True
23,BOSS ROMAZDA,Tramoni M.,C,5.0,5.0,False,True
23,BOSS ROMAZDA,Carlos Augusto,D,6.0,6.0,False,True
23,BOSS ROMAZDA,Baschirotto,D,7.0,7.0,False,True
23,BOSS ROMAZDA,Hien,D,,,False,True
23,BOSS ROMAZDA,Heggem,D,,,False,True
23,BOSS ROMAZDA,Juan Jesus,D,,,False,True
23,BOSS ROMAZDA,Sportiello,P,,,False,True
23,BOSS ROMAZDA,Rossi F.,P,,,False,True
23,TEAM CHENFENGZI,Skorupski,P,6.0,5.0,True,False
23,TEAM CHENFENGZI,Mancini,D,6.0,5.5,True,False
23,TEAM CHENFENGZI,N'Dicka,D,7.0,7.0,True,False
23,TEAM CHENFENGZI,Kelly L.,D,6.5,6.5,True,False
23,TEAM CHENFENGZI,Bernardeschi,C,6.5,7.5,True,False
23,TEAM CHENFENGZI,Lobotka,C,6.0,6.0,True,False
23,TEAM CHENFENGZI,Paz N.,C,5.0,5.0,True,False
23,TEAM CHENFENGZI,Ederson D.S.,C,7.0,11.0,True,False
23,TEAM CHENFENGZI,Malinovskyi,C,6.0,6.0,True,False
23,TEAM CHENFENGZI,Vardy,A,5.5,5.5,True,False
23,TEAM CHENFENGZI,Berardi,A,6.0,6.0,True,False
23,TEAM CHENFENGZI,Ghilardi,D,6.5,6.5,False,True
23,TEAM CHENFENGZI,Ravaglia F.,P,,,False,True
23,TEAM CHENFENGZI,Caprile,P,4.5,2.5,False,True
23,TEAM CHENFENGZI,Ostigard,D,6.5,6.5,False,True
23,TEAM CHENFENGZI,Luis Henrique,C,5.5,5.5,False,True
23,TEAM CHENFENGZI,Gutierrez,D,5.0,5.0,False,True
23,TEAM CHENFENGZI,Piccoli,A,,,False,True
23,TEAM CHENFENGZI,Hermoso,D,,,False,True
23,TEAM CHENFENGZI,Esposito F.P.,A,7.0,9.0,False,True
23,TEAM CHENFENGZI,Angelino,D,,,False,True
23,TEAM CHENFENGZI,Ricci S.,C,6.5,7.5,False,True
23,TEAM CHENFENGZI,Meister,A,,,False,True
23,TEAM CHENFENGZI,Nzola,A,6.5,6.5,False,True
23,SANSHIMI,Butez,P,6.0,4.0,True,False
23,SANSHIMI,Zortea,D,6.0,6.0,True,False
23,SANSHIMI,Pavlovic,D,6.5,6.5,True,False
23,SANSHIMI,Bremer,D,7.0,7.0,True,False
23,SANSHIMI,Doig,D,6.0,6.0,True,False
23,SANSHIMI,Zaccagni,C,,,False,False
23,SANSHIMI,Odgaard,C,,,False,False
23,SANSHIMI,Atta,C,6.0,5.5,True,False
23,SANSHIMI,Ratkov,A,6.0,6.0,True,False
23,SANSHIMI,Douvikas,A,5.5,5.5,True,False
23,SANSHIMI,Bonny,A,,,False,False
23,SANSHIMI,Bernabè,C,7.0,10.0,True,True
23,SANSHIMI,Sucic P.,C,6.5,6.5,True,True
23,SANSHIMI,Pasalic,C,,,False,True
23,SANSHIMI,Venturino,C,5.5,5.5,False,True
23,SANSHIMI,Vaz,A,5.5,5.5,True,True
23,SANSHIMI,Thuram,A,6.0,6.0,False,True
23,SANSHIMI,Krstovic,A,6.0,6.0,False,True
23,SANSHIMI,Okoye,P,6.0,4.0,False,True
23,SANSHIMI,Sava,P,,,False,True
23,SANSHIMI,Rrahmani,D,5.0,4.5,False,True
23,SANSHIMI,Comuzzo,D,,,False,True
23,SANSHIMI,Parisi,D,6.0,4.0,False,True
23,SANSHIMI,Idrissi R.,D,4.5,4.5,False,True
23,SANSHIMI,Berisha M.,C,,,False,True
23,MIZI-MAIGO,Falcone,P,6.0,7.0,True,False
23,MIZI-MAIGO,Dimarco,D,6.5,7.5,True,False
23,MIZI-MAIGO,Valeri,D,6.5,6.5,True,False
23,MIZI-MAIGO,Bastoni,D,6.0,5.5,True,False
23,MIZI-MAIGO,Celik,D,6.0,6.0,True,False
23,MIZI-MAIGO,Cristante,C,6.0,6.0,True,False
23,MIZI-MAIGO,Pellegrini Lo.,C,5.5,5.5,True,False
23,MIZI-MAIGO,Pisilli,C,5.5,5.5,True,False
23,MIZI-MAIGO,Frattesi,C,,,False,False
23,MIZI-MAIGO,Esposito Se.,A,5.5,5.5,True,False
23,MIZI-MAIGO,Scamacca,A,,,False,False
23,MIZI-MAIGO,Kilicsoy,A,5.5,5.5,True,True
23,MIZI-MAIGO,Borrelli,A,,,False,True
23,MIZI-MAIGO,Belotti,A,,,False,True
23,MIZI-MAIGO,Moreo,A,6.0,6.0,False,True
23,MIZI-MAIGO,Zaniolo,C,6.5,6.5,True,True
23,MIZI-MAIGO,Politano,C,5.5,5.5,False,True
23,MIZI-MAIGO,Zalewski,C,7.0,9.0,False,True
23,MIZI-MAIGO,El Shaarawy,C,,,False,True
23,MIZI-MAIGO,Acerbi,D,,,False,True
23,MIZI-MAIGO,Darmian,D,,,False,True
23,MIZI-MAIGO,Pellegrini Lu.,D,,,False,True
23,MIZI-MAIGO,Di Lorenzo,D,,,False,True
23,MIZI-MAIGO,Perin,P,,,False,True
23,MIZI-MAIGO,Di Gregorio,P,5.5,2.5,False,True
23,MARIO GO,Maignan,P,6.5,5.5,True,False
23,MARIO GO,Spinazzola,D,6.5,8.5,True,False
23,MARIO GO,Vasquez,D,6.5,6.5,True,False
23,MARIO GO,Zappacosta,D,6.5,6.5,True,False
23,MARIO GO,Orsolini,C,,,False,False
23,MARIO GO,Locatelli,C,6.5,8.5,True,False
23,MARIO GO,Barella,C,6.0,5.5,True,False
23,MARIO GO,Gaetano,C,,,False,False
23,MARIO GO,Vlasic,C,6.0,7.5,True,False
23,MARIO GO,Laurientè,A,7.0,9.0,True,False
23,MARIO GO,Pellegrino M.,A,6.5,9.5,True,False
23,MARIO GO,Terracciano,P,,,False,True
23,MARIO GO,Torriani,P,,,False,True
23,MARIO GO,Miranda J.,D,5.5,5.5,False,True
23,MARIO GO,Maripan,D,5.5,5.0,False,True
23,MARIO GO,Lucumì,D,6.0,6.0,False,True
23,MARIO GO,Rensch,D,,,False,True
23,MARIO GO,Dumfries,D,,,False,True
23,MARIO GO,Da Cunha,C,5.5,5.5,True,True
23,MARIO GO,Mandragora,C,6.5,6.0,True,True
23,MARIO GO,Vandeputte,C,,,False,True
23,MARIO GO,Boga,A,6.0,6.0,False,True
23,MARIO GO,Dovbyk,A,,,False,True
23,MARIO GO,Cambiaghi,A,,,False,True
23,MARIO GO,Giovane,A,6.5,7.5,False,True
23,TEAM BRAUNA,Milinkovic-Savic V.,P,6.0,4.0,True,False
23,TEAM BRAUNA,Kempf,D,5.0,4.5,True,False
23,TEAM BRAUNA,Bartesaghi,D,6.5,6.0,True,False
23,TEAM BRAUNA,Bernasconi,D,6.5,7.0,True,False
23,TEAM BRAUNA,Palestra,D,5.5,5.5,True,False
23,TEAM BRAUNA,Zaragoza,C,6.0,7.0,True,False
23,TEAM BRAUNA,Zielinski,C,7.0,10.5,True,False
23,TEAM BRAUNA,McKennie,C,7.0,9.0,True,False
23,TEAM BRAUNA,Raspadori,A,6.0,6.0,True,False
23,TEAM BRAUNA,Malen,A,8.0,12.0,True,False
23,TEAM BRAUNA,Leao,A,5.5,5.5,True,False
23,TEAM BRAUNA,Meret,P,,,False,True
23,TEAM BRAUNA,Contini,P,,,False,True
23,TEAM BRAUNA,Akanji,D,6.0,6.0,False,True
23,TEAM BRAUNA,Gila,D,5.5,5.5,False,True
23,TEAM BRAUNA,Norton-Cuffy,D,6.5,6.5,False,True
23,TEAM BRAUNA,Holm,D,6.0,6.0,False,True
23,TEAM BRAUNA,Maldini,C,5.5,5.5,False,True
23,TEAM BRAUNA,Elmas,C,6.5,7.5,False,True
23,TEAM BRAUNA,Santos A.,C,7.5,11.5,False,True
23,TEAM BRAUNA,Konè I.,C,6.5,6.5,False,True
23,TEAM BRAUNA,Miretti,C,5.5,5.5,False,True
23,TEAM BRAUNA,Addai,A,5.5,5.5,False,True
23,TEAM BRAUNA,Fullkrug,A,4.5,2.5,False,True
23,TEAM BRAUNA,Davis K.,A,,,False,True
24,X-17,Provedel,P,6.0,7.0,True,False
24,X-17,Cambiaso,D,5.5,5.5,True,False
24,X-17,Gabbia,D,,,False,False
24,X-17,Scalvini,D,6.0,6.0,True,False
24,X-17,Tomori,D,6.0,6.0,True,False
24,X-17,Lazaro,D,5.0,5.0,True,False
24,X-17,Conceicao,C,6.0,6.0,True,False
24,X-17,Modric,C,6.0,6.0,True,False
24,X-17,Saelemaekers,C,5.5,5.0,True,False
24,X-17,Yildiz,A,6.0,6.0,True,False
24,X-17,Dybala,A,,,False,False
24,X-17,Furlanetto,P,,,False,True
24,X-17,Motta,P,,,False,True
24,X-17,Ziolkowski,D,,,False,True
24,X-17,Angori,D,6.0,6.0,True,True
24,X-17,Zappa,D,,,False,True
24,X-17,Calhanoglu,C,,,False,True
24,X-17,Baldanzi,C,7.0,7.0,False,True
24,X-17,Karlstrom,C,5.0,5.0,False,True
24,X-17,Strefezza,C,6.5,6.5,False,True
24,X-17,De Bruyne,C,,,False,True
24,X-17,Castro S.,A,6.5,6.5,True,True
24,X-17,Vitinha O.,A,,,False,True
24,X-17,Rodriguez Je.,A,,,False,True
24,X-17,Vlahovic,A,,,False,True
24,SANSHIMI,Butez,P,6.0,7.0,True,False
24,SANSHIMI,Zortea,D,,,False,False
24,SANSHIMI,Pavlovic,D,5.5,5.5,True,False
24,SANSHIMI,Bremer,D,,,False,False
24,SANSHIMI,Doig,D,,,False,False
24,SANSHIMI,Zaccagni,C,5.5,5.5,True,False
24,SANSHIMI,Odgaard,C,,,False,False
24,SANSHIMI,Atta,C,6.0,6.0,True,False
24,SANSHIMI,Ratkov,A,6.0,6.0,True,False
24,SANSHIMI,Douvikas,A,6.5,7.5,True,False
24,SANSHIMI,Bonny,A,6.0,6.0,True,False
24,SANSHIMI,Bernabè,C,6.0,6.0,True,True
24,SANSHIMI,Sucic P.,C,5.5,5.5,False,True
24,SANSHIMI,Berisha M.,C,,,False,True
24,SANSHIMI,Pasalic,C,7.0,10.0,False,True
24,SANSHIMI,Venturino,C,6.5,6.5,False,True
24,SANSHIMI,Thuram,A,5.5,5.5,False,True
24,SANSHIMI,Vaz,A,,,False,True
24,SANSHIMI,Krstovic,A,6.0,6.0,False,True
24,SANSHIMI,Okoye,P,6.0,5.0,False,True
24,SANSHIMI,Sava,P,,,False,True
24,SANSHIMI,Rrahmani,D,,,False,True
24,SANSHIMI,Comuzzo,D,,,False,True
24,SANSHIMI,Parisi,D,6.0,6.0,True,True
24,SANSHIMI,Idrissi R.,D,6.0,6.0,True,True
24,MIZI-MAIGO,Falcone,P,7.0,5.0,True,False
24,MIZI-MAIGO,Dimarco,D,7.0,9.0,True,False
24,MIZI-MAIGO,Valeri,D,6.5,7.5,True,False
24,MIZI-MAIGO,Bastoni,D,6.0,5.5,True,False
24,MIZI-MAIGO,Celik,D,6.5,6.5,True,False
24,MIZI-MAIGO,Pellegrini Lo.,C,6.0,7.0,True,False
24,MIZI-MAIGO,Pisilli,C,7.0,9.0,True,False
24,MIZI-MAIGO,Frattesi,C,5.5,5.5,True,False
24,MIZI-MAIGO,Zaniolo,C,5.5,5.5,True,False
24,MIZI-MAIGO,Esposito Se.,A,6.0,6.0,True,False
24,MIZI-MAIGO,Scamacca,A,6.5,6.5,True,False
24,MIZI-MAIGO,Kilicsoy,A,6.0,6.0,False,True
24,MIZI-MAIGO,Borrelli,A,,,False,True
24,MIZI-MAIGO,Belotti,A,,,False,True
24,MIZI-MAIGO,Moreo,A,6.0,6.0,False,True
24,MIZI-MAIGO,Zalewski,C,7.0,7.5,False,True
24,MIZI-MAIGO,Politano,C,5.5,5.5,False,True
24,MIZI-MAIGO,Cristante,C,7.5,12.5,False,True
24,MIZI-MAIGO,El Shaarawy,C,,,False,True
24,MIZI-MAIGO,Acerbi,D,,,False,True
24,MIZI-MAIGO,Darmian,D,,,False,True
24,MIZI-MAIGO,Pellegrini Lu.,D,5.5,5.0,False,True
24,MIZI-MAIGO,Di Lorenzo,D,,,False,True
24,MIZI-MAIGO,Perin,P,,,False,True
24,MIZI-MAIGO,Di Gregorio,P,4.5,2.5,False,True
24,MARIO GO,Maignan,P,6.0,5.0,True,False
24,MARIO GO,Spinazzola,D,5.5,5.5,True,False
24,MARIO GO,Vasquez,D,6.5,6.5,True,False
24,MARIO GO,Maripan,D,5.0,5.0,True,False
24,MARIO GO,Zappacosta,D,6.0,6.0,True,False
24,MARIO GO,Orsolini,C,5.5,5.5,True,False
24,MARIO GO,Locatelli,C,6.0,5.5,True,False
24,MARIO GO,Vlasic,C,6.0,6.0,True,False
24,MARIO GO,Laurientè,A,7.5,9.5,True,False
24,MARIO GO,Pellegrino M.,A,6.0,6.0,True,False
24,MARIO GO,Boga,A,5.5,5.5,True,False
24,MARIO GO,Terracciano,P,,,False,True
24,MARIO GO,Torriani,P,,,False,True
24,MARIO GO,Rensch,D,,,False,True
24,MARIO GO,Miranda J.,D,6.0,5.5,False,True
24,MARIO GO,Lucumì,D,6.5,6.5,False,True
24,MARIO GO,Dumfries,D,,,False,True
24,MARIO GO,Barella,C,,,False,True
24,MARIO GO,Mandragora,C,,,False,True
24,MARIO GO,Da Cunha,C,6.5,7.5,False,True
24,MARIO GO,Vandeputte,C,,,False,True
24,MARIO GO,Gaetano,C,,,False,True
24,MARIO GO,Dovbyk,A,,,False,True
24,MARIO GO,Cambiaghi,A,6.0,6.0,False,True
24,MARIO GO,Giovane,A,5.5,5.5,False,True
24,TEAM CHENFENGZI,Skorupski,P,6.0,7.0,True,False
24,TEAM CHENFENGZI,Mancini,D,6.5,6.5,True,False
24,TEAM CHENFENGZI,N'Dicka,D,7.0,9.0,True,False
24,TEAM CHENFENGZI,Ostigard,D,6.5,6.5,True,False
24,TEAM CHENFENGZI,Kelly L.,D,5.5,5.5,True,False
24,TEAM CHENFENGZI,Lobotka,C,6.0,6.0,True,False
24,TEAM CHENFENGZI,Malinovskyi,C,6.5,6.5,True,False
24,TEAM CHENFENGZI,Ederson D.S.,C,,,False,False
24,TEAM CHENFENGZI,Esposito F.P.,A,6.0,6.0,True,False
24,TEAM CHENFENGZI,Vardy,A,5.0,5.0,True,False
24,TEAM CHENFENGZI,Berardi,A,7.0,10.0,True,False
24,TEAM CHENFENGZI,Gutierrez,D,6.5,7.5,False,True
24,TEAM CHENFENGZI,Luis Henrique,C,6.0,6.0,True,True
24,TEAM CHENFENGZI,Ghilardi,D,6.0,6.0,False,True
24,TEAM CHENFENGZI,Caprile,P,6.5,7.5,False,True
24,TEAM CHENFENGZI,Hermoso,D,,,False,True
24,TEAM CHENFENGZI,Nzola,A,6.0,6.0,False,True
24,TEAM CHENFENGZI,Mkhitaryan,C,7.0,10.0,False,True
24,TEAM CHENFENGZI,Bernardeschi,C,7.0,11.0,False,True
24,TEAM CHENFENGZI,Ricci S.,C,,,False,True
24,TEAM CHENFENGZI,Meister,A,5.5,5.5,False,True
24,TEAM CHENFENGZI,Piccoli,A,,,False,True
24,TEAM CHENFENGZI,Angelino,D,,,False,True
24,TEAM CHENFENGZI,Ravaglia F.,P,,,False,True
24,TEAM SITH,Svilar,P,6.5,7.5,True,False
24,TEAM SITH,Buongiorno,D,5.5,5.5,True,False
24,TEAM SITH,Coco,D,5.5,5.5,True,False
24,TEAM SITH,Romagnoli,D,6.5,6.5,True,False
24,TEAM SITH,Gosens,D,,,False,False
24,TEAM SITH,Frendrup,C,6.0,6.0,True,False
24,TEAM SITH,Rabiot,C,6.5,6.5,True,False
24,TEAM SITH,Loftus-Cheek,C,,,False,False
24,TEAM SITH,Isaksen,C,5.5,5.5,True,False
24,TEAM SITH,Soulè,A,,,False,False
24,TEAM SITH,Colombo,A,6.5,6.5,True,False
24,TEAM SITH,Gollini,P,,,False,True
24,TEAM SITH,Zelezny,P,,,False,True
24,TEAM SITH,Martin,D,,,False,True
24,TEAM SITH,Kabasele,D,5.5,5.5,True,True
24,TEAM SITH,Bellanova,D,5.5,5.5,False,True
24,TEAM SITH,Belghali,D,,,False,True
24,TEAM SITH,Thuram K.,C,5.5,5.5,True,True
24,TEAM SITH,Ekkelenkamp,C,6.0,6.0,False,True
24,TEAM SITH,McTominay,C,,,False,True
24,TEAM SITH,Baturina,C,6.0,6.0,False,True
24,TEAM SITH,Durosinmi,A,5.5,5.5,True,True
24,TEAM SITH,Ekhator,A,6.0,6.0,False,True
24,TEAM SITH,Banda,A,5.5,5.5,False,True
24,TEAM SITH,Orban G.,A,,,False,True
24,TEAM BRAUNA,Milinkovic-Savic V.,P,6.5,4.5,True,False
24,TEAM BRAUNA,Norton-Cuffy,D,7.0,11.0,True,False
24,TEAM BRAUNA,Bartesaghi,D,5.5,5.5,True,False
24,TEAM BRAUNA,Akanji,D,7.0,9.0,True,False
24,TEAM BRAUNA,Palestra,D,6.5,7.5,True,False
24,TEAM BRAUNA,Zaragoza,C,5.5,5.5,True,False
24,TEAM BRAUNA,Zielinski,C,6.5,6.5,True,False
24,TEAM BRAUNA,McKennie,C,5.0,5.0,True,False
24,TEAM BRAUNA,Raspadori,A,,,False,False
24,TEAM BRAUNA,Malen,A,7.0,7.0,True,False
24,TEAM BRAUNA,Leao,A,5.5,5.0,True,False
24,TEAM BRAUNA,Meret,P,,,False,True
24,TEAM BRAUNA,Contini,P,,,False,True
24,TEAM BRAUNA,Gila,D,,,False,True
24,TEAM BRAUNA,Bernasconi,D,6.5,7.5,False,True
24,TEAM BRAUNA,Holm,D,,,False,True
24,TEAM BRAUNA,Kempf,D,6.5,6.5,False,True
24,TEAM BRAUNA,Konè I.,C,6.5,6.5,False,True
24,TEAM BRAUNA,Elmas,C,5.5,5.5,False,True
24,TEAM BRAUNA,Maldini,C,5.5,5.5,False,True
24,TEAM BRAUNA,Miretti,C,5.5,5.5,False,True
24,TEAM BRAUNA,Santos A.,C,5.5,5.5,False,True
24,TEAM BRAUNA,Fullkrug,A,5.5,5.5,True,True
24,TEAM BRAUNA,Addai,A,,,False,True
24,TEAM BRAUNA,Davis K.,A,,,False,True
24,BOSS ROMAZDA,Carnesecchi,P,6.0,5.0,True,False
24,BOSS ROMAZDA,Kolasinac,D,6.5,6.5,True,False
24,BOSS ROMAZDA,Bisseck,D,6.0,6.0,True,False
24,BOSS ROMAZDA,Carlos Augusto,D,,,False,False
24,BOSS ROMAZDA,Rowe,C,6.0,6.0,True,False
24,BOSS ROMAZDA,Fagioli,C,6.0,6.0,True,False
24,BOSS ROMAZDA,Thorstvedt,C,6.0,6.0,True,False
24,BOSS ROMAZDA,Pulisic,C,6.0,6.0,True,False
24,BOSS ROMAZDA,Simeone,A,5.5,5.0,True,False
24,BOSS ROMAZDA,Hojlund,A,6.0,6.0,True,False
24,BOSS ROMAZDA,Pinamonti,A,7.0,10.0,True,False
24,BOSS ROMAZDA,Kulenovic,A,5.5,5.5,False,True
24,BOSS ROMAZDA,David,A,5.5,5.5,False,True
24,BOSS ROMAZDA,Martinez L.,A,,,False,True
24,BOSS ROMAZDA,Brescianini,C,6.0,6.0,False,True
24,BOSS ROMAZDA,Tramoni M.,C,,,False,True
24,BOSS ROMAZDA,Casadei,C,,,False,True
24,BOSS ROMAZDA,Ondrejka,C,6.0,6.0,False,True
24,BOSS ROMAZDA,Baschirotto,D,,,False,True
24,BOSS ROMAZDA,Delprato,D,6.5,6.5,True,True
24,BOSS ROMAZDA,Juan Jesus,D,6.5,6.0,False,True
24,BOSS ROMAZDA,Heggem,D,,,False,True
24,BOSS ROMAZDA,Hien,D,5.5,5.5,False,True
24,BOSS ROMAZDA,Sportiello,P,,,False,True
24,BOSS ROMAZDA,Rossi F.,P,,,False,True
24,XIAO SHI,Sommer,P,6.0,7.0,True,False
24,XIAO SHI,Wesley,D,5.5,5.5,True,False
24,XIAO SHI,Solet,D,,,False,False
24,XIAO SHI,Marusic,D,6.5,6.5,True,False
24,XIAO SHI,Kalulu,D,,,False,False
24,XIAO SHI,Muharemovic,D,,,False,False
24,XIAO SHI,Vergara,C,6.0,6.0,True,False
24,XIAO SHI,Zambo Anguissa,C,,,False,False
24,XIAO SHI,El Aynaoui,C,6.0,5.5,True,False
24,XIAO SHI,Solomon,A,6.0,6.0,True,False
24,XIAO SHI,Nkunku,A,,,False,False
24,XIAO SHI,Adams C.,A,,,False,True
24,XIAO SHI,Ferguson E.,A,,,False,True
24,XIAO SHI,Openda,A,5.0,5.0,True,True
24,XIAO SHI,Bonazzoli,A,5.5,5.5,False,True
24,XIAO SHI,Mina,D,5.0,4.0,True,True
24,XIAO SHI,Vojvoda,D,7.0,11.0,True,True
24,XIAO SHI,Terracciano F.,D,6.0,6.0,True,True
24,XIAO SHI,Konè M.,C,6.0,6.0,True,True
24,XIAO SHI,Mazzitelli,C,5.5,5.5,False,True
24,XIAO SHI,Taylor K.,C,6.0,6.0,False,True
24,XIAO SHI,Fofana Y.,C,,,False,True
24,XIAO SHI,Matic,C,,,False,True
24,XIAO SHI,Martinez Jo.,P,,,False,True
24,XIAO SHI,Muric,P,6.0,7.0,False,True
24,BALZARETTI42,De Gea,P,6.0,7.0,True,False
24,BALZARETTI42,Valle,D,6.0,6.0,True,False
24,BALZARETTI42,De Winter,D,5.5,5.5,True,False
24,BALZARETTI42,Djimsiti,D,6.0,6.0,True,False
24,BALZARETTI42,Ramon,D,6.5,6.5,True,False
24,BALZARETTI42,Dodò,D,6.5,6.0,True,False
24,BALZARETTI42,Thorsby,C,5.5,5.0,True,False
24,BALZARETTI42,Perrone,C,7.0,7.0,True,False
24,BALZARETTI42,Cataldi,C,6.5,6.5,True,False
24,BALZARETTI42,Gudmundsson A.,C,,,False,False
24,BALZARETTI42,Kean,A,7.0,11.0,True,False
24,BALZARETTI42,Cancellieri,A,5.5,5.5,False,True
24,BALZARETTI42,Lukaku,A,,,False,True
24,BALZARETTI42,Morata,A,,,False,True
24,BALZARETTI42,Diao,A,,,False,True
24,BALZARETTI42,De Ketelaere,A,,,False,True
24,BALZARETTI42,Caqueret,C,7.0,9.0,True,True
24,BALZARETTI42,Basic,C,,,False,True
24,BALZARETTI42,De Roon,C,6.0,6.0,False,True
24,BALZARETTI42,Pobega,C,6.0,6.0,False,True
24,BALZARETTI42,Cabal,D,,,False,True
24,BALZARETTI42,Tsimikas,D,,,False,True
24,BALZARETTI42,Idzes,D,6.5,6.5,False,True
24,BALZARETTI42,Paleari,P,5.0,2.0,False,True
24,BALZARETTI42,Lezzerini,P,,,False,True
25,BALZARETTI42,De Gea,P,6.0,3.0,True,False
25,BALZARETTI42,Valle,D,,,False,False
25,BALZARETTI42,Ramon,D,6.5,6.5,True,False
25,BALZARETTI42,Djimsiti,D,6.0,6.0,True,False
25,BALZARETTI42,Dodò,D,,,False,False
25,BALZARETTI42,Gudmundsson A.,C,5.0,5.0,True,False
25,BALZARETTI42,Perrone,C,7.0,8.0,True,False
25,BALZARETTI42,Cataldi,C,6.0,6.0,True,False
25,BALZARETTI42,De Roon,C,5.0,5.0,True,False
25,BALZARETTI42,Caqueret,C,6.5,6.5,True,False
25,BALZARETTI42,Kean,A,5.5,5.5,True,False
25,BALZARETTI42,De Ketelaere,A,,,False,True
25,BALZARETTI42,Lukaku,A,7.0,10.5,False,True
25,BALZARETTI42,Morata,A,5.5,5.5,False,True
25,BALZARETTI42,Cancellieri,A,5.0,5.0,False,True
25,BALZARETTI42,Diao,A,,,False,True
25,BALZARETTI42,Pobega,C,,,False,True
25,BALZARETTI42,Thorsby,C,6.0,6.0,False,True
25,BALZARETTI42,Basic,C,,,False,True
25,BALZARETTI42,De Winter,D,6.5,7.5,True,True
25,BALZARETTI42,Cabal,D,,,False,True
25,BALZARETTI42,Idzes,D,6.5,6.0,True,True
25,BALZARETTI42,Tsimikas,D,,,False,True
25,BALZARETTI42,Paleari,P,6.5,7.5,False,True
25,BALZARETTI42,Lezzerini,P,,,False,True
25,TEAM SITH,Svilar,P,6.0,3.0,True,False
25,TEAM SITH,Buongiorno,D,6.0,6.0,True,False
25,TEAM SITH,Romagnoli,D,5.5,5.5,True,False
25,TEAM SITH,Gosens,D,,,False,False
25,TEAM SITH,Bellanova,D,6.0,6.0,True,False
25,TEAM SITH,Frendrup,C,6.0,6.0,True,False
25,TEAM SITH,Rabiot,C,6.5,6.5,True,False
25,TEAM SITH,Ekkelenkamp,C,6.0,6.0,True,False
25,TEAM SITH,Isaksen,C,5.5,5.5,True,False
25,TEAM SITH,Durosinmi,A,6.0,6.0,True,False
25,TEAM SITH,Colombo,A,6.0,6.0,True,False
25,TEAM SITH,Gollini,P,,,False,True
25,TEAM SITH,Zelezny,P,,,False,True
25,TEAM SITH,Coco,D,6.5,6.5,True,True
25,TEAM SITH,Kabasele,D,7.0,10.0,False,True
25,TEAM SITH,Martin,D,5.5,5.5,False,True
25,TEAM SITH,Belghali,D,,,False,True
25,TEAM SITH,Thuram K.,C,6.0,6.0,False,True
25,TEAM SITH,Baturina,C,,,False,True
25,TEAM SITH,Loftus-Cheek,C,,,False,True
25,TEAM SITH,McTominay,C,,,False,True
25,TEAM SITH,Banda,A,6.0,6.5,False,True
25,TEAM SITH,Soulè,A,,,False,True
25,TEAM SITH,Ekhator,A,5.5,5.5,False,True
25,TEAM SITH,Orban G.,A,,,False,True
25,BOSS ROMAZDA,Carnesecchi,P,6.5,4.5,True,False
25,BOSS ROMAZDA,Kolasinac,D,5.0,5.0,True,False
25,BOSS ROMAZDA,Bisseck,D,6.0,6.0,True,False
25,BOSS ROMAZDA,Carlos Augusto,D,6.5,6.5,True,False
25,BOSS ROMAZDA,Rowe,C,6.0,6.0,True,False
25,BOSS ROMAZDA,Fagioli,C,5.5,5.5,True,False
25,BOSS ROMAZDA,Thorstvedt,C,7.0,10.0,True,False
25,BOSS ROMAZDA,Pulisic,C,5.0,5.0,True,False
25,BOSS ROMAZDA,Simeone,A,7.0,11.0,True,False
25,BOSS ROMAZDA,Hojlund,A,6.5,8.5,True,False
25,BOSS ROMAZDA,Pinamonti,A,4.0,3.0,True,False
25,BOSS ROMAZDA,Kulenovic,A,,,False,True
25,BOSS ROMAZDA,David,A,5.5,5.5,False,True
25,BOSS ROMAZDA,Martinez L.,A,,,False,True
25,BOSS ROMAZDA,Brescianini,C,6.0,6.0,False,True
25,BOSS ROMAZDA,Tramoni M.,C,,,False,True
25,BOSS ROMAZDA,Casadei,C,6.0,6.0,False,True
25,BOSS ROMAZDA,Ondrejka,C,,,False,True
25,BOSS ROMAZDA,Baschirotto,D,,,False,True
25,BOSS ROMAZDA,Delprato,D,6.0,6.0,False,True
25,BOSS ROMAZDA,Juan Jesus,D,6.0,5.5,False,True
25,BOSS ROMAZDA,Heggem,D,,,False,True
25,BOSS ROMAZDA,Hien,D,6.0,6.0,False,True
25,BOSS ROMAZDA,Sportiello,P,,,False,True
25,BOSS ROMAZDA,Rossi F.,P,,,False,True
25,MIZI-MAIGO,Falcone,P,6.0,3.0,True,False
25,MIZI-MAIGO,Dimarco,D,7.0,11.0,True,False
25,MIZI-MAIGO,Valeri,D,6.0,6.0,True,False
25,MIZI-MAIGO,Celik,D,6.0,6.0,True,False
25,MIZI-MAIGO,Zalewski,C,5.5,5.0,True,False
25,MIZI-MAIGO,Pellegrini Lo.,C,6.0,7.0,True,False
25,MIZI-MAIGO,Pisilli,C,7.5,8.5,True,False
25,MIZI-MAIGO,Zaniolo,C,7.0,8.0,True,False
25,MIZI-MAIGO,Kilicsoy,A,5.5,5.5,True,False
25,MIZI-MAIGO,Scamacca,A,5.5,5.5,True,False
25,MIZI-MAIGO,Esposito Se.,A,6.5,7.0,True,False
25,MIZI-MAIGO,Borrelli,A,,,False,True
25,MIZI-MAIGO,Belotti,A,,,False,True
25,MIZI-MAIGO,Moreo,A,6.5,6.5,False,True
25,MIZI-MAIGO,Cristante,C,5.5,5.5,False,True
25,MIZI-MAIGO,Politano,C,6.0,6.0,False,True
25,MIZI-MAIGO,Frattesi,C,6.0,6.0,False,True
25,MIZI-MAIGO,El Shaarawy,C,,,False,True
25,MIZI-MAIGO,Bastoni,D,,,False,True
25,MIZI-MAIGO,Acerbi,D,,,False,True
25,MIZI-MAIGO,Darmian,D,,,False,True
25,MIZI-MAIGO,Pellegrini Lu.,D,5.0,5.0,False,True
25,MIZI-MAIGO,Di Lorenzo,D,,,False,True
25,MIZI-MAIGO,Perin,P,5.5,2.5,False,True
25,MIZI-MAIGO,Di Gregorio,P,,,False,True
25,SANSHIMI,Butez,P,6.0,5.0,True,False
25,SANSHIMI,Idrissi R.,D,,,False,False
25,SANSHIMI,Pavlovic,D,7.0,11.0,True,False
25,SANSHIMI,Rrahmani,D,,,False,False
25,SANSHIMI,Doig,D,,,False,False
25,SANSHIMI,Pasalic,C,5.0,5.0,True,False
25,SANSHIMI,Bernabè,C,6.5,6.5,True,False
25,SANSHIMI,Atta,C,,,False,False
25,SANSHIMI,Krstovic,A,6.0,6.0,True,False
25,SANSHIMI,Douvikas,A,7.0,9.0,True,False
25,SANSHIMI,Thuram,A,5.5,5.5,True,False
25,SANSHIMI,Odgaard,C,7.0,11.0,True,True
25,SANSHIMI,Zaccagni,C,5.5,5.5,False,True
25,SANSHIMI,Sucic P.,C,,,False,True
25,SANSHIMI,Berisha M.,C,,,False,True
25,SANSHIMI,Venturino,C,,,False,True
25,SANSHIMI,Bonny,A,6.5,6.5,False,True
25,SANSHIMI,Vaz,A,,,False,True
25,SANSHIMI,Ratkov,A,5.0,5.0,False,True
25,SANSHIMI,Okoye,P,6.0,7.0,False,True
25,SANSHIMI,Sava,P,,,False,True
25,SANSHIMI,Bremer,D,5.5,6.5,True,True
25,SANSHIMI,Comuzzo,D,6.0,6.0,True,True
25,SANSHIMI,Parisi,D,5.0,4.5,True,True
25,SANSHIMI,Zortea,D,6.0,6.0,False,True
25,XIAO SHI,Sommer,P,6.0,7.0,True,False
25,XIAO SHI,Wesley,D,7.0,8.5,True,False
25,XIAO SHI,Vojvoda,D,6.0,6.0,True,False
25,XIAO SHI,Marusic,D,5.0,5.0,True,False
25,XIAO SHI,Kalulu,D,5.5,5.5,True,False
25,XIAO SHI,Vergara,C,6.5,6.5,True,False
25,XIAO SHI,Zambo Anguissa,C,,,False,False
25,XIAO SHI,Konè M.,C,6.5,7.5,True,False
25,XIAO SHI,Fofana Y.,C,6.5,6.5,True,False
25,XIAO SHI,Bonazzoli,A,6.0,6.0,True,False
25,XIAO SHI,Openda,A,,,False,False
25,XIAO SHI,Nkunku,A,6.5,7.5,True,True
25,XIAO SHI,Solomon,A,,,False,True
25,XIAO SHI,Adams C.,A,,,False,True
25,XIAO SHI,Ferguson E.,A,,,False,True
25,XIAO SHI,Solet,D,,,False,True
25,XIAO SHI,Mina,D,,,False,True
25,XIAO SHI,Terracciano F.,D,5.5,5.0,False,True
25,XIAO SHI,Muharemovic,D,6.5,6.5,False,True
25,XIAO SHI,Taylor K.,C,5.0,5.0,True,True
25,XIAO SHI,El Aynaoui,C,5.5,5.5,False,True
25,XIAO SHI,Mazzitelli,C,,,False,True
25,XIAO SHI,Matic,C,6.0,5.5,False,True
25,XIAO SHI,Martinez Jo.,P,,,False,True
25,XIAO SHI,Muric,P,7.5,6.5,False,True
25,MARIO GO,Maignan,P,6.0,7.0,True,False
25,MARIO GO,Spinazzola,D,6.0,6.0,True,False
25,MARIO GO,Zappacosta,D,6.5,7.5,True,False
25,MARIO GO,Maripan,D,,,False,False
25,MARIO GO,Orsolini,C,5.5,5.5,True,False
25,MARIO GO,Barella,C,6.0,6.0,True,False
25,MARIO GO,Vlasic,C,6.0,5.5,True,False
25,MARIO GO,Da Cunha,C,7.0,8.0,True,False
25,MARIO GO,Laurientè,A,7.0,9.0,True,False
25,MARIO GO,Pellegrino M.,A,5.5,5.0,True,False
25,MARIO GO,Cambiaghi,A,5.5,5.5,True,False
25,MARIO GO,Terracciano,P,,,False,True
25,MARIO GO,Torriani,P,,,False,True
25,MARIO GO,Rensch,D,6.5,6.5,True,True
25,MARIO GO,Miranda J.,D,,,False,True
25,MARIO GO,Lucumì,D,6.0,5.5,False,True
25,MARIO GO,Vasquez,D,6.0,6.0,False,True
25,MARIO GO,Dumfries,D,,,False,True
25,MARIO GO,Mandragora,C,5.5,5.5,False,True
25,MARIO GO,Vandeputte,C,6.5,6.5,False,True
25,MARIO GO,Gaetano,C,,,False,True
25,MARIO GO,Dovbyk,A,,,False,True
25,MARIO GO,Boga,A,7.0,9.0,False,True
25,MARIO GO,Giovane,A,6.5,7.5,False,True
25,MARIO GO,Locatelli,C,,,False,True
25,X-17,Provedel,P,6.0,4.0,True,False
25,X-17,Cambiaso,D,5.0,5.0,True,False
25,X-17,Tomori,D,6.5,6.5,True,False
25,X-17,Scalvini,D,5.5,5.5,True,False
25,X-17,Lazaro,D,6.5,6.5,True,False
25,X-17,Conceicao,C,6.5,8.5,True,False
25,X-17,Modric,C,7.0,7.0,True,False
25,X-17,Saelemaekers,C,5.5,5.5,True,False
25,X-17,Calhanoglu,C,7.0,8.5,True,False
25,X-17,Yildiz,A,5.5,5.5,True,False
25,X-17,Dybala,A,,,False,False
25,X-17,Furlanetto,P,,,False,True
25,X-17,Motta,P,,,False,True
25,X-17,Gabbia,D,,,False,True
25,X-17,Ziolkowski,D,,,False,True
25,X-17,Angori,D,6.0,6.0,False,True
25,X-17,Zappa,D,,,False,True
25,X-17,Strefezza,C,6.0,6.0,False,True
25,X-17,Karlstrom,C,6.5,6.5,False,True
25,X-17,Baldanzi,C,5.5,5.5,False,True
25,X-17,De Bruyne,C,,,False,True
25,X-17,Castro S.,A,6.0,6.0,True,True
25,X-17,Rodriguez Je.,A,7.5,12.5,False,True
25,X-17,Vitinha O.,A,5.5,5.5,False,True
25,X-17,Vlahovic,A,,,False,True
25,TEAM BRAUNA,Milinkovic-Savic V.,P,,,False,False
25,TEAM BRAUNA,Bernasconi,D,6.0,5.5,True,False
25,TEAM BRAUNA,Kempf,D,6.5,8.5,True,False
25,TEAM BRAUNA,Akanji,D,6.0,6.0,True,False
25,TEAM BRAUNA,Palestra,D,6.5,6.5,True,False
25,TEAM BRAUNA,Santos A.,C,6.0,6.0,True,False
25,TEAM BRAUNA,Zielinski,C,6.0,6.0,True,False
25,TEAM BRAUNA,Maldini,C,,,False,False
25,TEAM BRAUNA,Konè I.,C,7.0,10.0,True,False
25,TEAM BRAUNA,Leao,A,6.0,8.0,True,False
25,TEAM BRAUNA,Malen,A,7.0,9.0,True,False
25,TEAM BRAUNA,Meret,P,6.0,5.0,True,True
25,TEAM BRAUNA,Contini,P,,,False,True
25,TEAM BRAUNA,Gila,D,,,False,True
25,TEAM BRAUNA,Bartesaghi,D,6.0,6.0,False,True
25,TEAM BRAUNA,Norton-Cuffy,D,,,False,True
25,TEAM BRAUNA,Holm,D,,,False,True
25,TEAM BRAUNA,Zaragoza,C,,,False,True
25,TEAM BRAUNA,Elmas,C,6.0,5.5,True,True
25,TEAM BRAUNA,McKennie,C,6.0,7.0,False,True
25,TEAM BRAUNA,Miretti,C,6.0,6.0,False,True
25,TEAM BRAUNA,Fullkrug,A,6.0,6.0,False,True
25,TEAM BRAUNA,Addai,A,,,False,True
25,TEAM BRAUNA,Raspadori,A,,,False,True
25,TEAM BRAUNA,Davis K.,A,7.5,10.5,False,True
25,TEAM CHENFENGZI,Skorupski,P,7.0,8.0,True,False
25,TEAM CHENFENGZI,Mancini,D,6.0,6.0,True,False
25,TEAM CHENFENGZI,N'Dicka,D,6.5,8.5,True,False
25,TEAM CHENFENGZI,Ostigard,D,6.0,6.0,True,False
25,TEAM CHENFENGZI,Kelly L.,D,5.0,5.0,True,False
25,TEAM CHENFENGZI,Lobotka,C,5.5,5.5,True,False
25,TEAM CHENFENGZI,Ederson D.S.,C,,,False,False
25,TEAM CHENFENGZI,Paz N.,C,6.0,6.0,True,False
25,TEAM CHENFENGZI,Malinovskyi,C,5.0,4.5,True,False
25,TEAM CHENFENGZI,Vardy,A,6.0,6.0,True,False
25,TEAM CHENFENGZI,Berardi,A,6.5,6.5,True,False
25,TEAM CHENFENGZI,Luis Henrique,C,6.5,6.5,True,True
25,TEAM CHENFENGZI,Gutierrez,D,6.0,6.0,False,True
25,TEAM CHENFENGZI,Nzola,A,6.0,6.0,False,True
25,TEAM CHENFENGZI,Esposito F.P.,A,6.0,6.0,False,True
25,TEAM CHENFENGZI,Mkhitaryan,C,7.0,7.5,False,True
25,TEAM CHENFENGZI,Ghilardi,D,6.0,6.0,False,True
25,TEAM CHENFENGZI,Caprile,P,7.0,6.0,False,True
25,TEAM CHENFENGZI,Hermoso,D,,,False,True
25,TEAM CHENFENGZI,Bernardeschi,C,5.5,5.5,False,True
25,TEAM CHENFENGZI,Ricci S.,C,6.0,6.0,False,True
25,TEAM CHENFENGZI,Meister,A,,,False,True
25,TEAM CHENFENGZI,Piccoli,A,5.5,5.5,False,True
25,TEAM CHENFENGZI,Angelino,D,,,False,True
25,TEAM CHENFENGZI,Ravaglia F.,P,,,False,True
26,BALZARETTI42,De Gea,P,6.0,7.0,True,False
26,BALZARETTI42,Valle,D,,,False,False
26,BALZARETTI42,Ramon,D,5.5,5.0,True,False
26,BALZARETTI42,De Winter,D,6.5,6.5,True,False
26,BALZARETTI42,Dodò,D,6.0,5.5,True,False
26,BALZARETTI42,Gudmundsson A.,C,5.5,5.5,True,False
26,BALZARETTI42,Perrone,C,6.0,6.0,True,False
26,BALZARETTI42,Cataldi,C,6.0,6.0,True,False
26,BALZARETTI42,Caqueret,C,,,False,False
26,BALZARETTI42,Kean,A,,,False,False
26,BALZARETTI42,Lukaku,A,,,False,False
26,BALZARETTI42,De Ketelaere,A,,,False,True
26,BALZARETTI42,Diao,A,,,False,True
26,BALZARETTI42,Cancellieri,A,7.0,8.0,True,True
26,BALZARETTI42,Morata,A,6.0,6.0,True,True
26,BALZARETTI42,Thorsby,C,5.5,5.5,True,True
26,BALZARETTI42,De Roon,C,6.0,5.5,False,True
26,BALZARETTI42,Pobega,C,,,False,True
26,BALZARETTI42,Basic,C,,,False,True
26,BALZARETTI42,Djimsiti,D,,,False,True
26,BALZARETTI42,Cabal,D,,,False,True
26,BALZARETTI42,Idzes,D,5.5,5.5,True,True
26,BALZARETTI42,Tsimikas,D,5.0,5.0,False,True
26,BALZARETTI42,Paleari,P,6.0,4.0,False,True
26,BALZARETTI42,Lezzerini,P,,,False,True
26,TEAM CHENFENGZI,Skorupski,P,6.5,4.5,True,False
26,TEAM CHENFENGZI,Mancini,D,5.5,5.5,True,False
26,TEAM CHENFENGZI,N'Dicka,D,6.5,8.0,True,False
26,TEAM CHENFENGZI,Ostigard,D,7.0,7.0,True,False
26,TEAM CHENFENGZI,Kelly L.,D,6.0,6.0,True,False
26,TEAM CHENFENGZI,Malinovskyi,C,6.5,6.5,True,False
26,TEAM CHENFENGZI,Paz N.,C,6.0,6.0,True,False
26,TEAM CHENFENGZI,Bernardeschi,C,6.0,6.0,True,False
26,TEAM CHENFENGZI,Nzola,A,6.0,6.0,True,False
26,TEAM CHENFENGZI,Vardy,A,5.0,5.0,True,False
26,TEAM CHENFENGZI,Berardi,A,5.5,5.5,True,False
26,TEAM CHENFENGZI,Luis Henrique,C,5.0,5.0,False,True
26,TEAM CHENFENGZI,Gutierrez,D,6.0,6.0,False,True
26,TEAM CHENFENGZI,Esposito F.P.,A,5.5,5.5,False,True
26,TEAM CHENFENGZI,Ghilardi,D,6.0,6.0,False,True
26,TEAM CHENFENGZI,Caprile,P,6.0,4.0,False,True
26,TEAM CHENFENGZI,Hermoso,D,,,False,True
26,TEAM CHENFENGZI,Ricci S.,C,6.0,6.0,False,True
26,TEAM CHENFENGZI,Meister,A,,,False,True
26,TEAM CHENFENGZI,Piccoli,A,5.0,5.0,False,True
26,TEAM CHENFENGZI,Angelino,D,,,False,True
26,TEAM CHENFENGZI,Ravaglia F.,P,,,False,True
26,TEAM CHENFENGZI,Mkhitaryan,C,6.0,6.0,False,True
26,TEAM SITH,Svilar,P,6.5,4.5,True,False
26,TEAM SITH,Buongiorno,D,6.5,6.5,True,False
26,TEAM SITH,Romagnoli,D,6.0,6.0,True,False
26,TEAM SITH,Gosens,D,6.0,6.0,True,False
26,TEAM SITH,Bellanova,D,5.5,5.5,True,False
26,TEAM SITH,Baturina,C,7.0,9.0,True,False
26,TEAM SITH,Rabiot,C,6.5,6.0,True,False
26,TEAM SITH,Thuram K.,C,7.0,9.0,True,False
26,TEAM SITH,Isaksen,C,6.0,6.0,True,False
26,TEAM SITH,Orban G.,A,6.5,7.5,True,False
26,TEAM SITH,Colombo,A,6.0,6.0,True,False
26,TEAM SITH,Gollini,P,,,False,True
26,TEAM SITH,Zelezny,P,,,False,True
26,TEAM SITH,Ekkelenkamp,C,6.0,6.0,False,True
26,TEAM SITH,Frendrup,C,6.0,6.0,False,True
26,TEAM SITH,Loftus-Cheek,C,,,False,True
26,TEAM SITH,McTominay,C,,,False,True
26,TEAM SITH,Soulè,A,,,False,True
26,TEAM SITH,Banda,A,6.5,6.5,False,True
26,TEAM SITH,Durosinmi,A,5.5,5.5,False,True
26,TEAM SITH,Ekhator,A,6.5,6.5,False,True
26,TEAM SITH,Kabasele,D,5.5,5.5,False,True
26,TEAM SITH,Belghali,D,,,False,True
26,TEAM SITH,Coco,D,6.0,6.0,False,True
26,TEAM SITH,Martin,D,6.0,6.0,False,True
26,SANSHIMI,Butez,P,6.5,5.5,True,False
26,SANSHIMI,Zortea,D,6.0,7.0,True,False
26,SANSHIMI,Pavlovic,D,7.0,7.0,True,False
26,SANSHIMI,Bremer,D,6.0,5.5,True,False
26,SANSHIMI,Doig,D,6.0,6.0,True,False
26,SANSHIMI,Zaccagni,C,5.5,5.5,True,False
26,SANSHIMI,Venturino,C,5.5,5.5,True,False
26,SANSHIMI,Berisha M.,C,,,False,False
26,SANSHIMI,Vaz,A,,,False,False
26,SANSHIMI,Douvikas,A,6.0,6.0,True,False
26,SANSHIMI,Ratkov,A,,,False,False
26,SANSHIMI,Odgaard,C,5.5,5.5,True,True
26,SANSHIMI,Atta,C,6.0,6.0,False,True
26,SANSHIMI,Pasalic,C,6.5,6.5,False,True
26,SANSHIMI,Bernabè,C,,,False,True
26,SANSHIMI,Sucic P.,C,5.5,5.5,False,True
26,SANSHIMI,Thuram,A,,,False,True
26,SANSHIMI,Krstovic,A,6.5,6.5,True,True
26,SANSHIMI,Bonny,A,5.0,5.0,True,True
26,SANSHIMI,Okoye,P,5.5,3.0,False,True
26,SANSHIMI,Sava,P,,,False,True
26,SANSHIMI,Comuzzo,D,,,False,True
26,SANSHIMI,Parisi,D,,,False,True
26,SANSHIMI,Rrahmani,D,,,False,True
26,SANSHIMI,Idrissi R.,D,,,False,True
26,X-17,Provedel,P,,,False,False
26,X-17,Cambiaso,D,7.0,10.0,True,False
26,X-17,Tomori,D,6.0,6.0,True,False
26,X-17,Lazaro,D,5.0,4.5,True,False
26,X-17,Conceicao,C,7.0,8.0,True,False
26,X-17,Calhanoglu,C,,,False,False
26,X-17,Modric,C,7.0,6.5,True,False
26,X-17,Saelemaekers,C,6.0,6.0,True,False
26,X-17,Yildiz,A,7.5,11.5,True,False
26,X-17,Dybala,A,,,False,False
26,X-17,Rodriguez Je.,A,6.0,6.0,True,False
26,X-17,Furlanetto,P,,,False,True
26,X-17,Motta,P,6.0,5.0,True,True
26,X-17,Gabbia,D,,,False,True
26,X-17,Scalvini,D,,,False,True
26,X-17,Angori,D,5.5,5.5,False,True
26,X-17,Ziolkowski,D,,,False,True
26,X-17,Zappa,D,6.0,6.0,False,True
26,X-17,De Bruyne,C,,,False,True
26,X-17,Baldanzi,C,,,False,True
26,X-17,Strefezza,C,6.0,6.0,True,True
26,X-17,Karlstrom,C,6.0,6.0,False,True
26,X-17,Vlahovic,A,,,False,True
26,X-17,Castro S.,A,5.0,5.0,True,True
26,X-17,Vitinha O.,A,7.0,10.0,False,True
26,BOSS ROMAZDA,Carnesecchi,P,6.0,4.0,True,False
26,BOSS ROMAZDA,Juan Jesus,D,6.0,6.0,True,False
26,BOSS ROMAZDA,Bisseck,D,5.5,5.5,True,False
26,BOSS ROMAZDA,Delprato,D,6.5,7.5,True,False
26,BOSS ROMAZDA,Rowe,C,7.0,9.0,True,False
26,BOSS ROMAZDA,Fagioli,C,5.5,5.5,True,False
26,BOSS ROMAZDA,Thorstvedt,C,6.5,7.5,True,False
26,BOSS ROMAZDA,Pulisic,C,6.5,6.5,True,False
26,BOSS ROMAZDA,Simeone,A,5.5,5.5,True,False
26,BOSS ROMAZDA,Hojlund,A,6.0,6.0,True,False
26,BOSS ROMAZDA,David,A,5.0,5.0,True,False
26,BOSS ROMAZDA,Kulenovic,A,5.5,5.5,False,True
26,BOSS ROMAZDA,Martinez L.,A,,,False,True
26,BOSS ROMAZDA,Pinamonti,A,,,False,True
26,BOSS ROMAZDA,Brescianini,C,,,False,True
26,BOSS ROMAZDA,Ondrejka,C,,,False,True
26,BOSS ROMAZDA,Casadei,C,6.5,8.5,False,True
26,BOSS ROMAZDA,Tramoni M.,C,,,False,True
26,BOSS ROMAZDA,Hien,D,5.5,5.5,False,True
26,BOSS ROMAZDA,Kolasinac,D,6.0,6.0,False,True
26,BOSS ROMAZDA,Carlos Augusto,D,6.0,6.0,False,True
26,BOSS ROMAZDA,Baschirotto,D,,,False,True
26,BOSS ROMAZDA,Heggem,D,,,False,True
26,BOSS ROMAZDA,Sportiello,P,,,False,True
26,BOSS ROMAZDA,Rossi F.,P,,,False,True
26,MIZI-MAIGO,Falcone,P,6.5,5.5,True,False
26,MIZI-MAIGO,Dimarco,D,5.5,5.5,True,False
26,MIZI-MAIGO,Bastoni,D,6.0,5.5,True,False
26,MIZI-MAIGO,Celik,D,5.5,5.5,True,False
26,MIZI-MAIGO,Zalewski,C,6.5,7.5,True,False
26,MIZI-MAIGO,Pellegrini Lo.,C,5.0,5.0,True,False
26,MIZI-MAIGO,Pisilli,C,5.5,5.5,True,False
26,MIZI-MAIGO,Zaniolo,C,6.5,7.5,True,False
26,MIZI-MAIGO,Kilicsoy,A,,,False,False
26,MIZI-MAIGO,Scamacca,A,7.5,13.5,True,False
26,MIZI-MAIGO,Esposito Se.,A,7.0,8.5,True,False
26,MIZI-MAIGO,Borrelli,A,,,False,True
26,MIZI-MAIGO,Belotti,A,,,False,True
26,MIZI-MAIGO,Moreo,A,6.0,6.0,True,True
26,MIZI-MAIGO,Politano,C,6.5,7.5,False,True
26,MIZI-MAIGO,Cristante,C,6.0,5.5,False,True
26,MIZI-MAIGO,Frattesi,C,5.5,5.5,False,True
26,MIZI-MAIGO,El Shaarawy,C,,,False,True
26,MIZI-MAIGO,Valeri,D,6.0,6.0,False,True
26,MIZI-MAIGO,Acerbi,D,,,False,True
26,MIZI-MAIGO,Darmian,D,,,False,True
26,MIZI-MAIGO,Pellegrini Lu.,D,,,False,True
26,MIZI-MAIGO,Di Lorenzo,D,,,False,True
26,MIZI-MAIGO,Perin,P,6.5,7.5,False,True
26,MIZI-MAIGO,Di Gregorio,P,,,False,True
26,TEAM BRAUNA,Milinkovic-Savic V.,P,6.0,5.0,True,False
26,TEAM BRAUNA,Bernasconi,D,6.0,6.0,True,False
26,TEAM BRAUNA,Kempf,D,5.5,5.5,True,False
26,TEAM BRAUNA,Gila,D,7.0,7.0,True,False
26,TEAM BRAUNA,Palestra,D,6.5,6.0,True,False
26,TEAM BRAUNA,Santos A.,C,7.0,10.0,True,False
26,TEAM BRAUNA,McKennie,C,6.0,6.0,True,False
26,TEAM BRAUNA,Maldini,C,7.0,9.0,True,False
26,TEAM BRAUNA,Leao,A,5.5,5.5,True,False
26,TEAM BRAUNA,Malen,A,5.5,5.0,True,False
26,TEAM BRAUNA,Davis K.,A,7.0,9.0,True,False
26,TEAM BRAUNA,Meret,P,,,False,True
26,TEAM BRAUNA,Contini,P,,,False,True
26,TEAM BRAUNA,Akanji,D,6.0,6.0,False,True
26,TEAM BRAUNA,Bartesaghi,D,,,False,True
26,TEAM BRAUNA,Holm,D,,,False,True
26,TEAM BRAUNA,Norton-Cuffy,D,,,False,True
26,TEAM BRAUNA,Konè I.,C,6.0,6.0,False,True
26,TEAM BRAUNA,Zielinski,C,5.5,5.5,False,True
26,TEAM BRAUNA,Zaragoza,C,,,False,True
26,TEAM BRAUNA,Miretti,C,,,False,True
26,TEAM BRAUNA,Elmas,C,7.0,10.0,False,True
26,TEAM BRAUNA,Fullkrug,A,6.0,6.0,False,True
26,TEAM BRAUNA,Addai,A,,,False,True
26,TEAM BRAUNA,Raspadori,A,,,False,True
26,XIAO SHI,Sommer,P,6.0,5.0,True,False
26,XIAO SHI,Wesley,D,,,False,False
26,XIAO SHI,Vojvoda,D,6.0,6.0,True,False
26,XIAO SHI,Solet,D,,,False,False
26,XIAO SHI,Kalulu,D,6.5,6.5,True,False
26,XIAO SHI,Vergara,C,6.0,6.0,True,False
26,XIAO SHI,Zambo Anguissa,C,6.0,6.0,True,False
26,XIAO SHI,Konè M.,C,5.5,5.5,True,False
26,XIAO SHI,Fofana Y.,C,6.5,7.5,True,False
26,XIAO SHI,El Aynaoui,C,5.5,5.5,True,False
26,XIAO SHI,Bonazzoli,A,7.0,9.0,True,False
26,XIAO SHI,Solomon,A,,,False,True
26,XIAO SHI,Nkunku,A,,,False,True
26,XIAO SHI,Openda,A,,,False,True
26,XIAO SHI,Adams C.,A,6.0,7.0,False,True
26,XIAO SHI,Ferguson E.,A,,,False,True
26,XIAO SHI,Muharemovic,D,5.5,5.5,True,True
26,XIAO SHI,Mina,D,,,False,True
26,XIAO SHI,Marusic,D,7.0,11.0,True,True
26,XIAO SHI,Terracciano F.,D,,,False,True
26,XIAO SHI,Taylor K.,C,6.5,6.5,False,True
26,XIAO SHI,Matic,C,5.5,5.5,False,True
26,XIAO SHI,Mazzitelli,C,,,False,True
26,XIAO SHI,Martinez Jo.,P,,,False,True
26,XIAO SHI,Muric,P,5.0,3.0,False,True
26,MARIO GO,Maignan,P,6.5,7.5,True,False
26,MARIO GO,Spinazzola,D,6.5,7.0,True,False
26,MARIO GO,Zappacosta,D,6.0,6.0,True,False
26,MARIO GO,Rensch,D,5.5,5.5,True,False
26,MARIO GO,Orsolini,C,5.5,5.5,True,False
26,MARIO GO,Barella,C,5.5,5.5,True,False
26,MARIO GO,Da Cunha,C,7.5,11.5,True,False
26,MARIO GO,Locatelli,C,7.0,8.0,True,False
26,MARIO GO,Laurientè,A,7.0,8.5,True,False
26,MARIO GO,Pellegrino M.,A,5.5,5.5,True,False
26,MARIO GO,Boga,A,7.0,9.0,True,False
26,MARIO GO,Terracciano,P,,,False,True
26,MARIO GO,Torriani,P,,,False,True
26,MARIO GO,Dumfries,D,6.0,5.5,False,True
26,MARIO GO,Miranda J.,D,,,False,True
26,MARIO GO,Lucumì,D,5.0,5.0,False,True
26,MARIO GO,Vasquez,D,6.0,6.0,False,True
26,MARIO GO,Maripan,D,,,False,True
26,MARIO GO,Vlasic,C,6.5,6.5,False,True
26,MARIO GO,Mandragora,C,5.5,5.0,False,True
26,MARIO GO,Vandeputte,C,5.5,5.5,False,True
26,MARIO GO,Gaetano,C,,,False,True
26,MARIO GO,Dovbyk,A,,,False,True
26,MARIO GO,Giovane,A,,,False,True
26,MARIO GO,Cambiaghi,A,,,False,True
27,BOSS ROMAZDA,Carnesecchi,P,5.5,4.5,True,False
27,BOSS ROMAZDA,Juan Jesus,D,,,False,False
27,BOSS ROMAZDA,Bisseck,D,6.5,6.5,True,False
27,BOSS ROMAZDA,Delprato,D,5.0,4.5,True,False
27,BOSS ROMAZDA,Rowe,C,,,False,False
27,BOSS ROMAZDA,Fagioli,C,7.0,7.0,True,False
27,BOSS ROMAZDA,Thorstvedt,C,6.0,6.0,True,False
27,BOSS ROMAZDA,Pulisic,C,5.5,5.5,True,False
27,BOSS ROMAZDA,Simeone,A,7.5,9.5,True,False
27,BOSS ROMAZDA,Hojlund,A,7.0,9.0,True,False
27,BOSS ROMAZDA,David,A,,,False,False
27,BOSS ROMAZDA,Kulenovic,A,6.5,7.0,True,True
27,BOSS ROMAZDA,Martinez L.,A,,,False,True
27,BOSS ROMAZDA,Pinamonti,A,5.5,5.5,False,True
27,BOSS ROMAZDA,Brescianini,C,6.5,6.5,True,True
27,BOSS ROMAZDA,Ondrejka,C,,,False,True
27,BOSS ROMAZDA,Casadei,C,,,False,True
27,BOSS ROMAZDA,Tramoni M.,C,6.5,6.5,False,True
27,BOSS ROMAZDA,Hien,D,6.0,6.0,True,True
27,BOSS ROMAZDA,Kolasinac,D,5.5,5.0,False,True
27,BOSS ROMAZDA,Carlos Augusto,D,6.5,6.0,False,True
27,BOSS ROMAZDA,Baschirotto,D,,,False,True
27,BOSS ROMAZDA,Heggem,D,,,False,True
27,BOSS ROMAZDA,Sportiello,P,,,False,True
27,BOSS ROMAZDA,Rossi F.,P,,,False,True
27,XIAO SHI,Sommer,P,6.0,5.0,True,False
27,XIAO SHI,Wesley,D,5.5,4.5,True,False
27,XIAO SHI,Vojvoda,D,,,False,False
27,XIAO SHI,Solet,D,,,False,False
27,XIAO SHI,Kalulu,D,6.0,6.0,True,False
27,XIAO SHI,Mazzitelli,C,5.5,5.5,True,False
27,XIAO SHI,Zambo Anguissa,C,5.0,5.0,True,False
27,XIAO SHI,Konè M.,C,5.0,5.0,True,False
27,XIAO SHI,Fofana Y.,C,6.0,6.0,True,False
27,XIAO SHI,Bonazzoli,A,5.0,5.0,True,False
27,XIAO SHI,Nkunku,A,5.5,5.5,True,False
27,XIAO SHI,Solomon,A,,,False,True
27,XIAO SHI,Adams C.,A,7.0,8.0,False,True
27,XIAO SHI,Openda,A,,,False,True
27,XIAO SHI,Ferguson E.,A,,,False,True
27,XIAO SHI,Muharemovic,D,6.5,6.5,True,True
27,XIAO SHI,Mina,D,6.0,6.0,True,True
27,XIAO SHI,Marusic,D,6.5,7.5,False,True
27,XIAO SHI,Terracciano F.,D,,,False,True
27,XIAO SHI,El Aynaoui,C,,,False,True
27,XIAO SHI,Vergara,C,,,False,True
27,XIAO SHI,Taylor K.,C,6.5,6.5,False,True
27,XIAO SHI,Matic,C,5.5,5.5,False,True
27,XIAO SHI,Martinez Jo.,P,,,False,True
27,XIAO SHI,Muric,P,6.0,5.0,False,True
27,SANSHIMI,Butez,P,6.0,5.0,True,False
27,SANSHIMI,Zortea,D,5.5,5.0,True,False
27,SANSHIMI,Pavlovic,D,6.0,6.0,True,False
27,SANSHIMI,Bremer,D,6.5,6.5,True,False
27,SANSHIMI,Doig,D,6.0,6.0,True,False
27,SANSHIMI,Odgaard,C,6.5,6.5,True,False
27,SANSHIMI,Bernabè,C,,,False,False
27,SANSHIMI,Sucic P.,C,5.5,5.0,True,False
27,SANSHIMI,Krstovic,A,7.0,11.0,True,False
27,SANSHIMI,Thuram,A,5.5,5.5,True,False
27,SANSHIMI,Vaz,A,5.5,5.5,True,False
27,SANSHIMI,Berisha M.,C,,,False,True
27,SANSHIMI,Zaccagni,C,6.0,6.0,True,True
27,SANSHIMI,Atta,C,5.5,5.5,False,True
27,SANSHIMI,Venturino,C,,,False,True
27,SANSHIMI,Pasalic,C,5.5,5.5,False,True
27,SANSHIMI,Bonny,A,5.5,5.5,False,True
27,SANSHIMI,Ratkov,A,,,False,True
27,SANSHIMI,Douvikas,A,7.0,9.0,False,True
27,SANSHIMI,Okoye,P,7.0,6.0,False,True
27,SANSHIMI,Sava,P,,,False,True
27,SANSHIMI,Comuzzo,D,,,False,True
27,SANSHIMI,Parisi,D,7.0,10.0,False,True
27,SANSHIMI,Rrahmani,D,,,False,True
27,SANSHIMI,Idrissi R.,D,,,False,True
27,BALZARETTI42,Paleari,P,5.5,4.5,True,False
27,BALZARETTI42,Valle,D,6.5,7.5,True,False
27,BALZARETTI42,Ramon,D,6.5,6.5,True,False
27,BALZARETTI42,Cabal,D,,,False,False
27,BALZARETTI42,Dodò,D,7.5,9.5,True,False
27,BALZARETTI42,Gudmundsson A.,C,7.0,9.5,True,False
27,BALZARETTI42,Perrone,C,6.0,6.0,True,False
27,BALZARETTI42,Cataldi,C,,,False,False
27,BALZARETTI42,Caqueret,C,5.5,5.0,True,False
27,BALZARETTI42,Thorsby,C,5.5,5.5,True,False
27,BALZARETTI42,Lukaku,A,,,False,False
27,BALZARETTI42,Cancellieri,A,,,False,True
27,BALZARETTI42,De Ketelaere,A,6.0,5.5,True,True
27,BALZARETTI42,Diao,A,7.0,7.0,False,True
27,BALZARETTI42,Morata,A,,,False,True
27,BALZARETTI42,Kean,A,,,False,True
27,BALZARETTI42,Basic,C,,,False,True
27,BALZARETTI42,De Roon,C,6.0,6.0,True,True
27,BALZARETTI42,Pobega,C,,,False,True
27,BALZARETTI42,De Winter,D,5.5,5.5,True,True
27,BALZARETTI42,Djimsiti,D,6.0,6.0,False,True
27,BALZARETTI42,Tsimikas,D,5.5,5.5,False,True
27,BALZARETTI42,Idzes,D,5.5,5.5,False,True
27,BALZARETTI42,De Gea,P,6.0,5.0,False,True
27,BALZARETTI42,Lezzerini,P,,,False,True
27,TEAM CHENFENGZI,Skorupski,P,6.5,7.5,True,False
27,TEAM CHENFENGZI,Mancini,D,6.0,6.0,True,False
27,TEAM CHENFENGZI,Hermoso,D,5.0,5.0,True,False
27,TEAM CHENFENGZI,Ostigard,D,7.0,9.0,True,False
27,TEAM CHENFENGZI,Kelly L.,D,6.0,5.5,True,False
27,TEAM CHENFENGZI,Malinovskyi,C,6.0,6.0,True,False
27,TEAM CHENFENGZI,Paz N.,C,5.5,5.5,True,False
27,TEAM CHENFENGZI,Ricci S.,C,,,False,False
27,TEAM CHENFENGZI,Esposito F.P.,A,7.0,9.0,True,False
27,TEAM CHENFENGZI,Vardy,A,,,False,False
27,TEAM CHENFENGZI,Berardi,A,5.5,5.5,True,False
27,TEAM CHENFENGZI,Luis Henrique,C,5.5,5.5,True,True
27,TEAM CHENFENGZI,Gutierrez,D,6.0,6.0,False,True
27,TEAM CHENFENGZI,Ghilardi,D,5.5,5.0,False,True
27,TEAM CHENFENGZI,Caprile,P,6.0,3.0,False,True
27,TEAM CHENFENGZI,Meister,A,,,False,True
27,TEAM CHENFENGZI,Piccoli,A,7.5,11.5,True,True
27,TEAM CHENFENGZI,Angelino,D,,,False,True
27,TEAM CHENFENGZI,Mkhitaryan,C,6.0,6.0,False,True
27,TEAM CHENFENGZI,Ravaglia F.,P,,,False,True
27,TEAM CHENFENGZI,Bernardeschi,C,,,False,True
27,TEAM CHENFENGZI,Nzola,A,5.5,5.0,False,True
27,MIZI-MAIGO,Falcone,P,6.0,4.0,True,False
27,MIZI-MAIGO,Dimarco,D,6.0,6.0,True,False
27,MIZI-MAIGO,Bastoni,D,,,False,False
27,MIZI-MAIGO,Valeri,D,5.0,5.0,True,False
27,MIZI-MAIGO,Zalewski,C,5.5,5.5,True,False
27,MIZI-MAIGO,Pellegrini Lo.,C,6.5,6.5,True,False
27,MIZI-MAIGO,Pisilli,C,5.5,5.5,True,False
27,MIZI-MAIGO,Zaniolo,C,5.0,4.5,True,False
27,MIZI-MAIGO,Kilicsoy,A,5.0,5.0,True,False
27,MIZI-MAIGO,Scamacca,A,5.5,5.5,True,False
27,MIZI-MAIGO,Esposito Se.,A,,,False,False
27,MIZI-MAIGO,Borrelli,A,,,False,True
27,MIZI-MAIGO,Belotti,A,,,False,True
27,MIZI-MAIGO,Moreo,A,7.5,9.5,True,True
27,MIZI-MAIGO,Politano,C,7.5,12.5,False,True
27,MIZI-MAIGO,Cristante,C,5.0,5.0,False,True
27,MIZI-MAIGO,Frattesi,C,5.5,5.5,False,True
27,MIZI-MAIGO,El Shaarawy,C,6.5,6.5,False,True
27,MIZI-MAIGO,Celik,D,6.0,6.0,True,True
27,MIZI-MAIGO,Acerbi,D,,,False,True
27,MIZI-MAIGO,Darmian,D,,,False,True
27,MIZI-MAIGO,Pellegrini Lu.,D,,,False,True
27,MIZI-MAIGO,Di Lorenzo,D,,,False,True
27,MIZI-MAIGO,Perin,P,6.0,7.0,False,True
27,MIZI-MAIGO,Di Gregorio,P,,,False,True
27,MARIO GO,Maignan,P,6.0,5.0,True,False
27,MARIO GO,Spinazzola,D,6.0,6.0,True,False
27,MARIO GO,Zappacosta,D,6.5,6.5,True,False
27,MARIO GO,Vasquez,D,6.5,6.5,True,False
27,MARIO GO,Vlasic,C,7.0,8.0,True,False
27,MARIO GO,Barella,C,6.5,7.5,True,False
27,MARIO GO,Orsolini,C,6.0,6.0,True,False
27,MARIO GO,Locatelli,C,6.5,6.5,True,False
27,MARIO GO,Laurientè,A,6.0,6.0,True,False
27,MARIO GO,Pellegrino M.,A,7.0,9.0,True,False
27,MARIO GO,Boga,A,7.0,10.0,True,False
27,MARIO GO,Terracciano,P,,,False,True
27,MARIO GO,Torriani,P,,,False,True
27,MARIO GO,Dumfries,D,5.0,5.0,False,True
27,MARIO GO,Miranda J.,D,6.5,6.5,False,True
27,MARIO GO,Rensch,D,5.5,5.5,False,True
27,MARIO GO,Lucumì,D,6.5,6.5,False,True
27,MARIO GO,Maripan,D,,,False,True
27,MARIO GO,Da Cunha,C,7.0,8.0,False,True
27,MARIO GO,Mandragora,C,6.5,7.0,False,True
27,MARIO GO,Vandeputte,C,5.5,5.5,False,True
27,MARIO GO,Gaetano,C,5.5,5.5,False,True
27,MARIO GO,Dovbyk,A,,,False,True
27,MARIO GO,Giovane,A,,,False,True
27,MARIO GO,Cambiaghi,A,6.0,7.0,False,True
27,TEAM SITH,Svilar,P,6.0,4.0,True,False
27,TEAM SITH,Buongiorno,D,6.5,6.5,True,False
27,TEAM SITH,Martin,D,6.5,7.5,True,False
27,TEAM SITH,Belghali,D,5.5,5.5,True,False
27,TEAM SITH,Coco,D,6.5,6.5,True,False
27,TEAM SITH,Baturina,C,6.5,6.5,True,False
27,TEAM SITH,McTominay,C,6.5,6.5,True,False
27,TEAM SITH,Thuram K.,C,6.0,6.0,True,False
27,TEAM SITH,Frendrup,C,6.5,6.5,True,False
27,TEAM SITH,Orban G.,A,5.5,5.5,True,False
27,TEAM SITH,Colombo,A,6.0,6.0,True,False
27,TEAM SITH,Gollini,P,,,False,True
27,TEAM SITH,Zelezny,P,,,False,True
27,TEAM SITH,Gosens,D,6.5,7.5,False,True
27,TEAM SITH,Romagnoli,D,,,False,True
27,TEAM SITH,Kabasele,D,5.5,5.0,False,True
27,TEAM SITH,Bellanova,D,,,False,True
27,TEAM SITH,Isaksen,C,7.0,11.0,False,True
27,TEAM SITH,Ekkelenkamp,C,5.5,5.5,False,True
27,TEAM SITH,Rabiot,C,,,False,True
27,TEAM SITH,Loftus-Cheek,C,,,False,True
27,TEAM SITH,Ekhator,A,,,False,True
27,TEAM SITH,Durosinmi,A,4.0,3.0,False,True
27,TEAM SITH,Banda,A,6.0,6.0,False,True
27,TEAM SITH,Soulè,A,,,False,True
27,TEAM BRAUNA,Milinkovic-Savic V.,P,,,False,False
27,TEAM BRAUNA,Norton-Cuffy,D,6.0,6.0,True,False
27,TEAM BRAUNA,Kempf,D,6.0,6.0,True,False
27,TEAM BRAUNA,Akanji,D,6.0,6.0,True,False
27,TEAM BRAUNA,Palestra,D,5.0,5.0,True,False
27,TEAM BRAUNA,Santos A.,C,5.5,5.5,True,False
27,TEAM BRAUNA,McKennie,C,6.0,6.0,True,False
27,TEAM BRAUNA,Elmas,C,5.0,5.0,True,False
27,TEAM BRAUNA,Leao,A,5.0,5.0,True,False
27,TEAM BRAUNA,Malen,A,6.5,8.5,True,False
27,TEAM BRAUNA,Davis K.,A,6.0,6.0,True,False
27,TEAM BRAUNA,Meret,P,6.0,5.0,True,True
27,TEAM BRAUNA,Contini,P,,,False,True
27,TEAM BRAUNA,Gila,D,7.0,7.0,False,True
27,TEAM BRAUNA,Bernasconi,D,5.5,5.5,False,True
27,TEAM BRAUNA,Bartesaghi,D,6.0,6.0,False,True
27,TEAM BRAUNA,Holm,D,,,False,True
27,TEAM BRAUNA,Zielinski,C,5.5,5.5,False,True
27,TEAM BRAUNA,Maldini,C,6.5,6.5,False,True
27,TEAM BRAUNA,Konè I.,C,6.0,6.0,False,True
27,TEAM BRAUNA,Zaragoza,C,,,False,True
27,TEAM BRAUNA,Miretti,C,,,False,True
27,TEAM BRAUNA,Fullkrug,A,5.5,5.5,False,True
27,TEAM BRAUNA,Addai,A,,,False,True
27,TEAM BRAUNA,Raspadori,A,,,False,True
27,X-17,Motta,P,6.5,7.0,True,False
27,X-17,Cambiaso,D,6.0,6.0,True,False
27,X-17,Tomori,D,6.0,6.0,True,False
27,X-17,Lazaro,D,,,False,False
27,X-17,Conceicao,C,6.5,6.5,True,False
27,X-17,De Bruyne,C,6.5,6.5,True,False
27,X-17,Modric,C,6.0,6.0,True,False
27,X-17,Saelemaekers,C,6.0,6.0,True,False
27,X-17,Yildiz,A,7.0,9.0,True,False
27,X-17,Dybala,A,,,False,False
27,X-17,Rodriguez Je.,A,6.0,6.0,True,False
27,X-17,Provedel,P,,,False,True
27,X-17,Furlanetto,P,,,False,True
27,X-17,Gabbia,D,,,False,True
27,X-17,Scalvini,D,6.0,6.0,True,True
27,X-17,Angori,D,7.0,7.0,False,True
27,X-17,Zappa,D,5.0,5.0,False,True
27,X-17,Ziolkowski,D,5.5,5.5,False,True
27,X-17,Calhanoglu,C,,,False,True
27,X-17,Baldanzi,C,,,False,True
27,X-17,Strefezza,C,6.5,7.0,False,True
27,X-17,Karlstrom,C,5.5,5.5,False,True
27,X-17,Vlahovic,A,,,False,True
27,X-17,Castro S.,A,6.0,6.0,True,True
27,X-17,Vitinha O.,A,7.0,10.5,False,True
28,MARIO GO,Maignan,P,6.5,4.5,True,False
28,MARIO GO,Spinazzola,D,6.0,6.0,True,False
28,MARIO GO,Zappacosta,D,7.0,11.0,True,False
28,MARIO GO,Dumfries,D,6.0,6.0,True,False
28,MARIO GO,Vlasic,C,7.0,9.0,True,False
28,MARIO GO,Barella,C,6.0,6.5,True,False
28,MARIO GO,Da Cunha,C,6.5,6.5,True,False
28,MARIO GO,Locatelli,C,5.0,3.0,True,False
28,MARIO GO,Laurientè,A,6.0,6.0,True,False
28,MARIO GO,Pellegrino M.,A,5.0,5.0,True,False
28,MARIO GO,Boga,A,5.5,5.5,True,False
28,MARIO GO,Terracciano,P,,,False,True
28,MARIO GO,Torriani,P,,,False,True
28,MARIO GO,Vasquez,D,6.0,6.0,False,True
28,MARIO GO,Miranda J.,D,5.5,5.5,False,True
28,MARIO GO,Rensch,D,6.0,6.0,False,True
28,MARIO GO,Lucumì,D,5.5,5.5,False,True
28,MARIO GO,Maripan,D,,,False,True
28,MARIO GO,Orsolini,C,5.0,3.0,False,True
28,MARIO GO,Mandragora,C,,,False,True
28,MARIO GO,Vandeputte,C,7.0,9.0,False,True
28,MARIO GO,Gaetano,C,6.0,6.0,False,True
28,MARIO GO,Dovbyk,A,,,False,True
28,MARIO GO,Giovane,A,,,False,True
28,MARIO GO,Cambiaghi,A,5.5,5.5,False,True
28,BALZARETTI42,De Gea,P,6.5,5.5,True,False
28,BALZARETTI42,Valle,D,,,False,False
28,BALZARETTI42,Ramon,D,,,False,False
28,BALZARETTI42,De Winter,D,5.5,5.5,True,False
28,BALZARETTI42,Dodò,D,6.5,6.5,True,False
28,BALZARETTI42,Gudmundsson A.,C,6.0,6.0,True,False
28,BALZARETTI42,Perrone,C,7.5,9.5,True,False
28,BALZARETTI42,Caqueret,C,6.5,6.5,True,False
28,BALZARETTI42,De Ketelaere,A,6.5,6.5,True,False
28,BALZARETTI42,Lukaku,A,,,False,False
28,BALZARETTI42,Diao,A,7.5,12.5,True,False
28,BALZARETTI42,Kean,A,5.5,5.0,True,True
28,BALZARETTI42,Cancellieri,A,6.0,6.0,False,True
28,BALZARETTI42,Morata,A,6.0,6.0,False,True
28,BALZARETTI42,De Roon,C,6.0,6.0,False,True
28,BALZARETTI42,Cataldi,C,,,False,True
28,BALZARETTI42,Pobega,C,,,False,True
28,BALZARETTI42,Thorsby,C,,,False,True
28,BALZARETTI42,Basic,C,,,False,True
28,BALZARETTI42,Djimsiti,D,6.0,6.0,True,True
28,BALZARETTI42,Tsimikas,D,5.5,5.5,True,True
28,BALZARETTI42,Cabal,D,,,False,True
28,BALZARETTI42,Idzes,D,5.5,5.5,False,True
28,BALZARETTI42,Paleari,P,5.5,2.5,False,True
28,BALZARETTI42,Lezzerini,P,,,False,True
28,BOSS ROMAZDA,Carnesecchi,P,6.5,7.5,True,False
28,BOSS ROMAZDA,Kolasinac,D,6.5,6.5,True,False
28,BOSS ROMAZDA,Bisseck,D,6.5,6.5,True,False
28,BOSS ROMAZDA,Carlos Augusto,D,6.0,5.5,True,False
28,BOSS ROMAZDA,Rowe,C,5.5,5.5,True,False
28,BOSS ROMAZDA,Fagioli,C,6.5,7.5,True,False
28,BOSS ROMAZDA,Thorstvedt,C,,,False,False
28,BOSS ROMAZDA,Pulisic,C,6.5,7.5,True,False
28,BOSS ROMAZDA,Simeone,A,7.0,9.0,True,False
28,BOSS ROMAZDA,Hojlund,A,6.0,6.0,True,False
28,BOSS ROMAZDA,Martinez L.,A,,,False,False
28,BOSS ROMAZDA,Pinamonti,A,7.0,10.0,True,True
28,BOSS ROMAZDA,David,A,,,False,True
28,BOSS ROMAZDA,Kulenovic,A,,,False,True
28,BOSS ROMAZDA,Brescianini,C,5.5,5.0,True,True
28,BOSS ROMAZDA,Ondrejka,C,5.5,5.0,False,True
28,BOSS ROMAZDA,Casadei,C,5.5,5.5,False,True
28,BOSS ROMAZDA,Tramoni M.,C,5.5,5.5,False,True
28,BOSS ROMAZDA,Hien,D,6.0,5.5,False,True
28,BOSS ROMAZDA,Juan Jesus,D,,,False,True
28,BOSS ROMAZDA,Heggem,D,6.0,6.0,False,True
28,BOSS ROMAZDA,Baschirotto,D,,,False,True
28,BOSS ROMAZDA,Delprato,D,,,False,True
28,BOSS ROMAZDA,Sportiello,P,,,False,True
28,BOSS ROMAZDA,Rossi F.,P,,,False,True
28,TEAM SITH,Svilar,P,6.0,7.0,True,False
28,TEAM SITH,Buongiorno,D,6.0,6.0,True,False
28,TEAM SITH,Martin,D,,,False,False
28,TEAM SITH,Romagnoli,D,6.5,6.5,True,False
28,TEAM SITH,Bellanova,D,,,False,False
28,TEAM SITH,Baturina,C,7.0,9.0,True,False
28,TEAM SITH,McTominay,C,7.0,11.0,True,False
28,TEAM SITH,Thuram K.,C,5.5,5.5,True,False
28,TEAM SITH,Isaksen,C,5.5,5.5,True,False
28,TEAM SITH,Rabiot,C,7.0,9.0,True,False
28,TEAM SITH,Colombo,A,6.0,5.5,True,False
28,TEAM SITH,Gollini,P,,,False,True
28,TEAM SITH,Zelezny,P,,,False,True
28,TEAM SITH,Kabasele,D,6.5,6.5,True,True
28,TEAM SITH,Belghali,D,5.5,5.5,True,True
28,TEAM SITH,Coco,D,5.0,5.0,False,True
28,TEAM SITH,Gosens,D,5.5,5.5,False,True
28,TEAM SITH,Frendrup,C,6.0,6.0,False,True
28,TEAM SITH,Ekkelenkamp,C,6.5,9.5,False,True
28,TEAM SITH,Loftus-Cheek,C,,,False,True
28,TEAM SITH,Banda,A,5.5,5.5,False,True
28,TEAM SITH,Orban G.,A,5.0,5.0,False,True
28,TEAM SITH,Ekhator,A,5.5,5.5,False,True
28,TEAM SITH,Soulè,A,,,False,True
28,TEAM SITH,Durosinmi,A,,,False,True
28,TEAM CHENFENGZI,Ravaglia F.,P,6.0,4.0,True,False
28,TEAM CHENFENGZI,Mancini,D,6.0,6.0,True,False
28,TEAM CHENFENGZI,N'Dicka,D,6.5,6.5,True,False
28,TEAM CHENFENGZI,Ostigard,D,5.5,5.5,True,False
28,TEAM CHENFENGZI,Kelly L.,D,6.0,6.0,True,False
28,TEAM CHENFENGZI,Malinovskyi,C,6.5,6.5,True,False
28,TEAM CHENFENGZI,Paz N.,C,7.0,9.0,True,False
28,TEAM CHENFENGZI,Ederson D.S.,C,6.5,6.5,True,False
28,TEAM CHENFENGZI,Esposito F.P.,A,7.0,9.0,True,False
28,TEAM CHENFENGZI,Vardy,A,6.5,7.5,True,False
28,TEAM CHENFENGZI,Berardi,A,6.5,7.5,True,False
28,TEAM CHENFENGZI,Luis Henrique,C,,,False,True
28,TEAM CHENFENGZI,Gutierrez,D,6.5,6.5,False,True
28,TEAM CHENFENGZI,Ghilardi,D,6.0,6.0,False,True
28,TEAM CHENFENGZI,Caprile,P,6.5,5.5,False,True
28,TEAM CHENFENGZI,Meister,A,5.5,5.5,False,True
28,TEAM CHENFENGZI,Piccoli,A,,,False,True
28,TEAM CHENFENGZI,Angelino,D,6.0,5.5,False,True
28,TEAM CHENFENGZI,Lobotka,C,6.0,5.5,False,True
28,TEAM CHENFENGZI,Bernardeschi,C,5.5,5.5,False,True
28,TEAM CHENFENGZI,Nzola,A,,,False,True
28,SANSHIMI,Butez,P,6.0,7.0,True,False
28,SANSHIMI,Comuzzo,D,,,False,False
28,SANSHIMI,Pavlovic,D,7.0,8.5,True,False
28,SANSHIMI,Bremer,D,5.5,5.0,True,False
28,SANSHIMI,Doig,D,,,False,False
28,SANSHIMI,Odgaard,C,,,False,False
28,SANSHIMI,Bernabè,C,,,False,False
28,SANSHIMI,Atta,C,5.5,5.5,True,False
28,SANSHIMI,Krstovic,A,6.0,6.0,True,False
28,SANSHIMI,Thuram,A,6.0,6.0,True,False
28,SANSHIMI,Douvikas,A,7.0,9.0,True,False
28,SANSHIMI,Berisha M.,C,,,False,True
28,SANSHIMI,Zaccagni,C,,,False,True
28,SANSHIMI,Venturino,C,,,False,True
28,SANSHIMI,Sucic P.,C,,,False,True
28,SANSHIMI,Pasalic,C,5.5,5.5,True,True
28,SANSHIMI,Ratkov,A,,,False,True
28,SANSHIMI,Okoye,P,6.5,8.5,False,True
28,SANSHIMI,Sava,P,,,False,True
28,SANSHIMI,Parisi,D,6.0,6.0,True,True
28,SANSHIMI,Rrahmani,D,,,False,True
28,SANSHIMI,Zortea,D,5.5,5.5,True,True
28,SANSHIMI,Idrissi R.,D,,,False,True
28,SANSHIMI,Vaz,A,7.0,10.0,False,True
28,SANSHIMI,Bonny,A,5.5,5.5,False,True
28,MIZI-MAIGO,Perin,P,6.5,5.5,True,False
28,MIZI-MAIGO,Dimarco,D,5.5,5.0,True,False
28,MIZI-MAIGO,Valeri,D,5.5,5.5,True,False
28,MIZI-MAIGO,Celik,D,,,False,False
28,MIZI-MAIGO,Zalewski,C,5.5,5.5,True,False
28,MIZI-MAIGO,Pellegrini Lo.,C,6.0,6.0,True,False
28,MIZI-MAIGO,Pisilli,C,5.5,5.0,True,False
28,MIZI-MAIGO,Politano,C,6.5,6.5,True,False
28,MIZI-MAIGO,Kilicsoy,A,5.5,5.5,True,False
28,MIZI-MAIGO,Scamacca,A,,,False,False
28,MIZI-MAIGO,Esposito Se.,A,6.0,6.0,True,False
28,MIZI-MAIGO,Moreo,A,5.0,5.0,True,True
28,MIZI-MAIGO,Borrelli,A,,,False,True
28,MIZI-MAIGO,Belotti,A,,,False,True
28,MIZI-MAIGO,Zaniolo,C,6.5,7.0,False,True
28,MIZI-MAIGO,Cristante,C,6.5,6.5,False,True
28,MIZI-MAIGO,Frattesi,C,6.0,6.0,False,True
28,MIZI-MAIGO,El Shaarawy,C,,,False,True
28,MIZI-MAIGO,Bastoni,D,,,False,True
28,MIZI-MAIGO,Acerbi,D,6.0,6.0,True,True
28,MIZI-MAIGO,Darmian,D,,,False,True
28,MIZI-MAIGO,Pellegrini Lu.,D,,,False,True
28,MIZI-MAIGO,Di Lorenzo,D,,,False,True
28,MIZI-MAIGO,Di Gregorio,P,,,False,True
28,MIZI-MAIGO,Falcone,P,6.0,5.0,False,True
28,X-17,Motta,P,7.0,10.0,True,False
28,X-17,Cambiaso,D,5.5,5.5,True,False
28,X-17,Scalvini,D,6.0,6.0,True,False
28,X-17,Tomori,D,6.0,5.5,True,False
28,X-17,Conceicao,C,7.0,8.0,True,False
28,X-17,Calhanoglu,C,6.0,6.0,True,False
28,X-17,De Bruyne,C,6.0,6.0,True,False
28,X-17,Modric,C,6.5,6.5,True,False
28,X-17,Saelemaekers,C,6.0,6.0,True,False
28,X-17,Yildiz,A,7.0,9.0,True,False
28,X-17,Dybala,A,,,False,False
28,X-17,Provedel,P,,,False,True
28,X-17,Furlanetto,P,,,False,True
28,X-17,Gabbia,D,,,False,True
28,X-17,Angori,D,5.0,4.5,False,True
28,X-17,Zappa,D,,,False,True
28,X-17,Lazaro,D,,,False,True
28,X-17,Ziolkowski,D,,,False,True
28,X-17,Baldanzi,C,5.5,5.5,False,True
28,X-17,Strefezza,C,5.0,5.0,False,True
28,X-17,Karlstrom,C,6.0,6.0,False,True
28,X-17,Vlahovic,A,6.5,6.5,True,True
28,X-17,Rodriguez Je.,A,6.0,6.0,False,True
28,X-17,Vitinha O.,A,5.0,5.0,False,True
28,X-17,Castro S.,A,5.0,4.5,False,True
28,TEAM BRAUNA,Milinkovic-Savic V.,P,6.0,7.0,True,False
28,TEAM BRAUNA,Norton-Cuffy,D,5.5,5.5,True,False
28,TEAM BRAUNA,Kempf,D,6.5,6.5,True,False
28,TEAM BRAUNA,Bernasconi,D,6.0,6.0,True,False
28,TEAM BRAUNA,Palestra,D,6.0,6.0,True,False
28,TEAM BRAUNA,Maldini,C,5.5,5.5,True,False
28,TEAM BRAUNA,McKennie,C,5.5,5.5,True,False
28,TEAM BRAUNA,Santos A.,C,6.0,6.0,True,False
28,TEAM BRAUNA,Leao,A,,,False,False
28,TEAM BRAUNA,Malen,A,6.0,6.0,True,False
28,TEAM BRAUNA,Davis K.,A,7.0,9.5,True,False
28,TEAM BRAUNA,Meret,P,,,False,True
28,TEAM BRAUNA,Contini,P,,,False,True
28,TEAM BRAUNA,Bartesaghi,D,6.5,6.5,False,True
28,TEAM BRAUNA,Akanji,D,6.0,6.0,False,True
28,TEAM BRAUNA,Gila,D,6.0,6.0,False,True
28,TEAM BRAUNA,Holm,D,,,False,True
28,TEAM BRAUNA,Elmas,C,,,False,True
28,TEAM BRAUNA,Zielinski,C,5.5,5.5,False,True
28,TEAM BRAUNA,Konè I.,C,6.0,6.0,False,True
28,TEAM BRAUNA,Miretti,C,5.5,5.5,False,True
28,TEAM BRAUNA,Zaragoza,C,,,False,True
28,TEAM BRAUNA,Raspadori,A,5.5,5.5,True,True
28,TEAM BRAUNA,Fullkrug,A,5.5,5.5,False,True
28,TEAM BRAUNA,Addai,A,,,False,True
28,XIAO SHI,Sommer,P,5.5,4.5,True,False
28,XIAO SHI,Wesley,D,,,False,False
28,XIAO SHI,Vojvoda,D,,,False,False
28,XIAO SHI,Solet,D,7.0,6.5,True,False
28,XIAO SHI,Kalulu,D,6.5,6.5,True,False
28,XIAO SHI,Mazzitelli,C,,,False,False
28,XIAO SHI,Zambo Anguissa,C,6.0,6.0,True,False
28,XIAO SHI,Konè M.,C,,,False,False
28,XIAO SHI,Fofana Y.,C,7.0,11.0,True,False
28,XIAO SHI,Bonazzoli,A,6.5,6.5,True,False
28,XIAO SHI,Nkunku,A,5.5,5.5,True,False
28,XIAO SHI,Solomon,A,,,False,True
28,XIAO SHI,Adams C.,A,5.5,5.5,False,True
28,XIAO SHI,Openda,A,,,False,True
28,XIAO SHI,Ferguson E.,A,,,False,True
28,XIAO SHI,Muharemovic,D,7.0,7.0,True,True
28,XIAO SHI,Mina,D,6.5,6.5,True,True
28,XIAO SHI,Marusic,D,6.0,6.0,False,True
28,XIAO SHI,Terracciano F.,D,6.0,6.0,False,True
28,XIAO SHI,El Aynaoui,C,5.5,5.5,True,True
28,XIAO SHI,Vergara,C,,,False,True
28,XIAO SHI,Taylor K.,C,8.0,13.5,True,True
28,XIAO SHI,Matic,C,,,False,True
28,XIAO SHI,Martinez Jo.,P,,,False,True
28,XIAO SHI,Muric,P,7.5,9.5,False,True
29,BALZARETTI42,De Gea,P,7.0,9.0,True,False
29,BALZARETTI42,Valle,D,5.5,5.5,True,False
29,BALZARETTI42,Ramon,D,,,False,False
29,BALZARETTI42,Djimsiti,D,6.5,6.0,True,False
29,BALZARETTI42,Dodò,D,,,False,False
29,BALZARETTI42,Gudmundsson A.,C,5.0,4.0,True,False
29,BALZARETTI42,Perrone,C,5.5,5.0,True,False
29,BALZARETTI42,Caqueret,C,5.5,5.5,True,False
29,BALZARETTI42,De Ketelaere,A,7.5,10.5,True,False
29,BALZARETTI42,Kean,A,5.0,5.0,True,False
29,BALZARETTI42,Diao,A,6.0,6.0,True,False
29,BALZARETTI42,Cancellieri,A,6.0,6.0,False,True
29,BALZARETTI42,Lukaku,A,,,False,True
29,BALZARETTI42,Morata,A,,,False,True
29,BALZARETTI42,De Roon,C,6.0,6.0,False,True
29,BALZARETTI42,Cataldi,C,6.0,6.0,False,True
29,BALZARETTI42,Pobega,C,,,False,True
29,BALZARETTI42,Thorsby,C,,,False,True
29,BALZARETTI42,Basic,C,,,False,True
29,BALZARETTI42,De Winter,D,5.5,5.5,True,True
29,BALZARETTI42,Tsimikas,D,6.0,6.0,True,True
29,BALZARETTI42,Cabal,D,,,False,True
29,BALZARETTI42,Idzes,D,5.5,5.5,False,True
29,BALZARETTI42,Paleari,P,6.0,7.0,False,True
29,BALZARETTI42,Lezzerini,P,,,False,True
29,BOSS ROMAZDA,Carnesecchi,P,6.0,7.0,True,False
29,BOSS ROMAZDA,Kolasinac,D,6.0,6.0,True,False
29,BOSS ROMAZDA,Baschirotto,D,,,False,False
29,BOSS ROMAZDA,Delprato,D,7.0,10.0,True,False
29,BOSS ROMAZDA,Rowe,C,7.0,10.0,True,False
29,BOSS ROMAZDA,Fagioli,C,7.0,9.5,True,False
29,BOSS ROMAZDA,Thorstvedt,C,6.5,6.5,True,False
29,BOSS ROMAZDA,Pulisic,C,5.5,5.5,True,False
29,BOSS ROMAZDA,Simeone,A,5.5,5.5,True,False
29,BOSS ROMAZDA,Hojlund,A,,,False,False
29,BOSS ROMAZDA,Martinez L.,A,7.5,12.5,True,False
29,BOSS ROMAZDA,Pinamonti,A,7.0,10.5,True,True
29,BOSS ROMAZDA,David,A,6.0,6.0,False,True
29,BOSS ROMAZDA,Kulenovic,A,5.5,5.5,False,True
29,BOSS ROMAZDA,Brescianini,C,,,False,True
29,BOSS ROMAZDA,Casadei,C,6.0,6.0,False,True
29,BOSS ROMAZDA,Ondrejka,C,,,False,True
29,BOSS ROMAZDA,Tramoni M.,C,5.0,5.0,False,True
29,BOSS ROMAZDA,Heggem,D,,,False,True
29,BOSS ROMAZDA,Juan Jesus,D,6.5,6.5,True,True
29,BOSS ROMAZDA,Hien,D,,,False,True
29,BOSS ROMAZDA,Bisseck,D,,,False,True
29,BOSS ROMAZDA,Carlos Augusto,D,,,False,True
29,BOSS ROMAZDA,Sportiello,P,,,False,True
29,BOSS ROMAZDA,Rossi F.,P,,,False,True
29,XIAO SHI,Sommer,P,6.5,4.5,True,False
29,XIAO SHI,Wesley,D,,,False,False
29,XIAO SHI,Vojvoda,D,5.5,5.5,True,False
29,XIAO SHI,Solet,D,7.0,8.0,True,False
29,XIAO SHI,Kalulu,D,6.0,6.0,True,False
29,XIAO SHI,Mazzitelli,C,,,False,False
29,XIAO SHI,Zambo Anguissa,C,6.0,6.0,True,False
29,XIAO SHI,Taylor K.,C,6.5,7.5,True,False
29,XIAO SHI,Fofana Y.,C,5.5,5.5,True,False
29,XIAO SHI,Solomon,A,,,False,False
29,XIAO SHI,Nkunku,A,5.5,5.5,True,False
29,XIAO SHI,Adams C.,A,7.0,10.0,True,True
29,XIAO SHI,Bonazzoli,A,6.5,8.5,False,True
29,XIAO SHI,Openda,A,,,False,True
29,XIAO SHI,Ferguson E.,A,,,False,True
29,XIAO SHI,Muharemovic,D,,,False,True
29,XIAO SHI,Mina,D,5.5,5.5,True,True
29,XIAO SHI,Marusic,D,5.5,5.5,False,True
29,XIAO SHI,Terracciano F.,D,5.0,5.0,False,True
29,XIAO SHI,Vergara,C,,,False,True
29,XIAO SHI,Konè M.,C,,,False,True
29,XIAO SHI,El Aynaoui,C,,,False,True
29,XIAO SHI,Matic,C,6.0,6.0,True,True
29,XIAO SHI,Martinez Jo.,P,,,False,True
29,XIAO SHI,Muric,P,5.5,4.5,False,True
29,MIZI-MAIGO,Perin,P,6.0,7.0,True,False
29,MIZI-MAIGO,Dimarco,D,6.5,6.5,True,False
29,MIZI-MAIGO,Bastoni,D,6.0,6.0,True,False
29,MIZI-MAIGO,Valeri,D,6.5,6.5,True,False
29,MIZI-MAIGO,Zalewski,C,6.0,6.0,True,False
29,MIZI-MAIGO,Pellegrini Lo.,C,6.0,8.0,True,False
29,MIZI-MAIGO,Pisilli,C,5.0,4.5,True,False
29,MIZI-MAIGO,Zaniolo,C,6.0,6.0,True,False
29,MIZI-MAIGO,Politano,C,7.0,10.5,True,False
29,MIZI-MAIGO,Kilicsoy,A,,,False,False
29,MIZI-MAIGO,Esposito Se.,A,7.0,9.0,True,False
29,MIZI-MAIGO,Scamacca,A,,,False,True
29,MIZI-MAIGO,Moreo,A,5.5,5.5,True,True
29,MIZI-MAIGO,Borrelli,A,5.0,5.0,False,True
29,MIZI-MAIGO,Belotti,A,,,False,True
29,MIZI-MAIGO,Cristante,C,5.0,5.0,False,True
29,MIZI-MAIGO,Frattesi,C,,,False,True
29,MIZI-MAIGO,El Shaarawy,C,6.0,6.0,False,True
29,MIZI-MAIGO,Celik,D,5.5,5.5,False,True
29,MIZI-MAIGO,Acerbi,D,6.0,6.0,False,True
29,MIZI-MAIGO,Darmian,D,6.0,6.0,False,True
29,MIZI-MAIGO,Pellegrini Lu.,D,,,False,True
29,MIZI-MAIGO,Di Lorenzo,D,,,False,True
29,MIZI-MAIGO,Di Gregorio,P,7.0,10.0,False,True
29,MIZI-MAIGO,Falcone,P,7.0,4.0,False,True
29,X-17,Motta,P,6.5,5.5,True,False
29,X-17,Cambiaso,D,6.0,6.0,True,False
29,X-17,Scalvini,D,7.0,10.0,True,False
29,X-17,Tomori,D,6.0,6.0,True,False
29,X-17,Conceicao,C,6.5,7.5,True,False
29,X-17,Calhanoglu,C,7.5,10.5,True,False
29,X-17,De Bruyne,C,6.0,6.0,True,False
29,X-17,Modric,C,6.0,6.0,True,False
29,X-17,Saelemaekers,C,6.0,6.0,True,False
29,X-17,Yildiz,A,6.0,6.0,True,False
29,X-17,Vlahovic,A,,,False,False
29,X-17,Provedel,P,,,False,True
29,X-17,Furlanetto,P,,,False,True
29,X-17,Gabbia,D,,,False,True
29,X-17,Angori,D,5.5,5.5,False,True
29,X-17,Lazaro,D,,,False,True
29,X-17,Zappa,D,,,False,True
29,X-17,Ziolkowski,D,,,False,True
29,X-17,Strefezza,C,6.5,6.0,False,True
29,X-17,Karlstrom,C,6.5,6.5,False,True
29,X-17,Baldanzi,C,6.5,6.5,False,True
29,X-17,Dybala,A,,,False,True
29,X-17,Castro S.,A,6.0,6.0,True,True
29,X-17,Rodriguez Je.,A,,,False,True
29,X-17,Vitinha O.,A,5.0,5.0,False,True
29,TEAM CHENFENGZI,Ravaglia F.,P,6.0,4.5,True,False
29,TEAM CHENFENGZI,Mancini,D,7.0,9.0,True,False
29,TEAM CHENFENGZI,N'Dicka,D,5.0,5.0,True,False
29,TEAM CHENFENGZI,Ostigard,D,5.0,5.0,True,False
29,TEAM CHENFENGZI,Malinovskyi,C,5.0,5.0,True,False
29,TEAM CHENFENGZI,Bernardeschi,C,6.5,6.5,True,False
29,TEAM CHENFENGZI,Ederson D.S.,C,7.0,7.0,True,False
29,TEAM CHENFENGZI,Paz N.,C,5.5,5.5,True,False
29,TEAM CHENFENGZI,Lobotka,C,6.0,6.0,True,False
29,TEAM CHENFENGZI,Esposito F.P.,A,6.0,6.0,True,False
29,TEAM CHENFENGZI,Berardi,A,6.0,6.0,True,False
29,TEAM CHENFENGZI,Luis Henrique,C,,,False,True
29,TEAM CHENFENGZI,Gutierrez,D,6.0,6.0,False,True
29,TEAM CHENFENGZI,Ghilardi,D,5.5,5.5,False,True
29,TEAM CHENFENGZI,Caprile,P,6.0,4.0,False,True
29,TEAM CHENFENGZI,Vardy,A,,,False,True
29,TEAM CHENFENGZI,Meister,A,5.5,5.5,False,True
29,TEAM CHENFENGZI,Piccoli,A,5.5,5.5,False,True
29,TEAM CHENFENGZI,Angelino,D,,,False,True
29,TEAM CHENFENGZI,Nzola,A,,,False,True
29,TEAM CHENFENGZI,Ricci S.,C,,,False,True
29,SANSHIMI,Butez,P,6.5,7.5,True,False
29,SANSHIMI,Comuzzo,D,5.5,5.5,True,False
29,SANSHIMI,Pavlovic,D,6.5,6.5,True,False
29,SANSHIMI,Bremer,D,7.0,9.5,True,False
29,SANSHIMI,Doig,D,,,False,False
29,SANSHIMI,Zaccagni,C,,,False,False
29,SANSHIMI,Atta,C,6.5,6.5,True,False
29,SANSHIMI,Odgaard,C,,,False,False
29,SANSHIMI,Ratkov,A,,,False,False
29,SANSHIMI,Bonny,A,6.5,6.5,True,False
29,SANSHIMI,Douvikas,A,5.5,5.5,True,False
29,SANSHIMI,Venturino,C,,,False,True
29,SANSHIMI,Sucic P.,C,6.0,6.0,True,True
29,SANSHIMI,Pasalic,C,6.5,7.0,True,True
29,SANSHIMI,Okoye,P,6.0,7.0,False,True
29,SANSHIMI,Sava,P,,,False,True
29,SANSHIMI,Parisi,D,,,False,True
29,SANSHIMI,Rrahmani,D,,,False,True
29,SANSHIMI,Zortea,D,,,False,True
29,SANSHIMI,Idrissi R.,D,,,False,True
29,SANSHIMI,Thuram,A,7.5,12.5,True,True
29,SANSHIMI,Vaz,A,,,False,True
29,SANSHIMI,Krstovic,A,7.0,9.0,False,True
29,SANSHIMI,Berisha M.,C,,,False,True
29,SANSHIMI,Bernabè,C,6.0,6.0,False,True
29,MARIO GO,Maignan,P,6.0,5.0,True,False
29,MARIO GO,Spinazzola,D,6.5,6.5,True,False
29,MARIO GO,Zappacosta,D,6.0,5.5,True,False
29,MARIO GO,Dumfries,D,6.5,6.5,True,False
29,MARIO GO,Miranda J.,D,7.0,9.0,True,False
29,MARIO GO,Vlasic,C,5.5,5.5,True,False
29,MARIO GO,Barella,C,7.5,9.5,True,False
29,MARIO GO,Da Cunha,C,6.0,6.0,True,False
29,MARIO GO,Locatelli,C,6.5,6.0,True,False
29,MARIO GO,Laurientè,A,5.5,5.5,True,False
29,MARIO GO,Boga,A,,,False,False
29,MARIO GO,Terracciano,P,,,False,True
29,MARIO GO,Torriani,P,,,False,True
29,MARIO GO,Vasquez,D,5.0,5.0,False,True
29,MARIO GO,Rensch,D,6.0,7.0,False,True
29,MARIO GO,Lucumì,D,6.5,6.5,False,True
29,MARIO GO,Maripan,D,,,False,True
29,MARIO GO,Orsolini,C,5.5,5.5,False,True
29,MARIO GO,Vandeputte,C,5.5,5.5,False,True
29,MARIO GO,Gaetano,C,6.0,6.0,False,True
29,MARIO GO,Dovbyk,A,,,False,True
29,MARIO GO,Pellegrino M.,A,6.0,5.5,True,True
29,MARIO GO,Giovane,A,6.0,6.0,False,True
29,MARIO GO,Cambiaghi,A,,,False,True
29,MARIO GO,Mandragora,C,,,False,True
29,TEAM SITH,Svilar,P,5.5,0.5,True,False
29,TEAM SITH,Gosens,D,6.0,6.0,True,False
29,TEAM SITH,Coco,D,6.0,6.0,True,False
29,TEAM SITH,Romagnoli,D,5.5,5.5,True,False
29,TEAM SITH,Bellanova,D,6.0,6.0,True,False
29,TEAM SITH,Baturina,C,6.0,6.0,True,False
29,TEAM SITH,McTominay,C,6.0,6.0,True,False
29,TEAM SITH,Thuram K.,C,6.0,5.5,True,False
29,TEAM SITH,Isaksen,C,5.5,5.5,True,False
29,TEAM SITH,Rabiot,C,6.0,6.0,True,False
29,TEAM SITH,Orban G.,A,5.5,5.5,True,False
29,TEAM SITH,Gollini,P,,,False,True
29,TEAM SITH,Zelezny,P,,,False,True
29,TEAM SITH,Belghali,D,6.5,6.0,False,True
29,TEAM SITH,Buongiorno,D,6.0,5.5,False,True
29,TEAM SITH,Kabasele,D,7.0,7.0,False,True
29,TEAM SITH,Martin,D,5.0,3.0,False,True
29,TEAM SITH,Ekkelenkamp,C,5.5,5.5,False,True
29,TEAM SITH,Frendrup,C,5.0,4.5,False,True
29,TEAM SITH,Loftus-Cheek,C,,,False,True
29,TEAM SITH,Banda,A,6.0,6.0,False,True
29,TEAM SITH,Colombo,A,5.5,5.5,False,True
29,TEAM SITH,Soulè,A,5.5,5.5,False,True
29,TEAM SITH,Ekhator,A,,,False,True
29,TEAM SITH,Durosinmi,A,,,False,True
29,TEAM BRAUNA,Milinkovic-Savic V.,P,6.0,7.0,True,False
29,TEAM BRAUNA,Palestra,D,6.0,6.0,True,False
29,TEAM BRAUNA,Kempf,D,6.0,6.0,True,False
29,TEAM BRAUNA,Bernasconi,D,6.0,6.0,True,False
29,TEAM BRAUNA,Maldini,C,5.5,5.5,True,False
29,TEAM BRAUNA,McKennie,C,6.5,9.0,True,False
29,TEAM BRAUNA,Elmas,C,,,False,False
29,TEAM BRAUNA,Konè I.,C,6.0,6.0,True,False
29,TEAM BRAUNA,Zielinski,C,7.0,7.5,True,False
29,TEAM BRAUNA,Raspadori,A,7.0,9.0,True,False
29,TEAM BRAUNA,Malen,A,6.0,6.0,True,False
29,TEAM BRAUNA,Contini,P,,,False,True
29,TEAM BRAUNA,Meret,P,,,False,True
29,TEAM BRAUNA,Akanji,D,7.0,7.0,False,True
29,TEAM BRAUNA,Bartesaghi,D,5.5,5.5,False,True
29,TEAM BRAUNA,Holm,D,,,False,True
29,TEAM BRAUNA,Gila,D,,,False,True
29,TEAM BRAUNA,Norton-Cuffy,D,,,False,True
29,TEAM BRAUNA,Santos A.,C,6.5,6.5,True,True
29,TEAM BRAUNA,Miretti,C,,,False,True
29,TEAM BRAUNA,Zaragoza,C,,,False,True
29,TEAM BRAUNA,Fullkrug,A,5.5,5.5,False,True
29,TEAM BRAUNA,Leao,A,,,False,True
29,TEAM BRAUNA,Davis K.,A,,,False,True
29,TEAM BRAUNA,Addai,A,,,False,True
30,TEAM BRAUNA,Milinkovic-Savic V.,P,6.0,5.0,True,False
30,TEAM BRAUNA,Palestra,D,6.0,6.0,True,False
30,TEAM BRAUNA,Kempf,D,4.5,4.5,True,False
30,TEAM BRAUNA,Bartesaghi,D,5.5,3.5,True,False
30,TEAM BRAUNA,Zielinski,C,5.5,5.0,True,False
30,TEAM BRAUNA,McKennie,C,,,False,False
30,TEAM BRAUNA,Santos A.,C,6.0,6.0,True,False
30,TEAM BRAUNA,Konè I.,C,7.0,9.0,True,False
30,TEAM BRAUNA,Leao,A,4.5,4.0,True,False
30,TEAM BRAUNA,Malen,A,8.5,16.5,True,False
30,TEAM BRAUNA,Davis K.,A,7.0,7.0,True,False
30,TEAM BRAUNA,Meret,P,,,False,True
30,TEAM BRAUNA,Contini,P,,,False,True
30,TEAM BRAUNA,Akanji,D,6.5,6.0,False,True
30,TEAM BRAUNA,Bernasconi,D,5.5,5.5,False,True
30,TEAM BRAUNA,Holm,D,6.5,6.5,False,True
30,TEAM BRAUNA,Norton-Cuffy,D,,,False,True
30,TEAM BRAUNA,Gila,D,,,False,True
30,TEAM BRAUNA,Maldini,C,,,False,True
30,TEAM BRAUNA,Elmas,C,,,False,True
30,TEAM BRAUNA,Miretti,C,,,False,True
30,TEAM BRAUNA,Zaragoza,C,,,False,True
30,TEAM BRAUNA,Raspadori,A,6.0,6.0,False,True
30,TEAM BRAUNA,Fullkrug,A,5.0,5.0,False,True
30,TEAM BRAUNA,Addai,A,,,False,True
30,BALZARETTI42,Paleari,P,6.0,5.0,True,False
30,BALZARETTI42,Tsimikas,D,,,False,False
30,BALZARETTI42,Ramon,D,5.5,5.0,True,False
30,BALZARETTI42,De Winter,D,4.5,4.5,True,False
30,BALZARETTI42,Dodò,D,6.0,5.5,True,False
30,BALZARETTI42,Gudmundsson A.,C,,,False,False
30,BALZARETTI42,Perrone,C,6.0,6.0,True,False
30,BALZARETTI42,Caqueret,C,,,False,False
30,BALZARETTI42,Cataldi,C,,,False,False
30,BALZARETTI42,De Ketelaere,A,6.5,6.0,True,False
30,BALZARETTI42,Diao,A,6.0,5.5,True,False
30,BALZARETTI42,Lukaku,A,,,False,True
30,BALZARETTI42,Kean,A,,,False,True
30,BALZARETTI42,Cancellieri,A,5.5,5.5,False,True
30,BALZARETTI42,Morata,A,,,False,True
30,BALZARETTI42,Pobega,C,6.0,6.0,True,True
30,BALZARETTI42,De Roon,C,6.0,6.0,True,True
30,BALZARETTI42,Thorsby,C,,,False,True
30,BALZARETTI42,Basic,C,5.5,5.5,True,True
30,BALZARETTI42,Valle,D,6.0,7.5,True,True
30,BALZARETTI42,Djimsiti,D,5.5,5.5,False,True
30,BALZARETTI42,Cabal,D,,,False,True
30,BALZARETTI42,Idzes,D,5.5,5.5,False,True
30,BALZARETTI42,De Gea,P,7.0,8.0,False,True
30,BALZARETTI42,Lezzerini,P,,,False,True
30,MIZI-MAIGO,Falcone,P,6.0,4.0,True,False
30,MIZI-MAIGO,Dimarco,D,5.0,5.0,True,False
30,MIZI-MAIGO,Valeri,D,6.5,6.5,True,False
30,MIZI-MAIGO,Bastoni,D,5.5,5.5,True,False
30,MIZI-MAIGO,Celik,D,6.5,6.0,True,False
30,MIZI-MAIGO,Zalewski,C,5.5,5.5,True,False
30,MIZI-MAIGO,Pellegrini Lo.,C,6.5,6.5,True,False
30,MIZI-MAIGO,Pisilli,C,6.0,6.0,True,False
30,MIZI-MAIGO,Politano,C,5.5,5.5,True,False
30,MIZI-MAIGO,Kilicsoy,A,,,False,False
30,MIZI-MAIGO,Esposito Se.,A,7.0,11.0,True,False
30,MIZI-MAIGO,Scamacca,A,5.5,5.5,True,True
30,MIZI-MAIGO,Borrelli,A,5.0,5.0,False,True
30,MIZI-MAIGO,Moreo,A,6.0,6.0,False,True
30,MIZI-MAIGO,Belotti,A,,,False,True
30,MIZI-MAIGO,Zaniolo,C,7.5,8.5,False,True
30,MIZI-MAIGO,Cristante,C,6.5,6.5,False,True
30,MIZI-MAIGO,Frattesi,C,,,False,True
30,MIZI-MAIGO,El Shaarawy,C,6.0,6.0,False,True
30,MIZI-MAIGO,Acerbi,D,6.0,5.5,False,True
30,MIZI-MAIGO,Darmian,D,,,False,True
30,MIZI-MAIGO,Pellegrini Lu.,D,,,False,True
30,MIZI-MAIGO,Di Lorenzo,D,,,False,True
30,MIZI-MAIGO,Perin,P,,,False,True
30,MIZI-MAIGO,Di Gregorio,P,6.5,7.5,False,True
30,TEAM SITH,Svilar,P,6.5,7.5,True,False
30,TEAM SITH,Buongiorno,D,5.5,5.5,True,False
30,TEAM SITH,Coco,D,6.0,6.0,True,False
30,TEAM SITH,Romagnoli,D,6.0,6.0,True,False
30,TEAM SITH,Belghali,D,5.5,5.5,True,False
30,TEAM SITH,Frendrup,C,6.0,5.5,True,False
30,TEAM SITH,McTominay,C,7.0,10.0,True,False
30,TEAM SITH,Isaksen,C,5.5,5.5,True,False
30,TEAM SITH,Rabiot,C,5.0,5.0,True,False
30,TEAM SITH,Colombo,A,6.5,6.5,True,False
30,TEAM SITH,Soulè,A,6.5,7.5,True,False
30,TEAM SITH,Gollini,P,,,False,True
30,TEAM SITH,Zelezny,P,,,False,True
30,TEAM SITH,Martin,D,6.5,6.5,False,True
30,TEAM SITH,Gosens,D,7.0,11.0,False,True
30,TEAM SITH,Kabasele,D,7.0,7.0,False,True
30,TEAM SITH,Bellanova,D,,,False,True
30,TEAM SITH,Thuram K.,C,5.5,5.0,False,True
30,TEAM SITH,Ekkelenkamp,C,7.5,10.5,False,True
30,TEAM SITH,Baturina,C,5.5,5.5,False,True
30,TEAM SITH,Loftus-Cheek,C,,,False,True
30,TEAM SITH,Orban G.,A,5.5,5.5,False,True
30,TEAM SITH,Banda,A,5.5,5.5,False,True
30,TEAM SITH,Durosinmi,A,6.0,6.0,False,True
30,TEAM SITH,Ekhator,A,,,False,True
30,BOSS ROMAZDA,Carnesecchi,P,5.5,4.5,True,False
30,BOSS ROMAZDA,Kolasinac,D,5.5,5.5,True,False
30,BOSS ROMAZDA,Baschirotto,D,6.0,6.0,True,False
30,BOSS ROMAZDA,Delprato,D,6.5,6.5,True,False
30,BOSS ROMAZDA,Rowe,C,6.0,6.0,True,False
30,BOSS ROMAZDA,Fagioli,C,,,False,False
30,BOSS ROMAZDA,Thorstvedt,C,5.5,5.5,True,False
30,BOSS ROMAZDA,Pulisic,C,5.5,5.5,True,False
30,BOSS ROMAZDA,Simeone,A,7.0,9.0,True,False
30,BOSS ROMAZDA,Hojlund,A,6.5,7.5,True,False
30,BOSS ROMAZDA,Martinez L.,A,,,False,False
30,BOSS ROMAZDA,Pinamonti,A,5.5,5.5,True,True
30,BOSS ROMAZDA,David,A,5.5,5.5,False,True
30,BOSS ROMAZDA,Kulenovic,A,6.0,6.0,False,True
30,BOSS ROMAZDA,Brescianini,C,,,False,True
30,BOSS ROMAZDA,Casadei,C,7.0,11.0,True,True
30,BOSS ROMAZDA,Ondrejka,C,,,False,True
30,BOSS ROMAZDA,Tramoni M.,C,6.0,6.0,False,True
30,BOSS ROMAZDA,Heggem,D,,,False,True
30,BOSS ROMAZDA,Juan Jesus,D,5.0,5.0,False,True
30,BOSS ROMAZDA,Hien,D,,,False,True
30,BOSS ROMAZDA,Bisseck,D,,,False,True
30,BOSS ROMAZDA,Carlos Augusto,D,6.0,5.5,False,True
30,BOSS ROMAZDA,Sportiello,P,,,False,True
30,BOSS ROMAZDA,Rossi F.,P,,,False,True
30,SANSHIMI,Butez,P,5.5,2.5,True,False
30,SANSHIMI,Rrahmani,D,,,False,False
30,SANSHIMI,Pavlovic,D,5.5,5.5,True,False
30,SANSHIMI,Bremer,D,6.5,6.5,True,False
30,SANSHIMI,Zaccagni,C,6.0,6.0,True,False
30,SANSHIMI,Atta,C,7.5,10.5,True,False
30,SANSHIMI,Odgaard,C,,,False,False
30,SANSHIMI,Berisha M.,C,,,False,False
30,SANSHIMI,Vaz,A,,,False,False
30,SANSHIMI,Bonny,A,5.5,5.0,True,False
30,SANSHIMI,Douvikas,A,5.0,5.0,True,False
30,SANSHIMI,Pasalic,C,6.0,6.0,True,True
30,SANSHIMI,Bernabè,C,6.0,6.0,True,True
30,SANSHIMI,Venturino,C,,,False,True
30,SANSHIMI,Sucic P.,C,6.0,5.5,False,True
30,SANSHIMI,Okoye,P,7.0,8.0,False,True
30,SANSHIMI,Sava,P,,,False,True
30,SANSHIMI,Parisi,D,,,False,True
30,SANSHIMI,Zortea,D,6.0,6.0,True,True
30,SANSHIMI,Idrissi R.,D,,,False,True
30,SANSHIMI,Doig,D,5.5,5.0,False,True
30,SANSHIMI,Comuzzo,D,,,False,True
30,SANSHIMI,Ratkov,A,,,False,True
30,SANSHIMI,Thuram,A,7.5,11.5,True,True
30,SANSHIMI,Krstovic,A,6.0,6.0,False,True
30,TEAM CHENFENGZI,Ravaglia F.,P,,,False,False
30,TEAM CHENFENGZI,Hermoso,D,6.0,6.0,True,False
30,TEAM CHENFENGZI,N'Dicka,D,6.5,7.5,True,False
30,TEAM CHENFENGZI,Ostigard,D,6.0,6.0,True,False
30,TEAM CHENFENGZI,Malinovskyi,C,7.0,8.5,True,False
30,TEAM CHENFENGZI,Bernardeschi,C,6.5,7.5,True,False
30,TEAM CHENFENGZI,Ederson D.S.,C,6.0,6.0,True,False
30,TEAM CHENFENGZI,Paz N.,C,7.0,9.0,True,False
30,TEAM CHENFENGZI,Lobotka,C,6.5,6.5,True,False
30,TEAM CHENFENGZI,Esposito F.P.,A,5.5,5.5,True,False
30,TEAM CHENFENGZI,Berardi,A,5.5,4.5,True,False
30,TEAM CHENFENGZI,Luis Henrique,C,6.0,6.0,False,True
30,TEAM CHENFENGZI,Gutierrez,D,,,False,True
30,TEAM CHENFENGZI,Ghilardi,D,6.0,6.0,False,True
30,TEAM CHENFENGZI,Piccoli,A,5.5,5.0,False,True
30,TEAM CHENFENGZI,Caprile,P,6.0,7.0,True,True
30,TEAM CHENFENGZI,Kelly L.,D,6.0,6.0,False,True
30,TEAM CHENFENGZI,Angelino,D,,,False,True
30,TEAM CHENFENGZI,Nzola,A,,,False,True
30,TEAM CHENFENGZI,Ricci S.,C,5.5,5.5,False,True
30,TEAM CHENFENGZI,Meister,A,,,False,True
30,TEAM CHENFENGZI,Mkhitaryan,C,,,False,True
30,MARIO GO,Maignan,P,6.0,3.0,True,False
30,MARIO GO,Spinazzola,D,5.5,5.5,True,False
30,MARIO GO,Zappacosta,D,5.5,5.5,True,False
30,MARIO GO,Dumfries,D,8.0,14.0,True,False
30,MARIO GO,Miranda J.,D,6.5,6.5,True,False
30,MARIO GO,Vlasic,C,6.0,6.0,True,False
30,MARIO GO,Barella,C,7.5,9.5,True,False
30,MARIO GO,Da Cunha,C,6.5,8.5,True,False
30,MARIO GO,Locatelli,C,7.0,7.0,True,False
30,MARIO GO,Laurientè,A,5.5,5.5,True,False
30,MARIO GO,Boga,A,7.0,11.0,True,False
30,MARIO GO,Terracciano,P,,,False,True
30,MARIO GO,Torriani,P,,,False,True
30,MARIO GO,Vasquez,D,6.5,6.5,False,True
30,MARIO GO,Rensch,D,6.5,7.5,False,True
30,MARIO GO,Lucumì,D,6.5,6.5,False,True
30,MARIO GO,Maripan,D,,,False,True
30,MARIO GO,Mandragora,C,5.5,5.5,False,True
30,MARIO GO,Orsolini,C,7.0,10.0,False,True
30,MARIO GO,Vandeputte,C,6.0,6.0,False,True
30,MARIO GO,Gaetano,C,6.0,6.0,False,True
30,MARIO GO,Dovbyk,A,,,False,True
30,MARIO GO,Pellegrino M.,A,,,False,True
30,MARIO GO,Giovane,A,5.5,5.5,False,True
30,MARIO GO,Cambiaghi,A,6.0,6.0,False,True
30,X-17,Motta,P,6.0,5.0,True,False
30,X-17,Cambiaso,D,5.5,5.0,True,False
30,X-17,Scalvini,D,5.5,5.5,True,False
30,X-17,Tomori,D,,,False,False
30,X-17,Conceicao,C,6.0,6.0,True,False
30,X-17,Calhanoglu,C,6.5,7.0,True,False
30,X-17,De Bruyne,C,6.0,6.0,True,False
30,X-17,Modric,C,6.0,6.0,True,False
30,X-17,Saelemaekers,C,5.5,5.5,True,False
30,X-17,Yildiz,A,6.0,6.0,True,False
30,X-17,Castro S.,A,6.0,6.0,True,False
30,X-17,Provedel,P,,,False,True
30,X-17,Furlanetto,P,,,False,True
30,X-17,Gabbia,D,,,False,True
30,X-17,Lazaro,D,,,False,True
30,X-17,Zappa,D,,,False,True
30,X-17,Angori,D,5.5,5.5,True,True
30,X-17,Ziolkowski,D,,,False,True
30,X-17,Baldanzi,C,7.0,8.0,False,True
30,X-17,Strefezza,C,7.0,10.0,False,True
30,X-17,Karlstrom,C,6.5,6.5,False,True
30,X-17,Vlahovic,A,,,False,True
30,X-17,Dybala,A,,,False,True
30,X-17,Rodriguez Je.,A,,,False,True
30,X-17,Vitinha O.,A,6.0,6.0,False,True
30,XIAO SHI,Sommer,P,5.0,2.0,True,False
30,XIAO SHI,Wesley,D,,,False,False
30,XIAO SHI,Vojvoda,D,,,False,False
30,XIAO SHI,Solet,D,7.0,7.0,True,False
30,XIAO SHI,Kalulu,D,6.5,6.5,True,False
30,XIAO SHI,Mazzitelli,C,6.0,6.0,True,False
30,XIAO SHI,Zambo Anguissa,C,5.5,5.5,True,False
30,XIAO SHI,Taylor K.,C,5.5,5.5,True,False
30,XIAO SHI,Fofana Y.,C,5.0,5.0,True,False
30,XIAO SHI,Solomon,A,,,False,False
30,XIAO SHI,Nkunku,A,5.5,5.5,True,False
30,XIAO SHI,Adams C.,A,6.0,6.0,True,True
30,XIAO SHI,Bonazzoli,A,5.5,5.5,False,True
30,XIAO SHI,Openda,A,,,False,True
30,XIAO SHI,Ferguson E.,A,,,False,True
30,XIAO SHI,Muharemovic,D,6.5,6.0,True,True
30,XIAO SHI,Mina,D,6.0,6.0,True,True
30,XIAO SHI,Marusic,D,,,False,True
30,XIAO SHI,Terracciano F.,D,5.5,5.0,False,True
30,XIAO SHI,Vergara,C,,,False,True
30,XIAO SHI,Konè M.,C,,,False,True
30,XIAO SHI,El Aynaoui,C,6.0,6.0,False,True
30,XIAO SHI,Matic,C,5.5,5.5,False,True
30,XIAO SHI,Martinez Jo.,P,,,False,True
30,XIAO SHI,Muric,P,6.0,4.0,False,True
31,MARIO GO,Maignan,P,6.5,7.5,True,False
31,MARIO GO,Spinazzola,D,5.0,5.0,True,False
31,MARIO GO,Zappacosta,D,6.0,6.0,True,False
31,MARIO GO,Dumfries,D,6.5,7.5,True,False
31,MARIO GO,Vasquez,D,6.0,6.0,True,False
31,MARIO GO,Vlasic,C,5.5,5.5,True,False
31,MARIO GO,Barella,C,7.5,10.5,True,False
31,MARIO GO,Da Cunha,C,6.0,6.0,True,False
31,MARIO GO,Mandragora,C,6.0,7.0,True,False
31,MARIO GO,Laurientè,A,7.0,8.0,True,False
31,MARIO GO,Boga,A,6.5,6.5,True,False
31,MARIO GO,Terracciano,P,,,False,True
31,MARIO GO,Torriani,P,,,False,True
31,MARIO GO,Miranda J.,D,5.5,5.5,False,True
31,MARIO GO,Rensch,D,6.5,7.5,False,True
31,MARIO GO,Lucumì,D,5.5,5.5,False,True
31,MARIO GO,Maripan,D,6.5,6.5,False,True
31,MARIO GO,Locatelli,C,6.5,6.0,False,True
31,MARIO GO,Orsolini,C,6.0,6.0,False,True
31,MARIO GO,Vandeputte,C,6.0,6.0,False,True
31,MARIO GO,Gaetano,C,6.0,6.0,False,True
31,MARIO GO,Dovbyk,A,,,False,True
31,MARIO GO,Pellegrino M.,A,6.0,6.0,False,True
31,MARIO GO,Giovane,A,5.5,5.5,False,True
31,MARIO GO,Cambiaghi,A,5.5,5.5,False,True
31,BOSS ROMAZDA,Carnesecchi,P,7.0,7.0,True,False
31,BOSS ROMAZDA,Carlos Augusto,D,6.0,6.0,True,False
31,BOSS ROMAZDA,Baschirotto,D,6.5,6.5,True,False
31,BOSS ROMAZDA,Delprato,D,6.0,6.0,True,False
31,BOSS ROMAZDA,Rowe,C,5.5,5.5,True,False
31,BOSS ROMAZDA,Fagioli,C,6.5,6.5,True,False
31,BOSS ROMAZDA,Thorstvedt,C,6.5,6.0,True,False
31,BOSS ROMAZDA,Pulisic,C,5.5,5.5,True,False
31,BOSS ROMAZDA,Simeone,A,5.5,5.5,True,False
31,BOSS ROMAZDA,Hojlund,A,5.0,5.0,True,False
31,BOSS ROMAZDA,Pinamonti,A,,,False,False
31,BOSS ROMAZDA,Martinez L.,A,,,False,True
31,BOSS ROMAZDA,David,A,7.0,11.0,True,True
31,BOSS ROMAZDA,Kulenovic,A,,,False,True
31,BOSS ROMAZDA,Casadei,C,5.5,5.5,False,True
31,BOSS ROMAZDA,Ondrejka,C,6.0,6.0,False,True
31,BOSS ROMAZDA,Tramoni M.,C,5.5,5.5,False,True
31,BOSS ROMAZDA,Brescianini,C,,,False,True
31,BOSS ROMAZDA,Kolasinac,D,6.0,6.0,False,True
31,BOSS ROMAZDA,Juan Jesus,D,,,False,True
31,BOSS ROMAZDA,Heggem,D,5.5,5.5,False,True
31,BOSS ROMAZDA,Hien,D,,,False,True
31,BOSS ROMAZDA,Bisseck,D,,,False,True
31,BOSS ROMAZDA,Sportiello,P,,,False,True
31,BOSS ROMAZDA,Rossi F.,P,,,False,True
31,TEAM SITH,Svilar,P,6.5,5.5,True,False
31,TEAM SITH,Martin,D,6.0,6.0,True,False
31,TEAM SITH,Coco,D,6.0,5.5,True,False
31,TEAM SITH,Kabasele,D,5.0,5.0,True,False
31,TEAM SITH,Gosens,D,,,False,False
31,TEAM SITH,Ekkelenkamp,C,5.5,5.5,True,False
31,TEAM SITH,McTominay,C,5.5,5.5,True,False
31,TEAM SITH,Baturina,C,5.5,5.5,True,False
31,TEAM SITH,Rabiot,C,7.0,11.0,True,False
31,TEAM SITH,Colombo,A,7.0,11.0,True,False
31,TEAM SITH,Soulè,A,6.5,6.5,True,False
31,TEAM SITH,Gollini,P,,,False,True
31,TEAM SITH,Zelezny,P,,,False,True
31,TEAM SITH,Buongiorno,D,4.5,4.5,True,True
31,TEAM SITH,Belghali,D,5.5,5.5,False,True
31,TEAM SITH,Romagnoli,D,6.5,6.5,False,True
31,TEAM SITH,Bellanova,D,5.5,5.5,False,True
31,TEAM SITH,Loftus-Cheek,C,,,False,True
31,TEAM SITH,Thuram K.,C,7.0,9.0,False,True
31,TEAM SITH,Isaksen,C,,,False,True
31,TEAM SITH,Frendrup,C,,,False,True
31,TEAM SITH,Banda,A,6.5,6.5,False,True
31,TEAM SITH,Durosinmi,A,5.5,5.5,False,True
31,TEAM SITH,Ekhator,A,7.0,9.0,False,True
31,TEAM SITH,Orban G.,A,5.0,5.0,False,True
31,X-17,Motta,P,6.0,7.0,True,False
31,X-17,Cambiaso,D,6.0,6.0,True,False
31,X-17,Scalvini,D,6.0,6.0,True,False
31,X-17,Tomori,D,6.0,6.0,True,False
31,X-17,Conceicao,C,6.0,6.0,True,False
31,X-17,Calhanoglu,C,6.0,6.0,True,False
31,X-17,De Bruyne,C,5.5,5.5,True,False
31,X-17,Modric,C,6.5,6.5,True,False
31,X-17,Saelemaekers,C,6.0,6.0,True,False
31,X-17,Yildiz,A,6.0,6.0,True,False
31,X-17,Rodriguez Je.,A,6.0,6.0,True,False
31,X-17,Provedel,P,,,False,True
31,X-17,Furlanetto,P,,,False,True
31,X-17,Gabbia,D,7.0,7.0,False,True
31,X-17,Lazaro,D,,,False,True
31,X-17,Angori,D,6.5,7.5,False,True
31,X-17,Zappa,D,,,False,True
31,X-17,Ziolkowski,D,,,False,True
31,X-17,Baldanzi,C,7.0,8.0,False,True
31,X-17,Strefezza,C,6.5,7.5,False,True
31,X-17,Karlstrom,C,5.5,5.0,False,True
31,X-17,Vlahovic,A,,,False,True
31,X-17,Dybala,A,,,False,True
31,X-17,Vitinha O.,A,,,False,True
31,X-17,Castro S.,A,5.0,5.0,False,True
31,BALZARETTI42,De Gea,P,6.5,5.5,True,False
31,BALZARETTI42,Valle,D,,,False,False
31,BALZARETTI42,Ramon,D,5.5,5.0,True,False
31,BALZARETTI42,Dodò,D,6.0,6.0,True,False
31,BALZARETTI42,Gudmundsson A.,C,5.5,5.5,True,False
31,BALZARETTI42,Perrone,C,6.0,6.0,True,False
31,BALZARETTI42,Caqueret,C,5.5,5.5,True,False
31,BALZARETTI42,De Roon,C,6.0,7.0,True,False
31,BALZARETTI42,De Ketelaere,A,6.0,6.0,True,False
31,BALZARETTI42,Diao,A,5.0,5.0,True,False
31,BALZARETTI42,Kean,A,,,False,False
31,BALZARETTI42,Lukaku,A,,,False,True
31,BALZARETTI42,Cancellieri,A,7.0,10.5,True,True
31,BALZARETTI42,Morata,A,5.0,4.5,False,True
31,BALZARETTI42,Cataldi,C,6.0,5.5,False,True
31,BALZARETTI42,Pobega,C,5.5,5.5,False,True
31,BALZARETTI42,Thorsby,C,,,False,True
31,BALZARETTI42,Basic,C,7.0,9.0,False,True
31,BALZARETTI42,De Winter,D,,,False,True
31,BALZARETTI42,Djimsiti,D,6.5,6.0,True,True
31,BALZARETTI42,Tsimikas,D,,,False,True
31,BALZARETTI42,Cabal,D,,,False,True
31,BALZARETTI42,Idzes,D,6.5,6.5,False,True
31,BALZARETTI42,Lezzerini,P,,,False,True
31,BALZARETTI42,Paleari,P,6.5,7.5,False,True
31,MIZI-MAIGO,Falcone,P,6.0,5.0,True,False
31,MIZI-MAIGO,Dimarco,D,6.5,7.5,True,False
31,MIZI-MAIGO,Valeri,D,6.0,6.0,True,False
31,MIZI-MAIGO,Celik,D,6.0,6.0,True,False
31,MIZI-MAIGO,Zalewski,C,6.0,6.0,True,False
31,MIZI-MAIGO,Pellegrini Lo.,C,,,False,False
31,MIZI-MAIGO,Cristante,C,6.0,6.0,True,False
31,MIZI-MAIGO,Zaniolo,C,6.0,5.5,True,False
31,MIZI-MAIGO,Politano,C,5.5,5.5,True,False
31,MIZI-MAIGO,Esposito Se.,A,6.0,5.5,True,False
31,MIZI-MAIGO,Scamacca,A,,,False,False
31,MIZI-MAIGO,Borrelli,A,5.0,4.5,True,True
31,MIZI-MAIGO,Moreo,A,5.0,5.0,False,True
31,MIZI-MAIGO,Kilicsoy,A,,,False,True
31,MIZI-MAIGO,Belotti,A,,,False,True
31,MIZI-MAIGO,Frattesi,C,,,False,True
31,MIZI-MAIGO,Pisilli,C,5.5,5.0,True,True
31,MIZI-MAIGO,El Shaarawy,C,6.0,6.0,False,True
31,MIZI-MAIGO,Bastoni,D,,,False,True
31,MIZI-MAIGO,Acerbi,D,,,False,True
31,MIZI-MAIGO,Darmian,D,,,False,True
31,MIZI-MAIGO,Pellegrini Lu.,D,,,False,True
31,MIZI-MAIGO,Di Lorenzo,D,,,False,True
31,MIZI-MAIGO,Perin,P,,,False,True
31,MIZI-MAIGO,Di Gregorio,P,6.0,7.0,False,True
31,XIAO SHI,Sommer,P,,,False,False
31,XIAO SHI,Wesley,D,,,False,False
31,XIAO SHI,Vojvoda,D,5.5,5.5,True,False
31,XIAO SHI,Solet,D,6.0,6.0,True,False
31,XIAO SHI,Kalulu,D,6.5,7.5,True,False
31,XIAO SHI,Mazzitelli,C,,,False,False
31,XIAO SHI,Zambo Anguissa,C,5.5,5.5,True,False
31,XIAO SHI,Taylor K.,C,6.5,7.0,True,False
31,XIAO SHI,Fofana Y.,C,5.5,5.5,True,False
31,XIAO SHI,Solomon,A,5.0,4.5,True,False
31,XIAO SHI,Nkunku,A,,,False,False
31,XIAO SHI,Adams C.,A,5.5,5.5,True,True
31,XIAO SHI,Bonazzoli,A,6.5,7.5,False,True
31,XIAO SHI,Openda,A,,,False,True
31,XIAO SHI,Ferguson E.,A,,,False,True
31,XIAO SHI,Muharemovic,D,6.5,6.5,True,True
31,XIAO SHI,Mina,D,5.0,5.0,False,True
31,XIAO SHI,Marusic,D,,,False,True
31,XIAO SHI,Terracciano F.,D,6.0,6.0,False,True
31,XIAO SHI,Vergara,C,,,False,True
31,XIAO SHI,Konè M.,C,,,False,True
31,XIAO SHI,El Aynaoui,C,5.5,5.5,True,True
31,XIAO SHI,Matic,C,6.0,6.0,False,True
31,XIAO SHI,Martinez Jo.,P,6.0,7.0,True,True
31,XIAO SHI,Muric,P,,,False,True
31,TEAM CHENFENGZI,Ravaglia F.,P,6.0,4.0,True,False
31,TEAM CHENFENGZI,Mancini,D,6.0,6.0,True,False
31,TEAM CHENFENGZI,N'Dicka,D,6.0,6.0,True,False
31,TEAM CHENFENGZI,Ostigard,D,6.5,6.0,True,False
31,TEAM CHENFENGZI,Mkhitaryan,C,6.0,6.0,True,False
31,TEAM CHENFENGZI,Bernardeschi,C,,,False,False
31,TEAM CHENFENGZI,Ederson D.S.,C,6.5,6.0,True,False
31,TEAM CHENFENGZI,Paz N.,C,7.0,9.0,True,False
31,TEAM CHENFENGZI,Lobotka,C,5.0,4.5,True,False
31,TEAM CHENFENGZI,Esposito F.P.,A,6.5,6.5,True,False
31,TEAM CHENFENGZI,Piccoli,A,5.5,5.5,True,False
31,TEAM CHENFENGZI,Luis Henrique,C,6.0,6.0,True,True
31,TEAM CHENFENGZI,Gutierrez,D,6.0,6.0,False,True
31,TEAM CHENFENGZI,Ghilardi,D,6.0,6.0,False,True
31,TEAM CHENFENGZI,Caprile,P,6.0,3.0,False,True
31,TEAM CHENFENGZI,Kelly L.,D,6.5,6.5,False,True
31,TEAM CHENFENGZI,Angelino,D,,,False,True
31,TEAM CHENFENGZI,Nzola,A,7.5,12.5,False,True
31,TEAM CHENFENGZI,Ricci S.,C,6.0,6.0,False,True
31,TEAM CHENFENGZI,Meister,A,5.5,5.5,False,True
31,TEAM CHENFENGZI,Hermoso,D,7.0,10.0,False,True
31,SANSHIMI,Butez,P,5.5,3.5,True,False
31,SANSHIMI,Idrissi R.,D,,,False,False
31,SANSHIMI,Bremer,D,6.5,6.5,True,False
31,SANSHIMI,Pavlovic,D,6.5,6.5,True,False
31,SANSHIMI,Zaccagni,C,5.0,3.0,True,False
31,SANSHIMI,Atta,C,6.0,6.0,True,False
31,SANSHIMI,Bernabè,C,6.0,6.0,True,False
31,SANSHIMI,Odgaard,C,,,False,False
31,SANSHIMI,Thuram,A,7.0,10.0,True,False
31,SANSHIMI,Douvikas,A,5.5,5.5,True,False
31,SANSHIMI,Vaz,A,6.0,6.0,True,False
31,SANSHIMI,Sucic P.,C,,,False,True
31,SANSHIMI,Pasalic,C,,,False,True
31,SANSHIMI,Venturino,C,6.0,6.0,True,True
31,SANSHIMI,Berisha M.,C,,,False,True
31,SANSHIMI,Okoye,P,5.5,4.5,False,True
31,SANSHIMI,Sava,P,,,False,True
31,SANSHIMI,Parisi,D,,,False,True
31,SANSHIMI,Zortea,D,6.0,6.0,True,True
31,SANSHIMI,Doig,D,,,False,True
31,SANSHIMI,Comuzzo,D,,,False,True
31,SANSHIMI,Bonny,A,6.5,6.5,False,True
31,SANSHIMI,Krstovic,A,7.0,9.0,False,True
31,SANSHIMI,Ratkov,A,,,False,True
31,SANSHIMI,Rrahmani,D,,,False,True
31,TEAM BRAUNA,Milinkovic-Savic V.,P,7.0,7.0,True,False
31,TEAM BRAUNA,Palestra,D,6.0,6.0,True,False
31,TEAM BRAUNA,Kempf,D,5.0,5.0,True,False
31,TEAM BRAUNA,Bartesaghi,D,6.0,6.0,True,False
31,TEAM BRAUNA,Akanji,D,6.5,6.5,True,False
31,TEAM BRAUNA,Zielinski,C,6.5,8.5,True,False
31,TEAM BRAUNA,McKennie,C,7.0,8.0,True,False
31,TEAM BRAUNA,Santos A.,C,6.0,6.0,True,False
31,TEAM BRAUNA,Leao,A,6.0,7.0,True,False
31,TEAM BRAUNA,Malen,A,6.0,6.0,True,False
31,TEAM BRAUNA,Raspadori,A,6.0,6.0,True,False
31,TEAM BRAUNA,Meret,P,,,False,True
31,TEAM BRAUNA,Contini,P,,,False,True
31,TEAM BRAUNA,Bernasconi,D,6.0,6.0,False,True
31,TEAM BRAUNA,Holm,D,6.5,6.5,False,True
31,TEAM BRAUNA,Norton-Cuffy,D,,,False,True
31,TEAM BRAUNA,Gila,D,7.0,8.0,False,True
31,TEAM BRAUNA,Elmas,C,5.5,5.5,False,True
31,TEAM BRAUNA,Konè I.,C,6.0,5.5,False,True
31,TEAM BRAUNA,Maldini,C,,,False,True
31,TEAM BRAUNA,Miretti,C,,,False,True
31,TEAM BRAUNA,Zaragoza,C,,,False,True
31,TEAM BRAUNA,Davis K.,A,,,False,True
31,TEAM BRAUNA,Fullkrug,A,,,False,True
31,TEAM BRAUNA,Addai,A,,,False,True
32,X-17,Motta,P,5.0,2.0,True,False
32,X-17,Cambiaso,D,5.5,5.0,True,False
32,X-17,Scalvini,D,5.5,6.5,True,False
32,X-17,Tomori,D,6.5,6.5,True,False
32,X-17,Conceicao,C,6.5,7.5,True,False
32,X-17,Calhanoglu,C,,,False,False
32,X-17,De Bruyne,C,7.5,11.5,True,False
32,X-17,Modric,C,6.0,6.0,True,False
32,X-17,Saelemaekers,C,6.5,6.5,True,False
32,X-17,Yildiz,A,,,False,False
32,X-17,Dybala,A,,,False,False
32,X-17,Provedel,P,,,False,True
32,X-17,Furlanetto,P,,,False,True
32,X-17,Gabbia,D,6.0,6.0,False,True
32,X-17,Angori,D,6.0,6.0,False,True
32,X-17,Lazaro,D,5.5,5.5,False,True
32,X-17,Zappa,D,,,False,True
32,X-17,Ziolkowski,D,,,False,True
32,X-17,Strefezza,C,6.0,6.0,True,True
32,X-17,Baldanzi,C,,,False,True
32,X-17,Karlstrom,C,,,False,True
32,X-17,Vlahovic,A,,,False,True
32,X-17,Rodriguez Je.,A,,,False,True
32,X-17,Castro S.,A,5.5,5.5,True,True
32,X-17,Vitinha O.,A,5.5,5.5,True,True
32,BALZARETTI42,De Gea,P,6.0,7.0,True,False
32,BALZARETTI42,Valle,D,6.5,6.5,True,False
32,BALZARETTI42,Ramon,D,6.0,6.0,True,False
32,BALZARETTI42,Dodò,D,6.0,6.0,True,False
32,BALZARETTI42,Basic,C,6.5,7.5,True,False
32,BALZARETTI42,Perrone,C,6.0,6.0,True,False
32,BALZARETTI42,Caqueret,C,6.5,7.5,True,False
32,BALZARETTI42,Gudmundsson A.,C,5.5,5.5,True,False
32,BALZARETTI42,Diao,A,6.5,8.0,True,False
32,BALZARETTI42,Kean,A,,,False,False
32,BALZARETTI42,De Ketelaere,A,5.5,5.5,True,False
32,BALZARETTI42,Cancellieri,A,6.0,5.5,True,True
32,BALZARETTI42,Lukaku,A,,,False,True
32,BALZARETTI42,Morata,A,,,False,True
32,BALZARETTI42,De Roon,C,5.5,5.5,False,True
32,BALZARETTI42,Cataldi,C,,,False,True
32,BALZARETTI42,Pobega,C,,,False,True
32,BALZARETTI42,Thorsby,C,,,False,True
32,BALZARETTI42,Djimsiti,D,5.0,5.0,False,True
32,BALZARETTI42,Cabal,D,,,False,True
32,BALZARETTI42,De Winter,D,,,False,True
32,BALZARETTI42,Tsimikas,D,,,False,True
32,BALZARETTI42,Idzes,D,6.5,7.5,False,True
32,BALZARETTI42,Lezzerini,P,,,False,True
32,BALZARETTI42,Paleari,P,6.5,4.5,False,True
32,XIAO SHI,Sommer,P,6.0,4.0,True,False
32,XIAO SHI,Wesley,D,7.0,7.0,True,False
32,XIAO SHI,Vojvoda,D,,,False,False
32,XIAO SHI,Solet,D,5.0,5.0,True,False
32,XIAO SHI,Kalulu,D,6.5,6.5,True,False
32,XIAO SHI,Mazzitelli,C,,,False,False
32,XIAO SHI,Zambo Anguissa,C,,,False,False
32,XIAO SHI,Taylor K.,C,6.0,6.0,True,False
32,XIAO SHI,Fofana Y.,C,6.0,6.0,True,False
32,XIAO SHI,Solomon,A,5.5,5.5,True,False
32,XIAO SHI,Nkunku,A,,,False,False
32,XIAO SHI,Adams C.,A,5.5,5.5,True,True
32,XIAO SHI,Bonazzoli,A,5.5,5.5,False,True
32,XIAO SHI,Openda,A,,,False,True
32,XIAO SHI,Ferguson E.,A,,,False,True
32,XIAO SHI,Muharemovic,D,6.0,6.0,True,True
32,XIAO SHI,Mina,D,6.0,6.0,False,True
32,XIAO SHI,Marusic,D,,,False,True
32,XIAO SHI,Terracciano F.,D,5.0,3.0,False,True
32,XIAO SHI,Vergara,C,,,False,True
32,XIAO SHI,Konè M.,C,,,False,True
32,XIAO SHI,El Aynaoui,C,7.5,10.0,True,True
32,XIAO SHI,Matic,C,6.0,6.0,True,True
32,XIAO SHI,Martinez Jo.,P,,,False,True
32,XIAO SHI,Muric,P,,,False,True
32,TEAM SITH,Svilar,P,6.5,7.5,True,False
32,TEAM SITH,Belghali,D,6.5,7.5,True,False
32,TEAM SITH,Buongiorno,D,6.0,6.0,True,False
32,TEAM SITH,Romagnoli,D,6.5,6.5,True,False
32,TEAM SITH,Bellanova,D,5.5,5.5,True,False
32,TEAM SITH,Ekkelenkamp,C,6.5,7.5,True,False
32,TEAM SITH,McTominay,C,7.5,8.5,True,False
32,TEAM SITH,Baturina,C,7.0,7.0,True,False
32,TEAM SITH,Rabiot,C,6.5,6.5,True,False
32,TEAM SITH,Banda,A,6.0,6.0,True,False
32,TEAM SITH,Soulè,A,6.5,6.5,True,False
32,TEAM SITH,Gollini,P,,,False,True
32,TEAM SITH,Zelezny,P,,,False,True
32,TEAM SITH,Kabasele,D,6.0,6.0,False,True
32,TEAM SITH,Martin,D,,,False,True
32,TEAM SITH,Coco,D,5.5,5.5,False,True
32,TEAM SITH,Gosens,D,,,False,True
32,TEAM SITH,Isaksen,C,6.5,6.5,False,True
32,TEAM SITH,Thuram K.,C,6.5,6.5,False,True
32,TEAM SITH,Frendrup,C,5.5,5.5,False,True
32,TEAM SITH,Loftus-Cheek,C,,,False,True
32,TEAM SITH,Orban G.,A,,,False,True
32,TEAM SITH,Durosinmi,A,,,False,True
32,TEAM SITH,Colombo,A,5.5,5.5,False,True
32,TEAM SITH,Ekhator,A,6.0,6.0,False,True
32,TEAM CHENFENGZI,Ravaglia F.,P,6.0,4.0,True,False
32,TEAM CHENFENGZI,Mancini,D,6.5,6.5,True,False
32,TEAM CHENFENGZI,N'Dicka,D,6.0,6.0,True,False
32,TEAM CHENFENGZI,Ostigard,D,6.0,6.0,True,False
32,TEAM CHENFENGZI,Mkhitaryan,C,,,False,False
32,TEAM CHENFENGZI,Bernardeschi,C,,,False,False
32,TEAM CHENFENGZI,Ederson D.S.,C,6.0,6.0,True,False
32,TEAM CHENFENGZI,Paz N.,C,6.5,6.5,True,False
32,TEAM CHENFENGZI,Lobotka,C,6.0,6.0,True,False
32,TEAM CHENFENGZI,Esposito F.P.,A,5.5,5.5,True,False
32,TEAM CHENFENGZI,Piccoli,A,,,False,False
32,TEAM CHENFENGZI,Luis Henrique,C,,,False,True
32,TEAM CHENFENGZI,Gutierrez,D,6.5,6.5,False,True
32,TEAM CHENFENGZI,Ghilardi,D,6.0,6.0,False,True
32,TEAM CHENFENGZI,Caprile,P,6.5,4.5,False,True
32,TEAM CHENFENGZI,Kelly L.,D,6.0,6.0,False,True
32,TEAM CHENFENGZI,Angelino,D,,,False,True
32,TEAM CHENFENGZI,Nzola,A,6.0,6.0,True,True
32,TEAM CHENFENGZI,Ricci S.,C,6.0,6.0,True,True
32,TEAM CHENFENGZI,Meister,A,5.5,5.5,False,True
32,TEAM CHENFENGZI,Hermoso,D,6.0,5.5,False,True
32,BOSS ROMAZDA,Carnesecchi,P,6.0,3.0,True,False
32,BOSS ROMAZDA,Carlos Augusto,D,5.0,5.0,True,False
32,BOSS ROMAZDA,Bisseck,D,7.0,9.0,True,False
32,BOSS ROMAZDA,Delprato,D,6.0,6.0,True,False
32,BOSS ROMAZDA,Rowe,C,6.0,6.0,True,False
32,BOSS ROMAZDA,Fagioli,C,6.0,6.0,True,False
32,BOSS ROMAZDA,Thorstvedt,C,6.0,6.0,True,False
32,BOSS ROMAZDA,Pulisic,C,5.5,5.5,True,False
32,BOSS ROMAZDA,Simeone,A,7.0,9.0,True,False
32,BOSS ROMAZDA,Hojlund,A,7.0,7.0,True,False
32,BOSS ROMAZDA,Pinamonti,A,5.5,5.5,True,False
32,BOSS ROMAZDA,Martinez L.,A,,,False,True
32,BOSS ROMAZDA,David,A,6.0,6.0,False,True
32,BOSS ROMAZDA,Kulenovic,A,,,False,True
32,BOSS ROMAZDA,Casadei,C,6.0,6.0,False,True
32,BOSS ROMAZDA,Brescianini,C,,,False,True
32,BOSS ROMAZDA,Tramoni M.,C,,,False,True
32,BOSS ROMAZDA,Ondrejka,C,,,False,True
32,BOSS ROMAZDA,Kolasinac,D,5.5,5.5,False,True
32,BOSS ROMAZDA,Baschirotto,D,5.0,5.0,False,True
32,BOSS ROMAZDA,Juan Jesus,D,,,False,True
32,BOSS ROMAZDA,Heggem,D,5.0,5.0,False,True
32,BOSS ROMAZDA,Hien,D,,,False,True
32,BOSS ROMAZDA,Sportiello,P,,,False,True
32,BOSS ROMAZDA,Rossi F.,P,,,False,True
32,MIZI-MAIGO,Falcone,P,6.5,7.5,True,False
32,MIZI-MAIGO,Dimarco,D,7.0,9.0,True,False
32,MIZI-MAIGO,Valeri,D,6.5,6.5,True,False
32,MIZI-MAIGO,Celik,D,6.0,6.0,True,False
32,MIZI-MAIGO,Zalewski,C,5.5,5.5,True,False
32,MIZI-MAIGO,Pellegrini Lo.,C,,,False,False
32,MIZI-MAIGO,Cristante,C,6.0,6.0,True,False
32,MIZI-MAIGO,Zaniolo,C,6.0,6.0,True,False
32,MIZI-MAIGO,Politano,C,6.5,6.5,True,False
32,MIZI-MAIGO,Esposito Se.,A,6.0,6.0,True,False
32,MIZI-MAIGO,Scamacca,A,7.5,11.5,True,False
32,MIZI-MAIGO,Moreo,A,5.0,5.0,False,True
32,MIZI-MAIGO,Borrelli,A,7.0,10.0,False,True
32,MIZI-MAIGO,Kilicsoy,A,,,False,True
32,MIZI-MAIGO,Belotti,A,5.5,5.5,False,True
32,MIZI-MAIGO,Pisilli,C,6.0,6.0,True,True
32,MIZI-MAIGO,Frattesi,C,,,False,True
32,MIZI-MAIGO,El Shaarawy,C,,,False,True
32,MIZI-MAIGO,Bastoni,D,,,False,True
32,MIZI-MAIGO,Acerbi,D,,,False,True
32,MIZI-MAIGO,Darmian,D,6.0,6.0,False,True
32,MIZI-MAIGO,Pellegrini Lu.,D,7.0,8.5,False,True
32,MIZI-MAIGO,Di Lorenzo,D,,,False,True
32,MIZI-MAIGO,Perin,P,,,False,True
32,MIZI-MAIGO,Di Gregorio,P,6.0,7.0,False,True
32,SANSHIMI,Butez,P,5.5,6.5,True,False
32,SANSHIMI,Idrissi R.,D,,,False,False
32,SANSHIMI,Bremer,D,6.5,6.5,True,False
32,SANSHIMI,Pavlovic,D,6.5,6.5,True,False
32,SANSHIMI,Zaccagni,C,,,False,False
32,SANSHIMI,Atta,C,8.0,13.0,True,False
32,SANSHIMI,Bernabè,C,6.5,6.5,True,False
32,SANSHIMI,Odgaard,C,5.5,5.5,True,False
32,SANSHIMI,Thuram,A,7.0,9.0,True,False
32,SANSHIMI,Douvikas,A,7.0,11.0,True,False
32,SANSHIMI,Vaz,A,6.0,6.0,True,False
32,SANSHIMI,Sucic P.,C,6.5,6.5,True,True
32,SANSHIMI,Pasalic,C,6.0,6.0,False,True
32,SANSHIMI,Venturino,C,,,False,True
32,SANSHIMI,Berisha M.,C,,,False,True
32,SANSHIMI,Okoye,P,6.0,3.0,False,True
32,SANSHIMI,Sava,P,,,False,True
32,SANSHIMI,Parisi,D,,,False,True
32,SANSHIMI,Zortea,D,6.0,6.0,True,True
32,SANSHIMI,Doig,D,,,False,True
32,SANSHIMI,Comuzzo,D,6.0,6.0,False,True
32,SANSHIMI,Bonny,A,5.5,5.5,False,True
32,SANSHIMI,Krstovic,A,5.5,5.5,False,True
32,SANSHIMI,Ratkov,A,,,False,True
32,SANSHIMI,Rrahmani,D,6.5,6.5,False,True
32,TEAM BRAUNA,Milinkovic-Savic V.,P,6.5,8.0,True,False
32,TEAM BRAUNA,Palestra,D,6.0,6.0,True,False
32,TEAM BRAUNA,Kempf,D,6.5,6.0,True,False
32,TEAM BRAUNA,Bartesaghi,D,5.5,5.0,True,False
32,TEAM BRAUNA,Akanji,D,6.0,6.0,True,False
32,TEAM BRAUNA,Zielinski,C,5.5,5.5,True,False
32,TEAM BRAUNA,McKennie,C,6.0,6.0,True,False
32,TEAM BRAUNA,Santos A.,C,7.5,9.5,True,False
32,TEAM BRAUNA,Leao,A,6.0,6.0,True,False
32,TEAM BRAUNA,Malen,A,7.5,12.5,True,False
32,TEAM BRAUNA,Raspadori,A,5.0,5.0,True,False
32,TEAM BRAUNA,Meret,P,,,False,True
32,TEAM BRAUNA,Contini,P,,,False,True
32,TEAM BRAUNA,Bernasconi,D,,,False,True
32,TEAM BRAUNA,Holm,D,6.0,6.0,False,True
32,TEAM BRAUNA,Norton-Cuffy,D,,,False,True
32,TEAM BRAUNA,Gila,D,,,False,True
32,TEAM BRAUNA,Elmas,C,,,False,True
32,TEAM BRAUNA,Konè I.,C,6.0,6.0,False,True
32,TEAM BRAUNA,Maldini,C,7.0,10.0,False,True
32,TEAM BRAUNA,Miretti,C,,,False,True
32,TEAM BRAUNA,Zaragoza,C,,,False,True
32,TEAM BRAUNA,Davis K.,A,,,False,True
32,TEAM BRAUNA,Fullkrug,A,6.0,6.0,False,True
32,TEAM BRAUNA,Addai,A,,,False,True
32,MARIO GO,Maignan,P,6.0,7.0,True,False
32,MARIO GO,Spinazzola,D,,,False,False
32,MARIO GO,Zappacosta,D,5.5,5.5,True,False
32,MARIO GO,Dumfries,D,,,False,False
32,MARIO GO,Vasquez,D,5.5,5.5,True,False
32,MARIO GO,Vlasic,C,6.5,9.5,True,False
32,MARIO GO,Barella,C,5.5,5.0,True,False
32,MARIO GO,Da Cunha,C,6.5,7.5,True,False
32,MARIO GO,Mandragora,C,5.5,5.0,True,False
32,MARIO GO,Laurientè,A,6.0,5.5,True,False
32,MARIO GO,Pellegrino M.,A,6.0,6.0,True,False
32,MARIO GO,Terracciano,P,,,False,True
32,MARIO GO,Torriani,P,,,False,True
32,MARIO GO,Miranda J.,D,5.0,5.0,True,True
32,MARIO GO,Rensch,D,6.0,5.5,True,True
32,MARIO GO,Lucumì,D,5.0,5.0,False,True
32,MARIO GO,Maripan,D,,,False,True
32,MARIO GO,Locatelli,C,6.0,5.5,False,True
32,MARIO GO,Orsolini,C,6.0,6.0,False,True
32,MARIO GO,Vandeputte,C,5.5,5.5,False,True
32,MARIO GO,Gaetano,C,7.0,7.0,False,True
32,MARIO GO,Dovbyk,A,,,False,True
32,MARIO GO,Boga,A,5.0,4.5,False,True
32,MARIO GO,Giovane,A,6.0,6.0,False,True
32,MARIO GO,Cambiaghi,A,,,False,True
33,SANSHIMI,Butez,P,6.0,7.0,True,False
33,SANSHIMI,Idrissi R.,D,,,False,False
33,SANSHIMI,Bremer,D,5.5,5.5,True,False
33,SANSHIMI,Pavlovic,D,6.0,6.0,True,False
33,SANSHIMI,Zaccagni,C,5.5,5.5,True,False
33,SANSHIMI,Atta,C,6.0,6.0,True,False
33,SANSHIMI,Bernabè,C,6.0,6.0,True,False
33,SANSHIMI,Odgaard,C,5.0,5.0,True,False
33,SANSHIMI,Thuram,A,6.5,10.5,True,False
33,SANSHIMI,Douvikas,A,5.0,5.0,True,False
33,SANSHIMI,Krstovic,A,5.5,5.0,True,False
33,SANSHIMI,Sucic P.,C,5.5,5.5,False,True
33,SANSHIMI,Pasalic,C,6.0,6.0,False,True
33,SANSHIMI,Venturino,C,,,False,True
33,SANSHIMI,Berisha M.,C,,,False,True
33,SANSHIMI,Okoye,P,6.5,7.5,False,True
33,SANSHIMI,Sava,P,,,False,True
33,SANSHIMI,Rrahmani,D,7.0,7.0,True,True
33,SANSHIMI,Parisi,D,5.5,5.0,False,True
33,SANSHIMI,Zortea,D,,,False,True
33,SANSHIMI,Doig,D,,,False,True
33,SANSHIMI,Comuzzo,D,5.5,5.5,False,True
33,SANSHIMI,Bonny,A,6.0,6.0,False,True
33,SANSHIMI,Vaz,A,,,False,True
33,SANSHIMI,Ratkov,A,,,False,True
33,X-17,Motta,P,5.0,4.0,True,False
33,X-17,Cambiaso,D,6.0,6.0,True,False
33,X-17,Scalvini,D,6.0,6.0,True,False
33,X-17,Gabbia,D,5.0,5.0,True,False
33,X-17,Tomori,D,4.5,3.5,True,False
33,X-17,Conceicao,C,7.0,7.0,True,False
33,X-17,Calhanoglu,C,,,False,False
33,X-17,De Bruyne,C,5.0,5.0,True,False
33,X-17,Saelemaekers,C,5.5,5.5,True,False
33,X-17,Yildiz,A,5.5,5.5,True,False
33,X-17,Dybala,A,6.0,6.0,True,False
33,X-17,Provedel,P,,,False,True
33,X-17,Furlanetto,P,,,False,True
33,X-17,Angori,D,6.5,6.5,False,True
33,X-17,Lazaro,D,6.0,6.0,False,True
33,X-17,Zappa,D,,,False,True
33,X-17,Ziolkowski,D,,,False,True
33,X-17,Modric,C,,,False,True
33,X-17,Strefezza,C,6.5,6.5,True,True
33,X-17,Baldanzi,C,,,False,True
33,X-17,Karlstrom,C,,,False,True
33,X-17,Vlahovic,A,7.0,10.0,False,True
33,X-17,Castro S.,A,5.5,5.0,False,True
33,X-17,Rodriguez Je.,A,,,False,True
33,X-17,Vitinha O.,A,6.0,6.0,False,True
33,MARIO GO,Maignan,P,5.5,3.5,True,False
33,MARIO GO,Spinazzola,D,,,False,False
33,MARIO GO,Zappacosta,D,5.5,5.5,True,False
33,MARIO GO,Dumfries,D,6.0,6.0,True,False
33,MARIO GO,Rensch,D,,,False,False
33,MARIO GO,Vlasic,C,5.5,5.5,True,False
33,MARIO GO,Barella,C,7.0,7.0,True,False
33,MARIO GO,Da Cunha,C,6.5,6.5,True,False
33,MARIO GO,Locatelli,C,5.5,5.0,True,False
33,MARIO GO,Laurientè,A,8.0,12.0,True,False
33,MARIO GO,Boga,A,5.5,5.5,True,False
33,MARIO GO,Terracciano,P,,,False,True
33,MARIO GO,Torriani,P,,,False,True
33,MARIO GO,Miranda J.,D,5.5,5.5,True,True
33,MARIO GO,Vasquez,D,6.5,6.5,True,True
33,MARIO GO,Lucumì,D,6.5,6.5,False,True
33,MARIO GO,Maripan,D,,,False,True
33,MARIO GO,Orsolini,C,5.5,5.5,False,True
33,MARIO GO,Vandeputte,C,,,False,True
33,MARIO GO,Gaetano,C,5.5,5.5,False,True
33,MARIO GO,Mandragora,C,,,False,True
33,MARIO GO,Dovbyk,A,,,False,True
33,MARIO GO,Pellegrino M.,A,5.0,5.0,False,True
33,MARIO GO,Giovane,A,,,False,True
33,MARIO GO,Cambiaghi,A,,,False,True
33,MIZI-MAIGO,Falcone,P,6.5,5.5,True,False
33,MIZI-MAIGO,Dimarco,D,6.5,6.5,True,False
33,MIZI-MAIGO,Bastoni,D,6.0,6.0,True,False
33,MIZI-MAIGO,Valeri,D,6.0,6.0,True,False
33,MIZI-MAIGO,Zalewski,C,6.0,6.0,True,False
33,MIZI-MAIGO,Pellegrini Lo.,C,,,False,False
33,MIZI-MAIGO,Pisilli,C,8.0,12.0,True,False
33,MIZI-MAIGO,Zaniolo,C,7.0,7.0,True,False
33,MIZI-MAIGO,Politano,C,6.5,6.0,True,False
33,MIZI-MAIGO,Esposito Se.,A,6.5,6.5,True,False
33,MIZI-MAIGO,Scamacca,A,5.5,5.5,True,False
33,MIZI-MAIGO,Moreo,A,6.0,6.0,False,True
33,MIZI-MAIGO,Borrelli,A,,,False,True
33,MIZI-MAIGO,Kilicsoy,A,,,False,True
33,MIZI-MAIGO,Belotti,A,,,False,True
33,MIZI-MAIGO,Cristante,C,6.5,6.5,True,True
33,MIZI-MAIGO,Frattesi,C,,,False,True
33,MIZI-MAIGO,El Shaarawy,C,6.0,5.5,False,True
33,MIZI-MAIGO,Pellegrini Lu.,D,,,False,True
33,MIZI-MAIGO,Celik,D,6.5,6.5,False,True
33,MIZI-MAIGO,Acerbi,D,,,False,True
33,MIZI-MAIGO,Darmian,D,,,False,True
33,MIZI-MAIGO,Di Lorenzo,D,,,False,True
33,MIZI-MAIGO,Perin,P,,,False,True
33,MIZI-MAIGO,Di Gregorio,P,6.0,5.0,False,True
33,TEAM SITH,Svilar,P,6.0,7.0,True,False
33,TEAM SITH,Buongiorno,D,6.5,6.5,True,False
33,TEAM SITH,Romagnoli,D,6.5,6.5,True,False
33,TEAM SITH,Coco,D,5.5,5.5,True,False
33,TEAM SITH,Kabasele,D,6.0,5.5,True,False
33,TEAM SITH,Thuram K.,C,6.0,6.0,True,False
33,TEAM SITH,McTominay,C,5.5,5.5,True,False
33,TEAM SITH,Isaksen,C,7.0,9.0,True,False
33,TEAM SITH,Rabiot,C,5.0,5.0,True,False
33,TEAM SITH,Banda,A,7.0,9.0,True,False
33,TEAM SITH,Soulè,A,6.5,6.5,True,False
33,TEAM SITH,Gollini,P,,,False,True
33,TEAM SITH,Zelezny,P,,,False,True
33,TEAM SITH,Bellanova,D,,,False,True
33,TEAM SITH,Martin,D,,,False,True
33,TEAM SITH,Belghali,D,5.5,5.5,False,True
33,TEAM SITH,Gosens,D,4.5,4.5,False,True
33,TEAM SITH,Loftus-Cheek,C,5.5,5.0,False,True
33,TEAM SITH,Baturina,C,6.0,6.0,False,True
33,TEAM SITH,Frendrup,C,6.0,6.0,False,True
33,TEAM SITH,Ekkelenkamp,C,6.5,7.5,False,True
33,TEAM SITH,Durosinmi,A,,,False,True
33,TEAM SITH,Colombo,A,5.5,5.5,False,True
33,TEAM SITH,Ekhator,A,6.5,6.5,False,True
33,TEAM SITH,Orban G.,A,,,False,True
33,TEAM CHENFENGZI,Ravaglia F.,P,,,False,False
33,TEAM CHENFENGZI,Mancini,D,7.0,10.0,True,False
33,TEAM CHENFENGZI,N'Dicka,D,6.0,6.0,True,False
33,TEAM CHENFENGZI,Ostigard,D,7.0,7.0,True,False
33,TEAM CHENFENGZI,Mkhitaryan,C,7.0,9.0,True,False
33,TEAM CHENFENGZI,Bernardeschi,C,6.5,6.5,True,False
33,TEAM CHENFENGZI,Ederson D.S.,C,6.0,5.5,True,False
33,TEAM CHENFENGZI,Paz N.,C,6.5,6.5,True,False
33,TEAM CHENFENGZI,Lobotka,C,6.0,6.0,True,False
33,TEAM CHENFENGZI,Esposito F.P.,A,6.0,6.0,True,False
33,TEAM CHENFENGZI,Piccoli,A,,,False,False
33,TEAM CHENFENGZI,Luis Henrique,C,,,False,True
33,TEAM CHENFENGZI,Gutierrez,D,5.5,5.5,False,True
33,TEAM CHENFENGZI,Ghilardi,D,6.0,6.0,False,True
33,TEAM CHENFENGZI,Caprile,P,6.5,7.5,True,True
33,TEAM CHENFENGZI,Kelly L.,D,6.0,6.0,False,True
33,TEAM CHENFENGZI,Angelino,D,,,False,True
33,TEAM CHENFENGZI,Nzola,A,7.0,7.0,True,True
33,TEAM CHENFENGZI,Ricci S.,C,5.0,4.5,False,True
33,TEAM CHENFENGZI,Meister,A,5.5,5.0,False,True
33,TEAM CHENFENGZI,Hermoso,D,7.5,10.0,False,True
33,BOSS ROMAZDA,Carnesecchi,P,6.0,7.0,True,False
33,BOSS ROMAZDA,Kolasinac,D,,,False,False
33,BOSS ROMAZDA,Carlos Augusto,D,6.0,6.0,True,False
33,BOSS ROMAZDA,Bisseck,D,6.0,6.0,True,False
33,BOSS ROMAZDA,Rowe,C,6.0,6.0,True,False
33,BOSS ROMAZDA,Fagioli,C,4.5,4.5,True,False
33,BOSS ROMAZDA,Thorstvedt,C,7.5,8.5,True,False
33,BOSS ROMAZDA,Pulisic,C,5.0,5.0,True,False
33,BOSS ROMAZDA,Martinez L.,A,6.5,7.5,True,False
33,BOSS ROMAZDA,Hojlund,A,5.5,5.5,True,False
33,BOSS ROMAZDA,David,A,5.0,5.0,True,False
33,BOSS ROMAZDA,Simeone,A,5.0,5.0,False,True
33,BOSS ROMAZDA,Pinamonti,A,,,False,True
33,BOSS ROMAZDA,Kulenovic,A,5.5,5.5,False,True
33,BOSS ROMAZDA,Casadei,C,5.5,5.5,False,True
33,BOSS ROMAZDA,Brescianini,C,5.0,5.0,False,True
33,BOSS ROMAZDA,Ondrejka,C,,,False,True
33,BOSS ROMAZDA,Tramoni M.,C,,,False,True
33,BOSS ROMAZDA,Delprato,D,5.5,5.5,True,True
33,BOSS ROMAZDA,Hien,D,6.0,6.0,False,True
33,BOSS ROMAZDA,Baschirotto,D,6.0,6.0,False,True
33,BOSS ROMAZDA,Heggem,D,,,False,True
33,BOSS ROMAZDA,Juan Jesus,D,,,False,True
33,BOSS ROMAZDA,Sportiello,P,,,False,True
33,BOSS ROMAZDA,Rossi F.,P,,,False,True
33,TEAM BRAUNA,Milinkovic-Savic V.,P,7.0,8.0,True,False
33,TEAM BRAUNA,Palestra,D,6.0,6.0,True,False
33,TEAM BRAUNA,Kempf,D,,,False,False
33,TEAM BRAUNA,Akanji,D,6.5,6.5,True,False
33,TEAM BRAUNA,Zielinski,C,6.5,7.0,True,False
33,TEAM BRAUNA,McKennie,C,5.5,5.5,True,False
33,TEAM BRAUNA,Santos A.,C,6.0,6.0,True,False
33,TEAM BRAUNA,Maldini,C,5.5,5.5,True,False
33,TEAM BRAUNA,Leao,A,5.0,5.0,True,False
33,TEAM BRAUNA,Malen,A,7.0,8.0,True,False
33,TEAM BRAUNA,Raspadori,A,6.0,6.0,True,False
33,TEAM BRAUNA,Meret,P,,,False,True
33,TEAM BRAUNA,Contini,P,,,False,True
33,TEAM BRAUNA,Holm,D,,,False,True
33,TEAM BRAUNA,Norton-Cuffy,D,,,False,True
33,TEAM BRAUNA,Bartesaghi,D,,,False,True
33,TEAM BRAUNA,Bernasconi,D,,,False,True
33,TEAM BRAUNA,Gila,D,,,False,True
33,TEAM BRAUNA,Konè I.,C,6.5,6.5,False,True
33,TEAM BRAUNA,Elmas,C,,,False,True
33,TEAM BRAUNA,Miretti,C,5.5,5.5,False,True
33,TEAM BRAUNA,Zaragoza,C,,,False,True
33,TEAM BRAUNA,Davis K.,A,,,False,True
33,TEAM BRAUNA,Fullkrug,A,,,False,True
33,TEAM BRAUNA,Addai,A,,,False,True
33,BALZARETTI42,Paleari,P,5.5,3.5,True,False
33,BALZARETTI42,Valle,D,5.5,5.5,True,False
33,BALZARETTI42,Ramon,D,6.5,6.0,True,False
33,BALZARETTI42,De Winter,D,,,False,False
33,BALZARETTI42,Dodò,D,4.5,4.5,True,False
33,BALZARETTI42,Basic,C,6.5,6.5,True,False
33,BALZARETTI42,Perrone,C,6.0,6.0,True,False
33,BALZARETTI42,Caqueret,C,,,False,False
33,BALZARETTI42,Gudmundsson A.,C,5.0,5.0,True,False
33,BALZARETTI42,Diao,A,6.0,6.0,True,False
33,BALZARETTI42,De Ketelaere,A,6.5,6.5,True,False
33,BALZARETTI42,Cancellieri,A,,,False,True
33,BALZARETTI42,Kean,A,,,False,True
33,BALZARETTI42,Lukaku,A,,,False,True
33,BALZARETTI42,Morata,A,,,False,True
33,BALZARETTI42,De Roon,C,5.5,5.5,True,True
33,BALZARETTI42,Cataldi,C,,,False,True
33,BALZARETTI42,Pobega,C,,,False,True
33,BALZARETTI42,Thorsby,C,,,False,True
33,BALZARETTI42,Idzes,D,6.0,6.0,True,True
33,BALZARETTI42,Djimsiti,D,6.0,6.0,False,True
33,BALZARETTI42,Cabal,D,,,False,True
33,BALZARETTI42,Tsimikas,D,,,False,True
33,BALZARETTI42,De Gea,P,6.0,2.0,False,True
33,BALZARETTI42,Lezzerini,P,,,False,True
33,XIAO SHI,Sommer,P,6.0,7.0,True,False
33,XIAO SHI,Wesley,D,7.0,9.0,True,False
33,XIAO SHI,Vojvoda,D,,,False,False
33,XIAO SHI,Solet,D,7.0,7.0,True,False
33,XIAO SHI,Kalulu,D,6.0,6.0,True,False
33,XIAO SHI,Mazzitelli,C,,,False,False
33,XIAO SHI,Zambo Anguissa,C,5.5,5.5,True,False
33,XIAO SHI,Taylor K.,C,5.5,5.5,True,False
33,XIAO SHI,Fofana Y.,C,5.0,5.0,True,False
33,XIAO SHI,Solomon,A,5.0,5.0,True,False
33,XIAO SHI,Nkunku,A,5.5,5.5,True,False
33,XIAO SHI,Adams C.,A,,,False,True
33,XIAO SHI,Bonazzoli,A,7.0,9.0,False,True
33,XIAO SHI,Openda,A,,,False,True
33,XIAO SHI,Ferguson E.,A,,,False,True
33,XIAO SHI,Muharemovic,D,6.5,6.5,True,True
33,XIAO SHI,Mina,D,6.5,7.5,False,True
33,XIAO SHI,Marusic,D,6.5,6.5,False,True
33,XIAO SHI,Terracciano F.,D,5.0,5.0,False,True
33,XIAO SHI,Vergara,C,,,False,True
33,XIAO SHI,Konè M.,C,7.0,8.0,True,True
33,XIAO SHI,El Aynaoui,C,,,False,True
33,XIAO SHI,Matic,C,6.0,5.5,False,True
33,XIAO SHI,Martinez Jo.,P,,,False,True
33,XIAO SHI,Muric,P,,,False,True
34,TEAM SITH,Svilar,P,6.0,4.0,True,False
34,TEAM SITH,Buongiorno,D,5.5,5.5,True,False
34,TEAM SITH,Martin,D,6.0,6.0,True,False
34,TEAM SITH,Coco,D,6.0,6.0,True,False
34,TEAM SITH,Gosens,D,6.0,6.0,True,False
34,TEAM SITH,Rabiot,C,5.5,5.5,True,False
34,TEAM SITH,McTominay,C,6.0,6.0,True,False
34,TEAM SITH,Baturina,C,6.5,6.5,True,False
34,TEAM SITH,Ekkelenkamp,C,,,False,False
34,TEAM SITH,Soulè,A,5.5,5.5,True,False
34,TEAM SITH,Colombo,A,5.5,5.5,True,False
34,TEAM SITH,Gollini,P,,,False,True
34,TEAM SITH,Zelezny,P,,,False,True
34,TEAM SITH,Belghali,D,6.0,6.0,False,True
34,TEAM SITH,Romagnoli,D,5.0,4.0,False,True
34,TEAM SITH,Bellanova,D,5.5,5.0,False,True
34,TEAM SITH,Kabasele,D,,,False,True
34,TEAM SITH,Ekhator,A,5.5,5.5,False,True
34,TEAM SITH,Durosinmi,A,,,False,True
34,TEAM SITH,Banda,A,6.0,6.0,False,True
34,TEAM SITH,Orban G.,A,,,False,True
34,TEAM SITH,Thuram K.,C,,,False,True
34,TEAM SITH,Frendrup,C,6.0,6.0,True,True
34,TEAM SITH,Isaksen,C,6.0,6.0,False,True
34,TEAM SITH,Loftus-Cheek,C,5.0,5.0,False,True
34,BALZARETTI42,De Gea,P,6.5,7.5,True,False
34,BALZARETTI42,Valle,D,6.0,6.0,True,False
34,BALZARETTI42,De Winter,D,4.5,4.5,True,False
34,BALZARETTI42,Dodò,D,6.0,6.0,True,False
34,BALZARETTI42,Gudmundsson A.,C,,,False,False
34,BALZARETTI42,Perrone,C,5.0,5.0,True,False
34,BALZARETTI42,De Roon,C,6.0,6.0,True,False
34,BALZARETTI42,Basic,C,5.5,5.5,True,False
34,BALZARETTI42,Caqueret,C,5.5,5.0,True,False
34,BALZARETTI42,Diao,A,5.5,5.5,True,False
34,BALZARETTI42,De Ketelaere,A,6.5,6.5,True,False
34,BALZARETTI42,Cancellieri,A,5.0,5.0,False,True
34,BALZARETTI42,Kean,A,,,False,True
34,BALZARETTI42,Lukaku,A,,,False,True
34,BALZARETTI42,Morata,A,,,False,True
34,BALZARETTI42,Thorsby,C,6.0,6.0,True,True
34,BALZARETTI42,Cataldi,C,,,False,True
34,BALZARETTI42,Pobega,C,5.5,5.5,False,True
34,BALZARETTI42,Ramon,D,,,False,True
34,BALZARETTI42,Idzes,D,,,False,True
34,BALZARETTI42,Djimsiti,D,,,False,True
34,BALZARETTI42,Tsimikas,D,,,False,True
34,BALZARETTI42,Cabal,D,,,False,True
34,BALZARETTI42,Lezzerini,P,,,False,True
34,BALZARETTI42,Paleari,P,6.0,5.0,False,True
34,MIZI-MAIGO,Perin,P,,,False,False
34,MIZI-MAIGO,Dimarco,D,,,False,False
34,MIZI-MAIGO,Valeri,D,6.5,6.5,True,False
34,MIZI-MAIGO,Bastoni,D,6.0,6.0,True,False
34,MIZI-MAIGO,Celik,D,6.0,6.0,True,False
34,MIZI-MAIGO,Zaniolo,C,6.0,6.0,True,False
34,MIZI-MAIGO,Pellegrini Lo.,C,,,False,False
34,MIZI-MAIGO,Pisilli,C,5.5,5.5,True,False
34,MIZI-MAIGO,Politano,C,6.0,5.5,True,False
34,MIZI-MAIGO,Esposito Se.,A,6.0,6.0,True,False
34,MIZI-MAIGO,Scamacca,A,,,False,False
34,MIZI-MAIGO,Borrelli,A,,,False,True
34,MIZI-MAIGO,Moreo,A,5.0,5.0,True,True
34,MIZI-MAIGO,Kilicsoy,A,,,False,True
34,MIZI-MAIGO,Belotti,A,,,False,True
34,MIZI-MAIGO,Zalewski,C,6.5,6.5,True,True
34,MIZI-MAIGO,Cristante,C,6.0,6.0,False,True
34,MIZI-MAIGO,Frattesi,C,6.0,6.0,False,True
34,MIZI-MAIGO,El Shaarawy,C,,,False,True
34,MIZI-MAIGO,Pellegrini Lu.,D,5.5,5.0,True,True
34,MIZI-MAIGO,Acerbi,D,6.0,6.0,False,True
34,MIZI-MAIGO,Darmian,D,,,False,True
34,MIZI-MAIGO,Di Lorenzo,D,6.0,8.0,False,True
34,MIZI-MAIGO,Di Gregorio,P,6.5,7.5,True,True
34,MIZI-MAIGO,Falcone,P,6.5,5.5,False,True
34,BOSS ROMAZDA,Carnesecchi,P,7.0,5.0,True,False
34,BOSS ROMAZDA,Kolasinac,D,6.5,6.5,True,False
34,BOSS ROMAZDA,Carlos Augusto,D,6.5,6.5,True,False
34,BOSS ROMAZDA,Bisseck,D,6.5,6.5,True,False
34,BOSS ROMAZDA,Rowe,C,7.0,10.0,True,False
34,BOSS ROMAZDA,Fagioli,C,5.5,5.5,True,False
34,BOSS ROMAZDA,Thorstvedt,C,6.5,8.0,True,False
34,BOSS ROMAZDA,Pulisic,C,,,False,False
34,BOSS ROMAZDA,Martinez L.,A,7.5,12.5,True,False
34,BOSS ROMAZDA,Hojlund,A,6.5,7.5,True,False
34,BOSS ROMAZDA,David,A,,,False,False
34,BOSS ROMAZDA,Simeone,A,7.0,10.0,True,True
34,BOSS ROMAZDA,Pinamonti,A,5.5,5.5,False,True
34,BOSS ROMAZDA,Kulenovic,A,,,False,True
34,BOSS ROMAZDA,Casadei,C,,,False,True
34,BOSS ROMAZDA,Brescianini,C,6.0,6.0,True,True
34,BOSS ROMAZDA,Ondrejka,C,,,False,True
34,BOSS ROMAZDA,Tramoni M.,C,,,False,True
34,BOSS ROMAZDA,Delprato,D,5.0,5.0,False,True
34,BOSS ROMAZDA,Hien,D,6.5,6.0,False,True
34,BOSS ROMAZDA,Baschirotto,D,,,False,True
34,BOSS ROMAZDA,Heggem,D,,,False,True
34,BOSS ROMAZDA,Juan Jesus,D,,,False,True
34,BOSS ROMAZDA,Sportiello,P,,,False,True
34,BOSS ROMAZDA,Rossi F.,P,,,False,True
34,XIAO SHI,Sommer,P,,,False,False
34,XIAO SHI,Wesley,D,5.5,5.5,True,False
34,XIAO SHI,Vojvoda,D,5.5,5.5,True,False
34,XIAO SHI,Solet,D,6.5,6.5,True,False
34,XIAO SHI,Kalulu,D,6.0,6.0,True,False
34,XIAO SHI,Konè M.,C,6.0,6.0,True,False
34,XIAO SHI,Zambo Anguissa,C,,,False,False
34,XIAO SHI,El Aynaoui,C,6.0,6.0,True,False
34,XIAO SHI,Fofana Y.,C,5.5,5.5,True,False
34,XIAO SHI,Bonazzoli,A,7.0,9.0,True,False
34,XIAO SHI,Adams C.,A,,,False,False
34,XIAO SHI,Solomon,A,6.0,6.0,True,True
34,XIAO SHI,Nkunku,A,7.0,9.0,False,True
34,XIAO SHI,Openda,A,,,False,True
34,XIAO SHI,Ferguson E.,A,,,False,True
34,XIAO SHI,Muharemovic,D,5.0,5.0,False,True
34,XIAO SHI,Mina,D,,,False,True
34,XIAO SHI,Marusic,D,5.0,5.0,False,True
34,XIAO SHI,Terracciano F.,D,6.5,6.5,False,True
34,XIAO SHI,Matic,C,6.0,6.0,True,True
34,XIAO SHI,Taylor K.,C,,,False,True
34,XIAO SHI,Vergara,C,,,False,True
34,XIAO SHI,Mazzitelli,C,,,False,True
34,XIAO SHI,Martinez Jo.,P,6.0,7.0,True,True
34,XIAO SHI,Muric,P,6.0,4.0,False,True
34,SANSHIMI,Butez,P,6.0,7.0,True,False
34,SANSHIMI,Idrissi R.,D,,,False,False
34,SANSHIMI,Bremer,D,6.5,6.5,True,False
34,SANSHIMI,Pavlovic,D,6.0,8.0,True,False
34,SANSHIMI,Zaccagni,C,,,False,False
34,SANSHIMI,Atta,C,6.0,6.0,True,False
34,SANSHIMI,Bernabè,C,,,False,False
34,SANSHIMI,Odgaard,C,,,False,False
34,SANSHIMI,Thuram,A,7.0,8.0,True,False
34,SANSHIMI,Douvikas,A,7.0,11.0,True,False
34,SANSHIMI,Krstovic,A,7.0,7.5,True,False
34,SANSHIMI,Sucic P.,C,7.0,9.0,True,True
34,SANSHIMI,Pasalic,C,5.5,5.5,True,True
34,SANSHIMI,Venturino,C,6.0,6.0,True,True
34,SANSHIMI,Berisha M.,C,,,False,True
34,SANSHIMI,Okoye,P,6.5,7.5,False,True
34,SANSHIMI,Sava,P,,,False,True
34,SANSHIMI,Rrahmani,D,5.5,5.5,True,True
34,SANSHIMI,Parisi,D,6.0,6.0,False,True
34,SANSHIMI,Zortea,D,6.0,6.0,False,True
34,SANSHIMI,Doig,D,5.5,5.5,False,True
34,SANSHIMI,Comuzzo,D,,,False,True
34,SANSHIMI,Bonny,A,6.5,7.5,False,True
34,SANSHIMI,Vaz,A,,,False,True
34,SANSHIMI,Ratkov,A,,,False,True
34,X-17,Motta,P,6.0,3.0,True,False
34,X-17,Cambiaso,D,6.5,7.5,True,False
34,X-17,Scalvini,D,6.0,6.0,True,False
34,X-17,Gabbia,D,5.0,5.0,True,False
34,X-17,Conceicao,C,6.0,5.5,True,False
34,X-17,Calhanoglu,C,,,False,False
34,X-17,De Bruyne,C,,,False,False
34,X-17,Saelemaekers,C,5.0,4.5,True,False
34,X-17,Yildiz,A,6.0,6.0,True,False
34,X-17,Vlahovic,A,7.0,11.0,True,False
34,X-17,Dybala,A,7.0,8.0,True,False
34,X-17,Provedel,P,,,False,True
34,X-17,Furlanetto,P,,,False,True
34,X-17,Angori,D,6.0,6.0,False,True
34,X-17,Lazaro,D,6.0,6.0,False,True
34,X-17,Zappa,D,6.0,6.0,False,True
34,X-17,Ziolkowski,D,,,False,True
34,X-17,Modric,C,,,False,True
34,X-17,Baldanzi,C,,,False,True
34,X-17,Strefezza,C,7.0,8.5,True,True
34,X-17,Karlstrom,C,6.5,6.5,True,True
34,X-17,Rodriguez Je.,A,6.5,6.5,False,True
34,X-17,Vitinha O.,A,5.5,5.5,False,True
34,X-17,Castro S.,A,5.5,5.5,False,True
34,MARIO GO,Maignan,P,5.5,2.5,True,False
34,MARIO GO,Spinazzola,D,5.5,5.5,True,False
34,MARIO GO,Zappacosta,D,7.0,9.0,True,False
34,MARIO GO,Dumfries,D,6.0,6.0,True,False
34,MARIO GO,Rensch,D,7.5,9.5,True,False
34,MARIO GO,Vlasic,C,6.0,6.0,True,False
34,MARIO GO,Barella,C,6.5,6.5,True,False
34,MARIO GO,Da Cunha,C,6.5,6.5,True,False
34,MARIO GO,Locatelli,C,6.0,6.0,True,False
34,MARIO GO,Laurientè,A,5.5,5.5,True,False
34,MARIO GO,Boga,A,,,False,False
34,MARIO GO,Terracciano,P,,,False,True
34,MARIO GO,Torriani,P,,,False,True
34,MARIO GO,Vasquez,D,,,False,True
34,MARIO GO,Miranda J.,D,7.5,9.5,False,True
34,MARIO GO,Lucumì,D,6.0,5.5,False,True
34,MARIO GO,Maripan,D,,,False,True
34,MARIO GO,Vandeputte,C,6.5,7.5,False,True
34,MARIO GO,Gaetano,C,6.0,6.0,False,True
34,MARIO GO,Mandragora,C,5.5,5.5,False,True
34,MARIO GO,Orsolini,C,7.0,9.0,False,True
34,MARIO GO,Dovbyk,A,,,False,True
34,MARIO GO,Pellegrino M.,A,6.0,6.0,True,True
34,MARIO GO,Giovane,A,6.5,6.5,False,True
34,MARIO GO,Cambiaghi,A,,,False,True
34,TEAM CHENFENGZI,Ravaglia F.,P,,,False,False
34,TEAM CHENFENGZI,Mancini,D,5.5,5.5,True,False
34,TEAM CHENFENGZI,N'Dicka,D,5.0,5.0,True,False
34,TEAM CHENFENGZI,Ostigard,D,6.5,7.5,True,False
34,TEAM CHENFENGZI,Mkhitaryan,C,7.0,8.5,True,False
34,TEAM CHENFENGZI,Bernardeschi,C,7.0,8.5,True,False
34,TEAM CHENFENGZI,Ederson D.S.,C,7.5,11.5,True,False
34,TEAM CHENFENGZI,Paz N.,C,6.0,6.0,True,False
34,TEAM CHENFENGZI,Lobotka,C,6.0,6.0,True,False
34,TEAM CHENFENGZI,Esposito F.P.,A,,,False,False
34,TEAM CHENFENGZI,Piccoli,A,5.5,5.5,True,False
34,TEAM CHENFENGZI,Luis Henrique,C,6.0,6.0,False,True
34,TEAM CHENFENGZI,Gutierrez,D,6.0,6.0,False,True
34,TEAM CHENFENGZI,Ghilardi,D,6.5,6.5,False,True
34,TEAM CHENFENGZI,Caprile,P,6.5,4.5,True,True
34,TEAM CHENFENGZI,Kelly L.,D,6.5,6.5,False,True
34,TEAM CHENFENGZI,Angelino,D,,,False,True
34,TEAM CHENFENGZI,Nzola,A,,,False,True
34,TEAM CHENFENGZI,Ricci S.,C,6.0,7.0,False,True
34,TEAM CHENFENGZI,Meister,A,5.5,5.5,True,True
34,TEAM CHENFENGZI,Hermoso,D,5.5,5.5,False,True
34,TEAM BRAUNA,Milinkovic-Savic V.,P,5.5,2.5,True,False
34,TEAM BRAUNA,Palestra,D,5.5,5.5,True,False
34,TEAM BRAUNA,Kempf,D,6.5,7.5,True,False
34,TEAM BRAUNA,Akanji,D,,,False,False
34,TEAM BRAUNA,Zielinski,C,,,False,False
34,TEAM BRAUNA,McKennie,C,6.0,6.0,True,False
34,TEAM BRAUNA,Santos A.,C,7.0,9.0,True,False
34,TEAM BRAUNA,Maldini,C,,,False,False
34,TEAM BRAUNA,Leao,A,4.5,4.0,True,False
34,TEAM BRAUNA,Malen,A,7.5,13.5,True,False
34,TEAM BRAUNA,Davis K.,A,6.0,7.0,True,False
34,TEAM BRAUNA,Meret,P,,,False,True
34,TEAM BRAUNA,Contini,P,,,False,True
34,TEAM BRAUNA,Holm,D,6.0,6.0,True,True
34,TEAM BRAUNA,Norton-Cuffy,D,,,False,True
34,TEAM BRAUNA,Bartesaghi,D,5.0,5.0,False,True
34,TEAM BRAUNA,Bernasconi,D,,,False,True
34,TEAM BRAUNA,Gila,D,5.5,5.5,False,True
34,TEAM BRAUNA,Konè I.,C,6.0,6.0,True,True
34,TEAM BRAUNA,Elmas,C,6.0,6.0,True,True
34,TEAM BRAUNA,Miretti,C,,,False,True
34,TEAM BRAUNA,Zaragoza,C,,,False,True
34,TEAM BRAUNA,Raspadori,A,7.0,10.0,False,True
34,TEAM BRAUNA,Fullkrug,A,6.0,6.0,False,True
34,TEAM BRAUNA,Addai,A,,,False,True
35,TEAM CHENFENGZI,Ravaglia F.,P,,,False,False
35,TEAM CHENFENGZI,Mancini,D,8.0,14.0,True,False
35,TEAM CHENFENGZI,N'Dicka,D,6.0,6.0,True,False
35,TEAM CHENFENGZI,Ostigard,D,,,False,False
35,TEAM CHENFENGZI,Mkhitaryan,C,5.5,6.5,True,False
35,TEAM CHENFENGZI,Bernardeschi,C,5.5,5.5,True,False
35,TEAM CHENFENGZI,Ederson D.S.,C,6.0,6.0,True,False
35,TEAM CHENFENGZI,Paz N.,C,,,False,False
35,TEAM CHENFENGZI,Lobotka,C,6.5,6.5,True,False
35,TEAM CHENFENGZI,Esposito F.P.,A,5.5,5.5,True,False
35,TEAM CHENFENGZI,Piccoli,A,6.0,6.0,True,False
35,TEAM CHENFENGZI,Luis Henrique,C,5.5,5.5,True,True
35,TEAM CHENFENGZI,Gutierrez,D,,,False,True
35,TEAM CHENFENGZI,Ghilardi,D,,,False,True
35,TEAM CHENFENGZI,Caprile,P,6.5,5.5,True,True
35,TEAM CHENFENGZI,Kelly L.,D,6.0,6.0,True,True
35,TEAM CHENFENGZI,Angelino,D,,,False,True
35,TEAM CHENFENGZI,Nzola,A,5.0,5.0,False,True
35,TEAM CHENFENGZI,Ricci S.,C,6.0,5.5,False,True
35,TEAM CHENFENGZI,Meister,A,5.5,5.5,False,True
35,TEAM CHENFENGZI,Hermoso,D,6.5,6.0,False,True
35,BALZARETTI42,De Gea,P,7.0,8.0,True,False
35,BALZARETTI42,Dodò,D,6.5,6.5,True,False
35,BALZARETTI42,Ramon,D,6.5,6.0,True,False
35,BALZARETTI42,Idzes,D,,,False,False
35,BALZARETTI42,Basic,C,5.5,5.5,True,False
35,BALZARETTI42,Perrone,C,6.5,6.5,True,False
35,BALZARETTI42,De Roon,C,6.0,6.0,True,False
35,BALZARETTI42,Caqueret,C,5.5,5.5,True,False
35,BALZARETTI42,Diao,A,5.5,5.5,True,False
35,BALZARETTI42,De Ketelaere,A,6.0,6.0,True,False
35,BALZARETTI42,Cancellieri,A,5.5,5.0,True,False
35,BALZARETTI42,Kean,A,,,False,True
35,BALZARETTI42,Lukaku,A,,,False,True
35,BALZARETTI42,Morata,A,,,False,True
35,BALZARETTI42,Gudmundsson A.,C,6.0,5.5,False,True
35,BALZARETTI42,Cataldi,C,,,False,True
35,BALZARETTI42,Thorsby,C,6.0,6.0,False,True
35,BALZARETTI42,Pobega,C,6.0,5.5,False,True
35,BALZARETTI42,Valle,D,,,False,True
35,BALZARETTI42,Djimsiti,D,6.0,6.0,True,True
35,BALZARETTI42,De Winter,D,5.0,5.0,False,True
35,BALZARETTI42,Tsimikas,D,,,False,True
35,BALZARETTI42,Cabal,D,,,False,True
35,BALZARETTI42,Lezzerini,P,,,False,True
35,BALZARETTI42,Paleari,P,6.0,4.0,False,True
35,SANSHIMI,Butez,P,6.5,7.5,True,False
35,SANSHIMI,Zortea,D,,,False,False
35,SANSHIMI,Bremer,D,6.0,5.5,True,False
35,SANSHIMI,Pavlovic,D,6.0,6.0,True,False
35,SANSHIMI,Sucic P.,C,6.5,6.5,True,False
35,SANSHIMI,Atta,C,5.0,5.0,True,False
35,SANSHIMI,Bernabè,C,,,False,False
35,SANSHIMI,Odgaard,C,,,False,False
35,SANSHIMI,Thuram,A,,,False,False
35,SANSHIMI,Douvikas,A,6.0,6.0,True,False
35,SANSHIMI,Krstovic,A,5.0,5.0,True,False
35,SANSHIMI,Pasalic,C,5.5,5.0,True,True
35,SANSHIMI,Zaccagni,C,,,False,True
35,SANSHIMI,Venturino,C,,,False,True
35,SANSHIMI,Berisha M.,C,,,False,True
35,SANSHIMI,Okoye,P,6.0,5.0,False,True
35,SANSHIMI,Sava,P,,,False,True
35,SANSHIMI,Rrahmani,D,7.0,10.0,True,True
35,SANSHIMI,Parisi,D,6.0,6.0,False,True
35,SANSHIMI,Doig,D,,,False,True
35,SANSHIMI,Comuzzo,D,6.5,6.5,False,True
35,SANSHIMI,Idrissi R.,D,,,False,True
35,SANSHIMI,Bonny,A,6.5,6.5,True,True
35,SANSHIMI,Vaz,A,,,False,True
35,SANSHIMI,Ratkov,A,,,False,True
35,TEAM SITH,Svilar,P,6.0,7.0,True,False
35,TEAM SITH,Buongiorno,D,5.5,5.5,True,False
35,TEAM SITH,Bellanova,D,,,False,False
35,TEAM SITH,Coco,D,5.0,5.0,True,False
35,TEAM SITH,Kabasele,D,5.0,5.0,True,False
35,TEAM SITH,Rabiot,C,6.0,6.0,True,False
35,TEAM SITH,McTominay,C,7.0,10.0,True,False
35,TEAM SITH,Baturina,C,6.5,6.5,True,False
35,TEAM SITH,Thuram K.,C,5.5,5.5,True,False
35,TEAM SITH,Soulè,A,6.0,6.0,True,False
35,TEAM SITH,Banda,A,6.5,7.5,True,False
35,TEAM SITH,Gollini,P,,,False,True
35,TEAM SITH,Zelezny,P,,,False,True
35,TEAM SITH,Belghali,D,6.0,6.0,True,True
35,TEAM SITH,Martin,D,,,False,True
35,TEAM SITH,Gosens,D,5.5,5.5,False,True
35,TEAM SITH,Romagnoli,D,,,False,True
35,TEAM SITH,Loftus-Cheek,C,,,False,True
35,TEAM SITH,Frendrup,C,6.0,6.0,False,True
35,TEAM SITH,Isaksen,C,5.5,5.5,False,True
35,TEAM SITH,Ekkelenkamp,C,,,False,True
35,TEAM SITH,Colombo,A,5.5,5.5,False,True
35,TEAM SITH,Ekhator,A,5.5,5.5,False,True
35,TEAM SITH,Durosinmi,A,,,False,True
35,TEAM SITH,Orban G.,A,,,False,True
35,BOSS ROMAZDA,Carnesecchi,P,6.5,5.5,True,False
35,BOSS ROMAZDA,Kolasinac,D,,,False,False
35,BOSS ROMAZDA,Carlos Augusto,D,5.5,5.5,True,False
35,BOSS ROMAZDA,Bisseck,D,,,False,False
35,BOSS ROMAZDA,Rowe,C,6.5,7.5,True,False
35,BOSS ROMAZDA,Fagioli,C,6.5,6.5,True,False
35,BOSS ROMAZDA,Thorstvedt,C,6.0,6.0,True,False
35,BOSS ROMAZDA,Pulisic,C,6.5,7.5,True,False
35,BOSS ROMAZDA,Martinez L.,A,5.5,5.5,True,False
35,BOSS ROMAZDA,Hojlund,A,7.5,10.5,True,False
35,BOSS ROMAZDA,Simeone,A,5.0,5.0,True,False
35,BOSS ROMAZDA,Pinamonti,A,7.0,9.0,False,True
35,BOSS ROMAZDA,David,A,,,False,True
35,BOSS ROMAZDA,Kulenovic,A,,,False,True
35,BOSS ROMAZDA,Casadei,C,6.0,6.0,False,True
35,BOSS ROMAZDA,Brescianini,C,6.0,6.0,False,True
35,BOSS ROMAZDA,Ondrejka,C,,,False,True
35,BOSS ROMAZDA,Tramoni M.,C,,,False,True
35,BOSS ROMAZDA,Delprato,D,5.5,5.5,True,True
35,BOSS ROMAZDA,Heggem,D,6.5,6.5,True,True
35,BOSS ROMAZDA,Juan Jesus,D,,,False,True
35,BOSS ROMAZDA,Baschirotto,D,,,False,True
35,BOSS ROMAZDA,Hien,D,,,False,True
35,BOSS ROMAZDA,Sportiello,P,,,False,True
35,BOSS ROMAZDA,Rossi F.,P,,,False,True
35,X-17,Motta,P,,,False,False
35,X-17,Cambiaso,D,5.5,5.5,True,False
35,X-17,Tomori,D,6.0,5.5,True,False
35,X-17,Gabbia,D,6.0,5.5,True,False
35,X-17,Conceicao,C,6.0,6.0,True,False
35,X-17,Calhanoglu,C,,,False,False
35,X-17,De Bruyne,C,6.5,6.5,True,False
35,X-17,Modric,C,,,False,False
35,X-17,Yildiz,A,5.5,5.5,True,False
35,X-17,Vlahovic,A,5.0,5.0,True,False
35,X-17,Dybala,A,7.0,8.0,True,False
35,X-17,Provedel,P,,,False,True
35,X-17,Furlanetto,P,6.5,4.5,True,True
35,X-17,Scalvini,D,5.5,5.5,False,True
35,X-17,Zappa,D,5.5,5.5,False,True
35,X-17,Angori,D,5.0,5.0,False,True
35,X-17,Lazaro,D,,,False,True
35,X-17,Ziolkowski,D,,,False,True
35,X-17,Baldanzi,C,6.0,6.0,True,True
35,X-17,Saelemaekers,C,,,False,True
35,X-17,Strefezza,C,5.0,5.0,True,True
35,X-17,Karlstrom,C,5.5,5.5,False,True
35,X-17,Rodriguez Je.,A,7.0,8.0,False,True
35,X-17,Vitinha O.,A,6.0,5.5,False,True
35,X-17,Castro S.,A,5.5,5.5,False,True
35,TEAM BRAUNA,Milinkovic-Savic V.,P,,,False,False
35,TEAM BRAUNA,Palestra,D,6.5,6.5,True,False
35,TEAM BRAUNA,Kempf,D,6.5,6.5,True,False
35,TEAM BRAUNA,Akanji,D,,,False,False
35,TEAM BRAUNA,Zielinski,C,6.0,6.0,True,False
35,TEAM BRAUNA,McKennie,C,5.5,5.5,True,False
35,TEAM BRAUNA,Santos A.,C,6.0,5.5,True,False
35,TEAM BRAUNA,Konè I.,C,5.5,5.5,True,False
35,TEAM BRAUNA,Raspadori,A,5.5,5.5,True,False
35,TEAM BRAUNA,Malen,A,6.5,6.5,True,False
35,TEAM BRAUNA,Davis K.,A,5.5,5.5,True,False
35,TEAM BRAUNA,Meret,P,7.0,8.0,True,True
35,TEAM BRAUNA,Contini,P,,,False,True
35,TEAM BRAUNA,Holm,D,,,False,True
35,TEAM BRAUNA,Norton-Cuffy,D,,,False,True
35,TEAM BRAUNA,Bartesaghi,D,6.0,6.0,True,True
35,TEAM BRAUNA,Bernasconi,D,,,False,True
35,TEAM BRAUNA,Gila,D,5.5,5.5,False,True
35,TEAM BRAUNA,Maldini,C,5.5,5.5,False,True
35,TEAM BRAUNA,Elmas,C,6.5,7.0,False,True
35,TEAM BRAUNA,Miretti,C,,,False,True
35,TEAM BRAUNA,Zaragoza,C,,,False,True
35,TEAM BRAUNA,Fullkrug,A,6.0,6.0,False,True
35,TEAM BRAUNA,Leao,A,,,False,True
35,TEAM BRAUNA,Addai,A,,,False,True
35,MIZI-MAIGO,Perin,P,,,False,False
35,MIZI-MAIGO,Dimarco,D,5.5,5.5,True,False
35,MIZI-MAIGO,Valeri,D,6.0,6.0,True,False
35,MIZI-MAIGO,Bastoni,D,,,False,False
35,MIZI-MAIGO,Celik,D,6.0,6.0,True,False
35,MIZI-MAIGO,Zalewski,C,5.5,5.5,True,False
35,MIZI-MAIGO,Pellegrini Lo.,C,,,False,False
35,MIZI-MAIGO,Pisilli,C,6.5,7.5,True,False
35,MIZI-MAIGO,Zaniolo,C,,,False,False
35,MIZI-MAIGO,Esposito Se.,A,7.0,10.0,True,False
35,MIZI-MAIGO,Scamacca,A,,,False,False
35,MIZI-MAIGO,Borrelli,A,,,False,True
35,MIZI-MAIGO,Moreo,A,5.5,5.5,True,True
35,MIZI-MAIGO,Kilicsoy,A,,,False,True
35,MIZI-MAIGO,Belotti,A,,,False,True
35,MIZI-MAIGO,Cristante,C,6.5,6.5,True,True
35,MIZI-MAIGO,Politano,C,,,False,True
35,MIZI-MAIGO,Frattesi,C,,,False,True
35,MIZI-MAIGO,El Shaarawy,C,6.0,5.5,True,True
35,MIZI-MAIGO,Di Lorenzo,D,6.0,6.0,True,True
35,MIZI-MAIGO,Pellegrini Lu.,D,,,False,True
35,MIZI-MAIGO,Acerbi,D,6.0,6.0,False,True
35,MIZI-MAIGO,Darmian,D,6.0,6.0,False,True
35,MIZI-MAIGO,Di Gregorio,P,5.5,3.5,True,True
35,MIZI-MAIGO,Falcone,P,6.0,4.0,False,True
35,MARIO GO,Maignan,P,6.5,5.5,True,False
35,MARIO GO,Spinazzola,D,6.0,6.0,True,False
35,MARIO GO,Zappacosta,D,5.5,5.5,True,False
35,MARIO GO,Dumfries,D,,,False,False
35,MARIO GO,Rensch,D,6.0,6.0,True,False
35,MARIO GO,Vlasic,C,5.5,5.5,True,False
35,MARIO GO,Barella,C,,,False,False
35,MARIO GO,Da Cunha,C,6.5,6.5,True,False
35,MARIO GO,Orsolini,C,7.0,10.0,True,False
35,MARIO GO,Laurientè,A,7.0,9.0,True,False
35,MARIO GO,Boga,A,6.0,6.0,True,False
35,MARIO GO,Terracciano,P,,,False,True
35,MARIO GO,Torriani,P,,,False,True
35,MARIO GO,Miranda J.,D,6.5,7.5,True,True
35,MARIO GO,Vasquez,D,7.0,9.0,False,True
35,MARIO GO,Lucumì,D,,,False,True
35,MARIO GO,Maripan,D,6.0,5.5,False,True
35,MARIO GO,Locatelli,C,5.5,5.5,True,True
35,MARIO GO,Gaetano,C,6.5,7.5,False,True
35,MARIO GO,Vandeputte,C,,,False,True
35,MARIO GO,Mandragora,C,7.0,9.0,False,True
35,MARIO GO,Pellegrino M.,A,5.5,5.5,False,True
35,MARIO GO,Giovane,A,,,False,True
35,MARIO GO,Dovbyk,A,6.0,6.0,False,True
35,MARIO GO,Cambiaghi,A,,,False,True
35,XIAO SHI,Sommer,P,6.5,7.5,True,False
35,XIAO SHI,Wesley,D,5.0,4.0,True,False
35,XIAO SHI,Muharemovic,D,5.5,5.0,True,False
35,XIAO SHI,Solet,D,6.5,6.5,True,False
35,XIAO SHI,Kalulu,D,5.5,5.5,True,False
35,XIAO SHI,Vojvoda,D,,,False,False
35,XIAO SHI,Fofana Y.,C,5.5,5.5,True,False
35,XIAO SHI,Zambo Anguissa,C,,,False,False
35,XIAO SHI,El Aynaoui,C,6.0,6.0,True,False
35,XIAO SHI,Bonazzoli,A,6.5,6.0,True,False
35,XIAO SHI,Nkunku,A,7.0,10.0,True,False
35,XIAO SHI,Solomon,A,6.5,7.5,False,True
35,XIAO SHI,Openda,A,,,False,True
35,XIAO SHI,Adams C.,A,5.5,5.5,False,True
35,XIAO SHI,Ferguson E.,A,,,False,True
35,XIAO SHI,Mina,D,7.0,10.0,True,True
35,XIAO SHI,Marusic,D,5.5,5.5,False,True
35,XIAO SHI,Terracciano F.,D,6.5,6.5,False,True
35,XIAO SHI,Konè M.,C,,,False,True
35,XIAO SHI,Matic,C,5.5,5.5,True,True
35,XIAO SHI,Taylor K.,C,5.5,5.0,False,True
35,XIAO SHI,Vergara,C,,,False,True
35,XIAO SHI,Mazzitelli,C,,,False,True
35,XIAO SHI,Martinez Jo.,P,,,False,True
35,XIAO SHI,Muric,P,,,False,True
36,XIAO SHI,Sommer,P,,,False,False
36,XIAO SHI,Wesley,D,,,False,False
36,XIAO SHI,Muharemovic,D,,,False,False
36,XIAO SHI,Solet,D,6.0,6.0,True,False
36,XIAO SHI,Kalulu,D,6.0,5.5,True,False
36,XIAO SHI,Marusic,D,5.5,5.5,True,False
36,XIAO SHI,Fofana Y.,C,5.0,5.0,True,False
36,XIAO SHI,Zambo Anguissa,C,,,False,False
36,XIAO SHI,Konè M.,C,6.0,6.0,True,False
36,XIAO SHI,Solomon,A,,,False,False
36,XIAO SHI,Nkunku,A,5.0,5.0,True,False
36,XIAO SHI,Bonazzoli,A,7.0,9.0,True,True
36,XIAO SHI,Openda,A,,,False,True
36,XIAO SHI,Adams C.,A,7.0,10.0,False,True
36,XIAO SHI,Ferguson E.,A,,,False,True
36,XIAO SHI,Vojvoda,D,,,False,True
36,XIAO SHI,Mina,D,6.5,7.5,True,True
36,XIAO SHI,Terracciano F.,D,5.0,5.0,True,True
36,XIAO SHI,Taylor K.,C,,,False,True
36,XIAO SHI,El Aynaoui,C,6.0,6.0,True,True
36,XIAO SHI,Matic,C,6.0,6.0,False,True
36,XIAO SHI,Vergara,C,,,False,True
36,XIAO SHI,Mazzitelli,C,,,False,True
36,XIAO SHI,Martinez Jo.,P,5.5,2.5,True,True
36,XIAO SHI,Muric,P,,,False,True
36,BOSS ROMAZDA,Sportiello,P,5.5,4.5,True,False
36,BOSS ROMAZDA,Carlos Augusto,D,6.0,6.0,True,False
36,BOSS ROMAZDA,Bisseck,D,5.5,5.5,True,False
36,BOSS ROMAZDA,Delprato,D,,,False,False
36,BOSS ROMAZDA,Rowe,C,6.5,6.5,True,False
36,BOSS ROMAZDA,Fagioli,C,,,False,False
36,BOSS ROMAZDA,Thorstvedt,C,5.5,5.0,True,False
36,BOSS ROMAZDA,Pulisic,C,5.0,5.0,True,False
36,BOSS ROMAZDA,Martinez L.,A,5.5,5.0,True,False
36,BOSS ROMAZDA,Hojlund,A,7.5,11.5,True,False
36,BOSS ROMAZDA,Simeone,A,6.0,6.0,True,False
36,BOSS ROMAZDA,Pinamonti,A,5.5,5.5,False,True
36,BOSS ROMAZDA,David,A,5.5,5.5,False,True
36,BOSS ROMAZDA,Kulenovic,A,,,False,True
36,BOSS ROMAZDA,Casadei,C,7.5,10.5,True,True
36,BOSS ROMAZDA,Brescianini,C,6.5,7.5,False,True
36,BOSS ROMAZDA,Ondrejka,C,,,False,True
36,BOSS ROMAZDA,Tramoni M.,C,,,False,True
36,BOSS ROMAZDA,Hien,D,6.5,6.5,True,True
36,BOSS ROMAZDA,Kolasinac,D,,,False,True
36,BOSS ROMAZDA,Heggem,D,,,False,True
36,BOSS ROMAZDA,Juan Jesus,D,6.0,6.0,False,True
36,BOSS ROMAZDA,Baschirotto,D,,,False,True
36,BOSS ROMAZDA,Carnesecchi,P,,,False,True
36,BOSS ROMAZDA,Rossi F.,P,,,False,True
36,BALZARETTI42,De Gea,P,,,False,False
36,BALZARETTI42,Dodò,D,6.5,6.5,True,False
36,BALZARETTI42,Ramon,D,5.5,5.5,True,False
36,BALZARETTI42,Idzes,D,6.5,6.5,True,False
36,BALZARETTI42,Gudmundsson A.,C,6.0,6.0,True,False
36,BALZARETTI42,Perrone,C,6.5,6.5,True,False
36,BALZARETTI42,De Roon,C,6.0,6.0,True,False
36,BALZARETTI42,Basic,C,6.0,6.0,True,False
36,BALZARETTI42,Caqueret,C,6.5,7.5,True,False
36,BALZARETTI42,Diao,A,6.5,6.5,True,False
36,BALZARETTI42,De Ketelaere,A,6.0,6.0,True,False
36,BALZARETTI42,Cancellieri,A,5.5,5.5,False,True
36,BALZARETTI42,Kean,A,,,False,True
36,BALZARETTI42,Lukaku,A,,,False,True
36,BALZARETTI42,Morata,A,,,False,True
36,BALZARETTI42,Cataldi,C,,,False,True
36,BALZARETTI42,Thorsby,C,6.0,5.5,False,True
36,BALZARETTI42,Pobega,C,7.0,9.0,False,True
36,BALZARETTI42,Valle,D,,,False,True
36,BALZARETTI42,Djimsiti,D,6.0,6.0,False,True
36,BALZARETTI42,De Winter,D,,,False,True
36,BALZARETTI42,Tsimikas,D,,,False,True
36,BALZARETTI42,Cabal,D,,,False,True
36,BALZARETTI42,Lezzerini,P,,,False,True
36,BALZARETTI42,Paleari,P,6.5,4.5,True,True
36,SANSHIMI,Butez,P,6.0,5.0,True,False
36,SANSHIMI,Rrahmani,D,6.5,6.5,True,False
36,SANSHIMI,Bremer,D,,,False,False
36,SANSHIMI,Pavlovic,D,5.5,5.0,True,False
36,SANSHIMI,Sucic P.,C,5.5,5.5,True,False
36,SANSHIMI,Atta,C,6.5,6.5,True,False
36,SANSHIMI,Bernabè,C,,,False,False
36,SANSHIMI,Odgaard,C,6.0,6.0,True,False
36,SANSHIMI,Thuram,A,,,False,False
36,SANSHIMI,Douvikas,A,7.0,10.0,True,False
36,SANSHIMI,Krstovic,A,,,False,False
36,SANSHIMI,Pasalic,C,5.5,5.5,True,True
36,SANSHIMI,Zaccagni,C,,,False,True
36,SANSHIMI,Venturino,C,,,False,True
36,SANSHIMI,Berisha M.,C,,,False,True
36,SANSHIMI,Okoye,P,6.5,5.5,False,True
36,SANSHIMI,Sava,P,,,False,True
36,SANSHIMI,Parisi,D,,,False,True
36,SANSHIMI,Doig,D,,,False,True
36,SANSHIMI,Comuzzo,D,5.5,3.5,True,True
36,SANSHIMI,Zortea,D,6.0,6.0,False,True
36,SANSHIMI,Idrissi R.,D,,,False,True
36,SANSHIMI,Bonny,A,6.0,6.0,True,True
36,SANSHIMI,Vaz,A,,,False,True
36,SANSHIMI,Ratkov,A,,,False,True
36,MIZI-MAIGO,Falcone,P,6.5,7.5,True,False
36,MIZI-MAIGO,Dimarco,D,7.0,9.0,True,False
36,MIZI-MAIGO,Valeri,D,6.5,6.5,True,False
36,MIZI-MAIGO,Bastoni,D,,,False,False
36,MIZI-MAIGO,Celik,D,6.5,6.5,True,False
36,MIZI-MAIGO,Zalewski,C,,,False,False
36,MIZI-MAIGO,Pellegrini Lo.,C,,,False,False
36,MIZI-MAIGO,Pisilli,C,6.0,6.0,True,False
36,MIZI-MAIGO,Politano,C,6.0,6.0,True,False
36,MIZI-MAIGO,Esposito Se.,A,6.5,6.5,True,False
36,MIZI-MAIGO,Scamacca,A,,,False,False
36,MIZI-MAIGO,Borrelli,A,7.0,10.0,True,True
36,MIZI-MAIGO,Belotti,A,,,False,True
36,MIZI-MAIGO,Moreo,A,7.0,9.0,False,True
36,MIZI-MAIGO,Kilicsoy,A,,,False,True
36,MIZI-MAIGO,Cristante,C,6.0,6.0,True,True
36,MIZI-MAIGO,El Shaarawy,C,7.0,9.0,True,True
36,MIZI-MAIGO,Frattesi,C,,,False,True
36,MIZI-MAIGO,Zaniolo,C,,,False,True
36,MIZI-MAIGO,Di Lorenzo,D,6.5,6.5,True,True
36,MIZI-MAIGO,Pellegrini Lu.,D,6.0,6.0,False,True
36,MIZI-MAIGO,Acerbi,D,,,False,True
36,MIZI-MAIGO,Darmian,D,,,False,True
36,MIZI-MAIGO,Perin,P,6.5,4.5,False,True
36,MIZI-MAIGO,Di Gregorio,P,,,False,True
36,TEAM CHENFENGZI,Ravaglia F.,P,,,False,False
36,TEAM CHENFENGZI,Mancini,D,6.5,6.5,True,False
36,TEAM CHENFENGZI,N'Dicka,D,,,False,False
36,TEAM CHENFENGZI,Ostigard,D,,,False,False
36,TEAM CHENFENGZI,Mkhitaryan,C,6.0,5.5,True,False
36,TEAM CHENFENGZI,Bernardeschi,C,7.0,9.0,True,False
36,TEAM CHENFENGZI,Ederson D.S.,C,,,False,False
36,TEAM CHENFENGZI,Paz N.,C,,,False,False
36,TEAM CHENFENGZI,Lobotka,C,6.0,6.0,True,False
36,TEAM CHENFENGZI,Esposito F.P.,A,6.5,8.5,True,False
36,TEAM CHENFENGZI,Piccoli,A,7.0,9.0,True,False
36,TEAM CHENFENGZI,Luis Henrique,C,6.0,6.0,True,True
36,TEAM CHENFENGZI,Gutierrez,D,6.5,6.5,True,True
36,TEAM CHENFENGZI,Ghilardi,D,5.5,5.5,True,True
36,TEAM CHENFENGZI,Caprile,P,6.0,5.0,True,True
36,TEAM CHENFENGZI,Kelly L.,D,5.5,5.5,False,True
36,TEAM CHENFENGZI,Angelino,D,,,False,True
36,TEAM CHENFENGZI,Nzola,A,5.5,5.5,False,True
36,TEAM CHENFENGZI,Ricci S.,C,,,False,True
36,TEAM CHENFENGZI,Meister,A,,,False,True
36,TEAM CHENFENGZI,Hermoso,D,6.5,6.5,False,True
36,TEAM SITH,Svilar,P,6.5,7.5,True,False
36,TEAM SITH,Buongiorno,D,,,False,False
36,TEAM SITH,Martin,D,6.0,6.0,True,False
36,TEAM SITH,Romagnoli,D,6.0,6.0,True,False
36,TEAM SITH,Gosens,D,6.0,6.0,True,False
36,TEAM SITH,Rabiot,C,5.5,5.5,True,False
36,TEAM SITH,McTominay,C,5.5,5.5,True,False
36,TEAM SITH,Baturina,C,6.0,6.0,True,False
36,TEAM SITH,Frendrup,C,5.5,5.5,True,False
36,TEAM SITH,Soulè,A,6.0,6.0,True,False
36,TEAM SITH,Banda,A,7.0,10.0,True,False
36,TEAM SITH,Gollini,P,,,False,True
36,TEAM SITH,Zelezny,P,,,False,True
36,TEAM SITH,Colombo,A,6.0,6.0,False,True
36,TEAM SITH,Ekhator,A,,,False,True
36,TEAM SITH,Durosinmi,A,,,False,True
36,TEAM SITH,Orban G.,A,,,False,True
36,TEAM SITH,Isaksen,C,,,False,True
36,TEAM SITH,Loftus-Cheek,C,,,False,True
36,TEAM SITH,Thuram K.,C,6.0,7.0,False,True
36,TEAM SITH,Ekkelenkamp,C,,,False,True
36,TEAM SITH,Kabasele,D,4.5,3.5,True,True
36,TEAM SITH,Bellanova,D,5.5,5.5,False,True
36,TEAM SITH,Belghali,D,6.0,6.0,False,True
36,TEAM SITH,Coco,D,5.0,5.0,False,True
36,MARIO GO,Maignan,P,7.0,4.5,True,False
36,MARIO GO,Spinazzola,D,,,False,False
36,MARIO GO,Zappacosta,D,6.5,6.5,True,False
36,MARIO GO,Miranda J.,D,5.5,5.5,True,False
36,MARIO GO,Rensch,D,6.5,6.5,True,False
36,MARIO GO,Vlasic,C,6.0,6.0,True,False
36,MARIO GO,Locatelli,C,5.5,5.5,True,False
36,MARIO GO,Da Cunha,C,8.0,13.0,True,False
36,MARIO GO,Orsolini,C,,,False,False
36,MARIO GO,Laurientè,A,5.0,5.0,True,False
36,MARIO GO,Boga,A,6.0,6.0,True,False
36,MARIO GO,Terracciano,P,,,False,True
36,MARIO GO,Torriani,P,,,False,True
36,MARIO GO,Dumfries,D,,,False,True
36,MARIO GO,Lucumì,D,6.0,6.0,True,True
36,MARIO GO,Maripan,D,,,False,True
36,MARIO GO,Vasquez,D,,,False,True
36,MARIO GO,Vandeputte,C,5.5,5.0,True,True
36,MARIO GO,Gaetano,C,7.0,7.0,False,True
36,MARIO GO,Mandragora,C,6.5,6.5,False,True
36,MARIO GO,Barella,C,6.0,6.0,False,True
36,MARIO GO,Dovbyk,A,,,False,True
36,MARIO GO,Giovane,A,,,False,True
36,MARIO GO,Cambiaghi,A,,,False,True
36,MARIO GO,Pellegrino M.,A,7.0,11.0,False,True
36,X-17,Motta,P,,,False,False
36,X-17,Cambiaso,D,5.5,5.5,True,False
36,X-17,Tomori,D,5.0,5.0,True,False
36,X-17,Gabbia,D,5.5,5.5,True,False
36,X-17,Conceicao,C,6.5,7.5,True,False
36,X-17,Calhanoglu,C,,,False,False
36,X-17,De Bruyne,C,6.5,7.5,True,False
36,X-17,Modric,C,6.0,6.0,True,False
36,X-17,Yildiz,A,,,False,False
36,X-17,Vlahovic,A,7.5,11.5,True,False
36,X-17,Dybala,A,8.0,11.0,True,False
36,X-17,Provedel,P,,,False,True
36,X-17,Furlanetto,P,6.5,5.5,True,True
36,X-17,Scalvini,D,6.0,6.0,False,True
36,X-17,Zappa,D,6.5,6.5,False,True
36,X-17,Angori,D,5.0,5.0,False,True
36,X-17,Lazaro,D,,,False,True
36,X-17,Ziolkowski,D,5.5,5.0,False,True
36,X-17,Baldanzi,C,,,False,True
36,X-17,Saelemaekers,C,7.0,9.0,True,True
36,X-17,Strefezza,C,,,False,True
36,X-17,Karlstrom,C,6.5,6.0,False,True
36,X-17,Rodriguez Je.,A,7.5,10.0,True,True
36,X-17,Vitinha O.,A,,,False,True
36,X-17,Castro S.,A,5.5,5.5,False,True
36,TEAM BRAUNA,Milinkovic-Savic V.,P,,,False,False
36,TEAM BRAUNA,Palestra,D,6.5,6.5,True,False
36,TEAM BRAUNA,Kempf,D,6.5,6.5,True,False
36,TEAM BRAUNA,Akanji,D,,,False,False
36,TEAM BRAUNA,Zielinski,C,5.0,3.0,True,False
36,TEAM BRAUNA,McKennie,C,6.0,6.0,True,False
36,TEAM BRAUNA,Santos A.,C,,,False,False
36,TEAM BRAUNA,Konè I.,C,6.5,6.5,True,False
36,TEAM BRAUNA,Raspadori,A,6.0,6.0,True,False
36,TEAM BRAUNA,Malen,A,6.5,7.5,True,False
36,TEAM BRAUNA,Davis K.,A,5.5,5.5,True,False
36,TEAM BRAUNA,Meret,P,6.5,7.5,True,True
36,TEAM BRAUNA,Contini,P,,,False,True
36,TEAM BRAUNA,Holm,D,5.5,5.5,True,True
36,TEAM BRAUNA,Norton-Cuffy,D,6.0,6.0,False,True
36,TEAM BRAUNA,Bartesaghi,D,5.5,5.5,False,True
36,TEAM BRAUNA,Bernasconi,D,,,False,True
36,TEAM BRAUNA,Gila,D,5.5,5.0,False,True
36,TEAM BRAUNA,Maldini,C,6.0,6.0,True,True
36,TEAM BRAUNA,Elmas,C,5.5,5.5,False,True
36,TEAM BRAUNA,Miretti,C,5.5,5.5,False,True
36,TEAM BRAUNA,Zaragoza,C,,,False,True
36,TEAM BRAUNA,Fullkrug,A,5.5,5.5,False,True
36,TEAM BRAUNA,Leao,A,6.0,6.0,False,True
36,TEAM BRAUNA,Addai,A,,,False,True
