giornata,team,player,position,voto,fantavoto,active,on_bench
1,TEAM GLIDER,De Gea,P,7.0,4.0,True,False
1,TEAM GLIDER,Gatti,D,6.0,6.0,True,False
1,TEAM GLIDER,N'Dicka,D,6.0,6.0,True,False
1,TEAM GLIDER,Bremer,D,7.5,9.5,True,False
1,TEAM GLIDER,Ehizibue,D,5.5,5.5,True,False
1,TEAM GLIDER,Orsolini,C,5.5,5.5,True,False
1,TEAM GLIDER,Da Cunha,C,6.0,6.0,True,False
1,TEAM GLIDER,Zerbin,C,5.5,5.5,True,False
1,TEAM GLIDER,Douvikas,A,6.0,6.0,True,False
1,TEAM GLIDER,David,A,6.5,7.5,True,False
1,TEAM GLIDER,Castro S.,A,5.5,5.5,True,False
1,TEAM GLIDER,Martinelli T.,P,,,False,True
1,TEAM GLIDER,Lezzerini,P,,,False,True
1,TEAM GLIDER,Juan Jesus,D,,,False,True
1,TEAM GLIDER,Veiga D.,D,6.0,6.5,False,True
1,TEAM GLIDER,Rrahmani,D,,,False,True
1,TEAM GLIDER,Esteves T.,D,,,False,True
1,TEAM GLIDER,Loftus-Cheek,C,6.5,6.5,False,True
1,TEAM GLIDER,Isaksen,C,,,False,True
1,TEAM GLIDER,Tourè I.,C,6.5,6.5,False,True
1,TEAM GLIDER,Ilkhan,C,,,False,True
1,TEAM GLIDER,Leris,C,6.0,6.0,False,True
1,TEAM GLIDER,Openda,A,6.0,6.0,False,True
1,TEAM GLIDER,Meister,A,6.0,6.0,False,True
1,TEAM GLIDER,Benedyczak,A,,,False,True
1,VINCENZO,Carnesecchi,P,6.0,5.0,True,False
1,VINCENZO,Dodò,D,6.0,6.0,True,False
1,VINCENZO,Mancini,D,6.0,6.0,True,False
1,VINCENZO,Delprato,D,5.5,5.5,True,False
1,VINCENZO,Estupinan,D,6.0,5.5,True,False
1,VINCENZO,Zaccagni,C,6.5,6.5,True,False
1,VINCENZO,Locatelli,C,6.5,6.0,True,False
1,VINCENZO,Guendouzi,C,5.5,5.5,True,False
1,VINCENZO,Dia,A,5.5,5.5,True,False
1,VINCENZO,Thuram,A,7.0,10.0,True,False
1,VINCENZO,Cancellieri,A,5.5,5.5,True,False
1,VINCENZO,Sportiello,P,,,False,True
1,VINCENZO,Rossi F.,P,,,False,True
1,VINCENZO,Esposito F.P.,A,,,False,True
1,VINCENZO,Stulic,A,5.5,5.5,False,True
1,VINCENZO,Scamacca,A,,,False,True
1,VINCENZO,Rowe,C,6.0,6.0,False,True
1,VINCENZO,Baturina,C,,,False,True
1,VINCENZO,Rovella,C,6.0,5.5,False,True
1,VINCENZO,Ndour,C,,,False,True
1,VINCENZO,Miller L.,C,,,False,True
1,VINCENZO,Angori,D,5.5,5.5,False,True
1,VINCENZO,Kalulu,D,5.5,5.5,False,True
1,VINCENZO,Joao Mario,D,,,False,True
1,VINCENZO,Floriani Mussolini,D,,,False,True
1,ASS ASS IN FC,Maignan,P,6.0,7.0,True,False
1,ASS ASS IN FC,Gosens,D,6.5,6.5,True,False
1,ASS ASS IN FC,Buongiorno,D,6.0,6.0,True,False
1,ASS ASS IN FC,Tomori,D,6.0,5.5,True,False
1,ASS ASS IN FC,Comuzzo,D,5.0,5.0,True,False
1,ASS ASS IN FC,Malinovskyi,C,5.5,5.0,True,False
1,ASS ASS IN FC,Prati,C,6.0,6.0,True,False
1,ASS ASS IN FC,Zambo Anguissa,C,6.5,7.5,True,False
1,ASS ASS IN FC,Pasalic,C,6.5,6.5,True,False
1,ASS ASS IN FC,Davis K.,A,6.0,6.0,True,False
1,ASS ASS IN FC,Dybala,A,5.5,5.5,True,False
1,ASS ASS IN FC,Torriani,P,,,False,True
1,ASS ASS IN FC,Terracciano,P,6.0,7.0,False,True
1,ASS ASS IN FC,Biraghi,D,6.0,6.0,False,True
1,ASS ASS IN FC,Ghilardi,D,,,False,True
1,ASS ASS IN FC,Ziolkowski,D,,,False,True
1,ASS ASS IN FC,Bartesaghi,D,,,False,True
1,ASS ASS IN FC,Barella,C,5.5,5.5,False,True
1,ASS ASS IN FC,Nicolussi Caviglia,C,6.0,6.0,False,True
1,ASS ASS IN FC,Volpato,C,6.0,5.5,False,True
1,ASS ASS IN FC,Adzic,C,7.5,11.5,False,True
1,ASS ASS IN FC,Simeone,A,7.5,11.5,False,True
1,ASS ASS IN FC,Zapata D.,A,,,False,True
1,ASS ASS IN FC,Buffon L.,A,,,False,True
1,ASS ASS IN FC,Leao,A,,,False,True
1,TEAM WOLFLING,Di Gregorio,P,6.0,3.0,True,False
1,TEAM WOLFLING,Pavlovic,D,6.0,6.0,True,False
1,TEAM WOLFLING,Bastoni,D,5.5,5.5,True,False
1,TEAM WOLFLING,Baschirotto,D,5.0,5.0,True,False
1,TEAM WOLFLING,Dumfries,D,6.0,6.0,True,False
1,TEAM WOLFLING,Gaetano,C,6.0,6.0,True,False
1,TEAM WOLFLING,McTominay,C,6.5,6.5,True,False
1,TEAM WOLFLING,Pulisic,C,7.0,7.0,True,False
1,TEAM WOLFLING,Mandragora,C,6.0,6.0,True,False
1,TEAM WOLFLING,Pinamonti,A,6.0,5.5,True,False
1,TEAM WOLFLING,Sanabria,A,5.5,5.5,True,False
1,TEAM WOLFLING,Perin,P,,,False,True
1,TEAM WOLFLING,Pinsoglio,P,,,False,True
1,TEAM WOLFLING,Tiago Gabriel,D,,,False,True
1,TEAM WOLFLING,Lovik,D,6.0,6.0,False,True
1,TEAM WOLFLING,Smolcic I.,D,,,False,True
1,TEAM WOLFLING,Paz Y.,D,,,False,True
1,TEAM WOLFLING,Bernede,C,6.5,6.5,False,True
1,TEAM WOLFLING,Kaba,C,,,False,True
1,TEAM WOLFLING,Rog,C,,,False,True
1,TEAM WOLFLING,Marchwinski,C,,,False,True
1,TEAM WOLFLING,Bonazzoli,A,5.5,5.5,False,True
1,TEAM WOLFLING,Ekhator,A,,,False,True
1,TEAM WOLFLING,Milik,A,,,False,True
1,TEAM WOLFLING,Pavoletti,A,,,False,True
1,TOMATO,Sommer,P,5.0,1.0,True,False
1,TOMATO,Cuadrado,D,,,False,False
1,TOMATO,Solet,D,6.5,6.5,True,False
1,TOMATO,Bellanova,D,6.5,6.5,True,False
1,TOMATO,Carlos Augusto,D,6.5,7.5,True,False
1,TOMATO,Atta,C,7.0,7.0,True,False
1,TOMATO,Asllani,C,6.5,6.0,True,False
1,TOMATO,Tramoni M.,C,5.5,5.5,True,False
1,TOMATO,Lucca,A,6.0,6.0,True,False
1,TOMATO,Soulè,A,6.5,6.5,True,False
1,TOMATO,Berardi,A,6.5,6.5,True,False
1,TOMATO,Martinez Jo.,P,,,False,True
1,TOMATO,Di Gennaro,P,,,False,True
1,TOMATO,Palestra,D,6.5,6.5,True,True
1,TOMATO,Acerbi,D,6.0,5.5,False,True
1,TOMATO,Coulibaly W.,D,6.0,6.0,False,True
1,TOMATO,Heggem,D,6.0,6.0,False,True
1,TOMATO,Mkhitaryan,C,5.5,5.0,False,True
1,TOMATO,Conceicao,C,,,False,True
1,TOMATO,Frattesi,C,,,False,True
1,TOMATO,Rodriguez Je.,A,5.5,5.5,False,True
1,TOMATO,Gimenez,A,5.0,5.0,False,True
1,TOMATO,Addai,A,6.0,6.0,False,True
1,TOMATO,Odgaard,C,6.0,6.0,False,True
1,TOMATO,Gudmundsson A.,C,,,False,True
1,TEAM HAIR FLICK,Butez,P,6.0,5.0,True,False
1,TEAM HAIR FLICK,Tavares N.,D,5.5,5.5,True,False
1,TEAM HAIR FLICK,Mina,D,7.0,11.0,True,False
1,TEAM HAIR FLICK,Ramon,D,5.5,4.5,True,False
1,TEAM HAIR FLICK,Oristanio,C,6.0,6.0,True,False
1,TEAM HAIR FLICK,Thuram K.,C,7.0,10.0,True,False
1,TEAM HAIR FLICK,Casadei,C,6.0,6.0,True,False
1,TEAM HAIR FLICK,Carboni V.,C,6.5,6.5,True,False
1,TEAM HAIR FLICK,Ferguson E.,A,5.5,5.5,True,False
1,TEAM HAIR FLICK,Kean,A,5.5,5.5,True,False
1,TEAM HAIR FLICK,De Ketelaere,A,8.0,15.0,True,False
1,TEAM HAIR FLICK,Pellegrino M.,A,5.5,5.5,False,True
1,TEAM HAIR FLICK,Nkunku,A,,,False,True
1,TEAM HAIR FLICK,Moreo,A,5.5,5.5,False,True
1,TEAM HAIR FLICK,Zielinski,C,6.0,7.0,False,True
1,TEAM HAIR FLICK,Berisha M.,C,,,False,True
1,TEAM HAIR FLICK,Aebischer,C,5.0,5.0,False,True
1,TEAM HAIR FLICK,Miranda J.,D,5.5,5.0,False,True
1,TEAM HAIR FLICK,Bisseck,D,,,False,True
1,TEAM HAIR FLICK,Pezzella Giu.,D,5.5,5.5,False,True
1,TEAM HAIR FLICK,Norton-Cuffy,D,6.5,6.5,False,True
1,TEAM HAIR FLICK,Pongracic,D,5.0,5.0,False,True
1,TEAM HAIR FLICK,Cavlina,P,,,False,True
1,TEAM HAIR FLICK,Vigorito,P,,,False,True
1,TEAM HAIR FLICK,Bailey,C,,,False,True
1,BOBOTOTTI,Meret,P,,,False,False
1,BOBOTOTTI,Kristensen T.,D,7.0,7.0,True,False
1,BOBOTOTTI,Vasquez,D,6.0,6.0,True,False
1,BOBOTOTTI,Gabbia,D,6.5,6.5,True,False
1,BOBOTOTTI,Vazquez,C,6.0,6.0,True,False
1,BOBOTOTTI,Zhegrova,C,,,False,False
1,BOBOTOTTI,Modric,C,7.5,11.5,True,False
1,BOBOTOTTI,Saelemaekers,C,6.5,7.0,True,False
1,BOBOTOTTI,Lang,A,,,False,False
1,BOBOTOTTI,Lookman,A,,,False,False
1,BOBOTOTTI,Krstovic,A,6.5,8.5,True,False
1,BOBOTOTTI,Sava,P,5.5,6.5,True,True
1,BOBOTOTTI,Falcone,P,5.5,1.5,False,True
1,BOBOTOTTI,Gutierrez,D,,,False,True
1,BOBOTOTTI,Valle,D,6.0,5.5,False,True
1,BOBOTOTTI,Tsimikas,D,,,False,True
1,BOBOTOTTI,Coco,D,6.5,6.5,False,True
1,BOBOTOTTI,Zanoli,D,,,False,True
1,BOBOTOTTI,Pellegrini Lo.,C,,,False,True
1,BOBOTOTTI,Maldini,C,6.0,6.0,True,True
1,BOBOTOTTI,Bernabè,C,6.5,6.5,False,True
1,BOBOTOTTI,Frendrup,C,5.5,5.5,False,True
1,BOBOTOTTI,Vlahovic,A,5.0,5.0,True,True
1,BOBOTOTTI,Dovbyk,A,,,False,True
1,BOBOTOTTI,Cutrone,A,5.0,5.0,True,True
1,TEAM YANGTUO,Svilar,P,6.5,5.5,True,False
1,TEAM YANGTUO,Vojvoda,D,5.5,5.5,True,False
1,TEAM YANGTUO,Obert,D,6.5,6.5,True,False
1,TEAM YANGTUO,Zortea,D,5.5,5.5,True,False
1,TEAM YANGTUO,Folorunsho,C,6.0,6.0,True,False
1,TEAM YANGTUO,Rabiot,C,6.5,6.5,True,False
1,TEAM YANGTUO,Politano,C,6.5,6.5,True,False
1,TEAM YANGTUO,De Bruyne,C,7.0,9.0,True,False
1,TEAM YANGTUO,Castellanos,A,5.5,5.5,True,False
1,TEAM YANGTUO,Giovane,A,6.0,5.5,True,False
1,TEAM YANGTUO,Yildiz,A,7.0,11.0,True,False
1,TEAM YANGTUO,Gollini,P,,,False,True
1,TEAM YANGTUO,Vasquez D.,P,,,False,True
1,TEAM YANGTUO,Frese,D,6.0,6.0,False,True
1,TEAM YANGTUO,Ranieri L.,D,6.0,9.0,False,True
1,TEAM YANGTUO,Gallo,D,4.5,4.5,False,True
1,TEAM YANGTUO,Darmian,D,,,False,True
1,TEAM YANGTUO,Lazaro,D,6.0,6.0,False,True
1,TEAM YANGTUO,Stanciu,C,,,False,True
1,TEAM YANGTUO,Ellertsson,C,5.5,5.5,False,True
1,TEAM YANGTUO,Matic,C,6.0,5.5,False,True
1,TEAM YANGTUO,Vlasic,C,6.5,6.5,False,True
1,TEAM YANGTUO,Buksa,A,6.0,6.0,False,True
1,TEAM YANGTUO,Ekuban,A,7.0,11.0,False,True
1,TEAM YANGTUO,Ngonge,A,6.0,7.0,False,True
1,PAUL POGSHAO,Skorupski,P,6.0,4.5,True,False
1,PAUL POGSHAO,Dimarco,D,6.5,7.5,True,False
1,PAUL POGSHAO,Kempf,D,6.0,6.0,True,False
1,PAUL POGSHAO,Wesley,D,5.0,4.5,True,False
1,PAUL POGSHAO,Di Lorenzo,D,6.5,6.5,True,False
1,PAUL POGSHAO,El Aynaoui,C,6.0,6.0,True,False
1,PAUL POGSHAO,Koopmeiners,C,5.0,4.5,True,False
1,PAUL POGSHAO,Cristante,C,6.0,6.0,True,False
1,PAUL POGSHAO,Paz N.,C,7.0,10.0,True,False
1,PAUL POGSHAO,Morata,A,5.5,6.0,True,False
1,PAUL POGSHAO,Vardy,A,6.0,6.0,True,False
1,PAUL POGSHAO,Ravaglia F.,P,,,False,True
1,PAUL POGSHAO,Pessina Mas.,P,,,False,True
1,PAUL POGSHAO,Coppola F.,D,,,False,True
1,PAUL POGSHAO,Cambiaso,D,,,False,True
1,PAUL POGSHAO,Canestrelli,D,5.0,5.0,False,True
1,PAUL POGSHAO,Akanji,D,6.0,6.0,False,True
1,PAUL POGSHAO,Sucic P.,C,,,False,True
1,PAUL POGSHAO,Perrone,C,5.5,5.5,False,True
1,PAUL POGSHAO,Bondo,C,5.5,5.5,False,True
1,PAUL POGSHAO,Vural,C,,,False,True
1,PAUL POGSHAO,Cambiaghi,A,5.5,5.5,False,True
1,PAUL POGSHAO,Laurientè,A,6.0,6.0,False,True
1,PAUL POGSHAO,Piccoli,A,5.5,5.5,False,True
1,PAUL POGSHAO,Moro L.,A,,,False,True
1,CHELSEA,Provedel,P,6.0,5.0,True,False
1,CHELSEA,Terracciano F.,D,5.5,5.5,True,False
1,CHELSEA,Luperto,D,6.5,6.5,True,False
1,CHELSEA,Valeri,D,6.0,6.0,True,False
1,CHELSEA,Scalvini,D,7.0,10.0,True,False
1,CHELSEA,Zalewski,C,7.5,11.5,True,False
1,CHELSEA,Konè M.,C,5.5,5.5,True,False
1,CHELSEA,Calhanoglu,C,7.5,13.5,True,False
1,CHELSEA,Hojlund,A,7.0,11.0,True,False
1,CHELSEA,Dzeko,A,5.0,5.0,True,False
1,CHELSEA,Martinez L.,A,5.0,5.0,True,False
1,CHELSEA,Esposito Se.,A,6.0,5.5,False,True
1,CHELSEA,Colombo,A,5.0,5.0,False,True
1,CHELSEA,Bonny,A,5.5,5.5,False,True
1,CHELSEA,El Shaarawy,C,6.0,6.0,False,True
1,CHELSEA,Masini,C,5.5,5.5,False,True
1,CHELSEA,Onana J.,C,,,False,True
1,CHELSEA,Hojholt,C,,,False,True
1,CHELSEA,Ederson D.S.,C,,,False,True
1,CHELSEA,Hermoso,D,6.0,6.0,False,True
1,CHELSEA,Circati,D,6.0,6.0,False,True
1,CHELSEA,Rensch,D,,,False,True
1,CHELSEA,Martin,D,6.0,6.0,False,True
1,CHELSEA,Mandas,P,,,False,True
1,CHELSEA,Furlanetto,P,,,False,True
2,TEAM WOLFLING,Di Gregorio,P,6.5,5.5,True,False
2,TEAM WOLFLING,Pavlovic,D,6.5,6.5,True,False
2,TEAM WOLFLING,Bastoni,D,,,False,False
2,TEAM WOLFLING,Baschirotto,D,6.5,6.5,True,False
2,TEAM WOLFLING,Dumfries,D,6.0,6.0,True,False
2,TEAM WOLFLING,Gaetano,C,6.0,6.0,True,False
2,TEAM WOLFLING,McTominay,C,6.5,7.5,True,False
2,TEAM WOLFLING,Pulisic,C,8.5,16.5,True,False
2,TEAM WOLFLING,Mandragora,C,7.0,10.0,True,False
2,TEAM WOLFLING,Pinamonti,A,6.0,6.0,True,False
2,TEAM WOLFLING,Sanabria,A,5.5,5.5,True,False
2,TEAM WOLFLING,Perin,P,,,False,True
2,TEAM WOLFLING,Pinsoglio,P,,,False,True
2,TEAM WOLFLING,Lovik,D,,,False,True
2,TEAM WOLFLING,Tiago Gabriel,D,6.0,8.5,True,True
2,TEAM WOLFLING,Smolcic I.,D,5.5,5.5,False,True
2,TEAM WOLFLING,Paz Y.,D,,,False,True
2,TEAM WOLFLING,Bernede,C,5.5,5.0,False,True
2,TEAM WOLFLING,Kaba,C,5.5,5.5,False,True
2,TEAM WOLFLING,Rog,C,,,False,True
2,TEAM WOLFLING,Marchwinski,C,,,False,True
2,TEAM WOLFLING,Bonazzoli,A,,,False,True
2,TEAM WOLFLING,Ekhator,A,5.5,5.5,False,True
2,TEAM WOLFLING,Milik,A,,,False,True
2,TEAM WOLFLING,Pavoletti,A,,,False,True
2,TEAM GLIDER,De Gea,P,6.0,4.0,True,False
2,TEAM GLIDER,Gatti,D,6.0,5.5,True,False
2,TEAM GLIDER,N'Dicka,D,6.0,5.5,True,False
2,TEAM GLIDER,Bremer,D,,,False,False
2,TEAM GLIDER,Ehizibue,D,5.0,5.0,True,False
2,TEAM GLIDER,Orsolini,C,6.5,9.5,True,False
2,TEAM GLIDER,Loftus-Cheek,C,6.5,6.5,True,False
2,TEAM GLIDER,Zerbin,C,5.5,5.5,True,False
2,TEAM GLIDER,Douvikas,A,5.5,5.5,True,False
2,TEAM GLIDER,David,A,6.0,6.0,True,False
2,TEAM GLIDER,Castro S.,A,7.0,10.0,True,False
2,TEAM GLIDER,Martinelli T.,P,,,False,True
2,TEAM GLIDER,Lezzerini,P,,,False,True
2,TEAM GLIDER,Juan Jesus,D,,,False,True
2,TEAM GLIDER,Veiga D.,D,,,False,True
2,TEAM GLIDER,Rrahmani,D,,,False,True
2,TEAM GLIDER,Esteves T.,D,,,False,True
2,TEAM GLIDER,Da Cunha,C,,,False,True
2,TEAM GLIDER,Isaksen,C,,,False,True
2,TEAM GLIDER,Tourè I.,C,,,False,True
2,TEAM GLIDER,Ilkhan,C,,,False,True
2,TEAM GLIDER,Leris,C,6.0,6.0,False,True
2,TEAM GLIDER,Openda,A,6.0,6.0,False,True
2,TEAM GLIDER,Meister,A,5.5,5.5,False,True
2,TEAM GLIDER,Benedyczak,A,,,False,True
2,TEAM YANGTUO,Svilar,P,6.0,7.0,True,False
2,TEAM YANGTUO,Ranieri L.,D,6.0,5.5,True,False
2,TEAM YANGTUO,Lazaro,D,5.0,5.0,True,False
2,TEAM YANGTUO,Zortea,D,5.5,5.5,True,False
2,TEAM YANGTUO,Folorunsho,C,6.5,6.5,True,False
2,TEAM YANGTUO,Rabiot,C,7.0,8.0,True,False
2,TEAM YANGTUO,Politano,C,6.5,6.5,True,False
2,TEAM YANGTUO,De Bruyne,C,5.5,5.5,True,False
2,TEAM YANGTUO,Vlasic,C,5.5,5.5,True,False
2,TEAM YANGTUO,Giovane,A,6.0,6.0,True,False
2,TEAM YANGTUO,Yildiz,A,6.0,6.0,True,False
2,TEAM YANGTUO,Gollini,P,,,False,True
2,TEAM YANGTUO,Vasquez D.,P,,,False,True
2,TEAM YANGTUO,Obert,D,6.0,5.5,False,True
2,TEAM YANGTUO,Vojvoda,D,5.5,5.0,False,True
2,TEAM YANGTUO,Gallo,D,5.0,5.0,False,True
2,TEAM YANGTUO,Frese,D,6.5,6.5,False,True
2,TEAM YANGTUO,Darmian,D,,,False,True
2,TEAM YANGTUO,Stanciu,C,,,False,True
2,TEAM YANGTUO,Ellertsson,C,7.0,10.0,False,True
2,TEAM YANGTUO,Matic,C,5.5,5.5,False,True
2,TEAM YANGTUO,Ngonge,A,,,False,True
2,TEAM YANGTUO,Buksa,A,5.5,5.5,False,True
2,TEAM YANGTUO,Ekuban,A,5.5,5.5,False,True
2,TEAM YANGTUO,Castellanos,A,6.0,6.0,False,True
2,PAUL POGSHAO,Skorupski,P,6.5,5.5,True,False
2,PAUL POGSHAO,Dimarco,D,7.0,9.5,True,False
2,PAUL POGSHAO,Cambiaso,D,5.5,5.5,True,False
2,PAUL POGSHAO,Di Lorenzo,D,5.0,5.0,True,False
2,PAUL POGSHAO,Wesley,D,,,False,False
2,PAUL POGSHAO,Koopmeiners,C,5.5,5.0,True,False
2,PAUL POGSHAO,Sucic P.,C,7.0,8.0,True,False
2,PAUL POGSHAO,Cristante,C,6.0,6.0,True,False
2,PAUL POGSHAO,Paz N.,C,7.0,8.5,True,False
2,PAUL POGSHAO,Morata,A,5.5,5.5,True,False
2,PAUL POGSHAO,Vardy,A,,,False,False
2,PAUL POGSHAO,Ravaglia F.,P,,,False,True
2,PAUL POGSHAO,Pessina Mas.,P,,,False,True
2,PAUL POGSHAO,Akanji,D,6.0,6.0,True,True
2,PAUL POGSHAO,Kempf,D,7.0,9.5,False,True
2,PAUL POGSHAO,Canestrelli,D,5.5,5.5,False,True
2,PAUL POGSHAO,Coppola F.,D,,,False,True
2,PAUL POGSHAO,El Aynaoui,C,,,False,True
2,PAUL POGSHAO,Bondo,C,6.0,6.0,False,True
2,PAUL POGSHAO,Perrone,C,6.0,6.0,False,True
2,PAUL POGSHAO,Vural,C,,,False,True
2,PAUL POGSHAO,Cambiaghi,A,7.0,8.0,True,True
2,PAUL POGSHAO,Laurientè,A,6.0,6.0,False,True
2,PAUL POGSHAO,Piccoli,A,5.0,5.0,False,True
2,PAUL POGSHAO,Moro L.,A,,,False,True
2,TEAM HAIR FLICK,Butez,P,6.0,5.0,True,False
2,TEAM HAIR FLICK,Tavares N.,D,5.0,5.0,True,False
2,TEAM HAIR FLICK,Mina,D,6.5,6.5,True,False
2,TEAM HAIR FLICK,Bisseck,D,,,False,False
2,TEAM HAIR FLICK,Casadei,C,5.5,5.5,True,False
2,TEAM HAIR FLICK,Zielinski,C,,,False,False
2,TEAM HAIR FLICK,Thuram K.,C,6.0,6.0,True,False
2,TEAM HAIR FLICK,Oristanio,C,6.0,6.0,True,False
2,TEAM HAIR FLICK,Nkunku,A,6.0,6.0,True,False
2,TEAM HAIR FLICK,Ferguson E.,A,6.0,6.0,True,False
2,TEAM HAIR FLICK,Kean,A,5.5,5.5,True,False
2,TEAM HAIR FLICK,Pellegrino M.,A,6.0,6.0,False,True
2,TEAM HAIR FLICK,Moreo,A,5.5,5.5,False,True
2,TEAM HAIR FLICK,De Ketelaere,A,,,False,True
2,TEAM HAIR FLICK,Carboni V.,C,5.0,4.5,True,True
2,TEAM HAIR FLICK,Berisha M.,C,,,False,True
2,TEAM HAIR FLICK,Aebischer,C,6.0,6.0,False,True
2,TEAM HAIR FLICK,Pezzella Giu.,D,6.0,5.5,True,True
2,TEAM HAIR FLICK,Miranda J.,D,5.5,5.5,False,True
2,TEAM HAIR FLICK,Norton-Cuffy,D,5.5,5.0,False,True
2,TEAM HAIR FLICK,Pongracic,D,5.5,5.0,False,True
2,TEAM HAIR FLICK,Cavlina,P,,,False,True
2,TEAM HAIR FLICK,Vigorito,P,,,False,True
2,TEAM HAIR FLICK,Bailey,C,,,False,True
2,TEAM HAIR FLICK,Ramon,D,,,False,True
2,BOBOTOTTI,Meret,P,6.5,4.5,True,False
2,BOBOTOTTI,Kristensen T.,D,5.0,5.0,True,False
2,BOBOTOTTI,Vasquez,D,6.0,6.0,True,False
2,BOBOTOTTI,Gabbia,D,6.0,6.0,True,False
2,BOBOTOTTI,Vazquez,C,6.5,6.5,True,False
2,BOBOTOTTI,Zhegrova,C,,,False,False
2,BOBOTOTTI,Modric,C,7.0,7.0,True,False
2,BOBOTOTTI,Saelemaekers,C,7.0,7.0,True,False
2,BOBOTOTTI,Lang,A,,,False,False
2,BOBOTOTTI,Lookman,A,,,False,False
2,BOBOTOTTI,Krstovic,A,7.5,14.5,True,False
2,BOBOTOTTI,Sava,P,5.0,2.0,False,True
2,BOBOTOTTI,Falcone,P,6.5,4.5,False,True
2,BOBOTOTTI,Gutierrez,D,,,False,True
2,BOBOTOTTI,Valle,D,6.0,6.0,False,True
2,BOBOTOTTI,Tsimikas,D,,,False,True
2,BOBOTOTTI,Coco,D,5.0,5.0,False,True
2,BOBOTOTTI,Zanoli,D,6.0,6.0,False,True
2,BOBOTOTTI,Pellegrini Lo.,C,7.0,11.0,True,True
2,BOBOTOTTI,Maldini,C,,,False,True
2,BOBOTOTTI,Bernabè,C,6.5,6.5,False,True
2,BOBOTOTTI,Frendrup,C,6.0,6.0,False,True
2,BOBOTOTTI,Vlahovic,A,5.5,5.5,True,True
2,BOBOTOTTI,Dovbyk,A,5.5,5.5,True,True
2,BOBOTOTTI,Cutrone,A,5.5,5.5,False,True
2,VINCENZO,Carnesecchi,P,7.0,10.0,True,False
2,VINCENZO,Estupinan,D,6.5,6.5,True,False
2,VINCENZO,Mancini,D,6.0,6.0,True,False
2,VINCENZO,Kalulu,D,6.0,6.0,True,False
2,VINCENZO,Dodò,D,5.5,5.0,True,False
2,VINCENZO,Zaccagni,C,5.5,5.5,True,False
2,VINCENZO,Locatelli,C,5.5,5.5,True,False
2,VINCENZO,Baturina,C,,,False,False
2,VINCENZO,Stulic,A,5.0,5.0,True,False
2,VINCENZO,Thuram,A,6.0,6.0,True,False
2,VINCENZO,Esposito F.P.,A,6.5,6.5,True,False
2,VINCENZO,Sportiello,P,,,False,True
2,VINCENZO,Rossi F.,P,,,False,True
2,VINCENZO,Dia,A,5.0,5.0,False,True
2,VINCENZO,Cancellieri,A,,,False,True
2,VINCENZO,Scamacca,A,,,False,True
2,VINCENZO,Rowe,C,,,False,True
2,VINCENZO,Guendouzi,C,6.0,5.0,True,True
2,VINCENZO,Rovella,C,6.0,6.0,False,True
2,VINCENZO,Ndour,C,,,False,True
2,VINCENZO,Miller L.,C,,,False,True
2,VINCENZO,Joao Mario,D,5.0,5.0,False,True
2,VINCENZO,Delprato,D,6.0,6.0,False,True
2,VINCENZO,Angori,D,6.5,7.5,False,True
2,VINCENZO,Floriani Mussolini,D,6.0,6.0,False,True
2,TOMATO,Sommer,P,,,False,False
2,TOMATO,Carlos Augusto,D,6.5,6.5,True,False
2,TOMATO,Solet,D,5.5,5.5,True,False
2,TOMATO,Bellanova,D,6.5,6.5,True,False
2,TOMATO,Acerbi,D,6.0,6.0,True,False
2,TOMATO,Atta,C,6.0,5.5,True,False
2,TOMATO,Asllani,C,5.0,5.0,True,False
2,TOMATO,Tramoni M.,C,5.5,5.5,True,False
2,TOMATO,Gimenez,A,5.5,5.5,True,False
2,TOMATO,Soulè,A,6.5,7.5,True,False
2,TOMATO,Berardi,A,6.5,7.5,True,False
2,TOMATO,Martinez Jo.,P,6.5,5.5,True,True
2,TOMATO,Di Gennaro,P,,,False,True
2,TOMATO,Lucca,A,7.0,11.0,False,True
2,TOMATO,Rodriguez Je.,A,6.5,6.5,False,True
2,TOMATO,Addai,A,7.0,11.0,False,True
2,TOMATO,Gudmundsson A.,C,,,False,True
2,TOMATO,Conceicao,C,7.0,10.0,False,True
2,TOMATO,Frattesi,C,6.0,6.0,False,True
2,TOMATO,Mkhitaryan,C,,,False,True
2,TOMATO,Odgaard,C,,,False,True
2,TOMATO,Palestra,D,7.0,8.0,False,True
2,TOMATO,Heggem,D,6.0,6.0,False,True
2,TOMATO,Coulibaly W.,D,4.5,4.5,False,True
2,CHELSEA,Provedel,P,6.5,5.5,True,False
2,CHELSEA,Terracciano F.,D,6.0,6.0,True,False
2,CHELSEA,Luperto,D,5.5,5.5,True,False
2,CHELSEA,Circati,D,6.5,6.5,True,False
2,CHELSEA,Valeri,D,6.0,6.0,True,False
2,CHELSEA,Zalewski,C,,,False,False
2,CHELSEA,Konè M.,C,7.0,7.0,True,False
2,CHELSEA,Calhanoglu,C,6.0,5.5,True,False
2,CHELSEA,Hojlund,A,5.5,5.5,True,False
2,CHELSEA,Esposito Se.,A,6.5,6.0,True,False
2,CHELSEA,Martinez L.,A,6.0,6.0,True,False
2,CHELSEA,Dzeko,A,6.0,6.0,False,True
2,CHELSEA,Bonny,A,6.0,6.0,False,True
2,CHELSEA,Colombo,A,5.5,5.5,False,True
2,CHELSEA,El Shaarawy,C,,,False,True
2,CHELSEA,Masini,C,5.5,5.0,True,True
2,CHELSEA,Hojholt,C,,,False,True
2,CHELSEA,Ederson D.S.,C,,,False,True
2,CHELSEA,Onana J.,C,,,False,True
2,CHELSEA,Martin,D,6.0,6.0,False,True
2,CHELSEA,Rensch,D,7.0,7.0,False,True
2,CHELSEA,Hermoso,D,,,False,True
2,CHELSEA,Scalvini,D,,,False,True
2,CHELSEA,Mandas,P,,,False,True
2,CHELSEA,Furlanetto,P,,,False,True
2,ASS ASS IN FC,Terracciano,P,6.0,7.0,True,False
2,ASS ASS IN FC,Gosens,D,5.5,5.5,True,False
2,ASS ASS IN FC,Buongiorno,D,6.5,6.5,True,False
2,ASS ASS IN FC,Tomori,D,6.5,6.5,True,False
2,ASS ASS IN FC,Comuzzo,D,,,False,False
2,ASS ASS IN FC,Adzic,C,6.0,6.0,True,False
2,ASS ASS IN FC,Zambo Anguissa,C,6.0,6.0,True,False
2,ASS ASS IN FC,Prati,C,6.0,5.5,True,False
2,ASS ASS IN FC,Barella,C,6.0,6.0,True,False
2,ASS ASS IN FC,Pasalic,C,6.0,6.0,True,False
2,ASS ASS IN FC,Davis K.,A,5.5,5.5,True,False
2,ASS ASS IN FC,Torriani,P,,,False,True
2,ASS ASS IN FC,Maignan,P,,,False,True
2,ASS ASS IN FC,Biraghi,D,5.0,5.0,True,True
2,ASS ASS IN FC,Ghilardi,D,,,False,True
2,ASS ASS IN FC,Ziolkowski,D,,,False,True
2,ASS ASS IN FC,Bartesaghi,D,,,False,True
2,ASS ASS IN FC,Malinovskyi,C,6.5,7.5,False,True
2,ASS ASS IN FC,Nicolussi Caviglia,C,5.5,5.5,False,True
2,ASS ASS IN FC,Volpato,C,6.0,6.0,False,True
2,ASS ASS IN FC,Simeone,A,6.0,6.0,False,True
2,ASS ASS IN FC,Zapata D.,A,5.0,3.0,False,True
2,ASS ASS IN FC,Buffon L.,A,,,False,True
2,ASS ASS IN FC,Leao,A,,,False,True
2,ASS ASS IN FC,Dybala,A,,,False,True
3,TEAM GLIDER,De Gea,P,6.0,7.0,True,False
3,TEAM GLIDER,Gatti,D,5.5,5.5,True,False
3,TEAM GLIDER,N'Dicka,D,5.5,5.5,True,False
3,TEAM GLIDER,Bremer,D,5.5,5.5,True,False
3,TEAM GLIDER,Ehizibue,D,5.5,5.0,True,False
3,TEAM GLIDER,Orsolini,C,6.5,8.5,True,False
3,TEAM GLIDER,Da Cunha,C,6.0,5.5,True,False
3,TEAM GLIDER,Zerbin,C,5.5,5.5,True,False
3,TEAM GLIDER,Douvikas,A,6.5,6.5,True,False
3,TEAM GLIDER,David,A,,,False,False
3,TEAM GLIDER,Castro S.,A,6.0,6.0,True,False
3,TEAM GLIDER,Martinelli T.,P,,,False,True
3,TEAM GLIDER,Lezzerini,P,,,False,True
3,TEAM GLIDER,Juan Jesus,D,5.5,5.5,False,True
3,TEAM GLIDER,Veiga D.,D,6.0,6.0,False,True
3,TEAM GLIDER,Rrahmani,D,,,False,True
3,TEAM GLIDER,Esteves T.,D,,,False,True
3,TEAM GLIDER,Loftus-Cheek,C,6.0,6.0,False,True
3,TEAM GLIDER,Isaksen,C,,,False,True
3,TEAM GLIDER,Tourè I.,C,6.5,6.5,False,True
3,TEAM GLIDER,Ilkhan,C,,,False,True
3,TEAM GLIDER,Leris,C,5.5,5.5,False,True
3,TEAM GLIDER,Openda,A,5.0,5.0,True,True
3,TEAM GLIDER,Meister,A,6.0,6.0,False,True
3,TEAM GLIDER,Benedyczak,A,6.0,6.0,False,True
3,CHELSEA,Provedel,P,6.5,7.5,True,False
3,CHELSEA,Valeri,D,7.0,8.0,True,False
3,CHELSEA,Hermoso,D,6.0,6.0,True,False
3,CHELSEA,Martin,D,5.5,5.5,True,False
3,CHELSEA,Rensch,D,,,False,False
3,CHELSEA,El Shaarawy,C,,,False,False
3,CHELSEA,Calhanoglu,C,6.5,6.5,True,False
3,CHELSEA,Konè M.,C,6.5,6.5,True,False
3,CHELSEA,Hojlund,A,5.5,5.5,True,False
3,CHELSEA,Dzeko,A,,,False,False
3,CHELSEA,Martinez L.,A,7.0,11.0,True,False
3,CHELSEA,Furlanetto,P,,,False,True
3,CHELSEA,Mandas,P,,,False,True
3,CHELSEA,Luperto,D,5.5,5.5,True,True
3,CHELSEA,Circati,D,6.5,6.5,False,True
3,CHELSEA,Scalvini,D,,,False,True
3,CHELSEA,Terracciano F.,D,5.5,5.5,False,True
3,CHELSEA,Ederson D.S.,C,,,False,True
3,CHELSEA,Masini,C,5.5,5.0,True,True
3,CHELSEA,Hojholt,C,6.0,6.0,False,True
3,CHELSEA,Onana J.,C,,,False,True
3,CHELSEA,Zalewski,C,,,False,True
3,CHELSEA,Esposito Se.,A,6.0,6.0,True,True
3,CHELSEA,Bonny,A,,,False,True
3,CHELSEA,Colombo,A,5.0,5.0,False,True
3,ASS ASS IN FC,Maignan,P,7.0,6.0,True,False
3,ASS ASS IN FC,Gosens,D,6.0,6.0,True,False
3,ASS ASS IN FC,Biraghi,D,5.5,5.5,True,False
3,ASS ASS IN FC,Tomori,D,5.5,5.5,True,False
3,ASS ASS IN FC,Comuzzo,D,,,False,False
3,ASS ASS IN FC,Zambo Anguissa,C,5.5,5.5,True,False
3,ASS ASS IN FC,Nicolussi Caviglia,C,5.5,5.5,True,False
3,ASS ASS IN FC,Malinovskyi,C,5.5,5.0,True,False
3,ASS ASS IN FC,Barella,C,6.5,6.0,True,False
3,ASS ASS IN FC,Simeone,A,5.5,5.5,True,False
3,ASS ASS IN FC,Davis K.,A,7.0,10.0,True,False
3,ASS ASS IN FC,Torriani,P,,,False,True
3,ASS ASS IN FC,Terracciano,P,,,False,True
3,ASS ASS IN FC,Ghilardi,D,,,False,True
3,ASS ASS IN FC,Ziolkowski,D,6.0,6.0,True,True
3,ASS ASS IN FC,Bartesaghi,D,6.0,6.0,False,True
3,ASS ASS IN FC,Buongiorno,D,,,False,True
3,ASS ASS IN FC,Pasalic,C,6.0,6.0,False,True
3,ASS ASS IN FC,Prati,C,6.0,6.0,False,True
3,ASS ASS IN FC,Adzic,C,5.0,5.0,False,True
3,ASS ASS IN FC,Volpato,C,,,False,True
3,ASS ASS IN FC,Zapata D.,A,,,False,True
3,ASS ASS IN FC,Leao,A,5.5,5.5,False,True
3,ASS ASS IN FC,Buffon L.,A,,,False,True
3,ASS ASS IN FC,Dybala,A,,,False,True
3,TEAM YANGTUO,Svilar,P,7.0,8.0,True,False
3,TEAM YANGTUO,Lazaro,D,6.0,6.0,True,False
3,TEAM YANGTUO,Ranieri L.,D,6.0,6.0,True,False
3,TEAM YANGTUO,Zortea,D,,,False,False
3,TEAM YANGTUO,Vlasic,C,5.0,5.0,True,False
3,TEAM YANGTUO,Rabiot,C,6.5,6.0,True,False
3,TEAM YANGTUO,Politano,C,6.0,6.0,True,False
3,TEAM YANGTUO,De Bruyne,C,6.5,8.5,True,False
3,TEAM YANGTUO,Ngonge,A,7.5,10.0,True,False
3,TEAM YANGTUO,Castellanos,A,7.5,11.5,True,False
3,TEAM YANGTUO,Yildiz,A,6.0,6.0,True,False
3,TEAM YANGTUO,Gollini,P,,,False,True
3,TEAM YANGTUO,Vasquez D.,P,,,False,True
3,TEAM YANGTUO,Darmian,D,,,False,True
3,TEAM YANGTUO,Vojvoda,D,,,False,True
3,TEAM YANGTUO,Obert,D,5.5,5.5,True,True
3,TEAM YANGTUO,Gallo,D,6.5,6.0,False,True
3,TEAM YANGTUO,Frese,D,6.0,6.0,False,True
3,TEAM YANGTUO,Stanciu,C,5.5,5.5,False,True
3,TEAM YANGTUO,Ellertsson,C,5.5,5.5,False,True
3,TEAM YANGTUO,Matic,C,6.5,6.5,False,True
3,TEAM YANGTUO,Ekuban,A,5.5,5.5,False,True
3,TEAM YANGTUO,Giovane,A,5.0,5.0,False,True
3,TEAM YANGTUO,Folorunsho,C,6.0,6.0,False,True
3,TOMATO,Sommer,P,,,False,False
3,TOMATO,Carlos Augusto,D,6.0,5.5,True,False
3,TOMATO,Solet,D,6.0,6.0,True,False
3,TOMATO,Bellanova,D,6.5,6.5,True,False
3,TOMATO,Cuadrado,D,6.5,6.5,True,False
3,TOMATO,Atta,C,6.0,6.0,True,False
3,TOMATO,Asllani,C,6.0,6.0,True,False
3,TOMATO,Gudmundsson A.,C,5.0,5.0,True,False
3,TOMATO,Rodriguez Je.,A,5.0,5.0,True,False
3,TOMATO,Soulè,A,6.5,9.5,True,False
3,TOMATO,Berardi,A,7.0,8.0,True,False
3,TOMATO,Martinez Jo.,P,6.0,7.0,True,True
3,TOMATO,Di Gennaro,P,,,False,True
3,TOMATO,Gimenez,A,5.5,5.5,False,True
3,TOMATO,Lucca,A,5.5,5.5,False,True
3,TOMATO,Addai,A,5.5,5.5,False,True
3,TOMATO,Conceicao,C,,,False,True
3,TOMATO,Frattesi,C,6.0,6.0,False,True
3,TOMATO,Mkhitaryan,C,6.5,6.5,False,True
3,TOMATO,Odgaard,C,7.0,10.0,False,True
3,TOMATO,Palestra,D,6.0,6.0,False,True
3,TOMATO,Heggem,D,6.0,6.0,False,True
3,TOMATO,Coulibaly W.,D,,,False,True
3,TOMATO,Acerbi,D,,,False,True
3,TOMATO,Tramoni M.,C,5.5,5.5,False,True
3,TEAM WOLFLING,Di Gregorio,P,6.0,5.0,True,False
3,TEAM WOLFLING,Pavlovic,D,6.5,6.5,True,False
3,TEAM WOLFLING,Bastoni,D,7.0,8.0,True,False
3,TEAM WOLFLING,Baschirotto,D,7.0,10.5,True,False
3,TEAM WOLFLING,Dumfries,D,6.0,6.0,True,False
3,TEAM WOLFLING,Gaetano,C,6.0,6.0,True,False
3,TEAM WOLFLING,McTominay,C,6.0,6.0,True,False
3,TEAM WOLFLING,Pulisic,C,8.0,13.0,True,False
3,TEAM WOLFLING,Mandragora,C,5.5,5.5,True,False
3,TEAM WOLFLING,Pinamonti,A,6.0,6.0,True,False
3,TEAM WOLFLING,Sanabria,A,6.0,5.5,True,False
3,TEAM WOLFLING,Perin,P,,,False,True
3,TEAM WOLFLING,Pinsoglio,P,,,False,True
3,TEAM WOLFLING,Tiago Gabriel,D,5.5,5.5,False,True
3,TEAM WOLFLING,Lovik,D,,,False,True
3,TEAM WOLFLING,Smolcic I.,D,,,False,True
3,TEAM WOLFLING,Paz Y.,D,,,False,True
3,TEAM WOLFLING,Bernede,C,6.0,6.0,False,True
3,TEAM WOLFLING,Kaba,C,,,False,True
3,TEAM WOLFLING,Rog,C,,,False,True
3,TEAM WOLFLING,Marchwinski,C,,,False,True
3,TEAM WOLFLING,Bonazzoli,A,6.0,6.0,False,True
3,TEAM WOLFLING,Ekhator,A,5.5,5.5,False,True
3,TEAM WOLFLING,Milik,A,,,False,True
3,TEAM WOLFLING,Pavoletti,A,,,False,True
3,VINCENZO,Carnesecchi,P,6.5,5.5,True,False
3,VINCENZO,Estupinan,D,5.0,4.0,True,False
3,VINCENZO,Mancini,D,6.0,6.0,True,False
3,VINCENZO,Kalulu,D,6.5,6.5,True,False
3,VINCENZO,Dodò,D,5.0,5.0,True,False
3,VINCENZO,Zaccagni,C,7.0,10.0,True,False
3,VINCENZO,Locatelli,C,,,False,False
3,VINCENZO,Rowe,C,6.5,6.5,True,False
3,VINCENZO,Dia,A,6.0,6.0,True,False
3,VINCENZO,Thuram,A,6.5,6.5,True,False
3,VINCENZO,Esposito F.P.,A,7.0,10.0,True,False
3,VINCENZO,Sportiello,P,,,False,True
3,VINCENZO,Rossi F.,P,,,False,True
3,VINCENZO,Stulic,A,5.5,5.5,False,True
3,VINCENZO,Cancellieri,A,7.5,11.5,False,True
3,VINCENZO,Scamacca,A,,,False,True
3,VINCENZO,Baturina,C,,,False,True
3,VINCENZO,Miller L.,C,6.0,6.0,True,True
3,VINCENZO,Ndour,C,,,False,True
3,VINCENZO,Rovella,C,,,False,True
3,VINCENZO,Guendouzi,C,,,False,True
3,VINCENZO,Floriani Mussolini,D,6.0,5.5,False,True
3,VINCENZO,Angori,D,,,False,True
3,VINCENZO,Delprato,D,6.0,5.5,False,True
3,VINCENZO,Joao Mario,D,6.0,7.0,False,True
3,TEAM HAIR FLICK,Butez,P,6.0,5.0,True,False
3,TEAM HAIR FLICK,Miranda J.,D,5.0,5.0,True,False
3,TEAM HAIR FLICK,Ramon,D,6.0,5.5,True,False
3,TEAM HAIR FLICK,Pongracic,D,6.0,6.0,True,False
3,TEAM HAIR FLICK,Norton-Cuffy,D,5.0,4.5,True,False
3,TEAM HAIR FLICK,Thuram K.,C,5.5,5.5,True,False
3,TEAM HAIR FLICK,Zielinski,C,,,False,False
3,TEAM HAIR FLICK,Oristanio,C,5.0,5.0,True,False
3,TEAM HAIR FLICK,Ferguson E.,A,6.0,6.0,True,False
3,TEAM HAIR FLICK,Kean,A,5.5,5.0,True,False
3,TEAM HAIR FLICK,Nkunku,A,,,False,False
3,TEAM HAIR FLICK,Pellegrino M.,A,7.5,13.0,True,True
3,TEAM HAIR FLICK,De Ketelaere,A,6.0,6.0,False,True
3,TEAM HAIR FLICK,Moreo,A,,,False,True
3,TEAM HAIR FLICK,Carboni V.,C,5.5,5.5,True,True
3,TEAM HAIR FLICK,Casadei,C,5.5,5.5,False,True
3,TEAM HAIR FLICK,Berisha M.,C,6.5,7.5,False,True
3,TEAM HAIR FLICK,Aebischer,C,6.0,6.0,False,True
3,TEAM HAIR FLICK,Bisseck,D,,,False,True
3,TEAM HAIR FLICK,Tavares N.,D,6.0,6.0,False,True
3,TEAM HAIR FLICK,Pezzella Giu.,D,6.0,6.0,False,True
3,TEAM HAIR FLICK,Mina,D,5.5,5.5,False,True
3,TEAM HAIR FLICK,Cavlina,P,,,False,True
3,TEAM HAIR FLICK,Vigorito,P,,,False,True
3,TEAM HAIR FLICK,Bailey,C,,,False,True
3,PAUL POGSHAO,Skorupski,P,6.5,4.5,True,False
3,PAUL POGSHAO,Dimarco,D,7.0,8.0,True,False
3,PAUL POGSHAO,Cambiaso,D,6.0,6.0,True,False
3,PAUL POGSHAO,Di Lorenzo,D,6.0,6.0,True,False
3,PAUL POGSHAO,Wesley,D,5.5,5.5,True,False
3,PAUL POGSHAO,Sucic P.,C,,,False,False
3,PAUL POGSHAO,Cristante,C,6.0,6.0,True,False
3,PAUL POGSHAO,Paz N.,C,7.0,10.0,True,False
3,PAUL POGSHAO,Laurientè,A,7.5,11.5,True,False
3,PAUL POGSHAO,Piccoli,A,6.0,6.0,True,False
3,PAUL POGSHAO,Morata,A,,,False,False
3,PAUL POGSHAO,Ravaglia F.,P,,,False,True
3,PAUL POGSHAO,Pessina Mas.,P,,,False,True
3,PAUL POGSHAO,Akanji,D,6.5,6.5,False,True
3,PAUL POGSHAO,Kempf,D,5.5,5.5,False,True
3,PAUL POGSHAO,Canestrelli,D,6.0,6.0,False,True
3,PAUL POGSHAO,Coppola F.,D,,,False,True
3,PAUL POGSHAO,Bondo,C,6.5,6.5,True,True
3,PAUL POGSHAO,El Aynaoui,C,,,False,True
3,PAUL POGSHAO,Perrone,C,6.0,5.5,False,True
3,PAUL POGSHAO,Koopmeiners,C,6.0,6.0,False,True
3,PAUL POGSHAO,Vural,C,6.0,6.0,False,True
3,PAUL POGSHAO,Cambiaghi,A,6.0,6.0,True,True
3,PAUL POGSHAO,Vardy,A,,,False,True
3,PAUL POGSHAO,Moro L.,A,,,False,True
3,BOBOTOTTI,Meret,P,6.0,4.0,True,False
3,BOBOTOTTI,Kristensen T.,D,5.0,5.0,True,False
3,BOBOTOTTI,Vasquez,D,5.0,4.5,True,False
3,BOBOTOTTI,Gabbia,D,6.0,6.0,True,False
3,BOBOTOTTI,Vazquez,C,6.5,7.5,True,False
3,BOBOTOTTI,Zhegrova,C,6.5,6.5,True,False
3,BOBOTOTTI,Modric,C,7.0,7.0,True,False
3,BOBOTOTTI,Saelemaekers,C,7.0,10.0,True,False
3,BOBOTOTTI,Vlahovic,A,5.5,5.5,True,False
3,BOBOTOTTI,Lookman,A,,,False,False
3,BOBOTOTTI,Krstovic,A,5.5,5.5,True,False
3,BOBOTOTTI,Sava,P,6.0,3.0,False,True
3,BOBOTOTTI,Falcone,P,6.5,4.5,False,True
3,BOBOTOTTI,Gutierrez,D,5.5,5.5,False,True
3,BOBOTOTTI,Valle,D,6.0,6.0,False,True
3,BOBOTOTTI,Tsimikas,D,6.0,6.0,False,True
3,BOBOTOTTI,Coco,D,6.5,7.5,False,True
3,BOBOTOTTI,Zanoli,D,5.5,5.5,False,True
3,BOBOTOTTI,Pellegrini Lo.,C,6.0,6.0,False,True
3,BOBOTOTTI,Maldini,C,,,False,True
3,BOBOTOTTI,Bernabè,C,6.0,6.0,False,True
3,BOBOTOTTI,Frendrup,C,5.0,5.0,False,True
3,BOBOTOTTI,Dovbyk,A,7.0,11.0,True,True
3,BOBOTOTTI,Lang,A,6.0,6.0,False,True
3,BOBOTOTTI,Cutrone,A,5.5,5.5,False,True
4,TEAM WOLFLING,Di Gregorio,P,6.0,7.0,True,False
4,TEAM WOLFLING,Pavlovic,D,6.5,6.5,True,False
4,TEAM WOLFLING,Bastoni,D,6.5,6.5,True,False
4,TEAM WOLFLING,Baschirotto,D,5.0,5.0,True,False
4,TEAM WOLFLING,Dumfries,D,6.0,6.0,True,False
4,TEAM WOLFLING,Gaetano,C,,,False,False
4,TEAM WOLFLING,McTominay,C,6.0,6.0,True,False
4,TEAM WOLFLING,Pulisic,C,5.0,3.0,True,False
4,TEAM WOLFLING,Mandragora,C,5.5,5.5,True,False
4,TEAM WOLFLING,Pinamonti,A,6.5,8.5,True,False
4,TEAM WOLFLING,Sanabria,A,5.0,5.0,True,False
4,TEAM WOLFLING,Perin,P,,,False,True
4,TEAM WOLFLING,Pinsoglio,P,,,False,True
4,TEAM WOLFLING,Tiago Gabriel,D,7.0,7.0,False,True
4,TEAM WOLFLING,Lovik,D,5.0,5.0,False,True
4,TEAM WOLFLING,Smolcic I.,D,5.5,5.0,False,True
4,TEAM WOLFLING,Paz Y.,D,,,False,True
4,TEAM WOLFLING,Bernede,C,5.5,5.5,True,True
4,TEAM WOLFLING,Kaba,C,,,False,True
4,TEAM WOLFLING,Rog,C,,,False,True
4,TEAM WOLFLING,Marchwinski,C,,,False,True
4,TEAM WOLFLING,Bonazzoli,A,6.5,9.5,False,True
4,TEAM WOLFLING,Ekhator,A,7.5,10.5,False,True
4,TEAM WOLFLING,Milik,A,,,False,True
4,TEAM WOLFLING,Pavoletti,A,,,False,True
4,VINCENZO,Carnesecchi,P,6.5,5.5,True,False
4,VINCENZO,Delprato,D,5.5,5.5,True,False
4,VINCENZO,Mancini,D,6.0,6.0,True,False
4,VINCENZO,Kalulu,D,6.0,6.0,True,False
4,VINCENZO,Dodò,D,5.5,5.5,True,False
4,VINCENZO,Zaccagni,C,,,False,False
4,VINCENZO,Locatelli,C,6.5,6.0,True,False
4,VINCENZO,Rowe,C,6.5,6.5,True,False
4,VINCENZO,Dia,A,5.5,5.5,True,False
4,VINCENZO,Esposito F.P.,A,6.0,6.0,True,False
4,VINCENZO,Cancellieri,A,8.0,14.0,True,False
4,VINCENZO,Sportiello,P,,,False,True
4,VINCENZO,Rossi F.,P,,,False,True
4,VINCENZO,Thuram,A,,,False,True
4,VINCENZO,Scamacca,A,,,False,True
4,VINCENZO,Stulic,A,5.5,5.5,False,True
4,VINCENZO,Ndour,C,6.0,6.0,True,True
4,VINCENZO,Baturina,C,5.0,5.0,False,True
4,VINCENZO,Miller L.,C,,,False,True
4,VINCENZO,Rovella,C,,,False,True
4,VINCENZO,Floriani Mussolini,D,4.5,4.5,False,True
4,VINCENZO,Angori,D,5.5,5.5,False,True
4,VINCENZO,Joao Mario,D,,,False,True
4,VINCENZO,Estupinan,D,,,False,True
4,VINCENZO,Guendouzi,C,,,False,True
4,BOBOTOTTI,Meret,P,,,False,False
4,BOBOTOTTI,Kristensen T.,D,,,False,False
4,BOBOTOTTI,Vasquez,D,6.0,6.0,True,False
4,BOBOTOTTI,Gabbia,D,6.5,6.5,True,False
4,BOBOTOTTI,Vazquez,C,5.5,5.5,True,False
4,BOBOTOTTI,Zhegrova,C,,,False,False
4,BOBOTOTTI,Modric,C,6.5,6.5,True,False
4,BOBOTOTTI,Saelemaekers,C,6.5,6.5,True,False
4,BOBOTOTTI,Vlahovic,A,6.0,6.0,True,False
4,BOBOTOTTI,Lookman,A,5.5,5.5,True,False
4,BOBOTOTTI,Krstovic,A,6.0,6.0,True,False
4,BOBOTOTTI,Sava,P,5.5,4.5,True,True
4,BOBOTOTTI,Falcone,P,6.5,7.5,False,True
4,BOBOTOTTI,Gutierrez,D,,,False,True
4,BOBOTOTTI,Valle,D,6.0,6.0,True,True
4,BOBOTOTTI,Tsimikas,D,6.0,5.5,False,True
4,BOBOTOTTI,Coco,D,6.0,9.0,False,True
4,BOBOTOTTI,Zanoli,D,5.5,5.5,False,True
4,BOBOTOTTI,Pellegrini Lo.,C,6.0,6.0,True,True
4,BOBOTOTTI,Maldini,C,6.0,6.0,False,True
4,BOBOTOTTI,Bernabè,C,5.5,5.5,False,True
4,BOBOTOTTI,Frendrup,C,5.5,5.5,False,True
4,BOBOTOTTI,Dovbyk,A,6.0,7.0,False,True
4,BOBOTOTTI,Lang,A,,,False,True
4,BOBOTOTTI,Cutrone,A,5.5,5.5,False,True
4,ASS ASS IN FC,Maignan,P,7.0,8.0,True,False
4,ASS ASS IN FC,Gosens,D,5.0,5.0,True,False
4,ASS ASS IN FC,Biraghi,D,,,False,False
4,ASS ASS IN FC,Tomori,D,6.0,6.0,True,False
4,ASS ASS IN FC,Barella,C,7.5,10.5,True,False
4,ASS ASS IN FC,Zambo Anguissa,C,7.5,10.5,True,False
4,ASS ASS IN FC,Volpato,C,6.0,6.0,True,False
4,ASS ASS IN FC,Pasalic,C,6.0,6.0,True,False
4,ASS ASS IN FC,Leao,A,5.0,5.0,True,False
4,ASS ASS IN FC,Simeone,A,7.0,10.0,True,False
4,ASS ASS IN FC,Davis K.,A,6.0,6.0,True,False
4,ASS ASS IN FC,Torriani,P,,,False,True
4,ASS ASS IN FC,Terracciano,P,,,False,True
4,ASS ASS IN FC,Comuzzo,D,6.0,6.0,True,True
4,ASS ASS IN FC,Ghilardi,D,,,False,True
4,ASS ASS IN FC,Ziolkowski,D,,,False,True
4,ASS ASS IN FC,Bartesaghi,D,6.5,6.0,False,True
4,ASS ASS IN FC,Buongiorno,D,,,False,True
4,ASS ASS IN FC,Prati,C,6.0,6.0,False,True
4,ASS ASS IN FC,Malinovskyi,C,5.5,5.0,False,True
4,ASS ASS IN FC,Nicolussi Caviglia,C,6.0,7.0,False,True
4,ASS ASS IN FC,Adzic,C,,,False,True
4,ASS ASS IN FC,Zapata D.,A,,,False,True
4,ASS ASS IN FC,Buffon L.,A,,,False,True
4,ASS ASS IN FC,Dybala,A,6.0,6.0,False,True
4,TEAM YANGTUO,Svilar,P,5.5,4.5,True,False
4,TEAM YANGTUO,Frese,D,6.5,6.5,True,False
4,TEAM YANGTUO,Vojvoda,D,6.0,6.0,True,False
4,TEAM YANGTUO,Zortea,D,6.0,6.0,True,False
4,TEAM YANGTUO,Folorunsho,C,6.0,6.0,True,False
4,TEAM YANGTUO,Rabiot,C,6.5,6.5,True,False
4,TEAM YANGTUO,Politano,C,5.5,5.5,True,False
4,TEAM YANGTUO,De Bruyne,C,6.5,6.5,True,False
4,TEAM YANGTUO,Giovane,A,6.0,6.0,True,False
4,TEAM YANGTUO,Castellanos,A,6.0,5.5,True,False
4,TEAM YANGTUO,Yildiz,A,5.5,5.5,True,False
4,TEAM YANGTUO,Gollini,P,,,False,True
4,TEAM YANGTUO,Vasquez D.,P,,,False,True
4,TEAM YANGTUO,Darmian,D,,,False,True
4,TEAM YANGTUO,Obert,D,6.0,5.5,False,True
4,TEAM YANGTUO,Gallo,D,7.0,7.5,False,True
4,TEAM YANGTUO,Vlasic,C,5.5,5.5,False,True
4,TEAM YANGTUO,Ellertsson,C,5.5,5.5,False,True
4,TEAM YANGTUO,Matic,C,6.0,6.0,False,True
4,TEAM YANGTUO,Ngonge,A,6.0,6.0,False,True
4,TEAM YANGTUO,Ekuban,A,5.5,5.5,False,True
4,TEAM YANGTUO,Buksa,A,,,False,True
4,TEAM YANGTUO,Lazaro,D,5.5,5.5,False,True
4,TEAM YANGTUO,Ranieri L.,D,5.5,5.5,False,True
4,TEAM GLIDER,De Gea,P,6.0,4.0,True,False
4,TEAM GLIDER,Juan Jesus,D,6.0,6.0,True,False
4,TEAM GLIDER,N'Dicka,D,6.0,6.0,True,False
4,TEAM GLIDER,Bremer,D,,,False,False
4,TEAM GLIDER,Ehizibue,D,,,False,False
4,TEAM GLIDER,Orsolini,C,7.0,10.0,True,False
4,TEAM GLIDER,Da Cunha,C,6.0,6.0,True,False
4,TEAM GLIDER,Loftus-Cheek,C,6.0,6.0,True,False
4,TEAM GLIDER,Douvikas,A,5.5,5.5,True,False
4,TEAM GLIDER,David,A,5.0,5.0,True,False
4,TEAM GLIDER,Castro S.,A,,,False,False
4,TEAM GLIDER,Martinelli T.,P,,,False,True
4,TEAM GLIDER,Lezzerini,P,,,False,True
4,TEAM GLIDER,Gatti,D,5.5,5.0,True,True
4,TEAM GLIDER,Veiga D.,D,6.5,6.5,True,True
4,TEAM GLIDER,Rrahmani,D,,,False,True
4,TEAM GLIDER,Esteves T.,D,,,False,True
4,TEAM GLIDER,Isaksen,C,5.5,5.5,False,True
4,TEAM GLIDER,Tourè I.,C,4.0,3.0,False,True
4,TEAM GLIDER,Zerbin,C,,,False,True
4,TEAM GLIDER,Ilkhan,C,,,False,True
4,TEAM GLIDER,Leris,C,5.0,5.0,False,True
4,TEAM GLIDER,Openda,A,6.0,6.0,True,True
4,TEAM GLIDER,Benedyczak,A,5.5,5.5,False,True
4,TEAM GLIDER,Meister,A,5.5,5.5,False,True
4,TEAM HAIR FLICK,Butez,P,6.0,5.0,True,False
4,TEAM HAIR FLICK,Tavares N.,D,6.0,6.0,True,False
4,TEAM HAIR FLICK,Ramon,D,5.5,5.5,True,False
4,TEAM HAIR FLICK,Mina,D,6.0,6.0,True,False
4,TEAM HAIR FLICK,Miranda J.,D,6.5,6.5,True,False
4,TEAM HAIR FLICK,Oristanio,C,,,False,False
4,TEAM HAIR FLICK,Thuram K.,C,5.5,5.5,True,False
4,TEAM HAIR FLICK,Zielinski,C,,,False,False
4,TEAM HAIR FLICK,Nkunku,A,6.0,6.0,True,False
4,TEAM HAIR FLICK,Pellegrino M.,A,6.0,6.0,True,False
4,TEAM HAIR FLICK,Kean,A,7.0,10.0,True,False
4,TEAM HAIR FLICK,Ferguson E.,A,,,False,True
4,TEAM HAIR FLICK,Moreo,A,,,False,True
4,TEAM HAIR FLICK,Berisha M.,C,6.5,6.5,True,True
4,TEAM HAIR FLICK,Casadei,C,5.5,5.0,True,True
4,TEAM HAIR FLICK,Carboni V.,C,6.0,6.0,False,True
4,TEAM HAIR FLICK,Bisseck,D,,,False,True
4,TEAM HAIR FLICK,Pongracic,D,6.0,6.0,False,True
4,TEAM HAIR FLICK,Norton-Cuffy,D,6.5,7.5,False,True
4,TEAM HAIR FLICK,Pezzella Giu.,D,4.5,4.0,False,True
4,TEAM HAIR FLICK,Cavlina,P,,,False,True
4,TEAM HAIR FLICK,Vigorito,P,,,False,True
4,TEAM HAIR FLICK,De Ketelaere,A,,,False,True
4,TEAM HAIR FLICK,Bailey,C,,,False,True
4,TEAM HAIR FLICK,Aebischer,C,,,False,True
4,PAUL POGSHAO,Skorupski,P,6.0,7.0,True,False
4,PAUL POGSHAO,Dimarco,D,8.0,12.0,True,False
4,PAUL POGSHAO,Cambiaso,D,5.5,5.5,True,False
4,PAUL POGSHAO,Di Lorenzo,D,6.5,6.5,True,False
4,PAUL POGSHAO,Wesley,D,6.5,6.0,True,False
4,PAUL POGSHAO,Paz N.,C,6.0,6.0,True,False
4,PAUL POGSHAO,Cristante,C,7.0,10.5,True,False
4,PAUL POGSHAO,Sucic P.,C,6.0,5.5,True,False
4,PAUL POGSHAO,Koopmeiners,C,,,False,False
4,PAUL POGSHAO,Laurientè,A,6.0,6.0,True,False
4,PAUL POGSHAO,Cambiaghi,A,8.0,13.0,True,False
4,PAUL POGSHAO,Ravaglia F.,P,,,False,True
4,PAUL POGSHAO,Pessina Mas.,P,,,False,True
4,PAUL POGSHAO,Akanji,D,6.5,6.5,False,True
4,PAUL POGSHAO,Kempf,D,,,False,True
4,PAUL POGSHAO,Canestrelli,D,5.0,5.0,False,True
4,PAUL POGSHAO,Coppola F.,D,,,False,True
4,PAUL POGSHAO,El Aynaoui,C,,,False,True
4,PAUL POGSHAO,Perrone,C,7.0,11.0,True,True
4,PAUL POGSHAO,Bondo,C,5.0,5.0,False,True
4,PAUL POGSHAO,Vural,C,6.0,6.0,False,True
4,PAUL POGSHAO,Morata,A,5.5,5.5,False,True
4,PAUL POGSHAO,Vardy,A,6.0,6.0,False,True
4,PAUL POGSHAO,Piccoli,A,6.0,6.0,False,True
4,PAUL POGSHAO,Moro L.,A,,,False,True
4,CHELSEA,Provedel,P,6.0,3.0,True,False
4,CHELSEA,Hermoso,D,,,False,False
4,CHELSEA,Luperto,D,,,False,False
4,CHELSEA,Circati,D,5.5,5.5,True,False
4,CHELSEA,Valeri,D,6.0,6.0,True,False
4,CHELSEA,Ederson D.S.,C,6.0,6.0,True,False
4,CHELSEA,Calhanoglu,C,,,False,False
4,CHELSEA,Konè M.,C,6.5,6.5,True,False
4,CHELSEA,Hojlund,A,7.0,11.0,True,False
4,CHELSEA,Martinez L.,A,7.0,10.0,True,False
4,CHELSEA,Esposito Se.,A,5.5,5.5,True,False
4,CHELSEA,Mandas,P,,,False,True
4,CHELSEA,Furlanetto,P,,,False,True
4,CHELSEA,Rensch,D,6.0,6.0,True,True
4,CHELSEA,Martin,D,,,False,True
4,CHELSEA,Terracciano F.,D,,,False,True
4,CHELSEA,Scalvini,D,,,False,True
4,CHELSEA,El Shaarawy,C,,,False,True
4,CHELSEA,Masini,C,5.0,5.0,True,True
4,CHELSEA,Hojholt,C,,,False,True
4,CHELSEA,Zalewski,C,,,False,True
4,CHELSEA,Onana J.,C,,,False,True
4,CHELSEA,Dzeko,A,6.0,6.0,False,True
4,CHELSEA,Bonny,A,8.5,15.5,False,True
4,CHELSEA,Colombo,A,6.0,6.0,False,True
4,TOMATO,Sommer,P,6.0,5.0,True,False
4,TOMATO,Palestra,D,5.5,5.5,True,False
4,TOMATO,Solet,D,6.5,7.5,True,False
4,TOMATO,Acerbi,D,,,False,False
4,TOMATO,Conceicao,C,6.5,6.5,True,False
4,TOMATO,Odgaard,C,6.5,9.5,True,False
4,TOMATO,Gudmundsson A.,C,5.0,4.5,True,False
4,TOMATO,Mkhitaryan,C,6.5,6.5,True,False
4,TOMATO,Gimenez,A,6.5,6.5,True,False
4,TOMATO,Soulè,A,7.5,11.5,True,False
4,TOMATO,Berardi,A,,,False,False
4,TOMATO,Martinez Jo.,P,,,False,True
4,TOMATO,Di Gennaro,P,,,False,True
4,TOMATO,Lucca,A,,,False,True
4,TOMATO,Addai,A,6.0,5.5,True,True
4,TOMATO,Frattesi,C,6.0,6.0,False,True
4,TOMATO,Carlos Augusto,D,6.0,6.0,True,True
4,TOMATO,Cuadrado,D,5.5,5.0,False,True
4,TOMATO,Heggem,D,6.5,6.5,False,True
4,TOMATO,Coulibaly W.,D,,,False,True
4,TOMATO,Asllani,C,6.0,5.5,False,True
4,TOMATO,Atta,C,6.5,6.5,False,True
4,TOMATO,Tramoni M.,C,5.5,5.5,False,True
5,TEAM GLIDER,De Gea,P,6.0,4.0,True,False
5,TEAM GLIDER,Gatti,D,,,False,False
5,TEAM GLIDER,Bremer,D,,,False,False
5,TEAM GLIDER,N'Dicka,D,5.0,4.5,True,False
5,TEAM GLIDER,Zerbin,C,5.5,5.0,True,False
5,TEAM GLIDER,Orsolini,C,7.0,10.0,True,False
5,TEAM GLIDER,Da Cunha,C,6.5,6.5,True,False
5,TEAM GLIDER,Loftus-Cheek,C,,,False,False
5,TEAM GLIDER,Douvikas,A,6.5,6.5,True,False
5,TEAM GLIDER,David,A,5.0,5.0,True,False
5,TEAM GLIDER,Castro S.,A,6.0,6.0,True,False
5,TEAM GLIDER,Martinelli T.,P,,,False,True
5,TEAM GLIDER,Lezzerini,P,,,False,True
5,TEAM GLIDER,Veiga D.,D,6.0,5.5,True,True
5,TEAM GLIDER,Ehizibue,D,,,False,True
5,TEAM GLIDER,Juan Jesus,D,5.5,5.0,True,True
5,TEAM GLIDER,Rrahmani,D,,,False,True
5,TEAM GLIDER,Esteves T.,D,,,False,True
5,TEAM GLIDER,Isaksen,C,6.0,6.0,True,True
5,TEAM GLIDER,Leris,C,6.0,6.0,False,True
5,TEAM GLIDER,Tourè I.,C,,,False,True
5,TEAM GLIDER,Ilkhan,C,,,False,True
5,TEAM GLIDER,Openda,A,,,False,True
5,TEAM GLIDER,Benedyczak,A,,,False,True
5,TEAM GLIDER,Meister,A,,,False,True
5,BOBOTOTTI,Meret,P,,,False,False
5,BOBOTOTTI,Kristensen T.,D,,,False,False
5,BOBOTOTTI,Vasquez,D,6.5,6.5,True,False
5,BOBOTOTTI,Gabbia,D,5.5,5.5,True,False
5,BOBOTOTTI,Vazquez,C,6.5,6.5,True,False
5,BOBOTOTTI,Zhegrova,C,,,False,False
5,BOBOTOTTI,Modric,C,6.5,6.5,True,False
5,BOBOTOTTI,Saelemaekers,C,5.5,5.5,True,False
5,BOBOTOTTI,Vlahovic,A,5.5,5.5,True,False
5,BOBOTOTTI,Lookman,A,6.0,6.0,True,False
5,BOBOTOTTI,Krstovic,A,6.0,6.0,True,False
5,BOBOTOTTI,Sava,P,,,False,True
5,BOBOTOTTI,Falcone,P,6.0,6.5,True,True
5,BOBOTOTTI,Gutierrez,D,,,False,True
5,BOBOTOTTI,Valle,D,6.0,6.0,True,True
5,BOBOTOTTI,Tsimikas,D,,,False,True
5,BOBOTOTTI,Coco,D,7.0,7.0,False,True
5,BOBOTOTTI,Zanoli,D,6.5,7.5,False,True
5,BOBOTOTTI,Pellegrini Lo.,C,5.5,5.5,True,True
5,BOBOTOTTI,Maldini,C,,,False,True
5,BOBOTOTTI,Bernabè,C,6.0,6.0,False,True
5,BOBOTOTTI,Frendrup,C,6.0,6.0,False,True
5,BOBOTOTTI,Dovbyk,A,5.0,5.0,False,True
5,BOBOTOTTI,Lang,A,6.0,5.5,False,True
5,BOBOTOTTI,Cutrone,A,6.0,6.0,False,True
5,ASS ASS IN FC,Maignan,P,5.0,4.0,True,False
5,ASS ASS IN FC,Gosens,D,6.5,9.5,True,False
5,ASS ASS IN FC,Buongiorno,D,6.0,6.0,True,False
5,ASS ASS IN FC,Tomori,D,6.0,5.5,True,False
5,ASS ASS IN FC,Pasalic,C,6.0,5.5,True,False
5,ASS ASS IN FC,Zambo Anguissa,C,6.0,6.0,True,False
5,ASS ASS IN FC,Barella,C,6.5,7.5,True,False
5,ASS ASS IN FC,Malinovskyi,C,5.5,5.0,True,False
5,ASS ASS IN FC,Leao,A,7.5,13.5,True,False
5,ASS ASS IN FC,Davis K.,A,6.0,6.0,True,False
5,ASS ASS IN FC,Dybala,A,6.0,6.0,True,False
5,ASS ASS IN FC,Torriani,P,,,False,True
5,ASS ASS IN FC,Terracciano,P,,,False,True
5,ASS ASS IN FC,Bartesaghi,D,6.0,6.0,False,True
5,ASS ASS IN FC,Comuzzo,D,,,False,True
5,ASS ASS IN FC,Biraghi,D,6.0,6.0,False,True
5,ASS ASS IN FC,Ghilardi,D,,,False,True
5,ASS ASS IN FC,Ziolkowski,D,6.0,5.5,False,True
5,ASS ASS IN FC,Prati,C,6.0,6.0,False,True
5,ASS ASS IN FC,Nicolussi Caviglia,C,6.0,5.5,False,True
5,ASS ASS IN FC,Volpato,C,,,False,True
5,ASS ASS IN FC,Adzic,C,,,False,True
5,ASS ASS IN FC,Simeone,A,7.5,11.5,False,True
5,ASS ASS IN FC,Zapata D.,A,,,False,True
5,ASS ASS IN FC,Buffon L.,A,,,False,True
5,PAUL POGSHAO,Ravaglia F.,P,6.5,7.5,True,False
5,PAUL POGSHAO,Dimarco,D,6.0,6.0,True,False
5,PAUL POGSHAO,Cambiaso,D,5.5,5.5,True,False
5,PAUL POGSHAO,Di Lorenzo,D,5.5,5.5,True,False
5,PAUL POGSHAO,Wesley,D,6.0,6.0,True,False
5,PAUL POGSHAO,Paz N.,C,8.0,12.0,True,False
5,PAUL POGSHAO,Cristante,C,6.0,6.0,True,False
5,PAUL POGSHAO,Bondo,C,6.0,6.0,True,False
5,PAUL POGSHAO,Laurientè,A,5.5,5.5,True,False
5,PAUL POGSHAO,Vardy,A,5.5,5.0,True,False
5,PAUL POGSHAO,Cambiaghi,A,5.5,5.5,True,False
5,PAUL POGSHAO,Skorupski,P,,,False,True
5,PAUL POGSHAO,Pessina Mas.,P,,,False,True
5,PAUL POGSHAO,Akanji,D,6.5,6.5,False,True
5,PAUL POGSHAO,Kempf,D,7.5,11.5,False,True
5,PAUL POGSHAO,Canestrelli,D,6.5,6.0,False,True
5,PAUL POGSHAO,Coppola F.,D,,,False,True
5,PAUL POGSHAO,Koopmeiners,C,5.0,5.0,False,True
5,PAUL POGSHAO,El Aynaoui,C,,,False,True
5,PAUL POGSHAO,Perrone,C,7.0,8.0,False,True
5,PAUL POGSHAO,Sucic P.,C,6.0,5.5,False,True
5,PAUL POGSHAO,Vural,C,,,False,True
5,PAUL POGSHAO,Morata,A,6.0,6.0,False,True
5,PAUL POGSHAO,Piccoli,A,5.5,5.5,False,True
5,PAUL POGSHAO,Moro L.,A,,,False,True
5,TEAM WOLFLING,Di Gregorio,P,6.0,4.0,True,False
5,TEAM WOLFLING,Pavlovic,D,6.0,6.5,True,False
5,TEAM WOLFLING,Bastoni,D,6.5,6.5,True,False
5,TEAM WOLFLING,Baschirotto,D,5.5,5.5,True,False
5,TEAM WOLFLING,Tiago Gabriel,D,6.5,6.5,True,False
5,TEAM WOLFLING,Dumfries,D,6.0,6.0,True,False
5,TEAM WOLFLING,McTominay,C,,,False,False
5,TEAM WOLFLING,Gaetano,C,5.5,5.5,True,False
5,TEAM WOLFLING,Mandragora,C,6.0,6.0,True,False
5,TEAM WOLFLING,Pinamonti,A,5.5,5.5,True,False
5,TEAM WOLFLING,Bonazzoli,A,6.0,6.0,True,False
5,TEAM WOLFLING,Perin,P,,,False,True
5,TEAM WOLFLING,Lovik,D,,,False,True
5,TEAM WOLFLING,Smolcic I.,D,6.0,5.5,False,True
5,TEAM WOLFLING,Bernede,C,6.0,6.0,True,True
5,TEAM WOLFLING,Kaba,C,,,False,True
5,TEAM WOLFLING,Ekhator,A,6.5,6.5,False,True
5,TEAM WOLFLING,Milik,A,,,False,True
5,TEAM WOLFLING,Pavoletti,A,,,False,True
5,TEAM HAIR FLICK,Butez,P,6.0,7.0,True,False
5,TEAM HAIR FLICK,Miranda J.,D,6.5,6.0,True,False
5,TEAM HAIR FLICK,Ramon,D,6.0,6.0,True,False
5,TEAM HAIR FLICK,Norton-Cuffy,D,6.0,6.0,True,False
5,TEAM HAIR FLICK,Carboni V.,C,5.5,5.5,True,False
5,TEAM HAIR FLICK,Zielinski,C,,,False,False
5,TEAM HAIR FLICK,Thuram K.,C,6.0,6.0,True,False
5,TEAM HAIR FLICK,Berisha M.,C,5.5,5.5,True,False
5,TEAM HAIR FLICK,Moreo,A,5.5,5.5,True,False
5,TEAM HAIR FLICK,Kean,A,6.0,6.0,True,False
5,TEAM HAIR FLICK,De Ketelaere,A,6.0,5.5,True,False
5,TEAM HAIR FLICK,Ferguson E.,A,,,False,True
5,TEAM HAIR FLICK,Pellegrino M.,A,5.5,5.5,False,True
5,TEAM HAIR FLICK,Nkunku,A,,,False,True
5,TEAM HAIR FLICK,Bailey,C,6.0,6.0,True,True
5,TEAM HAIR FLICK,Casadei,C,6.0,6.0,False,True
5,TEAM HAIR FLICK,Aebischer,C,5.5,5.5,False,True
5,TEAM HAIR FLICK,Tavares N.,D,5.5,5.5,False,True
5,TEAM HAIR FLICK,Mina,D,5.5,5.5,False,True
5,TEAM HAIR FLICK,Bisseck,D,,,False,True
5,TEAM HAIR FLICK,Pezzella Giu.,D,5.5,5.5,False,True
5,TEAM HAIR FLICK,Pongracic,D,6.0,6.0,False,True
5,TEAM HAIR FLICK,Cavlina,P,,,False,True
5,TEAM HAIR FLICK,Vigorito,P,,,False,True
5,TEAM HAIR FLICK,Oristanio,C,,,False,True
5,TOMATO,Sommer,P,6.5,7.5,True,False
5,TOMATO,Heggem,D,6.5,6.5,True,False
5,TOMATO,Solet,D,5.0,5.0,True,False
5,TOMATO,Acerbi,D,6.5,6.5,True,False
5,TOMATO,Conceicao,C,5.5,5.5,True,False
5,TOMATO,Odgaard,C,7.0,8.0,True,False
5,TOMATO,Gudmundsson A.,C,6.0,6.0,True,False
5,TOMATO,Mkhitaryan,C,6.5,6.0,True,False
5,TOMATO,Gimenez,A,6.5,6.5,True,False
5,TOMATO,Soulè,A,5.5,5.5,True,False
5,TOMATO,Berardi,A,5.5,5.0,True,False
5,TOMATO,Martinez Jo.,P,,,False,True
5,TOMATO,Di Gennaro,P,,,False,True
5,TOMATO,Lucca,A,5.0,5.0,False,True
5,TOMATO,Addai,A,,,False,True
5,TOMATO,Frattesi,C,6.0,6.0,False,True
5,TOMATO,Carlos Augusto,D,,,False,True
5,TOMATO,Cuadrado,D,6.0,6.0,False,True
5,TOMATO,Coulibaly W.,D,,,False,True
5,TOMATO,Asllani,C,6.0,6.0,False,True
5,TOMATO,Atta,C,6.5,6.5,False,True
5,TOMATO,Tramoni M.,C,,,False,True
5,TOMATO,Palestra,D,6.5,6.5,False,True
5,TEAM YANGTUO,Svilar,P,5.5,4.5,True,False
5,TEAM YANGTUO,Frese,D,6.0,5.5,True,False
5,TEAM YANGTUO,Vojvoda,D,6.5,6.5,True,False
5,TEAM YANGTUO,Zortea,D,,,False,False
5,TEAM YANGTUO,Gallo,D,6.0,6.0,True,False
5,TEAM YANGTUO,Folorunsho,C,6.0,6.0,True,False
5,TEAM YANGTUO,Politano,C,6.5,6.5,True,False
5,TEAM YANGTUO,De Bruyne,C,6.0,6.0,True,False
5,TEAM YANGTUO,Ellertsson,C,5.5,5.5,True,False
5,TEAM YANGTUO,Giovane,A,5.5,5.5,True,False
5,TEAM YANGTUO,Yildiz,A,6.0,6.0,True,False
5,TEAM YANGTUO,Gollini,P,,,False,True
5,TEAM YANGTUO,Vasquez D.,P,,,False,True
5,TEAM YANGTUO,Obert,D,5.0,5.0,True,True
5,TEAM YANGTUO,Vlasic,C,6.5,6.5,False,True
5,TEAM YANGTUO,Matic,C,6.0,6.0,False,True
5,TEAM YANGTUO,Ngonge,A,5.5,5.5,False,True
5,TEAM YANGTUO,Buksa,A,6.0,6.0,False,True
5,TEAM YANGTUO,Ekuban,A,5.5,5.5,False,True
5,TEAM YANGTUO,Ranieri L.,D,6.5,6.0,False,True
5,TEAM YANGTUO,Lazaro,D,,,False,True
5,VINCENZO,Carnesecchi,P,6.0,7.0,True,False
5,VINCENZO,Floriani Mussolini,D,,,False,False
5,VINCENZO,Mancini,D,6.5,6.5,True,False
5,VINCENZO,Kalulu,D,5.5,5.5,True,False
5,VINCENZO,Delprato,D,6.0,6.0,True,False
5,VINCENZO,Zaccagni,C,6.0,6.0,True,False
5,VINCENZO,Locatelli,C,6.0,6.0,True,False
5,VINCENZO,Guendouzi,C,6.0,6.0,True,False
5,VINCENZO,Scamacca,A,,,False,False
5,VINCENZO,Esposito F.P.,A,6.0,6.0,True,False
5,VINCENZO,Cancellieri,A,6.0,6.0,True,False
5,VINCENZO,Sportiello,P,,,False,True
5,VINCENZO,Rossi F.,P,,,False,True
5,VINCENZO,Thuram,A,,,False,True
5,VINCENZO,Dia,A,5.0,5.0,True,True
5,VINCENZO,Stulic,A,6.0,6.0,False,True
5,VINCENZO,Rowe,C,,,False,True
5,VINCENZO,Baturina,C,,,False,True
5,VINCENZO,Ndour,C,,,False,True
5,VINCENZO,Miller L.,C,,,False,True
5,VINCENZO,Rovella,C,,,False,True
5,VINCENZO,Angori,D,5.5,5.5,True,True
5,VINCENZO,Dodò,D,6.0,6.0,False,True
5,VINCENZO,Joao Mario,D,,,False,True
5,VINCENZO,Estupinan,D,,,False,True
5,CHELSEA,Provedel,P,6.5,7.5,True,False
5,CHELSEA,Martin,D,,,False,False
5,CHELSEA,Luperto,D,5.5,5.5,True,False
5,CHELSEA,Scalvini,D,6.0,6.0,True,False
5,CHELSEA,Ederson D.S.,C,6.0,6.0,True,False
5,CHELSEA,Calhanoglu,C,6.5,6.5,True,False
5,CHELSEA,Konè M.,C,6.5,6.5,True,False
5,CHELSEA,Zalewski,C,,,False,False
5,CHELSEA,Hojlund,A,,,False,False
5,CHELSEA,Martinez L.,A,5.5,5.0,True,False
5,CHELSEA,Bonny,A,7.0,11.0,True,False
5,CHELSEA,Mandas,P,,,False,True
5,CHELSEA,Furlanetto,P,,,False,True
5,CHELSEA,Circati,D,6.5,6.5,True,True
5,CHELSEA,Rensch,D,,,False,True
5,CHELSEA,Hermoso,D,5.5,5.0,False,True
5,CHELSEA,Valeri,D,,,False,True
5,CHELSEA,Terracciano F.,D,7.0,10.0,False,True
5,CHELSEA,Masini,C,6.5,6.5,True,True
5,CHELSEA,El Shaarawy,C,,,False,True
5,CHELSEA,Hojholt,C,,,False,True
5,CHELSEA,Onana J.,C,,,False,True
5,CHELSEA,Dzeko,A,,,False,True
5,CHELSEA,Colombo,A,5.5,5.0,True,True
5,CHELSEA,Esposito Se.,A,6.0,5.5,False,True
6,BOBOTOTTI,Meret,P,,,False,False
6,BOBOTOTTI,Kristensen T.,D,,,False,False
6,BOBOTOTTI,Vasquez,D,6.0,6.0,True,False
6,BOBOTOTTI,Gabbia,D,5.5,5.5,True,False
6,BOBOTOTTI,Vazquez,C,,,False,False
6,BOBOTOTTI,Zhegrova,C,,,False,False
6,BOBOTOTTI,Modric,C,6.5,7.5,True,False
6,BOBOTOTTI,Saelemaekers,C,6.0,6.0,True,False
6,BOBOTOTTI,Vlahovic,A,5.5,5.5,True,False
6,BOBOTOTTI,Lookman,A,6.0,6.0,True,False
6,BOBOTOTTI,Krstovic,A,5.0,5.0,True,False
6,BOBOTOTTI,Sava,P,,,False,True
6,BOBOTOTTI,Falcone,P,6.0,3.0,True,True
6,BOBOTOTTI,Gutierrez,D,,,False,True
6,BOBOTOTTI,Valle,D,,,False,True
6,BOBOTOTTI,Tsimikas,D,6.0,6.0,True,True
6,BOBOTOTTI,Coco,D,6.0,6.0,False,True
6,BOBOTOTTI,Zanoli,D,6.0,6.0,False,True
6,BOBOTOTTI,Pellegrini Lo.,C,6.5,6.5,True,True
6,BOBOTOTTI,Maldini,C,,,False,True
6,BOBOTOTTI,Bernabè,C,6.5,6.5,True,True
6,BOBOTOTTI,Frendrup,C,6.0,5.5,False,True
6,BOBOTOTTI,Dovbyk,A,6.5,6.5,False,True
6,BOBOTOTTI,Lang,A,,,False,True
6,BOBOTOTTI,Cutrone,A,6.0,6.0,False,True
6,TOMATO,Sommer,P,6.0,3.0,True,False
6,TOMATO,Palestra,D,5.5,5.5,True,False
6,TOMATO,Solet,D,6.0,6.0,True,False
6,TOMATO,Acerbi,D,5.0,5.0,True,False
6,TOMATO,Conceicao,C,6.0,6.0,True,False
6,TOMATO,Atta,C,7.5,9.5,True,False
6,TOMATO,Mkhitaryan,C,5.5,5.5,True,False
6,TOMATO,Gudmundsson A.,C,6.5,8.0,True,False
6,TOMATO,Gimenez,A,5.5,5.5,True,False
6,TOMATO,Soulè,A,6.0,6.0,True,False
6,TOMATO,Berardi,A,5.5,5.5,True,False
6,TOMATO,Martinez Jo.,P,,,False,True
6,TOMATO,Di Gennaro,P,,,False,True
6,TOMATO,Lucca,A,,,False,True
6,TOMATO,Addai,A,,,False,True
6,TOMATO,Bellanova,D,5.5,5.5,False,True
6,TOMATO,Carlos Augusto,D,,,False,True
6,TOMATO,Cuadrado,D,7.0,9.0,False,True
6,TOMATO,Coulibaly W.,D,,,False,True
6,TOMATO,Odgaard,C,,,False,True
6,TOMATO,Asllani,C,5.0,5.0,False,True
6,TOMATO,Frattesi,C,6.0,6.0,False,True
6,TOMATO,Tramoni M.,C,5.0,5.0,False,True
6,TOMATO,Heggem,D,6.0,6.0,False,True
6,TOMATO,Rodriguez Je.,A,,,False,True
6,TEAM YANGTUO,Svilar,P,6.5,7.5,True,False
6,TEAM YANGTUO,Frese,D,,,False,False
6,TEAM YANGTUO,Vojvoda,D,6.0,6.0,True,False
6,TEAM YANGTUO,Ranieri L.,D,5.5,5.5,True,False
6,TEAM YANGTUO,Lazaro,D,6.5,7.5,True,False
6,TEAM YANGTUO,Folorunsho,C,5.5,5.5,True,False
6,TEAM YANGTUO,Politano,C,6.0,6.0,True,False
6,TEAM YANGTUO,De Bruyne,C,7.0,9.0,True,False
6,TEAM YANGTUO,Vlasic,C,5.5,5.0,True,False
6,TEAM YANGTUO,Giovane,A,7.0,9.0,True,False
6,TEAM YANGTUO,Yildiz,A,6.0,6.0,True,False
6,TEAM YANGTUO,Gollini,P,,,False,True
6,TEAM YANGTUO,Vasquez D.,P,,,False,True
6,TEAM YANGTUO,Zortea,D,,,False,True
6,TEAM YANGTUO,Obert,D,6.0,6.5,True,True
6,TEAM YANGTUO,Ngonge,A,6.5,6.5,False,True
6,TEAM YANGTUO,Buksa,A,7.0,10.5,False,True
6,TEAM YANGTUO,Ekuban,A,5.5,5.5,False,True
6,TEAM YANGTUO,Ellertsson,C,5.5,5.5,False,True
6,TEAM YANGTUO,Stanciu,C,,,False,True
6,TEAM YANGTUO,Matic,C,5.5,5.5,False,True
6,TEAM YANGTUO,Gallo,D,5.5,5.5,False,True
6,VINCENZO,Carnesecchi,P,6.5,5.5,True,False
6,VINCENZO,Dodò,D,6.0,6.0,True,False
6,VINCENZO,Mancini,D,6.5,6.0,True,False
6,VINCENZO,Kalulu,D,6.0,6.0,True,False
6,VINCENZO,Delprato,D,6.0,6.0,True,False
6,VINCENZO,Zaccagni,C,6.0,6.0,True,False
6,VINCENZO,Locatelli,C,6.0,5.5,True,False
6,VINCENZO,Guendouzi,C,6.5,6.0,True,False
6,VINCENZO,Esposito F.P.,A,5.5,5.5,True,False
6,VINCENZO,Stulic,A,5.5,5.0,True,False
6,VINCENZO,Scamacca,A,6.0,5.5,True,False
6,VINCENZO,Sportiello,P,,,False,True
6,VINCENZO,Rossi F.,P,,,False,True
6,VINCENZO,Dia,A,6.0,6.0,False,True
6,VINCENZO,Miller L.,C,,,False,True
6,VINCENZO,Rowe,C,6.0,5.5,False,True
6,VINCENZO,Baturina,C,6.0,6.0,False,True
6,VINCENZO,Ndour,C,6.0,6.0,False,True
6,VINCENZO,Joao Mario,D,,,False,True
6,VINCENZO,Floriani Mussolini,D,5.5,5.0,False,True
6,VINCENZO,Angori,D,,,False,True
6,VINCENZO,Thuram,A,,,False,True
6,VINCENZO,Cancellieri,A,,,False,True
6,VINCENZO,Rovella,C,,,False,True
6,VINCENZO,Estupinan,D,,,False,True
6,TEAM HAIR FLICK,Butez,P,6.5,7.5,True,False
6,TEAM HAIR FLICK,Miranda J.,D,6.5,6.5,True,False
6,TEAM HAIR FLICK,Ramon,D,,,False,False
6,TEAM HAIR FLICK,Norton-Cuffy,D,6.0,6.0,True,False
6,TEAM HAIR FLICK,Bailey,C,6.0,6.0,True,False
6,TEAM HAIR FLICK,Thuram K.,C,5.5,5.5,True,False
6,TEAM HAIR FLICK,Casadei,C,5.5,5.0,True,False
6,TEAM HAIR FLICK,Berisha M.,C,6.5,9.5,True,False
6,TEAM HAIR FLICK,Ferguson E.,A,,,False,False
6,TEAM HAIR FLICK,Kean,A,7.0,10.0,True,False
6,TEAM HAIR FLICK,De Ketelaere,A,5.5,5.5,True,False
6,TEAM HAIR FLICK,Pellegrino M.,A,6.0,6.0,True,True
6,TEAM HAIR FLICK,Nkunku,A,5.5,5.5,False,True
6,TEAM HAIR FLICK,Moreo,A,6.0,6.0,False,True
6,TEAM HAIR FLICK,Carboni V.,C,,,False,True
6,TEAM HAIR FLICK,Zielinski,C,5.5,5.5,False,True
6,TEAM HAIR FLICK,Aebischer,C,6.0,5.5,False,True
6,TEAM HAIR FLICK,Bisseck,D,,,False,True
6,TEAM HAIR FLICK,Pezzella Giu.,D,,,False,True
6,TEAM HAIR FLICK,Pongracic,D,5.5,5.5,True,True
6,TEAM HAIR FLICK,Cavlina,P,,,False,True
6,TEAM HAIR FLICK,Vigorito,P,,,False,True
6,TEAM HAIR FLICK,Oristanio,C,,,False,True
6,TEAM HAIR FLICK,Mina,D,,,False,True
6,TEAM HAIR FLICK,Tavares N.,D,,,False,True
6,ASS ASS IN FC,Maignan,P,5.5,3.5,True,False
6,ASS ASS IN FC,Bartesaghi,D,6.0,6.0,True,False
6,ASS ASS IN FC,Tomori,D,,,False,False
6,ASS ASS IN FC,Gosens,D,5.0,4.5,True,False
6,ASS ASS IN FC,Pasalic,C,5.5,5.5,True,False
6,ASS ASS IN FC,Prati,C,5.0,5.0,True,False
6,ASS ASS IN FC,Barella,C,6.0,6.0,True,False
6,ASS ASS IN FC,Malinovskyi,C,6.5,6.5,True,False
6,ASS ASS IN FC,Leao,A,7.0,10.0,True,False
6,ASS ASS IN FC,Simeone,A,5.5,5.5,True,False
6,ASS ASS IN FC,Dybala,A,7.0,11.0,True,False
6,ASS ASS IN FC,Torriani,P,,,False,True
6,ASS ASS IN FC,Terracciano,P,,,False,True
6,ASS ASS IN FC,Biraghi,D,5.5,5.5,True,True
6,ASS ASS IN FC,Buongiorno,D,5.5,5.5,False,True
6,ASS ASS IN FC,Comuzzo,D,,,False,True
6,ASS ASS IN FC,Ghilardi,D,,,False,True
6,ASS ASS IN FC,Ziolkowski,D,,,False,True
6,ASS ASS IN FC,Zambo Anguissa,C,7.5,10.5,False,True
6,ASS ASS IN FC,Nicolussi Caviglia,C,5.5,5.5,False,True
6,ASS ASS IN FC,Volpato,C,5.5,5.0,False,True
6,ASS ASS IN FC,Adzic,C,,,False,True
6,ASS ASS IN FC,Davis K.,A,7.0,9.5,False,True
6,ASS ASS IN FC,Zapata D.,A,,,False,True
6,ASS ASS IN FC,Buffon L.,A,,,False,True
6,CHELSEA,Provedel,P,6.0,7.0,True,False
6,CHELSEA,Terracciano F.,D,7.0,7.0,True,False
6,CHELSEA,Luperto,D,,,False,False
6,CHELSEA,Circati,D,6.5,6.5,True,False
6,CHELSEA,Rensch,D,,,False,False
6,CHELSEA,Konè M.,C,6.5,6.5,True,False
6,CHELSEA,Calhanoglu,C,7.0,9.0,True,False
6,CHELSEA,Zalewski,C,6.0,6.0,True,False
6,CHELSEA,Esposito Se.,A,,,False,False
6,CHELSEA,Martinez L.,A,5.0,5.0,True,False
6,CHELSEA,Bonny,A,5.5,5.5,True,False
6,CHELSEA,Mandas,P,,,False,True
6,CHELSEA,Furlanetto,P,,,False,True
6,CHELSEA,Hermoso,D,6.0,5.5,True,True
6,CHELSEA,Martin,D,,,False,True
6,CHELSEA,Scalvini,D,,,False,True
6,CHELSEA,Valeri,D,,,False,True
6,CHELSEA,Ederson D.S.,C,6.5,6.5,False,True
6,CHELSEA,Masini,C,5.5,5.5,False,True
6,CHELSEA,El Shaarawy,C,,,False,True
6,CHELSEA,Hojholt,C,,,False,True
6,CHELSEA,Onana J.,C,5.5,5.5,False,True
6,CHELSEA,Dzeko,A,5.5,5.0,True,True
6,CHELSEA,Colombo,A,,,False,True
6,CHELSEA,Hojlund,A,,,False,True
6,TEAM WOLFLING,Di Gregorio,P,,,False,False
6,TEAM WOLFLING,Pavlovic,D,6.0,6.0,True,False
6,TEAM WOLFLING,Bastoni,D,6.0,5.5,True,False
6,TEAM WOLFLING,Smolcic I.,D,5.5,5.5,True,False
6,TEAM WOLFLING,Tiago Gabriel,D,5.5,5.5,True,False
6,TEAM WOLFLING,Dumfries,D,5.5,5.5,True,False
6,TEAM WOLFLING,McTominay,C,7.0,11.0,True,False
6,TEAM WOLFLING,Gaetano,C,5.5,5.5,True,False
6,TEAM WOLFLING,Mandragora,C,5.5,5.5,True,False
6,TEAM WOLFLING,Pinamonti,A,5.0,5.0,True,False
6,TEAM WOLFLING,Bonazzoli,A,,,False,False
6,TEAM WOLFLING,Perin,P,6.0,5.0,True,True
6,TEAM WOLFLING,Pinsoglio,P,,,False,True
6,TEAM WOLFLING,Baschirotto,D,6.5,6.5,False,True
6,TEAM WOLFLING,Lovik,D,,,False,True
6,TEAM WOLFLING,Bernede,C,6.5,6.5,False,True
6,TEAM WOLFLING,Kaba,C,,,False,True
6,TEAM WOLFLING,Rog,C,,,False,True
6,TEAM WOLFLING,Ekhator,A,6.0,5.5,True,True
6,TEAM WOLFLING,Sanabria,A,6.0,6.0,False,True
6,TEAM WOLFLING,Milik,A,,,False,True
6,TEAM WOLFLING,Pavoletti,A,6.5,6.5,False,True
6,PAUL POGSHAO,Skorupski,P,7.0,5.0,True,False
6,PAUL POGSHAO,Dimarco,D,6.0,6.0,True,False
6,PAUL POGSHAO,Kempf,D,6.0,6.0,True,False
6,PAUL POGSHAO,Di Lorenzo,D,6.5,6.0,True,False
6,PAUL POGSHAO,Wesley,D,6.0,6.0,True,False
6,PAUL POGSHAO,Paz N.,C,5.5,5.5,True,False
6,PAUL POGSHAO,Cristante,C,6.5,6.5,True,False
6,PAUL POGSHAO,El Aynaoui,C,6.0,6.0,True,False
6,PAUL POGSHAO,Vardy,A,7.0,9.5,True,False
6,PAUL POGSHAO,Morata,A,5.5,5.5,True,False
6,PAUL POGSHAO,Cambiaghi,A,7.0,10.0,True,False
6,PAUL POGSHAO,Ravaglia F.,P,,,False,True
6,PAUL POGSHAO,Pessina Mas.,P,,,False,True
6,PAUL POGSHAO,Akanji,D,5.0,5.0,False,True
6,PAUL POGSHAO,Cambiaso,D,6.0,6.0,False,True
6,PAUL POGSHAO,Canestrelli,D,6.0,6.0,False,True
6,PAUL POGSHAO,Coppola F.,D,,,False,True
6,PAUL POGSHAO,Koopmeiners,C,6.0,5.5,False,True
6,PAUL POGSHAO,Bondo,C,,,False,True
6,PAUL POGSHAO,Perrone,C,6.0,6.0,False,True
6,PAUL POGSHAO,Sucic P.,C,6.0,6.0,False,True
6,PAUL POGSHAO,Vural,C,6.0,5.5,False,True
6,PAUL POGSHAO,Piccoli,A,,,False,True
6,PAUL POGSHAO,Laurientè,A,,,False,True
6,PAUL POGSHAO,Moro L.,A,,,False,True
6,TEAM GLIDER,De Gea,P,6.0,4.0,True,False
6,TEAM GLIDER,Gatti,D,5.5,5.5,True,False
6,TEAM GLIDER,Ehizibue,D,,,False,False
6,TEAM GLIDER,N'Dicka,D,6.0,6.0,True,False
6,TEAM GLIDER,Zerbin,C,6.5,6.5,True,False
6,TEAM GLIDER,Orsolini,C,6.0,6.0,True,False
6,TEAM GLIDER,Da Cunha,C,6.0,6.0,True,False
6,TEAM GLIDER,Isaksen,C,7.0,7.0,True,False
6,TEAM GLIDER,Douvikas,A,6.0,6.0,True,False
6,TEAM GLIDER,David,A,5.0,5.0,True,False
6,TEAM GLIDER,Castro S.,A,7.0,10.0,True,False
6,TEAM GLIDER,Martinelli T.,P,,,False,True
6,TEAM GLIDER,Lezzerini,P,,,False,True
6,TEAM GLIDER,Veiga D.,D,5.0,5.0,True,True
6,TEAM GLIDER,Bremer,D,,,False,True
6,TEAM GLIDER,Juan Jesus,D,6.5,6.5,False,True
6,TEAM GLIDER,Rrahmani,D,,,False,True
6,TEAM GLIDER,Esteves T.,D,,,False,True
6,TEAM GLIDER,Loftus-Cheek,C,,,False,True
6,TEAM GLIDER,Leris,C,,,False,True
6,TEAM GLIDER,Tourè I.,C,6.0,6.0,False,True
6,TEAM GLIDER,Ilkhan,C,,,False,True
6,TEAM GLIDER,Openda,A,6.0,6.0,False,True
6,TEAM GLIDER,Benedyczak,A,6.0,6.0,False,True
6,TEAM GLIDER,Meister,A,5.5,5.5,False,True
7,TEAM GLIDER,De Gea,P,7.5,4.5,True,False
7,TEAM GLIDER,Gatti,D,7.0,11.0,True,False
7,TEAM GLIDER,Juan Jesus,D,5.0,5.0,True,False
7,TEAM GLIDER,N'Dicka,D,6.0,6.0,True,False
7,TEAM GLIDER,Zerbin,C,,,False,False
7,TEAM GLIDER,Orsolini,C,5.5,5.5,True,False
7,TEAM GLIDER,Da Cunha,C,6.5,6.5,True,False
7,TEAM GLIDER,Isaksen,C,5.5,5.5,True,False
7,TEAM GLIDER,Douvikas,A,7.0,10.0,True,False
7,TEAM GLIDER,David,A,6.0,6.0,True,False
7,TEAM GLIDER,Castro S.,A,5.5,5.5,True,False
7,TEAM GLIDER,Martinelli T.,P,,,False,True
7,TEAM GLIDER,Lezzerini,P,,,False,True
7,TEAM GLIDER,Rrahmani,D,,,False,True
7,TEAM GLIDER,Ehizibue,D,6.0,6.0,False,True
7,TEAM GLIDER,Veiga D.,D,6.5,6.5,False,True
7,TEAM GLIDER,Bremer,D,,,False,True
7,TEAM GLIDER,Esteves T.,D,,,False,True
7,TEAM GLIDER,Loftus-Cheek,C,6.0,6.0,True,True
7,TEAM GLIDER,Leris,C,5.5,5.5,False,True
7,TEAM GLIDER,Tourè I.,C,6.0,6.0,False,True
7,TEAM GLIDER,Ilkhan,C,,,False,True
7,TEAM GLIDER,Openda,A,6.0,6.0,False,True
7,TEAM GLIDER,Benedyczak,A,6.5,7.5,False,True
7,TEAM GLIDER,Meister,A,,,False,True
7,ASS ASS IN FC,Maignan,P,6.5,5.5,True,False
7,ASS ASS IN FC,Gosens,D,6.0,6.0,True,False
7,ASS ASS IN FC,Buongiorno,D,6.5,6.5,True,False
7,ASS ASS IN FC,Tomori,D,5.5,5.5,True,False
7,ASS ASS IN FC,Pasalic,C,7.0,8.0,True,False
7,ASS ASS IN FC,Zambo Anguissa,C,7.0,11.0,True,False
7,ASS ASS IN FC,Barella,C,6.5,7.5,True,False
7,ASS ASS IN FC,Malinovskyi,C,5.5,5.5,True,False
7,ASS ASS IN FC,Leao,A,5.5,5.5,True,False
7,ASS ASS IN FC,Davis K.,A,5.5,5.5,True,False
7,ASS ASS IN FC,Dybala,A,6.5,7.5,True,False
7,ASS ASS IN FC,Torriani,P,,,False,True
7,ASS ASS IN FC,Terracciano,P,,,False,True
7,ASS ASS IN FC,Bartesaghi,D,6.0,6.0,False,True
7,ASS ASS IN FC,Biraghi,D,,,False,True
7,ASS ASS IN FC,Comuzzo,D,5.0,5.0,False,True
7,ASS ASS IN FC,Ghilardi,D,,,False,True
7,ASS ASS IN FC,Ziolkowski,D,,,False,True
7,ASS ASS IN FC,Prati,C,6.0,6.0,False,True
7,ASS ASS IN FC,Nicolussi Caviglia,C,,,False,True
7,ASS ASS IN FC,Volpato,C,7.0,8.0,False,True
7,ASS ASS IN FC,Adzic,C,,,False,True
7,ASS ASS IN FC,Simeone,A,5.5,5.5,False,True
7,ASS ASS IN FC,Zapata D.,A,,,False,True
7,ASS ASS IN FC,Buffon L.,A,,,False,True
7,TEAM WOLFLING,Di Gregorio,P,6.0,4.5,True,False
7,TEAM WOLFLING,Pavlovic,D,6.0,6.0,True,False
7,TEAM WOLFLING,Bastoni,D,6.5,6.5,True,False
7,TEAM WOLFLING,Smolcic I.,D,,,False,False
7,TEAM WOLFLING,Baschirotto,D,6.5,6.5,True,False
7,TEAM WOLFLING,Dumfries,D,6.0,6.0,True,False
7,TEAM WOLFLING,McTominay,C,6.0,6.0,True,False
7,TEAM WOLFLING,Gaetano,C,6.0,6.0,True,False
7,TEAM WOLFLING,Mandragora,C,5.5,5.5,True,False
7,TEAM WOLFLING,Pinamonti,A,7.0,11.0,True,False
7,TEAM WOLFLING,Bonazzoli,A,8.0,15.0,True,False
7,TEAM WOLFLING,Perin,P,,,False,True
7,TEAM WOLFLING,Lovik,D,,,False,True
7,TEAM WOLFLING,Bernede,C,5.0,5.0,False,True
7,TEAM WOLFLING,Kaba,C,,,False,True
7,TEAM WOLFLING,Rog,C,,,False,True
7,TEAM WOLFLING,Ekhator,A,5.0,5.0,False,True
7,TEAM WOLFLING,Milik,A,,,False,True
7,TEAM WOLFLING,Pavoletti,A,6.0,6.0,False,True
7,TEAM YANGTUO,Svilar,P,7.0,6.0,True,False
7,TEAM YANGTUO,Zortea,D,6.0,6.0,True,False
7,TEAM YANGTUO,Vojvoda,D,7.0,10.0,True,False
7,TEAM YANGTUO,Obert,D,5.0,4.5,True,False
7,TEAM YANGTUO,Frese,D,5.5,5.5,True,False
7,TEAM YANGTUO,Politano,C,5.5,5.5,True,False
7,TEAM YANGTUO,Folorunsho,C,5.5,5.0,True,False
7,TEAM YANGTUO,Vlasic,C,6.0,6.0,True,False
7,TEAM YANGTUO,Ngonge,A,5.5,5.5,True,False
7,TEAM YANGTUO,Giovane,A,6.0,6.0,True,False
7,TEAM YANGTUO,Yildiz,A,7.0,9.0,True,False
7,TEAM YANGTUO,Gollini,P,,,False,True
7,TEAM YANGTUO,Vasquez D.,P,,,False,True
7,TEAM YANGTUO,Ekuban,A,5.0,5.0,False,True
7,TEAM YANGTUO,Buksa,A,5.5,5.5,False,True
7,TEAM YANGTUO,Ellertsson,C,5.5,5.5,False,True
7,TEAM YANGTUO,Stanciu,C,,,False,True
7,TEAM YANGTUO,Matic,C,6.5,6.5,False,True
7,TEAM YANGTUO,Ranieri L.,D,,,False,True
7,TEAM YANGTUO,Lazaro,D,6.0,6.0,False,True
7,TEAM YANGTUO,Gallo,D,6.0,6.0,False,True
7,TOMATO,Sommer,P,6.0,7.0,True,False
7,TOMATO,Palestra,D,6.5,6.5,True,False
7,TOMATO,Cuadrado,D,6.5,6.0,True,False
7,TOMATO,Acerbi,D,,,False,False
7,TOMATO,Conceicao,C,,,False,False
7,TOMATO,Atta,C,6.0,6.0,True,False
7,TOMATO,Odgaard,C,5.5,5.0,True,False
7,TOMATO,Gudmundsson A.,C,5.5,5.5,True,False
7,TOMATO,Lucca,A,5.5,5.5,True,False
7,TOMATO,Soulè,A,6.0,6.0,True,False
7,TOMATO,Berardi,A,,,False,False
7,TOMATO,Martinez Jo.,P,,,False,True
7,TOMATO,Di Gennaro,P,,,False,True
7,TOMATO,Bellanova,D,6.0,6.0,True,True
7,TOMATO,Carlos Augusto,D,,,False,True
7,TOMATO,Coulibaly W.,D,6.0,6.0,False,True
7,TOMATO,Asllani,C,,,False,True
7,TOMATO,Frattesi,C,,,False,True
7,TOMATO,Tramoni M.,C,5.5,5.5,True,True
7,TOMATO,Heggem,D,,,False,True
7,TOMATO,Rodriguez Je.,A,6.5,7.5,True,True
7,TOMATO,Gimenez,A,5.0,4.5,False,True
7,TOMATO,Addai,A,,,False,True
7,TOMATO,Solet,D,6.0,6.0,False,True
7,PAUL POGSHAO,Skorupski,P,6.0,7.0,True,False
7,PAUL POGSHAO,Dimarco,D,6.5,6.5,True,False
7,PAUL POGSHAO,Cambiaso,D,6.5,7.5,True,False
7,PAUL POGSHAO,Di Lorenzo,D,6.0,6.0,True,False
7,PAUL POGSHAO,Wesley,D,6.0,6.0,True,False
7,PAUL POGSHAO,Paz N.,C,6.0,5.5,True,False
7,PAUL POGSHAO,Cristante,C,6.5,6.5,True,False
7,PAUL POGSHAO,Koopmeiners,C,,,False,False
7,PAUL POGSHAO,Vardy,A,6.0,6.0,True,False
7,PAUL POGSHAO,Morata,A,,,False,False
7,PAUL POGSHAO,Cambiaghi,A,5.5,5.5,True,False
7,PAUL POGSHAO,Ravaglia F.,P,,,False,True
7,PAUL POGSHAO,Pessina Mas.,P,,,False,True
7,PAUL POGSHAO,Kempf,D,,,False,True
7,PAUL POGSHAO,Akanji,D,7.0,7.0,False,True
7,PAUL POGSHAO,Canestrelli,D,6.0,6.0,False,True
7,PAUL POGSHAO,Coppola F.,D,,,False,True
7,PAUL POGSHAO,El Aynaoui,C,6.0,6.0,True,True
7,PAUL POGSHAO,Bondo,C,6.5,6.5,False,True
7,PAUL POGSHAO,Perrone,C,,,False,True
7,PAUL POGSHAO,Sucic P.,C,7.0,10.0,False,True
7,PAUL POGSHAO,Vural,C,,,False,True
7,PAUL POGSHAO,Laurientè,A,7.0,10.0,True,True
7,PAUL POGSHAO,Piccoli,A,,,False,True
7,PAUL POGSHAO,Moro L.,A,6.0,6.0,False,True
7,VINCENZO,Carnesecchi,P,6.0,5.0,True,False
7,VINCENZO,Floriani Mussolini,D,6.0,6.0,True,False
7,VINCENZO,Mancini,D,6.5,6.5,True,False
7,VINCENZO,Kalulu,D,6.5,6.5,True,False
7,VINCENZO,Joao Mario,D,,,False,False
7,VINCENZO,Zaccagni,C,6.0,6.0,True,False
7,VINCENZO,Locatelli,C,6.0,6.0,True,False
7,VINCENZO,Guendouzi,C,6.0,5.5,True,False
7,VINCENZO,Esposito F.P.,A,6.0,5.5,True,False
7,VINCENZO,Dia,A,5.5,5.5,True,False
7,VINCENZO,Scamacca,A,,,False,False
7,VINCENZO,Sportiello,P,,,False,True
7,VINCENZO,Rossi F.,P,,,False,True
7,VINCENZO,Stulic,A,5.5,5.5,True,True
7,VINCENZO,Rowe,C,,,False,True
7,VINCENZO,Baturina,C,,,False,True
7,VINCENZO,Miller L.,C,6.0,5.5,False,True
7,VINCENZO,Ndour,C,5.5,5.5,False,True
7,VINCENZO,Dodò,D,5.5,5.5,True,True
7,VINCENZO,Delprato,D,5.5,5.0,False,True
7,VINCENZO,Angori,D,6.5,6.5,False,True
7,VINCENZO,Thuram,A,,,False,True
7,VINCENZO,Cancellieri,A,,,False,True
7,VINCENZO,Rovella,C,,,False,True
7,VINCENZO,Estupinan,D,,,False,True
7,BOBOTOTTI,Meret,P,,,False,False
7,BOBOTOTTI,Kristensen T.,D,,,False,False
7,BOBOTOTTI,Vasquez,D,6.0,6.0,True,False
7,BOBOTOTTI,Gabbia,D,6.0,5.5,True,False
7,BOBOTOTTI,Vazquez,C,6.0,6.0,True,False
7,BOBOTOTTI,Zhegrova,C,,,False,False
7,BOBOTOTTI,Modric,C,6.0,5.5,True,False
7,BOBOTOTTI,Saelemaekers,C,5.5,5.5,True,False
7,BOBOTOTTI,Vlahovic,A,7.0,9.0,True,False
7,BOBOTOTTI,Lookman,A,7.0,11.0,True,False
7,BOBOTOTTI,Krstovic,A,,,False,False
7,BOBOTOTTI,Sava,P,,,False,True
7,BOBOTOTTI,Falcone,P,6.0,5.0,True,True
7,BOBOTOTTI,Gutierrez,D,,,False,True
7,BOBOTOTTI,Valle,D,6.5,7.5,True,True
7,BOBOTOTTI,Tsimikas,D,,,False,True
7,BOBOTOTTI,Coco,D,7.0,7.0,False,True
7,BOBOTOTTI,Zanoli,D,6.0,6.0,False,True
7,BOBOTOTTI,Pellegrini Lo.,C,,,False,True
7,BOBOTOTTI,Maldini,C,,,False,True
7,BOBOTOTTI,Bernabè,C,5.0,5.0,True,True
7,BOBOTOTTI,Frendrup,C,5.5,5.5,False,True
7,BOBOTOTTI,Dovbyk,A,7.0,11.0,True,True
7,BOBOTOTTI,Lang,A,6.5,6.5,False,True
7,BOBOTOTTI,Cutrone,A,5.5,5.5,False,True
7,CHELSEA,Provedel,P,6.5,7.5,True,False
7,CHELSEA,Terracciano F.,D,6.5,6.5,True,False
7,CHELSEA,Luperto,D,,,False,False
7,CHELSEA,Circati,D,7.0,10.0,True,False
7,CHELSEA,Konè M.,C,7.0,7.0,True,False
7,CHELSEA,Calhanoglu,C,8.0,14.0,True,False
7,CHELSEA,Zalewski,C,,,False,False
7,CHELSEA,Ederson D.S.,C,6.0,6.0,True,False
7,CHELSEA,Hojlund,A,5.5,5.5,True,False
7,CHELSEA,Martinez L.,A,6.0,7.0,True,False
7,CHELSEA,Bonny,A,6.5,6.5,True,False
7,CHELSEA,Mandas,P,,,False,True
7,CHELSEA,Furlanetto,P,,,False,True
7,CHELSEA,Rensch,D,5.5,5.5,True,True
7,CHELSEA,Hermoso,D,7.0,10.0,False,True
7,CHELSEA,Martin,D,6.0,6.0,False,True
7,CHELSEA,Scalvini,D,,,False,True
7,CHELSEA,Valeri,D,,,False,True
7,CHELSEA,Masini,C,6.0,6.0,True,True
7,CHELSEA,El Shaarawy,C,,,False,True
7,CHELSEA,Hojholt,C,,,False,True
7,CHELSEA,Onana J.,C,,,False,True
7,CHELSEA,Dzeko,A,6.0,6.0,False,True
7,CHELSEA,Esposito Se.,A,7.0,10.0,False,True
7,CHELSEA,Colombo,A,5.5,5.5,False,True
7,TEAM HAIR FLICK,Butez,P,5.5,4.5,True,False
7,TEAM HAIR FLICK,Miranda J.,D,,,False,False
7,TEAM HAIR FLICK,Ramon,D,6.5,6.5,True,False
7,TEAM HAIR FLICK,Norton-Cuffy,D,5.5,5.5,True,False
7,TEAM HAIR FLICK,Bailey,C,5.5,5.5,True,False
7,TEAM HAIR FLICK,Thuram K.,C,,,False,False
7,TEAM HAIR FLICK,Casadei,C,6.5,6.5,True,False
7,TEAM HAIR FLICK,Zielinski,C,,,False,False
7,TEAM HAIR FLICK,Kean,A,5.5,5.5,True,False
7,TEAM HAIR FLICK,Ferguson E.,A,,,False,False
7,TEAM HAIR FLICK,De Ketelaere,A,6.0,6.0,True,False
7,TEAM HAIR FLICK,Pellegrino M.,A,6.0,5.5,True,True
7,TEAM HAIR FLICK,Nkunku,A,5.5,5.5,False,True
7,TEAM HAIR FLICK,Moreo,A,6.5,6.5,False,True
7,TEAM HAIR FLICK,Carboni V.,C,5.5,5.0,True,True
7,TEAM HAIR FLICK,Berisha M.,C,6.0,6.0,True,True
7,TEAM HAIR FLICK,Aebischer,C,6.0,6.0,False,True
7,TEAM HAIR FLICK,Bisseck,D,6.5,6.5,True,True
7,TEAM HAIR FLICK,Mina,D,,,False,True
7,TEAM HAIR FLICK,Pongracic,D,,,False,True
7,TEAM HAIR FLICK,Cavlina,P,,,False,True
7,TEAM HAIR FLICK,Vigorito,P,,,False,True
7,TEAM HAIR FLICK,Oristanio,C,,,False,True
7,TEAM HAIR FLICK,Pezzella Giu.,D,,,False,True
7,TEAM HAIR FLICK,Tavares N.,D,,,False,True
8,TEAM GLIDER,De Gea,P,6.0,5.0,True,False
8,TEAM GLIDER,Gatti,D,5.0,5.0,True,False
8,TEAM GLIDER,Rrahmani,D,6.5,6.5,True,False
8,TEAM GLIDER,N'Dicka,D,5.5,5.5,True,False
8,TEAM GLIDER,Tourè I.,C,6.0,6.0,True,False
8,TEAM GLIDER,Orsolini,C,6.0,6.0,True,False
8,TEAM GLIDER,Da Cunha,C,6.0,6.0,True,False
8,TEAM GLIDER,Isaksen,C,7.0,11.0,True,False
8,TEAM GLIDER,Douvikas,A,,,False,False
8,TEAM GLIDER,Openda,A,6.0,6.0,True,False
8,TEAM GLIDER,Castro S.,A,7.5,14.0,True,False
8,TEAM GLIDER,Martinelli T.,P,,,False,True
8,TEAM GLIDER,Lezzerini,P,,,False,True
8,TEAM GLIDER,Juan Jesus,D,,,False,True
8,TEAM GLIDER,Ehizibue,D,6.0,6.0,False,True
8,TEAM GLIDER,Veiga D.,D,6.0,5.5,False,True
8,TEAM GLIDER,Bremer,D,,,False,True
8,TEAM GLIDER,Esteves T.,D,,,False,True
8,TEAM GLIDER,Loftus-Cheek,C,,,False,True
8,TEAM GLIDER,Leris,C,6.5,7.5,False,True
8,TEAM GLIDER,Ilkhan,C,,,False,True
8,TEAM GLIDER,David,A,,,False,True
8,TEAM GLIDER,Benedyczak,A,6.0,6.0,True,True
8,TEAM GLIDER,Meister,A,5.5,5.5,False,True
8,TEAM GLIDER,Zerbin,C,,,False,True
8,TEAM HAIR FLICK,Butez,P,6.0,7.0,True,False
8,TEAM HAIR FLICK,Miranda J.,D,7.0,10.0,True,False
8,TEAM HAIR FLICK,Ramon,D,6.5,6.5,True,False
8,TEAM HAIR FLICK,Norton-Cuffy,D,7.0,7.0,True,False
8,TEAM HAIR FLICK,Carboni V.,C,,,False,False
8,TEAM HAIR FLICK,Berisha M.,C,7.0,11.0,True,False
8,TEAM HAIR FLICK,Casadei,C,5.5,5.0,True,False
8,TEAM HAIR FLICK,Bailey,C,5.5,5.5,True,False
8,TEAM HAIR FLICK,Nkunku,A,5.5,5.5,True,False
8,TEAM HAIR FLICK,Kean,A,5.0,4.5,True,False
8,TEAM HAIR FLICK,Pellegrino M.,A,6.0,6.0,True,False
8,TEAM HAIR FLICK,De Ketelaere,A,5.5,5.0,False,True
8,TEAM HAIR FLICK,Moreo,A,7.5,12.5,False,True
8,TEAM HAIR FLICK,Zielinski,C,7.0,10.0,True,True
8,TEAM HAIR FLICK,Thuram K.,C,6.0,6.0,False,True
8,TEAM HAIR FLICK,Aebischer,C,6.0,6.0,False,True
8,TEAM HAIR FLICK,Bisseck,D,6.0,5.5,False,True
8,TEAM HAIR FLICK,Tavares N.,D,,,False,True
8,TEAM HAIR FLICK,Pongracic,D,5.5,5.5,False,True
8,TEAM HAIR FLICK,Mina,D,5.5,5.5,False,True
8,TEAM HAIR FLICK,Cavlina,P,,,False,True
8,TEAM HAIR FLICK,Vigorito,P,,,False,True
8,TEAM HAIR FLICK,Ferguson E.,A,,,False,True
8,TEAM HAIR FLICK,Oristanio,C,,,False,True
8,TEAM HAIR FLICK,Pezzella Giu.,D,,,False,True
8,ASS ASS IN FC,Maignan,P,7.0,10.0,True,False
8,ASS ASS IN FC,Bartesaghi,D,6.0,6.0,True,False
8,ASS ASS IN FC,Buongiorno,D,6.0,6.0,True,False
8,ASS ASS IN FC,Biraghi,D,6.0,6.0,True,False
8,ASS ASS IN FC,Pasalic,C,5.5,5.5,True,False
8,ASS ASS IN FC,Zambo Anguissa,C,6.0,5.5,True,False
8,ASS ASS IN FC,Barella,C,6.5,6.5,True,False
8,ASS ASS IN FC,Volpato,C,,,False,False
8,ASS ASS IN FC,Leao,A,6.5,7.5,True,False
8,ASS ASS IN FC,Simeone,A,6.5,9.5,True,False
8,ASS ASS IN FC,Dybala,A,5.0,3.0,True,False
8,ASS ASS IN FC,Torriani,P,,,False,True
8,ASS ASS IN FC,Terracciano,P,,,False,True
8,ASS ASS IN FC,Gosens,D,,,False,True
8,ASS ASS IN FC,Comuzzo,D,5.5,5.5,False,True
8,ASS ASS IN FC,Tomori,D,,,False,True
8,ASS ASS IN FC,Ghilardi,D,,,False,True
8,ASS ASS IN FC,Ziolkowski,D,,,False,True
8,ASS ASS IN FC,Malinovskyi,C,7.0,9.5,True,True
8,ASS ASS IN FC,Nicolussi Caviglia,C,5.0,4.5,False,True
8,ASS ASS IN FC,Prati,C,5.0,5.0,False,True
8,ASS ASS IN FC,Adzic,C,,,False,True
8,ASS ASS IN FC,Zapata D.,A,5.5,5.5,False,True
8,ASS ASS IN FC,Buffon L.,A,,,False,True
8,ASS ASS IN FC,Davis K.,A,,,False,True
8,TOMATO,Sommer,P,5.5,4.5,True,False
8,TOMATO,Palestra,D,6.0,6.0,True,False
8,TOMATO,Cuadrado,D,,,False,False
8,TOMATO,Carlos Augusto,D,6.0,6.0,True,False
8,TOMATO,Solet,D,6.5,6.5,True,False
8,TOMATO,Odgaard,C,6.0,6.0,True,False
8,TOMATO,Atta,C,7.0,7.0,True,False
8,TOMATO,Gudmundsson A.,C,5.5,5.5,True,False
8,TOMATO,Asllani,C,,,False,False
8,TOMATO,Berardi,A,7.0,10.0,True,False
8,TOMATO,Soulè,A,6.0,6.0,True,False
8,TOMATO,Martinez Jo.,P,,,False,True
8,TOMATO,Di Gennaro,P,,,False,True
8,TOMATO,Bellanova,D,6.0,6.0,True,True
8,TOMATO,Coulibaly W.,D,5.5,5.5,False,True
8,TOMATO,Conceicao,C,6.0,6.0,True,True
8,TOMATO,Frattesi,C,,,False,True
8,TOMATO,Tramoni M.,C,,,False,True
8,TOMATO,Heggem,D,6.0,6.0,False,True
8,TOMATO,Rodriguez Je.,A,,,False,True
8,TOMATO,Gimenez,A,,,False,True
8,TOMATO,Addai,A,6.0,6.0,False,True
8,TOMATO,Lucca,A,,,False,True
8,TOMATO,Acerbi,D,,,False,True
8,BOBOTOTTI,Meret,P,,,False,False
8,BOBOTOTTI,Kristensen T.,D,,,False,False
8,BOBOTOTTI,Vasquez,D,6.5,6.5,True,False
8,BOBOTOTTI,Gabbia,D,6.5,6.5,True,False
8,BOBOTOTTI,Vazquez,C,6.5,6.5,True,False
8,BOBOTOTTI,Zhegrova,C,,,False,False
8,BOBOTOTTI,Modric,C,6.5,6.5,True,False
8,BOBOTOTTI,Saelemaekers,C,6.5,6.5,True,False
8,BOBOTOTTI,Vlahovic,A,6.5,6.5,True,False
8,BOBOTOTTI,Lookman,A,5.5,5.5,True,False
8,BOBOTOTTI,Krstovic,A,5.0,4.5,True,False
8,BOBOTOTTI,Sava,P,,,False,True
8,BOBOTOTTI,Falcone,P,7.0,8.0,True,True
8,BOBOTOTTI,Gutierrez,D,6.0,6.0,True,True
8,BOBOTOTTI,Valle,D,6.0,6.0,False,True
8,BOBOTOTTI,Tsimikas,D,,,False,True
8,BOBOTOTTI,Coco,D,6.0,6.0,False,True
8,BOBOTOTTI,Zanoli,D,6.5,6.5,False,True
8,BOBOTOTTI,Pellegrini Lo.,C,6.0,6.0,True,True
8,BOBOTOTTI,Maldini,C,,,False,True
8,BOBOTOTTI,Bernabè,C,7.0,10.0,False,True
8,BOBOTOTTI,Frendrup,C,6.0,6.0,False,True
8,BOBOTOTTI,Dovbyk,A,5.5,5.5,False,True
8,BOBOTOTTI,Lang,A,6.0,6.0,False,True
8,BOBOTOTTI,Cutrone,A,5.5,5.5,False,True
8,TEAM WOLFLING,Di Gregorio,P,6.0,5.0,True,False
8,TEAM WOLFLING,Dumfries,D,6.0,6.0,True,False
8,TEAM WOLFLING,Bastoni,D,5.5,5.5,True,False
8,TEAM WOLFLING,Tiago Gabriel,D,6.5,6.5,True,False
8,TEAM WOLFLING,Baschirotto,D,5.5,5.5,True,False
8,TEAM WOLFLING,Mandragora,C,5.0,5.0,True,False
8,TEAM WOLFLING,McTominay,C,6.5,6.5,True,False
8,TEAM WOLFLING,Gaetano,C,5.5,5.0,True,False
8,TEAM WOLFLING,Ekhator,A,,,False,False
8,TEAM WOLFLING,Pinamonti,A,5.5,5.5,True,False
8,TEAM WOLFLING,Bonazzoli,A,5.5,5.5,True,False
8,TEAM WOLFLING,Perin,P,,,False,True
8,TEAM WOLFLING,Pavlovic,D,7.5,11.5,False,True
8,TEAM WOLFLING,Smolcic I.,D,6.5,6.0,False,True
8,TEAM WOLFLING,Lovik,D,,,False,True
8,TEAM WOLFLING,Paz Y.,D,,,False,True
8,TEAM WOLFLING,Bernede,C,6.0,6.0,False,True
8,TEAM WOLFLING,Kaba,C,,,False,True
8,TEAM WOLFLING,Pavoletti,A,,,False,True
8,TEAM WOLFLING,Milik,A,,,False,True
8,TEAM YANGTUO,Svilar,P,7.0,6.0,True,False
8,TEAM YANGTUO,Ranieri L.,D,5.0,4.5,True,False
8,TEAM YANGTUO,Vojvoda,D,,,False,False
8,TEAM YANGTUO,Lazaro,D,6.0,6.0,True,False
8,TEAM YANGTUO,Ellertsson,C,6.0,6.0,True,False
8,TEAM YANGTUO,Politano,C,5.5,5.0,True,False
8,TEAM YANGTUO,Folorunsho,C,6.0,6.0,True,False
8,TEAM YANGTUO,Vlasic,C,5.5,5.5,True,False
8,TEAM YANGTUO,Ngonge,A,6.0,6.0,True,False
8,TEAM YANGTUO,Ekuban,A,6.0,6.0,True,False
8,TEAM YANGTUO,Buksa,A,6.5,6.5,True,False
8,TEAM YANGTUO,Gollini,P,,,False,True
8,TEAM YANGTUO,Vasquez D.,P,,,False,True
8,TEAM YANGTUO,Stanciu,C,,,False,True
8,TEAM YANGTUO,Matic,C,6.5,6.5,False,True
8,TEAM YANGTUO,Zortea,D,,,False,True
8,TEAM YANGTUO,Gallo,D,6.5,6.5,True,True
8,TEAM YANGTUO,Frese,D,5.5,3.5,False,True
8,TEAM YANGTUO,Giovane,A,7.0,10.0,False,True
8,CHELSEA,Provedel,P,6.0,7.0,True,False
8,CHELSEA,Terracciano F.,D,5.0,5.0,True,False
8,CHELSEA,Luperto,D,5.0,5.0,True,False
8,CHELSEA,Circati,D,5.5,5.5,True,False
8,CHELSEA,Konè M.,C,6.0,6.0,True,False
8,CHELSEA,Calhanoglu,C,7.0,8.0,True,False
8,CHELSEA,Zalewski,C,5.0,5.0,True,False
8,CHELSEA,Ederson D.S.,C,5.5,5.0,True,False
8,CHELSEA,Hojlund,A,5.5,5.5,True,False
8,CHELSEA,Martinez L.,A,5.5,5.5,True,False
8,CHELSEA,Bonny,A,5.5,5.5,True,False
8,CHELSEA,Mandas,P,,,False,True
8,CHELSEA,Furlanetto,P,,,False,True
8,CHELSEA,Hermoso,D,6.5,6.0,False,True
8,CHELSEA,Rensch,D,,,False,True
8,CHELSEA,Martin,D,6.5,7.5,False,True
8,CHELSEA,Scalvini,D,,,False,True
8,CHELSEA,Valeri,D,,,False,True
8,CHELSEA,Masini,C,6.0,5.5,False,True
8,CHELSEA,El Shaarawy,C,,,False,True
8,CHELSEA,Hojholt,C,6.0,5.5,False,True
8,CHELSEA,Onana J.,C,,,False,True
8,CHELSEA,Dzeko,A,5.0,5.0,False,True
8,CHELSEA,Esposito Se.,A,5.5,5.5,False,True
8,CHELSEA,Colombo,A,5.0,5.0,False,True
8,PAUL POGSHAO,Skorupski,P,6.0,5.0,True,False
8,PAUL POGSHAO,Dimarco,D,6.0,6.0,True,False
8,PAUL POGSHAO,Cambiaso,D,7.0,11.0,True,False
8,PAUL POGSHAO,Di Lorenzo,D,5.5,5.5,True,False
8,PAUL POGSHAO,Wesley,D,6.0,5.5,True,False
8,PAUL POGSHAO,Paz N.,C,5.5,5.5,True,False
8,PAUL POGSHAO,Cristante,C,6.0,6.0,True,False
8,PAUL POGSHAO,Sucic P.,C,5.5,5.5,True,False
8,PAUL POGSHAO,Laurientè,A,6.0,6.0,True,False
8,PAUL POGSHAO,Vardy,A,7.0,10.0,True,False
8,PAUL POGSHAO,Cambiaghi,A,6.5,7.0,True,False
8,PAUL POGSHAO,Ravaglia F.,P,,,False,True
8,PAUL POGSHAO,Pessina Mas.,P,,,False,True
8,PAUL POGSHAO,Kempf,D,,,False,True
8,PAUL POGSHAO,Akanji,D,6.0,6.0,False,True
8,PAUL POGSHAO,Canestrelli,D,5.0,5.0,False,True
8,PAUL POGSHAO,Coppola F.,D,,,False,True
8,PAUL POGSHAO,El Aynaoui,C,6.0,5.5,False,True
8,PAUL POGSHAO,Bondo,C,5.5,5.5,False,True
8,PAUL POGSHAO,Perrone,C,6.0,5.5,False,True
8,PAUL POGSHAO,Koopmeiners,C,6.0,6.0,False,True
8,PAUL POGSHAO,Vural,C,6.0,6.0,False,True
8,PAUL POGSHAO,Morata,A,5.0,3.0,False,True
8,PAUL POGSHAO,Piccoli,A,5.0,5.0,False,True
8,PAUL POGSHAO,Moro L.,A,,,False,True
8,VINCENZO,Carnesecchi,P,6.5,5.5,True,False
8,VINCENZO,Dodò,D,5.5,5.5,True,False
8,VINCENZO,Mancini,D,5.5,5.0,True,False
8,VINCENZO,Kalulu,D,6.5,6.5,True,False
8,VINCENZO,Estupinan,D,,,False,False
8,VINCENZO,Zaccagni,C,7.0,10.0,True,False
8,VINCENZO,Locatelli,C,7.0,7.0,True,False
8,VINCENZO,Guendouzi,C,7.0,7.5,True,False
8,VINCENZO,Esposito F.P.,A,6.0,6.0,True,False
8,VINCENZO,Scamacca,A,5.5,5.5,True,False
8,VINCENZO,Dia,A,5.0,5.0,True,False
8,VINCENZO,Sportiello,P,,,False,True
8,VINCENZO,Rossi F.,P,,,False,True
8,VINCENZO,Thuram,A,,,False,True
8,VINCENZO,Stulic,A,6.0,6.0,False,True
8,VINCENZO,Rowe,C,6.5,6.5,False,True
8,VINCENZO,Baturina,C,,,False,True
8,VINCENZO,Miller L.,C,,,False,True
8,VINCENZO,Ndour,C,4.5,4.5,False,True
8,VINCENZO,Joao Mario,D,,,False,True
8,VINCENZO,Delprato,D,5.5,5.5,True,True
8,VINCENZO,Angori,D,6.0,6.0,False,True
8,VINCENZO,Floriani Mussolini,D,5.5,5.5,False,True
8,VINCENZO,Cancellieri,A,,,False,True
8,VINCENZO,Rovella,C,,,False,True
9,TEAM WOLFLING,Di Gregorio,P,6.5,7.5,True,False
9,TEAM WOLFLING,Dumfries,D,5.5,5.0,True,False
9,TEAM WOLFLING,Bastoni,D,6.5,7.5,True,False
9,TEAM WOLFLING,Tiago Gabriel,D,6.5,6.5,True,False
9,TEAM WOLFLING,Baschirotto,D,5.5,5.5,True,False
9,TEAM WOLFLING,Pavlovic,D,5.5,5.5,True,False
9,TEAM WOLFLING,McTominay,C,5.5,5.5,True,False
9,TEAM WOLFLING,Pulisic,C,5.5,5.5,True,False
9,TEAM WOLFLING,Mandragora,C,5.5,5.5,True,False
9,TEAM WOLFLING,Bernede,C,5.5,5.5,True,False
9,TEAM WOLFLING,Bonazzoli,A,6.0,6.0,True,False
9,TEAM WOLFLING,Perin,P,,,False,True
9,TEAM WOLFLING,Smolcic I.,D,6.0,6.0,False,True
9,TEAM WOLFLING,Lovik,D,5.5,5.5,False,True
9,TEAM WOLFLING,Paz Y.,D,,,False,True
9,TEAM WOLFLING,Gaetano,C,6.0,6.0,False,True
9,TEAM WOLFLING,Marchwinski,C,,,False,True
9,TEAM WOLFLING,Kaba,C,,,False,True
9,TEAM WOLFLING,Pinamonti,A,7.5,10.5,False,True
9,TEAM WOLFLING,Ekhator,A,6.0,6.0,False,True
9,TEAM WOLFLING,Pavoletti,A,,,False,True
9,TEAM WOLFLING,Milik,A,,,False,True
9,PAUL POGSHAO,Skorupski,P,,,False,False
9,PAUL POGSHAO,Dimarco,D,7.0,8.0,True,False
9,PAUL POGSHAO,Cambiaso,D,5.5,5.5,True,False
9,PAUL POGSHAO,Di Lorenzo,D,5.0,5.0,True,False
9,PAUL POGSHAO,Wesley,D,6.0,6.0,True,False
9,PAUL POGSHAO,Paz N.,C,6.5,6.5,True,False
9,PAUL POGSHAO,Cristante,C,6.5,6.0,True,False
9,PAUL POGSHAO,Bondo,C,6.0,6.0,True,False
9,PAUL POGSHAO,Koopmeiners,C,6.0,6.0,True,False
9,PAUL POGSHAO,Vardy,A,5.5,5.5,True,False
9,PAUL POGSHAO,Morata,A,4.5,4.0,True,False
9,PAUL POGSHAO,Ravaglia F.,P,,,False,True
9,PAUL POGSHAO,Pessina Mas.,P,6.0,7.0,True,True
9,PAUL POGSHAO,Akanji,D,6.0,5.5,False,True
9,PAUL POGSHAO,Canestrelli,D,6.0,6.0,False,True
9,PAUL POGSHAO,Kempf,D,,,False,True
9,PAUL POGSHAO,Coppola F.,D,,,False,True
9,PAUL POGSHAO,El Aynaoui,C,6.0,6.0,False,True
9,PAUL POGSHAO,Sucic P.,C,6.0,5.5,False,True
9,PAUL POGSHAO,Perrone,C,5.5,5.0,False,True
9,PAUL POGSHAO,Vural,C,6.0,5.5,False,True
9,PAUL POGSHAO,Cambiaghi,A,7.0,8.0,False,True
9,PAUL POGSHAO,Laurientè,A,6.0,6.0,False,True
9,PAUL POGSHAO,Piccoli,A,7.0,10.0,False,True
9,PAUL POGSHAO,Moro L.,A,,,False,True
9,TOMATO,Sommer,P,6.0,7.0,True,False
9,TOMATO,Palestra,D,6.5,6.5,True,False
9,TOMATO,Cuadrado,D,6.0,6.0,True,False
9,TOMATO,Bellanova,D,5.0,5.0,True,False
9,TOMATO,Solet,D,5.5,5.5,True,False
9,TOMATO,Odgaard,C,6.0,6.0,True,False
9,TOMATO,Atta,C,5.5,5.5,True,False
9,TOMATO,Gudmundsson A.,C,7.0,9.0,True,False
9,TOMATO,Conceicao,C,6.0,6.0,True,False
9,TOMATO,Berardi,A,8.5,15.5,True,False
9,TOMATO,Soulè,A,6.0,6.0,True,False
9,TOMATO,Martinez Jo.,P,,,False,True
9,TOMATO,Di Gennaro,P,,,False,True
9,TOMATO,Carlos Augusto,D,6.5,6.5,False,True
9,TOMATO,Heggem,D,6.5,6.5,False,True
9,TOMATO,Acerbi,D,6.0,6.0,False,True
9,TOMATO,Coulibaly W.,D,,,False,True
9,TOMATO,Frattesi,C,,,False,True
9,TOMATO,Tramoni M.,C,6.5,7.5,False,True
9,TOMATO,Rodriguez Je.,A,6.0,6.0,False,True
9,TOMATO,Gimenez,A,,,False,True
9,TOMATO,Addai,A,6.0,5.5,False,True
9,TOMATO,Lucca,A,,,False,True
9,TOMATO,Asllani,C,6.0,5.5,False,True
9,TEAM GLIDER,De Gea,P,6.5,6.5,True,False
9,TEAM GLIDER,Gatti,D,6.0,6.0,True,False
9,TEAM GLIDER,Rrahmani,D,5.0,5.0,True,False
9,TEAM GLIDER,N'Dicka,D,6.0,6.0,True,False
9,TEAM GLIDER,Tourè I.,C,7.0,11.0,True,False
9,TEAM GLIDER,Orsolini,C,6.0,5.5,True,False
9,TEAM GLIDER,Loftus-Cheek,C,6.0,6.0,True,False
9,TEAM GLIDER,Isaksen,C,5.5,5.5,True,False
9,TEAM GLIDER,Douvikas,A,5.5,5.5,True,False
9,TEAM GLIDER,Openda,A,,,False,False
9,TEAM GLIDER,Castro S.,A,,,False,False
9,TEAM GLIDER,Martinelli T.,P,,,False,True
9,TEAM GLIDER,Lezzerini,P,,,False,True
9,TEAM GLIDER,Juan Jesus,D,,,False,True
9,TEAM GLIDER,Ehizibue,D,,,False,True
9,TEAM GLIDER,Veiga D.,D,6.0,6.0,False,True
9,TEAM GLIDER,Bremer,D,,,False,True
9,TEAM GLIDER,Esteves T.,D,,,False,True
9,TEAM GLIDER,Da Cunha,C,,,False,True
9,TEAM GLIDER,Leris,C,6.5,6.5,False,True
9,TEAM GLIDER,Ilkhan,C,,,False,True
9,TEAM GLIDER,David,A,5.5,5.5,True,True
9,TEAM GLIDER,Benedyczak,A,,,False,True
9,TEAM GLIDER,Meister,A,,,False,True
9,TEAM GLIDER,Zerbin,C,,,False,True
9,TEAM HAIR FLICK,Butez,P,6.5,7.5,True,False
9,TEAM HAIR FLICK,Miranda J.,D,6.5,6.5,True,False
9,TEAM HAIR FLICK,Ramon,D,6.5,6.5,True,False
9,TEAM HAIR FLICK,Bisseck,D,,,False,False
9,TEAM HAIR FLICK,Norton-Cuffy,D,6.0,6.0,True,False
9,TEAM HAIR FLICK,Thuram K.,C,6.5,6.5,True,False
9,TEAM HAIR FLICK,Zielinski,C,6.5,6.5,True,False
9,TEAM HAIR FLICK,Berisha M.,C,6.0,6.0,True,False
9,TEAM HAIR FLICK,Kean,A,,,False,False
9,TEAM HAIR FLICK,Nkunku,A,6.0,7.0,True,False
9,TEAM HAIR FLICK,De Ketelaere,A,5.5,5.5,True,False
9,TEAM HAIR FLICK,Pellegrino M.,A,6.5,6.5,True,True
9,TEAM HAIR FLICK,Moreo,A,5.5,5.5,False,True
9,TEAM HAIR FLICK,Carboni V.,C,6.0,6.0,False,True
9,TEAM HAIR FLICK,Casadei,C,6.0,6.0,False,True
9,TEAM HAIR FLICK,Aebischer,C,6.0,5.5,False,True
9,TEAM HAIR FLICK,Pongracic,D,5.5,5.0,True,True
9,TEAM HAIR FLICK,Tavares N.,D,,,False,True
9,TEAM HAIR FLICK,Mina,D,7.0,7.0,False,True
9,TEAM HAIR FLICK,Cavlina,P,,,False,True
9,TEAM HAIR FLICK,Vigorito,P,,,False,True
9,TEAM HAIR FLICK,Ferguson E.,A,,,False,True
9,TEAM HAIR FLICK,Bailey,C,,,False,True
9,TEAM HAIR FLICK,Oristanio,C,,,False,True
9,TEAM HAIR FLICK,Pezzella Giu.,D,,,False,True
9,TEAM YANGTUO,Svilar,P,6.5,7.5,True,False
9,TEAM YANGTUO,Gallo,D,7.0,7.0,True,False
9,TEAM YANGTUO,Ranieri L.,D,5.0,4.5,True,False
9,TEAM YANGTUO,Zortea,D,,,False,False
9,TEAM YANGTUO,Vojvoda,D,,,False,False
9,TEAM YANGTUO,Politano,C,5.0,5.0,True,False
9,TEAM YANGTUO,Folorunsho,C,5.5,5.5,True,False
9,TEAM YANGTUO,Vlasic,C,6.0,6.0,True,False
9,TEAM YANGTUO,Yildiz,A,6.0,6.0,True,False
9,TEAM YANGTUO,Ekuban,A,,,False,False
9,TEAM YANGTUO,Giovane,A,5.5,5.5,True,False
9,TEAM YANGTUO,Gollini,P,,,False,True
9,TEAM YANGTUO,Vasquez D.,P,,,False,True
9,TEAM YANGTUO,Stanciu,C,,,False,True
9,TEAM YANGTUO,Ellertsson,C,5.5,5.0,False,True
9,TEAM YANGTUO,Matic,C,7.0,7.0,False,True
9,TEAM YANGTUO,Frese,D,6.0,5.5,True,True
9,TEAM YANGTUO,Obert,D,5.5,5.5,True,True
9,TEAM YANGTUO,Lazaro,D,6.0,6.0,False,True
9,TEAM YANGTUO,Ngonge,A,6.0,6.0,True,True
9,TEAM YANGTUO,Buksa,A,5.5,5.5,False,True
9,VINCENZO,Carnesecchi,P,5.0,2.0,True,False
9,VINCENZO,Estupinan,D,5.0,5.0,True,False
9,VINCENZO,Mancini,D,6.5,7.5,True,False
9,VINCENZO,Kalulu,D,6.5,6.5,True,False
9,VINCENZO,Dodò,D,5.5,5.0,True,False
9,VINCENZO,Zaccagni,C,6.5,6.0,True,False
9,VINCENZO,Locatelli,C,6.0,6.0,True,False
9,VINCENZO,Guendouzi,C,5.5,5.5,True,False
9,VINCENZO,Scamacca,A,5.5,5.5,True,False
9,VINCENZO,Thuram,A,6.0,6.0,True,False
9,VINCENZO,Esposito F.P.,A,,,False,False
9,VINCENZO,Sportiello,P,,,False,True
9,VINCENZO,Rossi F.,P,,,False,True
9,VINCENZO,Dia,A,5.5,5.5,True,True
9,VINCENZO,Stulic,A,5.5,5.5,False,True
9,VINCENZO,Rowe,C,6.0,6.0,False,True
9,VINCENZO,Baturina,C,5.5,5.5,False,True
9,VINCENZO,Ndour,C,6.0,6.0,False,True
9,VINCENZO,Joao Mario,D,,,False,True
9,VINCENZO,Angori,D,,,False,True
9,VINCENZO,Floriani Mussolini,D,6.0,6.0,False,True
9,VINCENZO,Delprato,D,7.5,11.5,False,True
9,VINCENZO,Cancellieri,A,,,False,True
9,VINCENZO,Rovella,C,,,False,True
9,VINCENZO,Miller L.,C,,,False,True
9,ASS ASS IN FC,Maignan,P,6.0,4.0,True,False
9,ASS ASS IN FC,Bartesaghi,D,6.0,6.0,True,False
9,ASS ASS IN FC,Tomori,D,,,False,False
9,ASS ASS IN FC,Buongiorno,D,5.5,5.5,True,False
9,ASS ASS IN FC,Pasalic,C,4.5,4.5,True,False
9,ASS ASS IN FC,Zambo Anguissa,C,5.5,5.5,True,False
9,ASS ASS IN FC,Nicolussi Caviglia,C,5.5,5.5,True,False
9,ASS ASS IN FC,Barella,C,6.5,6.5,True,False
9,ASS ASS IN FC,Adzic,C,,,False,False
9,ASS ASS IN FC,Leao,A,7.0,9.0,True,False
9,ASS ASS IN FC,Simeone,A,6.0,6.0,True,False
9,ASS ASS IN FC,Torriani,P,,,False,True
9,ASS ASS IN FC,Terracciano,P,,,False,True
9,ASS ASS IN FC,Ziolkowski,D,,,False,True
9,ASS ASS IN FC,Comuzzo,D,,,False,True
9,ASS ASS IN FC,Ghilardi,D,,,False,True
9,ASS ASS IN FC,Biraghi,D,,,False,True
9,ASS ASS IN FC,Gosens,D,,,False,True
9,ASS ASS IN FC,Prati,C,6.0,5.5,True,True
9,ASS ASS IN FC,Volpato,C,,,False,True
9,ASS ASS IN FC,Malinovskyi,C,,,False,True
9,ASS ASS IN FC,Davis K.,A,6.0,6.0,False,True
9,ASS ASS IN FC,Zapata D.,A,,,False,True
9,ASS ASS IN FC,Buffon L.,A,,,False,True
9,ASS ASS IN FC,Dybala,A,,,False,True
9,CHELSEA,Provedel,P,6.0,4.0,True,False
9,CHELSEA,Terracciano F.,D,6.0,5.5,True,False
9,CHELSEA,Martin,D,6.5,7.0,True,False
9,CHELSEA,Hermoso,D,6.5,6.5,True,False
9,CHELSEA,Konè M.,C,6.5,6.5,True,False
9,CHELSEA,Calhanoglu,C,6.5,6.5,True,False
9,CHELSEA,Zalewski,C,,,False,False
9,CHELSEA,Ederson D.S.,C,5.5,5.5,True,False
9,CHELSEA,Hojlund,A,5.0,4.5,True,False
9,CHELSEA,Martinez L.,A,7.0,11.0,True,False
9,CHELSEA,Dzeko,A,6.0,6.0,True,False
9,CHELSEA,Mandas,P,,,False,True
9,CHELSEA,Furlanetto,P,,,False,True
9,CHELSEA,Valeri,D,6.0,6.0,False,True
9,CHELSEA,Luperto,D,6.5,6.5,False,True
9,CHELSEA,Rensch,D,,,False,True
9,CHELSEA,Masini,C,6.0,6.0,True,True
9,CHELSEA,El Shaarawy,C,6.0,6.0,False,True
9,CHELSEA,Hojholt,C,,,False,True
9,CHELSEA,Onana J.,C,,,False,True
9,CHELSEA,Bonny,A,7.0,10.0,False,True
9,CHELSEA,Esposito Se.,A,5.5,5.5,False,True
9,CHELSEA,Colombo,A,5.5,7.5,False,True
9,BOBOTOTTI,Meret,P,,,False,False
9,BOBOTOTTI,Kristensen T.,D,,,False,False
9,BOBOTOTTI,Vasquez,D,5.5,5.5,True,False
9,BOBOTOTTI,Gabbia,D,6.0,6.0,True,False
9,BOBOTOTTI,Vazquez,C,6.5,6.5,True,False
9,BOBOTOTTI,Zhegrova,C,6.0,6.0,True,False
9,BOBOTOTTI,Modric,C,6.0,5.5,True,False
9,BOBOTOTTI,Saelemaekers,C,7.0,10.0,True,False
9,BOBOTOTTI,Vlahovic,A,5.5,5.5,True,False
9,BOBOTOTTI,Lookman,A,5.0,5.0,True,False
9,BOBOTOTTI,Krstovic,A,5.0,5.0,True,False
9,BOBOTOTTI,Sava,P,,,False,True
9,BOBOTOTTI,Falcone,P,6.0,7.0,True,True
9,BOBOTOTTI,Gutierrez,D,5.5,5.5,True,True
9,BOBOTOTTI,Valle,D,6.5,6.5,False,True
9,BOBOTOTTI,Tsimikas,D,,,False,True
9,BOBOTOTTI,Coco,D,6.5,6.5,False,True
9,BOBOTOTTI,Zanoli,D,5.5,5.5,False,True
9,BOBOTOTTI,Pellegrini Lo.,C,7.0,9.5,False,True
9,BOBOTOTTI,Maldini,C,,,False,True
9,BOBOTOTTI,Bernabè,C,7.0,10.0,False,True
9,BOBOTOTTI,Frendrup,C,6.0,6.0,False,True
9,BOBOTOTTI,Dovbyk,A,6.0,6.0,False,True
9,BOBOTOTTI,Lang,A,5.5,5.0,False,True
9,BOBOTOTTI,Cutrone,A,6.0,6.0,False,True
10,TEAM GLIDER,De Gea,P,6.5,5.5,True,False
10,TEAM GLIDER,Gatti,D,,,False,False
10,TEAM GLIDER,Rrahmani,D,6.0,6.0,True,False
10,TEAM GLIDER,N'Dicka,D,6.5,6.5,True,False
10,TEAM GLIDER,Tourè I.,C,6.0,6.0,True,False
10,TEAM GLIDER,Orsolini,C,6.0,5.0,True,False
10,TEAM GLIDER,Loftus-Cheek,C,,,False,False
10,TEAM GLIDER,Isaksen,C,6.5,6.5,True,False
10,TEAM GLIDER,Douvikas,A,6.0,6.0,True,False
10,TEAM GLIDER,Openda,A,,,False,False
10,TEAM GLIDER,Castro S.,A,5.5,5.5,True,False
10,TEAM GLIDER,Martinelli T.,P,,,False,True
10,TEAM GLIDER,Lezzerini,P,,,False,True
10,TEAM GLIDER,Juan Jesus,D,6.0,5.5,True,True
10,TEAM GLIDER,Ehizibue,D,5.0,5.0,False,True
10,TEAM GLIDER,Veiga D.,D,5.5,5.5,False,True
10,TEAM GLIDER,Bremer,D,,,False,True
10,TEAM GLIDER,Esteves T.,D,,,False,True
10,TEAM GLIDER,Da Cunha,C,7.0,7.0,True,True
10,TEAM GLIDER,Leris,C,6.5,6.5,False,True
10,TEAM GLIDER,Ilkhan,C,,,False,True
10,TEAM GLIDER,David,A,,,False,True
10,TEAM GLIDER,Benedyczak,A,6.0,6.0,True,True
10,TEAM GLIDER,Meister,A,7.0,10.0,False,True
10,TEAM GLIDER,Zerbin,C,,,False,True
10,TEAM WOLFLING,Di Gregorio,P,6.0,5.0,True,False
10,TEAM WOLFLING,Pavlovic,D,6.0,5.5,True,False
10,TEAM WOLFLING,Bastoni,D,6.0,6.0,True,False
10,TEAM WOLFLING,Tiago Gabriel,D,5.0,5.0,True,False
10,TEAM WOLFLING,Baschirotto,D,5.5,5.5,True,False
10,TEAM WOLFLING,Gaetano,C,6.0,6.0,True,False
10,TEAM WOLFLING,McTominay,C,7.0,8.0,True,False
10,TEAM WOLFLING,Pulisic,C,7.0,11.0,True,False
10,TEAM WOLFLING,Mandragora,C,7.0,10.5,True,False
10,TEAM WOLFLING,Bonazzoli,A,6.0,6.0,True,False
10,TEAM WOLFLING,Pinamonti,A,5.0,5.0,True,False
10,TEAM WOLFLING,Perin,P,,,False,True
10,TEAM WOLFLING,Dumfries,D,,,False,True
10,TEAM WOLFLING,Smolcic I.,D,6.0,5.5,False,True
10,TEAM WOLFLING,Lovik,D,5.5,5.5,False,True
10,TEAM WOLFLING,Paz Y.,D,,,False,True
10,TEAM WOLFLING,Bernede,C,5.5,5.5,False,True
10,TEAM WOLFLING,Marchwinski,C,,,False,True
10,TEAM WOLFLING,Kaba,C,6.0,6.0,False,True
10,TEAM WOLFLING,Rog,C,,,False,True
10,TEAM WOLFLING,Ekhator,A,,,False,True
10,TEAM WOLFLING,Sanabria,A,,,False,True
10,TEAM WOLFLING,Pavoletti,A,5.5,5.5,False,True
10,ASS ASS IN FC,Maignan,P,8.0,11.0,True,False
10,ASS ASS IN FC,Bartesaghi,D,6.5,6.5,True,False
10,ASS ASS IN FC,Tomori,D,6.5,6.5,True,False
10,ASS ASS IN FC,Buongiorno,D,6.5,6.5,True,False
10,ASS ASS IN FC,Barella,C,6.0,6.0,True,False
10,ASS ASS IN FC,Prati,C,5.5,5.0,True,False
10,ASS ASS IN FC,Nicolussi Caviglia,C,,,False,False
10,ASS ASS IN FC,Malinovskyi,C,6.0,6.0,True,False
10,ASS ASS IN FC,Leao,A,5.0,4.5,True,False
10,ASS ASS IN FC,Zapata D.,A,5.0,5.0,True,False
10,ASS ASS IN FC,Davis K.,A,5.5,5.5,True,False
10,ASS ASS IN FC,Torriani,P,,,False,True
10,ASS ASS IN FC,Terracciano,P,,,False,True
10,ASS ASS IN FC,Ziolkowski,D,5.5,5.0,False,True
10,ASS ASS IN FC,Biraghi,D,,,False,True
10,ASS ASS IN FC,Gosens,D,,,False,True
10,ASS ASS IN FC,Comuzzo,D,,,False,True
10,ASS ASS IN FC,Ghilardi,D,,,False,True
10,ASS ASS IN FC,Pasalic,C,5.0,5.0,True,True
10,ASS ASS IN FC,Adzic,C,,,False,True
10,ASS ASS IN FC,Volpato,C,6.5,7.5,False,True
10,ASS ASS IN FC,Zambo Anguissa,C,,,False,True
10,ASS ASS IN FC,Simeone,A,,,False,True
10,ASS ASS IN FC,Buffon L.,A,,,False,True
10,ASS ASS IN FC,Dybala,A,,,False,True
10,BOBOTOTTI,Meret,P,,,False,False
10,BOBOTOTTI,Kristensen T.,D,,,False,False
10,BOBOTOTTI,Vasquez,D,5.5,5.5,True,False
10,BOBOTOTTI,Gabbia,D,6.0,6.0,True,False
10,BOBOTOTTI,Vazquez,C,6.0,7.0,True,False
10,BOBOTOTTI,Zhegrova,C,,,False,False
10,BOBOTOTTI,Modric,C,6.0,6.0,True,False
10,BOBOTOTTI,Saelemaekers,C,6.5,6.5,True,False
10,BOBOTOTTI,Vlahovic,A,5.5,6.0,True,False
10,BOBOTOTTI,Lookman,A,5.5,5.5,True,False
10,BOBOTOTTI,Krstovic,A,,,False,False
10,BOBOTOTTI,Sava,P,,,False,True
10,BOBOTOTTI,Falcone,P,6.5,4.5,True,True
10,BOBOTOTTI,Gutierrez,D,6.0,6.0,True,True
10,BOBOTOTTI,Valle,D,6.5,6.5,False,True
10,BOBOTOTTI,Tsimikas,D,,,False,True
10,BOBOTOTTI,Coco,D,,,False,True
10,BOBOTOTTI,Zanoli,D,5.5,5.5,False,True
10,BOBOTOTTI,Pellegrini Lo.,C,6.0,6.0,True,True
10,BOBOTOTTI,Maldini,C,,,False,True
10,BOBOTOTTI,Bernabè,C,6.0,6.0,False,True
10,BOBOTOTTI,Frendrup,C,6.5,6.5,False,True
10,BOBOTOTTI,Dovbyk,A,,,False,True
10,BOBOTOTTI,Lang,A,7.0,10.0,True,True
10,BOBOTOTTI,Cutrone,A,6.0,6.0,False,True
10,TEAM HAIR FLICK,Butez,P,6.0,5.0,True,False
10,TEAM HAIR FLICK,Miranda J.,D,6.5,6.5,True,False
10,TEAM HAIR FLICK,Mina,D,5.5,5.0,True,False
10,TEAM HAIR FLICK,Ramon,D,7.0,10.0,True,False
10,TEAM HAIR FLICK,Bisseck,D,,,False,False
10,TEAM HAIR FLICK,Thuram K.,C,5.5,5.5,True,False
10,TEAM HAIR FLICK,Casadei,C,5.5,5.5,True,False
10,TEAM HAIR FLICK,Berisha M.,C,5.5,5.5,True,False
10,TEAM HAIR FLICK,Kean,A,7.0,8.0,True,False
10,TEAM HAIR FLICK,Ferguson E.,A,7.0,11.0,True,False
10,TEAM HAIR FLICK,De Ketelaere,A,6.0,6.0,True,False
10,TEAM HAIR FLICK,Nkunku,A,6.0,6.0,False,True
10,TEAM HAIR FLICK,Pellegrino M.,A,7.5,14.0,False,True
10,TEAM HAIR FLICK,Moreo,A,7.0,7.5,False,True
10,TEAM HAIR FLICK,Zielinski,C,6.0,6.0,False,True
10,TEAM HAIR FLICK,Carboni V.,C,5.5,5.5,False,True
10,TEAM HAIR FLICK,Oristanio,C,,,False,True
10,TEAM HAIR FLICK,Bailey,C,,,False,True
10,TEAM HAIR FLICK,Aebischer,C,5.5,5.5,False,True
10,TEAM HAIR FLICK,Tavares N.,D,,,False,True
10,TEAM HAIR FLICK,Norton-Cuffy,D,4.5,3.5,True,True
10,TEAM HAIR FLICK,Pezzella Giu.,D,5.0,5.0,False,True
10,TEAM HAIR FLICK,Pongracic,D,6.0,6.0,False,True
10,TEAM HAIR FLICK,Cavlina,P,,,False,True
10,TEAM HAIR FLICK,Vigorito,P,,,False,True
10,CHELSEA,Provedel,P,6.5,7.5,True,False
10,CHELSEA,Terracciano F.,D,5.0,5.0,True,False
10,CHELSEA,Martin,D,6.5,10.5,True,False
10,CHELSEA,Luperto,D,5.5,5.0,True,False
10,CHELSEA,Valeri,D,6.0,6.0,True,False
10,CHELSEA,Konè M.,C,6.5,7.5,True,False
10,CHELSEA,Calhanoglu,C,4.5,2.0,True,False
10,CHELSEA,Zalewski,C,6.0,6.0,True,False
10,CHELSEA,Esposito Se.,A,7.0,10.0,True,False
10,CHELSEA,Hojlund,A,6.5,7.5,True,False
10,CHELSEA,Martinez L.,A,6.0,6.0,True,False
10,CHELSEA,Mandas,P,,,False,True
10,CHELSEA,Furlanetto,P,,,False,True
10,CHELSEA,Hermoso,D,,,False,True
10,CHELSEA,Rensch,D,,,False,True
10,CHELSEA,Ederson D.S.,C,6.0,6.0,False,True
10,CHELSEA,Masini,C,,,False,True
10,CHELSEA,El Shaarawy,C,6.5,7.5,False,True
10,CHELSEA,Hojholt,C,5.5,5.5,False,True
10,CHELSEA,Dzeko,A,,,False,True
10,CHELSEA,Bonny,A,5.5,5.5,False,True
10,CHELSEA,Colombo,A,6.5,7.5,False,True
10,VINCENZO,Carnesecchi,P,5.5,2.5,True,False
10,VINCENZO,Angori,D,6.0,6.0,True,False
10,VINCENZO,Mancini,D,6.0,6.0,True,False
10,VINCENZO,Kalulu,D,6.0,6.0,True,False
10,VINCENZO,Delprato,D,5.5,5.0,True,False
10,VINCENZO,Zaccagni,C,6.5,6.5,True,False
10,VINCENZO,Locatelli,C,6.5,6.5,True,False
10,VINCENZO,Guendouzi,C,7.0,10.5,True,False
10,VINCENZO,Scamacca,A,7.0,10.0,True,False
10,VINCENZO,Thuram,A,6.5,6.5,True,False
10,VINCENZO,Esposito F.P.,A,,,False,False
10,VINCENZO,Sportiello,P,,,False,True
10,VINCENZO,Rossi F.,P,,,False,True
10,VINCENZO,Dia,A,6.0,6.0,True,True
10,VINCENZO,Stulic,A,5.5,5.5,False,True
10,VINCENZO,Cancellieri,A,,,False,True
10,VINCENZO,Ndour,C,6.0,6.0,False,True
10,VINCENZO,Miller L.,C,,,False,True
10,VINCENZO,Baturina,C,6.5,9.5,False,True
10,VINCENZO,Rovella,C,,,False,True
10,VINCENZO,Rowe,C,,,False,True
10,VINCENZO,Dodò,D,5.5,5.5,False,True
10,VINCENZO,Estupinan,D,,,False,True
10,VINCENZO,Joao Mario,D,,,False,True
10,VINCENZO,Floriani Mussolini,D,5.5,5.5,False,True
10,TEAM YANGTUO,Svilar,P,7.0,6.0,True,False
10,TEAM YANGTUO,Lazaro,D,5.0,5.0,True,False
10,TEAM YANGTUO,Frese,D,5.5,5.0,True,False
10,TEAM YANGTUO,Zortea,D,6.0,6.0,True,False
10,TEAM YANGTUO,Rabiot,C,6.5,6.5,True,False
10,TEAM YANGTUO,Politano,C,6.0,6.0,True,False
10,TEAM YANGTUO,Folorunsho,C,6.0,6.0,True,False
10,TEAM YANGTUO,Vlasic,C,7.0,9.0,True,False
10,TEAM YANGTUO,Yildiz,A,6.0,6.0,True,False
10,TEAM YANGTUO,Ngonge,A,5.5,5.5,True,False
10,TEAM YANGTUO,Giovane,A,5.5,8.0,True,False
10,TEAM YANGTUO,Gollini,P,,,False,True
10,TEAM YANGTUO,Vasquez D.,P,,,False,True
10,TEAM YANGTUO,Stanciu,C,,,False,True
10,TEAM YANGTUO,Ellertsson,C,,,False,True
10,TEAM YANGTUO,Matic,C,7.0,10.0,False,True
10,TEAM YANGTUO,Obert,D,,,False,True
10,TEAM YANGTUO,Buksa,A,5.5,5.5,False,True
10,TEAM YANGTUO,Vojvoda,D,6.0,6.0,False,True
10,TEAM YANGTUO,Ekuban,A,6.0,6.0,False,True
10,TEAM YANGTUO,Gallo,D,5.5,5.5,False,True
10,TEAM YANGTUO,Ranieri L.,D,6.0,6.0,False,True
10,PAUL POGSHAO,Ravaglia F.,P,6.5,7.5,True,False
10,PAUL POGSHAO,Dimarco,D,6.5,6.5,True,False
10,PAUL POGSHAO,Cambiaso,D,6.0,6.0,True,False
10,PAUL POGSHAO,Di Lorenzo,D,6.5,7.5,True,False
10,PAUL POGSHAO,Wesley,D,7.0,10.0,True,False
10,PAUL POGSHAO,Paz N.,C,7.0,10.0,True,False
10,PAUL POGSHAO,Cristante,C,6.5,6.5,True,False
10,PAUL POGSHAO,Perrone,C,7.5,9.5,True,False
10,PAUL POGSHAO,Koopmeiners,C,5.5,5.5,True,False
10,PAUL POGSHAO,Laurientè,A,6.0,6.0,True,False
10,PAUL POGSHAO,Morata,A,6.0,6.0,True,False
10,PAUL POGSHAO,Pessina Mas.,P,,,False,True
10,PAUL POGSHAO,Skorupski,P,,,False,True
10,PAUL POGSHAO,Akanji,D,5.5,5.5,False,True
10,PAUL POGSHAO,Canestrelli,D,6.0,6.0,False,True
10,PAUL POGSHAO,Kempf,D,6.0,6.0,False,True
10,PAUL POGSHAO,Coppola F.,D,,,False,True
10,PAUL POGSHAO,El Aynaoui,C,6.5,7.0,False,True
10,PAUL POGSHAO,Sucic P.,C,6.0,6.0,False,True
10,PAUL POGSHAO,Bondo,C,5.5,5.0,False,True
10,PAUL POGSHAO,Vural,C,,,False,True
10,PAUL POGSHAO,Cambiaghi,A,,,False,True
10,PAUL POGSHAO,Vardy,A,5.0,5.0,False,True
10,PAUL POGSHAO,Piccoli,A,5.0,5.0,False,True
10,PAUL POGSHAO,Moro L.,A,,,False,True
10,TOMATO,Sommer,P,5.5,4.5,True,False
10,TOMATO,Palestra,D,6.5,7.5,True,False
10,TOMATO,Heggem,D,6.5,6.5,True,False
10,TOMATO,Bellanova,D,6.0,7.0,True,False
10,TOMATO,Solet,D,5.5,5.5,True,False
10,TOMATO,Conceicao,C,6.5,6.5,True,False
10,TOMATO,Atta,C,6.5,6.5,True,False
10,TOMATO,Gudmundsson A.,C,6.0,6.0,True,False
10,TOMATO,Berardi,A,5.5,5.5,True,False
10,TOMATO,Soulè,A,7.0,10.0,True,False
10,TOMATO,Rodriguez Je.,A,7.0,9.0,True,False
10,TOMATO,Martinez Jo.,P,,,False,True
10,TOMATO,Cuadrado,D,,,False,True
10,TOMATO,Carlos Augusto,D,6.0,6.0,False,True
10,TOMATO,Acerbi,D,6.5,6.5,False,True
10,TOMATO,Coulibaly W.,D,4.5,4.5,False,True
10,TOMATO,Odgaard,C,,,False,True
10,TOMATO,Frattesi,C,,,False,True
10,TOMATO,Tramoni M.,C,5.0,5.0,False,True
10,TOMATO,Addai,A,7.5,14.5,False,True
10,TOMATO,Lucca,A,6.0,6.0,False,True
10,TOMATO,Asllani,C,5.0,5.0,False,True
11,TEAM WOLFLING,Di Gregorio,P,,,False,False
11,TEAM WOLFLING,Pavlovic,D,6.0,6.0,True,False
11,TEAM WOLFLING,Bastoni,D,6.0,6.0,True,False
11,TEAM WOLFLING,Tiago Gabriel,D,6.0,6.0,True,False
11,TEAM WOLFLING,Baschirotto,D,7.0,7.0,True,False
11,TEAM WOLFLING,Mandragora,C,5.5,5.0,True,False
11,TEAM WOLFLING,McTominay,C,6.5,6.5,True,False
11,TEAM WOLFLING,Pulisic,C,,,False,False
11,TEAM WOLFLING,Ekhator,A,,,False,False
11,TEAM WOLFLING,Bonazzoli,A,6.5,7.5,True,False
11,TEAM WOLFLING,Pinamonti,A,5.0,5.0,True,False
11,TEAM WOLFLING,Perin,P,6.0,5.0,True,True
11,TEAM WOLFLING,Lovik,D,,,False,True
11,TEAM WOLFLING,Paz Y.,D,,,False,True
11,TEAM WOLFLING,Bernede,C,5.5,5.5,True,True
11,TEAM WOLFLING,Gaetano,C,,,False,True
11,TEAM WOLFLING,Marchwinski,C,,,False,True
11,TEAM WOLFLING,Kaba,C,,,False,True
11,TEAM WOLFLING,Rog,C,,,False,True
11,TEAM WOLFLING,Sanabria,A,6.0,6.0,True,True
11,TEAM WOLFLING,Pavoletti,A,,,False,True
11,ASS ASS IN FC,Maignan,P,7.0,8.0,True,False
11,ASS ASS IN FC,Bartesaghi,D,6.5,6.5,True,False
11,ASS ASS IN FC,Tomori,D,6.5,7.0,True,False
11,ASS ASS IN FC,Buongiorno,D,6.5,6.5,True,False
11,ASS ASS IN FC,Barella,C,6.5,7.5,True,False
11,ASS ASS IN FC,Prati,C,6.0,5.5,True,False
11,ASS ASS IN FC,Pasalic,C,6.0,6.0,True,False
11,ASS ASS IN FC,Malinovskyi,C,6.0,6.0,True,False
11,ASS ASS IN FC,Leao,A,7.0,11.0,True,False
11,ASS ASS IN FC,Zapata D.,A,6.0,6.0,True,False
11,ASS ASS IN FC,Davis K.,A,7.5,9.0,True,False
11,ASS ASS IN FC,Torriani,P,,,False,True
11,ASS ASS IN FC,Terracciano,P,,,False,True
11,ASS ASS IN FC,Ziolkowski,D,,,False,True
11,ASS ASS IN FC,Biraghi,D,,,False,True
11,ASS ASS IN FC,Gosens,D,,,False,True
11,ASS ASS IN FC,Comuzzo,D,6.0,6.0,False,True
11,ASS ASS IN FC,Ghilardi,D,,,False,True
11,ASS ASS IN FC,Nicolussi Caviglia,C,,,False,True
11,ASS ASS IN FC,Adzic,C,,,False,True
11,ASS ASS IN FC,Volpato,C,5.5,5.5,False,True
11,ASS ASS IN FC,Zambo Anguissa,C,,,False,True
11,ASS ASS IN FC,Dybala,A,6.0,6.0,False,True
11,ASS ASS IN FC,Simeone,A,,,False,True
11,ASS ASS IN FC,Buffon L.,A,,,False,True
11,TOMATO,Sommer,P,6.0,7.0,True,False
11,TOMATO,Palestra,D,7.0,8.0,True,False
11,TOMATO,Solet,D,6.5,6.5,True,False
11,TOMATO,Carlos Augusto,D,,,False,False
11,TOMATO,Odgaard,C,5.0,5.0,True,False
11,TOMATO,Atta,C,6.0,5.5,True,False
11,TOMATO,Gudmundsson A.,C,5.5,5.5,True,False
11,TOMATO,Conceicao,C,6.5,6.5,True,False
11,TOMATO,Berardi,A,6.0,6.0,True,False
11,TOMATO,Soulè,A,5.0,5.0,True,False
11,TOMATO,Addai,A,5.5,5.5,True,False
11,TOMATO,Martinez Jo.,P,,,False,True
11,TOMATO,Cuadrado,D,,,False,True
11,TOMATO,Acerbi,D,6.0,5.5,True,True
11,TOMATO,Coulibaly W.,D,,,False,True
11,TOMATO,Frattesi,C,,,False,True
11,TOMATO,Tramoni M.,C,5.5,5.5,False,True
11,TOMATO,Rodriguez Je.,A,5.5,5.5,False,True
11,TOMATO,Lucca,A,,,False,True
11,TOMATO,Asllani,C,4.5,2.5,False,True
11,TOMATO,Mkhitaryan,C,,,False,True
11,TOMATO,Heggem,D,5.5,5.5,False,True
11,TOMATO,Bellanova,D,6.0,6.0,False,True
11,VINCENZO,Carnesecchi,P,7.0,8.0,True,False
11,VINCENZO,Estupinan,D,,,False,False
11,VINCENZO,Mancini,D,6.0,6.0,True,False
11,VINCENZO,Kalulu,D,6.5,7.5,True,False
11,VINCENZO,Delprato,D,5.5,5.5,True,False
11,VINCENZO,Zaccagni,C,6.0,5.5,True,False
11,VINCENZO,Locatelli,C,6.0,6.0,True,False
11,VINCENZO,Guendouzi,C,6.0,6.0,True,False
11,VINCENZO,Scamacca,A,6.0,6.0,True,False
11,VINCENZO,Thuram,A,5.5,5.5,True,False
11,VINCENZO,Esposito F.P.,A,7.0,8.0,True,False
11,VINCENZO,Sportiello,P,,,False,True
11,VINCENZO,Rossi F.,P,,,False,True
11,VINCENZO,Dia,A,5.5,5.5,False,True
11,VINCENZO,Stulic,A,5.5,5.5,False,True
11,VINCENZO,Cancellieri,A,,,False,True
11,VINCENZO,Baturina,C,6.0,6.0,False,True
11,VINCENZO,Ndour,C,,,False,True
11,VINCENZO,Miller L.,C,,,False,True
11,VINCENZO,Rovella,C,,,False,True
11,VINCENZO,Rowe,C,,,False,True
11,VINCENZO,Dodò,D,5.0,5.0,True,True
11,VINCENZO,Angori,D,6.0,6.0,False,True
11,VINCENZO,Joao Mario,D,,,False,True
11,VINCENZO,Floriani Mussolini,D,,,False,True
11,CHELSEA,Provedel,P,6.0,5.0,True,False
11,CHELSEA,Terracciano F.,D,6.0,5.5,True,False
11,CHELSEA,Martin,D,6.5,6.5,True,False
11,CHELSEA,Luperto,D,5.5,5.5,True,False
11,CHELSEA,Valeri,D,6.0,6.0,True,False
11,CHELSEA,Konè M.,C,5.0,5.0,True,False
11,CHELSEA,Calhanoglu,C,6.5,6.5,True,False
11,CHELSEA,Zalewski,C,6.0,6.0,True,False
11,CHELSEA,Colombo,A,7.0,10.0,True,False
11,CHELSEA,Hojlund,A,6.5,7.5,True,False
11,CHELSEA,Martinez L.,A,7.5,14.5,True,False
11,CHELSEA,Mandas,P,,,False,True
11,CHELSEA,Furlanetto,P,,,False,True
11,CHELSEA,Hermoso,D,6.0,6.0,False,True
11,CHELSEA,Rensch,D,,,False,True
11,CHELSEA,Ederson D.S.,C,6.0,6.0,False,True
11,CHELSEA,Masini,C,6.0,6.0,False,True
11,CHELSEA,El Shaarawy,C,,,False,True
11,CHELSEA,Hojholt,C,,,False,True
11,CHELSEA,Bonny,A,,,False,True
11,CHELSEA,Esposito Se.,A,7.0,10.0,False,True
11,CHELSEA,Dzeko,A,,,False,True
11,PAUL POGSHAO,Ravaglia F.,P,6.0,3.0,True,False
11,PAUL POGSHAO,Dimarco,D,6.0,6.0,True,False
11,PAUL POGSHAO,Cambiaso,D,6.0,5.5,True,False
11,PAUL POGSHAO,Akanji,D,6.5,6.5,True,False
11,PAUL POGSHAO,Wesley,D,5.5,5.5,True,False
11,PAUL POGSHAO,Paz N.,C,7.0,8.0,True,False
11,PAUL POGSHAO,Cristante,C,5.0,4.5,True,False
11,PAUL POGSHAO,Perrone,C,6.5,6.5,True,False
11,PAUL POGSHAO,Sucic P.,C,5.5,5.5,True,False
11,PAUL POGSHAO,Laurientè,A,5.5,5.5,True,False
11,PAUL POGSHAO,Morata,A,,,False,False
11,PAUL POGSHAO,Pessina Mas.,P,,,False,True
11,PAUL POGSHAO,Skorupski,P,,,False,True
11,PAUL POGSHAO,Di Lorenzo,D,6.5,6.5,False,True
11,PAUL POGSHAO,Canestrelli,D,5.5,5.5,False,True
11,PAUL POGSHAO,Kempf,D,,,False,True
11,PAUL POGSHAO,Coppola F.,D,,,False,True
11,PAUL POGSHAO,El Aynaoui,C,6.0,6.0,False,True
11,PAUL POGSHAO,Koopmeiners,C,6.0,6.0,False,True
11,PAUL POGSHAO,Bondo,C,6.5,6.5,False,True
11,PAUL POGSHAO,Vural,C,,,False,True
11,PAUL POGSHAO,Cambiaghi,A,6.0,6.0,True,True
11,PAUL POGSHAO,Vardy,A,8.0,15.0,False,True
11,PAUL POGSHAO,Piccoli,A,5.5,5.5,False,True
11,PAUL POGSHAO,Moro L.,A,5.5,5.5,False,True
11,TEAM YANGTUO,Svilar,P,6.5,5.5,True,False
11,TEAM YANGTUO,Zortea,D,5.5,5.5,True,False
11,TEAM YANGTUO,Gallo,D,6.5,6.5,True,False
11,TEAM YANGTUO,Ranieri L.,D,6.0,6.0,True,False
11,TEAM YANGTUO,Vojvoda,D,6.0,6.0,True,False
11,TEAM YANGTUO,Ellertsson,C,6.5,7.5,True,False
11,TEAM YANGTUO,Rabiot,C,6.0,6.0,True,False
11,TEAM YANGTUO,Vlasic,C,6.0,7.0,True,False
11,TEAM YANGTUO,Yildiz,A,7.5,14.5,True,False
11,TEAM YANGTUO,Ngonge,A,5.5,5.0,True,False
11,TEAM YANGTUO,Giovane,A,6.0,6.0,True,False
11,TEAM YANGTUO,Gollini,P,,,False,True
11,TEAM YANGTUO,Vasquez D.,P,,,False,True
11,TEAM YANGTUO,Stanciu,C,,,False,True
11,TEAM YANGTUO,Matic,C,6.0,6.0,False,True
11,TEAM YANGTUO,Castellanos,A,6.0,6.0,False,True
11,TEAM YANGTUO,Buksa,A,6.0,6.0,False,True
11,TEAM YANGTUO,Ekuban,A,6.0,6.0,False,True
11,TEAM YANGTUO,Darmian,D,,,False,True
11,TEAM YANGTUO,Lazaro,D,6.0,6.0,False,True
11,TEAM YANGTUO,Folorunsho,C,5.5,5.0,False,True
11,TEAM YANGTUO,Frese,D,5.5,5.5,False,True
11,TEAM YANGTUO,Obert,D,5.5,5.0,False,True
11,TEAM YANGTUO,Politano,C,6.0,6.0,False,True
11,TEAM HAIR FLICK,Butez,P,6.0,7.0,True,False
11,TEAM HAIR FLICK,Miranda J.,D,5.5,5.5,True,False
11,TEAM HAIR FLICK,Ramon,D,6.0,5.5,True,False
11,TEAM HAIR FLICK,Tavares N.,D,,,False,False
11,TEAM HAIR FLICK,Bailey,C,,,False,False
11,TEAM HAIR FLICK,Thuram K.,C,6.5,6.5,True,False
11,TEAM HAIR FLICK,Casadei,C,5.5,5.0,True,False
11,TEAM HAIR FLICK,Carboni V.,C,,,False,False
11,TEAM HAIR FLICK,Kean,A,5.5,5.5,True,False
11,TEAM HAIR FLICK,Ferguson E.,A,5.5,5.5,True,False
11,TEAM HAIR FLICK,De Ketelaere,A,7.0,8.0,True,False
11,TEAM HAIR FLICK,Nkunku,A,5.0,5.0,False,True
11,TEAM HAIR FLICK,Pellegrino M.,A,6.0,6.0,False,True
11,TEAM HAIR FLICK,Moreo,A,,,False,True
11,TEAM HAIR FLICK,Oristanio,C,,,False,True
11,TEAM HAIR FLICK,Zielinski,C,6.5,6.5,True,True
11,TEAM HAIR FLICK,Berisha M.,C,7.5,9.5,True,True
11,TEAM HAIR FLICK,Aebischer,C,5.0,5.0,False,True
11,TEAM HAIR FLICK,Bisseck,D,6.0,6.0,True,True
11,TEAM HAIR FLICK,Pezzella Giu.,D,6.0,5.5,False,True
11,TEAM HAIR FLICK,Pongracic,D,5.0,4.5,False,True
11,TEAM HAIR FLICK,Cavlina,P,,,False,True
11,TEAM HAIR FLICK,Vigorito,P,,,False,True
11,TEAM HAIR FLICK,Mina,D,,,False,True
11,TEAM HAIR FLICK,Norton-Cuffy,D,,,False,True
11,BOBOTOTTI,Meret,P,,,False,False
11,BOBOTOTTI,Kristensen T.,D,,,False,False
11,BOBOTOTTI,Vasquez,D,6.5,6.5,True,False
11,BOBOTOTTI,Gabbia,D,6.5,6.0,True,False
11,BOBOTOTTI,Vazquez,C,,,False,False
11,BOBOTOTTI,Zhegrova,C,,,False,False
11,BOBOTOTTI,Modric,C,6.0,6.0,True,False
11,BOBOTOTTI,Saelemaekers,C,6.5,6.5,True,False
11,BOBOTOTTI,Vlahovic,A,6.0,6.0,True,False
11,BOBOTOTTI,Lookman,A,7.0,10.0,True,False
11,BOBOTOTTI,Krstovic,A,6.0,6.0,True,False
11,BOBOTOTTI,Sava,P,,,False,True
11,BOBOTOTTI,Falcone,P,7.5,8.5,True,True
11,BOBOTOTTI,Gutierrez,D,,,False,True
11,BOBOTOTTI,Valle,D,,,False,True
11,BOBOTOTTI,Tsimikas,D,,,False,True
11,BOBOTOTTI,Coco,D,6.0,5.5,True,True
11,BOBOTOTTI,Zanoli,D,6.0,6.0,False,True
11,BOBOTOTTI,Pellegrini Lo.,C,6.5,6.5,True,True
11,BOBOTOTTI,Maldini,C,,,False,True
11,BOBOTOTTI,Bernabè,C,5.5,5.5,True,True
11,BOBOTOTTI,Frendrup,C,6.5,6.5,False,True
11,BOBOTOTTI,Dovbyk,A,,,False,True
11,BOBOTOTTI,Lang,A,6.0,6.0,False,True
11,BOBOTOTTI,Cutrone,A,5.5,5.5,False,True
11,TEAM GLIDER,De Gea,P,6.5,4.5,True,False
11,TEAM GLIDER,Gatti,D,,,False,False
11,TEAM GLIDER,Rrahmani,D,7.0,7.0,True,False
11,TEAM GLIDER,N'Dicka,D,5.5,5.0,True,False
11,TEAM GLIDER,Veiga D.,D,6.0,6.0,True,False
11,TEAM GLIDER,Orsolini,C,6.5,8.5,True,False
11,TEAM GLIDER,Loftus-Cheek,C,6.0,6.0,True,False
11,TEAM GLIDER,Isaksen,C,6.0,6.0,True,False
11,TEAM GLIDER,Da Cunha,C,6.0,6.0,True,False
11,TEAM GLIDER,David,A,5.5,5.5,True,False
11,TEAM GLIDER,Castro S.,A,5.5,5.5,True,False
11,TEAM GLIDER,Martinelli T.,P,,,False,True
11,TEAM GLIDER,Lezzerini,P,,,False,True
11,TEAM GLIDER,Juan Jesus,D,,,False,True
11,TEAM GLIDER,Ehizibue,D,,,False,True
11,TEAM GLIDER,Bremer,D,,,False,True
11,TEAM GLIDER,Esteves T.,D,,,False,True
11,TEAM GLIDER,Tourè I.,C,6.0,6.0,False,True
11,TEAM GLIDER,Leris,C,5.5,5.5,False,True
11,TEAM GLIDER,Ilkhan,C,,,False,True
11,TEAM GLIDER,Douvikas,A,7.0,11.0,False,True
11,TEAM GLIDER,Openda,A,,,False,True
11,TEAM GLIDER,Benedyczak,A,,,False,True
11,TEAM GLIDER,Meister,A,6.0,6.0,False,True
11,TEAM GLIDER,Zerbin,C,6.0,6.0,False,True
12,PAUL POGSHAO,Ravaglia F.,P,7.5,6.5,True,False
12,PAUL POGSHAO,Dimarco,D,7.0,9.0,True,False
12,PAUL POGSHAO,Cambiaso,D,5.5,5.5,True,False
12,PAUL POGSHAO,Di Lorenzo,D,6.0,6.0,True,False
12,PAUL POGSHAO,Wesley,D,,,False,False
12,PAUL POGSHAO,Paz N.,C,5.5,5.5,True,False
12,PAUL POGSHAO,Cristante,C,5.5,5.5,True,False
12,PAUL POGSHAO,Bondo,C,6.0,6.0,True,False
12,PAUL POGSHAO,Sucic P.,C,,,False,False
12,PAUL POGSHAO,Laurientè,A,6.5,7.5,True,False
12,PAUL POGSHAO,Vardy,A,6.0,6.0,True,False
12,PAUL POGSHAO,Pessina Mas.,P,,,False,True
12,PAUL POGSHAO,Skorupski,P,,,False,True
12,PAUL POGSHAO,Akanji,D,6.0,5.5,True,True
12,PAUL POGSHAO,Canestrelli,D,6.0,6.0,False,True
12,PAUL POGSHAO,Kempf,D,,,False,True
12,PAUL POGSHAO,Coppola F.,D,,,False,True
12,PAUL POGSHAO,El Aynaoui,C,5.5,5.5,True,True
12,PAUL POGSHAO,Koopmeiners,C,5.0,5.0,False,True
12,PAUL POGSHAO,Perrone,C,6.0,5.5,False,True
12,PAUL POGSHAO,Vural,C,,,False,True
12,PAUL POGSHAO,Cambiaghi,A,5.5,5.0,False,True
12,PAUL POGSHAO,Morata,A,5.5,5.5,False,True
12,PAUL POGSHAO,Piccoli,A,5.5,5.5,False,True
12,PAUL POGSHAO,Moro L.,A,,,False,True
12,TEAM WOLFLING,Di Gregorio,P,6.5,4.5,True,False
12,TEAM WOLFLING,Pavlovic,D,5.5,5.5,True,False
12,TEAM WOLFLING,Bastoni,D,6.5,6.5,True,False
12,TEAM WOLFLING,Tiago Gabriel,D,5.5,5.5,True,False
12,TEAM WOLFLING,Baschirotto,D,7.0,7.0,True,False
12,TEAM WOLFLING,Mandragora,C,6.0,7.5,True,False
12,TEAM WOLFLING,McTominay,C,6.5,6.5,True,False
12,TEAM WOLFLING,Pulisic,C,8.0,15.0,True,False
12,TEAM WOLFLING,Gaetano,C,7.0,10.5,True,False
12,TEAM WOLFLING,Bonazzoli,A,7.0,10.0,True,False
12,TEAM WOLFLING,Pinamonti,A,5.5,5.5,True,False
12,TEAM WOLFLING,Perin,P,,,False,True
12,TEAM WOLFLING,Smolcic I.,D,,,False,True
12,TEAM WOLFLING,Lovik,D,,,False,True
12,TEAM WOLFLING,Bernede,C,7.5,10.5,False,True
12,TEAM WOLFLING,Kaba,C,6.0,6.0,False,True
12,TEAM WOLFLING,Marchwinski,C,,,False,True
12,TEAM WOLFLING,Rog,C,,,False,True
12,TEAM WOLFLING,Sanabria,A,7.0,10.0,False,True
12,TEAM WOLFLING,Pavoletti,A,,,False,True
12,TEAM WOLFLING,Ekhator,A,6.0,6.0,False,True
12,VINCENZO,Carnesecchi,P,6.0,3.0,True,False
12,VINCENZO,Angori,D,6.0,6.0,True,False
12,VINCENZO,Mancini,D,5.0,5.0,True,False
12,VINCENZO,Kalulu,D,6.0,5.5,True,False
12,VINCENZO,Delprato,D,6.5,6.5,True,False
12,VINCENZO,Zaccagni,C,6.5,6.5,True,False
12,VINCENZO,Locatelli,C,6.0,6.0,True,False
12,VINCENZO,Guendouzi,C,6.5,6.5,True,False
12,VINCENZO,Scamacca,A,6.5,8.5,True,False
12,VINCENZO,Thuram,A,7.0,10.0,True,False
12,VINCENZO,Esposito F.P.,A,6.0,6.0,True,False
12,VINCENZO,Rossi F.,P,,,False,True
12,VINCENZO,Sportiello,P,,,False,True
12,VINCENZO,Cancellieri,A,6.0,6.0,False,True
12,VINCENZO,Dia,A,,,False,True
12,VINCENZO,Stulic,A,5.0,5.0,False,True
12,VINCENZO,Rowe,C,6.0,6.0,False,True
12,VINCENZO,Miller L.,C,,,False,True
12,VINCENZO,Baturina,C,,,False,True
12,VINCENZO,Ndour,C,5.5,5.0,False,True
12,VINCENZO,Rovella,C,,,False,True
12,VINCENZO,Estupinan,D,,,False,True
12,VINCENZO,Dodò,D,5.0,5.0,False,True
12,VINCENZO,Floriani Mussolini,D,6.5,6.5,False,True
12,VINCENZO,Joao Mario,D,,,False,True
12,TEAM GLIDER,De Gea,P,4.5,1.5,True,False
12,TEAM GLIDER,Veiga D.,D,5.0,5.0,True,False
12,TEAM GLIDER,Rrahmani,D,6.5,6.5,True,False
12,TEAM GLIDER,N'Dicka,D,5.5,5.5,True,False
12,TEAM GLIDER,Da Cunha,C,5.0,5.0,True,False
12,TEAM GLIDER,Orsolini,C,6.0,6.0,True,False
12,TEAM GLIDER,Loftus-Cheek,C,6.0,6.0,True,False
12,TEAM GLIDER,Isaksen,C,7.0,10.0,True,False
12,TEAM GLIDER,Douvikas,A,5.0,5.0,True,False
12,TEAM GLIDER,David,A,6.0,6.0,True,False
12,TEAM GLIDER,Castro S.,A,5.5,5.5,True,False
12,TEAM GLIDER,Martinelli T.,P,,,False,True
12,TEAM GLIDER,Lezzerini,P,,,False,True
12,TEAM GLIDER,Juan Jesus,D,,,False,True
12,TEAM GLIDER,Ehizibue,D,6.0,6.0,False,True
12,TEAM GLIDER,Bremer,D,,,False,True
12,TEAM GLIDER,Esteves T.,D,,,False,True
12,TEAM GLIDER,Tourè I.,C,6.0,5.5,False,True
12,TEAM GLIDER,Leris,C,5.5,5.5,False,True
12,TEAM GLIDER,Ilkhan,C,,,False,True
12,TEAM GLIDER,Openda,A,6.0,6.0,False,True
12,TEAM GLIDER,Benedyczak,A,6.5,9.0,False,True
12,TEAM GLIDER,Meister,A,5.5,5.5,False,True
12,TEAM GLIDER,Zerbin,C,6.5,7.5,False,True
12,TEAM GLIDER,Gatti,D,,,False,True
12,ASS ASS IN FC,Maignan,P,6.0,3.5,True,False
12,ASS ASS IN FC,Gosens,D,,,False,False
12,ASS ASS IN FC,Buongiorno,D,6.5,6.0,True,False
12,ASS ASS IN FC,Tomori,D,5.5,6.0,True,False
12,ASS ASS IN FC,Bartesaghi,D,6.0,6.0,True,False
12,ASS ASS IN FC,Pasalic,C,6.0,6.0,True,False
12,ASS ASS IN FC,Barella,C,7.0,7.0,True,False
12,ASS ASS IN FC,Volpato,C,7.5,11.5,True,False
12,ASS ASS IN FC,Leao,A,5.5,5.5,True,False
12,ASS ASS IN FC,Davis K.,A,6.0,6.0,True,False
12,ASS ASS IN FC,Dybala,A,5.5,5.5,True,False
12,ASS ASS IN FC,Torriani,P,,,False,True
12,ASS ASS IN FC,Terracciano,P,,,False,True
12,ASS ASS IN FC,Comuzzo,D,5.5,5.5,True,True
12,ASS ASS IN FC,Ziolkowski,D,,,False,True
12,ASS ASS IN FC,Biraghi,D,,,False,True
12,ASS ASS IN FC,Ghilardi,D,4.5,4.5,False,True
12,ASS ASS IN FC,Malinovskyi,C,7.0,9.0,False,True
12,ASS ASS IN FC,Prati,C,6.0,6.0,False,True
12,ASS ASS IN FC,Nicolussi Caviglia,C,,,False,True
12,ASS ASS IN FC,Adzic,C,,,False,True
12,ASS ASS IN FC,Zambo Anguissa,C,,,False,True
12,ASS ASS IN FC,Zapata D.,A,6.5,9.5,False,True
12,ASS ASS IN FC,Simeone,A,,,False,True
12,ASS ASS IN FC,Buffon L.,A,,,False,True
12,TEAM HAIR FLICK,Butez,P,6.5,2.5,True,False
12,TEAM HAIR FLICK,Tavares N.,D,5.0,4.5,True,False
12,TEAM HAIR FLICK,Miranda J.,D,6.0,5.5,True,False
12,TEAM HAIR FLICK,Norton-Cuffy,D,7.0,11.0,True,False
12,TEAM HAIR FLICK,Bailey,C,,,False,False
12,TEAM HAIR FLICK,Thuram K.,C,6.0,6.0,True,False
12,TEAM HAIR FLICK,Zielinski,C,6.0,6.0,True,False
12,TEAM HAIR FLICK,Carboni V.,C,,,False,False
12,TEAM HAIR FLICK,Ferguson E.,A,5.5,5.5,True,False
12,TEAM HAIR FLICK,Kean,A,5.0,5.0,True,False
12,TEAM HAIR FLICK,De Ketelaere,A,5.5,5.5,True,False
12,TEAM HAIR FLICK,Pellegrino M.,A,5.5,5.5,False,True
12,TEAM HAIR FLICK,Nkunku,A,5.5,5.5,False,True
12,TEAM HAIR FLICK,Moreo,A,6.0,6.0,False,True
12,TEAM HAIR FLICK,Oristanio,C,,,False,True
12,TEAM HAIR FLICK,Berisha M.,C,6.0,6.0,True,True
12,TEAM HAIR FLICK,Casadei,C,5.5,5.5,True,True
12,TEAM HAIR FLICK,Aebischer,C,6.0,5.5,False,True
12,TEAM HAIR FLICK,Bisseck,D,,,False,True
12,TEAM HAIR FLICK,Pezzella Giu.,D,,,False,True
12,TEAM HAIR FLICK,Ramon,D,5.5,5.5,False,True
12,TEAM HAIR FLICK,Mina,D,,,False,True
12,TEAM HAIR FLICK,Cavlina,P,,,False,True
12,TEAM HAIR FLICK,Vigorito,P,,,False,True
12,TEAM HAIR FLICK,Pongracic,D,,,False,True
12,BOBOTOTTI,Meret,P,,,False,False
12,BOBOTOTTI,Kristensen T.,D,,,False,False
12,BOBOTOTTI,Vasquez,D,6.5,6.5,True,False
12,BOBOTOTTI,Gabbia,D,6.0,6.0,True,False
12,BOBOTOTTI,Vazquez,C,,,False,False
12,BOBOTOTTI,Zhegrova,C,,,False,False
12,BOBOTOTTI,Modric,C,6.5,6.5,True,False
12,BOBOTOTTI,Saelemaekers,C,6.5,7.5,True,False
12,BOBOTOTTI,Vlahovic,A,,,False,False
12,BOBOTOTTI,Lookman,A,5.0,5.0,True,False
12,BOBOTOTTI,Krstovic,A,5.0,5.0,True,False
12,BOBOTOTTI,Sava,P,,,False,True
12,BOBOTOTTI,Falcone,P,6.0,4.0,True,True
12,BOBOTOTTI,Gutierrez,D,,,False,True
12,BOBOTOTTI,Valle,D,5.0,5.0,True,True
12,BOBOTOTTI,Tsimikas,D,5.5,5.5,False,True
12,BOBOTOTTI,Coco,D,5.0,5.0,False,True
12,BOBOTOTTI,Zanoli,D,6.0,6.0,False,True
12,BOBOTOTTI,Pellegrini Lo.,C,5.5,5.5,True,True
12,BOBOTOTTI,Maldini,C,,,False,True
12,BOBOTOTTI,Bernabè,C,6.0,6.0,True,True
12,BOBOTOTTI,Frendrup,C,,,False,True
12,BOBOTOTTI,Dovbyk,A,,,False,True
12,BOBOTOTTI,Lang,A,5.5,5.5,True,True
12,BOBOTOTTI,Cutrone,A,,,False,True
12,CHELSEA,Provedel,P,6.5,5.5,True,False
12,CHELSEA,Terracciano F.,D,6.5,6.5,True,False
12,CHELSEA,Martin,D,6.0,6.0,True,False
12,CHELSEA,Hermoso,D,5.5,5.0,True,False
12,CHELSEA,Valeri,D,6.0,5.5,True,False
12,CHELSEA,Konè M.,C,6.0,6.0,True,False
12,CHELSEA,Calhanoglu,C,7.0,10.0,True,False
12,CHELSEA,Zalewski,C,5.5,5.5,True,False
12,CHELSEA,Bonny,A,,,False,False
12,CHELSEA,Hojlund,A,8.0,15.0,True,False
12,CHELSEA,Martinez L.,A,7.0,11.0,True,False
12,CHELSEA,Mandas,P,,,False,True
12,CHELSEA,Furlanetto,P,,,False,True
12,CHELSEA,Scalvini,D,,,False,True
12,CHELSEA,Luperto,D,6.5,6.5,False,True
12,CHELSEA,Rensch,D,5.5,5.5,False,True
12,CHELSEA,Ederson D.S.,C,5.5,5.5,False,True
12,CHELSEA,Masini,C,6.5,6.5,False,True
12,CHELSEA,El Shaarawy,C,,,False,True
12,CHELSEA,Hojholt,C,,,False,True
12,CHELSEA,Onana J.,C,,,False,True
12,CHELSEA,Colombo,A,6.5,6.5,True,True
12,CHELSEA,Dzeko,A,,,False,True
12,CHELSEA,Esposito Se.,A,7.0,8.0,False,True
12,TEAM YANGTUO,Svilar,P,7.0,6.0,True,False
12,TEAM YANGTUO,Zortea,D,7.0,7.0,True,False
12,TEAM YANGTUO,Gallo,D,5.5,5.0,True,False
12,TEAM YANGTUO,Ranieri L.,D,5.5,5.5,True,False
12,TEAM YANGTUO,Vojvoda,D,5.0,5.0,True,False
12,TEAM YANGTUO,Politano,C,,,False,False
12,TEAM YANGTUO,Rabiot,C,7.0,10.0,True,False
12,TEAM YANGTUO,Vlasic,C,7.0,10.0,True,False
12,TEAM YANGTUO,Yildiz,A,7.0,10.0,True,False
12,TEAM YANGTUO,Castellanos,A,5.5,5.5,True,False
12,TEAM YANGTUO,Giovane,A,7.5,12.5,True,False
12,TEAM YANGTUO,Gollini,P,,,False,True
12,TEAM YANGTUO,Vasquez D.,P,,,False,True
12,TEAM YANGTUO,Stanciu,C,,,False,True
12,TEAM YANGTUO,Matic,C,6.0,6.0,True,True
12,TEAM YANGTUO,Buksa,A,6.0,6.0,False,True
12,TEAM YANGTUO,Ellertsson,C,,,False,True
12,TEAM YANGTUO,Ekuban,A,6.5,7.5,False,True
12,TEAM YANGTUO,Folorunsho,C,7.0,6.5,False,True
12,TEAM YANGTUO,Lazaro,D,6.0,5.5,False,True
12,TEAM YANGTUO,Frese,D,6.5,6.0,False,True
12,TEAM YANGTUO,Obert,D,6.5,6.5,False,True
12,TEAM YANGTUO,Ngonge,A,,,False,True
12,TOMATO,Sommer,P,6.0,7.0,True,False
12,TOMATO,Palestra,D,7.0,7.0,True,False
12,TOMATO,Solet,D,5.5,5.5,True,False
12,TOMATO,Heggem,D,5.5,5.5,True,False
12,TOMATO,Bellanova,D,5.5,5.5,True,False
12,TOMATO,Odgaard,C,6.5,10.5,True,False
12,TOMATO,Conceicao,C,5.5,5.5,True,False
12,TOMATO,Gudmundsson A.,C,5.0,5.0,True,False
12,TOMATO,Rodriguez Je.,A,6.0,6.0,True,False
12,TOMATO,Soulè,A,6.0,6.0,True,False
12,TOMATO,Addai,A,5.5,5.5,True,False
12,TOMATO,Martinez Jo.,P,,,False,True
12,TOMATO,Acerbi,D,6.5,6.5,False,True
12,TOMATO,Coulibaly W.,D,6.0,6.0,False,True
12,TOMATO,Frattesi,C,,,False,True
12,TOMATO,Tramoni M.,C,,,False,True
12,TOMATO,Lucca,A,,,False,True
12,TOMATO,Asllani,C,5.0,5.0,False,True
12,TOMATO,Mkhitaryan,C,6.0,6.0,False,True
12,TOMATO,Carlos Augusto,D,7.0,10.0,False,True
13,PAUL POGSHAO,Ravaglia F.,P,6.5,5.5,True,False
13,PAUL POGSHAO,Dimarco,D,,,False,False
13,PAUL POGSHAO,Cambiaso,D,6.0,6.0,True,False
13,PAUL POGSHAO,Di Lorenzo,D,5.5,5.5,True,False
13,PAUL POGSHAO,Wesley,D,7.5,11.0,True,False
13,PAUL POGSHAO,Paz N.,C,5.5,5.0,True,False
13,PAUL POGSHAO,Cristante,C,6.5,6.5,True,False
13,PAUL POGSHAO,Bondo,C,5.5,5.5,True,False
13,PAUL POGSHAO,Koopmeiners,C,5.5,5.0,True,False
13,PAUL POGSHAO,Laurientè,A,7.5,11.5,True,False
13,PAUL POGSHAO,Vardy,A,5.5,5.5,True,False
13,PAUL POGSHAO,Pessina Mas.,P,,,False,True
13,PAUL POGSHAO,Skorupski,P,,,False,True
13,PAUL POGSHAO,Akanji,D,6.0,5.5,True,True
13,PAUL POGSHAO,Canestrelli,D,5.0,5.0,False,True
13,PAUL POGSHAO,Kempf,D,6.5,6.5,False,True
13,PAUL POGSHAO,Coppola F.,D,,,False,True
13,PAUL POGSHAO,El Aynaoui,C,,,False,True
13,PAUL POGSHAO,Sucic P.,C,6.5,6.5,False,True
13,PAUL POGSHAO,Perrone,C,,,False,True
13,PAUL POGSHAO,Vural,C,5.0,5.0,False,True
13,PAUL POGSHAO,Cambiaghi,A,5.5,5.5,False,True
13,PAUL POGSHAO,Morata,A,,,False,True
13,PAUL POGSHAO,Piccoli,A,,,False,True
13,PAUL POGSHAO,Moro L.,A,,,False,True
13,ASS ASS IN FC,Maignan,P,6.0,4.0,True,False
13,ASS ASS IN FC,Bartesaghi,D,7.5,13.5,True,False
13,ASS ASS IN FC,Buongiorno,D,6.0,6.0,True,False
13,ASS ASS IN FC,Tomori,D,5.5,5.5,True,False
13,ASS ASS IN FC,Nicolussi Caviglia,C,,,False,False
13,ASS ASS IN FC,Pasalic,C,,,False,False
13,ASS ASS IN FC,Barella,C,6.0,5.5,True,False
13,ASS ASS IN FC,Volpato,C,6.0,6.0,True,False
13,ASS ASS IN FC,Davis K.,A,6.5,7.5,True,False
13,ASS ASS IN FC,Zapata D.,A,6.5,7.0,True,False
13,ASS ASS IN FC,Dybala,A,,,False,False
13,ASS ASS IN FC,Torriani,P,,,False,True
13,ASS ASS IN FC,Terracciano,P,,,False,True
13,ASS ASS IN FC,Gosens,D,,,False,True
13,ASS ASS IN FC,Comuzzo,D,5.5,5.5,False,True
13,ASS ASS IN FC,Ziolkowski,D,,,False,True
13,ASS ASS IN FC,Biraghi,D,,,False,True
13,ASS ASS IN FC,Ghilardi,D,,,False,True
13,ASS ASS IN FC,Malinovskyi,C,6.0,6.0,True,True
13,ASS ASS IN FC,Prati,C,6.0,6.0,True,True
13,ASS ASS IN FC,Adzic,C,,,False,True
13,ASS ASS IN FC,Zambo Anguissa,C,,,False,True
13,ASS ASS IN FC,Simeone,A,5.5,5.5,True,True
13,ASS ASS IN FC,Leao,A,,,False,True
13,ASS ASS IN FC,Buffon L.,A,,,False,True
13,TEAM HAIR FLICK,Butez,P,6.0,5.0,True,False
13,TEAM HAIR FLICK,Pezzella Giu.,D,6.0,6.0,True,False
13,TEAM HAIR FLICK,Bisseck,D,7.0,9.5,True,False
13,TEAM HAIR FLICK,Ramon,D,6.5,6.0,True,False
13,TEAM HAIR FLICK,Bailey,C,,,False,False
13,TEAM HAIR FLICK,Thuram K.,C,6.0,6.0,True,False
13,TEAM HAIR FLICK,Zielinski,C,6.5,6.5,True,False
13,TEAM HAIR FLICK,Berisha M.,C,,,False,False
13,TEAM HAIR FLICK,Nkunku,A,6.0,7.0,True,False
13,TEAM HAIR FLICK,Kean,A,5.5,5.5,True,False
13,TEAM HAIR FLICK,De Ketelaere,A,6.0,6.0,True,False
13,TEAM HAIR FLICK,Ferguson E.,A,6.5,6.5,False,True
13,TEAM HAIR FLICK,Pellegrino M.,A,6.0,6.0,False,True
13,TEAM HAIR FLICK,Moreo,A,5.5,5.5,False,True
13,TEAM HAIR FLICK,Oristanio,C,5.5,5.5,True,True
13,TEAM HAIR FLICK,Casadei,C,6.0,6.0,True,True
13,TEAM HAIR FLICK,Carboni V.,C,,,False,True
13,TEAM HAIR FLICK,Aebischer,C,5.5,5.5,False,True
13,TEAM HAIR FLICK,Miranda J.,D,6.0,5.5,False,True
13,TEAM HAIR FLICK,Tavares N.,D,,,False,True
13,TEAM HAIR FLICK,Norton-Cuffy,D,5.5,5.5,False,True
13,TEAM HAIR FLICK,Pongracic,D,5.5,5.5,False,True
13,TEAM HAIR FLICK,Cavlina,P,,,False,True
13,TEAM HAIR FLICK,Vigorito,P,,,False,True
13,TEAM HAIR FLICK,Mina,D,,,False,True
13,TEAM WOLFLING,Di Gregorio,P,6.5,7.5,True,False
13,TEAM WOLFLING,Pavlovic,D,6.5,6.5,True,False
13,TEAM WOLFLING,Bastoni,D,6.5,6.5,True,False
13,TEAM WOLFLING,Tiago Gabriel,D,6.0,6.0,True,False
13,TEAM WOLFLING,Baschirotto,D,5.0,5.0,True,False
13,TEAM WOLFLING,Mandragora,C,6.0,6.0,True,False
13,TEAM WOLFLING,McTominay,C,6.0,6.0,True,False
13,TEAM WOLFLING,Pulisic,C,6.0,6.0,True,False
13,TEAM WOLFLING,Gaetano,C,7.0,9.5,True,False
13,TEAM WOLFLING,Bonazzoli,A,6.0,6.0,True,False
13,TEAM WOLFLING,Pinamonti,A,7.0,9.0,True,False
13,TEAM WOLFLING,Perin,P,,,False,True
13,TEAM WOLFLING,Smolcic I.,D,6.0,6.0,False,True
13,TEAM WOLFLING,Lovik,D,,,False,True
13,TEAM WOLFLING,Bernede,C,7.0,8.0,False,True
13,TEAM WOLFLING,Kaba,C,6.5,6.5,False,True
13,TEAM WOLFLING,Marchwinski,C,,,False,True
13,TEAM WOLFLING,Rog,C,,,False,True
13,TEAM WOLFLING,Sanabria,A,5.5,5.5,False,True
13,TEAM WOLFLING,Pavoletti,A,,,False,True
13,TEAM WOLFLING,Ekhator,A,,,False,True
13,TEAM GLIDER,De Gea,P,5.5,3.5,True,False
13,TEAM GLIDER,Veiga D.,D,6.5,6.5,True,False
13,TEAM GLIDER,Rrahmani,D,5.0,5.0,True,False
13,TEAM GLIDER,N'Dicka,D,7.0,7.0,True,False
13,TEAM GLIDER,Da Cunha,C,5.0,5.0,True,False
13,TEAM GLIDER,Orsolini,C,6.0,6.0,True,False
13,TEAM GLIDER,Loftus-Cheek,C,6.5,7.0,True,False
13,TEAM GLIDER,Tourè I.,C,5.5,5.5,True,False
13,TEAM GLIDER,Douvikas,A,5.5,5.5,True,False
13,TEAM GLIDER,David,A,5.0,5.0,True,False
13,TEAM GLIDER,Castro S.,A,5.5,5.5,True,False
13,TEAM GLIDER,Martinelli T.,P,,,False,True
13,TEAM GLIDER,Lezzerini,P,,,False,True
13,TEAM GLIDER,Juan Jesus,D,,,False,True
13,TEAM GLIDER,Ehizibue,D,,,False,True
13,TEAM GLIDER,Bremer,D,6.0,6.0,False,True
13,TEAM GLIDER,Esteves T.,D,,,False,True
13,TEAM GLIDER,Leris,C,6.0,6.0,False,True
13,TEAM GLIDER,Ilkhan,C,,,False,True
13,TEAM GLIDER,Openda,A,6.5,6.5,False,True
13,TEAM GLIDER,Benedyczak,A,5.5,5.5,False,True
13,TEAM GLIDER,Meister,A,5.0,5.0,False,True
13,TEAM GLIDER,Zerbin,C,5.5,5.5,False,True
13,TEAM GLIDER,Gatti,D,,,False,True
13,TEAM GLIDER,Isaksen,C,,,False,True
13,TEAM YANGTUO,Svilar,P,6.5,7.5,True,False
13,TEAM YANGTUO,Zortea,D,5.5,5.5,True,False
13,TEAM YANGTUO,Gallo,D,6.0,6.0,True,False
13,TEAM YANGTUO,Ranieri L.,D,5.5,5.5,True,False
13,TEAM YANGTUO,Lazaro,D,6.0,6.0,True,False
13,TEAM YANGTUO,Politano,C,5.5,5.5,True,False
13,TEAM YANGTUO,Rabiot,C,5.5,5.5,True,False
13,TEAM YANGTUO,Vlasic,C,7.0,11.0,True,False
13,TEAM YANGTUO,Yildiz,A,6.5,7.5,True,False
13,TEAM YANGTUO,Castellanos,A,5.5,5.5,True,False
13,TEAM YANGTUO,Giovane,A,5.5,5.5,True,False
13,TEAM YANGTUO,Gollini,P,,,False,True
13,TEAM YANGTUO,Vasquez D.,P,,,False,True
13,TEAM YANGTUO,Stanciu,C,,,False,True
13,TEAM YANGTUO,Matic,C,6.5,6.5,False,True
13,TEAM YANGTUO,Ngonge,A,,,False,True
13,TEAM YANGTUO,Buksa,A,,,False,True
13,TEAM YANGTUO,Ellertsson,C,5.5,5.5,False,True
13,TEAM YANGTUO,Ekuban,A,6.5,6.5,False,True
13,TEAM YANGTUO,Folorunsho,C,6.0,6.0,False,True
13,TEAM YANGTUO,Frese,D,5.5,5.0,False,True
13,TEAM YANGTUO,Obert,D,6.0,6.0,False,True
13,TEAM YANGTUO,Vojvoda,D,,,False,True
13,TOMATO,Sommer,P,6.0,5.0,True,False
13,TOMATO,Palestra,D,6.5,6.5,True,False
13,TOMATO,Solet,D,6.5,6.5,True,False
13,TOMATO,Heggem,D,4.5,3.5,True,False
13,TOMATO,Carlos Augusto,D,6.0,6.0,True,False
13,TOMATO,Odgaard,C,,,False,False
13,TOMATO,Conceicao,C,6.0,6.0,True,False
13,TOMATO,Gudmundsson A.,C,5.5,5.0,True,False
13,TOMATO,Mkhitaryan,C,6.0,6.0,True,False
13,TOMATO,Addai,A,5.5,5.0,True,False
13,TOMATO,Soulè,A,6.5,7.5,True,False
13,TOMATO,Martinez Jo.,P,,,False,True
13,TOMATO,Coulibaly W.,D,,,False,True
13,TOMATO,Asllani,C,6.0,6.0,True,True
13,TOMATO,Cuadrado,D,,,False,True
13,TOMATO,Acerbi,D,,,False,True
13,TOMATO,Bellanova,D,,,False,True
13,TOMATO,Atta,C,,,False,True
13,TOMATO,Frattesi,C,,,False,True
13,TOMATO,Tramoni M.,C,5.5,5.5,False,True
13,TOMATO,Di Gennaro,P,,,False,True
13,TOMATO,Rodriguez Je.,A,5.5,5.5,False,True
13,TOMATO,Lucca,A,,,False,True
13,TOMATO,Gimenez,A,,,False,True
13,TOMATO,Berardi,A,,,False,True
13,BOBOTOTTI,Meret,P,,,False,False
13,BOBOTOTTI,Kristensen T.,D,6.5,6.5,True,False
13,BOBOTOTTI,Vasquez,D,6.0,6.0,True,False
13,BOBOTOTTI,Gabbia,D,5.5,5.5,True,False
13,BOBOTOTTI,Vazquez,C,5.5,5.5,True,False
13,BOBOTOTTI,Zhegrova,C,,,False,False
13,BOBOTOTTI,Modric,C,6.0,6.0,True,False
13,BOBOTOTTI,Saelemaekers,C,5.5,5.5,True,False
13,BOBOTOTTI,Vlahovic,A,,,False,False
13,BOBOTOTTI,Lookman,A,5.5,5.5,True,False
13,BOBOTOTTI,Krstovic,A,,,False,False
13,BOBOTOTTI,Sava,P,,,False,True
13,BOBOTOTTI,Falcone,P,6.0,7.0,True,True
13,BOBOTOTTI,Gutierrez,D,,,False,True
13,BOBOTOTTI,Valle,D,5.0,5.0,False,True
13,BOBOTOTTI,Tsimikas,D,,,False,True
13,BOBOTOTTI,Coco,D,6.5,6.5,False,True
13,BOBOTOTTI,Zanoli,D,6.0,6.0,False,True
13,BOBOTOTTI,Pellegrini Lo.,C,6.0,6.0,True,True
13,BOBOTOTTI,Maldini,C,,,False,True
13,BOBOTOTTI,Bernabè,C,6.0,6.0,False,True
13,BOBOTOTTI,Frendrup,C,5.5,5.5,False,True
13,BOBOTOTTI,Dovbyk,A,,,False,True
13,BOBOTOTTI,Lang,A,6.0,6.0,True,True
13,BOBOTOTTI,Cutrone,A,,,False,True
13,CHELSEA,Provedel,P,7.0,8.0,True,False
13,CHELSEA,Terracciano F.,D,6.0,6.0,True,False
13,CHELSEA,Luperto,D,5.0,5.0,True,False
13,CHELSEA,Hermoso,D,6.5,6.5,True,False
13,CHELSEA,Valeri,D,6.0,5.5,True,False
13,CHELSEA,Konè M.,C,6.5,6.5,True,False
13,CHELSEA,Ederson D.S.,C,6.5,6.5,True,False
13,CHELSEA,Zalewski,C,6.0,6.0,True,False
13,CHELSEA,Bonny,A,,,False,False
13,CHELSEA,Hojlund,A,5.0,5.0,True,False
13,CHELSEA,Martinez L.,A,7.5,12.5,True,False
13,CHELSEA,Mandas,P,,,False,True
13,CHELSEA,Furlanetto,P,,,False,True
13,CHELSEA,Martin,D,6.0,7.0,False,True
13,CHELSEA,Scalvini,D,,,False,True
13,CHELSEA,Rensch,D,6.5,6.5,False,True
13,CHELSEA,Masini,C,,,False,True
13,CHELSEA,El Shaarawy,C,6.0,5.5,False,True
13,CHELSEA,Hojholt,C,,,False,True
13,CHELSEA,Onana J.,C,,,False,True
13,CHELSEA,Esposito Se.,A,7.0,8.0,True,True
13,CHELSEA,Colombo,A,5.0,5.0,False,True
13,CHELSEA,Dzeko,A,5.5,5.5,False,True
13,VINCENZO,Carnesecchi,P,6.0,5.0,True,False
13,VINCENZO,Angori,D,6.0,6.0,True,False
13,VINCENZO,Mancini,D,6.5,6.0,True,False
13,VINCENZO,Kalulu,D,6.5,6.5,True,False
13,VINCENZO,Floriani Mussolini,D,6.0,6.0,True,False
13,VINCENZO,Zaccagni,C,4.5,3.5,True,False
13,VINCENZO,Locatelli,C,7.0,7.0,True,False
13,VINCENZO,Guendouzi,C,6.5,6.5,True,False
13,VINCENZO,Scamacca,A,7.5,14.5,True,False
13,VINCENZO,Thuram,A,6.0,6.0,True,False
13,VINCENZO,Cancellieri,A,6.0,5.5,True,False
13,VINCENZO,Sportiello,P,,,False,True
13,VINCENZO,Rossi F.,P,,,False,True
13,VINCENZO,Esposito F.P.,A,6.5,6.5,False,True
13,VINCENZO,Dia,A,,,False,True
13,VINCENZO,Stulic,A,7.0,11.0,False,True
13,VINCENZO,Rowe,C,,,False,True
13,VINCENZO,Baturina,C,5.5,5.5,False,True
13,VINCENZO,Miller L.,C,,,False,True
13,VINCENZO,Ndour,C,,,False,True
13,VINCENZO,Rovella,C,,,False,True
13,VINCENZO,Delprato,D,6.0,6.0,False,True
13,VINCENZO,Estupinan,D,,,False,True
13,VINCENZO,Dodò,D,5.5,5.5,False,True
13,VINCENZO,Joao Mario,D,,,False,True
14,TEAM GLIDER,De Gea,P,6.0,5.0,True,False
14,TEAM GLIDER,Veiga D.,D,6.5,6.0,True,False
14,TEAM GLIDER,Rrahmani,D,6.5,6.5,True,False
14,TEAM GLIDER,Bremer,D,6.5,6.5,True,False
14,TEAM GLIDER,Da Cunha,C,6.0,6.0,True,False
14,TEAM GLIDER,Orsolini,C,7.0,9.5,True,False
14,TEAM GLIDER,Loftus-Cheek,C,6.0,6.0,True,False
14,TEAM GLIDER,Tourè I.,C,6.0,6.0,True,False
14,TEAM GLIDER,Douvikas,A,5.5,5.5,True,False
14,TEAM GLIDER,David,A,,,False,False
14,TEAM GLIDER,Castro S.,A,7.0,11.0,True,False
14,TEAM GLIDER,Martinelli T.,P,,,False,True
14,TEAM GLIDER,Lezzerini,P,,,False,True
14,TEAM GLIDER,Juan Jesus,D,,,False,True
14,TEAM GLIDER,N'Dicka,D,,,False,True
14,TEAM GLIDER,Ehizibue,D,,,False,True
14,TEAM GLIDER,Esteves T.,D,,,False,True
14,TEAM GLIDER,Leris,C,7.0,8.0,False,True
14,TEAM GLIDER,Ilkhan,C,,,False,True
14,TEAM GLIDER,Openda,A,7.0,11.0,True,True
14,TEAM GLIDER,Benedyczak,A,,,False,True
14,TEAM GLIDER,Meister,A,5.5,5.5,False,True
14,TEAM GLIDER,Zerbin,C,5.5,5.5,False,True
14,TEAM GLIDER,Gatti,D,,,False,True
14,TEAM GLIDER,Isaksen,C,,,False,True
14,PAUL POGSHAO,Ravaglia F.,P,6.5,4.5,True,False
14,PAUL POGSHAO,Dimarco,D,,,False,False
14,PAUL POGSHAO,Cambiaso,D,6.5,7.5,True,False
14,PAUL POGSHAO,Di Lorenzo,D,6.5,6.5,True,False
14,PAUL POGSHAO,Wesley,D,6.5,6.5,True,False
14,PAUL POGSHAO,Paz N.,C,6.5,6.5,True,False
14,PAUL POGSHAO,Cristante,C,5.0,4.5,True,False
14,PAUL POGSHAO,Bondo,C,6.5,6.5,True,False
14,PAUL POGSHAO,Perrone,C,5.5,5.5,True,False
14,PAUL POGSHAO,Laurientè,A,5.5,5.5,True,False
14,PAUL POGSHAO,Vardy,A,5.5,5.5,True,False
14,PAUL POGSHAO,Pessina Mas.,P,,,False,True
14,PAUL POGSHAO,Skorupski,P,,,False,True
14,PAUL POGSHAO,Akanji,D,6.0,6.0,True,True
14,PAUL POGSHAO,Canestrelli,D,5.5,5.5,False,True
14,PAUL POGSHAO,Kempf,D,6.5,9.5,False,True
14,PAUL POGSHAO,Coppola F.,D,,,False,True
14,PAUL POGSHAO,Sucic P.,C,,,False,True
14,PAUL POGSHAO,Vural,C,6.0,6.0,False,True
14,PAUL POGSHAO,Koopmeiners,C,,,False,True
14,PAUL POGSHAO,El Aynaoui,C,,,False,True
14,PAUL POGSHAO,Cambiaghi,A,,,False,True
14,PAUL POGSHAO,Piccoli,A,6.0,6.0,False,True
14,PAUL POGSHAO,Moro L.,A,5.5,5.5,False,True
14,PAUL POGSHAO,Morata,A,,,False,True
14,ASS ASS IN FC,Maignan,P,8.0,7.0,True,False
14,ASS ASS IN FC,Bartesaghi,D,5.5,5.5,True,False
14,ASS ASS IN FC,Buongiorno,D,6.0,6.0,True,False
14,ASS ASS IN FC,Tomori,D,5.5,5.5,True,False
14,ASS ASS IN FC,Pasalic,C,,,False,False
14,ASS ASS IN FC,Barella,C,6.0,6.0,True,False
14,ASS ASS IN FC,Malinovskyi,C,6.0,6.0,True,False
14,ASS ASS IN FC,Volpato,C,6.5,6.5,True,False
14,ASS ASS IN FC,Leao,A,6.0,7.0,True,False
14,ASS ASS IN FC,Davis K.,A,5.0,5.0,True,False
14,ASS ASS IN FC,Dybala,A,5.0,5.0,True,False
14,ASS ASS IN FC,Torriani,P,,,False,True
14,ASS ASS IN FC,Terracciano,P,,,False,True
14,ASS ASS IN FC,Gosens,D,,,False,True
14,ASS ASS IN FC,Comuzzo,D,6.5,6.5,False,True
14,ASS ASS IN FC,Ziolkowski,D,6.0,6.0,False,True
14,ASS ASS IN FC,Biraghi,D,,,False,True
14,ASS ASS IN FC,Ghilardi,D,,,False,True
14,ASS ASS IN FC,Nicolussi Caviglia,C,,,False,True
14,ASS ASS IN FC,Prati,C,,,False,True
14,ASS ASS IN FC,Adzic,C,,,False,True
14,ASS ASS IN FC,Zambo Anguissa,C,,,False,True
14,ASS ASS IN FC,Zapata D.,A,5.0,5.0,False,True
14,ASS ASS IN FC,Simeone,A,6.5,6.5,False,True
14,ASS ASS IN FC,Buffon L.,A,,,False,True
14,CHELSEA,Provedel,P,6.0,7.0,True,False
14,CHELSEA,Rensch,D,6.5,6.5,True,False
14,CHELSEA,Martin,D,,,False,False
14,CHELSEA,Hermoso,D,,,False,False
14,CHELSEA,Scalvini,D,,,False,False
14,CHELSEA,Konè M.,C,6.0,5.5,True,False
14,CHELSEA,Zalewski,C,6.5,7.0,True,False
14,CHELSEA,Calhanoglu,C,,,False,False
14,CHELSEA,Bonny,A,5.5,5.5,True,False
14,CHELSEA,Hojlund,A,5.0,5.0,True,False
14,CHELSEA,Martinez L.,A,6.5,6.5,True,False
14,CHELSEA,Mandas,P,,,False,True
14,CHELSEA,Furlanetto,P,,,False,True
14,CHELSEA,Ederson D.S.,C,6.0,6.0,True,True
14,CHELSEA,Masini,C,,,False,True
14,CHELSEA,El Shaarawy,C,6.0,6.0,False,True
14,CHELSEA,Hojholt,C,5.0,5.0,False,True
14,CHELSEA,Onana J.,C,,,False,True
14,CHELSEA,Esposito Se.,A,5.5,5.0,False,True
14,CHELSEA,Colombo,A,6.0,6.0,False,True
14,CHELSEA,Dzeko,A,,,False,True
14,CHELSEA,Terracciano F.,D,6.5,6.5,True,True
14,CHELSEA,Luperto,D,,,False,True
14,CHELSEA,Valeri,D,6.0,6.0,True,True
14,CHELSEA,Circati,D,6.5,6.5,True,True
14,TEAM YANGTUO,Svilar,P,7.0,5.0,True,False
14,TEAM YANGTUO,Zortea,D,,,False,False
14,TEAM YANGTUO,Darmian,D,,,False,False
14,TEAM YANGTUO,Ranieri L.,D,6.0,5.5,True,False
14,TEAM YANGTUO,Obert,D,6.0,6.0,True,False
14,TEAM YANGTUO,Politano,C,5.5,5.5,True,False
14,TEAM YANGTUO,Rabiot,C,8.0,15.0,True,False
14,TEAM YANGTUO,Vlasic,C,7.0,10.0,True,False
14,TEAM YANGTUO,Folorunsho,C,7.0,10.0,True,False
14,TEAM YANGTUO,Castellanos,A,5.0,5.0,True,False
14,TEAM YANGTUO,Giovane,A,5.5,5.5,True,False
14,TEAM YANGTUO,Gollini,P,,,False,True
14,TEAM YANGTUO,Vasquez D.,P,,,False,True
14,TEAM YANGTUO,Stanciu,C,,,False,True
14,TEAM YANGTUO,Matic,C,5.5,5.0,False,True
14,TEAM YANGTUO,Ngonge,A,,,False,True
14,TEAM YANGTUO,Buksa,A,5.5,5.5,False,True
14,TEAM YANGTUO,Ellertsson,C,6.5,6.5,False,True
14,TEAM YANGTUO,Ekuban,A,6.5,6.5,False,True
14,TEAM YANGTUO,Lazaro,D,6.0,6.0,True,True
14,TEAM YANGTUO,Vojvoda,D,6.0,6.0,True,True
14,TEAM YANGTUO,Frese,D,,,False,True
14,TEAM YANGTUO,De Bruyne,C,,,False,True
14,TEAM YANGTUO,Yildiz,A,7.0,7.0,False,True
14,TEAM YANGTUO,Gallo,D,6.0,6.0,False,True
14,BOBOTOTTI,Meret,P,,,False,False
14,BOBOTOTTI,Kristensen T.,D,4.5,4.5,True,False
14,BOBOTOTTI,Vasquez,D,6.5,6.5,True,False
14,BOBOTOTTI,Gabbia,D,5.5,5.5,True,False
14,BOBOTOTTI,Vazquez,C,,,False,False
14,BOBOTOTTI,Zhegrova,C,6.0,6.0,True,False
14,BOBOTOTTI,Modric,C,6.0,6.0,True,False
14,BOBOTOTTI,Saelemaekers,C,6.0,6.0,True,False
14,BOBOTOTTI,Vlahovic,A,,,False,False
14,BOBOTOTTI,Lookman,A,,,False,False
14,BOBOTOTTI,Krstovic,A,,,False,False
14,BOBOTOTTI,Sava,P,5.0,0.0,True,True
14,BOBOTOTTI,Falcone,P,7.0,6.0,False,True
14,BOBOTOTTI,Gutierrez,D,,,False,True
14,BOBOTOTTI,Valle,D,,,False,True
14,BOBOTOTTI,Tsimikas,D,,,False,True
14,BOBOTOTTI,Coco,D,,,False,True
14,BOBOTOTTI,Zanoli,D,5.5,5.0,False,True
14,BOBOTOTTI,Pellegrini Lo.,C,5.5,5.5,True,True
14,BOBOTOTTI,Maldini,C,6.5,6.5,False,True
14,BOBOTOTTI,Bernabè,C,6.0,6.0,False,True
14,BOBOTOTTI,Frendrup,C,7.0,7.0,False,True
14,BOBOTOTTI,Dovbyk,A,,,False,True
14,BOBOTOTTI,Lang,A,5.5,5.5,True,True
14,BOBOTOTTI,Cutrone,A,5.5,5.5,True,True
14,TEAM HAIR FLICK,Butez,P,5.5,2.5,True,False
14,TEAM HAIR FLICK,Miranda J.,D,6.0,6.0,True,False
14,TEAM HAIR FLICK,Mina,D,5.5,5.0,True,False
14,TEAM HAIR FLICK,Bisseck,D,,,False,False
14,TEAM HAIR FLICK,Norton-Cuffy,D,5.0,5.0,True,False
14,TEAM HAIR FLICK,Thuram K.,C,6.5,6.5,True,False
14,TEAM HAIR FLICK,Zielinski,C,6.0,6.0,True,False
14,TEAM HAIR FLICK,Bailey,C,5.5,5.5,True,False
14,TEAM HAIR FLICK,Ferguson E.,A,6.0,6.0,True,False
14,TEAM HAIR FLICK,Kean,A,7.5,13.5,True,False
14,TEAM HAIR FLICK,De Ketelaere,A,5.0,5.0,True,False
14,TEAM HAIR FLICK,Nkunku,A,6.5,8.5,False,True
14,TEAM HAIR FLICK,Moreo,A,7.0,11.0,False,True
14,TEAM HAIR FLICK,Pellegrino M.,A,5.5,5.5,False,True
14,TEAM HAIR FLICK,Carboni V.,C,,,False,True
14,TEAM HAIR FLICK,Casadei,C,,,False,True
14,TEAM HAIR FLICK,Oristanio,C,,,False,True
14,TEAM HAIR FLICK,Aebischer,C,6.0,6.0,False,True
14,TEAM HAIR FLICK,Tavares N.,D,,,False,True
14,TEAM HAIR FLICK,Pezzella Giu.,D,6.0,5.5,True,True
14,TEAM HAIR FLICK,Ramon,D,5.5,5.0,False,True
14,TEAM HAIR FLICK,Pongracic,D,6.5,6.5,False,True
14,TEAM HAIR FLICK,Cavlina,P,,,False,True
14,TEAM HAIR FLICK,Vigorito,P,,,False,True
14,TEAM HAIR FLICK,Berisha M.,C,,,False,True
14,VINCENZO,Carnesecchi,P,6.5,7.5,True,False
14,VINCENZO,Angori,D,6.5,6.5,True,False
14,VINCENZO,Mancini,D,5.5,5.5,True,False
14,VINCENZO,Kalulu,D,6.0,6.0,True,False
14,VINCENZO,Floriani Mussolini,D,,,False,False
14,VINCENZO,Rowe,C,,,False,False
14,VINCENZO,Locatelli,C,6.5,6.5,True,False
14,VINCENZO,Guendouzi,C,6.0,5.5,True,False
14,VINCENZO,Scamacca,A,5.5,5.5,True,False
14,VINCENZO,Thuram,A,5.5,5.0,True,False
14,VINCENZO,Cancellieri,A,5.5,5.5,True,False
14,VINCENZO,Sportiello,P,,,False,True
14,VINCENZO,Rossi F.,P,,,False,True
14,VINCENZO,Esposito F.P.,A,7.0,11.0,False,True
14,VINCENZO,Stulic,A,6.0,6.0,False,True
14,VINCENZO,Dia,A,,,False,True
14,VINCENZO,Baturina,C,6.5,7.5,True,True
14,VINCENZO,Miller L.,C,,,False,True
14,VINCENZO,Ndour,C,7.0,10.0,False,True
14,VINCENZO,Estupinan,D,,,False,True
14,VINCENZO,Dodò,D,7.0,8.0,True,True
14,VINCENZO,Joao Mario,D,,,False,True
14,VINCENZO,Delprato,D,6.5,6.5,False,True
14,VINCENZO,Zaccagni,C,,,False,True
14,VINCENZO,Rovella,C,,,False,True
14,TEAM WOLFLING,Di Gregorio,P,6.0,5.0,True,False
14,TEAM WOLFLING,Pavlovic,D,,,False,False
14,TEAM WOLFLING,Bastoni,D,6.5,6.5,True,False
14,TEAM WOLFLING,Smolcic I.,D,,,False,False
14,TEAM WOLFLING,Baschirotto,D,6.5,6.5,True,False
14,TEAM WOLFLING,Mandragora,C,7.0,10.0,True,False
14,TEAM WOLFLING,McTominay,C,6.0,6.0,True,False
14,TEAM WOLFLING,Pulisic,C,,,False,False
14,TEAM WOLFLING,Gaetano,C,6.5,7.5,True,False
14,TEAM WOLFLING,Bonazzoli,A,6.5,6.5,True,False
14,TEAM WOLFLING,Pinamonti,A,,,False,False
14,TEAM WOLFLING,Perin,P,,,False,True
14,TEAM WOLFLING,Tiago Gabriel,D,6.0,6.0,True,True
14,TEAM WOLFLING,Lovik,D,,,False,True
14,TEAM WOLFLING,Bernede,C,6.5,7.5,True,True
14,TEAM WOLFLING,Kaba,C,6.0,6.0,False,True
14,TEAM WOLFLING,Marchwinski,C,,,False,True
14,TEAM WOLFLING,Rog,C,,,False,True
14,TEAM WOLFLING,Sanabria,A,6.0,6.0,True,True
14,TEAM WOLFLING,Pavoletti,A,,,False,True
14,TEAM WOLFLING,Ekhator,A,,,False,True
14,TEAM WOLFLING,Milik,A,,,False,True
14,TOMATO,Sommer,P,6.5,7.5,True,False
14,TOMATO,Palestra,D,6.0,6.0,True,False
14,TOMATO,Solet,D,6.0,9.0,True,False
14,TOMATO,Heggem,D,7.0,7.0,True,False
14,TOMATO,Carlos Augusto,D,6.5,6.5,True,False
14,TOMATO,Odgaard,C,6.5,9.5,True,False
14,TOMATO,Conceicao,C,7.0,9.5,True,False
14,TOMATO,Gudmundsson A.,C,7.5,11.5,True,False
14,TOMATO,Mkhitaryan,C,6.0,6.0,True,False
14,TOMATO,Addai,A,,,False,False
14,TOMATO,Soulè,A,5.5,5.0,True,False
14,TOMATO,Martinez Jo.,P,,,False,True
14,TOMATO,Coulibaly W.,D,,,False,True
14,TOMATO,Asllani,C,6.0,6.0,False,True
14,TOMATO,Cuadrado,D,,,False,True
14,TOMATO,Acerbi,D,6.0,6.0,False,True
14,TOMATO,Bellanova,D,,,False,True
14,TOMATO,Atta,C,,,False,True
14,TOMATO,Frattesi,C,6.0,6.0,False,True
14,TOMATO,Tramoni M.,C,6.5,8.5,False,True
14,TOMATO,Di Gennaro,P,,,False,True
14,TOMATO,Rodriguez Je.,A,6.5,6.5,True,True
14,TOMATO,Lucca,A,,,False,True
14,TOMATO,Gimenez,A,,,False,True
14,TOMATO,Berardi,A,,,False,True
15,VINCENZO,Carnesecchi,P,6.5,5.5,True,False
15,VINCENZO,Angori,D,6.0,5.5,True,False
15,VINCENZO,Mancini,D,6.5,6.5,True,False
15,VINCENZO,Kalulu,D,7.0,11.0,True,False
15,VINCENZO,Dodò,D,5.5,5.5,True,False
15,VINCENZO,Ndour,C,5.5,5.5,True,False
15,VINCENZO,Locatelli,C,6.5,6.0,True,False
15,VINCENZO,Zaccagni,C,5.5,5.5,True,False
15,VINCENZO,Scamacca,A,5.5,5.5,True,False
15,VINCENZO,Thuram,A,5.5,5.5,True,False
15,VINCENZO,Cancellieri,A,6.5,6.0,True,False
15,VINCENZO,Sportiello,P,,,False,True
15,VINCENZO,Rossi F.,P,,,False,True
15,VINCENZO,Esposito F.P.,A,6.5,7.5,False,True
15,VINCENZO,Stulic,A,5.5,5.5,False,True
15,VINCENZO,Dia,A,,,False,True
15,VINCENZO,Baturina,C,,,False,True
15,VINCENZO,Rowe,C,6.0,6.0,False,True
15,VINCENZO,Miller L.,C,,,False,True
15,VINCENZO,Delprato,D,,,False,True
15,VINCENZO,Estupinan,D,,,False,True
15,VINCENZO,Floriani Mussolini,D,,,False,True
15,VINCENZO,Joao Mario,D,,,False,True
15,VINCENZO,Guendouzi,C,,,False,True
15,VINCENZO,Rovella,C,,,False,True
15,PAUL POGSHAO,Ravaglia F.,P,5.5,4.0,True,False
15,PAUL POGSHAO,Dimarco,D,6.5,6.5,True,False
15,PAUL POGSHAO,Cambiaso,D,6.0,6.0,True,False
15,PAUL POGSHAO,Di Lorenzo,D,6.5,6.5,True,False
15,PAUL POGSHAO,Wesley,D,6.0,6.0,True,False
15,PAUL POGSHAO,Paz N.,C,7.5,12.5,True,False
15,PAUL POGSHAO,Cristante,C,6.5,6.5,True,False
15,PAUL POGSHAO,Perrone,C,6.5,6.0,True,False
15,PAUL POGSHAO,Laurientè,A,6.0,6.5,True,False
15,PAUL POGSHAO,Vardy,A,5.5,5.5,True,False
15,PAUL POGSHAO,Cambiaghi,A,,,False,False
15,PAUL POGSHAO,Pessina Mas.,P,,,False,True
15,PAUL POGSHAO,Skorupski,P,,,False,True
15,PAUL POGSHAO,Kempf,D,,,False,True
15,PAUL POGSHAO,Akanji,D,7.0,7.0,False,True
15,PAUL POGSHAO,Canestrelli,D,6.0,6.0,False,True
15,PAUL POGSHAO,Coppola F.,D,,,False,True
15,PAUL POGSHAO,Bondo,C,6.0,6.0,False,True
15,PAUL POGSHAO,Koopmeiners,C,5.5,5.5,False,True
15,PAUL POGSHAO,Sucic P.,C,,,False,True
15,PAUL POGSHAO,Vural,C,5.5,5.0,False,True
15,PAUL POGSHAO,El Aynaoui,C,,,False,True
15,PAUL POGSHAO,Piccoli,A,5.0,5.0,True,True
15,PAUL POGSHAO,Moro L.,A,,,False,True
15,PAUL POGSHAO,Morata,A,,,False,True
15,CHELSEA,Provedel,P,6.0,5.0,True,False
15,CHELSEA,Rensch,D,,,False,False
15,CHELSEA,Hermoso,D,6.5,6.5,True,False
15,CHELSEA,Terracciano F.,D,5.5,5.5,True,False
15,CHELSEA,Circati,D,6.5,6.0,True,False
15,CHELSEA,Konè M.,C,7.5,11.5,True,False
15,CHELSEA,Zalewski,C,6.5,6.5,True,False
15,CHELSEA,Calhanoglu,C,6.5,6.5,True,False
15,CHELSEA,Esposito Se.,A,5.5,5.5,True,False
15,CHELSEA,Hojlund,A,8.0,15.0,True,False
15,CHELSEA,Martinez L.,A,7.0,11.0,True,False
15,CHELSEA,Mandas,P,,,False,True
15,CHELSEA,Furlanetto,P,,,False,True
15,CHELSEA,Dzeko,A,,,False,True
15,CHELSEA,Colombo,A,6.0,6.0,False,True
15,CHELSEA,Ederson D.S.,C,6.5,6.5,False,True
15,CHELSEA,Bonny,A,,,False,True
15,CHELSEA,Masini,C,,,False,True
15,CHELSEA,El Shaarawy,C,6.0,6.0,False,True
15,CHELSEA,Hojholt,C,6.0,6.0,False,True
15,CHELSEA,Onana J.,C,,,False,True
15,CHELSEA,Martin,D,5.5,5.5,True,True
15,CHELSEA,Luperto,D,6.5,6.5,False,True
15,CHELSEA,Valeri,D,6.0,6.0,False,True
15,CHELSEA,Scalvini,D,,,False,True
15,TEAM GLIDER,De Gea,P,6.0,5.0,True,False
15,TEAM GLIDER,Veiga D.,D,5.0,5.0,True,False
15,TEAM GLIDER,Rrahmani,D,6.0,6.0,True,False
15,TEAM GLIDER,Bremer,D,6.0,6.0,True,False
15,TEAM GLIDER,Da Cunha,C,6.5,6.5,True,False
15,TEAM GLIDER,Orsolini,C,5.5,5.5,True,False
15,TEAM GLIDER,Loftus-Cheek,C,6.5,6.5,True,False
15,TEAM GLIDER,Tourè I.,C,5.5,5.5,True,False
15,TEAM GLIDER,Douvikas,A,7.0,10.0,True,False
15,TEAM GLIDER,Openda,A,5.0,5.0,True,False
15,TEAM GLIDER,Castro S.,A,5.5,5.5,True,False
15,TEAM GLIDER,Martinelli T.,P,,,False,True
15,TEAM GLIDER,Lezzerini,P,,,False,True
15,TEAM GLIDER,Juan Jesus,D,6.0,5.5,False,True
15,TEAM GLIDER,N'Dicka,D,,,False,True
15,TEAM GLIDER,Ehizibue,D,,,False,True
15,TEAM GLIDER,Esteves T.,D,,,False,True
15,TEAM GLIDER,Zerbin,C,5.5,5.5,False,True
15,TEAM GLIDER,Isaksen,C,,,False,True
15,TEAM GLIDER,Leris,C,6.5,6.5,False,True
15,TEAM GLIDER,Ilkhan,C,,,False,True
15,TEAM GLIDER,David,A,6.0,6.5,False,True
15,TEAM GLIDER,Benedyczak,A,5.5,5.5,False,True
15,TEAM GLIDER,Meister,A,,,False,True
15,TEAM GLIDER,Gatti,D,,,False,True
15,TOMATO,Sommer,P,6.0,7.0,True,False
15,TOMATO,Palestra,D,7.0,7.0,True,False
15,TOMATO,Solet,D,5.5,3.5,True,False
15,TOMATO,Heggem,D,,,False,False
15,TOMATO,Carlos Augusto,D,6.0,6.0,True,False
15,TOMATO,Odgaard,C,,,False,False
15,TOMATO,Conceicao,C,,,False,False
15,TOMATO,Gudmundsson A.,C,6.0,6.0,True,False
15,TOMATO,Mkhitaryan,C,6.0,6.0,True,False
15,TOMATO,Addai,A,,,False,False
15,TOMATO,Soulè,A,7.5,10.5,True,False
15,TOMATO,Martinez Jo.,P,,,False,True
15,TOMATO,Coulibaly W.,D,,,False,True
15,TOMATO,Asllani,C,5.5,5.5,True,True
15,TOMATO,Cuadrado,D,,,False,True
15,TOMATO,Acerbi,D,,,False,True
15,TOMATO,Bellanova,D,,,False,True
15,TOMATO,Atta,C,,,False,True
15,TOMATO,Frattesi,C,,,False,True
15,TOMATO,Tramoni M.,C,5.5,5.0,True,True
15,TOMATO,Di Gennaro,P,,,False,True
15,TOMATO,Rodriguez Je.,A,6.5,6.5,True,True
15,TOMATO,Lucca,A,,,False,True
15,TOMATO,Gimenez,A,,,False,True
15,TOMATO,Berardi,A,,,False,True
15,ASS ASS IN FC,Maignan,P,6.0,7.0,True,False
15,ASS ASS IN FC,Bartesaghi,D,6.5,6.5,True,False
15,ASS ASS IN FC,Buongiorno,D,6.0,6.0,True,False
15,ASS ASS IN FC,Tomori,D,6.5,6.5,True,False
15,ASS ASS IN FC,Comuzzo,D,6.0,6.0,True,False
15,ASS ASS IN FC,Barella,C,5.5,5.5,True,False
15,ASS ASS IN FC,Nicolussi Caviglia,C,,,False,False
15,ASS ASS IN FC,Volpato,C,6.0,6.0,True,False
15,ASS ASS IN FC,Leao,A,,,False,False
15,ASS ASS IN FC,Davis K.,A,7.0,11.0,True,False
15,ASS ASS IN FC,Dybala,A,6.5,6.5,True,False
15,ASS ASS IN FC,Torriani,P,,,False,True
15,ASS ASS IN FC,Terracciano,P,,,False,True
15,ASS ASS IN FC,Gosens,D,6.0,6.0,False,True
15,ASS ASS IN FC,Ziolkowski,D,6.5,6.5,False,True
15,ASS ASS IN FC,Biraghi,D,,,False,True
15,ASS ASS IN FC,Ghilardi,D,6.0,6.0,False,True
15,ASS ASS IN FC,Malinovskyi,C,5.0,5.0,True,True
15,ASS ASS IN FC,Pasalic,C,5.5,5.5,False,True
15,ASS ASS IN FC,Prati,C,7.0,10.0,False,True
15,ASS ASS IN FC,Adzic,C,,,False,True
15,ASS ASS IN FC,Zambo Anguissa,C,,,False,True
15,ASS ASS IN FC,Zapata D.,A,5.5,5.5,True,True
15,ASS ASS IN FC,Simeone,A,5.5,5.5,False,True
15,ASS ASS IN FC,Buffon L.,A,,,False,True
15,BOBOTOTTI,Meret,P,,,False,False
15,BOBOTOTTI,Kristensen T.,D,5.5,5.5,True,False
15,BOBOTOTTI,Vasquez,D,5.0,5.0,True,False
15,BOBOTOTTI,Gabbia,D,,,False,False
15,BOBOTOTTI,Vazquez,C,,,False,False
15,BOBOTOTTI,Zhegrova,C,6.5,6.5,True,False
15,BOBOTOTTI,Modric,C,7.0,7.0,True,False
15,BOBOTOTTI,Saelemaekers,C,6.0,6.0,True,False
15,BOBOTOTTI,Vlahovic,A,,,False,False
15,BOBOTOTTI,Lookman,A,,,False,False
15,BOBOTOTTI,Krstovic,A,,,False,False
15,BOBOTOTTI,Sava,P,,,False,True
15,BOBOTOTTI,Falcone,P,5.5,2.5,True,True
15,BOBOTOTTI,Gutierrez,D,6.0,6.0,True,True
15,BOBOTOTTI,Valle,D,,,False,True
15,BOBOTOTTI,Tsimikas,D,,,False,True
15,BOBOTOTTI,Coco,D,,,False,True
15,BOBOTOTTI,Zanoli,D,6.0,6.0,False,True
15,BOBOTOTTI,Pellegrini Lo.,C,,,False,True
15,BOBOTOTTI,Maldini,C,,,False,True
15,BOBOTOTTI,Bernabè,C,6.5,6.5,True,True
15,BOBOTOTTI,Frendrup,C,5.5,5.0,False,True
15,BOBOTOTTI,Dovbyk,A,,,False,True
15,BOBOTOTTI,Lang,A,6.0,6.0,True,True
15,BOBOTOTTI,Cutrone,A,,,False,True
15,TEAM HAIR FLICK,Butez,P,6.5,7.0,True,False
15,TEAM HAIR FLICK,Miranda J.,D,6.0,6.0,True,False
15,TEAM HAIR FLICK,Ramon,D,7.0,10.0,True,False
15,TEAM HAIR FLICK,Bisseck,D,6.5,6.5,True,False
15,TEAM HAIR FLICK,Pongracic,D,6.0,5.5,True,False
15,TEAM HAIR FLICK,Thuram K.,C,5.5,5.5,True,False
15,TEAM HAIR FLICK,Casadei,C,,,False,False
15,TEAM HAIR FLICK,Oristanio,C,6.0,6.0,True,False
15,TEAM HAIR FLICK,Pellegrino M.,A,6.5,7.0,True,False
15,TEAM HAIR FLICK,Kean,A,5.0,5.0,True,False
15,TEAM HAIR FLICK,De Ketelaere,A,6.0,6.0,True,False
15,TEAM HAIR FLICK,Nkunku,A,7.5,12.5,False,True
15,TEAM HAIR FLICK,Ferguson E.,A,7.0,11.0,False,True
15,TEAM HAIR FLICK,Moreo,A,5.5,5.5,False,True
15,TEAM HAIR FLICK,Carboni V.,C,,,False,True
15,TEAM HAIR FLICK,Zielinski,C,6.5,6.5,True,True
15,TEAM HAIR FLICK,Aebischer,C,6.0,6.0,False,True
15,TEAM HAIR FLICK,Pezzella Giu.,D,5.5,5.5,False,True
15,TEAM HAIR FLICK,Tavares N.,D,,,False,True
15,TEAM HAIR FLICK,Norton-Cuffy,D,5.5,5.5,False,True
15,TEAM HAIR FLICK,Cavlina,P,,,False,True
15,TEAM HAIR FLICK,Vigorito,P,,,False,True
15,TEAM HAIR FLICK,Berisha M.,C,,,False,True
15,TEAM HAIR FLICK,Bailey,C,,,False,True
15,TEAM HAIR FLICK,Mina,D,,,False,True
15,TEAM YANGTUO,Svilar,P,6.0,5.0,True,False
15,TEAM YANGTUO,Zortea,D,6.5,7.5,True,False
15,TEAM YANGTUO,Vojvoda,D,7.0,8.5,True,False
15,TEAM YANGTUO,Lazaro,D,5.5,5.5,True,False
15,TEAM YANGTUO,Matic,C,6.5,6.5,True,False
15,TEAM YANGTUO,Politano,C,6.5,6.5,True,False
15,TEAM YANGTUO,Rabiot,C,7.0,8.0,True,False
15,TEAM YANGTUO,Vlasic,C,7.0,9.5,True,False
15,TEAM YANGTUO,Yildiz,A,6.5,9.5,True,False
15,TEAM YANGTUO,Castellanos,A,6.0,6.0,True,False
15,TEAM YANGTUO,Giovane,A,6.0,6.0,True,False
15,TEAM YANGTUO,Gollini,P,,,False,True
15,TEAM YANGTUO,Vasquez D.,P,,,False,True
15,TEAM YANGTUO,Stanciu,C,,,False,True
15,TEAM YANGTUO,Ngonge,A,6.0,6.0,False,True
15,TEAM YANGTUO,Buksa,A,,,False,True
15,TEAM YANGTUO,Ellertsson,C,5.5,5.5,False,True
15,TEAM YANGTUO,Ekuban,A,5.0,5.0,False,True
15,TEAM YANGTUO,Gallo,D,5.5,5.5,False,True
15,TEAM YANGTUO,Obert,D,,,False,True
15,TEAM YANGTUO,Darmian,D,,,False,True
15,TEAM WOLFLING,Di Gregorio,P,6.0,7.0,True,False
15,TEAM WOLFLING,Pavlovic,D,6.5,6.5,True,False
15,TEAM WOLFLING,Bastoni,D,6.0,5.5,True,False
15,TEAM WOLFLING,Tiago Gabriel,D,5.5,5.5,True,False
15,TEAM WOLFLING,Baschirotto,D,5.0,5.0,True,False
15,TEAM WOLFLING,Mandragora,C,5.5,5.0,True,False
15,TEAM WOLFLING,McTominay,C,6.5,6.5,True,False
15,TEAM WOLFLING,Pulisic,C,7.0,11.0,True,False
15,TEAM WOLFLING,Gaetano,C,6.0,6.0,True,False
15,TEAM WOLFLING,Bonazzoli,A,6.0,5.5,True,False
15,TEAM WOLFLING,Pinamonti,A,5.5,5.5,True,False
15,TEAM WOLFLING,Perin,P,,,False,True
15,TEAM WOLFLING,Smolcic I.,D,5.5,5.0,False,True
15,TEAM WOLFLING,Lovik,D,,,False,True
15,TEAM WOLFLING,Bernede,C,5.5,5.5,False,True
15,TEAM WOLFLING,Kaba,C,5.0,5.0,False,True
15,TEAM WOLFLING,Rog,C,,,False,True
15,TEAM WOLFLING,Sanabria,A,5.5,5.5,False,True
15,TEAM WOLFLING,Pavoletti,A,,,False,True
15,TEAM WOLFLING,Ekhator,A,6.5,9.5,False,True
15,TEAM WOLFLING,Milik,A,,,False,True
16,PAUL POGSHAO,Ravaglia F.,P,7.0,4.0,True,False
16,PAUL POGSHAO,Dimarco,D,6.5,7.5,True,False
16,PAUL POGSHAO,Kempf,D,6.0,6.0,True,False
16,PAUL POGSHAO,Cambiaso,D,5.0,5.0,True,False
16,PAUL POGSHAO,Wesley,D,6.0,6.0,True,False
16,PAUL POGSHAO,Paz N.,C,6.0,6.0,True,False
16,PAUL POGSHAO,Perrone,C,6.5,6.5,True,False
16,PAUL POGSHAO,Cristante,C,5.5,5.5,True,False
16,PAUL POGSHAO,Vandeputte,C,5.5,5.5,True,False
16,PAUL POGSHAO,Laurientè,A,6.0,6.0,True,False
16,PAUL POGSHAO,Vardy,A,5.5,5.5,True,False
16,PAUL POGSHAO,Pessina Mas.,P,,,False,True
16,PAUL POGSHAO,Skorupski,P,,,False,True
16,PAUL POGSHAO,Di Lorenzo,D,6.5,6.5,False,True
16,PAUL POGSHAO,Mancini,D,6.0,5.5,False,True
16,PAUL POGSHAO,Canestrelli,D,6.0,5.5,False,True
16,PAUL POGSHAO,Coppola F.,D,,,False,True
16,PAUL POGSHAO,Bondo,C,5.5,5.0,False,True
16,PAUL POGSHAO,Koopmeiners,C,5.5,5.5,False,True
16,PAUL POGSHAO,Sucic P.,C,6.0,6.0,False,True
16,PAUL POGSHAO,El Aynaoui,C,,,False,True
16,PAUL POGSHAO,Piccoli,A,5.5,5.5,False,True
16,PAUL POGSHAO,Cambiaghi,A,5.0,5.0,False,True
16,PAUL POGSHAO,Immobile,A,,,False,True
16,PAUL POGSHAO,Moro L.,A,,,False,True
16,TEAM YANGTUO,Svilar,P,5.0,4.0,True,False
16,TEAM YANGTUO,Celik,D,5.5,5.5,True,False
16,TEAM YANGTUO,Vojvoda,D,6.0,6.0,True,False
16,TEAM YANGTUO,Ranieri L.,D,5.5,5.5,True,False
16,TEAM YANGTUO,Ellertsson,C,6.0,6.0,True,False
16,TEAM YANGTUO,Vlasic,C,6.5,6.5,True,False
16,TEAM YANGTUO,Rabiot,C,6.5,7.5,True,False
16,TEAM YANGTUO,Luis Henrique,C,6.0,6.0,True,False
16,TEAM YANGTUO,Yildiz,A,7.0,7.0,True,False
16,TEAM YANGTUO,Adams C.,A,6.0,6.0,True,False
16,TEAM YANGTUO,Giovane,A,6.0,6.0,True,False
16,TEAM YANGTUO,Gollini,P,,,False,True
16,TEAM YANGTUO,Vasquez D.,P,,,False,True
16,TEAM YANGTUO,Ekuban,A,6.0,6.0,False,True
16,TEAM YANGTUO,Buksa,A,,,False,True
16,TEAM YANGTUO,Castellanos,A,,,False,True
16,TEAM YANGTUO,Barbieri,D,6.0,6.0,False,True
16,TEAM YANGTUO,Frese,D,5.0,5.0,False,True
16,TEAM YANGTUO,Zortea,D,5.5,5.5,False,True
16,TEAM YANGTUO,Lazaro,D,6.5,6.5,False,True
16,TEAM YANGTUO,Politano,C,7.5,9.5,False,True
16,TEAM YANGTUO,Elmas,C,5.5,5.5,False,True
16,TEAM YANGTUO,Piotrowski,C,5.0,5.0,False,True
16,TEAM YANGTUO,Matic,C,5.5,5.0,False,True
16,BOBOTOTTI,Meret,P,,,False,False
16,BOBOTOTTI,Kristensen T.,D,6.5,6.5,True,False
16,BOBOTOTTI,Vasquez,D,5.5,5.5,True,False
16,BOBOTOTTI,Gabbia,D,,,False,False
16,BOBOTOTTI,Vazquez,C,6.0,6.0,True,False
16,BOBOTOTTI,Zhegrova,C,6.0,6.0,True,False
16,BOBOTOTTI,Modric,C,7.0,7.0,True,False
16,BOBOTOTTI,Saelemaekers,C,6.0,5.5,True,False
16,BOBOTOTTI,Vlahovic,A,,,False,False
16,BOBOTOTTI,Lookman,A,,,False,False
16,BOBOTOTTI,Krstovic,A,6.0,6.0,True,False
16,BOBOTOTTI,Sava,P,,,False,True
16,BOBOTOTTI,Falcone,P,8.0,8.5,True,True
16,BOBOTOTTI,Gutierrez,D,,,False,True
16,BOBOTOTTI,Valle,D,,,False,True
16,BOBOTOTTI,Tsimikas,D,6.0,6.0,True,True
16,BOBOTOTTI,Coco,D,7.0,7.0,False,True
16,BOBOTOTTI,Zanoli,D,6.0,6.0,False,True
16,BOBOTOTTI,Pellegrini Lo.,C,,,False,True
16,BOBOTOTTI,Maldini,C,6.0,6.0,False,True
16,BOBOTOTTI,Bernabè,C,6.5,6.5,False,True
16,BOBOTOTTI,Frendrup,C,6.0,6.0,False,True
16,BOBOTOTTI,Dovbyk,A,5.5,5.5,True,True
16,BOBOTOTTI,Lang,A,,,False,True
16,BOBOTOTTI,Cutrone,A,,,False,True
16,VINCENZO,Carnesecchi,P,6.5,7.5,True,False
16,VINCENZO,Kalulu,D,5.5,5.5,True,False
16,VINCENZO,Akanji,D,6.5,6.5,True,False
16,VINCENZO,Muharemovic,D,6.0,6.0,True,False
16,VINCENZO,Palestra,D,6.0,5.5,True,False
16,VINCENZO,Fagioli,C,6.5,6.5,True,False
16,VINCENZO,Locatelli,C,6.5,6.5,True,False
16,VINCENZO,McKennie,C,7.0,11.0,True,False
16,VINCENZO,Esposito F.P.,A,6.0,6.0,True,False
16,VINCENZO,Scamacca,A,6.0,6.0,True,False
16,VINCENZO,Soulè,A,5.5,5.5,True,False
16,VINCENZO,Sportiello,P,,,False,True
16,VINCENZO,Rossi F.,P,,,False,True
16,VINCENZO,Rodriguez Je.,A,6.5,6.0,False,True
16,VINCENZO,Kilicsoy,A,5.5,5.5,False,True
16,VINCENZO,Diao,A,,,False,True
16,VINCENZO,Guendouzi,C,6.0,6.0,False,True
16,VINCENZO,Miller L.,C,6.0,6.0,False,True
16,VINCENZO,Rovella,C,,,False,True
16,VINCENZO,Akinsanmiro,C,,,False,True
16,VINCENZO,Atta,C,,,False,True
16,VINCENZO,Dodò,D,6.0,5.5,False,True
16,VINCENZO,Bernasconi,D,6.5,6.5,False,True
16,VINCENZO,De Winter,D,6.5,6.5,False,True
16,VINCENZO,Rodriguez Ju.,D,6.0,6.0,False,True
16,ASS ASS IN FC,Maignan,P,6.0,7.0,True,False
16,ASS ASS IN FC,Gosens,D,6.0,6.0,True,False
16,ASS ASS IN FC,Buongiorno,D,,,False,False
16,ASS ASS IN FC,Tomori,D,6.0,6.0,True,False
16,ASS ASS IN FC,Bartesaghi,D,6.5,6.5,True,False
16,ASS ASS IN FC,Barella,C,6.0,5.5,True,False
16,ASS ASS IN FC,Malinovskyi,C,6.0,5.5,True,False
16,ASS ASS IN FC,Volpato,C,,,False,False
16,ASS ASS IN FC,Leao,A,7.0,11.0,True,False
16,ASS ASS IN FC,Davis K.,A,5.5,5.5,True,False
16,ASS ASS IN FC,Dybala,A,5.0,5.0,True,False
16,ASS ASS IN FC,Torriani,P,,,False,True
16,ASS ASS IN FC,Terracciano,P,,,False,True
16,ASS ASS IN FC,Comuzzo,D,6.5,6.5,True,True
16,ASS ASS IN FC,Ziolkowski,D,5.5,5.5,False,True
16,ASS ASS IN FC,Biraghi,D,,,False,True
16,ASS ASS IN FC,Ghilardi,D,,,False,True
16,ASS ASS IN FC,Prati,C,5.5,5.5,True,True
16,ASS ASS IN FC,Nicolussi Caviglia,C,,,False,True
16,ASS ASS IN FC,Pasalic,C,,,False,True
16,ASS ASS IN FC,Adzic,C,,,False,True
16,ASS ASS IN FC,Zambo Anguissa,C,,,False,True
16,ASS ASS IN FC,Zapata D.,A,6.0,6.0,False,True
16,ASS ASS IN FC,Simeone,A,7.0,11.0,False,True
16,ASS ASS IN FC,Buffon L.,A,,,False,True
16,TEAM GLIDER,De Gea,P,6.5,7.5,True,False
16,TEAM GLIDER,Rrahmani,D,7.5,10.0,True,False
16,TEAM GLIDER,Bremer,D,5.5,5.5,True,False
16,TEAM GLIDER,Parisi,D,6.0,6.0,True,False
16,TEAM GLIDER,Neres,C,6.5,6.5,True,False
16,TEAM GLIDER,Loftus-Cheek,C,6.0,6.0,True,False
16,TEAM GLIDER,McTominay,C,6.5,6.5,True,False
16,TEAM GLIDER,Zaniolo,C,6.0,6.0,True,False
16,TEAM GLIDER,Douvikas,A,6.0,6.0,True,False
16,TEAM GLIDER,David,A,4.5,2.5,True,False
16,TEAM GLIDER,Castro S.,A,6.5,9.5,True,False
16,TEAM GLIDER,Openda,A,5.0,5.0,False,True
16,TEAM GLIDER,Meister,A,5.5,5.5,False,True
16,TEAM GLIDER,Aboukhlal,A,6.0,5.5,False,True
16,TEAM GLIDER,Miretti,C,,,False,True
16,TEAM GLIDER,Isaksen,C,5.5,5.5,False,True
16,TEAM GLIDER,Lipani,C,6.0,6.0,False,True
16,TEAM GLIDER,Liteta,C,,,False,True
16,TEAM GLIDER,Otoa,D,6.0,6.0,False,True
16,TEAM GLIDER,Veiga D.,D,5.5,5.0,False,True
16,TEAM GLIDER,Siebert,D,,,False,True
16,TEAM GLIDER,Gatti,D,,,False,True
16,TEAM GLIDER,N'Dicka,D,,,False,True
16,TEAM GLIDER,Martinelli T.,P,,,False,True
16,TEAM GLIDER,Lezzerini,P,,,False,True
16,TEAM HAIR FLICK,Butez,P,6.0,7.0,True,False
16,TEAM HAIR FLICK,Bisseck,D,6.0,6.0,True,False
16,TEAM HAIR FLICK,Ramon,D,6.5,6.5,True,False
16,TEAM HAIR FLICK,Norton-Cuffy,D,6.0,6.0,True,False
16,TEAM HAIR FLICK,Thorstvedt,C,7.0,10.0,True,False
16,TEAM HAIR FLICK,Thuram K.,C,6.0,6.0,True,False
16,TEAM HAIR FLICK,Zielinski,C,7.0,10.0,True,False
16,TEAM HAIR FLICK,Ondrejka,C,6.0,6.0,True,False
16,TEAM HAIR FLICK,Pellegrino M.,A,7.0,11.0,True,False
16,TEAM HAIR FLICK,Ferguson E.,A,5.0,5.0,True,False
16,TEAM HAIR FLICK,De Ketelaere,A,6.0,6.0,True,False
16,TEAM HAIR FLICK,Kean,A,7.0,11.0,False,True
16,TEAM HAIR FLICK,Jashari,C,,,False,True
16,TEAM HAIR FLICK,Aebischer,C,6.0,6.0,False,True
16,TEAM HAIR FLICK,Freuler,C,,,False,True
16,TEAM HAIR FLICK,Kelly L.,D,6.0,6.0,False,True
16,TEAM HAIR FLICK,Pongracic,D,6.0,6.0,False,True
16,TEAM HAIR FLICK,Kolasinac,D,6.0,6.0,False,True
16,TEAM HAIR FLICK,Djimsiti,D,7.0,7.0,False,True
16,TEAM HAIR FLICK,Miranda J.,D,,,False,True
16,TEAM HAIR FLICK,Cavlina,P,,,False,True
16,TEAM HAIR FLICK,Vigorito,P,,,False,True
16,TEAM HAIR FLICK,De Bruyne,C,,,False,True
16,TEAM HAIR FLICK,Nkunku,A,,,False,True
16,TEAM HAIR FLICK,Lukaku,A,,,False,True
16,TOMATO,Sommer,P,6.0,5.0,True,False
16,TOMATO,Carlos Augusto,D,6.0,6.0,True,False
16,TOMATO,Solet,D,6.0,6.0,True,False
16,TOMATO,Heggem,D,5.5,5.5,True,False
16,TOMATO,Conceicao,C,5.5,5.5,True,False
16,TOMATO,Konè M.,C,5.5,5.5,True,False
16,TOMATO,Gudmundsson A.,C,6.0,6.0,True,False
16,TOMATO,Zaccagni,C,5.5,5.0,True,False
16,TOMATO,Vitinha O.,A,6.0,6.0,True,False
16,TOMATO,Thuram,A,7.0,10.0,True,False
16,TOMATO,Orban G.,A,6.0,6.0,True,False
16,TOMATO,Martinez Jo.,P,,,False,True
16,TOMATO,Nelsson,D,5.0,5.0,False,True
16,TOMATO,Unai Nunez,D,5.0,5.0,False,True
16,TOMATO,Odgaard,C,5.5,5.5,False,True
16,TOMATO,Mkhitaryan,C,6.0,6.0,False,True
16,TOMATO,Frattesi,C,,,False,True
16,TOMATO,Lucca,A,,,False,True
16,TOMATO,Addai,A,,,False,True
16,TOMATO,Bellanova,D,,,False,True
16,TOMATO,Di Gennaro,P,,,False,True
16,TOMATO,Colombo,A,7.0,10.0,False,True
16,TOMATO,Thorsby,C,6.5,6.5,False,True
16,TOMATO,Valeri,D,6.0,6.0,False,True
16,TEAM WOLFLING,Provedel,P,6.0,4.0,True,False
16,TEAM WOLFLING,Spinazzola,D,7.0,11.0,True,False
16,TEAM WOLFLING,Baschirotto,D,6.0,6.0,True,False
16,TEAM WOLFLING,Pavlovic,D,,,False,False
16,TEAM WOLFLING,Bastoni,D,6.0,5.5,True,False
16,TEAM WOLFLING,Ostigard,D,6.5,6.5,True,False
16,TEAM WOLFLING,Konè I.,C,6.0,6.0,True,False
16,TEAM WOLFLING,Mandragora,C,6.0,6.0,True,False
16,TEAM WOLFLING,Pulisic,C,,,False,False
16,TEAM WOLFLING,Bonazzoli,A,5.5,5.5,True,False
16,TEAM WOLFLING,Hojlund,A,6.0,6.0,True,False
16,TEAM WOLFLING,Mandas,P,,,False,True
16,TEAM WOLFLING,Furlanetto,P,,,False,True
16,TEAM WOLFLING,Smolcic I.,D,,,False,True
16,TEAM WOLFLING,Tiago Gabriel,D,5.5,5.5,True,True
16,TEAM WOLFLING,Lovik,D,,,False,True
16,TEAM WOLFLING,Gaetano,C,6.0,6.0,True,True
16,TEAM WOLFLING,Bernede,C,5.0,5.0,False,True
16,TEAM WOLFLING,Ederson D.S.,C,6.0,6.0,False,True
16,TEAM WOLFLING,Kaba,C,5.0,5.0,False,True
16,TEAM WOLFLING,Marchwinski,C,,,False,True
16,TEAM WOLFLING,Sanabria,A,6.0,6.0,False,True
16,TEAM WOLFLING,Stulic,A,6.0,6.0,False,True
16,TEAM WOLFLING,Pavoletti,A,,,False,True
16,TEAM WOLFLING,Milik,A,,,False,True
16,CHELSEA,Di Gregorio,P,6.0,5.0,True,False
16,CHELSEA,Martin,D,6.0,6.0,True,False
16,CHELSEA,Hermoso,D,5.5,5.0,True,False
16,CHELSEA,Terracciano F.,D,6.5,6.5,True,False
16,CHELSEA,Circati,D,6.0,5.5,True,False
16,CHELSEA,Zalewski,C,6.0,7.0,True,False
16,CHELSEA,Calhanoglu,C,6.5,7.0,True,False
16,CHELSEA,Orsolini,C,6.0,6.0,True,False
16,CHELSEA,Baldanzi,C,,,False,False
16,CHELSEA,Pinamonti,A,5.0,5.0,True,False
16,CHELSEA,Martinez L.,A,7.0,12.0,True,False
16,CHELSEA,Esposito Se.,A,6.0,6.0,False,True
16,CHELSEA,Bonny,A,,,False,True
16,CHELSEA,Sarr A.,A,5.5,5.5,False,True
16,CHELSEA,Lobotka,C,7.0,7.0,True,True
16,CHELSEA,Asllani,C,,,False,True
16,CHELSEA,Tramoni M.,C,,,False,True
16,CHELSEA,Pisilli,C,,,False,True
16,CHELSEA,Rensch,D,5.5,5.5,False,True
16,CHELSEA,Zappa,D,5.5,5.5,False,True
16,CHELSEA,Walukiewicz,D,6.5,7.0,False,True
16,CHELSEA,Britschgi,D,6.0,6.0,False,True
16,CHELSEA,Perin,P,,,False,True
16,CHELSEA,Pinsoglio,P,,,False,True
17,TEAM GLIDER,De Gea,P,7.0,5.0,True,False
17,TEAM GLIDER,Parisi,D,6.5,6.0,True,False
17,TEAM GLIDER,Bremer,D,6.5,6.5,True,False
17,TEAM GLIDER,Rrahmani,D,6.0,6.0,True,False
17,TEAM GLIDER,Veiga D.,D,5.5,5.5,True,False
17,TEAM GLIDER,Loftus-Cheek,C,6.0,6.0,True,False
17,TEAM GLIDER,McTominay,C,6.5,9.5,True,False
17,TEAM GLIDER,Zaniolo,C,7.0,10.0,True,False
17,TEAM GLIDER,Openda,A,,,False,False
17,TEAM GLIDER,Douvikas,A,7.5,12.5,True,False
17,TEAM GLIDER,Castro S.,A,5.5,5.5,True,False
17,TEAM GLIDER,David,A,7.5,11.5,True,True
17,TEAM GLIDER,Aboukhlal,A,5.5,5.5,False,True
17,TEAM GLIDER,Meister,A,,,False,True
17,TEAM GLIDER,Isaksen,C,5.5,5.5,False,True
17,TEAM GLIDER,Miretti,C,7.0,10.0,False,True
17,TEAM GLIDER,Neres,C,,,False,True
17,TEAM GLIDER,Lipani,C,,,False,True
17,TEAM GLIDER,Liteta,C,,,False,True
17,TEAM GLIDER,Otoa,D,,,False,True
17,TEAM GLIDER,Siebert,D,,,False,True
17,TEAM GLIDER,Gatti,D,,,False,True
17,TEAM GLIDER,N'Dicka,D,,,False,True
17,TEAM GLIDER,Martinelli T.,P,,,False,True
17,TEAM GLIDER,Lezzerini,P,,,False,True
17,TOMATO,Sommer,P,6.0,7.0,True,False
17,TOMATO,Valeri,D,6.0,6.0,True,False
17,TOMATO,Solet,D,6.0,6.0,True,False
17,TOMATO,Heggem,D,5.0,5.0,True,False
17,TOMATO,Odgaard,C,,,False,False
17,TOMATO,Konè M.,C,6.0,6.0,True,False
17,TOMATO,Gudmundsson A.,C,7.0,9.0,True,False
17,TOMATO,Zaccagni,C,6.0,5.5,True,False
17,TOMATO,Vitinha O.,A,6.5,6.5,True,False
17,TOMATO,Thuram,A,7.0,9.5,True,False
17,TOMATO,Colombo,A,7.0,10.0,True,False
17,TOMATO,Martinez Jo.,P,,,False,True
17,TOMATO,Nelsson,D,,,False,True
17,TOMATO,Unai Nunez,D,6.5,6.5,False,True
17,TOMATO,Mkhitaryan,C,6.0,6.0,True,True
17,TOMATO,Frattesi,C,,,False,True
17,TOMATO,Orban G.,A,7.0,8.5,False,True
17,TOMATO,Lucca,A,5.5,5.5,False,True
17,TOMATO,Addai,A,,,False,True
17,TOMATO,Bellanova,D,,,False,True
17,TOMATO,Di Gennaro,P,,,False,True
17,TOMATO,Thorsby,C,6.0,6.0,False,True
17,TOMATO,Carlos Augusto,D,6.5,6.0,False,True
17,ASS ASS IN FC,Maignan,P,6.0,4.5,True,False
17,ASS ASS IN FC,Gosens,D,7.0,9.5,True,False
17,ASS ASS IN FC,Buongiorno,D,5.0,5.0,True,False
17,ASS ASS IN FC,Tomori,D,6.0,5.5,True,False
17,ASS ASS IN FC,Bartesaghi,D,5.0,5.0,True,False
17,ASS ASS IN FC,Barella,C,6.5,7.5,True,False
17,ASS ASS IN FC,Prati,C,5.5,5.5,True,False
17,ASS ASS IN FC,Malinovskyi,C,6.5,7.5,True,False
17,ASS ASS IN FC,Leao,A,7.0,11.0,True,False
17,ASS ASS IN FC,Davis K.,A,7.0,8.0,True,False
17,ASS ASS IN FC,Dybala,A,6.5,7.5,True,False
17,ASS ASS IN FC,Torriani,P,,,False,True
17,ASS ASS IN FC,Terracciano,P,,,False,True
17,ASS ASS IN FC,Comuzzo,D,4.0,4.0,False,True
17,ASS ASS IN FC,Ziolkowski,D,7.0,7.0,False,True
17,ASS ASS IN FC,Biraghi,D,,,False,True
17,ASS ASS IN FC,Ghilardi,D,6.5,6.5,False,True
17,ASS ASS IN FC,Volpato,C,,,False,True
17,ASS ASS IN FC,Nicolussi Caviglia,C,,,False,True
17,ASS ASS IN FC,Pasalic,C,,,False,True
17,ASS ASS IN FC,Adzic,C,,,False,True
17,ASS ASS IN FC,Zambo Anguissa,C,,,False,True
17,ASS ASS IN FC,Simeone,A,5.0,5.0,False,True
17,ASS ASS IN FC,Zapata D.,A,6.0,6.0,False,True
17,ASS ASS IN FC,Buffon L.,A,,,False,True
17,VINCENZO,Carnesecchi,P,6.5,7.5,True,False
17,VINCENZO,Bernasconi,D,6.5,6.5,True,False
17,VINCENZO,Akanji,D,7.0,7.0,True,False
17,VINCENZO,Kalulu,D,6.5,6.5,True,False
17,VINCENZO,Palestra,D,6.5,6.5,True,False
17,VINCENZO,Miller L.,C,6.5,6.5,True,False
17,VINCENZO,Locatelli,C,7.0,7.0,True,False
17,VINCENZO,McKennie,C,6.5,6.5,True,False
17,VINCENZO,Esposito F.P.,A,6.5,6.5,True,False
17,VINCENZO,Scamacca,A,,,False,False
17,VINCENZO,Soulè,A,,,False,False
17,VINCENZO,Sportiello,P,,,False,True
17,VINCENZO,Rossi F.,P,,,False,True
17,VINCENZO,Rodriguez Je.,A,6.5,7.5,True,True
17,VINCENZO,Kilicsoy,A,6.5,6.5,True,True
17,VINCENZO,Diao,A,,,False,True
17,VINCENZO,Guendouzi,C,5.5,5.5,False,True
17,VINCENZO,Fagioli,C,7.5,8.0,False,True
17,VINCENZO,Rovella,C,,,False,True
17,VINCENZO,Akinsanmiro,C,,,False,True
17,VINCENZO,Atta,C,6.5,6.5,False,True
17,VINCENZO,De Winter,D,,,False,True
17,VINCENZO,Dodò,D,6.0,6.0,False,True
17,VINCENZO,Muharemovic,D,4.5,2.5,False,True
17,VINCENZO,Rodriguez Ju.,D,4.5,4.5,False,True
17,TEAM WOLFLING,Provedel,P,6.0,4.0,True,False
17,TEAM WOLFLING,Spinazzola,D,6.0,6.0,True,False
17,TEAM WOLFLING,Baschirotto,D,5.5,5.5,True,False
17,TEAM WOLFLING,Pavlovic,D,6.0,5.5,True,False
17,TEAM WOLFLING,Bastoni,D,,,False,False
17,TEAM WOLFLING,Ostigard,D,6.5,6.5,True,False
17,TEAM WOLFLING,Konè I.,C,5.0,5.0,True,False
17,TEAM WOLFLING,Mandragora,C,6.5,6.5,True,False
17,TEAM WOLFLING,Pulisic,C,6.0,6.0,True,False
17,TEAM WOLFLING,Bonazzoli,A,7.0,7.5,True,False
17,TEAM WOLFLING,Hojlund,A,5.5,5.5,True,False
17,TEAM WOLFLING,Mandas,P,,,False,True
17,TEAM WOLFLING,Furlanetto,P,,,False,True
17,TEAM WOLFLING,Smolcic I.,D,6.5,6.5,True,True
17,TEAM WOLFLING,Tiago Gabriel,D,5.5,5.5,False,True
17,TEAM WOLFLING,Lovik,D,,,False,True
17,TEAM WOLFLING,Gaetano,C,5.5,5.5,False,True
17,TEAM WOLFLING,Ederson D.S.,C,6.5,6.5,False,True
17,TEAM WOLFLING,Bernede,C,6.5,6.5,False,True
17,TEAM WOLFLING,Kaba,C,5.5,5.5,False,True
17,TEAM WOLFLING,Marchwinski,C,,,False,True
17,TEAM WOLFLING,Sanabria,A,,,False,True
17,TEAM WOLFLING,Stulic,A,5.5,5.5,False,True
17,TEAM WOLFLING,Pavoletti,A,,,False,True
17,BOBOTOTTI,Meret,P,,,False,False
17,BOBOTOTTI,Kristensen T.,D,5.5,5.0,True,False
17,BOBOTOTTI,Vasquez,D,6.5,6.5,True,False
17,BOBOTOTTI,Gabbia,D,5.0,4.5,True,False
17,BOBOTOTTI,Vazquez,C,,,False,False
17,BOBOTOTTI,Zhegrova,C,,,False,False
17,BOBOTOTTI,Modric,C,6.0,6.0,True,False
17,BOBOTOTTI,Saelemaekers,C,6.0,6.0,True,False
17,BOBOTOTTI,Vlahovic,A,,,False,False
17,BOBOTOTTI,Lookman,A,,,False,False
17,BOBOTOTTI,Krstovic,A,7.5,14.5,True,False
17,BOBOTOTTI,Sava,P,,,False,True
17,BOBOTOTTI,Falcone,P,6.0,4.0,True,True
17,BOBOTOTTI,Gutierrez,D,5.5,5.5,False,True
17,BOBOTOTTI,Valle,D,6.0,6.0,False,True
17,BOBOTOTTI,Tsimikas,D,6.0,6.0,False,True
17,BOBOTOTTI,Coco,D,6.5,6.0,False,True
17,BOBOTOTTI,Zanoli,D,7.0,8.0,False,True
17,BOBOTOTTI,Pellegrini Lo.,C,,,False,True
17,BOBOTOTTI,Maldini,C,,,False,True
17,BOBOTOTTI,Bernabè,C,5.5,5.5,True,True
17,BOBOTOTTI,Frendrup,C,6.0,6.0,True,True
17,BOBOTOTTI,Dovbyk,A,7.0,10.0,True,True
17,BOBOTOTTI,Lang,A,6.5,7.5,True,True
17,BOBOTOTTI,Cutrone,A,5.5,5.5,False,True
17,CHELSEA,Di Gregorio,P,6.0,7.0,True,False
17,CHELSEA,Martin,D,6.0,6.0,True,False
17,CHELSEA,Rensch,D,,,False,False
17,CHELSEA,Terracciano F.,D,6.0,6.0,True,False
17,CHELSEA,Zappa,D,5.5,5.5,True,False
17,CHELSEA,Zalewski,C,6.5,6.5,True,False
17,CHELSEA,Calhanoglu,C,6.5,6.0,True,False
17,CHELSEA,Orsolini,C,5.0,5.0,True,False
17,CHELSEA,Lobotka,C,6.0,6.0,True,False
17,CHELSEA,Pinamonti,A,5.0,5.0,True,False
17,CHELSEA,Martinez L.,A,5.5,5.5,True,False
17,CHELSEA,Esposito Se.,A,6.0,6.0,False,True
17,CHELSEA,Bonny,A,,,False,True
17,CHELSEA,Sarr A.,A,5.5,5.5,False,True
17,CHELSEA,Asllani,C,,,False,True
17,CHELSEA,Tramoni M.,C,6.5,6.5,False,True
17,CHELSEA,Pisilli,C,6.5,7.5,False,True
17,CHELSEA,Circati,D,5.0,5.0,True,True
17,CHELSEA,Walukiewicz,D,5.5,5.5,False,True
17,CHELSEA,Britschgi,D,5.5,5.5,False,True
17,CHELSEA,Perin,P,,,False,True
17,CHELSEA,Pinsoglio,P,,,False,True
17,TEAM YANGTUO,Svilar,P,6.0,7.0,True,False
17,TEAM YANGTUO,Celik,D,6.5,6.5,True,False
17,TEAM YANGTUO,Vojvoda,D,6.5,6.5,True,False
17,TEAM YANGTUO,Lazaro,D,6.0,7.0,True,False
17,TEAM YANGTUO,Barbieri,D,5.5,5.5,True,False
17,TEAM YANGTUO,Vlasic,C,5.0,5.0,True,False
17,TEAM YANGTUO,Rabiot,C,6.5,6.5,True,False
17,TEAM YANGTUO,Politano,C,5.5,5.5,True,False
17,TEAM YANGTUO,Elmas,C,5.5,5.5,True,False
17,TEAM YANGTUO,Adams C.,A,5.5,5.5,True,False
17,TEAM YANGTUO,Yildiz,A,6.5,6.5,True,False
17,TEAM YANGTUO,Gollini,P,,,False,True
17,TEAM YANGTUO,Vasquez D.,P,,,False,True
17,TEAM YANGTUO,Giovane,A,5.5,5.5,False,True
17,TEAM YANGTUO,Ekuban,A,,,False,True
17,TEAM YANGTUO,Luis Henrique,C,6.0,6.0,False,True
17,TEAM YANGTUO,Piotrowski,C,6.0,6.0,False,True
17,TEAM YANGTUO,Matic,C,6.0,6.0,False,True
17,TEAM YANGTUO,Ellertsson,C,6.0,6.0,False,True
17,TEAM YANGTUO,Ranieri L.,D,6.0,6.0,False,True
17,TEAM YANGTUO,Zortea,D,5.5,5.5,False,True
17,TEAM YANGTUO,Frese,D,7.0,10.0,False,True
17,PAUL POGSHAO,Ravaglia F.,P,6.0,4.0,True,False
17,PAUL POGSHAO,Dimarco,D,7.5,11.5,True,False
17,PAUL POGSHAO,Di Lorenzo,D,6.5,10.5,True,False
17,PAUL POGSHAO,Cambiaso,D,6.5,6.5,True,False
17,PAUL POGSHAO,Wesley,D,6.0,6.0,True,False
17,PAUL POGSHAO,Paz N.,C,6.0,6.0,True,False
17,PAUL POGSHAO,Perrone,C,7.0,11.0,True,False
17,PAUL POGSHAO,Cristante,C,6.5,6.0,True,False
17,PAUL POGSHAO,Sucic P.,C,5.5,5.5,True,False
17,PAUL POGSHAO,Laurientè,A,5.0,5.0,True,False
17,PAUL POGSHAO,Vardy,A,7.5,11.0,True,False
17,PAUL POGSHAO,Pessina Mas.,P,,,False,True
17,PAUL POGSHAO,Skorupski,P,,,False,True
17,PAUL POGSHAO,Kempf,D,6.0,6.0,False,True
17,PAUL POGSHAO,Mancini,D,,,False,True
17,PAUL POGSHAO,Canestrelli,D,5.5,5.5,False,True
17,PAUL POGSHAO,Coppola F.,D,4.5,4.0,False,True
17,PAUL POGSHAO,Vandeputte,C,5.5,5.5,False,True
17,PAUL POGSHAO,Bondo,C,6.0,5.5,False,True
17,PAUL POGSHAO,Koopmeiners,C,6.0,6.0,False,True
17,PAUL POGSHAO,El Aynaoui,C,,,False,True
17,PAUL POGSHAO,Piccoli,A,6.0,6.0,False,True
17,PAUL POGSHAO,Cambiaghi,A,6.0,6.0,False,True
17,PAUL POGSHAO,Immobile,A,5.5,5.5,False,True
17,PAUL POGSHAO,Moro L.,A,,,False,True
17,TEAM HAIR FLICK,Butez,P,7.0,10.0,True,False
17,TEAM HAIR FLICK,Miranda J.,D,6.0,6.0,True,False
17,TEAM HAIR FLICK,Ramon,D,6.5,6.0,True,False
17,TEAM HAIR FLICK,Bisseck,D,7.0,7.0,True,False
17,TEAM HAIR FLICK,Ondrejka,C,6.5,6.5,True,False
17,TEAM HAIR FLICK,Thuram K.,C,6.5,6.5,True,False
17,TEAM HAIR FLICK,Zielinski,C,6.0,6.0,True,False
17,TEAM HAIR FLICK,Jashari,C,,,False,False
17,TEAM HAIR FLICK,Pellegrino M.,A,5.5,5.5,True,False
17,TEAM HAIR FLICK,Kean,A,5.5,5.5,True,False
17,TEAM HAIR FLICK,De Ketelaere,A,7.5,8.5,True,False
17,TEAM HAIR FLICK,Ferguson E.,A,7.0,11.0,False,True
17,TEAM HAIR FLICK,Nkunku,A,,,False,True
17,TEAM HAIR FLICK,Thorstvedt,C,6.0,6.0,True,True
17,TEAM HAIR FLICK,Freuler,C,5.5,5.5,False,True
17,TEAM HAIR FLICK,Aebischer,C,6.0,5.5,False,True
17,TEAM HAIR FLICK,Pongracic,D,5.0,4.5,False,True
17,TEAM HAIR FLICK,Norton-Cuffy,D,6.0,6.0,False,True
17,TEAM HAIR FLICK,Djimsiti,D,7.0,7.0,False,True
17,TEAM HAIR FLICK,Kolasinac,D,,,False,True
17,TEAM HAIR FLICK,Cavlina,P,,,False,True
17,TEAM HAIR FLICK,Vigorito,P,,,False,True
17,TEAM HAIR FLICK,Kelly L.,D,,,False,True
17,TEAM HAIR FLICK,Lukaku,A,,,False,True
17,TEAM HAIR FLICK,De Bruyne,C,,,False,True
18,TOMATO,Sommer,P,6.0,4.0,True,False
18,TOMATO,Valeri,D,6.0,6.0,True,False
18,TOMATO,Solet,D,6.0,6.0,True,False
18,TOMATO,Heggem,D,6.5,6.5,True,False
18,TOMATO,Carlos Augusto,D,,,False,False
18,TOMATO,Thorsby,C,6.0,6.0,True,False
18,TOMATO,Konè M.,C,7.0,10.5,True,False
18,TOMATO,Gudmundsson A.,C,6.5,7.5,True,False
18,TOMATO,Orban G.,A,5.5,5.5,True,False
18,TOMATO,Thuram,A,6.5,7.5,True,False
18,TOMATO,Colombo,A,7.0,11.0,True,False
18,TOMATO,Martinez Jo.,P,,,False,True
18,TOMATO,Nelsson,D,5.5,3.5,True,True
18,TOMATO,Unai Nunez,D,6.0,6.0,False,True
18,TOMATO,Odgaard,C,,,False,True
18,TOMATO,Mkhitaryan,C,6.5,6.5,False,True
18,TOMATO,Frattesi,C,,,False,True
18,TOMATO,Lucca,A,,,False,True
18,TOMATO,Addai,A,,,False,True
18,TOMATO,Bellanova,D,,,False,True
18,TOMATO,Di Gennaro,P,,,False,True
18,TOMATO,Vitinha O.,A,6.5,6.5,False,True
18,CHELSEA,Di Gregorio,P,6.5,7.5,True,False
18,CHELSEA,Martin,D,7.0,8.0,True,False
18,CHELSEA,Hermoso,D,6.0,5.5,True,False
18,CHELSEA,Circati,D,6.5,6.5,True,False
18,CHELSEA,Rensch,D,,,False,False
18,CHELSEA,Zalewski,C,6.5,6.5,True,False
18,CHELSEA,Calhanoglu,C,6.5,8.5,True,False
18,CHELSEA,Orsolini,C,,,False,False
18,CHELSEA,Pisilli,C,6.5,6.5,True,False
18,CHELSEA,Pinamonti,A,5.5,5.5,True,False
18,CHELSEA,Martinez L.,A,5.5,5.5,True,False
18,CHELSEA,Esposito Se.,A,6.5,6.5,False,True
18,CHELSEA,Bonny,A,,,False,True
18,CHELSEA,Sarr A.,A,6.0,6.0,False,True
18,CHELSEA,Lobotka,C,6.0,6.0,True,True
18,CHELSEA,Tramoni M.,C,7.5,10.5,False,True
18,CHELSEA,Asllani,C,,,False,True
18,CHELSEA,Walukiewicz,D,5.5,5.5,True,True
18,CHELSEA,Terracciano F.,D,4.0,2.0,False,True
18,CHELSEA,Britschgi,D,,,False,True
18,CHELSEA,Zappa,D,5.5,5.5,False,True
18,CHELSEA,Perin,P,,,False,True
18,CHELSEA,Pinsoglio,P,,,False,True
18,BOBOTOTTI,Meret,P,,,False,False
18,BOBOTOTTI,Kristensen T.,D,,,False,False
18,BOBOTOTTI,Vasquez,D,6.5,6.5,True,False
18,BOBOTOTTI,Gabbia,D,6.0,6.0,True,False
18,BOBOTOTTI,Vazquez,C,5.5,5.5,True,False
18,BOBOTOTTI,Zhegrova,C,6.0,6.0,True,False
18,BOBOTOTTI,Modric,C,,,False,False
18,BOBOTOTTI,Saelemaekers,C,6.5,6.5,True,False
18,BOBOTOTTI,Vlahovic,A,,,False,False
18,BOBOTOTTI,Lookman,A,,,False,False
18,BOBOTOTTI,Krstovic,A,6.0,6.0,True,False
18,BOBOTOTTI,Sava,P,,,False,True
18,BOBOTOTTI,Falcone,P,6.0,4.0,True,True
18,BOBOTOTTI,Gutierrez,D,,,False,True
18,BOBOTOTTI,Valle,D,,,False,True
18,BOBOTOTTI,Tsimikas,D,5.0,5.0,True,True
18,BOBOTOTTI,Coco,D,5.5,5.5,False,True
18,BOBOTOTTI,Zanoli,D,6.5,6.5,False,True
18,BOBOTOTTI,Pellegrini Lo.,C,,,False,True
18,BOBOTOTTI,Maldini,C,,,False,True
18,BOBOTOTTI,Bernabè,C,7.5,8.5,True,True
18,BOBOTOTTI,Frendrup,C,7.0,9.5,False,True
18,BOBOTOTTI,Dovbyk,A,,,False,True
18,BOBOTOTTI,Lang,A,6.5,7.5,True,True
18,BOBOTOTTI,Cutrone,A,,,False,True
18,PAUL POGSHAO,Ravaglia F.,P,6.0,5.0,True,False
18,PAUL POGSHAO,Dimarco,D,7.0,10.0,True,False
18,PAUL POGSHAO,Mancini,D,6.5,6.5,True,False
18,PAUL POGSHAO,Di Lorenzo,D,6.5,6.5,True,False
18,PAUL POGSHAO,Cambiaso,D,6.0,6.0,True,False
18,PAUL POGSHAO,Paz N.,C,6.5,6.0,True,False
18,PAUL POGSHAO,Perrone,C,6.5,6.5,True,False
18,PAUL POGSHAO,Koopmeiners,C,6.0,6.0,True,False
18,PAUL POGSHAO,Laurientè,A,6.0,6.0,True,False
18,PAUL POGSHAO,Vardy,A,5.0,5.0,True,False
18,PAUL POGSHAO,Cambiaghi,A,6.0,8.0,True,False
18,PAUL POGSHAO,Pessina Mas.,P,,,False,True
18,PAUL POGSHAO,Skorupski,P,,,False,True
18,PAUL POGSHAO,Kempf,D,6.0,6.0,False,True
18,PAUL POGSHAO,Canestrelli,D,5.5,5.5,False,True
18,PAUL POGSHAO,Coppola F.,D,,,False,True
18,PAUL POGSHAO,Wesley,D,6.5,6.5,False,True
18,PAUL POGSHAO,Vandeputte,C,6.0,6.0,False,True
18,PAUL POGSHAO,Bondo,C,5.0,5.0,False,True
18,PAUL POGSHAO,Sucic P.,C,,,False,True
18,PAUL POGSHAO,Cristante,C,,,False,True
18,PAUL POGSHAO,El Aynaoui,C,,,False,True
18,PAUL POGSHAO,Piccoli,A,,,False,True
18,PAUL POGSHAO,Immobile,A,5.5,5.5,False,True
18,PAUL POGSHAO,Moro L.,A,,,False,True
18,TEAM YANGTUO,Svilar,P,6.5,7.5,True,False
18,TEAM YANGTUO,Celik,D,6.5,6.5,True,False
18,TEAM YANGTUO,Vojvoda,D,5.0,5.0,True,False
18,TEAM YANGTUO,Zortea,D,5.5,5.0,True,False
18,TEAM YANGTUO,Elmas,C,6.5,7.5,True,False
18,TEAM YANGTUO,Vlasic,C,5.5,5.5,True,False
18,TEAM YANGTUO,Rabiot,C,5.5,5.0,True,False
18,TEAM YANGTUO,Politano,C,6.0,6.0,True,False
18,TEAM YANGTUO,Luis Henrique,C,5.5,5.5,True,False
18,TEAM YANGTUO,Giovane,A,6.0,6.0,True,False
18,TEAM YANGTUO,Yildiz,A,7.0,8.0,True,False
18,TEAM YANGTUO,Vasquez D.,P,,,False,True
18,TEAM YANGTUO,Piotrowski,C,5.5,5.5,False,True
18,TEAM YANGTUO,Ellertsson,C,6.5,6.5,False,True
18,TEAM YANGTUO,Matic,C,6.0,5.5,False,True
18,TEAM YANGTUO,Ranieri L.,D,,,False,True
18,TEAM YANGTUO,Frese,D,6.5,6.5,False,True
18,TEAM YANGTUO,Adams C.,A,6.0,6.0,False,True
18,TEAM YANGTUO,Barbieri,D,,,False,True
18,TEAM YANGTUO,Lazaro,D,5.5,5.5,False,True
18,ASS ASS IN FC,Maignan,P,6.5,5.5,True,False
18,ASS ASS IN FC,Gosens,D,6.5,6.5,True,False
18,ASS ASS IN FC,Buongiorno,D,,,False,False
18,ASS ASS IN FC,Ziolkowski,D,,,False,False
18,ASS ASS IN FC,Bartesaghi,D,5.0,5.0,True,False
18,ASS ASS IN FC,Pasalic,C,7.0,10.0,True,False
18,ASS ASS IN FC,Prati,C,5.5,5.5,True,False
18,ASS ASS IN FC,Malinovskyi,C,6.5,7.5,True,False
18,ASS ASS IN FC,Leao,A,5.5,5.5,True,False
18,ASS ASS IN FC,Davis K.,A,6.5,8.5,True,False
18,ASS ASS IN FC,Dybala,A,6.5,6.5,True,False
18,ASS ASS IN FC,Torriani,P,,,False,True
18,ASS ASS IN FC,Terracciano,P,,,False,True
18,ASS ASS IN FC,Comuzzo,D,6.5,9.5,True,True
18,ASS ASS IN FC,Tomori,D,,,False,True
18,ASS ASS IN FC,Biraghi,D,5.0,5.0,True,True
18,ASS ASS IN FC,Ghilardi,D,6.0,6.0,False,True
18,ASS ASS IN FC,Barella,C,5.5,5.5,False,True
18,ASS ASS IN FC,Nicolussi Caviglia,C,,,False,True
18,ASS ASS IN FC,Volpato,C,,,False,True
18,ASS ASS IN FC,Adzic,C,6.0,6.0,False,True
18,ASS ASS IN FC,Zambo Anguissa,C,,,False,True
18,ASS ASS IN FC,Simeone,A,5.5,5.5,False,True
18,ASS ASS IN FC,Zapata D.,A,5.0,5.0,False,True
18,ASS ASS IN FC,Buffon L.,A,,,False,True
18,TEAM HAIR FLICK,Butez,P,6.0,5.0,True,False
18,TEAM HAIR FLICK,Kolasinac,D,,,False,False
18,TEAM HAIR FLICK,Kelly L.,D,6.5,6.5,True,False
18,TEAM HAIR FLICK,Bisseck,D,5.5,5.5,True,False
18,TEAM HAIR FLICK,Norton-Cuffy,D,6.0,6.0,True,False
18,TEAM HAIR FLICK,Thuram K.,C,7.0,8.0,True,False
18,TEAM HAIR FLICK,Zielinski,C,6.5,6.5,True,False
18,TEAM HAIR FLICK,Ondrejka,C,6.0,6.0,True,False
18,TEAM HAIR FLICK,Ferguson E.,A,5.5,5.5,True,False
18,TEAM HAIR FLICK,Kean,A,5.5,5.0,True,False
18,TEAM HAIR FLICK,De Ketelaere,A,7.5,11.5,True,False
18,TEAM HAIR FLICK,Pellegrino M.,A,7.0,11.0,False,True
18,TEAM HAIR FLICK,Nkunku,A,7.0,11.0,False,True
18,TEAM HAIR FLICK,Jashari,C,5.5,5.5,False,True
18,TEAM HAIR FLICK,Freuler,C,6.5,6.0,False,True
18,TEAM HAIR FLICK,Aebischer,C,5.5,6.0,False,True
18,TEAM HAIR FLICK,Djimsiti,D,6.0,6.0,True,True
18,TEAM HAIR FLICK,Miranda J.,D,6.5,6.5,False,True
18,TEAM HAIR FLICK,Pongracic,D,6.0,6.0,False,True
18,TEAM HAIR FLICK,Cavlina,P,,,False,True
18,TEAM HAIR FLICK,Vigorito,P,,,False,True
18,TEAM HAIR FLICK,Lukaku,A,,,False,True
18,TEAM HAIR FLICK,Thorstvedt,C,,,False,True
18,TEAM HAIR FLICK,De Bruyne,C,,,False,True
18,TEAM HAIR FLICK,Ramon,D,,,False,True
18,TEAM GLIDER,De Gea,P,6.5,5.5,True,False
18,TEAM GLIDER,Veiga D.,D,6.0,6.0,True,False
18,TEAM GLIDER,Bremer,D,7.0,11.0,True,False
18,TEAM GLIDER,Rrahmani,D,6.0,5.5,True,False
18,TEAM GLIDER,Neres,C,,,False,False
18,TEAM GLIDER,Isaksen,C,6.0,6.0,True,False
18,TEAM GLIDER,McTominay,C,7.5,14.5,True,False
18,TEAM GLIDER,Zaniolo,C,6.5,7.0,True,False
18,TEAM GLIDER,David,A,7.0,10.0,True,False
18,TEAM GLIDER,Douvikas,A,5.5,5.5,True,False
18,TEAM GLIDER,Castro S.,A,6.5,7.0,True,False
18,TEAM GLIDER,Openda,A,,,False,True
18,TEAM GLIDER,Aboukhlal,A,5.5,5.5,False,True
18,TEAM GLIDER,Meister,A,7.0,11.0,False,True
18,TEAM GLIDER,Miretti,C,7.0,7.5,True,True
18,TEAM GLIDER,Loftus-Cheek,C,5.5,5.5,False,True
18,TEAM GLIDER,Lipani,C,6.0,6.0,False,True
18,TEAM GLIDER,Liteta,C,,,False,True
18,TEAM GLIDER,Parisi,D,6.0,6.0,False,True
18,TEAM GLIDER,Otoa,D,,,False,True
18,TEAM GLIDER,Siebert,D,,,False,True
18,TEAM GLIDER,Gatti,D,,,False,True
18,TEAM GLIDER,N'Dicka,D,,,False,True
18,TEAM GLIDER,Martinelli T.,P,,,False,True
18,TEAM GLIDER,Lezzerini,P,,,False,True
18,VINCENZO,Carnesecchi,P,7.0,8.0,True,False
18,VINCENZO,Bernasconi,D,6.5,7.5,True,False
18,VINCENZO,Akanji,D,5.5,5.5,True,False
18,VINCENZO,Kalulu,D,6.5,7.5,True,False
18,VINCENZO,Palestra,D,5.5,5.5,True,False
18,VINCENZO,Atta,C,6.5,6.5,True,False
18,VINCENZO,Locatelli,C,6.5,6.5,True,False
18,VINCENZO,McKennie,C,7.5,10.5,True,False
18,VINCENZO,Rodriguez Je.,A,7.0,7.5,True,False
18,VINCENZO,Scamacca,A,6.5,7.5,True,False
18,VINCENZO,Soulè,A,7.5,11.5,True,False
18,VINCENZO,Sportiello,P,,,False,True
18,VINCENZO,Rossi F.,P,,,False,True
18,VINCENZO,Kilicsoy,A,5.0,5.0,False,True
18,VINCENZO,Esposito F.P.,A,,,False,True
18,VINCENZO,Diao,A,,,False,True
18,VINCENZO,Miller L.,C,5.5,5.5,False,True
18,VINCENZO,Fagioli,C,6.0,5.5,False,True
18,VINCENZO,Rovella,C,5.5,5.5,False,True
18,VINCENZO,Guendouzi,C,,,False,True
18,VINCENZO,Akinsanmiro,C,,,False,True
18,VINCENZO,De Winter,D,5.5,5.5,False,True
18,VINCENZO,Dodò,D,6.5,6.5,False,True
18,VINCENZO,Muharemovic,D,6.0,6.0,False,True
18,VINCENZO,Rodriguez Ju.,D,5.0,4.5,False,True
18,TEAM WOLFLING,Provedel,P,6.5,7.5,True,False
18,TEAM WOLFLING,Spinazzola,D,6.5,6.5,True,False
18,TEAM WOLFLING,Tiago Gabriel,D,5.0,3.0,True,False
18,TEAM WOLFLING,Pavlovic,D,6.0,6.0,True,False
18,TEAM WOLFLING,Bastoni,D,6.0,6.0,True,False
18,TEAM WOLFLING,Ostigard,D,7.5,10.5,True,False
18,TEAM WOLFLING,Gaetano,C,5.5,5.5,True,False
18,TEAM WOLFLING,Mandragora,C,6.0,6.0,True,False
18,TEAM WOLFLING,Pulisic,C,6.0,6.0,True,False
18,TEAM WOLFLING,Ederson D.S.,C,6.5,6.5,True,False
18,TEAM WOLFLING,Hojlund,A,6.5,6.5,True,False
18,TEAM WOLFLING,Mandas,P,,,False,True
18,TEAM WOLFLING,Furlanetto,P,,,False,True
18,TEAM WOLFLING,Smolcic I.,D,,,False,True
18,TEAM WOLFLING,Baschirotto,D,4.0,4.0,False,True
18,TEAM WOLFLING,Lovik,D,,,False,True
18,TEAM WOLFLING,Konè I.,C,6.5,6.5,False,True
18,TEAM WOLFLING,Kaba,C,6.0,5.5,False,True
18,TEAM WOLFLING,Bernede,C,5.5,5.5,False,True
18,TEAM WOLFLING,Marchwinski,C,,,False,True
18,TEAM WOLFLING,Stulic,A,7.0,10.0,False,True
18,TEAM WOLFLING,Bonazzoli,A,5.5,5.5,False,True
18,TEAM WOLFLING,Sanabria,A,6.0,6.0,False,True
18,TEAM WOLFLING,Pavoletti,A,,,False,True
19,VINCENZO,Carnesecchi,P,7.0,6.0,True,False
19,VINCENZO,Bernasconi,D,5.5,5.5,True,False
19,VINCENZO,Akanji,D,6.5,6.5,True,False
19,VINCENZO,Kalulu,D,5.5,5.5,True,False
19,VINCENZO,Palestra,D,6.5,6.5,True,False
19,VINCENZO,Taylor K.,C,4.5,4.5,True,False
19,VINCENZO,Locatelli,C,6.0,6.0,True,False
19,VINCENZO,McKennie,C,5.0,5.0,True,False
19,VINCENZO,Esposito F.P.,A,6.5,7.5,True,False
19,VINCENZO,Scamacca,A,5.0,5.0,True,False
19,VINCENZO,Soulè,A,6.0,6.0,True,False
19,VINCENZO,Sportiello,P,,,False,True
19,VINCENZO,Rossi F.,P,,,False,True
19,VINCENZO,Rodriguez Je.,A,6.0,6.0,False,True
19,VINCENZO,Kilicsoy,A,6.0,6.0,False,True
19,VINCENZO,Diao,A,,,False,True
19,VINCENZO,Atta,C,5.5,5.5,False,True
19,VINCENZO,Fagioli,C,6.5,6.5,False,True
19,VINCENZO,Diouf,C,,,False,True
19,VINCENZO,Miller L.,C,5.5,5.5,False,True
19,VINCENZO,Rovella,C,5.5,5.5,False,True
19,VINCENZO,Juan Jesus,D,6.5,6.5,False,True
19,VINCENZO,Dodò,D,7.0,7.0,False,True
19,VINCENZO,Muharemovic,D,6.0,6.0,False,True
19,VINCENZO,De Winter,D,6.0,5.5,False,True
19,ASS ASS IN FC,Maignan,P,6.0,7.0,True,False
19,ASS ASS IN FC,Bartesaghi,D,,,False,False
19,ASS ASS IN FC,Tomori,D,6.0,6.0,True,False
19,ASS ASS IN FC,Ziolkowski,D,,,False,False
19,ASS ASS IN FC,Gosens,D,6.0,6.0,True,False
19,ASS ASS IN FC,Pasalic,C,5.5,5.0,True,False
19,ASS ASS IN FC,Barella,C,5.5,5.5,True,False
19,ASS ASS IN FC,Malinovskyi,C,5.5,5.5,True,False
19,ASS ASS IN FC,Leao,A,6.0,6.0,True,False
19,ASS ASS IN FC,Davis K.,A,5.5,5.5,True,False
19,ASS ASS IN FC,Dybala,A,7.5,11.5,True,False
19,ASS ASS IN FC,Torriani,P,,,False,True
19,ASS ASS IN FC,Terracciano,P,,,False,True
19,ASS ASS IN FC,Buongiorno,D,6.0,6.0,True,True
19,ASS ASS IN FC,Ghilardi,D,6.0,6.0,True,True
19,ASS ASS IN FC,Comuzzo,D,6.0,6.0,False,True
19,ASS ASS IN FC,Biraghi,D,,,False,True
19,ASS ASS IN FC,Prati,C,,,False,True
19,ASS ASS IN FC,Nicolussi Caviglia,C,,,False,True
19,ASS ASS IN FC,Volpato,C,,,False,True
19,ASS ASS IN FC,Adzic,C,,,False,True
19,ASS ASS IN FC,Zambo Anguissa,C,,,False,True
19,ASS ASS IN FC,Simeone,A,,,False,True
19,ASS ASS IN FC,Zapata D.,A,,,False,True
19,ASS ASS IN FC,Buffon L.,A,,,False,True
19,TOMATO,Sommer,P,6.0,7.0,True,False
19,TOMATO,Belghali,D,,,False,False
19,TOMATO,Solet,D,6.0,6.0,True,False
19,TOMATO,Heggem,D,5.0,5.0,True,False
19,TOMATO,Zaccagni,C,5.0,4.5,True,False
19,TOMATO,Konè M.,C,6.5,6.5,True,False
19,TOMATO,Gudmundsson A.,C,6.5,7.5,True,False
19,TOMATO,Conceicao,C,,,False,False
19,TOMATO,Vitinha O.,A,5.5,5.0,True,False
19,TOMATO,Thuram,A,,,False,False
19,TOMATO,Colombo,A,6.0,6.0,True,False
19,TOMATO,Martinez Jo.,P,,,False,True
19,TOMATO,Nelsson,D,6.5,6.5,True,True
19,TOMATO,Unai Nunez,D,,,False,True
19,TOMATO,Odgaard,C,5.0,5.0,True,True
19,TOMATO,Mkhitaryan,C,6.0,6.0,False,True
19,TOMATO,Kostic,C,,,False,True
19,TOMATO,Frattesi,C,,,False,True
19,TOMATO,Addai,A,,,False,True
19,TOMATO,Bellanova,D,,,False,True
19,TOMATO,Di Gennaro,P,,,False,True
19,TOMATO,Orban G.,A,5.5,5.5,True,True
19,TOMATO,Carlos Augusto,D,6.0,5.5,False,True
19,TOMATO,Lukaku,A,,,False,True
19,TOMATO,Caracciolo A.,D,,,False,True
19,TEAM YANGTUO,Svilar,P,6.0,7.0,True,False
19,TEAM YANGTUO,Celik,D,,,False,False
19,TEAM YANGTUO,Zortea,D,6.0,6.0,True,False
19,TEAM YANGTUO,Zappacosta,D,6.0,6.0,True,False
19,TEAM YANGTUO,Barbieri,D,6.5,6.5,True,False
19,TEAM YANGTUO,Elmas,C,6.5,6.5,True,False
19,TEAM YANGTUO,Rabiot,C,6.5,6.5,True,False
19,TEAM YANGTUO,Luis Henrique,C,6.0,6.0,True,False
19,TEAM YANGTUO,Politano,C,5.5,5.5,True,False
19,TEAM YANGTUO,Giovane,A,6.5,6.5,True,False
19,TEAM YANGTUO,Yildiz,A,6.5,6.0,True,False
19,TEAM YANGTUO,Vasquez D.,P,,,False,True
19,TEAM YANGTUO,Ellertsson,C,6.0,6.0,False,True
19,TEAM YANGTUO,Matic,C,5.5,5.5,False,True
19,TEAM YANGTUO,Gandelman,C,6.0,6.0,False,True
19,TEAM YANGTUO,Vojvoda,D,6.0,6.0,True,True
19,TEAM YANGTUO,Frese,D,,,False,True
19,TEAM YANGTUO,Arizala,D,,,False,True
19,TEAM YANGTUO,Lazaro,D,5.0,5.0,False,True
19,TEAM YANGTUO,Noslin,A,5.5,5.5,False,True
19,TEAM YANGTUO,Solomon,A,5.5,5.5,False,True
19,TEAM YANGTUO,Adams C.,A,5.5,5.5,False,True
19,TEAM YANGTUO,Vlasic,C,5.0,4.5,False,True
19,TEAM GLIDER,De Gea,P,6.0,5.0,True,False
19,TEAM GLIDER,N'Dicka,D,7.0,7.0,True,False
19,TEAM GLIDER,Bremer,D,6.0,6.0,True,False
19,TEAM GLIDER,Rrahmani,D,6.5,6.5,True,False
19,TEAM GLIDER,Miretti,C,5.5,5.5,True,False
19,TEAM GLIDER,Isaksen,C,5.5,5.5,True,False
19,TEAM GLIDER,McTominay,C,6.0,6.0,True,False
19,TEAM GLIDER,Loftus-Cheek,C,5.5,5.5,True,False
19,TEAM GLIDER,David,A,5.0,5.0,True,False
19,TEAM GLIDER,Douvikas,A,,,False,False
19,TEAM GLIDER,Castro S.,A,5.5,5.5,True,False
19,TEAM GLIDER,Openda,A,5.5,5.5,True,True
19,TEAM GLIDER,Aboukhlal,A,6.0,6.0,False,True
19,TEAM GLIDER,Parisi,D,6.5,6.5,False,True
19,TEAM GLIDER,Siebert,D,6.0,6.0,False,True
19,TEAM GLIDER,Gatti,D,,,False,True
19,TEAM GLIDER,Lezzerini,P,,,False,True
19,TEAM GLIDER,Christensen O.,P,,,False,True
19,TEAM GLIDER,Bradaric,D,5.5,5.5,False,True
19,TEAM GLIDER,Veiga D.,D,,,False,True
19,TEAM GLIDER,Neres,C,,,False,True
19,TEAM GLIDER,Dele-Bashiru,C,,,False,True
19,TEAM GLIDER,Ordonez C.,C,,,False,True
19,TEAM GLIDER,Dia,A,,,False,True
19,TEAM GLIDER,Zaniolo,C,,,False,True
19,BOBOTOTTI,Falcone,P,7.0,6.0,True,False
19,BOBOTOTTI,Valeri,D,6.5,6.5,True,False
19,BOBOTOTTI,Vasquez,D,6.5,6.5,True,False
19,BOBOTOTTI,Gabbia,D,6.5,6.5,True,False
19,BOBOTOTTI,Valle,D,7.0,7.5,True,False
19,BOBOTOTTI,Pellegrini Lo.,C,5.5,5.5,True,False
19,BOBOTOTTI,Vazquez,C,,,False,False
19,BOBOTOTTI,Modric,C,,,False,False
19,BOBOTOTTI,Saelemaekers,C,7.0,8.0,True,False
19,BOBOTOTTI,Lang,A,5.5,5.5,True,False
19,BOBOTOTTI,Krstovic,A,7.0,10.0,True,False
19,BOBOTOTTI,Sava,P,,,False,True
19,BOBOTOTTI,Meret,P,,,False,True
19,BOBOTOTTI,Delprato,D,6.0,6.0,False,True
19,BOBOTOTTI,Coco,D,5.0,5.0,False,True
19,BOBOTOTTI,Kristensen T.,D,5.0,5.0,False,True
19,BOBOTOTTI,Zanoli,D,6.0,6.0,False,True
19,BOBOTOTTI,Zhegrova,C,5.5,5.5,True,True
19,BOBOTOTTI,Frendrup,C,6.5,6.5,True,True
19,BOBOTOTTI,Bernabè,C,6.0,6.0,False,True
19,BOBOTOTTI,Maldini,C,,,False,True
19,BOBOTOTTI,Esposito Se.,A,5.5,5.5,False,True
19,BOBOTOTTI,Dovbyk,A,,,False,True
19,BOBOTOTTI,Lookman,A,,,False,True
19,BOBOTOTTI,Vlahovic,A,,,False,True
19,PAUL POGSHAO,Ravaglia F.,P,6.0,4.0,True,False
19,PAUL POGSHAO,Dimarco,D,6.5,6.5,True,False
19,PAUL POGSHAO,Mancini,D,7.0,6.5,True,False
19,PAUL POGSHAO,Di Lorenzo,D,6.5,6.5,True,False
19,PAUL POGSHAO,Wesley,D,6.5,6.5,True,False
19,PAUL POGSHAO,Perrone,C,6.5,6.5,True,False
19,PAUL POGSHAO,Cristante,C,6.5,6.5,True,False
19,PAUL POGSHAO,Paz N.,C,7.5,11.5,True,False
19,PAUL POGSHAO,Ratkov,A,5.0,5.0,True,False
19,PAUL POGSHAO,Fullkrug,A,7.0,11.0,True,False
19,PAUL POGSHAO,Vardy,A,5.5,5.0,True,False
19,PAUL POGSHAO,Skorupski,P,,,False,True
19,PAUL POGSHAO,Pessina Mas.,P,,,False,True
19,PAUL POGSHAO,Cambiaso,D,5.5,5.5,False,True
19,PAUL POGSHAO,Kempf,D,,,False,True
19,PAUL POGSHAO,Canestrelli,D,6.0,6.0,False,True
19,PAUL POGSHAO,Coppola F.,D,6.0,5.5,False,True
19,PAUL POGSHAO,Bondo,C,6.5,6.5,False,True
19,PAUL POGSHAO,Da Cunha,C,6.5,6.5,False,True
19,PAUL POGSHAO,Caqueret,C,6.5,7.0,False,True
19,PAUL POGSHAO,Koopmeiners,C,5.5,5.5,False,True
19,PAUL POGSHAO,El Aynaoui,C,,,False,True
19,PAUL POGSHAO,Laurientè,A,6.5,6.5,False,True
19,PAUL POGSHAO,Immobile,A,,,False,True
19,PAUL POGSHAO,Moro L.,A,,,False,True
19,TEAM WOLFLING,Provedel,P,7.0,6.0,True,False
19,TEAM WOLFLING,Spinazzola,D,6.5,6.5,True,False
19,TEAM WOLFLING,Pavlovic,D,,,False,False
19,TEAM WOLFLING,Bastoni,D,,,False,False
19,TEAM WOLFLING,Ostigard,D,6.5,6.0,True,False
19,TEAM WOLFLING,Ederson D.S.,C,6.5,6.5,True,False
19,TEAM WOLFLING,Brescianini,C,5.5,5.5,True,False
19,TEAM WOLFLING,Mandragora,C,7.0,10.0,True,False
19,TEAM WOLFLING,Pulisic,C,5.5,5.5,True,False
19,TEAM WOLFLING,Hojlund,A,5.5,5.5,True,False
19,TEAM WOLFLING,Bonazzoli,A,5.0,4.5,True,False
19,TEAM WOLFLING,Mandas,P,,,False,True
19,TEAM WOLFLING,Furlanetto,P,,,False,True
19,TEAM WOLFLING,Angori,D,5.5,5.5,True,True
19,TEAM WOLFLING,Baschirotto,D,6.5,6.5,True,True
19,TEAM WOLFLING,Bernede,C,5.5,5.5,False,True
19,TEAM WOLFLING,Casadei,C,5.5,5.5,False,True
19,TEAM WOLFLING,Konè I.,C,,,False,True
19,TEAM WOLFLING,Marchwinski,C,,,False,True
19,TEAM WOLFLING,Sanabria,A,,,False,True
19,TEAM WOLFLING,Stulic,A,5.5,5.5,False,True
19,TEAM WOLFLING,Pavoletti,A,,,False,True
19,TEAM HAIR FLICK,Butez,P,6.5,7.5,True,False
19,TEAM HAIR FLICK,Miranda J.,D,5.5,5.0,True,False
19,TEAM HAIR FLICK,Kelly L.,D,6.0,6.0,True,False
19,TEAM HAIR FLICK,Scalvini,D,6.0,5.5,True,False
19,TEAM HAIR FLICK,Bisseck,D,6.0,6.0,True,False
19,TEAM HAIR FLICK,Thuram K.,C,,,False,False
19,TEAM HAIR FLICK,Zielinski,C,6.5,6.5,True,False
19,TEAM HAIR FLICK,Ondrejka,C,5.0,4.5,True,False
19,TEAM HAIR FLICK,Nkunku,A,,,False,False
19,TEAM HAIR FLICK,Kean,A,,,False,False
19,TEAM HAIR FLICK,De Ketelaere,A,5.5,5.5,True,False
19,TEAM HAIR FLICK,Pellegrino M.,A,5.5,5.5,True,True
19,TEAM HAIR FLICK,Pedro,A,,,False,True
19,TEAM HAIR FLICK,Ferguson E.,A,,,False,True
19,TEAM HAIR FLICK,Oristanio,C,5.5,5.5,True,True
19,TEAM HAIR FLICK,Freuler,C,5.5,5.5,False,True
19,TEAM HAIR FLICK,Ekkelenkamp,C,5.5,5.5,False,True
19,TEAM HAIR FLICK,Ngom,C,,,False,True
19,TEAM HAIR FLICK,Ramon,D,7.0,7.0,False,True
19,TEAM HAIR FLICK,Diego Carlos,D,6.5,6.5,False,True
19,TEAM HAIR FLICK,Norton-Cuffy,D,,,False,True
19,TEAM HAIR FLICK,Tiago Gabriel,D,6.5,6.5,False,True
19,TEAM HAIR FLICK,Tornqvist,P,,,False,True
19,TEAM HAIR FLICK,Cavlina,P,,,False,True
19,TEAM HAIR FLICK,Thorstvedt,C,,,False,True
19,CHELSEA,Di Gregorio,P,,,False,False
19,CHELSEA,Martin,D,6.0,6.0,True,False
19,CHELSEA,Hermoso,D,6.0,6.0,True,False
19,CHELSEA,Circati,D,6.5,6.0,True,False
19,CHELSEA,Terracciano F.,D,6.0,6.0,True,False
19,CHELSEA,Zalewski,C,6.0,6.0,True,False
19,CHELSEA,Lobotka,C,7.0,11.0,True,False
19,CHELSEA,Orsolini,C,5.5,5.5,True,False
19,CHELSEA,Pisilli,C,6.0,6.0,True,False
19,CHELSEA,Pinamonti,A,5.5,5.5,True,False
19,CHELSEA,Martinez L.,A,7.0,11.0,True,False
19,CHELSEA,Bonny,A,6.0,6.0,False,True
19,CHELSEA,Durosinmi,A,7.0,11.0,False,True
19,CHELSEA,Arena A.,A,,,False,True
19,CHELSEA,Tramoni M.,C,6.0,6.0,False,True
19,CHELSEA,Ilkhan,C,5.5,5.5,False,True
19,CHELSEA,Rensch,D,6.0,7.0,False,True
19,CHELSEA,Britschgi,D,6.0,6.0,False,True
19,CHELSEA,Zappa,D,,,False,True
19,CHELSEA,Perin,P,6.0,5.0,True,True
19,CHELSEA,Pinsoglio,P,,,False,True
19,CHELSEA,Pongracic,D,6.5,6.5,False,True
20,TEAM YANGTUO,Svilar,P,6.0,5.0,True,False
20,TEAM YANGTUO,Celik,D,7.0,7.0,True,False
20,TEAM YANGTUO,Barbieri,D,6.0,5.5,True,False
20,TEAM YANGTUO,Zappacosta,D,6.0,6.0,True,False
20,TEAM YANGTUO,Elmas,C,5.0,5.0,True,False
20,TEAM YANGTUO,Gandelman,C,6.0,6.0,True,False
20,TEAM YANGTUO,Vlasic,C,4.5,4.5,True,False
20,TEAM YANGTUO,Luis Henrique,C,5.0,5.0,True,False
20,TEAM YANGTUO,Solomon,A,6.0,6.0,True,False
20,TEAM YANGTUO,Adams C.,A,5.0,5.0,True,False
20,TEAM YANGTUO,Yildiz,A,7.0,9.5,True,False
20,TEAM YANGTUO,Vasquez D.,P,,,False,True
20,TEAM YANGTUO,Ellertsson,C,6.0,6.0,False,True
20,TEAM YANGTUO,Matic,C,6.0,6.0,False,True
20,TEAM YANGTUO,Zortea,D,6.0,6.0,False,True
20,TEAM YANGTUO,Lazaro,D,4.5,4.5,False,True
20,TEAM YANGTUO,Vojvoda,D,6.5,6.5,False,True
20,TEAM YANGTUO,Frese,D,,,False,True
20,TEAM YANGTUO,Arizala,D,,,False,True
20,TEAM YANGTUO,Giovane,A,5.5,5.5,False,True
20,TEAM YANGTUO,Noslin,A,,,False,True
20,TEAM YANGTUO,Rabiot,C,6.5,6.0,False,True
20,VINCENZO,Carnesecchi,P,7.0,8.0,True,False
20,VINCENZO,Bernasconi,D,6.5,6.5,True,False
20,VINCENZO,Akanji,D,,,False,False
20,VINCENZO,Kalulu,D,6.5,6.5,True,False
20,VINCENZO,Dodò,D,6.5,7.5,True,False
20,VINCENZO,Taylor K.,C,6.0,6.0,True,False
20,VINCENZO,McKennie,C,6.0,6.0,True,False
20,VINCENZO,Atta,C,7.5,11.5,True,False
20,VINCENZO,Scamacca,A,7.0,9.5,True,False
20,VINCENZO,Esposito F.P.,A,7.0,11.0,True,False
20,VINCENZO,Soulè,A,5.5,5.5,True,False
20,VINCENZO,Sportiello,P,,,False,True
20,VINCENZO,Rossi F.,P,,,False,True
20,VINCENZO,Rodriguez Je.,A,6.0,6.0,False,True
20,VINCENZO,Kilicsoy,A,7.0,10.0,False,True
20,VINCENZO,Diao,A,,,False,True
20,VINCENZO,Locatelli,C,7.0,8.0,False,True
20,VINCENZO,Fagioli,C,5.5,5.5,False,True
20,VINCENZO,Miller L.,C,5.5,5.5,False,True
20,VINCENZO,Rovella,C,,,False,True
20,VINCENZO,Diouf,C,,,False,True
20,VINCENZO,Palestra,D,7.5,12.5,True,True
20,VINCENZO,Muharemovic,D,6.5,6.5,False,True
20,VINCENZO,Juan Jesus,D,4.5,4.0,False,True
20,VINCENZO,De Winter,D,7.0,10.0,False,True
20,TEAM WOLFLING,Provedel,P,6.5,7.5,True,False
20,TEAM WOLFLING,Spinazzola,D,5.0,5.0,True,False
20,TEAM WOLFLING,Pavlovic,D,,,False,False
20,TEAM WOLFLING,Bastoni,D,6.5,7.5,True,False
20,TEAM WOLFLING,Baschirotto,D,6.0,6.0,True,False
20,TEAM WOLFLING,Ederson D.S.,C,6.0,6.0,True,False
20,TEAM WOLFLING,Brescianini,C,7.0,10.0,True,False
20,TEAM WOLFLING,Mandragora,C,6.0,6.0,True,False
20,TEAM WOLFLING,Pulisic,C,5.5,5.5,True,False
20,TEAM WOLFLING,Hojlund,A,5.0,5.0,True,False
20,TEAM WOLFLING,Bonazzoli,A,5.0,5.0,True,False
20,TEAM WOLFLING,Mandas,P,,,False,True
20,TEAM WOLFLING,Furlanetto,P,,,False,True
20,TEAM WOLFLING,Djimsiti,D,6.0,6.0,True,True
20,TEAM WOLFLING,Angori,D,5.5,5.5,False,True
20,TEAM WOLFLING,Konè I.,C,6.5,6.5,False,True
20,TEAM WOLFLING,Bernede,C,5.5,5.5,False,True
20,TEAM WOLFLING,Casadei,C,4.5,4.5,False,True
20,TEAM WOLFLING,Marchwinski,C,,,False,True
20,TEAM WOLFLING,Stulic,A,5.5,5.5,False,True
20,TEAM WOLFLING,Pavoletti,A,,,False,True
20,TEAM HAIR FLICK,Butez,P,6.0,7.0,True,False
20,TEAM HAIR FLICK,Scalvini,D,6.5,6.5,True,False
20,TEAM HAIR FLICK,Ramon,D,6.5,6.5,True,False
20,TEAM HAIR FLICK,Tiago Gabriel,D,6.5,6.0,True,False
20,TEAM HAIR FLICK,Bisseck,D,6.5,7.5,True,False
20,TEAM HAIR FLICK,Ondrejka,C,5.5,5.5,True,False
20,TEAM HAIR FLICK,Thuram K.,C,7.0,7.0,True,False
20,TEAM HAIR FLICK,Zielinski,C,7.5,9.5,True,False
20,TEAM HAIR FLICK,Ekkelenkamp,C,6.0,6.0,True,False
20,TEAM HAIR FLICK,Pedro,A,,,False,False
20,TEAM HAIR FLICK,De Ketelaere,A,7.5,8.5,True,False
20,TEAM HAIR FLICK,Kean,A,,,False,True
20,TEAM HAIR FLICK,Pellegrino M.,A,5.0,5.0,True,True
20,TEAM HAIR FLICK,Ferguson E.,A,,,False,True
20,TEAM HAIR FLICK,Nkunku,A,5.5,5.5,False,True
20,TEAM HAIR FLICK,Oristanio,C,6.0,6.0,False,True
20,TEAM HAIR FLICK,Freuler,C,6.0,6.0,False,True
20,TEAM HAIR FLICK,Ngom,C,,,False,True
20,TEAM HAIR FLICK,Thorstvedt,C,6.0,6.0,False,True
20,TEAM HAIR FLICK,Diego Carlos,D,,,False,True
20,TEAM HAIR FLICK,Norton-Cuffy,D,6.5,6.5,False,True
20,TEAM HAIR FLICK,Kelly L.,D,6.5,6.5,False,True
20,TEAM HAIR FLICK,Tornqvist,P,,,False,True
20,TEAM HAIR FLICK,Cavlina,P,,,False,True
20,TEAM HAIR FLICK,Miranda J.,D,,,False,True
20,BOBOTOTTI,Falcone,P,6.5,7.5,True,False
20,BOBOTOTTI,Zanoli,D,7.0,11.0,True,False
20,BOBOTOTTI,Kristensen T.,D,5.5,5.5,True,False
20,BOBOTOTTI,Vasquez,D,6.0,6.0,True,False
20,BOBOTOTTI,Valle,D,6.5,7.0,True,False
20,BOBOTOTTI,Pellegrini Lo.,C,7.0,10.0,True,False
20,BOBOTOTTI,Vazquez,C,,,False,False
20,BOBOTOTTI,Modric,C,7.0,7.5,True,False
20,BOBOTOTTI,Saelemaekers,C,5.5,5.5,True,False
20,BOBOTOTTI,Lookman,A,,,False,False
20,BOBOTOTTI,Krstovic,A,7.5,11.5,True,False
20,BOBOTOTTI,Sava,P,,,False,True
20,BOBOTOTTI,Meret,P,6.0,3.0,False,True
20,BOBOTOTTI,Valeri,D,5.5,5.5,False,True
20,BOBOTOTTI,Delprato,D,5.0,5.0,False,True
20,BOBOTOTTI,Coco,D,4.0,4.0,False,True
20,BOBOTOTTI,Gabbia,D,6.0,6.0,False,True
20,BOBOTOTTI,Zhegrova,C,,,False,True
20,BOBOTOTTI,Frendrup,C,6.0,6.0,True,True
20,BOBOTOTTI,Bernabè,C,6.0,6.0,False,True
20,BOBOTOTTI,Maldini,C,,,False,True
20,BOBOTOTTI,Esposito Se.,A,7.0,8.0,True,True
20,BOBOTOTTI,Lang,A,,,False,True
20,BOBOTOTTI,Dovbyk,A,,,False,True
20,BOBOTOTTI,Vlahovic,A,,,False,True
20,PAUL POGSHAO,Ravaglia F.,P,5.5,2.0,True,False
20,PAUL POGSHAO,Dimarco,D,8.0,12.5,True,False
20,PAUL POGSHAO,Kempf,D,7.0,7.0,True,False
20,PAUL POGSHAO,Di Lorenzo,D,5.5,5.5,True,False
20,PAUL POGSHAO,Wesley,D,5.5,5.5,True,False
20,PAUL POGSHAO,Perrone,C,6.5,6.5,True,False
20,PAUL POGSHAO,Bondo,C,,,False,False
20,PAUL POGSHAO,Paz N.,C,6.0,6.0,True,False
20,PAUL POGSHAO,Laurientè,A,6.5,6.0,True,False
20,PAUL POGSHAO,Ratkov,A,6.0,6.0,True,False
20,PAUL POGSHAO,Vardy,A,5.5,5.5,True,False
20,PAUL POGSHAO,Skorupski,P,5.0,5.0,False,True
20,PAUL POGSHAO,Pessina Mas.,P,,,False,True
20,PAUL POGSHAO,Mancini,D,6.5,6.5,False,True
20,PAUL POGSHAO,Cambiaso,D,6.0,6.0,False,True
20,PAUL POGSHAO,Canestrelli,D,5.0,5.0,False,True
20,PAUL POGSHAO,Coppola F.,D,4.5,4.5,False,True
20,PAUL POGSHAO,Cristante,C,6.0,6.0,True,True
20,PAUL POGSHAO,Da Cunha,C,7.5,10.5,False,True
20,PAUL POGSHAO,Caqueret,C,7.5,11.0,False,True
20,PAUL POGSHAO,Koopmeiners,C,,,False,True
20,PAUL POGSHAO,El Aynaoui,C,,,False,True
20,PAUL POGSHAO,Fullkrug,A,6.0,6.0,False,True
20,PAUL POGSHAO,Immobile,A,5.5,5.0,False,True
20,PAUL POGSHAO,Moro L.,A,5.5,5.5,False,True
20,ASS ASS IN FC,Maignan,P,7.0,5.5,True,False
20,ASS ASS IN FC,Gosens,D,5.0,5.0,True,False
20,ASS ASS IN FC,Tomori,D,6.5,6.5,True,False
20,ASS ASS IN FC,Buongiorno,D,6.0,6.0,True,False
20,ASS ASS IN FC,Comuzzo,D,5.0,4.5,True,False
20,ASS ASS IN FC,Pasalic,C,6.0,6.0,True,False
20,ASS ASS IN FC,Barella,C,6.0,5.5,True,False
20,ASS ASS IN FC,Malinovskyi,C,7.0,9.5,True,False
20,ASS ASS IN FC,Leao,A,5.0,5.0,True,False
20,ASS ASS IN FC,Davis K.,A,7.5,10.5,True,False
20,ASS ASS IN FC,Dybala,A,6.0,6.0,True,False
20,ASS ASS IN FC,Torriani,P,,,False,True
20,ASS ASS IN FC,Terracciano,P,,,False,True
20,ASS ASS IN FC,Bartesaghi,D,5.5,5.5,False,True
20,ASS ASS IN FC,Ziolkowski,D,,,False,True
20,ASS ASS IN FC,Ghilardi,D,6.5,6.5,False,True
20,ASS ASS IN FC,Biraghi,D,,,False,True
20,ASS ASS IN FC,Zambo Anguissa,C,,,False,True
20,ASS ASS IN FC,Prati,C,,,False,True
20,ASS ASS IN FC,Nicolussi Caviglia,C,,,False,True
20,ASS ASS IN FC,Volpato,C,,,False,True
20,ASS ASS IN FC,Adzic,C,,,False,True
20,ASS ASS IN FC,Simeone,A,,,False,True
20,ASS ASS IN FC,Zapata D.,A,5.0,5.0,False,True
20,ASS ASS IN FC,Buffon L.,A,,,False,True
20,TEAM GLIDER,De Gea,P,6.0,4.0,True,False
20,TEAM GLIDER,N'Dicka,D,5.5,5.5,True,False
20,TEAM GLIDER,Bremer,D,7.0,7.0,True,False
20,TEAM GLIDER,Bradaric,D,5.0,5.0,True,False
20,TEAM GLIDER,Miretti,C,6.5,7.5,True,False
20,TEAM GLIDER,Isaksen,C,,,False,False
20,TEAM GLIDER,McTominay,C,5.0,5.0,True,False
20,TEAM GLIDER,Loftus-Cheek,C,,,False,False
20,TEAM GLIDER,David,A,7.0,11.0,True,False
20,TEAM GLIDER,Douvikas,A,8.0,15.0,True,False
20,TEAM GLIDER,Castro S.,A,,,False,False
20,TEAM GLIDER,Dia,A,5.0,5.0,True,True
20,TEAM GLIDER,Openda,A,,,False,True
20,TEAM GLIDER,Aboukhlal,A,,,False,True
20,TEAM GLIDER,Parisi,D,,,False,True
20,TEAM GLIDER,Siebert,D,6.0,6.0,False,True
20,TEAM GLIDER,Gatti,D,,,False,True
20,TEAM GLIDER,Lezzerini,P,,,False,True
20,TEAM GLIDER,Christensen O.,P,,,False,True
20,TEAM GLIDER,Veiga D.,D,6.0,5.5,False,True
20,TEAM GLIDER,Neres,C,,,False,True
20,TEAM GLIDER,Dele-Bashiru,C,6.0,6.0,True,True
20,TEAM GLIDER,Ordonez C.,C,,,False,True
20,TEAM GLIDER,Zaniolo,C,,,False,True
20,TEAM GLIDER,Rrahmani,D,,,False,True
20,CHELSEA,Di Gregorio,P,6.0,7.0,True,False
20,CHELSEA,Circati,D,5.0,5.0,True,False
20,CHELSEA,Martin,D,6.0,6.0,True,False
20,CHELSEA,Terracciano F.,D,5.5,5.5,True,False
20,CHELSEA,Pongracic,D,5.0,4.5,True,False
20,CHELSEA,Zalewski,C,6.5,6.5,True,False
20,CHELSEA,Lobotka,C,5.5,5.5,True,False
20,CHELSEA,Orsolini,C,,,False,False
20,CHELSEA,Pinamonti,A,6.0,6.0,True,False
20,CHELSEA,Martinez L.,A,7.0,9.5,True,False
20,CHELSEA,Berardi,A,6.0,6.0,True,False
20,CHELSEA,Perin,P,,,False,True
20,CHELSEA,Pinsoglio,P,,,False,True
20,CHELSEA,Rensch,D,,,False,True
20,CHELSEA,Zappa,D,,,False,True
20,CHELSEA,Britschgi,D,5.0,5.0,False,True
20,CHELSEA,Tramoni M.,C,6.0,7.0,True,True
20,CHELSEA,Ilkhan,C,5.0,5.0,False,True
20,CHELSEA,Pisilli,C,6.0,6.0,False,True
20,CHELSEA,Bonny,A,7.0,10.0,False,True
20,CHELSEA,Durosinmi,A,5.5,5.5,False,True
20,CHELSEA,Arena A.,A,,,False,True
20,TOMATO,Sommer,P,4.5,2.5,True,False
20,TOMATO,Carlos Augusto,D,6.0,6.0,True,False
20,TOMATO,Solet,D,6.5,6.5,True,False
20,TOMATO,Heggem,D,5.0,5.0,True,False
20,TOMATO,Zaccagni,C,5.5,5.5,True,False
20,TOMATO,Konè M.,C,6.0,6.0,True,False
20,TOMATO,Gudmundsson A.,C,6.0,6.0,True,False
20,TOMATO,Odgaard,C,6.0,6.0,True,False
20,TOMATO,Mkhitaryan,C,7.0,10.0,True,False
20,TOMATO,Thuram,A,6.5,7.5,True,False
20,TOMATO,Colombo,A,6.0,6.0,True,False
20,TOMATO,Martinez Jo.,P,,,False,True
20,TOMATO,Nelsson,D,5.0,5.0,False,True
20,TOMATO,Unai Nunez,D,,,False,True
20,TOMATO,Caracciolo A.,D,,,False,True
20,TOMATO,Conceicao,C,6.0,6.0,False,True
20,TOMATO,Kostic,C,7.0,10.0,False,True
20,TOMATO,Frattesi,C,,,False,True
20,TOMATO,Addai,A,,,False,True
20,TOMATO,Bellanova,D,,,False,True
20,TOMATO,Di Gennaro,P,,,False,True
20,TOMATO,Lukaku,A,,,False,True
20,TOMATO,Orban G.,A,7.0,10.0,False,True
20,TOMATO,Vitinha O.,A,6.0,6.0,False,True
21,VINCENZO,Carnesecchi,P,8.5,11.5,True,False
21,VINCENZO,De Winter,D,6.5,6.5,True,False
21,VINCENZO,Akanji,D,6.0,6.0,True,False
21,VINCENZO,Kalulu,D,6.5,7.5,True,False
21,VINCENZO,Palestra,D,7.0,7.0,True,False
21,VINCENZO,Taylor K.,C,6.5,9.5,True,False
21,VINCENZO,Locatelli,C,6.5,6.5,True,False
21,VINCENZO,McKennie,C,7.5,11.0,True,False
21,VINCENZO,Esposito F.P.,A,6.0,6.0,True,False
21,VINCENZO,Scamacca,A,,,False,False
21,VINCENZO,Soulè,A,5.5,5.5,True,False
21,VINCENZO,Sportiello,P,,,False,True
21,VINCENZO,Rossi F.,P,,,False,True
21,VINCENZO,Kilicsoy,A,7.5,10.5,True,True
21,VINCENZO,Rodriguez Je.,A,5.5,5.5,False,True
21,VINCENZO,Diao,A,,,False,True
21,VINCENZO,Atta,C,6.5,6.5,False,True
21,VINCENZO,Fagioli,C,5.5,5.5,False,True
21,VINCENZO,Miller L.,C,6.0,5.5,False,True
21,VINCENZO,Rovella,C,,,False,True
21,VINCENZO,Diouf,C,,,False,True
21,VINCENZO,Bernasconi,D,6.0,6.0,False,True
21,VINCENZO,Muharemovic,D,6.5,6.5,False,True
21,VINCENZO,Dodò,D,6.5,6.5,False,True
21,VINCENZO,Juan Jesus,D,6.0,6.0,False,True
21,CHELSEA,Di Gregorio,P,6.5,5.5,True,False
21,CHELSEA,Circati,D,5.5,5.0,True,False
21,CHELSEA,Martin,D,4.5,4.5,True,False
21,CHELSEA,Terracciano F.,D,6.0,6.0,True,False
21,CHELSEA,Pongracic,D,5.5,5.5,True,False
21,CHELSEA,Zalewski,C,5.5,5.5,True,False
21,CHELSEA,Tramoni M.,C,5.0,4.5,True,False
21,CHELSEA,Orsolini,C,5.5,5.5,True,False
21,CHELSEA,Pinamonti,A,6.0,6.0,True,False
21,CHELSEA,Martinez L.,A,7.0,11.0,True,False
21,CHELSEA,Berardi,A,7.5,10.5,True,False
21,CHELSEA,Perin,P,,,False,True
21,CHELSEA,Pinsoglio,P,,,False,True
21,CHELSEA,Rensch,D,,,False,True
21,CHELSEA,Zappa,D,6.5,7.5,False,True
21,CHELSEA,Britschgi,D,5.5,5.5,False,True
21,CHELSEA,Calhanoglu,C,,,False,True
21,CHELSEA,Pisilli,C,,,False,True
21,CHELSEA,Lobotka,C,6.0,6.0,False,True
21,CHELSEA,Ilkhan,C,6.0,6.0,False,True
21,CHELSEA,Bonny,A,6.0,6.0,False,True
21,CHELSEA,Durosinmi,A,6.5,7.5,False,True
21,CHELSEA,Arena A.,A,,,False,True
21,TOMATO,Sommer,P,6.5,7.5,True,False
21,TOMATO,Carlos Augusto,D,,,False,False
21,TOMATO,Solet,D,7.0,7.0,True,False
21,TOMATO,Heggem,D,4.5,4.5,True,False
21,TOMATO,Zaccagni,C,,,False,False
21,TOMATO,Frattesi,C,6.0,6.0,True,False
21,TOMATO,Gudmundsson A.,C,6.0,6.0,True,False
21,TOMATO,Mkhitaryan,C,6.0,6.0,True,False
21,TOMATO,Conceicao,C,6.5,7.0,True,False
21,TOMATO,Thuram,A,6.0,6.0,True,False
21,TOMATO,Colombo,A,5.5,5.5,True,False
21,TOMATO,Martinez Jo.,P,,,False,True
21,TOMATO,Nelsson,D,5.0,5.0,True,True
21,TOMATO,Unai Nunez,D,,,False,True
21,TOMATO,Caracciolo A.,D,5.0,3.0,False,True
21,TOMATO,Kostic,C,6.0,6.0,True,True
21,TOMATO,Bellanova,D,6.0,5.5,False,True
21,TOMATO,Di Gennaro,P,,,False,True
21,TOMATO,Lukaku,A,,,False,True
21,TOMATO,Orban G.,A,5.0,5.0,False,True
21,TOMATO,Vitinha O.,A,7.0,10.0,False,True
21,TOMATO,Belghali,D,,,False,True
21,TOMATO,Odgaard,C,5.0,5.0,False,True
21,TOMATO,Addai,A,5.5,5.0,False,True
21,TEAM WOLFLING,Provedel,P,6.5,4.0,True,False
21,TEAM WOLFLING,Spinazzola,D,6.0,6.0,True,False
21,TEAM WOLFLING,Pavlovic,D,6.5,6.5,True,False
21,TEAM WOLFLING,Bastoni,D,6.5,6.5,True,False
21,TEAM WOLFLING,Angori,D,5.5,5.5,True,False
21,TEAM WOLFLING,Ostigard,D,5.0,4.5,True,False
21,TEAM WOLFLING,Konè I.,C,7.0,9.5,True,False
21,TEAM WOLFLING,Mandragora,C,6.0,6.0,True,False
21,TEAM WOLFLING,Pulisic,C,,,False,False
21,TEAM WOLFLING,Casadei,C,6.5,6.5,True,False
21,TEAM WOLFLING,Hojlund,A,6.0,6.0,True,False
21,TEAM WOLFLING,Mandas,P,,,False,True
21,TEAM WOLFLING,Furlanetto,P,,,False,True
21,TEAM WOLFLING,Djimsiti,D,6.5,6.5,False,True
21,TEAM WOLFLING,Baschirotto,D,5.5,5.0,False,True
21,TEAM WOLFLING,Bernede,C,5.5,5.5,True,True
21,TEAM WOLFLING,Ederson D.S.,C,7.0,7.0,False,True
21,TEAM WOLFLING,Brescianini,C,5.5,5.5,False,True
21,TEAM WOLFLING,Marchwinski,C,,,False,True
21,TEAM WOLFLING,Stulic,A,,,False,True
21,TEAM WOLFLING,Pavoletti,A,,,False,True
21,TEAM WOLFLING,Bonazzoli,A,5.5,5.5,False,True
21,TEAM GLIDER,De Gea,P,6.0,4.0,True,False
21,TEAM GLIDER,Bradaric,D,,,False,False
21,TEAM GLIDER,Bremer,D,8.0,13.5,True,False
21,TEAM GLIDER,N'Dicka,D,6.0,5.5,True,False
21,TEAM GLIDER,Veiga D.,D,5.5,5.5,True,False
21,TEAM GLIDER,Isaksen,C,7.0,8.0,True,False
21,TEAM GLIDER,McTominay,C,6.5,6.5,True,False
21,TEAM GLIDER,Loftus-Cheek,C,7.0,11.0,True,False
21,TEAM GLIDER,David,A,7.0,10.5,True,False
21,TEAM GLIDER,Douvikas,A,5.5,5.5,True,False
21,TEAM GLIDER,Castro S.,A,5.5,5.5,True,False
21,TEAM GLIDER,Dia,A,,,False,True
21,TEAM GLIDER,Openda,A,,,False,True
21,TEAM GLIDER,Aboukhlal,A,,,False,True
21,TEAM GLIDER,Parisi,D,6.0,6.0,True,True
21,TEAM GLIDER,Siebert,D,5.5,5.5,False,True
21,TEAM GLIDER,Gatti,D,6.0,6.0,False,True
21,TEAM GLIDER,Lezzerini,P,,,False,True
21,TEAM GLIDER,Christensen O.,P,,,False,True
21,TEAM GLIDER,Miretti,C,6.0,6.0,False,True
21,TEAM GLIDER,Dele-Bashiru,C,,,False,True
21,TEAM GLIDER,Ordonez C.,C,,,False,True
21,TEAM GLIDER,Zaniolo,C,,,False,True
21,TEAM GLIDER,Neres,C,,,False,True
21,TEAM GLIDER,Rrahmani,D,,,False,True
21,TEAM YANGTUO,Svilar,P,6.0,5.0,True,False
21,TEAM YANGTUO,Celik,D,6.0,6.0,True,False
21,TEAM YANGTUO,Vojvoda,D,6.0,6.0,True,False
21,TEAM YANGTUO,Zappacosta,D,6.0,6.0,True,False
21,TEAM YANGTUO,Lazaro,D,6.0,6.0,True,False
21,TEAM YANGTUO,Elmas,C,6.5,6.5,True,False
21,TEAM YANGTUO,Vlasic,C,7.0,7.5,True,False
21,TEAM YANGTUO,Rabiot,C,7.5,11.5,True,False
21,TEAM YANGTUO,Solomon,A,6.5,9.5,True,False
21,TEAM YANGTUO,Adams C.,A,7.0,11.0,True,False
21,TEAM YANGTUO,Yildiz,A,6.0,6.0,True,False
21,TEAM YANGTUO,Vasquez D.,P,,,False,True
21,TEAM YANGTUO,Luis Henrique,C,6.5,7.5,False,True
21,TEAM YANGTUO,Ellertsson,C,5.5,5.5,False,True
21,TEAM YANGTUO,Gandelman,C,6.0,6.0,False,True
21,TEAM YANGTUO,Matic,C,7.0,8.0,False,True
21,TEAM YANGTUO,Zortea,D,5.5,5.5,False,True
21,TEAM YANGTUO,Frese,D,4.5,4.5,False,True
21,TEAM YANGTUO,Arizala,D,,,False,True
21,TEAM YANGTUO,Giovane,A,,,False,True
21,TEAM YANGTUO,Ekuban,A,,,False,True
21,TEAM YANGTUO,Noslin,A,,,False,True
21,ASS ASS IN FC,Maignan,P,6.0,7.0,True,False
21,ASS ASS IN FC,Gosens,D,5.5,5.5,True,False
21,ASS ASS IN FC,Buongiorno,D,6.0,5.5,True,False
21,ASS ASS IN FC,Tomori,D,6.0,6.0,True,False
21,ASS ASS IN FC,Bartesaghi,D,6.5,6.5,True,False
21,ASS ASS IN FC,Pasalic,C,,,False,False
21,ASS ASS IN FC,Adzic,C,,,False,False
21,ASS ASS IN FC,Malinovskyi,C,7.5,9.0,True,False
21,ASS ASS IN FC,Leao,A,,,False,False
21,ASS ASS IN FC,Davis K.,A,6.0,5.5,True,False
21,ASS ASS IN FC,Zapata D.,A,6.0,6.0,True,False
21,ASS ASS IN FC,Torriani,P,,,False,True
21,ASS ASS IN FC,Terracciano,P,,,False,True
21,ASS ASS IN FC,Ziolkowski,D,,,False,True
21,ASS ASS IN FC,Comuzzo,D,6.0,6.0,False,True
21,ASS ASS IN FC,Ghilardi,D,6.0,6.0,False,True
21,ASS ASS IN FC,Biraghi,D,,,False,True
21,ASS ASS IN FC,Barella,C,,,False,True
21,ASS ASS IN FC,Zambo Anguissa,C,,,False,True
21,ASS ASS IN FC,Volpato,C,,,False,True
21,ASS ASS IN FC,Nicolussi Caviglia,C,5.5,5.5,True,True
21,ASS ASS IN FC,Prati,C,6.0,5.5,True,True
21,ASS ASS IN FC,Dybala,A,,,False,True
21,ASS ASS IN FC,Simeone,A,,,False,True
21,ASS ASS IN FC,Buffon L.,A,,,False,True
21,BOBOTOTTI,Meret,P,7.0,7.0,True,False
21,BOBOTOTTI,Coco,D,6.5,6.5,True,False
21,BOBOTOTTI,Kristensen T.,D,6.5,6.0,True,False
21,BOBOTOTTI,Vasquez,D,6.5,6.5,True,False
21,BOBOTOTTI,Valle,D,6.5,6.5,True,False
21,BOBOTOTTI,Pellegrini Lo.,C,5.5,5.0,True,False
21,BOBOTOTTI,Maldini,C,5.5,5.5,True,False
21,BOBOTOTTI,Modric,C,6.5,6.5,True,False
21,BOBOTOTTI,Saelemaekers,C,,,False,False
21,BOBOTOTTI,Lookman,A,,,False,False
21,BOBOTOTTI,Krstovic,A,6.0,5.5,True,False
21,BOBOTOTTI,Falcone,P,7.5,6.5,False,True
21,BOBOTOTTI,Sava,P,,,False,True
21,BOBOTOTTI,Gabbia,D,6.0,6.0,False,True
21,BOBOTOTTI,Valeri,D,5.5,5.5,False,True
21,BOBOTOTTI,Delprato,D,5.5,5.5,False,True
21,BOBOTOTTI,Zanoli,D,,,False,True
21,BOBOTOTTI,Zhegrova,C,,,False,True
21,BOBOTOTTI,Frendrup,C,6.5,6.5,True,True
21,BOBOTOTTI,Bernabè,C,5.5,5.5,False,True
21,BOBOTOTTI,Vazquez,C,,,False,True
21,BOBOTOTTI,Esposito Se.,A,7.0,8.0,True,True
21,BOBOTOTTI,Lang,A,,,False,True
21,BOBOTOTTI,Dovbyk,A,,,False,True
21,BOBOTOTTI,Vlahovic,A,,,False,True
21,TEAM HAIR FLICK,Butez,P,6.0,6.5,True,False
21,TEAM HAIR FLICK,Kelly L.,D,6.5,6.5,True,False
21,TEAM HAIR FLICK,Ramon,D,6.5,6.5,True,False
21,TEAM HAIR FLICK,Scalvini,D,6.0,6.0,True,False
21,TEAM HAIR FLICK,Bisseck,D,6.0,6.0,True,False
21,TEAM HAIR FLICK,Thuram K.,C,6.5,6.5,True,False
21,TEAM HAIR FLICK,Zielinski,C,7.0,10.0,True,False
21,TEAM HAIR FLICK,Thorstvedt,C,6.5,6.5,True,False
21,TEAM HAIR FLICK,Pedro,A,7.0,9.0,True,False
21,TEAM HAIR FLICK,Kean,A,6.0,6.0,True,False
21,TEAM HAIR FLICK,De Ketelaere,A,6.0,6.0,True,False
21,TEAM HAIR FLICK,Nkunku,A,7.0,9.0,False,True
21,TEAM HAIR FLICK,Ferguson E.,A,,,False,True
21,TEAM HAIR FLICK,Pellegrino M.,A,5.0,5.0,False,True
21,TEAM HAIR FLICK,Ondrejka,C,5.0,5.0,False,True
21,TEAM HAIR FLICK,Oristanio,C,5.0,5.0,False,True
21,TEAM HAIR FLICK,Freuler,C,5.5,5.0,False,True
21,TEAM HAIR FLICK,Ngom,C,,,False,True
21,TEAM HAIR FLICK,Ekkelenkamp,C,7.0,11.0,False,True
21,TEAM HAIR FLICK,Miranda J.,D,4.0,4.0,False,True
21,TEAM HAIR FLICK,Norton-Cuffy,D,5.5,5.0,False,True
21,TEAM HAIR FLICK,Diego Carlos,D,,,False,True
21,TEAM HAIR FLICK,Tiago Gabriel,D,6.0,5.5,False,True
21,TEAM HAIR FLICK,Tornqvist,P,,,False,True
21,TEAM HAIR FLICK,Cavlina,P,,,False,True
21,PAUL POGSHAO,Ravaglia F.,P,6.0,2.5,True,False
21,PAUL POGSHAO,Dimarco,D,7.0,8.0,True,False
21,PAUL POGSHAO,Mancini,D,6.5,6.0,True,False
21,PAUL POGSHAO,Di Lorenzo,D,6.0,6.0,True,False
21,PAUL POGSHAO,Wesley,D,5.0,5.0,True,False
21,PAUL POGSHAO,El Aynaoui,C,6.0,5.5,True,False
21,PAUL POGSHAO,Cristante,C,6.0,6.0,True,False
21,PAUL POGSHAO,Paz N.,C,4.5,2.5,True,False
21,PAUL POGSHAO,Laurientè,A,6.0,6.0,True,False
21,PAUL POGSHAO,Ratkov,A,6.0,6.0,True,False
21,PAUL POGSHAO,Fullkrug,A,6.0,6.0,True,False
21,PAUL POGSHAO,Skorupski,P,,,False,True
21,PAUL POGSHAO,Pessina Mas.,P,,,False,True
21,PAUL POGSHAO,Cambiaso,D,5.0,3.0,False,True
21,PAUL POGSHAO,Kempf,D,6.0,6.0,False,True
21,PAUL POGSHAO,Canestrelli,D,6.0,6.0,False,True
21,PAUL POGSHAO,Coppola F.,D,,,False,True
21,PAUL POGSHAO,Perrone,C,6.0,5.5,False,True
21,PAUL POGSHAO,Da Cunha,C,6.5,6.0,False,True
21,PAUL POGSHAO,Caqueret,C,,,False,True
21,PAUL POGSHAO,Koopmeiners,C,,,False,True
21,PAUL POGSHAO,Bondo,C,,,False,True
21,PAUL POGSHAO,Vardy,A,5.5,5.0,False,True
21,PAUL POGSHAO,Immobile,A,,,False,True
21,PAUL POGSHAO,Moro L.,A,6.0,5.5,False,True
22,TEAM YANGTUO,Svilar,P,6.0,7.0,True,False
22,TEAM YANGTUO,Frese,D,5.5,5.5,True,False
22,TEAM YANGTUO,Zortea,D,6.0,6.0,True,False
22,TEAM YANGTUO,Zappacosta,D,7.0,11.0,True,False
22,TEAM YANGTUO,Celik,D,7.0,8.0,True,False
22,TEAM YANGTUO,Rabiot,C,,,False,False
22,TEAM YANGTUO,Gandelman,C,7.0,10.0,True,False
22,TEAM YANGTUO,Lovric,C,6.0,6.0,True,False
22,TEAM YANGTUO,Strefezza,C,6.0,6.0,True,False
22,TEAM YANGTUO,Bowie,A,5.0,5.0,True,False
22,TEAM YANGTUO,Hojlund,A,7.5,13.5,True,False
22,TEAM YANGTUO,Gollini,P,,,False,True
22,TEAM YANGTUO,Vasquez D.,P,,,False,True
22,TEAM YANGTUO,Norton-Cuffy,D,6.0,6.0,False,True
22,TEAM YANGTUO,Lazaro,D,5.5,5.0,False,True
22,TEAM YANGTUO,Fabbian,C,6.0,6.0,True,True
22,TEAM YANGTUO,Thorstvedt,C,5.0,5.0,False,True
22,TEAM YANGTUO,Garcia U.,D,5.5,5.5,False,True
22,TEAM YANGTUO,Idrissi R.,D,5.5,5.0,False,True
22,TEAM YANGTUO,Adams C.,A,5.0,5.0,False,True
22,TEAM YANGTUO,Solomon,A,7.0,10.0,False,True
22,TEAM YANGTUO,Pinamonti,A,5.0,5.0,False,True
22,ASS ASS IN FC,Maignan,P,4.5,3.5,True,False
22,ASS ASS IN FC,Gosens,D,,,False,False
22,ASS ASS IN FC,Buongiorno,D,4.0,4.0,True,False
22,ASS ASS IN FC,Lucumì,D,5.0,4.5,True,False
22,ASS ASS IN FC,Comuzzo,D,5.5,5.0,True,False
22,ASS ASS IN FC,Venturino,C,,,False,False
22,ASS ASS IN FC,Pasalic,C,6.5,7.5,True,False
22,ASS ASS IN FC,Malinovskyi,C,6.5,8.5,True,False
22,ASS ASS IN FC,Leao,A,7.0,10.5,True,False
22,ASS ASS IN FC,Zapata D.,A,,,False,False
22,ASS ASS IN FC,Simeone,A,5.5,5.5,True,False
22,ASS ASS IN FC,Terracciano,P,,,False,True
22,ASS ASS IN FC,Torriani,P,,,False,True
22,ASS ASS IN FC,Tomori,D,6.0,6.0,True,True
22,ASS ASS IN FC,Bartesaghi,D,6.0,6.0,False,True
22,ASS ASS IN FC,Ghilardi,D,6.5,6.5,False,True
22,ASS ASS IN FC,Ziolkowski,D,,,False,True
22,ASS ASS IN FC,Volpato,C,,,False,True
22,ASS ASS IN FC,Santos A.,C,,,False,True
22,ASS ASS IN FC,Barella,C,,,False,True
22,ASS ASS IN FC,Zambo Anguissa,C,,,False,True
22,ASS ASS IN FC,Prati,C,,,False,True
22,ASS ASS IN FC,Addai,A,,,False,True
22,ASS ASS IN FC,Davis K.,A,,,False,True
22,ASS ASS IN FC,Dybala,A,,,False,True
22,PAUL POGSHAO,Skorupski,P,6.0,5.0,True,False
22,PAUL POGSHAO,Dimarco,D,8.5,11.0,True,False
22,PAUL POGSHAO,Mancini,D,6.5,7.0,True,False
22,PAUL POGSHAO,Kempf,D,6.0,6.0,True,False
22,PAUL POGSHAO,Wesley,D,6.5,6.5,True,False
22,PAUL POGSHAO,Paz N.,C,7.0,9.5,True,False
22,PAUL POGSHAO,Cristante,C,6.5,6.5,True,False
22,PAUL POGSHAO,El Aynaoui,C,,,False,False
22,PAUL POGSHAO,Ratkov,A,,,False,False
22,PAUL POGSHAO,Fullkrug,A,6.0,6.0,True,False
22,PAUL POGSHAO,Giovane,A,5.5,5.5,True,False
22,PAUL POGSHAO,Ravaglia F.,P,,,False,True
22,PAUL POGSHAO,Pessina Mas.,P,,,False,True
22,PAUL POGSHAO,Cambiaso,D,5.0,6.0,False,True
22,PAUL POGSHAO,Hien,D,,,False,True
22,PAUL POGSHAO,Bozhinov,D,5.5,5.5,False,True
22,PAUL POGSHAO,Dumfries,D,,,False,True
22,PAUL POGSHAO,Perrone,C,6.0,6.0,True,True
22,PAUL POGSHAO,Da Cunha,C,,,False,True
22,PAUL POGSHAO,Oristanio,C,5.5,5.5,False,True
22,PAUL POGSHAO,Koopmeiners,C,5.5,5.5,False,True
22,PAUL POGSHAO,Stengs,C,,,False,True
22,PAUL POGSHAO,Vardy,A,6.0,6.0,True,True
22,PAUL POGSHAO,Laurientè,A,6.5,6.5,False,True
22,PAUL POGSHAO,Elphege,A,,,False,True
22,TOMATO,Sommer,P,6.0,7.0,True,False
22,TOMATO,Solet,D,6.5,8.5,True,False
22,TOMATO,Heggem,D,6.0,6.0,True,False
22,TOMATO,Miranda J.,D,6.5,6.5,True,False
22,TOMATO,Conceicao,C,,,False,False
22,TOMATO,Gudmundsson A.,C,6.0,6.0,True,False
22,TOMATO,Mkhitaryan,C,6.5,6.5,True,False
22,TOMATO,Baturina,C,6.5,6.5,True,False
22,TOMATO,Thuram,A,7.0,10.0,True,False
22,TOMATO,Colombo,A,7.0,10.0,True,False
22,TOMATO,Raspadori,A,7.0,8.0,True,False
22,TOMATO,Martinez Jo.,P,,,False,True
22,TOMATO,Di Gennaro,P,,,False,True
22,TOMATO,Olivera,D,,,False,True
22,TOMATO,Tiago Gabriel,D,6.5,6.5,False,True
22,TOMATO,Bellanova,D,6.0,6.0,False,True
22,TOMATO,Holm,D,,,False,True
22,TOMATO,Rowe,C,6.5,6.5,True,True
22,TOMATO,Jashari,C,6.5,7.5,False,True
22,TOMATO,Piccoli,A,,,False,True
22,TOMATO,Lukaku,A,,,False,True
22,TOMATO,Dia,A,,,False,True
22,TEAM WOLFLING,Provedel,P,7.0,5.0,True,False
22,TEAM WOLFLING,Spinazzola,D,6.0,6.0,True,False
22,TEAM WOLFLING,Bastoni,D,6.5,6.5,True,False
22,TEAM WOLFLING,Ostigard,D,5.5,5.5,True,False
22,TEAM WOLFLING,Angori,D,6.5,6.5,True,False
22,TEAM WOLFLING,Brescianini,C,5.5,5.5,True,False
22,TEAM WOLFLING,Ederson D.S.,C,6.5,6.5,True,False
22,TEAM WOLFLING,Mandragora,C,6.5,7.5,True,False
22,TEAM WOLFLING,Zielinski,C,6.5,6.5,True,False
22,TEAM WOLFLING,De Ketelaere,A,,,False,False
22,TEAM WOLFLING,Malen,A,7.5,14.5,True,False
22,TEAM WOLFLING,Motta,P,,,False,True
22,TEAM WOLFLING,Furlanetto,P,,,False,True
22,TEAM WOLFLING,Pavlovic,D,6.0,6.0,False,True
22,TEAM WOLFLING,Djimsiti,D,6.0,6.0,False,True
22,TEAM WOLFLING,Baschirotto,D,6.0,6.0,False,True
22,TEAM WOLFLING,Casadei,C,7.0,10.0,False,True
22,TEAM WOLFLING,Konè I.,C,5.0,5.0,False,True
22,TEAM WOLFLING,Cornet,C,5.0,5.0,False,True
22,TEAM WOLFLING,Marchwinski,C,,,False,True
22,TEAM WOLFLING,Morata,A,,,False,True
22,TEAM WOLFLING,Pavoletti,A,5.5,5.5,True,True
22,TEAM WOLFLING,Arena A.,A,,,False,True
22,VINCENZO,Carnesecchi,P,6.0,5.0,True,False
22,VINCENZO,Dodò,D,5.5,5.0,True,False
22,VINCENZO,Akanji,D,7.5,10.5,True,False
22,VINCENZO,Kalulu,D,7.0,11.0,True,False
22,VINCENZO,Palestra,D,6.0,5.5,True,False
22,VINCENZO,Atta,C,6.5,6.5,True,False
22,VINCENZO,McKennie,C,7.0,10.0,True,False
22,VINCENZO,Vergara,C,6.5,6.5,True,False
22,VINCENZO,Esposito F.P.,A,,,False,False
22,VINCENZO,Scamacca,A,,,False,False
22,VINCENZO,Soulè,A,6.0,6.0,True,False
22,VINCENZO,Sportiello,P,,,False,True
22,VINCENZO,Rossi F.,P,,,False,True
22,VINCENZO,Kilicsoy,A,5.0,5.0,True,True
22,VINCENZO,Rodriguez Je.,A,,,False,True
22,VINCENZO,Diao,A,,,False,True
22,VINCENZO,Sucic P.,C,6.5,6.5,False,True
22,VINCENZO,Locatelli,C,5.5,5.5,False,True
22,VINCENZO,Taylor K.,C,6.5,6.0,False,True
22,VINCENZO,Miller L.,C,6.0,6.0,False,True
22,VINCENZO,Rovella,C,,,False,True
22,VINCENZO,Bernasconi,D,6.0,6.0,False,True
22,VINCENZO,Juan Jesus,D,5.0,4.0,False,True
22,VINCENZO,Muharemovic,D,4.0,4.0,False,True
22,VINCENZO,Marianucci,D,5.5,5.0,False,True
22,BOBOTOTTI,Meret,P,5.5,3.0,True,False
22,BOBOTOTTI,Gallo,D,6.0,6.0,True,False
22,BOBOTOTTI,Vasquez,D,5.5,5.0,True,False
22,BOBOTOTTI,Gabbia,D,6.0,6.0,True,False
22,BOBOTOTTI,Delprato,D,6.0,6.0,True,False
22,BOBOTOTTI,Saelemaekers,C,6.5,6.0,True,False
22,BOBOTOTTI,Modric,C,6.5,6.5,True,False
22,BOBOTOTTI,Pellegrini Lo.,C,6.0,6.0,True,False
22,BOBOTOTTI,Esposito Se.,A,5.5,5.5,True,False
22,BOBOTOTTI,Bonazzoli,A,5.5,5.5,True,False
22,BOBOTOTTI,Vitinha O.,A,6.5,6.5,True,False
22,BOBOTOTTI,Milinkovic-Savic V.,P,,,False,True
22,BOBOTOTTI,Contini,P,,,False,True
22,BOBOTOTTI,Coco,D,5.0,5.0,False,True
22,BOBOTOTTI,Kristensen T.,D,6.0,6.0,False,True
22,BOBOTOTTI,Valeri,D,6.0,6.0,False,True
22,BOBOTOTTI,Valle,D,6.0,6.0,False,True
22,BOBOTOTTI,De Bruyne,C,,,False,True
22,BOBOTOTTI,Bernabè,C,6.0,6.0,False,True
22,BOBOTOTTI,Frendrup,C,5.5,5.5,False,True
22,BOBOTOTTI,Maldini,C,6.5,7.5,False,True
22,BOBOTOTTI,Zhegrova,C,5.5,5.5,False,True
22,BOBOTOTTI,Vlahovic,A,,,False,True
22,BOBOTOTTI,Krstovic,A,7.0,10.0,False,True
22,BOBOTOTTI,Cheddira,A,5.5,5.5,False,True
22,TEAM HAIR FLICK,Butez,P,6.0,4.5,True,False
22,TEAM HAIR FLICK,Gutierrez,D,5.5,5.5,True,False
22,TEAM HAIR FLICK,Kelly L.,D,6.0,6.0,True,False
22,TEAM HAIR FLICK,Bisseck,D,7.5,11.5,True,False
22,TEAM HAIR FLICK,Scalvini,D,6.5,6.5,True,False
22,TEAM HAIR FLICK,Pulisic,C,,,False,False
22,TEAM HAIR FLICK,Odgaard,C,,,False,False
22,TEAM HAIR FLICK,Ekkelenkamp,C,5.5,5.5,True,False
22,TEAM HAIR FLICK,Bonny,A,,,False,False
22,TEAM HAIR FLICK,Kean,A,6.5,9.5,True,False
22,TEAM HAIR FLICK,Nkunku,A,5.5,5.5,True,False
22,TEAM HAIR FLICK,Dallinga,A,5.5,5.5,True,True
22,TEAM HAIR FLICK,Pellegrino M.,A,5.5,5.5,False,True
22,TEAM HAIR FLICK,Ferguson E.,A,,,False,True
22,TEAM HAIR FLICK,Thuram K.,C,5.5,5.5,True,True
22,TEAM HAIR FLICK,Bernardeschi,C,6.0,6.0,True,True
22,TEAM HAIR FLICK,Ondrejka,C,,,False,True
22,TEAM HAIR FLICK,Bakola,C,,,False,True
22,TEAM HAIR FLICK,Freuler,C,6.5,6.5,False,True
22,TEAM HAIR FLICK,Rensch,D,,,False,True
22,TEAM HAIR FLICK,Gatti,D,,,False,True
22,TEAM HAIR FLICK,Diego Carlos,D,6.0,6.0,False,True
22,TEAM HAIR FLICK,Vojvoda,D,6.0,6.0,False,True
22,TEAM HAIR FLICK,Tornqvist,P,,,False,True
22,TEAM HAIR FLICK,Cavlina,P,,,False,True
22,CHELSEA,Di Gregorio,P,5.5,3.5,True,False
22,CHELSEA,Hermoso,D,,,False,False
22,CHELSEA,Ramon,D,5.5,5.5,True,False
22,CHELSEA,Circati,D,6.5,6.5,True,False
22,CHELSEA,Zalewski,C,6.5,6.5,True,False
22,CHELSEA,Lobotka,C,6.5,6.5,True,False
22,CHELSEA,Tourè I.,C,6.5,6.5,True,False
22,CHELSEA,Orsolini,C,6.5,6.5,True,False
22,CHELSEA,Yildiz,A,6.0,6.0,True,False
22,CHELSEA,Martinez L.,A,7.0,10.0,True,False
22,CHELSEA,Berardi,A,5.5,5.5,True,False
22,CHELSEA,Perin,P,,,False,True
22,CHELSEA,Pinsoglio,P,,,False,True
22,CHELSEA,Terracciano F.,D,5.5,5.5,True,True
22,CHELSEA,Luperto,D,6.0,7.0,False,True
22,CHELSEA,Martin,D,5.5,5.5,False,True
22,CHELSEA,Lirola,D,5.5,5.5,False,True
22,CHELSEA,Ebosse,D,,,False,True
22,CHELSEA,Baldanzi,C,,,False,True
22,CHELSEA,Pisilli,C,6.5,6.5,False,True
22,CHELSEA,Fagioli,C,7.0,7.0,False,True
22,CHELSEA,Vlasic,C,,,False,True
22,CHELSEA,Durosinmi,A,5.5,5.5,False,True
22,CHELSEA,Boga,A,6.5,7.5,False,True
22,CHELSEA,Djuric,A,6.0,6.0,False,True
22,TEAM GLIDER,De Gea,P,6.5,4.5,True,False
22,TEAM GLIDER,N'Dicka,D,6.5,6.5,True,False
22,TEAM GLIDER,Bremer,D,5.5,5.5,True,False
22,TEAM GLIDER,Rrahmani,D,6.5,7.0,True,False
22,TEAM GLIDER,McTominay,C,7.5,10.5,True,False
22,TEAM GLIDER,Zaniolo,C,6.0,6.0,True,False
22,TEAM GLIDER,Loftus-Cheek,C,,,False,False
22,TEAM GLIDER,Elmas,C,6.5,6.5,True,False
22,TEAM GLIDER,Miretti,C,,,False,False
22,TEAM GLIDER,Castro S.,A,6.0,6.0,True,False
22,TEAM GLIDER,David,A,5.0,5.0,True,False
22,TEAM GLIDER,Lezzerini,P,,,False,True
22,TEAM GLIDER,Christensen O.,P,,,False,True
22,TEAM GLIDER,De Winter,D,6.0,6.0,False,True
22,TEAM GLIDER,Zè Pedro,D,5.0,5.0,False,True
22,TEAM GLIDER,Siebert,D,,,False,True
22,TEAM GLIDER,Ahanor,D,,,False,True
22,TEAM GLIDER,Rugani,D,,,False,True
22,TEAM GLIDER,Isaksen,C,7.0,10.0,True,True
22,TEAM GLIDER,Nicolussi Caviglia,C,6.5,7.5,True,True
22,TEAM GLIDER,Zaragoza,C,6.0,5.5,False,True
22,TEAM GLIDER,Douvikas,A,6.0,6.0,False,True
22,TEAM GLIDER,Openda,A,,,False,True
22,TEAM GLIDER,Dominguez B.,A,,,False,True
22,TEAM GLIDER,Sarr A.,A,,,False,True
23,VINCENZO,Carnesecchi,P,6.5,7.5,True,False
23,VINCENZO,Bernasconi,D,6.5,7.0,True,False
23,VINCENZO,Akanji,D,6.0,6.0,True,False
23,VINCENZO,Kalulu,D,5.0,4.0,True,False
23,VINCENZO,Palestra,D,5.5,5.5,True,False
23,VINCENZO,Atta,C,6.0,5.5,True,False
23,VINCENZO,McKennie,C,7.0,9.0,True,False
23,VINCENZO,Vergara,C,5.5,5.5,True,False
23,VINCENZO,Kilicsoy,A,5.5,5.5,True,False
23,VINCENZO,Scamacca,A,,,False,False
23,VINCENZO,Esposito F.P.,A,7.0,10.0,True,False
23,VINCENZO,Sportiello,P,,,False,True
23,VINCENZO,Rossi F.,P,,,False,True
23,VINCENZO,Soulè,A,5.0,5.0,True,True
23,VINCENZO,Rodriguez Je.,A,6.5,6.0,False,True
23,VINCENZO,Diao,A,,,False,True
23,VINCENZO,Taylor K.,C,6.0,5.5,False,True
23,VINCENZO,Sucic P.,C,6.5,6.5,False,True
23,VINCENZO,Locatelli,C,6.5,9.5,False,True
23,VINCENZO,Miller L.,C,5.5,5.5,False,True
23,VINCENZO,Rovella,C,6.0,6.0,False,True
23,VINCENZO,Muharemovic,D,5.5,5.0,False,True
23,VINCENZO,Dodò,D,6.5,6.5,False,True
23,VINCENZO,Marianucci,D,5.5,5.5,False,True
23,VINCENZO,Juan Jesus,D,,,False,True
23,PAUL POGSHAO,Skorupski,P,6.0,5.0,True,False
23,PAUL POGSHAO,Dimarco,D,6.5,7.5,True,False
23,PAUL POGSHAO,Mancini,D,6.0,5.5,True,False
23,PAUL POGSHAO,Kempf,D,5.0,4.5,True,False
23,PAUL POGSHAO,Wesley,D,6.5,6.5,True,False
23,PAUL POGSHAO,Paz N.,C,5.0,5.0,True,False
23,PAUL POGSHAO,Perrone,C,5.0,5.0,True,False
23,PAUL POGSHAO,Da Cunha,C,5.5,5.5,True,False
23,PAUL POGSHAO,Laurientè,A,7.0,10.0,True,False
23,PAUL POGSHAO,Fullkrug,A,4.5,2.5,True,False
23,PAUL POGSHAO,Vardy,A,5.5,5.5,True,False
23,PAUL POGSHAO,Ravaglia F.,P,,,False,True
23,PAUL POGSHAO,Pessina Mas.,P,,,False,True
23,PAUL POGSHAO,Cambiaso,D,6.5,7.5,False,True
23,PAUL POGSHAO,Hien,D,,,False,True
23,PAUL POGSHAO,Bozhinov,D,5.5,5.5,False,True
23,PAUL POGSHAO,Dumfries,D,,,False,True
23,PAUL POGSHAO,Cristante,C,6.0,6.0,False,True
23,PAUL POGSHAO,El Aynaoui,C,6.0,6.0,False,True
23,PAUL POGSHAO,Oristanio,C,5.5,5.5,False,True
23,PAUL POGSHAO,Koopmeiners,C,6.0,6.0,False,True
23,PAUL POGSHAO,Stengs,C,,,False,True
23,PAUL POGSHAO,Ratkov,A,6.0,6.0,False,True
23,PAUL POGSHAO,Giovane,A,6.5,7.5,False,True
23,PAUL POGSHAO,Elphege,A,,,False,True
23,TOMATO,Sommer,P,6.0,4.0,True,False
23,TOMATO,Solet,D,6.5,9.5,True,False
23,TOMATO,Tiago Gabriel,D,7.0,7.0,True,False
23,TOMATO,Miranda J.,D,5.5,5.5,True,False
23,TOMATO,Olivera,D,6.0,6.0,True,False
23,TOMATO,Conceicao,C,6.0,6.0,True,False
23,TOMATO,Baturina,C,5.5,5.5,True,False
23,TOMATO,Rowe,C,7.0,8.0,True,False
23,TOMATO,Thuram,A,6.0,6.0,True,False
23,TOMATO,Colombo,A,5.5,5.5,True,False
23,TOMATO,Raspadori,A,6.0,6.0,True,False
23,TOMATO,Martinez Jo.,P,,,False,True
23,TOMATO,Di Gennaro,P,,,False,True
23,TOMATO,Heggem,D,,,False,True
23,TOMATO,Bellanova,D,,,False,True
23,TOMATO,Holm,D,6.0,6.0,False,True
23,TOMATO,Belghali,D,5.5,5.5,False,True
23,TOMATO,Jashari,C,,,False,True
23,TOMATO,Lukaku,A,,,False,True
23,TOMATO,Piccoli,A,,,False,True
23,TOMATO,Dia,A,,,False,True
23,TOMATO,Mkhitaryan,C,,,False,True
23,TEAM HAIR FLICK,Butez,P,6.0,4.0,True,False
23,TEAM HAIR FLICK,Kelly L.,D,6.5,6.5,True,False
23,TEAM HAIR FLICK,Diego Carlos,D,,,False,False
23,TEAM HAIR FLICK,Scalvini,D,5.5,5.0,True,False
23,TEAM HAIR FLICK,Vojvoda,D,5.5,5.5,True,False
23,TEAM HAIR FLICK,Ondrejka,C,6.0,6.0,True,False
23,TEAM HAIR FLICK,Ekkelenkamp,C,6.0,6.0,True,False
23,TEAM HAIR FLICK,Pulisic,C,,,False,False
23,TEAM HAIR FLICK,Nkunku,A,5.5,5.5,True,False
23,TEAM HAIR FLICK,Kean,A,7.0,10.0,True,False
23,TEAM HAIR FLICK,Pellegrino M.,A,6.5,10.5,True,False
23,TEAM HAIR FLICK,Bonny,A,,,False,True
23,TEAM HAIR FLICK,Dallinga,A,,,False,True
23,TEAM HAIR FLICK,Odgaard,C,,,False,True
23,TEAM HAIR FLICK,Bernardeschi,C,6.5,7.5,True,True
23,TEAM HAIR FLICK,Thuram K.,C,,,False,True
23,TEAM HAIR FLICK,Bakola,C,,,False,True
23,TEAM HAIR FLICK,Freuler,C,6.5,6.5,False,True
23,TEAM HAIR FLICK,Bisseck,D,6.0,7.0,True,True
23,TEAM HAIR FLICK,Gutierrez,D,5.0,5.0,False,True
23,TEAM HAIR FLICK,Rensch,D,,,False,True
23,TEAM HAIR FLICK,Gatti,D,,,False,True
23,TEAM HAIR FLICK,Tornqvist,P,,,False,True
23,TEAM HAIR FLICK,Cavlina,P,,,False,True
23,TEAM HAIR FLICK,Ferguson E.,A,,,False,True
23,TEAM YANGTUO,Svilar,P,6.0,4.0,True,False
23,TEAM YANGTUO,Norton-Cuffy,D,6.5,6.5,True,False
23,TEAM YANGTUO,Idrissi R.,D,4.5,4.5,True,False
23,TEAM YANGTUO,Zappacosta,D,6.5,6.5,True,False
23,TEAM YANGTUO,Celik,D,6.0,6.0,True,False
23,TEAM YANGTUO,Rabiot,C,5.0,4.0,True,False
23,TEAM YANGTUO,Calhanoglu,C,6.5,6.0,True,False
23,TEAM YANGTUO,Thorstvedt,C,6.0,6.0,True,False
23,TEAM YANGTUO,Strefezza,C,6.5,6.5,True,False
23,TEAM YANGTUO,Pinamonti,A,7.5,12.5,True,False
23,TEAM YANGTUO,Adams C.,A,5.5,5.5,True,False
23,TEAM YANGTUO,Gollini,P,,,False,True
23,TEAM YANGTUO,Zortea,D,6.0,6.0,False,True
23,TEAM YANGTUO,Lazaro,D,5.5,5.5,False,True
23,TEAM YANGTUO,Garcia U.,D,7.0,8.0,False,True
23,TEAM YANGTUO,Solomon,A,6.5,6.5,False,True
23,TEAM YANGTUO,Buksa,A,5.5,5.5,False,True
23,TEAM YANGTUO,Bowie,A,6.5,6.5,False,True
23,TEAM YANGTUO,Hojlund,A,6.0,6.0,False,True
23,TEAM YANGTUO,Zelezny,P,,,False,True
23,TEAM YANGTUO,Gandelman,C,7.0,11.0,False,True
23,TEAM YANGTUO,Fabbian,C,,,False,True
23,TEAM YANGTUO,Lovric,C,,,False,True
23,TEAM YANGTUO,Politano,C,5.5,5.5,False,True
23,TEAM YANGTUO,Frese,D,,,False,True
23,BOBOTOTTI,Meret,P,,,False,False
23,BOBOTOTTI,Valeri,D,6.5,6.5,True,False
23,BOBOTOTTI,Vasquez,D,6.5,6.5,True,False
23,BOBOTOTTI,Gabbia,D,5.5,5.5,True,False
23,BOBOTOTTI,Delprato,D,6.0,6.0,True,False
23,BOBOTOTTI,Pellegrini Lo.,C,5.5,5.5,True,False
23,BOBOTOTTI,Modric,C,7.0,11.0,True,False
23,BOBOTOTTI,Maldini,C,5.5,5.5,True,False
23,BOBOTOTTI,Esposito Se.,A,5.5,5.5,True,False
23,BOBOTOTTI,Krstovic,A,6.0,6.0,True,False
23,BOBOTOTTI,Bonazzoli,A,6.0,6.0,True,False
23,BOBOTOTTI,Milinkovic-Savic V.,P,6.0,4.0,True,True
23,BOBOTOTTI,Contini,P,,,False,True
23,BOBOTOTTI,Valle,D,6.0,6.0,False,True
23,BOBOTOTTI,Coco,D,5.5,5.5,False,True
23,BOBOTOTTI,Kristensen T.,D,5.5,5.5,False,True
23,BOBOTOTTI,Gallo,D,6.0,6.0,False,True
23,BOBOTOTTI,Bernabè,C,7.0,10.0,False,True
23,BOBOTOTTI,Frendrup,C,6.0,6.0,False,True
23,BOBOTOTTI,Zhegrova,C,,,False,True
23,BOBOTOTTI,De Bruyne,C,,,False,True
23,BOBOTOTTI,Saelemaekers,C,,,False,True
23,BOBOTOTTI,Vitinha O.,A,6.0,6.0,False,True
23,BOBOTOTTI,Cheddira,A,6.0,6.0,False,True
23,BOBOTOTTI,Vlahovic,A,,,False,True
23,TEAM GLIDER,De Gea,P,6.0,5.0,True,False
23,TEAM GLIDER,De Winter,D,,,False,False
23,TEAM GLIDER,Bremer,D,7.0,7.0,True,False
23,TEAM GLIDER,Rrahmani,D,5.0,4.5,True,False
23,TEAM GLIDER,Loftus-Cheek,C,7.0,10.0,True,False
23,TEAM GLIDER,Zaniolo,C,6.5,6.5,True,False
23,TEAM GLIDER,McTominay,C,,,False,False
23,TEAM GLIDER,Isaksen,C,5.0,5.0,True,False
23,TEAM GLIDER,Douvikas,A,5.5,5.5,True,False
23,TEAM GLIDER,David,A,5.5,5.5,True,False
23,TEAM GLIDER,Castro S.,A,7.0,11.0,True,False
23,TEAM GLIDER,Lezzerini,P,,,False,True
23,TEAM GLIDER,Christensen O.,P,,,False,True
23,TEAM GLIDER,N'Dicka,D,7.0,7.0,True,True
23,TEAM GLIDER,Zè Pedro,D,6.0,6.0,False,True
23,TEAM GLIDER,Ahanor,D,5.0,4.5,False,True
23,TEAM GLIDER,Siebert,D,,,False,True
23,TEAM GLIDER,Rugani,D,,,False,True
23,TEAM GLIDER,Elmas,C,6.5,7.5,True,True
23,TEAM GLIDER,Miretti,C,5.5,5.5,False,True
23,TEAM GLIDER,Zaragoza,C,6.0,7.0,False,True
23,TEAM GLIDER,Nicolussi Caviglia,C,6.5,7.5,False,True
23,TEAM GLIDER,Openda,A,,,False,True
23,TEAM GLIDER,Sarr A.,A,5.5,5.5,False,True
23,TEAM GLIDER,Dominguez B.,A,6.0,6.0,False,True
23,TEAM WOLFLING,Provedel,P,5.5,3.5,True,False
23,TEAM WOLFLING,Spinazzola,D,6.5,9.5,True,False
23,TEAM WOLFLING,Bastoni,D,6.0,5.5,True,False
23,TEAM WOLFLING,Ostigard,D,6.5,6.5,True,False
23,TEAM WOLFLING,Baschirotto,D,7.0,7.0,True,False
23,TEAM WOLFLING,Pavlovic,D,6.5,6.5,True,False
23,TEAM WOLFLING,Konè I.,C,6.5,6.5,True,False
23,TEAM WOLFLING,Mandragora,C,6.5,6.0,True,False
23,TEAM WOLFLING,Zielinski,C,7.0,10.5,True,False
23,TEAM WOLFLING,Casadei,C,6.0,6.0,True,False
23,TEAM WOLFLING,Malen,A,8.0,13.0,True,False
23,TEAM WOLFLING,Motta,P,,,False,True
23,TEAM WOLFLING,Furlanetto,P,,,False,True
23,TEAM WOLFLING,Djimsiti,D,6.0,5.5,False,True
23,TEAM WOLFLING,Angori,D,5.5,5.5,False,True
23,TEAM WOLFLING,Ederson D.S.,C,7.0,10.0,False,True
23,TEAM WOLFLING,Brescianini,C,6.0,6.0,False,True
23,TEAM WOLFLING,Cornet,C,,,False,True
23,TEAM WOLFLING,Marchwinski,C,,,False,True
23,TEAM WOLFLING,Morata,A,5.0,4.0,False,True
23,TEAM WOLFLING,Pavoletti,A,5.5,5.5,False,True
23,TEAM WOLFLING,Arena A.,A,,,False,True
23,ASS ASS IN FC,Maignan,P,6.5,5.5,True,False
23,ASS ASS IN FC,Gosens,D,,,False,False
23,ASS ASS IN FC,Tomori,D,6.5,6.5,True,False
23,ASS ASS IN FC,Lucumì,D,6.0,6.0,True,False
23,ASS ASS IN FC,Bartesaghi,D,6.5,6.0,True,False
23,ASS ASS IN FC,Pasalic,C,,,False,False
23,ASS ASS IN FC,Barella,C,6.0,5.5,True,False
23,ASS ASS IN FC,Malinovskyi,C,6.0,6.0,True,False
23,ASS ASS IN FC,Leao,A,5.5,5.5,True,False
23,ASS ASS IN FC,Simeone,A,5.0,5.0,True,False
23,ASS ASS IN FC,Addai,A,5.5,5.5,True,False
23,ASS ASS IN FC,Terracciano,P,,,False,True
23,ASS ASS IN FC,Torriani,P,,,False,True
23,ASS ASS IN FC,Ghilardi,D,6.5,6.5,True,True
23,ASS ASS IN FC,Buongiorno,D,5.5,5.5,False,True
23,ASS ASS IN FC,Comuzzo,D,,,False,True
23,ASS ASS IN FC,Ziolkowski,D,,,False,True
23,ASS ASS IN FC,Volpato,C,,,False,True
23,ASS ASS IN FC,Prati,C,6.0,6.0,True,True
23,ASS ASS IN FC,Santos A.,C,7.5,11.5,False,True
23,ASS ASS IN FC,Venturino,C,5.5,5.5,False,True
23,ASS ASS IN FC,Zambo Anguissa,C,,,False,True
23,ASS ASS IN FC,Dybala,A,,,False,True
23,ASS ASS IN FC,Zapata D.,A,6.5,6.5,False,True
23,ASS ASS IN FC,Davis K.,A,,,False,True
23,CHELSEA,Di Gregorio,P,5.5,2.5,True,False
23,CHELSEA,Martin,D,5.5,5.5,True,False
23,CHELSEA,Ramon,D,5.5,5.5,True,False
23,CHELSEA,Circati,D,5.0,4.5,True,False
23,CHELSEA,Zalewski,C,7.0,10.0,True,False
23,CHELSEA,Pisilli,C,5.5,5.5,True,False
23,CHELSEA,Vlasic,C,6.0,8.5,True,False
23,CHELSEA,Orsolini,C,,,False,False
23,CHELSEA,Yildiz,A,6.0,6.0,True,False
23,CHELSEA,Martinez L.,A,5.5,5.5,True,False
23,CHELSEA,Berardi,A,6.0,6.0,True,False
23,CHELSEA,Perin,P,,,False,True
23,CHELSEA,Pinsoglio,P,,,False,True
23,CHELSEA,Luperto,D,6.5,6.5,False,True
23,CHELSEA,Terracciano F.,D,6.5,6.0,False,True
23,CHELSEA,Hermoso,D,,,False,True
23,CHELSEA,Lirola,D,,,False,True
23,CHELSEA,Ebosse,D,,,False,True
23,CHELSEA,Baldanzi,C,6.0,6.0,True,True
23,CHELSEA,Lobotka,C,6.0,6.0,False,True
23,CHELSEA,Fagioli,C,7.0,10.0,False,True
23,CHELSEA,Tourè I.,C,5.5,5.0,False,True
23,CHELSEA,Durosinmi,A,,,False,True
23,CHELSEA,Boga,A,6.0,6.0,False,True
23,CHELSEA,Djuric,A,6.5,6.5,False,True
24,PAUL POGSHAO,Skorupski,P,6.0,7.0,True,False
24,PAUL POGSHAO,Dimarco,D,7.0,8.0,True,False
24,PAUL POGSHAO,Mancini,D,6.5,6.5,True,False
24,PAUL POGSHAO,Wesley,D,5.5,5.5,True,False
24,PAUL POGSHAO,Cambiaso,D,5.5,5.5,True,False
24,PAUL POGSHAO,Perrone,C,7.0,7.0,True,False
24,PAUL POGSHAO,Cristante,C,7.5,12.5,True,False
24,PAUL POGSHAO,Da Cunha,C,6.5,7.5,True,False
24,PAUL POGSHAO,Laurientè,A,7.5,9.5,True,False
24,PAUL POGSHAO,Fullkrug,A,5.5,5.5,True,False
24,PAUL POGSHAO,Ratkov,A,6.0,6.0,True,False
24,PAUL POGSHAO,Ravaglia F.,P,,,False,True
24,PAUL POGSHAO,Pessina Mas.,P,,,False,True
24,PAUL POGSHAO,Kempf,D,6.5,6.5,False,True
24,PAUL POGSHAO,Hien,D,5.5,5.5,False,True
24,PAUL POGSHAO,Bozhinov,D,5.5,5.5,False,True
24,PAUL POGSHAO,Dumfries,D,,,False,True
24,PAUL POGSHAO,El Aynaoui,C,6.0,5.5,False,True
24,PAUL POGSHAO,Koopmeiners,C,5.0,5.0,False,True
24,PAUL POGSHAO,Oristanio,C,,,False,True
24,PAUL POGSHAO,Stengs,C,,,False,True
24,PAUL POGSHAO,Paz N.,C,,,False,True
24,PAUL POGSHAO,Giovane,A,5.5,5.5,False,True
24,PAUL POGSHAO,Vardy,A,5.0,5.0,False,True
24,PAUL POGSHAO,Elphege,A,,,False,True
24,TEAM GLIDER,De Gea,P,6.0,7.0,True,False
24,TEAM GLIDER,De Winter,D,5.5,5.5,True,False
24,TEAM GLIDER,N'Dicka,D,7.0,10.0,True,False
24,TEAM GLIDER,Ahanor,D,,,False,False
24,TEAM GLIDER,Loftus-Cheek,C,,,False,False
24,TEAM GLIDER,Zaniolo,C,5.5,5.5,True,False
24,TEAM GLIDER,McTominay,C,,,False,False
24,TEAM GLIDER,Isaksen,C,5.5,5.5,True,False
24,TEAM GLIDER,Zaragoza,C,5.5,5.5,True,False
24,TEAM GLIDER,Douvikas,A,6.5,7.5,True,False
24,TEAM GLIDER,Castro S.,A,6.5,6.5,True,False
24,TEAM GLIDER,Lezzerini,P,,,False,True
24,TEAM GLIDER,Christensen O.,P,,,False,True
24,TEAM GLIDER,Zè Pedro,D,6.5,6.0,True,True
24,TEAM GLIDER,Siebert,D,6.0,6.0,False,True
24,TEAM GLIDER,Rugani,D,,,False,True
24,TEAM GLIDER,Elmas,C,5.5,5.5,True,True
24,TEAM GLIDER,Miretti,C,5.5,5.5,True,True
24,TEAM GLIDER,Nicolussi Caviglia,C,6.0,6.0,False,True
24,TEAM GLIDER,David,A,5.5,5.5,False,True
24,TEAM GLIDER,Openda,A,5.0,5.0,False,True
24,TEAM GLIDER,Sarr A.,A,5.0,5.0,False,True
24,TEAM GLIDER,Dominguez B.,A,,,False,True
24,TEAM WOLFLING,Provedel,P,6.0,7.0,True,False
24,TEAM WOLFLING,Spinazzola,D,5.5,5.5,True,False
24,TEAM WOLFLING,Bastoni,D,6.0,5.5,True,False
24,TEAM WOLFLING,Ostigard,D,6.5,6.5,True,False
24,TEAM WOLFLING,Baschirotto,D,,,False,False
24,TEAM WOLFLING,Djimsiti,D,6.0,6.0,True,False
24,TEAM WOLFLING,Konè I.,C,6.5,6.5,True,False
24,TEAM WOLFLING,Brescianini,C,6.0,6.0,True,False
24,TEAM WOLFLING,Zielinski,C,6.5,6.5,True,False
24,TEAM WOLFLING,Casadei,C,,,False,False
24,TEAM WOLFLING,Malen,A,7.0,7.0,True,False
24,TEAM WOLFLING,Motta,P,,,False,True
24,TEAM WOLFLING,Furlanetto,P,,,False,True
24,TEAM WOLFLING,Angori,D,6.0,6.0,True,True
24,TEAM WOLFLING,Ederson D.S.,C,,,False,True
24,TEAM WOLFLING,Cornet,C,,,False,True
24,TEAM WOLFLING,Marchwinski,C,,,False,True
24,TEAM WOLFLING,Morata,A,,,False,True
24,TEAM WOLFLING,Pavoletti,A,,,False,True
24,TEAM WOLFLING,Arena A.,A,,,False,True
24,ASS ASS IN FC,Maignan,P,6.0,5.0,True,False
24,ASS ASS IN FC,Gosens,D,,,False,False
24,ASS ASS IN FC,Tomori,D,6.0,6.0,True,False
24,ASS ASS IN FC,Ghilardi,D,6.0,6.0,True,False
24,ASS ASS IN FC,Bartesaghi,D,5.5,5.5,True,False
24,ASS ASS IN FC,Pasalic,C,7.0,10.0,True,False
24,ASS ASS IN FC,Volpato,C,,,False,False
24,ASS ASS IN FC,Malinovskyi,C,6.5,6.5,True,False
24,ASS ASS IN FC,Leao,A,5.5,5.0,True,False
24,ASS ASS IN FC,Simeone,A,5.5,5.0,True,False
24,ASS ASS IN FC,Dybala,A,,,False,False
24,ASS ASS IN FC,Terracciano,P,,,False,True
24,ASS ASS IN FC,Torriani,P,,,False,True
24,ASS ASS IN FC,Comuzzo,D,,,False,True
24,ASS ASS IN FC,Lucumì,D,6.5,6.5,True,True
24,ASS ASS IN FC,Buongiorno,D,5.5,5.5,False,True
24,ASS ASS IN FC,Ziolkowski,D,,,False,True
24,ASS ASS IN FC,Santos A.,C,5.5,5.5,True,True
24,ASS ASS IN FC,Prati,C,5.5,5.5,False,True
24,ASS ASS IN FC,Barella,C,,,False,True
24,ASS ASS IN FC,Venturino,C,6.5,6.5,False,True
24,ASS ASS IN FC,Zambo Anguissa,C,,,False,True
24,ASS ASS IN FC,Addai,A,,,False,True
24,ASS ASS IN FC,Zapata D.,A,5.5,5.5,True,True
24,ASS ASS IN FC,Davis K.,A,,,False,True
24,BOBOTOTTI,Milinkovic-Savic V.,P,6.5,4.5,True,False
24,BOBOTOTTI,Vasquez,D,6.5,6.5,True,False
24,BOBOTOTTI,Kristensen T.,D,6.0,6.0,True,False
24,BOBOTOTTI,Gabbia,D,,,False,False
24,BOBOTOTTI,Valle,D,6.0,6.0,True,False
24,BOBOTOTTI,Pellegrini Lo.,C,6.0,7.0,True,False
24,BOBOTOTTI,Modric,C,6.0,6.0,True,False
24,BOBOTOTTI,Maldini,C,5.5,5.5,True,False
24,BOBOTOTTI,Saelemaekers,C,5.5,5.0,True,False
24,BOBOTOTTI,Krstovic,A,6.0,6.0,True,False
24,BOBOTOTTI,Esposito Se.,A,6.0,6.0,True,False
24,BOBOTOTTI,Meret,P,,,False,True
24,BOBOTOTTI,Contini,P,,,False,True
24,BOBOTOTTI,Coco,D,5.5,5.5,True,True
24,BOBOTOTTI,Delprato,D,6.5,6.5,False,True
24,BOBOTOTTI,Valeri,D,6.5,7.5,False,True
24,BOBOTOTTI,Gallo,D,5.5,5.5,False,True
24,BOBOTOTTI,Frendrup,C,6.0,6.0,False,True
24,BOBOTOTTI,Bernabè,C,6.0,6.0,False,True
24,BOBOTOTTI,Zhegrova,C,,,False,True
24,BOBOTOTTI,De Bruyne,C,,,False,True
24,BOBOTOTTI,Vitinha O.,A,,,False,True
24,BOBOTOTTI,Cheddira,A,5.0,5.0,False,True
24,BOBOTOTTI,Bonazzoli,A,5.5,5.5,False,True
24,BOBOTOTTI,Vlahovic,A,,,False,True
24,TOMATO,Sommer,P,6.0,7.0,True,False
24,TOMATO,Solet,D,,,False,False
24,TOMATO,Tiago Gabriel,D,6.5,6.0,True,False
24,TOMATO,Miranda J.,D,6.0,5.5,True,False
24,TOMATO,Conceicao,C,6.0,6.0,True,False
24,TOMATO,Baturina,C,6.0,6.0,True,False
24,TOMATO,Konè M.,C,6.0,6.0,True,False
24,TOMATO,Mkhitaryan,C,7.0,11.0,True,False
24,TOMATO,Rowe,C,6.0,6.0,True,False
24,TOMATO,Thuram,A,5.5,5.5,True,False
24,TOMATO,Colombo,A,6.5,6.5,True,False
24,TOMATO,Martinez Jo.,P,,,False,True
24,TOMATO,Di Gennaro,P,,,False,True
24,TOMATO,Heggem,D,,,False,True
24,TOMATO,Bellanova,D,5.5,5.5,True,True
24,TOMATO,Olivera,D,5.0,5.0,False,True
24,TOMATO,Gudmundsson A.,C,,,False,True
24,TOMATO,Jashari,C,5.5,5.5,False,True
24,TOMATO,Zaccagni,C,5.5,5.5,False,True
24,TOMATO,Lukaku,A,,,False,True
24,TOMATO,Piccoli,A,,,False,True
24,TOMATO,Dia,A,,,False,True
24,CHELSEA,Di Gregorio,P,4.5,2.5,True,False
24,CHELSEA,Martin,D,,,False,False
24,CHELSEA,Ramon,D,6.5,6.5,True,False
24,CHELSEA,Hermoso,D,,,False,False
24,CHELSEA,Zalewski,C,7.0,7.5,True,False
24,CHELSEA,Baldanzi,C,7.0,7.0,True,False
24,CHELSEA,Vlasic,C,6.0,6.0,True,False
24,CHELSEA,Fagioli,C,6.0,6.0,True,False
24,CHELSEA,Orsolini,C,5.5,5.5,True,False
24,CHELSEA,Yildiz,A,6.0,6.0,True,False
24,CHELSEA,Berardi,A,7.0,11.0,True,False
24,CHELSEA,Perin,P,,,False,True
24,CHELSEA,Pinsoglio,P,,,False,True
24,CHELSEA,Luperto,D,5.5,5.5,True,True
24,CHELSEA,Terracciano F.,D,6.0,6.0,True,True
24,CHELSEA,Ebosse,D,5.0,5.0,False,True
24,CHELSEA,Pisilli,C,7.0,10.0,False,True
24,CHELSEA,Lobotka,C,6.0,6.0,False,True
24,CHELSEA,Tourè I.,C,5.5,5.5,False,True
24,CHELSEA,Durosinmi,A,5.5,5.5,False,True
24,CHELSEA,Boga,A,5.5,5.5,False,True
24,CHELSEA,Djuric,A,6.0,6.0,False,True
24,TEAM YANGTUO,Svilar,P,6.5,7.5,True,False
24,TEAM YANGTUO,Norton-Cuffy,D,7.0,11.0,True,False
24,TEAM YANGTUO,Zortea,D,,,False,False
24,TEAM YANGTUO,Celik,D,6.5,6.5,True,False
24,TEAM YANGTUO,Fabbian,C,,,False,False
24,TEAM YANGTUO,Rabiot,C,6.5,6.5,True,False
24,TEAM YANGTUO,Politano,C,5.5,5.5,True,False
24,TEAM YANGTUO,Thorstvedt,C,6.0,6.0,True,False
24,TEAM YANGTUO,Solomon,A,6.0,6.0,True,False
24,TEAM YANGTUO,Pinamonti,A,7.0,11.0,True,False
24,TEAM YANGTUO,Hojlund,A,6.0,6.0,True,False
24,TEAM YANGTUO,Gollini,P,,,False,True
24,TEAM YANGTUO,Garcia U.,D,6.5,6.5,True,True
24,TEAM YANGTUO,Zappacosta,D,6.0,6.0,False,True
24,TEAM YANGTUO,Lazaro,D,5.0,5.0,False,True
24,TEAM YANGTUO,Buksa,A,5.5,5.0,False,True
24,TEAM YANGTUO,Bowie,A,5.0,5.0,False,True
24,TEAM YANGTUO,Zelezny,P,,,False,True
24,TEAM YANGTUO,Gandelman,C,5.5,5.5,True,True
24,TEAM YANGTUO,Frese,D,5.5,5.5,False,True
24,TEAM YANGTUO,Idrissi R.,D,6.0,6.0,False,True
24,TEAM YANGTUO,Strefezza,C,6.5,6.5,False,True
24,TEAM HAIR FLICK,Butez,P,6.0,7.0,True,False
24,TEAM HAIR FLICK,Kelly L.,D,5.5,5.5,True,False
24,TEAM HAIR FLICK,Scalvini,D,6.0,6.0,True,False
24,TEAM HAIR FLICK,Gatti,D,6.0,6.0,True,False
24,TEAM HAIR FLICK,Bisseck,D,6.0,6.0,True,False
24,TEAM HAIR FLICK,Thuram K.,C,5.5,5.5,True,False
24,TEAM HAIR FLICK,Odgaard,C,,,False,False
24,TEAM HAIR FLICK,Pulisic,C,6.0,6.0,True,False
24,TEAM HAIR FLICK,Bonny,A,6.0,6.0,True,False
24,TEAM HAIR FLICK,Kean,A,7.0,11.0,True,False
24,TEAM HAIR FLICK,Nkunku,A,,,False,False
24,TEAM HAIR FLICK,Dallinga,A,,,False,True
24,TEAM HAIR FLICK,Pellegrino M.,A,6.0,6.0,True,True
24,TEAM HAIR FLICK,Ekkelenkamp,C,6.0,6.0,True,True
24,TEAM HAIR FLICK,Bernardeschi,C,7.0,10.0,False,True
24,TEAM HAIR FLICK,Freuler,C,6.0,6.0,False,True
24,TEAM HAIR FLICK,Ondrejka,C,6.0,6.0,False,True
24,TEAM HAIR FLICK,Bakola,C,,,False,True
24,TEAM HAIR FLICK,Rensch,D,,,False,True
24,TEAM HAIR FLICK,Gutierrez,D,6.5,7.5,False,True
24,TEAM HAIR FLICK,Vojvoda,D,7.0,11.0,False,True
24,TEAM HAIR FLICK,Diego Carlos,D,6.0,6.0,False,True
24,TEAM HAIR FLICK,Tornqvist,P,,,False,True
24,TEAM HAIR FLICK,Cavlina,P,,,False,True
24,TEAM HAIR FLICK,Ferguson E.,A,,,False,True
24,VINCENZO,Carnesecchi,P,6.0,5.0,True,False
24,VINCENZO,Dodò,D,6.5,6.0,True,False
24,VINCENZO,Akanji,D,7.0,10.0,True,False
24,VINCENZO,Palestra,D,6.5,6.5,True,False
24,VINCENZO,Vergara,C,6.0,6.0,True,False
24,VINCENZO,McKennie,C,5.0,5.0,True,False
24,VINCENZO,Sucic P.,C,5.5,5.5,True,False
24,VINCENZO,Taylor K.,C,6.0,6.0,True,False
24,VINCENZO,Esposito F.P.,A,6.0,6.0,True,False
24,VINCENZO,Scamacca,A,6.5,6.5,True,False
24,VINCENZO,Soulè,A,,,False,False
24,VINCENZO,Sportiello,P,,,False,True
24,VINCENZO,Rossi F.,P,,,False,True
24,VINCENZO,Rodriguez Je.,A,,,False,True
24,VINCENZO,Kilicsoy,A,6.0,6.0,True,True
24,VINCENZO,Diao,A,,,False,True
24,VINCENZO,Atta,C,6.0,6.0,False,True
24,VINCENZO,Locatelli,C,6.0,5.5,False,True
24,VINCENZO,Miller L.,C,,,False,True
24,VINCENZO,Rovella,C,6.0,6.0,False,True
24,VINCENZO,Bernasconi,D,6.5,7.5,False,True
24,VINCENZO,Juan Jesus,D,6.5,6.0,False,True
24,VINCENZO,Marianucci,D,,,False,True
24,VINCENZO,Muharemovic,D,,,False,True
24,VINCENZO,Kalulu,D,,,False,True
25,VINCENZO,Carnesecchi,P,6.5,4.5,True,False
25,VINCENZO,Bernasconi,D,6.0,5.5,True,False
25,VINCENZO,Akanji,D,6.0,6.0,True,False
25,VINCENZO,Kalulu,D,5.5,5.5,True,False
25,VINCENZO,Palestra,D,6.5,6.5,True,False
25,VINCENZO,Sucic P.,C,,,False,False
25,VINCENZO,McKennie,C,6.0,7.0,True,False
25,VINCENZO,Atta,C,,,False,False
25,VINCENZO,Vergara,C,6.5,6.5,True,False
25,VINCENZO,Scamacca,A,5.5,5.5,True,False
25,VINCENZO,Esposito F.P.,A,6.0,6.0,True,False
25,VINCENZO,Sportiello,P,,,False,True
25,VINCENZO,Rossi F.,P,,,False,True
25,VINCENZO,Rodriguez Je.,A,7.5,12.5,False,True
25,VINCENZO,Diao,A,,,False,True
25,VINCENZO,Kilicsoy,A,5.5,5.5,False,True
25,VINCENZO,Soulè,A,,,False,True
25,VINCENZO,Taylor K.,C,5.0,5.0,True,True
25,VINCENZO,Miller L.,C,6.5,7.5,True,True
25,VINCENZO,Locatelli,C,,,False,True
25,VINCENZO,Rovella,C,,,False,True
25,VINCENZO,Juan Jesus,D,6.0,5.5,False,True
25,VINCENZO,Marianucci,D,,,False,True
25,VINCENZO,Muharemovic,D,6.5,6.5,False,True
25,VINCENZO,Dodò,D,,,False,True
25,TOMATO,Sommer,P,6.0,7.0,True,False
25,TOMATO,Olivera,D,,,False,False
25,TOMATO,Tiago Gabriel,D,5.0,5.0,True,False
25,TOMATO,Bellanova,D,6.0,6.0,True,False
25,TOMATO,Conceicao,C,6.5,9.5,True,False
25,TOMATO,Konè M.,C,6.5,7.5,True,False
25,TOMATO,Zaccagni,C,5.5,5.5,True,False
25,TOMATO,Gudmundsson A.,C,5.0,5.0,True,False
25,TOMATO,Rowe,C,6.0,6.0,True,False
25,TOMATO,Thuram,A,5.5,5.5,True,False
25,TOMATO,Colombo,A,6.0,6.0,True,False
25,TOMATO,Martinez Jo.,P,,,False,True
25,TOMATO,Di Gennaro,P,,,False,True
25,TOMATO,Heggem,D,,,False,True
25,TOMATO,Lukaku,A,7.0,10.5,False,True
25,TOMATO,Piccoli,A,5.5,5.5,False,True
25,TOMATO,Dia,A,,,False,True
25,TOMATO,Mkhitaryan,C,7.0,7.5,False,True
25,TOMATO,Jashari,C,,,False,True
25,TEAM YANGTUO,Svilar,P,6.0,3.0,True,False
25,TEAM YANGTUO,Idrissi R.,D,,,False,False
25,TEAM YANGTUO,Zortea,D,6.0,6.0,True,False
25,TEAM YANGTUO,Celik,D,6.0,6.0,True,False
25,TEAM YANGTUO,Zappacosta,D,6.5,7.5,True,False
25,TEAM YANGTUO,Rabiot,C,6.5,6.5,True,False
25,TEAM YANGTUO,Politano,C,6.0,6.0,True,False
25,TEAM YANGTUO,Strefezza,C,6.0,6.0,True,False
25,TEAM YANGTUO,Calhanoglu,C,7.0,8.5,True,False
25,TEAM YANGTUO,Buksa,A,7.0,10.0,True,False
25,TEAM YANGTUO,Hojlund,A,6.5,9.5,True,False
25,TEAM YANGTUO,Gollini,P,,,False,True
25,TEAM YANGTUO,Garcia U.,D,6.5,6.5,True,True
25,TEAM YANGTUO,Lazaro,D,6.5,6.5,False,True
25,TEAM YANGTUO,Pinamonti,A,4.0,3.0,False,True
25,TEAM YANGTUO,Bowie,A,5.5,5.5,False,True
25,TEAM YANGTUO,Zelezny,P,,,False,True
25,TEAM YANGTUO,Gandelman,C,5.5,5.5,False,True
25,TEAM YANGTUO,Frese,D,6.0,6.0,False,True
25,TEAM YANGTUO,Norton-Cuffy,D,,,False,True
25,TEAM YANGTUO,Lovric,C,,,False,True
25,TEAM YANGTUO,Fabbian,C,5.5,5.5,False,True
25,TEAM YANGTUO,Thorstvedt,C,7.0,11.0,False,True
25,TEAM WOLFLING,Provedel,P,6.0,4.0,True,False
25,TEAM WOLFLING,Spinazzola,D,6.0,6.0,True,False
25,TEAM WOLFLING,Pavlovic,D,7.0,11.0,True,False
25,TEAM WOLFLING,Djimsiti,D,6.0,6.0,True,False
25,TEAM WOLFLING,Angori,D,6.0,6.0,True,False
25,TEAM WOLFLING,Mandragora,C,5.5,5.5,True,False
25,TEAM WOLFLING,Konè I.,C,7.0,10.0,True,False
25,TEAM WOLFLING,Brescianini,C,6.0,6.0,True,False
25,TEAM WOLFLING,Zielinski,C,6.0,6.0,True,False
25,TEAM WOLFLING,Casadei,C,6.0,6.0,True,False
25,TEAM WOLFLING,Malen,A,7.0,10.0,True,False
25,TEAM WOLFLING,Motta,P,,,False,True
25,TEAM WOLFLING,Furlanetto,P,,,False,True
25,TEAM WOLFLING,Ostigard,D,6.0,6.0,False,True
25,TEAM WOLFLING,Ederson D.S.,C,,,False,True
25,TEAM WOLFLING,Cornet,C,,,False,True
25,TEAM WOLFLING,Marchwinski,C,,,False,True
25,TEAM WOLFLING,Morata,A,5.5,5.5,False,True
25,TEAM WOLFLING,Pavoletti,A,,,False,True
25,TEAM WOLFLING,Arena A.,A,,,False,True
25,TEAM GLIDER,De Gea,P,6.0,3.0,True,False
25,TEAM GLIDER,De Winter,D,6.5,7.5,True,False
25,TEAM GLIDER,N'Dicka,D,6.5,9.5,True,False
25,TEAM GLIDER,Bremer,D,5.5,6.5,True,False
25,TEAM GLIDER,Ahanor,D,,,False,False
25,TEAM GLIDER,Zaragoza,C,,,False,False
25,TEAM GLIDER,Zaniolo,C,7.0,8.0,True,False
25,TEAM GLIDER,Isaksen,C,5.5,5.5,True,False
25,TEAM GLIDER,David,A,5.5,5.5,True,False
25,TEAM GLIDER,Douvikas,A,7.0,10.0,True,False
25,TEAM GLIDER,Castro S.,A,6.0,6.0,True,False
25,TEAM GLIDER,Lezzerini,P,,,False,True
25,TEAM GLIDER,Christensen O.,P,,,False,True
25,TEAM GLIDER,Zè Pedro,D,6.0,6.0,True,True
25,TEAM GLIDER,Siebert,D,5.5,5.5,False,True
25,TEAM GLIDER,Rugani,D,4.0,3.5,False,True
25,TEAM GLIDER,Elmas,C,6.0,5.5,True,True
25,TEAM GLIDER,Miretti,C,6.0,6.0,False,True
25,TEAM GLIDER,Nicolussi Caviglia,C,6.0,6.0,False,True
25,TEAM GLIDER,Openda,A,,,False,True
25,TEAM GLIDER,Sarr A.,A,5.5,5.5,False,True
25,TEAM GLIDER,Dominguez B.,A,,,False,True
25,TEAM GLIDER,Rrahmani,D,,,False,True
25,TEAM GLIDER,Loftus-Cheek,C,,,False,True
25,TEAM GLIDER,McTominay,C,,,False,True
25,TEAM HAIR FLICK,Butez,P,6.0,5.0,True,False
25,TEAM HAIR FLICK,Gutierrez,D,6.0,6.0,True,False
25,TEAM HAIR FLICK,Diego Carlos,D,6.0,6.0,True,False
25,TEAM HAIR FLICK,Bisseck,D,6.0,6.0,True,False
25,TEAM HAIR FLICK,Vojvoda,D,6.0,6.0,True,False
25,TEAM HAIR FLICK,Ondrejka,C,,,False,False
25,TEAM HAIR FLICK,Odgaard,C,7.0,11.0,True,False
25,TEAM HAIR FLICK,Pulisic,C,5.0,5.0,True,False
25,TEAM HAIR FLICK,Bonny,A,6.5,6.5,True,False
25,TEAM HAIR FLICK,Kean,A,5.5,5.5,True,False
25,TEAM HAIR FLICK,Pellegrino M.,A,5.5,5.0,True,False
25,TEAM HAIR FLICK,Dallinga,A,,,False,True
25,TEAM HAIR FLICK,Nkunku,A,6.5,7.5,False,True
25,TEAM HAIR FLICK,Bernardeschi,C,5.5,5.5,True,True
25,TEAM HAIR FLICK,Ekkelenkamp,C,6.0,6.0,False,True
25,TEAM HAIR FLICK,Bakola,C,,,False,True
25,TEAM HAIR FLICK,Thuram K.,C,6.0,6.0,False,True
25,TEAM HAIR FLICK,Freuler,C,6.0,6.5,False,True
25,TEAM HAIR FLICK,Scalvini,D,5.5,5.5,False,True
25,TEAM HAIR FLICK,Rensch,D,6.5,6.5,False,True
25,TEAM HAIR FLICK,Kelly L.,D,5.0,5.0,False,True
25,TEAM HAIR FLICK,Gatti,D,7.0,11.0,False,True
25,TEAM HAIR FLICK,Tornqvist,P,,,False,True
25,TEAM HAIR FLICK,Cavlina,P,,,False,True
25,TEAM HAIR FLICK,Ferguson E.,A,,,False,True
25,ASS ASS IN FC,Maignan,P,6.0,7.0,True,False
25,ASS ASS IN FC,Gosens,D,,,False,False
25,ASS ASS IN FC,Tomori,D,6.5,6.5,True,False
25,ASS ASS IN FC,Lucumì,D,6.0,5.5,True,False
25,ASS ASS IN FC,Bartesaghi,D,6.0,6.0,True,False
25,ASS ASS IN FC,Santos A.,C,6.0,6.0,True,False
25,ASS ASS IN FC,Barella,C,6.0,6.0,True,False
25,ASS ASS IN FC,Pasalic,C,5.0,5.0,True,False
25,ASS ASS IN FC,Leao,A,6.0,9.0,True,False
25,ASS ASS IN FC,Simeone,A,7.0,11.0,True,False
25,ASS ASS IN FC,Dybala,A,,,False,False
25,ASS ASS IN FC,Terracciano,P,,,False,True
25,ASS ASS IN FC,Torriani,P,,,False,True
25,ASS ASS IN FC,Comuzzo,D,6.0,6.0,True,True
25,ASS ASS IN FC,Ghilardi,D,6.0,6.0,False,True
25,ASS ASS IN FC,Buongiorno,D,6.0,6.0,False,True
25,ASS ASS IN FC,Ziolkowski,D,,,False,True
25,ASS ASS IN FC,Malinovskyi,C,5.0,4.5,False,True
25,ASS ASS IN FC,Prati,C,6.0,6.0,False,True
25,ASS ASS IN FC,Volpato,C,,,False,True
25,ASS ASS IN FC,Venturino,C,,,False,True
25,ASS ASS IN FC,Zambo Anguissa,C,,,False,True
25,ASS ASS IN FC,Davis K.,A,7.5,9.5,True,True
25,ASS ASS IN FC,Zapata D.,A,7.0,10.0,False,True
25,ASS ASS IN FC,Addai,A,,,False,True
25,PAUL POGSHAO,Skorupski,P,7.0,8.0,True,False
25,PAUL POGSHAO,Dimarco,D,7.0,11.0,True,False
25,PAUL POGSHAO,Kempf,D,6.5,9.5,True,False
25,PAUL POGSHAO,Wesley,D,7.0,9.5,True,False
25,PAUL POGSHAO,Dumfries,D,,,False,False
25,PAUL POGSHAO,Paz N.,C,6.0,6.0,True,False
25,PAUL POGSHAO,Perrone,C,7.0,8.0,True,False
25,PAUL POGSHAO,Da Cunha,C,7.0,8.0,True,False
25,PAUL POGSHAO,Laurientè,A,7.0,9.0,True,False
25,PAUL POGSHAO,Fullkrug,A,6.0,6.0,True,False
25,PAUL POGSHAO,Giovane,A,6.5,7.5,True,False
25,PAUL POGSHAO,Ravaglia F.,P,,,False,True
25,PAUL POGSHAO,Pessina Mas.,P,,,False,True
25,PAUL POGSHAO,Mancini,D,6.0,6.0,True,True
25,PAUL POGSHAO,Hien,D,6.0,6.0,False,True
25,PAUL POGSHAO,Cambiaso,D,5.0,5.0,False,True
25,PAUL POGSHAO,Bozhinov,D,,,False,True
25,PAUL POGSHAO,Cristante,C,5.5,5.5,False,True
25,PAUL POGSHAO,El Aynaoui,C,5.5,5.5,False,True
25,PAUL POGSHAO,Oristanio,C,7.0,11.0,False,True
25,PAUL POGSHAO,Koopmeiners,C,5.5,5.5,False,True
25,PAUL POGSHAO,Stengs,C,,,False,True
25,PAUL POGSHAO,Ratkov,A,5.0,5.0,False,True
25,PAUL POGSHAO,Vardy,A,6.0,6.0,False,True
25,PAUL POGSHAO,Elphege,A,,,False,True
25,CHELSEA,Di Gregorio,P,,,False,False
25,CHELSEA,Martin,D,5.5,5.5,True,False
25,CHELSEA,Ramon,D,6.5,6.5,True,False
25,CHELSEA,Circati,D,,,False,False
25,CHELSEA,Zalewski,C,5.5,5.0,True,False
25,CHELSEA,Baldanzi,C,5.5,5.5,True,False
25,CHELSEA,Vlasic,C,6.0,5.5,True,False
25,CHELSEA,Fagioli,C,5.5,5.5,True,False
25,CHELSEA,Orsolini,C,5.5,5.5,True,False
25,CHELSEA,Yildiz,A,5.5,5.5,True,False
25,CHELSEA,Berardi,A,6.5,6.5,True,False
25,CHELSEA,Perin,P,5.5,2.5,True,True
25,CHELSEA,Pinsoglio,P,,,False,True
25,CHELSEA,Hermoso,D,,,False,True
25,CHELSEA,Luperto,D,5.5,5.5,True,True
25,CHELSEA,Terracciano F.,D,5.5,5.0,False,True
25,CHELSEA,Ebosse,D,6.5,6.5,False,True
25,CHELSEA,Pisilli,C,7.5,8.5,False,True
25,CHELSEA,Lobotka,C,5.5,5.5,False,True
25,CHELSEA,Tourè I.,C,,,False,True
25,CHELSEA,Durosinmi,A,6.0,6.0,False,True
25,CHELSEA,Boga,A,7.0,10.0,False,True
25,CHELSEA,Djuric,A,5.5,5.5,False,True
25,BOBOTOTTI,Milinkovic-Savic V.,P,,,False,False
25,BOBOTOTTI,Valeri,D,6.0,6.0,True,False
25,BOBOTOTTI,Coco,D,6.5,6.5,True,False
25,BOBOTOTTI,Delprato,D,6.0,6.0,True,False
25,BOBOTOTTI,Valle,D,,,False,False
25,BOBOTOTTI,Pellegrini Lo.,C,6.0,7.0,True,False
25,BOBOTOTTI,Modric,C,7.0,7.0,True,False
25,BOBOTOTTI,Maldini,C,,,False,False
25,BOBOTOTTI,Saelemaekers,C,5.5,5.5,True,False
25,BOBOTOTTI,Krstovic,A,6.0,6.0,True,False
25,BOBOTOTTI,Esposito Se.,A,6.5,7.0,True,False
25,BOBOTOTTI,Meret,P,6.0,5.0,True,True
25,BOBOTOTTI,Contini,P,,,False,True
25,BOBOTOTTI,Kristensen T.,D,6.5,6.5,True,True
25,BOBOTOTTI,Vasquez,D,6.0,6.0,False,True
25,BOBOTOTTI,Gallo,D,5.5,5.5,False,True
25,BOBOTOTTI,Gabbia,D,,,False,True
25,BOBOTOTTI,Bernabè,C,6.5,6.5,True,True
25,BOBOTOTTI,Zhegrova,C,6.5,6.5,False,True
25,BOBOTOTTI,Frendrup,C,6.0,6.0,False,True
25,BOBOTOTTI,De Bruyne,C,,,False,True
25,BOBOTOTTI,Bonazzoli,A,6.0,6.0,False,True
25,BOBOTOTTI,Vitinha O.,A,5.5,5.5,False,True
25,BOBOTOTTI,Cheddira,A,5.0,5.0,False,True
25,BOBOTOTTI,Vlahovic,A,,,False,True
26,VINCENZO,Carnesecchi,P,6.0,4.0,True,False
26,VINCENZO,Bernasconi,D,6.0,6.0,True,False
26,VINCENZO,Akanji,D,6.0,6.0,True,False
26,VINCENZO,Kalulu,D,6.5,6.5,True,False
26,VINCENZO,Palestra,D,6.5,6.0,True,False
26,VINCENZO,Vergara,C,6.0,6.0,True,False
26,VINCENZO,McKennie,C,6.0,6.0,True,False
26,VINCENZO,Locatelli,C,7.0,8.0,True,False
26,VINCENZO,Scamacca,A,7.5,14.5,True,False
26,VINCENZO,Esposito F.P.,A,5.5,5.5,True,False
26,VINCENZO,Diao,A,,,False,False
26,VINCENZO,Sportiello,P,,,False,True
26,VINCENZO,Rossi F.,P,,,False,True
26,VINCENZO,Rodriguez Je.,A,6.0,6.0,True,True
26,VINCENZO,Kilicsoy,A,,,False,True
26,VINCENZO,Soulè,A,,,False,True
26,VINCENZO,Taylor K.,C,6.5,6.5,False,True
26,VINCENZO,Atta,C,6.0,6.0,False,True
26,VINCENZO,Sucic P.,C,5.5,5.5,False,True
26,VINCENZO,Miller L.,C,6.0,6.0,False,True
26,VINCENZO,Rovella,C,,,False,True
26,VINCENZO,Dodò,D,6.0,5.5,False,True
26,VINCENZO,Muharemovic,D,5.5,5.5,False,True
26,VINCENZO,Juan Jesus,D,6.0,6.0,False,True
26,VINCENZO,Marianucci,D,,,False,True
26,BOBOTOTTI,Milinkovic-Savic V.,P,6.0,5.0,True,False
26,BOBOTOTTI,Valeri,D,6.0,6.0,True,False
26,BOBOTOTTI,Kristensen T.,D,6.0,9.0,True,False
26,BOBOTOTTI,Delprato,D,6.5,6.5,True,False
26,BOBOTOTTI,Valle,D,,,False,False
26,BOBOTOTTI,Pellegrini Lo.,C,5.0,5.0,True,False
26,BOBOTOTTI,Modric,C,7.0,6.5,True,False
26,BOBOTOTTI,Maldini,C,7.0,10.0,True,False
26,BOBOTOTTI,Saelemaekers,C,6.0,6.0,True,False
26,BOBOTOTTI,Krstovic,A,6.5,6.5,True,False
26,BOBOTOTTI,Bonazzoli,A,7.0,10.0,True,False
26,BOBOTOTTI,Meret,P,,,False,True
26,BOBOTOTTI,Contini,P,,,False,True
26,BOBOTOTTI,Gallo,D,6.5,7.5,True,True
26,BOBOTOTTI,Vasquez,D,6.0,6.0,False,True
26,BOBOTOTTI,Coco,D,6.0,6.0,False,True
26,BOBOTOTTI,Gabbia,D,,,False,True
26,BOBOTOTTI,Zhegrova,C,,,False,True
26,BOBOTOTTI,Bernabè,C,,,False,True
26,BOBOTOTTI,Frendrup,C,6.0,6.0,False,True
26,BOBOTOTTI,De Bruyne,C,,,False,True
26,BOBOTOTTI,Esposito Se.,A,7.0,9.5,False,True
26,BOBOTOTTI,Vitinha O.,A,7.0,11.0,False,True
26,BOBOTOTTI,Cheddira,A,5.5,5.5,False,True
26,BOBOTOTTI,Vlahovic,A,,,False,True
26,TOMATO,Sommer,P,6.0,5.0,True,False
26,TOMATO,Olivera,D,6.0,6.0,True,False
26,TOMATO,Tiago Gabriel,D,5.5,5.5,True,False
26,TOMATO,Bellanova,D,5.5,5.5,True,False
26,TOMATO,Conceicao,C,7.0,8.0,True,False
26,TOMATO,Konè M.,C,5.5,5.5,True,False
26,TOMATO,Zaccagni,C,5.5,5.5,True,False
26,TOMATO,Gudmundsson A.,C,5.5,5.5,True,False
26,TOMATO,Thuram,A,,,False,False
26,TOMATO,Colombo,A,6.0,6.0,True,False
26,TOMATO,Lukaku,A,,,False,False
26,TOMATO,Martinez Jo.,P,,,False,True
26,TOMATO,Di Gennaro,P,,,False,True
26,TOMATO,Belghali,D,,,False,True
26,TOMATO,Mkhitaryan,C,6.0,6.0,False,True
26,TOMATO,Baturina,C,7.0,10.0,False,True
26,TOMATO,Jashari,C,,,False,True
26,TOMATO,Rowe,C,7.0,10.0,False,True
26,TOMATO,Dia,A,6.0,6.0,True,True
26,TOMATO,Piccoli,A,5.0,5.0,True,True
26,TEAM GLIDER,De Gea,P,6.0,7.0,True,False
26,TEAM GLIDER,Ahanor,D,,,False,False
26,TEAM GLIDER,N'Dicka,D,6.5,9.0,True,False
26,TEAM GLIDER,Bremer,D,6.0,5.5,True,False
26,TEAM GLIDER,De Winter,D,6.5,6.5,True,False
26,TEAM GLIDER,Elmas,C,7.0,11.0,True,False
26,TEAM GLIDER,Zaniolo,C,6.5,7.5,True,False
26,TEAM GLIDER,Isaksen,C,6.0,6.0,True,False
26,TEAM GLIDER,David,A,5.0,5.0,True,False
26,TEAM GLIDER,Douvikas,A,6.0,6.0,True,False
26,TEAM GLIDER,Castro S.,A,5.0,5.0,True,False
26,TEAM GLIDER,Christensen O.,P,,,False,True
26,TEAM GLIDER,Lezzerini,P,,,False,True
26,TEAM GLIDER,Zè Pedro,D,6.0,6.0,True,True
26,TEAM GLIDER,Siebert,D,5.5,5.0,False,True
26,TEAM GLIDER,Rugani,D,,,False,True
26,TEAM GLIDER,Zaragoza,C,,,False,True
26,TEAM GLIDER,Miretti,C,,,False,True
26,TEAM GLIDER,Nicolussi Caviglia,C,5.5,5.5,False,True
26,TEAM GLIDER,Openda,A,,,False,True
26,TEAM GLIDER,Sarr A.,A,,,False,True
26,TEAM GLIDER,Dominguez B.,A,,,False,True
26,TEAM GLIDER,Rrahmani,D,,,False,True
26,TEAM GLIDER,Loftus-Cheek,C,,,False,True
26,TEAM GLIDER,McTominay,C,,,False,True
26,PAUL POGSHAO,Skorupski,P,6.5,4.5,True,False
26,PAUL POGSHAO,Dimarco,D,5.5,5.5,True,False
26,PAUL POGSHAO,Kempf,D,5.5,5.5,True,False
26,PAUL POGSHAO,Mancini,D,5.5,5.5,True,False
26,PAUL POGSHAO,Dumfries,D,6.0,5.5,True,False
26,PAUL POGSHAO,Paz N.,C,6.0,6.0,True,False
26,PAUL POGSHAO,Perrone,C,6.0,6.0,True,False
26,PAUL POGSHAO,Da Cunha,C,7.5,11.5,True,False
26,PAUL POGSHAO,Laurientè,A,7.0,9.5,True,False
26,PAUL POGSHAO,Vardy,A,5.0,5.0,True,False
26,PAUL POGSHAO,Giovane,A,,,False,False
26,PAUL POGSHAO,Ravaglia F.,P,,,False,True
26,PAUL POGSHAO,Pessina Mas.,P,,,False,True
26,PAUL POGSHAO,Cambiaso,D,7.0,11.0,False,True
26,PAUL POGSHAO,Hien,D,5.5,5.5,False,True
26,PAUL POGSHAO,Bozhinov,D,,,False,True
26,PAUL POGSHAO,Wesley,D,,,False,True
26,PAUL POGSHAO,Cristante,C,6.0,5.5,False,True
26,PAUL POGSHAO,El Aynaoui,C,5.5,5.5,False,True
26,PAUL POGSHAO,Oristanio,C,6.0,6.0,False,True
26,PAUL POGSHAO,Koopmeiners,C,,,False,True
26,PAUL POGSHAO,Stengs,C,,,False,True
26,PAUL POGSHAO,Ratkov,A,,,False,True
26,PAUL POGSHAO,Fullkrug,A,6.0,6.0,True,True
26,PAUL POGSHAO,Elphege,A,5.5,5.5,False,True
26,TEAM YANGTUO,Svilar,P,6.5,4.5,True,False
26,TEAM YANGTUO,Idrissi R.,D,,,False,False
26,TEAM YANGTUO,Zortea,D,6.0,7.0,True,False
26,TEAM YANGTUO,Celik,D,5.5,5.5,True,False
26,TEAM YANGTUO,Zappacosta,D,6.0,6.0,True,False
26,TEAM YANGTUO,Rabiot,C,6.5,6.0,True,False
26,TEAM YANGTUO,Politano,C,6.5,7.5,True,False
26,TEAM YANGTUO,Strefezza,C,6.0,6.0,True,False
26,TEAM YANGTUO,Calhanoglu,C,,,False,False
26,TEAM YANGTUO,Gandelman,C,,,False,False
26,TEAM YANGTUO,Hojlund,A,6.0,6.0,True,False
26,TEAM YANGTUO,Gollini,P,,,False,True
26,TEAM YANGTUO,Zelezny,P,,,False,True
26,TEAM YANGTUO,Garcia U.,D,5.5,5.0,True,True
26,TEAM YANGTUO,Lazaro,D,5.0,4.5,False,True
26,TEAM YANGTUO,Bowie,A,7.5,11.0,False,True
26,TEAM YANGTUO,Frese,D,7.0,10.0,False,True
26,TEAM YANGTUO,Norton-Cuffy,D,,,False,True
26,TEAM YANGTUO,Fabbian,C,5.5,5.5,True,True
26,TEAM YANGTUO,Lovric,C,,,False,True
26,TEAM YANGTUO,Thorstvedt,C,6.5,7.5,True,True
26,TEAM YANGTUO,Adams C.,A,6.0,7.0,False,True
26,TEAM YANGTUO,Buksa,A,,,False,True
26,TEAM WOLFLING,Provedel,P,,,False,False
26,TEAM WOLFLING,Spinazzola,D,6.5,7.0,True,False
26,TEAM WOLFLING,Pavlovic,D,7.0,7.0,True,False
26,TEAM WOLFLING,Djimsiti,D,,,False,False
26,TEAM WOLFLING,Ostigard,D,7.0,7.0,True,False
26,TEAM WOLFLING,Bastoni,D,6.0,5.5,True,False
26,TEAM WOLFLING,Konè I.,C,6.0,6.0,True,False
26,TEAM WOLFLING,Brescianini,C,,,False,False
26,TEAM WOLFLING,Zielinski,C,5.5,5.5,True,False
26,TEAM WOLFLING,Mandragora,C,5.5,5.0,True,False
26,TEAM WOLFLING,Malen,A,5.5,5.0,True,False
26,TEAM WOLFLING,Motta,P,6.0,5.0,True,True
26,TEAM WOLFLING,Furlanetto,P,,,False,True
26,TEAM WOLFLING,Angori,D,5.5,5.5,True,True
26,TEAM WOLFLING,Ederson D.S.,C,,,False,True
26,TEAM WOLFLING,Casadei,C,6.5,9.5,True,True
26,TEAM WOLFLING,Cornet,C,,,False,True
26,TEAM WOLFLING,Marchwinski,C,,,False,True
26,TEAM WOLFLING,Morata,A,6.0,6.0,False,True
26,TEAM WOLFLING,Pavoletti,A,,,False,True
26,TEAM WOLFLING,Arena A.,A,,,False,True
26,CHELSEA,Perin,P,6.5,7.5,True,False
26,CHELSEA,Ramon,D,5.5,5.0,True,False
26,CHELSEA,Luperto,D,5.5,5.0,True,False
26,CHELSEA,Circati,D,6.0,6.0,True,False
26,CHELSEA,Zalewski,C,6.5,7.5,True,False
26,CHELSEA,Orsolini,C,5.5,5.5,True,False
26,CHELSEA,Fagioli,C,5.5,5.5,True,False
26,CHELSEA,Pisilli,C,5.5,5.5,True,False
26,CHELSEA,Vlasic,C,6.5,6.5,True,False
26,CHELSEA,Berardi,A,5.5,5.5,True,False
26,CHELSEA,Yildiz,A,7.5,11.5,True,False
26,CHELSEA,Di Gregorio,P,,,False,True
26,CHELSEA,Pinsoglio,P,,,False,True
26,CHELSEA,Hermoso,D,,,False,True
26,CHELSEA,Martin,D,6.0,6.0,False,True
26,CHELSEA,Ebosse,D,5.5,5.5,False,True
26,CHELSEA,Tourè I.,C,,,False,True
26,CHELSEA,Durosinmi,A,5.5,5.5,False,True
26,CHELSEA,Djuric,A,7.0,7.5,False,True
26,CHELSEA,Boga,A,7.0,10.0,False,True
26,TEAM HAIR FLICK,Butez,P,6.5,5.5,True,False
26,TEAM HAIR FLICK,Rensch,D,5.5,5.5,True,False
26,TEAM HAIR FLICK,Kelly L.,D,6.0,6.0,True,False
26,TEAM HAIR FLICK,Bisseck,D,5.5,5.5,True,False
26,TEAM HAIR FLICK,Vojvoda,D,6.0,6.0,True,False
26,TEAM HAIR FLICK,Odgaard,C,5.5,5.5,True,False
26,TEAM HAIR FLICK,Thuram K.,C,7.0,10.0,True,False
26,TEAM HAIR FLICK,Pulisic,C,6.5,6.5,True,False
26,TEAM HAIR FLICK,Bernardeschi,C,6.0,6.0,True,False
26,TEAM HAIR FLICK,Bonny,A,5.0,5.0,True,False
26,TEAM HAIR FLICK,Pellegrino M.,A,5.5,5.5,True,False
26,TEAM HAIR FLICK,Nkunku,A,,,False,True
26,TEAM HAIR FLICK,Kean,A,,,False,True
26,TEAM HAIR FLICK,Ondrejka,C,,,False,True
26,TEAM HAIR FLICK,Ekkelenkamp,C,6.0,6.0,False,True
26,TEAM HAIR FLICK,Bakola,C,,,False,True
26,TEAM HAIR FLICK,Gatti,D,6.0,6.0,False,True
26,TEAM HAIR FLICK,Scalvini,D,,,False,True
26,TEAM HAIR FLICK,Gutierrez,D,6.0,6.0,False,True
26,TEAM HAIR FLICK,Diego Carlos,D,,,False,True
26,TEAM HAIR FLICK,Tornqvist,P,,,False,True
26,TEAM HAIR FLICK,Cavlina,P,,,False,True
26,TEAM HAIR FLICK,Dallinga,A,,,False,True
26,TEAM HAIR FLICK,Ferguson E.,A,,,False,True
26,TEAM HAIR FLICK,Freuler,C,,,False,True
26,ASS ASS IN FC,Maignan,P,6.5,7.5,True,False
26,ASS ASS IN FC,Gosens,D,6.0,6.0,True,False
26,ASS ASS IN FC,Tomori,D,6.0,6.0,True,False
26,ASS ASS IN FC,Buongiorno,D,6.5,6.5,True,False
26,ASS ASS IN FC,Lucumì,D,5.0,5.0,True,False
26,ASS ASS IN FC,Santos A.,C,7.0,10.0,True,False
26,ASS ASS IN FC,Barella,C,5.5,5.5,True,False
26,ASS ASS IN FC,Pasalic,C,6.5,6.5,True,False
26,ASS ASS IN FC,Leao,A,5.5,5.5,True,False
26,ASS ASS IN FC,Davis K.,A,7.0,10.0,True,False
26,ASS ASS IN FC,Simeone,A,5.5,5.5,True,False
26,ASS ASS IN FC,Terracciano,P,,,False,True
26,ASS ASS IN FC,Torriani,P,,,False,True
26,ASS ASS IN FC,Ghilardi,D,6.0,6.0,False,True
26,ASS ASS IN FC,Bartesaghi,D,,,False,True
26,ASS ASS IN FC,Comuzzo,D,,,False,True
26,ASS ASS IN FC,Ziolkowski,D,,,False,True
26,ASS ASS IN FC,Volpato,C,,,False,True
26,ASS ASS IN FC,Malinovskyi,C,6.5,6.5,False,True
26,ASS ASS IN FC,Prati,C,6.0,6.0,False,True
26,ASS ASS IN FC,Venturino,C,5.5,5.5,False,True
26,ASS ASS IN FC,Zambo Anguissa,C,6.0,6.0,False,True
26,ASS ASS IN FC,Zapata D.,A,5.0,5.0,False,True
26,ASS ASS IN FC,Dybala,A,,,False,True
26,ASS ASS IN FC,Addai,A,,,False,True
27,TEAM YANGTUO,Svilar,P,6.0,4.0,True,False
27,TEAM YANGTUO,Norton-Cuffy,D,6.0,6.0,True,False
27,TEAM YANGTUO,Zortea,D,5.5,5.0,True,False
27,TEAM YANGTUO,Celik,D,6.0,6.0,True,False
27,TEAM YANGTUO,Garcia U.,D,6.0,6.0,True,False
27,TEAM YANGTUO,Thorstvedt,C,6.0,6.0,True,False
27,TEAM YANGTUO,Politano,C,7.5,12.5,True,False
27,TEAM YANGTUO,Strefezza,C,6.5,7.0,True,False
27,TEAM YANGTUO,Adams C.,A,7.0,8.0,True,False
27,TEAM YANGTUO,Pinamonti,A,5.5,5.5,True,False
27,TEAM YANGTUO,Hojlund,A,7.0,10.0,True,False
27,TEAM YANGTUO,Gollini,P,,,False,True
27,TEAM YANGTUO,Zelezny,P,,,False,True
27,TEAM YANGTUO,Bowie,A,5.5,5.5,False,True
27,TEAM YANGTUO,Lazaro,D,,,False,True
27,TEAM YANGTUO,Frese,D,5.5,5.5,False,True
27,TEAM YANGTUO,Fabbian,C,,,False,True
27,TEAM YANGTUO,Buksa,A,,,False,True
27,TEAM YANGTUO,Zappacosta,D,6.5,6.5,False,True
27,TEAM YANGTUO,Gandelman,C,6.0,6.0,False,True
27,TEAM HAIR FLICK,Butez,P,6.0,5.0,True,False
27,TEAM HAIR FLICK,Gutierrez,D,6.0,6.0,True,False
27,TEAM HAIR FLICK,Kelly L.,D,6.0,5.5,True,False
27,TEAM HAIR FLICK,Bisseck,D,6.5,6.5,True,False
27,TEAM HAIR FLICK,Vojvoda,D,,,False,False
27,TEAM HAIR FLICK,Pulisic,C,5.5,5.5,True,False
27,TEAM HAIR FLICK,Thuram K.,C,6.0,6.0,True,False
27,TEAM HAIR FLICK,Odgaard,C,6.5,6.5,True,False
27,TEAM HAIR FLICK,Bonny,A,5.5,5.5,True,False
27,TEAM HAIR FLICK,Kean,A,,,False,False
27,TEAM HAIR FLICK,Dallinga,A,7.0,10.5,True,False
27,TEAM HAIR FLICK,Nkunku,A,5.5,5.5,True,True
27,TEAM HAIR FLICK,Pellegrino M.,A,7.0,10.0,False,True
27,TEAM HAIR FLICK,Ondrejka,C,,,False,True
27,TEAM HAIR FLICK,Bernardeschi,C,,,False,True
27,TEAM HAIR FLICK,Bakola,C,,,False,True
27,TEAM HAIR FLICK,Freuler,C,6.0,6.0,False,True
27,TEAM HAIR FLICK,Ekkelenkamp,C,5.5,5.5,False,True
27,TEAM HAIR FLICK,Rensch,D,5.5,5.5,True,True
27,TEAM HAIR FLICK,Diego Carlos,D,6.5,10.0,False,True
27,TEAM HAIR FLICK,Gatti,D,,,False,True
27,TEAM HAIR FLICK,Scalvini,D,6.0,6.0,False,True
27,TEAM HAIR FLICK,Tornqvist,P,,,False,True
27,TEAM HAIR FLICK,Cavlina,P,,,False,True
27,TEAM HAIR FLICK,Ferguson E.,A,,,False,True
27,TEAM GLIDER,De Gea,P,6.0,5.0,True,False
27,TEAM GLIDER,Ahanor,D,,,False,False
27,TEAM GLIDER,Zè Pedro,D,5.5,5.0,True,False
27,TEAM GLIDER,Bremer,D,6.5,6.5,True,False
27,TEAM GLIDER,De Winter,D,5.5,5.5,True,False
27,TEAM GLIDER,Elmas,C,5.0,5.0,True,False
27,TEAM GLIDER,Zaniolo,C,5.0,4.5,True,False
27,TEAM GLIDER,Isaksen,C,7.0,11.0,True,False
27,TEAM GLIDER,David,A,,,False,False
27,TEAM GLIDER,Douvikas,A,7.0,10.0,True,False
27,TEAM GLIDER,Castro S.,A,6.0,6.0,True,False
27,TEAM GLIDER,Christensen O.,P,,,False,True
27,TEAM GLIDER,Lezzerini,P,,,False,True
27,TEAM GLIDER,Siebert,D,6.5,9.0,True,True
27,TEAM GLIDER,Rugani,D,,,False,True
27,TEAM GLIDER,McTominay,C,6.5,6.5,False,True
27,TEAM GLIDER,Zaragoza,C,,,False,True
27,TEAM GLIDER,Miretti,C,,,False,True
27,TEAM GLIDER,Nicolussi Caviglia,C,,,False,True
27,TEAM GLIDER,Openda,A,,,False,True
27,TEAM GLIDER,Sarr A.,A,,,False,True
27,TEAM GLIDER,Dominguez B.,A,,,False,True
27,TEAM GLIDER,Rrahmani,D,,,False,True
27,TEAM GLIDER,Loftus-Cheek,C,,,False,True
27,TEAM GLIDER,N'Dicka,D,,,False,True
27,VINCENZO,Carnesecchi,P,5.5,4.5,True,False
27,VINCENZO,Dodò,D,7.5,10.5,True,False
27,VINCENZO,Akanji,D,6.0,6.0,True,False
27,VINCENZO,Kalulu,D,6.0,6.0,True,False
27,VINCENZO,Palestra,D,5.0,5.0,True,False
27,VINCENZO,Taylor K.,C,6.5,6.5,True,False
27,VINCENZO,McKennie,C,6.0,6.0,True,False
27,VINCENZO,Locatelli,C,6.5,6.5,True,False
27,VINCENZO,Scamacca,A,5.5,5.5,True,False
27,VINCENZO,Esposito F.P.,A,7.0,10.0,True,False
27,VINCENZO,Kilicsoy,A,5.0,5.0,True,False
27,VINCENZO,Sportiello,P,,,False,True
27,VINCENZO,Rossi F.,P,,,False,True
27,VINCENZO,Diao,A,7.0,7.0,False,True
27,VINCENZO,Rodriguez Je.,A,6.0,6.0,False,True
27,VINCENZO,Soulè,A,,,False,True
27,VINCENZO,Sucic P.,C,5.5,5.0,False,True
27,VINCENZO,Atta,C,5.5,5.5,False,True
27,VINCENZO,Miller L.,C,6.0,6.0,False,True
27,VINCENZO,Vergara,C,,,False,True
27,VINCENZO,Rovella,C,,,False,True
27,VINCENZO,Muharemovic,D,6.5,6.5,False,True
27,VINCENZO,Bernasconi,D,5.5,5.5,False,True
27,VINCENZO,Juan Jesus,D,,,False,True
27,VINCENZO,Marianucci,D,,,False,True
27,BOBOTOTTI,Milinkovic-Savic V.,P,,,False,False
27,BOBOTOTTI,Valeri,D,5.0,5.0,True,False
27,BOBOTOTTI,Coco,D,6.5,6.5,True,False
27,BOBOTOTTI,Vasquez,D,6.5,6.5,True,False
27,BOBOTOTTI,Valle,D,6.5,7.5,True,False
27,BOBOTOTTI,De Bruyne,C,6.5,6.5,True,False
27,BOBOTOTTI,Modric,C,6.0,6.0,True,False
27,BOBOTOTTI,Maldini,C,6.5,6.5,True,False
27,BOBOTOTTI,Saelemaekers,C,6.0,6.0,True,False
27,BOBOTOTTI,Vlahovic,A,,,False,False
27,BOBOTOTTI,Vitinha O.,A,7.0,10.5,True,False
27,BOBOTOTTI,Meret,P,6.0,5.0,True,True
27,BOBOTOTTI,Contini,P,,,False,True
27,BOBOTOTTI,Delprato,D,5.0,4.5,False,True
27,BOBOTOTTI,Kristensen T.,D,6.0,6.0,False,True
27,BOBOTOTTI,Gallo,D,6.0,7.0,False,True
27,BOBOTOTTI,Gabbia,D,,,False,True
27,BOBOTOTTI,Pellegrini Lo.,C,6.5,6.5,False,True
27,BOBOTOTTI,Zhegrova,C,,,False,True
27,BOBOTOTTI,Frendrup,C,6.5,6.5,False,True
27,BOBOTOTTI,Bernabè,C,,,False,True
27,BOBOTOTTI,Bonazzoli,A,5.0,5.0,True,True
27,BOBOTOTTI,Krstovic,A,7.0,11.0,False,True
27,BOBOTOTTI,Cheddira,A,6.0,6.0,False,True
27,BOBOTOTTI,Esposito Se.,A,,,False,True
27,TEAM WOLFLING,Motta,P,6.5,7.0,True,False
27,TEAM WOLFLING,Spinazzola,D,6.0,6.0,True,False
27,TEAM WOLFLING,Pavlovic,D,6.0,6.0,True,False
27,TEAM WOLFLING,Bastoni,D,,,False,False
27,TEAM WOLFLING,Ostigard,D,7.0,10.0,True,False
27,TEAM WOLFLING,Casadei,C,,,False,False
27,TEAM WOLFLING,Konè I.,C,6.0,6.0,True,False
27,TEAM WOLFLING,Brescianini,C,6.5,6.5,True,False
27,TEAM WOLFLING,Zielinski,C,5.5,5.5,True,False
27,TEAM WOLFLING,Mandragora,C,6.5,7.0,True,False
27,TEAM WOLFLING,Malen,A,6.5,8.5,True,False
27,TEAM WOLFLING,Furlanetto,P,,,False,True
27,TEAM WOLFLING,Angori,D,7.0,7.0,True,True
27,TEAM WOLFLING,Djimsiti,D,6.0,6.0,False,True
27,TEAM WOLFLING,Ndiaye,D,,,False,True
27,TEAM WOLFLING,Ederson D.S.,C,6.5,6.5,True,True
27,TEAM WOLFLING,Cornet,C,,,False,True
27,TEAM WOLFLING,Marchwinski,C,,,False,True
27,TEAM WOLFLING,Morata,A,,,False,True
27,TEAM WOLFLING,Pavoletti,A,7.0,10.0,False,True
27,TEAM WOLFLING,Arena A.,A,,,False,True
27,ASS ASS IN FC,Maignan,P,6.0,5.0,True,False
27,ASS ASS IN FC,Gosens,D,6.5,7.5,True,False
27,ASS ASS IN FC,Tomori,D,6.0,6.0,True,False
27,ASS ASS IN FC,Buongiorno,D,6.5,6.5,True,False
27,ASS ASS IN FC,Lucumì,D,6.5,6.5,True,False
27,ASS ASS IN FC,Santos A.,C,5.5,5.5,True,False
27,ASS ASS IN FC,Barella,C,6.5,7.5,True,False
27,ASS ASS IN FC,Malinovskyi,C,6.0,6.0,True,False
27,ASS ASS IN FC,Leao,A,5.0,5.0,True,False
27,ASS ASS IN FC,Zapata D.,A,7.0,10.0,True,False
27,ASS ASS IN FC,Davis K.,A,6.0,6.0,True,False
27,ASS ASS IN FC,Terracciano,P,,,False,True
27,ASS ASS IN FC,Torriani,P,,,False,True
27,ASS ASS IN FC,Ghilardi,D,5.5,5.0,False,True
27,ASS ASS IN FC,Bartesaghi,D,6.0,6.0,False,True
27,ASS ASS IN FC,Comuzzo,D,,,False,True
27,ASS ASS IN FC,Ziolkowski,D,5.5,5.5,False,True
27,ASS ASS IN FC,Zambo Anguissa,C,5.0,5.0,False,True
27,ASS ASS IN FC,Venturino,C,,,False,True
27,ASS ASS IN FC,Volpato,C,6.0,6.0,False,True
27,ASS ASS IN FC,Pasalic,C,5.5,5.5,False,True
27,ASS ASS IN FC,Prati,C,6.0,6.0,False,True
27,ASS ASS IN FC,Simeone,A,7.5,10.5,False,True
27,ASS ASS IN FC,Dybala,A,,,False,True
27,ASS ASS IN FC,Addai,A,,,False,True
27,TOMATO,Sommer,P,6.0,5.0,True,False
27,TOMATO,Miranda J.,D,6.5,6.5,True,False
27,TOMATO,Tiago Gabriel,D,5.5,5.5,True,False
27,TOMATO,Solet,D,,,False,False
27,TOMATO,Conceicao,C,6.5,6.5,True,False
27,TOMATO,Baturina,C,6.5,6.5,True,False
27,TOMATO,Zaccagni,C,6.0,6.0,True,False
27,TOMATO,Gudmundsson A.,C,7.0,10.5,True,False
27,TOMATO,Thuram,A,5.5,5.5,True,False
27,TOMATO,Colombo,A,6.0,6.0,True,False
27,TOMATO,Lukaku,A,,,False,False
27,TOMATO,Martinez Jo.,P,,,False,True
27,TOMATO,Di Gennaro,P,,,False,True
27,TOMATO,Bellanova,D,,,False,True
27,TOMATO,Olivera,D,6.0,6.0,True,True
27,TOMATO,Belghali,D,5.5,5.5,False,True
27,TOMATO,Mkhitaryan,C,6.0,6.0,False,True
27,TOMATO,Rowe,C,,,False,True
27,TOMATO,Konè M.,C,5.0,5.0,False,True
27,TOMATO,Jashari,C,5.5,5.5,False,True
27,TOMATO,Dia,A,5.5,5.5,True,True
27,TOMATO,Piccoli,A,7.5,12.5,False,True
27,TOMATO,Heggem,D,,,False,True
27,TOMATO,Raspadori,A,,,False,True
27,TOMATO,Holm,D,,,False,True
27,CHELSEA,Perin,P,6.0,7.0,True,False
27,CHELSEA,Hermoso,D,5.0,5.0,True,False
27,CHELSEA,Ramon,D,6.5,6.5,True,False
27,CHELSEA,Terracciano F.,D,,,False,False
27,CHELSEA,Vlasic,C,7.0,7.0,True,False
27,CHELSEA,Pisilli,C,5.5,5.5,True,False
27,CHELSEA,Fagioli,C,7.0,7.0,True,False
27,CHELSEA,Orsolini,C,6.0,6.0,True,False
27,CHELSEA,Boga,A,7.0,11.0,True,False
27,CHELSEA,Yildiz,A,7.0,8.0,True,False
27,CHELSEA,Berardi,A,5.5,5.5,True,False
27,CHELSEA,Di Gregorio,P,,,False,True
27,CHELSEA,Pinsoglio,P,,,False,True
27,CHELSEA,Circati,D,4.5,4.5,True,True
27,CHELSEA,Luperto,D,4.5,4.5,False,True
27,CHELSEA,Martin,D,6.5,7.5,False,True
27,CHELSEA,Ebosse,D,6.0,6.0,False,True
27,CHELSEA,Zalewski,C,5.5,5.5,False,True
27,CHELSEA,Tourè I.,C,,,False,True
27,CHELSEA,Durosinmi,A,4.0,3.0,False,True
27,CHELSEA,Djuric,A,6.0,6.0,False,True
27,PAUL POGSHAO,Skorupski,P,6.5,7.5,True,False
27,PAUL POGSHAO,Dimarco,D,6.0,6.0,True,False
27,PAUL POGSHAO,Wesley,D,5.5,4.5,True,False
27,PAUL POGSHAO,Mancini,D,6.0,6.0,True,False
27,PAUL POGSHAO,Dumfries,D,5.0,5.0,True,False
27,PAUL POGSHAO,Paz N.,C,5.5,5.5,True,False
27,PAUL POGSHAO,Perrone,C,6.0,6.0,True,False
27,PAUL POGSHAO,Da Cunha,C,7.0,7.0,True,False
27,PAUL POGSHAO,Laurientè,A,6.0,6.0,True,False
27,PAUL POGSHAO,Vardy,A,,,False,False
27,PAUL POGSHAO,Giovane,A,,,False,False
27,PAUL POGSHAO,Ravaglia F.,P,,,False,True
27,PAUL POGSHAO,Pessina Mas.,P,,,False,True
27,PAUL POGSHAO,Cambiaso,D,6.0,6.0,False,True
27,PAUL POGSHAO,Kempf,D,6.0,6.0,False,True
27,PAUL POGSHAO,Hien,D,6.0,6.0,False,True
27,PAUL POGSHAO,Bozhinov,D,,,False,True
27,PAUL POGSHAO,Cristante,C,5.0,5.0,False,True
27,PAUL POGSHAO,El Aynaoui,C,,,False,True
27,PAUL POGSHAO,Oristanio,C,6.0,6.0,False,True
27,PAUL POGSHAO,Koopmeiners,C,6.0,6.0,False,True
27,PAUL POGSHAO,Stengs,C,,,False,True
27,PAUL POGSHAO,Fullkrug,A,5.5,5.5,True,True
27,PAUL POGSHAO,Ratkov,A,,,False,True
27,PAUL POGSHAO,Elphege,A,,,False,True
28,VINCENZO,Carnesecchi,P,6.5,7.5,True,False
28,VINCENZO,Bernasconi,D,6.0,6.0,True,False
28,VINCENZO,Akanji,D,6.0,6.0,True,False
28,VINCENZO,Kalulu,D,6.5,6.5,True,False
28,VINCENZO,Palestra,D,6.0,6.0,True,False
28,VINCENZO,Taylor K.,C,8.0,14.5,True,False
28,VINCENZO,McKennie,C,5.5,5.5,True,False
28,VINCENZO,Locatelli,C,5.0,3.0,True,False
28,VINCENZO,Scamacca,A,,,False,False
28,VINCENZO,Esposito F.P.,A,7.0,10.0,True,False
28,VINCENZO,Diao,A,7.5,12.5,True,False
28,VINCENZO,Sportiello,P,,,False,True
28,VINCENZO,Rossi F.,P,,,False,True
28,VINCENZO,Rodriguez Je.,A,6.0,6.0,True,True
28,VINCENZO,Kilicsoy,A,5.5,5.5,False,True
28,VINCENZO,Soulè,A,,,False,True
28,VINCENZO,Atta,C,5.5,5.5,False,True
28,VINCENZO,Sucic P.,C,,,False,True
28,VINCENZO,Miller L.,C,,,False,True
28,VINCENZO,Vergara,C,,,False,True
28,VINCENZO,Rovella,C,,,False,True
28,VINCENZO,Dodò,D,6.5,6.5,False,True
28,VINCENZO,Juan Jesus,D,,,False,True
28,VINCENZO,Muharemovic,D,7.0,7.0,False,True
28,VINCENZO,Marianucci,D,,,False,True
28,TEAM YANGTUO,Svilar,P,6.0,7.0,True,False
28,TEAM YANGTUO,Norton-Cuffy,D,5.5,5.5,True,False
28,TEAM YANGTUO,Zortea,D,5.5,5.5,True,False
28,TEAM YANGTUO,Celik,D,,,False,False
28,TEAM YANGTUO,Zappacosta,D,7.0,11.0,True,False
28,TEAM YANGTUO,Calhanoglu,C,6.0,6.0,True,False
28,TEAM YANGTUO,Politano,C,6.5,6.5,True,False
28,TEAM YANGTUO,Strefezza,C,5.0,5.0,True,False
28,TEAM YANGTUO,Rabiot,C,7.0,10.0,True,False
28,TEAM YANGTUO,Bowie,A,5.5,5.5,True,False
28,TEAM YANGTUO,Hojlund,A,6.0,6.0,True,False
28,TEAM YANGTUO,Gollini,P,,,False,True
28,TEAM YANGTUO,Zelezny,P,,,False,True
28,TEAM YANGTUO,Adams C.,A,5.5,5.5,False,True
28,TEAM YANGTUO,Pinamonti,A,7.0,11.0,False,True
28,TEAM YANGTUO,Lazaro,D,,,False,True
28,TEAM YANGTUO,Garcia U.,D,5.5,5.0,True,True
28,TEAM YANGTUO,Frese,D,5.5,5.5,False,True
28,TEAM YANGTUO,Fabbian,C,,,False,True
28,TEAM YANGTUO,Thorstvedt,C,,,False,True
28,TEAM YANGTUO,Gandelman,C,5.5,5.5,False,True
28,TOMATO,Sommer,P,5.5,4.5,True,False
28,TOMATO,Miranda J.,D,5.5,5.5,True,False
28,TOMATO,Tiago Gabriel,D,7.0,7.0,True,False
28,TOMATO,Solet,D,7.0,6.5,True,False
28,TOMATO,Conceicao,C,7.0,8.0,True,False
28,TOMATO,Baturina,C,7.0,10.0,True,False
28,TOMATO,Rowe,C,5.5,5.5,True,False
28,TOMATO,Gudmundsson A.,C,6.0,6.0,True,False
28,TOMATO,Thuram,A,6.0,6.0,True,False
28,TOMATO,Colombo,A,6.0,5.5,True,False
28,TOMATO,Lukaku,A,,,False,False
28,TOMATO,Martinez Jo.,P,,,False,True
28,TOMATO,Di Gennaro,P,,,False,True
28,TOMATO,Bellanova,D,,,False,True
28,TOMATO,Olivera,D,5.5,5.0,False,True
28,TOMATO,Belghali,D,5.5,5.5,False,True
28,TOMATO,Mkhitaryan,C,,,False,True
28,TOMATO,Konè M.,C,,,False,True
28,TOMATO,Jashari,C,,,False,True
28,TOMATO,Dia,A,7.0,8.0,True,True
28,TOMATO,Piccoli,A,,,False,True
28,TOMATO,Heggem,D,6.0,6.0,False,True
28,TOMATO,Raspadori,A,5.5,5.5,False,True
28,TOMATO,Holm,D,,,False,True
28,PAUL POGSHAO,Ravaglia F.,P,6.0,4.0,True,False
28,PAUL POGSHAO,Dimarco,D,5.5,5.0,True,False
28,PAUL POGSHAO,Kempf,D,6.5,6.5,True,False
28,PAUL POGSHAO,Mancini,D,6.0,6.0,True,False
28,PAUL POGSHAO,Dumfries,D,6.0,6.0,True,False
28,PAUL POGSHAO,Paz N.,C,7.0,10.0,True,False
28,PAUL POGSHAO,Perrone,C,7.5,10.5,True,False
28,PAUL POGSHAO,Cristante,C,6.5,6.5,True,False
28,PAUL POGSHAO,Da Cunha,C,6.5,6.5,True,False
28,PAUL POGSHAO,Laurientè,A,6.0,6.0,True,False
28,PAUL POGSHAO,Fullkrug,A,5.5,5.5,True,False
28,PAUL POGSHAO,Skorupski,P,,,False,True
28,PAUL POGSHAO,Pessina Mas.,P,,,False,True
28,PAUL POGSHAO,Cambiaso,D,5.5,5.5,False,True
28,PAUL POGSHAO,Hien,D,6.0,5.5,False,True
28,PAUL POGSHAO,Bozhinov,D,,,False,True
28,PAUL POGSHAO,Wesley,D,,,False,True
28,PAUL POGSHAO,El Aynaoui,C,5.5,5.5,False,True
28,PAUL POGSHAO,Oristanio,C,5.5,5.5,False,True
28,PAUL POGSHAO,Koopmeiners,C,5.5,5.5,False,True
28,PAUL POGSHAO,Stengs,C,5.5,5.5,False,True
28,PAUL POGSHAO,Giovane,A,,,False,True
28,PAUL POGSHAO,Vardy,A,6.5,7.5,False,True
28,PAUL POGSHAO,Ratkov,A,,,False,True
28,PAUL POGSHAO,Elphege,A,5.0,5.0,False,True
28,BOBOTOTTI,Milinkovic-Savic V.,P,6.0,7.0,True,False
28,BOBOTOTTI,Valeri,D,5.5,5.5,True,False
28,BOBOTOTTI,Vasquez,D,6.0,6.0,True,False
28,BOBOTOTTI,Valle,D,,,False,False
28,BOBOTOTTI,De Bruyne,C,6.0,6.0,True,False
28,BOBOTOTTI,Pellegrini Lo.,C,6.0,6.0,True,False
28,BOBOTOTTI,Modric,C,6.5,6.5,True,False
28,BOBOTOTTI,Saelemaekers,C,6.0,6.0,True,False
28,BOBOTOTTI,Krstovic,A,6.0,6.0,True,False
28,BOBOTOTTI,Vlahovic,A,6.5,6.5,True,False
28,BOBOTOTTI,Vitinha O.,A,5.0,5.0,True,False
28,BOBOTOTTI,Meret,P,,,False,True
28,BOBOTOTTI,Contini,P,,,False,True
28,BOBOTOTTI,Kristensen T.,D,6.5,6.5,True,True
28,BOBOTOTTI,Coco,D,5.0,5.0,False,True
28,BOBOTOTTI,Gallo,D,5.5,5.5,False,True
28,BOBOTOTTI,Delprato,D,,,False,True
28,BOBOTOTTI,Gabbia,D,,,False,True
28,BOBOTOTTI,Maldini,C,5.5,5.5,False,True
28,BOBOTOTTI,Frendrup,C,6.0,6.0,False,True
28,BOBOTOTTI,Zhegrova,C,,,False,True
28,BOBOTOTTI,Bernabè,C,,,False,True
28,BOBOTOTTI,Bonazzoli,A,6.5,6.5,False,True
28,BOBOTOTTI,Esposito Se.,A,6.0,6.0,False,True
28,BOBOTOTTI,Cheddira,A,5.5,5.5,False,True
28,CHELSEA,Perin,P,6.5,5.5,True,False
28,CHELSEA,Ramon,D,,,False,False
28,CHELSEA,Martin,D,,,False,False
28,CHELSEA,Circati,D,5.5,5.5,True,False
28,CHELSEA,Zalewski,C,5.5,5.5,True,False
28,CHELSEA,Pisilli,C,5.5,5.0,True,False
28,CHELSEA,Baldanzi,C,5.5,5.5,True,False
28,CHELSEA,Orsolini,C,5.0,3.0,True,False
28,CHELSEA,Yildiz,A,7.0,10.0,True,False
28,CHELSEA,Berardi,A,6.5,7.5,True,False
28,CHELSEA,Boga,A,5.5,5.5,True,False
28,CHELSEA,Di Gregorio,P,,,False,True
28,CHELSEA,Pinsoglio,P,,,False,True
28,CHELSEA,Luperto,D,6.5,6.5,True,True
28,CHELSEA,Terracciano F.,D,6.0,6.0,True,True
28,CHELSEA,Hermoso,D,7.0,8.0,False,True
28,CHELSEA,Ebosse,D,5.0,5.0,False,True
28,CHELSEA,Lirola,D,,,False,True
28,CHELSEA,Vlasic,C,7.0,9.0,False,True
28,CHELSEA,Fagioli,C,6.5,6.5,False,True
28,CHELSEA,Lobotka,C,6.0,5.5,False,True
28,CHELSEA,Tourè I.,C,,,False,True
28,CHELSEA,Djuric,A,,,False,True
28,CHELSEA,Martinez L.,A,,,False,True
28,ASS ASS IN FC,Maignan,P,6.5,4.5,True,False
28,ASS ASS IN FC,Bartesaghi,D,6.5,6.5,True,False
28,ASS ASS IN FC,Tomori,D,6.0,5.5,True,False
28,ASS ASS IN FC,Buongiorno,D,6.0,6.0,True,False
28,ASS ASS IN FC,Lucumì,D,5.5,5.5,True,False
28,ASS ASS IN FC,Santos A.,C,6.0,6.0,True,False
28,ASS ASS IN FC,Barella,C,6.0,6.5,True,False
28,ASS ASS IN FC,Malinovskyi,C,6.5,6.5,True,False
28,ASS ASS IN FC,Leao,A,,,False,False
28,ASS ASS IN FC,Simeone,A,7.0,10.0,True,False
28,ASS ASS IN FC,Davis K.,A,7.0,9.5,True,False
28,ASS ASS IN FC,Terracciano,P,,,False,True
28,ASS ASS IN FC,Torriani,P,,,False,True
28,ASS ASS IN FC,Gosens,D,5.5,5.5,False,True
28,ASS ASS IN FC,Ghilardi,D,6.0,6.0,False,True
28,ASS ASS IN FC,Comuzzo,D,,,False,True
28,ASS ASS IN FC,Ziolkowski,D,,,False,True
28,ASS ASS IN FC,Zambo Anguissa,C,6.0,6.0,False,True
28,ASS ASS IN FC,Venturino,C,,,False,True
28,ASS ASS IN FC,Volpato,C,6.5,6.5,False,True
28,ASS ASS IN FC,Pasalic,C,5.5,5.5,False,True
28,ASS ASS IN FC,Prati,C,5.5,5.5,False,True
28,ASS ASS IN FC,Zapata D.,A,5.5,5.5,True,True
28,ASS ASS IN FC,Dybala,A,,,False,True
28,ASS ASS IN FC,Addai,A,,,False,True
28,TEAM WOLFLING,Motta,P,7.0,10.0,True,False
28,TEAM WOLFLING,Spinazzola,D,6.0,6.0,True,False
28,TEAM WOLFLING,Pavlovic,D,7.0,9.5,True,False
28,TEAM WOLFLING,Bastoni,D,,,False,False
28,TEAM WOLFLING,Ostigard,D,5.5,5.5,True,False
28,TEAM WOLFLING,Casadei,C,5.5,5.5,True,False
28,TEAM WOLFLING,Konè I.,C,6.0,6.0,True,False
28,TEAM WOLFLING,Ederson D.S.,C,6.5,6.5,True,False
28,TEAM WOLFLING,Zielinski,C,5.5,5.5,True,False
28,TEAM WOLFLING,De Ketelaere,A,6.5,6.5,True,False
28,TEAM WOLFLING,Malen,A,6.0,6.0,True,False
28,TEAM WOLFLING,Furlanetto,P,,,False,True
28,TEAM WOLFLING,Djimsiti,D,6.0,6.0,True,True
28,TEAM WOLFLING,Angori,D,5.0,4.5,False,True
28,TEAM WOLFLING,Ndiaye,D,,,False,True
28,TEAM WOLFLING,Mandragora,C,,,False,True
28,TEAM WOLFLING,Brescianini,C,5.5,5.0,False,True
28,TEAM WOLFLING,Cornet,C,,,False,True
28,TEAM WOLFLING,Marchwinski,C,,,False,True
28,TEAM WOLFLING,Morata,A,6.0,6.0,False,True
28,TEAM WOLFLING,Pavoletti,A,,,False,True
28,TEAM WOLFLING,Arena A.,A,6.0,6.0,False,True
28,TEAM WOLFLING,Milik,A,6.0,6.0,False,True
28,TEAM HAIR FLICK,Butez,P,6.0,7.0,True,False
28,TEAM HAIR FLICK,Gutierrez,D,6.5,6.5,True,False
28,TEAM HAIR FLICK,Kelly L.,D,6.0,6.0,True,False
28,TEAM HAIR FLICK,Scalvini,D,6.0,6.0,True,False
28,TEAM HAIR FLICK,Vojvoda,D,,,False,False
28,TEAM HAIR FLICK,Ondrejka,C,5.5,5.0,True,False
28,TEAM HAIR FLICK,Thuram K.,C,5.5,5.5,True,False
28,TEAM HAIR FLICK,Pulisic,C,6.5,7.5,True,False
28,TEAM HAIR FLICK,Bonny,A,5.5,5.5,True,False
28,TEAM HAIR FLICK,Pellegrino M.,A,5.0,5.0,True,False
28,TEAM HAIR FLICK,Kean,A,5.5,5.0,True,False
28,TEAM HAIR FLICK,Dallinga,A,5.5,5.5,False,True
28,TEAM HAIR FLICK,Nkunku,A,5.5,5.5,False,True
28,TEAM HAIR FLICK,Odgaard,C,,,False,True
28,TEAM HAIR FLICK,Bernardeschi,C,5.5,5.5,False,True
28,TEAM HAIR FLICK,Ekkelenkamp,C,6.5,10.5,False,True
28,TEAM HAIR FLICK,Freuler,C,,,False,True
28,TEAM HAIR FLICK,Bakola,C,5.5,5.5,False,True
28,TEAM HAIR FLICK,Bisseck,D,6.5,6.5,True,True
28,TEAM HAIR FLICK,Diego Carlos,D,6.5,6.5,False,True
28,TEAM HAIR FLICK,Rensch,D,6.0,6.0,False,True
28,TEAM HAIR FLICK,Gatti,D,,,False,True
28,TEAM HAIR FLICK,Tornqvist,P,,,False,True
28,TEAM HAIR FLICK,Cavlina,P,,,False,True
28,TEAM HAIR FLICK,Ferguson E.,A,,,False,True
28,TEAM GLIDER,De Gea,P,6.5,5.5,True,False
28,TEAM GLIDER,De Winter,D,5.5,5.5,True,False
28,TEAM GLIDER,N'Dicka,D,6.5,6.5,True,False
28,TEAM GLIDER,Bremer,D,5.5,5.0,True,False
28,TEAM GLIDER,McTominay,C,7.0,11.0,True,False
28,TEAM GLIDER,Zaragoza,C,,,False,False
28,TEAM GLIDER,Zaniolo,C,6.5,7.0,True,False
28,TEAM GLIDER,Isaksen,C,5.5,5.5,True,False
28,TEAM GLIDER,Nicolussi Caviglia,C,5.5,5.5,True,False
28,TEAM GLIDER,Douvikas,A,7.0,10.0,True,False
28,TEAM GLIDER,Castro S.,A,5.0,4.5,True,False
28,TEAM GLIDER,Christensen O.,P,,,False,True
28,TEAM GLIDER,Lezzerini,P,,,False,True
28,TEAM GLIDER,Ahanor,D,,,False,True
28,TEAM GLIDER,Siebert,D,5.5,5.5,False,True
28,TEAM GLIDER,Zè Pedro,D,5.5,5.0,False,True
28,TEAM GLIDER,Rugani,D,,,False,True
28,TEAM GLIDER,Elmas,C,,,False,True
28,TEAM GLIDER,Miretti,C,5.5,5.5,True,True
28,TEAM GLIDER,David,A,,,False,True
28,TEAM GLIDER,Openda,A,,,False,True
28,TEAM GLIDER,Sarr A.,A,,,False,True
28,TEAM GLIDER,Dominguez B.,A,5.5,5.5,False,True
28,TEAM GLIDER,Rrahmani,D,,,False,True
28,TEAM GLIDER,Loftus-Cheek,C,,,False,True
29,TEAM YANGTUO,Svilar,P,5.5,0.5,True,False
29,TEAM YANGTUO,Garcia U.,D,7.0,10.0,True,False
29,TEAM YANGTUO,Zortea,D,,,False,False
29,TEAM YANGTUO,Celik,D,5.5,5.5,True,False
29,TEAM YANGTUO,Zappacosta,D,6.0,5.5,True,False
29,TEAM YANGTUO,Thorstvedt,C,6.5,6.5,True,False
29,TEAM YANGTUO,Politano,C,7.0,10.5,True,False
29,TEAM YANGTUO,Rabiot,C,6.0,6.0,True,False
29,TEAM YANGTUO,Adams C.,A,7.0,11.0,True,False
29,TEAM YANGTUO,Pinamonti,A,7.0,10.5,True,False
29,TEAM YANGTUO,Hojlund,A,,,False,False
29,TEAM YANGTUO,Gollini,P,,,False,True
29,TEAM YANGTUO,Zelezny,P,,,False,True
29,TEAM YANGTUO,Lazaro,D,,,False,True
29,TEAM YANGTUO,Frese,D,6.0,6.0,True,True
29,TEAM YANGTUO,Fabbian,C,5.5,5.5,False,True
29,TEAM YANGTUO,Gandelman,C,6.0,6.0,False,True
29,TEAM YANGTUO,Strefezza,C,6.5,6.0,False,True
29,TEAM YANGTUO,Calhanoglu,C,7.5,11.5,False,True
29,TEAM YANGTUO,Solomon,A,,,False,True
29,TEAM YANGTUO,Bowie,A,5.5,5.5,True,True
29,TOMATO,Sommer,P,6.5,4.5,True,False
29,TOMATO,Miranda J.,D,7.0,9.0,True,False
29,TOMATO,Tiago Gabriel,D,5.5,5.5,True,False
29,TOMATO,Solet,D,7.0,7.0,True,False
29,TOMATO,Conceicao,C,6.5,7.5,True,False
29,TOMATO,Baturina,C,6.0,6.0,True,False
29,TOMATO,Rowe,C,7.0,11.0,True,False
29,TOMATO,Gudmundsson A.,C,5.0,4.0,True,False
29,TOMATO,Thuram,A,7.5,12.5,True,False
29,TOMATO,Colombo,A,5.5,5.5,True,False
29,TOMATO,Raspadori,A,7.0,10.0,True,False
29,TOMATO,Martinez Jo.,P,,,False,True
29,TOMATO,Di Gennaro,P,,,False,True
29,TOMATO,Belghali,D,6.5,6.0,False,True
29,TOMATO,Heggem,D,,,False,True
29,TOMATO,Bellanova,D,6.0,6.0,False,True
29,TOMATO,Holm,D,,,False,True
29,TOMATO,Olivera,D,6.5,6.5,False,True
29,TOMATO,Mkhitaryan,C,6.0,6.0,False,True
29,TOMATO,Jashari,C,,,False,True
29,TOMATO,Dia,A,5.5,5.5,False,True
29,TOMATO,Piccoli,A,5.5,5.5,False,True
29,TEAM GLIDER,De Gea,P,7.0,8.0,True,False
29,TEAM GLIDER,De Winter,D,5.5,5.5,True,False
29,TEAM GLIDER,N'Dicka,D,5.0,5.0,True,False
29,TEAM GLIDER,Bremer,D,7.0,10.5,True,False
29,TEAM GLIDER,Zè Pedro,D,6.0,6.0,True,False
29,TEAM GLIDER,Siebert,D,5.0,5.0,True,False
29,TEAM GLIDER,Zaniolo,C,6.0,6.0,True,False
29,TEAM GLIDER,Isaksen,C,5.5,5.5,True,False
29,TEAM GLIDER,Nicolussi Caviglia,C,6.0,6.0,True,False
29,TEAM GLIDER,Douvikas,A,5.5,5.5,True,False
29,TEAM GLIDER,Castro S.,A,6.0,6.0,True,False
29,TEAM GLIDER,Christensen O.,P,,,False,True
29,TEAM GLIDER,Lezzerini,P,,,False,True
29,TEAM GLIDER,Ahanor,D,,,False,True
29,TEAM GLIDER,Rugani,D,,,False,True
29,TEAM GLIDER,Elmas,C,,,False,True
29,TEAM GLIDER,Miretti,C,,,False,True
29,TEAM GLIDER,David,A,6.0,6.0,False,True
29,TEAM GLIDER,Openda,A,,,False,True
29,TEAM GLIDER,Sarr A.,A,5.5,5.5,False,True
29,TEAM GLIDER,Dominguez B.,A,,,False,True
29,TEAM GLIDER,Rrahmani,D,,,False,True
29,TEAM GLIDER,Loftus-Cheek,C,,,False,True
29,ASS ASS IN FC,Maignan,P,6.0,5.0,True,False
29,ASS ASS IN FC,Bartesaghi,D,5.5,5.5,True,False
29,ASS ASS IN FC,Gosens,D,6.0,6.0,True,False
29,ASS ASS IN FC,Buongiorno,D,6.0,5.5,True,False
29,ASS ASS IN FC,Lucumì,D,6.5,6.5,True,False
29,ASS ASS IN FC,Comuzzo,D,5.5,5.5,True,False
29,ASS ASS IN FC,Pasalic,C,6.5,7.0,True,False
29,ASS ASS IN FC,Zambo Anguissa,C,6.0,6.0,True,False
29,ASS ASS IN FC,Prati,C,6.0,6.0,True,False
29,ASS ASS IN FC,Volpato,C,5.5,5.5,True,False
29,ASS ASS IN FC,Simeone,A,5.5,5.5,True,False
29,ASS ASS IN FC,Terracciano,P,,,False,True
29,ASS ASS IN FC,Torriani,P,,,False,True
29,ASS ASS IN FC,Tomori,D,6.0,6.0,False,True
29,ASS ASS IN FC,Ghilardi,D,5.5,5.5,False,True
29,ASS ASS IN FC,Ziolkowski,D,,,False,True
29,ASS ASS IN FC,Barella,C,7.5,10.5,False,True
29,ASS ASS IN FC,Santos A.,C,6.5,6.5,False,True
29,ASS ASS IN FC,Venturino,C,,,False,True
29,ASS ASS IN FC,Malinovskyi,C,5.0,5.0,False,True
29,ASS ASS IN FC,Leao,A,,,False,True
29,ASS ASS IN FC,Zapata D.,A,,,False,True
29,ASS ASS IN FC,Dybala,A,,,False,True
29,ASS ASS IN FC,Davis K.,A,,,False,True
29,ASS ASS IN FC,Addai,A,,,False,True
29,CHELSEA,Perin,P,6.0,7.0,True,False
29,CHELSEA,Hermoso,D,5.0,5.0,True,False
29,CHELSEA,Ebosse,D,6.5,6.5,True,False
29,CHELSEA,Luperto,D,5.5,5.5,True,False
29,CHELSEA,Zalewski,C,6.0,6.0,True,False
29,CHELSEA,Fagioli,C,7.0,10.5,True,False
29,CHELSEA,Vlasic,C,5.5,5.5,True,False
29,CHELSEA,Orsolini,C,5.5,5.5,True,False
29,CHELSEA,Yildiz,A,6.0,6.0,True,False
29,CHELSEA,Martinez L.,A,7.5,14.5,True,False
29,CHELSEA,Berardi,A,6.0,6.0,True,False
29,CHELSEA,Circati,D,6.0,6.0,False,True
29,CHELSEA,Martin,D,5.0,3.0,False,True
29,CHELSEA,Terracciano F.,D,5.0,5.0,False,True
29,CHELSEA,Ramon,D,,,False,True
29,CHELSEA,Lirola,D,,,False,True
29,CHELSEA,Baldanzi,C,6.5,6.5,False,True
29,CHELSEA,Pisilli,C,5.0,4.5,False,True
29,CHELSEA,Lobotka,C,6.0,6.0,False,True
29,CHELSEA,Tourè I.,C,,,False,True
29,CHELSEA,Boga,A,,,False,True
29,CHELSEA,Djuric,A,5.5,5.5,False,True
29,CHELSEA,Pinsoglio,P,,,False,True
29,CHELSEA,Di Gregorio,P,7.0,10.0,False,True
29,TEAM HAIR FLICK,Butez,P,6.5,7.5,True,False
29,TEAM HAIR FLICK,Gutierrez,D,6.0,6.0,True,False
29,TEAM HAIR FLICK,Kelly L.,D,6.5,7.5,True,False
29,TEAM HAIR FLICK,Diego Carlos,D,6.5,6.0,True,False
29,TEAM HAIR FLICK,Scalvini,D,7.0,11.0,True,False
29,TEAM HAIR FLICK,Bernardeschi,C,6.5,6.5,True,False
29,TEAM HAIR FLICK,Thuram K.,C,6.0,5.5,True,False
29,TEAM HAIR FLICK,Pulisic,C,5.5,5.5,True,False
29,TEAM HAIR FLICK,Ondrejka,C,,,False,False
29,TEAM HAIR FLICK,Pellegrino M.,A,6.0,5.5,True,False
29,TEAM HAIR FLICK,Kean,A,5.0,5.0,True,False
29,TEAM HAIR FLICK,Nkunku,A,5.5,5.5,False,True
29,TEAM HAIR FLICK,Bonny,A,6.5,6.5,False,True
29,TEAM HAIR FLICK,Dallinga,A,,,False,True
29,TEAM HAIR FLICK,Bakola,C,6.5,7.0,True,True
29,TEAM HAIR FLICK,Ekkelenkamp,C,5.5,5.5,False,True
29,TEAM HAIR FLICK,Freuler,C,6.5,6.5,False,True
29,TEAM HAIR FLICK,Gatti,D,,,False,True
29,TEAM HAIR FLICK,Vojvoda,D,5.5,5.5,False,True
29,TEAM HAIR FLICK,Rensch,D,6.0,7.0,False,True
29,TEAM HAIR FLICK,Tornqvist,P,,,False,True
29,TEAM HAIR FLICK,Cavlina,P,,,False,True
29,TEAM HAIR FLICK,Ferguson E.,A,,,False,True
29,TEAM HAIR FLICK,Odgaard,C,,,False,True
29,TEAM HAIR FLICK,Bisseck,D,,,False,True
29,TEAM WOLFLING,Motta,P,6.5,5.5,True,False
29,TEAM WOLFLING,Spinazzola,D,6.5,6.5,True,False
29,TEAM WOLFLING,Pavlovic,D,6.5,6.5,True,False
29,TEAM WOLFLING,Baschirotto,D,,,False,False
29,TEAM WOLFLING,Ostigard,D,5.0,5.0,True,False
29,TEAM WOLFLING,Casadei,C,6.0,6.0,True,False
29,TEAM WOLFLING,Brescianini,C,,,False,False
29,TEAM WOLFLING,Ederson D.S.,C,7.0,7.0,True,False
29,TEAM WOLFLING,Zielinski,C,7.0,7.5,True,False
29,TEAM WOLFLING,De Ketelaere,A,7.5,9.5,True,False
29,TEAM WOLFLING,Malen,A,6.0,6.0,True,False
29,TEAM WOLFLING,Furlanetto,P,,,False,True
29,TEAM WOLFLING,Djimsiti,D,6.5,6.0,True,True
29,TEAM WOLFLING,Angori,D,5.5,5.5,False,True
29,TEAM WOLFLING,Bastoni,D,6.0,6.0,False,True
29,TEAM WOLFLING,Ndiaye,D,,,False,True
29,TEAM WOLFLING,Konè I.,C,6.0,6.0,True,True
29,TEAM WOLFLING,Marchwinski,C,,,False,True
29,TEAM WOLFLING,Morata,A,,,False,True
29,TEAM WOLFLING,Arena A.,A,,,False,True
29,TEAM WOLFLING,Milik,A,6.0,6.0,False,True
29,BOBOTOTTI,Milinkovic-Savic V.,P,6.0,7.0,True,False
29,BOBOTOTTI,Valeri,D,6.5,6.5,True,False
29,BOBOTOTTI,Coco,D,6.0,6.0,True,False
29,BOBOTOTTI,Valle,D,5.5,5.5,True,False
29,BOBOTOTTI,De Bruyne,C,6.0,6.0,True,False
29,BOBOTOTTI,Pellegrini Lo.,C,6.0,9.0,True,False
29,BOBOTOTTI,Modric,C,6.0,6.0,True,False
29,BOBOTOTTI,Maldini,C,5.5,5.5,True,False
29,BOBOTOTTI,Saelemaekers,C,6.0,6.0,True,False
29,BOBOTOTTI,Vlahovic,A,,,False,False
29,BOBOTOTTI,Krstovic,A,7.0,10.0,True,False
29,BOBOTOTTI,Meret,P,,,False,True
29,BOBOTOTTI,Contini,P,,,False,True
29,BOBOTOTTI,Kristensen T.,D,5.5,5.0,False,True
29,BOBOTOTTI,Vasquez,D,5.0,5.0,False,True
29,BOBOTOTTI,Delprato,D,7.0,10.0,False,True
29,BOBOTOTTI,Gallo,D,,,False,True
29,BOBOTOTTI,Gabbia,D,,,False,True
29,BOBOTOTTI,Bernabè,C,6.0,6.0,False,True
29,BOBOTOTTI,Frendrup,C,5.0,4.5,False,True
29,BOBOTOTTI,Zhegrova,C,,,False,True
29,BOBOTOTTI,Bonazzoli,A,6.5,8.5,True,True
29,BOBOTOTTI,Esposito Se.,A,7.0,9.0,False,True
29,BOBOTOTTI,Vitinha O.,A,5.0,5.0,False,True
29,BOBOTOTTI,Cheddira,A,5.5,5.5,False,True
29,PAUL POGSHAO,Ravaglia F.,P,6.0,4.5,True,False
29,PAUL POGSHAO,Dimarco,D,6.5,6.5,True,False
29,PAUL POGSHAO,Kempf,D,6.0,6.0,True,False
29,PAUL POGSHAO,Mancini,D,7.0,10.0,True,False
29,PAUL POGSHAO,Dumfries,D,6.5,6.5,True,False
29,PAUL POGSHAO,Paz N.,C,5.5,5.5,True,False
29,PAUL POGSHAO,Perrone,C,5.5,5.0,True,False
29,PAUL POGSHAO,Cristante,C,5.0,5.0,True,False
29,PAUL POGSHAO,Da Cunha,C,6.0,6.0,True,False
29,PAUL POGSHAO,Laurientè,A,5.5,5.5,True,False
29,PAUL POGSHAO,Fullkrug,A,5.5,5.5,True,False
29,PAUL POGSHAO,Skorupski,P,,,False,True
29,PAUL POGSHAO,Pessina Mas.,P,,,False,True
29,PAUL POGSHAO,Cambiaso,D,6.0,6.0,False,True
29,PAUL POGSHAO,Hien,D,,,False,True
29,PAUL POGSHAO,Bozhinov,D,,,False,True
29,PAUL POGSHAO,Wesley,D,,,False,True
29,PAUL POGSHAO,El Aynaoui,C,,,False,True
29,PAUL POGSHAO,Oristanio,C,,,False,True
29,PAUL POGSHAO,Koopmeiners,C,,,False,True
29,PAUL POGSHAO,Stengs,C,,,False,True
29,PAUL POGSHAO,Giovane,A,6.0,6.0,False,True
29,PAUL POGSHAO,Vardy,A,,,False,True
29,PAUL POGSHAO,Ratkov,A,,,False,True
29,PAUL POGSHAO,Elphege,A,,,False,True
29,VINCENZO,Carnesecchi,P,6.0,7.0,True,False
29,VINCENZO,Bernasconi,D,6.0,6.0,True,False
29,VINCENZO,Akanji,D,7.0,7.0,True,False
29,VINCENZO,Kalulu,D,6.0,6.0,True,False
29,VINCENZO,Palestra,D,6.0,6.0,True,False
29,VINCENZO,Taylor K.,C,6.5,7.5,True,False
29,VINCENZO,McKennie,C,6.5,9.0,True,False
29,VINCENZO,Locatelli,C,6.5,6.0,True,False
29,VINCENZO,Diao,A,6.0,6.0,True,False
29,VINCENZO,Esposito F.P.,A,6.0,6.0,True,False
29,VINCENZO,Soulè,A,5.5,5.5,True,False
29,VINCENZO,Sportiello,P,,,False,True
29,VINCENZO,Rossi F.,P,,,False,True
29,VINCENZO,Kilicsoy,A,,,False,True
29,VINCENZO,Rodriguez Je.,A,,,False,True
29,VINCENZO,Scamacca,A,,,False,True
29,VINCENZO,Atta,C,6.5,6.5,False,True
29,VINCENZO,Sucic P.,C,6.0,6.0,False,True
29,VINCENZO,Miller L.,C,6.0,6.0,False,True
29,VINCENZO,Vergara,C,,,False,True
29,VINCENZO,Rovella,C,,,False,True
29,VINCENZO,Muharemovic,D,,,False,True
29,VINCENZO,Juan Jesus,D,6.5,6.5,False,True
29,VINCENZO,Dodò,D,,,False,True
29,VINCENZO,Marianucci,D,,,False,True
30,TEAM HAIR FLICK,Butez,P,5.5,2.5,True,False
30,TEAM HAIR FLICK,Gutierrez,D,,,False,False
30,TEAM HAIR FLICK,Kelly L.,D,6.0,6.0,True,False
30,TEAM HAIR FLICK,Scalvini,D,5.5,5.5,True,False
30,TEAM HAIR FLICK,Rensch,D,6.5,7.5,True,False
30,TEAM HAIR FLICK,Bakola,C,,,False,False
30,TEAM HAIR FLICK,Thuram K.,C,5.5,5.0,True,False
30,TEAM HAIR FLICK,Odgaard,C,,,False,False
30,TEAM HAIR FLICK,Pulisic,C,5.5,5.5,True,False
30,TEAM HAIR FLICK,Bonny,A,5.5,5.0,True,False
30,TEAM HAIR FLICK,Kean,A,,,False,False
30,TEAM HAIR FLICK,Nkunku,A,5.5,5.5,True,True
30,TEAM HAIR FLICK,Dallinga,A,,,False,True
30,TEAM HAIR FLICK,Bernardeschi,C,6.5,7.5,True,True
30,TEAM HAIR FLICK,Freuler,C,7.0,11.0,True,True
30,TEAM HAIR FLICK,Ondrejka,C,,,False,True
30,TEAM HAIR FLICK,Ekkelenkamp,C,7.5,11.5,False,True
30,TEAM HAIR FLICK,Vojvoda,D,,,False,True
30,TEAM HAIR FLICK,Gatti,D,6.0,6.0,True,True
30,TEAM HAIR FLICK,Diego Carlos,D,6.0,6.0,False,True
30,TEAM HAIR FLICK,Tornqvist,P,,,False,True
30,TEAM HAIR FLICK,Cavlina,P,,,False,True
30,TEAM HAIR FLICK,Pellegrino M.,A,,,False,True
30,TEAM HAIR FLICK,Ferguson E.,A,,,False,True
30,TEAM HAIR FLICK,Bisseck,D,,,False,True
30,TEAM YANGTUO,Svilar,P,6.5,7.5,True,False
30,TEAM YANGTUO,Lazaro,D,,,False,False
30,TEAM YANGTUO,Zortea,D,6.0,6.0,True,False
30,TEAM YANGTUO,Celik,D,6.5,6.0,True,False
30,TEAM YANGTUO,Calhanoglu,C,6.5,7.0,True,False
30,TEAM YANGTUO,Thorstvedt,C,5.5,5.5,True,False
30,TEAM YANGTUO,Politano,C,5.5,5.5,True,False
30,TEAM YANGTUO,Rabiot,C,5.0,5.0,True,False
30,TEAM YANGTUO,Adams C.,A,6.0,6.0,True,False
30,TEAM YANGTUO,Pinamonti,A,5.5,5.5,True,False
30,TEAM YANGTUO,Hojlund,A,6.5,7.5,True,False
30,TEAM YANGTUO,Gollini,P,,,False,True
30,TEAM YANGTUO,Zelezny,P,,,False,True
30,TEAM YANGTUO,Norton-Cuffy,D,,,False,True
30,TEAM YANGTUO,Garcia U.,D,,,False,True
30,TEAM YANGTUO,Zappacosta,D,5.5,5.5,True,True
30,TEAM YANGTUO,Frese,D,5.0,4.5,False,True
30,TEAM YANGTUO,Fabbian,C,5.5,5.5,False,True
30,TEAM YANGTUO,Gandelman,C,5.5,5.5,False,True
30,TEAM YANGTUO,Strefezza,C,7.0,10.0,False,True
30,TEAM YANGTUO,Solomon,A,,,False,True
30,TEAM YANGTUO,Bowie,A,7.0,10.0,False,True
30,TEAM YANGTUO,Buksa,A,,,False,True
30,ASS ASS IN FC,Maignan,P,6.0,3.0,True,False
30,ASS ASS IN FC,Gosens,D,7.0,11.0,True,False
30,ASS ASS IN FC,Lucumì,D,6.5,6.5,True,False
30,ASS ASS IN FC,Buongiorno,D,5.5,5.5,True,False
30,ASS ASS IN FC,Ghilardi,D,6.0,6.0,True,False
30,ASS ASS IN FC,Santos A.,C,6.0,6.0,True,False
30,ASS ASS IN FC,Zambo Anguissa,C,5.5,5.5,True,False
30,ASS ASS IN FC,Malinovskyi,C,7.0,9.5,True,False
30,ASS ASS IN FC,Leao,A,4.5,4.0,True,False
30,ASS ASS IN FC,Davis K.,A,7.0,7.0,True,False
30,ASS ASS IN FC,Simeone,A,7.0,10.0,True,False
30,ASS ASS IN FC,Terracciano,P,,,False,True
30,ASS ASS IN FC,Torriani,P,,,False,True
30,ASS ASS IN FC,Ziolkowski,D,,,False,True
30,ASS ASS IN FC,Tomori,D,,,False,True
30,ASS ASS IN FC,Bartesaghi,D,5.5,3.5,False,True
30,ASS ASS IN FC,Volpato,C,5.5,5.5,False,True
30,ASS ASS IN FC,Comuzzo,D,,,False,True
30,ASS ASS IN FC,Barella,C,7.5,9.5,False,True
30,ASS ASS IN FC,Prati,C,6.0,6.0,False,True
30,ASS ASS IN FC,Venturino,C,,,False,True
30,ASS ASS IN FC,Pasalic,C,6.0,6.0,False,True
30,ASS ASS IN FC,Zapata D.,A,,,False,True
30,ASS ASS IN FC,Dybala,A,,,False,True
30,ASS ASS IN FC,Addai,A,,,False,True
30,VINCENZO,Carnesecchi,P,5.5,4.5,True,False
30,VINCENZO,Kalulu,D,6.5,6.5,True,False
30,VINCENZO,Akanji,D,6.5,6.0,True,False
30,VINCENZO,Muharemovic,D,6.5,6.0,True,False
30,VINCENZO,Palestra,D,6.0,6.0,True,False
30,VINCENZO,Sucic P.,C,6.0,5.5,True,False
30,VINCENZO,Taylor K.,C,5.5,5.5,True,False
30,VINCENZO,Locatelli,C,7.0,7.0,True,False
30,VINCENZO,Diao,A,6.0,5.5,True,False
30,VINCENZO,Esposito F.P.,A,5.5,5.5,True,False
30,VINCENZO,Soulè,A,6.5,7.5,True,False
30,VINCENZO,Sportiello,P,,,False,True
30,VINCENZO,Rossi F.,P,,,False,True
30,VINCENZO,Scamacca,A,5.5,5.5,False,True
30,VINCENZO,Kilicsoy,A,,,False,True
30,VINCENZO,Rodriguez Je.,A,,,False,True
30,VINCENZO,Atta,C,7.5,10.5,False,True
30,VINCENZO,Miller L.,C,,,False,True
30,VINCENZO,Vergara,C,,,False,True
30,VINCENZO,Rovella,C,,,False,True
30,VINCENZO,McKennie,C,,,False,True
30,VINCENZO,Dodò,D,6.0,5.5,False,True
30,VINCENZO,Juan Jesus,D,5.0,5.0,False,True
30,VINCENZO,Bernasconi,D,5.5,5.5,False,True
30,VINCENZO,Marianucci,D,6.0,6.0,False,True
30,TOMATO,Sommer,P,5.0,2.0,True,False
30,TOMATO,Olivera,D,6.0,6.0,True,False
30,TOMATO,Miranda J.,D,6.5,6.5,True,False
30,TOMATO,Solet,D,7.0,7.0,True,False
30,TOMATO,Heggem,D,,,False,False
30,TOMATO,Conceicao,C,6.0,6.0,True,False
30,TOMATO,Baturina,C,5.5,5.5,True,False
30,TOMATO,Rowe,C,6.0,6.0,True,False
30,TOMATO,Thuram,A,7.5,13.5,True,False
30,TOMATO,Colombo,A,6.5,6.5,True,False
30,TOMATO,Raspadori,A,6.0,6.0,True,False
30,TOMATO,Martinez Jo.,P,,,False,True
30,TOMATO,Di Gennaro,P,,,False,True
30,TOMATO,Tiago Gabriel,D,6.0,6.0,True,True
30,TOMATO,Belghali,D,5.5,5.5,False,True
30,TOMATO,Bellanova,D,,,False,True
30,TOMATO,Holm,D,6.5,6.5,False,True
30,TOMATO,Mkhitaryan,C,,,False,True
30,TOMATO,Jashari,C,5.5,5.5,False,True
30,TOMATO,Dia,A,5.5,5.5,False,True
30,TOMATO,Piccoli,A,5.5,5.0,False,True
30,TOMATO,Konè M.,C,,,False,True
30,TOMATO,Zaccagni,C,6.0,6.0,False,True
30,TOMATO,Lukaku,A,,,False,True
30,TOMATO,Gudmundsson A.,C,,,False,True
30,BOBOTOTTI,Milinkovic-Savic V.,P,6.0,5.0,True,False
30,BOBOTOTTI,Vasquez,D,6.5,6.5,True,False
30,BOBOTOTTI,Coco,D,6.0,6.0,True,False
30,BOBOTOTTI,Kristensen T.,D,6.5,6.0,True,False
30,BOBOTOTTI,De Bruyne,C,6.0,6.0,True,False
30,BOBOTOTTI,Pellegrini Lo.,C,6.5,6.5,True,False
30,BOBOTOTTI,Modric,C,6.0,6.0,True,False
30,BOBOTOTTI,Maldini,C,,,False,False
30,BOBOTOTTI,Saelemaekers,C,5.5,5.5,True,False
30,BOBOTOTTI,Esposito Se.,A,7.0,11.0,True,False
30,BOBOTOTTI,Vitinha O.,A,6.0,6.0,True,False
30,BOBOTOTTI,Meret,P,,,False,True
30,BOBOTOTTI,Contini,P,,,False,True
30,BOBOTOTTI,Valle,D,6.0,8.5,False,True
30,BOBOTOTTI,Valeri,D,6.5,6.5,False,True
30,BOBOTOTTI,Delprato,D,6.5,6.5,False,True
30,BOBOTOTTI,Gallo,D,6.0,6.0,False,True
30,BOBOTOTTI,Gabbia,D,,,False,True
30,BOBOTOTTI,Bernabè,C,6.0,6.0,True,True
30,BOBOTOTTI,Frendrup,C,6.0,5.5,False,True
30,BOBOTOTTI,Zhegrova,C,,,False,True
30,BOBOTOTTI,Bonazzoli,A,5.5,5.5,False,True
30,BOBOTOTTI,Krstovic,A,6.0,6.0,False,True
30,BOBOTOTTI,Cheddira,A,6.0,6.0,False,True
30,BOBOTOTTI,Vlahovic,A,,,False,True
30,PAUL POGSHAO,Ravaglia F.,P,,,False,False
30,PAUL POGSHAO,Dimarco,D,5.0,5.0,True,False
30,PAUL POGSHAO,Cambiaso,D,5.5,5.0,True,False
30,PAUL POGSHAO,Dumfries,D,8.0,15.0,True,False
30,PAUL POGSHAO,Paz N.,C,7.0,10.0,True,False
30,PAUL POGSHAO,Perrone,C,6.0,6.0,True,False
30,PAUL POGSHAO,Cristante,C,6.5,6.5,True,False
30,PAUL POGSHAO,El Aynaoui,C,6.0,6.0,True,False
30,PAUL POGSHAO,Koopmeiners,C,6.0,6.0,True,False
30,PAUL POGSHAO,Laurientè,A,5.5,5.5,True,False
30,PAUL POGSHAO,Giovane,A,5.5,5.5,True,False
30,PAUL POGSHAO,Skorupski,P,,,False,True
30,PAUL POGSHAO,Pessina Mas.,P,6.5,7.5,True,True
30,PAUL POGSHAO,Kempf,D,4.5,4.5,False,True
30,PAUL POGSHAO,Bozhinov,D,,,False,True
30,PAUL POGSHAO,Mancini,D,,,False,True
30,PAUL POGSHAO,Hien,D,,,False,True
30,PAUL POGSHAO,Wesley,D,,,False,True
30,PAUL POGSHAO,Da Cunha,C,6.5,8.5,False,True
30,PAUL POGSHAO,Oristanio,C,,,False,True
30,PAUL POGSHAO,Stengs,C,,,False,True
30,PAUL POGSHAO,Fullkrug,A,5.0,5.0,False,True
30,PAUL POGSHAO,Ratkov,A,,,False,True
30,PAUL POGSHAO,Elphege,A,6.5,7.5,False,True
30,PAUL POGSHAO,Vardy,A,,,False,True
30,CHELSEA,Di Gregorio,P,6.5,7.5,True,False
30,CHELSEA,Hermoso,D,6.0,6.0,True,False
30,CHELSEA,Ebosse,D,6.5,6.5,True,False
30,CHELSEA,Martin,D,6.5,6.5,True,False
30,CHELSEA,Zalewski,C,5.5,5.5,True,False
30,CHELSEA,Pisilli,C,6.0,6.0,True,False
30,CHELSEA,Vlasic,C,6.0,6.0,True,False
30,CHELSEA,Baldanzi,C,7.0,8.0,True,False
30,CHELSEA,Orsolini,C,7.0,10.0,True,False
30,CHELSEA,Yildiz,A,6.0,6.0,True,False
30,CHELSEA,Berardi,A,5.5,4.5,True,False
30,CHELSEA,Perin,P,,,False,True
30,CHELSEA,Pinsoglio,P,,,False,True
30,CHELSEA,Ramon,D,5.5,5.0,False,True
30,CHELSEA,Terracciano F.,D,5.5,5.0,False,True
30,CHELSEA,Luperto,D,6.0,6.0,False,True
30,CHELSEA,Circati,D,6.0,5.5,False,True
30,CHELSEA,Lirola,D,,,False,True
30,CHELSEA,Lobotka,C,6.5,6.5,False,True
30,CHELSEA,Tourè I.,C,5.0,4.5,False,True
30,CHELSEA,Boga,A,7.0,11.0,False,True
30,CHELSEA,Djuric,A,,,False,True
30,CHELSEA,Durosinmi,A,6.0,6.0,False,True
30,TEAM WOLFLING,Motta,P,6.0,5.0,True,False
30,TEAM WOLFLING,Spinazzola,D,5.5,5.5,True,False
30,TEAM WOLFLING,Pavlovic,D,5.5,5.5,True,False
30,TEAM WOLFLING,Bastoni,D,5.5,5.5,True,False
30,TEAM WOLFLING,Ostigard,D,6.0,6.0,True,False
30,TEAM WOLFLING,Casadei,C,7.0,11.0,True,False
30,TEAM WOLFLING,Mandragora,C,5.5,5.5,True,False
30,TEAM WOLFLING,Ederson D.S.,C,6.0,6.0,True,False
30,TEAM WOLFLING,Zielinski,C,5.5,5.0,True,False
30,TEAM WOLFLING,De Ketelaere,A,6.5,6.0,True,False
30,TEAM WOLFLING,Malen,A,8.5,18.5,True,False
30,TEAM WOLFLING,Provedel,P,,,False,True
30,TEAM WOLFLING,Furlanetto,P,,,False,True
30,TEAM WOLFLING,Baschirotto,D,6.0,6.0,False,True
30,TEAM WOLFLING,Djimsiti,D,5.5,5.5,False,True
30,TEAM WOLFLING,Angori,D,5.5,5.5,False,True
30,TEAM WOLFLING,Ndiaye,D,,,False,True
30,TEAM WOLFLING,Brescianini,C,,,False,True
30,TEAM WOLFLING,Konè I.,C,7.0,10.0,False,True
30,TEAM WOLFLING,Marchwinski,C,,,False,True
30,TEAM WOLFLING,Cornet,C,,,False,True
30,TEAM WOLFLING,Milik,A,,,False,True
30,TEAM WOLFLING,Morata,A,,,False,True
30,TEAM WOLFLING,Arena A.,A,,,False,True
30,TEAM GLIDER,De Gea,P,7.0,8.0,True,False
30,TEAM GLIDER,De Winter,D,4.5,4.5,True,False
30,TEAM GLIDER,N'Dicka,D,6.5,7.5,True,False
30,TEAM GLIDER,Bremer,D,6.5,6.5,True,False
30,TEAM GLIDER,Zè Pedro,D,6.5,7.5,True,False
30,TEAM GLIDER,McTominay,C,7.0,11.0,True,False
30,TEAM GLIDER,Zaniolo,C,7.5,8.5,True,False
30,TEAM GLIDER,Isaksen,C,5.5,5.5,True,False
30,TEAM GLIDER,Nicolussi Caviglia,C,5.5,5.5,True,False
30,TEAM GLIDER,Douvikas,A,5.0,5.0,True,False
30,TEAM GLIDER,Castro S.,A,6.0,6.0,True,False
30,TEAM GLIDER,Christensen O.,P,,,False,True
30,TEAM GLIDER,Lezzerini,P,,,False,True
30,TEAM GLIDER,Siebert,D,5.0,4.5,False,True
30,TEAM GLIDER,Ahanor,D,6.0,6.0,False,True
30,TEAM GLIDER,Rugani,D,6.0,5.5,False,True
30,TEAM GLIDER,Zaragoza,C,,,False,True
30,TEAM GLIDER,Loftus-Cheek,C,,,False,True
30,TEAM GLIDER,Elmas,C,,,False,True
30,TEAM GLIDER,Miretti,C,,,False,True
30,TEAM GLIDER,David,A,5.5,5.5,False,True
30,TEAM GLIDER,Openda,A,,,False,True
30,TEAM GLIDER,Sarr A.,A,,,False,True
30,TEAM GLIDER,Dominguez B.,A,,,False,True
30,TEAM GLIDER,Rrahmani,D,,,False,True
31,TEAM HAIR FLICK,Butez,P,5.5,3.5,True,False
31,TEAM HAIR FLICK,Gutierrez,D,6.0,6.0,True,False
31,TEAM HAIR FLICK,Kelly L.,D,6.5,6.5,True,False
31,TEAM HAIR FLICK,Rensch,D,6.5,7.5,True,False
31,TEAM HAIR FLICK,Vojvoda,D,5.5,5.5,True,False
31,TEAM HAIR FLICK,Ekkelenkamp,C,5.5,5.5,True,False
31,TEAM HAIR FLICK,Thuram K.,C,7.0,10.0,True,False
31,TEAM HAIR FLICK,Pulisic,C,5.5,5.5,True,False
31,TEAM HAIR FLICK,Ondrejka,C,6.0,6.0,True,False
31,TEAM HAIR FLICK,Nkunku,A,,,False,False
31,TEAM HAIR FLICK,Bonny,A,6.5,6.5,True,False
31,TEAM HAIR FLICK,Pellegrino M.,A,6.0,6.0,True,True
31,TEAM HAIR FLICK,Odgaard,C,,,False,True
31,TEAM HAIR FLICK,Bernardeschi,C,,,False,True
31,TEAM HAIR FLICK,Freuler,C,5.5,5.5,False,True
31,TEAM HAIR FLICK,Diego Carlos,D,,,False,True
31,TEAM HAIR FLICK,Gatti,D,,,False,True
31,TEAM HAIR FLICK,Scalvini,D,6.0,6.0,False,True
31,TEAM HAIR FLICK,Tornqvist,P,,,False,True
31,TEAM HAIR FLICK,Cavlina,P,,,False,True
31,TEAM HAIR FLICK,Dallinga,A,,,False,True
31,TEAM HAIR FLICK,Ferguson E.,A,,,False,True
31,TEAM HAIR FLICK,Bakola,C,,,False,True
31,TEAM HAIR FLICK,Bisseck,D,,,False,True
31,TEAM HAIR FLICK,Kean,A,,,False,True
31,TOMATO,Sommer,P,,,False,False
31,TOMATO,Belghali,D,5.5,5.5,True,False
31,TOMATO,Olivera,D,5.0,5.0,True,False
31,TOMATO,Solet,D,6.0,6.0,True,False
31,TOMATO,Conceicao,C,6.0,6.0,True,False
31,TOMATO,Zaccagni,C,5.0,3.0,True,False
31,TOMATO,Rowe,C,5.5,5.5,True,False
31,TOMATO,Gudmundsson A.,C,5.5,5.5,True,False
31,TOMATO,Thuram,A,7.0,11.0,True,False
31,TOMATO,Colombo,A,7.0,10.0,True,False
31,TOMATO,Dia,A,6.0,5.5,True,False
31,TOMATO,Martinez Jo.,P,6.0,7.0,True,True
31,TOMATO,Di Gennaro,P,,,False,True
31,TOMATO,Tiago Gabriel,D,7.0,10.5,False,True
31,TOMATO,Heggem,D,5.5,5.5,False,True
31,TOMATO,Miranda J.,D,5.5,5.5,False,True
31,TOMATO,Bellanova,D,5.5,5.5,False,True
31,TOMATO,Holm,D,6.5,6.5,False,True
31,TOMATO,Baturina,C,5.5,5.5,False,True
31,TOMATO,Mkhitaryan,C,6.0,6.0,False,True
31,TOMATO,Jashari,C,,,False,True
31,TOMATO,Konè M.,C,,,False,True
31,TOMATO,Raspadori,A,6.0,6.0,False,True
31,TOMATO,Piccoli,A,5.5,5.5,False,True
31,TOMATO,Lukaku,A,,,False,True
31,BOBOTOTTI,Milinkovic-Savic V.,P,7.0,7.0,True,False
31,BOBOTOTTI,Vasquez,D,6.0,6.0,True,False
31,BOBOTOTTI,Coco,D,6.0,5.5,True,False
31,BOBOTOTTI,Kristensen T.,D,6.0,6.0,True,False
31,BOBOTOTTI,Valle,D,,,False,False
31,BOBOTOTTI,De Bruyne,C,5.5,5.5,True,False
31,BOBOTOTTI,Modric,C,6.5,6.5,True,False
31,BOBOTOTTI,Saelemaekers,C,6.0,6.0,True,False
31,BOBOTOTTI,Bonazzoli,A,6.5,6.5,True,False
31,BOBOTOTTI,Krstovic,A,7.0,10.0,True,False
31,BOBOTOTTI,Vitinha O.,A,,,False,False
31,BOBOTOTTI,Meret,P,,,False,True
31,BOBOTOTTI,Contini,P,,,False,True
31,BOBOTOTTI,Gabbia,D,7.0,7.0,True,True
31,BOBOTOTTI,Valeri,D,6.0,6.0,False,True
31,BOBOTOTTI,Delprato,D,6.0,6.0,False,True
31,BOBOTOTTI,Gallo,D,6.0,7.0,False,True
31,BOBOTOTTI,Bernabè,C,6.0,6.0,False,True
31,BOBOTOTTI,Zhegrova,C,5.5,5.5,False,True
31,BOBOTOTTI,Pellegrini Lo.,C,,,False,True
31,BOBOTOTTI,Maldini,C,,,False,True
31,BOBOTOTTI,Frendrup,C,,,False,True
31,BOBOTOTTI,Esposito Se.,A,6.0,5.5,True,True
31,BOBOTOTTI,Cheddira,A,5.0,5.0,False,True
31,BOBOTOTTI,Vlahovic,A,,,False,True
31,TEAM YANGTUO,Svilar,P,6.5,5.5,True,False
31,TEAM YANGTUO,Lazaro,D,,,False,False
31,TEAM YANGTUO,Zortea,D,6.0,6.0,True,False
31,TEAM YANGTUO,Celik,D,6.0,6.0,True,False
31,TEAM YANGTUO,Calhanoglu,C,6.0,6.0,True,False
31,TEAM YANGTUO,Strefezza,C,6.5,7.5,True,False
31,TEAM YANGTUO,Politano,C,5.5,5.5,True,False
31,TEAM YANGTUO,Rabiot,C,7.0,11.0,True,False
31,TEAM YANGTUO,Gandelman,C,6.0,6.0,True,False
31,TEAM YANGTUO,Adams C.,A,5.5,5.5,True,False
31,TEAM YANGTUO,Hojlund,A,5.0,5.0,True,False
31,TEAM YANGTUO,Gollini,P,,,False,True
31,TEAM YANGTUO,Zelezny,P,,,False,True
31,TEAM YANGTUO,Garcia U.,D,,,False,True
31,TEAM YANGTUO,Frese,D,,,False,True
31,TEAM YANGTUO,Zappacosta,D,6.0,6.0,True,True
31,TEAM YANGTUO,Fabbian,C,,,False,True
31,TEAM YANGTUO,Solomon,A,5.0,4.5,False,True
31,TEAM YANGTUO,Pinamonti,A,,,False,True
31,TEAM YANGTUO,Bowie,A,,,False,True
31,TEAM YANGTUO,Buksa,A,5.5,5.5,False,True
31,TEAM YANGTUO,Thorstvedt,C,6.5,6.0,False,True
31,TEAM YANGTUO,Lovric,C,,,False,True
31,VINCENZO,Carnesecchi,P,7.0,6.0,True,False
31,VINCENZO,Bernasconi,D,6.0,6.0,True,False
31,VINCENZO,Akanji,D,6.5,6.5,True,False
31,VINCENZO,Kalulu,D,6.5,7.5,True,False
31,VINCENZO,Dodò,D,6.0,6.0,True,False
31,VINCENZO,Atta,C,6.0,6.0,True,False
31,VINCENZO,McKennie,C,7.0,8.0,True,False
31,VINCENZO,Locatelli,C,6.5,6.0,True,False
31,VINCENZO,Diao,A,5.0,5.0,True,False
31,VINCENZO,Esposito F.P.,A,6.5,6.5,True,False
31,VINCENZO,Soulè,A,6.5,6.5,True,False
31,VINCENZO,Sportiello,P,,,False,True
31,VINCENZO,Rossi F.,P,,,False,True
31,VINCENZO,Scamacca,A,,,False,True
31,VINCENZO,Rodriguez Je.,A,6.0,6.0,False,True
31,VINCENZO,Kilicsoy,A,,,False,True
31,VINCENZO,Taylor K.,C,6.5,7.0,False,True
31,VINCENZO,Miller L.,C,,,False,True
31,VINCENZO,Vergara,C,,,False,True
31,VINCENZO,Rovella,C,,,False,True
31,VINCENZO,Sucic P.,C,,,False,True
31,VINCENZO,Palestra,D,6.0,6.0,False,True
31,VINCENZO,Muharemovic,D,6.5,6.5,False,True
31,VINCENZO,Juan Jesus,D,,,False,True
31,VINCENZO,Marianucci,D,6.0,6.0,False,True
31,TEAM WOLFLING,Motta,P,6.0,7.0,True,False
31,TEAM WOLFLING,Spinazzola,D,5.0,5.0,True,False
31,TEAM WOLFLING,Pavlovic,D,6.5,6.5,True,False
31,TEAM WOLFLING,Baschirotto,D,6.5,6.5,True,False
31,TEAM WOLFLING,Ostigard,D,6.5,6.0,True,False
31,TEAM WOLFLING,Casadei,C,5.5,5.5,True,False
31,TEAM WOLFLING,Mandragora,C,6.0,7.0,True,False
31,TEAM WOLFLING,Ederson D.S.,C,6.5,6.0,True,False
31,TEAM WOLFLING,Zielinski,C,6.5,9.5,True,False
31,TEAM WOLFLING,De Ketelaere,A,6.0,6.0,True,False
31,TEAM WOLFLING,Malen,A,6.0,6.0,True,False
31,TEAM WOLFLING,Provedel,P,,,False,True
31,TEAM WOLFLING,Furlanetto,P,,,False,True
31,TEAM WOLFLING,Bastoni,D,,,False,True
31,TEAM WOLFLING,Angori,D,6.5,7.5,False,True
31,TEAM WOLFLING,Djimsiti,D,6.5,6.0,False,True
31,TEAM WOLFLING,Ndiaye,D,6.5,6.5,False,True
31,TEAM WOLFLING,Konè I.,C,6.0,5.5,False,True
31,TEAM WOLFLING,Brescianini,C,,,False,True
31,TEAM WOLFLING,Marchwinski,C,,,False,True
31,TEAM WOLFLING,Cornet,C,,,False,True
31,TEAM WOLFLING,Morata,A,5.0,4.5,False,True
31,TEAM WOLFLING,Milik,A,,,False,True
31,TEAM WOLFLING,Arena A.,A,,,False,True
31,TEAM GLIDER,De Gea,P,6.5,5.5,True,False
31,TEAM GLIDER,De Winter,D,,,False,False
31,TEAM GLIDER,N'Dicka,D,6.0,6.0,True,False
31,TEAM GLIDER,Bremer,D,6.5,6.5,True,False
31,TEAM GLIDER,Zè Pedro,D,5.5,5.5,True,False
31,TEAM GLIDER,McTominay,C,5.5,5.5,True,False
31,TEAM GLIDER,Zaniolo,C,6.0,5.5,True,False
31,TEAM GLIDER,Isaksen,C,,,False,False
31,TEAM GLIDER,Nicolussi Caviglia,C,6.0,6.0,True,False
31,TEAM GLIDER,Douvikas,A,5.5,5.5,True,False
31,TEAM GLIDER,Castro S.,A,5.0,5.0,True,False
31,TEAM GLIDER,Christensen O.,P,,,False,True
31,TEAM GLIDER,Lezzerini,P,,,False,True
31,TEAM GLIDER,Siebert,D,6.0,6.0,True,True
31,TEAM GLIDER,Ahanor,D,6.0,6.0,False,True
31,TEAM GLIDER,Rugani,D,,,False,True
31,TEAM GLIDER,Zaragoza,C,,,False,True
31,TEAM GLIDER,Loftus-Cheek,C,,,False,True
31,TEAM GLIDER,Elmas,C,5.5,5.5,True,True
31,TEAM GLIDER,Miretti,C,,,False,True
31,TEAM GLIDER,David,A,7.0,11.0,False,True
31,TEAM GLIDER,Openda,A,,,False,True
31,TEAM GLIDER,Sarr A.,A,,,False,True
31,TEAM GLIDER,Dominguez B.,A,,,False,True
31,TEAM GLIDER,Rrahmani,D,,,False,True
31,PAUL POGSHAO,Ravaglia F.,P,6.0,4.0,True,False
31,PAUL POGSHAO,Dimarco,D,6.5,7.5,True,False
31,PAUL POGSHAO,Kempf,D,5.0,5.0,True,False
31,PAUL POGSHAO,Mancini,D,6.0,6.0,True,False
31,PAUL POGSHAO,Dumfries,D,6.5,7.5,True,False
31,PAUL POGSHAO,Paz N.,C,7.0,10.0,True,False
31,PAUL POGSHAO,Perrone,C,6.0,6.0,True,False
31,PAUL POGSHAO,El Aynaoui,C,5.5,5.5,True,False
31,PAUL POGSHAO,Da Cunha,C,6.0,6.0,True,False
31,PAUL POGSHAO,Laurientè,A,7.0,8.0,True,False
31,PAUL POGSHAO,Fullkrug,A,,,False,False
31,PAUL POGSHAO,Skorupski,P,,,False,True
31,PAUL POGSHAO,Pessina Mas.,P,,,False,True
31,PAUL POGSHAO,Cambiaso,D,6.0,6.0,False,True
31,PAUL POGSHAO,Bozhinov,D,,,False,True
31,PAUL POGSHAO,Wesley,D,,,False,True
31,PAUL POGSHAO,Hien,D,,,False,True
31,PAUL POGSHAO,Cristante,C,6.0,6.0,False,True
31,PAUL POGSHAO,Koopmeiners,C,,,False,True
31,PAUL POGSHAO,Oristanio,C,,,False,True
31,PAUL POGSHAO,Stengs,C,,,False,True
31,PAUL POGSHAO,Giovane,A,5.5,5.5,True,True
31,PAUL POGSHAO,Ratkov,A,,,False,True
31,PAUL POGSHAO,Elphege,A,7.0,11.0,False,True
31,PAUL POGSHAO,Vardy,A,,,False,True
31,CHELSEA,Di Gregorio,P,6.0,7.0,True,False
31,CHELSEA,Martin,D,6.0,6.0,True,False
31,CHELSEA,Ramon,D,5.5,5.0,True,False
31,CHELSEA,Hermoso,D,7.0,11.0,True,False
31,CHELSEA,Zalewski,C,6.0,6.0,True,False
31,CHELSEA,Vlasic,C,5.5,5.5,True,False
31,CHELSEA,Fagioli,C,6.5,6.5,True,False
31,CHELSEA,Baldanzi,C,7.0,8.0,True,False
31,CHELSEA,Orsolini,C,6.0,6.0,True,False
31,CHELSEA,Yildiz,A,6.0,6.0,True,False
31,CHELSEA,Boga,A,6.5,6.5,True,False
31,CHELSEA,Pinsoglio,P,,,False,True
31,CHELSEA,Perin,P,,,False,True
31,CHELSEA,Terracciano F.,D,6.0,6.0,False,True
31,CHELSEA,Luperto,D,6.5,6.5,False,True
31,CHELSEA,Ebosse,D,6.0,5.5,False,True
31,CHELSEA,Circati,D,6.5,6.5,False,True
31,CHELSEA,Lirola,D,6.0,6.0,False,True
31,CHELSEA,Pisilli,C,5.5,5.0,False,True
31,CHELSEA,Lobotka,C,5.0,4.5,False,True
31,CHELSEA,Tourè I.,C,5.5,5.5,False,True
31,CHELSEA,Martinez L.,A,,,False,True
31,CHELSEA,Durosinmi,A,5.5,5.5,False,True
31,CHELSEA,Djuric,A,,,False,True
31,ASS ASS IN FC,Maignan,P,6.5,7.5,True,False
31,ASS ASS IN FC,Gosens,D,,,False,False
31,ASS ASS IN FC,Tomori,D,6.0,6.0,True,False
31,ASS ASS IN FC,Buongiorno,D,4.5,4.5,True,False
31,ASS ASS IN FC,Bartesaghi,D,6.0,6.0,True,False
31,ASS ASS IN FC,Santos A.,C,6.0,6.0,True,False
31,ASS ASS IN FC,Zambo Anguissa,C,5.5,5.5,True,False
31,ASS ASS IN FC,Barella,C,7.5,10.5,True,False
31,ASS ASS IN FC,Volpato,C,7.0,9.5,True,False
31,ASS ASS IN FC,Leao,A,6.0,7.0,True,False
31,ASS ASS IN FC,Simeone,A,5.5,5.5,True,False
31,ASS ASS IN FC,Terracciano,P,,,False,True
31,ASS ASS IN FC,Torriani,P,,,False,True
31,ASS ASS IN FC,Lucumì,D,5.5,5.5,True,True
31,ASS ASS IN FC,Comuzzo,D,,,False,True
31,ASS ASS IN FC,Ziolkowski,D,,,False,True
31,ASS ASS IN FC,Ghilardi,D,6.0,6.0,False,True
31,ASS ASS IN FC,Pasalic,C,,,False,True
31,ASS ASS IN FC,Prati,C,,,False,True
31,ASS ASS IN FC,Venturino,C,6.0,6.0,False,True
31,ASS ASS IN FC,Malinovskyi,C,,,False,True
31,ASS ASS IN FC,Davis K.,A,,,False,True
31,ASS ASS IN FC,Zapata D.,A,,,False,True
31,ASS ASS IN FC,Dybala,A,,,False,True
31,ASS ASS IN FC,Addai,A,,,False,True
32,VINCENZO,Carnesecchi,P,6.0,3.0,True,False
32,VINCENZO,Dodò,D,6.0,6.0,True,False
32,VINCENZO,Kalulu,D,6.5,6.5,True,False
32,VINCENZO,Akanji,D,6.0,6.0,True,False
32,VINCENZO,Palestra,D,6.0,6.0,True,False
32,VINCENZO,Taylor K.,C,6.0,6.0,True,False
32,VINCENZO,McKennie,C,6.0,6.0,True,False
32,VINCENZO,Locatelli,C,6.0,5.5,True,False
32,VINCENZO,Esposito F.P.,A,5.5,5.5,True,False
32,VINCENZO,Scamacca,A,7.5,13.5,True,False
32,VINCENZO,Soulè,A,6.5,6.5,True,False
32,VINCENZO,Sportiello,P,,,False,True
32,VINCENZO,Rossi F.,P,,,False,True
32,VINCENZO,Diao,A,6.5,9.0,False,True
32,VINCENZO,Rodriguez Je.,A,,,False,True
32,VINCENZO,Kilicsoy,A,,,False,True
32,VINCENZO,Atta,C,8.0,14.0,False,True
32,VINCENZO,Sucic P.,C,6.5,6.5,False,True
32,VINCENZO,Miller L.,C,6.0,6.0,False,True
32,VINCENZO,Vergara,C,,,False,True
32,VINCENZO,Rovella,C,,,False,True
32,VINCENZO,Muharemovic,D,6.0,6.0,False,True
32,VINCENZO,Juan Jesus,D,,,False,True
32,VINCENZO,Marianucci,D,6.5,6.5,False,True
32,VINCENZO,Bernasconi,D,,,False,True
32,TEAM HAIR FLICK,Butez,P,5.5,6.5,True,False
32,TEAM HAIR FLICK,Gutierrez,D,6.5,6.5,True,False
32,TEAM HAIR FLICK,Scalvini,D,5.5,6.5,True,False
32,TEAM HAIR FLICK,Bisseck,D,7.0,10.0,True,False
32,TEAM HAIR FLICK,Rensch,D,6.0,5.5,True,False
32,TEAM HAIR FLICK,Ekkelenkamp,C,6.5,7.5,True,False
32,TEAM HAIR FLICK,Thuram K.,C,6.5,6.5,True,False
32,TEAM HAIR FLICK,Pulisic,C,5.5,5.5,True,False
32,TEAM HAIR FLICK,Ondrejka,C,,,False,False
32,TEAM HAIR FLICK,Pellegrino M.,A,6.0,6.0,True,False
32,TEAM HAIR FLICK,Kean,A,,,False,False
32,TEAM HAIR FLICK,Bonny,A,5.5,5.5,True,True
32,TEAM HAIR FLICK,Nkunku,A,,,False,True
32,TEAM HAIR FLICK,Odgaard,C,5.5,5.5,True,True
32,TEAM HAIR FLICK,Freuler,C,5.5,5.5,False,True
32,TEAM HAIR FLICK,Diego Carlos,D,6.0,5.5,False,True
32,TEAM HAIR FLICK,Kelly L.,D,6.0,6.0,False,True
32,TEAM HAIR FLICK,Gatti,D,,,False,True
32,TEAM HAIR FLICK,Tornqvist,P,,,False,True
32,TEAM HAIR FLICK,Cavlina,P,,,False,True
32,TEAM HAIR FLICK,Dallinga,A,,,False,True
32,TEAM HAIR FLICK,Ferguson E.,A,,,False,True
32,TEAM HAIR FLICK,Bakola,C,,,False,True
32,TEAM HAIR FLICK,Bernardeschi,C,,,False,True
32,TEAM HAIR FLICK,Vojvoda,D,,,False,True
32,TOMATO,Sommer,P,6.0,4.0,True,False
32,TOMATO,Miranda J.,D,5.0,5.0,True,False
32,TOMATO,Bellanova,D,5.5,5.5,True,False
32,TOMATO,Solet,D,5.0,5.0,True,False
32,TOMATO,Conceicao,C,6.5,6.5,True,False
32,TOMATO,Zaccagni,C,,,False,False
32,TOMATO,Rowe,C,6.0,6.0,True,False
32,TOMATO,Gudmundsson A.,C,5.5,5.5,True,False
32,TOMATO,Thuram,A,7.0,10.0,True,False
32,TOMATO,Colombo,A,5.5,5.5,True,False
32,TOMATO,Piccoli,A,,,False,False
32,TOMATO,Martinez Jo.,P,,,False,True
32,TOMATO,Di Gennaro,P,,,False,True
32,TOMATO,Tiago Gabriel,D,,,False,True
32,TOMATO,Heggem,D,5.0,5.0,False,True
32,TOMATO,Belghali,D,6.5,6.5,False,True
32,TOMATO,Holm,D,6.0,6.0,False,True
32,TOMATO,Baturina,C,7.0,7.0,True,True
32,TOMATO,Mkhitaryan,C,,,False,True
32,TOMATO,Jashari,C,,,False,True
32,TOMATO,Konè M.,C,,,False,True
32,TOMATO,Raspadori,A,5.0,5.0,True,True
32,TOMATO,Dia,A,5.0,5.0,False,True
32,TOMATO,Lukaku,A,,,False,True
32,TOMATO,Olivera,D,6.5,6.5,False,True
32,CHELSEA,Di Gregorio,P,6.0,7.0,True,False
32,CHELSEA,Hermoso,D,6.0,5.5,True,False
32,CHELSEA,Martin,D,,,False,False
32,CHELSEA,Circati,D,6.0,6.0,True,False
32,CHELSEA,Ramon,D,6.0,6.0,True,False
32,CHELSEA,Zalewski,C,5.5,5.5,True,False
32,CHELSEA,Vlasic,C,6.5,9.5,True,False
32,CHELSEA,Fagioli,C,6.0,6.0,True,False
32,CHELSEA,Orsolini,C,6.0,6.0,True,False
32,CHELSEA,Baldanzi,C,,,False,False
32,CHELSEA,Boga,A,5.0,4.5,True,False
32,CHELSEA,Pinsoglio,P,,,False,True
32,CHELSEA,Perin,P,,,False,True
32,CHELSEA,Terracciano F.,D,5.0,3.0,True,True
32,CHELSEA,Luperto,D,5.0,5.0,False,True
32,CHELSEA,Ebosse,D,5.5,5.0,False,True
32,CHELSEA,Lirola,D,,,False,True
32,CHELSEA,Pisilli,C,6.0,6.0,True,True
32,CHELSEA,Lobotka,C,6.0,6.0,False,True
32,CHELSEA,Tourè I.,C,5.5,5.5,False,True
32,CHELSEA,Yildiz,A,,,False,True
32,CHELSEA,Djuric,A,,,False,True
32,CHELSEA,Martinez L.,A,,,False,True
32,TEAM WOLFLING,Motta,P,5.0,2.0,True,False
32,TEAM WOLFLING,Spinazzola,D,,,False,False
32,TEAM WOLFLING,Pavlovic,D,6.5,6.5,True,False
32,TEAM WOLFLING,Angori,D,6.0,6.0,True,False
32,TEAM WOLFLING,Ostigard,D,6.0,6.0,True,False
32,TEAM WOLFLING,Konè I.,C,6.0,6.0,True,False
32,TEAM WOLFLING,Mandragora,C,5.5,5.0,True,False
32,TEAM WOLFLING,Ederson D.S.,C,6.0,6.0,True,False
32,TEAM WOLFLING,Zielinski,C,5.5,5.5,True,False
32,TEAM WOLFLING,De Ketelaere,A,5.5,5.5,True,False
32,TEAM WOLFLING,Malen,A,7.5,12.5,True,False
32,TEAM WOLFLING,Provedel,P,,,False,True
32,TEAM WOLFLING,Furlanetto,P,,,False,True
32,TEAM WOLFLING,Bastoni,D,,,False,True
32,TEAM WOLFLING,Djimsiti,D,5.0,5.0,True,True
32,TEAM WOLFLING,Ndiaye,D,6.5,6.0,False,True
32,TEAM WOLFLING,Baschirotto,D,5.0,5.0,False,True
32,TEAM WOLFLING,Brescianini,C,,,False,True
32,TEAM WOLFLING,Casadei,C,6.0,6.0,False,True
32,TEAM WOLFLING,Marchwinski,C,,,False,True
32,TEAM WOLFLING,Cornet,C,,,False,True
32,TEAM WOLFLING,Morata,A,,,False,True
32,TEAM WOLFLING,Arena A.,A,,,False,True
32,TEAM WOLFLING,Milik,A,,,False,True
32,TEAM WOLFLING,Pavoletti,A,,,False,True
32,PAUL POGSHAO,Ravaglia F.,P,6.0,4.0,True,False
32,PAUL POGSHAO,Dimarco,D,7.0,9.0,True,False
32,PAUL POGSHAO,Mancini,D,6.5,6.5,True,False
32,PAUL POGSHAO,Wesley,D,7.0,7.0,True,False
32,PAUL POGSHAO,Dumfries,D,,,False,False
32,PAUL POGSHAO,Paz N.,C,6.5,6.5,True,False
32,PAUL POGSHAO,Perrone,C,6.0,6.0,True,False
32,PAUL POGSHAO,Oristanio,C,,,False,False
32,PAUL POGSHAO,Da Cunha,C,6.5,7.5,True,False
32,PAUL POGSHAO,Laurientè,A,6.0,5.5,True,False
32,PAUL POGSHAO,Elphege,A,7.0,11.0,True,False
32,PAUL POGSHAO,Skorupski,P,,,False,True
32,PAUL POGSHAO,Pessina Mas.,P,,,False,True
32,PAUL POGSHAO,Kempf,D,6.5,6.0,True,True
32,PAUL POGSHAO,Cambiaso,D,5.5,5.0,False,True
32,PAUL POGSHAO,Bozhinov,D,6.5,6.5,False,True
32,PAUL POGSHAO,Hien,D,,,False,True
32,PAUL POGSHAO,Cristante,C,6.0,6.0,True,True
32,PAUL POGSHAO,El Aynaoui,C,7.5,11.0,False,True
32,PAUL POGSHAO,Koopmeiners,C,6.0,6.0,False,True
32,PAUL POGSHAO,Stengs,C,,,False,True
32,PAUL POGSHAO,Giovane,A,6.0,6.0,False,True
32,PAUL POGSHAO,Ratkov,A,,,False,True
32,PAUL POGSHAO,Fullkrug,A,6.0,6.0,False,True
32,PAUL POGSHAO,Vardy,A,,,False,True
32,BOBOTOTTI,Milinkovic-Savic V.,P,6.5,8.0,True,False
32,BOBOTOTTI,Valeri,D,6.5,6.5,True,False
32,BOBOTOTTI,Gallo,D,6.0,6.0,True,False
32,BOBOTOTTI,Delprato,D,6.0,6.0,True,False
32,BOBOTOTTI,Valle,D,6.5,6.5,True,False
32,BOBOTOTTI,De Bruyne,C,7.5,11.5,True,False
32,BOBOTOTTI,Modric,C,6.0,6.0,True,False
32,BOBOTOTTI,Bernabè,C,6.5,6.5,True,False
32,BOBOTOTTI,Krstovic,A,5.5,5.5,True,False
32,BOBOTOTTI,Vlahovic,A,,,False,False
32,BOBOTOTTI,Esposito Se.,A,6.0,6.0,True,False
32,BOBOTOTTI,Meret,P,,,False,True
32,BOBOTOTTI,Contini,P,,,False,True
32,BOBOTOTTI,Kristensen T.,D,5.5,5.5,False,True
32,BOBOTOTTI,Vasquez,D,5.5,5.5,False,True
32,BOBOTOTTI,Gabbia,D,6.0,6.0,False,True
32,BOBOTOTTI,Coco,D,5.5,5.5,False,True
32,BOBOTOTTI,Saelemaekers,C,6.5,6.5,False,True
32,BOBOTOTTI,Zhegrova,C,,,False,True
32,BOBOTOTTI,Maldini,C,7.0,11.0,False,True
32,BOBOTOTTI,Frendrup,C,5.5,5.5,False,True
32,BOBOTOTTI,Pellegrini Lo.,C,,,False,True
32,BOBOTOTTI,Cheddira,A,5.5,5.0,True,True
32,BOBOTOTTI,Vitinha O.,A,5.5,5.5,False,True
32,BOBOTOTTI,Bonazzoli,A,5.5,5.5,False,True
32,ASS ASS IN FC,Maignan,P,6.0,7.0,True,False
32,ASS ASS IN FC,Bartesaghi,D,5.5,5.0,True,False
32,ASS ASS IN FC,Tomori,D,6.5,6.5,True,False
32,ASS ASS IN FC,Lucumì,D,5.0,5.0,True,False
32,ASS ASS IN FC,Comuzzo,D,6.0,6.0,True,False
32,ASS ASS IN FC,Volpato,C,6.0,6.0,True,False
32,ASS ASS IN FC,Zambo Anguissa,C,,,False,False
32,ASS ASS IN FC,Barella,C,5.5,5.0,True,False
32,ASS ASS IN FC,Pasalic,C,6.0,6.0,True,False
32,ASS ASS IN FC,Leao,A,6.0,6.0,True,False
32,ASS ASS IN FC,Simeone,A,7.0,10.0,True,False
32,ASS ASS IN FC,Terracciano,P,,,False,True
32,ASS ASS IN FC,Torriani,P,,,False,True
32,ASS ASS IN FC,Buongiorno,D,6.0,6.0,False,True
32,ASS ASS IN FC,Ghilardi,D,6.0,6.0,False,True
32,ASS ASS IN FC,Ziolkowski,D,,,False,True
32,ASS ASS IN FC,Gosens,D,,,False,True
32,ASS ASS IN FC,Malinovskyi,C,5.5,5.5,True,True
32,ASS ASS IN FC,Venturino,C,,,False,True
32,ASS ASS IN FC,Prati,C,,,False,True
32,ASS ASS IN FC,Santos A.,C,7.5,10.5,False,True
32,ASS ASS IN FC,Dybala,A,,,False,True
32,ASS ASS IN FC,Davis K.,A,,,False,True
32,ASS ASS IN FC,Zapata D.,A,6.5,6.5,False,True
32,ASS ASS IN FC,Addai,A,,,False,True
32,TEAM YANGTUO,Svilar,P,6.5,7.5,True,False
32,TEAM YANGTUO,Garcia U.,D,6.5,6.5,True,False
32,TEAM YANGTUO,Zappacosta,D,5.5,5.5,True,False
32,TEAM YANGTUO,Celik,D,6.0,6.0,True,False
32,TEAM YANGTUO,Calhanoglu,C,,,False,False
32,TEAM YANGTUO,Strefezza,C,6.0,6.0,True,False
32,TEAM YANGTUO,Politano,C,6.5,6.5,True,False
32,TEAM YANGTUO,Thorstvedt,C,6.0,6.0,True,False
32,TEAM YANGTUO,Bowie,A,5.5,5.5,True,False
32,TEAM YANGTUO,Pinamonti,A,5.5,5.5,True,False
32,TEAM YANGTUO,Hojlund,A,7.0,7.0,True,False
32,TEAM YANGTUO,Gollini,P,,,False,True
32,TEAM YANGTUO,Zelezny,P,,,False,True
32,TEAM YANGTUO,Frese,D,6.0,6.0,False,True
32,TEAM YANGTUO,Solomon,A,5.5,5.5,False,True
32,TEAM YANGTUO,Buksa,A,5.5,5.5,False,True
32,TEAM YANGTUO,Gandelman,C,5.5,5.5,True,True
32,TEAM YANGTUO,Rabiot,C,6.5,6.5,False,True
32,TEAM YANGTUO,Fabbian,C,6.0,6.0,False,True
32,TEAM YANGTUO,Lovric,C,6.0,6.0,False,True
32,TEAM YANGTUO,Lazaro,D,5.5,5.5,False,True
32,TEAM YANGTUO,Zortea,D,6.0,6.0,False,True
32,TEAM YANGTUO,Adams C.,A,5.5,5.5,False,True
32,TEAM GLIDER,De Gea,P,6.0,7.0,True,False
32,TEAM GLIDER,Siebert,D,6.5,6.5,True,False
32,TEAM GLIDER,N'Dicka,D,6.0,6.0,True,False
32,TEAM GLIDER,Bremer,D,6.5,6.5,True,False
32,TEAM GLIDER,Rrahmani,D,6.5,6.5,True,False
32,TEAM GLIDER,McTominay,C,7.5,9.5,True,False
32,TEAM GLIDER,Zaniolo,C,6.0,6.0,True,False
32,TEAM GLIDER,Isaksen,C,6.5,6.5,True,False
32,TEAM GLIDER,Nicolussi Caviglia,C,6.5,6.5,True,False
32,TEAM GLIDER,Douvikas,A,7.0,11.0,True,False
32,TEAM GLIDER,Castro S.,A,5.5,5.5,True,False
32,TEAM GLIDER,Christensen O.,P,,,False,True
32,TEAM GLIDER,Lezzerini,P,,,False,True
32,TEAM GLIDER,De Winter,D,,,False,True
32,TEAM GLIDER,Ahanor,D,,,False,True
32,TEAM GLIDER,Rugani,D,6.0,6.0,False,True
32,TEAM GLIDER,Zè Pedro,D,6.0,6.0,False,True
32,TEAM GLIDER,Elmas,C,,,False,True
32,TEAM GLIDER,Miretti,C,,,False,True
32,TEAM GLIDER,Zaragoza,C,,,False,True
32,TEAM GLIDER,Loftus-Cheek,C,,,False,True
32,TEAM GLIDER,David,A,6.0,6.0,False,True
32,TEAM GLIDER,Openda,A,,,False,True
32,TEAM GLIDER,Sarr A.,A,5.5,5.5,False,True
32,TEAM GLIDER,Dominguez B.,A,,,False,True
33,ASS ASS IN FC,Maignan,P,5.5,3.5,True,False
33,ASS ASS IN FC,Bartesaghi,D,,,False,False
33,ASS ASS IN FC,Buongiorno,D,6.5,6.5,True,False
33,ASS ASS IN FC,Tomori,D,4.5,3.5,True,False
33,ASS ASS IN FC,Lucumì,D,6.5,6.5,True,False
33,ASS ASS IN FC,Volpato,C,6.0,5.5,True,False
33,ASS ASS IN FC,Santos A.,C,6.0,6.0,True,False
33,ASS ASS IN FC,Barella,C,7.0,7.0,True,False
33,ASS ASS IN FC,Pasalic,C,6.0,6.0,True,False
33,ASS ASS IN FC,Leao,A,5.0,5.0,True,False
33,ASS ASS IN FC,Simeone,A,5.0,5.0,True,False
33,ASS ASS IN FC,Terracciano,P,,,False,True
33,ASS ASS IN FC,Torriani,P,,,False,True
33,ASS ASS IN FC,Comuzzo,D,5.5,5.5,True,True
33,ASS ASS IN FC,Ghilardi,D,6.0,6.0,False,True
33,ASS ASS IN FC,Ziolkowski,D,,,False,True
33,ASS ASS IN FC,Gosens,D,4.5,4.5,False,True
33,ASS ASS IN FC,Malinovskyi,C,6.0,6.0,False,True
33,ASS ASS IN FC,Zambo Anguissa,C,5.5,5.5,False,True
33,ASS ASS IN FC,Venturino,C,,,False,True
33,ASS ASS IN FC,Prati,C,6.0,6.0,False,True
33,ASS ASS IN FC,Dybala,A,6.0,6.0,False,True
33,ASS ASS IN FC,Davis K.,A,,,False,True
33,ASS ASS IN FC,Zapata D.,A,,,False,True
33,ASS ASS IN FC,Addai,A,,,False,True
33,TEAM HAIR FLICK,Butez,P,6.0,7.0,True,False
33,TEAM HAIR FLICK,Rensch,D,,,False,False
33,TEAM HAIR FLICK,Kelly L.,D,6.0,6.0,True,False
33,TEAM HAIR FLICK,Bisseck,D,6.0,6.0,True,False
33,TEAM HAIR FLICK,Scalvini,D,6.0,6.0,True,False
33,TEAM HAIR FLICK,Ondrejka,C,,,False,False
33,TEAM HAIR FLICK,Thuram K.,C,6.0,6.0,True,False
33,TEAM HAIR FLICK,Pulisic,C,5.0,5.0,True,False
33,TEAM HAIR FLICK,Bernardeschi,C,6.5,6.5,True,False
33,TEAM HAIR FLICK,Bonny,A,6.0,6.0,True,False
33,TEAM HAIR FLICK,Nkunku,A,5.5,5.5,True,False
33,TEAM HAIR FLICK,Pellegrino M.,A,5.0,5.0,False,True
33,TEAM HAIR FLICK,Odgaard,C,5.0,5.0,True,True
33,TEAM HAIR FLICK,Ekkelenkamp,C,6.5,7.5,False,True
33,TEAM HAIR FLICK,Freuler,C,6.0,6.0,False,True
33,TEAM HAIR FLICK,Diego Carlos,D,6.0,6.0,True,True
33,TEAM HAIR FLICK,Gatti,D,,,False,True
33,TEAM HAIR FLICK,Vojvoda,D,,,False,True
33,TEAM HAIR FLICK,Gutierrez,D,5.5,5.5,False,True
33,TEAM HAIR FLICK,Tornqvist,P,,,False,True
33,TEAM HAIR FLICK,Cavlina,P,,,False,True
33,TEAM HAIR FLICK,Dallinga,A,,,False,True
33,TEAM HAIR FLICK,Ferguson E.,A,,,False,True
33,TEAM HAIR FLICK,Kean,A,,,False,True
33,TEAM HAIR FLICK,Bakola,C,,,False,True
33,CHELSEA,Di Gregorio,P,6.0,5.0,True,False
33,CHELSEA,Martin,D,,,False,False
33,CHELSEA,Hermoso,D,7.5,11.0,True,False
33,CHELSEA,Luperto,D,6.0,6.0,True,False
33,CHELSEA,Zalewski,C,6.0,6.0,True,False
33,CHELSEA,Vlasic,C,5.5,5.5,True,False
33,CHELSEA,Pisilli,C,8.0,12.0,True,False
33,CHELSEA,Orsolini,C,5.5,5.5,True,False
33,CHELSEA,Yildiz,A,5.5,5.5,True,False
33,CHELSEA,Boga,A,5.5,5.5,True,False
33,CHELSEA,Berardi,A,7.0,11.0,True,False
33,CHELSEA,Perin,P,,,False,True
33,CHELSEA,Pinsoglio,P,,,False,True
33,CHELSEA,Ramon,D,6.5,6.0,True,True
33,CHELSEA,Terracciano F.,D,5.0,5.0,False,True
33,CHELSEA,Circati,D,5.5,5.5,False,True
33,CHELSEA,Ebosse,D,5.5,5.5,False,True
33,CHELSEA,Lirola,D,,,False,True
33,CHELSEA,Fagioli,C,4.5,4.5,False,True
33,CHELSEA,Lobotka,C,6.0,6.0,False,True
33,CHELSEA,Tourè I.,C,6.0,6.0,False,True
33,CHELSEA,Martinez L.,A,6.5,7.5,False,True
33,CHELSEA,Djuric,A,,,False,True
33,CHELSEA,Durosinmi,A,,,False,True
33,VINCENZO,Carnesecchi,P,6.0,7.0,True,False
33,VINCENZO,Kalulu,D,6.0,6.0,True,False
33,VINCENZO,Akanji,D,6.5,6.5,True,False
33,VINCENZO,Palestra,D,6.0,6.0,True,False
33,VINCENZO,McKennie,C,5.5,5.5,True,False
33,VINCENZO,Locatelli,C,5.5,5.0,True,False
33,VINCENZO,Taylor K.,C,5.5,5.5,True,False
33,VINCENZO,Atta,C,6.0,6.0,True,False
33,VINCENZO,Diao,A,6.0,6.0,True,False
33,VINCENZO,Scamacca,A,5.5,5.5,True,False
33,VINCENZO,Soulè,A,6.5,6.5,True,False
33,VINCENZO,Sportiello,P,,,False,True
33,VINCENZO,Rossi F.,P,,,False,True
33,VINCENZO,Esposito F.P.,A,6.0,6.0,False,True
33,VINCENZO,Rodriguez Je.,A,,,False,True
33,VINCENZO,Kilicsoy,A,,,False,True
33,VINCENZO,Sucic P.,C,5.5,5.5,False,True
33,VINCENZO,Miller L.,C,6.0,7.0,False,True
33,VINCENZO,Rovella,C,6.5,6.5,False,True
33,VINCENZO,Vergara,C,,,False,True
33,VINCENZO,Muharemovic,D,6.5,6.5,False,True
33,VINCENZO,Dodò,D,4.5,4.5,False,True
33,VINCENZO,Juan Jesus,D,,,False,True
33,VINCENZO,Marianucci,D,5.5,5.5,False,True
33,VINCENZO,Bernasconi,D,,,False,True
33,TEAM GLIDER,De Gea,P,6.0,2.0,True,False
33,TEAM GLIDER,Siebert,D,6.0,6.0,True,False
33,TEAM GLIDER,N'Dicka,D,6.0,6.0,True,False
33,TEAM GLIDER,Bremer,D,5.5,5.5,True,False
33,TEAM GLIDER,Nicolussi Caviglia,C,5.5,5.5,True,False
33,TEAM GLIDER,McTominay,C,5.5,5.5,True,False
33,TEAM GLIDER,Zaniolo,C,7.0,7.0,True,False
33,TEAM GLIDER,Isaksen,C,7.0,10.0,True,False
33,TEAM GLIDER,David,A,5.0,5.0,True,False
33,TEAM GLIDER,Douvikas,A,5.0,5.0,True,False
33,TEAM GLIDER,Castro S.,A,5.5,5.0,True,False
33,TEAM GLIDER,Christensen O.,P,,,False,True
33,TEAM GLIDER,Lezzerini,P,,,False,True
33,TEAM GLIDER,Rrahmani,D,7.0,7.0,False,True
33,TEAM GLIDER,Zè Pedro,D,5.5,5.5,False,True
33,TEAM GLIDER,De Winter,D,,,False,True
33,TEAM GLIDER,Ahanor,D,6.5,6.5,False,True
33,TEAM GLIDER,Rugani,D,,,False,True
33,TEAM GLIDER,Elmas,C,,,False,True
33,TEAM GLIDER,Miretti,C,5.5,5.5,False,True
33,TEAM GLIDER,Zaragoza,C,,,False,True
33,TEAM GLIDER,Loftus-Cheek,C,5.5,5.0,False,True
33,TEAM GLIDER,Openda,A,,,False,True
33,TEAM GLIDER,Sarr A.,A,,,False,True
33,TEAM GLIDER,Dominguez B.,A,5.5,5.5,False,True
33,TOMATO,Sommer,P,6.0,7.0,True,False
33,TOMATO,Miranda J.,D,5.5,5.5,True,False
33,TOMATO,Heggem,D,,,False,False
33,TOMATO,Solet,D,7.0,7.0,True,False
33,TOMATO,Tiago Gabriel,D,7.0,7.0,True,False
33,TOMATO,Conceicao,C,7.0,7.0,True,False
33,TOMATO,Baturina,C,6.0,6.0,True,False
33,TOMATO,Rowe,C,6.0,6.0,True,False
33,TOMATO,Mkhitaryan,C,7.0,10.0,True,False
33,TOMATO,Thuram,A,6.5,10.5,True,False
33,TOMATO,Raspadori,A,6.0,6.0,True,False
33,TOMATO,Martinez Jo.,P,,,False,True
33,TOMATO,Di Gennaro,P,,,False,True
33,TOMATO,Belghali,D,5.5,5.5,True,True
33,TOMATO,Holm,D,,,False,True
33,TOMATO,Gudmundsson A.,C,5.0,5.0,False,True
33,TOMATO,Konè M.,C,7.0,8.0,False,True
33,TOMATO,Jashari,C,5.0,5.0,False,True
33,TOMATO,Zaccagni,C,5.5,5.5,False,True
33,TOMATO,Lukaku,A,,,False,True
33,TOMATO,Olivera,D,,,False,True
33,TOMATO,Bellanova,D,,,False,True
33,TOMATO,Colombo,A,5.5,5.5,False,True
33,TOMATO,Piccoli,A,,,False,True
33,TOMATO,Dia,A,6.5,7.5,False,True
33,PAUL POGSHAO,Ravaglia F.,P,,,False,False
33,PAUL POGSHAO,Dimarco,D,6.5,6.5,True,False
33,PAUL POGSHAO,Mancini,D,7.0,11.0,True,False
33,PAUL POGSHAO,Wesley,D,7.0,10.0,True,False
33,PAUL POGSHAO,Dumfries,D,6.0,6.0,True,False
33,PAUL POGSHAO,Paz N.,C,6.5,6.5,True,False
33,PAUL POGSHAO,Perrone,C,6.0,6.0,True,False
33,PAUL POGSHAO,Cristante,C,6.5,6.5,True,False
33,PAUL POGSHAO,Da Cunha,C,6.5,6.5,True,False
33,PAUL POGSHAO,Laurientè,A,8.0,12.0,True,False
33,PAUL POGSHAO,Fullkrug,A,,,False,False
33,PAUL POGSHAO,Skorupski,P,,,False,True
33,PAUL POGSHAO,Pessina Mas.,P,6.0,7.0,True,True
33,PAUL POGSHAO,Cambiaso,D,6.0,6.0,False,True
33,PAUL POGSHAO,Kempf,D,,,False,True
33,PAUL POGSHAO,Bozhinov,D,5.0,5.0,False,True
33,PAUL POGSHAO,Hien,D,6.0,6.0,False,True
33,PAUL POGSHAO,Koopmeiners,C,,,False,True
33,PAUL POGSHAO,Stengs,C,,,False,True
33,PAUL POGSHAO,Oristanio,C,,,False,True
33,PAUL POGSHAO,El Aynaoui,C,,,False,True
33,PAUL POGSHAO,Giovane,A,,,False,True
33,PAUL POGSHAO,Ratkov,A,,,False,True
33,PAUL POGSHAO,Elphege,A,6.0,6.0,True,True
33,PAUL POGSHAO,Vardy,A,5.5,5.5,False,True
33,BOBOTOTTI,Milinkovic-Savic V.,P,7.0,8.0,True,False
33,BOBOTOTTI,Gallo,D,6.5,6.5,True,False
33,BOBOTOTTI,Gabbia,D,5.0,5.0,True,False
33,BOBOTOTTI,Kristensen T.,D,7.0,10.0,True,False
33,BOBOTOTTI,Valle,D,5.5,5.5,True,False
33,BOBOTOTTI,Maldini,C,5.5,5.5,True,False
33,BOBOTOTTI,De Bruyne,C,5.0,5.0,True,False
33,BOBOTOTTI,Saelemaekers,C,5.5,5.5,True,False
33,BOBOTOTTI,Krstovic,A,5.5,5.0,True,False
33,BOBOTOTTI,Vlahovic,A,7.0,11.0,True,False
33,BOBOTOTTI,Esposito Se.,A,6.5,6.5,True,False
33,BOBOTOTTI,Meret,P,,,False,True
33,BOBOTOTTI,Contini,P,,,False,True
33,BOBOTOTTI,Coco,D,5.5,5.5,False,True
33,BOBOTOTTI,Vasquez,D,6.5,6.5,False,True
33,BOBOTOTTI,Delprato,D,5.5,5.5,False,True
33,BOBOTOTTI,Valeri,D,6.0,6.0,False,True
33,BOBOTOTTI,Zhegrova,C,6.5,6.5,False,True
33,BOBOTOTTI,Frendrup,C,6.0,6.0,False,True
33,BOBOTOTTI,Bernabè,C,6.0,6.0,False,True
33,BOBOTOTTI,Modric,C,,,False,True
33,BOBOTOTTI,Pellegrini Lo.,C,,,False,True
33,BOBOTOTTI,Bonazzoli,A,7.0,10.0,False,True
33,BOBOTOTTI,Vitinha O.,A,6.0,6.0,False,True
33,BOBOTOTTI,Cheddira,A,7.5,12.0,False,True
33,TEAM WOLFLING,Motta,P,5.0,4.0,True,False
33,TEAM WOLFLING,Spinazzola,D,,,False,False
33,TEAM WOLFLING,Pavlovic,D,6.0,6.0,True,False
33,TEAM WOLFLING,Angori,D,6.5,6.5,True,False
33,TEAM WOLFLING,Ostigard,D,7.0,7.0,True,False
33,TEAM WOLFLING,Bastoni,D,6.0,6.0,True,False
33,TEAM WOLFLING,Mandragora,C,,,False,False
33,TEAM WOLFLING,Ederson D.S.,C,6.0,5.5,True,False
33,TEAM WOLFLING,Zielinski,C,6.5,7.0,True,False
33,TEAM WOLFLING,De Ketelaere,A,6.5,6.5,True,False
33,TEAM WOLFLING,Malen,A,7.0,8.0,True,False
33,TEAM WOLFLING,Provedel,P,,,False,True
33,TEAM WOLFLING,Furlanetto,P,,,False,True
33,TEAM WOLFLING,Baschirotto,D,6.0,6.0,True,True
33,TEAM WOLFLING,Djimsiti,D,6.0,6.0,False,True
33,TEAM WOLFLING,Ndiaye,D,5.0,5.0,False,True
33,TEAM WOLFLING,Casadei,C,5.5,5.5,True,True
33,TEAM WOLFLING,Konè I.,C,6.5,6.5,False,True
33,TEAM WOLFLING,Brescianini,C,5.0,5.0,False,True
33,TEAM WOLFLING,Marchwinski,C,,,False,True
33,TEAM WOLFLING,Cornet,C,,,False,True
33,TEAM WOLFLING,Morata,A,,,False,True
33,TEAM WOLFLING,Arena A.,A,,,False,True
33,TEAM WOLFLING,Milik,A,,,False,True
33,TEAM WOLFLING,Pavoletti,A,,,False,True
33,TEAM YANGTUO,Svilar,P,6.0,7.0,True,False
33,TEAM YANGTUO,Lazaro,D,6.0,6.0,True,False
33,TEAM YANGTUO,Zappacosta,D,5.5,5.5,True,False
33,TEAM YANGTUO,Celik,D,6.5,6.5,True,False
33,TEAM YANGTUO,Zortea,D,,,False,False
33,TEAM YANGTUO,Rabiot,C,5.0,5.0,True,False
33,TEAM YANGTUO,Politano,C,6.5,6.0,True,False
33,TEAM YANGTUO,Thorstvedt,C,7.5,8.5,True,False
33,TEAM YANGTUO,Buksa,A,5.5,5.5,True,False
33,TEAM YANGTUO,Pinamonti,A,,,False,False
33,TEAM YANGTUO,Hojlund,A,5.5,5.5,True,False
33,TEAM YANGTUO,Gollini,P,,,False,True
33,TEAM YANGTUO,Zelezny,P,,,False,True
33,TEAM YANGTUO,Norton-Cuffy,D,,,False,True
33,TEAM YANGTUO,Garcia U.,D,6.5,6.0,True,True
33,TEAM YANGTUO,Frese,D,6.5,6.0,False,True
33,TEAM YANGTUO,Bowie,A,7.0,10.0,True,True
33,TEAM YANGTUO,Solomon,A,5.0,5.0,False,True
33,TEAM YANGTUO,Lovric,C,6.0,6.0,False,True
33,TEAM YANGTUO,Gandelman,C,,,False,True
33,TEAM YANGTUO,Strefezza,C,6.5,6.5,False,True
33,TEAM YANGTUO,Fabbian,C,,,False,True
34,TEAM HAIR FLICK,Butez,P,6.0,7.0,True,False
34,TEAM HAIR FLICK,Gutierrez,D,6.0,6.0,True,False
34,TEAM HAIR FLICK,Kelly L.,D,6.5,6.5,True,False
34,TEAM HAIR FLICK,Diego Carlos,D,6.0,6.0,True,False
34,TEAM HAIR FLICK,Bisseck,D,6.5,6.5,True,False
34,TEAM HAIR FLICK,Vojvoda,D,5.5,5.5,True,False
34,TEAM HAIR FLICK,Thuram K.,C,,,False,False
34,TEAM HAIR FLICK,Pulisic,C,,,False,False
34,TEAM HAIR FLICK,Bernardeschi,C,7.0,9.5,True,False
34,TEAM HAIR FLICK,Bonny,A,6.5,7.5,True,False
34,TEAM HAIR FLICK,Kean,A,,,False,False
34,TEAM HAIR FLICK,Nkunku,A,7.0,9.0,True,True
34,TEAM HAIR FLICK,Dallinga,A,,,False,True
34,TEAM HAIR FLICK,Pellegrino M.,A,6.0,6.0,False,True
34,TEAM HAIR FLICK,Bakola,C,,,False,True
34,TEAM HAIR FLICK,Odgaard,C,,,False,True
34,TEAM HAIR FLICK,Freuler,C,5.0,5.0,True,True
34,TEAM HAIR FLICK,Ondrejka,C,,,False,True
34,TEAM HAIR FLICK,Gatti,D,,,False,True
34,TEAM HAIR FLICK,Rensch,D,7.5,10.5,False,True
34,TEAM HAIR FLICK,Scalvini,D,6.0,6.0,False,True
34,TEAM HAIR FLICK,Tornqvist,P,,,False,True
34,TEAM HAIR FLICK,Cavlina,P,,,False,True
34,TEAM HAIR FLICK,Ferguson E.,A,,,False,True
34,TEAM HAIR FLICK,Ekkelenkamp,C,,,False,True
34,TEAM WOLFLING,Motta,P,6.0,3.0,True,False
34,TEAM WOLFLING,Spinazzola,D,5.5,5.5,True,False
34,TEAM WOLFLING,Pavlovic,D,6.0,9.0,True,False
34,TEAM WOLFLING,Angori,D,6.0,6.0,True,False
34,TEAM WOLFLING,Ostigard,D,6.5,6.5,True,False
34,TEAM WOLFLING,Bastoni,D,6.0,6.0,True,False
34,TEAM WOLFLING,Mandragora,C,5.5,5.5,True,False
34,TEAM WOLFLING,Ederson D.S.,C,7.5,11.5,True,False
34,TEAM WOLFLING,Zielinski,C,,,False,False
34,TEAM WOLFLING,De Ketelaere,A,6.5,6.5,True,False
34,TEAM WOLFLING,Malen,A,7.5,13.5,True,False
34,TEAM WOLFLING,Provedel,P,,,False,True
34,TEAM WOLFLING,Furlanetto,P,,,False,True
34,TEAM WOLFLING,Baschirotto,D,,,False,True
34,TEAM WOLFLING,Djimsiti,D,,,False,True
34,TEAM WOLFLING,Ndiaye,D,,,False,True
34,TEAM WOLFLING,Casadei,C,,,False,True
34,TEAM WOLFLING,Konè I.,C,6.0,6.0,True,True
34,TEAM WOLFLING,Brescianini,C,6.0,6.0,False,True
34,TEAM WOLFLING,Marchwinski,C,,,False,True
34,TEAM WOLFLING,Cornet,C,,,False,True
34,TEAM WOLFLING,Morata,A,,,False,True
34,TEAM WOLFLING,Arena A.,A,,,False,True
34,TEAM WOLFLING,Milik,A,,,False,True
34,TEAM WOLFLING,Pavoletti,A,,,False,True
34,PAUL POGSHAO,Ravaglia F.,P,,,False,False
34,PAUL POGSHAO,Dimarco,D,,,False,False
34,PAUL POGSHAO,Mancini,D,5.5,5.5,True,False
34,PAUL POGSHAO,Wesley,D,5.5,5.5,True,False
34,PAUL POGSHAO,Dumfries,D,6.0,6.0,True,False
34,PAUL POGSHAO,Paz N.,C,6.0,6.0,True,False
34,PAUL POGSHAO,Perrone,C,5.0,5.0,True,False
34,PAUL POGSHAO,Cristante,C,6.0,6.0,True,False
34,PAUL POGSHAO,Da Cunha,C,6.5,6.5,True,False
34,PAUL POGSHAO,Laurientè,A,5.5,5.5,True,False
34,PAUL POGSHAO,Vardy,A,7.0,11.0,True,False
34,PAUL POGSHAO,Skorupski,P,,,False,True
34,PAUL POGSHAO,Pessina Mas.,P,6.0,4.0,True,True
34,PAUL POGSHAO,Kempf,D,6.5,7.5,True,True
34,PAUL POGSHAO,Cambiaso,D,6.5,7.5,False,True
34,PAUL POGSHAO,Bozhinov,D,4.0,3.0,False,True
34,PAUL POGSHAO,Hien,D,6.5,6.0,False,True
34,PAUL POGSHAO,El Aynaoui,C,6.0,6.0,False,True
34,PAUL POGSHAO,Koopmeiners,C,5.5,5.5,False,True
34,PAUL POGSHAO,Stengs,C,,,False,True
34,PAUL POGSHAO,Oristanio,C,,,False,True
34,PAUL POGSHAO,Giovane,A,6.5,6.5,False,True
34,PAUL POGSHAO,Fullkrug,A,6.0,6.0,False,True
34,PAUL POGSHAO,Ratkov,A,,,False,True
34,PAUL POGSHAO,Elphege,A,5.5,5.5,False,True
34,ASS ASS IN FC,Maignan,P,5.5,2.5,True,False
34,ASS ASS IN FC,Gosens,D,6.0,6.0,True,False
34,ASS ASS IN FC,Buongiorno,D,5.5,5.5,True,False
34,ASS ASS IN FC,Lucumì,D,6.0,5.5,True,False
34,ASS ASS IN FC,Ghilardi,D,6.5,6.5,True,False
34,ASS ASS IN FC,Volpato,C,6.5,6.5,True,False
34,ASS ASS IN FC,Santos A.,C,7.0,10.0,True,False
34,ASS ASS IN FC,Barella,C,6.5,6.5,True,False
34,ASS ASS IN FC,Malinovskyi,C,6.0,6.0,True,False
34,ASS ASS IN FC,Leao,A,4.5,4.0,True,False
34,ASS ASS IN FC,Davis K.,A,6.0,7.0,True,False
34,ASS ASS IN FC,Terracciano,P,,,False,True
34,ASS ASS IN FC,Torriani,P,,,False,True
34,ASS ASS IN FC,Comuzzo,D,,,False,True
34,ASS ASS IN FC,Bartesaghi,D,5.0,5.0,False,True
34,ASS ASS IN FC,Ziolkowski,D,,,False,True
34,ASS ASS IN FC,Tomori,D,,,False,True
34,ASS ASS IN FC,Pasalic,C,5.5,5.5,False,True
34,ASS ASS IN FC,Zambo Anguissa,C,,,False,True
34,ASS ASS IN FC,Venturino,C,6.0,6.0,False,True
34,ASS ASS IN FC,Prati,C,5.5,5.0,False,True
34,ASS ASS IN FC,Dybala,A,7.0,8.0,False,True
34,ASS ASS IN FC,Simeone,A,7.0,10.0,False,True
34,ASS ASS IN FC,Zapata D.,A,7.0,8.0,False,True
34,ASS ASS IN FC,Addai,A,,,False,True
34,TOMATO,Martinez Jo.,P,6.0,7.0,True,False
34,TOMATO,Miranda J.,D,7.5,8.5,True,False
34,TOMATO,Tiago Gabriel,D,5.0,5.0,True,False
34,TOMATO,Solet,D,6.5,6.5,True,False
34,TOMATO,Conceicao,C,6.0,5.5,True,False
34,TOMATO,Konè M.,C,6.0,6.0,True,False
34,TOMATO,Gudmundsson A.,C,,,False,False
34,TOMATO,Mkhitaryan,C,7.0,9.5,True,False
34,TOMATO,Zaccagni,C,,,False,False
34,TOMATO,Thuram,A,7.0,8.0,True,False
34,TOMATO,Colombo,A,5.5,5.5,True,False
34,TOMATO,Di Gennaro,P,,,False,True
34,TOMATO,Holm,D,6.0,6.0,False,True
34,TOMATO,Jashari,C,,,False,True
34,TOMATO,Lukaku,A,,,False,True
34,TOMATO,Olivera,D,,,False,True
34,TOMATO,Bellanova,D,5.5,5.0,False,True
34,TOMATO,Raspadori,A,7.0,11.0,False,True
34,TOMATO,Baturina,C,6.5,6.5,True,True
34,TOMATO,Rowe,C,7.0,11.0,True,True
34,TOMATO,Belghali,D,6.0,6.0,False,True
34,TOMATO,Heggem,D,,,False,True
34,TOMATO,Sommer,P,,,False,True
34,TOMATO,Dia,A,5.5,5.5,False,True
34,TOMATO,Piccoli,A,5.5,5.5,False,True
34,VINCENZO,Carnesecchi,P,7.0,5.0,True,False
34,VINCENZO,Kalulu,D,6.0,6.0,True,False
34,VINCENZO,Akanji,D,,,False,False
34,VINCENZO,Palestra,D,5.5,5.5,True,False
34,VINCENZO,McKennie,C,6.0,6.0,True,False
34,VINCENZO,Locatelli,C,6.0,6.0,True,False
34,VINCENZO,Sucic P.,C,7.0,10.0,True,False
34,VINCENZO,Atta,C,6.0,6.0,True,False
34,VINCENZO,Diao,A,5.5,5.5,True,False
34,VINCENZO,Scamacca,A,,,False,False
34,VINCENZO,Soulè,A,5.5,5.5,True,False
34,VINCENZO,Sportiello,P,,,False,True
34,VINCENZO,Rossi F.,P,,,False,True
34,VINCENZO,Rodriguez Je.,A,6.5,6.5,True,True
34,VINCENZO,Kilicsoy,A,,,False,True
34,VINCENZO,Esposito F.P.,A,,,False,True
34,VINCENZO,Taylor K.,C,,,False,True
34,VINCENZO,Rovella,C,5.0,5.0,False,True
34,VINCENZO,Miller L.,C,6.0,6.0,False,True
34,VINCENZO,Vergara,C,,,False,True
34,VINCENZO,Muharemovic,D,5.0,5.0,True,True
34,VINCENZO,Dodò,D,6.0,6.0,False,True
34,VINCENZO,Marianucci,D,5.5,5.0,False,True
34,VINCENZO,Juan Jesus,D,,,False,True
34,VINCENZO,Bernasconi,D,,,False,True
34,BOBOTOTTI,Milinkovic-Savic V.,P,5.5,2.5,True,False
34,BOBOTOTTI,Vasquez,D,,,False,False
34,BOBOTOTTI,Gabbia,D,5.0,5.0,True,False
34,BOBOTOTTI,Kristensen T.,D,6.5,6.5,True,False
34,BOBOTOTTI,Valle,D,6.0,6.0,True,False
34,BOBOTOTTI,Zhegrova,C,,,False,False
34,BOBOTOTTI,De Bruyne,C,,,False,False
34,BOBOTOTTI,Saelemaekers,C,5.0,4.5,True,False
34,BOBOTOTTI,Bonazzoli,A,7.0,10.0,True,False
34,BOBOTOTTI,Vlahovic,A,7.0,11.0,True,False
34,BOBOTOTTI,Esposito Se.,A,6.0,6.0,True,False
34,BOBOTOTTI,Meret,P,,,False,True
34,BOBOTOTTI,Contini,P,,,False,True
34,BOBOTOTTI,Coco,D,6.0,6.0,True,True
34,BOBOTOTTI,Gallo,D,6.0,6.0,False,True
34,BOBOTOTTI,Delprato,D,5.0,5.0,False,True
34,BOBOTOTTI,Valeri,D,6.5,6.5,False,True
34,BOBOTOTTI,Maldini,C,,,False,True
34,BOBOTOTTI,Frendrup,C,6.0,6.0,True,True
34,BOBOTOTTI,Bernabè,C,,,False,True
34,BOBOTOTTI,Pellegrini Lo.,C,,,False,True
34,BOBOTOTTI,Modric,C,,,False,True
34,BOBOTOTTI,Vitinha O.,A,5.5,5.5,False,True
34,BOBOTOTTI,Krstovic,A,7.0,7.5,False,True
34,BOBOTOTTI,Cheddira,A,5.5,5.5,False,True
34,TEAM GLIDER,De Gea,P,6.5,7.5,True,False
34,TEAM GLIDER,De Winter,D,4.5,4.5,True,False
34,TEAM GLIDER,Rrahmani,D,5.5,5.5,True,False
34,TEAM GLIDER,Bremer,D,6.5,6.5,True,False
34,TEAM GLIDER,N'Dicka,D,5.0,5.0,True,False
34,TEAM GLIDER,McTominay,C,6.0,6.0,True,False
34,TEAM GLIDER,Zaniolo,C,6.0,6.0,True,False
34,TEAM GLIDER,Isaksen,C,6.0,6.0,True,False
34,TEAM GLIDER,Loftus-Cheek,C,5.0,5.0,True,False
34,TEAM GLIDER,Douvikas,A,7.0,11.0,True,False
34,TEAM GLIDER,David,A,,,False,False
34,TEAM GLIDER,Christensen O.,P,,,False,True
34,TEAM GLIDER,Lezzerini,P,,,False,True
34,TEAM GLIDER,Zè Pedro,D,6.0,5.5,False,True
34,TEAM GLIDER,Siebert,D,6.0,6.0,False,True
34,TEAM GLIDER,Ahanor,D,5.5,5.5,False,True
34,TEAM GLIDER,Rugani,D,,,False,True
34,TEAM GLIDER,Elmas,C,6.0,6.0,False,True
34,TEAM GLIDER,Miretti,C,,,False,True
34,TEAM GLIDER,Nicolussi Caviglia,C,7.0,8.0,False,True
34,TEAM GLIDER,Zaragoza,C,,,False,True
34,TEAM GLIDER,Castro S.,A,5.5,5.5,True,True
34,TEAM GLIDER,Openda,A,,,False,True
34,TEAM GLIDER,Sarr A.,A,,,False,True
34,TEAM GLIDER,Dominguez B.,A,,,False,True
34,TEAM YANGTUO,Svilar,P,6.0,4.0,True,False
34,TEAM YANGTUO,Lazaro,D,6.0,6.0,True,False
34,TEAM YANGTUO,Zappacosta,D,7.0,10.0,True,False
34,TEAM YANGTUO,Celik,D,6.0,6.0,True,False
34,TEAM YANGTUO,Fabbian,C,6.0,6.0,True,False
34,TEAM YANGTUO,Rabiot,C,5.5,5.5,True,False
34,TEAM YANGTUO,Politano,C,6.0,5.5,True,False
34,TEAM YANGTUO,Thorstvedt,C,6.5,9.0,True,False
34,TEAM YANGTUO,Solomon,A,6.0,6.0,True,False
34,TEAM YANGTUO,Pinamonti,A,5.5,5.5,True,False
34,TEAM YANGTUO,Hojlund,A,6.5,7.5,True,False
34,TEAM YANGTUO,Gollini,P,,,False,True
34,TEAM YANGTUO,Zelezny,P,,,False,True
34,TEAM YANGTUO,Garcia U.,D,,,False,True
34,TEAM YANGTUO,Zortea,D,6.0,6.0,False,True
34,TEAM YANGTUO,Frese,D,6.5,6.0,False,True
34,TEAM YANGTUO,Buksa,A,7.0,11.0,False,True
34,TEAM YANGTUO,Adams C.,A,,,False,True
34,TEAM YANGTUO,Bowie,A,6.0,6.0,False,True
34,TEAM YANGTUO,Gandelman,C,,,False,True
34,TEAM YANGTUO,Lovric,C,5.5,5.5,False,True
34,TEAM YANGTUO,Strefezza,C,7.0,9.5,False,True
34,CHELSEA,Di Gregorio,P,6.5,7.5,True,False
34,CHELSEA,Terracciano F.,D,6.5,6.5,True,False
34,CHELSEA,Hermoso,D,5.5,5.5,True,False
34,CHELSEA,Luperto,D,6.5,6.5,True,False
34,CHELSEA,Zalewski,C,6.5,6.5,True,False
34,CHELSEA,Vlasic,C,6.0,6.0,True,False
34,CHELSEA,Pisilli,C,5.5,5.5,True,False
34,CHELSEA,Orsolini,C,7.0,9.0,True,False
34,CHELSEA,Yildiz,A,6.0,6.0,True,False
34,CHELSEA,Martinez L.,A,7.5,12.5,True,False
34,CHELSEA,Berardi,A,6.0,6.0,True,False
34,CHELSEA,Perin,P,,,False,True
34,CHELSEA,Pinsoglio,P,,,False,True
34,CHELSEA,Circati,D,6.0,6.0,False,True
34,CHELSEA,Ebosse,D,6.5,7.5,False,True
34,CHELSEA,Lirola,D,,,False,True
34,CHELSEA,Fagioli,C,5.5,5.5,False,True
34,CHELSEA,Lobotka,C,6.0,6.0,False,True
34,CHELSEA,Tourè I.,C,5.5,5.5,False,True
34,CHELSEA,Boga,A,,,False,True
34,CHELSEA,Djuric,A,,,False,True
34,CHELSEA,Durosinmi,A,,,False,True
35,VINCENZO,Carnesecchi,P,6.5,5.5,True,False
35,VINCENZO,Palestra,D,6.5,6.5,True,False
35,VINCENZO,Muharemovic,D,5.5,5.0,True,False
35,VINCENZO,Akanji,D,,,False,False
35,VINCENZO,Kalulu,D,5.5,5.5,True,False
35,VINCENZO,Locatelli,C,5.5,5.5,True,False
35,VINCENZO,McKennie,C,5.5,5.5,True,False
35,VINCENZO,Atta,C,5.0,5.0,True,False
35,VINCENZO,Sucic P.,C,6.5,6.5,True,False
35,VINCENZO,Esposito F.P.,A,5.5,5.5,True,False
35,VINCENZO,Diao,A,5.5,5.5,True,False
35,VINCENZO,Sportiello,P,,,False,True
35,VINCENZO,Rossi F.,P,,,False,True
35,VINCENZO,Soulè,A,6.0,6.0,False,True
35,VINCENZO,Scamacca,A,,,False,True
35,VINCENZO,Rodriguez Je.,A,7.0,8.0,False,True
35,VINCENZO,Kilicsoy,A,,,False,True
35,VINCENZO,Taylor K.,C,5.5,5.0,False,True
35,VINCENZO,Vergara,C,,,False,True
35,VINCENZO,Rovella,C,4.5,3.5,False,True
35,VINCENZO,Miller L.,C,5.5,5.5,False,True
35,VINCENZO,Dodò,D,6.5,6.5,True,True
35,VINCENZO,Marianucci,D,5.5,5.5,False,True
35,VINCENZO,Juan Jesus,D,,,False,True
35,VINCENZO,Bernasconi,D,,,False,True
35,TEAM GLIDER,De Gea,P,7.0,8.0,True,False
35,TEAM GLIDER,Ahanor,D,6.0,6.0,True,False
35,TEAM GLIDER,Rrahmani,D,7.0,10.0,True,False
35,TEAM GLIDER,Bremer,D,6.0,5.5,True,False
35,TEAM GLIDER,N'Dicka,D,6.0,6.0,True,False
35,TEAM GLIDER,McTominay,C,7.0,11.0,True,False
35,TEAM GLIDER,Zaniolo,C,,,False,False
35,TEAM GLIDER,Isaksen,C,5.5,5.5,True,False
35,TEAM GLIDER,Loftus-Cheek,C,,,False,False
35,TEAM GLIDER,Douvikas,A,6.0,6.0,True,False
35,TEAM GLIDER,David,A,,,False,False
35,TEAM GLIDER,Christensen O.,P,,,False,True
35,TEAM GLIDER,Lezzerini,P,,,False,True
35,TEAM GLIDER,Zè Pedro,D,,,False,True
35,TEAM GLIDER,De Winter,D,5.0,5.0,False,True
35,TEAM GLIDER,Siebert,D,5.5,5.5,False,True
35,TEAM GLIDER,Rugani,D,,,False,True
35,TEAM GLIDER,Elmas,C,6.5,7.0,True,True
35,TEAM GLIDER,Miretti,C,,,False,True
35,TEAM GLIDER,Nicolussi Caviglia,C,6.0,6.0,True,True
35,TEAM GLIDER,Zaragoza,C,,,False,True
35,TEAM GLIDER,Castro S.,A,5.5,5.5,True,True
35,TEAM GLIDER,Openda,A,,,False,True
35,TEAM GLIDER,Sarr A.,A,6.0,6.0,False,True
35,TEAM GLIDER,Dominguez B.,A,,,False,True
35,TOMATO,Sommer,P,6.5,7.5,True,False
35,TOMATO,Miranda J.,D,6.5,6.5,True,False
35,TOMATO,Tiago Gabriel,D,5.5,5.0,True,False
35,TOMATO,Solet,D,6.5,6.5,True,False
35,TOMATO,Conceicao,C,6.0,6.0,True,False
35,TOMATO,Mkhitaryan,C,5.5,5.5,True,False
35,TOMATO,Baturina,C,6.5,6.5,True,False
35,TOMATO,Rowe,C,6.5,7.5,True,False
35,TOMATO,Dia,A,5.5,5.5,True,False
35,TOMATO,Colombo,A,5.5,5.5,True,False
35,TOMATO,Raspadori,A,5.5,5.5,True,False
35,TOMATO,Di Gennaro,P,6.0,5.0,False,True
35,TOMATO,Heggem,D,6.5,6.5,False,True
35,TOMATO,Holm,D,,,False,True
35,TOMATO,Jashari,C,6.0,6.0,False,True
35,TOMATO,Lukaku,A,,,False,True
35,TOMATO,Olivera,D,6.0,6.0,False,True
35,TOMATO,Bellanova,D,,,False,True
35,TOMATO,Belghali,D,6.0,6.0,False,True
35,TOMATO,Piccoli,A,6.0,6.0,False,True
35,TOMATO,Gudmundsson A.,C,6.0,5.5,False,True
35,TOMATO,Thuram,A,,,False,True
35,TOMATO,Martinez Jo.,P,,,False,True
35,ASS ASS IN FC,Maignan,P,6.5,5.5,True,False
35,ASS ASS IN FC,Gosens,D,5.5,5.5,True,False
35,ASS ASS IN FC,Buongiorno,D,5.5,5.5,True,False
35,ASS ASS IN FC,Tomori,D,6.0,5.5,True,False
35,ASS ASS IN FC,Ghilardi,D,,,False,False
35,ASS ASS IN FC,Santos A.,C,6.0,5.5,True,False
35,ASS ASS IN FC,Barella,C,,,False,False
35,ASS ASS IN FC,Malinovskyi,C,5.5,5.5,True,False
35,ASS ASS IN FC,Simeone,A,5.0,5.0,True,False
35,ASS ASS IN FC,Davis K.,A,5.5,5.5,True,False
35,ASS ASS IN FC,Dybala,A,7.0,8.0,True,False
35,ASS ASS IN FC,Terracciano,P,,,False,True
35,ASS ASS IN FC,Torriani,P,,,False,True
35,ASS ASS IN FC,Comuzzo,D,6.5,6.5,True,True
35,ASS ASS IN FC,Bartesaghi,D,6.0,6.0,False,True
35,ASS ASS IN FC,Ziolkowski,D,,,False,True
35,ASS ASS IN FC,Lucumì,D,,,False,True
35,ASS ASS IN FC,Zambo Anguissa,C,,,False,True
35,ASS ASS IN FC,Volpato,C,5.0,5.0,True,True
35,ASS ASS IN FC,Pasalic,C,5.5,5.0,False,True
35,ASS ASS IN FC,Venturino,C,,,False,True
35,ASS ASS IN FC,Prati,C,5.5,6.0,False,True
35,ASS ASS IN FC,Zapata D.,A,5.5,5.5,False,True
35,ASS ASS IN FC,Addai,A,,,False,True
35,ASS ASS IN FC,Leao,A,,,False,True
35,TEAM YANGTUO,Svilar,P,6.0,7.0,True,False
35,TEAM YANGTUO,Zortea,D,,,False,False
35,TEAM YANGTUO,Zappacosta,D,5.5,5.5,True,False
35,TEAM YANGTUO,Celik,D,6.0,6.0,True,False
35,TEAM YANGTUO,Garcia U.,D,5.5,6.5,True,False
35,TEAM YANGTUO,Rabiot,C,6.0,6.0,True,False
35,TEAM YANGTUO,Calhanoglu,C,,,False,False
35,TEAM YANGTUO,Thorstvedt,C,6.0,6.0,True,False
35,TEAM YANGTUO,Solomon,A,6.5,7.5,True,False
35,TEAM YANGTUO,Pinamonti,A,7.0,10.0,True,False
35,TEAM YANGTUO,Hojlund,A,7.5,11.5,True,False
35,TEAM YANGTUO,Gollini,P,,,False,True
35,TEAM YANGTUO,Zelezny,P,,,False,True
35,TEAM YANGTUO,Lazaro,D,,,False,True
35,TEAM YANGTUO,Frese,D,6.0,6.0,True,True
35,TEAM YANGTUO,Buksa,A,5.5,5.5,False,True
35,TEAM YANGTUO,Adams C.,A,5.5,5.5,False,True
35,TEAM YANGTUO,Bowie,A,6.5,10.5,False,True
35,TEAM YANGTUO,Gandelman,C,6.5,7.5,True,True
35,TEAM YANGTUO,Strefezza,C,5.0,5.0,False,True
35,TEAM YANGTUO,Fabbian,C,,,False,True
35,TEAM YANGTUO,Lovric,C,6.0,6.0,False,True
35,PAUL POGSHAO,Skorupski,P,6.5,7.5,True,False
35,PAUL POGSHAO,Dimarco,D,5.5,5.5,True,False
35,PAUL POGSHAO,Mancini,D,8.0,15.0,True,False
35,PAUL POGSHAO,Wesley,D,5.0,4.0,True,False
35,PAUL POGSHAO,Dumfries,D,,,False,False
35,PAUL POGSHAO,Paz N.,C,,,False,False
35,PAUL POGSHAO,Perrone,C,6.5,6.5,True,False
35,PAUL POGSHAO,Da Cunha,C,6.5,6.5,True,False
35,PAUL POGSHAO,Laurientè,A,7.0,10.0,True,False
35,PAUL POGSHAO,Vardy,A,7.0,11.0,True,False
35,PAUL POGSHAO,Giovane,A,,,False,False
35,PAUL POGSHAO,Ravaglia F.,P,,,False,True
35,PAUL POGSHAO,Pessina Mas.,P,,,False,True
35,PAUL POGSHAO,Kempf,D,6.5,6.5,True,True
35,PAUL POGSHAO,Cambiaso,D,5.5,5.5,False,True
35,PAUL POGSHAO,Bozhinov,D,,,False,True
35,PAUL POGSHAO,Hien,D,,,False,True
35,PAUL POGSHAO,Cristante,C,6.5,6.5,True,True
35,PAUL POGSHAO,El Aynaoui,C,6.0,6.0,False,True
35,PAUL POGSHAO,Koopmeiners,C,5.0,5.0,False,True
35,PAUL POGSHAO,Stengs,C,,,False,True
35,PAUL POGSHAO,Oristanio,C,,,False,True
35,PAUL POGSHAO,Fullkrug,A,6.0,6.0,True,True
35,PAUL POGSHAO,Ratkov,A,,,False,True
35,PAUL POGSHAO,Elphege,A,5.5,5.5,False,True
35,CHELSEA,Di Gregorio,P,5.5,3.5,True,False
35,CHELSEA,Martin,D,,,False,False
35,CHELSEA,Hermoso,D,6.5,6.0,True,False
35,CHELSEA,Ramon,D,6.5,6.0,True,False
35,CHELSEA,Zalewski,C,5.5,5.5,True,False
35,CHELSEA,Pisilli,C,6.5,7.5,True,False
35,CHELSEA,Baldanzi,C,6.0,6.0,True,False
35,CHELSEA,Orsolini,C,7.0,11.0,True,False
35,CHELSEA,Yildiz,A,5.5,5.5,True,False
35,CHELSEA,Martinez L.,A,5.5,5.5,True,False
35,CHELSEA,Berardi,A,6.5,6.5,True,False
35,CHELSEA,Perin,P,,,False,True
35,CHELSEA,Pinsoglio,P,,,False,True
35,CHELSEA,Ebosse,D,5.5,5.5,True,True
35,CHELSEA,Circati,D,5.5,5.5,False,True
35,CHELSEA,Terracciano F.,D,6.5,6.5,False,True
35,CHELSEA,Luperto,D,6.5,6.5,False,True
35,CHELSEA,Lirola,D,,,False,True
35,CHELSEA,Vlasic,C,5.5,5.5,False,True
35,CHELSEA,Fagioli,C,6.5,6.5,False,True
35,CHELSEA,Lobotka,C,6.5,6.5,False,True
35,CHELSEA,Tourè I.,C,5.5,5.5,False,True
35,CHELSEA,Boga,A,6.0,6.0,False,True
35,CHELSEA,Djuric,A,,,False,True
35,CHELSEA,Durosinmi,A,,,False,True
35,TEAM WOLFLING,Furlanetto,P,6.5,4.5,True,False
35,TEAM WOLFLING,Spinazzola,D,6.0,6.0,True,False
35,TEAM WOLFLING,Pavlovic,D,6.0,6.0,True,False
35,TEAM WOLFLING,Bastoni,D,,,False,False
35,TEAM WOLFLING,Djimsiti,D,6.0,6.0,True,False
35,TEAM WOLFLING,Casadei,C,6.0,6.0,True,False
35,TEAM WOLFLING,Konè I.,C,5.5,5.5,True,False
35,TEAM WOLFLING,Ederson D.S.,C,6.0,6.0,True,False
35,TEAM WOLFLING,Zielinski,C,6.0,6.0,True,False
35,TEAM WOLFLING,De Ketelaere,A,6.0,6.0,True,False
35,TEAM WOLFLING,Malen,A,6.5,6.5,True,False
35,TEAM WOLFLING,Motta,P,,,False,True
35,TEAM WOLFLING,Provedel,P,,,False,True
35,TEAM WOLFLING,Angori,D,5.0,5.0,True,True
35,TEAM WOLFLING,Ndiaye,D,,,False,True
35,TEAM WOLFLING,Baschirotto,D,,,False,True
35,TEAM WOLFLING,Brescianini,C,6.0,6.0,False,True
35,TEAM WOLFLING,Mandragora,C,7.0,10.0,False,True
35,TEAM WOLFLING,Marchwinski,C,,,False,True
35,TEAM WOLFLING,Cornet,C,,,False,True
35,TEAM WOLFLING,Morata,A,,,False,True
35,TEAM WOLFLING,Arena A.,A,,,False,True
35,TEAM WOLFLING,Milik,A,,,False,True
35,TEAM WOLFLING,Pavoletti,A,,,False,True
35,TEAM HAIR FLICK,Butez,P,6.5,7.5,True,False
35,TEAM HAIR FLICK,Gutierrez,D,,,False,False
35,TEAM HAIR FLICK,Kelly L.,D,6.0,6.0,True,False
35,TEAM HAIR FLICK,Bisseck,D,,,False,False
35,TEAM HAIR FLICK,Rensch,D,6.0,6.0,True,False
35,TEAM HAIR FLICK,Bernardeschi,C,5.5,5.5,True,False
35,TEAM HAIR FLICK,Thuram K.,C,5.5,5.5,True,False
35,TEAM HAIR FLICK,Pulisic,C,6.5,7.5,True,False
35,TEAM HAIR FLICK,Nkunku,A,7.0,9.0,True,False
35,TEAM HAIR FLICK,Dallinga,A,6.0,6.0,True,False
35,TEAM HAIR FLICK,Bonny,A,6.5,6.5,True,False
35,TEAM HAIR FLICK,Pellegrino M.,A,5.5,5.5,False,True
35,TEAM HAIR FLICK,Bakola,C,6.5,6.5,False,True
35,TEAM HAIR FLICK,Odgaard,C,,,False,True
35,TEAM HAIR FLICK,Freuler,C,6.0,6.0,False,True
35,TEAM HAIR FLICK,Vojvoda,D,,,False,True
35,TEAM HAIR FLICK,Diego Carlos,D,,,False,True
35,TEAM HAIR FLICK,Gatti,D,,,False,True
35,TEAM HAIR FLICK,Tornqvist,P,,,False,True
35,TEAM HAIR FLICK,Cavlina,P,,,False,True
35,TEAM HAIR FLICK,Ferguson E.,A,,,False,True
35,TEAM HAIR FLICK,Kean,A,,,False,True
35,TEAM HAIR FLICK,Ondrejka,C,,,False,True
35,TEAM HAIR FLICK,Ekkelenkamp,C,,,False,True
35,TEAM HAIR FLICK,Scalvini,D,5.5,5.5,True,True
35,BOBOTOTTI,Meret,P,7.0,8.0,True,False
35,BOBOTOTTI,Vasquez,D,7.0,10.0,True,False
35,BOBOTOTTI,Gabbia,D,6.0,5.5,True,False
35,BOBOTOTTI,Kristensen T.,D,6.0,6.0,True,False
35,BOBOTOTTI,Coco,D,5.0,5.0,True,False
35,BOBOTOTTI,De Bruyne,C,6.5,6.5,True,False
35,BOBOTOTTI,Modric,C,,,False,False
35,BOBOTOTTI,Pellegrini Lo.,C,,,False,False
35,BOBOTOTTI,Krstovic,A,5.0,5.0,True,False
35,BOBOTOTTI,Vlahovic,A,5.0,5.0,True,False
35,BOBOTOTTI,Bonazzoli,A,6.5,6.0,True,False
35,BOBOTOTTI,Milinkovic-Savic V.,P,,,False,True
35,BOBOTOTTI,Contini,P,,,False,True
35,BOBOTOTTI,Gallo,D,5.5,5.0,False,True
35,BOBOTOTTI,Valeri,D,6.0,6.0,False,True
35,BOBOTOTTI,Delprato,D,5.5,5.5,False,True
35,BOBOTOTTI,Valle,D,,,False,True
35,BOBOTOTTI,Zhegrova,C,5.0,5.0,True,True
35,BOBOTOTTI,Frendrup,C,6.0,6.0,True,True
35,BOBOTOTTI,Maldini,C,5.5,5.5,False,True
35,BOBOTOTTI,Bernabè,C,,,False,True
35,BOBOTOTTI,Saelemaekers,C,,,False,True
35,BOBOTOTTI,Esposito Se.,A,7.0,10.0,False,True
35,BOBOTOTTI,Vitinha O.,A,6.0,5.5,False,True
35,BOBOTOTTI,Cheddira,A,8.0,14.0,False,True
36,TEAM GLIDER,De Gea,P,,,False,False
36,TEAM GLIDER,Ahanor,D,5.5,5.0,True,False
36,TEAM GLIDER,Rrahmani,D,6.5,6.5,True,False
36,TEAM GLIDER,Bremer,D,,,False,False
36,TEAM GLIDER,N'Dicka,D,,,False,False
36,TEAM GLIDER,McTominay,C,5.5,5.5,True,False
36,TEAM GLIDER,Zaniolo,C,,,False,False
36,TEAM GLIDER,Isaksen,C,,,False,False
36,TEAM GLIDER,Loftus-Cheek,C,,,False,False
36,TEAM GLIDER,Douvikas,A,7.0,11.0,True,False
36,TEAM GLIDER,David,A,5.5,5.5,True,False
36,TEAM GLIDER,Christensen O.,P,7.5,6.5,True,True
36,TEAM GLIDER,Lezzerini,P,,,False,True
36,TEAM GLIDER,Zè Pedro,D,6.0,5.5,True,True
36,TEAM GLIDER,De Winter,D,,,False,True
36,TEAM GLIDER,Siebert,D,6.0,6.0,True,True
36,TEAM GLIDER,Rugani,D,6.0,6.0,False,True
36,TEAM GLIDER,Elmas,C,5.5,5.5,True,True
36,TEAM GLIDER,Miretti,C,5.5,5.5,True,True
36,TEAM GLIDER,Nicolussi Caviglia,C,6.5,6.5,False,True
36,TEAM GLIDER,Zaragoza,C,,,False,True
36,TEAM GLIDER,Castro S.,A,5.5,5.5,False,True
36,TEAM GLIDER,Openda,A,,,False,True
36,TEAM GLIDER,Sarr A.,A,6.0,6.0,False,True
36,TEAM GLIDER,Dominguez B.,A,,,False,True
36,CHELSEA,Di Gregorio,P,,,False,False
36,CHELSEA,Circati,D,6.0,6.0,True,False
36,CHELSEA,Hermoso,D,6.5,6.5,True,False
36,CHELSEA,Ramon,D,5.5,5.5,True,False
36,CHELSEA,Zalewski,C,,,False,False
36,CHELSEA,Vlasic,C,6.0,6.0,True,False
36,CHELSEA,Baldanzi,C,,,False,False
36,CHELSEA,Pisilli,C,6.0,6.0,True,False
36,CHELSEA,Yildiz,A,,,False,False
36,CHELSEA,Martinez L.,A,5.5,5.0,True,False
36,CHELSEA,Berardi,A,6.0,6.0,True,False
36,CHELSEA,Perin,P,6.5,4.5,True,True
36,CHELSEA,Pinsoglio,P,,,False,True
36,CHELSEA,Ebosse,D,5.5,5.0,False,True
36,CHELSEA,Luperto,D,4.5,4.5,False,True
36,CHELSEA,Terracciano F.,D,5.0,5.0,False,True
36,CHELSEA,Martin,D,6.0,6.0,False,True
36,CHELSEA,Lirola,D,,,False,True
36,CHELSEA,Lobotka,C,6.0,6.0,True,True
36,CHELSEA,Fagioli,C,,,False,True
36,CHELSEA,Tourè I.,C,,,False,True
36,CHELSEA,Orsolini,C,,,False,True
36,CHELSEA,Boga,A,6.0,6.0,True,True
36,CHELSEA,Durosinmi,A,,,False,True
36,CHELSEA,Djuric,A,,,False,True
36,PAUL POGSHAO,Skorupski,P,6.0,3.0,True,False
36,PAUL POGSHAO,Dimarco,D,7.0,10.0,True,False
36,PAUL POGSHAO,Mancini,D,6.5,6.5,True,False
36,PAUL POGSHAO,Kempf,D,6.5,6.5,True,False
36,PAUL POGSHAO,Cambiaso,D,5.5,5.5,True,False
36,PAUL POGSHAO,Paz N.,C,,,False,False
36,PAUL POGSHAO,Perrone,C,6.5,6.5,True,False
36,PAUL POGSHAO,Cristante,C,6.0,6.0,True,False
36,PAUL POGSHAO,Da Cunha,C,8.0,13.0,True,False
36,PAUL POGSHAO,Laurientè,A,5.0,5.0,True,False
36,PAUL POGSHAO,Vardy,A,6.0,5.5,True,False
36,PAUL POGSHAO,Ravaglia F.,P,,,False,True
36,PAUL POGSHAO,Pessina Mas.,P,,,False,True
36,PAUL POGSHAO,Hien,D,6.5,6.5,False,True
36,PAUL POGSHAO,Bozhinov,D,5.0,5.0,False,True
36,PAUL POGSHAO,Dumfries,D,,,False,True
36,PAUL POGSHAO,Wesley,D,,,False,True
36,PAUL POGSHAO,El Aynaoui,C,6.0,6.0,True,True
36,PAUL POGSHAO,Koopmeiners,C,5.5,5.5,False,True
36,PAUL POGSHAO,Stengs,C,,,False,True
36,PAUL POGSHAO,Oristanio,C,,,False,True
36,PAUL POGSHAO,Giovane,A,,,False,True
36,PAUL POGSHAO,Fullkrug,A,5.5,5.5,False,True
36,PAUL POGSHAO,Ratkov,A,,,False,True
36,PAUL POGSHAO,Elphege,A,,,False,True
36,TEAM HAIR FLICK,Butez,P,6.0,5.0,True,False
36,TEAM HAIR FLICK,Kelly L.,D,5.5,5.5,True,False
36,TEAM HAIR FLICK,Gatti,D,5.0,5.0,True,False
36,TEAM HAIR FLICK,Scalvini,D,6.0,6.0,True,False
36,TEAM HAIR FLICK,Rensch,D,6.5,6.5,True,False
36,TEAM HAIR FLICK,Bernardeschi,C,7.0,10.0,True,False
36,TEAM HAIR FLICK,Thuram K.,C,6.0,7.0,True,False
36,TEAM HAIR FLICK,Pulisic,C,5.0,5.0,True,False
36,TEAM HAIR FLICK,Nkunku,A,5.0,5.0,True,False
36,TEAM HAIR FLICK,Pellegrino M.,A,7.0,11.0,True,False
36,TEAM HAIR FLICK,Dallinga,A,,,False,False
36,TEAM HAIR FLICK,Bonny,A,6.0,6.0,True,True
36,TEAM HAIR FLICK,Odgaard,C,6.0,6.0,False,True
36,TEAM HAIR FLICK,Bakola,C,,,False,True
36,TEAM HAIR FLICK,Freuler,C,6.0,6.0,False,True
36,TEAM HAIR FLICK,Bisseck,D,5.5,5.5,False,True
36,TEAM HAIR FLICK,Vojvoda,D,,,False,True
36,TEAM HAIR FLICK,Gutierrez,D,6.5,6.5,False,True
36,TEAM HAIR FLICK,Diego Carlos,D,,,False,True
36,TEAM HAIR FLICK,Tornqvist,P,,,False,True
36,TEAM HAIR FLICK,Cavlina,P,,,False,True
36,TEAM HAIR FLICK,Ferguson E.,A,,,False,True
36,TEAM HAIR FLICK,Kean,A,,,False,True
36,TEAM HAIR FLICK,Ondrejka,C,,,False,True
36,TEAM HAIR FLICK,Ekkelenkamp,C,,,False,True
36,TEAM WOLFLING,Furlanetto,P,6.5,5.5,True,False
36,TEAM WOLFLING,Spinazzola,D,,,False,False
36,TEAM WOLFLING,Pavlovic,D,5.5,5.0,True,False
36,TEAM WOLFLING,Bastoni,D,,,False,False
36,TEAM WOLFLING,Djimsiti,D,6.0,6.0,True,False
36,TEAM WOLFLING,Mandragora,C,6.5,6.5,True,False
36,TEAM WOLFLING,Konè I.,C,6.5,6.5,True,False
36,TEAM WOLFLING,Ederson D.S.,C,,,False,False
36,TEAM WOLFLING,Zielinski,C,5.0,3.0,True,False
36,TEAM WOLFLING,De Ketelaere,A,6.0,6.0,True,False
36,TEAM WOLFLING,Malen,A,6.5,8.5,True,False
36,TEAM WOLFLING,Motta,P,,,False,True
36,TEAM WOLFLING,Provedel,P,,,False,True
36,TEAM WOLFLING,Ostigard,D,,,False,True
36,TEAM WOLFLING,Angori,D,5.0,5.0,True,True
36,TEAM WOLFLING,Ndiaye,D,6.0,6.0,True,True
36,TEAM WOLFLING,Baschirotto,D,,,False,True
36,TEAM WOLFLING,Brescianini,C,6.5,7.5,True,True
36,TEAM WOLFLING,Casadei,C,7.5,10.5,False,True
36,TEAM WOLFLING,Marchwinski,C,,,False,True
36,TEAM WOLFLING,Cornet,C,,,False,True
36,TEAM WOLFLING,Morata,A,,,False,True
36,TEAM WOLFLING,Arena A.,A,,,False,True
36,TEAM WOLFLING,Milik,A,,,False,True
36,TEAM WOLFLING,Pavoletti,A,,,False,True
36,TOMATO,Martinez Jo.,P,5.5,2.5,True,False
36,TOMATO,Miranda J.,D,5.5,5.5,True,False
36,TOMATO,Tiago Gabriel,D,6.5,6.0,True,False
36,TOMATO,Solet,D,6.0,6.0,True,False
36,TOMATO,Conceicao,C,6.5,7.5,True,False
36,TOMATO,Mkhitaryan,C,6.0,5.5,True,False
36,TOMATO,Baturina,C,6.0,6.0,True,False
36,TOMATO,Rowe,C,6.5,6.5,True,False
36,TOMATO,Gudmundsson A.,C,6.0,6.0,True,False
36,TOMATO,Piccoli,A,7.0,10.0,True,False
36,TOMATO,Colombo,A,6.0,6.0,True,False
36,TOMATO,Di Gennaro,P,,,False,True
36,TOMATO,Heggem,D,,,False,True
36,TOMATO,Holm,D,5.5,5.5,False,True
36,TOMATO,Konè M.,C,6.0,6.0,False,True
36,TOMATO,Jashari,C,5.0,5.0,False,True
36,TOMATO,Lukaku,A,,,False,True
36,TOMATO,Olivera,D,6.5,6.5,False,True
36,TOMATO,Bellanova,D,5.5,5.5,False,True
36,TOMATO,Belghali,D,6.0,6.0,False,True
36,TOMATO,Thuram,A,,,False,True
36,TOMATO,Raspadori,A,6.0,6.0,False,True
36,TOMATO,Dia,A,6.0,6.0,False,True
36,TOMATO,Sommer,P,,,False,True
36,TOMATO,Zaccagni,C,,,False,True
36,BOBOTOTTI,Meret,P,6.5,7.5,True,False
36,BOBOTOTTI,Vasquez,D,,,False,False
36,BOBOTOTTI,Gabbia,D,5.5,5.5,True,False
36,BOBOTOTTI,Valeri,D,6.5,6.5,True,False
36,BOBOTOTTI,De Bruyne,C,6.5,7.5,True,False
36,BOBOTOTTI,Maldini,C,6.0,6.0,True,False
36,BOBOTOTTI,Modric,C,6.0,6.0,True,False
36,BOBOTOTTI,Saelemaekers,C,7.0,10.0,True,False
36,BOBOTOTTI,Cheddira,A,6.0,6.0,True,False
36,BOBOTOTTI,Vlahovic,A,7.5,13.5,True,False
36,BOBOTOTTI,Bonazzoli,A,7.0,9.0,True,False
36,BOBOTOTTI,Milinkovic-Savic V.,P,,,False,True
36,BOBOTOTTI,Contini,P,,,False,True
36,BOBOTOTTI,Delprato,D,,,False,True
36,BOBOTOTTI,Coco,D,5.0,5.0,True,True
36,BOBOTOTTI,Kristensen T.,D,6.0,6.0,False,True
36,BOBOTOTTI,Gallo,D,6.5,6.5,False,True
36,BOBOTOTTI,Valle,D,,,False,True
36,BOBOTOTTI,Zhegrova,C,,,False,True
36,BOBOTOTTI,Frendrup,C,5.5,5.5,False,True
36,BOBOTOTTI,Pellegrini Lo.,C,,,False,True
36,BOBOTOTTI,Bernabè,C,,,False,True
36,BOBOTOTTI,Krstovic,A,,,False,True
36,BOBOTOTTI,Esposito Se.,A,6.5,6.5,False,True
36,BOBOTOTTI,Vitinha O.,A,,,False,True
36,VINCENZO,Sportiello,P,5.5,4.5,True,False
36,VINCENZO,Dodò,D,6.5,6.5,True,False
36,VINCENZO,Muharemovic,D,,,False,False
36,VINCENZO,Kalulu,D,6.0,5.5,True,False
36,VINCENZO,Locatelli,C,5.5,5.5,True,False
36,VINCENZO,McKennie,C,6.0,6.0,True,False
36,VINCENZO,Atta,C,6.5,6.5,True,False
36,VINCENZO,Sucic P.,C,5.5,5.5,True,False
36,VINCENZO,Esposito F.P.,A,6.5,9.5,True,False
36,VINCENZO,Rodriguez Je.,A,7.5,11.0,True,False
36,VINCENZO,Diao,A,6.5,6.5,True,False
36,VINCENZO,Carnesecchi,P,,,False,True
36,VINCENZO,Rossi F.,P,,,False,True
36,VINCENZO,Soulè,A,6.0,6.0,False,True
36,VINCENZO,Scamacca,A,,,False,True
36,VINCENZO,Kilicsoy,A,,,False,True
36,VINCENZO,Vergara,C,,,False,True
36,VINCENZO,Miller L.,C,6.0,5.5,False,True
36,VINCENZO,Taylor K.,C,,,False,True
36,VINCENZO,Rovella,C,,,False,True
36,VINCENZO,Palestra,D,6.5,6.5,True,True
36,VINCENZO,Akanji,D,,,False,True
36,VINCENZO,Marianucci,D,,,False,True
36,VINCENZO,Juan Jesus,D,6.0,6.0,False,True
36,VINCENZO,Bernasconi,D,,,False,True
36,ASS ASS IN FC,Maignan,P,7.0,4.5,True,False
36,ASS ASS IN FC,Gosens,D,6.0,6.0,True,False
36,ASS ASS IN FC,Buongiorno,D,,,False,False
36,ASS ASS IN FC,Tomori,D,5.0,5.0,True,False
36,ASS ASS IN FC,Ghilardi,D,5.5,5.5,True,False
36,ASS ASS IN FC,Santos A.,C,,,False,False
36,ASS ASS IN FC,Barella,C,6.0,6.0,True,False
36,ASS ASS IN FC,Malinovskyi,C,,,False,False
36,ASS ASS IN FC,Leao,A,6.0,6.0,True,False
36,ASS ASS IN FC,Simeone,A,6.0,6.0,True,False
36,ASS ASS IN FC,Dybala,A,8.0,10.0,True,False
36,ASS ASS IN FC,Terracciano,P,,,False,True
36,ASS ASS IN FC,Torriani,P,,,False,True
36,ASS ASS IN FC,Comuzzo,D,5.5,3.5,True,True
36,ASS ASS IN FC,Lucumì,D,6.0,6.0,False,True
36,ASS ASS IN FC,Bartesaghi,D,5.5,5.5,False,True
36,ASS ASS IN FC,Ziolkowski,D,5.5,5.0,False,True
36,ASS ASS IN FC,Volpato,C,,,False,True
36,ASS ASS IN FC,Zambo Anguissa,C,,,False,True
36,ASS ASS IN FC,Pasalic,C,5.5,5.5,True,True
36,ASS ASS IN FC,Venturino,C,,,False,True
36,ASS ASS IN FC,Prati,C,6.5,6.5,True,True
36,ASS ASS IN FC,Davis K.,A,5.5,5.5,False,True
36,ASS ASS IN FC,Zapata D.,A,5.5,5.5,False,True
36,ASS ASS IN FC,Addai,A,,,False,True
36,TEAM YANGTUO,Svilar,P,6.5,7.5,True,False
36,TEAM YANGTUO,Zortea,D,6.0,6.0,True,False
36,TEAM YANGTUO,Garcia U.,D,6.0,6.0,True,False
36,TEAM YANGTUO,Celik,D,6.5,6.5,True,False
36,TEAM YANGTUO,Fabbian,C,6.0,6.0,True,False
36,TEAM YANGTUO,Rabiot,C,5.5,5.5,True,False
36,TEAM YANGTUO,Politano,C,6.0,6.0,True,False
36,TEAM YANGTUO,Strefezza,C,,,False,False
36,TEAM YANGTUO,Buksa,A,5.5,5.0,True,False
36,TEAM YANGTUO,Pinamonti,A,5.5,5.5,True,False
36,TEAM YANGTUO,Hojlund,A,7.5,11.5,True,False
36,TEAM YANGTUO,Gollini,P,,,False,True
36,TEAM YANGTUO,Zelezny,P,,,False,True
36,TEAM YANGTUO,Norton-Cuffy,D,6.0,6.0,False,True
36,TEAM YANGTUO,Zappacosta,D,6.5,6.5,False,True
36,TEAM YANGTUO,Lazaro,D,,,False,True
36,TEAM YANGTUO,Frese,D,5.5,5.5,False,True
36,TEAM YANGTUO,Solomon,A,,,False,True
36,TEAM YANGTUO,Adams C.,A,7.0,11.0,False,True
36,TEAM YANGTUO,Bowie,A,5.5,5.5,False,True
36,TEAM YANGTUO,Gandelman,C,6.0,6.0,True,True
36,TEAM YANGTUO,Thorstvedt,C,5.5,5.0,False,True
36,TEAM YANGTUO,Lovric,C,5.5,5.0,False,True
