giornata,team,player,position,voto,fantavoto,active,on_bench
1,DTE,Carnesecchi,P,6.0,5.0,True,False
1,DTE,Hien,D,6.5,6.5,True,False
1,DTE,Bastoni,D,5.5,5.5,True,False
1,DTE,Mina,D,7.0,11.0,True,False
1,DTE,Orsolini,C,5.5,5.5,True,False
1,DTE,Odgaard,C,6.0,6.0,True,False
1,DTE,De Bruyne,C,7.0,9.0,True,False
1,DTE,McTominay,C,6.5,6.5,True,False
1,DTE,Piccoli,A,5.5,5.5,True,False
1,DTE,Kean,A,5.5,5.5,True,False
1,DTE,Colombo,A,5.0,5.0,True,False
1,DTE,Rossi F.,P,,,False,True
1,DTE,Sportiello,P,,,False,True
1,DTE,Miranda J.,D,5.5,5.0,False,True
1,DTE,Obert,D,6.5,6.5,False,True
1,DTE,Lykogiannis,D,5.5,5.5,False,True
1,DTE,Heggem,D,6.0,6.0,False,True
1,DTE,Lucumì,D,5.5,5.5,False,True
1,DTE,Miller L.,C,,,False,True
1,DTE,Perrone,C,5.5,5.5,False,True
1,DTE,Frendrup,C,5.5,5.5,False,True
1,DTE,Masini,C,5.5,5.5,False,True
1,DTE,Lang,A,,,False,True
1,DTE,Cambiaghi,A,5.5,5.5,False,True
1,DTE,Stulic,A,5.5,5.5,False,True
1,SOVEREIGN83,Svilar,P,6.5,5.5,True,False
1,SOVEREIGN83,Solet,D,6.5,6.5,True,False
1,SOVEREIGN83,Hermoso,D,6.0,6.0,True,False
1,SOVEREIGN83,Comuzzo,D,5.0,5.0,True,False
1,SOVEREIGN83,Zerbin,C,5.5,5.5,True,False
1,SOVEREIGN83,Guendouzi,C,5.5,5.5,True,False
1,SOVEREIGN83,Pasalic,C,6.5,6.5,True,False
1,SOVEREIGN83,Da Cunha,C,6.0,6.0,True,False
1,SOVEREIGN83,Nkunku,A,,,False,False
1,SOVEREIGN83,Soulè,A,6.5,6.5,True,False
1,SOVEREIGN83,Douvikas,A,6.0,6.0,True,False
1,SOVEREIGN83,Gollini,P,,,False,True
1,SOVEREIGN83,Vasquez D.,P,,,False,True
1,SOVEREIGN83,Tavares N.,D,5.5,5.5,False,True
1,SOVEREIGN83,Kossounou,D,6.5,6.5,False,True
1,SOVEREIGN83,Celik,D,,,False,True
1,SOVEREIGN83,Circati,D,6.0,6.0,False,True
1,SOVEREIGN83,Vitik,D,,,False,True
1,SOVEREIGN83,Rovella,C,6.0,5.5,False,True
1,SOVEREIGN83,Casadei,C,6.0,6.0,False,True
1,SOVEREIGN83,Asllani,C,6.5,6.0,False,True
1,SOVEREIGN83,Hojlund,A,7.0,10.0,True,True
1,SOVEREIGN83,Kuhn,A,6.5,6.5,False,True
1,SOVEREIGN83,Meister,A,6.0,6.0,False,True
1,SOVEREIGN83,Jashari,C,,,False,True
1,DELI-XUJUN,Provedel,P,6.0,5.0,True,False
1,DELI-XUJUN,Joao Mario,D,,,False,False
1,DELI-XUJUN,N'Dicka,D,6.0,6.0,True,False
1,DELI-XUJUN,Mancini,D,6.0,6.0,True,False
1,DELI-XUJUN,Di Lorenzo,D,6.5,6.5,True,False
1,DELI-XUJUN,El Shaarawy,C,6.0,6.0,True,False
1,DELI-XUJUN,Modric,C,7.5,11.5,True,False
1,DELI-XUJUN,Cristante,C,6.0,6.0,True,False
1,DELI-XUJUN,Locatelli,C,6.5,6.0,True,False
1,DELI-XUJUN,De Ketelaere,A,8.0,14.0,True,False
1,DELI-XUJUN,Rodriguez Je.,A,5.5,5.5,True,False
1,DELI-XUJUN,Semper,P,6.0,5.0,False,True
1,DELI-XUJUN,Silvestri,P,,,False,True
1,DELI-XUJUN,Rrahmani,D,,,False,True
1,DELI-XUJUN,Scalvini,D,7.0,9.0,True,True
1,DELI-XUJUN,Kalulu,D,5.5,5.5,False,True
1,DELI-XUJUN,Spinazzola,D,6.5,7.5,False,True
1,DELI-XUJUN,Elmas,C,6.0,6.0,False,True
1,DELI-XUJUN,Maldini,C,6.0,6.0,False,True
1,DELI-XUJUN,Sohm,C,5.5,5.5,False,True
1,DELI-XUJUN,Nicolussi Caviglia,C,6.0,6.0,False,True
1,DELI-XUJUN,Dzeko,A,5.0,5.0,False,True
1,DELI-XUJUN,Pedro,A,6.0,6.0,False,True
1,DELI-XUJUN,Sarr A.,A,6.0,6.0,False,True
1,DELI-XUJUN,Okereke,A,,,False,True
1,BATIGOAL,Sommer,P,5.0,1.0,True,False
1,BATIGOAL,Angelino,D,5.5,5.0,True,False
1,BATIGOAL,Tomori,D,6.0,5.5,True,False
1,BATIGOAL,Pezzella Giu.,D,5.5,5.5,True,False
1,BATIGOAL,El Aynaoui,C,6.0,6.0,True,False
1,BATIGOAL,Vandeputte,C,5.5,5.5,True,False
1,BATIGOAL,Stanciu,C,,,False,False
1,BATIGOAL,Vazquez,C,6.0,6.0,True,False
1,BATIGOAL,Leao,A,,,False,False
1,BATIGOAL,Thuram,A,7.0,9.0,True,False
1,BATIGOAL,Diao,A,,,False,False
1,BATIGOAL,Tsimikas,D,,,False,True
1,BATIGOAL,Bisseck,D,,,False,True
1,BATIGOAL,Olivera,D,6.0,6.0,False,True
1,BATIGOAL,Mkhitaryan,C,5.5,5.0,True,True
1,BATIGOAL,Fazzini,C,6.5,6.5,False,True
1,BATIGOAL,Stengs,C,,,False,True
1,BATIGOAL,Neres,C,6.0,6.0,False,True
1,BATIGOAL,Openda,A,6.0,6.0,True,True
1,BATIGOAL,Giovane,A,6.0,6.5,True,True
1,BATIGOAL,Orban G.,A,6.0,6.0,False,True
1,BATIGOAL,Martinez Jo.,P,,,False,True
1,ROMA SHENHUA SEMPRE,Butez,P,6.0,5.0,True,False
1,ROMA SHENHUA SEMPRE,Dodò,D,6.0,6.0,True,False
1,ROMA SHENHUA SEMPRE,Gosens,D,6.5,6.5,True,False
1,ROMA SHENHUA SEMPRE,Kristensen T.,D,7.0,7.0,True,False
1,ROMA SHENHUA SEMPRE,Zortea,D,5.5,5.5,True,False
1,ROMA SHENHUA SEMPRE,Lobotka,C,6.0,6.0,True,False
1,ROMA SHENHUA SEMPRE,Paz N.,C,7.0,10.0,True,False
1,ROMA SHENHUA SEMPRE,Mandragora,C,6.0,6.0,True,False
1,ROMA SHENHUA SEMPRE,Saelemaekers,C,6.5,7.0,True,False
1,ROMA SHENHUA SEMPRE,Vlahovic,A,5.0,5.0,True,False
1,ROMA SHENHUA SEMPRE,Ferguson E.,A,5.5,5.5,True,False
1,ROMA SHENHUA SEMPRE,Leali,P,6.5,5.5,False,True
1,ROMA SHENHUA SEMPRE,Luperto,D,6.5,6.5,False,True
1,ROMA SHENHUA SEMPRE,Fagioli,C,5.5,5.5,False,True
1,ROMA SHENHUA SEMPRE,Esposito Se.,A,6.0,5.5,False,True
1,ROMA SHENHUA SEMPRE,Montipò,P,6.0,7.0,False,True
1,ROMA SHENHUA SEMPRE,Biraghi,D,6.0,6.0,False,True
1,ROMA SHENHUA SEMPRE,Ranieri L.,D,6.0,8.0,False,True
1,ROMA SHENHUA SEMPRE,Canestrelli,D,5.0,5.0,False,True
1,ROMA SHENHUA SEMPRE,Collocolo,C,5.5,5.0,False,True
1,ROMA SHENHUA SEMPRE,Bernardeschi,C,5.5,5.5,False,True
1,ROMA SHENHUA SEMPRE,Bonazzoli,A,5.5,5.5,False,True
1,ROMA SHENHUA SEMPRE,Almqvist,A,5.5,5.5,False,True
1,ROMA SHENHUA SEMPRE,De Luca,A,,,False,True
1,ROMA SHENHUA SEMPRE,Lovric,C,,,False,True
1,OWEN,Meret,P,,,False,False
1,OWEN,Valle,D,6.0,5.5,True,False
1,OWEN,Zappacosta,D,,,False,False
1,OWEN,Valeri,D,6.0,6.0,True,False
1,OWEN,Vasquez,D,6.0,6.0,True,False
1,OWEN,Vojvoda,D,5.5,5.5,True,False
1,OWEN,Koopmeiners,C,5.0,4.5,True,False
1,OWEN,Pulisic,C,7.0,7.0,True,False
1,OWEN,Gudmundsson A.,C,,,False,False
1,OWEN,Gimenez,A,5.0,5.0,True,False
1,OWEN,Lookman,A,,,False,False
1,OWEN,Milinkovic-Savic V.,P,5.5,4.5,True,True
1,OWEN,Contini,P,,,False,True
1,OWEN,Cuadrado,D,,,False,True
1,OWEN,Ramon,D,5.5,4.5,True,True
1,OWEN,Gatti,D,6.0,6.0,False,True
1,OWEN,Isaksen,C,,,False,True
1,OWEN,Frattesi,C,,,False,True
1,OWEN,Folorunsho,C,6.0,6.0,True,True
1,OWEN,Vlasic,C,6.5,6.5,False,True
1,OWEN,Ederson D.S.,C,,,False,True
1,OWEN,Vardy,A,6.0,6.0,True,True
1,OWEN,Laurientè,A,6.0,6.0,False,True
1,OWEN,Simeone,A,7.5,11.5,False,True
1,OWEN,Nzola,A,6.0,6.0,False,True
1,TEAM PC,Skorupski,P,6.0,4.5,True,False
1,TEAM PC,Doig,D,6.0,5.5,True,False
1,TEAM PC,Baschirotto,D,5.0,5.0,True,False
1,TEAM PC,Pavlovic,D,6.0,6.0,True,False
1,TEAM PC,Dimarco,D,6.5,7.5,True,False
1,TEAM PC,Atta,C,7.0,7.0,True,False
1,TEAM PC,Barella,C,5.5,5.5,True,False
1,TEAM PC,Calhanoglu,C,7.5,11.5,True,False
1,TEAM PC,Krstovic,A,6.5,8.5,True,False
1,TEAM PC,Davis K.,A,6.0,6.0,True,False
1,TEAM PC,Pinamonti,A,6.0,5.5,True,False
1,TEAM PC,Ravaglia F.,P,,,False,True
1,TEAM PC,Israel,P,6.0,7.0,False,True
1,TEAM PC,Bremer,D,7.5,9.5,False,True
1,TEAM PC,Lazaro,D,6.0,6.0,False,True
1,TEAM PC,Gabbia,D,6.5,6.5,False,True
1,TEAM PC,Kabasele,D,,,False,True
1,TEAM PC,Zambo Anguissa,C,6.5,8.5,False,True
1,TEAM PC,Loftus-Cheek,C,6.5,6.5,False,True
1,TEAM PC,Oristanio,C,6.0,6.0,False,True
1,TEAM PC,Sucic P.,C,,,False,True
1,TEAM PC,Zapata D.,A,,,False,True
1,TEAM PC,Lorran,C,,,False,True
1,TEAM PC,Castro S.,A,5.5,5.5,False,True
1,TEAM PC,Dia,A,5.5,5.5,False,True
1,AVIOD RELEGATION FOOTBALL CLUB,Sava,P,5.5,6.5,True,False
1,AVIOD RELEGATION FOOTBALL CLUB,Gila,D,6.5,6.5,True,False
1,AVIOD RELEGATION FOOTBALL CLUB,Martin,D,6.0,6.0,True,False
1,AVIOD RELEGATION FOOTBALL CLUB,Kempf,D,6.0,6.0,True,False
1,AVIOD RELEGATION FOOTBALL CLUB,Delprato,D,5.5,5.5,True,False
1,AVIOD RELEGATION FOOTBALL CLUB,Serdar,C,7.0,6.5,True,False
1,AVIOD RELEGATION FOOTBALL CLUB,Tourè I.,C,6.5,6.5,True,False
1,AVIOD RELEGATION FOOTBALL CLUB,Bernabè,C,6.5,6.5,True,False
1,AVIOD RELEGATION FOOTBALL CLUB,Yildiz,A,7.0,11.0,True,False
1,AVIOD RELEGATION FOOTBALL CLUB,David,A,6.5,7.5,True,False
1,AVIOD RELEGATION FOOTBALL CLUB,Pellegrino M.,A,5.5,5.5,True,False
1,AVIOD RELEGATION FOOTBALL CLUB,Di Gregorio,P,6.0,3.0,False,True
1,AVIOD RELEGATION FOOTBALL CLUB,Falcone,P,5.5,1.5,False,True
1,AVIOD RELEGATION FOOTBALL CLUB,Acerbi,D,6.0,6.0,False,True
1,AVIOD RELEGATION FOOTBALL CLUB,Kelly L.,D,7.0,9.0,False,True
1,AVIOD RELEGATION FOOTBALL CLUB,Ghilardi,D,,,False,True
1,AVIOD RELEGATION FOOTBALL CLUB,Carlos Augusto,D,6.5,7.5,False,True
1,AVIOD RELEGATION FOOTBALL CLUB,Adopo,C,6.0,6.0,False,True
1,AVIOD RELEGATION FOOTBALL CLUB,Thuram K.,C,7.0,9.0,False,True
1,AVIOD RELEGATION FOOTBALL CLUB,Rowe,C,6.0,6.0,False,True
1,AVIOD RELEGATION FOOTBALL CLUB,Fofana Y.,C,6.0,6.0,False,True
1,AVIOD RELEGATION FOOTBALL CLUB,Baturina,C,,,False,True
1,AVIOD RELEGATION FOOTBALL CLUB,Sanabria,A,5.5,5.5,False,True
1,AVIOD RELEGATION FOOTBALL CLUB,Scamacca,A,,,False,True
1,AVIOD RELEGATION FOOTBALL CLUB,Bonny,A,5.5,5.5,False,True
1,THE GREAT BINGO,De Gea,P,7.0,4.0,True,False
1,THE GREAT BINGO,Estupinan,D,6.0,5.5,True,False
1,THE GREAT BINGO,Pongracic,D,5.0,5.0,True,False
1,THE GREAT BINGO,Dumfries,D,6.0,6.0,True,False
1,THE GREAT BINGO,Bellanova,D,6.5,6.5,True,False
1,THE GREAT BINGO,Politano,C,6.5,6.5,True,False
1,THE GREAT BINGO,Zaccagni,C,6.5,6.5,True,False
1,THE GREAT BINGO,Conceicao,C,,,False,False
1,THE GREAT BINGO,Martinez L.,A,5.0,5.0,True,False
1,THE GREAT BINGO,Castellanos,A,5.5,5.5,True,False
1,THE GREAT BINGO,Berardi,A,6.5,6.5,True,False
1,THE GREAT BINGO,Martinelli T.,P,,,False,True
1,THE GREAT BINGO,Lezzerini,P,,,False,True
1,THE GREAT BINGO,Zemura,D,6.0,6.0,False,True
1,THE GREAT BINGO,Angori,D,5.5,5.5,False,True
1,THE GREAT BINGO,Bradaric,D,6.5,6.5,False,True
1,THE GREAT BINGO,Lovik,D,6.0,6.0,False,True
1,THE GREAT BINGO,Samardzic,C,6.0,6.0,True,True
1,THE GREAT BINGO,Tramoni M.,C,5.5,5.5,False,True
1,THE GREAT BINGO,Lipani,C,,,False,True
1,THE GREAT BINGO,Fabbian,C,5.5,5.5,False,True
1,THE GREAT BINGO,Messias,C,6.5,6.5,False,True
1,THE GREAT BINGO,Cancellieri,A,5.5,5.5,False,True
1,THE GREAT BINGO,Camarda,A,5.5,5.5,False,True
1,THE GREAT BINGO,Esposito F.P.,A,,,False,True
1,ROMAN EMPIRE,Maignan,P,6.0,7.0,True,False
1,ROMAN EMPIRE,Buongiorno,D,6.0,6.0,True,False
1,ROMAN EMPIRE,Beukema,D,7.0,9.0,True,False
1,ROMAN EMPIRE,Akanji,D,6.0,6.0,True,False
1,ROMAN EMPIRE,Wesley,D,5.0,4.5,True,False
1,ROMAN EMPIRE,Zalewski,C,7.5,10.5,True,False
1,ROMAN EMPIRE,Rabiot,C,6.5,6.5,True,False
1,ROMAN EMPIRE,Konè M.,C,5.5,5.5,True,False
1,ROMAN EMPIRE,Morata,A,5.5,6.0,True,False
1,ROMAN EMPIRE,Lucca,A,6.0,6.0,True,False
1,ROMAN EMPIRE,Dybala,A,5.5,5.5,True,False
1,ROMAN EMPIRE,Suzuki,P,5.0,3.0,False,True
1,ROMAN EMPIRE,Caprile,P,7.0,8.0,False,True
1,ROMAN EMPIRE,Terracciano F.,D,5.5,5.5,False,True
1,ROMAN EMPIRE,De Winter,D,6.0,6.0,False,True
1,ROMAN EMPIRE,Rensch,D,,,False,True
1,ROMAN EMPIRE,Juan Jesus,D,,,False,True
1,ROMAN EMPIRE,Zhegrova,C,,,False,True
1,ROMAN EMPIRE,Volpato,C,6.0,5.5,False,True
1,ROMAN EMPIRE,Zaniolo,C,5.5,5.5,False,True
1,ROMAN EMPIRE,Pellegrini Lo.,C,,,False,True
1,ROMAN EMPIRE,Cutrone,A,5.0,5.0,False,True
1,ROMAN EMPIRE,Dovbyk,A,,,False,True
1,ROMAN EMPIRE,Bailey,C,,,False,True
1,ROMAN EMPIRE,Lukaku,A,,,False,True
2,BATIGOAL,Sommer,P,,,False,False
2,BATIGOAL,Angelino,D,6.0,6.0,True,False
2,BATIGOAL,Gutierrez,D,,,False,False
2,BATIGOAL,Pezzella Giu.,D,6.0,5.5,True,False
2,BATIGOAL,Cambiaso,D,5.5,5.5,True,False
2,BATIGOAL,El Aynaoui,C,,,False,False
2,BATIGOAL,Vandeputte,C,5.5,5.5,True,False
2,BATIGOAL,Vazquez,C,6.5,6.5,True,False
2,BATIGOAL,Openda,A,6.0,6.0,True,False
2,BATIGOAL,Thuram,A,6.0,6.0,True,False
2,BATIGOAL,Giovane,A,6.0,6.0,True,False
2,BATIGOAL,Martinez Jo.,P,6.5,5.5,True,True
2,BATIGOAL,Bisseck,D,,,False,True
2,BATIGOAL,Tsimikas,D,,,False,True
2,BATIGOAL,Olivera,D,,,False,True
2,BATIGOAL,Tomori,D,6.5,6.5,True,True
2,BATIGOAL,Stanciu,C,,,False,True
2,BATIGOAL,Fazzini,C,5.5,5.5,True,True
2,BATIGOAL,Neres,C,,,False,True
2,BATIGOAL,Mkhitaryan,C,,,False,True
2,BATIGOAL,Orban G.,A,7.5,11.0,False,True
2,DTE,Carnesecchi,P,7.0,10.0,True,False
2,DTE,Hien,D,6.0,6.0,True,False
2,DTE,Bastoni,D,,,False,False
2,DTE,Mina,D,6.5,6.5,True,False
2,DTE,Orsolini,C,6.5,10.5,True,False
2,DTE,Odgaard,C,,,False,False
2,DTE,De Bruyne,C,5.5,5.5,True,False
2,DTE,McTominay,C,6.5,7.5,True,False
2,DTE,Lang,A,,,False,False
2,DTE,Kean,A,5.5,5.5,True,False
2,DTE,Colombo,A,5.5,5.5,True,False
2,DTE,Rossi F.,P,,,False,True
2,DTE,Sportiello,P,,,False,True
2,DTE,Miranda J.,D,5.5,5.5,True,True
2,DTE,Obert,D,6.0,5.5,False,True
2,DTE,Lykogiannis,D,,,False,True
2,DTE,Heggem,D,6.0,6.0,False,True
2,DTE,Lucumì,D,,,False,True
2,DTE,Miller L.,C,,,False,True
2,DTE,Perrone,C,6.0,6.0,True,True
2,DTE,Frendrup,C,6.0,6.0,False,True
2,DTE,Masini,C,5.5,5.0,False,True
2,DTE,Piccoli,A,5.0,5.0,True,True
2,DTE,Cambiaghi,A,7.0,8.0,False,True
2,DTE,Stulic,A,5.0,5.0,False,True
2,AVIOD RELEGATION FOOTBALL CLUB,Di Gregorio,P,6.5,5.5,True,False
2,AVIOD RELEGATION FOOTBALL CLUB,Kelly L.,D,5.5,5.0,True,False
2,AVIOD RELEGATION FOOTBALL CLUB,Acerbi,D,6.0,6.0,True,False
2,AVIOD RELEGATION FOOTBALL CLUB,Carlos Augusto,D,6.5,7.5,True,False
2,AVIOD RELEGATION FOOTBALL CLUB,Delprato,D,6.0,6.0,True,False
2,AVIOD RELEGATION FOOTBALL CLUB,Thuram K.,C,6.0,6.0,True,False
2,AVIOD RELEGATION FOOTBALL CLUB,Rowe,C,,,False,False
2,AVIOD RELEGATION FOOTBALL CLUB,Bernabè,C,6.5,6.5,True,False
2,AVIOD RELEGATION FOOTBALL CLUB,Yildiz,A,6.0,6.0,True,False
2,AVIOD RELEGATION FOOTBALL CLUB,David,A,6.0,6.0,True,False
2,AVIOD RELEGATION FOOTBALL CLUB,Bonny,A,6.0,6.0,True,False
2,AVIOD RELEGATION FOOTBALL CLUB,Falcone,P,6.5,4.5,False,True
2,AVIOD RELEGATION FOOTBALL CLUB,Sava,P,5.0,2.0,False,True
2,AVIOD RELEGATION FOOTBALL CLUB,Kempf,D,7.0,8.5,False,True
2,AVIOD RELEGATION FOOTBALL CLUB,Martin,D,6.0,6.0,False,True
2,AVIOD RELEGATION FOOTBALL CLUB,Gila,D,5.5,5.0,False,True
2,AVIOD RELEGATION FOOTBALL CLUB,Ghilardi,D,,,False,True
2,AVIOD RELEGATION FOOTBALL CLUB,Fofana Y.,C,7.0,9.0,True,True
2,AVIOD RELEGATION FOOTBALL CLUB,Adopo,C,6.0,6.0,False,True
2,AVIOD RELEGATION FOOTBALL CLUB,Serdar,C,6.5,6.5,False,True
2,AVIOD RELEGATION FOOTBALL CLUB,Baturina,C,,,False,True
2,AVIOD RELEGATION FOOTBALL CLUB,Tourè I.,C,,,False,True
2,AVIOD RELEGATION FOOTBALL CLUB,Pellegrino M.,A,6.0,6.0,False,True
2,AVIOD RELEGATION FOOTBALL CLUB,Sanabria,A,5.5,5.5,False,True
2,AVIOD RELEGATION FOOTBALL CLUB,Scamacca,A,,,False,True
2,THE GREAT BINGO,De Gea,P,6.0,4.0,True,False
2,THE GREAT BINGO,Estupinan,D,6.5,6.5,True,False
2,THE GREAT BINGO,Pongracic,D,5.5,5.0,True,False
2,THE GREAT BINGO,Dumfries,D,6.0,6.0,True,False
2,THE GREAT BINGO,Bellanova,D,6.5,6.5,True,False
2,THE GREAT BINGO,Politano,C,6.5,6.5,True,False
2,THE GREAT BINGO,Zaccagni,C,5.5,5.5,True,False
2,THE GREAT BINGO,Conceicao,C,7.0,9.0,True,False
2,THE GREAT BINGO,Martinez L.,A,6.0,6.0,True,False
2,THE GREAT BINGO,Castellanos,A,6.0,6.0,True,False
2,THE GREAT BINGO,Berardi,A,6.5,7.5,True,False
2,THE GREAT BINGO,Martinelli T.,P,,,False,True
2,THE GREAT BINGO,Lezzerini,P,,,False,True
2,THE GREAT BINGO,Lovik,D,,,False,True
2,THE GREAT BINGO,Bradaric,D,6.0,6.0,False,True
2,THE GREAT BINGO,Zemura,D,5.0,4.5,False,True
2,THE GREAT BINGO,Angori,D,6.5,7.5,False,True
2,THE GREAT BINGO,Fabbian,C,,,False,True
2,THE GREAT BINGO,Samardzic,C,7.0,8.0,False,True
2,THE GREAT BINGO,Tramoni M.,C,5.5,5.5,False,True
2,THE GREAT BINGO,Lipani,C,,,False,True
2,THE GREAT BINGO,Messias,C,,,False,True
2,THE GREAT BINGO,Cancellieri,A,,,False,True
2,THE GREAT BINGO,Esposito F.P.,A,6.5,6.5,False,True
2,THE GREAT BINGO,Camarda,A,6.0,6.0,False,True
2,OWEN,Meret,P,6.5,4.5,True,False
2,OWEN,Valle,D,6.0,6.0,True,False
2,OWEN,Valeri,D,6.0,6.0,True,False
2,OWEN,Vasquez,D,6.0,6.0,True,False
2,OWEN,Vojvoda,D,5.5,5.0,True,False
2,OWEN,Gudmundsson A.,C,,,False,False
2,OWEN,Pulisic,C,8.5,15.5,True,False
2,OWEN,Isaksen,C,,,False,False
2,OWEN,Vardy,A,,,False,False
2,OWEN,Lookman,A,,,False,False
2,OWEN,Gimenez,A,5.5,5.5,True,False
2,OWEN,Milinkovic-Savic V.,P,,,False,True
2,OWEN,Zappacosta,D,6.5,7.0,False,True
2,OWEN,Gatti,D,6.0,5.5,False,True
2,OWEN,Frattesi,C,6.0,6.0,True,True
2,OWEN,Koopmeiners,C,5.5,5.0,True,True
2,OWEN,Vlasic,C,5.5,5.5,False,True
2,OWEN,Folorunsho,C,6.5,6.5,False,True
2,OWEN,Simeone,A,6.0,6.0,True,True
2,OWEN,Laurientè,A,6.0,6.0,True,True
2,OWEN,Nzola,A,7.0,9.0,False,True
2,TEAM PC,Skorupski,P,6.5,5.5,True,False
2,TEAM PC,Pavlovic,D,6.5,6.5,True,False
2,TEAM PC,Dimarco,D,7.0,8.5,True,False
2,TEAM PC,Bremer,D,,,False,False
2,TEAM PC,Baschirotto,D,6.5,6.5,True,False
2,TEAM PC,Zambo Anguissa,C,6.0,6.0,True,False
2,TEAM PC,Calhanoglu,C,6.0,5.5,True,False
2,TEAM PC,Atta,C,6.0,5.5,True,False
2,TEAM PC,Davis K.,A,5.5,5.5,True,False
2,TEAM PC,Castro S.,A,7.0,9.0,True,False
2,TEAM PC,Krstovic,A,7.5,13.5,True,False
2,TEAM PC,Israel,P,6.0,3.0,False,True
2,TEAM PC,Ravaglia F.,P,,,False,True
2,TEAM PC,Doig,D,6.0,6.0,True,True
2,TEAM PC,Gabbia,D,6.0,6.0,False,True
2,TEAM PC,Kabasele,D,,,False,True
2,TEAM PC,Lazaro,D,5.0,5.0,False,True
2,TEAM PC,Barella,C,6.0,6.0,False,True
2,TEAM PC,Loftus-Cheek,C,6.5,6.5,False,True
2,TEAM PC,Lorran,C,6.5,8.5,False,True
2,TEAM PC,Oristanio,C,6.0,6.0,False,True
2,TEAM PC,Sucic P.,C,7.0,8.0,False,True
2,TEAM PC,Dia,A,5.0,5.0,False,True
2,TEAM PC,Pinamonti,A,6.0,6.0,False,True
2,TEAM PC,Zapata D.,A,5.0,3.0,False,True
2,SOVEREIGN83,Svilar,P,6.0,7.0,True,False
2,SOVEREIGN83,Solet,D,5.5,5.5,True,False
2,SOVEREIGN83,Hermoso,D,,,False,False
2,SOVEREIGN83,Comuzzo,D,,,False,False
2,SOVEREIGN83,Tavares N.,D,5.0,5.0,True,False
2,SOVEREIGN83,Zerbin,C,5.5,5.5,True,False
2,SOVEREIGN83,Pasalic,C,6.0,6.0,True,False
2,SOVEREIGN83,Da Cunha,C,,,False,False
2,SOVEREIGN83,Nkunku,A,6.0,6.0,True,False
2,SOVEREIGN83,Soulè,A,6.5,7.5,True,False
2,SOVEREIGN83,Hojlund,A,5.5,5.5,True,False
2,SOVEREIGN83,Gollini,P,,,False,True
2,SOVEREIGN83,Vasquez D.,P,,,False,True
2,SOVEREIGN83,Kossounou,D,6.0,6.0,True,True
2,SOVEREIGN83,Celik,D,6.5,6.5,True,True
2,SOVEREIGN83,Circati,D,6.5,6.5,False,True
2,SOVEREIGN83,Vitik,D,6.0,6.0,False,True
2,SOVEREIGN83,Rovella,C,6.0,6.0,True,True
2,SOVEREIGN83,Casadei,C,5.5,5.5,False,True
2,SOVEREIGN83,Asllani,C,5.0,5.0,False,True
2,SOVEREIGN83,Guendouzi,C,6.0,5.0,False,True
2,SOVEREIGN83,Douvikas,A,5.5,5.5,False,True
2,SOVEREIGN83,Kuhn,A,6.0,6.0,False,True
2,SOVEREIGN83,Meister,A,5.5,5.5,False,True
2,SOVEREIGN83,Jashari,C,,,False,True
2,ROMA SHENHUA SEMPRE,Butez,P,6.0,5.0,True,False
2,ROMA SHENHUA SEMPRE,Dodò,D,5.5,5.0,True,False
2,ROMA SHENHUA SEMPRE,Gosens,D,5.5,5.5,True,False
2,ROMA SHENHUA SEMPRE,Kristensen T.,D,5.0,5.0,True,False
2,ROMA SHENHUA SEMPRE,Zortea,D,5.5,5.5,True,False
2,ROMA SHENHUA SEMPRE,Lobotka,C,6.0,6.5,True,False
2,ROMA SHENHUA SEMPRE,Paz N.,C,7.0,8.5,True,False
2,ROMA SHENHUA SEMPRE,Mandragora,C,7.0,9.0,True,False
2,ROMA SHENHUA SEMPRE,Saelemaekers,C,7.0,7.0,True,False
2,ROMA SHENHUA SEMPRE,Vlahovic,A,5.5,5.5,True,False
2,ROMA SHENHUA SEMPRE,Ferguson E.,A,6.0,6.0,True,False
2,ROMA SHENHUA SEMPRE,Leali,P,6.5,4.5,False,True
2,ROMA SHENHUA SEMPRE,Luperto,D,5.5,5.5,False,True
2,ROMA SHENHUA SEMPRE,Fagioli,C,5.5,5.5,False,True
2,ROMA SHENHUA SEMPRE,Esposito Se.,A,6.5,6.0,False,True
2,ROMA SHENHUA SEMPRE,Montipò,P,6.5,5.5,False,True
2,ROMA SHENHUA SEMPRE,Biraghi,D,5.0,5.0,False,True
2,ROMA SHENHUA SEMPRE,Ranieri L.,D,6.0,5.5,False,True
2,ROMA SHENHUA SEMPRE,Canestrelli,D,5.5,5.5,False,True
2,ROMA SHENHUA SEMPRE,Collocolo,C,,,False,True
2,ROMA SHENHUA SEMPRE,Bernardeschi,C,5.5,5.0,False,True
2,ROMA SHENHUA SEMPRE,Bonazzoli,A,,,False,True
2,ROMA SHENHUA SEMPRE,Almqvist,A,6.0,6.0,False,True
2,ROMA SHENHUA SEMPRE,De Luca,A,,,False,True
2,ROMA SHENHUA SEMPRE,Lovric,C,,,False,True
2,ROMAN EMPIRE,Caprile,P,6.5,5.5,True,False
2,ROMAN EMPIRE,Rensch,D,7.0,7.0,True,False
2,ROMAN EMPIRE,Beukema,D,5.0,5.0,True,False
2,ROMAN EMPIRE,De Winter,D,6.0,6.0,True,False
2,ROMAN EMPIRE,Terracciano F.,D,6.0,6.0,True,False
2,ROMAN EMPIRE,Zalewski,C,,,False,False
2,ROMAN EMPIRE,Pellegrini Lo.,C,7.0,11.0,True,False
2,ROMAN EMPIRE,Konè M.,C,7.0,7.0,True,False
2,ROMAN EMPIRE,Rabiot,C,7.0,8.0,True,False
2,ROMAN EMPIRE,Morata,A,5.5,5.5,True,False
2,ROMAN EMPIRE,Lucca,A,7.0,10.0,True,False
2,ROMAN EMPIRE,Suzuki,P,6.0,7.0,False,True
2,ROMAN EMPIRE,Buongiorno,D,6.5,6.5,False,True
2,ROMAN EMPIRE,Akanji,D,6.0,6.0,False,True
2,ROMAN EMPIRE,Wesley,D,,,False,True
2,ROMAN EMPIRE,Juan Jesus,D,,,False,True
2,ROMAN EMPIRE,Zaniolo,C,6.0,6.0,True,True
2,ROMAN EMPIRE,Zhegrova,C,,,False,True
2,ROMAN EMPIRE,Volpato,C,6.0,6.0,False,True
2,ROMAN EMPIRE,Cutrone,A,5.5,5.5,False,True
2,ROMAN EMPIRE,Dybala,A,,,False,True
2,ROMAN EMPIRE,Dovbyk,A,5.5,5.5,False,True
2,DELI-XUJUN,Provedel,P,6.5,5.5,True,False
2,DELI-XUJUN,Scalvini,D,,,False,False
2,DELI-XUJUN,N'Dicka,D,6.0,5.5,True,False
2,DELI-XUJUN,Mancini,D,6.0,6.0,True,False
2,DELI-XUJUN,Di Lorenzo,D,5.0,5.0,True,False
2,DELI-XUJUN,El Shaarawy,C,,,False,False
2,DELI-XUJUN,Modric,C,7.0,7.0,True,False
2,DELI-XUJUN,Cristante,C,6.0,6.0,True,False
2,DELI-XUJUN,Locatelli,C,5.5,5.5,True,False
2,DELI-XUJUN,De Ketelaere,A,,,False,False
2,DELI-XUJUN,Rodriguez Je.,A,6.5,6.5,True,False
2,DELI-XUJUN,Semper,P,5.5,2.5,False,True
2,DELI-XUJUN,Silvestri,P,,,False,True
2,DELI-XUJUN,Spinazzola,D,7.5,11.0,True,True
2,DELI-XUJUN,Joao Mario,D,5.0,5.0,False,True
2,DELI-XUJUN,Kalulu,D,6.0,6.0,False,True
2,DELI-XUJUN,Rrahmani,D,,,False,True
2,DELI-XUJUN,Elmas,C,5.5,5.5,True,True
2,DELI-XUJUN,Maldini,C,,,False,True
2,DELI-XUJUN,Sohm,C,5.5,5.0,False,True
2,DELI-XUJUN,Nicolussi Caviglia,C,5.5,5.5,False,True
2,DELI-XUJUN,Dzeko,A,6.0,6.0,True,True
2,DELI-XUJUN,Pedro,A,6.0,6.0,False,True
2,DELI-XUJUN,Sarr A.,A,6.0,6.0,False,True
2,DELI-XUJUN,Okereke,A,,,False,True
3,DTE,Carnesecchi,P,6.5,6.5,True,False
3,DTE,Miranda J.,D,5.0,5.0,True,False
3,DTE,Bastoni,D,7.0,9.0,True,False
3,DTE,Mina,D,5.5,5.5,True,False
3,DTE,McTominay,C,6.0,6.0,True,False
3,DTE,Perrone,C,6.0,5.5,True,False
3,DTE,De Bruyne,C,6.5,8.5,True,False
3,DTE,Orsolini,C,6.5,8.5,True,False
3,DTE,Cambiaghi,A,6.0,6.0,True,False
3,DTE,Kean,A,5.5,5.0,True,False
3,DTE,Stulic,A,5.5,5.5,True,False
3,DTE,Rossi F.,P,,,False,True
3,DTE,Sportiello,P,,,False,True
3,DTE,Obert,D,5.5,5.5,False,True
3,DTE,Lykogiannis,D,,,False,True
3,DTE,Heggem,D,6.0,6.0,False,True
3,DTE,Lucumì,D,5.5,5.5,False,True
3,DTE,Odgaard,C,7.0,9.0,False,True
3,DTE,Miller L.,C,6.0,6.0,False,True
3,DTE,Frendrup,C,5.0,5.0,False,True
3,DTE,Masini,C,5.5,5.0,False,True
3,DTE,Piccoli,A,6.0,6.0,False,True
3,DTE,Lang,A,6.0,6.0,False,True
3,DTE,Colombo,A,5.0,5.0,False,True
3,ROMAN EMPIRE,Suzuki,P,6.0,5.0,True,False
3,ROMAN EMPIRE,Rensch,D,,,False,False
3,ROMAN EMPIRE,Terracciano F.,D,5.5,5.5,True,False
3,ROMAN EMPIRE,Wesley,D,5.5,5.5,True,False
3,ROMAN EMPIRE,Pellegrini Lo.,C,6.0,6.0,True,False
3,ROMAN EMPIRE,Rabiot,C,6.5,6.0,True,False
3,ROMAN EMPIRE,Konè M.,C,6.5,6.5,True,False
3,ROMAN EMPIRE,Zhegrova,C,6.5,6.5,True,False
3,ROMAN EMPIRE,Cutrone,A,5.5,5.5,True,False
3,ROMAN EMPIRE,Lucca,A,5.5,5.5,True,False
3,ROMAN EMPIRE,Dybala,A,,,False,False
3,ROMAN EMPIRE,Maignan,P,7.0,6.0,False,True
3,ROMAN EMPIRE,Caprile,P,6.5,4.5,False,True
3,ROMAN EMPIRE,Akanji,D,6.5,6.5,True,True
3,ROMAN EMPIRE,De Winter,D,6.0,6.0,False,True
3,ROMAN EMPIRE,Juan Jesus,D,5.5,5.5,False,True
3,ROMAN EMPIRE,Beukema,D,,,False,True
3,ROMAN EMPIRE,Buongiorno,D,,,False,True
3,ROMAN EMPIRE,Zaniolo,C,6.0,5.5,False,True
3,ROMAN EMPIRE,Volpato,C,,,False,True
3,ROMAN EMPIRE,Dovbyk,A,7.0,10.0,True,True
3,ROMAN EMPIRE,Morata,A,,,False,True
3,DELI-XUJUN,Provedel,P,6.5,7.5,True,False
3,DELI-XUJUN,Spinazzola,D,,,False,False
3,DELI-XUJUN,N'Dicka,D,5.5,5.5,True,False
3,DELI-XUJUN,Mancini,D,6.0,6.0,True,False
3,DELI-XUJUN,Di Lorenzo,D,6.0,6.0,True,False
3,DELI-XUJUN,El Shaarawy,C,,,False,False
3,DELI-XUJUN,Modric,C,7.0,7.0,True,False
3,DELI-XUJUN,Cristante,C,6.0,6.0,True,False
3,DELI-XUJUN,Locatelli,C,,,False,False
3,DELI-XUJUN,De Ketelaere,A,6.0,6.0,True,False
3,DELI-XUJUN,Rodriguez Je.,A,5.0,5.0,True,False
3,DELI-XUJUN,Semper,P,6.0,7.0,False,True
3,DELI-XUJUN,Silvestri,P,6.5,5.5,False,True
3,DELI-XUJUN,Scalvini,D,,,False,True
3,DELI-XUJUN,Joao Mario,D,6.0,7.0,True,True
3,DELI-XUJUN,Kalulu,D,6.5,6.5,False,True
3,DELI-XUJUN,Rrahmani,D,,,False,True
3,DELI-XUJUN,Elmas,C,6.0,6.0,True,True
3,DELI-XUJUN,Maldini,C,,,False,True
3,DELI-XUJUN,Sohm,C,,,False,True
3,DELI-XUJUN,Nicolussi Caviglia,C,5.5,5.5,True,True
3,DELI-XUJUN,Dzeko,A,,,False,True
3,DELI-XUJUN,Pedro,A,,,False,True
3,DELI-XUJUN,Sarr A.,A,5.5,5.5,False,True
3,DELI-XUJUN,Okereke,A,,,False,True
3,AVIOD RELEGATION FOOTBALL CLUB,Sava,P,6.0,3.0,True,False
3,AVIOD RELEGATION FOOTBALL CLUB,Kempf,D,5.5,5.5,True,False
3,AVIOD RELEGATION FOOTBALL CLUB,Gila,D,6.5,6.5,True,False
3,AVIOD RELEGATION FOOTBALL CLUB,Acerbi,D,,,False,False
3,AVIOD RELEGATION FOOTBALL CLUB,Carlos Augusto,D,6.0,5.5,True,False
3,AVIOD RELEGATION FOOTBALL CLUB,Thuram K.,C,5.5,5.5,True,False
3,AVIOD RELEGATION FOOTBALL CLUB,Bernabè,C,6.0,6.0,True,False
3,AVIOD RELEGATION FOOTBALL CLUB,Rowe,C,6.5,6.5,True,False
3,AVIOD RELEGATION FOOTBALL CLUB,Yildiz,A,6.0,6.0,True,False
3,AVIOD RELEGATION FOOTBALL CLUB,Pellegrino M.,A,7.5,13.0,True,False
3,AVIOD RELEGATION FOOTBALL CLUB,Sanabria,A,6.0,5.5,True,False
3,AVIOD RELEGATION FOOTBALL CLUB,Di Gregorio,P,6.0,5.0,False,True
3,AVIOD RELEGATION FOOTBALL CLUB,Falcone,P,6.5,4.5,False,True
3,AVIOD RELEGATION FOOTBALL CLUB,Delprato,D,6.0,5.5,True,True
3,AVIOD RELEGATION FOOTBALL CLUB,Martin,D,5.5,5.5,False,True
3,AVIOD RELEGATION FOOTBALL CLUB,Kelly L.,D,6.0,6.0,False,True
3,AVIOD RELEGATION FOOTBALL CLUB,Ghilardi,D,,,False,True
3,AVIOD RELEGATION FOOTBALL CLUB,Tourè I.,C,6.5,6.5,False,True
3,AVIOD RELEGATION FOOTBALL CLUB,Fofana Y.,C,6.5,7.5,False,True
3,AVIOD RELEGATION FOOTBALL CLUB,Adopo,C,5.5,5.5,False,True
3,AVIOD RELEGATION FOOTBALL CLUB,Serdar,C,5.5,5.5,False,True
3,AVIOD RELEGATION FOOTBALL CLUB,Baturina,C,,,False,True
3,AVIOD RELEGATION FOOTBALL CLUB,Bonny,A,,,False,True
3,AVIOD RELEGATION FOOTBALL CLUB,David,A,,,False,True
3,ROMA SHENHUA SEMPRE,Butez,P,6.0,5.0,True,False
3,ROMA SHENHUA SEMPRE,Dodò,D,5.0,5.0,True,False
3,ROMA SHENHUA SEMPRE,Gosens,D,6.0,6.0,True,False
3,ROMA SHENHUA SEMPRE,Biraghi,D,5.5,5.5,True,False
3,ROMA SHENHUA SEMPRE,Zortea,D,,,False,False
3,ROMA SHENHUA SEMPRE,Lobotka,C,6.0,6.0,True,False
3,ROMA SHENHUA SEMPRE,Paz N.,C,7.0,10.0,True,False
3,ROMA SHENHUA SEMPRE,Mandragora,C,5.5,5.5,True,False
3,ROMA SHENHUA SEMPRE,Saelemaekers,C,7.0,9.0,True,False
3,ROMA SHENHUA SEMPRE,Vlahovic,A,5.5,5.5,True,False
3,ROMA SHENHUA SEMPRE,Ferguson E.,A,6.0,6.0,True,False
3,ROMA SHENHUA SEMPRE,Leali,P,6.0,3.0,False,True
3,ROMA SHENHUA SEMPRE,Kristensen T.,D,5.0,5.0,True,True
3,ROMA SHENHUA SEMPRE,Lovric,C,,,False,True
3,ROMA SHENHUA SEMPRE,Esposito Se.,A,6.0,6.0,False,True
3,ROMA SHENHUA SEMPRE,Luperto,D,5.5,5.5,False,True
3,ROMA SHENHUA SEMPRE,Fagioli,C,,,False,True
3,ROMA SHENHUA SEMPRE,Montipò,P,6.5,4.5,False,True
3,ROMA SHENHUA SEMPRE,Ranieri L.,D,6.0,6.0,False,True
3,ROMA SHENHUA SEMPRE,Canestrelli,D,6.0,6.0,False,True
3,ROMA SHENHUA SEMPRE,Collocolo,C,,,False,True
3,ROMA SHENHUA SEMPRE,Bernardeschi,C,5.0,4.5,False,True
3,ROMA SHENHUA SEMPRE,Bonazzoli,A,6.0,6.0,False,True
3,ROMA SHENHUA SEMPRE,Almqvist,A,,,False,True
3,ROMA SHENHUA SEMPRE,De Luca,A,,,False,True
3,BATIGOAL,Sommer,P,,,False,False
3,BATIGOAL,Angelino,D,6.0,6.0,True,False
3,BATIGOAL,Bisseck,D,,,False,False
3,BATIGOAL,Pezzella Giu.,D,6.0,6.0,True,False
3,BATIGOAL,Cambiaso,D,6.0,6.0,True,False
3,BATIGOAL,Vandeputte,C,6.0,6.0,True,False
3,BATIGOAL,Mkhitaryan,C,6.5,6.5,True,False
3,BATIGOAL,Vazquez,C,6.5,7.5,True,False
3,BATIGOAL,Leao,A,5.5,5.5,True,False
3,BATIGOAL,Thuram,A,6.5,6.5,True,False
3,BATIGOAL,Diao,A,,,False,False
3,BATIGOAL,Martinez Jo.,P,6.0,7.0,True,True
3,BATIGOAL,Tsimikas,D,6.0,6.0,True,True
3,BATIGOAL,Gutierrez,D,5.5,5.5,False,True
3,BATIGOAL,Olivera,D,,,False,True
3,BATIGOAL,Tomori,D,5.5,5.5,False,True
3,BATIGOAL,El Aynaoui,C,,,False,True
3,BATIGOAL,Neres,C,6.5,6.5,False,True
3,BATIGOAL,Fazzini,C,6.0,6.0,False,True
3,BATIGOAL,Stanciu,C,5.5,5.5,False,True
3,BATIGOAL,Stengs,C,,,False,True
3,BATIGOAL,Openda,A,5.0,5.0,True,True
3,BATIGOAL,Orban G.,A,5.0,5.0,False,True
3,BATIGOAL,Giovane,A,5.0,5.0,False,True
3,BATIGOAL,Okoye,P,,,False,True
3,SOVEREIGN83,Svilar,P,7.0,8.0,True,False
3,SOVEREIGN83,Solet,D,6.0,6.0,True,False
3,SOVEREIGN83,Hermoso,D,6.0,6.0,True,False
3,SOVEREIGN83,Comuzzo,D,,,False,False
3,SOVEREIGN83,Tavares N.,D,6.0,6.0,True,False
3,SOVEREIGN83,Asllani,C,6.0,6.0,True,False
3,SOVEREIGN83,Pasalic,C,6.0,6.0,True,False
3,SOVEREIGN83,Da Cunha,C,6.0,5.5,True,False
3,SOVEREIGN83,Douvikas,A,6.5,6.5,True,False
3,SOVEREIGN83,Soulè,A,6.5,8.5,True,False
3,SOVEREIGN83,Hojlund,A,5.5,5.5,True,False
3,SOVEREIGN83,Gollini,P,,,False,True
3,SOVEREIGN83,Vasquez D.,P,,,False,True
3,SOVEREIGN83,Kossounou,D,5.0,5.0,True,True
3,SOVEREIGN83,Circati,D,6.5,6.5,False,True
3,SOVEREIGN83,Vitik,D,,,False,True
3,SOVEREIGN83,Celik,D,6.5,8.5,False,True
3,SOVEREIGN83,Casadei,C,5.5,5.5,False,True
3,SOVEREIGN83,Zerbin,C,5.5,5.5,False,True
3,SOVEREIGN83,Kuhn,A,5.5,5.5,False,True
3,SOVEREIGN83,Nkunku,A,,,False,True
3,SOVEREIGN83,Meister,A,6.0,6.0,False,True
3,OWEN,Meret,P,6.0,4.0,True,False
3,OWEN,Vasquez,D,5.0,4.5,True,False
3,OWEN,Valeri,D,7.0,8.0,True,False
3,OWEN,Valle,D,6.0,6.0,True,False
3,OWEN,Zappacosta,D,6.0,5.5,True,False
3,OWEN,Gudmundsson A.,C,5.0,5.0,True,False
3,OWEN,Pulisic,C,8.0,13.0,True,False
3,OWEN,Frattesi,C,6.0,6.0,True,False
3,OWEN,Gimenez,A,5.5,5.5,True,False
3,OWEN,Laurientè,A,7.5,11.5,True,False
3,OWEN,Lookman,A,,,False,False
3,OWEN,Milinkovic-Savic V.,P,,,False,True
3,OWEN,Cuadrado,D,6.5,6.5,False,True
3,OWEN,Vojvoda,D,,,False,True
3,OWEN,Gatti,D,5.5,5.5,False,True
3,OWEN,Ramon,D,6.0,5.5,False,True
3,OWEN,Isaksen,C,,,False,True
3,OWEN,Vlasic,C,5.0,5.0,False,True
3,OWEN,Folorunsho,C,6.0,6.0,False,True
3,OWEN,Koopmeiners,C,6.0,6.0,False,True
3,OWEN,Simeone,A,5.5,5.5,True,True
3,OWEN,Nzola,A,6.0,6.0,False,True
3,OWEN,Vardy,A,,,False,True
3,THE GREAT BINGO,De Gea,P,6.0,7.0,True,False
3,THE GREAT BINGO,Estupinan,D,5.0,4.0,True,False
3,THE GREAT BINGO,Bellanova,D,6.5,6.5,True,False
3,THE GREAT BINGO,Dumfries,D,6.0,6.0,True,False
3,THE GREAT BINGO,Zaccagni,C,7.0,9.0,True,False
3,THE GREAT BINGO,Samardzic,C,6.5,6.5,True,False
3,THE GREAT BINGO,Conceicao,C,,,False,False
3,THE GREAT BINGO,Politano,C,6.0,6.0,True,False
3,THE GREAT BINGO,Martinez L.,A,7.0,10.0,True,False
3,THE GREAT BINGO,Castellanos,A,7.5,10.5,True,False
3,THE GREAT BINGO,Berardi,A,7.0,8.0,True,False
3,THE GREAT BINGO,Martinelli T.,P,,,False,True
3,THE GREAT BINGO,Lezzerini,P,,,False,True
3,THE GREAT BINGO,Bradaric,D,6.0,6.0,False,True
3,THE GREAT BINGO,Zemura,D,5.5,5.5,False,True
3,THE GREAT BINGO,Pongracic,D,6.0,6.0,False,True
3,THE GREAT BINGO,Lovik,D,,,False,True
3,THE GREAT BINGO,Angori,D,,,False,True
3,THE GREAT BINGO,Fabbian,C,5.0,5.0,True,True
3,THE GREAT BINGO,Tramoni M.,C,5.5,5.5,False,True
3,THE GREAT BINGO,Messias,C,,,False,True
3,THE GREAT BINGO,Lipani,C,,,False,True
3,THE GREAT BINGO,Cancellieri,A,7.5,11.5,False,True
3,THE GREAT BINGO,Esposito F.P.,A,7.0,9.0,False,True
3,THE GREAT BINGO,Camarda,A,7.0,10.5,False,True
3,TEAM PC,Skorupski,P,6.5,4.5,True,False
3,TEAM PC,Doig,D,6.0,6.0,True,False
3,TEAM PC,Dimarco,D,7.0,8.0,True,False
3,TEAM PC,Bremer,D,5.5,5.5,True,False
3,TEAM PC,Pavlovic,D,6.5,6.5,True,False
3,TEAM PC,Zambo Anguissa,C,5.5,5.5,True,False
3,TEAM PC,Calhanoglu,C,6.5,6.5,True,False
3,TEAM PC,Atta,C,6.0,6.0,True,False
3,TEAM PC,Davis K.,A,7.0,9.0,True,False
3,TEAM PC,Castro S.,A,6.0,6.0,True,False
3,TEAM PC,Zapata D.,A,,,False,False
3,TEAM PC,Israel,P,6.0,4.0,False,True
3,TEAM PC,Ravaglia F.,P,,,False,True
3,TEAM PC,Baschirotto,D,7.0,9.5,False,True
3,TEAM PC,Gabbia,D,6.0,6.0,False,True
3,TEAM PC,Kabasele,D,,,False,True
3,TEAM PC,Lazaro,D,6.0,6.0,False,True
3,TEAM PC,Barella,C,6.5,6.0,False,True
3,TEAM PC,Loftus-Cheek,C,6.0,6.0,False,True
3,TEAM PC,Lorran,C,,,False,True
3,TEAM PC,Oristanio,C,5.0,5.0,False,True
3,TEAM PC,Dia,A,6.0,6.0,True,True
3,TEAM PC,Sucic P.,C,,,False,True
3,TEAM PC,Krstovic,A,5.5,5.5,False,True
3,TEAM PC,Pinamonti,A,6.0,6.0,False,True
4,BATIGOAL,Sommer,P,6.0,5.0,True,False
4,BATIGOAL,Angelino,D,,,False,False
4,BATIGOAL,Bisseck,D,,,False,False
4,BATIGOAL,Gutierrez,D,,,False,False
4,BATIGOAL,Cambiaso,D,5.5,5.5,True,False
4,BATIGOAL,El Aynaoui,C,,,False,False
4,BATIGOAL,Mkhitaryan,C,6.5,6.5,True,False
4,BATIGOAL,Neres,C,5.5,5.0,True,False
4,BATIGOAL,Leao,A,5.0,5.0,True,False
4,BATIGOAL,Giovane,A,6.0,6.0,True,False
4,BATIGOAL,Openda,A,6.0,6.0,True,False
4,BATIGOAL,Martinez Jo.,P,,,False,True
4,BATIGOAL,Olivera,D,5.0,5.0,True,True
4,BATIGOAL,Tsimikas,D,6.0,5.5,True,True
4,BATIGOAL,Tomori,D,6.0,6.0,True,True
4,BATIGOAL,Pezzella Giu.,D,4.5,4.0,False,True
4,BATIGOAL,Vazquez,C,5.5,5.5,True,True
4,BATIGOAL,Fazzini,C,5.5,5.5,False,True
4,BATIGOAL,Vandeputte,C,6.0,7.0,False,True
4,BATIGOAL,Orban G.,A,5.5,5.5,False,True
4,SOVEREIGN83,Svilar,P,5.5,4.5,True,False
4,SOVEREIGN83,Solet,D,6.5,8.5,True,False
4,SOVEREIGN83,Hermoso,D,,,False,False
4,SOVEREIGN83,Circati,D,5.5,5.5,True,False
4,SOVEREIGN83,Tavares N.,D,6.0,6.0,True,False
4,SOVEREIGN83,Asllani,C,6.0,5.5,True,False
4,SOVEREIGN83,Pasalic,C,6.0,6.0,True,False
4,SOVEREIGN83,Da Cunha,C,6.0,6.0,True,False
4,SOVEREIGN83,Nkunku,A,6.0,6.0,True,False
4,SOVEREIGN83,Soulè,A,7.5,11.5,True,False
4,SOVEREIGN83,Hojlund,A,7.0,10.0,True,False
4,SOVEREIGN83,Gollini,P,,,False,True
4,SOVEREIGN83,Vasquez D.,P,,,False,True
4,SOVEREIGN83,Vitik,D,,,False,True
4,SOVEREIGN83,Celik,D,6.5,6.5,True,True
4,SOVEREIGN83,Comuzzo,D,6.0,6.0,False,True
4,SOVEREIGN83,Casadei,C,5.5,5.0,False,True
4,SOVEREIGN83,Zerbin,C,,,False,True
4,SOVEREIGN83,Douvikas,A,5.5,5.5,False,True
4,SOVEREIGN83,Kuhn,A,,,False,True
4,SOVEREIGN83,Meister,A,5.5,5.5,False,True
4,TEAM PC,Skorupski,P,6.0,7.0,True,False
4,TEAM PC,Doig,D,6.0,6.0,True,False
4,TEAM PC,Dimarco,D,8.0,11.0,True,False
4,TEAM PC,Baschirotto,D,5.0,5.0,True,False
4,TEAM PC,Pavlovic,D,6.5,6.5,True,False
4,TEAM PC,Zambo Anguissa,C,7.5,10.5,True,False
4,TEAM PC,Calhanoglu,C,,,False,False
4,TEAM PC,Atta,C,6.5,6.5,True,False
4,TEAM PC,Pinamonti,A,6.5,7.5,True,False
4,TEAM PC,Castro S.,A,,,False,False
4,TEAM PC,Krstovic,A,6.0,6.0,True,False
4,TEAM PC,Israel,P,5.5,2.5,False,True
4,TEAM PC,Ravaglia F.,P,,,False,True
4,TEAM PC,Gabbia,D,6.5,6.5,False,True
4,TEAM PC,Kabasele,D,6.5,9.5,False,True
4,TEAM PC,Lazaro,D,5.5,5.5,False,True
4,TEAM PC,Barella,C,7.5,9.5,True,True
4,TEAM PC,Loftus-Cheek,C,6.0,6.0,False,True
4,TEAM PC,Lorran,C,,,False,True
4,TEAM PC,Oristanio,C,,,False,True
4,TEAM PC,Dia,A,5.5,5.5,True,True
4,TEAM PC,Sucic P.,C,6.0,5.5,False,True
4,TEAM PC,Davis K.,A,6.0,6.0,False,True
4,TEAM PC,Zapata D.,A,,,False,True
4,TEAM PC,Bremer,D,,,False,True
4,DELI-XUJUN,Provedel,P,6.0,3.0,True,False
4,DELI-XUJUN,Spinazzola,D,7.0,7.0,True,False
4,DELI-XUJUN,N'Dicka,D,6.0,6.0,True,False
4,DELI-XUJUN,Mancini,D,6.0,6.0,True,False
4,DELI-XUJUN,Di Lorenzo,D,6.5,6.5,True,False
4,DELI-XUJUN,El Shaarawy,C,,,False,False
4,DELI-XUJUN,Modric,C,6.5,6.5,True,False
4,DELI-XUJUN,Cristante,C,7.0,9.5,True,False
4,DELI-XUJUN,Locatelli,C,6.5,6.0,True,False
4,DELI-XUJUN,De Ketelaere,A,,,False,False
4,DELI-XUJUN,Dzeko,A,6.0,6.0,True,False
4,DELI-XUJUN,Semper,P,6.0,2.0,False,True
4,DELI-XUJUN,Silvestri,P,6.5,2.5,False,True
4,DELI-XUJUN,Scalvini,D,,,False,True
4,DELI-XUJUN,Joao Mario,D,,,False,True
4,DELI-XUJUN,Kalulu,D,6.0,6.0,False,True
4,DELI-XUJUN,Rrahmani,D,,,False,True
4,DELI-XUJUN,Elmas,C,,,False,True
4,DELI-XUJUN,Nicolussi Caviglia,C,6.0,7.0,True,True
4,DELI-XUJUN,Maldini,C,6.0,6.0,False,True
4,DELI-XUJUN,Sohm,C,,,False,True
4,DELI-XUJUN,Pedro,A,6.0,7.0,True,True
4,DELI-XUJUN,Rodriguez Je.,A,,,False,True
4,DELI-XUJUN,Sarr A.,A,5.5,5.5,False,True
4,DELI-XUJUN,Okereke,A,,,False,True
4,AVIOD RELEGATION FOOTBALL CLUB,Sava,P,5.5,4.5,True,False
4,AVIOD RELEGATION FOOTBALL CLUB,Carlos Augusto,D,6.0,6.0,True,False
4,AVIOD RELEGATION FOOTBALL CLUB,Acerbi,D,,,False,False
4,AVIOD RELEGATION FOOTBALL CLUB,Kelly L.,D,5.0,5.0,True,False
4,AVIOD RELEGATION FOOTBALL CLUB,Delprato,D,5.5,5.5,True,False
4,AVIOD RELEGATION FOOTBALL CLUB,Bernabè,C,5.5,5.5,True,False
4,AVIOD RELEGATION FOOTBALL CLUB,Rowe,C,6.5,6.5,True,False
4,AVIOD RELEGATION FOOTBALL CLUB,Thuram K.,C,5.5,5.5,True,False
4,AVIOD RELEGATION FOOTBALL CLUB,Fofana Y.,C,5.5,5.0,True,False
4,AVIOD RELEGATION FOOTBALL CLUB,Bonny,A,8.5,15.5,True,False
4,AVIOD RELEGATION FOOTBALL CLUB,Yildiz,A,5.5,5.5,True,False
4,AVIOD RELEGATION FOOTBALL CLUB,Falcone,P,6.5,7.5,False,True
4,AVIOD RELEGATION FOOTBALL CLUB,Di Gregorio,P,6.0,7.0,False,True
4,AVIOD RELEGATION FOOTBALL CLUB,Gila,D,6.0,6.0,True,True
4,AVIOD RELEGATION FOOTBALL CLUB,Martin,D,,,False,True
4,AVIOD RELEGATION FOOTBALL CLUB,Serdar,C,5.5,5.0,False,True
4,AVIOD RELEGATION FOOTBALL CLUB,Adopo,C,6.0,6.5,False,True
4,AVIOD RELEGATION FOOTBALL CLUB,Tourè I.,C,4.0,3.0,False,True
4,AVIOD RELEGATION FOOTBALL CLUB,Pellegrino M.,A,6.0,6.0,False,True
4,AVIOD RELEGATION FOOTBALL CLUB,Sanabria,A,5.0,5.0,False,True
4,AVIOD RELEGATION FOOTBALL CLUB,Ghilardi,D,,,False,True
4,AVIOD RELEGATION FOOTBALL CLUB,Kempf,D,,,False,True
4,AVIOD RELEGATION FOOTBALL CLUB,Baturina,C,5.0,5.0,False,True
4,AVIOD RELEGATION FOOTBALL CLUB,David,A,5.0,5.0,False,True
4,DTE,Carnesecchi,P,6.5,5.5,True,False
4,DTE,Miranda J.,D,6.5,6.5,True,False
4,DTE,Bastoni,D,6.5,6.5,True,False
4,DTE,Heggem,D,6.5,6.5,True,False
4,DTE,McTominay,C,6.0,6.0,True,False
4,DTE,Odgaard,C,6.5,8.5,True,False
4,DTE,De Bruyne,C,6.5,6.5,True,False
4,DTE,Orsolini,C,7.0,9.0,True,False
4,DTE,Cambiaghi,A,8.0,13.0,True,False
4,DTE,Kean,A,7.0,9.0,True,False
4,DTE,Stulic,A,5.5,5.5,True,False
4,DTE,Rossi F.,P,,,False,True
4,DTE,Sportiello,P,,,False,True
4,DTE,Obert,D,6.0,5.5,False,True
4,DTE,Hien,D,7.0,7.0,False,True
4,DTE,Lykogiannis,D,,,False,True
4,DTE,Lucumì,D,6.5,6.5,False,True
4,DTE,Mina,D,6.0,6.0,False,True
4,DTE,Miller L.,C,,,False,True
4,DTE,Frendrup,C,5.5,5.5,False,True
4,DTE,Perrone,C,7.0,10.0,False,True
4,DTE,Masini,C,5.0,5.0,False,True
4,DTE,Piccoli,A,6.0,6.0,False,True
4,DTE,Lang,A,,,False,True
4,DTE,Colombo,A,6.0,6.0,False,True
4,OWEN,Meret,P,,,False,False
4,OWEN,Cuadrado,D,5.5,5.0,True,False
4,OWEN,Valeri,D,6.0,6.0,True,False
4,OWEN,Valle,D,6.0,6.0,True,False
4,OWEN,Zappacosta,D,6.0,6.0,True,False
4,OWEN,Gudmundsson A.,C,5.0,4.5,True,False
4,OWEN,Pulisic,C,5.0,3.0,True,False
4,OWEN,Isaksen,C,5.5,5.5,True,False
4,OWEN,Gimenez,A,6.5,6.5,True,False
4,OWEN,Laurientè,A,6.0,6.0,True,False
4,OWEN,Lookman,A,5.5,5.5,True,False
4,OWEN,Milinkovic-Savic V.,P,6.0,5.0,True,True
4,OWEN,Gatti,D,5.5,5.0,False,True
4,OWEN,Vojvoda,D,6.0,6.0,False,True
4,OWEN,Vasquez,D,6.0,6.0,False,True
4,OWEN,Ramon,D,5.5,5.5,False,True
4,OWEN,Frattesi,C,6.0,6.0,False,True
4,OWEN,Ederson D.S.,C,6.0,6.0,False,True
4,OWEN,Folorunsho,C,6.0,6.0,False,True
4,OWEN,Vlasic,C,5.5,5.5,False,True
4,OWEN,Koopmeiners,C,,,False,True
4,OWEN,Simeone,A,7.0,9.0,False,True
4,OWEN,Nzola,A,5.0,5.0,False,True
4,OWEN,Vardy,A,6.0,6.0,False,True
4,THE GREAT BINGO,De Gea,P,6.0,4.0,True,False
4,THE GREAT BINGO,Bradaric,D,5.5,5.5,True,False
4,THE GREAT BINGO,Pongracic,D,6.0,6.0,True,False
4,THE GREAT BINGO,Dumfries,D,6.0,6.0,True,False
4,THE GREAT BINGO,Zaccagni,C,,,False,False
4,THE GREAT BINGO,Samardzic,C,7.0,9.0,True,False
4,THE GREAT BINGO,Conceicao,C,6.5,6.5,True,False
4,THE GREAT BINGO,Politano,C,5.5,5.5,True,False
4,THE GREAT BINGO,Martinez L.,A,7.0,9.0,True,False
4,THE GREAT BINGO,Castellanos,A,6.0,5.5,True,False
4,THE GREAT BINGO,Berardi,A,,,False,False
4,THE GREAT BINGO,Martinelli T.,P,,,False,True
4,THE GREAT BINGO,Lezzerini,P,,,False,True
4,THE GREAT BINGO,Angori,D,5.5,5.5,False,True
4,THE GREAT BINGO,Zemura,D,,,False,True
4,THE GREAT BINGO,Lovik,D,5.0,5.0,False,True
4,THE GREAT BINGO,Tramoni M.,C,5.5,5.5,True,True
4,THE GREAT BINGO,Fabbian,C,6.0,6.0,False,True
4,THE GREAT BINGO,Lipani,C,,,False,True
4,THE GREAT BINGO,Messias,C,,,False,True
4,THE GREAT BINGO,Cancellieri,A,8.0,13.0,True,True
4,THE GREAT BINGO,Esposito F.P.,A,6.0,6.0,False,True
4,THE GREAT BINGO,Camarda,A,6.0,6.0,False,True
4,ROMAN EMPIRE,Maignan,P,7.0,9.0,True,False
4,ROMAN EMPIRE,Juan Jesus,D,6.0,6.0,True,False
4,ROMAN EMPIRE,De Winter,D,,,False,False
4,ROMAN EMPIRE,Akanji,D,6.5,6.5,True,False
4,ROMAN EMPIRE,Rensch,D,6.0,6.0,True,False
4,ROMAN EMPIRE,Pellegrini Lo.,C,6.0,6.0,True,False
4,ROMAN EMPIRE,Rabiot,C,6.5,6.5,True,False
4,ROMAN EMPIRE,Konè M.,C,6.5,6.5,True,False
4,ROMAN EMPIRE,Zaniolo,C,5.5,5.0,True,False
4,ROMAN EMPIRE,Cutrone,A,5.5,5.5,True,False
4,ROMAN EMPIRE,Dovbyk,A,6.0,7.0,True,False
4,ROMAN EMPIRE,Suzuki,P,5.0,4.0,False,True
4,ROMAN EMPIRE,Caprile,P,7.0,6.0,False,True
4,ROMAN EMPIRE,Wesley,D,6.5,6.0,True,True
4,ROMAN EMPIRE,Beukema,D,5.5,5.5,False,True
4,ROMAN EMPIRE,Terracciano F.,D,,,False,True
4,ROMAN EMPIRE,Zhegrova,C,,,False,True
4,ROMAN EMPIRE,Volpato,C,6.0,6.0,False,True
4,ROMAN EMPIRE,Lucca,A,,,False,True
4,ROMAN EMPIRE,Morata,A,5.5,5.5,False,True
4,ROMA SHENHUA SEMPRE,Butez,P,6.0,5.0,True,False
4,ROMA SHENHUA SEMPRE,Dodò,D,5.5,5.5,True,False
4,ROMA SHENHUA SEMPRE,Gosens,D,5.0,5.0,True,False
4,ROMA SHENHUA SEMPRE,Luperto,D,,,False,False
4,ROMA SHENHUA SEMPRE,Zortea,D,6.0,6.0,True,False
4,ROMA SHENHUA SEMPRE,Lobotka,C,6.0,6.0,True,False
4,ROMA SHENHUA SEMPRE,Paz N.,C,6.0,6.0,True,False
4,ROMA SHENHUA SEMPRE,Mandragora,C,5.5,5.5,True,False
4,ROMA SHENHUA SEMPRE,Saelemaekers,C,6.5,6.5,True,False
4,ROMA SHENHUA SEMPRE,Vlahovic,A,6.0,6.0,True,False
4,ROMA SHENHUA SEMPRE,Ferguson E.,A,,,False,False
4,ROMA SHENHUA SEMPRE,Leali,P,6.0,4.0,False,True
4,ROMA SHENHUA SEMPRE,Montipò,P,6.5,7.5,False,True
4,ROMA SHENHUA SEMPRE,Biraghi,D,,,False,True
4,ROMA SHENHUA SEMPRE,Kristensen T.,D,,,False,True
4,ROMA SHENHUA SEMPRE,Ranieri L.,D,5.5,5.5,True,True
4,ROMA SHENHUA SEMPRE,Canestrelli,D,5.0,5.0,False,True
4,ROMA SHENHUA SEMPRE,Lovric,C,,,False,True
4,ROMA SHENHUA SEMPRE,Bernardeschi,C,6.0,6.0,False,True
4,ROMA SHENHUA SEMPRE,Fagioli,C,,,False,True
4,ROMA SHENHUA SEMPRE,Esposito Se.,A,5.5,5.5,True,True
4,ROMA SHENHUA SEMPRE,Bonazzoli,A,6.5,8.5,False,True
4,ROMA SHENHUA SEMPRE,Almqvist,A,6.0,6.0,False,True
4,ROMA SHENHUA SEMPRE,De Luca,A,,,False,True
4,ROMA SHENHUA SEMPRE,Collocolo,C,,,False,True
5,DTE,Carnesecchi,P,6.0,7.0,True,False
5,DTE,Mina,D,5.5,5.5,True,False
5,DTE,Bastoni,D,6.5,6.5,True,False
5,DTE,Hien,D,6.0,5.5,True,False
5,DTE,McTominay,C,,,False,False
5,DTE,Odgaard,C,7.0,8.0,True,False
5,DTE,De Bruyne,C,6.0,6.0,True,False
5,DTE,Orsolini,C,7.0,10.0,True,False
5,DTE,Cambiaghi,A,5.5,5.5,True,False
5,DTE,Kean,A,6.0,6.0,True,False
5,DTE,Stulic,A,6.0,6.0,True,False
5,DTE,Rossi F.,P,,,False,True
5,DTE,Sportiello,P,,,False,True
5,DTE,Miranda J.,D,6.5,6.0,False,True
5,DTE,Obert,D,5.0,5.0,False,True
5,DTE,Lykogiannis,D,6.0,5.5,False,True
5,DTE,Heggem,D,6.5,6.5,False,True
5,DTE,Lucumì,D,,,False,True
5,DTE,Perrone,C,7.0,8.0,True,True
5,DTE,Miller L.,C,,,False,True
5,DTE,Frendrup,C,6.0,6.0,False,True
5,DTE,Masini,C,6.5,6.5,False,True
5,DTE,Piccoli,A,5.5,5.5,False,True
5,DTE,Lang,A,6.0,5.5,False,True
5,DTE,Colombo,A,5.5,5.0,False,True
5,TEAM PC,Skorupski,P,,,False,False
5,TEAM PC,Doig,D,6.0,5.5,True,False
5,TEAM PC,Dimarco,D,6.0,6.0,True,False
5,TEAM PC,Baschirotto,D,5.5,5.5,True,False
5,TEAM PC,Pavlovic,D,6.0,6.5,True,False
5,TEAM PC,Zambo Anguissa,C,6.0,6.0,True,False
5,TEAM PC,Calhanoglu,C,6.5,6.5,True,False
5,TEAM PC,Atta,C,6.5,6.5,True,False
5,TEAM PC,Dia,A,5.0,5.0,True,False
5,TEAM PC,Castro S.,A,6.0,6.0,True,False
5,TEAM PC,Krstovic,A,6.0,6.0,True,False
5,TEAM PC,Israel,P,6.0,6.5,True,True
5,TEAM PC,Ravaglia F.,P,6.5,7.5,False,True
5,TEAM PC,Gabbia,D,5.5,5.5,False,True
5,TEAM PC,Kabasele,D,6.0,5.5,False,True
5,TEAM PC,Lazaro,D,,,False,True
5,TEAM PC,Barella,C,6.5,7.5,False,True
5,TEAM PC,Loftus-Cheek,C,,,False,True
5,TEAM PC,Lorran,C,,,False,True
5,TEAM PC,Oristanio,C,,,False,True
5,TEAM PC,Sucic P.,C,6.0,5.5,False,True
5,TEAM PC,Pinamonti,A,5.5,5.5,False,True
5,TEAM PC,Davis K.,A,6.0,6.0,False,True
5,TEAM PC,Zapata D.,A,,,False,True
5,TEAM PC,Bremer,D,,,False,True
5,DELI-XUJUN,Provedel,P,6.5,7.5,True,False
5,DELI-XUJUN,Spinazzola,D,6.5,6.5,True,False
5,DELI-XUJUN,N'Dicka,D,5.0,4.5,True,False
5,DELI-XUJUN,Mancini,D,6.5,6.5,True,False
5,DELI-XUJUN,Di Lorenzo,D,5.5,5.5,True,False
5,DELI-XUJUN,Nicolussi Caviglia,C,6.0,5.5,True,False
5,DELI-XUJUN,Modric,C,6.5,6.5,True,False
5,DELI-XUJUN,Cristante,C,6.0,6.0,True,False
5,DELI-XUJUN,Locatelli,C,6.0,6.0,True,False
5,DELI-XUJUN,De Ketelaere,A,6.0,5.5,True,False
5,DELI-XUJUN,Dzeko,A,,,False,False
5,DELI-XUJUN,Semper,P,6.0,7.0,False,True
5,DELI-XUJUN,Silvestri,P,6.0,5.0,False,True
5,DELI-XUJUN,Scalvini,D,6.0,6.0,False,True
5,DELI-XUJUN,Joao Mario,D,,,False,True
5,DELI-XUJUN,Kalulu,D,5.5,5.5,False,True
5,DELI-XUJUN,Rrahmani,D,,,False,True
5,DELI-XUJUN,El Shaarawy,C,,,False,True
5,DELI-XUJUN,Elmas,C,5.5,5.5,False,True
5,DELI-XUJUN,Maldini,C,,,False,True
5,DELI-XUJUN,Sohm,C,,,False,True
5,DELI-XUJUN,Pedro,A,6.0,6.0,True,True
5,DELI-XUJUN,Rodriguez Je.,A,,,False,True
5,DELI-XUJUN,Sarr A.,A,6.0,6.0,False,True
5,DELI-XUJUN,Okereke,A,,,False,True
5,THE GREAT BINGO,De Gea,P,6.0,4.0,True,False
5,THE GREAT BINGO,Estupinan,D,,,False,False
5,THE GREAT BINGO,Pongracic,D,6.0,6.0,True,False
5,THE GREAT BINGO,Bellanova,D,,,False,False
5,THE GREAT BINGO,Dumfries,D,6.0,6.0,True,False
5,THE GREAT BINGO,Zaccagni,C,6.0,6.0,True,False
5,THE GREAT BINGO,Politano,C,6.5,6.5,True,False
5,THE GREAT BINGO,Conceicao,C,5.5,5.5,True,False
5,THE GREAT BINGO,Martinez L.,A,5.5,5.0,True,False
5,THE GREAT BINGO,Berardi,A,5.5,5.0,True,False
5,THE GREAT BINGO,Cancellieri,A,6.0,6.0,True,False
5,THE GREAT BINGO,Martinelli T.,P,,,False,True
5,THE GREAT BINGO,Lezzerini,P,,,False,True
5,THE GREAT BINGO,Lovik,D,,,False,True
5,THE GREAT BINGO,Angori,D,5.5,5.5,True,True
5,THE GREAT BINGO,Bradaric,D,,,False,True
5,THE GREAT BINGO,Zemura,D,,,False,True
5,THE GREAT BINGO,Tramoni M.,C,,,False,True
5,THE GREAT BINGO,Samardzic,C,,,False,True
5,THE GREAT BINGO,Fabbian,C,,,False,True
5,THE GREAT BINGO,Lipani,C,,,False,True
5,THE GREAT BINGO,Messias,C,,,False,True
5,THE GREAT BINGO,Esposito F.P.,A,6.0,6.0,False,True
5,THE GREAT BINGO,Camarda,A,6.0,6.0,False,True
5,THE GREAT BINGO,Castellanos,A,,,False,True
5,BATIGOAL,Okoye,P,6.0,5.0,True,False
5,BATIGOAL,Tsimikas,D,,,False,False
5,BATIGOAL,Tomori,D,6.0,5.5,True,False
5,BATIGOAL,Gutierrez,D,,,False,False
5,BATIGOAL,Cambiaso,D,5.5,5.5,True,False
5,BATIGOAL,Fazzini,C,6.0,6.0,True,False
5,BATIGOAL,El Aynaoui,C,,,False,False
5,BATIGOAL,Neres,C,5.5,5.5,True,False
5,BATIGOAL,Leao,A,7.5,13.5,True,False
5,BATIGOAL,Orban G.,A,5.0,5.0,True,False
5,BATIGOAL,Giovane,A,5.5,5.5,True,False
5,BATIGOAL,Sommer,P,6.5,7.5,False,True
5,BATIGOAL,Martinez Jo.,P,,,False,True
5,BATIGOAL,Olivera,D,5.0,5.0,True,True
5,BATIGOAL,Pezzella Giu.,D,5.5,5.5,True,True
5,BATIGOAL,Bisseck,D,,,False,True
5,BATIGOAL,Vazquez,C,6.5,6.5,True,True
5,BATIGOAL,Mkhitaryan,C,6.5,6.0,False,True
5,BATIGOAL,Vandeputte,C,6.5,8.0,False,True
5,BATIGOAL,Openda,A,,,False,True
5,OWEN,Meret,P,,,False,False
5,OWEN,Cuadrado,D,6.0,6.0,True,False
5,OWEN,Vasquez,D,6.5,6.5,True,False
5,OWEN,Vojvoda,D,6.5,6.5,True,False
5,OWEN,Zappacosta,D,6.5,6.5,True,False
5,OWEN,Ederson D.S.,C,6.0,6.0,True,False
5,OWEN,Folorunsho,C,6.0,6.0,True,False
5,OWEN,Gudmundsson A.,C,6.0,6.0,True,False
5,OWEN,Gimenez,A,6.5,6.5,True,False
5,OWEN,Vardy,A,5.5,5.0,True,False
5,OWEN,Lookman,A,6.0,6.0,True,False
5,OWEN,Milinkovic-Savic V.,P,6.0,5.0,True,True
5,OWEN,Gatti,D,,,False,True
5,OWEN,Valle,D,6.0,6.0,False,True
5,OWEN,Ramon,D,6.0,6.0,False,True
5,OWEN,Frattesi,C,6.0,6.0,False,True
5,OWEN,Isaksen,C,6.0,6.0,False,True
5,OWEN,Vlasic,C,6.5,6.5,False,True
5,OWEN,Koopmeiners,C,5.0,5.0,False,True
5,OWEN,Laurientè,A,5.5,5.5,False,True
5,OWEN,Simeone,A,7.5,11.5,False,True
5,OWEN,Nzola,A,5.5,5.5,False,True
5,ROMA SHENHUA SEMPRE,Montipò,P,6.0,7.0,True,False
5,ROMA SHENHUA SEMPRE,Dodò,D,6.0,6.0,True,False
5,ROMA SHENHUA SEMPRE,Gosens,D,6.5,8.5,True,False
5,ROMA SHENHUA SEMPRE,Zortea,D,,,False,False
5,ROMA SHENHUA SEMPRE,Saelemaekers,C,5.5,5.5,True,False
5,ROMA SHENHUA SEMPRE,Bernardeschi,C,6.5,6.5,True,False
5,ROMA SHENHUA SEMPRE,Paz N.,C,8.0,12.0,True,False
5,ROMA SHENHUA SEMPRE,Mandragora,C,6.0,6.0,True,False
5,ROMA SHENHUA SEMPRE,Bonazzoli,A,6.0,6.0,True,False
5,ROMA SHENHUA SEMPRE,Vlahovic,A,5.5,5.5,True,False
5,ROMA SHENHUA SEMPRE,Ferguson E.,A,,,False,False
5,ROMA SHENHUA SEMPRE,Butez,P,6.0,7.0,False,True
5,ROMA SHENHUA SEMPRE,Leali,P,6.0,7.0,False,True
5,ROMA SHENHUA SEMPRE,Ranieri L.,D,6.5,6.0,True,True
5,ROMA SHENHUA SEMPRE,Canestrelli,D,6.5,6.0,False,True
5,ROMA SHENHUA SEMPRE,Luperto,D,5.5,5.5,False,True
5,ROMA SHENHUA SEMPRE,Biraghi,D,6.0,6.0,False,True
5,ROMA SHENHUA SEMPRE,Fagioli,C,6.0,6.0,False,True
5,ROMA SHENHUA SEMPRE,Lovric,C,,,False,True
5,ROMA SHENHUA SEMPRE,Esposito Se.,A,6.0,5.5,True,True
5,ROMA SHENHUA SEMPRE,De Luca,A,,,False,True
5,ROMA SHENHUA SEMPRE,Almqvist,A,6.0,6.0,False,True
5,AVIOD RELEGATION FOOTBALL CLUB,Falcone,P,6.0,6.5,True,False
5,AVIOD RELEGATION FOOTBALL CLUB,Kelly L.,D,6.0,5.5,True,False
5,AVIOD RELEGATION FOOTBALL CLUB,Martin,D,,,False,False
5,AVIOD RELEGATION FOOTBALL CLUB,Delprato,D,6.0,6.0,True,False
5,AVIOD RELEGATION FOOTBALL CLUB,Carlos Augusto,D,,,False,False
5,AVIOD RELEGATION FOOTBALL CLUB,Fofana Y.,C,6.0,5.5,True,False
5,AVIOD RELEGATION FOOTBALL CLUB,Thuram K.,C,6.0,6.0,True,False
5,AVIOD RELEGATION FOOTBALL CLUB,Rowe,C,,,False,False
5,AVIOD RELEGATION FOOTBALL CLUB,Bernabè,C,6.0,6.0,True,False
5,AVIOD RELEGATION FOOTBALL CLUB,Yildiz,A,6.0,6.0,True,False
5,AVIOD RELEGATION FOOTBALL CLUB,Pellegrino M.,A,5.5,5.5,True,False
5,AVIOD RELEGATION FOOTBALL CLUB,Di Gregorio,P,6.0,4.0,False,True
5,AVIOD RELEGATION FOOTBALL CLUB,Acerbi,D,6.5,6.5,True,True
5,AVIOD RELEGATION FOOTBALL CLUB,Gila,D,7.0,8.0,True,True
5,AVIOD RELEGATION FOOTBALL CLUB,Ghilardi,D,,,False,True
5,AVIOD RELEGATION FOOTBALL CLUB,Kempf,D,7.5,10.5,False,True
5,AVIOD RELEGATION FOOTBALL CLUB,Serdar,C,6.5,6.5,True,True
5,AVIOD RELEGATION FOOTBALL CLUB,Adopo,C,5.5,5.5,False,True
5,AVIOD RELEGATION FOOTBALL CLUB,Baturina,C,,,False,True
5,AVIOD RELEGATION FOOTBALL CLUB,Sanabria,A,,,False,True
5,AVIOD RELEGATION FOOTBALL CLUB,David,A,5.0,5.0,False,True
5,AVIOD RELEGATION FOOTBALL CLUB,Bonny,A,7.0,11.0,False,True
5,AVIOD RELEGATION FOOTBALL CLUB,Scamacca,A,,,False,True
5,SOVEREIGN83,Svilar,P,5.5,4.5,True,False
5,SOVEREIGN83,Solet,D,5.0,5.0,True,False
5,SOVEREIGN83,Celik,D,5.5,5.5,True,False
5,SOVEREIGN83,Circati,D,6.5,6.5,True,False
5,SOVEREIGN83,Tavares N.,D,5.5,5.5,True,False
5,SOVEREIGN83,Zerbin,C,5.5,5.0,True,False
5,SOVEREIGN83,Pasalic,C,6.0,5.5,True,False
5,SOVEREIGN83,Da Cunha,C,6.5,6.5,True,False
5,SOVEREIGN83,Nkunku,A,,,False,False
5,SOVEREIGN83,Soulè,A,5.5,5.5,True,False
5,SOVEREIGN83,Hojlund,A,,,False,False
5,SOVEREIGN83,Gollini,P,,,False,True
5,SOVEREIGN83,Vasquez D.,P,,,False,True
5,SOVEREIGN83,Hermoso,D,5.5,5.0,False,True
5,SOVEREIGN83,Vitik,D,6.5,6.5,False,True
5,SOVEREIGN83,Comuzzo,D,,,False,True
5,SOVEREIGN83,Guendouzi,C,6.0,6.0,False,True
5,SOVEREIGN83,Casadei,C,6.0,6.0,False,True
5,SOVEREIGN83,Asllani,C,6.0,6.0,False,True
5,SOVEREIGN83,Douvikas,A,6.5,6.5,True,True
5,SOVEREIGN83,Kuhn,A,,,False,True
5,SOVEREIGN83,Meister,A,,,False,True
5,ROMAN EMPIRE,Maignan,P,5.0,4.0,True,False
5,ROMAN EMPIRE,Rensch,D,,,False,False
5,ROMAN EMPIRE,Juan Jesus,D,5.5,5.0,True,False
5,ROMAN EMPIRE,De Winter,D,,,False,False
5,ROMAN EMPIRE,Wesley,D,6.0,6.0,True,False
5,ROMAN EMPIRE,Zalewski,C,,,False,False
5,ROMAN EMPIRE,Pellegrini Lo.,C,5.5,5.5,True,False
5,ROMAN EMPIRE,Konè M.,C,6.5,6.5,True,False
5,ROMAN EMPIRE,Zaniolo,C,7.0,10.0,True,False
5,ROMAN EMPIRE,Cutrone,A,6.0,6.0,True,False
5,ROMAN EMPIRE,Dybala,A,6.0,6.0,True,False
5,ROMAN EMPIRE,Caprile,P,6.5,4.5,False,True
5,ROMAN EMPIRE,Suzuki,P,8.0,12.0,False,True
5,ROMAN EMPIRE,Terracciano F.,D,7.0,9.0,True,True
5,ROMAN EMPIRE,Buongiorno,D,6.0,6.0,True,True
5,ROMAN EMPIRE,Beukema,D,5.5,5.5,False,True
5,ROMAN EMPIRE,Akanji,D,6.5,6.5,False,True
5,ROMAN EMPIRE,Zhegrova,C,,,False,True
5,ROMAN EMPIRE,Volpato,C,,,False,True
5,ROMAN EMPIRE,Bailey,C,6.0,6.0,True,True
5,ROMAN EMPIRE,Dovbyk,A,5.0,5.0,False,True
5,ROMAN EMPIRE,Lucca,A,5.0,5.0,False,True
5,ROMAN EMPIRE,Morata,A,6.0,6.0,False,True
6,TEAM PC,Skorupski,P,7.0,5.0,True,False
6,TEAM PC,Kabasele,D,6.0,6.0,True,False
6,TEAM PC,Dimarco,D,6.0,6.0,True,False
6,TEAM PC,Gabbia,D,5.5,5.5,True,False
6,TEAM PC,Pavlovic,D,6.0,6.0,True,False
6,TEAM PC,Barella,C,6.0,6.0,True,False
6,TEAM PC,Calhanoglu,C,7.0,9.0,True,False
6,TEAM PC,Atta,C,7.5,10.5,True,False
6,TEAM PC,Pinamonti,A,5.0,5.0,True,False
6,TEAM PC,Davis K.,A,7.0,8.5,True,False
6,TEAM PC,Krstovic,A,5.0,5.0,True,False
6,TEAM PC,Israel,P,,,False,True
6,TEAM PC,Ravaglia F.,P,,,False,True
6,TEAM PC,Lazaro,D,6.5,7.5,False,True
6,TEAM PC,Zambo Anguissa,C,7.5,10.5,False,True
6,TEAM PC,Loftus-Cheek,C,,,False,True
6,TEAM PC,Lorran,C,,,False,True
6,TEAM PC,Oristanio,C,,,False,True
6,TEAM PC,Sucic P.,C,6.0,6.0,False,True
6,TEAM PC,Zapata D.,A,,,False,True
6,TEAM PC,Bremer,D,,,False,True
6,TEAM PC,Dia,A,6.0,6.0,False,True
6,TEAM PC,Castro S.,A,7.0,9.0,False,True
6,TEAM PC,Doig,D,6.0,5.5,False,True
6,TEAM PC,Baschirotto,D,6.5,6.5,False,True
6,ROMA SHENHUA SEMPRE,Butez,P,6.5,7.5,True,False
6,ROMA SHENHUA SEMPRE,Dodò,D,6.0,6.0,True,False
6,ROMA SHENHUA SEMPRE,Luperto,D,,,False,False
6,ROMA SHENHUA SEMPRE,Ranieri L.,D,5.5,5.5,True,False
6,ROMA SHENHUA SEMPRE,Gosens,D,5.0,4.5,True,False
6,ROMA SHENHUA SEMPRE,Saelemaekers,C,6.0,6.0,True,False
6,ROMA SHENHUA SEMPRE,Paz N.,C,5.5,5.5,True,False
6,ROMA SHENHUA SEMPRE,Mandragora,C,5.5,5.5,True,False
6,ROMA SHENHUA SEMPRE,Esposito Se.,A,,,False,False
6,ROMA SHENHUA SEMPRE,Vlahovic,A,5.5,5.5,True,False
6,ROMA SHENHUA SEMPRE,Ferguson E.,A,,,False,False
6,ROMA SHENHUA SEMPRE,Montipò,P,6.0,4.0,False,True
6,ROMA SHENHUA SEMPRE,Leali,P,7.5,5.5,False,True
6,ROMA SHENHUA SEMPRE,Canestrelli,D,6.0,6.0,True,True
6,ROMA SHENHUA SEMPRE,Biraghi,D,5.5,5.5,False,True
6,ROMA SHENHUA SEMPRE,Zortea,D,,,False,True
6,ROMA SHENHUA SEMPRE,Bernardeschi,C,5.0,5.0,False,True
6,ROMA SHENHUA SEMPRE,Fagioli,C,5.5,5.5,False,True
6,ROMA SHENHUA SEMPRE,Lovric,C,,,False,True
6,ROMA SHENHUA SEMPRE,Bonazzoli,A,,,False,True
6,ROMA SHENHUA SEMPRE,Almqvist,A,,,False,True
6,ROMA SHENHUA SEMPRE,De Luca,A,,,False,True
6,AVIOD RELEGATION FOOTBALL CLUB,Falcone,P,6.0,3.0,True,False
6,AVIOD RELEGATION FOOTBALL CLUB,Kempf,D,6.0,6.0,True,False
6,AVIOD RELEGATION FOOTBALL CLUB,Kelly L.,D,5.5,5.0,True,False
6,AVIOD RELEGATION FOOTBALL CLUB,Acerbi,D,5.0,5.0,True,False
6,AVIOD RELEGATION FOOTBALL CLUB,Delprato,D,6.0,6.0,True,False
6,AVIOD RELEGATION FOOTBALL CLUB,Fofana Y.,C,6.0,6.0,True,False
6,AVIOD RELEGATION FOOTBALL CLUB,Thuram K.,C,5.5,5.5,True,False
6,AVIOD RELEGATION FOOTBALL CLUB,Bernabè,C,6.5,6.5,True,False
6,AVIOD RELEGATION FOOTBALL CLUB,David,A,5.0,5.0,True,False
6,AVIOD RELEGATION FOOTBALL CLUB,Bonny,A,5.5,5.5,True,False
6,AVIOD RELEGATION FOOTBALL CLUB,Yildiz,A,6.0,6.0,True,False
6,AVIOD RELEGATION FOOTBALL CLUB,Di Gregorio,P,,,False,True
6,AVIOD RELEGATION FOOTBALL CLUB,Gila,D,6.5,6.5,False,True
6,AVIOD RELEGATION FOOTBALL CLUB,Martin,D,,,False,True
6,AVIOD RELEGATION FOOTBALL CLUB,Carlos Augusto,D,,,False,True
6,AVIOD RELEGATION FOOTBALL CLUB,Ghilardi,D,,,False,True
6,AVIOD RELEGATION FOOTBALL CLUB,Adopo,C,5.0,5.0,False,True
6,AVIOD RELEGATION FOOTBALL CLUB,Serdar,C,6.0,6.0,False,True
6,AVIOD RELEGATION FOOTBALL CLUB,Tourè I.,C,6.0,6.0,False,True
6,AVIOD RELEGATION FOOTBALL CLUB,Pellegrino M.,A,6.0,6.0,False,True
6,AVIOD RELEGATION FOOTBALL CLUB,Sanabria,A,6.0,6.0,False,True
6,AVIOD RELEGATION FOOTBALL CLUB,Scamacca,A,6.0,5.5,False,True
6,AVIOD RELEGATION FOOTBALL CLUB,Baturina,C,6.0,6.0,False,True
6,AVIOD RELEGATION FOOTBALL CLUB,Rowe,C,6.0,5.5,False,True
6,SOVEREIGN83,Svilar,P,6.5,7.5,True,False
6,SOVEREIGN83,Solet,D,6.0,6.0,True,False
6,SOVEREIGN83,Celik,D,6.5,6.5,True,False
6,SOVEREIGN83,Circati,D,6.5,6.5,True,False
6,SOVEREIGN83,Hermoso,D,6.0,5.5,True,False
6,SOVEREIGN83,Casadei,C,5.5,5.0,True,False
6,SOVEREIGN83,Pasalic,C,5.5,5.5,True,False
6,SOVEREIGN83,Da Cunha,C,6.0,6.0,True,False
6,SOVEREIGN83,Asllani,C,5.0,5.0,True,False
6,SOVEREIGN83,Soulè,A,6.0,6.0,True,False
6,SOVEREIGN83,Douvikas,A,6.0,6.0,True,False
6,SOVEREIGN83,Gollini,P,,,False,True
6,SOVEREIGN83,Vasquez D.,P,,,False,True
6,SOVEREIGN83,Kossounou,D,,,False,True
6,SOVEREIGN83,Vitik,D,,,False,True
6,SOVEREIGN83,Comuzzo,D,,,False,True
6,SOVEREIGN83,Guendouzi,C,6.5,6.0,False,True
6,SOVEREIGN83,Zerbin,C,6.5,6.5,False,True
6,SOVEREIGN83,Nkunku,A,5.5,5.5,False,True
6,SOVEREIGN83,Kuhn,A,6.0,6.0,False,True
6,SOVEREIGN83,Meister,A,5.5,5.5,False,True
6,OWEN,Meret,P,,,False,False
6,OWEN,Zappacosta,D,,,False,False
6,OWEN,Vojvoda,D,6.0,6.0,True,False
6,OWEN,Vasquez,D,6.0,6.0,True,False
6,OWEN,Valle,D,,,False,False
6,OWEN,Isaksen,C,7.0,7.0,True,False
6,OWEN,Folorunsho,C,5.5,5.5,True,False
6,OWEN,Gudmundsson A.,C,6.5,8.0,True,False
6,OWEN,Laurientè,A,,,False,False
6,OWEN,Gimenez,A,5.5,5.5,True,False
6,OWEN,Lookman,A,6.0,6.0,True,False
6,OWEN,Milinkovic-Savic V.,P,6.5,5.5,True,True
6,OWEN,Contini,P,,,False,True
6,OWEN,Ramon,D,,,False,True
6,OWEN,Gatti,D,5.5,5.5,True,True
6,OWEN,Cuadrado,D,7.0,9.0,True,True
6,OWEN,Vlasic,C,5.5,5.0,False,True
6,OWEN,Frattesi,C,6.0,6.0,False,True
6,OWEN,Ederson D.S.,C,6.5,6.5,False,True
6,OWEN,Koopmeiners,C,6.0,5.5,False,True
6,OWEN,Simeone,A,5.5,5.5,True,True
6,OWEN,Nzola,A,7.0,8.5,False,True
6,OWEN,Vardy,A,7.0,8.5,False,True
6,DELI-XUJUN,Provedel,P,6.0,7.0,True,False
6,DELI-XUJUN,Spinazzola,D,6.5,7.5,True,False
6,DELI-XUJUN,N'Dicka,D,6.0,6.0,True,False
6,DELI-XUJUN,Mancini,D,6.5,6.0,True,False
6,DELI-XUJUN,Di Lorenzo,D,6.5,6.0,True,False
6,DELI-XUJUN,Nicolussi Caviglia,C,5.5,5.5,True,False
6,DELI-XUJUN,Modric,C,6.5,8.5,True,False
6,DELI-XUJUN,Cristante,C,6.5,6.5,True,False
6,DELI-XUJUN,Locatelli,C,6.0,5.5,True,False
6,DELI-XUJUN,De Ketelaere,A,5.5,5.5,True,False
6,DELI-XUJUN,Dzeko,A,5.5,5.0,True,False
6,DELI-XUJUN,Semper,P,6.0,4.0,False,True
6,DELI-XUJUN,Silvestri,P,6.5,5.5,False,True
6,DELI-XUJUN,Scalvini,D,,,False,True
6,DELI-XUJUN,Joao Mario,D,,,False,True
6,DELI-XUJUN,Kalulu,D,6.0,6.0,False,True
6,DELI-XUJUN,Rrahmani,D,,,False,True
6,DELI-XUJUN,El Shaarawy,C,,,False,True
6,DELI-XUJUN,Elmas,C,,,False,True
6,DELI-XUJUN,Maldini,C,,,False,True
6,DELI-XUJUN,Sohm,C,,,False,True
6,DELI-XUJUN,Pedro,A,,,False,True
6,DELI-XUJUN,Rodriguez Je.,A,,,False,True
6,DELI-XUJUN,Sarr A.,A,6.0,6.0,False,True
6,DELI-XUJUN,Okereke,A,,,False,True
6,ROMAN EMPIRE,Maignan,P,5.5,3.5,True,False
6,ROMAN EMPIRE,Rensch,D,,,False,False
6,ROMAN EMPIRE,Akanji,D,5.0,5.0,True,False
6,ROMAN EMPIRE,De Winter,D,5.0,5.0,True,False
6,ROMAN EMPIRE,Wesley,D,6.0,6.0,True,False
6,ROMAN EMPIRE,Zalewski,C,6.0,6.0,True,False
6,ROMAN EMPIRE,Zaniolo,C,6.5,6.5,True,False
6,ROMAN EMPIRE,Bailey,C,6.0,6.0,True,False
6,ROMAN EMPIRE,Cutrone,A,6.0,6.0,True,False
6,ROMAN EMPIRE,Dovbyk,A,6.5,6.5,True,False
6,ROMAN EMPIRE,Dybala,A,7.0,11.0,True,False
6,ROMAN EMPIRE,Caprile,P,7.5,5.5,False,True
6,ROMAN EMPIRE,Suzuki,P,6.0,7.0,False,True
6,ROMAN EMPIRE,Terracciano F.,D,7.0,7.0,True,True
6,ROMAN EMPIRE,Buongiorno,D,5.5,5.5,False,True
6,ROMAN EMPIRE,Beukema,D,,,False,True
6,ROMAN EMPIRE,Juan Jesus,D,6.5,6.5,False,True
6,ROMAN EMPIRE,Pellegrini Lo.,C,6.5,6.5,False,True
6,ROMAN EMPIRE,Konè M.,C,6.5,6.5,False,True
6,ROMAN EMPIRE,Zhegrova,C,,,False,True
6,ROMAN EMPIRE,Volpato,C,5.5,5.0,False,True
6,ROMAN EMPIRE,Morata,A,5.5,5.5,False,True
6,ROMAN EMPIRE,Lucca,A,,,False,True
6,BATIGOAL,Okoye,P,5.0,3.0,True,False
6,BATIGOAL,Pezzella Giu.,D,,,False,False
6,BATIGOAL,Tsimikas,D,6.0,6.0,True,False
6,BATIGOAL,Cambiaso,D,6.0,6.0,True,False
6,BATIGOAL,Vandeputte,C,6.5,6.5,True,False
6,BATIGOAL,Mkhitaryan,C,5.5,5.5,True,False
6,BATIGOAL,El Aynaoui,C,6.0,6.0,True,False
6,BATIGOAL,Fazzini,C,,,False,False
6,BATIGOAL,Leao,A,7.0,9.0,True,False
6,BATIGOAL,Thuram,A,,,False,False
6,BATIGOAL,Diao,A,5.5,5.5,True,False
6,BATIGOAL,Sommer,P,6.0,3.0,False,True
6,BATIGOAL,Martinez Jo.,P,,,False,True
6,BATIGOAL,Tomori,D,,,False,True
6,BATIGOAL,Bisseck,D,,,False,True
6,BATIGOAL,Gutierrez,D,,,False,True
6,BATIGOAL,Olivera,D,5.5,5.5,True,True
6,BATIGOAL,Stanciu,C,,,False,True
6,BATIGOAL,Vazquez,C,,,False,True
6,BATIGOAL,Neres,C,6.5,7.5,True,True
6,BATIGOAL,Orban G.,A,6.5,8.5,True,True
6,BATIGOAL,Openda,A,6.0,6.0,False,True
6,BATIGOAL,Giovane,A,7.0,9.0,False,True
6,THE GREAT BINGO,De Gea,P,6.0,4.0,True,False
6,THE GREAT BINGO,Bradaric,D,6.0,6.0,True,False
6,THE GREAT BINGO,Pongracic,D,5.5,5.5,True,False
6,THE GREAT BINGO,Bellanova,D,5.5,5.5,True,False
6,THE GREAT BINGO,Dumfries,D,5.5,5.5,True,False
6,THE GREAT BINGO,Zaccagni,C,6.0,6.0,True,False
6,THE GREAT BINGO,Politano,C,6.0,6.0,True,False
6,THE GREAT BINGO,Samardzic,C,6.5,6.5,True,False
6,THE GREAT BINGO,Conceicao,C,6.0,6.0,True,False
6,THE GREAT BINGO,Martinez L.,A,5.0,5.0,True,False
6,THE GREAT BINGO,Berardi,A,5.5,5.5,True,False
6,THE GREAT BINGO,Martinelli T.,P,,,False,True
6,THE GREAT BINGO,Lezzerini,P,,,False,True
6,THE GREAT BINGO,Lovik,D,,,False,True
6,THE GREAT BINGO,Angori,D,,,False,True
6,THE GREAT BINGO,Zemura,D,,,False,True
6,THE GREAT BINGO,Estupinan,D,,,False,True
6,THE GREAT BINGO,Fabbian,C,6.0,6.0,False,True
6,THE GREAT BINGO,Tramoni M.,C,5.0,5.0,False,True
6,THE GREAT BINGO,Lipani,C,,,False,True
6,THE GREAT BINGO,Messias,C,,,False,True
6,THE GREAT BINGO,Esposito F.P.,A,5.5,5.5,False,True
6,THE GREAT BINGO,Camarda,A,6.0,6.0,False,True
6,THE GREAT BINGO,Castellanos,A,,,False,True
6,THE GREAT BINGO,Cancellieri,A,,,False,True
6,DTE,Carnesecchi,P,6.5,5.5,True,False
6,DTE,Heggem,D,6.0,6.0,True,False
6,DTE,Bastoni,D,6.0,5.5,True,False
6,DTE,Hien,D,6.0,6.0,True,False
6,DTE,McTominay,C,7.0,10.0,True,False
6,DTE,Odgaard,C,,,False,False
6,DTE,De Bruyne,C,7.0,9.0,True,False
6,DTE,Orsolini,C,6.0,6.0,True,False
6,DTE,Cambiaghi,A,7.0,9.0,True,False
6,DTE,Kean,A,7.0,11.0,True,False
6,DTE,Stulic,A,5.5,5.0,True,False
6,DTE,Rossi F.,P,,,False,True
6,DTE,Sportiello,P,,,False,True
6,DTE,Miranda J.,D,6.5,6.5,False,True
6,DTE,Lucumì,D,6.0,5.5,False,True
6,DTE,Obert,D,6.0,6.5,False,True
6,DTE,Lykogiannis,D,,,False,True
6,DTE,Perrone,C,6.0,6.0,True,True
6,DTE,Miller L.,C,,,False,True
6,DTE,Frendrup,C,6.0,5.5,False,True
6,DTE,Masini,C,5.5,5.5,False,True
6,DTE,Piccoli,A,,,False,True
6,DTE,Lang,A,,,False,True
6,DTE,Colombo,A,,,False,True
6,DTE,Mina,D,,,False,True
7,DTE,Carnesecchi,P,6.0,5.0,True,False
7,DTE,Heggem,D,,,False,False
7,DTE,Bastoni,D,6.5,6.5,True,False
7,DTE,Hien,D,6.0,6.0,True,False
7,DTE,Mina,D,,,False,False
7,DTE,McTominay,C,6.0,6.0,True,False
7,DTE,Odgaard,C,5.5,5.0,True,False
7,DTE,Orsolini,C,5.5,5.5,True,False
7,DTE,Cambiaghi,A,5.5,5.5,True,False
7,DTE,Kean,A,5.5,5.5,True,False
7,DTE,Lang,A,6.5,6.5,True,False
7,DTE,Rossi F.,P,,,False,True
7,DTE,Sportiello,P,,,False,True
7,DTE,Miranda J.,D,,,False,True
7,DTE,Lucumì,D,6.5,6.5,True,True
7,DTE,Obert,D,5.0,4.5,True,True
7,DTE,Lykogiannis,D,6.5,6.0,False,True
7,DTE,Perrone,C,,,False,True
7,DTE,Miller L.,C,6.0,5.5,False,True
7,DTE,Frendrup,C,5.5,5.5,False,True
7,DTE,Masini,C,6.0,6.0,False,True
7,DTE,Stulic,A,5.5,5.5,False,True
7,DTE,Piccoli,A,,,False,True
7,DTE,Colombo,A,5.5,5.5,False,True
7,DELI-XUJUN,Provedel,P,6.5,7.5,True,False
7,DELI-XUJUN,Spinazzola,D,6.5,6.5,True,False
7,DELI-XUJUN,N'Dicka,D,6.0,6.0,True,False
7,DELI-XUJUN,Mancini,D,6.5,6.5,True,False
7,DELI-XUJUN,Di Lorenzo,D,6.0,6.0,True,False
7,DELI-XUJUN,Nicolussi Caviglia,C,,,False,False
7,DELI-XUJUN,Modric,C,6.0,5.5,True,False
7,DELI-XUJUN,Cristante,C,6.5,6.5,True,False
7,DELI-XUJUN,Locatelli,C,6.0,6.0,True,False
7,DELI-XUJUN,De Ketelaere,A,6.0,6.0,True,False
7,DELI-XUJUN,Rodriguez Je.,A,6.5,7.5,True,False
7,DELI-XUJUN,Semper,P,6.5,8.5,False,True
7,DELI-XUJUN,Silvestri,P,,,False,True
7,DELI-XUJUN,Rrahmani,D,,,False,True
7,DELI-XUJUN,Scalvini,D,,,False,True
7,DELI-XUJUN,Joao Mario,D,,,False,True
7,DELI-XUJUN,Kalulu,D,6.5,6.5,False,True
7,DELI-XUJUN,El Shaarawy,C,,,False,True
7,DELI-XUJUN,Elmas,C,5.5,5.5,True,True
7,DELI-XUJUN,Maldini,C,,,False,True
7,DELI-XUJUN,Sohm,C,6.0,6.0,False,True
7,DELI-XUJUN,Okereke,A,,,False,True
7,DELI-XUJUN,Pedro,A,5.5,5.0,False,True
7,DELI-XUJUN,Sarr A.,A,5.5,5.5,False,True
7,DELI-XUJUN,Dzeko,A,6.0,6.0,False,True
7,BATIGOAL,Sommer,P,6.0,7.0,True,False
7,BATIGOAL,Gutierrez,D,,,False,False
7,BATIGOAL,Tomori,D,5.5,5.5,True,False
7,BATIGOAL,Cambiaso,D,6.5,7.5,True,False
7,BATIGOAL,Olivera,D,6.0,5.5,True,False
7,BATIGOAL,Vandeputte,C,7.0,8.0,True,False
7,BATIGOAL,Neres,C,7.0,8.0,True,False
7,BATIGOAL,El Aynaoui,C,6.0,6.0,True,False
7,BATIGOAL,Diao,A,5.5,5.5,True,False
7,BATIGOAL,Leao,A,5.5,5.5,True,False
7,BATIGOAL,Openda,A,6.0,6.0,True,False
7,BATIGOAL,Martinez Jo.,P,,,False,True
7,BATIGOAL,Angelino,D,,,False,True
7,BATIGOAL,Tsimikas,D,,,False,True
7,BATIGOAL,Pezzella Giu.,D,,,False,True
7,BATIGOAL,Bisseck,D,6.5,6.5,True,True
7,BATIGOAL,Stanciu,C,,,False,True
7,BATIGOAL,Vazquez,C,6.0,6.0,False,True
7,BATIGOAL,Fazzini,C,5.5,5.5,False,True
7,BATIGOAL,Stengs,C,,,False,True
7,BATIGOAL,Giovane,A,6.0,6.0,False,True
7,BATIGOAL,Orban G.,A,5.0,4.5,False,True
7,BATIGOAL,Okoye,P,7.0,4.0,False,True
7,AVIOD RELEGATION FOOTBALL CLUB,Di Gregorio,P,6.0,4.5,True,False
7,AVIOD RELEGATION FOOTBALL CLUB,Kempf,D,,,False,False
7,AVIOD RELEGATION FOOTBALL CLUB,Carlos Augusto,D,,,False,False
7,AVIOD RELEGATION FOOTBALL CLUB,Acerbi,D,,,False,False
7,AVIOD RELEGATION FOOTBALL CLUB,Kelly L.,D,6.0,6.0,True,False
7,AVIOD RELEGATION FOOTBALL CLUB,Thuram K.,C,,,False,False
7,AVIOD RELEGATION FOOTBALL CLUB,Tourè I.,C,6.0,6.0,True,False
7,AVIOD RELEGATION FOOTBALL CLUB,Rowe,C,,,False,False
7,AVIOD RELEGATION FOOTBALL CLUB,Adopo,C,6.0,6.0,True,False
7,AVIOD RELEGATION FOOTBALL CLUB,David,A,6.0,6.0,True,False
7,AVIOD RELEGATION FOOTBALL CLUB,Yildiz,A,7.0,9.0,True,False
7,AVIOD RELEGATION FOOTBALL CLUB,Falcone,P,6.0,5.0,False,True
7,AVIOD RELEGATION FOOTBALL CLUB,Bonny,A,6.5,6.5,False,True
7,AVIOD RELEGATION FOOTBALL CLUB,Scamacca,A,,,False,True
7,AVIOD RELEGATION FOOTBALL CLUB,Pellegrino M.,A,6.0,5.5,False,True
7,AVIOD RELEGATION FOOTBALL CLUB,Gila,D,6.0,6.0,True,True
7,AVIOD RELEGATION FOOTBALL CLUB,Delprato,D,5.5,5.0,True,True
7,AVIOD RELEGATION FOOTBALL CLUB,Martin,D,6.0,6.0,True,True
7,AVIOD RELEGATION FOOTBALL CLUB,Ghilardi,D,,,False,True
7,AVIOD RELEGATION FOOTBALL CLUB,Fofana Y.,C,6.0,6.0,True,True
7,AVIOD RELEGATION FOOTBALL CLUB,Serdar,C,7.0,9.0,True,True
7,AVIOD RELEGATION FOOTBALL CLUB,Bernabè,C,5.0,5.0,False,True
7,AVIOD RELEGATION FOOTBALL CLUB,Baturina,C,,,False,True
7,ROMA SHENHUA SEMPRE,Butez,P,5.5,4.5,True,False
7,ROMA SHENHUA SEMPRE,Dodò,D,5.5,5.5,True,False
7,ROMA SHENHUA SEMPRE,Luperto,D,,,False,False
7,ROMA SHENHUA SEMPRE,Ranieri L.,D,,,False,False
7,ROMA SHENHUA SEMPRE,Gosens,D,6.0,6.0,True,False
7,ROMA SHENHUA SEMPRE,Saelemaekers,C,5.5,5.5,True,False
7,ROMA SHENHUA SEMPRE,Paz N.,C,6.0,5.5,True,False
7,ROMA SHENHUA SEMPRE,Mandragora,C,5.5,5.5,True,False
7,ROMA SHENHUA SEMPRE,Fagioli,C,5.5,5.5,True,False
7,ROMA SHENHUA SEMPRE,Vlahovic,A,7.0,9.0,True,False
7,ROMA SHENHUA SEMPRE,Ferguson E.,A,,,False,False
7,ROMA SHENHUA SEMPRE,Leali,P,6.0,3.5,False,True
7,ROMA SHENHUA SEMPRE,Montipò,P,6.0,3.0,False,True
7,ROMA SHENHUA SEMPRE,Canestrelli,D,6.0,6.0,True,True
7,ROMA SHENHUA SEMPRE,Biraghi,D,,,False,True
7,ROMA SHENHUA SEMPRE,Zortea,D,6.0,6.0,True,True
7,ROMA SHENHUA SEMPRE,Bernardeschi,C,6.0,6.0,False,True
7,ROMA SHENHUA SEMPRE,Lovric,C,5.5,5.0,False,True
7,ROMA SHENHUA SEMPRE,Bonazzoli,A,8.0,14.0,True,True
7,ROMA SHENHUA SEMPRE,Esposito Se.,A,7.0,9.0,False,True
7,ROMA SHENHUA SEMPRE,De Luca,A,,,False,True
7,THE GREAT BINGO,De Gea,P,7.5,4.5,True,False
7,THE GREAT BINGO,Bellanova,D,6.0,6.0,True,False
7,THE GREAT BINGO,Pongracic,D,,,False,False
7,THE GREAT BINGO,Dumfries,D,6.0,6.0,True,False
7,THE GREAT BINGO,Zaccagni,C,6.0,6.0,True,False
7,THE GREAT BINGO,Politano,C,5.5,5.5,True,False
7,THE GREAT BINGO,Samardzic,C,,,False,False
7,THE GREAT BINGO,Conceicao,C,,,False,False
7,THE GREAT BINGO,Martinez L.,A,6.0,7.0,True,False
7,THE GREAT BINGO,Esposito F.P.,A,6.0,5.5,True,False
7,THE GREAT BINGO,Berardi,A,,,False,False
7,THE GREAT BINGO,Martinelli T.,P,,,False,True
7,THE GREAT BINGO,Lezzerini,P,,,False,True
7,THE GREAT BINGO,Bradaric,D,5.5,5.5,True,True
7,THE GREAT BINGO,Angori,D,6.5,6.5,False,True
7,THE GREAT BINGO,Zemura,D,,,False,True
7,THE GREAT BINGO,Lovik,D,,,False,True
7,THE GREAT BINGO,Estupinan,D,,,False,True
7,THE GREAT BINGO,Tramoni M.,C,5.5,5.5,True,True
7,THE GREAT BINGO,Fabbian,C,,,False,True
7,THE GREAT BINGO,Lipani,C,,,False,True
7,THE GREAT BINGO,Messias,C,,,False,True
7,THE GREAT BINGO,Camarda,A,5.0,3.0,True,True
7,THE GREAT BINGO,Castellanos,A,,,False,True
7,THE GREAT BINGO,Cancellieri,A,,,False,True
7,SOVEREIGN83,Svilar,P,7.0,6.0,True,False
7,SOVEREIGN83,Solet,D,6.0,6.0,True,False
7,SOVEREIGN83,Celik,D,6.5,6.5,True,False
7,SOVEREIGN83,Vitik,D,5.5,5.5,True,False
7,SOVEREIGN83,Hermoso,D,7.0,10.0,True,False
7,SOVEREIGN83,Zerbin,C,,,False,False
7,SOVEREIGN83,Pasalic,C,7.0,8.0,True,False
7,SOVEREIGN83,Da Cunha,C,6.5,6.5,True,False
7,SOVEREIGN83,Guendouzi,C,6.0,5.5,True,False
7,SOVEREIGN83,Soulè,A,6.0,6.0,True,False
7,SOVEREIGN83,Nkunku,A,5.5,5.5,True,False
7,SOVEREIGN83,Gollini,P,,,False,True
7,SOVEREIGN83,Vasquez D.,P,,,False,True
7,SOVEREIGN83,Kossounou,D,6.0,6.0,False,True
7,SOVEREIGN83,Circati,D,7.0,9.0,False,True
7,SOVEREIGN83,Comuzzo,D,5.0,5.0,False,True
7,SOVEREIGN83,Asllani,C,,,False,True
7,SOVEREIGN83,Douvikas,A,7.0,9.0,False,True
7,SOVEREIGN83,Casadei,C,6.5,6.5,True,True
7,SOVEREIGN83,Hojlund,A,5.5,5.5,False,True
7,SOVEREIGN83,Kuhn,A,5.5,5.5,False,True
7,SOVEREIGN83,Meister,A,,,False,True
7,TEAM PC,Skorupski,P,6.0,7.0,True,False
7,TEAM PC,Doig,D,,,False,False
7,TEAM PC,Dimarco,D,6.5,6.5,True,False
7,TEAM PC,Gabbia,D,6.0,5.5,True,False
7,TEAM PC,Pavlovic,D,6.0,6.0,True,False
7,TEAM PC,Barella,C,6.5,7.5,True,False
7,TEAM PC,Calhanoglu,C,8.0,14.0,True,False
7,TEAM PC,Zambo Anguissa,C,7.0,11.0,True,False
7,TEAM PC,Pinamonti,A,7.0,10.0,True,False
7,TEAM PC,Dia,A,5.5,5.5,True,False
7,TEAM PC,Krstovic,A,,,False,False
7,TEAM PC,Israel,P,,,False,True
7,TEAM PC,Ravaglia F.,P,,,False,True
7,TEAM PC,Lazaro,D,6.0,6.0,True,True
7,TEAM PC,Atta,C,6.0,6.0,False,True
7,TEAM PC,Loftus-Cheek,C,6.0,6.0,False,True
7,TEAM PC,Lorran,C,,,False,True
7,TEAM PC,Oristanio,C,,,False,True
7,TEAM PC,Sucic P.,C,7.0,9.0,False,True
7,TEAM PC,Zapata D.,A,,,False,True
7,TEAM PC,Bremer,D,,,False,True
7,TEAM PC,Castro S.,A,5.5,5.5,True,True
7,TEAM PC,Baschirotto,D,6.5,6.5,False,True
7,TEAM PC,Davis K.,A,5.5,5.5,False,True
7,TEAM PC,Kabasele,D,5.5,5.5,False,True
7,ROMAN EMPIRE,Caprile,P,6.0,3.5,True,False
7,ROMAN EMPIRE,Rensch,D,5.5,5.5,True,False
7,ROMAN EMPIRE,Beukema,D,,,False,False
7,ROMAN EMPIRE,Akanji,D,7.0,7.0,True,False
7,ROMAN EMPIRE,Wesley,D,6.0,6.0,True,False
7,ROMAN EMPIRE,Zaniolo,C,7.0,9.0,True,False
7,ROMAN EMPIRE,Pellegrini Lo.,C,,,False,False
7,ROMAN EMPIRE,Konè M.,C,7.0,7.0,True,False
7,ROMAN EMPIRE,Bailey,C,5.5,5.5,True,False
7,ROMAN EMPIRE,Dybala,A,6.5,7.5,True,False
7,ROMAN EMPIRE,Dovbyk,A,7.0,10.0,True,False
7,ROMAN EMPIRE,Maignan,P,6.5,5.5,False,True
7,ROMAN EMPIRE,Suzuki,P,6.0,4.0,False,True
7,ROMAN EMPIRE,Terracciano F.,D,6.5,6.5,True,True
7,ROMAN EMPIRE,Buongiorno,D,6.5,6.5,False,True
7,ROMAN EMPIRE,Juan Jesus,D,5.0,5.0,False,True
7,ROMAN EMPIRE,De Winter,D,,,False,True
7,ROMAN EMPIRE,Zalewski,C,,,False,True
7,ROMAN EMPIRE,Zhegrova,C,,,False,True
7,ROMAN EMPIRE,Volpato,C,7.0,8.0,True,True
7,ROMAN EMPIRE,Lucca,A,5.5,5.5,False,True
7,ROMAN EMPIRE,Morata,A,,,False,True
7,ROMAN EMPIRE,Cutrone,A,5.5,5.5,False,True
7,OWEN,Milinkovic-Savic V.,P,7.0,10.0,True,False
7,OWEN,Zappacosta,D,6.5,6.5,True,False
7,OWEN,Vojvoda,D,7.0,9.0,True,False
7,OWEN,Cuadrado,D,6.5,6.0,True,False
7,OWEN,Isaksen,C,5.5,5.5,True,False
7,OWEN,Folorunsho,C,5.5,5.0,True,False
7,OWEN,Ederson D.S.,C,6.0,6.0,True,False
7,OWEN,Gudmundsson A.,C,5.5,5.5,True,False
7,OWEN,Gimenez,A,5.0,4.5,True,False
7,OWEN,Lookman,A,7.0,11.0,True,False
7,OWEN,Simeone,A,5.5,5.5,True,False
7,OWEN,Meret,P,,,False,True
7,OWEN,Contini,P,,,False,True
7,OWEN,Valeri,D,,,False,True
7,OWEN,Vasquez,D,6.0,6.0,False,True
7,OWEN,Gatti,D,7.0,11.0,False,True
7,OWEN,Valle,D,6.5,7.5,False,True
7,OWEN,Ramon,D,6.5,6.5,False,True
7,OWEN,Pulisic,C,,,False,True
7,OWEN,Vlasic,C,6.0,6.0,False,True
7,OWEN,Frattesi,C,,,False,True
7,OWEN,Koopmeiners,C,,,False,True
7,OWEN,Nzola,A,6.0,6.0,False,True
7,OWEN,Vardy,A,6.0,6.0,False,True
7,OWEN,Laurientè,A,7.0,10.0,False,True
8,DTE,Carnesecchi,P,6.5,5.5,True,False
8,DTE,Miranda J.,D,7.0,9.0,True,False
8,DTE,Bastoni,D,5.5,5.5,True,False
8,DTE,Hien,D,5.5,5.5,True,False
8,DTE,Heggem,D,6.0,6.0,True,False
8,DTE,McTominay,C,6.5,6.5,True,False
8,DTE,Odgaard,C,6.0,6.0,True,False
8,DTE,Orsolini,C,6.0,6.0,True,False
8,DTE,Cambiaghi,A,6.5,7.0,True,False
8,DTE,Kean,A,5.0,4.5,True,False
8,DTE,Lang,A,6.0,6.0,True,False
8,DTE,Rossi F.,P,,,False,True
8,DTE,Sportiello,P,,,False,True
8,DTE,Mina,D,5.5,5.5,False,True
8,DTE,Lucumì,D,6.0,6.0,False,True
8,DTE,Lykogiannis,D,,,False,True
8,DTE,Perrone,C,6.0,5.5,False,True
8,DTE,Miller L.,C,,,False,True
8,DTE,Frendrup,C,6.0,6.0,False,True
8,DTE,Masini,C,6.0,5.5,False,True
8,DTE,Piccoli,A,5.0,5.0,False,True
8,DTE,Colombo,A,5.0,5.0,False,True
8,OWEN,Milinkovic-Savic V.,P,7.0,11.0,True,False
8,OWEN,Zappacosta,D,5.5,5.5,True,False
8,OWEN,Valle,D,6.0,6.0,True,False
8,OWEN,Vojvoda,D,,,False,False
8,OWEN,Cuadrado,D,,,False,False
8,OWEN,Isaksen,C,7.0,10.0,True,False
8,OWEN,Ederson D.S.,C,5.5,5.0,True,False
8,OWEN,Gudmundsson A.,C,5.5,5.5,True,False
8,OWEN,Frattesi,C,,,False,False
8,OWEN,Lookman,A,5.5,5.5,True,False
8,OWEN,Simeone,A,6.5,8.5,True,False
8,OWEN,Meret,P,,,False,True
8,OWEN,Contini,P,,,False,True
8,OWEN,Gatti,D,5.0,5.0,True,True
8,OWEN,Vasquez,D,6.5,6.5,True,True
8,OWEN,Ramon,D,6.5,6.5,False,True
8,OWEN,Folorunsho,C,6.0,6.0,True,True
8,OWEN,Vlasic,C,5.5,5.5,False,True
8,OWEN,Koopmeiners,C,6.0,6.0,False,True
8,OWEN,Laurientè,A,6.0,6.0,False,True
8,OWEN,Nzola,A,6.0,6.0,False,True
8,OWEN,Gimenez,A,,,False,True
8,DELI-XUJUN,Provedel,P,6.0,7.0,True,False
8,DELI-XUJUN,Spinazzola,D,5.5,5.5,True,False
8,DELI-XUJUN,N'Dicka,D,5.5,5.5,True,False
8,DELI-XUJUN,Mancini,D,5.5,5.0,True,False
8,DELI-XUJUN,Di Lorenzo,D,5.5,5.5,True,False
8,DELI-XUJUN,Nicolussi Caviglia,C,5.0,4.5,True,False
8,DELI-XUJUN,Modric,C,6.5,6.5,True,False
8,DELI-XUJUN,Cristante,C,6.0,6.0,True,False
8,DELI-XUJUN,Locatelli,C,7.0,7.0,True,False
8,DELI-XUJUN,De Ketelaere,A,5.5,5.0,True,False
8,DELI-XUJUN,Rodriguez Je.,A,,,False,False
8,DELI-XUJUN,Semper,P,6.5,4.5,False,True
8,DELI-XUJUN,Silvestri,P,,,False,True
8,DELI-XUJUN,Rrahmani,D,6.5,6.5,False,True
8,DELI-XUJUN,Scalvini,D,,,False,True
8,DELI-XUJUN,Kalulu,D,6.5,6.5,False,True
8,DELI-XUJUN,Joao Mario,D,,,False,True
8,DELI-XUJUN,El Shaarawy,C,,,False,True
8,DELI-XUJUN,Sohm,C,5.0,5.0,False,True
8,DELI-XUJUN,Elmas,C,5.5,5.0,False,True
8,DELI-XUJUN,Maldini,C,,,False,True
8,DELI-XUJUN,Pedro,A,,,False,True
8,DELI-XUJUN,Sarr A.,A,,,False,True
8,DELI-XUJUN,Dzeko,A,5.0,5.0,True,True
8,DELI-XUJUN,Okereke,A,,,False,True
8,ROMA SHENHUA SEMPRE,Butez,P,6.0,7.0,True,False
8,ROMA SHENHUA SEMPRE,Dodò,D,5.5,5.5,True,False
8,ROMA SHENHUA SEMPRE,Luperto,D,5.0,5.0,True,False
8,ROMA SHENHUA SEMPRE,Ranieri L.,D,5.0,4.5,True,False
8,ROMA SHENHUA SEMPRE,Canestrelli,D,5.0,5.0,True,False
8,ROMA SHENHUA SEMPRE,Saelemaekers,C,6.5,6.5,True,False
8,ROMA SHENHUA SEMPRE,Paz N.,C,5.5,5.5,True,False
8,ROMA SHENHUA SEMPRE,Mandragora,C,5.0,5.0,True,False
8,ROMA SHENHUA SEMPRE,Fagioli,C,5.0,4.5,True,False
8,ROMA SHENHUA SEMPRE,Vlahovic,A,6.5,6.5,True,False
8,ROMA SHENHUA SEMPRE,Bonazzoli,A,5.5,5.5,True,False
8,ROMA SHENHUA SEMPRE,Leali,P,6.0,5.0,False,True
8,ROMA SHENHUA SEMPRE,Montipò,P,6.5,4.5,False,True
8,ROMA SHENHUA SEMPRE,Biraghi,D,6.0,6.0,False,True
8,ROMA SHENHUA SEMPRE,Zortea,D,,,False,True
8,ROMA SHENHUA SEMPRE,Gosens,D,,,False,True
8,ROMA SHENHUA SEMPRE,Bernardeschi,C,,,False,True
8,ROMA SHENHUA SEMPRE,Lovric,C,,,False,True
8,ROMA SHENHUA SEMPRE,Lobotka,C,,,False,True
8,ROMA SHENHUA SEMPRE,Esposito Se.,A,5.5,5.5,False,True
8,ROMA SHENHUA SEMPRE,De Luca,A,,,False,True
8,ROMA SHENHUA SEMPRE,Almqvist,A,,,False,True
8,TEAM PC,Skorupski,P,6.0,5.0,True,False
8,TEAM PC,Lazaro,D,6.0,6.0,True,False
8,TEAM PC,Dimarco,D,6.0,6.0,True,False
8,TEAM PC,Doig,D,5.5,5.5,True,False
8,TEAM PC,Pavlovic,D,7.5,10.5,True,False
8,TEAM PC,Sucic P.,C,5.5,5.5,True,False
8,TEAM PC,Atta,C,7.0,7.0,True,False
8,TEAM PC,Zambo Anguissa,C,6.0,5.5,True,False
8,TEAM PC,Castro S.,A,7.5,13.0,True,False
8,TEAM PC,Dia,A,5.0,5.0,True,False
8,TEAM PC,Krstovic,A,5.0,4.5,True,False
8,TEAM PC,Israel,P,,,False,True
8,TEAM PC,Baschirotto,D,5.5,5.5,False,True
8,TEAM PC,Ravaglia F.,P,,,False,True
8,TEAM PC,Calhanoglu,C,7.0,9.0,False,True
8,TEAM PC,Barella,C,6.5,6.5,False,True
8,TEAM PC,Loftus-Cheek,C,,,False,True
8,TEAM PC,Lorran,C,,,False,True
8,TEAM PC,Oristanio,C,,,False,True
8,TEAM PC,Pinamonti,A,5.5,5.5,False,True
8,TEAM PC,Gabbia,D,6.5,6.5,False,True
8,TEAM PC,Bremer,D,,,False,True
8,TEAM PC,Kabasele,D,7.0,7.0,False,True
8,TEAM PC,Zapata D.,A,5.5,5.5,False,True
8,TEAM PC,Davis K.,A,,,False,True
8,BATIGOAL,Sommer,P,5.5,4.5,True,False
8,BATIGOAL,Bisseck,D,6.0,5.5,True,False
8,BATIGOAL,Olivera,D,,,False,False
8,BATIGOAL,Cambiaso,D,7.0,10.0,True,False
8,BATIGOAL,Vandeputte,C,6.0,6.0,True,False
8,BATIGOAL,Neres,C,5.5,5.5,True,False
8,BATIGOAL,El Aynaoui,C,6.0,5.5,True,False
8,BATIGOAL,Fazzini,C,5.5,5.5,True,False
8,BATIGOAL,Leao,A,6.5,7.5,True,False
8,BATIGOAL,Thuram,A,,,False,False
8,BATIGOAL,Openda,A,6.0,6.0,True,False
8,BATIGOAL,Martinez Jo.,P,,,False,True
8,BATIGOAL,Angelino,D,,,False,True
8,BATIGOAL,Tsimikas,D,,,False,True
8,BATIGOAL,Gutierrez,D,6.0,6.0,True,True
8,BATIGOAL,Tomori,D,,,False,True
8,BATIGOAL,Pezzella Giu.,D,,,False,True
8,BATIGOAL,Mkhitaryan,C,,,False,True
8,BATIGOAL,Vazquez,C,6.5,6.5,False,True
8,BATIGOAL,Stanciu,C,,,False,True
8,BATIGOAL,Stengs,C,,,False,True
8,BATIGOAL,Diao,A,6.5,6.5,True,True
8,BATIGOAL,Giovane,A,7.0,9.0,False,True
8,BATIGOAL,Orban G.,A,6.0,6.5,False,True
8,BATIGOAL,Okoye,P,6.0,7.0,False,True
8,AVIOD RELEGATION FOOTBALL CLUB,Di Gregorio,P,6.0,5.0,True,False
8,AVIOD RELEGATION FOOTBALL CLUB,Carlos Augusto,D,6.0,6.0,True,False
8,AVIOD RELEGATION FOOTBALL CLUB,Gila,D,6.5,6.5,True,False
8,AVIOD RELEGATION FOOTBALL CLUB,Acerbi,D,,,False,False
8,AVIOD RELEGATION FOOTBALL CLUB,Delprato,D,5.5,5.5,True,False
8,AVIOD RELEGATION FOOTBALL CLUB,Thuram K.,C,6.0,6.0,True,False
8,AVIOD RELEGATION FOOTBALL CLUB,Fofana Y.,C,5.5,5.0,True,False
8,AVIOD RELEGATION FOOTBALL CLUB,Rowe,C,6.5,6.5,True,False
8,AVIOD RELEGATION FOOTBALL CLUB,Bernabè,C,7.0,9.0,True,False
8,AVIOD RELEGATION FOOTBALL CLUB,Serdar,C,,,False,False
8,AVIOD RELEGATION FOOTBALL CLUB,Bonny,A,5.5,5.5,True,False
8,AVIOD RELEGATION FOOTBALL CLUB,Falcone,P,7.0,8.0,False,True
8,AVIOD RELEGATION FOOTBALL CLUB,Martin,D,6.5,7.5,True,True
8,AVIOD RELEGATION FOOTBALL CLUB,Ghilardi,D,,,False,True
8,AVIOD RELEGATION FOOTBALL CLUB,Kempf,D,,,False,True
8,AVIOD RELEGATION FOOTBALL CLUB,Adopo,C,5.0,5.0,True,True
8,AVIOD RELEGATION FOOTBALL CLUB,Tourè I.,C,6.0,6.0,False,True
8,AVIOD RELEGATION FOOTBALL CLUB,Baturina,C,,,False,True
8,AVIOD RELEGATION FOOTBALL CLUB,David,A,,,False,True
8,AVIOD RELEGATION FOOTBALL CLUB,Pellegrino M.,A,6.0,6.0,False,True
8,AVIOD RELEGATION FOOTBALL CLUB,Scamacca,A,5.5,5.5,False,True
8,AVIOD RELEGATION FOOTBALL CLUB,Sanabria,A,,,False,True
8,AVIOD RELEGATION FOOTBALL CLUB,Kelly L.,D,,,False,True
8,ROMAN EMPIRE,Suzuki,P,6.0,3.0,True,False
8,ROMAN EMPIRE,Terracciano F.,D,5.0,5.0,True,False
8,ROMAN EMPIRE,Buongiorno,D,6.0,6.0,True,False
8,ROMAN EMPIRE,Akanji,D,6.0,6.0,True,False
8,ROMAN EMPIRE,Wesley,D,6.0,5.5,True,False
8,ROMAN EMPIRE,Zalewski,C,5.0,5.0,True,False
8,ROMAN EMPIRE,Pellegrini Lo.,C,6.0,6.0,True,False
8,ROMAN EMPIRE,Konè M.,C,6.0,6.0,True,False
8,ROMAN EMPIRE,Zaniolo,C,7.0,11.0,True,False
8,ROMAN EMPIRE,Dybala,A,5.0,3.0,True,False
8,ROMAN EMPIRE,Dovbyk,A,5.5,5.5,True,False
8,ROMAN EMPIRE,Caprile,P,6.5,4.5,False,True
8,ROMAN EMPIRE,Maignan,P,7.0,11.0,False,True
8,ROMAN EMPIRE,Rensch,D,,,False,True
8,ROMAN EMPIRE,Beukema,D,,,False,True
8,ROMAN EMPIRE,Juan Jesus,D,,,False,True
8,ROMAN EMPIRE,De Winter,D,5.5,5.5,False,True
8,ROMAN EMPIRE,Bailey,C,5.5,5.5,False,True
8,ROMAN EMPIRE,Volpato,C,,,False,True
8,ROMAN EMPIRE,Zhegrova,C,,,False,True
8,ROMAN EMPIRE,Cutrone,A,5.5,5.5,False,True
8,ROMAN EMPIRE,Lucca,A,,,False,True
8,ROMAN EMPIRE,Morata,A,5.0,3.0,False,True
8,THE GREAT BINGO,De Gea,P,6.0,5.0,True,False
8,THE GREAT BINGO,Estupinan,D,,,False,False
8,THE GREAT BINGO,Pongracic,D,5.5,5.5,True,False
8,THE GREAT BINGO,Dumfries,D,6.0,6.0,True,False
8,THE GREAT BINGO,Bellanova,D,6.0,6.0,True,False
8,THE GREAT BINGO,Zaccagni,C,7.0,10.0,True,False
8,THE GREAT BINGO,Politano,C,5.5,5.0,True,False
8,THE GREAT BINGO,Conceicao,C,6.0,6.0,True,False
8,THE GREAT BINGO,Samardzic,C,5.5,5.5,True,False
8,THE GREAT BINGO,Martinez L.,A,5.5,5.5,True,False
8,THE GREAT BINGO,Berardi,A,7.0,9.0,True,False
8,THE GREAT BINGO,Martinelli T.,P,,,False,True
8,THE GREAT BINGO,Lezzerini,P,,,False,True
8,THE GREAT BINGO,Angori,D,6.0,6.0,True,True
8,THE GREAT BINGO,Bradaric,D,6.0,6.0,False,True
8,THE GREAT BINGO,Zemura,D,,,False,True
8,THE GREAT BINGO,Lovik,D,,,False,True
8,THE GREAT BINGO,Tramoni M.,C,,,False,True
8,THE GREAT BINGO,Fabbian,C,6.0,6.0,False,True
8,THE GREAT BINGO,Lipani,C,,,False,True
8,THE GREAT BINGO,Messias,C,6.0,6.0,False,True
8,THE GREAT BINGO,Esposito F.P.,A,6.0,6.0,False,True
8,THE GREAT BINGO,Camarda,A,,,False,True
8,THE GREAT BINGO,Castellanos,A,,,False,True
8,THE GREAT BINGO,Cancellieri,A,,,False,True
8,SOVEREIGN83,Svilar,P,7.0,6.0,True,False
8,SOVEREIGN83,Solet,D,6.5,6.5,True,False
8,SOVEREIGN83,Tavares N.,D,,,False,False
8,SOVEREIGN83,Kossounou,D,6.0,6.0,True,False
8,SOVEREIGN83,Hermoso,D,6.5,6.0,True,False
8,SOVEREIGN83,Asllani,C,,,False,False
8,SOVEREIGN83,Pasalic,C,5.5,5.5,True,False
8,SOVEREIGN83,Casadei,C,5.5,5.0,True,False
8,SOVEREIGN83,Hojlund,A,5.5,5.5,True,False
8,SOVEREIGN83,Soulè,A,6.0,6.0,True,False
8,SOVEREIGN83,Nkunku,A,5.5,5.5,True,False
8,SOVEREIGN83,Gollini,P,,,False,True
8,SOVEREIGN83,Vasquez D.,P,,,False,True
8,SOVEREIGN83,Comuzzo,D,5.5,5.5,True,True
8,SOVEREIGN83,Celik,D,6.0,5.5,False,True
8,SOVEREIGN83,Vitik,D,,,False,True
8,SOVEREIGN83,Circati,D,5.5,5.5,False,True
8,SOVEREIGN83,Guendouzi,C,7.0,7.5,True,True
8,SOVEREIGN83,Zerbin,C,,,False,True
8,SOVEREIGN83,Douvikas,A,,,False,True
8,SOVEREIGN83,Da Cunha,C,6.0,6.0,False,True
8,SOVEREIGN83,Kuhn,A,,,False,True
8,SOVEREIGN83,Meister,A,5.5,5.5,False,True
8,SOVEREIGN83,Jashari,C,,,False,True
9,BATIGOAL,Sommer,P,6.0,7.0,True,False
9,BATIGOAL,Bisseck,D,,,False,False
9,BATIGOAL,Olivera,D,,,False,False
9,BATIGOAL,Cambiaso,D,5.5,5.5,True,False
9,BATIGOAL,Vandeputte,C,6.5,6.5,True,False
9,BATIGOAL,Neres,C,5.5,5.0,True,False
9,BATIGOAL,El Aynaoui,C,6.0,6.0,True,False
9,BATIGOAL,Vazquez,C,6.5,6.5,True,False
9,BATIGOAL,Leao,A,7.0,9.0,True,False
9,BATIGOAL,Thuram,A,6.0,6.0,True,False
9,BATIGOAL,Diao,A,5.0,5.0,True,False
9,BATIGOAL,Martinez Jo.,P,,,False,True
9,BATIGOAL,Angelino,D,,,False,True
9,BATIGOAL,Gutierrez,D,5.5,5.5,True,True
9,BATIGOAL,Tomori,D,,,False,True
9,BATIGOAL,Tsimikas,D,,,False,True
9,BATIGOAL,Pezzella Giu.,D,,,False,True
9,BATIGOAL,Stanciu,C,,,False,True
9,BATIGOAL,Fazzini,C,,,False,True
9,BATIGOAL,Stengs,C,,,False,True
9,BATIGOAL,Giovane,A,5.5,5.5,False,True
9,BATIGOAL,Openda,A,,,False,True
9,BATIGOAL,Orban G.,A,6.0,6.0,False,True
9,BATIGOAL,Okoye,P,6.0,4.0,False,True
9,THE GREAT BINGO,De Gea,P,6.5,6.5,True,False
9,THE GREAT BINGO,Estupinan,D,5.0,5.0,True,False
9,THE GREAT BINGO,Pongracic,D,5.5,5.0,True,False
9,THE GREAT BINGO,Dumfries,D,5.5,5.0,True,False
9,THE GREAT BINGO,Bellanova,D,5.0,5.0,True,False
9,THE GREAT BINGO,Zaccagni,C,6.5,6.0,True,False
9,THE GREAT BINGO,Politano,C,5.0,5.0,True,False
9,THE GREAT BINGO,Conceicao,C,6.0,6.0,True,False
9,THE GREAT BINGO,Samardzic,C,4.5,4.5,True,False
9,THE GREAT BINGO,Martinez L.,A,7.0,10.0,True,False
9,THE GREAT BINGO,Berardi,A,8.5,15.5,True,False
9,THE GREAT BINGO,Martinelli T.,P,,,False,True
9,THE GREAT BINGO,Lezzerini,P,,,False,True
9,THE GREAT BINGO,Bradaric,D,6.5,6.0,False,True
9,THE GREAT BINGO,Angori,D,,,False,True
9,THE GREAT BINGO,Lovik,D,5.5,5.5,False,True
9,THE GREAT BINGO,Zemura,D,,,False,True
9,THE GREAT BINGO,Tramoni M.,C,6.5,7.5,False,True
9,THE GREAT BINGO,Fabbian,C,,,False,True
9,THE GREAT BINGO,Lipani,C,,,False,True
9,THE GREAT BINGO,Messias,C,,,False,True
9,THE GREAT BINGO,Esposito F.P.,A,,,False,True
9,THE GREAT BINGO,Camarda,A,6.0,6.0,False,True
9,THE GREAT BINGO,Castellanos,A,,,False,True
9,THE GREAT BINGO,Cancellieri,A,,,False,True
9,ROMA SHENHUA SEMPRE,Butez,P,6.5,7.5,True,False
9,ROMA SHENHUA SEMPRE,Dodò,D,5.5,5.0,True,False
9,ROMA SHENHUA SEMPRE,Luperto,D,6.5,6.5,True,False
9,ROMA SHENHUA SEMPRE,Ranieri L.,D,5.0,4.5,True,False
9,ROMA SHENHUA SEMPRE,Canestrelli,D,6.0,6.0,True,False
9,ROMA SHENHUA SEMPRE,Saelemaekers,C,7.0,9.0,True,False
9,ROMA SHENHUA SEMPRE,Paz N.,C,6.5,6.5,True,False
9,ROMA SHENHUA SEMPRE,Mandragora,C,5.5,5.5,True,False
9,ROMA SHENHUA SEMPRE,Fagioli,C,,,False,False
9,ROMA SHENHUA SEMPRE,Vlahovic,A,5.5,5.5,True,False
9,ROMA SHENHUA SEMPRE,Bonazzoli,A,6.0,6.0,True,False
9,ROMA SHENHUA SEMPRE,Leali,P,6.5,4.5,False,True
9,ROMA SHENHUA SEMPRE,Montipò,P,7.0,8.0,False,True
9,ROMA SHENHUA SEMPRE,Biraghi,D,,,False,True
9,ROMA SHENHUA SEMPRE,Zortea,D,,,False,True
9,ROMA SHENHUA SEMPRE,Lobotka,C,5.5,5.5,True,True
9,ROMA SHENHUA SEMPRE,Bernardeschi,C,6.5,6.5,False,True
9,ROMA SHENHUA SEMPRE,Lovric,C,,,False,True
9,ROMA SHENHUA SEMPRE,Esposito Se.,A,5.5,5.5,False,True
9,ROMA SHENHUA SEMPRE,De Luca,A,,,False,True
9,DTE,Carnesecchi,P,5.0,2.0,True,False
9,DTE,Miranda J.,D,6.5,6.5,True,False
9,DTE,Bastoni,D,6.5,7.5,True,False
9,DTE,Mina,D,7.0,7.0,True,False
9,DTE,Heggem,D,6.5,6.5,True,False
9,DTE,McTominay,C,5.5,5.5,True,False
9,DTE,Odgaard,C,6.0,6.0,True,False
9,DTE,Orsolini,C,6.0,5.5,True,False
9,DTE,Cambiaghi,A,7.0,8.0,True,False
9,DTE,Kean,A,,,False,False
9,DTE,Lang,A,5.5,5.0,True,False
9,DTE,Rossi F.,P,,,False,True
9,DTE,Sportiello,P,,,False,True
9,DTE,Lucumì,D,7.5,10.5,False,True
9,DTE,Lykogiannis,D,,,False,True
9,DTE,Obert,D,5.5,5.5,False,True
9,DTE,Perrone,C,5.5,5.0,False,True
9,DTE,Miller L.,C,,,False,True
9,DTE,Frendrup,C,6.0,6.0,False,True
9,DTE,Masini,C,6.0,6.0,False,True
9,DTE,Piccoli,A,7.0,9.0,True,True
9,DTE,Stulic,A,5.5,5.5,False,True
9,DTE,Colombo,A,5.5,6.5,False,True
9,OWEN,Milinkovic-Savic V.,P,5.5,3.5,True,False
9,OWEN,Zappacosta,D,5.0,5.0,True,False
9,OWEN,Valle,D,6.5,6.5,True,False
9,OWEN,Vojvoda,D,,,False,False
9,OWEN,Cuadrado,D,6.0,6.0,True,False
9,OWEN,Isaksen,C,5.5,5.5,True,False
9,OWEN,Gudmundsson A.,C,7.0,9.0,True,False
9,OWEN,Pulisic,C,5.5,5.5,True,False
9,OWEN,Vardy,A,5.5,5.5,True,False
9,OWEN,Simeone,A,6.0,6.0,True,False
9,OWEN,Lookman,A,5.0,5.0,True,False
9,OWEN,Meret,P,,,False,True
9,OWEN,Contini,P,,,False,True
9,OWEN,Vasquez,D,5.5,5.5,True,True
9,OWEN,Gatti,D,6.0,6.0,False,True
9,OWEN,Ramon,D,6.5,6.5,False,True
9,OWEN,Ederson D.S.,C,5.5,5.5,False,True
9,OWEN,Frattesi,C,,,False,True
9,OWEN,Folorunsho,C,5.5,5.5,False,True
9,OWEN,Vlasic,C,6.0,6.0,False,True
9,OWEN,Koopmeiners,C,6.0,6.0,False,True
9,OWEN,Laurientè,A,6.0,6.0,False,True
9,OWEN,Nzola,A,6.0,6.0,False,True
9,OWEN,Gimenez,A,,,False,True
9,AVIOD RELEGATION FOOTBALL CLUB,Di Gregorio,P,6.5,7.5,True,False
9,AVIOD RELEGATION FOOTBALL CLUB,Carlos Augusto,D,6.5,6.5,True,False
9,AVIOD RELEGATION FOOTBALL CLUB,Gila,D,5.5,5.5,True,False
9,AVIOD RELEGATION FOOTBALL CLUB,Martin,D,6.5,7.0,True,False
9,AVIOD RELEGATION FOOTBALL CLUB,Acerbi,D,6.0,6.0,True,False
9,AVIOD RELEGATION FOOTBALL CLUB,Thuram K.,C,6.5,6.5,True,False
9,AVIOD RELEGATION FOOTBALL CLUB,Fofana Y.,C,5.0,5.0,True,False
9,AVIOD RELEGATION FOOTBALL CLUB,Bernabè,C,7.0,9.0,True,False
9,AVIOD RELEGATION FOOTBALL CLUB,Tourè I.,C,7.0,11.0,True,False
9,AVIOD RELEGATION FOOTBALL CLUB,Yildiz,A,6.0,6.0,True,False
9,AVIOD RELEGATION FOOTBALL CLUB,Scamacca,A,5.5,5.5,True,False
9,AVIOD RELEGATION FOOTBALL CLUB,Falcone,P,6.0,7.0,False,True
9,AVIOD RELEGATION FOOTBALL CLUB,Ghilardi,D,,,False,True
9,AVIOD RELEGATION FOOTBALL CLUB,Delprato,D,7.5,11.5,False,True
9,AVIOD RELEGATION FOOTBALL CLUB,Kelly L.,D,,,False,True
9,AVIOD RELEGATION FOOTBALL CLUB,Kempf,D,,,False,True
9,AVIOD RELEGATION FOOTBALL CLUB,Adopo,C,5.5,5.5,False,True
9,AVIOD RELEGATION FOOTBALL CLUB,Rowe,C,6.0,6.0,False,True
9,AVIOD RELEGATION FOOTBALL CLUB,Baturina,C,5.5,5.5,False,True
9,AVIOD RELEGATION FOOTBALL CLUB,Serdar,C,,,False,True
9,AVIOD RELEGATION FOOTBALL CLUB,Bonny,A,7.0,9.0,False,True
9,AVIOD RELEGATION FOOTBALL CLUB,David,A,5.5,5.5,False,True
9,AVIOD RELEGATION FOOTBALL CLUB,Pellegrino M.,A,6.5,6.5,False,True
9,SOVEREIGN83,Svilar,P,6.5,7.5,True,False
9,SOVEREIGN83,Comuzzo,D,,,False,False
9,SOVEREIGN83,Celik,D,7.0,9.0,True,False
9,SOVEREIGN83,Kossounou,D,5.5,5.5,True,False
9,SOVEREIGN83,Hermoso,D,6.5,6.5,True,False
9,SOVEREIGN83,Jashari,C,,,False,False
9,SOVEREIGN83,Pasalic,C,4.5,4.5,True,False
9,SOVEREIGN83,Da Cunha,C,,,False,False
9,SOVEREIGN83,Hojlund,A,5.0,4.5,True,False
9,SOVEREIGN83,Soulè,A,6.0,6.0,True,False
9,SOVEREIGN83,Meister,A,,,False,False
9,SOVEREIGN83,Gollini,P,,,False,True
9,SOVEREIGN83,Vasquez D.,P,,,False,True
9,SOVEREIGN83,Solet,D,5.5,5.5,True,True
9,SOVEREIGN83,Vitik,D,,,False,True
9,SOVEREIGN83,Tavares N.,D,,,False,True
9,SOVEREIGN83,Guendouzi,C,5.5,5.5,True,True
9,SOVEREIGN83,Casadei,C,6.0,6.0,True,True
9,SOVEREIGN83,Asllani,C,6.0,5.5,False,True
9,SOVEREIGN83,Douvikas,A,5.5,5.5,True,True
9,SOVEREIGN83,Kuhn,A,6.0,6.0,False,True
9,SOVEREIGN83,Nkunku,A,6.0,7.0,False,True
9,DELI-XUJUN,Semper,P,6.5,7.5,True,False
9,DELI-XUJUN,Spinazzola,D,,,False,False
9,DELI-XUJUN,Rrahmani,D,5.0,5.0,True,False
9,DELI-XUJUN,Mancini,D,6.5,7.5,True,False
9,DELI-XUJUN,Di Lorenzo,D,5.0,5.0,True,False
9,DELI-XUJUN,Nicolussi Caviglia,C,5.5,5.5,True,False
9,DELI-XUJUN,Modric,C,6.0,5.5,True,False
9,DELI-XUJUN,Cristante,C,6.5,6.0,True,False
9,DELI-XUJUN,Locatelli,C,6.0,6.0,True,False
9,DELI-XUJUN,De Ketelaere,A,5.5,5.5,True,False
9,DELI-XUJUN,Rodriguez Je.,A,6.0,6.0,True,False
9,DELI-XUJUN,Provedel,P,6.0,4.0,False,True
9,DELI-XUJUN,Silvestri,P,,,False,True
9,DELI-XUJUN,Kalulu,D,6.5,6.5,True,True
9,DELI-XUJUN,N'Dicka,D,6.0,6.0,False,True
9,DELI-XUJUN,Scalvini,D,,,False,True
9,DELI-XUJUN,Joao Mario,D,,,False,True
9,DELI-XUJUN,El Shaarawy,C,6.0,6.0,False,True
9,DELI-XUJUN,Sohm,C,6.5,7.5,False,True
9,DELI-XUJUN,Elmas,C,5.0,5.0,False,True
9,DELI-XUJUN,Maldini,C,,,False,True
9,DELI-XUJUN,Pedro,A,6.0,6.0,False,True
9,DELI-XUJUN,Sarr A.,A,5.5,5.5,False,True
9,DELI-XUJUN,Dzeko,A,6.0,6.0,False,True
9,DELI-XUJUN,Okereke,A,,,False,True
9,ROMAN EMPIRE,Maignan,P,6.0,4.0,True,False
9,ROMAN EMPIRE,Terracciano F.,D,6.0,5.5,True,False
9,ROMAN EMPIRE,De Winter,D,5.5,5.5,True,False
9,ROMAN EMPIRE,Akanji,D,6.0,5.5,True,False
9,ROMAN EMPIRE,Wesley,D,6.0,6.0,True,False
9,ROMAN EMPIRE,Zalewski,C,,,False,False
9,ROMAN EMPIRE,Pellegrini Lo.,C,7.0,10.5,True,False
9,ROMAN EMPIRE,Konè M.,C,6.5,6.5,True,False
9,ROMAN EMPIRE,Zhegrova,C,6.0,6.0,True,False
9,ROMAN EMPIRE,Dovbyk,A,6.0,6.0,True,False
9,ROMAN EMPIRE,Morata,A,4.5,4.0,True,False
9,ROMAN EMPIRE,Suzuki,P,5.5,3.5,False,True
9,ROMAN EMPIRE,Caprile,P,7.0,9.0,False,True
9,ROMAN EMPIRE,Rensch,D,,,False,True
9,ROMAN EMPIRE,Buongiorno,D,5.5,5.5,False,True
9,ROMAN EMPIRE,Beukema,D,,,False,True
9,ROMAN EMPIRE,Juan Jesus,D,,,False,True
9,ROMAN EMPIRE,Volpato,C,,,False,True
9,ROMAN EMPIRE,Rabiot,C,,,False,True
9,ROMAN EMPIRE,Zaniolo,C,5.0,5.0,True,True
9,ROMAN EMPIRE,Cutrone,A,6.0,6.0,False,True
9,ROMAN EMPIRE,Lucca,A,,,False,True
9,TEAM PC,Skorupski,P,,,False,False
9,TEAM PC,Baschirotto,D,5.5,5.5,True,False
9,TEAM PC,Dimarco,D,7.0,9.0,True,False
9,TEAM PC,Doig,D,,,False,False
9,TEAM PC,Pavlovic,D,5.5,5.5,True,False
9,TEAM PC,Calhanoglu,C,6.5,6.5,True,False
9,TEAM PC,Atta,C,5.5,5.5,True,False
9,TEAM PC,Zambo Anguissa,C,5.5,5.5,True,False
9,TEAM PC,Krstovic,A,5.0,5.0,True,False
9,TEAM PC,Dia,A,5.5,5.5,True,False
9,TEAM PC,Pinamonti,A,7.5,9.5,True,False
9,TEAM PC,Israel,P,,,False,True
9,TEAM PC,Ravaglia F.,P,,,False,True
9,TEAM PC,Barella,C,6.5,6.5,False,True
9,TEAM PC,Loftus-Cheek,C,6.0,6.0,False,True
9,TEAM PC,Lorran,C,,,False,True
9,TEAM PC,Oristanio,C,,,False,True
9,TEAM PC,Gabbia,D,6.0,6.0,True,True
9,TEAM PC,Bremer,D,,,False,True
9,TEAM PC,Kabasele,D,5.5,5.5,False,True
9,TEAM PC,Zapata D.,A,,,False,True
9,TEAM PC,Davis K.,A,6.0,6.0,False,True
9,TEAM PC,Sucic P.,C,6.0,5.5,False,True
9,TEAM PC,Castro S.,A,,,False,True
9,TEAM PC,Lazaro,D,6.0,6.0,False,True
10,SOVEREIGN83,Svilar,P,7.0,6.0,True,False
10,SOVEREIGN83,Solet,D,5.5,5.5,True,False
10,SOVEREIGN83,Celik,D,6.5,6.5,True,False
10,SOVEREIGN83,Kossounou,D,6.0,6.0,True,False
10,SOVEREIGN83,Hermoso,D,,,False,False
10,SOVEREIGN83,Casadei,C,5.5,5.5,True,False
10,SOVEREIGN83,Guendouzi,C,7.0,10.5,True,False
10,SOVEREIGN83,Da Cunha,C,7.0,7.0,True,False
10,SOVEREIGN83,Hojlund,A,6.5,7.5,True,False
10,SOVEREIGN83,Soulè,A,7.0,9.0,True,False
10,SOVEREIGN83,Nkunku,A,6.0,6.0,True,False
10,SOVEREIGN83,Gollini,P,,,False,True
10,SOVEREIGN83,Vasquez D.,P,,,False,True
10,SOVEREIGN83,Tavares N.,D,,,False,True
10,SOVEREIGN83,Comuzzo,D,,,False,True
10,SOVEREIGN83,Vitik,D,,,False,True
10,SOVEREIGN83,Pasalic,C,5.0,5.0,False,True
10,SOVEREIGN83,Jashari,C,,,False,True
10,SOVEREIGN83,Asllani,C,5.0,5.0,False,True
10,SOVEREIGN83,Zerbin,C,,,False,True
10,SOVEREIGN83,Meister,A,7.0,9.0,False,True
10,SOVEREIGN83,Douvikas,A,6.0,6.0,False,True
10,SOVEREIGN83,Kuhn,A,,,False,True
10,DTE,Carnesecchi,P,5.5,2.5,True,False
10,DTE,Miranda J.,D,6.5,6.5,True,False
10,DTE,Bastoni,D,6.0,6.0,True,False
10,DTE,Mina,D,5.5,5.0,True,False
10,DTE,Heggem,D,6.5,6.5,True,False
10,DTE,McTominay,C,7.0,8.0,True,False
10,DTE,Odgaard,C,,,False,False
10,DTE,Orsolini,C,6.0,5.0,True,False
10,DTE,Stulic,A,5.5,5.5,True,False
10,DTE,Kean,A,7.0,9.0,True,False
10,DTE,Lang,A,7.0,9.0,True,False
10,DTE,Rossi F.,P,,,False,True
10,DTE,Sportiello,P,,,False,True
10,DTE,Hien,D,5.0,5.0,False,True
10,DTE,Lucumì,D,,,False,True
10,DTE,Lykogiannis,D,,,False,True
10,DTE,Obert,D,,,False,True
10,DTE,Miller L.,C,,,False,True
10,DTE,Perrone,C,7.5,9.5,True,True
10,DTE,Frendrup,C,6.5,6.5,False,True
10,DTE,Masini,C,,,False,True
10,DTE,Piccoli,A,5.0,5.0,False,True
10,DTE,Colombo,A,6.5,7.5,False,True
10,DTE,De Bruyne,C,,,False,True
10,DTE,Cambiaghi,A,,,False,True
10,BATIGOAL,Okoye,P,5.5,4.5,True,False
10,BATIGOAL,Gutierrez,D,6.0,6.0,True,False
10,BATIGOAL,Tomori,D,6.5,6.5,True,False
10,BATIGOAL,Bisseck,D,,,False,False
10,BATIGOAL,Cambiaso,D,6.0,6.0,True,False
10,BATIGOAL,Vandeputte,C,5.5,5.5,True,False
10,BATIGOAL,Neres,C,7.5,13.5,True,False
10,BATIGOAL,El Aynaoui,C,6.5,7.0,True,False
10,BATIGOAL,Leao,A,5.0,4.5,True,False
10,BATIGOAL,Thuram,A,6.5,6.5,True,False
10,BATIGOAL,Giovane,A,5.5,7.0,True,False
10,BATIGOAL,Sommer,P,5.5,4.5,False,True
10,BATIGOAL,Martinez Jo.,P,,,False,True
10,BATIGOAL,Angelino,D,,,False,True
10,BATIGOAL,Tsimikas,D,,,False,True
10,BATIGOAL,Olivera,D,,,False,True
10,BATIGOAL,Pezzella Giu.,D,5.0,5.0,True,True
10,BATIGOAL,Stanciu,C,,,False,True
10,BATIGOAL,Vazquez,C,6.0,7.0,False,True
10,BATIGOAL,Fazzini,C,,,False,True
10,BATIGOAL,Stengs,C,,,False,True
10,BATIGOAL,Mkhitaryan,C,,,False,True
10,BATIGOAL,Orban G.,A,6.0,6.0,False,True
10,BATIGOAL,Openda,A,,,False,True
10,BATIGOAL,Diao,A,,,False,True
10,DELI-XUJUN,Provedel,P,6.5,7.5,True,False
10,DELI-XUJUN,Spinazzola,D,,,False,False
10,DELI-XUJUN,Rrahmani,D,6.0,6.0,True,False
10,DELI-XUJUN,Mancini,D,6.0,6.0,True,False
10,DELI-XUJUN,Di Lorenzo,D,6.5,7.5,True,False
10,DELI-XUJUN,Nicolussi Caviglia,C,,,False,False
10,DELI-XUJUN,Modric,C,6.0,6.0,True,False
10,DELI-XUJUN,Cristante,C,6.5,6.5,True,False
10,DELI-XUJUN,Locatelli,C,6.5,6.5,True,False
10,DELI-XUJUN,De Ketelaere,A,6.0,6.0,True,False
10,DELI-XUJUN,Rodriguez Je.,A,7.0,9.0,True,False
10,DELI-XUJUN,Semper,P,6.5,4.5,False,True
10,DELI-XUJUN,Silvestri,P,,,False,True
10,DELI-XUJUN,Kalulu,D,6.0,6.0,True,True
10,DELI-XUJUN,N'Dicka,D,6.5,6.5,False,True
10,DELI-XUJUN,Scalvini,D,,,False,True
10,DELI-XUJUN,Joao Mario,D,,,False,True
10,DELI-XUJUN,El Shaarawy,C,6.5,7.5,True,True
10,DELI-XUJUN,Sohm,C,5.5,5.5,False,True
10,DELI-XUJUN,Elmas,C,6.0,6.0,False,True
10,DELI-XUJUN,Maldini,C,,,False,True
10,DELI-XUJUN,Pedro,A,,,False,True
10,DELI-XUJUN,Sarr A.,A,6.0,6.0,False,True
10,DELI-XUJUN,Dzeko,A,,,False,True
10,DELI-XUJUN,Okereke,A,,,False,True
10,OWEN,Milinkovic-Savic V.,P,6.0,5.0,True,False
10,OWEN,Cuadrado,D,,,False,False
10,OWEN,Zappacosta,D,5.5,5.0,True,False
10,OWEN,Valeri,D,6.0,6.0,True,False
10,OWEN,Vojvoda,D,6.0,6.0,True,False
10,OWEN,Gudmundsson A.,C,6.0,6.0,True,False
10,OWEN,Ederson D.S.,C,6.0,6.0,True,False
10,OWEN,Pulisic,C,7.0,10.0,True,False
10,OWEN,Isaksen,C,6.5,6.5,True,False
10,OWEN,Lookman,A,5.5,5.5,True,False
10,OWEN,Laurientè,A,6.0,6.0,True,False
10,OWEN,Contini,P,,,False,True
10,OWEN,Meret,P,,,False,True
10,OWEN,Valle,D,6.5,6.5,True,True
10,OWEN,Ramon,D,7.0,9.0,False,True
10,OWEN,Vasquez,D,5.5,5.5,False,True
10,OWEN,Gatti,D,,,False,True
10,OWEN,Frattesi,C,,,False,True
10,OWEN,Vlasic,C,7.0,9.0,False,True
10,OWEN,Folorunsho,C,6.0,6.0,False,True
10,OWEN,Koopmeiners,C,5.5,5.5,False,True
10,OWEN,Nzola,A,7.0,9.0,False,True
10,OWEN,Vardy,A,5.0,5.0,False,True
10,ROMA SHENHUA SEMPRE,Butez,P,6.0,5.0,True,False
10,ROMA SHENHUA SEMPRE,Dodò,D,5.5,5.5,True,False
10,ROMA SHENHUA SEMPRE,Luperto,D,5.5,5.0,True,False
10,ROMA SHENHUA SEMPRE,Zortea,D,6.0,6.0,True,False
10,ROMA SHENHUA SEMPRE,Canestrelli,D,6.0,6.0,True,False
10,ROMA SHENHUA SEMPRE,Saelemaekers,C,6.5,6.5,True,False
10,ROMA SHENHUA SEMPRE,Paz N.,C,7.0,9.0,True,False
10,ROMA SHENHUA SEMPRE,Mandragora,C,7.0,9.5,True,False
10,ROMA SHENHUA SEMPRE,Lobotka,C,6.0,6.0,True,False
10,ROMA SHENHUA SEMPRE,Vlahovic,A,5.5,6.0,True,False
10,ROMA SHENHUA SEMPRE,Ferguson E.,A,7.0,10.0,True,False
10,ROMA SHENHUA SEMPRE,Montipò,P,6.5,4.5,False,True
10,ROMA SHENHUA SEMPRE,Leali,P,6.0,3.0,False,True
10,ROMA SHENHUA SEMPRE,Ranieri L.,D,6.0,6.0,False,True
10,ROMA SHENHUA SEMPRE,Biraghi,D,,,False,True
10,ROMA SHENHUA SEMPRE,Kristensen T.,D,,,False,True
10,ROMA SHENHUA SEMPRE,Bernardeschi,C,6.5,8.5,False,True
10,ROMA SHENHUA SEMPRE,Fagioli,C,6.0,5.5,False,True
10,ROMA SHENHUA SEMPRE,Lovric,C,,,False,True
10,ROMA SHENHUA SEMPRE,Esposito Se.,A,7.0,9.0,False,True
10,ROMA SHENHUA SEMPRE,Bonazzoli,A,6.0,6.0,False,True
10,ROMA SHENHUA SEMPRE,Almqvist,A,,,False,True
10,ROMA SHENHUA SEMPRE,De Luca,A,,,False,True
10,AVIOD RELEGATION FOOTBALL CLUB,Di Gregorio,P,6.0,5.0,True,False
10,AVIOD RELEGATION FOOTBALL CLUB,Gila,D,6.0,6.0,True,False
10,AVIOD RELEGATION FOOTBALL CLUB,Delprato,D,5.5,5.0,True,False
10,AVIOD RELEGATION FOOTBALL CLUB,Carlos Augusto,D,6.0,6.0,True,False
10,AVIOD RELEGATION FOOTBALL CLUB,Martin,D,6.5,9.5,True,False
10,AVIOD RELEGATION FOOTBALL CLUB,Thuram K.,C,5.5,5.5,True,False
10,AVIOD RELEGATION FOOTBALL CLUB,Bernabè,C,6.0,6.0,True,False
10,AVIOD RELEGATION FOOTBALL CLUB,Tourè I.,C,6.0,6.0,True,False
10,AVIOD RELEGATION FOOTBALL CLUB,Yildiz,A,6.0,6.0,True,False
10,AVIOD RELEGATION FOOTBALL CLUB,Bonny,A,5.5,5.5,True,False
10,AVIOD RELEGATION FOOTBALL CLUB,Pellegrino M.,A,7.5,13.0,True,False
10,AVIOD RELEGATION FOOTBALL CLUB,Falcone,P,6.5,4.5,False,True
10,AVIOD RELEGATION FOOTBALL CLUB,Kempf,D,6.0,6.0,False,True
10,AVIOD RELEGATION FOOTBALL CLUB,Acerbi,D,6.5,6.5,False,True
10,AVIOD RELEGATION FOOTBALL CLUB,Ghilardi,D,,,False,True
10,AVIOD RELEGATION FOOTBALL CLUB,Kelly L.,D,5.5,5.5,False,True
10,AVIOD RELEGATION FOOTBALL CLUB,Fofana Y.,C,6.5,6.5,False,True
10,AVIOD RELEGATION FOOTBALL CLUB,Adopo,C,6.0,6.0,False,True
10,AVIOD RELEGATION FOOTBALL CLUB,Serdar,C,,,False,True
10,AVIOD RELEGATION FOOTBALL CLUB,Rowe,C,,,False,True
10,AVIOD RELEGATION FOOTBALL CLUB,Baturina,C,6.5,8.5,False,True
10,AVIOD RELEGATION FOOTBALL CLUB,Scamacca,A,7.0,9.0,False,True
10,AVIOD RELEGATION FOOTBALL CLUB,Sanabria,A,,,False,True
10,AVIOD RELEGATION FOOTBALL CLUB,David,A,,,False,True
10,TEAM PC,Ravaglia F.,P,6.5,7.5,True,False
10,TEAM PC,Baschirotto,D,5.5,5.5,True,False
10,TEAM PC,Dimarco,D,6.5,6.5,True,False
10,TEAM PC,Doig,D,6.0,6.0,True,False
10,TEAM PC,Pavlovic,D,6.0,5.5,True,False
10,TEAM PC,Calhanoglu,C,4.5,2.0,True,False
10,TEAM PC,Atta,C,6.5,6.5,True,False
10,TEAM PC,Barella,C,6.0,6.0,True,False
10,TEAM PC,Castro S.,A,5.5,5.5,True,False
10,TEAM PC,Dia,A,6.0,6.0,True,False
10,TEAM PC,Pinamonti,A,5.0,5.0,True,False
10,TEAM PC,Israel,P,,,False,True
10,TEAM PC,Loftus-Cheek,C,,,False,True
10,TEAM PC,Lorran,C,,,False,True
10,TEAM PC,Oristanio,C,,,False,True
10,TEAM PC,Gabbia,D,6.0,6.0,False,True
10,TEAM PC,Bremer,D,,,False,True
10,TEAM PC,Kabasele,D,5.5,5.5,False,True
10,TEAM PC,Zapata D.,A,5.0,5.0,False,True
10,TEAM PC,Davis K.,A,5.5,5.5,False,True
10,TEAM PC,Sucic P.,C,6.0,6.0,False,True
10,TEAM PC,Lazaro,D,5.0,5.0,False,True
10,TEAM PC,Krstovic,A,,,False,True
10,ROMAN EMPIRE,Caprile,P,5.0,2.0,True,False
10,ROMAN EMPIRE,Buongiorno,D,6.5,6.5,True,False
10,ROMAN EMPIRE,Beukema,D,6.5,6.5,True,False
10,ROMAN EMPIRE,Akanji,D,5.5,5.5,True,False
10,ROMAN EMPIRE,Wesley,D,7.0,10.0,True,False
10,ROMAN EMPIRE,Zaniolo,C,5.5,5.5,True,False
10,ROMAN EMPIRE,Pellegrini Lo.,C,6.0,6.0,True,False
10,ROMAN EMPIRE,Konè M.,C,6.5,7.5,True,False
10,ROMAN EMPIRE,Rabiot,C,6.5,6.5,True,False
10,ROMAN EMPIRE,Cutrone,A,6.0,6.0,True,False
10,ROMAN EMPIRE,Morata,A,6.0,6.0,True,False
10,ROMAN EMPIRE,Maignan,P,8.0,12.0,False,True
10,ROMAN EMPIRE,Rensch,D,,,False,True
10,ROMAN EMPIRE,Juan Jesus,D,6.0,5.5,False,True
10,ROMAN EMPIRE,De Winter,D,,,False,True
10,ROMAN EMPIRE,Terracciano F.,D,5.0,5.0,False,True
10,ROMAN EMPIRE,Zalewski,C,6.0,6.0,False,True
10,ROMAN EMPIRE,Zhegrova,C,,,False,True
10,ROMAN EMPIRE,Bailey,C,,,False,True
10,ROMAN EMPIRE,Lucca,A,6.0,6.0,False,True
10,THE GREAT BINGO,De Gea,P,6.5,5.5,True,False
10,THE GREAT BINGO,Estupinan,D,,,False,False
10,THE GREAT BINGO,Pongracic,D,6.0,6.0,True,False
10,THE GREAT BINGO,Bradaric,D,5.5,5.5,True,False
10,THE GREAT BINGO,Bellanova,D,6.0,7.0,True,False
10,THE GREAT BINGO,Zaccagni,C,6.5,6.5,True,False
10,THE GREAT BINGO,Politano,C,6.0,6.0,True,False
10,THE GREAT BINGO,Conceicao,C,6.5,6.5,True,False
10,THE GREAT BINGO,Samardzic,C,6.0,6.0,True,False
10,THE GREAT BINGO,Martinez L.,A,6.0,6.0,True,False
10,THE GREAT BINGO,Berardi,A,5.5,5.5,True,False
10,THE GREAT BINGO,Martinelli T.,P,,,False,True
10,THE GREAT BINGO,Lezzerini,P,,,False,True
10,THE GREAT BINGO,Dumfries,D,,,False,True
10,THE GREAT BINGO,Angori,D,6.0,6.0,True,True
10,THE GREAT BINGO,Lovik,D,5.5,5.5,False,True
10,THE GREAT BINGO,Zemura,D,6.0,6.0,False,True
10,THE GREAT BINGO,Tramoni M.,C,5.0,5.0,False,True
10,THE GREAT BINGO,Fabbian,C,5.5,5.5,False,True
10,THE GREAT BINGO,Lipani,C,6.0,6.0,False,True
10,THE GREAT BINGO,Messias,C,,,False,True
10,THE GREAT BINGO,Esposito F.P.,A,,,False,True
10,THE GREAT BINGO,Camarda,A,5.0,5.0,False,True
10,THE GREAT BINGO,Castellanos,A,,,False,True
10,THE GREAT BINGO,Cancellieri,A,,,False,True
11,DTE,Carnesecchi,P,7.0,8.0,True,False
11,DTE,Miranda J.,D,5.5,5.5,True,False
11,DTE,Bastoni,D,6.0,6.0,True,False
11,DTE,Mina,D,,,False,False
11,DTE,McTominay,C,6.5,6.5,True,False
11,DTE,Odgaard,C,5.0,5.0,True,False
11,DTE,Orsolini,C,6.5,8.5,True,False
11,DTE,Perrone,C,6.5,6.5,True,False
11,DTE,Colombo,A,7.0,9.0,True,False
11,DTE,Kean,A,5.5,5.5,True,False
11,DTE,Lang,A,6.0,6.0,True,False
11,DTE,Rossi F.,P,,,False,True
11,DTE,Sportiello,P,,,False,True
11,DTE,Heggem,D,5.5,5.5,True,True
11,DTE,Lucumì,D,5.0,5.0,False,True
11,DTE,Hien,D,6.5,6.0,False,True
11,DTE,Lykogiannis,D,,,False,True
11,DTE,Obert,D,5.5,5.0,False,True
11,DTE,Miller L.,C,,,False,True
11,DTE,Frendrup,C,6.5,6.5,False,True
11,DTE,Masini,C,6.0,6.0,False,True
11,DTE,Piccoli,A,5.5,5.5,False,True
11,DTE,Stulic,A,5.5,5.5,False,True
11,DTE,De Bruyne,C,,,False,True
11,DTE,Cambiaghi,A,6.0,6.0,False,True
11,BATIGOAL,Sommer,P,6.0,7.0,True,False
11,BATIGOAL,Bisseck,D,6.0,6.0,True,False
11,BATIGOAL,Tomori,D,6.5,8.0,True,False
11,BATIGOAL,Cambiaso,D,6.0,5.5,True,False
11,BATIGOAL,El Aynaoui,C,6.0,6.0,True,False
11,BATIGOAL,Neres,C,7.0,11.0,True,False
11,BATIGOAL,Mkhitaryan,C,,,False,False
11,BATIGOAL,Vazquez,C,,,False,False
11,BATIGOAL,Leao,A,7.0,10.0,True,False
11,BATIGOAL,Thuram,A,5.5,5.5,True,False
11,BATIGOAL,Giovane,A,6.0,6.0,True,False
11,BATIGOAL,Martinez Jo.,P,,,False,True
11,BATIGOAL,Okoye,P,6.0,7.0,False,True
11,BATIGOAL,Angelino,D,,,False,True
11,BATIGOAL,Tsimikas,D,,,False,True
11,BATIGOAL,Olivera,D,6.0,5.5,False,True
11,BATIGOAL,Pezzella Giu.,D,6.0,5.5,False,True
11,BATIGOAL,Gutierrez,D,,,False,True
11,BATIGOAL,Vandeputte,C,6.5,6.5,True,True
11,BATIGOAL,Stanciu,C,,,False,True
11,BATIGOAL,Fazzini,C,,,False,True
11,BATIGOAL,Stengs,C,,,False,True
11,BATIGOAL,Diao,A,,,False,True
11,BATIGOAL,Openda,A,,,False,True
11,BATIGOAL,Orban G.,A,5.5,5.5,False,True
11,THE GREAT BINGO,De Gea,P,6.5,4.5,True,False
11,THE GREAT BINGO,Zemura,D,6.0,6.0,True,False
11,THE GREAT BINGO,Pongracic,D,5.0,4.5,True,False
11,THE GREAT BINGO,Bradaric,D,6.0,6.0,True,False
11,THE GREAT BINGO,Bellanova,D,6.0,6.0,True,False
11,THE GREAT BINGO,Zaccagni,C,6.0,5.5,True,False
11,THE GREAT BINGO,Conceicao,C,6.5,6.5,True,False
11,THE GREAT BINGO,Samardzic,C,,,False,False
11,THE GREAT BINGO,Martinez L.,A,7.5,13.5,True,False
11,THE GREAT BINGO,Castellanos,A,6.0,6.0,True,False
11,THE GREAT BINGO,Berardi,A,6.0,6.0,True,False
11,THE GREAT BINGO,Martinelli T.,P,,,False,True
11,THE GREAT BINGO,Lezzerini,P,,,False,True
11,THE GREAT BINGO,Estupinan,D,,,False,True
11,THE GREAT BINGO,Lovik,D,,,False,True
11,THE GREAT BINGO,Angori,D,6.0,6.0,False,True
11,THE GREAT BINGO,Dumfries,D,,,False,True
11,THE GREAT BINGO,Politano,C,6.0,6.0,True,True
11,THE GREAT BINGO,Tramoni M.,C,5.5,5.5,False,True
11,THE GREAT BINGO,Fabbian,C,,,False,True
11,THE GREAT BINGO,Lipani,C,,,False,True
11,THE GREAT BINGO,Messias,C,,,False,True
11,THE GREAT BINGO,Esposito F.P.,A,7.0,8.0,False,True
11,THE GREAT BINGO,Camarda,A,,,False,True
11,THE GREAT BINGO,Cancellieri,A,,,False,True
11,AVIOD RELEGATION FOOTBALL CLUB,Di Gregorio,P,,,False,False
11,AVIOD RELEGATION FOOTBALL CLUB,Kelly L.,D,6.0,6.0,True,False
11,AVIOD RELEGATION FOOTBALL CLUB,Martin,D,6.5,6.5,True,False
11,AVIOD RELEGATION FOOTBALL CLUB,Carlos Augusto,D,,,False,False
11,AVIOD RELEGATION FOOTBALL CLUB,Delprato,D,5.5,5.5,True,False
11,AVIOD RELEGATION FOOTBALL CLUB,Thuram K.,C,6.5,6.5,True,False
11,AVIOD RELEGATION FOOTBALL CLUB,Bernabè,C,5.5,5.5,True,False
11,AVIOD RELEGATION FOOTBALL CLUB,Fofana Y.,C,6.0,6.0,True,False
11,AVIOD RELEGATION FOOTBALL CLUB,Yildiz,A,7.5,13.5,True,False
11,AVIOD RELEGATION FOOTBALL CLUB,Scamacca,A,6.0,6.0,True,False
11,AVIOD RELEGATION FOOTBALL CLUB,Bonny,A,,,False,False
11,AVIOD RELEGATION FOOTBALL CLUB,Falcone,P,7.5,8.5,True,True
11,AVIOD RELEGATION FOOTBALL CLUB,Sava,P,,,False,True
11,AVIOD RELEGATION FOOTBALL CLUB,Acerbi,D,6.0,5.5,True,True
11,AVIOD RELEGATION FOOTBALL CLUB,Gila,D,5.5,5.5,False,True
11,AVIOD RELEGATION FOOTBALL CLUB,Ghilardi,D,,,False,True
11,AVIOD RELEGATION FOOTBALL CLUB,Kempf,D,,,False,True
11,AVIOD RELEGATION FOOTBALL CLUB,Baturina,C,6.0,6.0,False,True
11,AVIOD RELEGATION FOOTBALL CLUB,Serdar,C,,,False,True
11,AVIOD RELEGATION FOOTBALL CLUB,Rowe,C,,,False,True
11,AVIOD RELEGATION FOOTBALL CLUB,Adopo,C,5.5,5.5,False,True
11,AVIOD RELEGATION FOOTBALL CLUB,Tourè I.,C,6.0,6.0,False,True
11,AVIOD RELEGATION FOOTBALL CLUB,David,A,5.5,5.5,True,True
11,AVIOD RELEGATION FOOTBALL CLUB,Sanabria,A,6.0,6.0,False,True
11,AVIOD RELEGATION FOOTBALL CLUB,Pellegrino M.,A,6.0,6.0,False,True
11,TEAM PC,Ravaglia F.,P,6.0,3.0,True,False
11,TEAM PC,Lazaro,D,6.0,6.0,True,False
11,TEAM PC,Dimarco,D,6.0,6.0,True,False
11,TEAM PC,Doig,D,6.0,6.0,True,False
11,TEAM PC,Pavlovic,D,6.0,6.0,True,False
11,TEAM PC,Calhanoglu,C,6.5,6.5,True,False
11,TEAM PC,Atta,C,6.0,5.5,True,False
11,TEAM PC,Barella,C,6.5,7.5,True,False
11,TEAM PC,Castro S.,A,5.5,5.5,True,False
11,TEAM PC,Davis K.,A,7.5,9.0,True,False
11,TEAM PC,Pinamonti,A,5.0,5.0,True,False
11,TEAM PC,Israel,P,6.0,4.0,False,True
11,TEAM PC,Loftus-Cheek,C,6.0,6.0,False,True
11,TEAM PC,Lorran,C,,,False,True
11,TEAM PC,Oristanio,C,,,False,True
11,TEAM PC,Gabbia,D,6.5,6.0,False,True
11,TEAM PC,Bremer,D,,,False,True
11,TEAM PC,Kabasele,D,6.5,6.5,False,True
11,TEAM PC,Zapata D.,A,6.0,6.0,False,True
11,TEAM PC,Sucic P.,C,5.5,5.5,False,True
11,TEAM PC,Baschirotto,D,7.0,7.0,False,True
11,TEAM PC,Dia,A,5.5,5.5,False,True
11,TEAM PC,Krstovic,A,6.0,6.0,False,True
11,OWEN,Milinkovic-Savic V.,P,6.5,7.5,True,False
11,OWEN,Zappacosta,D,6.5,6.5,True,False
11,OWEN,Vojvoda,D,6.0,6.0,True,False
11,OWEN,Vasquez,D,6.5,6.5,True,False
11,OWEN,Valeri,D,6.0,6.0,True,False
11,OWEN,Gudmundsson A.,C,5.5,5.5,True,False
11,OWEN,Ederson D.S.,C,6.0,6.0,True,False
11,OWEN,Pulisic,C,,,False,False
11,OWEN,Isaksen,C,6.0,6.0,True,False
11,OWEN,Vardy,A,8.0,14.0,True,False
11,OWEN,Lookman,A,7.0,9.0,True,False
11,OWEN,Meret,P,,,False,True
11,OWEN,Contini,P,,,False,True
11,OWEN,Ramon,D,6.0,5.5,False,True
11,OWEN,Valle,D,,,False,True
11,OWEN,Gatti,D,,,False,True
11,OWEN,Frattesi,C,,,False,True
11,OWEN,Vlasic,C,6.0,7.0,True,True
11,OWEN,Folorunsho,C,5.5,5.0,False,True
11,OWEN,Koopmeiners,C,6.0,6.0,False,True
11,OWEN,Nzola,A,6.5,6.5,False,True
11,OWEN,Laurientè,A,5.5,5.5,False,True
11,ROMA SHENHUA SEMPRE,Butez,P,6.0,7.0,True,False
11,ROMA SHENHUA SEMPRE,Canestrelli,D,5.5,5.5,True,False
11,ROMA SHENHUA SEMPRE,Luperto,D,5.5,5.5,True,False
11,ROMA SHENHUA SEMPRE,Ranieri L.,D,6.0,6.0,True,False
11,ROMA SHENHUA SEMPRE,Saelemaekers,C,6.5,6.5,True,False
11,ROMA SHENHUA SEMPRE,Bernardeschi,C,6.0,6.0,True,False
11,ROMA SHENHUA SEMPRE,Mandragora,C,5.5,5.0,True,False
11,ROMA SHENHUA SEMPRE,Paz N.,C,7.0,9.0,True,False
11,ROMA SHENHUA SEMPRE,Esposito Se.,A,7.0,9.0,True,False
11,ROMA SHENHUA SEMPRE,Vlahovic,A,6.0,6.0,True,False
11,ROMA SHENHUA SEMPRE,Ferguson E.,A,5.5,5.5,True,False
11,ROMA SHENHUA SEMPRE,Montipò,P,6.0,4.0,False,True
11,ROMA SHENHUA SEMPRE,Leali,P,6.5,5.5,False,True
11,ROMA SHENHUA SEMPRE,Zortea,D,5.5,5.5,False,True
11,ROMA SHENHUA SEMPRE,Biraghi,D,,,False,True
11,ROMA SHENHUA SEMPRE,Gosens,D,,,False,True
11,ROMA SHENHUA SEMPRE,Dodò,D,5.0,5.0,False,True
11,ROMA SHENHUA SEMPRE,Lobotka,C,6.0,5.5,False,True
11,ROMA SHENHUA SEMPRE,Fagioli,C,5.5,5.5,False,True
11,ROMA SHENHUA SEMPRE,Lovric,C,,,False,True
11,ROMA SHENHUA SEMPRE,Bonazzoli,A,6.5,7.5,False,True
11,ROMA SHENHUA SEMPRE,Almqvist,A,,,False,True
11,ROMA SHENHUA SEMPRE,De Luca,A,,,False,True
11,SOVEREIGN83,Svilar,P,6.5,5.5,True,False
11,SOVEREIGN83,Solet,D,6.5,6.5,True,False
11,SOVEREIGN83,Celik,D,6.0,6.0,True,False
11,SOVEREIGN83,Kossounou,D,7.0,10.0,True,False
11,SOVEREIGN83,Hermoso,D,6.0,6.0,True,False
11,SOVEREIGN83,Casadei,C,5.5,5.0,True,False
11,SOVEREIGN83,Asllani,C,4.5,2.5,True,False
11,SOVEREIGN83,Da Cunha,C,6.0,6.0,True,False
11,SOVEREIGN83,Hojlund,A,6.5,7.5,True,False
11,SOVEREIGN83,Soulè,A,5.0,5.0,True,False
11,SOVEREIGN83,Nkunku,A,5.0,5.0,True,False
11,SOVEREIGN83,Gollini,P,,,False,True
11,SOVEREIGN83,Vasquez D.,P,,,False,True
11,SOVEREIGN83,Vitik,D,,,False,True
11,SOVEREIGN83,Tavares N.,D,,,False,True
11,SOVEREIGN83,Comuzzo,D,6.0,6.0,False,True
11,SOVEREIGN83,Pasalic,C,6.0,6.0,False,True
11,SOVEREIGN83,Jashari,C,,,False,True
11,SOVEREIGN83,Guendouzi,C,6.0,6.0,False,True
11,SOVEREIGN83,Zerbin,C,6.0,6.0,False,True
11,SOVEREIGN83,Douvikas,A,7.0,10.0,False,True
11,SOVEREIGN83,Kuhn,A,,,False,True
11,SOVEREIGN83,Meister,A,6.0,6.0,False,True
11,DELI-XUJUN,Provedel,P,6.0,5.0,True,False
11,DELI-XUJUN,Spinazzola,D,,,False,False
11,DELI-XUJUN,N'Dicka,D,5.5,5.0,True,False
11,DELI-XUJUN,Mancini,D,6.0,6.0,True,False
11,DELI-XUJUN,Di Lorenzo,D,6.5,6.5,True,False
11,DELI-XUJUN,El Shaarawy,C,,,False,False
11,DELI-XUJUN,Modric,C,6.0,6.0,True,False
11,DELI-XUJUN,Cristante,C,5.0,4.5,True,False
11,DELI-XUJUN,Locatelli,C,6.0,6.0,True,False
11,DELI-XUJUN,De Ketelaere,A,7.0,9.0,True,False
11,DELI-XUJUN,Rodriguez Je.,A,5.5,5.5,True,False
11,DELI-XUJUN,Silvestri,P,,,False,True
11,DELI-XUJUN,Semper,P,,,False,True
11,DELI-XUJUN,Kalulu,D,6.5,7.5,True,True
11,DELI-XUJUN,Rrahmani,D,7.0,7.0,False,True
11,DELI-XUJUN,Scalvini,D,,,False,True
11,DELI-XUJUN,Joao Mario,D,,,False,True
11,DELI-XUJUN,Nicolussi Caviglia,C,,,False,True
11,DELI-XUJUN,Sohm,C,5.0,5.0,True,True
11,DELI-XUJUN,Elmas,C,,,False,True
11,DELI-XUJUN,Maldini,C,,,False,True
11,DELI-XUJUN,Pedro,A,6.0,6.0,False,True
11,DELI-XUJUN,Sarr A.,A,5.5,5.5,False,True
11,DELI-XUJUN,Dzeko,A,,,False,True
11,DELI-XUJUN,Okereke,A,,,False,True
11,ROMAN EMPIRE,Maignan,P,7.0,8.0,True,False
11,ROMAN EMPIRE,Terracciano F.,D,6.0,5.5,True,False
11,ROMAN EMPIRE,De Winter,D,,,False,False
11,ROMAN EMPIRE,Akanji,D,6.5,6.5,True,False
11,ROMAN EMPIRE,Wesley,D,5.5,5.5,True,False
11,ROMAN EMPIRE,Pellegrini Lo.,C,6.5,6.5,True,False
11,ROMAN EMPIRE,Konè M.,C,5.0,5.0,True,False
11,ROMAN EMPIRE,Rabiot,C,6.0,6.0,True,False
11,ROMAN EMPIRE,Bailey,C,,,False,False
11,ROMAN EMPIRE,Cutrone,A,5.5,5.5,True,False
11,ROMAN EMPIRE,Dybala,A,6.0,6.0,True,False
11,ROMAN EMPIRE,Caprile,P,6.0,4.0,False,True
11,ROMAN EMPIRE,Rensch,D,,,False,True
11,ROMAN EMPIRE,Buongiorno,D,6.5,6.5,True,True
11,ROMAN EMPIRE,Beukema,D,6.0,5.5,False,True
11,ROMAN EMPIRE,Juan Jesus,D,,,False,True
11,ROMAN EMPIRE,Zalewski,C,6.0,6.0,True,True
11,ROMAN EMPIRE,Zaniolo,C,7.0,11.0,False,True
11,ROMAN EMPIRE,Zhegrova,C,,,False,True
11,ROMAN EMPIRE,Volpato,C,5.5,5.5,False,True
11,ROMAN EMPIRE,Morata,A,,,False,True
11,ROMAN EMPIRE,Lucca,A,,,False,True
12,ROMAN EMPIRE,Maignan,P,6.0,3.5,True,False
12,ROMAN EMPIRE,Terracciano F.,D,6.5,6.5,True,False
12,ROMAN EMPIRE,Buongiorno,D,6.5,6.0,True,False
12,ROMAN EMPIRE,Akanji,D,6.0,5.5,True,False
12,ROMAN EMPIRE,Wesley,D,,,False,False
12,ROMAN EMPIRE,Bailey,C,,,False,False
12,ROMAN EMPIRE,Pellegrini Lo.,C,5.5,5.5,True,False
12,ROMAN EMPIRE,Rabiot,C,7.0,9.0,True,False
12,ROMAN EMPIRE,Zaniolo,C,6.0,6.0,True,False
12,ROMAN EMPIRE,Volpato,C,7.5,11.5,True,False
12,ROMAN EMPIRE,Dybala,A,5.5,5.5,True,False
12,ROMAN EMPIRE,Caprile,P,6.0,7.0,False,True
12,ROMAN EMPIRE,Rensch,D,5.5,5.5,True,True
12,ROMAN EMPIRE,Beukema,D,6.0,5.5,False,True
12,ROMAN EMPIRE,De Winter,D,,,False,True
12,ROMAN EMPIRE,Juan Jesus,D,,,False,True
12,ROMAN EMPIRE,Zalewski,C,5.5,5.5,True,True
12,ROMAN EMPIRE,Konè M.,C,6.0,6.0,False,True
12,ROMAN EMPIRE,Zhegrova,C,,,False,True
12,ROMAN EMPIRE,Cutrone,A,,,False,True
12,ROMAN EMPIRE,Lucca,A,,,False,True
12,ROMAN EMPIRE,Morata,A,5.5,5.5,False,True
12,DTE,Carnesecchi,P,6.0,3.0,True,False
12,DTE,Miranda J.,D,6.0,5.5,True,False
12,DTE,Bastoni,D,6.5,6.5,True,False
12,DTE,Heggem,D,5.5,5.5,True,False
12,DTE,McTominay,C,6.5,6.5,True,False
12,DTE,Odgaard,C,6.5,9.5,True,False
12,DTE,Perrone,C,6.0,5.5,True,False
12,DTE,Orsolini,C,6.0,6.0,True,False
12,DTE,Lang,A,5.5,5.5,True,False
12,DTE,Kean,A,5.0,5.0,True,False
12,DTE,Cambiaghi,A,5.5,5.0,True,False
12,DTE,Rossi F.,P,,,False,True
12,DTE,Sportiello,P,,,False,True
12,DTE,Lykogiannis,D,,,False,True
12,DTE,Mina,D,,,False,True
12,DTE,Lucumì,D,,,False,True
12,DTE,Hien,D,5.0,5.0,False,True
12,DTE,Obert,D,6.5,6.5,False,True
12,DTE,Miller L.,C,,,False,True
12,DTE,Frendrup,C,,,False,True
12,DTE,Masini,C,6.5,6.5,False,True
12,DTE,Colombo,A,6.5,6.5,False,True
12,DTE,Piccoli,A,5.5,5.5,False,True
12,DTE,Stulic,A,5.0,5.0,False,True
12,DTE,De Bruyne,C,,,False,True
12,AVIOD RELEGATION FOOTBALL CLUB,Falcone,P,6.0,4.0,True,False
12,AVIOD RELEGATION FOOTBALL CLUB,Carlos Augusto,D,7.0,9.0,True,False
12,AVIOD RELEGATION FOOTBALL CLUB,Gila,D,5.0,4.0,True,False
12,AVIOD RELEGATION FOOTBALL CLUB,Delprato,D,6.5,6.5,True,False
12,AVIOD RELEGATION FOOTBALL CLUB,Martin,D,6.0,6.0,True,False
12,AVIOD RELEGATION FOOTBALL CLUB,Bernabè,C,6.0,6.0,True,False
12,AVIOD RELEGATION FOOTBALL CLUB,Tourè I.,C,6.0,5.5,True,False
12,AVIOD RELEGATION FOOTBALL CLUB,Thuram K.,C,6.0,6.0,True,False
12,AVIOD RELEGATION FOOTBALL CLUB,Yildiz,A,7.0,9.0,True,False
12,AVIOD RELEGATION FOOTBALL CLUB,Scamacca,A,6.5,8.5,True,False
12,AVIOD RELEGATION FOOTBALL CLUB,Bonny,A,,,False,False
12,AVIOD RELEGATION FOOTBALL CLUB,Di Gregorio,P,6.5,4.5,False,True
12,AVIOD RELEGATION FOOTBALL CLUB,Sava,P,,,False,True
12,AVIOD RELEGATION FOOTBALL CLUB,Kelly L.,D,5.0,5.0,False,True
12,AVIOD RELEGATION FOOTBALL CLUB,Acerbi,D,6.5,6.5,False,True
12,AVIOD RELEGATION FOOTBALL CLUB,Ghilardi,D,4.5,4.5,False,True
12,AVIOD RELEGATION FOOTBALL CLUB,Kempf,D,,,False,True
12,AVIOD RELEGATION FOOTBALL CLUB,Adopo,C,6.0,6.0,False,True
12,AVIOD RELEGATION FOOTBALL CLUB,Fofana Y.,C,,,False,True
12,AVIOD RELEGATION FOOTBALL CLUB,Serdar,C,,,False,True
12,AVIOD RELEGATION FOOTBALL CLUB,Baturina,C,,,False,True
12,AVIOD RELEGATION FOOTBALL CLUB,Pellegrino M.,A,5.5,5.5,True,True
12,AVIOD RELEGATION FOOTBALL CLUB,Rowe,C,6.0,6.0,False,True
12,AVIOD RELEGATION FOOTBALL CLUB,David,A,6.0,6.0,False,True
12,AVIOD RELEGATION FOOTBALL CLUB,Sanabria,A,7.0,9.0,False,True
12,DELI-XUJUN,Provedel,P,6.5,5.5,True,False
12,DELI-XUJUN,Spinazzola,D,6.0,6.0,True,False
12,DELI-XUJUN,Mancini,D,5.0,5.0,True,False
12,DELI-XUJUN,N'Dicka,D,5.5,5.5,True,False
12,DELI-XUJUN,Di Lorenzo,D,6.0,6.0,True,False
12,DELI-XUJUN,El Shaarawy,C,,,False,False
12,DELI-XUJUN,Cristante,C,5.5,5.5,True,False
12,DELI-XUJUN,Modric,C,6.5,6.5,True,False
12,DELI-XUJUN,Locatelli,C,6.0,6.0,True,False
12,DELI-XUJUN,Rodriguez Je.,A,6.0,6.0,True,False
12,DELI-XUJUN,De Ketelaere,A,5.5,5.5,True,False
12,DELI-XUJUN,Semper,P,,,False,True
12,DELI-XUJUN,Silvestri,P,,,False,True
12,DELI-XUJUN,Kalulu,D,6.0,5.5,False,True
12,DELI-XUJUN,Rrahmani,D,6.5,6.5,False,True
12,DELI-XUJUN,Scalvini,D,,,False,True
12,DELI-XUJUN,Joao Mario,D,,,False,True
12,DELI-XUJUN,Nicolussi Caviglia,C,,,False,True
12,DELI-XUJUN,Elmas,C,5.5,5.5,True,True
12,DELI-XUJUN,Sohm,C,5.5,5.5,False,True
12,DELI-XUJUN,Maldini,C,,,False,True
12,DELI-XUJUN,Pedro,A,,,False,True
12,DELI-XUJUN,Sarr A.,A,6.0,6.0,False,True
12,DELI-XUJUN,Dzeko,A,,,False,True
12,DELI-XUJUN,Okereke,A,,,False,True
12,BATIGOAL,Sommer,P,6.0,7.0,True,False
12,BATIGOAL,Angelino,D,,,False,False
12,BATIGOAL,Pezzella Giu.,D,,,False,False
12,BATIGOAL,Tomori,D,5.5,6.0,True,False
12,BATIGOAL,Cambiaso,D,5.5,5.5,True,False
12,BATIGOAL,Vandeputte,C,6.5,6.5,True,False
12,BATIGOAL,Vazquez,C,,,False,False
12,BATIGOAL,Neres,C,7.5,8.5,True,False
12,BATIGOAL,Leao,A,5.5,5.5,True,False
12,BATIGOAL,Thuram,A,7.0,9.0,True,False
12,BATIGOAL,Openda,A,6.0,6.0,True,False
12,BATIGOAL,Martinez Jo.,P,,,False,True
12,BATIGOAL,Okoye,P,5.5,3.5,False,True
12,BATIGOAL,Bisseck,D,,,False,True
12,BATIGOAL,Olivera,D,5.5,5.5,True,True
12,BATIGOAL,Tsimikas,D,5.5,5.5,True,True
12,BATIGOAL,Gutierrez,D,,,False,True
12,BATIGOAL,El Aynaoui,C,5.5,5.5,True,True
12,BATIGOAL,Mkhitaryan,C,6.0,6.0,False,True
12,BATIGOAL,Stanciu,C,,,False,True
12,BATIGOAL,Fazzini,C,,,False,True
12,BATIGOAL,Stengs,C,,,False,True
12,BATIGOAL,Diao,A,6.0,6.0,False,True
12,BATIGOAL,Giovane,A,7.5,12.5,False,True
12,BATIGOAL,Orban G.,A,,,False,True
12,ROMA SHENHUA SEMPRE,Butez,P,6.5,2.5,True,False
12,ROMA SHENHUA SEMPRE,Canestrelli,D,6.0,6.0,True,False
12,ROMA SHENHUA SEMPRE,Luperto,D,6.5,6.5,True,False
12,ROMA SHENHUA SEMPRE,Ranieri L.,D,5.5,5.5,True,False
12,ROMA SHENHUA SEMPRE,Dodò,D,5.0,5.0,True,False
12,ROMA SHENHUA SEMPRE,Bernardeschi,C,5.5,5.5,True,False
12,ROMA SHENHUA SEMPRE,Mandragora,C,6.0,7.5,True,False
12,ROMA SHENHUA SEMPRE,Paz N.,C,5.5,5.5,True,False
12,ROMA SHENHUA SEMPRE,Saelemaekers,C,6.5,7.5,True,False
12,ROMA SHENHUA SEMPRE,Bonazzoli,A,7.0,11.0,True,False
12,ROMA SHENHUA SEMPRE,Ferguson E.,A,5.5,5.5,True,False
12,ROMA SHENHUA SEMPRE,Montipò,P,7.0,6.0,False,True
12,ROMA SHENHUA SEMPRE,Leali,P,6.0,5.0,False,True
12,ROMA SHENHUA SEMPRE,Zortea,D,7.0,7.0,False,True
12,ROMA SHENHUA SEMPRE,Biraghi,D,,,False,True
12,ROMA SHENHUA SEMPRE,Kristensen T.,D,,,False,True
12,ROMA SHENHUA SEMPRE,Gosens,D,,,False,True
12,ROMA SHENHUA SEMPRE,Fagioli,C,5.5,5.5,False,True
12,ROMA SHENHUA SEMPRE,Lobotka,C,,,False,True
12,ROMA SHENHUA SEMPRE,Lovric,C,,,False,True
12,ROMA SHENHUA SEMPRE,Esposito Se.,A,7.0,8.0,False,True
12,ROMA SHENHUA SEMPRE,Almqvist,A,,,False,True
12,ROMA SHENHUA SEMPRE,De Luca,A,,,False,True
12,OWEN,Milinkovic-Savic V.,P,6.0,5.0,True,False
12,OWEN,Zappacosta,D,5.5,5.5,True,False
12,OWEN,Vojvoda,D,5.0,5.0,True,False
12,OWEN,Vasquez,D,6.5,6.5,True,False
12,OWEN,Valeri,D,6.0,5.5,True,False
12,OWEN,Gudmundsson A.,C,5.0,5.0,True,False
12,OWEN,Ederson D.S.,C,5.5,5.5,True,False
12,OWEN,Pulisic,C,8.0,14.0,True,False
12,OWEN,Isaksen,C,7.0,9.0,True,False
12,OWEN,Vardy,A,6.0,6.0,True,False
12,OWEN,Lookman,A,5.0,5.0,True,False
12,OWEN,Meret,P,,,False,True
12,OWEN,Contini,P,,,False,True
12,OWEN,Ramon,D,5.5,5.5,False,True
12,OWEN,Valle,D,5.0,5.0,False,True
12,OWEN,Gatti,D,,,False,True
12,OWEN,Frattesi,C,,,False,True
12,OWEN,Vlasic,C,7.0,10.0,False,True
12,OWEN,Folorunsho,C,7.0,6.5,False,True
12,OWEN,Koopmeiners,C,5.0,5.0,False,True
12,OWEN,Nzola,A,4.5,3.5,False,True
12,OWEN,Laurientè,A,6.5,7.5,False,True
12,SOVEREIGN83,Svilar,P,7.0,6.0,True,False
12,SOVEREIGN83,Solet,D,5.5,5.5,True,False
12,SOVEREIGN83,Celik,D,4.5,3.5,True,False
12,SOVEREIGN83,Kossounou,D,5.5,5.5,True,False
12,SOVEREIGN83,Hermoso,D,5.5,5.0,True,False
12,SOVEREIGN83,Zerbin,C,6.5,7.5,True,False
12,SOVEREIGN83,Guendouzi,C,6.5,6.5,True,False
12,SOVEREIGN83,Pasalic,C,6.0,6.0,True,False
12,SOVEREIGN83,Hojlund,A,8.0,14.0,True,False
12,SOVEREIGN83,Soulè,A,6.0,6.0,True,False
12,SOVEREIGN83,Douvikas,A,5.0,5.0,True,False
12,SOVEREIGN83,Gollini,P,,,False,True
12,SOVEREIGN83,Vasquez D.,P,,,False,True
12,SOVEREIGN83,Comuzzo,D,5.5,5.5,False,True
12,SOVEREIGN83,Tavares N.,D,5.0,4.5,False,True
12,SOVEREIGN83,Da Cunha,C,5.0,5.0,False,True
12,SOVEREIGN83,Jashari,C,,,False,True
12,SOVEREIGN83,Asllani,C,5.0,5.0,False,True
12,SOVEREIGN83,Casadei,C,5.5,5.5,False,True
12,SOVEREIGN83,Meister,A,5.5,5.5,False,True
12,SOVEREIGN83,Nkunku,A,5.5,5.5,False,True
12,SOVEREIGN83,Kuhn,A,,,False,True
12,TEAM PC,Ravaglia F.,P,7.5,7.5,True,False
12,TEAM PC,Pavlovic,D,5.5,5.5,True,False
12,TEAM PC,Kabasele,D,6.0,6.0,True,False
12,TEAM PC,Gabbia,D,6.0,6.0,True,False
12,TEAM PC,Baschirotto,D,7.0,7.0,True,False
12,TEAM PC,Atta,C,,,False,False
12,TEAM PC,Barella,C,7.0,7.0,True,False
12,TEAM PC,Calhanoglu,C,7.0,9.0,True,False
12,TEAM PC,Krstovic,A,5.0,5.0,True,False
12,TEAM PC,Castro S.,A,5.5,5.5,True,False
12,TEAM PC,Davis K.,A,6.0,6.0,True,False
12,TEAM PC,Israel,P,6.0,3.0,False,True
12,TEAM PC,Skorupski,P,,,False,True
12,TEAM PC,Bremer,D,,,False,True
12,TEAM PC,Dimarco,D,7.0,9.0,False,True
12,TEAM PC,Doig,D,6.5,6.5,False,True
12,TEAM PC,Lazaro,D,6.0,5.5,False,True
12,TEAM PC,Loftus-Cheek,C,6.0,6.0,True,True
12,TEAM PC,Lorran,C,6.0,6.0,False,True
12,TEAM PC,Oristanio,C,,,False,True
12,TEAM PC,Sucic P.,C,,,False,True
12,TEAM PC,Zambo Anguissa,C,,,False,True
12,TEAM PC,Pinamonti,A,5.5,5.5,False,True
12,TEAM PC,Dia,A,,,False,True
12,TEAM PC,Zapata D.,A,6.5,8.5,False,True
12,THE GREAT BINGO,De Gea,P,4.5,1.5,True,False
12,THE GREAT BINGO,Angori,D,6.0,6.0,True,False
12,THE GREAT BINGO,Zemura,D,,,False,False
12,THE GREAT BINGO,Bellanova,D,5.5,5.5,True,False
12,THE GREAT BINGO,Zaccagni,C,6.5,6.5,True,False
12,THE GREAT BINGO,Conceicao,C,5.5,5.5,True,False
12,THE GREAT BINGO,Tramoni M.,C,,,False,False
12,THE GREAT BINGO,Samardzic,C,6.0,6.0,True,False
12,THE GREAT BINGO,Martinez L.,A,7.0,11.0,True,False
12,THE GREAT BINGO,Esposito F.P.,A,6.0,6.0,True,False
12,THE GREAT BINGO,Castellanos,A,5.5,5.5,True,False
12,THE GREAT BINGO,Martinelli T.,P,,,False,True
12,THE GREAT BINGO,Lezzerini,P,,,False,True
12,THE GREAT BINGO,Estupinan,D,,,False,True
12,THE GREAT BINGO,Lovik,D,,,False,True
12,THE GREAT BINGO,Politano,C,,,False,True
12,THE GREAT BINGO,Messias,C,6.0,6.0,True,True
12,THE GREAT BINGO,Fabbian,C,,,False,True
12,THE GREAT BINGO,Lipani,C,,,False,True
12,THE GREAT BINGO,Cancellieri,A,6.0,6.0,False,True
12,THE GREAT BINGO,Camarda,A,5.5,5.5,False,True
12,THE GREAT BINGO,Berardi,A,,,False,True
12,THE GREAT BINGO,Dumfries,D,,,False,True
12,THE GREAT BINGO,Bradaric,D,,,False,True
12,THE GREAT BINGO,Pongracic,D,,,False,True
13,SOVEREIGN83,Svilar,P,6.5,7.5,True,False
13,SOVEREIGN83,Solet,D,6.5,6.5,True,False
13,SOVEREIGN83,Hermoso,D,6.5,6.5,True,False
13,SOVEREIGN83,Kossounou,D,6.5,6.5,True,False
13,SOVEREIGN83,Asllani,C,6.0,6.0,True,False
13,SOVEREIGN83,Zerbin,C,5.5,5.5,True,False
13,SOVEREIGN83,Guendouzi,C,6.5,6.5,True,False
13,SOVEREIGN83,Pasalic,C,,,False,False
13,SOVEREIGN83,Hojlund,A,5.0,5.0,True,False
13,SOVEREIGN83,Soulè,A,6.5,7.5,True,False
13,SOVEREIGN83,Nkunku,A,6.0,7.0,True,False
13,SOVEREIGN83,Gollini,P,,,False,True
13,SOVEREIGN83,Vasquez D.,P,,,False,True
13,SOVEREIGN83,Tavares N.,D,,,False,True
13,SOVEREIGN83,Comuzzo,D,5.5,5.5,False,True
13,SOVEREIGN83,Da Cunha,C,5.0,5.0,True,True
13,SOVEREIGN83,Jashari,C,,,False,True
13,SOVEREIGN83,Casadei,C,6.0,6.0,False,True
13,SOVEREIGN83,Douvikas,A,5.5,5.5,False,True
13,SOVEREIGN83,Meister,A,5.0,5.0,False,True
13,SOVEREIGN83,Kuhn,A,,,False,True
13,BATIGOAL,Sommer,P,6.0,5.0,True,False
13,BATIGOAL,Angelino,D,,,False,False
13,BATIGOAL,Bisseck,D,7.0,8.5,True,False
13,BATIGOAL,Tomori,D,5.5,5.5,True,False
13,BATIGOAL,Cambiaso,D,6.0,6.0,True,False
13,BATIGOAL,Vandeputte,C,6.0,6.0,True,False
13,BATIGOAL,Mkhitaryan,C,6.0,6.0,True,False
13,BATIGOAL,Neres,C,5.0,5.0,True,False
13,BATIGOAL,Openda,A,6.5,6.5,True,False
13,BATIGOAL,Thuram,A,6.0,6.0,True,False
13,BATIGOAL,Giovane,A,5.5,5.5,True,False
13,BATIGOAL,Martinez Jo.,P,,,False,True
13,BATIGOAL,Okoye,P,6.0,7.0,False,True
13,BATIGOAL,Olivera,D,5.5,5.5,True,True
13,BATIGOAL,Tsimikas,D,,,False,True
13,BATIGOAL,Gutierrez,D,,,False,True
13,BATIGOAL,Pezzella Giu.,D,6.0,6.0,False,True
13,BATIGOAL,El Aynaoui,C,,,False,True
13,BATIGOAL,Vazquez,C,5.5,5.5,False,True
13,BATIGOAL,Stanciu,C,,,False,True
13,BATIGOAL,Fazzini,C,,,False,True
13,BATIGOAL,Stengs,C,,,False,True
13,BATIGOAL,Leao,A,,,False,True
13,BATIGOAL,Diao,A,6.0,6.0,False,True
13,BATIGOAL,Orban G.,A,7.5,13.5,False,True
13,DELI-XUJUN,Provedel,P,7.0,8.0,True,False
13,DELI-XUJUN,Spinazzola,D,6.0,6.0,True,False
13,DELI-XUJUN,Mancini,D,6.5,6.0,True,False
13,DELI-XUJUN,Rrahmani,D,5.0,5.0,True,False
13,DELI-XUJUN,Di Lorenzo,D,5.5,5.5,True,False
13,DELI-XUJUN,El Shaarawy,C,6.0,5.5,True,False
13,DELI-XUJUN,Cristante,C,6.5,6.5,True,False
13,DELI-XUJUN,Modric,C,6.0,6.0,True,False
13,DELI-XUJUN,Locatelli,C,7.0,7.0,True,False
13,DELI-XUJUN,Rodriguez Je.,A,5.5,5.5,True,False
13,DELI-XUJUN,De Ketelaere,A,6.0,6.0,True,False
13,DELI-XUJUN,Semper,P,6.0,5.0,False,True
13,DELI-XUJUN,Silvestri,P,,,False,True
13,DELI-XUJUN,Kalulu,D,6.5,6.5,False,True
13,DELI-XUJUN,N'Dicka,D,7.0,7.0,False,True
13,DELI-XUJUN,Scalvini,D,,,False,True
13,DELI-XUJUN,Joao Mario,D,,,False,True
13,DELI-XUJUN,Nicolussi Caviglia,C,,,False,True
13,DELI-XUJUN,Elmas,C,5.5,5.5,False,True
13,DELI-XUJUN,Sohm,C,5.0,5.0,False,True
13,DELI-XUJUN,Maldini,C,,,False,True
13,DELI-XUJUN,Pedro,A,,,False,True
13,DELI-XUJUN,Sarr A.,A,6.0,6.0,False,True
13,DELI-XUJUN,Dzeko,A,5.5,5.5,False,True
13,DELI-XUJUN,Okereke,A,,,False,True
13,TEAM PC,Israel,P,,,False,False
13,TEAM PC,Lazaro,D,6.0,6.0,True,False
13,TEAM PC,Doig,D,6.0,6.0,True,False
13,TEAM PC,Dimarco,D,,,False,False
13,TEAM PC,Baschirotto,D,5.0,5.0,True,False
13,TEAM PC,Loftus-Cheek,C,6.5,7.0,True,False
13,TEAM PC,Barella,C,6.0,5.5,True,False
13,TEAM PC,Calhanoglu,C,,,False,False
13,TEAM PC,Zapata D.,A,6.5,7.0,True,False
13,TEAM PC,Dia,A,,,False,False
13,TEAM PC,Davis K.,A,6.5,7.5,True,False
13,TEAM PC,Skorupski,P,,,False,True
13,TEAM PC,Bremer,D,6.0,6.0,True,True
13,TEAM PC,Lorran,C,5.5,5.5,True,True
13,TEAM PC,Oristanio,C,5.5,5.5,False,True
13,TEAM PC,Sucic P.,C,6.5,6.5,False,True
13,TEAM PC,Zambo Anguissa,C,,,False,True
13,TEAM PC,Pinamonti,A,7.0,9.0,True,True
13,TEAM PC,Krstovic,A,,,False,True
13,TEAM PC,Atta,C,,,False,True
13,TEAM PC,Castro S.,A,5.5,5.5,False,True
13,TEAM PC,Ravaglia F.,P,6.5,5.5,True,True
13,TEAM PC,Gabbia,D,5.5,5.5,False,True
13,TEAM PC,Kabasele,D,7.0,7.0,False,True
13,TEAM PC,Pavlovic,D,6.5,6.5,False,True
13,DTE,Carnesecchi,P,6.0,5.0,True,False
13,DTE,Miranda J.,D,6.0,5.5,True,False
13,DTE,Bastoni,D,6.5,6.5,True,False
13,DTE,Heggem,D,4.5,3.5,True,False
13,DTE,Obert,D,6.0,6.0,True,False
13,DTE,McTominay,C,6.0,6.0,True,False
13,DTE,Odgaard,C,,,False,False
13,DTE,Orsolini,C,6.0,6.0,True,False
13,DTE,Lang,A,6.0,6.0,True,False
13,DTE,Kean,A,5.5,5.5,True,False
13,DTE,Cambiaghi,A,5.5,5.5,True,False
13,DTE,Rossi F.,P,,,False,True
13,DTE,Sportiello,P,,,False,True
13,DTE,Lykogiannis,D,,,False,True
13,DTE,Mina,D,,,False,True
13,DTE,Lucumì,D,6.5,6.5,False,True
13,DTE,Hien,D,,,False,True
13,DTE,Miller L.,C,,,False,True
13,DTE,Frendrup,C,5.5,5.5,True,True
13,DTE,Masini,C,,,False,True
13,DTE,Colombo,A,5.0,5.0,False,True
13,DTE,Piccoli,A,,,False,True
13,DTE,Stulic,A,7.0,11.0,False,True
13,DTE,De Bruyne,C,,,False,True
13,AVIOD RELEGATION FOOTBALL CLUB,Falcone,P,6.0,7.0,True,False
13,AVIOD RELEGATION FOOTBALL CLUB,Carlos Augusto,D,6.0,6.0,True,False
13,AVIOD RELEGATION FOOTBALL CLUB,Kelly L.,D,7.0,7.0,True,False
13,AVIOD RELEGATION FOOTBALL CLUB,Martin,D,6.0,7.0,True,False
13,AVIOD RELEGATION FOOTBALL CLUB,Delprato,D,6.0,6.0,True,False
13,AVIOD RELEGATION FOOTBALL CLUB,Thuram K.,C,6.0,6.0,True,False
13,AVIOD RELEGATION FOOTBALL CLUB,Bernabè,C,6.0,6.0,True,False
13,AVIOD RELEGATION FOOTBALL CLUB,Tourè I.,C,5.5,5.5,True,False
13,AVIOD RELEGATION FOOTBALL CLUB,Yildiz,A,6.5,7.5,True,False
13,AVIOD RELEGATION FOOTBALL CLUB,Scamacca,A,7.5,13.5,True,False
13,AVIOD RELEGATION FOOTBALL CLUB,Bonny,A,,,False,False
13,AVIOD RELEGATION FOOTBALL CLUB,Di Gregorio,P,6.5,7.5,False,True
13,AVIOD RELEGATION FOOTBALL CLUB,Sava,P,,,False,True
13,AVIOD RELEGATION FOOTBALL CLUB,Ghilardi,D,,,False,True
13,AVIOD RELEGATION FOOTBALL CLUB,Acerbi,D,,,False,True
13,AVIOD RELEGATION FOOTBALL CLUB,Kempf,D,6.5,6.5,False,True
13,AVIOD RELEGATION FOOTBALL CLUB,Fofana Y.,C,,,False,True
13,AVIOD RELEGATION FOOTBALL CLUB,Adopo,C,5.5,5.5,False,True
13,AVIOD RELEGATION FOOTBALL CLUB,Serdar,C,6.0,6.0,False,True
13,AVIOD RELEGATION FOOTBALL CLUB,Rowe,C,,,False,True
13,AVIOD RELEGATION FOOTBALL CLUB,Baturina,C,5.5,5.5,False,True
13,AVIOD RELEGATION FOOTBALL CLUB,Sanabria,A,5.5,5.5,True,True
13,AVIOD RELEGATION FOOTBALL CLUB,David,A,5.0,5.0,False,True
13,AVIOD RELEGATION FOOTBALL CLUB,Pellegrino M.,A,6.0,6.0,False,True
13,THE GREAT BINGO,De Gea,P,5.5,3.5,True,False
13,THE GREAT BINGO,Angori,D,6.0,6.0,True,False
13,THE GREAT BINGO,Pongracic,D,5.5,5.5,True,False
13,THE GREAT BINGO,Lovik,D,,,False,False
13,THE GREAT BINGO,Zaccagni,C,4.5,3.5,True,False
13,THE GREAT BINGO,Conceicao,C,6.0,6.0,True,False
13,THE GREAT BINGO,Politano,C,5.5,5.5,True,False
13,THE GREAT BINGO,Samardzic,C,6.5,7.5,True,False
13,THE GREAT BINGO,Martinez L.,A,7.5,12.5,True,False
13,THE GREAT BINGO,Castellanos,A,5.5,5.5,True,False
13,THE GREAT BINGO,Cancellieri,A,6.0,5.5,True,False
13,THE GREAT BINGO,Martinelli T.,P,,,False,True
13,THE GREAT BINGO,Lezzerini,P,,,False,True
13,THE GREAT BINGO,Estupinan,D,,,False,True
13,THE GREAT BINGO,Messias,C,,,False,True
13,THE GREAT BINGO,Tramoni M.,C,5.5,5.5,False,True
13,THE GREAT BINGO,Fabbian,C,,,False,True
13,THE GREAT BINGO,Lipani,C,,,False,True
13,THE GREAT BINGO,Esposito F.P.,A,6.5,6.5,False,True
13,THE GREAT BINGO,Camarda,A,6.0,6.0,False,True
13,THE GREAT BINGO,Bellanova,D,,,False,True
13,THE GREAT BINGO,Bradaric,D,,,False,True
13,THE GREAT BINGO,Dumfries,D,,,False,True
13,THE GREAT BINGO,Zemura,D,,,False,True
13,THE GREAT BINGO,Berardi,A,,,False,True
13,OWEN,Milinkovic-Savic V.,P,6.5,5.5,True,False
13,OWEN,Vojvoda,D,,,False,False
13,OWEN,Zappacosta,D,6.0,6.5,True,False
13,OWEN,Valle,D,5.0,5.0,True,False
13,OWEN,Valeri,D,6.0,5.5,True,False
13,OWEN,Gudmundsson A.,C,5.5,5.0,True,False
13,OWEN,Vlasic,C,7.0,11.0,True,False
13,OWEN,Pulisic,C,6.0,6.0,True,False
13,OWEN,Frattesi,C,,,False,False
13,OWEN,Vardy,A,5.5,5.5,True,False
13,OWEN,Simeone,A,5.5,5.5,True,False
13,OWEN,Meret,P,,,False,True
13,OWEN,Contini,P,,,False,True
13,OWEN,Ramon,D,6.5,6.0,True,True
13,OWEN,Vasquez,D,6.0,6.0,False,True
13,OWEN,Ederson D.S.,C,6.5,6.5,True,True
13,OWEN,Folorunsho,C,6.0,6.0,False,True
13,OWEN,Koopmeiners,C,5.5,5.0,False,True
13,OWEN,Lookman,A,5.5,5.5,False,True
13,OWEN,Laurientè,A,7.5,11.5,False,True
13,ROMA SHENHUA SEMPRE,Montipò,P,6.5,5.5,True,False
13,ROMA SHENHUA SEMPRE,Canestrelli,D,5.0,5.0,True,False
13,ROMA SHENHUA SEMPRE,Luperto,D,5.0,5.0,True,False
13,ROMA SHENHUA SEMPRE,Ranieri L.,D,5.5,5.5,True,False
13,ROMA SHENHUA SEMPRE,Dodò,D,5.5,5.5,True,False
13,ROMA SHENHUA SEMPRE,Bernardeschi,C,,,False,False
13,ROMA SHENHUA SEMPRE,Mandragora,C,6.0,6.0,True,False
13,ROMA SHENHUA SEMPRE,Paz N.,C,5.5,5.0,True,False
13,ROMA SHENHUA SEMPRE,Saelemaekers,C,5.5,5.5,True,False
13,ROMA SHENHUA SEMPRE,Bonazzoli,A,6.0,6.0,True,False
13,ROMA SHENHUA SEMPRE,Ferguson E.,A,6.5,6.5,True,False
13,ROMA SHENHUA SEMPRE,Butez,P,6.0,5.0,False,True
13,ROMA SHENHUA SEMPRE,Leali,P,5.0,3.0,False,True
13,ROMA SHENHUA SEMPRE,Zortea,D,5.5,5.5,False,True
13,ROMA SHENHUA SEMPRE,Biraghi,D,,,False,True
13,ROMA SHENHUA SEMPRE,Kristensen T.,D,6.5,6.5,False,True
13,ROMA SHENHUA SEMPRE,Gosens,D,,,False,True
13,ROMA SHENHUA SEMPRE,Fagioli,C,6.5,6.5,True,True
13,ROMA SHENHUA SEMPRE,Lobotka,C,6.0,6.0,False,True
13,ROMA SHENHUA SEMPRE,Lovric,C,,,False,True
13,ROMA SHENHUA SEMPRE,Esposito Se.,A,7.0,8.0,False,True
13,ROMA SHENHUA SEMPRE,Almqvist,A,,,False,True
13,ROMA SHENHUA SEMPRE,De Luca,A,,,False,True
13,ROMAN EMPIRE,Maignan,P,6.0,4.0,True,False
13,ROMAN EMPIRE,Wesley,D,7.5,11.0,True,False
13,ROMAN EMPIRE,Terracciano F.,D,6.0,6.0,True,False
13,ROMAN EMPIRE,Akanji,D,6.0,5.5,True,False
13,ROMAN EMPIRE,Rensch,D,6.5,6.5,True,False
13,ROMAN EMPIRE,Zalewski,C,6.0,6.0,True,False
13,ROMAN EMPIRE,Pellegrini Lo.,C,6.0,6.0,True,False
13,ROMAN EMPIRE,Rabiot,C,5.5,5.5,True,False
13,ROMAN EMPIRE,Zaniolo,C,6.5,6.0,True,False
13,ROMAN EMPIRE,Zhegrova,C,,,False,False
13,ROMAN EMPIRE,Dybala,A,,,False,False
13,ROMAN EMPIRE,Caprile,P,7.0,5.0,False,True
13,ROMAN EMPIRE,Buongiorno,D,6.0,6.0,False,True
13,ROMAN EMPIRE,De Winter,D,5.5,5.5,False,True
13,ROMAN EMPIRE,Beukema,D,6.0,6.0,False,True
13,ROMAN EMPIRE,Juan Jesus,D,,,False,True
13,ROMAN EMPIRE,Bailey,C,,,False,True
13,ROMAN EMPIRE,Volpato,C,6.0,6.0,True,True
13,ROMAN EMPIRE,Konè M.,C,6.5,6.5,False,True
13,ROMAN EMPIRE,Dovbyk,A,,,False,True
13,ROMAN EMPIRE,Cutrone,A,,,False,True
13,ROMAN EMPIRE,Lucca,A,,,False,True
14,TEAM PC,Ravaglia F.,P,6.5,4.5,True,False
14,TEAM PC,Lazaro,D,6.0,6.0,True,False
14,TEAM PC,Dimarco,D,,,False,False
14,TEAM PC,Bremer,D,6.5,6.5,True,False
14,TEAM PC,Baschirotto,D,6.5,6.5,True,False
14,TEAM PC,Oristanio,C,,,False,False
14,TEAM PC,Barella,C,6.0,6.0,True,False
14,TEAM PC,Calhanoglu,C,,,False,False
14,TEAM PC,Zapata D.,A,5.0,5.0,True,False
14,TEAM PC,Castro S.,A,7.0,10.0,True,False
14,TEAM PC,Davis K.,A,5.0,5.0,True,False
14,TEAM PC,Israel,P,,,False,True
14,TEAM PC,Skorupski,P,,,False,True
14,TEAM PC,Doig,D,5.0,5.0,True,True
14,TEAM PC,Gabbia,D,5.5,5.5,False,True
14,TEAM PC,Kabasele,D,5.5,5.5,False,True
14,TEAM PC,Pavlovic,D,,,False,True
14,TEAM PC,Atta,C,,,False,True
14,TEAM PC,Lorran,C,,,False,True
14,TEAM PC,Loftus-Cheek,C,6.0,6.0,True,True
14,TEAM PC,Sucic P.,C,,,False,True
14,TEAM PC,Zambo Anguissa,C,,,False,True
14,TEAM PC,Krstovic,A,,,False,True
14,TEAM PC,Pinamonti,A,,,False,True
14,TEAM PC,Dia,A,,,False,True
14,DTE,Carnesecchi,P,6.5,7.5,True,False
14,DTE,Miranda J.,D,6.0,6.0,True,False
14,DTE,Bastoni,D,6.5,6.5,True,False
14,DTE,Heggem,D,7.0,7.0,True,False
14,DTE,Mina,D,5.5,5.0,True,False
14,DTE,McTominay,C,6.0,6.0,True,False
14,DTE,Odgaard,C,6.5,8.5,True,False
14,DTE,Orsolini,C,7.0,9.5,True,False
14,DTE,Lang,A,5.5,5.5,True,False
14,DTE,Kean,A,7.5,12.5,True,False
14,DTE,Cambiaghi,A,,,False,False
14,DTE,Rossi F.,P,,,False,True
14,DTE,Sportiello,P,,,False,True
14,DTE,Obert,D,6.0,6.0,False,True
14,DTE,Lykogiannis,D,,,False,True
14,DTE,Lucumì,D,,,False,True
14,DTE,Hien,D,7.0,11.0,False,True
14,DTE,Perrone,C,5.5,5.5,False,True
14,DTE,Miller L.,C,,,False,True
14,DTE,Frendrup,C,7.0,7.0,False,True
14,DTE,Masini,C,,,False,True
14,DTE,Stulic,A,6.0,6.0,True,True
14,DTE,Colombo,A,6.0,6.0,False,True
14,DTE,Piccoli,A,6.0,6.0,False,True
14,DTE,De Bruyne,C,,,False,True
14,THE GREAT BINGO,De Gea,P,6.0,5.0,True,False
14,THE GREAT BINGO,Angori,D,6.5,6.5,True,False
14,THE GREAT BINGO,Pongracic,D,6.5,6.5,True,False
14,THE GREAT BINGO,Lovik,D,,,False,False
14,THE GREAT BINGO,Tramoni M.,C,6.5,8.5,True,False
14,THE GREAT BINGO,Conceicao,C,7.0,9.5,True,False
14,THE GREAT BINGO,Politano,C,5.5,5.5,True,False
14,THE GREAT BINGO,Samardzic,C,5.0,4.5,True,False
14,THE GREAT BINGO,Martinez L.,A,6.5,6.5,True,False
14,THE GREAT BINGO,Castellanos,A,5.0,5.0,True,False
14,THE GREAT BINGO,Cancellieri,A,5.5,5.5,True,False
14,THE GREAT BINGO,Martinelli T.,P,,,False,True
14,THE GREAT BINGO,Lezzerini,P,,,False,True
14,THE GREAT BINGO,Estupinan,D,,,False,True
14,THE GREAT BINGO,Fabbian,C,,,False,True
14,THE GREAT BINGO,Lipani,C,5.5,5.5,False,True
14,THE GREAT BINGO,Messias,C,,,False,True
14,THE GREAT BINGO,Esposito F.P.,A,7.0,11.0,False,True
14,THE GREAT BINGO,Camarda,A,,,False,True
14,THE GREAT BINGO,Bellanova,D,,,False,True
14,THE GREAT BINGO,Bradaric,D,6.0,6.0,True,True
14,THE GREAT BINGO,Dumfries,D,,,False,True
14,THE GREAT BINGO,Zemura,D,,,False,True
14,THE GREAT BINGO,Berardi,A,,,False,True
14,THE GREAT BINGO,Zaccagni,C,,,False,True
14,DELI-XUJUN,Provedel,P,6.0,7.0,True,False
14,DELI-XUJUN,Spinazzola,D,6.0,6.0,True,False
14,DELI-XUJUN,Mancini,D,5.5,5.5,True,False
14,DELI-XUJUN,Rrahmani,D,6.5,6.5,True,False
14,DELI-XUJUN,Di Lorenzo,D,6.5,6.5,True,False
14,DELI-XUJUN,El Shaarawy,C,6.0,6.0,True,False
14,DELI-XUJUN,Cristante,C,5.0,4.5,True,False
14,DELI-XUJUN,Modric,C,6.0,6.0,True,False
14,DELI-XUJUN,Locatelli,C,6.5,6.5,True,False
14,DELI-XUJUN,Rodriguez Je.,A,6.5,6.5,True,False
14,DELI-XUJUN,De Ketelaere,A,5.0,5.0,True,False
14,DELI-XUJUN,Semper,P,6.0,4.0,False,True
14,DELI-XUJUN,Silvestri,P,,,False,True
14,DELI-XUJUN,Kalulu,D,6.0,6.0,False,True
14,DELI-XUJUN,N'Dicka,D,,,False,True
14,DELI-XUJUN,Scalvini,D,,,False,True
14,DELI-XUJUN,Joao Mario,D,,,False,True
14,DELI-XUJUN,Nicolussi Caviglia,C,,,False,True
14,DELI-XUJUN,Elmas,C,5.5,5.5,False,True
14,DELI-XUJUN,Sohm,C,,,False,True
14,DELI-XUJUN,Maldini,C,6.5,6.5,False,True
14,DELI-XUJUN,Pedro,A,5.5,5.0,False,True
14,DELI-XUJUN,Sarr A.,A,6.0,6.0,False,True
14,DELI-XUJUN,Dzeko,A,,,False,True
14,DELI-XUJUN,Okereke,A,,,False,True
14,OWEN,Milinkovic-Savic V.,P,6.0,7.0,True,False
14,OWEN,Zappacosta,D,6.0,6.0,True,False
14,OWEN,Valeri,D,6.0,6.0,True,False
14,OWEN,Vasquez,D,6.5,6.5,True,False
14,OWEN,Vojvoda,D,6.0,6.0,True,False
14,OWEN,Gudmundsson A.,C,7.5,10.5,True,False
14,OWEN,Pulisic,C,,,False,False
14,OWEN,Vlasic,C,7.0,11.0,True,False
14,OWEN,Ederson D.S.,C,6.0,6.0,True,False
14,OWEN,Vardy,A,5.5,5.5,True,False
14,OWEN,Simeone,A,6.5,6.5,True,False
14,OWEN,Meret,P,,,False,True
14,OWEN,Contini,P,,,False,True
14,OWEN,Cuadrado,D,,,False,True
14,OWEN,Ramon,D,5.5,5.0,False,True
14,OWEN,Valle,D,,,False,True
14,OWEN,Gatti,D,,,False,True
14,OWEN,Isaksen,C,,,False,True
14,OWEN,Folorunsho,C,7.0,9.0,True,True
14,OWEN,Frattesi,C,6.0,6.0,False,True
14,OWEN,Laurientè,A,5.5,5.5,False,True
14,OWEN,Gimenez,A,,,False,True
14,OWEN,Lookman,A,,,False,True
14,BATIGOAL,Sommer,P,6.5,7.5,True,False
14,BATIGOAL,Pezzella Giu.,D,6.0,5.5,True,False
14,BATIGOAL,Bisseck,D,,,False,False
14,BATIGOAL,Tomori,D,5.5,5.5,True,False
14,BATIGOAL,Cambiaso,D,6.5,7.5,True,False
14,BATIGOAL,Vandeputte,C,6.5,6.5,True,False
14,BATIGOAL,Mkhitaryan,C,6.0,6.0,True,False
14,BATIGOAL,Neres,C,5.5,5.0,True,False
14,BATIGOAL,Leao,A,6.0,7.0,True,False
14,BATIGOAL,Thuram,A,5.5,5.0,True,False
14,BATIGOAL,Openda,A,7.0,10.0,True,False
14,BATIGOAL,Martinez Jo.,P,,,False,True
14,BATIGOAL,Okoye,P,4.5,4.5,False,True
14,BATIGOAL,Gutierrez,D,,,False,True
14,BATIGOAL,Olivera,D,5.5,5.5,True,True
14,BATIGOAL,Angelino,D,,,False,True
14,BATIGOAL,Tsimikas,D,,,False,True
14,BATIGOAL,Stanciu,C,,,False,True
14,BATIGOAL,Vazquez,C,,,False,True
14,BATIGOAL,El Aynaoui,C,,,False,True
14,BATIGOAL,Fazzini,C,,,False,True
14,BATIGOAL,Stengs,C,,,False,True
14,BATIGOAL,Giovane,A,5.5,5.5,False,True
14,BATIGOAL,Orban G.,A,7.0,9.0,False,True
14,BATIGOAL,Diao,A,,,False,True
14,AVIOD RELEGATION FOOTBALL CLUB,Sava,P,5.0,0.0,True,False
14,AVIOD RELEGATION FOOTBALL CLUB,Carlos Augusto,D,6.5,6.5,True,False
14,AVIOD RELEGATION FOOTBALL CLUB,Martin,D,,,False,False
14,AVIOD RELEGATION FOOTBALL CLUB,Gila,D,6.5,6.0,True,False
14,AVIOD RELEGATION FOOTBALL CLUB,Kelly L.,D,6.0,6.0,True,False
14,AVIOD RELEGATION FOOTBALL CLUB,Tourè I.,C,6.0,6.0,True,False
14,AVIOD RELEGATION FOOTBALL CLUB,Adopo,C,5.0,4.5,True,False
14,AVIOD RELEGATION FOOTBALL CLUB,Rowe,C,,,False,False
14,AVIOD RELEGATION FOOTBALL CLUB,Yildiz,A,7.0,7.0,True,False
14,AVIOD RELEGATION FOOTBALL CLUB,Scamacca,A,5.5,5.5,True,False
14,AVIOD RELEGATION FOOTBALL CLUB,Bonny,A,5.5,5.5,True,False
14,AVIOD RELEGATION FOOTBALL CLUB,Di Gregorio,P,6.0,5.0,False,True
14,AVIOD RELEGATION FOOTBALL CLUB,Falcone,P,7.0,6.0,False,True
14,AVIOD RELEGATION FOOTBALL CLUB,Acerbi,D,6.0,6.0,True,True
14,AVIOD RELEGATION FOOTBALL CLUB,Delprato,D,6.5,6.5,False,True
14,AVIOD RELEGATION FOOTBALL CLUB,Ghilardi,D,,,False,True
14,AVIOD RELEGATION FOOTBALL CLUB,Kempf,D,6.5,8.5,False,True
14,AVIOD RELEGATION FOOTBALL CLUB,Thuram K.,C,6.5,6.5,True,True
14,AVIOD RELEGATION FOOTBALL CLUB,Fofana Y.,C,5.5,5.5,False,True
14,AVIOD RELEGATION FOOTBALL CLUB,Baturina,C,6.5,7.5,False,True
14,AVIOD RELEGATION FOOTBALL CLUB,Serdar,C,5.5,5.5,False,True
14,AVIOD RELEGATION FOOTBALL CLUB,Bernabè,C,6.0,6.0,False,True
14,AVIOD RELEGATION FOOTBALL CLUB,David,A,,,False,True
14,AVIOD RELEGATION FOOTBALL CLUB,Sanabria,A,6.0,6.0,False,True
14,AVIOD RELEGATION FOOTBALL CLUB,Pellegrino M.,A,5.5,5.5,False,True
14,ROMA SHENHUA SEMPRE,Butez,P,5.5,2.5,True,False
14,ROMA SHENHUA SEMPRE,Canestrelli,D,5.5,5.5,True,False
14,ROMA SHENHUA SEMPRE,Kristensen T.,D,4.5,4.5,True,False
14,ROMA SHENHUA SEMPRE,Zortea,D,,,False,False
14,ROMA SHENHUA SEMPRE,Saelemaekers,C,6.0,6.0,True,False
14,ROMA SHENHUA SEMPRE,Lobotka,C,6.0,6.0,True,False
14,ROMA SHENHUA SEMPRE,Mandragora,C,7.0,9.0,True,False
14,ROMA SHENHUA SEMPRE,Paz N.,C,6.5,6.5,True,False
14,ROMA SHENHUA SEMPRE,Esposito Se.,A,5.5,5.0,True,False
14,ROMA SHENHUA SEMPRE,Bonazzoli,A,6.5,6.5,True,False
14,ROMA SHENHUA SEMPRE,Ferguson E.,A,6.0,6.0,True,False
14,ROMA SHENHUA SEMPRE,Montipò,P,6.0,3.0,False,True
14,ROMA SHENHUA SEMPRE,Leali,P,4.5,4.5,False,True
14,ROMA SHENHUA SEMPRE,Luperto,D,,,False,True
14,ROMA SHENHUA SEMPRE,Ranieri L.,D,6.0,5.5,True,True
14,ROMA SHENHUA SEMPRE,Dodò,D,7.0,8.0,False,True
14,ROMA SHENHUA SEMPRE,Biraghi,D,,,False,True
14,ROMA SHENHUA SEMPRE,Fagioli,C,7.0,9.0,False,True
14,ROMA SHENHUA SEMPRE,Bernardeschi,C,,,False,True
14,ROMA SHENHUA SEMPRE,Lovric,C,5.0,5.0,False,True
14,ROMA SHENHUA SEMPRE,Almqvist,A,,,False,True
14,ROMA SHENHUA SEMPRE,De Luca,A,,,False,True
14,ROMAN EMPIRE,Caprile,P,6.0,4.0,True,False
14,ROMAN EMPIRE,Terracciano F.,D,6.5,6.5,True,False
14,ROMAN EMPIRE,Buongiorno,D,6.0,6.0,True,False
14,ROMAN EMPIRE,Beukema,D,,,False,False
14,ROMAN EMPIRE,Wesley,D,6.5,6.5,True,False
14,ROMAN EMPIRE,Zalewski,C,6.5,7.0,True,False
14,ROMAN EMPIRE,Pellegrini Lo.,C,5.5,5.5,True,False
14,ROMAN EMPIRE,Rabiot,C,8.0,14.0,True,False
14,ROMAN EMPIRE,Zaniolo,C,6.0,6.0,True,False
14,ROMAN EMPIRE,Volpato,C,6.5,6.5,True,False
14,ROMAN EMPIRE,Lukaku,A,,,False,False
14,ROMAN EMPIRE,Maignan,P,8.0,7.0,False,True
14,ROMAN EMPIRE,Rensch,D,6.5,6.5,True,True
14,ROMAN EMPIRE,Akanji,D,6.0,6.0,False,True
14,ROMAN EMPIRE,De Winter,D,6.0,6.0,False,True
14,ROMAN EMPIRE,Juan Jesus,D,,,False,True
14,ROMAN EMPIRE,Konè M.,C,6.0,5.5,False,True
14,ROMAN EMPIRE,Bailey,C,5.5,5.5,False,True
14,ROMAN EMPIRE,Zhegrova,C,6.0,6.0,False,True
14,ROMAN EMPIRE,Dybala,A,5.0,5.0,True,True
14,ROMAN EMPIRE,Dovbyk,A,,,False,True
14,ROMAN EMPIRE,Lucca,A,,,False,True
14,ROMAN EMPIRE,Cutrone,A,5.5,5.5,False,True
14,SOVEREIGN83,Svilar,P,7.0,5.0,True,False
14,SOVEREIGN83,Solet,D,6.0,8.0,True,False
14,SOVEREIGN83,Hermoso,D,,,False,False
14,SOVEREIGN83,Vitik,D,6.5,6.0,True,False
14,SOVEREIGN83,Tavares N.,D,,,False,False
14,SOVEREIGN83,Da Cunha,C,6.0,6.0,True,False
14,SOVEREIGN83,Guendouzi,C,6.0,6.5,True,False
14,SOVEREIGN83,Pasalic,C,,,False,False
14,SOVEREIGN83,Hojlund,A,5.0,5.0,True,False
14,SOVEREIGN83,Soulè,A,5.5,5.0,True,False
14,SOVEREIGN83,Nkunku,A,6.5,8.5,True,False
14,SOVEREIGN83,Gollini,P,,,False,True
14,SOVEREIGN83,Vasquez D.,P,,,False,True
14,SOVEREIGN83,Comuzzo,D,6.5,6.5,True,True
14,SOVEREIGN83,Celik,D,6.0,6.0,True,True
14,SOVEREIGN83,Kossounou,D,,,False,True
14,SOVEREIGN83,Circati,D,6.5,6.5,False,True
14,SOVEREIGN83,Zerbin,C,5.5,5.5,True,True
14,SOVEREIGN83,Jashari,C,,,False,True
14,SOVEREIGN83,Casadei,C,,,False,True
14,SOVEREIGN83,Douvikas,A,5.5,5.5,False,True
14,SOVEREIGN83,Meister,A,5.5,5.5,False,True
14,SOVEREIGN83,Kuhn,A,5.5,5.5,False,True
14,SOVEREIGN83,Asllani,C,6.0,6.0,False,True
15,ROMA SHENHUA SEMPRE,Butez,P,6.5,7.0,True,False
15,ROMA SHENHUA SEMPRE,Dodò,D,5.5,5.5,True,False
15,ROMA SHENHUA SEMPRE,Kristensen T.,D,5.5,5.5,True,False
15,ROMA SHENHUA SEMPRE,Luperto,D,6.5,6.5,True,False
15,ROMA SHENHUA SEMPRE,Zortea,D,6.5,7.5,True,False
15,ROMA SHENHUA SEMPRE,Lobotka,C,6.5,6.5,True,False
15,ROMA SHENHUA SEMPRE,Mandragora,C,5.5,5.0,True,False
15,ROMA SHENHUA SEMPRE,Paz N.,C,7.5,12.5,True,False
15,ROMA SHENHUA SEMPRE,Saelemaekers,C,6.0,6.0,True,False
15,ROMA SHENHUA SEMPRE,Esposito Se.,A,5.5,5.5,True,False
15,ROMA SHENHUA SEMPRE,Ferguson E.,A,7.0,11.0,True,False
15,ROMA SHENHUA SEMPRE,Montipò,P,6.0,3.0,False,True
15,ROMA SHENHUA SEMPRE,Canestrelli,D,6.0,6.0,False,True
15,ROMA SHENHUA SEMPRE,Biraghi,D,,,False,True
15,ROMA SHENHUA SEMPRE,Fagioli,C,6.0,6.0,False,True
15,ROMA SHENHUA SEMPRE,Lovric,C,,,False,True
15,ROMA SHENHUA SEMPRE,Bonazzoli,A,6.0,5.5,False,True
15,ROMA SHENHUA SEMPRE,Almqvist,A,,,False,True
15,ROMA SHENHUA SEMPRE,De Luca,A,,,False,True
15,TEAM PC,Ravaglia F.,P,5.5,4.0,True,False
15,TEAM PC,Lazaro,D,5.5,5.5,True,False
15,TEAM PC,Dimarco,D,6.5,6.5,True,False
15,TEAM PC,Bremer,D,6.0,6.0,True,False
15,TEAM PC,Baschirotto,D,5.0,5.0,True,False
15,TEAM PC,Oristanio,C,6.0,6.0,True,False
15,TEAM PC,Barella,C,5.5,5.5,True,False
15,TEAM PC,Calhanoglu,C,6.5,6.5,True,False
15,TEAM PC,Zapata D.,A,5.5,5.5,True,False
15,TEAM PC,Castro S.,A,5.5,5.5,True,False
15,TEAM PC,Davis K.,A,7.0,11.0,True,False
15,TEAM PC,Israel,P,,,False,True
15,TEAM PC,Skorupski,P,,,False,True
15,TEAM PC,Doig,D,6.0,6.0,False,True
15,TEAM PC,Gabbia,D,,,False,True
15,TEAM PC,Kabasele,D,6.0,5.5,False,True
15,TEAM PC,Pavlovic,D,6.5,6.5,False,True
15,TEAM PC,Atta,C,,,False,True
15,TEAM PC,Lorran,C,,,False,True
15,TEAM PC,Loftus-Cheek,C,6.5,6.5,False,True
15,TEAM PC,Sucic P.,C,,,False,True
15,TEAM PC,Zambo Anguissa,C,,,False,True
15,TEAM PC,Krstovic,A,,,False,True
15,TEAM PC,Pinamonti,A,5.5,5.5,False,True
15,TEAM PC,Dia,A,,,False,True
15,SOVEREIGN83,Svilar,P,6.0,5.0,True,False
15,SOVEREIGN83,Solet,D,5.5,3.5,True,False
15,SOVEREIGN83,Hermoso,D,6.5,6.5,True,False
15,SOVEREIGN83,Vitik,D,6.0,6.0,True,False
15,SOVEREIGN83,Celik,D,6.0,6.0,True,False
15,SOVEREIGN83,Jashari,C,6.0,6.0,True,False
15,SOVEREIGN83,Asllani,C,5.5,5.5,True,False
15,SOVEREIGN83,Pasalic,C,5.5,5.5,True,False
15,SOVEREIGN83,Hojlund,A,8.0,14.0,True,False
15,SOVEREIGN83,Soulè,A,7.5,9.5,True,False
15,SOVEREIGN83,Nkunku,A,7.5,12.5,True,False
15,SOVEREIGN83,Gollini,P,,,False,True
15,SOVEREIGN83,Vasquez D.,P,,,False,True
15,SOVEREIGN83,Comuzzo,D,6.0,6.0,False,True
15,SOVEREIGN83,Tavares N.,D,,,False,True
15,SOVEREIGN83,Kossounou,D,,,False,True
15,SOVEREIGN83,Circati,D,6.5,6.0,False,True
15,SOVEREIGN83,Casadei,C,,,False,True
15,SOVEREIGN83,Zerbin,C,5.5,5.5,False,True
15,SOVEREIGN83,Da Cunha,C,6.5,6.5,False,True
15,SOVEREIGN83,Douvikas,A,7.0,9.0,False,True
15,SOVEREIGN83,Meister,A,,,False,True
15,SOVEREIGN83,Kuhn,A,,,False,True
15,AVIOD RELEGATION FOOTBALL CLUB,Di Gregorio,P,6.0,7.0,True,False
15,AVIOD RELEGATION FOOTBALL CLUB,Kelly L.,D,6.5,6.5,True,False
15,AVIOD RELEGATION FOOTBALL CLUB,Carlos Augusto,D,6.0,6.0,True,False
15,AVIOD RELEGATION FOOTBALL CLUB,Kempf,D,,,False,False
15,AVIOD RELEGATION FOOTBALL CLUB,Delprato,D,,,False,False
15,AVIOD RELEGATION FOOTBALL CLUB,Thuram K.,C,5.5,5.5,True,False
15,AVIOD RELEGATION FOOTBALL CLUB,Fofana Y.,C,6.0,6.0,True,False
15,AVIOD RELEGATION FOOTBALL CLUB,Bernabè,C,6.5,6.5,True,False
15,AVIOD RELEGATION FOOTBALL CLUB,Yildiz,A,6.5,8.5,True,False
15,AVIOD RELEGATION FOOTBALL CLUB,Scamacca,A,5.5,5.5,True,False
15,AVIOD RELEGATION FOOTBALL CLUB,Pellegrino M.,A,6.5,7.0,True,False
15,AVIOD RELEGATION FOOTBALL CLUB,Falcone,P,5.5,2.5,False,True
15,AVIOD RELEGATION FOOTBALL CLUB,Sava,P,,,False,True
15,AVIOD RELEGATION FOOTBALL CLUB,Martin,D,5.5,5.5,True,True
15,AVIOD RELEGATION FOOTBALL CLUB,Gila,D,5.5,5.5,True,True
15,AVIOD RELEGATION FOOTBALL CLUB,Ghilardi,D,6.0,6.0,False,True
15,AVIOD RELEGATION FOOTBALL CLUB,Acerbi,D,,,False,True
15,AVIOD RELEGATION FOOTBALL CLUB,Adopo,C,6.0,6.0,False,True
15,AVIOD RELEGATION FOOTBALL CLUB,Serdar,C,6.0,6.0,False,True
15,AVIOD RELEGATION FOOTBALL CLUB,Baturina,C,,,False,True
15,AVIOD RELEGATION FOOTBALL CLUB,Rowe,C,6.0,6.0,False,True
15,AVIOD RELEGATION FOOTBALL CLUB,Tourè I.,C,5.5,5.5,False,True
15,AVIOD RELEGATION FOOTBALL CLUB,Sanabria,A,5.5,5.5,False,True
15,AVIOD RELEGATION FOOTBALL CLUB,David,A,6.0,6.5,False,True
15,AVIOD RELEGATION FOOTBALL CLUB,Bonny,A,,,False,True
15,DELI-XUJUN,Provedel,P,6.0,5.0,True,False
15,DELI-XUJUN,Spinazzola,D,7.0,7.0,True,False
15,DELI-XUJUN,Mancini,D,6.5,6.5,True,False
15,DELI-XUJUN,Rrahmani,D,6.0,6.0,True,False
15,DELI-XUJUN,Di Lorenzo,D,6.5,6.5,True,False
15,DELI-XUJUN,El Shaarawy,C,6.0,6.0,True,False
15,DELI-XUJUN,Cristante,C,6.5,6.5,True,False
15,DELI-XUJUN,Modric,C,7.0,7.0,True,False
15,DELI-XUJUN,Locatelli,C,6.5,6.0,True,False
15,DELI-XUJUN,Rodriguez Je.,A,6.5,6.5,True,False
15,DELI-XUJUN,Dzeko,A,,,False,False
15,DELI-XUJUN,Semper,P,6.0,4.0,False,True
15,DELI-XUJUN,Silvestri,P,,,False,True
15,DELI-XUJUN,Kalulu,D,7.0,11.0,False,True
15,DELI-XUJUN,N'Dicka,D,,,False,True
15,DELI-XUJUN,Scalvini,D,,,False,True
15,DELI-XUJUN,Joao Mario,D,,,False,True
15,DELI-XUJUN,Nicolussi Caviglia,C,,,False,True
15,DELI-XUJUN,Elmas,C,5.5,5.5,False,True
15,DELI-XUJUN,Sohm,C,5.5,5.5,False,True
15,DELI-XUJUN,Maldini,C,,,False,True
15,DELI-XUJUN,Pedro,A,,,False,True
15,DELI-XUJUN,De Ketelaere,A,6.0,6.0,True,True
15,DELI-XUJUN,Sarr A.,A,5.5,5.5,False,True
15,DELI-XUJUN,Okereke,A,,,False,True
15,OWEN,Milinkovic-Savic V.,P,6.0,7.0,True,False
15,OWEN,Zappacosta,D,5.5,5.5,True,False
15,OWEN,Valeri,D,6.0,6.0,True,False
15,OWEN,Ramon,D,7.0,9.0,True,False
15,OWEN,Vojvoda,D,7.0,8.5,True,False
15,OWEN,Vlasic,C,7.0,8.5,True,False
15,OWEN,Gudmundsson A.,C,6.0,6.0,True,False
15,OWEN,Pulisic,C,7.0,10.0,True,False
15,OWEN,Isaksen,C,,,False,False
15,OWEN,Vardy,A,5.5,5.5,True,False
15,OWEN,Simeone,A,5.5,5.5,True,False
15,OWEN,Meret,P,,,False,True
15,OWEN,Contini,P,,,False,True
15,OWEN,Vasquez,D,5.0,5.0,False,True
15,OWEN,Valle,D,,,False,True
15,OWEN,Ederson D.S.,C,6.5,6.5,True,True
15,OWEN,Frattesi,C,,,False,True
15,OWEN,Koopmeiners,C,5.5,5.5,False,True
15,OWEN,Laurientè,A,6.0,6.5,False,True
15,BATIGOAL,Sommer,P,6.0,7.0,True,False
15,BATIGOAL,Angelino,D,,,False,False
15,BATIGOAL,Bisseck,D,6.5,6.5,True,False
15,BATIGOAL,Tomori,D,6.5,6.5,True,False
15,BATIGOAL,Cambiaso,D,6.0,6.0,True,False
15,BATIGOAL,Vandeputte,C,,,False,False
15,BATIGOAL,Mkhitaryan,C,6.0,6.0,True,False
15,BATIGOAL,Neres,C,6.0,6.0,True,False
15,BATIGOAL,Leao,A,,,False,False
15,BATIGOAL,Thuram,A,5.5,5.5,True,False
15,BATIGOAL,Giovane,A,6.0,6.0,True,False
15,BATIGOAL,Martinez Jo.,P,,,False,True
15,BATIGOAL,Gutierrez,D,6.0,6.0,True,True
15,BATIGOAL,Olivera,D,,,False,True
15,BATIGOAL,Pezzella Giu.,D,5.5,5.5,False,True
15,BATIGOAL,Tsimikas,D,,,False,True
15,BATIGOAL,Vazquez,C,,,False,True
15,BATIGOAL,Stanciu,C,,,False,True
15,BATIGOAL,Fazzini,C,,,False,True
15,BATIGOAL,Stengs,C,,,False,True
15,BATIGOAL,Orban G.,A,5.5,5.5,True,True
15,BATIGOAL,Openda,A,5.0,5.0,False,True
15,ROMAN EMPIRE,Maignan,P,6.0,7.0,True,False
15,ROMAN EMPIRE,Rensch,D,,,False,False
15,ROMAN EMPIRE,Buongiorno,D,6.0,6.0,True,False
15,ROMAN EMPIRE,De Winter,D,6.0,6.0,True,False
15,ROMAN EMPIRE,Wesley,D,6.0,6.0,True,False
15,ROMAN EMPIRE,Volpato,C,6.0,6.0,True,False
15,ROMAN EMPIRE,Konè M.,C,7.5,10.5,True,False
15,ROMAN EMPIRE,Rabiot,C,7.0,8.0,True,False
15,ROMAN EMPIRE,Zaniolo,C,6.5,6.0,True,False
15,ROMAN EMPIRE,Dybala,A,6.5,6.5,True,False
15,ROMAN EMPIRE,Lukaku,A,,,False,False
15,ROMAN EMPIRE,Caprile,P,6.5,5.5,False,True
15,ROMAN EMPIRE,Akanji,D,7.0,7.0,True,True
15,ROMAN EMPIRE,Terracciano F.,D,5.5,5.5,False,True
15,ROMAN EMPIRE,Beukema,D,,,False,True
15,ROMAN EMPIRE,Juan Jesus,D,6.0,5.5,False,True
15,ROMAN EMPIRE,Zalewski,C,6.5,6.5,False,True
15,ROMAN EMPIRE,Zhegrova,C,6.5,6.5,False,True
15,ROMAN EMPIRE,Pellegrini Lo.,C,,,False,True
15,ROMAN EMPIRE,Bailey,C,,,False,True
15,ROMAN EMPIRE,Dovbyk,A,,,False,True
15,ROMAN EMPIRE,Cutrone,A,,,False,True
15,ROMAN EMPIRE,Lucca,A,,,False,True
15,DTE,Carnesecchi,P,6.5,5.5,True,False
15,DTE,Miranda J.,D,6.0,6.0,True,False
15,DTE,Bastoni,D,6.0,5.5,True,False
15,DTE,Lucumì,D,5.0,5.0,True,False
15,DTE,McTominay,C,6.5,6.5,True,False
15,DTE,Odgaard,C,,,False,False
15,DTE,Orsolini,C,5.5,5.5,True,False
15,DTE,Perrone,C,6.5,6.0,True,False
15,DTE,Colombo,A,6.0,6.0,True,False
15,DTE,Kean,A,5.0,5.0,True,False
15,DTE,Cambiaghi,A,,,False,False
15,DTE,Rossi F.,P,,,False,True
15,DTE,Sportiello,P,,,False,True
15,DTE,Hien,D,6.0,6.0,False,True
15,DTE,Obert,D,,,False,True
15,DTE,Lykogiannis,D,,,False,True
15,DTE,Miller L.,C,,,False,True
15,DTE,Frendrup,C,5.5,5.0,True,True
15,DTE,Masini,C,,,False,True
15,DTE,Lang,A,6.0,6.0,True,True
15,DTE,Stulic,A,5.5,5.5,False,True
15,DTE,Piccoli,A,5.0,5.0,False,True
15,DTE,De Bruyne,C,,,False,True
15,THE GREAT BINGO,De Gea,P,6.0,5.0,True,False
15,THE GREAT BINGO,Angori,D,6.0,5.5,True,False
15,THE GREAT BINGO,Pongracic,D,6.0,5.5,True,False
15,THE GREAT BINGO,Bradaric,D,5.5,5.5,True,False
15,THE GREAT BINGO,Zaccagni,C,5.5,5.5,True,False
15,THE GREAT BINGO,Conceicao,C,,,False,False
15,THE GREAT BINGO,Tramoni M.,C,5.5,5.0,True,False
15,THE GREAT BINGO,Politano,C,6.5,6.5,True,False
15,THE GREAT BINGO,Martinez L.,A,7.0,11.0,True,False
15,THE GREAT BINGO,Castellanos,A,6.0,6.0,True,False
15,THE GREAT BINGO,Cancellieri,A,6.5,6.0,True,False
15,THE GREAT BINGO,Martinelli T.,P,,,False,True
15,THE GREAT BINGO,Lezzerini,P,,,False,True
15,THE GREAT BINGO,Estupinan,D,,,False,True
15,THE GREAT BINGO,Lovik,D,,,False,True
15,THE GREAT BINGO,Samardzic,C,5.0,5.0,True,True
15,THE GREAT BINGO,Fabbian,C,7.0,9.0,False,True
15,THE GREAT BINGO,Lipani,C,,,False,True
15,THE GREAT BINGO,Esposito F.P.,A,6.5,7.5,False,True
15,THE GREAT BINGO,Camarda,A,5.5,5.5,False,True
15,THE GREAT BINGO,Messias,C,,,False,True
15,THE GREAT BINGO,Bellanova,D,,,False,True
15,THE GREAT BINGO,Dumfries,D,,,False,True
15,THE GREAT BINGO,Zemura,D,,,False,True
15,THE GREAT BINGO,Berardi,A,,,False,True
16,DELI-XUJUN,Provedel,P,6.0,4.0,True,False
16,DELI-XUJUN,Spinazzola,D,7.0,10.0,True,False
16,DELI-XUJUN,Mancini,D,6.0,5.5,True,False
16,DELI-XUJUN,Kalulu,D,5.5,5.5,True,False
16,DELI-XUJUN,Di Lorenzo,D,6.5,6.5,True,False
16,DELI-XUJUN,McKennie,C,7.0,10.0,True,False
16,DELI-XUJUN,Cristante,C,5.5,5.5,True,False
16,DELI-XUJUN,Modric,C,7.0,7.0,True,False
16,DELI-XUJUN,Orsolini,C,6.0,6.0,True,False
16,DELI-XUJUN,Rodriguez Je.,A,6.5,6.0,True,False
16,DELI-XUJUN,Noslin,A,4.5,3.5,True,False
16,DELI-XUJUN,Semper,P,6.5,5.5,False,True
16,DELI-XUJUN,Silvestri,P,,,False,True
16,DELI-XUJUN,Scalvini,D,7.0,10.0,False,True
16,DELI-XUJUN,Rrahmani,D,7.5,9.0,False,True
16,DELI-XUJUN,N'Dicka,D,,,False,True
16,DELI-XUJUN,Joao Mario,D,,,False,True
16,DELI-XUJUN,El Shaarawy,C,5.5,5.5,False,True
16,DELI-XUJUN,Nicolussi Caviglia,C,,,False,True
16,DELI-XUJUN,Pisilli,C,,,False,True
16,DELI-XUJUN,Elmas,C,5.5,5.5,False,True
16,DELI-XUJUN,Borrelli,A,5.5,5.5,False,True
16,DELI-XUJUN,Dallinga,A,,,False,True
16,DELI-XUJUN,Stulic,A,6.0,6.0,False,True
16,DELI-XUJUN,Dzeko,A,,,False,True
16,DTE,Carnesecchi,P,6.5,7.5,True,False
16,DTE,Bartesaghi,D,6.5,6.5,True,False
16,DTE,Solet,D,6.0,6.0,True,False
16,DTE,Palestra,D,6.0,5.5,True,False
16,DTE,Parisi,D,6.0,6.0,True,False
16,DTE,McTominay,C,6.5,6.5,True,False
16,DTE,Odgaard,C,5.5,5.5,True,False
16,DTE,Locatelli,C,6.5,6.5,True,False
16,DTE,Kean,A,7.0,11.0,True,False
16,DTE,Adams C.,A,6.0,6.0,True,False
16,DTE,Vardy,A,5.5,5.5,True,False
16,DTE,Rossi F.,P,,,False,True
16,DTE,Sportiello,P,,,False,True
16,DTE,Heggem,D,5.5,5.5,False,True
16,DTE,Miranda J.,D,,,False,True
16,DTE,Mina,D,,,False,True
16,DTE,Lucumì,D,5.0,5.0,False,True
16,DTE,Fadera,C,5.5,5.5,False,True
16,DTE,De Bruyne,C,,,False,True
16,DTE,Zielinski,C,7.0,9.0,False,True
16,DTE,Ekkelenkamp,C,5.5,5.5,False,True
16,DTE,Frendrup,C,6.0,6.0,False,True
16,DTE,Cambiaghi,A,5.0,5.0,False,True
16,DTE,De Ketelaere,A,6.0,6.0,False,True
16,DTE,Piccoli,A,5.5,5.5,False,True
16,AVIOD RELEGATION FOOTBALL CLUB,Di Gregorio,P,6.0,5.0,True,False
16,AVIOD RELEGATION FOOTBALL CLUB,Kelly L.,D,6.0,6.0,True,False
16,AVIOD RELEGATION FOOTBALL CLUB,Kempf,D,6.0,6.0,True,False
16,AVIOD RELEGATION FOOTBALL CLUB,Carlos Augusto,D,6.0,6.0,True,False
16,AVIOD RELEGATION FOOTBALL CLUB,Martin,D,6.0,6.0,True,False
16,AVIOD RELEGATION FOOTBALL CLUB,Thuram K.,C,6.0,6.0,True,False
16,AVIOD RELEGATION FOOTBALL CLUB,Fofana Y.,C,6.0,6.0,True,False
16,AVIOD RELEGATION FOOTBALL CLUB,Bernabè,C,6.5,6.5,True,False
16,AVIOD RELEGATION FOOTBALL CLUB,Yildiz,A,7.0,7.0,True,False
16,AVIOD RELEGATION FOOTBALL CLUB,Scamacca,A,6.0,6.0,True,False
16,AVIOD RELEGATION FOOTBALL CLUB,David,A,4.5,2.5,True,False
16,AVIOD RELEGATION FOOTBALL CLUB,Perin,P,,,False,True
16,AVIOD RELEGATION FOOTBALL CLUB,Falcone,P,8.0,9.5,False,True
16,AVIOD RELEGATION FOOTBALL CLUB,Delprato,D,6.0,6.0,False,True
16,AVIOD RELEGATION FOOTBALL CLUB,Ziolkowski,D,5.5,5.5,False,True
16,AVIOD RELEGATION FOOTBALL CLUB,Gila,D,5.5,5.5,False,True
16,AVIOD RELEGATION FOOTBALL CLUB,Coco,D,7.0,7.0,False,True
16,AVIOD RELEGATION FOOTBALL CLUB,Tourè I.,C,6.0,6.0,False,True
16,AVIOD RELEGATION FOOTBALL CLUB,Serdar,C,6.0,6.0,False,True
16,AVIOD RELEGATION FOOTBALL CLUB,Baldanzi,C,,,False,True
16,AVIOD RELEGATION FOOTBALL CLUB,Berisha M.,C,,,False,True
16,AVIOD RELEGATION FOOTBALL CLUB,Rowe,C,5.0,4.5,False,True
16,AVIOD RELEGATION FOOTBALL CLUB,Pellegrino M.,A,7.0,10.0,False,True
16,AVIOD RELEGATION FOOTBALL CLUB,Bonny,A,,,False,True
16,AVIOD RELEGATION FOOTBALL CLUB,Addai,A,,,False,True
16,BATIGOAL,De Gea,P,6.5,7.5,True,False
16,BATIGOAL,Angelino,D,,,False,False
16,BATIGOAL,Ostigard,D,6.5,6.5,True,False
16,BATIGOAL,Bisseck,D,6.0,6.0,True,False
16,BATIGOAL,Celik,D,5.5,5.5,True,False
16,BATIGOAL,Perrone,C,6.5,6.5,True,False
16,BATIGOAL,Vlasic,C,6.5,6.5,True,False
16,BATIGOAL,Konè I.,C,6.0,6.0,True,False
16,BATIGOAL,Gudmundsson A.,C,6.0,6.0,True,False
16,BATIGOAL,Kilicsoy,A,5.5,5.5,True,False
16,BATIGOAL,Martinez L.,A,7.0,12.0,True,False
16,BATIGOAL,Muric,P,6.0,5.0,False,True
16,BATIGOAL,Okoye,P,,,False,True
16,BATIGOAL,Tomori,D,6.0,6.0,True,True
16,BATIGOAL,Smolcic I.,D,,,False,True
16,BATIGOAL,Pezzella Giu.,D,5.5,5.5,False,True
16,BATIGOAL,Piotrowski,C,5.0,5.0,False,True
16,BATIGOAL,Koopmeiners,C,5.5,5.5,False,True
16,BATIGOAL,Luis Henrique,C,6.0,6.0,False,True
16,BATIGOAL,Nkunku,A,,,False,True
16,BATIGOAL,Fullkrug,A,6.0,6.0,False,True
16,THE GREAT BINGO,Sommer,P,6.0,5.0,True,False
16,THE GREAT BINGO,Doig,D,6.5,6.5,True,False
16,THE GREAT BINGO,Nelsson,D,5.0,5.0,True,False
16,THE GREAT BINGO,Muharemovic,D,6.0,6.0,True,False
16,THE GREAT BINGO,Cabal,D,,,False,False
16,THE GREAT BINGO,Zaccagni,C,5.5,5.0,True,False
16,THE GREAT BINGO,Malinovskyi,C,6.0,5.5,True,False
16,THE GREAT BINGO,Mkhitaryan,C,6.0,6.0,True,False
16,THE GREAT BINGO,Conceicao,C,5.5,5.5,True,False
16,THE GREAT BINGO,Thuram,A,7.0,9.0,True,False
16,THE GREAT BINGO,Cancellieri,A,5.5,5.5,True,False
16,THE GREAT BINGO,Martinez Jo.,P,,,False,True
16,THE GREAT BINGO,Calligaris,P,,,False,True
16,THE GREAT BINGO,Maripan,D,7.5,7.5,True,True
16,THE GREAT BINGO,Romagnoli,D,6.0,5.5,False,True
16,THE GREAT BINGO,Bellanova,D,,,False,True
16,THE GREAT BINGO,Dumfries,D,,,False,True
16,THE GREAT BINGO,Thorstvedt,C,7.0,9.0,False,True
16,THE GREAT BINGO,Tramoni M.,C,,,False,True
16,THE GREAT BINGO,Samardzic,C,,,False,True
16,THE GREAT BINGO,Kostic,C,6.0,6.0,False,True
16,THE GREAT BINGO,Castellanos,A,,,False,True
16,THE GREAT BINGO,Esposito F.P.,A,6.0,6.0,False,True
16,THE GREAT BINGO,Sanabria,A,6.0,6.0,False,True
16,THE GREAT BINGO,Berardi,A,,,False,True
16,ROMA SHENHUA SEMPRE,Butez,P,6.0,7.0,True,False
16,ROMA SHENHUA SEMPRE,Dodò,D,6.0,5.5,True,False
16,ROMA SHENHUA SEMPRE,Canestrelli,D,6.0,5.5,True,False
16,ROMA SHENHUA SEMPRE,Ranieri L.,D,5.5,5.5,True,False
16,ROMA SHENHUA SEMPRE,Zortea,D,5.5,5.5,True,False
16,ROMA SHENHUA SEMPRE,Lobotka,C,7.0,7.0,True,False
16,ROMA SHENHUA SEMPRE,Fagioli,C,6.5,6.5,True,False
16,ROMA SHENHUA SEMPRE,Paz N.,C,6.0,6.0,True,False
16,ROMA SHENHUA SEMPRE,Saelemaekers,C,6.0,5.5,True,False
16,ROMA SHENHUA SEMPRE,Bonazzoli,A,5.5,5.5,True,False
16,ROMA SHENHUA SEMPRE,Ferguson E.,A,5.0,5.0,True,False
16,ROMA SHENHUA SEMPRE,Montipò,P,6.0,3.0,False,True
16,ROMA SHENHUA SEMPRE,Leali,P,5.0,4.0,False,True
16,ROMA SHENHUA SEMPRE,Luperto,D,5.5,5.5,False,True
16,ROMA SHENHUA SEMPRE,Gosens,D,6.0,6.0,False,True
16,ROMA SHENHUA SEMPRE,Kristensen T.,D,6.5,6.5,False,True
16,ROMA SHENHUA SEMPRE,Biraghi,D,,,False,True
16,ROMA SHENHUA SEMPRE,Mandragora,C,6.0,6.0,False,True
16,ROMA SHENHUA SEMPRE,Lovric,C,,,False,True
16,ROMA SHENHUA SEMPRE,Esposito Se.,A,6.0,6.0,False,True
16,ROMA SHENHUA SEMPRE,Almqvist,A,6.0,6.0,False,True
16,ROMA SHENHUA SEMPRE,De Luca,A,,,False,True
16,TEAM PC,Ravaglia F.,P,7.0,4.0,True,False
16,TEAM PC,Norton-Cuffy,D,6.0,6.0,True,False
16,TEAM PC,Dimarco,D,6.5,7.5,True,False
16,TEAM PC,Bremer,D,5.5,5.5,True,False
16,TEAM PC,Kamara H.,D,5.5,5.0,True,False
16,TEAM PC,Ellertsson,C,6.0,6.0,True,False
16,TEAM PC,Oristanio,C,6.0,6.0,True,False
16,TEAM PC,Calhanoglu,C,6.5,7.0,True,False
16,TEAM PC,Pinamonti,A,5.0,5.0,True,False
16,TEAM PC,Sulemana K.,A,,,False,False
16,TEAM PC,Davis K.,A,5.5,5.5,True,False
16,TEAM PC,Skorupski,P,,,False,True
16,TEAM PC,Pessina Mas.,P,,,False,True
16,TEAM PC,Pavlovic,D,,,False,True
16,TEAM PC,Baschirotto,D,6.0,6.0,False,True
16,TEAM PC,Lazaro,D,6.5,6.5,False,True
16,TEAM PC,Kabasele,D,5.5,5.0,False,True
16,TEAM PC,Barella,C,6.0,5.5,False,True
16,TEAM PC,Matic,C,5.5,5.0,False,True
16,TEAM PC,Atta,C,,,False,True
16,TEAM PC,Sucic P.,C,6.0,6.0,False,True
16,TEAM PC,Zambo Anguissa,C,,,False,True
16,TEAM PC,Dia,A,,,False,True
16,TEAM PC,Castro S.,A,6.5,8.5,True,True
16,TEAM PC,Zapata D.,A,6.0,6.0,False,True
16,SOVEREIGN83,Svilar,P,5.0,4.0,True,False
16,SOVEREIGN83,Hien,D,6.0,6.0,True,False
16,SOVEREIGN83,Hermoso,D,5.5,5.0,True,False
16,SOVEREIGN83,Cambiaso,D,5.0,5.0,True,False
16,SOVEREIGN83,Bastoni,D,6.0,5.5,True,False
16,SOVEREIGN83,Bondo,C,5.5,5.0,True,False
16,SOVEREIGN83,Pasalic,C,,,False,False
16,SOVEREIGN83,Da Cunha,C,7.0,11.0,True,False
16,SOVEREIGN83,Soulè,A,5.5,5.5,True,False
16,SOVEREIGN83,Openda,A,5.0,5.0,True,False
16,SOVEREIGN83,Hojlund,A,6.0,6.0,True,False
16,SOVEREIGN83,Gollini,P,,,False,True
16,SOVEREIGN83,Vasquez D.,P,,,False,True
16,SOVEREIGN83,Circati,D,6.0,5.5,False,True
16,SOVEREIGN83,Tiago Gabriel,D,5.5,5.5,False,True
16,SOVEREIGN83,Tavares N.,D,,,False,True
16,SOVEREIGN83,Kossounou,D,,,False,True
16,SOVEREIGN83,Cataldi,C,5.0,4.5,True,True
16,SOVEREIGN83,Guendouzi,C,6.0,6.0,False,True
16,SOVEREIGN83,Basic,C,5.5,5.5,False,True
16,SOVEREIGN83,Casadei,C,7.0,9.0,False,True
16,SOVEREIGN83,Coulibaly L.,C,,,False,True
16,SOVEREIGN83,Orban G.,A,6.0,6.0,False,True
16,SOVEREIGN83,Douvikas,A,6.0,6.0,False,True
16,SOVEREIGN83,Kuhn,A,,,False,True
16,OWEN,Milinkovic-Savic V.,P,6.0,7.0,True,False
16,OWEN,Valeri,D,6.0,6.0,True,False
16,OWEN,Marusic,D,4.0,3.0,True,False
16,OWEN,Ramon,D,6.5,6.5,True,False
16,OWEN,Vojvoda,D,6.0,6.0,True,False
16,OWEN,Isaksen,C,5.5,5.5,True,False
16,OWEN,Neres,C,6.5,6.5,True,False
16,OWEN,Pulisic,C,,,False,False
16,OWEN,Simeone,A,7.0,10.0,True,False
16,OWEN,Leao,A,7.0,11.0,True,False
16,OWEN,Laurientè,A,6.0,6.0,True,False
16,OWEN,Meret,P,,,False,True
16,OWEN,Contini,P,,,False,True
16,OWEN,Vasquez,D,5.5,5.5,False,True
16,OWEN,Zappa,D,5.5,5.5,False,True
16,OWEN,Zappacosta,D,6.0,6.0,False,True
16,OWEN,Valle,D,,,False,True
16,OWEN,Vandeputte,C,5.5,5.5,True,True
16,OWEN,Gaetano,C,6.0,6.0,False,True
16,OWEN,Folorunsho,C,,,False,True
16,OWEN,Ederson D.S.,C,6.0,6.0,False,True
16,OWEN,Frattesi,C,,,False,True
16,OWEN,Giovane,A,6.0,6.0,False,True
16,OWEN,Nzola,A,6.0,6.0,False,True
16,OWEN,Colombo,A,7.0,10.0,False,True
16,ROMAN EMPIRE,Caprile,P,6.0,5.0,True,False
16,ROMAN EMPIRE,Terracciano F.,D,6.5,6.5,True,False
16,ROMAN EMPIRE,Buongiorno,D,,,False,False
16,ROMAN EMPIRE,Akanji,D,6.5,6.5,True,False
16,ROMAN EMPIRE,Wesley,D,6.0,6.0,True,False
16,ROMAN EMPIRE,Volpato,C,,,False,False
16,ROMAN EMPIRE,Konè M.,C,5.5,5.5,True,False
16,ROMAN EMPIRE,Rabiot,C,6.5,7.5,True,False
16,ROMAN EMPIRE,Zaniolo,C,6.0,6.0,True,False
16,ROMAN EMPIRE,Dybala,A,5.0,5.0,True,False
16,ROMAN EMPIRE,Vitinha O.,A,6.0,6.0,True,False
16,ROMAN EMPIRE,Maignan,P,6.0,7.0,False,True
16,ROMAN EMPIRE,Holm,D,5.5,5.5,True,True
16,ROMAN EMPIRE,Rensch,D,5.5,5.5,False,True
16,ROMAN EMPIRE,Juan Jesus,D,6.5,6.5,False,True
16,ROMAN EMPIRE,Politano,C,7.5,10.5,True,True
16,ROMAN EMPIRE,Zalewski,C,6.0,7.0,False,True
16,ROMAN EMPIRE,Bailey,C,,,False,True
16,ROMAN EMPIRE,Dovbyk,A,5.5,5.5,False,True
16,ROMAN EMPIRE,Lukaku,A,,,False,True
16,ROMAN EMPIRE,Lucca,A,,,False,True
16,ROMAN EMPIRE,Ekhator,A,5.5,5.5,False,True
17,OWEN,Milinkovic-Savic V.,P,6.0,4.0,True,False
17,OWEN,Valeri,D,6.0,6.0,True,False
17,OWEN,Zappacosta,D,6.0,6.0,True,False
17,OWEN,Ramon,D,6.5,6.0,True,False
17,OWEN,Vojvoda,D,6.5,6.5,True,False
17,OWEN,Isaksen,C,5.5,5.5,True,False
17,OWEN,Vandeputte,C,5.5,5.5,True,False
17,OWEN,Pulisic,C,6.0,6.0,True,False
17,OWEN,Simeone,A,5.0,5.0,True,False
17,OWEN,Leao,A,7.0,10.0,True,False
17,OWEN,Laurientè,A,5.0,5.0,True,False
17,OWEN,Meret,P,,,False,True
17,OWEN,Contini,P,,,False,True
17,OWEN,Vasquez,D,6.5,6.5,False,True
17,OWEN,Zappa,D,5.5,5.5,False,True
17,OWEN,Valle,D,6.0,6.0,False,True
17,OWEN,Gaetano,C,5.5,5.5,False,True
17,OWEN,Ederson D.S.,C,6.5,6.5,False,True
17,OWEN,Frattesi,C,,,False,True
17,OWEN,Giovane,A,5.5,5.5,False,True
17,OWEN,Nzola,A,4.5,2.5,False,True
17,OWEN,Colombo,A,7.0,10.0,False,True
17,DTE,Carnesecchi,P,6.5,7.5,True,False
17,DTE,Bartesaghi,D,5.0,5.0,True,False
17,DTE,Solet,D,6.0,6.0,True,False
17,DTE,Palestra,D,6.5,6.5,True,False
17,DTE,Parisi,D,6.5,6.0,True,False
17,DTE,McTominay,C,6.5,9.5,True,False
17,DTE,Odgaard,C,,,False,False
17,DTE,Zielinski,C,6.0,6.0,True,False
17,DTE,Kean,A,5.5,5.5,True,False
17,DTE,Adams C.,A,5.5,5.5,True,False
17,DTE,Vardy,A,7.5,10.0,True,False
17,DTE,Rossi F.,P,,,False,True
17,DTE,Sportiello,P,,,False,True
17,DTE,Heggem,D,5.0,5.0,False,True
17,DTE,Miranda J.,D,6.0,6.0,False,True
17,DTE,Mina,D,4.5,4.5,False,True
17,DTE,Lucumì,D,,,False,True
17,DTE,Fadera,C,5.5,5.5,True,True
17,DTE,Locatelli,C,7.0,7.0,False,True
17,DTE,De Bruyne,C,,,False,True
17,DTE,Ekkelenkamp,C,7.5,11.5,False,True
17,DTE,Frendrup,C,6.0,6.0,False,True
17,DTE,Cambiaghi,A,6.0,6.0,False,True
17,DTE,De Ketelaere,A,7.5,8.5,False,True
17,DTE,Piccoli,A,6.0,6.0,False,True
17,ROMA SHENHUA SEMPRE,Butez,P,7.0,10.0,True,False
17,ROMA SHENHUA SEMPRE,Dodò,D,6.0,6.0,True,False
17,ROMA SHENHUA SEMPRE,Kristensen T.,D,5.5,5.0,True,False
17,ROMA SHENHUA SEMPRE,Ranieri L.,D,6.0,6.0,True,False
17,ROMA SHENHUA SEMPRE,Luperto,D,5.0,4.5,True,False
17,ROMA SHENHUA SEMPRE,Lobotka,C,6.0,6.0,True,False
17,ROMA SHENHUA SEMPRE,Fagioli,C,7.5,8.0,True,False
17,ROMA SHENHUA SEMPRE,Paz N.,C,6.0,6.0,True,False
17,ROMA SHENHUA SEMPRE,Saelemaekers,C,6.0,6.0,True,False
17,ROMA SHENHUA SEMPRE,Bonazzoli,A,7.0,7.5,True,False
17,ROMA SHENHUA SEMPRE,Ferguson E.,A,7.0,11.0,True,False
17,ROMA SHENHUA SEMPRE,Montipò,P,5.0,3.0,False,True
17,ROMA SHENHUA SEMPRE,Leali,P,7.0,5.5,False,True
17,ROMA SHENHUA SEMPRE,Canestrelli,D,5.5,5.5,False,True
17,ROMA SHENHUA SEMPRE,Gosens,D,7.0,8.5,False,True
17,ROMA SHENHUA SEMPRE,Biraghi,D,,,False,True
17,ROMA SHENHUA SEMPRE,Zortea,D,5.5,5.5,False,True
17,ROMA SHENHUA SEMPRE,Mandragora,C,6.5,6.5,False,True
17,ROMA SHENHUA SEMPRE,Lovric,C,,,False,True
17,ROMA SHENHUA SEMPRE,Almqvist,A,5.5,5.5,False,True
17,ROMA SHENHUA SEMPRE,De Luca,A,,,False,True
17,DELI-XUJUN,Provedel,P,6.0,4.0,True,False
17,DELI-XUJUN,Spinazzola,D,6.0,6.0,True,False
17,DELI-XUJUN,Scalvini,D,6.5,6.5,True,False
17,DELI-XUJUN,Rrahmani,D,6.0,6.0,True,False
17,DELI-XUJUN,Di Lorenzo,D,6.5,9.5,True,False
17,DELI-XUJUN,McKennie,C,6.5,6.5,True,False
17,DELI-XUJUN,Cristante,C,6.5,6.0,True,False
17,DELI-XUJUN,Modric,C,6.0,6.0,True,False
17,DELI-XUJUN,Orsolini,C,5.0,5.0,True,False
17,DELI-XUJUN,Rodriguez Je.,A,6.5,7.5,True,False
17,DELI-XUJUN,Borrelli,A,6.5,7.0,True,False
17,DELI-XUJUN,Semper,P,6.0,3.0,False,True
17,DELI-XUJUN,Silvestri,P,,,False,True
17,DELI-XUJUN,Mancini,D,,,False,True
17,DELI-XUJUN,Kalulu,D,6.5,6.5,False,True
17,DELI-XUJUN,N'Dicka,D,,,False,True
17,DELI-XUJUN,Joao Mario,D,,,False,True
17,DELI-XUJUN,El Shaarawy,C,6.0,6.0,False,True
17,DELI-XUJUN,Nicolussi Caviglia,C,,,False,True
17,DELI-XUJUN,Pisilli,C,6.5,7.5,False,True
17,DELI-XUJUN,Elmas,C,5.5,5.5,False,True
17,DELI-XUJUN,Dallinga,A,4.5,4.5,False,True
17,DELI-XUJUN,Stulic,A,5.5,5.5,False,True
17,DELI-XUJUN,Dzeko,A,,,False,True
17,DELI-XUJUN,Noslin,A,,,False,True
17,BATIGOAL,De Gea,P,7.0,5.0,True,False
17,BATIGOAL,Tomori,D,6.0,5.5,True,False
17,BATIGOAL,Angelino,D,,,False,False
17,BATIGOAL,Bisseck,D,7.0,7.0,True,False
17,BATIGOAL,Celik,D,6.5,6.5,True,False
17,BATIGOAL,Gudmundsson A.,C,7.0,10.0,True,False
17,BATIGOAL,Vlasic,C,5.0,5.0,True,False
17,BATIGOAL,Perrone,C,7.0,11.0,True,False
17,BATIGOAL,Luis Henrique,C,6.0,6.0,True,False
17,BATIGOAL,Kilicsoy,A,6.5,6.5,True,False
17,BATIGOAL,Martinez L.,A,5.5,5.5,True,False
17,BATIGOAL,Muric,P,6.5,3.5,False,True
17,BATIGOAL,Okoye,P,6.5,5.5,False,True
17,BATIGOAL,Diego Carlos,D,,,False,True
17,BATIGOAL,Ostigard,D,6.5,6.5,True,True
17,BATIGOAL,Pezzella Giu.,D,6.0,6.0,False,True
17,BATIGOAL,Smolcic I.,D,6.5,6.5,False,True
17,BATIGOAL,Piotrowski,C,6.0,6.0,False,True
17,BATIGOAL,Konè I.,C,5.0,5.0,False,True
17,BATIGOAL,Koopmeiners,C,6.0,6.0,False,True
17,BATIGOAL,Fullkrug,A,5.5,5.5,False,True
17,BATIGOAL,Nkunku,A,,,False,True
17,TEAM PC,Ravaglia F.,P,6.0,4.0,True,False
17,TEAM PC,Norton-Cuffy,D,6.0,6.0,True,False
17,TEAM PC,Dimarco,D,7.5,11.5,True,False
17,TEAM PC,Bremer,D,6.5,6.5,True,False
17,TEAM PC,Kamara H.,D,6.0,6.0,True,False
17,TEAM PC,Sucic P.,C,5.5,5.5,True,False
17,TEAM PC,Barella,C,6.5,7.5,True,False
17,TEAM PC,Calhanoglu,C,6.5,6.0,True,False
17,TEAM PC,Castro S.,A,5.5,5.5,True,False
17,TEAM PC,Zapata D.,A,6.0,6.0,True,False
17,TEAM PC,Davis K.,A,7.0,8.0,True,False
17,TEAM PC,Skorupski,P,,,False,True
17,TEAM PC,Pessina Mas.,P,,,False,True
17,TEAM PC,Pavlovic,D,6.0,5.5,False,True
17,TEAM PC,Baschirotto,D,5.5,5.5,False,True
17,TEAM PC,Lazaro,D,6.0,7.0,False,True
17,TEAM PC,Kabasele,D,6.5,6.5,False,True
17,TEAM PC,Matic,C,6.0,6.0,False,True
17,TEAM PC,Atta,C,6.5,6.5,False,True
17,TEAM PC,Zambo Anguissa,C,,,False,True
17,TEAM PC,Dia,A,,,False,True
17,TEAM PC,Pinamonti,A,5.0,5.0,False,True
17,TEAM PC,Sulemana K.,A,,,False,True
17,TEAM PC,Ellertsson,C,6.0,6.0,False,True
17,TEAM PC,Oristanio,C,5.0,5.0,False,True
17,ROMAN EMPIRE,Caprile,P,5.5,3.5,True,False
17,ROMAN EMPIRE,Wesley,D,6.0,6.0,True,False
17,ROMAN EMPIRE,Buongiorno,D,5.0,5.0,True,False
17,ROMAN EMPIRE,Terracciano F.,D,6.0,6.0,True,False
17,ROMAN EMPIRE,Holm,D,,,False,False
17,ROMAN EMPIRE,Zalewski,C,6.5,6.5,True,False
17,ROMAN EMPIRE,Rabiot,C,6.5,6.5,True,False
17,ROMAN EMPIRE,Zaniolo,C,7.0,9.0,True,False
17,ROMAN EMPIRE,Politano,C,5.5,5.5,True,False
17,ROMAN EMPIRE,Vitinha O.,A,6.5,6.5,True,False
17,ROMAN EMPIRE,Dybala,A,6.5,7.5,True,False
17,ROMAN EMPIRE,Maignan,P,6.0,4.5,False,True
17,ROMAN EMPIRE,Akanji,D,7.0,7.0,True,True
17,ROMAN EMPIRE,Rensch,D,,,False,True
17,ROMAN EMPIRE,Juan Jesus,D,,,False,True
17,ROMAN EMPIRE,Konè M.,C,6.0,6.0,False,True
17,ROMAN EMPIRE,Bailey,C,,,False,True
17,ROMAN EMPIRE,Dovbyk,A,7.0,9.0,False,True
17,ROMAN EMPIRE,Lucca,A,5.5,5.5,False,True
17,ROMAN EMPIRE,Ekhator,A,6.5,6.5,False,True
17,AVIOD RELEGATION FOOTBALL CLUB,Di Gregorio,P,6.0,7.0,True,False
17,AVIOD RELEGATION FOOTBALL CLUB,Kempf,D,6.0,6.0,True,False
17,AVIOD RELEGATION FOOTBALL CLUB,Kelly L.,D,,,False,False
17,AVIOD RELEGATION FOOTBALL CLUB,Carlos Augusto,D,6.5,6.0,True,False
17,AVIOD RELEGATION FOOTBALL CLUB,Coco,D,6.5,6.0,True,False
17,AVIOD RELEGATION FOOTBALL CLUB,Fofana Y.,C,5.0,5.0,True,False
17,AVIOD RELEGATION FOOTBALL CLUB,Thuram K.,C,6.5,6.5,True,False
17,AVIOD RELEGATION FOOTBALL CLUB,Bernabè,C,5.5,5.5,True,False
17,AVIOD RELEGATION FOOTBALL CLUB,Yildiz,A,6.5,6.5,True,False
17,AVIOD RELEGATION FOOTBALL CLUB,Scamacca,A,,,False,False
17,AVIOD RELEGATION FOOTBALL CLUB,David,A,7.5,11.5,True,False
17,AVIOD RELEGATION FOOTBALL CLUB,Falcone,P,6.0,4.0,False,True
17,AVIOD RELEGATION FOOTBALL CLUB,Perin,P,,,False,True
17,AVIOD RELEGATION FOOTBALL CLUB,Ziolkowski,D,7.0,7.0,True,True
17,AVIOD RELEGATION FOOTBALL CLUB,Delprato,D,5.0,5.0,False,True
17,AVIOD RELEGATION FOOTBALL CLUB,Gila,D,6.0,6.0,False,True
17,AVIOD RELEGATION FOOTBALL CLUB,Martin,D,6.0,6.0,False,True
17,AVIOD RELEGATION FOOTBALL CLUB,Baldanzi,C,,,False,True
17,AVIOD RELEGATION FOOTBALL CLUB,Berisha M.,C,,,False,True
17,AVIOD RELEGATION FOOTBALL CLUB,Serdar,C,,,False,True
17,AVIOD RELEGATION FOOTBALL CLUB,Rowe,C,6.0,6.0,False,True
17,AVIOD RELEGATION FOOTBALL CLUB,Tourè I.,C,5.5,5.5,False,True
17,AVIOD RELEGATION FOOTBALL CLUB,Pellegrino M.,A,5.5,5.5,True,True
17,AVIOD RELEGATION FOOTBALL CLUB,Bonny,A,,,False,True
17,AVIOD RELEGATION FOOTBALL CLUB,Addai,A,,,False,True
17,SOVEREIGN83,Svilar,P,6.0,7.0,True,False
17,SOVEREIGN83,Hien,D,6.0,6.0,True,False
17,SOVEREIGN83,Circati,D,5.0,5.0,True,False
17,SOVEREIGN83,Cambiaso,D,6.5,6.5,True,False
17,SOVEREIGN83,Bastoni,D,,,False,False
17,SOVEREIGN83,Cataldi,C,7.0,9.0,True,False
17,SOVEREIGN83,Pasalic,C,,,False,False
17,SOVEREIGN83,Da Cunha,C,5.5,5.0,True,False
17,SOVEREIGN83,Soulè,A,,,False,False
17,SOVEREIGN83,Orban G.,A,7.0,8.5,True,False
17,SOVEREIGN83,Hojlund,A,5.5,5.5,True,False
17,SOVEREIGN83,Gollini,P,,,False,True
17,SOVEREIGN83,Vasquez D.,P,,,False,True
17,SOVEREIGN83,Tavares N.,D,,,False,True
17,SOVEREIGN83,Tiago Gabriel,D,5.5,5.5,True,True
17,SOVEREIGN83,Kossounou,D,,,False,True
17,SOVEREIGN83,Basic,C,6.5,6.5,True,True
17,SOVEREIGN83,Guendouzi,C,5.5,5.5,False,True
17,SOVEREIGN83,Casadei,C,6.5,8.0,False,True
17,SOVEREIGN83,Coulibaly L.,C,,,False,True
17,SOVEREIGN83,Douvikas,A,7.5,11.5,True,True
17,SOVEREIGN83,Openda,A,,,False,True
17,SOVEREIGN83,Kuhn,A,6.0,6.0,False,True
17,THE GREAT BINGO,Sommer,P,6.0,7.0,True,False
17,THE GREAT BINGO,Doig,D,5.0,5.0,True,False
17,THE GREAT BINGO,Romagnoli,D,6.5,6.5,True,False
17,THE GREAT BINGO,Maripan,D,5.0,5.0,True,False
17,THE GREAT BINGO,Cabal,D,,,False,False
17,THE GREAT BINGO,Zaccagni,C,6.0,5.5,True,False
17,THE GREAT BINGO,Thorstvedt,C,6.0,6.0,True,False
17,THE GREAT BINGO,Mkhitaryan,C,6.0,6.0,True,False
17,THE GREAT BINGO,Tramoni M.,C,6.5,6.5,True,False
17,THE GREAT BINGO,Thuram,A,7.0,8.5,True,False
17,THE GREAT BINGO,Esposito F.P.,A,6.5,6.5,True,False
17,THE GREAT BINGO,Martinez Jo.,P,,,False,True
17,THE GREAT BINGO,Calligaris,P,,,False,True
17,THE GREAT BINGO,Muharemovic,D,4.5,2.5,True,True
17,THE GREAT BINGO,Nelsson,D,,,False,True
17,THE GREAT BINGO,Bellanova,D,,,False,True
17,THE GREAT BINGO,Dumfries,D,,,False,True
17,THE GREAT BINGO,Conceicao,C,,,False,True
17,THE GREAT BINGO,Kostic,C,,,False,True
17,THE GREAT BINGO,Malinovskyi,C,6.5,7.5,False,True
17,THE GREAT BINGO,Samardzic,C,,,False,True
17,THE GREAT BINGO,Cancellieri,A,6.0,5.5,False,True
17,THE GREAT BINGO,Sanabria,A,,,False,True
17,THE GREAT BINGO,Castellanos,A,,,False,True
17,THE GREAT BINGO,Berardi,A,,,False,True
18,THE GREAT BINGO,Sommer,P,6.0,4.0,True,False
18,THE GREAT BINGO,Doig,D,5.5,5.5,True,False
18,THE GREAT BINGO,Romagnoli,D,6.0,6.0,True,False
18,THE GREAT BINGO,Maripan,D,6.5,6.5,True,False
18,THE GREAT BINGO,Cabal,D,6.0,6.0,True,False
18,THE GREAT BINGO,Kostic,C,,,False,False
18,THE GREAT BINGO,Malinovskyi,C,6.5,7.5,True,False
18,THE GREAT BINGO,Tramoni M.,C,7.5,10.5,True,False
18,THE GREAT BINGO,Thuram,A,6.5,7.5,True,False
18,THE GREAT BINGO,Esposito F.P.,A,,,False,False
18,THE GREAT BINGO,Cancellieri,A,6.5,6.0,True,False
18,THE GREAT BINGO,Martinez Jo.,P,,,False,True
18,THE GREAT BINGO,Calligaris,P,,,False,True
18,THE GREAT BINGO,Nelsson,D,5.5,3.5,False,True
18,THE GREAT BINGO,Muharemovic,D,6.0,6.0,False,True
18,THE GREAT BINGO,Conceicao,C,,,False,True
18,THE GREAT BINGO,Mkhitaryan,C,6.5,6.5,True,True
18,THE GREAT BINGO,Samardzic,C,,,False,True
18,THE GREAT BINGO,Sanabria,A,6.0,6.0,True,True
18,THE GREAT BINGO,Berardi,A,,,False,True
18,BATIGOAL,Okoye,P,6.0,4.0,True,False
18,BATIGOAL,Angelino,D,,,False,False
18,BATIGOAL,Ostigard,D,7.5,9.5,True,False
18,BATIGOAL,Bisseck,D,5.5,5.5,True,False
18,BATIGOAL,Celik,D,6.5,6.5,True,False
18,BATIGOAL,Gudmundsson A.,C,6.5,7.5,True,False
18,BATIGOAL,Vlasic,C,5.5,5.5,True,False
18,BATIGOAL,Perrone,C,6.5,6.5,True,False
18,BATIGOAL,Piotrowski,C,5.5,5.5,True,False
18,BATIGOAL,Fullkrug,A,6.0,6.0,True,False
18,BATIGOAL,Martinez L.,A,5.5,5.5,True,False
18,BATIGOAL,De Gea,P,6.5,5.5,False,True
18,BATIGOAL,Muric,P,6.0,3.5,False,True
18,BATIGOAL,Diego Carlos,D,5.5,5.5,True,True
18,BATIGOAL,Smolcic I.,D,,,False,True
18,BATIGOAL,Pezzella Giu.,D,5.0,4.5,False,True
18,BATIGOAL,Koopmeiners,C,6.0,6.0,False,True
18,BATIGOAL,Konè I.,C,6.5,6.5,False,True
18,BATIGOAL,Luis Henrique,C,5.5,5.5,False,True
18,BATIGOAL,Diao,A,,,False,True
18,BATIGOAL,Kilicsoy,A,5.0,5.0,False,True
18,BATIGOAL,Nkunku,A,7.0,10.0,False,True
18,DTE,Carnesecchi,P,7.0,8.0,True,False
18,DTE,Bartesaghi,D,5.0,5.0,True,False
18,DTE,Solet,D,6.0,6.0,True,False
18,DTE,Palestra,D,5.5,5.5,True,False
18,DTE,McTominay,C,7.5,13.5,True,False
18,DTE,Odgaard,C,,,False,False
18,DTE,Zielinski,C,6.5,6.5,True,False
18,DTE,Locatelli,C,6.5,6.5,True,False
18,DTE,De Ketelaere,A,7.5,11.5,True,False
18,DTE,Kean,A,5.5,5.0,True,False
18,DTE,Vardy,A,5.0,5.0,True,False
18,DTE,Rossi F.,P,,,False,True
18,DTE,Sportiello,P,,,False,True
18,DTE,Parisi,D,6.0,6.0,False,True
18,DTE,Miranda J.,D,6.5,6.5,False,True
18,DTE,Heggem,D,6.5,6.5,False,True
18,DTE,Mina,D,,,False,True
18,DTE,Lucumì,D,5.5,5.5,False,True
18,DTE,Fadera,C,6.5,6.5,True,True
18,DTE,Ekkelenkamp,C,6.5,6.5,False,True
18,DTE,Frendrup,C,7.0,9.5,False,True
18,DTE,De Bruyne,C,,,False,True
18,DTE,Adams C.,A,6.0,6.0,False,True
18,DTE,Cambiaghi,A,6.0,7.0,False,True
18,DTE,Piccoli,A,,,False,True
18,ROMA SHENHUA SEMPRE,Butez,P,6.0,5.0,True,False
18,ROMA SHENHUA SEMPRE,Dodò,D,6.5,6.5,True,False
18,ROMA SHENHUA SEMPRE,Kristensen T.,D,,,False,False
18,ROMA SHENHUA SEMPRE,Gosens,D,6.5,6.5,True,False
18,ROMA SHENHUA SEMPRE,Luperto,D,5.0,4.5,True,False
18,ROMA SHENHUA SEMPRE,Lobotka,C,6.0,6.0,True,False
18,ROMA SHENHUA SEMPRE,Fagioli,C,6.0,5.5,True,False
18,ROMA SHENHUA SEMPRE,Paz N.,C,6.5,6.0,True,False
18,ROMA SHENHUA SEMPRE,Saelemaekers,C,6.5,6.5,True,False
18,ROMA SHENHUA SEMPRE,Bonazzoli,A,5.5,5.5,True,False
18,ROMA SHENHUA SEMPRE,Ferguson E.,A,5.5,5.5,True,False
18,ROMA SHENHUA SEMPRE,Montipò,P,6.0,5.0,False,True
18,ROMA SHENHUA SEMPRE,Leali,P,7.0,8.0,False,True
18,ROMA SHENHUA SEMPRE,Canestrelli,D,5.5,5.5,True,True
18,ROMA SHENHUA SEMPRE,Ranieri L.,D,,,False,True
18,ROMA SHENHUA SEMPRE,Biraghi,D,5.0,5.0,False,True
18,ROMA SHENHUA SEMPRE,Zortea,D,5.5,5.0,False,True
18,ROMA SHENHUA SEMPRE,Mandragora,C,6.0,6.0,False,True
18,ROMA SHENHUA SEMPRE,Lovric,C,,,False,True
18,ROMA SHENHUA SEMPRE,Esposito Se.,A,6.5,6.5,False,True
18,ROMA SHENHUA SEMPRE,Almqvist,A,,,False,True
18,AVIOD RELEGATION FOOTBALL CLUB,Di Gregorio,P,6.5,7.5,True,False
18,AVIOD RELEGATION FOOTBALL CLUB,Ziolkowski,D,,,False,False
18,AVIOD RELEGATION FOOTBALL CLUB,Kelly L.,D,6.5,6.5,True,False
18,AVIOD RELEGATION FOOTBALL CLUB,Carlos Augusto,D,,,False,False
18,AVIOD RELEGATION FOOTBALL CLUB,Martin,D,7.0,8.0,True,False
18,AVIOD RELEGATION FOOTBALL CLUB,Rowe,C,5.5,5.5,True,False
18,AVIOD RELEGATION FOOTBALL CLUB,Thuram K.,C,7.0,8.0,True,False
18,AVIOD RELEGATION FOOTBALL CLUB,Bernabè,C,7.5,9.5,True,False
18,AVIOD RELEGATION FOOTBALL CLUB,Yildiz,A,7.0,7.0,True,False
18,AVIOD RELEGATION FOOTBALL CLUB,Scamacca,A,6.5,7.5,True,False
18,AVIOD RELEGATION FOOTBALL CLUB,David,A,7.0,9.0,True,False
18,AVIOD RELEGATION FOOTBALL CLUB,Falcone,P,6.0,4.0,False,True
18,AVIOD RELEGATION FOOTBALL CLUB,Perin,P,,,False,True
18,AVIOD RELEGATION FOOTBALL CLUB,Coco,D,5.5,5.5,True,True
18,AVIOD RELEGATION FOOTBALL CLUB,Kempf,D,6.0,6.0,True,True
18,AVIOD RELEGATION FOOTBALL CLUB,Delprato,D,6.0,5.5,False,True
18,AVIOD RELEGATION FOOTBALL CLUB,Gila,D,6.5,7.5,False,True
18,AVIOD RELEGATION FOOTBALL CLUB,Baldanzi,C,,,False,True
18,AVIOD RELEGATION FOOTBALL CLUB,Berisha M.,C,,,False,True
18,AVIOD RELEGATION FOOTBALL CLUB,Serdar,C,5.5,5.5,False,True
18,AVIOD RELEGATION FOOTBALL CLUB,Fofana Y.,C,6.5,7.0,False,True
18,AVIOD RELEGATION FOOTBALL CLUB,Tourè I.,C,6.0,6.0,False,True
18,AVIOD RELEGATION FOOTBALL CLUB,Pellegrino M.,A,7.0,10.0,False,True
18,AVIOD RELEGATION FOOTBALL CLUB,Bonny,A,,,False,True
18,AVIOD RELEGATION FOOTBALL CLUB,Addai,A,,,False,True
18,OWEN,Milinkovic-Savic V.,P,6.0,4.0,True,False
18,OWEN,Valeri,D,6.0,6.0,True,False
18,OWEN,Vasquez,D,6.5,6.5,True,False
18,OWEN,Zappacosta,D,6.0,6.0,True,False
18,OWEN,Vojvoda,D,5.0,5.0,True,False
18,OWEN,Isaksen,C,6.0,6.0,True,False
18,OWEN,Pulisic,C,6.0,6.0,True,False
18,OWEN,Neres,C,,,False,False
18,OWEN,Simeone,A,5.5,5.5,True,False
18,OWEN,Leao,A,5.5,5.5,True,False
18,OWEN,Giovane,A,6.0,6.0,True,False
18,OWEN,Meret,P,,,False,True
18,OWEN,Contini,P,,,False,True
18,OWEN,Zappa,D,5.5,5.5,False,True
18,OWEN,Marusic,D,6.0,6.0,False,True
18,OWEN,Valle,D,,,False,True
18,OWEN,Gaetano,C,5.5,5.5,True,True
18,OWEN,Ederson D.S.,C,6.5,6.5,False,True
18,OWEN,Vandeputte,C,6.0,6.0,False,True
18,OWEN,Laurientè,A,6.0,6.0,False,True
18,OWEN,Colombo,A,7.0,10.0,False,True
18,OWEN,Nzola,A,,,False,True
18,DELI-XUJUN,Provedel,P,6.5,7.5,True,False
18,DELI-XUJUN,Spinazzola,D,6.5,6.5,True,False
18,DELI-XUJUN,Scalvini,D,6.5,6.5,True,False
18,DELI-XUJUN,Mancini,D,6.5,6.5,True,False
18,DELI-XUJUN,Di Lorenzo,D,6.5,6.5,True,False
18,DELI-XUJUN,McKennie,C,7.5,10.5,True,False
18,DELI-XUJUN,Cristante,C,,,False,False
18,DELI-XUJUN,Modric,C,,,False,False
18,DELI-XUJUN,Orsolini,C,,,False,False
18,DELI-XUJUN,Rodriguez Je.,A,7.0,8.5,True,False
18,DELI-XUJUN,Borrelli,A,5.5,5.5,True,False
18,DELI-XUJUN,Semper,P,,,False,True
18,DELI-XUJUN,Silvestri,P,,,False,True
18,DELI-XUJUN,Rrahmani,D,6.0,6.0,False,True
18,DELI-XUJUN,N'Dicka,D,,,False,True
18,DELI-XUJUN,Kalulu,D,6.5,7.5,False,True
18,DELI-XUJUN,Joao Mario,D,,,False,True
18,DELI-XUJUN,Pisilli,C,6.5,6.5,True,True
18,DELI-XUJUN,El Shaarawy,C,7.0,8.0,True,True
18,DELI-XUJUN,Nicolussi Caviglia,C,,,False,True
18,DELI-XUJUN,Elmas,C,6.5,7.5,True,True
18,DELI-XUJUN,Stulic,A,7.0,9.0,False,True
18,DELI-XUJUN,Dallinga,A,,,False,True
18,DELI-XUJUN,Noslin,A,5.0,5.0,False,True
18,DELI-XUJUN,Dzeko,A,,,False,True
18,SOVEREIGN83,Svilar,P,6.5,7.5,True,False
18,SOVEREIGN83,Hien,D,6.0,6.0,True,False
18,SOVEREIGN83,Cambiaso,D,6.0,6.0,True,False
18,SOVEREIGN83,Hermoso,D,6.0,5.5,True,False
18,SOVEREIGN83,Bastoni,D,6.0,6.0,True,False
18,SOVEREIGN83,Cataldi,C,6.0,6.0,True,False
18,SOVEREIGN83,Pasalic,C,7.0,9.0,True,False
18,SOVEREIGN83,Da Cunha,C,5.5,5.0,True,False
18,SOVEREIGN83,Soulè,A,7.5,11.5,True,False
18,SOVEREIGN83,Douvikas,A,5.5,5.5,True,False
18,SOVEREIGN83,Hojlund,A,6.5,6.5,True,False
18,SOVEREIGN83,Gollini,P,,,False,True
18,SOVEREIGN83,Vasquez D.,P,,,False,True
18,SOVEREIGN83,Tavares N.,D,,,False,True
18,SOVEREIGN83,Tiago Gabriel,D,5.0,3.0,False,True
18,SOVEREIGN83,Kossounou,D,,,False,True
18,SOVEREIGN83,Guendouzi,C,,,False,True
18,SOVEREIGN83,Circati,D,6.5,6.5,False,True
18,SOVEREIGN83,Coulibaly L.,C,5.5,5.5,False,True
18,SOVEREIGN83,Openda,A,,,False,True
18,SOVEREIGN83,Orban G.,A,5.5,5.5,False,True
18,SOVEREIGN83,Kuhn,A,6.0,6.0,False,True
18,SOVEREIGN83,Bondo,C,5.0,5.0,False,True
18,TEAM PC,Ravaglia F.,P,6.0,5.0,True,False
18,TEAM PC,Norton-Cuffy,D,6.0,6.0,True,False
18,TEAM PC,Dimarco,D,7.0,9.0,True,False
18,TEAM PC,Bremer,D,7.0,10.0,True,False
18,TEAM PC,Kamara H.,D,5.5,5.5,True,False
18,TEAM PC,Atta,C,6.5,6.5,True,False
18,TEAM PC,Barella,C,5.5,5.5,True,False
18,TEAM PC,Calhanoglu,C,6.5,8.5,True,False
18,TEAM PC,Castro S.,A,6.5,7.0,True,False
18,TEAM PC,Sulemana K.,A,,,False,False
18,TEAM PC,Davis K.,A,6.5,8.5,True,False
18,TEAM PC,Skorupski,P,,,False,True
18,TEAM PC,Pessina Mas.,P,,,False,True
18,TEAM PC,Pavlovic,D,6.0,6.0,False,True
18,TEAM PC,Baschirotto,D,4.0,4.0,False,True
18,TEAM PC,Lazaro,D,5.5,5.5,False,True
18,TEAM PC,Kabasele,D,6.5,8.5,False,True
18,TEAM PC,Matic,C,6.0,5.5,False,True
18,TEAM PC,Zambo Anguissa,C,,,False,True
18,TEAM PC,Dia,A,,,False,True
18,TEAM PC,Pinamonti,A,5.5,5.5,True,True
18,TEAM PC,Ellertsson,C,6.5,6.5,False,True
18,TEAM PC,Oristanio,C,6.0,6.0,False,True
18,TEAM PC,Sucic P.,C,,,False,True
18,TEAM PC,Zapata D.,A,5.0,5.0,False,True
18,ROMAN EMPIRE,Maignan,P,6.5,5.5,True,False
18,ROMAN EMPIRE,Wesley,D,6.5,6.5,True,False
18,ROMAN EMPIRE,Buongiorno,D,,,False,False
18,ROMAN EMPIRE,Akanji,D,5.5,5.5,True,False
18,ROMAN EMPIRE,Holm,D,,,False,False
18,ROMAN EMPIRE,Zalewski,C,6.5,6.5,True,False
18,ROMAN EMPIRE,Rabiot,C,5.5,5.0,True,False
18,ROMAN EMPIRE,Zaniolo,C,6.5,7.0,True,False
18,ROMAN EMPIRE,Politano,C,6.0,6.0,True,False
18,ROMAN EMPIRE,Vitinha O.,A,6.5,6.5,True,False
18,ROMAN EMPIRE,Dybala,A,6.5,6.5,True,False
18,ROMAN EMPIRE,Caprile,P,5.5,2.5,False,True
18,ROMAN EMPIRE,Rensch,D,,,False,True
18,ROMAN EMPIRE,Terracciano F.,D,4.0,2.0,True,True
18,ROMAN EMPIRE,Juan Jesus,D,5.5,5.0,True,True
18,ROMAN EMPIRE,Konè M.,C,7.0,9.5,False,True
18,ROMAN EMPIRE,Lucca,A,,,False,True
18,ROMAN EMPIRE,Ekhator,A,6.0,6.0,False,True
19,DTE,Carnesecchi,P,7.0,6.0,True,False
19,DTE,Miranda J.,D,5.5,5.0,True,False
19,DTE,Bartesaghi,D,,,False,False
19,DTE,Solet,D,6.0,6.0,True,False
19,DTE,Palestra,D,6.5,6.5,True,False
19,DTE,McTominay,C,6.0,6.0,True,False
19,DTE,Ekkelenkamp,C,5.5,5.5,True,False
19,DTE,Zielinski,C,6.5,6.5,True,False
19,DTE,De Ketelaere,A,5.5,5.5,True,False
19,DTE,Kean,A,,,False,False
19,DTE,Vardy,A,5.5,5.0,True,False
19,DTE,Rossi F.,P,,,False,True
19,DTE,Sportiello,P,,,False,True
19,DTE,Parisi,D,6.5,6.5,True,True
19,DTE,Heggem,D,5.0,5.0,False,True
19,DTE,Mina,D,7.0,7.0,False,True
19,DTE,Lucumì,D,,,False,True
19,DTE,Odgaard,C,5.0,5.0,False,True
19,DTE,Locatelli,C,6.0,6.0,False,True
19,DTE,Fadera,C,5.0,5.0,False,True
19,DTE,Frendrup,C,6.5,6.5,False,True
19,DTE,De Bruyne,C,,,False,True
19,DTE,Adams C.,A,5.5,5.5,True,True
19,DTE,Cambiaghi,A,5.5,5.5,False,True
19,DTE,Piccoli,A,7.0,10.0,False,True
19,SOVEREIGN83,Svilar,P,6.0,7.0,True,False
19,SOVEREIGN83,Hien,D,6.0,6.0,True,False
19,SOVEREIGN83,Cambiaso,D,5.5,5.5,True,False
19,SOVEREIGN83,Hermoso,D,6.0,6.0,True,False
19,SOVEREIGN83,Bastoni,D,,,False,False
19,SOVEREIGN83,Cataldi,C,5.5,5.0,True,False
19,SOVEREIGN83,Pasalic,C,5.5,5.0,True,False
19,SOVEREIGN83,Bondo,C,6.5,6.5,True,False
19,SOVEREIGN83,Soulè,A,6.0,6.0,True,False
19,SOVEREIGN83,Orban G.,A,5.5,5.5,True,False
19,SOVEREIGN83,Hojlund,A,5.5,5.5,True,False
19,SOVEREIGN83,Gollini,P,,,False,True
19,SOVEREIGN83,Vasquez D.,P,,,False,True
19,SOVEREIGN83,Tavares N.,D,,,False,True
19,SOVEREIGN83,Tiago Gabriel,D,6.5,6.5,True,True
19,SOVEREIGN83,Kossounou,D,,,False,True
19,SOVEREIGN83,Guendouzi,C,,,False,True
19,SOVEREIGN83,Circati,D,6.5,6.0,False,True
19,SOVEREIGN83,Coulibaly L.,C,6.5,6.5,False,True
19,SOVEREIGN83,Openda,A,5.5,5.5,False,True
19,SOVEREIGN83,Douvikas,A,,,False,True
19,SOVEREIGN83,Kuhn,A,,,False,True
19,SOVEREIGN83,Casadei,C,5.5,5.5,False,True
19,SOVEREIGN83,Da Cunha,C,6.5,6.5,False,True
19,SOVEREIGN83,Basic,C,,,False,True
19,DELI-XUJUN,Provedel,P,7.0,6.0,True,False
19,DELI-XUJUN,Spinazzola,D,6.5,6.5,True,False
19,DELI-XUJUN,Scalvini,D,6.0,5.5,True,False
19,DELI-XUJUN,Mancini,D,7.0,6.5,True,False
19,DELI-XUJUN,Di Lorenzo,D,6.5,6.5,True,False
19,DELI-XUJUN,McKennie,C,5.0,5.0,True,False
19,DELI-XUJUN,Cristante,C,6.5,6.5,True,False
19,DELI-XUJUN,Modric,C,,,False,False
19,DELI-XUJUN,Orsolini,C,5.5,5.5,True,False
19,DELI-XUJUN,Rodriguez Je.,A,6.0,6.0,True,False
19,DELI-XUJUN,Borrelli,A,6.0,6.0,True,False
19,DELI-XUJUN,Semper,P,,,False,True
19,DELI-XUJUN,Silvestri,P,,,False,True
19,DELI-XUJUN,Rrahmani,D,6.5,6.5,False,True
19,DELI-XUJUN,N'Dicka,D,7.0,7.0,False,True
19,DELI-XUJUN,Kalulu,D,5.5,5.5,False,True
19,DELI-XUJUN,Joao Mario,D,,,False,True
19,DELI-XUJUN,Pisilli,C,6.0,6.0,True,True
19,DELI-XUJUN,El Shaarawy,C,,,False,True
19,DELI-XUJUN,Nicolussi Caviglia,C,,,False,True
19,DELI-XUJUN,Elmas,C,6.5,6.5,False,True
19,DELI-XUJUN,Stulic,A,5.5,5.5,False,True
19,DELI-XUJUN,Dallinga,A,,,False,True
19,DELI-XUJUN,Noslin,A,5.5,5.5,False,True
19,DELI-XUJUN,Dzeko,A,,,False,True
19,BATIGOAL,De Gea,P,6.0,5.0,True,False
19,BATIGOAL,Tomori,D,6.0,6.0,True,False
19,BATIGOAL,Ostigard,D,6.5,6.0,True,False
19,BATIGOAL,Bisseck,D,6.0,6.0,True,False
19,BATIGOAL,Celik,D,,,False,False
19,BATIGOAL,Gudmundsson A.,C,6.5,7.5,True,False
19,BATIGOAL,Vlasic,C,5.0,4.5,True,False
19,BATIGOAL,Perrone,C,6.5,6.5,True,False
19,BATIGOAL,Fullkrug,A,7.0,11.0,True,False
19,BATIGOAL,Martinez L.,A,7.0,11.0,True,False
19,BATIGOAL,Nkunku,A,,,False,False
19,BATIGOAL,Okoye,P,6.5,5.5,False,True
19,BATIGOAL,Muric,P,6.0,5.0,False,True
19,BATIGOAL,Angelino,D,,,False,True
19,BATIGOAL,Diego Carlos,D,6.5,6.5,True,True
19,BATIGOAL,Smolcic I.,D,6.0,5.5,False,True
19,BATIGOAL,Luis Henrique,C,6.0,6.0,False,True
19,BATIGOAL,Koopmeiners,C,5.5,5.5,False,True
19,BATIGOAL,Konè I.,C,,,False,True
19,BATIGOAL,Lookman,A,,,False,True
19,BATIGOAL,Kilicsoy,A,6.0,6.0,True,True
19,BATIGOAL,Piotrowski,C,6.0,6.0,False,True
19,ROMA SHENHUA SEMPRE,Leali,P,6.0,7.0,True,False
19,ROMA SHENHUA SEMPRE,Dodò,D,7.0,7.0,True,False
19,ROMA SHENHUA SEMPRE,Kristensen T.,D,5.0,5.0,True,False
19,ROMA SHENHUA SEMPRE,Gosens,D,6.0,6.0,True,False
19,ROMA SHENHUA SEMPRE,Zortea,D,6.0,6.0,True,False
19,ROMA SHENHUA SEMPRE,Lobotka,C,7.0,11.0,True,False
19,ROMA SHENHUA SEMPRE,Fagioli,C,6.5,6.5,True,False
19,ROMA SHENHUA SEMPRE,Paz N.,C,7.5,9.5,True,False
19,ROMA SHENHUA SEMPRE,Saelemaekers,C,7.0,8.0,True,False
19,ROMA SHENHUA SEMPRE,Bonazzoli,A,5.0,4.5,True,False
19,ROMA SHENHUA SEMPRE,Esposito Se.,A,5.5,5.5,True,False
19,ROMA SHENHUA SEMPRE,Butez,P,6.5,7.5,False,True
19,ROMA SHENHUA SEMPRE,Montipò,P,,,False,True
19,ROMA SHENHUA SEMPRE,Luperto,D,6.5,6.5,False,True
19,ROMA SHENHUA SEMPRE,Canestrelli,D,6.0,6.0,False,True
19,ROMA SHENHUA SEMPRE,Ranieri L.,D,,,False,True
19,ROMA SHENHUA SEMPRE,Biraghi,D,,,False,True
19,ROMA SHENHUA SEMPRE,Mandragora,C,7.0,10.0,False,True
19,ROMA SHENHUA SEMPRE,Lovric,C,,,False,True
19,ROMA SHENHUA SEMPRE,Collocolo,C,,,False,True
19,ROMA SHENHUA SEMPRE,Ferguson E.,A,,,False,True
19,OWEN,Milinkovic-Savic V.,P,6.5,7.5,True,False
19,OWEN,Valeri,D,6.5,6.5,True,False
19,OWEN,Vasquez,D,6.5,6.5,True,False
19,OWEN,Ramon,D,7.0,7.0,True,False
19,OWEN,Vojvoda,D,6.0,6.0,True,False
19,OWEN,Neres,C,,,False,False
19,OWEN,Pulisic,C,5.5,5.5,True,False
19,OWEN,Vandeputte,C,6.0,5.5,True,False
19,OWEN,Simeone,A,,,False,False
19,OWEN,Leao,A,6.0,6.0,True,False
19,OWEN,Colombo,A,6.0,6.0,True,False
19,OWEN,Contini,P,,,False,True
19,OWEN,Zappacosta,D,6.0,6.0,False,True
19,OWEN,Valle,D,7.0,7.5,False,True
19,OWEN,Marusic,D,4.5,4.5,False,True
19,OWEN,Zappa,D,,,False,True
19,OWEN,Ederson D.S.,C,6.5,6.5,True,True
19,OWEN,Isaksen,C,5.5,5.5,False,True
19,OWEN,Gaetano,C,6.5,7.5,False,True
19,OWEN,Frattesi,C,,,False,True
19,OWEN,Laurientè,A,6.5,6.5,True,True
19,OWEN,Giovane,A,6.5,6.5,False,True
19,OWEN,Nzola,A,,,False,True
19,TEAM PC,Ravaglia F.,P,6.0,4.0,True,False
19,TEAM PC,Norton-Cuffy,D,,,False,False
19,TEAM PC,Dimarco,D,6.5,6.5,True,False
19,TEAM PC,Bremer,D,6.0,6.0,True,False
19,TEAM PC,Kamara H.,D,5.5,5.5,True,False
19,TEAM PC,Atta,C,5.5,5.5,True,False
19,TEAM PC,Barella,C,5.5,5.5,True,False
19,TEAM PC,Calhanoglu,C,,,False,False
19,TEAM PC,Castro S.,A,5.5,5.5,True,False
19,TEAM PC,Sulemana K.,A,6.0,6.0,True,False
19,TEAM PC,Davis K.,A,5.5,5.5,True,False
19,TEAM PC,Skorupski,P,,,False,True
19,TEAM PC,Pessina Mas.,P,,,False,True
19,TEAM PC,Pavlovic,D,,,False,True
19,TEAM PC,Baschirotto,D,6.5,6.5,True,True
19,TEAM PC,Lazaro,D,5.0,5.0,False,True
19,TEAM PC,Kabasele,D,5.5,5.5,False,True
19,TEAM PC,Matic,C,5.5,5.5,True,True
19,TEAM PC,Zambo Anguissa,C,,,False,True
19,TEAM PC,Dia,A,,,False,True
19,TEAM PC,Pinamonti,A,5.5,5.5,False,True
19,TEAM PC,Ellertsson,C,6.0,6.0,False,True
19,TEAM PC,Oristanio,C,5.5,5.5,False,True
19,TEAM PC,Sucic P.,C,,,False,True
19,TEAM PC,Zapata D.,A,,,False,True
19,AVIOD RELEGATION FOOTBALL CLUB,Di Gregorio,P,,,False,False
19,AVIOD RELEGATION FOOTBALL CLUB,Kelly L.,D,6.0,6.0,True,False
19,AVIOD RELEGATION FOOTBALL CLUB,Carlos Augusto,D,6.0,5.5,True,False
19,AVIOD RELEGATION FOOTBALL CLUB,Coco,D,5.0,5.0,True,False
19,AVIOD RELEGATION FOOTBALL CLUB,Martin,D,6.0,6.0,True,False
19,AVIOD RELEGATION FOOTBALL CLUB,Thuram K.,C,,,False,False
19,AVIOD RELEGATION FOOTBALL CLUB,Bernabè,C,6.0,6.0,True,False
19,AVIOD RELEGATION FOOTBALL CLUB,Fofana Y.,C,,,False,False
19,AVIOD RELEGATION FOOTBALL CLUB,Yildiz,A,6.5,6.0,True,False
19,AVIOD RELEGATION FOOTBALL CLUB,David,A,5.0,5.0,True,False
19,AVIOD RELEGATION FOOTBALL CLUB,Scamacca,A,5.0,5.0,True,False
19,AVIOD RELEGATION FOOTBALL CLUB,Perin,P,6.0,5.0,True,True
19,AVIOD RELEGATION FOOTBALL CLUB,Falcone,P,7.0,6.0,False,True
19,AVIOD RELEGATION FOOTBALL CLUB,Gila,D,5.0,5.0,False,True
19,AVIOD RELEGATION FOOTBALL CLUB,Delprato,D,6.0,6.0,False,True
19,AVIOD RELEGATION FOOTBALL CLUB,Kempf,D,,,False,True
19,AVIOD RELEGATION FOOTBALL CLUB,Ziolkowski,D,,,False,True
19,AVIOD RELEGATION FOOTBALL CLUB,Baldanzi,C,,,False,True
19,AVIOD RELEGATION FOOTBALL CLUB,Berisha M.,C,,,False,True
19,AVIOD RELEGATION FOOTBALL CLUB,Rowe,C,7.0,8.0,True,True
19,AVIOD RELEGATION FOOTBALL CLUB,Serdar,C,6.0,6.0,True,True
19,AVIOD RELEGATION FOOTBALL CLUB,Tourè I.,C,6.5,6.5,False,True
19,AVIOD RELEGATION FOOTBALL CLUB,Bonny,A,6.0,6.0,False,True
19,AVIOD RELEGATION FOOTBALL CLUB,Pellegrino M.,A,5.5,5.5,False,True
19,AVIOD RELEGATION FOOTBALL CLUB,Addai,A,,,False,True
19,THE GREAT BINGO,Sommer,P,6.0,7.0,True,False
19,THE GREAT BINGO,Doig,D,6.0,6.0,True,False
19,THE GREAT BINGO,Romagnoli,D,5.0,4.5,True,False
19,THE GREAT BINGO,Maripan,D,,,False,False
19,THE GREAT BINGO,Cabal,D,,,False,False
19,THE GREAT BINGO,Zaccagni,C,5.0,4.5,True,False
19,THE GREAT BINGO,Malinovskyi,C,5.5,5.5,True,False
19,THE GREAT BINGO,Tramoni M.,C,6.0,6.0,True,False
19,THE GREAT BINGO,Conceicao,C,,,False,False
19,THE GREAT BINGO,Esposito F.P.,A,6.5,7.5,True,False
19,THE GREAT BINGO,Cancellieri,A,5.0,5.0,True,False
19,THE GREAT BINGO,Martinez Jo.,P,,,False,True
19,THE GREAT BINGO,Calligaris,P,,,False,True
19,THE GREAT BINGO,Nelsson,D,6.5,7.5,True,True
19,THE GREAT BINGO,Muharemovic,D,6.0,6.0,True,True
19,THE GREAT BINGO,Bellanova,D,,,False,True
19,THE GREAT BINGO,Mkhitaryan,C,6.0,6.0,True,True
19,THE GREAT BINGO,Kostic,C,,,False,True
19,THE GREAT BINGO,Samardzic,C,,,False,True
19,THE GREAT BINGO,Thuram,A,,,False,True
19,THE GREAT BINGO,Sanabria,A,,,False,True
19,THE GREAT BINGO,Berardi,A,,,False,True
19,ROMAN EMPIRE,Maignan,P,6.0,7.0,True,False
19,ROMAN EMPIRE,Wesley,D,6.5,6.5,True,False
19,ROMAN EMPIRE,Terracciano F.,D,6.0,6.0,True,False
19,ROMAN EMPIRE,Holm,D,5.5,5.0,True,False
19,ROMAN EMPIRE,Belghali,D,,,False,False
19,ROMAN EMPIRE,Zalewski,C,6.0,6.0,True,False
19,ROMAN EMPIRE,Rabiot,C,6.5,6.5,True,False
19,ROMAN EMPIRE,Konè M.,C,6.5,6.5,True,False
19,ROMAN EMPIRE,Politano,C,5.5,5.5,True,False
19,ROMAN EMPIRE,Vitinha O.,A,5.5,5.0,True,False
19,ROMAN EMPIRE,Dybala,A,7.5,11.5,True,False
19,ROMAN EMPIRE,Caprile,P,7.0,8.0,False,True
19,ROMAN EMPIRE,Buongiorno,D,6.0,6.0,True,True
19,ROMAN EMPIRE,Akanji,D,6.5,6.5,False,True
19,ROMAN EMPIRE,Rensch,D,6.0,7.0,False,True
19,ROMAN EMPIRE,Juan Jesus,D,6.5,6.5,False,True
19,ROMAN EMPIRE,Bailey,C,,,False,True
19,ROMAN EMPIRE,Lucca,A,,,False,True
19,ROMAN EMPIRE,Ekhator,A,6.0,6.0,False,True
20,BATIGOAL,Muric,P,6.5,7.5,True,False
20,BATIGOAL,Bisseck,D,6.5,7.5,True,False
20,BATIGOAL,Diego Carlos,D,,,False,False
20,BATIGOAL,Celik,D,7.0,7.0,True,False
20,BATIGOAL,Gudmundsson A.,C,6.0,6.0,True,False
20,BATIGOAL,Vlasic,C,4.5,4.5,True,False
20,BATIGOAL,Perrone,C,6.5,6.5,True,False
20,BATIGOAL,Luis Henrique,C,5.0,5.0,True,False
20,BATIGOAL,Lookman,A,,,False,False
20,BATIGOAL,Martinez L.,A,7.0,8.5,True,False
20,BATIGOAL,Kilicsoy,A,7.0,9.0,True,False
20,BATIGOAL,Okoye,P,6.0,5.0,False,True
20,BATIGOAL,De Gea,P,6.0,4.0,False,True
20,BATIGOAL,Angelino,D,,,False,True
20,BATIGOAL,Tomori,D,6.5,6.5,True,True
20,BATIGOAL,Smolcic I.,D,6.0,6.0,False,True
20,BATIGOAL,Pezzella Giu.,D,6.0,5.5,False,True
20,BATIGOAL,El Aynaoui,C,,,False,True
20,BATIGOAL,Piotrowski,C,,,False,True
20,BATIGOAL,Koopmeiners,C,,,False,True
20,BATIGOAL,Konè I.,C,6.5,6.5,False,True
20,BATIGOAL,Fullkrug,A,6.0,6.0,True,True
20,BATIGOAL,Nkunku,A,5.5,5.5,False,True
20,DTE,Carnesecchi,P,7.0,8.0,True,False
20,DTE,Bartesaghi,D,5.5,5.5,True,False
20,DTE,Solet,D,6.5,6.5,True,False
20,DTE,Palestra,D,7.5,12.5,True,False
20,DTE,McTominay,C,5.0,5.0,True,False
20,DTE,Ekkelenkamp,C,6.0,6.0,True,False
20,DTE,Zielinski,C,7.5,9.5,True,False
20,DTE,Odgaard,C,6.0,6.0,True,False
20,DTE,De Ketelaere,A,7.5,8.5,True,False
20,DTE,Piccoli,A,5.0,5.0,True,False
20,DTE,Vardy,A,5.5,5.5,True,False
20,DTE,Rossi F.,P,,,False,True
20,DTE,Sportiello,P,,,False,True
20,DTE,Mina,D,7.0,6.5,False,True
20,DTE,Miranda J.,D,,,False,True
20,DTE,Parisi,D,,,False,True
20,DTE,Heggem,D,5.0,5.0,False,True
20,DTE,Lucumì,D,,,False,True
20,DTE,Frendrup,C,6.0,6.0,False,True
20,DTE,Locatelli,C,7.0,8.0,False,True
20,DTE,Fadera,C,7.0,10.0,False,True
20,DTE,De Bruyne,C,,,False,True
20,DTE,Adams C.,A,5.0,5.0,False,True
20,DTE,Cambiaghi,A,,,False,True
20,DTE,Kean,A,,,False,True
20,AVIOD RELEGATION FOOTBALL CLUB,Di Gregorio,P,6.0,7.0,True,False
20,AVIOD RELEGATION FOOTBALL CLUB,Carlos Augusto,D,6.0,6.0,True,False
20,AVIOD RELEGATION FOOTBALL CLUB,Kempf,D,7.0,7.0,True,False
20,AVIOD RELEGATION FOOTBALL CLUB,Gila,D,6.5,6.5,True,False
20,AVIOD RELEGATION FOOTBALL CLUB,Coco,D,4.0,4.0,True,False
20,AVIOD RELEGATION FOOTBALL CLUB,Thuram K.,C,7.0,8.0,True,False
20,AVIOD RELEGATION FOOTBALL CLUB,Tourè I.,C,5.0,5.0,True,False
20,AVIOD RELEGATION FOOTBALL CLUB,Bernabè,C,6.0,6.0,True,False
20,AVIOD RELEGATION FOOTBALL CLUB,Yildiz,A,7.0,8.5,True,False
20,AVIOD RELEGATION FOOTBALL CLUB,Bonny,A,7.0,9.0,True,False
20,AVIOD RELEGATION FOOTBALL CLUB,Scamacca,A,7.0,9.5,True,False
20,AVIOD RELEGATION FOOTBALL CLUB,Perin,P,,,False,True
20,AVIOD RELEGATION FOOTBALL CLUB,Falcone,P,6.5,7.5,False,True
20,AVIOD RELEGATION FOOTBALL CLUB,Ziolkowski,D,,,False,True
20,AVIOD RELEGATION FOOTBALL CLUB,Martin,D,6.0,6.0,False,True
20,AVIOD RELEGATION FOOTBALL CLUB,Delprato,D,5.0,5.0,False,True
20,AVIOD RELEGATION FOOTBALL CLUB,Kelly L.,D,6.5,6.5,False,True
20,AVIOD RELEGATION FOOTBALL CLUB,Rowe,C,6.5,6.5,False,True
20,AVIOD RELEGATION FOOTBALL CLUB,Fofana Y.,C,,,False,True
20,AVIOD RELEGATION FOOTBALL CLUB,Serdar,C,5.5,5.5,False,True
20,AVIOD RELEGATION FOOTBALL CLUB,Baldanzi,C,,,False,True
20,AVIOD RELEGATION FOOTBALL CLUB,Berisha M.,C,,,False,True
20,AVIOD RELEGATION FOOTBALL CLUB,Pellegrino M.,A,5.0,5.0,False,True
20,AVIOD RELEGATION FOOTBALL CLUB,Addai,A,,,False,True
20,AVIOD RELEGATION FOOTBALL CLUB,David,A,7.0,10.0,False,True
20,THE GREAT BINGO,Sommer,P,4.5,2.5,True,False
20,THE GREAT BINGO,Doig,D,6.0,6.0,True,False
20,THE GREAT BINGO,Romagnoli,D,6.5,6.5,True,False
20,THE GREAT BINGO,Nelsson,D,5.0,5.0,True,False
20,THE GREAT BINGO,Muharemovic,D,6.5,6.5,True,False
20,THE GREAT BINGO,Zaccagni,C,5.5,5.5,True,False
20,THE GREAT BINGO,Malinovskyi,C,7.0,8.5,True,False
20,THE GREAT BINGO,Mkhitaryan,C,7.0,9.0,True,False
20,THE GREAT BINGO,Thuram,A,6.5,7.5,True,False
20,THE GREAT BINGO,Esposito F.P.,A,7.0,10.0,True,False
20,THE GREAT BINGO,Berardi,A,6.0,6.0,True,False
20,THE GREAT BINGO,Martinez Jo.,P,,,False,True
20,THE GREAT BINGO,Calligaris,P,,,False,True
20,THE GREAT BINGO,Maripan,D,4.5,4.5,False,True
20,THE GREAT BINGO,Cabal,D,6.0,6.0,False,True
20,THE GREAT BINGO,Bellanova,D,,,False,True
20,THE GREAT BINGO,Dumfries,D,,,False,True
20,THE GREAT BINGO,Conceicao,C,6.0,6.0,False,True
20,THE GREAT BINGO,Tramoni M.,C,6.0,7.0,False,True
20,THE GREAT BINGO,Kostic,C,7.0,9.0,False,True
20,THE GREAT BINGO,Samardzic,C,,,False,True
20,THE GREAT BINGO,Thorstvedt,C,6.0,6.0,False,True
20,THE GREAT BINGO,Cancellieri,A,5.0,5.0,False,True
20,THE GREAT BINGO,Sanabria,A,,,False,True
20,THE GREAT BINGO,Castellanos,A,,,False,True
20,OWEN,Milinkovic-Savic V.,P,,,False,False
20,OWEN,Valle,D,6.5,7.0,True,False
20,OWEN,Zappacosta,D,6.0,6.0,True,False
20,OWEN,Ramon,D,6.5,6.5,True,False
20,OWEN,Vojvoda,D,6.5,6.5,True,False
20,OWEN,Folorunsho,C,,,False,False
20,OWEN,Pulisic,C,5.5,5.5,True,False
20,OWEN,Neres,C,,,False,False
20,OWEN,Giovane,A,5.5,5.5,True,False
20,OWEN,Simeone,A,,,False,False
20,OWEN,Leao,A,5.0,5.0,True,False
20,OWEN,Meret,P,6.0,3.0,True,True
20,OWEN,Contini,P,,,False,True
20,OWEN,Vasquez,D,6.0,6.0,False,True
20,OWEN,Marusic,D,6.0,6.0,False,True
20,OWEN,Valeri,D,5.5,5.5,False,True
20,OWEN,Zappa,D,,,False,True
20,OWEN,Gaetano,C,6.0,6.0,True,True
20,OWEN,Ederson D.S.,C,6.0,6.0,True,True
20,OWEN,Isaksen,C,,,False,True
20,OWEN,Vandeputte,C,6.0,6.0,False,True
20,OWEN,Frattesi,C,,,False,True
20,OWEN,Laurientè,A,6.5,7.0,True,True
20,OWEN,Colombo,A,6.0,6.0,False,True
20,OWEN,Nzola,A,,,False,True
20,TEAM PC,Ravaglia F.,P,5.5,2.0,True,False
20,TEAM PC,Norton-Cuffy,D,6.5,6.5,True,False
20,TEAM PC,Baschirotto,D,6.0,6.0,True,False
20,TEAM PC,Bremer,D,7.0,7.0,True,False
20,TEAM PC,Kamara H.,D,,,False,False
20,TEAM PC,Atta,C,7.5,11.5,True,False
20,TEAM PC,Barella,C,6.0,5.5,True,False
20,TEAM PC,Ellertsson,C,6.0,6.0,True,False
20,TEAM PC,Castro S.,A,,,False,False
20,TEAM PC,Zapata D.,A,5.0,5.0,True,False
20,TEAM PC,Davis K.,A,7.5,9.5,True,False
20,TEAM PC,Skorupski,P,5.0,5.0,False,True
20,TEAM PC,Pessina Mas.,P,,,False,True
20,TEAM PC,Pavlovic,D,,,False,True
20,TEAM PC,Lazaro,D,4.5,4.5,True,True
20,TEAM PC,Kabasele,D,,,False,True
20,TEAM PC,Matic,C,6.0,6.0,False,True
20,TEAM PC,Zambo Anguissa,C,,,False,True
20,TEAM PC,Pinamonti,A,6.0,6.0,True,True
20,TEAM PC,Dia,A,5.0,5.0,False,True
20,TEAM PC,Oristanio,C,6.0,6.0,False,True
20,TEAM PC,Sucic P.,C,6.0,6.0,False,True
20,TEAM PC,Sulemana K.,A,,,False,True
20,TEAM PC,Calhanoglu,C,,,False,True
20,TEAM PC,Dimarco,D,8.0,12.5,False,True
20,SOVEREIGN83,Svilar,P,6.0,5.0,True,False
20,SOVEREIGN83,Hien,D,6.0,6.0,True,False
20,SOVEREIGN83,Cambiaso,D,6.0,6.0,True,False
20,SOVEREIGN83,Tiago Gabriel,D,6.5,6.0,True,False
20,SOVEREIGN83,Bastoni,D,6.5,7.5,True,False
20,SOVEREIGN83,Da Cunha,C,7.5,10.5,True,False
20,SOVEREIGN83,Pasalic,C,6.0,6.0,True,False
20,SOVEREIGN83,Coulibaly L.,C,6.0,6.0,True,False
20,SOVEREIGN83,Soulè,A,5.5,5.5,True,False
20,SOVEREIGN83,Orban G.,A,7.0,9.0,True,False
20,SOVEREIGN83,Hojlund,A,5.0,5.0,True,False
20,SOVEREIGN83,Gollini,P,,,False,True
20,SOVEREIGN83,Vasquez D.,P,,,False,True
20,SOVEREIGN83,Tavares N.,D,,,False,True
20,SOVEREIGN83,Kossounou,D,,,False,True
20,SOVEREIGN83,Circati,D,5.0,5.0,False,True
20,SOVEREIGN83,Bondo,C,,,False,True
20,SOVEREIGN83,Douvikas,A,8.0,14.0,False,True
20,SOVEREIGN83,Openda,A,,,False,True
20,SOVEREIGN83,Kuhn,A,7.0,9.0,False,True
20,SOVEREIGN83,Casadei,C,4.5,4.5,False,True
20,SOVEREIGN83,Basic,C,5.5,5.5,False,True
20,SOVEREIGN83,Hermoso,D,,,False,True
20,ROMA SHENHUA SEMPRE,Butez,P,6.0,7.0,True,False
20,ROMA SHENHUA SEMPRE,Dodò,D,6.5,7.5,True,False
20,ROMA SHENHUA SEMPRE,Kristensen T.,D,5.5,5.5,True,False
20,ROMA SHENHUA SEMPRE,Gosens,D,5.0,5.0,True,False
20,ROMA SHENHUA SEMPRE,Luperto,D,6.5,6.5,True,False
20,ROMA SHENHUA SEMPRE,Lobotka,C,5.5,5.5,True,False
20,ROMA SHENHUA SEMPRE,Mandragora,C,6.0,6.0,True,False
20,ROMA SHENHUA SEMPRE,Paz N.,C,6.0,6.0,True,False
20,ROMA SHENHUA SEMPRE,Saelemaekers,C,5.5,5.5,True,False
20,ROMA SHENHUA SEMPRE,Bonazzoli,A,5.0,5.0,True,False
20,ROMA SHENHUA SEMPRE,Esposito Se.,A,7.0,8.0,True,False
20,ROMA SHENHUA SEMPRE,Montipò,P,,,False,True
20,ROMA SHENHUA SEMPRE,Leali,P,,,False,True
20,ROMA SHENHUA SEMPRE,Canestrelli,D,5.0,5.0,False,True
20,ROMA SHENHUA SEMPRE,Zortea,D,6.0,6.0,False,True
20,ROMA SHENHUA SEMPRE,Ranieri L.,D,,,False,True
20,ROMA SHENHUA SEMPRE,Biraghi,D,,,False,True
20,ROMA SHENHUA SEMPRE,Fagioli,C,5.5,5.5,False,True
20,ROMA SHENHUA SEMPRE,Lovric,C,,,False,True
20,ROMA SHENHUA SEMPRE,Collocolo,C,5.5,5.5,False,True
20,ROMA SHENHUA SEMPRE,Ferguson E.,A,,,False,True
20,ROMAN EMPIRE,Caprile,P,7.0,5.5,True,False
20,ROMAN EMPIRE,Wesley,D,5.5,5.5,True,False
20,ROMAN EMPIRE,Buongiorno,D,6.0,6.0,True,False
20,ROMAN EMPIRE,Akanji,D,,,False,False
20,ROMAN EMPIRE,Terracciano F.,D,5.5,5.5,True,False
20,ROMAN EMPIRE,Holm,D,,,False,False
20,ROMAN EMPIRE,Zalewski,C,6.5,6.5,True,False
20,ROMAN EMPIRE,Konè M.,C,6.0,6.0,True,False
20,ROMAN EMPIRE,Pellegrini Lo.,C,7.0,10.0,True,False
20,ROMAN EMPIRE,Vitinha O.,A,6.0,6.0,True,False
20,ROMAN EMPIRE,Dybala,A,6.0,6.0,True,False
20,ROMAN EMPIRE,Maignan,P,7.0,6.5,False,True
20,ROMAN EMPIRE,Rensch,D,,,False,True
20,ROMAN EMPIRE,Juan Jesus,D,4.5,4.0,True,True
20,ROMAN EMPIRE,Rabiot,C,6.5,6.0,False,True
20,ROMAN EMPIRE,Volpato,C,,,False,True
20,ROMAN EMPIRE,Lucca,A,,,False,True
20,ROMAN EMPIRE,Ekhator,A,5.0,5.0,False,True
20,ROMAN EMPIRE,Lukaku,A,,,False,True
20,DELI-XUJUN,Provedel,P,6.5,7.5,True,False
20,DELI-XUJUN,Spinazzola,D,5.0,5.0,True,False
20,DELI-XUJUN,Scalvini,D,6.5,6.5,True,False
20,DELI-XUJUN,Mancini,D,6.5,6.5,True,False
20,DELI-XUJUN,Di Lorenzo,D,5.5,5.5,True,False
20,DELI-XUJUN,McKennie,C,6.0,6.0,True,False
20,DELI-XUJUN,Cristante,C,6.0,6.0,True,False
20,DELI-XUJUN,Modric,C,7.0,7.5,True,False
20,DELI-XUJUN,Orsolini,C,,,False,False
20,DELI-XUJUN,Rodriguez Je.,A,6.0,6.0,True,False
20,DELI-XUJUN,Borrelli,A,6.0,6.0,True,False
20,DELI-XUJUN,Semper,P,,,False,True
20,DELI-XUJUN,Silvestri,P,,,False,True
20,DELI-XUJUN,Rrahmani,D,,,False,True
20,DELI-XUJUN,N'Dicka,D,5.5,5.5,False,True
20,DELI-XUJUN,Kalulu,D,6.5,6.5,False,True
20,DELI-XUJUN,Joao Mario,D,,,False,True
20,DELI-XUJUN,Pisilli,C,6.0,6.0,True,True
20,DELI-XUJUN,El Shaarawy,C,,,False,True
20,DELI-XUJUN,Nicolussi Caviglia,C,,,False,True
20,DELI-XUJUN,Elmas,C,5.0,5.0,False,True
20,DELI-XUJUN,Stulic,A,5.5,5.5,False,True
20,DELI-XUJUN,Dallinga,A,5.5,5.5,False,True
20,DELI-XUJUN,Noslin,A,,,False,True
20,DELI-XUJUN,Dzeko,A,,,False,True
21,DTE,Carnesecchi,P,8.5,12.5,True,False
21,DTE,Bartesaghi,D,6.5,6.5,True,False
21,DTE,Solet,D,7.0,7.0,True,False
21,DTE,Mina,D,6.5,6.5,True,False
21,DTE,Palestra,D,7.0,7.0,True,False
21,DTE,McTominay,C,6.5,6.5,True,False
21,DTE,Locatelli,C,6.5,6.5,True,False
21,DTE,Zielinski,C,7.0,9.0,True,False
21,DTE,De Ketelaere,A,6.0,6.0,True,False
21,DTE,Adams C.,A,7.0,11.0,True,False
21,DTE,Kean,A,6.0,6.0,True,False
21,DTE,Rossi F.,P,,,False,True
21,DTE,Sportiello,P,,,False,True
21,DTE,Miranda J.,D,4.0,4.0,False,True
21,DTE,Parisi,D,6.0,6.0,False,True
21,DTE,Heggem,D,4.5,4.5,False,True
21,DTE,Lucumì,D,,,False,True
21,DTE,Odgaard,C,5.0,5.0,False,True
21,DTE,Ekkelenkamp,C,7.0,11.0,False,True
21,DTE,Frendrup,C,6.5,6.5,False,True
21,DTE,Fadera,C,6.0,6.0,False,True
21,DTE,De Bruyne,C,,,False,True
21,DTE,Vardy,A,5.5,5.0,False,True
21,DTE,Cambiaghi,A,,,False,True
21,DTE,Piccoli,A,6.5,6.5,False,True
21,ROMAN EMPIRE,Caprile,P,6.0,7.0,True,False
21,ROMAN EMPIRE,Wesley,D,5.0,5.0,True,False
21,ROMAN EMPIRE,Buongiorno,D,6.0,5.5,True,False
21,ROMAN EMPIRE,Akanji,D,6.0,6.0,True,False
21,ROMAN EMPIRE,Rensch,D,,,False,False
21,ROMAN EMPIRE,Holm,D,,,False,False
21,ROMAN EMPIRE,Zalewski,C,5.5,5.5,True,False
21,ROMAN EMPIRE,Pellegrini Lo.,C,5.5,5.0,True,False
21,ROMAN EMPIRE,Rabiot,C,7.5,11.5,True,False
21,ROMAN EMPIRE,Lukaku,A,,,False,False
21,ROMAN EMPIRE,Dybala,A,,,False,False
21,ROMAN EMPIRE,Belghali,D,,,False,True
21,ROMAN EMPIRE,Juan Jesus,D,6.0,6.0,True,True
21,ROMAN EMPIRE,Terracciano F.,D,6.0,6.0,True,True
21,ROMAN EMPIRE,Volpato,C,,,False,True
21,ROMAN EMPIRE,Vitinha O.,A,7.0,9.0,True,True
21,ROMAN EMPIRE,Ekhator,A,,,False,True
21,ROMAN EMPIRE,Maignan,P,6.0,7.0,False,True
21,DELI-XUJUN,Provedel,P,6.5,4.0,True,False
21,DELI-XUJUN,Spinazzola,D,6.0,6.0,True,False
21,DELI-XUJUN,Scalvini,D,6.0,6.0,True,False
21,DELI-XUJUN,Mancini,D,6.5,6.0,True,False
21,DELI-XUJUN,Di Lorenzo,D,6.0,6.0,True,False
21,DELI-XUJUN,McKennie,C,7.5,10.0,True,False
21,DELI-XUJUN,Cristante,C,6.0,6.0,True,False
21,DELI-XUJUN,Modric,C,6.5,6.5,True,False
21,DELI-XUJUN,Orsolini,C,5.5,5.5,True,False
21,DELI-XUJUN,Rodriguez Je.,A,5.5,5.5,True,False
21,DELI-XUJUN,Borrelli,A,6.5,6.5,True,False
21,DELI-XUJUN,Semper,P,,,False,True
21,DELI-XUJUN,Silvestri,P,,,False,True
21,DELI-XUJUN,Kalulu,D,6.5,7.5,False,True
21,DELI-XUJUN,Rrahmani,D,,,False,True
21,DELI-XUJUN,N'Dicka,D,6.0,5.5,False,True
21,DELI-XUJUN,Joao Mario,D,,,False,True
21,DELI-XUJUN,Pisilli,C,,,False,True
21,DELI-XUJUN,El Shaarawy,C,,,False,True
21,DELI-XUJUN,Nicolussi Caviglia,C,5.5,5.5,False,True
21,DELI-XUJUN,Elmas,C,6.5,6.5,False,True
21,DELI-XUJUN,Stulic,A,,,False,True
21,DELI-XUJUN,Dallinga,A,5.5,5.5,False,True
21,DELI-XUJUN,Noslin,A,,,False,True
21,DELI-XUJUN,Dzeko,A,,,False,True
21,AVIOD RELEGATION FOOTBALL CLUB,Di Gregorio,P,6.5,5.5,True,False
21,AVIOD RELEGATION FOOTBALL CLUB,Carlos Augusto,D,,,False,False
21,AVIOD RELEGATION FOOTBALL CLUB,Kelly L.,D,6.5,6.5,True,False
21,AVIOD RELEGATION FOOTBALL CLUB,Coco,D,6.5,6.5,True,False
21,AVIOD RELEGATION FOOTBALL CLUB,Gila,D,6.0,6.0,True,False
21,AVIOD RELEGATION FOOTBALL CLUB,Thuram K.,C,6.5,6.5,True,False
21,AVIOD RELEGATION FOOTBALL CLUB,Tourè I.,C,5.0,4.5,True,False
21,AVIOD RELEGATION FOOTBALL CLUB,Bernabè,C,5.5,5.5,True,False
21,AVIOD RELEGATION FOOTBALL CLUB,Yildiz,A,6.0,6.0,True,False
21,AVIOD RELEGATION FOOTBALL CLUB,Bonny,A,6.0,6.0,True,False
21,AVIOD RELEGATION FOOTBALL CLUB,David,A,7.0,9.5,True,False
21,AVIOD RELEGATION FOOTBALL CLUB,Perin,P,,,False,True
21,AVIOD RELEGATION FOOTBALL CLUB,Falcone,P,7.5,6.5,False,True
21,AVIOD RELEGATION FOOTBALL CLUB,Martin,D,4.5,4.5,True,True
21,AVIOD RELEGATION FOOTBALL CLUB,Delprato,D,5.5,5.5,False,True
21,AVIOD RELEGATION FOOTBALL CLUB,Kempf,D,6.0,6.0,False,True
21,AVIOD RELEGATION FOOTBALL CLUB,Ziolkowski,D,,,False,True
21,AVIOD RELEGATION FOOTBALL CLUB,Rowe,C,5.5,5.5,False,True
21,AVIOD RELEGATION FOOTBALL CLUB,Fofana Y.,C,6.5,6.5,False,True
21,AVIOD RELEGATION FOOTBALL CLUB,Serdar,C,5.5,5.5,False,True
21,AVIOD RELEGATION FOOTBALL CLUB,Baldanzi,C,,,False,True
21,AVIOD RELEGATION FOOTBALL CLUB,Berisha M.,C,,,False,True
21,AVIOD RELEGATION FOOTBALL CLUB,Scamacca,A,,,False,True
21,AVIOD RELEGATION FOOTBALL CLUB,Addai,A,5.5,5.0,False,True
21,AVIOD RELEGATION FOOTBALL CLUB,Pellegrino M.,A,5.0,5.0,False,True
21,ROMA SHENHUA SEMPRE,Butez,P,6.0,6.5,True,False
21,ROMA SHENHUA SEMPRE,Dodò,D,6.5,6.5,True,False
21,ROMA SHENHUA SEMPRE,Kristensen T.,D,6.5,6.0,True,False
21,ROMA SHENHUA SEMPRE,Gosens,D,5.5,5.5,True,False
21,ROMA SHENHUA SEMPRE,Luperto,D,6.5,6.5,True,False
21,ROMA SHENHUA SEMPRE,Lobotka,C,6.0,6.0,True,False
21,ROMA SHENHUA SEMPRE,Mandragora,C,6.0,6.0,True,False
21,ROMA SHENHUA SEMPRE,Paz N.,C,4.5,2.5,True,False
21,ROMA SHENHUA SEMPRE,Saelemaekers,C,,,False,False
21,ROMA SHENHUA SEMPRE,Bonazzoli,A,5.5,5.5,True,False
21,ROMA SHENHUA SEMPRE,Esposito Se.,A,7.0,8.0,True,False
21,ROMA SHENHUA SEMPRE,Montipò,P,,,False,True
21,ROMA SHENHUA SEMPRE,Leali,P,,,False,True
21,ROMA SHENHUA SEMPRE,Canestrelli,D,6.0,6.0,False,True
21,ROMA SHENHUA SEMPRE,Lovric,C,5.5,5.5,True,True
21,ROMA SHENHUA SEMPRE,Zortea,D,5.5,5.5,False,True
21,ROMA SHENHUA SEMPRE,Ranieri L.,D,6.0,6.0,False,True
21,ROMA SHENHUA SEMPRE,Biraghi,D,,,False,True
21,ROMA SHENHUA SEMPRE,Fagioli,C,5.5,5.5,False,True
21,ROMA SHENHUA SEMPRE,Bernardeschi,C,5.5,5.5,False,True
21,ROMA SHENHUA SEMPRE,Ferguson E.,A,,,False,True
21,BATIGOAL,Muric,P,5.5,4.5,True,False
21,BATIGOAL,Tomori,D,6.0,6.0,True,False
21,BATIGOAL,Ostigard,D,5.0,4.5,True,False
21,BATIGOAL,Bisseck,D,6.0,6.0,True,False
21,BATIGOAL,Celik,D,6.0,6.0,True,False
21,BATIGOAL,Perrone,C,6.0,5.5,True,False
21,BATIGOAL,Vlasic,C,7.0,7.5,True,False
21,BATIGOAL,Konè I.,C,7.0,8.5,True,False
21,BATIGOAL,Kilicsoy,A,7.5,9.5,True,False
21,BATIGOAL,Martinez L.,A,7.0,11.0,True,False
21,BATIGOAL,Nkunku,A,7.0,9.0,True,False
21,BATIGOAL,De Gea,P,6.0,4.0,False,True
21,BATIGOAL,Okoye,P,6.5,7.5,False,True
21,BATIGOAL,Angelino,D,,,False,True
21,BATIGOAL,Diego Carlos,D,,,False,True
21,BATIGOAL,Pezzella Giu.,D,5.5,5.5,False,True
21,BATIGOAL,Smolcic I.,D,6.0,6.0,False,True
21,BATIGOAL,El Aynaoui,C,6.0,5.5,False,True
21,BATIGOAL,Gudmundsson A.,C,6.0,6.0,False,True
21,BATIGOAL,Luis Henrique,C,6.5,7.5,False,True
21,BATIGOAL,Koopmeiners,C,,,False,True
21,BATIGOAL,Diao,A,,,False,True
21,BATIGOAL,Fullkrug,A,6.0,6.0,False,True
21,BATIGOAL,Lookman,A,,,False,True
21,SOVEREIGN83,Svilar,P,6.0,5.0,True,False
21,SOVEREIGN83,Hien,D,,,False,False
21,SOVEREIGN83,Cambiaso,D,5.0,3.0,True,False
21,SOVEREIGN83,Tiago Gabriel,D,6.0,5.5,True,False
21,SOVEREIGN83,Bastoni,D,6.5,6.5,True,False
21,SOVEREIGN83,Basic,C,6.0,6.0,True,False
21,SOVEREIGN83,Cataldi,C,7.0,10.0,True,False
21,SOVEREIGN83,Casadei,C,6.5,6.5,True,False
21,SOVEREIGN83,Soulè,A,5.5,5.5,True,False
21,SOVEREIGN83,Douvikas,A,5.5,5.5,True,False
21,SOVEREIGN83,Hojlund,A,6.0,6.0,True,False
21,SOVEREIGN83,Gollini,P,,,False,True
21,SOVEREIGN83,Vasquez D.,P,,,False,True
21,SOVEREIGN83,Tavares N.,D,6.5,6.5,True,True
21,SOVEREIGN83,Kossounou,D,,,False,True
21,SOVEREIGN83,Circati,D,5.5,5.0,False,True
21,SOVEREIGN83,Orban G.,A,5.0,5.0,False,True
21,SOVEREIGN83,Openda,A,,,False,True
21,SOVEREIGN83,Kuhn,A,,,False,True
21,SOVEREIGN83,Coulibaly L.,C,6.0,6.0,False,True
21,SOVEREIGN83,Da Cunha,C,6.5,6.0,False,True
21,SOVEREIGN83,Pasalic,C,,,False,True
21,OWEN,Meret,P,7.0,7.0,True,False
21,OWEN,Valle,D,6.5,6.5,True,False
21,OWEN,Vasquez,D,6.5,6.5,True,False
21,OWEN,Ramon,D,6.5,6.5,True,False
21,OWEN,Vojvoda,D,6.0,6.0,True,False
21,OWEN,Ederson D.S.,C,7.0,7.0,True,False
21,OWEN,Pulisic,C,,,False,False
21,OWEN,Isaksen,C,7.0,9.0,True,False
21,OWEN,Laurientè,A,6.0,6.0,True,False
21,OWEN,Leao,A,,,False,False
21,OWEN,Simeone,A,,,False,False
21,OWEN,Milinkovic-Savic V.,P,,,False,True
21,OWEN,Contini,P,,,False,True
21,OWEN,Zappacosta,D,6.0,6.0,False,True
21,OWEN,Zappa,D,6.5,7.5,False,True
21,OWEN,Marusic,D,6.0,6.0,False,True
21,OWEN,Valeri,D,5.5,5.5,False,True
21,OWEN,Gaetano,C,6.5,6.5,True,True
21,OWEN,Frattesi,C,6.0,6.0,False,True
21,OWEN,Vandeputte,C,,,False,True
21,OWEN,Giovane,A,,,False,True
21,OWEN,Colombo,A,5.5,5.5,True,True
21,OWEN,Nzola,A,,,False,True
21,THE GREAT BINGO,Sommer,P,6.5,7.5,True,False
21,THE GREAT BINGO,Doig,D,6.5,6.5,True,False
21,THE GREAT BINGO,Nelsson,D,5.0,5.0,True,False
21,THE GREAT BINGO,Maripan,D,6.0,6.0,True,False
21,THE GREAT BINGO,Muharemovic,D,6.5,6.5,True,False
21,THE GREAT BINGO,Zaccagni,C,,,False,False
21,THE GREAT BINGO,Mkhitaryan,C,6.0,6.0,True,False
21,THE GREAT BINGO,Malinovskyi,C,7.5,9.0,True,False
21,THE GREAT BINGO,Thuram,A,6.0,6.0,True,False
21,THE GREAT BINGO,Esposito F.P.,A,6.0,6.0,True,False
21,THE GREAT BINGO,Berardi,A,7.5,10.5,True,False
21,THE GREAT BINGO,Martinez Jo.,P,,,False,True
21,THE GREAT BINGO,Calligaris,P,,,False,True
21,THE GREAT BINGO,Bellanova,D,6.0,5.5,False,True
21,THE GREAT BINGO,Cabal,D,,,False,True
21,THE GREAT BINGO,Conceicao,C,6.5,7.0,True,True
21,THE GREAT BINGO,Thorstvedt,C,6.5,6.5,False,True
21,THE GREAT BINGO,Tramoni M.,C,5.0,4.5,False,True
21,THE GREAT BINGO,Kostic,C,6.0,6.0,False,True
21,THE GREAT BINGO,Samardzic,C,,,False,True
21,THE GREAT BINGO,Cancellieri,A,6.0,6.0,False,True
21,TEAM PC,Ravaglia F.,P,6.0,2.5,True,False
21,TEAM PC,Norton-Cuffy,D,5.5,5.0,True,False
21,TEAM PC,Baschirotto,D,5.5,5.0,True,False
21,TEAM PC,Bremer,D,8.0,12.5,True,False
21,TEAM PC,Dimarco,D,7.0,8.0,True,False
21,TEAM PC,Atta,C,6.5,6.5,True,False
21,TEAM PC,Sucic P.,C,6.5,6.5,True,False
21,TEAM PC,Ellertsson,C,5.5,5.5,True,False
21,TEAM PC,Castro S.,A,5.5,5.5,True,False
21,TEAM PC,Pinamonti,A,6.0,6.0,True,False
21,TEAM PC,Davis K.,A,6.0,5.5,True,False
21,TEAM PC,Skorupski,P,,,False,True
21,TEAM PC,Pessina Mas.,P,,,False,True
21,TEAM PC,Calhanoglu,C,,,False,True
21,TEAM PC,Pavlovic,D,6.5,6.5,False,True
21,TEAM PC,Lazaro,D,6.0,6.0,False,True
21,TEAM PC,Kabasele,D,,,False,True
21,TEAM PC,Matic,C,7.0,8.0,False,True
21,TEAM PC,Zambo Anguissa,C,,,False,True
21,TEAM PC,Dia,A,,,False,True
21,TEAM PC,Oristanio,C,5.0,5.0,False,True
21,TEAM PC,Sulemana K.,A,6.0,6.0,False,True
21,TEAM PC,Barella,C,,,False,True
21,TEAM PC,Kamara H.,D,,,False,True
21,TEAM PC,Zapata D.,A,6.0,6.0,False,True
22,BATIGOAL,De Gea,P,6.5,4.5,True,False
22,BATIGOAL,Angelino,D,,,False,False
22,BATIGOAL,Ghilardi,D,6.5,6.5,True,False
22,BATIGOAL,Bisseck,D,7.5,10.5,True,False
22,BATIGOAL,Dodò,D,5.5,5.0,True,False
22,BATIGOAL,Perrone,C,6.0,6.0,True,False
22,BATIGOAL,Zielinski,C,6.5,6.5,True,False
22,BATIGOAL,Miretti,C,,,False,False
22,BATIGOAL,Gudmundsson A.,C,6.0,6.0,True,False
22,BATIGOAL,Nkunku,A,5.5,5.5,True,False
22,BATIGOAL,Martinez L.,A,7.0,9.0,True,False
22,BATIGOAL,Muric,P,4.0,-1.0,False,True
22,BATIGOAL,Turati,P,,,False,True
22,BATIGOAL,Tomori,D,6.0,6.0,True,True
22,BATIGOAL,Terracciano F.,D,5.5,5.5,False,True
22,BATIGOAL,Ostigard,D,5.5,5.5,False,True
22,BATIGOAL,Idrissi R.,D,5.5,5.0,False,True
22,BATIGOAL,Santos A.,C,,,False,True
22,BATIGOAL,El Aynaoui,C,,,False,True
22,BATIGOAL,Konè I.,C,5.0,5.0,True,True
22,BATIGOAL,Vlasic,C,,,False,True
22,BATIGOAL,Diao,A,,,False,True
22,BATIGOAL,Kilicsoy,A,5.0,5.0,False,True
22,BATIGOAL,Boga,A,6.5,7.5,False,True
22,BATIGOAL,Djuric,A,6.0,6.0,False,True
22,SOVEREIGN83,Svilar,P,6.0,7.0,True,False
22,SOVEREIGN83,Hien,D,,,False,False
22,SOVEREIGN83,Cambiaso,D,5.0,6.0,True,False
22,SOVEREIGN83,Hermoso,D,,,False,False
22,SOVEREIGN83,Bastoni,D,6.5,6.5,True,False
22,SOVEREIGN83,Fabbian,C,6.0,6.0,True,False
22,SOVEREIGN83,Coulibaly L.,C,6.0,6.0,True,False
22,SOVEREIGN83,Pasalic,C,6.5,7.5,True,False
22,SOVEREIGN83,Hojlund,A,7.5,13.5,True,False
22,SOVEREIGN83,Soulè,A,6.0,6.0,True,False
22,SOVEREIGN83,Raspadori,A,7.0,8.0,True,False
22,SOVEREIGN83,Gollini,P,,,False,True
22,SOVEREIGN83,Vasquez D.,P,,,False,True
22,SOVEREIGN83,Tiago Gabriel,D,6.5,6.5,True,True
22,SOVEREIGN83,Circati,D,6.5,6.5,True,True
22,SOVEREIGN83,Tavares N.,D,6.5,6.5,False,True
22,SOVEREIGN83,Kossounou,D,5.5,5.0,False,True
22,SOVEREIGN83,Baturina,C,6.5,6.5,False,True
22,SOVEREIGN83,Casadei,C,7.0,9.0,False,True
22,SOVEREIGN83,Cataldi,C,6.5,7.5,False,True
22,SOVEREIGN83,Basic,C,5.5,5.5,False,True
22,SOVEREIGN83,Da Cunha,C,,,False,True
22,SOVEREIGN83,Orban G.,A,6.0,6.0,False,True
22,SOVEREIGN83,Openda,A,,,False,True
22,SOVEREIGN83,Durosinmi,A,5.5,5.5,False,True
22,TEAM PC,Skorupski,P,6.0,5.0,True,False
22,TEAM PC,Norton-Cuffy,D,6.0,6.0,True,False
22,TEAM PC,Baschirotto,D,6.0,6.0,True,False
22,TEAM PC,Bremer,D,5.5,5.5,True,False
22,TEAM PC,Dimarco,D,8.5,12.0,True,False
22,TEAM PC,Atta,C,6.5,6.5,True,False
22,TEAM PC,Matic,C,4.5,3.5,True,False
22,TEAM PC,Oristanio,C,5.5,5.5,True,False
22,TEAM PC,Castro S.,A,6.0,6.0,True,False
22,TEAM PC,Banda,A,7.0,10.5,True,False
22,TEAM PC,Zapata D.,A,,,False,False
22,TEAM PC,Pessina Mas.,P,,,False,True
22,TEAM PC,Calhanoglu,C,,,False,True
22,TEAM PC,Pavlovic,D,6.0,6.0,False,True
22,TEAM PC,Lazaro,D,5.5,5.0,False,True
22,TEAM PC,Kabasele,D,,,False,True
22,TEAM PC,Zambo Anguissa,C,,,False,True
22,TEAM PC,Dia,A,,,False,True
22,TEAM PC,Barella,C,,,False,True
22,TEAM PC,Kamara H.,D,,,False,True
22,TEAM PC,Ravaglia F.,P,,,False,True
22,TEAM PC,Davis K.,A,,,False,True
22,TEAM PC,Pinamonti,A,5.0,5.0,True,True
22,TEAM PC,Sucic P.,C,6.5,6.5,False,True
22,TEAM PC,Ellertsson,C,6.0,6.0,False,True
22,DELI-XUJUN,Semper,P,,,False,False
22,DELI-XUJUN,Spinazzola,D,6.0,6.0,True,False
22,DELI-XUJUN,N'Dicka,D,6.5,6.5,True,False
22,DELI-XUJUN,Mancini,D,6.5,7.0,True,False
22,DELI-XUJUN,Scalvini,D,6.5,6.5,True,False
22,DELI-XUJUN,McKennie,C,7.0,9.0,True,False
22,DELI-XUJUN,Cristante,C,6.5,6.5,True,False
22,DELI-XUJUN,Modric,C,6.5,6.5,True,False
22,DELI-XUJUN,Orsolini,C,6.5,6.5,True,False
22,DELI-XUJUN,Rodriguez Je.,A,,,False,False
22,DELI-XUJUN,Fullkrug,A,6.0,6.0,True,False
22,DELI-XUJUN,Silvestri,P,,,False,True
22,DELI-XUJUN,Di Lorenzo,D,,,False,True
22,DELI-XUJUN,Kalulu,D,7.0,11.0,False,True
22,DELI-XUJUN,Rrahmani,D,6.5,7.0,False,True
22,DELI-XUJUN,Joao Mario,D,6.0,6.0,False,True
22,DELI-XUJUN,Pisilli,C,6.5,6.5,False,True
22,DELI-XUJUN,El Shaarawy,C,,,False,True
22,DELI-XUJUN,Nicolussi Caviglia,C,6.5,7.5,False,True
22,DELI-XUJUN,Elmas,C,6.5,6.5,False,True
22,DELI-XUJUN,Borrelli,A,,,False,True
22,DELI-XUJUN,Stulic,A,6.0,6.0,True,True
22,DELI-XUJUN,Dallinga,A,5.5,5.5,False,True
22,DELI-XUJUN,Noslin,A,5.0,5.0,False,True
22,AVIOD RELEGATION FOOTBALL CLUB,Di Gregorio,P,5.5,3.5,True,False
22,AVIOD RELEGATION FOOTBALL CLUB,Kelly L.,D,6.0,6.0,True,False
22,AVIOD RELEGATION FOOTBALL CLUB,Carlos Augusto,D,,,False,False
22,AVIOD RELEGATION FOOTBALL CLUB,Gila,D,6.5,6.5,True,False
22,AVIOD RELEGATION FOOTBALL CLUB,Kempf,D,6.0,6.0,True,False
22,AVIOD RELEGATION FOOTBALL CLUB,Thuram K.,C,5.5,5.5,True,False
22,AVIOD RELEGATION FOOTBALL CLUB,Maldini,C,6.5,7.5,True,False
22,AVIOD RELEGATION FOOTBALL CLUB,Fofana Y.,C,6.0,6.0,True,False
22,AVIOD RELEGATION FOOTBALL CLUB,Scamacca,A,,,False,False
22,AVIOD RELEGATION FOOTBALL CLUB,Yildiz,A,6.0,6.0,True,False
22,AVIOD RELEGATION FOOTBALL CLUB,Bonny,A,,,False,False
22,AVIOD RELEGATION FOOTBALL CLUB,Perin,P,,,False,True
22,AVIOD RELEGATION FOOTBALL CLUB,Falcone,P,6.0,5.0,False,True
22,AVIOD RELEGATION FOOTBALL CLUB,Coco,D,5.0,5.0,True,True
22,AVIOD RELEGATION FOOTBALL CLUB,Martin,D,5.5,5.5,False,True
22,AVIOD RELEGATION FOOTBALL CLUB,Delprato,D,6.0,6.0,False,True
22,AVIOD RELEGATION FOOTBALL CLUB,Ziolkowski,D,,,False,True
22,AVIOD RELEGATION FOOTBALL CLUB,Tourè I.,C,6.5,7.5,False,True
22,AVIOD RELEGATION FOOTBALL CLUB,Bernabè,C,6.0,6.0,False,True
22,AVIOD RELEGATION FOOTBALL CLUB,Baldanzi,C,,,False,True
22,AVIOD RELEGATION FOOTBALL CLUB,Harrison,C,6.5,7.5,False,True
22,AVIOD RELEGATION FOOTBALL CLUB,Berisha M.,C,,,False,True
22,AVIOD RELEGATION FOOTBALL CLUB,David,A,5.0,5.0,True,True
22,AVIOD RELEGATION FOOTBALL CLUB,Pellegrino M.,A,5.5,5.5,True,True
22,AVIOD RELEGATION FOOTBALL CLUB,Ratkov,A,,,False,True
22,DTE,Carnesecchi,P,6.0,5.0,True,False
22,DTE,Bartesaghi,D,6.0,6.0,True,False
22,DTE,Solet,D,6.5,8.5,True,False
22,DTE,Palestra,D,6.0,5.5,True,False
22,DTE,McTominay,C,7.5,9.5,True,False
22,DTE,Ekkelenkamp,C,5.5,5.5,True,False
22,DTE,Vergara,C,6.5,6.5,True,False
22,DTE,Odgaard,C,,,False,False
22,DTE,Adams C.,A,5.0,5.0,True,False
22,DTE,Malen,A,7.5,13.5,True,False
22,DTE,De Ketelaere,A,,,False,False
22,DTE,Sportiello,P,,,False,True
22,DTE,Rossi F.,P,,,False,True
22,DTE,Miranda J.,D,6.5,6.5,False,True
22,DTE,Parisi,D,6.0,6.0,False,True
22,DTE,Mina,D,,,False,True
22,DTE,Gabbia,D,6.0,6.0,False,True
22,DTE,Heggem,D,6.0,6.0,False,True
22,DTE,Mazzitelli,C,5.5,5.5,True,True
22,DTE,Locatelli,C,5.5,5.5,False,True
22,DTE,Frendrup,C,5.5,5.5,False,True
22,DTE,De Bruyne,C,,,False,True
22,DTE,Kean,A,6.5,8.5,True,True
22,DTE,Vardy,A,6.0,6.0,False,True
22,DTE,Cambiaghi,A,,,False,True
22,OWEN,Meret,P,5.5,3.0,True,False
22,OWEN,Valeri,D,6.0,6.0,True,False
22,OWEN,Zappa,D,,,False,False
22,OWEN,Zappacosta,D,7.0,10.0,True,False
22,OWEN,Vojvoda,D,6.0,6.0,True,False
22,OWEN,Strefezza,C,6.0,6.0,True,False
22,OWEN,Gaetano,C,5.5,5.0,True,False
22,OWEN,Ederson D.S.,C,6.5,6.5,True,False
22,OWEN,Pulisic,C,,,False,False
22,OWEN,Leao,A,7.0,10.5,True,False
22,OWEN,Douvikas,A,6.0,6.0,True,False
22,OWEN,Milinkovic-Savic V.,P,,,False,True
22,OWEN,Contini,P,,,False,True
22,OWEN,Ramon,D,5.5,5.5,True,True
22,OWEN,Valle,D,6.0,6.0,False,True
22,OWEN,Vasquez,D,5.5,5.0,False,True
22,OWEN,Marusic,D,6.5,6.5,False,True
22,OWEN,Isaksen,C,7.0,9.0,True,True
22,OWEN,Vandeputte,C,,,False,True
22,OWEN,Taylor K.,C,6.5,6.0,False,True
22,OWEN,Folorunsho,C,,,False,True
22,OWEN,Simeone,A,5.5,5.5,False,True
22,OWEN,Giovane,A,5.5,5.5,False,True
22,OWEN,Laurientè,A,6.5,6.5,False,True
22,OWEN,Colombo,A,7.0,9.0,False,True
22,THE GREAT BINGO,Sommer,P,6.0,7.0,True,False
22,THE GREAT BINGO,Doig,D,5.5,5.5,True,False
22,THE GREAT BINGO,Buongiorno,D,4.0,4.0,True,False
22,THE GREAT BINGO,Maripan,D,6.0,8.5,True,False
22,THE GREAT BINGO,Bellanova,D,6.0,6.0,True,False
22,THE GREAT BINGO,Conceicao,C,,,False,False
22,THE GREAT BINGO,Mkhitaryan,C,6.5,6.5,True,False
22,THE GREAT BINGO,Malinovskyi,C,6.5,8.5,True,False
22,THE GREAT BINGO,Piccoli,A,,,False,False
22,THE GREAT BINGO,Thuram,A,7.0,9.0,True,False
22,THE GREAT BINGO,Berardi,A,5.5,5.5,True,False
22,THE GREAT BINGO,Corvi,P,7.5,9.5,False,True
22,THE GREAT BINGO,Martinez Jo.,P,,,False,True
22,THE GREAT BINGO,Cabal,D,5.5,5.5,False,True
22,THE GREAT BINGO,Romagnoli,D,5.5,5.0,False,True
22,THE GREAT BINGO,Muharemovic,D,4.0,4.0,False,True
22,THE GREAT BINGO,Rowe,C,6.5,6.5,True,True
22,THE GREAT BINGO,Fadera,C,,,False,True
22,THE GREAT BINGO,Thorstvedt,C,5.0,5.0,False,True
22,THE GREAT BINGO,Kostic,C,,,False,True
22,THE GREAT BINGO,Esposito F.P.,A,,,False,True
22,THE GREAT BINGO,Cancellieri,A,5.5,5.5,True,True
22,THE GREAT BINGO,Pedro,A,7.0,9.0,False,True
22,ROMAN EMPIRE,Maignan,P,4.5,3.5,True,False
22,ROMAN EMPIRE,Wesley,D,6.5,6.5,True,False
22,ROMAN EMPIRE,Akanji,D,7.5,9.5,True,False
22,ROMAN EMPIRE,Celik,D,7.0,8.0,True,False
22,ROMAN EMPIRE,Zaragoza,C,6.0,5.5,True,False
22,ROMAN EMPIRE,Zaniolo,C,6.0,6.0,True,False
22,ROMAN EMPIRE,Rabiot,C,,,False,False
22,ROMAN EMPIRE,Zalewski,C,6.5,6.5,True,False
22,ROMAN EMPIRE,Volpato,C,,,False,False
22,ROMAN EMPIRE,Dybala,A,,,False,False
22,ROMAN EMPIRE,Solomon,A,7.0,10.0,True,False
22,ROMAN EMPIRE,Caprile,P,6.0,4.0,False,True
22,ROMAN EMPIRE,Holm,D,,,False,True
22,ROMAN EMPIRE,Rensch,D,,,False,True
22,ROMAN EMPIRE,Arizala,D,,,False,True
22,ROMAN EMPIRE,Tsimikas,D,,,False,True
22,ROMAN EMPIRE,Pellegrini Lo.,C,6.0,6.0,True,True
22,ROMAN EMPIRE,Addai,A,,,False,True
22,ROMAN EMPIRE,Lukaku,A,,,False,True
22,ROMAN EMPIRE,Vaz,A,,,False,True
22,ROMA SHENHUA SEMPRE,Butez,P,6.0,4.5,True,False
22,ROMA SHENHUA SEMPRE,Bernasconi,D,6.0,6.0,True,False
22,ROMA SHENHUA SEMPRE,Zortea,D,6.0,6.0,True,False
22,ROMA SHENHUA SEMPRE,Gosens,D,,,False,False
22,ROMA SHENHUA SEMPRE,Paz N.,C,7.0,8.5,True,False
22,ROMA SHENHUA SEMPRE,Saelemaekers,C,6.5,6.0,True,False
22,ROMA SHENHUA SEMPRE,Brescianini,C,5.5,5.5,True,False
22,ROMA SHENHUA SEMPRE,Lobotka,C,6.5,6.5,True,False
22,ROMA SHENHUA SEMPRE,Mandragora,C,6.5,7.5,True,False
22,ROMA SHENHUA SEMPRE,Vitinha O.,A,6.5,6.5,True,False
22,ROMA SHENHUA SEMPRE,Esposito Se.,A,5.5,5.5,True,False
22,ROMA SHENHUA SEMPRE,Montipò,P,6.5,7.5,False,True
22,ROMA SHENHUA SEMPRE,Leali,P,,,False,True
22,ROMA SHENHUA SEMPRE,Kristensen T.,D,6.0,6.0,True,True
22,ROMA SHENHUA SEMPRE,Obert,D,6.0,6.0,False,True
22,ROMA SHENHUA SEMPRE,Pezzella Giu.,D,5.5,5.5,False,True
22,ROMA SHENHUA SEMPRE,Gallo,D,6.0,6.0,False,True
22,ROMA SHENHUA SEMPRE,Luperto,D,6.0,7.0,False,True
22,ROMA SHENHUA SEMPRE,Fagioli,C,7.0,7.0,False,True
22,ROMA SHENHUA SEMPRE,Lovric,C,6.0,6.0,False,True
22,ROMA SHENHUA SEMPRE,Bernardeschi,C,6.0,6.0,False,True
22,ROMA SHENHUA SEMPRE,Krstovic,A,7.0,10.0,False,True
22,ROMA SHENHUA SEMPRE,Bonazzoli,A,5.5,5.5,False,True
22,ROMA SHENHUA SEMPRE,Ferguson E.,A,,,False,True
22,ROMA SHENHUA SEMPRE,Vlahovic,A,,,False,True
23,DTE,Carnesecchi,P,6.5,7.5,True,False
23,DTE,Bartesaghi,D,6.5,6.0,True,False
23,DTE,Gabbia,D,5.5,5.5,True,False
23,DTE,Solet,D,6.5,8.5,True,False
23,DTE,Palestra,D,5.5,5.5,True,False
23,DTE,McTominay,C,,,False,False
23,DTE,Vergara,C,5.5,5.5,True,False
23,DTE,Mazzitelli,C,5.5,5.5,True,False
23,DTE,Adams C.,A,5.5,5.5,True,False
23,DTE,Malen,A,8.0,12.0,True,False
23,DTE,Kean,A,7.0,10.0,True,False
23,DTE,Sportiello,P,,,False,True
23,DTE,Rossi F.,P,,,False,True
23,DTE,Parisi,D,6.0,4.0,False,True
23,DTE,Mina,D,5.5,5.5,False,True
23,DTE,Miranda J.,D,5.5,5.5,False,True
23,DTE,Heggem,D,,,False,True
23,DTE,Locatelli,C,6.5,8.5,True,True
23,DTE,Odgaard,C,,,False,True
23,DTE,Ekkelenkamp,C,6.0,6.0,False,True
23,DTE,Frendrup,C,6.0,6.0,False,True
23,DTE,De Bruyne,C,,,False,True
23,DTE,Vardy,A,5.5,5.5,False,True
23,DTE,Cambiaghi,A,,,False,True
23,DTE,De Ketelaere,A,,,False,True
23,TEAM PC,Skorupski,P,6.0,5.0,True,False
23,TEAM PC,Norton-Cuffy,D,6.5,6.5,True,False
23,TEAM PC,Pavlovic,D,6.5,6.5,True,False
23,TEAM PC,Bremer,D,7.0,7.0,True,False
23,TEAM PC,Dimarco,D,6.5,7.5,True,False
23,TEAM PC,Atta,C,6.0,5.5,True,False
23,TEAM PC,Calhanoglu,C,6.5,6.0,True,False
23,TEAM PC,Barella,C,6.0,5.5,True,False
23,TEAM PC,Ellertsson,C,6.0,6.0,True,False
23,TEAM PC,Castro S.,A,7.0,11.0,True,False
23,TEAM PC,Pinamonti,A,7.5,12.5,True,False
23,TEAM PC,Pessina Mas.,P,,,False,True
23,TEAM PC,Baschirotto,D,7.0,7.0,False,True
23,TEAM PC,Lazaro,D,5.5,5.5,False,True
23,TEAM PC,Kabasele,D,,,False,True
23,TEAM PC,Zambo Anguissa,C,,,False,True
23,TEAM PC,Dia,A,,,False,True
23,TEAM PC,Kamara H.,D,,,False,True
23,TEAM PC,Ravaglia F.,P,,,False,True
23,TEAM PC,Davis K.,A,,,False,True
23,TEAM PC,Sucic P.,C,6.5,6.5,False,True
23,TEAM PC,Zapata D.,A,6.5,6.5,False,True
23,TEAM PC,Oristanio,C,5.5,5.5,False,True
23,TEAM PC,Matic,C,,,False,True
23,TEAM PC,Banda,A,,,False,True
23,DELI-XUJUN,Provedel,P,5.5,3.5,True,False
23,DELI-XUJUN,Spinazzola,D,6.5,8.5,True,False
23,DELI-XUJUN,N'Dicka,D,7.0,7.0,True,False
23,DELI-XUJUN,Mancini,D,6.0,5.5,True,False
23,DELI-XUJUN,Scalvini,D,5.5,5.0,True,False
23,DELI-XUJUN,McKennie,C,7.0,9.0,True,False
23,DELI-XUJUN,Cristante,C,6.0,6.0,True,False
23,DELI-XUJUN,Modric,C,7.0,11.0,True,False
23,DELI-XUJUN,Orsolini,C,,,False,False
23,DELI-XUJUN,Rodriguez Je.,A,6.5,6.0,True,False
23,DELI-XUJUN,Fullkrug,A,4.5,2.5,True,False
23,DELI-XUJUN,Semper,P,,,False,True
23,DELI-XUJUN,Silvestri,P,,,False,True
23,DELI-XUJUN,Di Lorenzo,D,,,False,True
23,DELI-XUJUN,Kalulu,D,5.0,4.0,False,True
23,DELI-XUJUN,Rrahmani,D,5.0,4.5,False,True
23,DELI-XUJUN,Joao Mario,D,6.0,6.0,False,True
23,DELI-XUJUN,Pisilli,C,5.5,5.5,True,True
23,DELI-XUJUN,El Shaarawy,C,,,False,True
23,DELI-XUJUN,Nicolussi Caviglia,C,6.5,7.5,False,True
23,DELI-XUJUN,Elmas,C,6.5,7.5,False,True
23,DELI-XUJUN,Sulemana K.,A,6.0,6.0,False,True
23,DELI-XUJUN,Borrelli,A,,,False,True
23,DELI-XUJUN,Stulic,A,,,False,True
23,DELI-XUJUN,Dallinga,A,,,False,True
23,THE GREAT BINGO,Corvi,P,6.0,5.0,True,False
23,THE GREAT BINGO,Doig,D,6.0,6.0,True,False
23,THE GREAT BINGO,Muharemovic,D,5.5,5.0,True,False
23,THE GREAT BINGO,Maripan,D,5.5,5.0,True,False
23,THE GREAT BINGO,Bellanova,D,,,False,False
23,THE GREAT BINGO,Thorstvedt,C,6.0,6.0,True,False
23,THE GREAT BINGO,Conceicao,C,6.0,6.0,True,False
23,THE GREAT BINGO,Rowe,C,7.0,8.0,True,False
23,THE GREAT BINGO,Pedro,A,,,False,False
23,THE GREAT BINGO,Thuram,A,6.0,6.0,True,False
23,THE GREAT BINGO,Berardi,A,6.0,6.0,True,False
23,THE GREAT BINGO,Sommer,P,6.0,4.0,False,True
23,THE GREAT BINGO,Martinez Jo.,P,,,False,True
23,THE GREAT BINGO,Buongiorno,D,5.5,5.5,True,True
23,THE GREAT BINGO,Cabal,D,5.5,5.5,False,True
23,THE GREAT BINGO,Dumfries,D,,,False,True
23,THE GREAT BINGO,Romagnoli,D,,,False,True
23,THE GREAT BINGO,Malinovskyi,C,6.0,6.0,False,True
23,THE GREAT BINGO,Fadera,C,,,False,True
23,THE GREAT BINGO,Mkhitaryan,C,,,False,True
23,THE GREAT BINGO,Kostic,C,,,False,True
23,THE GREAT BINGO,Zaccagni,C,,,False,True
23,THE GREAT BINGO,Cancellieri,A,,,False,True
23,THE GREAT BINGO,Esposito F.P.,A,7.0,9.0,True,True
23,THE GREAT BINGO,Piccoli,A,,,False,True
23,BATIGOAL,Muric,P,5.5,4.5,True,False
23,BATIGOAL,Dodò,D,6.5,6.5,True,False
23,BATIGOAL,Tomori,D,6.5,6.5,True,False
23,BATIGOAL,Bisseck,D,6.0,7.0,True,False
23,BATIGOAL,Terracciano F.,D,6.5,6.0,True,False
23,BATIGOAL,Perrone,C,5.0,5.0,True,False
23,BATIGOAL,Zielinski,C,7.0,10.5,True,False
23,BATIGOAL,Vlasic,C,6.0,7.5,True,False
23,BATIGOAL,Nkunku,A,5.5,5.5,True,False
23,BATIGOAL,Martinez L.,A,5.5,5.5,True,False
23,BATIGOAL,Kilicsoy,A,5.5,5.5,True,False
23,BATIGOAL,Turati,P,,,False,True
23,BATIGOAL,De Gea,P,6.0,5.0,False,True
23,BATIGOAL,Idrissi R.,D,4.5,4.5,False,True
23,BATIGOAL,Ostigard,D,6.5,6.5,False,True
23,BATIGOAL,Angelino,D,,,False,True
23,BATIGOAL,Ghilardi,D,6.5,6.5,False,True
23,BATIGOAL,Konè I.,C,6.5,6.5,False,True
23,BATIGOAL,Santos A.,C,7.5,11.5,False,True
23,BATIGOAL,El Aynaoui,C,6.0,6.0,False,True
23,BATIGOAL,Miretti,C,5.5,5.5,False,True
23,BATIGOAL,Diao,A,,,False,True
23,BATIGOAL,Djuric,A,6.5,6.5,False,True
23,BATIGOAL,Boga,A,6.0,6.0,False,True
23,OWEN,Milinkovic-Savic V.,P,6.0,4.0,True,False
23,OWEN,Valle,D,6.0,6.0,True,False
23,OWEN,Zappacosta,D,6.5,6.5,True,False
23,OWEN,Ramon,D,5.5,5.5,True,False
23,OWEN,Vojvoda,D,5.5,5.5,True,False
23,OWEN,Vandeputte,C,,,False,False
23,OWEN,Pulisic,C,,,False,False
23,OWEN,Isaksen,C,5.0,5.0,True,False
23,OWEN,Douvikas,A,5.5,5.5,True,False
23,OWEN,Leao,A,5.5,5.5,True,False
23,OWEN,Simeone,A,5.0,5.0,True,False
23,OWEN,Meret,P,,,False,True
23,OWEN,Contini,P,,,False,True
23,OWEN,Zappa,D,6.0,6.0,False,True
23,OWEN,Valeri,D,6.5,6.5,False,True
23,OWEN,Vasquez,D,6.5,6.5,False,True
23,OWEN,Marusic,D,5.5,5.5,False,True
23,OWEN,Ederson D.S.,C,7.0,11.0,True,True
23,OWEN,Strefezza,C,6.5,6.5,True,True
23,OWEN,Taylor K.,C,6.0,5.5,False,True
23,OWEN,Gaetano,C,,,False,True
23,OWEN,Folorunsho,C,,,False,True
23,OWEN,Colombo,A,5.5,5.5,False,True
23,OWEN,Laurientè,A,7.0,9.0,False,True
23,OWEN,Giovane,A,6.5,7.5,False,True
23,ROMA SHENHUA SEMPRE,Montipò,P,6.0,4.0,True,False
23,ROMA SHENHUA SEMPRE,Bernasconi,D,6.5,7.0,True,False
23,ROMA SHENHUA SEMPRE,Zortea,D,6.0,6.0,True,False
23,ROMA SHENHUA SEMPRE,Gosens,D,,,False,False
23,ROMA SHENHUA SEMPRE,Paz N.,C,5.0,5.0,True,False
23,ROMA SHENHUA SEMPRE,Fagioli,C,7.0,10.0,True,False
23,ROMA SHENHUA SEMPRE,Brescianini,C,6.0,6.0,True,False
23,ROMA SHENHUA SEMPRE,Mandragora,C,6.5,6.0,True,False
23,ROMA SHENHUA SEMPRE,Lobotka,C,6.0,6.0,True,False
23,ROMA SHENHUA SEMPRE,Vitinha O.,A,6.0,6.0,True,False
23,ROMA SHENHUA SEMPRE,Krstovic,A,6.0,6.0,True,False
23,ROMA SHENHUA SEMPRE,Butez,P,6.0,4.0,False,True
23,ROMA SHENHUA SEMPRE,Leali,P,,,False,True
23,ROMA SHENHUA SEMPRE,Obert,D,6.0,6.0,True,True
23,ROMA SHENHUA SEMPRE,Kristensen T.,D,5.5,5.5,False,True
23,ROMA SHENHUA SEMPRE,Pezzella Giu.,D,6.0,5.5,False,True
23,ROMA SHENHUA SEMPRE,Gallo,D,6.0,6.0,False,True
23,ROMA SHENHUA SEMPRE,Luperto,D,6.5,6.5,False,True
23,ROMA SHENHUA SEMPRE,Bernardeschi,C,6.5,7.5,False,True
23,ROMA SHENHUA SEMPRE,Lovric,C,,,False,True
23,ROMA SHENHUA SEMPRE,Esposito Se.,A,5.5,5.5,False,True
23,ROMA SHENHUA SEMPRE,Bonazzoli,A,6.0,6.0,False,True
23,ROMA SHENHUA SEMPRE,Ferguson E.,A,,,False,True
23,ROMA SHENHUA SEMPRE,Vlahovic,A,,,False,True
23,ROMA SHENHUA SEMPRE,Saelemaekers,C,,,False,True
23,AVIOD RELEGATION FOOTBALL CLUB,Falcone,P,6.0,7.0,True,False
23,AVIOD RELEGATION FOOTBALL CLUB,Kempf,D,5.0,4.5,True,False
23,AVIOD RELEGATION FOOTBALL CLUB,Delprato,D,6.0,6.0,True,False
23,AVIOD RELEGATION FOOTBALL CLUB,Martin,D,5.5,5.5,True,False
23,AVIOD RELEGATION FOOTBALL CLUB,Coco,D,5.5,5.5,True,False
23,AVIOD RELEGATION FOOTBALL CLUB,Bernabè,C,7.0,10.0,True,False
23,AVIOD RELEGATION FOOTBALL CLUB,Fofana Y.,C,5.5,5.5,True,False
23,AVIOD RELEGATION FOOTBALL CLUB,Baldanzi,C,6.0,6.0,True,False
23,AVIOD RELEGATION FOOTBALL CLUB,Yildiz,A,6.0,6.0,True,False
23,AVIOD RELEGATION FOOTBALL CLUB,Pellegrino M.,A,6.5,9.5,True,False
23,AVIOD RELEGATION FOOTBALL CLUB,David,A,5.5,5.5,True,False
23,AVIOD RELEGATION FOOTBALL CLUB,Di Gregorio,P,5.5,2.5,False,True
23,AVIOD RELEGATION FOOTBALL CLUB,Perin,P,,,False,True
23,AVIOD RELEGATION FOOTBALL CLUB,Carlos Augusto,D,6.0,6.0,False,True
23,AVIOD RELEGATION FOOTBALL CLUB,Gila,D,5.5,5.5,False,True
23,AVIOD RELEGATION FOOTBALL CLUB,Kelly L.,D,6.5,6.5,False,True
23,AVIOD RELEGATION FOOTBALL CLUB,Ziolkowski,D,,,False,True
23,AVIOD RELEGATION FOOTBALL CLUB,Harrison,C,6.0,6.0,False,True
23,AVIOD RELEGATION FOOTBALL CLUB,Maldini,C,5.5,5.5,False,True
23,AVIOD RELEGATION FOOTBALL CLUB,Berisha M.,C,,,False,True
23,AVIOD RELEGATION FOOTBALL CLUB,Thuram K.,C,,,False,True
23,AVIOD RELEGATION FOOTBALL CLUB,Tourè I.,C,5.5,5.0,False,True
23,AVIOD RELEGATION FOOTBALL CLUB,Bonny,A,,,False,True
23,AVIOD RELEGATION FOOTBALL CLUB,Ratkov,A,6.0,6.0,False,True
23,AVIOD RELEGATION FOOTBALL CLUB,Scamacca,A,,,False,True
23,SOVEREIGN83,Svilar,P,6.0,4.0,True,False
23,SOVEREIGN83,Tavares N.,D,5.5,5.5,True,False
23,SOVEREIGN83,Cambiaso,D,6.5,6.5,True,False
23,SOVEREIGN83,Circati,D,5.0,4.5,True,False
23,SOVEREIGN83,Bastoni,D,6.0,5.5,True,False
23,SOVEREIGN83,Da Cunha,C,5.5,5.5,True,False
23,SOVEREIGN83,Baturina,C,5.5,5.5,True,False
23,SOVEREIGN83,Cataldi,C,5.0,5.0,True,False
23,SOVEREIGN83,Hojlund,A,6.0,6.0,True,False
23,SOVEREIGN83,Soulè,A,5.0,5.0,True,False
23,SOVEREIGN83,Raspadori,A,6.0,6.0,True,False
23,SOVEREIGN83,Gollini,P,,,False,True
23,SOVEREIGN83,Zelezny,P,,,False,True
23,SOVEREIGN83,Tiago Gabriel,D,7.0,7.0,False,True
23,SOVEREIGN83,Hermoso,D,,,False,True
23,SOVEREIGN83,Hien,D,,,False,True
23,SOVEREIGN83,Kossounou,D,6.5,6.5,False,True
23,SOVEREIGN83,Coulibaly L.,C,7.0,8.0,False,True
23,SOVEREIGN83,Casadei,C,6.0,6.0,False,True
23,SOVEREIGN83,Pasalic,C,,,False,True
23,SOVEREIGN83,Fabbian,C,,,False,True
23,SOVEREIGN83,Orban G.,A,4.0,3.0,False,True
23,SOVEREIGN83,Durosinmi,A,,,False,True
23,SOVEREIGN83,Openda,A,,,False,True
23,ROMAN EMPIRE,Maignan,P,6.5,5.5,True,False
23,ROMAN EMPIRE,Wesley,D,6.5,6.5,True,False
23,ROMAN EMPIRE,Akanji,D,6.0,6.0,True,False
23,ROMAN EMPIRE,Celik,D,6.0,6.0,True,False
23,ROMAN EMPIRE,Belghali,D,5.5,5.5,True,False
23,ROMAN EMPIRE,Zalewski,C,7.0,9.0,True,False
23,ROMAN EMPIRE,Zaniolo,C,6.5,6.5,True,False
23,ROMAN EMPIRE,Rabiot,C,5.0,4.0,True,False
23,ROMAN EMPIRE,Zaragoza,C,6.0,7.0,True,False
23,ROMAN EMPIRE,Dybala,A,,,False,False
23,ROMAN EMPIRE,Addai,A,5.5,5.5,True,False
23,ROMAN EMPIRE,Caprile,P,4.5,2.5,False,True
23,ROMAN EMPIRE,Rensch,D,,,False,True
23,ROMAN EMPIRE,Holm,D,6.0,6.0,False,True
23,ROMAN EMPIRE,Arizala,D,,,False,True
23,ROMAN EMPIRE,Tsimikas,D,6.0,6.0,False,True
23,ROMAN EMPIRE,Pellegrini Lo.,C,5.5,5.5,False,True
23,ROMAN EMPIRE,Politano,C,5.5,5.5,False,True
23,ROMAN EMPIRE,Volpato,C,,,False,True
23,ROMAN EMPIRE,Solomon,A,6.5,6.5,True,True
23,ROMAN EMPIRE,Lukaku,A,,,False,True
24,TEAM PC,Skorupski,P,6.0,7.0,True,False
24,TEAM PC,Norton-Cuffy,D,7.0,11.0,True,False
24,TEAM PC,Dimarco,D,7.0,9.0,True,False
24,TEAM PC,Baschirotto,D,,,False,False
24,TEAM PC,Lazaro,D,5.0,5.0,True,False
24,TEAM PC,Atta,C,6.0,6.0,True,False
24,TEAM PC,Sucic P.,C,5.5,5.5,True,False
24,TEAM PC,Ellertsson,C,6.0,6.0,True,False
24,TEAM PC,Banda,A,5.5,5.5,True,False
24,TEAM PC,Castro S.,A,6.5,6.5,True,False
24,TEAM PC,Pinamonti,A,7.0,10.0,True,False
24,TEAM PC,Pessina Mas.,P,,,False,True
24,TEAM PC,Kabasele,D,5.5,5.5,True,True
24,TEAM PC,Zambo Anguissa,C,,,False,True
24,TEAM PC,Dia,A,,,False,True
24,TEAM PC,Kamara H.,D,,,False,True
24,TEAM PC,Ravaglia F.,P,,,False,True
24,TEAM PC,Davis K.,A,,,False,True
24,TEAM PC,Zapata D.,A,5.5,5.5,False,True
24,TEAM PC,Oristanio,C,,,False,True
24,TEAM PC,Matic,C,,,False,True
24,TEAM PC,Calhanoglu,C,,,False,True
24,TEAM PC,Pavlovic,D,5.5,5.5,False,True
24,TEAM PC,Bremer,D,,,False,True
24,TEAM PC,Barella,C,,,False,True
24,ROMA SHENHUA SEMPRE,Butez,P,6.0,7.0,True,False
24,ROMA SHENHUA SEMPRE,Bernasconi,D,6.5,7.5,True,False
24,ROMA SHENHUA SEMPRE,Zortea,D,,,False,False
24,ROMA SHENHUA SEMPRE,Gosens,D,,,False,False
24,ROMA SHENHUA SEMPRE,Lobotka,C,6.0,6.0,True,False
24,ROMA SHENHUA SEMPRE,Fagioli,C,6.0,6.0,True,False
24,ROMA SHENHUA SEMPRE,Brescianini,C,6.0,6.0,True,False
24,ROMA SHENHUA SEMPRE,Saelemaekers,C,5.5,5.0,True,False
24,ROMA SHENHUA SEMPRE,Esposito Se.,A,6.0,6.0,True,False
24,ROMA SHENHUA SEMPRE,Vitinha O.,A,,,False,False
24,ROMA SHENHUA SEMPRE,Krstovic,A,6.0,6.0,True,False
24,ROMA SHENHUA SEMPRE,Montipò,P,6.5,5.5,False,True
24,ROMA SHENHUA SEMPRE,Leali,P,,,False,True
24,ROMA SHENHUA SEMPRE,Obert,D,6.5,6.5,True,True
24,ROMA SHENHUA SEMPRE,Kristensen T.,D,6.0,6.0,True,True
24,ROMA SHENHUA SEMPRE,Pezzella Giu.,D,6.0,6.0,False,True
24,ROMA SHENHUA SEMPRE,Gallo,D,5.5,5.5,False,True
24,ROMA SHENHUA SEMPRE,Luperto,D,5.5,5.5,False,True
24,ROMA SHENHUA SEMPRE,Bernardeschi,C,7.0,11.0,False,True
24,ROMA SHENHUA SEMPRE,Lovric,C,,,False,True
24,ROMA SHENHUA SEMPRE,Bonazzoli,A,5.5,5.5,True,True
24,ROMA SHENHUA SEMPRE,Ferguson E.,A,,,False,True
24,ROMA SHENHUA SEMPRE,Vlahovic,A,,,False,True
24,AVIOD RELEGATION FOOTBALL CLUB,Di Gregorio,P,4.5,2.5,True,False
24,AVIOD RELEGATION FOOTBALL CLUB,Carlos Augusto,D,,,False,False
24,AVIOD RELEGATION FOOTBALL CLUB,Kelly L.,D,5.5,5.5,True,False
24,AVIOD RELEGATION FOOTBALL CLUB,Coco,D,5.5,5.5,True,False
24,AVIOD RELEGATION FOOTBALL CLUB,Martin,D,,,False,False
24,AVIOD RELEGATION FOOTBALL CLUB,Fofana Y.,C,,,False,False
24,AVIOD RELEGATION FOOTBALL CLUB,Thuram K.,C,5.5,5.5,True,False
24,AVIOD RELEGATION FOOTBALL CLUB,Harrison,C,6.0,6.0,True,False
24,AVIOD RELEGATION FOOTBALL CLUB,Yildiz,A,6.0,6.0,True,False
24,AVIOD RELEGATION FOOTBALL CLUB,Bonny,A,6.0,6.0,True,False
24,AVIOD RELEGATION FOOTBALL CLUB,Scamacca,A,6.5,6.5,True,False
24,AVIOD RELEGATION FOOTBALL CLUB,Perin,P,,,False,True
24,AVIOD RELEGATION FOOTBALL CLUB,Falcone,P,7.0,5.0,False,True
24,AVIOD RELEGATION FOOTBALL CLUB,Gila,D,,,False,True
24,AVIOD RELEGATION FOOTBALL CLUB,Kempf,D,6.5,6.5,True,True
24,AVIOD RELEGATION FOOTBALL CLUB,Delprato,D,6.5,6.5,True,True
24,AVIOD RELEGATION FOOTBALL CLUB,Ziolkowski,D,,,False,True
24,AVIOD RELEGATION FOOTBALL CLUB,Maldini,C,5.5,5.5,True,True
24,AVIOD RELEGATION FOOTBALL CLUB,Baldanzi,C,7.0,7.0,False,True
24,AVIOD RELEGATION FOOTBALL CLUB,Berisha M.,C,,,False,True
24,AVIOD RELEGATION FOOTBALL CLUB,Bernabè,C,6.0,6.0,False,True
24,AVIOD RELEGATION FOOTBALL CLUB,Tourè I.,C,5.5,5.5,False,True
24,AVIOD RELEGATION FOOTBALL CLUB,David,A,5.5,5.5,False,True
24,AVIOD RELEGATION FOOTBALL CLUB,Ratkov,A,6.0,6.0,False,True
24,AVIOD RELEGATION FOOTBALL CLUB,Pellegrino M.,A,6.0,6.0,False,True
24,SOVEREIGN83,Svilar,P,6.5,7.5,True,False
24,SOVEREIGN83,Tavares N.,D,6.0,6.0,True,False
24,SOVEREIGN83,Cambiaso,D,5.5,5.5,True,False
24,SOVEREIGN83,Hermoso,D,,,False,False
24,SOVEREIGN83,Bastoni,D,6.0,5.5,True,False
24,SOVEREIGN83,Fabbian,C,,,False,False
24,SOVEREIGN83,Baturina,C,6.0,6.0,True,False
24,SOVEREIGN83,Cataldi,C,6.5,6.5,True,False
24,SOVEREIGN83,Hojlund,A,6.0,6.0,True,False
24,SOVEREIGN83,Soulè,A,,,False,False
24,SOVEREIGN83,Openda,A,5.0,5.0,True,False
24,SOVEREIGN83,Gollini,P,,,False,True
24,SOVEREIGN83,Zelezny,P,,,False,True
24,SOVEREIGN83,Tiago Gabriel,D,6.5,6.0,True,True
24,SOVEREIGN83,Hien,D,5.5,5.5,False,True
24,SOVEREIGN83,Kossounou,D,,,False,True
24,SOVEREIGN83,Coulibaly L.,C,6.0,6.0,True,True
24,SOVEREIGN83,Casadei,C,,,False,True
24,SOVEREIGN83,Pasalic,C,7.0,10.0,False,True
24,SOVEREIGN83,Durosinmi,A,5.5,5.5,True,True
24,SOVEREIGN83,Da Cunha,C,6.5,7.5,False,True
24,SOVEREIGN83,Basic,C,,,False,True
24,SOVEREIGN83,Raspadori,A,,,False,True
24,OWEN,Milinkovic-Savic V.,P,6.5,4.5,True,False
24,OWEN,Valle,D,6.0,6.0,True,False
24,OWEN,Vasquez,D,6.5,6.5,True,False
24,OWEN,Ramon,D,6.5,6.5,True,False
24,OWEN,Vojvoda,D,7.0,11.0,True,False
24,OWEN,Taylor K.,C,6.0,6.0,True,False
24,OWEN,Pulisic,C,6.0,6.0,True,False
24,OWEN,Isaksen,C,5.5,5.5,True,False
24,OWEN,Douvikas,A,6.5,7.5,True,False
24,OWEN,Leao,A,5.5,5.0,True,False
24,OWEN,Colombo,A,6.5,6.5,True,False
24,OWEN,Meret,P,,,False,True
24,OWEN,Contini,P,,,False,True
24,OWEN,Zappacosta,D,6.0,6.0,False,True
24,OWEN,Zappa,D,,,False,True
24,OWEN,Marusic,D,6.5,6.5,False,True
24,OWEN,Valeri,D,6.5,7.5,False,True
24,OWEN,Ederson D.S.,C,,,False,True
24,OWEN,Vandeputte,C,,,False,True
24,OWEN,Strefezza,C,6.5,6.5,False,True
24,OWEN,Simeone,A,5.5,5.0,False,True
24,OWEN,Laurientè,A,7.5,9.5,False,True
24,OWEN,Giovane,A,5.5,5.5,False,True
24,DELI-XUJUN,Provedel,P,6.0,7.0,True,False
24,DELI-XUJUN,Spinazzola,D,5.5,5.5,True,False
24,DELI-XUJUN,N'Dicka,D,7.0,9.0,True,False
24,DELI-XUJUN,Mancini,D,6.5,6.5,True,False
24,DELI-XUJUN,Scalvini,D,6.0,6.0,True,False
24,DELI-XUJUN,McKennie,C,5.0,5.0,True,False
24,DELI-XUJUN,Cristante,C,7.5,12.5,True,False
24,DELI-XUJUN,Modric,C,6.0,6.0,True,False
24,DELI-XUJUN,Orsolini,C,5.5,5.5,True,False
24,DELI-XUJUN,Rodriguez Je.,A,,,False,False
24,DELI-XUJUN,Fullkrug,A,5.5,5.5,True,False
24,DELI-XUJUN,Semper,P,,,False,True
24,DELI-XUJUN,Silvestri,P,,,False,True
24,DELI-XUJUN,Rrahmani,D,,,False,True
24,DELI-XUJUN,Kalulu,D,,,False,True
24,DELI-XUJUN,Joao Mario,D,6.0,6.0,False,True
24,DELI-XUJUN,Di Lorenzo,D,,,False,True
24,DELI-XUJUN,Pisilli,C,7.0,9.0,False,True
24,DELI-XUJUN,El Shaarawy,C,,,False,True
24,DELI-XUJUN,Nicolussi Caviglia,C,6.0,6.0,False,True
24,DELI-XUJUN,Elmas,C,5.5,5.5,False,True
24,DELI-XUJUN,Sulemana K.,A,6.0,6.0,True,True
24,DELI-XUJUN,Borrelli,A,,,False,True
24,DELI-XUJUN,Stulic,A,,,False,True
24,DELI-XUJUN,Dallinga,A,,,False,True
24,ROMAN EMPIRE,Maignan,P,6.0,5.0,True,False
24,ROMAN EMPIRE,Rensch,D,,,False,False
24,ROMAN EMPIRE,Akanji,D,7.0,9.0,True,False
24,ROMAN EMPIRE,Celik,D,6.5,6.5,True,False
24,ROMAN EMPIRE,Zalewski,C,7.0,7.5,True,False
24,ROMAN EMPIRE,Zaniolo,C,5.5,5.5,True,False
24,ROMAN EMPIRE,Rabiot,C,6.5,6.5,True,False
24,ROMAN EMPIRE,Pellegrini Lo.,C,6.0,7.0,True,False
24,ROMAN EMPIRE,Zaragoza,C,5.5,5.5,True,False
24,ROMAN EMPIRE,Dybala,A,,,False,False
24,ROMAN EMPIRE,Solomon,A,6.0,6.0,True,False
24,ROMAN EMPIRE,Caprile,P,6.5,7.5,False,True
24,ROMAN EMPIRE,Wesley,D,5.5,5.5,True,True
24,ROMAN EMPIRE,Tsimikas,D,,,False,True
24,ROMAN EMPIRE,Arizala,D,,,False,True
24,ROMAN EMPIRE,Politano,C,5.5,5.5,False,True
24,ROMAN EMPIRE,Konè M.,C,6.0,6.0,False,True
24,ROMAN EMPIRE,Volpato,C,,,False,True
24,ROMAN EMPIRE,Lukaku,A,,,False,True
24,ROMAN EMPIRE,Addai,A,,,False,True
24,ROMAN EMPIRE,Vaz,A,,,False,True
24,BATIGOAL,De Gea,P,6.0,7.0,True,False
24,BATIGOAL,Ghilardi,D,6.0,6.0,True,False
24,BATIGOAL,Ostigard,D,6.5,6.5,True,False
24,BATIGOAL,Tomori,D,6.0,6.0,True,False
24,BATIGOAL,Dodò,D,6.5,6.0,True,False
24,BATIGOAL,Gudmundsson A.,C,,,False,False
24,BATIGOAL,Zielinski,C,6.5,6.5,True,False
24,BATIGOAL,Vlasic,C,6.0,6.0,True,False
24,BATIGOAL,Konè I.,C,6.5,6.5,True,False
24,BATIGOAL,Nkunku,A,,,False,False
24,BATIGOAL,Kilicsoy,A,6.0,6.0,True,False
24,BATIGOAL,Muric,P,6.0,7.0,False,True
24,BATIGOAL,Turati,P,,,False,True
24,BATIGOAL,Angelino,D,,,False,True
24,BATIGOAL,Bisseck,D,6.0,6.0,False,True
24,BATIGOAL,Idrissi R.,D,6.0,6.0,False,True
24,BATIGOAL,Terracciano F.,D,6.0,6.0,False,True
24,BATIGOAL,Santos A.,C,5.5,5.5,True,True
24,BATIGOAL,Miretti,C,5.5,5.5,False,True
24,BATIGOAL,El Aynaoui,C,6.0,5.5,False,True
24,BATIGOAL,Perrone,C,7.0,7.0,False,True
24,BATIGOAL,Martinez L.,A,,,False,True
24,BATIGOAL,Diao,A,,,False,True
24,BATIGOAL,Boga,A,5.5,5.5,True,True
24,BATIGOAL,Djuric,A,6.0,6.0,False,True
24,THE GREAT BINGO,Sommer,P,6.0,7.0,True,False
24,THE GREAT BINGO,Bellanova,D,5.5,5.5,True,False
24,THE GREAT BINGO,Romagnoli,D,6.5,6.5,True,False
24,THE GREAT BINGO,Maripan,D,5.0,5.0,True,False
24,THE GREAT BINGO,Cabal,D,,,False,False
24,THE GREAT BINGO,Zaccagni,C,5.5,5.5,True,False
24,THE GREAT BINGO,Mkhitaryan,C,7.0,10.0,True,False
24,THE GREAT BINGO,Malinovskyi,C,6.5,6.5,True,False
24,THE GREAT BINGO,Conceicao,C,6.0,6.0,True,False
24,THE GREAT BINGO,Thuram,A,5.5,5.5,True,False
24,THE GREAT BINGO,Berardi,A,7.0,10.0,True,False
24,THE GREAT BINGO,Martinez Jo.,P,,,False,True
24,THE GREAT BINGO,Corvi,P,6.5,7.5,False,True
24,THE GREAT BINGO,Dumfries,D,,,False,True
24,THE GREAT BINGO,Buongiorno,D,5.5,5.5,True,True
24,THE GREAT BINGO,Doig,D,,,False,True
24,THE GREAT BINGO,Thorstvedt,C,6.0,6.0,False,True
24,THE GREAT BINGO,Rowe,C,6.0,6.0,False,True
24,THE GREAT BINGO,Fadera,C,6.0,6.0,False,True
24,THE GREAT BINGO,Kostic,C,,,False,True
24,THE GREAT BINGO,Esposito F.P.,A,6.0,6.0,False,True
24,THE GREAT BINGO,Cancellieri,A,5.5,5.5,False,True
24,THE GREAT BINGO,Piccoli,A,,,False,True
24,THE GREAT BINGO,Pedro,A,,,False,True
24,DTE,Carnesecchi,P,6.0,5.0,True,False
24,DTE,Bartesaghi,D,5.5,5.5,True,False
24,DTE,Solet,D,,,False,False
24,DTE,Mina,D,5.0,4.0,True,False
24,DTE,Palestra,D,6.5,7.5,True,False
24,DTE,Mazzitelli,C,5.5,5.5,True,False
24,DTE,Odgaard,C,,,False,False
24,DTE,Locatelli,C,6.0,5.5,True,False
24,DTE,Vergara,C,6.0,6.0,True,False
24,DTE,Kean,A,7.0,11.0,True,False
24,DTE,Malen,A,7.0,7.0,True,False
24,DTE,Sportiello,P,,,False,True
24,DTE,Rossi F.,P,,,False,True
24,DTE,Miranda J.,D,6.0,5.5,True,True
24,DTE,Parisi,D,6.0,6.0,False,True
24,DTE,Gabbia,D,,,False,True
24,DTE,Heggem,D,,,False,True
24,DTE,McTominay,C,,,False,True
24,DTE,Ekkelenkamp,C,6.0,6.0,True,True
24,DTE,Frendrup,C,6.0,6.0,False,True
24,DTE,De Bruyne,C,,,False,True
24,DTE,De Ketelaere,A,,,False,True
24,DTE,Adams C.,A,,,False,True
24,DTE,Cambiaghi,A,6.0,6.0,False,True
24,DTE,Vardy,A,5.0,5.0,False,True
25,DTE,Carnesecchi,P,6.5,4.5,True,False
25,DTE,Parisi,D,5.0,4.5,True,False
25,DTE,Bartesaghi,D,6.0,6.0,True,False
25,DTE,Palestra,D,6.5,6.5,True,False
25,DTE,Odgaard,C,7.0,11.0,True,False
25,DTE,Ekkelenkamp,C,6.0,6.0,True,False
25,DTE,Vergara,C,6.5,6.5,True,False
25,DTE,Frendrup,C,6.0,6.0,True,False
25,DTE,Vardy,A,6.0,6.0,True,False
25,DTE,Kean,A,5.5,5.5,True,False
25,DTE,Malen,A,7.0,9.0,True,False
25,DTE,Sportiello,P,,,False,True
25,DTE,Rossi F.,P,,,False,True
25,DTE,Cambiaghi,A,5.5,5.5,False,True
25,DTE,Heggem,D,,,False,True
25,DTE,Solet,D,,,False,True
25,DTE,Miranda J.,D,,,False,True
25,DTE,Gabbia,D,,,False,True
25,DTE,Mina,D,,,False,True
25,DTE,McTominay,C,,,False,True
25,DTE,De Bruyne,C,,,False,True
25,DTE,Mazzitelli,C,,,False,True
25,DTE,Locatelli,C,,,False,True
25,DTE,De Ketelaere,A,,,False,True
25,DTE,Adams C.,A,,,False,True
25,DELI-XUJUN,Provedel,P,6.0,4.0,True,False
25,DELI-XUJUN,Spinazzola,D,6.0,6.0,True,False
25,DELI-XUJUN,N'Dicka,D,6.5,8.5,True,False
25,DELI-XUJUN,Mancini,D,6.0,6.0,True,False
25,DELI-XUJUN,Scalvini,D,5.5,5.5,True,False
25,DELI-XUJUN,McKennie,C,6.0,7.0,True,False
25,DELI-XUJUN,Cristante,C,5.5,5.5,True,False
25,DELI-XUJUN,Modric,C,7.0,7.0,True,False
25,DELI-XUJUN,Pisilli,C,7.5,8.5,True,False
25,DELI-XUJUN,Rodriguez Je.,A,7.5,12.5,True,False
25,DELI-XUJUN,Fullkrug,A,6.0,6.0,True,False
25,DELI-XUJUN,Semper,P,,,False,True
25,DELI-XUJUN,Silvestri,P,,,False,True
25,DELI-XUJUN,Rrahmani,D,,,False,True
25,DELI-XUJUN,Kalulu,D,5.5,5.5,False,True
25,DELI-XUJUN,Joao Mario,D,5.5,5.5,False,True
25,DELI-XUJUN,Di Lorenzo,D,,,False,True
25,DELI-XUJUN,Orsolini,C,5.5,5.5,False,True
25,DELI-XUJUN,Nicolussi Caviglia,C,6.0,6.0,False,True
25,DELI-XUJUN,El Shaarawy,C,,,False,True
25,DELI-XUJUN,Elmas,C,6.0,5.5,False,True
25,DELI-XUJUN,Sulemana K.,A,5.0,5.0,False,True
25,DELI-XUJUN,Borrelli,A,,,False,True
25,DELI-XUJUN,Stulic,A,5.5,5.5,False,True
25,DELI-XUJUN,Dallinga,A,,,False,True
25,BATIGOAL,De Gea,P,6.0,3.0,True,False
25,BATIGOAL,Idrissi R.,D,,,False,False
25,BATIGOAL,Bisseck,D,6.0,6.0,True,False
25,BATIGOAL,Tomori,D,6.5,6.5,True,False
25,BATIGOAL,Santos A.,C,6.0,6.0,True,False
25,BATIGOAL,Zielinski,C,6.0,6.0,True,False
25,BATIGOAL,Perrone,C,7.0,8.0,True,False
25,BATIGOAL,Vlasic,C,6.0,5.5,True,False
25,BATIGOAL,Gudmundsson A.,C,5.0,5.0,True,False
25,BATIGOAL,Diao,A,,,False,False
25,BATIGOAL,Kilicsoy,A,5.5,5.5,True,False
25,BATIGOAL,Muric,P,7.5,6.5,False,True
25,BATIGOAL,Turati,P,,,False,True
25,BATIGOAL,Ostigard,D,6.0,6.0,True,True
25,BATIGOAL,Terracciano F.,D,5.5,5.0,False,True
25,BATIGOAL,Angelino,D,,,False,True
25,BATIGOAL,Ghilardi,D,6.0,6.0,False,True
25,BATIGOAL,Konè I.,C,7.0,10.0,False,True
25,BATIGOAL,El Aynaoui,C,5.5,5.5,False,True
25,BATIGOAL,Miretti,C,6.0,6.0,False,True
25,BATIGOAL,Martinez L.,A,,,False,True
25,BATIGOAL,Nkunku,A,6.5,7.5,True,True
25,BATIGOAL,Djuric,A,5.5,5.5,False,True
25,BATIGOAL,Boga,A,7.0,9.0,False,True
25,AVIOD RELEGATION FOOTBALL CLUB,Di Gregorio,P,,,False,False
25,AVIOD RELEGATION FOOTBALL CLUB,Carlos Augusto,D,6.5,6.5,True,False
25,AVIOD RELEGATION FOOTBALL CLUB,Kelly L.,D,5.0,5.0,True,False
25,AVIOD RELEGATION FOOTBALL CLUB,Coco,D,6.5,6.5,True,False
25,AVIOD RELEGATION FOOTBALL CLUB,Martin,D,5.5,5.5,True,False
25,AVIOD RELEGATION FOOTBALL CLUB,Fofana Y.,C,6.5,6.5,True,False
25,AVIOD RELEGATION FOOTBALL CLUB,Thuram K.,C,6.0,6.0,True,False
25,AVIOD RELEGATION FOOTBALL CLUB,Harrison,C,5.0,5.0,True,False
25,AVIOD RELEGATION FOOTBALL CLUB,Yildiz,A,5.5,5.5,True,False
25,AVIOD RELEGATION FOOTBALL CLUB,Bonny,A,6.5,6.5,True,False
25,AVIOD RELEGATION FOOTBALL CLUB,Scamacca,A,5.5,5.5,True,False
25,AVIOD RELEGATION FOOTBALL CLUB,Perin,P,5.5,2.5,True,True
25,AVIOD RELEGATION FOOTBALL CLUB,Falcone,P,6.0,3.0,False,True
25,AVIOD RELEGATION FOOTBALL CLUB,Gila,D,,,False,True
25,AVIOD RELEGATION FOOTBALL CLUB,Kempf,D,6.5,8.5,False,True
25,AVIOD RELEGATION FOOTBALL CLUB,Delprato,D,6.0,6.0,False,True
25,AVIOD RELEGATION FOOTBALL CLUB,Ziolkowski,D,,,False,True
25,AVIOD RELEGATION FOOTBALL CLUB,Maldini,C,,,False,True
25,AVIOD RELEGATION FOOTBALL CLUB,Baldanzi,C,5.5,5.5,False,True
25,AVIOD RELEGATION FOOTBALL CLUB,Berisha M.,C,,,False,True
25,AVIOD RELEGATION FOOTBALL CLUB,Bernabè,C,6.5,6.5,False,True
25,AVIOD RELEGATION FOOTBALL CLUB,Tourè I.,C,,,False,True
25,AVIOD RELEGATION FOOTBALL CLUB,David,A,5.5,5.5,False,True
25,AVIOD RELEGATION FOOTBALL CLUB,Ratkov,A,5.0,5.0,False,True
25,AVIOD RELEGATION FOOTBALL CLUB,Pellegrino M.,A,5.5,5.0,False,True
25,ROMA SHENHUA SEMPRE,Butez,P,6.0,5.0,True,False
25,ROMA SHENHUA SEMPRE,Bernasconi,D,6.0,5.5,True,False
25,ROMA SHENHUA SEMPRE,Obert,D,6.0,5.5,True,False
25,ROMA SHENHUA SEMPRE,Gosens,D,,,False,False
25,ROMA SHENHUA SEMPRE,Bernardeschi,C,5.5,5.5,True,False
25,ROMA SHENHUA SEMPRE,Fagioli,C,5.5,5.5,True,False
25,ROMA SHENHUA SEMPRE,Paz N.,C,6.0,6.0,True,False
25,ROMA SHENHUA SEMPRE,Mandragora,C,5.5,5.5,True,False
25,ROMA SHENHUA SEMPRE,Saelemaekers,C,5.5,5.5,True,False
25,ROMA SHENHUA SEMPRE,Esposito Se.,A,6.5,7.0,True,False
25,ROMA SHENHUA SEMPRE,Krstovic,A,6.0,6.0,True,False
25,ROMA SHENHUA SEMPRE,Montipò,P,5.5,3.5,False,True
25,ROMA SHENHUA SEMPRE,Leali,P,,,False,True
25,ROMA SHENHUA SEMPRE,Zortea,D,6.0,6.0,True,True
25,ROMA SHENHUA SEMPRE,Kristensen T.,D,6.5,6.5,False,True
25,ROMA SHENHUA SEMPRE,Pezzella Giu.,D,5.5,5.5,False,True
25,ROMA SHENHUA SEMPRE,Gallo,D,5.5,5.5,False,True
25,ROMA SHENHUA SEMPRE,Luperto,D,5.5,5.5,False,True
25,ROMA SHENHUA SEMPRE,Brescianini,C,6.0,6.0,False,True
25,ROMA SHENHUA SEMPRE,Lobotka,C,5.5,5.5,False,True
25,ROMA SHENHUA SEMPRE,Lovric,C,,,False,True
25,ROMA SHENHUA SEMPRE,Bonazzoli,A,6.0,6.0,False,True
25,ROMA SHENHUA SEMPRE,Vitinha O.,A,5.5,5.5,False,True
25,ROMA SHENHUA SEMPRE,Ferguson E.,A,,,False,True
25,ROMA SHENHUA SEMPRE,Vlahovic,A,,,False,True
25,THE GREAT BINGO,Sommer,P,6.0,7.0,True,False
25,THE GREAT BINGO,Romagnoli,D,5.5,5.5,True,False
25,THE GREAT BINGO,Buongiorno,D,6.0,6.0,True,False
25,THE GREAT BINGO,Maripan,D,,,False,False
25,THE GREAT BINGO,Bellanova,D,6.0,6.0,True,False
25,THE GREAT BINGO,Zaccagni,C,5.5,5.5,True,False
25,THE GREAT BINGO,Mkhitaryan,C,7.0,7.5,True,False
25,THE GREAT BINGO,Malinovskyi,C,5.0,4.5,True,False
25,THE GREAT BINGO,Conceicao,C,6.5,8.5,True,False
25,THE GREAT BINGO,Thuram,A,5.5,5.5,True,False
25,THE GREAT BINGO,Berardi,A,6.5,6.5,True,False
25,THE GREAT BINGO,Martinez Jo.,P,,,False,True
25,THE GREAT BINGO,Corvi,P,6.5,5.5,False,True
25,THE GREAT BINGO,Dumfries,D,,,False,True
25,THE GREAT BINGO,Muharemovic,D,6.5,6.5,True,True
25,THE GREAT BINGO,Doig,D,,,False,True
25,THE GREAT BINGO,Cabal,D,,,False,True
25,THE GREAT BINGO,Thorstvedt,C,7.0,10.0,False,True
25,THE GREAT BINGO,Rowe,C,6.0,6.0,False,True
25,THE GREAT BINGO,Fadera,C,,,False,True
25,THE GREAT BINGO,Kostic,C,,,False,True
25,THE GREAT BINGO,Esposito F.P.,A,6.0,6.0,False,True
25,THE GREAT BINGO,Cancellieri,A,5.0,5.0,False,True
25,THE GREAT BINGO,Piccoli,A,5.5,5.5,False,True
25,THE GREAT BINGO,Pedro,A,,,False,True
25,SOVEREIGN83,Svilar,P,6.0,3.0,True,False
25,SOVEREIGN83,Circati,D,,,False,False
25,SOVEREIGN83,Cambiaso,D,5.0,5.0,True,False
25,SOVEREIGN83,Tiago Gabriel,D,5.0,5.0,True,False
25,SOVEREIGN83,Da Cunha,C,7.0,8.0,True,False
25,SOVEREIGN83,Fabbian,C,5.5,5.5,True,False
25,SOVEREIGN83,Casadei,C,6.0,6.0,True,False
25,SOVEREIGN83,Cataldi,C,6.0,6.0,True,False
25,SOVEREIGN83,Coulibaly L.,C,6.0,8.0,True,False
25,SOVEREIGN83,Hojlund,A,6.5,8.5,True,False
25,SOVEREIGN83,Openda,A,,,False,False
25,SOVEREIGN83,Gollini,P,,,False,True
25,SOVEREIGN83,Zelezny,P,,,False,True
25,SOVEREIGN83,Tavares N.,D,6.5,6.0,True,True
25,SOVEREIGN83,Hien,D,6.0,6.0,False,True
25,SOVEREIGN83,Kossounou,D,,,False,True
25,SOVEREIGN83,Pasalic,C,5.0,5.0,False,True
25,SOVEREIGN83,Durosinmi,A,6.0,6.0,True,True
25,TEAM PC,Skorupski,P,7.0,8.0,True,False
25,TEAM PC,Kabasele,D,7.0,10.0,True,False
25,TEAM PC,Dimarco,D,7.0,11.0,True,False
25,TEAM PC,Pavlovic,D,7.0,11.0,True,False
25,TEAM PC,Lazaro,D,6.5,6.5,True,False
25,TEAM PC,Atta,C,,,False,False
25,TEAM PC,Calhanoglu,C,7.0,8.5,True,False
25,TEAM PC,Barella,C,6.0,6.0,True,False
25,TEAM PC,Zapata D.,A,7.0,9.0,True,False
25,TEAM PC,Castro S.,A,6.0,6.0,True,False
25,TEAM PC,Pinamonti,A,4.0,3.0,True,False
25,TEAM PC,Pessina Mas.,P,,,False,True
25,TEAM PC,Zambo Anguissa,C,,,False,True
25,TEAM PC,Banda,A,6.0,6.5,False,True
25,TEAM PC,Dia,A,,,False,True
25,TEAM PC,Kamara H.,D,6.0,6.0,False,True
25,TEAM PC,Ravaglia F.,P,,,False,True
25,TEAM PC,Davis K.,A,7.5,10.5,False,True
25,TEAM PC,Oristanio,C,7.0,11.0,True,True
25,TEAM PC,Matic,C,6.0,5.5,False,True
25,TEAM PC,Bremer,D,5.5,6.5,False,True
25,TEAM PC,Norton-Cuffy,D,,,False,True
25,TEAM PC,Baschirotto,D,,,False,True
25,TEAM PC,Ellertsson,C,5.5,5.5,False,True
25,TEAM PC,Sucic P.,C,,,False,True
25,ROMAN EMPIRE,Maignan,P,6.0,7.0,True,False
25,ROMAN EMPIRE,Wesley,D,7.0,8.5,True,False
25,ROMAN EMPIRE,Akanji,D,6.0,6.0,True,False
25,ROMAN EMPIRE,Celik,D,6.0,6.0,True,False
25,ROMAN EMPIRE,Zalewski,C,5.5,5.0,True,False
25,ROMAN EMPIRE,Zaniolo,C,7.0,8.0,True,False
25,ROMAN EMPIRE,Rabiot,C,6.5,6.5,True,False
25,ROMAN EMPIRE,Pellegrini Lo.,C,6.0,7.0,True,False
25,ROMAN EMPIRE,Zaragoza,C,,,False,False
25,ROMAN EMPIRE,Vaz,A,,,False,False
25,ROMAN EMPIRE,Solomon,A,,,False,False
25,ROMAN EMPIRE,Caprile,P,7.0,6.0,False,True
25,ROMAN EMPIRE,Rensch,D,6.5,6.5,False,True
25,ROMAN EMPIRE,Tsimikas,D,,,False,True
25,ROMAN EMPIRE,Arizala,D,,,False,True
25,ROMAN EMPIRE,Politano,C,6.0,6.0,True,True
25,ROMAN EMPIRE,Konè M.,C,6.5,7.5,False,True
25,ROMAN EMPIRE,Volpato,C,,,False,True
25,ROMAN EMPIRE,Dybala,A,,,False,True
25,ROMAN EMPIRE,Lukaku,A,7.0,10.5,True,True
25,ROMAN EMPIRE,Addai,A,,,False,True
25,OWEN,Milinkovic-Savic V.,P,,,False,False
25,OWEN,Valle,D,,,False,False
25,OWEN,Zappacosta,D,6.5,7.5,True,False
25,OWEN,Ramon,D,6.5,6.5,True,False
25,OWEN,Vojvoda,D,6.0,6.0,True,False
25,OWEN,Strefezza,C,6.0,6.0,True,False
25,OWEN,Pulisic,C,5.0,5.0,True,False
25,OWEN,Isaksen,C,5.5,5.5,True,False
25,OWEN,Giovane,A,6.5,7.5,True,False
25,OWEN,Leao,A,6.0,8.0,True,False
25,OWEN,Douvikas,A,7.0,9.0,True,False
25,OWEN,Meret,P,6.0,5.0,True,True
25,OWEN,Contini,P,,,False,True
25,OWEN,Valeri,D,6.0,6.0,True,True
25,OWEN,Zappa,D,,,False,True
25,OWEN,Marusic,D,5.0,5.0,False,True
25,OWEN,Vasquez,D,6.0,6.0,False,True
25,OWEN,Ederson D.S.,C,,,False,True
25,OWEN,Taylor K.,C,5.0,5.0,False,True
25,OWEN,Folorunsho,C,7.5,9.5,False,True
25,OWEN,Vandeputte,C,6.5,6.5,False,True
25,OWEN,Laurientè,A,7.0,9.0,False,True
25,OWEN,Simeone,A,7.0,11.0,False,True
25,OWEN,Colombo,A,6.0,6.0,False,True
25,OWEN,Gaetano,C,,,False,True
26,DTE,Carnesecchi,P,6.0,4.0,True,False
26,DTE,Mina,D,,,False,False
26,DTE,Bartesaghi,D,,,False,False
26,DTE,Palestra,D,6.5,6.0,True,False
26,DTE,Locatelli,C,7.0,8.0,True,False
26,DTE,Odgaard,C,5.5,5.5,True,False
26,DTE,Vergara,C,6.0,6.0,True,False
26,DTE,Frendrup,C,6.0,6.0,True,False
26,DTE,Vardy,A,5.0,5.0,True,False
26,DTE,Kean,A,,,False,False
26,DTE,Malen,A,5.5,5.0,True,False
26,DTE,Sportiello,P,,,False,True
26,DTE,Rossi F.,P,,,False,True
26,DTE,Heggem,D,,,False,True
26,DTE,Miranda J.,D,,,False,True
26,DTE,Solet,D,,,False,True
26,DTE,Gabbia,D,,,False,True
26,DTE,Parisi,D,,,False,True
26,DTE,De Bruyne,C,,,False,True
26,DTE,Ekkelenkamp,C,6.0,6.0,False,True
26,DTE,Mazzitelli,C,,,False,True
26,DTE,McTominay,C,,,False,True
26,DTE,Cambiaghi,A,,,False,True
26,DTE,Adams C.,A,6.0,7.0,True,True
26,DTE,De Ketelaere,A,,,False,True
26,OWEN,Milinkovic-Savic V.,P,6.0,5.0,True,False
26,OWEN,Valle,D,,,False,False
26,OWEN,Zappacosta,D,6.0,6.0,True,False
26,OWEN,Ramon,D,5.5,5.0,True,False
26,OWEN,Vojvoda,D,6.0,6.0,True,False
26,OWEN,Isaksen,C,6.0,6.0,True,False
26,OWEN,Pulisic,C,6.5,6.5,True,False
26,OWEN,Strefezza,C,6.0,6.0,True,False
26,OWEN,Douvikas,A,6.0,6.0,True,False
26,OWEN,Leao,A,5.5,5.5,True,False
26,OWEN,Giovane,A,,,False,False
26,OWEN,Meret,P,,,False,True
26,OWEN,Contini,P,,,False,True
26,OWEN,Valeri,D,6.0,6.0,True,True
26,OWEN,Vasquez,D,6.0,6.0,False,True
26,OWEN,Marusic,D,7.0,11.0,False,True
26,OWEN,Zappa,D,6.0,6.0,False,True
26,OWEN,Vandeputte,C,5.5,5.5,False,True
26,OWEN,Folorunsho,C,5.5,5.5,False,True
26,OWEN,Taylor K.,C,6.5,6.5,False,True
26,OWEN,Gaetano,C,,,False,True
26,OWEN,Laurientè,A,7.0,8.5,True,True
26,OWEN,Colombo,A,6.0,6.0,False,True
26,OWEN,Simeone,A,5.5,5.5,False,True
26,OWEN,Ederson D.S.,C,,,False,True
26,DELI-XUJUN,Provedel,P,,,False,False
26,DELI-XUJUN,Spinazzola,D,6.5,7.0,True,False
26,DELI-XUJUN,N'Dicka,D,6.5,8.0,True,False
26,DELI-XUJUN,Mancini,D,5.5,5.5,True,False
26,DELI-XUJUN,Scalvini,D,,,False,False
26,DELI-XUJUN,McKennie,C,6.0,6.0,True,False
26,DELI-XUJUN,Cristante,C,6.0,5.5,True,False
26,DELI-XUJUN,Modric,C,7.0,6.5,True,False
26,DELI-XUJUN,Pisilli,C,5.5,5.5,True,False
26,DELI-XUJUN,Rodriguez Je.,A,6.0,6.0,True,False
26,DELI-XUJUN,Fullkrug,A,6.0,6.0,True,False
26,DELI-XUJUN,Semper,P,,,False,True
26,DELI-XUJUN,Silvestri,P,,,False,True
26,DELI-XUJUN,Rrahmani,D,,,False,True
26,DELI-XUJUN,Kalulu,D,6.5,6.5,True,True
26,DELI-XUJUN,Joao Mario,D,5.5,5.5,False,True
26,DELI-XUJUN,Di Lorenzo,D,,,False,True
26,DELI-XUJUN,Orsolini,C,5.5,5.5,False,True
26,DELI-XUJUN,Nicolussi Caviglia,C,5.5,5.5,False,True
26,DELI-XUJUN,El Shaarawy,C,,,False,True
26,DELI-XUJUN,Elmas,C,7.0,10.0,False,True
26,DELI-XUJUN,Sulemana K.,A,6.0,6.0,False,True
26,DELI-XUJUN,Borrelli,A,,,False,True
26,DELI-XUJUN,Stulic,A,7.0,10.0,False,True
26,DELI-XUJUN,Dallinga,A,,,False,True
26,ROMA SHENHUA SEMPRE,Butez,P,6.5,5.5,True,False
26,ROMA SHENHUA SEMPRE,Bernasconi,D,6.0,6.0,True,False
26,ROMA SHENHUA SEMPRE,Zortea,D,6.0,7.0,True,False
26,ROMA SHENHUA SEMPRE,Gosens,D,6.0,6.0,True,False
26,ROMA SHENHUA SEMPRE,Bernardeschi,C,6.0,6.0,True,False
26,ROMA SHENHUA SEMPRE,Fagioli,C,5.5,5.5,True,False
26,ROMA SHENHUA SEMPRE,Paz N.,C,6.0,6.0,True,False
26,ROMA SHENHUA SEMPRE,Mandragora,C,5.5,5.0,True,False
26,ROMA SHENHUA SEMPRE,Saelemaekers,C,6.0,6.0,True,False
26,ROMA SHENHUA SEMPRE,Bonazzoli,A,7.0,9.0,True,False
26,ROMA SHENHUA SEMPRE,Vlahovic,A,,,False,False
26,ROMA SHENHUA SEMPRE,Montipò,P,6.5,5.5,False,True
26,ROMA SHENHUA SEMPRE,Leali,P,,,False,True
26,ROMA SHENHUA SEMPRE,Kristensen T.,D,6.0,8.0,False,True
26,ROMA SHENHUA SEMPRE,Pezzella Giu.,D,5.5,4.5,False,True
26,ROMA SHENHUA SEMPRE,Gallo,D,6.5,7.5,False,True
26,ROMA SHENHUA SEMPRE,Luperto,D,5.5,5.0,False,True
26,ROMA SHENHUA SEMPRE,Brescianini,C,,,False,True
26,ROMA SHENHUA SEMPRE,Lobotka,C,,,False,True
26,ROMA SHENHUA SEMPRE,Lovric,C,,,False,True
26,ROMA SHENHUA SEMPRE,Krstovic,A,6.5,6.5,True,True
26,ROMA SHENHUA SEMPRE,Vitinha O.,A,7.0,10.0,False,True
26,ROMA SHENHUA SEMPRE,Esposito Se.,A,7.0,8.5,False,True
26,ROMA SHENHUA SEMPRE,Ferguson E.,A,,,False,True
26,TEAM PC,Skorupski,P,6.5,4.5,True,False
26,TEAM PC,Bremer,D,6.0,5.5,True,False
26,TEAM PC,Dimarco,D,5.5,5.5,True,False
26,TEAM PC,Pavlovic,D,7.0,7.0,True,False
26,TEAM PC,Kamara H.,D,6.0,6.0,True,False
26,TEAM PC,Oristanio,C,6.0,6.0,True,False
26,TEAM PC,Calhanoglu,C,,,False,False
26,TEAM PC,Barella,C,5.5,5.5,True,False
26,TEAM PC,Banda,A,6.5,6.5,True,False
26,TEAM PC,Castro S.,A,5.0,5.0,True,False
26,TEAM PC,Davis K.,A,7.0,9.0,True,False
26,TEAM PC,Pessina Mas.,P,,,False,True
26,TEAM PC,Zambo Anguissa,C,6.0,6.0,True,True
26,TEAM PC,Dia,A,6.0,6.0,False,True
26,TEAM PC,Ravaglia F.,P,,,False,True
26,TEAM PC,Matic,C,5.5,5.5,False,True
26,TEAM PC,Norton-Cuffy,D,,,False,True
26,TEAM PC,Baschirotto,D,,,False,True
26,TEAM PC,Ellertsson,C,6.5,6.5,False,True
26,TEAM PC,Sucic P.,C,5.5,5.5,False,True
26,TEAM PC,Zapata D.,A,5.0,5.0,False,True
26,TEAM PC,Pinamonti,A,,,False,True
26,TEAM PC,Kabasele,D,5.5,5.5,False,True
26,TEAM PC,Lazaro,D,5.0,4.5,False,True
26,TEAM PC,Atta,C,6.0,6.0,False,True
26,BATIGOAL,De Gea,P,6.0,7.0,True,False
26,BATIGOAL,Ostigard,D,7.0,7.0,True,False
26,BATIGOAL,Bisseck,D,5.5,5.5,True,False
26,BATIGOAL,Dodò,D,6.0,5.5,True,False
26,BATIGOAL,Santos A.,C,7.0,10.0,True,False
26,BATIGOAL,Zielinski,C,5.5,5.5,True,False
26,BATIGOAL,Perrone,C,6.0,6.0,True,False
26,BATIGOAL,Miretti,C,,,False,False
26,BATIGOAL,Gudmundsson A.,C,5.5,5.5,True,False
26,BATIGOAL,Diao,A,,,False,False
26,BATIGOAL,Boga,A,7.0,9.0,True,False
26,BATIGOAL,Muric,P,5.0,3.0,False,True
26,BATIGOAL,Turati,P,,,False,True
26,BATIGOAL,Tomori,D,6.0,6.0,False,True
26,BATIGOAL,Angelino,D,,,False,True
26,BATIGOAL,Ghilardi,D,6.0,6.0,False,True
26,BATIGOAL,Idrissi R.,D,,,False,True
26,BATIGOAL,Konè I.,C,6.0,6.0,True,True
26,BATIGOAL,Vlasic,C,6.5,6.5,False,True
26,BATIGOAL,El Aynaoui,C,5.5,5.5,False,True
26,BATIGOAL,Martinez L.,A,,,False,True
26,BATIGOAL,Kilicsoy,A,,,False,True
26,BATIGOAL,Nkunku,A,,,False,True
26,BATIGOAL,Djuric,A,7.0,7.5,True,True
26,AVIOD RELEGATION FOOTBALL CLUB,Perin,P,6.5,7.5,True,False
26,AVIOD RELEGATION FOOTBALL CLUB,Kelly L.,D,6.0,6.0,True,False
26,AVIOD RELEGATION FOOTBALL CLUB,Kempf,D,5.5,5.5,True,False
26,AVIOD RELEGATION FOOTBALL CLUB,Gila,D,7.0,7.0,True,False
26,AVIOD RELEGATION FOOTBALL CLUB,Carlos Augusto,D,6.0,6.0,True,False
26,AVIOD RELEGATION FOOTBALL CLUB,Maldini,C,7.0,9.0,True,False
26,AVIOD RELEGATION FOOTBALL CLUB,Bernabè,C,,,False,False
26,AVIOD RELEGATION FOOTBALL CLUB,Harrison,C,5.0,5.0,True,False
26,AVIOD RELEGATION FOOTBALL CLUB,Yildiz,A,7.5,11.5,True,False
26,AVIOD RELEGATION FOOTBALL CLUB,Scamacca,A,7.5,13.5,True,False
26,AVIOD RELEGATION FOOTBALL CLUB,David,A,5.0,5.0,True,False
26,AVIOD RELEGATION FOOTBALL CLUB,Falcone,P,6.5,5.5,False,True
26,AVIOD RELEGATION FOOTBALL CLUB,Di Gregorio,P,,,False,True
26,AVIOD RELEGATION FOOTBALL CLUB,Delprato,D,6.5,7.5,False,True
26,AVIOD RELEGATION FOOTBALL CLUB,Ziolkowski,D,,,False,True
26,AVIOD RELEGATION FOOTBALL CLUB,Coco,D,6.0,6.0,False,True
26,AVIOD RELEGATION FOOTBALL CLUB,Martin,D,6.0,6.0,False,True
26,AVIOD RELEGATION FOOTBALL CLUB,Thuram K.,C,7.0,9.0,True,True
26,AVIOD RELEGATION FOOTBALL CLUB,Berisha M.,C,,,False,True
26,AVIOD RELEGATION FOOTBALL CLUB,Baldanzi,C,,,False,True
26,AVIOD RELEGATION FOOTBALL CLUB,Fofana Y.,C,6.5,7.5,False,True
26,AVIOD RELEGATION FOOTBALL CLUB,Tourè I.,C,,,False,True
26,AVIOD RELEGATION FOOTBALL CLUB,Pellegrino M.,A,5.5,5.5,False,True
26,AVIOD RELEGATION FOOTBALL CLUB,Bonny,A,5.0,5.0,False,True
26,AVIOD RELEGATION FOOTBALL CLUB,Ratkov,A,,,False,True
26,ROMAN EMPIRE,Maignan,P,6.5,7.5,True,False
26,ROMAN EMPIRE,Rensch,D,5.5,5.5,True,False
26,ROMAN EMPIRE,Akanji,D,6.0,6.0,True,False
26,ROMAN EMPIRE,Celik,D,5.5,5.5,True,False
26,ROMAN EMPIRE,Belghali,D,,,False,False
26,ROMAN EMPIRE,Zaragoza,C,,,False,False
26,ROMAN EMPIRE,Zaniolo,C,6.5,7.5,True,False
26,ROMAN EMPIRE,Rabiot,C,6.5,6.0,True,False
26,ROMAN EMPIRE,Pellegrini Lo.,C,5.0,5.0,True,False
26,ROMAN EMPIRE,Politano,C,6.5,7.5,True,False
26,ROMAN EMPIRE,Lukaku,A,,,False,False
26,ROMAN EMPIRE,Caprile,P,6.0,4.0,False,True
26,ROMAN EMPIRE,Tsimikas,D,5.0,5.0,True,True
26,ROMAN EMPIRE,Arizala,D,,,False,True
26,ROMAN EMPIRE,Zalewski,C,6.5,7.5,True,True
26,ROMAN EMPIRE,Konè M.,C,5.5,5.5,False,True
26,ROMAN EMPIRE,Volpato,C,,,False,True
26,ROMAN EMPIRE,Dybala,A,,,False,True
26,ROMAN EMPIRE,Vaz,A,,,False,True
26,ROMAN EMPIRE,Solomon,A,,,False,True
26,ROMAN EMPIRE,Addai,A,,,False,True
26,THE GREAT BINGO,Sommer,P,6.0,5.0,True,False
26,THE GREAT BINGO,Romagnoli,D,6.0,6.0,True,False
26,THE GREAT BINGO,Buongiorno,D,6.5,6.5,True,False
26,THE GREAT BINGO,Dumfries,D,6.0,5.5,True,False
26,THE GREAT BINGO,Zaccagni,C,5.5,5.5,True,False
26,THE GREAT BINGO,Thorstvedt,C,6.5,7.5,True,False
26,THE GREAT BINGO,Mkhitaryan,C,6.0,6.0,True,False
26,THE GREAT BINGO,Rowe,C,7.0,9.0,True,False
26,THE GREAT BINGO,Conceicao,C,7.0,8.0,True,False
26,THE GREAT BINGO,Thuram,A,,,False,False
26,THE GREAT BINGO,Berardi,A,5.5,5.5,True,False
26,THE GREAT BINGO,Martinez Jo.,P,,,False,True
26,THE GREAT BINGO,Corvi,P,6.0,7.0,False,True
26,THE GREAT BINGO,Bellanova,D,5.5,5.5,False,True
26,THE GREAT BINGO,Muharemovic,D,5.5,5.5,False,True
26,THE GREAT BINGO,Doig,D,6.0,6.0,False,True
26,THE GREAT BINGO,Cabal,D,,,False,True
26,THE GREAT BINGO,Maripan,D,,,False,True
26,THE GREAT BINGO,Malinovskyi,C,6.5,6.5,False,True
26,THE GREAT BINGO,Kostic,C,,,False,True
26,THE GREAT BINGO,Fadera,C,,,False,True
26,THE GREAT BINGO,Esposito F.P.,A,5.5,5.5,True,True
26,THE GREAT BINGO,Piccoli,A,5.0,5.0,False,True
26,THE GREAT BINGO,Cancellieri,A,7.0,8.0,False,True
26,THE GREAT BINGO,Pedro,A,6.5,6.5,False,True
26,SOVEREIGN83,Svilar,P,6.5,4.5,True,False
26,SOVEREIGN83,Circati,D,6.0,6.0,True,False
26,SOVEREIGN83,Cambiaso,D,7.0,10.0,True,False
26,SOVEREIGN83,Tiago Gabriel,D,5.5,5.5,True,False
26,SOVEREIGN83,Bastoni,D,6.0,5.5,True,False
26,SOVEREIGN83,Fabbian,C,5.5,5.5,True,False
26,SOVEREIGN83,Casadei,C,6.5,8.5,True,False
26,SOVEREIGN83,Cataldi,C,6.0,6.0,True,False
26,SOVEREIGN83,Coulibaly L.,C,6.0,6.0,True,False
26,SOVEREIGN83,Hojlund,A,6.0,6.0,True,False
26,SOVEREIGN83,Openda,A,,,False,False
26,SOVEREIGN83,Gollini,P,,,False,True
26,SOVEREIGN83,Zelezny,P,,,False,True
26,SOVEREIGN83,Tavares N.,D,6.5,6.5,False,True
26,SOVEREIGN83,Hien,D,5.5,5.5,False,True
26,SOVEREIGN83,Kossounou,D,5.0,5.0,False,True
26,SOVEREIGN83,Pasalic,C,6.5,6.5,False,True
26,SOVEREIGN83,Orban G.,A,6.5,7.5,True,True
26,SOVEREIGN83,Durosinmi,A,5.5,5.5,False,True
26,SOVEREIGN83,Da Cunha,C,7.5,11.5,False,True
26,SOVEREIGN83,Baturina,C,7.0,9.0,False,True
26,SOVEREIGN83,Basic,C,,,False,True
26,SOVEREIGN83,Hermoso,D,,,False,True
27,BATIGOAL,De Gea,P,6.0,5.0,True,False
27,BATIGOAL,Terracciano F.,D,,,False,False
27,BATIGOAL,Bisseck,D,6.5,6.5,True,False
27,BATIGOAL,Ostigard,D,7.0,9.0,True,False
27,BATIGOAL,Dodò,D,7.5,9.5,True,False
27,BATIGOAL,Santos A.,C,5.5,5.5,True,False
27,BATIGOAL,Vlasic,C,7.0,8.0,True,False
27,BATIGOAL,Zielinski,C,5.5,5.5,True,False
27,BATIGOAL,Gudmundsson A.,C,7.0,9.5,True,False
27,BATIGOAL,Martinez L.,A,,,False,False
27,BATIGOAL,Boga,A,7.0,10.0,True,False
27,BATIGOAL,Muric,P,6.0,5.0,False,True
27,BATIGOAL,Turati,P,,,False,True
27,BATIGOAL,Tomori,D,6.0,6.0,True,True
27,BATIGOAL,Angelino,D,,,False,True
27,BATIGOAL,Ghilardi,D,5.5,5.0,False,True
27,BATIGOAL,Idrissi R.,D,,,False,True
27,BATIGOAL,Konè I.,C,6.0,6.0,False,True
27,BATIGOAL,Miretti,C,,,False,True
27,BATIGOAL,El Aynaoui,C,,,False,True
27,BATIGOAL,Perrone,C,6.0,6.0,False,True
27,BATIGOAL,Kilicsoy,A,5.0,5.0,True,True
27,BATIGOAL,Djuric,A,6.0,6.0,False,True
27,BATIGOAL,Nkunku,A,5.5,5.5,False,True
27,BATIGOAL,Diao,A,7.0,7.0,False,True
27,THE GREAT BINGO,Sommer,P,6.0,5.0,True,False
27,THE GREAT BINGO,Doig,D,6.0,6.0,True,False
27,THE GREAT BINGO,Buongiorno,D,6.5,6.5,True,False
27,THE GREAT BINGO,Muharemovic,D,6.5,6.5,True,False
27,THE GREAT BINGO,Zaccagni,C,6.0,6.0,True,False
27,THE GREAT BINGO,Thorstvedt,C,6.0,6.0,True,False
27,THE GREAT BINGO,Malinovskyi,C,6.0,6.0,True,False
27,THE GREAT BINGO,Conceicao,C,6.5,6.5,True,False
27,THE GREAT BINGO,Thuram,A,5.5,5.5,True,False
27,THE GREAT BINGO,Esposito F.P.,A,7.0,9.0,True,False
27,THE GREAT BINGO,Berardi,A,5.5,5.5,True,False
27,THE GREAT BINGO,Martinez Jo.,P,,,False,True
27,THE GREAT BINGO,Corvi,P,,,False,True
27,THE GREAT BINGO,Dumfries,D,5.0,5.0,False,True
27,THE GREAT BINGO,Bellanova,D,,,False,True
27,THE GREAT BINGO,Romagnoli,D,,,False,True
27,THE GREAT BINGO,Cabal,D,,,False,True
27,THE GREAT BINGO,Maripan,D,,,False,True
27,THE GREAT BINGO,Rowe,C,,,False,True
27,THE GREAT BINGO,Mkhitaryan,C,6.0,6.0,False,True
27,THE GREAT BINGO,Kostic,C,,,False,True
27,THE GREAT BINGO,Fadera,C,,,False,True
27,THE GREAT BINGO,Cancellieri,A,,,False,True
27,THE GREAT BINGO,Pedro,A,6.0,5.5,False,True
27,THE GREAT BINGO,Piccoli,A,7.5,11.5,False,True
27,ROMA SHENHUA SEMPRE,Butez,P,6.0,5.0,True,False
27,ROMA SHENHUA SEMPRE,Bernasconi,D,5.5,5.5,True,False
27,ROMA SHENHUA SEMPRE,Zortea,D,5.5,5.0,True,False
27,ROMA SHENHUA SEMPRE,Gosens,D,6.5,7.5,True,False
27,ROMA SHENHUA SEMPRE,Bernardeschi,C,,,False,False
27,ROMA SHENHUA SEMPRE,Fagioli,C,7.0,7.0,True,False
27,ROMA SHENHUA SEMPRE,Paz N.,C,5.5,5.5,True,False
27,ROMA SHENHUA SEMPRE,Mandragora,C,6.5,7.0,True,False
27,ROMA SHENHUA SEMPRE,Saelemaekers,C,6.0,6.0,True,False
27,ROMA SHENHUA SEMPRE,Krstovic,A,7.0,11.0,True,False
27,ROMA SHENHUA SEMPRE,Vlahovic,A,,,False,False
27,ROMA SHENHUA SEMPRE,Montipò,P,4.5,2.5,False,True
27,ROMA SHENHUA SEMPRE,Leali,P,,,False,True
27,ROMA SHENHUA SEMPRE,Kristensen T.,D,6.0,6.0,False,True
27,ROMA SHENHUA SEMPRE,Obert,D,5.0,4.0,False,True
27,ROMA SHENHUA SEMPRE,Luperto,D,4.5,4.5,False,True
27,ROMA SHENHUA SEMPRE,Brescianini,C,6.5,6.5,True,True
27,ROMA SHENHUA SEMPRE,Vitinha O.,A,7.0,10.5,True,True
27,ROMA SHENHUA SEMPRE,Bonazzoli,A,5.0,5.0,False,True
27,DTE,Carnesecchi,P,5.5,4.5,True,False
27,DTE,Bartesaghi,D,6.0,6.0,True,False
27,DTE,Solet,D,,,False,False
27,DTE,Palestra,D,5.0,5.0,True,False
27,DTE,De Bruyne,C,6.5,6.5,True,False
27,DTE,Locatelli,C,6.5,6.5,True,False
27,DTE,McTominay,C,6.5,6.5,True,False
27,DTE,Odgaard,C,6.5,6.5,True,False
27,DTE,Vardy,A,,,False,False
27,DTE,Kean,A,,,False,False
27,DTE,Malen,A,6.5,8.5,True,False
27,DTE,Sportiello,P,,,False,True
27,DTE,Rossi F.,P,,,False,True
27,DTE,Miranda J.,D,6.5,6.5,True,True
27,DTE,Parisi,D,7.0,10.0,False,True
27,DTE,Mina,D,6.0,6.0,False,True
27,DTE,Heggem,D,,,False,True
27,DTE,Gabbia,D,,,False,True
27,DTE,Ekkelenkamp,C,5.5,5.5,False,True
27,DTE,Frendrup,C,6.5,6.5,False,True
27,DTE,Mazzitelli,C,5.5,5.5,False,True
27,DTE,Adams C.,A,7.0,8.0,True,True
27,DTE,Cambiaghi,A,6.0,7.0,True,True
27,DTE,De Ketelaere,A,6.0,5.5,False,True
27,DTE,Vergara,C,,,False,True
27,OWEN,Milinkovic-Savic V.,P,,,False,False
27,OWEN,Valle,D,6.5,7.5,True,False
27,OWEN,Vasquez,D,6.5,6.5,True,False
27,OWEN,Ramon,D,6.5,6.5,True,False
27,OWEN,Vojvoda,D,,,False,False
27,OWEN,Vandeputte,C,5.5,5.5,True,False
27,OWEN,Pulisic,C,5.5,5.5,True,False
27,OWEN,Strefezza,C,6.5,7.0,True,False
27,OWEN,Leao,A,5.0,5.0,True,False
27,OWEN,Douvikas,A,7.0,9.0,True,False
27,OWEN,Laurientè,A,6.0,6.0,True,False
27,OWEN,Meret,P,6.0,5.0,True,True
27,OWEN,Contini,P,,,False,True
27,OWEN,Valeri,D,5.0,5.0,True,True
27,OWEN,Zappa,D,5.0,5.0,False,True
27,OWEN,Zappacosta,D,6.5,6.5,False,True
27,OWEN,Marusic,D,6.5,7.5,False,True
27,OWEN,Folorunsho,C,5.0,5.0,False,True
27,OWEN,Gaetano,C,5.5,5.5,False,True
27,OWEN,Isaksen,C,7.0,11.0,False,True
27,OWEN,Ederson D.S.,C,6.5,6.5,False,True
27,OWEN,Taylor K.,C,6.5,6.5,False,True
27,OWEN,Simeone,A,7.5,9.5,False,True
27,OWEN,Giovane,A,,,False,True
27,OWEN,Colombo,A,6.0,6.0,False,True
27,AVIOD RELEGATION FOOTBALL CLUB,Perin,P,6.0,7.0,True,False
27,AVIOD RELEGATION FOOTBALL CLUB,Martin,D,6.5,7.5,True,False
27,AVIOD RELEGATION FOOTBALL CLUB,Coco,D,6.5,6.5,True,False
27,AVIOD RELEGATION FOOTBALL CLUB,Carlos Augusto,D,6.5,6.0,True,False
27,AVIOD RELEGATION FOOTBALL CLUB,Kelly L.,D,6.0,5.5,True,False
27,AVIOD RELEGATION FOOTBALL CLUB,Thuram K.,C,6.0,6.0,True,False
27,AVIOD RELEGATION FOOTBALL CLUB,Fofana Y.,C,6.0,6.0,True,False
27,AVIOD RELEGATION FOOTBALL CLUB,Tourè I.,C,,,False,False
27,AVIOD RELEGATION FOOTBALL CLUB,Yildiz,A,7.0,9.0,True,False
27,AVIOD RELEGATION FOOTBALL CLUB,Scamacca,A,5.5,5.5,True,False
27,AVIOD RELEGATION FOOTBALL CLUB,Pellegrino M.,A,7.0,9.0,True,False
27,AVIOD RELEGATION FOOTBALL CLUB,Falcone,P,6.0,4.0,False,True
27,AVIOD RELEGATION FOOTBALL CLUB,Di Gregorio,P,,,False,True
27,AVIOD RELEGATION FOOTBALL CLUB,Delprato,D,5.0,4.5,False,True
27,AVIOD RELEGATION FOOTBALL CLUB,Kempf,D,6.0,6.0,False,True
27,AVIOD RELEGATION FOOTBALL CLUB,Gila,D,7.0,7.0,False,True
27,AVIOD RELEGATION FOOTBALL CLUB,Ziolkowski,D,5.5,5.5,False,True
27,AVIOD RELEGATION FOOTBALL CLUB,Maldini,C,6.5,6.5,True,True
27,AVIOD RELEGATION FOOTBALL CLUB,Harrison,C,6.0,6.0,False,True
27,AVIOD RELEGATION FOOTBALL CLUB,Baldanzi,C,,,False,True
27,AVIOD RELEGATION FOOTBALL CLUB,Berisha M.,C,,,False,True
27,AVIOD RELEGATION FOOTBALL CLUB,Bernabè,C,,,False,True
27,AVIOD RELEGATION FOOTBALL CLUB,David,A,,,False,True
27,AVIOD RELEGATION FOOTBALL CLUB,Bonny,A,5.5,5.5,False,True
27,AVIOD RELEGATION FOOTBALL CLUB,Ratkov,A,,,False,True
27,SOVEREIGN83,Svilar,P,6.0,4.0,True,False
27,SOVEREIGN83,Tavares N.,D,6.5,6.0,True,False
27,SOVEREIGN83,Cambiaso,D,6.0,6.0,True,False
27,SOVEREIGN83,Hermoso,D,5.0,5.0,True,False
27,SOVEREIGN83,Bastoni,D,,,False,False
27,SOVEREIGN83,Fabbian,C,,,False,False
27,SOVEREIGN83,Casadei,C,,,False,False
27,SOVEREIGN83,Da Cunha,C,7.0,8.0,True,False
27,SOVEREIGN83,Baturina,C,6.5,6.5,True,False
27,SOVEREIGN83,Hojlund,A,7.0,9.0,True,False
27,SOVEREIGN83,Orban G.,A,5.5,5.5,True,False
27,SOVEREIGN83,Gollini,P,,,False,True
27,SOVEREIGN83,Zelezny,P,,,False,True
27,SOVEREIGN83,Circati,D,4.5,4.5,True,True
27,SOVEREIGN83,Hien,D,6.0,6.0,False,True
27,SOVEREIGN83,Kossounou,D,,,False,True
27,SOVEREIGN83,Pasalic,C,5.5,5.5,True,True
27,SOVEREIGN83,Durosinmi,A,4.0,3.0,False,True
27,SOVEREIGN83,Openda,A,,,False,True
27,SOVEREIGN83,Coulibaly L.,C,6.0,6.0,True,True
27,SOVEREIGN83,Basic,C,,,False,True
27,SOVEREIGN83,Tiago Gabriel,D,5.5,5.5,False,True
27,DELI-XUJUN,Audero,P,5.0,1.0,True,False
27,DELI-XUJUN,Spinazzola,D,6.0,6.0,True,False
27,DELI-XUJUN,N'Dicka,D,,,False,False
27,DELI-XUJUN,Mancini,D,6.0,6.0,True,False
27,DELI-XUJUN,Scalvini,D,6.0,6.0,True,False
27,DELI-XUJUN,McKennie,C,6.0,6.0,True,False
27,DELI-XUJUN,Cristante,C,5.0,5.0,True,False
27,DELI-XUJUN,Modric,C,6.0,6.0,True,False
27,DELI-XUJUN,Pisilli,C,5.5,5.5,True,False
27,DELI-XUJUN,Rodriguez Je.,A,6.0,6.0,True,False
27,DELI-XUJUN,Fullkrug,A,5.5,5.5,True,False
27,DELI-XUJUN,Semper,P,,,False,True
27,DELI-XUJUN,Silvestri,P,,,False,True
27,DELI-XUJUN,Rrahmani,D,,,False,True
27,DELI-XUJUN,Kalulu,D,6.0,6.0,True,True
27,DELI-XUJUN,Joao Mario,D,,,False,True
27,DELI-XUJUN,Di Lorenzo,D,,,False,True
27,DELI-XUJUN,Orsolini,C,6.0,6.0,False,True
27,DELI-XUJUN,Nicolussi Caviglia,C,,,False,True
27,DELI-XUJUN,El Shaarawy,C,6.5,6.5,False,True
27,DELI-XUJUN,Elmas,C,5.0,5.0,False,True
27,DELI-XUJUN,Sulemana K.,A,6.5,6.5,False,True
27,DELI-XUJUN,Borrelli,A,,,False,True
27,DELI-XUJUN,Stulic,A,5.5,5.5,False,True
27,DELI-XUJUN,Dallinga,A,7.0,9.5,False,True
27,ROMAN EMPIRE,Maignan,P,6.0,5.0,True,False
27,ROMAN EMPIRE,Belghali,D,5.5,5.5,True,False
27,ROMAN EMPIRE,Akanji,D,6.0,6.0,True,False
27,ROMAN EMPIRE,Celik,D,6.0,6.0,True,False
27,ROMAN EMPIRE,Wesley,D,5.5,4.5,True,False
27,ROMAN EMPIRE,Zalewski,C,5.5,5.5,True,False
27,ROMAN EMPIRE,Zaniolo,C,5.0,4.5,True,False
27,ROMAN EMPIRE,Pellegrini Lo.,C,6.5,6.5,True,False
27,ROMAN EMPIRE,Politano,C,7.5,12.5,True,False
27,ROMAN EMPIRE,Zaragoza,C,,,False,False
27,ROMAN EMPIRE,Lukaku,A,,,False,False
27,ROMAN EMPIRE,Caprile,P,6.0,3.0,False,True
27,ROMAN EMPIRE,Rensch,D,5.5,5.5,False,True
27,ROMAN EMPIRE,Tsimikas,D,5.5,5.5,False,True
27,ROMAN EMPIRE,Arizala,D,6.0,6.0,False,True
27,ROMAN EMPIRE,Volpato,C,6.0,6.0,True,True
27,ROMAN EMPIRE,Konè M.,C,5.0,5.0,False,True
27,ROMAN EMPIRE,Dybala,A,,,False,True
27,ROMAN EMPIRE,Vaz,A,5.5,5.5,True,True
27,ROMAN EMPIRE,Solomon,A,,,False,True
27,ROMAN EMPIRE,Addai,A,,,False,True
27,TEAM PC,Skorupski,P,6.5,7.5,True,False
27,TEAM PC,Bremer,D,6.5,6.5,True,False
27,TEAM PC,Dimarco,D,6.0,6.0,True,False
27,TEAM PC,Norton-Cuffy,D,6.0,6.0,True,False
27,TEAM PC,Pavlovic,D,6.0,6.0,True,False
27,TEAM PC,Barella,C,6.5,7.5,True,False
27,TEAM PC,Zambo Anguissa,C,5.0,5.0,True,False
27,TEAM PC,Ellertsson,C,6.0,6.0,True,False
27,TEAM PC,Oristanio,C,6.0,6.0,True,False
27,TEAM PC,Pinamonti,A,5.5,5.5,True,False
27,TEAM PC,Castro S.,A,6.0,6.0,True,False
27,TEAM PC,Pessina Mas.,P,,,False,True
27,TEAM PC,Davis K.,A,6.0,6.0,False,True
27,TEAM PC,Banda,A,6.0,6.0,False,True
27,TEAM PC,Zapata D.,A,7.0,9.0,False,True
27,TEAM PC,Dia,A,5.5,5.5,False,True
27,TEAM PC,Ravaglia F.,P,,,False,True
27,TEAM PC,Kamara H.,D,6.0,6.0,False,True
27,TEAM PC,Matic,C,5.5,5.5,False,True
27,TEAM PC,Baschirotto,D,,,False,True
27,TEAM PC,Sucic P.,C,5.5,5.0,False,True
27,TEAM PC,Kabasele,D,5.5,5.0,False,True
27,TEAM PC,Lazaro,D,,,False,True
27,TEAM PC,Atta,C,5.5,5.5,False,True
27,TEAM PC,Calhanoglu,C,,,False,True
28,SOVEREIGN83,Svilar,P,6.0,7.0,True,False
28,SOVEREIGN83,Circati,D,5.5,5.5,True,False
28,SOVEREIGN83,Cambiaso,D,5.5,5.5,True,False
28,SOVEREIGN83,Hermoso,D,7.0,9.0,True,False
28,SOVEREIGN83,Bastoni,D,,,False,False
28,SOVEREIGN83,Fabbian,C,,,False,False
28,SOVEREIGN83,Pasalic,C,5.5,5.5,True,False
28,SOVEREIGN83,Da Cunha,C,6.5,6.5,True,False
28,SOVEREIGN83,Baturina,C,7.0,9.0,True,False
28,SOVEREIGN83,Hojlund,A,6.0,6.0,True,False
28,SOVEREIGN83,Orban G.,A,5.0,5.0,True,False
28,SOVEREIGN83,Gollini,P,,,False,True
28,SOVEREIGN83,Zelezny,P,,,False,True
28,SOVEREIGN83,Hien,D,6.0,5.5,True,True
28,SOVEREIGN83,Tavares N.,D,6.0,6.0,False,True
28,SOVEREIGN83,Kossounou,D,,,False,True
28,SOVEREIGN83,Casadei,C,5.5,5.5,True,True
28,SOVEREIGN83,Openda,A,,,False,True
28,SOVEREIGN83,Tiago Gabriel,D,7.0,7.0,False,True
28,SOVEREIGN83,Raspadori,A,5.5,5.5,False,True
28,SOVEREIGN83,Cataldi,C,,,False,True
28,SOVEREIGN83,Coulibaly L.,C,,,False,True
28,SOVEREIGN83,Basic,C,,,False,True
28,DTE,Carnesecchi,P,6.5,7.5,True,False
28,DTE,Bartesaghi,D,6.5,6.5,True,False
28,DTE,Solet,D,7.0,6.5,True,False
28,DTE,Palestra,D,6.0,6.0,True,False
28,DTE,Parisi,D,6.0,6.0,True,False
28,DTE,Locatelli,C,5.0,3.0,True,False
28,DTE,McTominay,C,7.0,11.0,True,False
28,DTE,De Bruyne,C,6.0,6.0,True,False
28,DTE,Adams C.,A,5.5,5.5,True,False
28,DTE,De Ketelaere,A,6.5,6.5,True,False
28,DTE,Malen,A,6.0,6.0,True,False
28,DTE,Sportiello,P,,,False,True
28,DTE,Rossi F.,P,,,False,True
28,DTE,Miranda J.,D,5.5,5.5,False,True
28,DTE,Heggem,D,6.0,6.0,False,True
28,DTE,Mina,D,6.5,6.5,False,True
28,DTE,Gabbia,D,,,False,True
28,DTE,Vergara,C,,,False,True
28,DTE,Odgaard,C,,,False,True
28,DTE,Ekkelenkamp,C,6.5,9.5,False,True
28,DTE,Mazzitelli,C,,,False,True
28,DTE,Frendrup,C,6.0,6.0,False,True
28,DTE,Kean,A,5.5,5.0,False,True
28,DTE,Vardy,A,6.5,7.5,False,True
28,DTE,Cambiaghi,A,5.5,5.5,False,True
28,BATIGOAL,De Gea,P,6.5,5.5,True,False
28,BATIGOAL,Tomori,D,6.0,5.5,True,False
28,BATIGOAL,Bisseck,D,6.5,6.5,True,False
28,BATIGOAL,Ostigard,D,5.5,5.5,True,False
28,BATIGOAL,Santos A.,C,6.0,6.0,True,False
28,BATIGOAL,Gudmundsson A.,C,6.0,6.0,True,False
28,BATIGOAL,Perrone,C,7.5,9.5,True,False
28,BATIGOAL,Vlasic,C,7.0,9.0,True,False
28,BATIGOAL,Miretti,C,5.5,5.5,True,False
28,BATIGOAL,Martinez L.,A,,,False,False
28,BATIGOAL,Boga,A,5.5,5.5,True,False
28,BATIGOAL,Muric,P,7.5,9.5,False,True
28,BATIGOAL,Turati,P,,,False,True
28,BATIGOAL,Dodò,D,6.5,6.5,False,True
28,BATIGOAL,Angelino,D,6.0,5.5,False,True
28,BATIGOAL,Ghilardi,D,6.0,6.0,False,True
28,BATIGOAL,Terracciano F.,D,6.0,6.0,False,True
28,BATIGOAL,Idrissi R.,D,,,False,True
28,BATIGOAL,Zielinski,C,5.5,5.5,False,True
28,BATIGOAL,Konè I.,C,6.0,6.0,False,True
28,BATIGOAL,El Aynaoui,C,5.5,5.5,False,True
28,BATIGOAL,Diao,A,7.5,12.5,True,True
28,BATIGOAL,Nkunku,A,5.5,5.5,False,True
28,BATIGOAL,Kilicsoy,A,5.5,5.5,False,True
28,BATIGOAL,Djuric,A,,,False,True
28,DELI-XUJUN,Audero,P,6.0,7.0,True,False
28,DELI-XUJUN,Spinazzola,D,6.0,6.0,True,False
28,DELI-XUJUN,N'Dicka,D,6.5,6.5,True,False
28,DELI-XUJUN,Mancini,D,6.0,6.0,True,False
28,DELI-XUJUN,Scalvini,D,6.0,6.0,True,False
28,DELI-XUJUN,McKennie,C,5.5,5.5,True,False
28,DELI-XUJUN,Cristante,C,6.5,6.5,True,False
28,DELI-XUJUN,Modric,C,6.5,6.5,True,False
28,DELI-XUJUN,Pisilli,C,5.5,5.0,True,False
28,DELI-XUJUN,Rodriguez Je.,A,6.0,6.0,True,False
28,DELI-XUJUN,Sulemana K.,A,,,False,False
28,DELI-XUJUN,Semper,P,,,False,True
28,DELI-XUJUN,Silvestri,P,,,False,True
28,DELI-XUJUN,Rrahmani,D,,,False,True
28,DELI-XUJUN,Kalulu,D,6.5,6.5,False,True
28,DELI-XUJUN,Joao Mario,D,,,False,True
28,DELI-XUJUN,Di Lorenzo,D,,,False,True
28,DELI-XUJUN,Elmas,C,,,False,True
28,DELI-XUJUN,Orsolini,C,5.0,3.0,False,True
28,DELI-XUJUN,Nicolussi Caviglia,C,5.5,5.5,False,True
28,DELI-XUJUN,El Shaarawy,C,,,False,True
28,DELI-XUJUN,Fullkrug,A,5.5,5.5,True,True
28,DELI-XUJUN,Borrelli,A,,,False,True
28,DELI-XUJUN,Stulic,A,5.5,5.5,False,True
28,DELI-XUJUN,Dallinga,A,5.5,5.5,False,True
28,OWEN,Meret,P,,,False,False
28,OWEN,Valle,D,,,False,False
28,OWEN,Zappacosta,D,7.0,11.0,True,False
28,OWEN,Ramon,D,,,False,False
28,OWEN,Vojvoda,D,,,False,False
28,OWEN,Strefezza,C,5.0,5.0,True,False
28,OWEN,Pulisic,C,6.5,7.5,True,False
28,OWEN,Isaksen,C,5.5,5.5,True,False
28,OWEN,Giovane,A,,,False,False
28,OWEN,Douvikas,A,7.0,9.0,True,False
28,OWEN,Leao,A,,,False,False
28,OWEN,Milinkovic-Savic V.,P,6.0,7.0,True,True
28,OWEN,Contini,P,,,False,True
28,OWEN,Vasquez,D,6.0,6.0,True,True
28,OWEN,Valeri,D,5.5,5.5,True,True
28,OWEN,Marusic,D,6.0,6.0,True,True
28,OWEN,Zappa,D,,,False,True
28,OWEN,Ederson D.S.,C,6.5,6.5,False,True
28,OWEN,Gaetano,C,6.0,6.0,False,True
28,OWEN,Folorunsho,C,6.0,6.0,False,True
28,OWEN,Vandeputte,C,7.0,9.0,False,True
28,OWEN,Taylor K.,C,8.0,13.5,False,True
28,OWEN,Colombo,A,6.0,5.5,True,True
28,OWEN,Laurientè,A,6.0,6.0,False,True
28,OWEN,Simeone,A,7.0,9.0,False,True
28,ROMA SHENHUA SEMPRE,Butez,P,6.0,7.0,True,False
28,ROMA SHENHUA SEMPRE,Bernasconi,D,6.0,6.0,True,False
28,ROMA SHENHUA SEMPRE,Zortea,D,5.5,5.5,True,False
28,ROMA SHENHUA SEMPRE,Gosens,D,5.5,5.5,True,False
28,ROMA SHENHUA SEMPRE,Lobotka,C,6.0,5.5,True,False
28,ROMA SHENHUA SEMPRE,Fagioli,C,6.5,7.5,True,False
28,ROMA SHENHUA SEMPRE,Paz N.,C,7.0,9.0,True,False
28,ROMA SHENHUA SEMPRE,Mandragora,C,,,False,False
28,ROMA SHENHUA SEMPRE,Saelemaekers,C,6.0,6.0,True,False
28,ROMA SHENHUA SEMPRE,Krstovic,A,6.0,6.0,True,False
28,ROMA SHENHUA SEMPRE,Vitinha O.,A,5.0,5.0,True,False
28,ROMA SHENHUA SEMPRE,Montipò,P,6.5,5.5,False,True
28,ROMA SHENHUA SEMPRE,Leali,P,,,False,True
28,ROMA SHENHUA SEMPRE,Kristensen T.,D,6.5,6.5,False,True
28,ROMA SHENHUA SEMPRE,Luperto,D,6.5,6.5,False,True
28,ROMA SHENHUA SEMPRE,Pezzella Giu.,D,6.5,6.0,False,True
28,ROMA SHENHUA SEMPRE,Gallo,D,5.5,5.5,False,True
28,ROMA SHENHUA SEMPRE,Brescianini,C,5.5,5.0,True,True
28,ROMA SHENHUA SEMPRE,Bernardeschi,C,5.5,5.5,False,True
28,ROMA SHENHUA SEMPRE,Bonazzoli,A,6.5,6.5,False,True
28,ROMA SHENHUA SEMPRE,Esposito Se.,A,6.0,6.0,False,True
28,ROMA SHENHUA SEMPRE,Vlahovic,A,6.5,6.5,False,True
28,AVIOD RELEGATION FOOTBALL CLUB,Perin,P,6.5,5.5,True,False
28,AVIOD RELEGATION FOOTBALL CLUB,Kempf,D,6.5,6.5,True,False
28,AVIOD RELEGATION FOOTBALL CLUB,Kelly L.,D,6.0,6.0,True,False
28,AVIOD RELEGATION FOOTBALL CLUB,Martin,D,,,False,False
28,AVIOD RELEGATION FOOTBALL CLUB,Gila,D,6.0,6.0,True,False
28,AVIOD RELEGATION FOOTBALL CLUB,Baldanzi,C,5.5,5.5,True,False
28,AVIOD RELEGATION FOOTBALL CLUB,Thuram K.,C,5.5,5.5,True,False
28,AVIOD RELEGATION FOOTBALL CLUB,Fofana Y.,C,7.0,11.0,True,False
28,AVIOD RELEGATION FOOTBALL CLUB,Yildiz,A,7.0,9.0,True,False
28,AVIOD RELEGATION FOOTBALL CLUB,Scamacca,A,,,False,False
28,AVIOD RELEGATION FOOTBALL CLUB,Pellegrino M.,A,5.0,5.0,True,False
28,AVIOD RELEGATION FOOTBALL CLUB,Falcone,P,6.0,5.0,False,True
28,AVIOD RELEGATION FOOTBALL CLUB,Di Gregorio,P,,,False,True
28,AVIOD RELEGATION FOOTBALL CLUB,Coco,D,5.0,5.0,True,True
28,AVIOD RELEGATION FOOTBALL CLUB,Ziolkowski,D,,,False,True
28,AVIOD RELEGATION FOOTBALL CLUB,Carlos Augusto,D,6.0,5.5,False,True
28,AVIOD RELEGATION FOOTBALL CLUB,Delprato,D,,,False,True
28,AVIOD RELEGATION FOOTBALL CLUB,Maldini,C,5.5,5.5,False,True
28,AVIOD RELEGATION FOOTBALL CLUB,Harrison,C,6.0,6.0,False,True
28,AVIOD RELEGATION FOOTBALL CLUB,Berisha M.,C,,,False,True
28,AVIOD RELEGATION FOOTBALL CLUB,Bernabè,C,,,False,True
28,AVIOD RELEGATION FOOTBALL CLUB,Tourè I.,C,,,False,True
28,AVIOD RELEGATION FOOTBALL CLUB,David,A,,,False,True
28,AVIOD RELEGATION FOOTBALL CLUB,Ratkov,A,,,False,True
28,AVIOD RELEGATION FOOTBALL CLUB,Bonny,A,5.5,5.5,True,True
28,TEAM PC,Ravaglia F.,P,6.0,4.0,True,False
28,TEAM PC,Bremer,D,5.5,5.0,True,False
28,TEAM PC,Dimarco,D,5.5,5.0,True,False
28,TEAM PC,Kamara H.,D,6.0,5.5,True,False
28,TEAM PC,Kabasele,D,6.5,6.5,True,False
28,TEAM PC,Calhanoglu,C,6.0,6.0,True,False
28,TEAM PC,Zambo Anguissa,C,6.0,6.0,True,False
28,TEAM PC,Atta,C,5.5,5.5,True,False
28,TEAM PC,Davis K.,A,7.0,9.5,True,False
28,TEAM PC,Zapata D.,A,5.5,5.5,True,False
28,TEAM PC,Castro S.,A,5.0,4.5,True,False
28,TEAM PC,Pessina Mas.,P,,,False,True
28,TEAM PC,Banda,A,5.5,5.5,False,True
28,TEAM PC,Dia,A,7.0,8.0,False,True
28,TEAM PC,Matic,C,,,False,True
28,TEAM PC,Baschirotto,D,,,False,True
28,TEAM PC,Sucic P.,C,,,False,True
28,TEAM PC,Lazaro,D,,,False,True
28,TEAM PC,Pavlovic,D,7.0,8.5,False,True
28,TEAM PC,Norton-Cuffy,D,5.5,5.5,False,True
28,TEAM PC,Ellertsson,C,5.5,5.5,False,True
28,TEAM PC,Barella,C,6.0,6.5,False,True
28,TEAM PC,Skorupski,P,,,False,True
28,TEAM PC,Oristanio,C,5.5,5.5,False,True
28,TEAM PC,Pinamonti,A,7.0,10.0,False,True
28,ROMAN EMPIRE,Maignan,P,6.5,4.5,True,False
28,ROMAN EMPIRE,Belghali,D,5.5,5.5,True,False
28,ROMAN EMPIRE,Akanji,D,6.0,6.0,True,False
28,ROMAN EMPIRE,Celik,D,,,False,False
28,ROMAN EMPIRE,Rensch,D,6.0,6.0,True,False
28,ROMAN EMPIRE,Zalewski,C,5.5,5.5,True,False
28,ROMAN EMPIRE,Zaniolo,C,6.5,7.0,True,False
28,ROMAN EMPIRE,Pellegrini Lo.,C,6.0,6.0,True,False
28,ROMAN EMPIRE,Rabiot,C,7.0,9.0,True,False
28,ROMAN EMPIRE,Zaragoza,C,,,False,False
28,ROMAN EMPIRE,Lukaku,A,,,False,False
28,ROMAN EMPIRE,Caprile,P,6.5,5.5,False,True
28,ROMAN EMPIRE,Tsimikas,D,5.5,5.5,True,True
28,ROMAN EMPIRE,Arizala,D,,,False,True
28,ROMAN EMPIRE,Politano,C,6.5,6.5,True,True
28,ROMAN EMPIRE,Volpato,C,6.5,6.5,False,True
28,ROMAN EMPIRE,Konè M.,C,,,False,True
28,ROMAN EMPIRE,Dybala,A,,,False,True
28,ROMAN EMPIRE,Vaz,A,7.0,10.0,True,True
28,ROMAN EMPIRE,Solomon,A,,,False,True
28,ROMAN EMPIRE,Addai,A,,,False,True
28,THE GREAT BINGO,Sommer,P,5.5,4.5,True,False
28,THE GREAT BINGO,Bellanova,D,,,False,False
28,THE GREAT BINGO,Romagnoli,D,6.5,6.5,True,False
28,THE GREAT BINGO,Buongiorno,D,6.0,6.0,True,False
28,THE GREAT BINGO,Dumfries,D,6.0,6.0,True,False
28,THE GREAT BINGO,Rowe,C,5.5,5.5,True,False
28,THE GREAT BINGO,Malinovskyi,C,6.5,6.5,True,False
28,THE GREAT BINGO,Conceicao,C,7.0,8.0,True,False
28,THE GREAT BINGO,Thuram,A,6.0,6.0,True,False
28,THE GREAT BINGO,Esposito F.P.,A,7.0,9.0,True,False
28,THE GREAT BINGO,Berardi,A,6.5,7.5,True,False
28,THE GREAT BINGO,Martinez Jo.,P,,,False,True
28,THE GREAT BINGO,Corvi,P,,,False,True
28,THE GREAT BINGO,Cabal,D,,,False,True
28,THE GREAT BINGO,Maripan,D,,,False,True
28,THE GREAT BINGO,Muharemovic,D,7.0,7.0,True,True
28,THE GREAT BINGO,Doig,D,,,False,True
28,THE GREAT BINGO,Thorstvedt,C,,,False,True
28,THE GREAT BINGO,Kostic,C,,,False,True
28,THE GREAT BINGO,Mkhitaryan,C,,,False,True
28,THE GREAT BINGO,Zaccagni,C,,,False,True
28,THE GREAT BINGO,Fadera,C,,,False,True
28,THE GREAT BINGO,Cancellieri,A,6.0,6.0,False,True
28,THE GREAT BINGO,Pedro,A,6.0,6.0,False,True
28,THE GREAT BINGO,Piccoli,A,,,False,True
29,DTE,Carnesecchi,P,6.0,7.0,True,False
29,DTE,Bartesaghi,D,5.5,5.5,True,False
29,DTE,Solet,D,7.0,8.0,True,False
29,DTE,Palestra,D,6.0,6.0,True,False
29,DTE,Miranda J.,D,7.0,9.0,True,False
29,DTE,McTominay,C,6.0,6.0,True,False
29,DTE,Locatelli,C,6.5,6.0,True,False
29,DTE,De Bruyne,C,6.0,6.0,True,False
29,DTE,De Ketelaere,A,7.5,10.5,True,False
29,DTE,Kean,A,5.0,5.0,True,False
29,DTE,Malen,A,6.0,6.0,True,False
29,DTE,Sportiello,P,,,False,True
29,DTE,Rossi F.,P,,,False,True
29,DTE,Heggem,D,,,False,True
29,DTE,Mina,D,5.5,5.5,False,True
29,DTE,Gabbia,D,,,False,True
29,DTE,Vergara,C,,,False,True
29,DTE,Odgaard,C,,,False,True
29,DTE,Ekkelenkamp,C,5.5,5.5,False,True
29,DTE,Mazzitelli,C,,,False,True
29,DTE,Frendrup,C,5.0,4.5,False,True
29,DTE,Adams C.,A,7.0,10.0,False,True
29,DTE,Vardy,A,,,False,True
29,DTE,Cambiaghi,A,,,False,True
29,DTE,Parisi,D,,,False,True
29,BATIGOAL,De Gea,P,7.0,9.0,True,False
29,BATIGOAL,Terracciano F.,D,5.0,5.0,True,False
29,BATIGOAL,Tomori,D,6.0,6.0,True,False
29,BATIGOAL,Ostigard,D,5.0,5.0,True,False
29,BATIGOAL,Santos A.,C,6.5,6.5,True,False
29,BATIGOAL,Konè I.,C,6.0,6.0,True,False
29,BATIGOAL,Vlasic,C,5.5,5.5,True,False
29,BATIGOAL,Gudmundsson A.,C,5.0,4.0,True,False
29,BATIGOAL,Diao,A,6.0,6.0,True,False
29,BATIGOAL,Nkunku,A,5.5,5.5,True,False
29,BATIGOAL,Boga,A,,,False,False
29,BATIGOAL,Muric,P,5.5,4.5,False,True
29,BATIGOAL,Turati,P,,,False,True
29,BATIGOAL,Dodò,D,,,False,True
29,BATIGOAL,Bisseck,D,,,False,True
29,BATIGOAL,Angelino,D,,,False,True
29,BATIGOAL,Ghilardi,D,5.5,5.5,False,True
29,BATIGOAL,Idrissi R.,D,,,False,True
29,BATIGOAL,Perrone,C,5.5,5.0,False,True
29,BATIGOAL,Miretti,C,,,False,True
29,BATIGOAL,Zielinski,C,7.0,7.5,False,True
29,BATIGOAL,El Aynaoui,C,,,False,True
29,BATIGOAL,Martinez L.,A,7.5,12.5,True,True
29,BATIGOAL,Kilicsoy,A,,,False,True
29,BATIGOAL,Djuric,A,5.5,5.5,False,True
29,THE GREAT BINGO,Sommer,P,6.5,4.5,True,False
29,THE GREAT BINGO,Romagnoli,D,5.5,5.5,True,False
29,THE GREAT BINGO,Buongiorno,D,6.0,5.5,True,False
29,THE GREAT BINGO,Muharemovic,D,,,False,False
29,THE GREAT BINGO,Dumfries,D,6.5,6.5,True,False
29,THE GREAT BINGO,Thorstvedt,C,6.5,6.5,True,False
29,THE GREAT BINGO,Malinovskyi,C,5.0,5.0,True,False
29,THE GREAT BINGO,Conceicao,C,6.5,7.5,True,False
29,THE GREAT BINGO,Thuram,A,7.5,12.5,True,False
29,THE GREAT BINGO,Pedro,A,5.5,5.5,True,False
29,THE GREAT BINGO,Berardi,A,6.0,6.0,True,False
29,THE GREAT BINGO,Martinez Jo.,P,,,False,True
29,THE GREAT BINGO,Corvi,P,,,False,True
29,THE GREAT BINGO,Bellanova,D,6.0,6.0,True,True
29,THE GREAT BINGO,Doig,D,,,False,True
29,THE GREAT BINGO,Cabal,D,,,False,True
29,THE GREAT BINGO,Maripan,D,,,False,True
29,THE GREAT BINGO,Rowe,C,7.0,10.0,False,True
29,THE GREAT BINGO,Mkhitaryan,C,6.0,6.0,False,True
29,THE GREAT BINGO,Kostic,C,,,False,True
29,THE GREAT BINGO,Zaccagni,C,,,False,True
29,THE GREAT BINGO,Fadera,C,,,False,True
29,THE GREAT BINGO,Piccoli,A,5.5,5.5,False,True
29,THE GREAT BINGO,Esposito F.P.,A,6.0,6.0,False,True
29,THE GREAT BINGO,Cancellieri,A,6.0,6.0,False,True
29,AVIOD RELEGATION FOOTBALL CLUB,Perin,P,6.0,7.0,True,False
29,AVIOD RELEGATION FOOTBALL CLUB,Kempf,D,6.0,6.0,True,False
29,AVIOD RELEGATION FOOTBALL CLUB,Gila,D,,,False,False
29,AVIOD RELEGATION FOOTBALL CLUB,Kelly L.,D,6.5,7.5,True,False
29,AVIOD RELEGATION FOOTBALL CLUB,Coco,D,6.0,6.0,True,False
29,AVIOD RELEGATION FOOTBALL CLUB,Maldini,C,5.5,5.5,True,False
29,AVIOD RELEGATION FOOTBALL CLUB,Thuram K.,C,6.0,5.5,True,False
29,AVIOD RELEGATION FOOTBALL CLUB,Baldanzi,C,6.5,6.5,True,False
29,AVIOD RELEGATION FOOTBALL CLUB,Fofana Y.,C,5.5,5.5,True,False
29,AVIOD RELEGATION FOOTBALL CLUB,Yildiz,A,6.0,6.0,True,False
29,AVIOD RELEGATION FOOTBALL CLUB,Bonny,A,6.5,6.5,True,False
29,AVIOD RELEGATION FOOTBALL CLUB,Di Gregorio,P,7.0,10.0,False,True
29,AVIOD RELEGATION FOOTBALL CLUB,Falcone,P,7.0,4.0,False,True
29,AVIOD RELEGATION FOOTBALL CLUB,Delprato,D,7.0,10.0,True,True
29,AVIOD RELEGATION FOOTBALL CLUB,Martin,D,5.0,3.0,False,True
29,AVIOD RELEGATION FOOTBALL CLUB,Ziolkowski,D,,,False,True
29,AVIOD RELEGATION FOOTBALL CLUB,Harrison,C,6.0,7.0,False,True
29,AVIOD RELEGATION FOOTBALL CLUB,Bernabè,C,6.0,6.0,False,True
29,AVIOD RELEGATION FOOTBALL CLUB,Tourè I.,C,,,False,True
29,AVIOD RELEGATION FOOTBALL CLUB,Berisha M.,C,,,False,True
29,AVIOD RELEGATION FOOTBALL CLUB,Scamacca,A,,,False,True
29,AVIOD RELEGATION FOOTBALL CLUB,David,A,6.0,6.0,False,True
29,AVIOD RELEGATION FOOTBALL CLUB,Pellegrino M.,A,6.0,5.5,False,True
29,AVIOD RELEGATION FOOTBALL CLUB,Ratkov,A,,,False,True
29,TEAM PC,Ravaglia F.,P,6.0,4.5,True,False
29,TEAM PC,Bremer,D,7.0,9.5,True,False
29,TEAM PC,Dimarco,D,6.5,6.5,True,False
29,TEAM PC,Kamara H.,D,6.0,6.0,True,False
29,TEAM PC,Kabasele,D,7.0,7.0,True,False
29,TEAM PC,Calhanoglu,C,7.5,10.5,True,False
29,TEAM PC,Zambo Anguissa,C,6.0,6.0,True,False
29,TEAM PC,Atta,C,6.5,6.5,True,False
29,TEAM PC,Pinamonti,A,7.0,10.5,True,False
29,TEAM PC,Banda,A,6.0,6.0,True,False
29,TEAM PC,Castro S.,A,6.0,6.0,True,False
29,TEAM PC,Pessina Mas.,P,,,False,True
29,TEAM PC,Dia,A,5.5,5.5,False,True
29,TEAM PC,Matic,C,6.0,6.0,False,True
29,TEAM PC,Baschirotto,D,,,False,True
29,TEAM PC,Sucic P.,C,6.0,6.0,False,True
29,TEAM PC,Lazaro,D,,,False,True
29,TEAM PC,Pavlovic,D,6.5,6.5,False,True
29,TEAM PC,Norton-Cuffy,D,,,False,True
29,TEAM PC,Ellertsson,C,5.5,5.5,False,True
29,TEAM PC,Barella,C,7.5,9.5,False,True
29,TEAM PC,Skorupski,P,,,False,True
29,TEAM PC,Oristanio,C,,,False,True
29,TEAM PC,Zapata D.,A,,,False,True
29,TEAM PC,Davis K.,A,,,False,True
29,OWEN,Milinkovic-Savic V.,P,6.0,7.0,True,False
29,OWEN,Zappacosta,D,6.0,5.5,True,False
29,OWEN,Valle,D,5.5,5.5,True,False
29,OWEN,Ramon,D,,,False,False
29,OWEN,Vojvoda,D,5.5,5.5,True,False
29,OWEN,Taylor K.,C,6.5,7.5,True,False
29,OWEN,Pulisic,C,5.5,5.5,True,False
29,OWEN,Isaksen,C,5.5,5.5,True,False
29,OWEN,Simeone,A,5.5,5.5,True,False
29,OWEN,Douvikas,A,5.5,5.5,True,False
29,OWEN,Leao,A,,,False,False
29,OWEN,Meret,P,,,False,True
29,OWEN,Contini,P,,,False,True
29,OWEN,Marusic,D,5.5,5.5,True,True
29,OWEN,Valeri,D,6.5,6.5,False,True
29,OWEN,Zappa,D,,,False,True
29,OWEN,Vasquez,D,5.0,5.0,False,True
29,OWEN,Vandeputte,C,5.5,5.5,False,True
29,OWEN,Ederson D.S.,C,7.0,7.0,False,True
29,OWEN,Gaetano,C,6.0,6.0,False,True
29,OWEN,Folorunsho,C,6.0,6.0,False,True
29,OWEN,Strefezza,C,6.5,6.0,False,True
29,OWEN,Laurientè,A,5.5,5.5,True,True
29,OWEN,Giovane,A,6.0,6.0,False,True
29,OWEN,Colombo,A,5.5,5.5,False,True
29,ROMA SHENHUA SEMPRE,Butez,P,6.5,7.5,True,False
29,ROMA SHENHUA SEMPRE,Bernasconi,D,6.0,6.0,True,False
29,ROMA SHENHUA SEMPRE,Zortea,D,,,False,False
29,ROMA SHENHUA SEMPRE,Gosens,D,6.0,6.0,True,False
29,ROMA SHENHUA SEMPRE,Saelemaekers,C,6.0,6.0,True,False
29,ROMA SHENHUA SEMPRE,Fagioli,C,7.0,9.5,True,False
29,ROMA SHENHUA SEMPRE,Paz N.,C,5.5,5.5,True,False
29,ROMA SHENHUA SEMPRE,Bernardeschi,C,6.5,6.5,True,False
29,ROMA SHENHUA SEMPRE,Krstovic,A,7.0,9.0,True,False
29,ROMA SHENHUA SEMPRE,Vlahovic,A,,,False,False
29,ROMA SHENHUA SEMPRE,Vitinha O.,A,5.0,5.0,True,False
29,ROMA SHENHUA SEMPRE,Montipò,P,6.0,5.0,False,True
29,ROMA SHENHUA SEMPRE,Leali,P,,,False,True
29,ROMA SHENHUA SEMPRE,Kristensen T.,D,5.5,5.0,True,True
29,ROMA SHENHUA SEMPRE,Obert,D,5.5,5.5,False,True
29,ROMA SHENHUA SEMPRE,Luperto,D,5.5,5.5,False,True
29,ROMA SHENHUA SEMPRE,Pezzella Giu.,D,5.5,5.5,False,True
29,ROMA SHENHUA SEMPRE,Gallo,D,,,False,True
29,ROMA SHENHUA SEMPRE,Lobotka,C,6.0,6.0,False,True
29,ROMA SHENHUA SEMPRE,Brescianini,C,,,False,True
29,ROMA SHENHUA SEMPRE,Bonazzoli,A,6.5,8.5,True,True
29,ROMA SHENHUA SEMPRE,Esposito Se.,A,7.0,9.0,False,True
29,SOVEREIGN83,Svilar,P,5.5,0.5,True,False
29,SOVEREIGN83,Tavares N.,D,6.0,6.0,True,False
29,SOVEREIGN83,Cambiaso,D,6.0,6.0,True,False
29,SOVEREIGN83,Hermoso,D,5.0,5.0,True,False
29,SOVEREIGN83,Bastoni,D,6.0,6.0,True,False
29,SOVEREIGN83,Cataldi,C,6.0,6.0,True,False
29,SOVEREIGN83,Pasalic,C,6.5,7.0,True,False
29,SOVEREIGN83,Da Cunha,C,6.0,6.0,True,False
29,SOVEREIGN83,Baturina,C,6.0,6.0,True,False
29,SOVEREIGN83,Hojlund,A,,,False,False
29,SOVEREIGN83,Openda,A,,,False,False
29,SOVEREIGN83,Gollini,P,,,False,True
29,SOVEREIGN83,Zelezny,P,,,False,True
29,SOVEREIGN83,Tiago Gabriel,D,5.5,5.5,False,True
29,SOVEREIGN83,Circati,D,6.0,6.0,False,True
29,SOVEREIGN83,Kossounou,D,6.0,6.0,False,True
29,SOVEREIGN83,Casadei,C,6.0,6.0,False,True
29,SOVEREIGN83,Raspadori,A,7.0,9.0,True,True
29,SOVEREIGN83,Orban G.,A,5.5,5.5,True,True
29,SOVEREIGN83,Fabbian,C,5.5,5.5,False,True
29,SOVEREIGN83,Basic,C,,,False,True
29,SOVEREIGN83,Soulè,A,5.5,5.5,False,True
29,DELI-XUJUN,Audero,P,5.5,3.5,True,False
29,DELI-XUJUN,Spinazzola,D,6.5,6.5,True,False
29,DELI-XUJUN,N'Dicka,D,5.0,5.0,True,False
29,DELI-XUJUN,Mancini,D,7.0,9.0,True,False
29,DELI-XUJUN,Scalvini,D,7.0,10.0,True,False
29,DELI-XUJUN,McKennie,C,6.5,9.0,True,False
29,DELI-XUJUN,Cristante,C,5.0,5.0,True,False
29,DELI-XUJUN,Modric,C,6.0,6.0,True,False
29,DELI-XUJUN,Pisilli,C,5.0,4.5,True,False
29,DELI-XUJUN,Rodriguez Je.,A,,,False,False
29,DELI-XUJUN,Sulemana K.,A,,,False,False
29,DELI-XUJUN,Semper,P,6.0,5.0,False,True
29,DELI-XUJUN,Silvestri,P,,,False,True
29,DELI-XUJUN,Rrahmani,D,,,False,True
29,DELI-XUJUN,Kalulu,D,6.0,6.0,False,True
29,DELI-XUJUN,Joao Mario,D,7.0,10.0,False,True
29,DELI-XUJUN,Di Lorenzo,D,,,False,True
29,DELI-XUJUN,Elmas,C,,,False,True
29,DELI-XUJUN,Orsolini,C,5.5,5.5,False,True
29,DELI-XUJUN,Nicolussi Caviglia,C,6.0,6.0,False,True
29,DELI-XUJUN,El Shaarawy,C,6.0,6.0,False,True
29,DELI-XUJUN,Dallinga,A,,,False,True
29,DELI-XUJUN,Borrelli,A,5.0,5.0,True,True
29,DELI-XUJUN,Fullkrug,A,5.5,5.5,True,True
29,DELI-XUJUN,Stulic,A,,,False,True
29,ROMAN EMPIRE,Maignan,P,6.0,5.0,True,False
29,ROMAN EMPIRE,Belghali,D,6.5,6.0,True,False
29,ROMAN EMPIRE,Akanji,D,7.0,7.0,True,False
29,ROMAN EMPIRE,Celik,D,5.5,5.5,True,False
29,ROMAN EMPIRE,Rensch,D,6.0,7.0,True,False
29,ROMAN EMPIRE,Zalewski,C,6.0,6.0,True,False
29,ROMAN EMPIRE,Zaniolo,C,6.0,6.0,True,False
29,ROMAN EMPIRE,Pellegrini Lo.,C,6.0,8.0,True,False
29,ROMAN EMPIRE,Rabiot,C,6.0,6.0,True,False
29,ROMAN EMPIRE,Zaragoza,C,,,False,False
29,ROMAN EMPIRE,Vaz,A,,,False,False
29,ROMAN EMPIRE,Caprile,P,6.0,4.0,False,True
29,ROMAN EMPIRE,Holm,D,,,False,True
29,ROMAN EMPIRE,Tsimikas,D,6.0,6.0,False,True
29,ROMAN EMPIRE,Arizala,D,6.0,6.0,False,True
29,ROMAN EMPIRE,Politano,C,7.0,10.5,True,True
29,ROMAN EMPIRE,Volpato,C,5.5,5.5,False,True
29,ROMAN EMPIRE,Konè M.,C,,,False,True
29,ROMAN EMPIRE,Dybala,A,,,False,True
29,ROMAN EMPIRE,Solomon,A,,,False,True
29,ROMAN EMPIRE,Addai,A,,,False,True
29,ROMAN EMPIRE,Lukaku,A,,,False,True
30,ROMAN EMPIRE,Caprile,P,6.0,7.0,True,False
30,ROMAN EMPIRE,Belghali,D,5.5,5.5,True,False
30,ROMAN EMPIRE,Akanji,D,6.5,6.0,True,False
30,ROMAN EMPIRE,Celik,D,6.5,6.0,True,False
30,ROMAN EMPIRE,Rensch,D,6.5,7.5,True,False
30,ROMAN EMPIRE,Zalewski,C,5.5,5.5,True,False
30,ROMAN EMPIRE,Zaniolo,C,7.5,8.5,True,False
30,ROMAN EMPIRE,Pellegrini Lo.,C,6.5,6.5,True,False
30,ROMAN EMPIRE,Rabiot,C,5.0,5.0,True,False
30,ROMAN EMPIRE,Politano,C,5.5,5.5,True,False
30,ROMAN EMPIRE,Vaz,A,,,False,False
30,ROMAN EMPIRE,Maignan,P,6.0,3.0,False,True
30,ROMAN EMPIRE,Suzuki,P,6.0,5.0,False,True
30,ROMAN EMPIRE,Holm,D,6.5,6.5,False,True
30,ROMAN EMPIRE,Tsimikas,D,,,False,True
30,ROMAN EMPIRE,Arizala,D,,,False,True
30,ROMAN EMPIRE,Zaragoza,C,,,False,True
30,ROMAN EMPIRE,Volpato,C,5.5,5.5,False,True
30,ROMAN EMPIRE,Solomon,A,,,False,True
30,ROMAN EMPIRE,Lukaku,A,,,False,True
30,ROMAN EMPIRE,Dybala,A,,,False,True
30,ROMAN EMPIRE,Addai,A,,,False,True
30,DTE,Carnesecchi,P,5.5,4.5,True,False
30,DTE,Bartesaghi,D,5.5,3.5,True,False
30,DTE,Solet,D,7.0,7.0,True,False
30,DTE,Mina,D,6.0,6.0,True,False
30,DTE,Palestra,D,6.0,6.0,True,False
30,DTE,McTominay,C,7.0,10.0,True,False
30,DTE,Locatelli,C,7.0,7.0,True,False
30,DTE,De Bruyne,C,6.0,6.0,True,False
30,DTE,De Ketelaere,A,6.5,6.0,True,False
30,DTE,Kean,A,,,False,False
30,DTE,Malen,A,8.5,16.5,True,False
30,DTE,Sportiello,P,,,False,True
30,DTE,Rossi F.,P,,,False,True
30,DTE,Parisi,D,,,False,True
30,DTE,Miranda J.,D,6.5,6.5,False,True
30,DTE,Heggem,D,,,False,True
30,DTE,Gabbia,D,,,False,True
30,DTE,Ekkelenkamp,C,7.5,10.5,False,True
30,DTE,Odgaard,C,,,False,True
30,DTE,Frendrup,C,6.0,5.5,False,True
30,DTE,Vergara,C,,,False,True
30,DTE,Mazzitelli,C,6.0,6.0,False,True
30,DTE,Adams C.,A,6.0,6.0,True,True
30,DTE,Cambiaghi,A,6.0,6.0,False,True
30,DTE,Vardy,A,,,False,True
30,AVIOD RELEGATION FOOTBALL CLUB,Falcone,P,6.0,4.0,True,False
30,AVIOD RELEGATION FOOTBALL CLUB,Kempf,D,4.5,4.5,True,False
30,AVIOD RELEGATION FOOTBALL CLUB,Coco,D,6.0,6.0,True,False
30,AVIOD RELEGATION FOOTBALL CLUB,Kelly L.,D,6.0,6.0,True,False
30,AVIOD RELEGATION FOOTBALL CLUB,Martin,D,6.5,6.5,True,False
30,AVIOD RELEGATION FOOTBALL CLUB,Fofana Y.,C,5.0,5.0,True,False
30,AVIOD RELEGATION FOOTBALL CLUB,Maldini,C,,,False,False
30,AVIOD RELEGATION FOOTBALL CLUB,Baldanzi,C,7.0,8.0,True,False
30,AVIOD RELEGATION FOOTBALL CLUB,Thuram K.,C,5.5,5.0,True,False
30,AVIOD RELEGATION FOOTBALL CLUB,Yildiz,A,6.0,6.0,True,False
30,AVIOD RELEGATION FOOTBALL CLUB,Scamacca,A,5.5,5.5,True,False
30,AVIOD RELEGATION FOOTBALL CLUB,Di Gregorio,P,6.5,7.5,False,True
30,AVIOD RELEGATION FOOTBALL CLUB,Delprato,D,6.5,6.5,False,True
30,AVIOD RELEGATION FOOTBALL CLUB,Perin,P,,,False,True
30,AVIOD RELEGATION FOOTBALL CLUB,Gila,D,,,False,True
30,AVIOD RELEGATION FOOTBALL CLUB,Carlos Augusto,D,6.0,5.5,False,True
30,AVIOD RELEGATION FOOTBALL CLUB,Ziolkowski,D,,,False,True
30,AVIOD RELEGATION FOOTBALL CLUB,Bernabè,C,6.0,6.0,True,True
30,AVIOD RELEGATION FOOTBALL CLUB,Berisha M.,C,,,False,True
30,AVIOD RELEGATION FOOTBALL CLUB,Harrison,C,6.5,7.5,False,True
30,AVIOD RELEGATION FOOTBALL CLUB,Tourè I.,C,5.0,4.5,False,True
30,AVIOD RELEGATION FOOTBALL CLUB,Bonny,A,5.5,5.0,False,True
30,AVIOD RELEGATION FOOTBALL CLUB,David,A,5.5,5.5,False,True
30,AVIOD RELEGATION FOOTBALL CLUB,Ratkov,A,,,False,True
30,DELI-XUJUN,Audero,P,6.5,5.5,True,False
30,DELI-XUJUN,Spinazzola,D,5.5,5.5,True,False
30,DELI-XUJUN,N'Dicka,D,6.5,7.5,True,False
30,DELI-XUJUN,Mancini,D,,,False,False
30,DELI-XUJUN,Scalvini,D,5.5,5.5,True,False
30,DELI-XUJUN,McKennie,C,,,False,False
30,DELI-XUJUN,Cristante,C,6.5,6.5,True,False
30,DELI-XUJUN,Modric,C,6.0,6.0,True,False
30,DELI-XUJUN,Pisilli,C,6.0,6.0,True,False
30,DELI-XUJUN,Rodriguez Je.,A,,,False,False
30,DELI-XUJUN,Sulemana K.,A,,,False,False
30,DELI-XUJUN,Semper,P,6.0,3.0,False,True
30,DELI-XUJUN,Silvestri,P,,,False,True
30,DELI-XUJUN,Rrahmani,D,,,False,True
30,DELI-XUJUN,Kalulu,D,6.5,6.5,True,True
30,DELI-XUJUN,Joao Mario,D,6.0,6.0,False,True
30,DELI-XUJUN,Di Lorenzo,D,,,False,True
30,DELI-XUJUN,Elmas,C,,,False,True
30,DELI-XUJUN,Orsolini,C,7.0,10.0,True,True
30,DELI-XUJUN,Nicolussi Caviglia,C,5.5,5.5,False,True
30,DELI-XUJUN,El Shaarawy,C,6.0,6.0,False,True
30,DELI-XUJUN,Fullkrug,A,5.0,5.0,True,True
30,DELI-XUJUN,Dallinga,A,,,False,True
30,DELI-XUJUN,Borrelli,A,5.0,5.0,True,True
30,DELI-XUJUN,Stulic,A,5.0,5.0,False,True
30,BATIGOAL,De Gea,P,7.0,8.0,True,False
30,BATIGOAL,Dodò,D,6.0,5.5,True,False
30,BATIGOAL,Ostigard,D,6.0,6.0,True,False
30,BATIGOAL,Ghilardi,D,6.0,6.0,True,False
30,BATIGOAL,Santos A.,C,6.0,6.0,True,False
30,BATIGOAL,Konè I.,C,7.0,9.0,True,False
30,BATIGOAL,Vlasic,C,6.0,6.0,True,False
30,BATIGOAL,Zielinski,C,5.5,5.0,True,False
30,BATIGOAL,Diao,A,6.0,5.5,True,False
30,BATIGOAL,Martinez L.,A,,,False,False
30,BATIGOAL,Boga,A,7.0,11.0,True,False
30,BATIGOAL,Muric,P,6.0,4.0,False,True
30,BATIGOAL,Turati,P,,,False,True
30,BATIGOAL,Bisseck,D,,,False,True
30,BATIGOAL,Angelino,D,,,False,True
30,BATIGOAL,Tomori,D,,,False,True
30,BATIGOAL,Terracciano F.,D,5.5,5.0,False,True
30,BATIGOAL,Idrissi R.,D,,,False,True
30,BATIGOAL,El Aynaoui,C,6.0,6.0,False,True
30,BATIGOAL,Miretti,C,,,False,True
30,BATIGOAL,Perrone,C,6.0,6.0,False,True
30,BATIGOAL,Kilicsoy,A,,,False,True
30,BATIGOAL,Nkunku,A,5.5,5.5,True,True
30,BATIGOAL,Djuric,A,,,False,True
30,ROMA SHENHUA SEMPRE,Butez,P,5.5,2.5,True,False
30,ROMA SHENHUA SEMPRE,Bernasconi,D,5.5,5.5,True,False
30,ROMA SHENHUA SEMPRE,Zortea,D,6.0,6.0,True,False
30,ROMA SHENHUA SEMPRE,Gosens,D,7.0,11.0,True,False
30,ROMA SHENHUA SEMPRE,Saelemaekers,C,5.5,5.5,True,False
30,ROMA SHENHUA SEMPRE,Mandragora,C,5.5,5.5,True,False
30,ROMA SHENHUA SEMPRE,Paz N.,C,7.0,9.0,True,False
30,ROMA SHENHUA SEMPRE,Lobotka,C,6.5,6.5,True,False
30,ROMA SHENHUA SEMPRE,Krstovic,A,6.0,6.0,True,False
30,ROMA SHENHUA SEMPRE,Esposito Se.,A,7.0,11.0,True,False
30,ROMA SHENHUA SEMPRE,Vitinha O.,A,6.0,6.0,True,False
30,ROMA SHENHUA SEMPRE,Montipò,P,6.5,5.5,False,True
30,ROMA SHENHUA SEMPRE,Leali,P,,,False,True
30,ROMA SHENHUA SEMPRE,Kristensen T.,D,6.5,6.0,False,True
30,ROMA SHENHUA SEMPRE,Obert,D,6.0,6.0,False,True
30,ROMA SHENHUA SEMPRE,Luperto,D,6.0,6.0,False,True
30,ROMA SHENHUA SEMPRE,Pezzella Giu.,D,6.0,6.0,False,True
30,ROMA SHENHUA SEMPRE,Brescianini,C,,,False,True
30,ROMA SHENHUA SEMPRE,Bernardeschi,C,6.5,7.5,False,True
30,ROMA SHENHUA SEMPRE,Bonazzoli,A,5.5,5.5,False,True
30,OWEN,Milinkovic-Savic V.,P,6.0,5.0,True,False
30,OWEN,Valle,D,6.0,7.5,True,False
30,OWEN,Ramon,D,5.5,5.0,True,False
30,OWEN,Zappacosta,D,5.5,5.5,True,False
30,OWEN,Vojvoda,D,,,False,False
30,OWEN,Isaksen,C,5.5,5.5,True,False
30,OWEN,Pulisic,C,5.5,5.5,True,False
30,OWEN,Taylor K.,C,5.5,5.5,True,False
30,OWEN,Simeone,A,7.0,9.0,True,False
30,OWEN,Douvikas,A,5.0,5.0,True,False
30,OWEN,Leao,A,4.5,4.0,True,False
30,OWEN,Meret,P,,,False,True
30,OWEN,Contini,P,,,False,True
30,OWEN,Valeri,D,6.5,6.5,True,True
30,OWEN,Vasquez,D,6.5,6.5,False,True
30,OWEN,Marusic,D,,,False,True
30,OWEN,Zappa,D,,,False,True
30,OWEN,Vandeputte,C,6.0,6.0,False,True
30,OWEN,Ederson D.S.,C,6.0,6.0,False,True
30,OWEN,Gaetano,C,6.0,6.0,False,True
30,OWEN,Folorunsho,C,5.5,5.5,False,True
30,OWEN,Strefezza,C,7.0,10.0,False,True
30,OWEN,Laurientè,A,5.5,5.5,False,True
30,OWEN,Giovane,A,5.5,5.5,False,True
30,OWEN,Colombo,A,6.5,6.5,False,True
30,SOVEREIGN83,Svilar,P,6.5,7.5,True,False
30,SOVEREIGN83,Tavares N.,D,6.0,6.0,True,False
30,SOVEREIGN83,Cambiaso,D,5.5,5.0,True,False
30,SOVEREIGN83,Hermoso,D,6.0,6.0,True,False
30,SOVEREIGN83,Bastoni,D,5.5,5.5,True,False
30,SOVEREIGN83,Cataldi,C,,,False,False
30,SOVEREIGN83,Pasalic,C,6.0,6.0,True,False
30,SOVEREIGN83,Da Cunha,C,6.5,8.5,True,False
30,SOVEREIGN83,Baturina,C,5.5,5.5,True,False
30,SOVEREIGN83,Hojlund,A,6.5,7.5,True,False
30,SOVEREIGN83,Soulè,A,6.5,7.5,True,False
30,SOVEREIGN83,Gollini,P,,,False,True
30,SOVEREIGN83,Zelezny,P,,,False,True
30,SOVEREIGN83,Tiago Gabriel,D,6.0,6.0,False,True
30,SOVEREIGN83,Circati,D,6.0,5.5,False,True
30,SOVEREIGN83,Kossounou,D,,,False,True
30,SOVEREIGN83,Casadei,C,7.0,11.0,True,True
30,SOVEREIGN83,Raspadori,A,6.0,6.0,False,True
30,SOVEREIGN83,Orban G.,A,5.5,5.5,False,True
30,SOVEREIGN83,Fabbian,C,5.5,5.5,False,True
30,SOVEREIGN83,Basic,C,5.5,5.5,False,True
30,SOVEREIGN83,Openda,A,,,False,True
30,SOVEREIGN83,Coulibaly L.,C,6.0,6.0,False,True
30,SOVEREIGN83,Durosinmi,A,6.0,6.0,False,True
30,TEAM PC,Ravaglia F.,P,,,False,False
30,TEAM PC,Bremer,D,6.5,6.5,True,False
30,TEAM PC,Dimarco,D,5.0,5.0,True,False
30,TEAM PC,Kamara H.,D,6.0,6.0,True,False
30,TEAM PC,Pavlovic,D,5.5,5.5,True,False
30,TEAM PC,Calhanoglu,C,6.5,7.0,True,False
30,TEAM PC,Zambo Anguissa,C,5.5,5.5,True,False
30,TEAM PC,Barella,C,7.5,9.5,True,False
30,TEAM PC,Pinamonti,A,5.5,5.5,True,False
30,TEAM PC,Castro S.,A,6.0,6.0,True,False
30,TEAM PC,Davis K.,A,7.0,7.0,True,False
30,TEAM PC,Pessina Mas.,P,6.5,7.5,True,True
30,TEAM PC,Dia,A,5.5,5.5,False,True
30,TEAM PC,Banda,A,5.5,5.5,False,True
30,TEAM PC,Ellertsson,C,5.5,4.5,False,True
30,TEAM PC,Atta,C,7.5,10.5,False,True
30,TEAM PC,Matic,C,5.5,5.5,False,True
30,TEAM PC,Kabasele,D,7.0,7.0,False,True
30,TEAM PC,Baschirotto,D,6.0,6.0,False,True
30,TEAM PC,Sucic P.,C,6.0,5.5,False,True
30,TEAM PC,Lazaro,D,,,False,True
30,TEAM PC,Norton-Cuffy,D,,,False,True
30,TEAM PC,Skorupski,P,,,False,True
30,TEAM PC,Oristanio,C,,,False,True
30,TEAM PC,Zapata D.,A,,,False,True
30,THE GREAT BINGO,Sommer,P,5.0,2.0,True,False
30,THE GREAT BINGO,Romagnoli,D,6.0,6.0,True,False
30,THE GREAT BINGO,Buongiorno,D,5.5,5.5,True,False
30,THE GREAT BINGO,Muharemovic,D,6.5,6.0,True,False
30,THE GREAT BINGO,Dumfries,D,8.0,14.0,True,False
30,THE GREAT BINGO,Thorstvedt,C,5.5,5.5,True,False
30,THE GREAT BINGO,Malinovskyi,C,7.0,8.5,True,False
30,THE GREAT BINGO,Conceicao,C,6.0,6.0,True,False
30,THE GREAT BINGO,Rowe,C,6.0,6.0,True,False
30,THE GREAT BINGO,Thuram,A,7.5,11.5,True,False
30,THE GREAT BINGO,Berardi,A,5.5,4.5,True,False
30,THE GREAT BINGO,Martinez Jo.,P,,,False,True
30,THE GREAT BINGO,Corvi,P,,,False,True
30,THE GREAT BINGO,Bellanova,D,,,False,True
30,THE GREAT BINGO,Doig,D,5.5,5.0,False,True
30,THE GREAT BINGO,Cabal,D,,,False,True
30,THE GREAT BINGO,Maripan,D,,,False,True
30,THE GREAT BINGO,Mkhitaryan,C,,,False,True
30,THE GREAT BINGO,Kostic,C,,,False,True
30,THE GREAT BINGO,Fadera,C,,,False,True
30,THE GREAT BINGO,Zaccagni,C,6.0,6.0,False,True
30,THE GREAT BINGO,Esposito F.P.,A,5.5,5.5,False,True
30,THE GREAT BINGO,Pedro,A,5.5,5.0,False,True
30,THE GREAT BINGO,Cancellieri,A,5.5,5.5,False,True
30,THE GREAT BINGO,Piccoli,A,5.5,5.0,False,True
31,SOVEREIGN83,Svilar,P,6.5,5.5,True,False
31,SOVEREIGN83,Circati,D,6.5,6.5,True,False
31,SOVEREIGN83,Hermoso,D,7.0,10.0,True,False
31,SOVEREIGN83,Cambiaso,D,6.0,6.0,True,False
31,SOVEREIGN83,Tiago Gabriel,D,7.0,10.5,True,False
31,SOVEREIGN83,Cataldi,C,6.0,5.5,True,False
31,SOVEREIGN83,Coulibaly L.,C,5.0,5.0,True,False
31,SOVEREIGN83,Da Cunha,C,6.0,6.0,True,False
31,SOVEREIGN83,Baturina,C,5.5,5.5,True,False
31,SOVEREIGN83,Hojlund,A,5.0,5.0,True,False
31,SOVEREIGN83,Soulè,A,6.5,6.5,True,False
31,SOVEREIGN83,Gollini,P,,,False,True
31,SOVEREIGN83,Zelezny,P,,,False,True
31,SOVEREIGN83,Tavares N.,D,6.5,6.5,False,True
31,SOVEREIGN83,Kossounou,D,6.0,6.0,False,True
31,SOVEREIGN83,Casadei,C,5.5,5.5,False,True
31,SOVEREIGN83,Raspadori,A,6.0,6.0,False,True
31,SOVEREIGN83,Orban G.,A,5.0,5.0,False,True
31,SOVEREIGN83,Fabbian,C,,,False,True
31,SOVEREIGN83,Basic,C,7.0,9.0,False,True
31,SOVEREIGN83,Openda,A,,,False,True
31,SOVEREIGN83,Pasalic,C,,,False,True
31,SOVEREIGN83,Durosinmi,A,5.5,5.5,False,True
31,BATIGOAL,De Gea,P,6.5,5.5,True,False
31,BATIGOAL,Dodò,D,6.0,6.0,True,False
31,BATIGOAL,Ostigard,D,6.5,6.0,True,False
31,BATIGOAL,Tomori,D,6.0,6.0,True,False
31,BATIGOAL,Santos A.,C,6.0,6.0,True,False
31,BATIGOAL,Vlasic,C,5.5,5.5,True,False
31,BATIGOAL,Zielinski,C,6.5,8.5,True,False
31,BATIGOAL,Perrone,C,6.0,6.0,True,False
31,BATIGOAL,Gudmundsson A.,C,5.5,5.5,True,False
31,BATIGOAL,Diao,A,5.0,5.0,True,False
31,BATIGOAL,Boga,A,6.5,6.5,True,False
31,BATIGOAL,Muric,P,,,False,True
31,BATIGOAL,Turati,P,6.0,5.0,False,True
31,BATIGOAL,Terracciano F.,D,6.0,6.0,False,True
31,BATIGOAL,Angelino,D,,,False,True
31,BATIGOAL,Ghilardi,D,6.0,6.0,False,True
31,BATIGOAL,Konè I.,C,6.0,5.5,False,True
31,BATIGOAL,El Aynaoui,C,5.5,5.5,False,True
31,BATIGOAL,Miretti,C,,,False,True
31,BATIGOAL,Nkunku,A,,,False,True
31,BATIGOAL,Kilicsoy,A,,,False,True
31,BATIGOAL,Djuric,A,,,False,True
31,DELI-XUJUN,Audero,P,6.0,7.0,True,False
31,DELI-XUJUN,Spinazzola,D,5.0,5.0,True,False
31,DELI-XUJUN,N'Dicka,D,6.0,6.0,True,False
31,DELI-XUJUN,Mancini,D,6.0,6.0,True,False
31,DELI-XUJUN,Scalvini,D,6.0,6.0,True,False
31,DELI-XUJUN,McKennie,C,7.0,8.0,True,False
31,DELI-XUJUN,Cristante,C,6.0,6.0,True,False
31,DELI-XUJUN,Modric,C,6.5,6.5,True,False
31,DELI-XUJUN,Pisilli,C,5.5,5.0,True,False
31,DELI-XUJUN,Rodriguez Je.,A,6.0,6.0,True,False
31,DELI-XUJUN,Sulemana K.,A,,,False,False
31,DELI-XUJUN,Semper,P,6.0,4.0,False,True
31,DELI-XUJUN,Silvestri,P,,,False,True
31,DELI-XUJUN,Rrahmani,D,,,False,True
31,DELI-XUJUN,Kalulu,D,6.5,7.5,False,True
31,DELI-XUJUN,Joao Mario,D,,,False,True
31,DELI-XUJUN,Di Lorenzo,D,,,False,True
31,DELI-XUJUN,Elmas,C,5.5,5.5,False,True
31,DELI-XUJUN,Orsolini,C,6.0,6.0,False,True
31,DELI-XUJUN,Nicolussi Caviglia,C,6.0,6.0,False,True
31,DELI-XUJUN,El Shaarawy,C,6.0,6.0,False,True
31,DELI-XUJUN,Fullkrug,A,,,False,True
31,DELI-XUJUN,Dallinga,A,,,False,True
31,DELI-XUJUN,Borrelli,A,5.0,4.5,True,True
31,DELI-XUJUN,Stulic,A,6.0,6.0,False,True
31,TEAM PC,Ravaglia F.,P,6.0,4.0,True,False
31,TEAM PC,Bremer,D,6.5,6.5,True,False
31,TEAM PC,Dimarco,D,6.5,7.5,True,False
31,TEAM PC,Kamara H.,D,5.5,5.5,True,False
31,TEAM PC,Pavlovic,D,6.5,6.5,True,False
31,TEAM PC,Calhanoglu,C,6.0,6.0,True,False
31,TEAM PC,Atta,C,6.0,6.0,True,False
31,TEAM PC,Barella,C,7.5,10.5,True,False
31,TEAM PC,Pinamonti,A,,,False,False
31,TEAM PC,Dia,A,6.0,5.5,True,False
31,TEAM PC,Banda,A,6.5,6.5,True,False
31,TEAM PC,Pessina Mas.,P,,,False,True
31,TEAM PC,Zambo Anguissa,C,5.5,5.5,False,True
31,TEAM PC,Ellertsson,C,,,False,True
31,TEAM PC,Matic,C,6.0,6.0,False,True
31,TEAM PC,Kabasele,D,5.0,5.0,False,True
31,TEAM PC,Baschirotto,D,6.5,6.5,False,True
31,TEAM PC,Sucic P.,C,,,False,True
31,TEAM PC,Lazaro,D,,,False,True
31,TEAM PC,Norton-Cuffy,D,,,False,True
31,TEAM PC,Skorupski,P,,,False,True
31,TEAM PC,Oristanio,C,,,False,True
31,TEAM PC,Zapata D.,A,,,False,True
31,TEAM PC,Castro S.,A,5.0,5.0,True,True
31,TEAM PC,Davis K.,A,,,False,True
31,DTE,Carnesecchi,P,7.0,7.0,True,False
31,DTE,Bartesaghi,D,6.0,6.0,True,False
31,DTE,Solet,D,6.0,6.0,True,False
31,DTE,Mina,D,5.0,5.0,True,False
31,DTE,Palestra,D,6.0,6.0,True,False
31,DTE,De Bruyne,C,5.5,5.5,True,False
31,DTE,Locatelli,C,6.5,6.0,True,False
31,DTE,McTominay,C,5.5,5.5,True,False
31,DTE,Malen,A,6.0,6.0,True,False
31,DTE,De Ketelaere,A,6.0,6.0,True,False
31,DTE,Adams C.,A,5.5,5.5,True,False
31,DTE,Rossi F.,P,,,False,True
31,DTE,Sportiello,P,,,False,True
31,DTE,Miranda J.,D,5.5,5.5,False,True
31,DTE,Gabbia,D,7.0,7.0,False,True
31,DTE,Heggem,D,5.5,5.5,False,True
31,DTE,Parisi,D,,,False,True
31,DTE,Ekkelenkamp,C,5.5,5.5,False,True
31,DTE,Odgaard,C,,,False,True
31,DTE,Vergara,C,,,False,True
31,DTE,Mazzitelli,C,,,False,True
31,DTE,Frendrup,C,,,False,True
31,DTE,Kean,A,,,False,True
31,DTE,Cambiaghi,A,5.5,5.5,False,True
31,DTE,Vardy,A,,,False,True
31,AVIOD RELEGATION FOOTBALL CLUB,Di Gregorio,P,6.0,7.0,True,False
31,AVIOD RELEGATION FOOTBALL CLUB,Carlos Augusto,D,6.0,6.0,True,False
31,AVIOD RELEGATION FOOTBALL CLUB,Kelly L.,D,6.5,6.5,True,False
31,AVIOD RELEGATION FOOTBALL CLUB,Coco,D,6.0,5.5,True,False
31,AVIOD RELEGATION FOOTBALL CLUB,Martin,D,6.0,6.0,True,False
31,AVIOD RELEGATION FOOTBALL CLUB,Fofana Y.,C,5.5,5.5,True,False
31,AVIOD RELEGATION FOOTBALL CLUB,Bernabè,C,6.0,6.0,True,False
31,AVIOD RELEGATION FOOTBALL CLUB,Thuram K.,C,7.0,9.0,True,False
31,AVIOD RELEGATION FOOTBALL CLUB,Baldanzi,C,7.0,8.0,True,False
31,AVIOD RELEGATION FOOTBALL CLUB,Yildiz,A,6.0,6.0,True,False
31,AVIOD RELEGATION FOOTBALL CLUB,Bonny,A,6.5,6.5,True,False
31,AVIOD RELEGATION FOOTBALL CLUB,Falcone,P,6.0,5.0,False,True
31,AVIOD RELEGATION FOOTBALL CLUB,Delprato,D,6.0,6.0,False,True
31,AVIOD RELEGATION FOOTBALL CLUB,Kempf,D,5.0,5.0,False,True
31,AVIOD RELEGATION FOOTBALL CLUB,Gila,D,7.0,8.0,False,True
31,AVIOD RELEGATION FOOTBALL CLUB,Ziolkowski,D,,,False,True
31,AVIOD RELEGATION FOOTBALL CLUB,Maldini,C,,,False,True
31,AVIOD RELEGATION FOOTBALL CLUB,Harrison,C,7.0,9.0,False,True
31,AVIOD RELEGATION FOOTBALL CLUB,Berisha M.,C,,,False,True
31,AVIOD RELEGATION FOOTBALL CLUB,Tourè I.,C,5.5,5.5,False,True
31,AVIOD RELEGATION FOOTBALL CLUB,David,A,7.0,11.0,False,True
31,AVIOD RELEGATION FOOTBALL CLUB,Scamacca,A,,,False,True
31,AVIOD RELEGATION FOOTBALL CLUB,Pellegrino M.,A,6.0,6.0,False,True
31,AVIOD RELEGATION FOOTBALL CLUB,Ratkov,A,,,False,True
31,THE GREAT BINGO,Sommer,P,,,False,False
31,THE GREAT BINGO,Romagnoli,D,6.5,6.5,True,False
31,THE GREAT BINGO,Buongiorno,D,4.5,4.5,True,False
31,THE GREAT BINGO,Muharemovic,D,6.5,6.5,True,False
31,THE GREAT BINGO,Dumfries,D,6.5,7.5,True,False
31,THE GREAT BINGO,Zaccagni,C,5.0,3.0,True,False
31,THE GREAT BINGO,Thorstvedt,C,6.5,6.0,True,False
31,THE GREAT BINGO,Conceicao,C,6.0,6.0,True,False
31,THE GREAT BINGO,Mkhitaryan,C,6.0,6.0,True,False
31,THE GREAT BINGO,Thuram,A,7.0,10.0,True,False
31,THE GREAT BINGO,Esposito F.P.,A,6.5,6.5,True,False
31,THE GREAT BINGO,Martinez Jo.,P,6.0,7.0,True,True
31,THE GREAT BINGO,Corvi,P,,,False,True
31,THE GREAT BINGO,Bellanova,D,5.5,5.5,False,True
31,THE GREAT BINGO,Cabal,D,,,False,True
31,THE GREAT BINGO,Maripan,D,6.5,6.5,False,True
31,THE GREAT BINGO,Fadera,C,6.0,6.0,False,True
31,THE GREAT BINGO,Kostic,C,,,False,True
31,THE GREAT BINGO,Cancellieri,A,7.0,10.5,False,True
31,THE GREAT BINGO,Pedro,A,,,False,True
31,THE GREAT BINGO,Piccoli,A,5.5,5.5,False,True
31,OWEN,Milinkovic-Savic V.,P,7.0,7.0,True,False
31,OWEN,Valle,D,,,False,False
31,OWEN,Ramon,D,5.5,5.0,True,False
31,OWEN,Zappacosta,D,6.0,6.0,True,False
31,OWEN,Vojvoda,D,5.5,5.5,True,False
31,OWEN,Vandeputte,C,6.0,6.0,True,False
31,OWEN,Pulisic,C,5.5,5.5,True,False
31,OWEN,Strefezza,C,6.5,7.5,True,False
31,OWEN,Simeone,A,5.5,5.5,True,False
31,OWEN,Douvikas,A,5.5,5.5,True,False
31,OWEN,Leao,A,6.0,7.0,True,False
31,OWEN,Meret,P,,,False,True
31,OWEN,Contini,P,,,False,True
31,OWEN,Valeri,D,6.0,6.0,True,True
31,OWEN,Vasquez,D,6.0,6.0,False,True
31,OWEN,Zappa,D,,,False,True
31,OWEN,Ederson D.S.,C,6.5,6.0,False,True
31,OWEN,Taylor K.,C,6.5,7.0,False,True
31,OWEN,Isaksen,C,,,False,True
31,OWEN,Gaetano,C,6.0,6.0,False,True
31,OWEN,Folorunsho,C,,,False,True
31,OWEN,Laurientè,A,7.0,8.0,False,True
31,OWEN,Colombo,A,7.0,11.0,False,True
31,OWEN,Giovane,A,5.5,5.5,False,True
31,ROMA SHENHUA SEMPRE,Butez,P,5.5,3.5,True,False
31,ROMA SHENHUA SEMPRE,Bernasconi,D,6.0,6.0,True,False
31,ROMA SHENHUA SEMPRE,Kristensen T.,D,6.0,6.0,True,False
31,ROMA SHENHUA SEMPRE,Gosens,D,,,False,False
31,ROMA SHENHUA SEMPRE,Saelemaekers,C,6.0,6.0,True,False
31,ROMA SHENHUA SEMPRE,Mandragora,C,6.0,7.0,True,False
31,ROMA SHENHUA SEMPRE,Paz N.,C,7.0,9.0,True,False
31,ROMA SHENHUA SEMPRE,Fagioli,C,6.5,6.5,True,False
31,ROMA SHENHUA SEMPRE,Krstovic,A,7.0,9.0,True,False
31,ROMA SHENHUA SEMPRE,Bonazzoli,A,6.5,7.5,True,False
31,ROMA SHENHUA SEMPRE,Vitinha O.,A,,,False,False
31,ROMA SHENHUA SEMPRE,Montipò,P,6.0,5.0,False,True
31,ROMA SHENHUA SEMPRE,Leali,P,,,False,True
31,ROMA SHENHUA SEMPRE,Zortea,D,6.0,6.0,True,True
31,ROMA SHENHUA SEMPRE,Obert,D,6.0,6.0,False,True
31,ROMA SHENHUA SEMPRE,Luperto,D,6.5,6.5,False,True
31,ROMA SHENHUA SEMPRE,Gallo,D,6.0,7.0,False,True
31,ROMA SHENHUA SEMPRE,Pezzella Giu.,D,6.0,6.0,False,True
31,ROMA SHENHUA SEMPRE,Bernardeschi,C,,,False,True
31,ROMA SHENHUA SEMPRE,Lobotka,C,5.0,4.5,False,True
31,ROMA SHENHUA SEMPRE,Brescianini,C,,,False,True
31,ROMA SHENHUA SEMPRE,Lovric,C,,,False,True
31,ROMA SHENHUA SEMPRE,Esposito Se.,A,6.0,5.5,True,True
31,ROMAN EMPIRE,Maignan,P,6.5,7.5,True,False
31,ROMAN EMPIRE,Belghali,D,5.5,5.5,True,False
31,ROMAN EMPIRE,Akanji,D,6.5,6.5,True,False
31,ROMAN EMPIRE,Celik,D,6.0,6.0,True,False
31,ROMAN EMPIRE,Wesley,D,,,False,False
31,ROMAN EMPIRE,Zalewski,C,6.0,6.0,True,False
31,ROMAN EMPIRE,Zaniolo,C,6.0,5.5,True,False
31,ROMAN EMPIRE,Rabiot,C,7.0,11.0,True,False
31,ROMAN EMPIRE,Volpato,C,7.0,8.5,True,False
31,ROMAN EMPIRE,Politano,C,5.5,5.5,True,False
31,ROMAN EMPIRE,Vaz,A,6.0,6.0,True,False
31,ROMAN EMPIRE,Caprile,P,6.0,3.0,False,True
31,ROMAN EMPIRE,Suzuki,P,6.5,7.5,False,True
31,ROMAN EMPIRE,Rensch,D,6.5,7.5,True,True
31,ROMAN EMPIRE,Holm,D,6.5,6.5,False,True
31,ROMAN EMPIRE,Tsimikas,D,,,False,True
31,ROMAN EMPIRE,Arizala,D,6.0,6.0,False,True
31,ROMAN EMPIRE,Zaragoza,C,,,False,True
31,ROMAN EMPIRE,Solomon,A,5.0,4.5,False,True
31,ROMAN EMPIRE,Lukaku,A,,,False,True
31,ROMAN EMPIRE,Dybala,A,,,False,True
31,ROMAN EMPIRE,Addai,A,,,False,True
32,TEAM PC,Ravaglia F.,P,6.0,4.0,True,False
32,TEAM PC,Kabasele,D,6.0,6.0,True,False
32,TEAM PC,Dimarco,D,7.0,9.0,True,False
32,TEAM PC,Kamara H.,D,5.5,5.5,True,False
32,TEAM PC,Pavlovic,D,6.5,6.5,True,False
32,TEAM PC,Calhanoglu,C,,,False,False
32,TEAM PC,Zambo Anguissa,C,,,False,False
32,TEAM PC,Barella,C,5.5,5.0,True,False
32,TEAM PC,Pinamonti,A,5.5,5.5,True,False
32,TEAM PC,Castro S.,A,5.5,5.5,True,False
32,TEAM PC,Banda,A,6.0,6.0,True,False
32,TEAM PC,Pessina Mas.,P,,,False,True
32,TEAM PC,Bremer,D,6.5,6.5,False,True
32,TEAM PC,Atta,C,8.0,13.0,True,True
32,TEAM PC,Ellertsson,C,5.0,5.0,True,True
32,TEAM PC,Matic,C,6.0,6.0,False,True
32,TEAM PC,Baschirotto,D,5.0,5.0,False,True
32,TEAM PC,Sucic P.,C,6.5,6.5,False,True
32,TEAM PC,Lazaro,D,5.5,5.5,False,True
32,TEAM PC,Norton-Cuffy,D,,,False,True
32,TEAM PC,Skorupski,P,,,False,True
32,TEAM PC,Oristanio,C,,,False,True
32,TEAM PC,Zapata D.,A,6.5,6.5,False,True
32,TEAM PC,Davis K.,A,,,False,True
32,TEAM PC,Dia,A,5.0,5.0,False,True
32,DTE,Carnesecchi,P,6.0,3.0,True,False
32,DTE,Bartesaghi,D,5.5,5.0,True,False
32,DTE,Solet,D,5.0,5.0,True,False
32,DTE,Mina,D,6.0,6.0,True,False
32,DTE,Palestra,D,6.0,6.0,True,False
32,DTE,De Bruyne,C,7.5,11.5,True,False
32,DTE,Ekkelenkamp,C,6.5,7.5,True,False
32,DTE,McTominay,C,7.5,8.5,True,False
32,DTE,Malen,A,7.5,12.5,True,False
32,DTE,De Ketelaere,A,5.5,5.5,True,False
32,DTE,Adams C.,A,5.5,5.5,True,False
32,DTE,Rossi F.,P,,,False,True
32,DTE,Sportiello,P,,,False,True
32,DTE,Miranda J.,D,5.0,5.0,False,True
32,DTE,Gabbia,D,6.0,6.0,False,True
32,DTE,Heggem,D,5.0,5.0,False,True
32,DTE,Parisi,D,,,False,True
32,DTE,Odgaard,C,5.5,5.5,False,True
32,DTE,Vergara,C,,,False,True
32,DTE,Mazzitelli,C,,,False,True
32,DTE,Frendrup,C,5.5,5.5,False,True
32,DTE,Kean,A,,,False,True
32,DTE,Cambiaghi,A,,,False,True
32,DTE,Vardy,A,,,False,True
32,THE GREAT BINGO,Sommer,P,6.0,4.0,True,False
32,THE GREAT BINGO,Romagnoli,D,6.5,6.5,True,False
32,THE GREAT BINGO,Buongiorno,D,6.0,6.0,True,False
32,THE GREAT BINGO,Muharemovic,D,6.0,6.0,True,False
32,THE GREAT BINGO,Dumfries,D,,,False,False
32,THE GREAT BINGO,Zaccagni,C,,,False,False
32,THE GREAT BINGO,Thorstvedt,C,6.0,6.0,True,False
32,THE GREAT BINGO,Mkhitaryan,C,,,False,False
32,THE GREAT BINGO,Malinovskyi,C,5.5,5.5,True,False
32,THE GREAT BINGO,Thuram,A,7.0,9.0,True,False
32,THE GREAT BINGO,Cancellieri,A,6.0,5.5,True,False
32,THE GREAT BINGO,Martinez Jo.,P,,,False,True
32,THE GREAT BINGO,Corvi,P,,,False,True
32,THE GREAT BINGO,Bellanova,D,5.5,5.5,True,True
32,THE GREAT BINGO,Doig,D,,,False,True
32,THE GREAT BINGO,Maripan,D,,,False,True
32,THE GREAT BINGO,Cabal,D,,,False,True
32,THE GREAT BINGO,Conceicao,C,6.5,7.5,True,True
32,THE GREAT BINGO,Rowe,C,6.0,6.0,True,True
32,THE GREAT BINGO,Fadera,C,6.0,6.0,False,True
32,THE GREAT BINGO,Kostic,C,,,False,True
32,THE GREAT BINGO,Esposito F.P.,A,5.5,5.5,False,True
32,THE GREAT BINGO,Piccoli,A,,,False,True
32,THE GREAT BINGO,Pedro,A,7.5,10.5,False,True
32,THE GREAT BINGO,Berardi,A,,,False,True
32,DELI-XUJUN,Audero,P,7.0,5.0,True,False
32,DELI-XUJUN,Spinazzola,D,,,False,False
32,DELI-XUJUN,N'Dicka,D,6.0,6.0,True,False
32,DELI-XUJUN,Mancini,D,6.5,6.5,True,False
32,DELI-XUJUN,Scalvini,D,5.5,6.5,True,False
32,DELI-XUJUN,McKennie,C,6.0,6.0,True,False
32,DELI-XUJUN,Cristante,C,6.0,6.0,True,False
32,DELI-XUJUN,Modric,C,6.0,6.0,True,False
32,DELI-XUJUN,Pisilli,C,6.0,6.0,True,False
32,DELI-XUJUN,Rodriguez Je.,A,,,False,False
32,DELI-XUJUN,Sulemana K.,A,,,False,False
32,DELI-XUJUN,Semper,P,6.0,5.0,False,True
32,DELI-XUJUN,Silvestri,P,,,False,True
32,DELI-XUJUN,Kalulu,D,6.5,6.5,True,True
32,DELI-XUJUN,Rrahmani,D,6.5,6.5,False,True
32,DELI-XUJUN,Joao Mario,D,4.5,4.5,False,True
32,DELI-XUJUN,Di Lorenzo,D,,,False,True
32,DELI-XUJUN,Elmas,C,,,False,True
32,DELI-XUJUN,Orsolini,C,6.0,6.0,False,True
32,DELI-XUJUN,Nicolussi Caviglia,C,6.5,6.5,False,True
32,DELI-XUJUN,El Shaarawy,C,,,False,True
32,DELI-XUJUN,Fullkrug,A,6.0,6.0,True,True
32,DELI-XUJUN,Dallinga,A,,,False,True
32,DELI-XUJUN,Borrelli,A,7.0,10.0,True,True
32,DELI-XUJUN,Stulic,A,5.0,5.0,False,True
32,OWEN,Milinkovic-Savic V.,P,6.5,8.0,True,False
32,OWEN,Vasquez,D,5.5,5.5,True,False
32,OWEN,Marusic,D,,,False,False
32,OWEN,Zappa,D,,,False,False
32,OWEN,Valeri,D,6.5,6.5,True,False
32,OWEN,Vandeputte,C,5.5,5.5,True,False
32,OWEN,Folorunsho,C,6.5,6.5,True,False
32,OWEN,Gaetano,C,7.0,7.0,True,False
32,OWEN,Isaksen,C,6.5,6.5,True,False
32,OWEN,Colombo,A,5.5,5.5,True,False
32,OWEN,Giovane,A,6.0,6.0,True,False
32,OWEN,Meret,P,,,False,True
32,OWEN,Contini,P,,,False,True
32,OWEN,Zappacosta,D,5.5,5.5,True,True
32,OWEN,Valle,D,6.5,6.5,True,True
32,OWEN,Ramon,D,6.0,6.0,False,True
32,OWEN,Ederson D.S.,C,6.0,6.0,False,True
32,OWEN,Taylor K.,C,6.0,6.0,False,True
32,OWEN,Strefezza,C,6.0,6.0,False,True
32,OWEN,Pulisic,C,5.5,5.5,False,True
32,OWEN,Laurientè,A,6.0,5.5,False,True
32,OWEN,Simeone,A,7.0,9.0,False,True
32,OWEN,Douvikas,A,7.0,11.0,False,True
32,OWEN,Leao,A,6.0,6.0,False,True
32,BATIGOAL,De Gea,P,6.0,7.0,True,False
32,BATIGOAL,Bisseck,D,7.0,9.0,True,False
32,BATIGOAL,Ostigard,D,6.0,6.0,True,False
32,BATIGOAL,Dodò,D,6.0,6.0,True,False
32,BATIGOAL,Santos A.,C,7.5,9.5,True,False
32,BATIGOAL,Konè I.,C,6.0,6.0,True,False
32,BATIGOAL,Zielinski,C,5.5,5.5,True,False
32,BATIGOAL,Vlasic,C,6.5,9.5,True,False
32,BATIGOAL,Gudmundsson A.,C,5.5,5.5,True,False
32,BATIGOAL,Diao,A,6.5,8.0,True,False
32,BATIGOAL,Boga,A,5.0,4.5,True,False
32,BATIGOAL,Muric,P,,,False,True
32,BATIGOAL,Turati,P,6.5,7.5,False,True
32,BATIGOAL,Tomori,D,6.5,6.5,False,True
32,BATIGOAL,Angelino,D,,,False,True
32,BATIGOAL,Ghilardi,D,6.0,6.0,False,True
32,BATIGOAL,Terracciano F.,D,5.0,3.0,False,True
32,BATIGOAL,Perrone,C,6.0,6.0,False,True
32,BATIGOAL,El Aynaoui,C,7.5,10.0,False,True
32,BATIGOAL,Miretti,C,,,False,True
32,BATIGOAL,Martinez L.,A,,,False,True
32,BATIGOAL,Nkunku,A,,,False,True
32,BATIGOAL,Kilicsoy,A,,,False,True
32,BATIGOAL,Djuric,A,,,False,True
32,AVIOD RELEGATION FOOTBALL CLUB,Falcone,P,6.5,7.5,True,False
32,AVIOD RELEGATION FOOTBALL CLUB,Delprato,D,6.0,6.0,True,False
32,AVIOD RELEGATION FOOTBALL CLUB,Kelly L.,D,6.0,6.0,True,False
32,AVIOD RELEGATION FOOTBALL CLUB,Carlos Augusto,D,5.0,5.0,True,False
32,AVIOD RELEGATION FOOTBALL CLUB,Martin,D,,,False,False
32,AVIOD RELEGATION FOOTBALL CLUB,Bernabè,C,6.5,6.5,True,False
32,AVIOD RELEGATION FOOTBALL CLUB,Harrison,C,6.0,6.0,True,False
32,AVIOD RELEGATION FOOTBALL CLUB,Baldanzi,C,,,False,False
32,AVIOD RELEGATION FOOTBALL CLUB,Yildiz,A,,,False,False
32,AVIOD RELEGATION FOOTBALL CLUB,Pellegrino M.,A,6.0,6.0,True,False
32,AVIOD RELEGATION FOOTBALL CLUB,Scamacca,A,7.5,11.5,True,False
32,AVIOD RELEGATION FOOTBALL CLUB,Di Gregorio,P,6.0,7.0,False,True
32,AVIOD RELEGATION FOOTBALL CLUB,Gila,D,,,False,True
32,AVIOD RELEGATION FOOTBALL CLUB,Kempf,D,6.5,6.0,True,True
32,AVIOD RELEGATION FOOTBALL CLUB,Ziolkowski,D,,,False,True
32,AVIOD RELEGATION FOOTBALL CLUB,Coco,D,5.5,5.5,False,True
32,AVIOD RELEGATION FOOTBALL CLUB,Tourè I.,C,5.5,5.5,True,True
32,AVIOD RELEGATION FOOTBALL CLUB,Thuram K.,C,6.5,6.5,False,True
32,AVIOD RELEGATION FOOTBALL CLUB,Fofana Y.,C,6.0,6.0,False,True
32,AVIOD RELEGATION FOOTBALL CLUB,Maldini,C,7.0,10.0,False,True
32,AVIOD RELEGATION FOOTBALL CLUB,Berisha M.,C,,,False,True
32,AVIOD RELEGATION FOOTBALL CLUB,David,A,6.0,6.0,True,True
32,AVIOD RELEGATION FOOTBALL CLUB,Bonny,A,5.5,5.5,False,True
32,AVIOD RELEGATION FOOTBALL CLUB,Ratkov,A,,,False,True
32,ROMA SHENHUA SEMPRE,Butez,P,5.5,6.5,True,False
32,ROMA SHENHUA SEMPRE,Bernasconi,D,,,False,False
32,ROMA SHENHUA SEMPRE,Kristensen T.,D,5.5,5.5,True,False
32,ROMA SHENHUA SEMPRE,Gallo,D,6.0,6.0,True,False
32,ROMA SHENHUA SEMPRE,Saelemaekers,C,6.5,6.5,True,False
32,ROMA SHENHUA SEMPRE,Mandragora,C,5.5,5.0,True,False
32,ROMA SHENHUA SEMPRE,Paz N.,C,6.5,6.5,True,False
32,ROMA SHENHUA SEMPRE,Fagioli,C,6.0,6.0,True,False
32,ROMA SHENHUA SEMPRE,Krstovic,A,5.5,5.5,True,False
32,ROMA SHENHUA SEMPRE,Bonazzoli,A,5.5,5.5,True,False
32,ROMA SHENHUA SEMPRE,Vitinha O.,A,5.5,5.5,True,False
32,ROMA SHENHUA SEMPRE,Montipò,P,6.5,7.5,False,True
32,ROMA SHENHUA SEMPRE,Leali,P,6.0,5.0,False,True
32,ROMA SHENHUA SEMPRE,Zortea,D,6.0,6.0,True,True
32,ROMA SHENHUA SEMPRE,Obert,D,5.5,5.5,False,True
32,ROMA SHENHUA SEMPRE,Luperto,D,5.0,5.0,False,True
32,ROMA SHENHUA SEMPRE,Pezzella Giu.,D,5.0,5.0,False,True
32,ROMA SHENHUA SEMPRE,Lobotka,C,6.0,6.0,False,True
32,ROMA SHENHUA SEMPRE,Brescianini,C,,,False,True
32,ROMA SHENHUA SEMPRE,Lovric,C,6.0,6.0,False,True
32,ROMA SHENHUA SEMPRE,Bernardeschi,C,,,False,True
32,ROMA SHENHUA SEMPRE,Esposito Se.,A,6.0,6.0,False,True
32,ROMAN EMPIRE,Maignan,P,6.0,7.0,True,False
32,ROMAN EMPIRE,Belghali,D,6.5,7.5,True,False
32,ROMAN EMPIRE,Akanji,D,6.0,6.0,True,False
32,ROMAN EMPIRE,Celik,D,6.0,6.0,True,False
32,ROMAN EMPIRE,Wesley,D,7.0,7.0,True,False
32,ROMAN EMPIRE,Zalewski,C,5.5,5.5,True,False
32,ROMAN EMPIRE,Zaniolo,C,6.0,6.0,True,False
32,ROMAN EMPIRE,Rabiot,C,6.5,6.5,True,False
32,ROMAN EMPIRE,Volpato,C,6.0,6.0,True,False
32,ROMAN EMPIRE,Politano,C,6.5,6.5,True,False
32,ROMAN EMPIRE,Solomon,A,5.5,5.5,True,False
32,ROMAN EMPIRE,Caprile,P,6.5,4.5,False,True
32,ROMAN EMPIRE,Suzuki,P,6.5,7.5,False,True
32,ROMAN EMPIRE,Rensch,D,6.0,5.5,False,True
32,ROMAN EMPIRE,Holm,D,6.0,6.0,False,True
32,ROMAN EMPIRE,Tsimikas,D,,,False,True
32,ROMAN EMPIRE,Arizala,D,5.5,5.5,False,True
32,ROMAN EMPIRE,Zaragoza,C,,,False,True
32,ROMAN EMPIRE,Lukaku,A,,,False,True
32,ROMAN EMPIRE,Dybala,A,,,False,True
32,ROMAN EMPIRE,Addai,A,,,False,True
32,ROMAN EMPIRE,Vaz,A,6.0,6.0,False,True
32,SOVEREIGN83,Svilar,P,6.5,7.5,True,False
32,SOVEREIGN83,Circati,D,6.0,6.0,True,False
32,SOVEREIGN83,Hermoso,D,6.0,5.5,True,False
32,SOVEREIGN83,Cambiaso,D,5.5,5.0,True,False
32,SOVEREIGN83,Tavares N.,D,5.5,5.5,True,False
32,SOVEREIGN83,Cataldi,C,,,False,False
32,SOVEREIGN83,Basic,C,6.5,7.5,True,False
32,SOVEREIGN83,Da Cunha,C,6.5,7.5,True,False
32,SOVEREIGN83,Baturina,C,7.0,7.0,True,False
32,SOVEREIGN83,Hojlund,A,7.0,7.0,True,False
32,SOVEREIGN83,Soulè,A,6.5,6.5,True,False
32,SOVEREIGN83,Gollini,P,,,False,True
32,SOVEREIGN83,Zelezny,P,,,False,True
32,SOVEREIGN83,Fabbian,C,6.0,6.0,True,True
32,SOVEREIGN83,Coulibaly L.,C,6.0,5.5,False,True
32,SOVEREIGN83,Kossounou,D,6.0,6.0,False,True
32,SOVEREIGN83,Casadei,C,6.0,6.0,False,True
32,SOVEREIGN83,Raspadori,A,5.0,5.0,False,True
32,SOVEREIGN83,Orban G.,A,,,False,True
32,SOVEREIGN83,Openda,A,,,False,True
32,SOVEREIGN83,Pasalic,C,6.0,6.0,False,True
32,SOVEREIGN83,Durosinmi,A,,,False,True
32,SOVEREIGN83,Hien,D,,,False,True
32,SOVEREIGN83,Bastoni,D,,,False,True
33,ROMA SHENHUA SEMPRE,Butez,P,6.0,7.0,True,False
33,ROMA SHENHUA SEMPRE,Gosens,D,4.5,4.5,True,False
33,ROMA SHENHUA SEMPRE,Zortea,D,,,False,False
33,ROMA SHENHUA SEMPRE,Gallo,D,6.5,6.5,True,False
33,ROMA SHENHUA SEMPRE,Saelemaekers,C,5.5,5.5,True,False
33,ROMA SHENHUA SEMPRE,Mandragora,C,,,False,False
33,ROMA SHENHUA SEMPRE,Paz N.,C,6.5,6.5,True,False
33,ROMA SHENHUA SEMPRE,Fagioli,C,4.5,4.5,True,False
33,ROMA SHENHUA SEMPRE,Krstovic,A,5.5,5.0,True,False
33,ROMA SHENHUA SEMPRE,Bonazzoli,A,7.0,9.0,True,False
33,ROMA SHENHUA SEMPRE,Esposito Se.,A,6.5,6.5,True,False
33,ROMA SHENHUA SEMPRE,Montipò,P,6.5,6.5,False,True
33,ROMA SHENHUA SEMPRE,Leali,P,,,False,True
33,ROMA SHENHUA SEMPRE,Kristensen T.,D,7.0,9.0,True,True
33,ROMA SHENHUA SEMPRE,Obert,D,6.0,6.0,False,True
33,ROMA SHENHUA SEMPRE,Luperto,D,6.0,6.0,False,True
33,ROMA SHENHUA SEMPRE,Pezzella Giu.,D,5.0,5.0,False,True
33,ROMA SHENHUA SEMPRE,Lobotka,C,6.0,6.0,True,True
33,ROMA SHENHUA SEMPRE,Brescianini,C,5.0,5.0,False,True
33,ROMA SHENHUA SEMPRE,Lovric,C,6.0,6.0,False,True
33,ROMA SHENHUA SEMPRE,Bernardeschi,C,6.5,6.5,False,True
33,ROMA SHENHUA SEMPRE,Vitinha O.,A,6.0,6.0,False,True
33,ROMA SHENHUA SEMPRE,Vlahovic,A,7.0,10.0,False,True
33,TEAM PC,Ravaglia F.,P,,,False,False
33,TEAM PC,Kabasele,D,6.0,5.5,True,False
33,TEAM PC,Dimarco,D,6.5,6.5,True,False
33,TEAM PC,Kamara H.,D,6.0,6.0,True,False
33,TEAM PC,Pavlovic,D,6.0,6.0,True,False
33,TEAM PC,Atta,C,6.0,6.0,True,False
33,TEAM PC,Sucic P.,C,5.5,5.5,True,False
33,TEAM PC,Barella,C,7.0,7.0,True,False
33,TEAM PC,Zapata D.,A,,,False,False
33,TEAM PC,Castro S.,A,5.5,5.0,True,False
33,TEAM PC,Banda,A,7.0,9.0,True,False
33,TEAM PC,Pessina Mas.,P,6.0,7.0,True,True
33,TEAM PC,Pinamonti,A,,,False,True
33,TEAM PC,Bremer,D,5.5,5.5,False,True
33,TEAM PC,Ellertsson,C,6.0,6.0,False,True
33,TEAM PC,Matic,C,6.0,5.5,False,True
33,TEAM PC,Baschirotto,D,6.0,6.0,False,True
33,TEAM PC,Lazaro,D,6.0,6.0,False,True
33,TEAM PC,Norton-Cuffy,D,,,False,True
33,TEAM PC,Skorupski,P,,,False,True
33,TEAM PC,Oristanio,C,,,False,True
33,TEAM PC,Davis K.,A,,,False,True
33,TEAM PC,Zambo Anguissa,C,5.5,5.5,False,True
33,TEAM PC,Dia,A,6.5,7.5,True,True
33,TEAM PC,Calhanoglu,C,,,False,True
33,SOVEREIGN83,Svilar,P,6.0,7.0,True,False
33,SOVEREIGN83,Tiago Gabriel,D,7.0,7.0,True,False
33,SOVEREIGN83,Hermoso,D,7.5,10.0,True,False
33,SOVEREIGN83,Cambiaso,D,6.0,6.0,True,False
33,SOVEREIGN83,Bastoni,D,6.0,6.0,True,False
33,SOVEREIGN83,Coulibaly L.,C,6.0,6.0,True,False
33,SOVEREIGN83,Basic,C,6.5,6.5,True,False
33,SOVEREIGN83,Da Cunha,C,6.5,6.5,True,False
33,SOVEREIGN83,Baturina,C,6.0,6.0,True,False
33,SOVEREIGN83,Hojlund,A,5.5,5.5,True,False
33,SOVEREIGN83,Soulè,A,6.5,6.5,True,False
33,SOVEREIGN83,Gollini,P,,,False,True
33,SOVEREIGN83,Zelezny,P,,,False,True
33,SOVEREIGN83,Pasalic,C,6.0,6.0,False,True
33,SOVEREIGN83,Fabbian,C,,,False,True
33,SOVEREIGN83,Tavares N.,D,7.0,6.5,False,True
33,SOVEREIGN83,Kossounou,D,,,False,True
33,SOVEREIGN83,Casadei,C,5.5,5.5,False,True
33,SOVEREIGN83,Raspadori,A,6.0,6.0,False,True
33,SOVEREIGN83,Orban G.,A,,,False,True
33,SOVEREIGN83,Openda,A,,,False,True
33,SOVEREIGN83,Durosinmi,A,,,False,True
33,SOVEREIGN83,Hien,D,6.0,6.0,False,True
33,SOVEREIGN83,Circati,D,5.5,5.5,False,True
33,AVIOD RELEGATION FOOTBALL CLUB,Di Gregorio,P,6.0,5.0,True,False
33,AVIOD RELEGATION FOOTBALL CLUB,Kelly L.,D,6.0,6.0,True,False
33,AVIOD RELEGATION FOOTBALL CLUB,Carlos Augusto,D,6.0,6.0,True,False
33,AVIOD RELEGATION FOOTBALL CLUB,Coco,D,5.5,5.5,True,False
33,AVIOD RELEGATION FOOTBALL CLUB,Kempf,D,,,False,False
33,AVIOD RELEGATION FOOTBALL CLUB,Thuram K.,C,6.0,6.0,True,False
33,AVIOD RELEGATION FOOTBALL CLUB,Maldini,C,5.5,5.5,True,False
33,AVIOD RELEGATION FOOTBALL CLUB,Fofana Y.,C,5.0,5.0,True,False
33,AVIOD RELEGATION FOOTBALL CLUB,Yildiz,A,5.5,5.5,True,False
33,AVIOD RELEGATION FOOTBALL CLUB,Scamacca,A,5.5,5.5,True,False
33,AVIOD RELEGATION FOOTBALL CLUB,David,A,5.0,5.0,True,False
33,AVIOD RELEGATION FOOTBALL CLUB,Falcone,P,6.5,5.5,False,True
33,AVIOD RELEGATION FOOTBALL CLUB,Perin,P,,,False,True
33,AVIOD RELEGATION FOOTBALL CLUB,Martin,D,,,False,True
33,AVIOD RELEGATION FOOTBALL CLUB,Gila,D,,,False,True
33,AVIOD RELEGATION FOOTBALL CLUB,Delprato,D,5.5,5.5,True,True
33,AVIOD RELEGATION FOOTBALL CLUB,Ziolkowski,D,,,False,True
33,AVIOD RELEGATION FOOTBALL CLUB,Baldanzi,C,,,False,True
33,AVIOD RELEGATION FOOTBALL CLUB,Berisha M.,C,,,False,True
33,AVIOD RELEGATION FOOTBALL CLUB,Harrison,C,5.0,5.0,False,True
33,AVIOD RELEGATION FOOTBALL CLUB,Bernabè,C,6.0,6.0,False,True
33,AVIOD RELEGATION FOOTBALL CLUB,Tourè I.,C,6.0,6.0,False,True
33,AVIOD RELEGATION FOOTBALL CLUB,Bonny,A,6.0,6.0,False,True
33,AVIOD RELEGATION FOOTBALL CLUB,Ratkov,A,,,False,True
33,AVIOD RELEGATION FOOTBALL CLUB,Pellegrino M.,A,5.0,5.0,False,True
33,DELI-XUJUN,Audero,P,6.0,4.0,True,False
33,DELI-XUJUN,Spinazzola,D,,,False,False
33,DELI-XUJUN,N'Dicka,D,6.0,6.0,True,False
33,DELI-XUJUN,Mancini,D,7.0,10.0,True,False
33,DELI-XUJUN,Scalvini,D,6.0,6.0,True,False
33,DELI-XUJUN,McKennie,C,5.5,5.5,True,False
33,DELI-XUJUN,Cristante,C,6.5,6.5,True,False
33,DELI-XUJUN,Modric,C,,,False,False
33,DELI-XUJUN,Pisilli,C,8.0,12.0,True,False
33,DELI-XUJUN,Rodriguez Je.,A,,,False,False
33,DELI-XUJUN,Sulemana K.,A,,,False,False
33,DELI-XUJUN,Semper,P,5.5,3.5,False,True
33,DELI-XUJUN,Silvestri,P,,,False,True
33,DELI-XUJUN,Kalulu,D,6.0,6.0,True,True
33,DELI-XUJUN,Rrahmani,D,7.0,7.0,False,True
33,DELI-XUJUN,Joao Mario,D,,,False,True
33,DELI-XUJUN,Di Lorenzo,D,,,False,True
33,DELI-XUJUN,Elmas,C,,,False,True
33,DELI-XUJUN,Orsolini,C,5.5,5.5,True,True
33,DELI-XUJUN,Nicolussi Caviglia,C,5.5,5.5,False,True
33,DELI-XUJUN,El Shaarawy,C,6.0,5.5,False,True
33,DELI-XUJUN,Fullkrug,A,,,False,True
33,DELI-XUJUN,Borrelli,A,,,False,True
33,DELI-XUJUN,Dallinga,A,,,False,True
33,DELI-XUJUN,Stulic,A,,,False,True
33,OWEN,Milinkovic-Savic V.,P,7.0,8.0,True,False
33,OWEN,Valle,D,5.5,5.5,True,False
33,OWEN,Ramon,D,6.5,6.0,True,False
33,OWEN,Zappacosta,D,5.5,5.5,True,False
33,OWEN,Marusic,D,6.5,6.5,True,False
33,OWEN,Vandeputte,C,,,False,False
33,OWEN,Pulisic,C,5.0,5.0,True,False
33,OWEN,Isaksen,C,7.0,9.0,True,False
33,OWEN,Leao,A,5.0,5.0,True,False
33,OWEN,Douvikas,A,5.0,5.0,True,False
33,OWEN,Simeone,A,5.0,5.0,True,False
33,OWEN,Meret,P,,,False,True
33,OWEN,Contini,P,,,False,True
33,OWEN,Vasquez,D,6.5,6.5,False,True
33,OWEN,Zappa,D,,,False,True
33,OWEN,Valeri,D,6.0,6.0,False,True
33,OWEN,Ederson D.S.,C,6.0,5.5,True,True
33,OWEN,Strefezza,C,6.5,6.5,False,True
33,OWEN,Gaetano,C,5.5,5.5,False,True
33,OWEN,Folorunsho,C,6.5,6.5,False,True
33,OWEN,Taylor K.,C,5.5,5.5,False,True
33,OWEN,Laurientè,A,8.0,12.0,False,True
33,OWEN,Colombo,A,5.5,5.5,False,True
33,OWEN,Giovane,A,,,False,True
33,BATIGOAL,De Gea,P,6.0,2.0,True,False
33,BATIGOAL,Bisseck,D,6.0,6.0,True,False
33,BATIGOAL,Terracciano F.,D,5.0,5.0,True,False
33,BATIGOAL,Dodò,D,4.5,4.5,True,False
33,BATIGOAL,Santos A.,C,6.0,6.0,True,False
33,BATIGOAL,Konè I.,C,6.5,6.5,True,False
33,BATIGOAL,Zielinski,C,6.5,7.0,True,False
33,BATIGOAL,Vlasic,C,5.5,5.5,True,False
33,BATIGOAL,Perrone,C,6.0,6.0,True,False
33,BATIGOAL,Boga,A,5.5,5.5,True,False
33,BATIGOAL,Martinez L.,A,6.5,7.5,True,False
33,BATIGOAL,Muric,P,,,False,True
33,BATIGOAL,Turati,P,6.0,7.0,False,True
33,BATIGOAL,Angelino,D,,,False,True
33,BATIGOAL,Ghilardi,D,6.0,6.0,False,True
33,BATIGOAL,Ostigard,D,7.0,7.0,False,True
33,BATIGOAL,Tomori,D,4.5,3.5,False,True
33,BATIGOAL,Gudmundsson A.,C,5.0,5.0,False,True
33,BATIGOAL,Miretti,C,5.5,5.5,False,True
33,BATIGOAL,Diao,A,6.0,6.0,False,True
33,BATIGOAL,Nkunku,A,5.5,5.5,False,True
33,BATIGOAL,Djuric,A,,,False,True
33,BATIGOAL,Kilicsoy,A,,,False,True
33,ROMAN EMPIRE,Caprile,P,6.5,7.5,True,False
33,ROMAN EMPIRE,Belghali,D,5.5,5.5,True,False
33,ROMAN EMPIRE,Akanji,D,6.5,6.5,True,False
33,ROMAN EMPIRE,Celik,D,6.5,6.5,True,False
33,ROMAN EMPIRE,Wesley,D,7.0,9.0,True,False
33,ROMAN EMPIRE,Zalewski,C,6.0,6.0,True,False
33,ROMAN EMPIRE,Zaniolo,C,7.0,7.0,True,False
33,ROMAN EMPIRE,Rabiot,C,5.0,5.0,True,False
33,ROMAN EMPIRE,Volpato,C,6.0,5.5,True,False
33,ROMAN EMPIRE,Politano,C,6.5,6.0,True,False
33,ROMAN EMPIRE,Dybala,A,6.0,6.0,True,False
33,ROMAN EMPIRE,Maignan,P,5.5,3.5,False,True
33,ROMAN EMPIRE,Suzuki,P,6.0,4.0,False,True
33,ROMAN EMPIRE,Rensch,D,,,False,True
33,ROMAN EMPIRE,Holm,D,,,False,True
33,ROMAN EMPIRE,Tsimikas,D,,,False,True
33,ROMAN EMPIRE,Arizala,D,,,False,True
33,ROMAN EMPIRE,Konè M.,C,7.0,8.0,False,True
33,ROMAN EMPIRE,Zaragoza,C,,,False,True
33,ROMAN EMPIRE,Solomon,A,5.0,5.0,False,True
33,ROMAN EMPIRE,Lukaku,A,,,False,True
33,ROMAN EMPIRE,Addai,A,,,False,True
33,ROMAN EMPIRE,Vaz,A,,,False,True
33,DTE,Carnesecchi,P,6.0,7.0,True,False
33,DTE,Bartesaghi,D,,,False,False
33,DTE,Solet,D,7.0,7.0,True,False
33,DTE,Mina,D,6.5,7.5,True,False
33,DTE,Gabbia,D,5.0,5.0,True,False
33,DTE,Palestra,D,6.0,6.0,True,False
33,DTE,De Bruyne,C,5.0,5.0,True,False
33,DTE,Locatelli,C,5.5,5.0,True,False
33,DTE,McTominay,C,5.5,5.5,True,False
33,DTE,Ekkelenkamp,C,6.5,7.5,True,False
33,DTE,Malen,A,7.0,8.0,True,False
33,DTE,Sportiello,P,,,False,True
33,DTE,Rossi F.,P,,,False,True
33,DTE,Miranda J.,D,5.5,5.5,True,True
33,DTE,Heggem,D,,,False,True
33,DTE,Parisi,D,5.5,5.0,False,True
33,DTE,Odgaard,C,5.0,5.0,False,True
33,DTE,Frendrup,C,6.0,6.0,False,True
33,DTE,Vergara,C,,,False,True
33,DTE,Mazzitelli,C,,,False,True
33,DTE,De Ketelaere,A,6.5,6.5,False,True
33,DTE,Adams C.,A,,,False,True
33,DTE,Kean,A,,,False,True
33,DTE,Cambiaghi,A,,,False,True
33,DTE,Vardy,A,5.5,5.5,False,True
33,THE GREAT BINGO,Sommer,P,6.0,7.0,True,False
33,THE GREAT BINGO,Romagnoli,D,6.5,6.5,True,False
33,THE GREAT BINGO,Buongiorno,D,6.5,6.5,True,False
33,THE GREAT BINGO,Muharemovic,D,6.5,6.5,True,False
33,THE GREAT BINGO,Dumfries,D,6.0,6.0,True,False
33,THE GREAT BINGO,Mkhitaryan,C,7.0,9.0,True,False
33,THE GREAT BINGO,Malinovskyi,C,6.0,6.0,True,False
33,THE GREAT BINGO,Conceicao,C,7.0,7.0,True,False
33,THE GREAT BINGO,Pedro,A,6.0,6.0,True,False
33,THE GREAT BINGO,Thuram,A,6.5,10.5,True,False
33,THE GREAT BINGO,Berardi,A,7.0,10.0,True,False
33,THE GREAT BINGO,Martinez Jo.,P,,,False,True
33,THE GREAT BINGO,Corvi,P,,,False,True
33,THE GREAT BINGO,Maripan,D,,,False,True
33,THE GREAT BINGO,Bellanova,D,,,False,True
33,THE GREAT BINGO,Doig,D,,,False,True
33,THE GREAT BINGO,Cabal,D,,,False,True
33,THE GREAT BINGO,Zaccagni,C,5.5,5.5,False,True
33,THE GREAT BINGO,Thorstvedt,C,7.5,8.5,False,True
33,THE GREAT BINGO,Rowe,C,6.0,6.0,False,True
33,THE GREAT BINGO,Fadera,C,,,False,True
33,THE GREAT BINGO,Kostic,C,,,False,True
33,THE GREAT BINGO,Esposito F.P.,A,6.0,6.0,False,True
33,THE GREAT BINGO,Piccoli,A,,,False,True
34,DELI-XUJUN,Audero,P,6.0,7.0,True,False
34,DELI-XUJUN,Spinazzola,D,5.5,5.5,True,False
34,DELI-XUJUN,N'Dicka,D,5.0,5.0,True,False
34,DELI-XUJUN,Mancini,D,5.5,5.5,True,False
34,DELI-XUJUN,Scalvini,D,6.0,6.0,True,False
34,DELI-XUJUN,McKennie,C,6.0,6.0,True,False
34,DELI-XUJUN,Cristante,C,6.0,6.0,True,False
34,DELI-XUJUN,Modric,C,,,False,False
34,DELI-XUJUN,Pisilli,C,5.5,5.5,True,False
34,DELI-XUJUN,Rodriguez Je.,A,6.5,6.5,True,False
34,DELI-XUJUN,Sulemana K.,A,,,False,False
34,DELI-XUJUN,Semper,P,5.0,2.0,False,True
34,DELI-XUJUN,Silvestri,P,,,False,True
34,DELI-XUJUN,Kalulu,D,6.0,6.0,False,True
34,DELI-XUJUN,Rrahmani,D,5.5,5.5,False,True
34,DELI-XUJUN,Joao Mario,D,5.5,5.0,False,True
34,DELI-XUJUN,Di Lorenzo,D,6.0,8.0,False,True
34,DELI-XUJUN,Elmas,C,6.0,6.0,True,True
34,DELI-XUJUN,Orsolini,C,7.0,9.0,False,True
34,DELI-XUJUN,Nicolussi Caviglia,C,7.0,8.0,False,True
34,DELI-XUJUN,El Shaarawy,C,,,False,True
34,DELI-XUJUN,Fullkrug,A,6.0,6.0,True,True
34,DELI-XUJUN,Borrelli,A,,,False,True
34,DELI-XUJUN,Dallinga,A,,,False,True
34,DELI-XUJUN,Stulic,A,,,False,True
34,DTE,Carnesecchi,P,7.0,5.0,True,False
34,DTE,Bartesaghi,D,5.0,5.0,True,False
34,DTE,Mina,D,,,False,False
34,DTE,Solet,D,6.5,6.5,True,False
34,DTE,Palestra,D,5.5,5.5,True,False
34,DTE,Locatelli,C,6.0,6.0,True,False
34,DTE,McTominay,C,6.0,6.0,True,False
34,DTE,De Bruyne,C,,,False,False
34,DTE,Malen,A,7.5,13.5,True,False
34,DTE,Vardy,A,7.0,11.0,True,False
34,DTE,De Ketelaere,A,6.5,6.5,True,False
34,DTE,Sportiello,P,,,False,True
34,DTE,Rossi F.,P,,,False,True
34,DTE,Parisi,D,6.0,6.0,True,True
34,DTE,Miranda J.,D,7.5,9.5,False,True
34,DTE,Gabbia,D,5.0,5.0,False,True
34,DTE,Heggem,D,,,False,True
34,DTE,Odgaard,C,,,False,True
34,DTE,Frendrup,C,6.0,6.0,True,True
34,DTE,Vergara,C,,,False,True
34,DTE,Mazzitelli,C,,,False,True
34,DTE,Adams C.,A,,,False,True
34,DTE,Kean,A,,,False,True
34,DTE,Cambiaghi,A,,,False,True
34,DTE,Ekkelenkamp,C,,,False,True
34,AVIOD RELEGATION FOOTBALL CLUB,Di Gregorio,P,6.5,7.5,True,False
34,AVIOD RELEGATION FOOTBALL CLUB,Kelly L.,D,6.5,6.5,True,False
34,AVIOD RELEGATION FOOTBALL CLUB,Kempf,D,6.5,7.5,True,False
34,AVIOD RELEGATION FOOTBALL CLUB,Coco,D,6.0,6.0,True,False
34,AVIOD RELEGATION FOOTBALL CLUB,Delprato,D,5.0,5.0,True,False
34,AVIOD RELEGATION FOOTBALL CLUB,Thuram K.,C,,,False,False
34,AVIOD RELEGATION FOOTBALL CLUB,Harrison,C,,,False,False
34,AVIOD RELEGATION FOOTBALL CLUB,Bernabè,C,,,False,False
34,AVIOD RELEGATION FOOTBALL CLUB,Yildiz,A,6.0,6.0,True,False
34,AVIOD RELEGATION FOOTBALL CLUB,Bonny,A,6.5,7.5,True,False
34,AVIOD RELEGATION FOOTBALL CLUB,Scamacca,A,,,False,False
34,AVIOD RELEGATION FOOTBALL CLUB,Falcone,P,6.5,5.5,False,True
34,AVIOD RELEGATION FOOTBALL CLUB,Perin,P,,,False,True
34,AVIOD RELEGATION FOOTBALL CLUB,Martin,D,6.0,6.0,False,True
34,AVIOD RELEGATION FOOTBALL CLUB,Gila,D,5.5,5.5,False,True
34,AVIOD RELEGATION FOOTBALL CLUB,Carlos Augusto,D,6.5,6.5,False,True
34,AVIOD RELEGATION FOOTBALL CLUB,Ziolkowski,D,,,False,True
34,AVIOD RELEGATION FOOTBALL CLUB,Maldini,C,,,False,True
34,AVIOD RELEGATION FOOTBALL CLUB,Fofana Y.,C,5.5,5.5,True,True
34,AVIOD RELEGATION FOOTBALL CLUB,Berisha M.,C,,,False,True
34,AVIOD RELEGATION FOOTBALL CLUB,Baldanzi,C,,,False,True
34,AVIOD RELEGATION FOOTBALL CLUB,Tourè I.,C,5.5,5.5,True,True
34,AVIOD RELEGATION FOOTBALL CLUB,David,A,,,False,True
34,AVIOD RELEGATION FOOTBALL CLUB,Pellegrino M.,A,6.0,6.0,True,True
34,AVIOD RELEGATION FOOTBALL CLUB,Ratkov,A,,,False,True
34,BATIGOAL,De Gea,P,6.5,7.5,True,False
34,BATIGOAL,Ostigard,D,6.5,7.5,True,False
34,BATIGOAL,Terracciano F.,D,6.5,6.5,True,False
34,BATIGOAL,Dodò,D,6.0,6.0,True,False
34,BATIGOAL,Santos A.,C,7.0,9.0,True,False
34,BATIGOAL,Konè I.,C,6.0,6.0,True,False
34,BATIGOAL,Perrone,C,5.0,5.0,True,False
34,BATIGOAL,Vlasic,C,6.0,6.0,True,False
34,BATIGOAL,Gudmundsson A.,C,,,False,False
34,BATIGOAL,Boga,A,,,False,False
34,BATIGOAL,Diao,A,5.5,5.5,True,False
34,BATIGOAL,Muric,P,6.0,4.0,False,True
34,BATIGOAL,Turati,P,,,False,True
34,BATIGOAL,Bisseck,D,6.5,6.5,False,True
34,BATIGOAL,Angelino,D,,,False,True
34,BATIGOAL,Ghilardi,D,6.5,6.5,False,True
34,BATIGOAL,Zielinski,C,,,False,True
34,BATIGOAL,El Aynaoui,C,6.0,6.0,True,True
34,BATIGOAL,Miretti,C,,,False,True
34,BATIGOAL,Martinez L.,A,7.5,12.5,True,True
34,BATIGOAL,Nkunku,A,7.0,9.0,False,True
34,BATIGOAL,Djuric,A,,,False,True
34,BATIGOAL,Kilicsoy,A,,,False,True
34,THE GREAT BINGO,Martinez Jo.,P,6.0,7.0,True,False
34,THE GREAT BINGO,Romagnoli,D,5.0,4.0,True,False
34,THE GREAT BINGO,Buongiorno,D,5.5,5.5,True,False
34,THE GREAT BINGO,Muharemovic,D,5.0,5.0,True,False
34,THE GREAT BINGO,Dumfries,D,6.0,6.0,True,False
34,THE GREAT BINGO,Zaccagni,C,,,False,False
34,THE GREAT BINGO,Mkhitaryan,C,7.0,8.5,True,False
34,THE GREAT BINGO,Thorstvedt,C,6.5,8.0,True,False
34,THE GREAT BINGO,Conceicao,C,6.0,5.5,True,False
34,THE GREAT BINGO,Thuram,A,7.0,8.0,True,False
34,THE GREAT BINGO,Berardi,A,6.0,6.0,True,False
34,THE GREAT BINGO,Sommer,P,,,False,True
34,THE GREAT BINGO,Corvi,P,,,False,True
34,THE GREAT BINGO,Bellanova,D,5.5,5.0,False,True
34,THE GREAT BINGO,Doig,D,5.5,5.5,False,True
34,THE GREAT BINGO,Maripan,D,,,False,True
34,THE GREAT BINGO,Cabal,D,,,False,True
34,THE GREAT BINGO,Malinovskyi,C,6.0,6.0,True,True
34,THE GREAT BINGO,Rowe,C,7.0,10.0,False,True
34,THE GREAT BINGO,Kostic,C,,,False,True
34,THE GREAT BINGO,Esposito F.P.,A,,,False,True
34,THE GREAT BINGO,Cancellieri,A,5.0,5.0,False,True
34,THE GREAT BINGO,Pedro,A,5.5,5.5,False,True
34,THE GREAT BINGO,Piccoli,A,5.5,5.5,False,True
34,ROMA SHENHUA SEMPRE,Butez,P,6.0,7.0,True,False
34,ROMA SHENHUA SEMPRE,Gosens,D,6.0,6.0,True,False
34,ROMA SHENHUA SEMPRE,Kristensen T.,D,6.5,6.5,True,False
34,ROMA SHENHUA SEMPRE,Obert,D,5.5,5.5,True,False
34,ROMA SHENHUA SEMPRE,Saelemaekers,C,5.0,4.5,True,False
34,ROMA SHENHUA SEMPRE,Bernardeschi,C,7.0,8.5,True,False
34,ROMA SHENHUA SEMPRE,Paz N.,C,6.0,6.0,True,False
34,ROMA SHENHUA SEMPRE,Fagioli,C,5.5,5.5,True,False
34,ROMA SHENHUA SEMPRE,Krstovic,A,7.0,7.5,True,False
34,ROMA SHENHUA SEMPRE,Vlahovic,A,7.0,11.0,True,False
34,ROMA SHENHUA SEMPRE,Bonazzoli,A,7.0,9.0,True,False
34,ROMA SHENHUA SEMPRE,Montipò,P,6.0,5.0,False,True
34,ROMA SHENHUA SEMPRE,Leali,P,,,False,True
34,ROMA SHENHUA SEMPRE,Gallo,D,6.0,6.0,False,True
34,ROMA SHENHUA SEMPRE,Zortea,D,6.0,6.0,False,True
34,ROMA SHENHUA SEMPRE,Luperto,D,6.5,6.5,False,True
34,ROMA SHENHUA SEMPRE,Pezzella Giu.,D,6.5,6.5,False,True
34,ROMA SHENHUA SEMPRE,Lobotka,C,6.0,6.0,False,True
34,ROMA SHENHUA SEMPRE,Mandragora,C,5.5,5.5,False,True
34,ROMA SHENHUA SEMPRE,Brescianini,C,6.0,6.0,False,True
34,ROMA SHENHUA SEMPRE,Lovric,C,5.5,5.5,False,True
34,ROMA SHENHUA SEMPRE,Vitinha O.,A,5.5,5.5,False,True
34,ROMA SHENHUA SEMPRE,Esposito Se.,A,6.0,6.0,False,True
34,TEAM PC,Ravaglia F.,P,,,False,False
34,TEAM PC,Bremer,D,6.5,6.5,True,False
34,TEAM PC,Dimarco,D,,,False,False
34,TEAM PC,Kamara H.,D,6.5,7.5,True,False
34,TEAM PC,Pavlovic,D,6.0,8.0,True,False
34,TEAM PC,Atta,C,6.0,6.0,True,False
34,TEAM PC,Zambo Anguissa,C,,,False,False
34,TEAM PC,Barella,C,6.5,6.5,True,False
34,TEAM PC,Davis K.,A,6.0,7.0,True,False
34,TEAM PC,Pinamonti,A,5.5,5.5,True,False
34,TEAM PC,Banda,A,6.0,6.0,True,False
34,TEAM PC,Pessina Mas.,P,6.0,4.0,True,True
34,TEAM PC,Ellertsson,C,5.5,5.5,True,True
34,TEAM PC,Matic,C,6.0,6.0,False,True
34,TEAM PC,Baschirotto,D,,,False,True
34,TEAM PC,Lazaro,D,6.0,6.0,True,True
34,TEAM PC,Norton-Cuffy,D,,,False,True
34,TEAM PC,Skorupski,P,,,False,True
34,TEAM PC,Oristanio,C,,,False,True
34,TEAM PC,Castro S.,A,5.5,5.5,False,True
34,TEAM PC,Dia,A,5.5,5.5,False,True
34,TEAM PC,Calhanoglu,C,,,False,True
34,TEAM PC,Sucic P.,C,7.0,9.0,False,True
34,TEAM PC,Zapata D.,A,7.0,8.0,False,True
34,TEAM PC,Kabasele,D,,,False,True
34,SOVEREIGN83,Svilar,P,6.0,4.0,True,False
34,SOVEREIGN83,Hien,D,6.5,6.0,True,False
34,SOVEREIGN83,Hermoso,D,5.5,5.5,True,False
34,SOVEREIGN83,Cambiaso,D,6.5,7.5,True,False
34,SOVEREIGN83,Tavares N.,D,,,False,False
34,SOVEREIGN83,Fabbian,C,6.0,6.0,True,False
34,SOVEREIGN83,Basic,C,5.5,5.5,True,False
34,SOVEREIGN83,Da Cunha,C,6.5,6.5,True,False
34,SOVEREIGN83,Baturina,C,6.5,6.5,True,False
34,SOVEREIGN83,Hojlund,A,6.5,7.5,True,False
34,SOVEREIGN83,Soulè,A,5.5,5.5,True,False
34,SOVEREIGN83,Gollini,P,,,False,True
34,SOVEREIGN83,Zelezny,P,,,False,True
34,SOVEREIGN83,Pasalic,C,5.5,5.5,False,True
34,SOVEREIGN83,Coulibaly L.,C,5.5,5.5,False,True
34,SOVEREIGN83,Bastoni,D,6.0,6.0,True,True
34,SOVEREIGN83,Kossounou,D,,,False,True
34,SOVEREIGN83,Casadei,C,,,False,True
34,SOVEREIGN83,Raspadori,A,7.0,10.0,False,True
34,SOVEREIGN83,Orban G.,A,,,False,True
34,SOVEREIGN83,Openda,A,,,False,True
34,SOVEREIGN83,Durosinmi,A,,,False,True
34,SOVEREIGN83,Tiago Gabriel,D,5.0,5.0,False,True
34,SOVEREIGN83,Circati,D,6.0,6.0,False,True
34,OWEN,Milinkovic-Savic V.,P,5.5,2.5,True,False
34,OWEN,Valle,D,6.0,6.0,True,False
34,OWEN,Vasquez,D,,,False,False
34,OWEN,Vojvoda,D,5.5,5.5,True,False
34,OWEN,Isaksen,C,6.0,6.0,True,False
34,OWEN,Vandeputte,C,6.5,7.5,True,False
34,OWEN,Pulisic,C,,,False,False
34,OWEN,Strefezza,C,7.0,8.5,True,False
34,OWEN,Laurientè,A,5.5,5.5,True,False
34,OWEN,Simeone,A,7.0,10.0,True,False
34,OWEN,Douvikas,A,7.0,11.0,True,False
34,OWEN,Meret,P,,,False,True
34,OWEN,Contini,P,,,False,True
34,OWEN,Zappacosta,D,7.0,9.0,True,True
34,OWEN,Valeri,D,6.5,6.5,False,True
34,OWEN,Marusic,D,5.0,5.0,False,True
34,OWEN,Zappa,D,6.0,6.0,False,True
34,OWEN,Ederson D.S.,C,7.5,11.5,True,True
34,OWEN,Folorunsho,C,6.0,6.0,False,True
34,OWEN,Gaetano,C,6.0,6.0,False,True
34,OWEN,Taylor K.,C,,,False,True
34,OWEN,Leao,A,4.5,4.0,False,True
34,OWEN,Colombo,A,5.5,5.5,False,True
34,OWEN,Giovane,A,6.5,6.5,False,True
34,ROMAN EMPIRE,Caprile,P,6.5,4.5,True,False
34,ROMAN EMPIRE,Belghali,D,6.0,6.0,True,False
34,ROMAN EMPIRE,Akanji,D,,,False,False
34,ROMAN EMPIRE,Celik,D,6.0,6.0,True,False
34,ROMAN EMPIRE,Wesley,D,5.5,5.5,True,False
34,ROMAN EMPIRE,Zalewski,C,6.5,6.5,True,False
34,ROMAN EMPIRE,Zaniolo,C,6.0,6.0,True,False
34,ROMAN EMPIRE,Rabiot,C,5.5,5.5,True,False
34,ROMAN EMPIRE,Konè M.,C,6.0,6.0,True,False
34,ROMAN EMPIRE,Politano,C,6.0,5.5,True,False
34,ROMAN EMPIRE,Solomon,A,6.0,6.0,True,False
34,ROMAN EMPIRE,Maignan,P,5.5,2.5,False,True
34,ROMAN EMPIRE,Suzuki,P,6.5,3.5,False,True
34,ROMAN EMPIRE,Rensch,D,7.5,9.5,True,True
34,ROMAN EMPIRE,Holm,D,6.0,6.0,False,True
34,ROMAN EMPIRE,Tsimikas,D,,,False,True
34,ROMAN EMPIRE,Arizala,D,,,False,True
34,ROMAN EMPIRE,Volpato,C,6.5,6.5,False,True
34,ROMAN EMPIRE,Zaragoza,C,,,False,True
34,ROMAN EMPIRE,Dybala,A,7.0,8.0,False,True
34,ROMAN EMPIRE,Lukaku,A,,,False,True
34,ROMAN EMPIRE,Addai,A,,,False,True
34,ROMAN EMPIRE,Vaz,A,,,False,True
35,OWEN,Meret,P,7.0,8.0,True,False
35,OWEN,Zappacosta,D,5.5,5.5,True,False
35,OWEN,Ramon,D,6.5,6.0,True,False
35,OWEN,Vojvoda,D,,,False,False
35,OWEN,Valeri,D,6.0,6.0,True,False
35,OWEN,Strefezza,C,5.0,5.0,True,False
35,OWEN,Pulisic,C,6.5,7.5,True,False
35,OWEN,Ederson D.S.,C,6.0,6.0,True,False
35,OWEN,Laurientè,A,7.0,9.0,True,False
35,OWEN,Douvikas,A,6.0,6.0,True,False
35,OWEN,Simeone,A,5.0,5.0,True,False
35,OWEN,Milinkovic-Savic V.,P,,,False,True
35,OWEN,Contini,P,,,False,True
35,OWEN,Vasquez,D,7.0,9.0,True,True
35,OWEN,Zappa,D,5.5,5.5,False,True
35,OWEN,Marusic,D,5.5,5.5,False,True
35,OWEN,Valle,D,,,False,True
35,OWEN,Vandeputte,C,,,False,True
35,OWEN,Isaksen,C,5.5,5.5,False,True
35,OWEN,Taylor K.,C,5.5,5.0,False,True
35,OWEN,Gaetano,C,6.5,7.5,False,True
35,OWEN,Folorunsho,C,6.0,6.0,False,True
35,OWEN,Colombo,A,5.5,5.5,False,True
35,OWEN,Giovane,A,,,False,True
35,DTE,Carnesecchi,P,6.5,5.5,True,False
35,DTE,Bartesaghi,D,6.0,6.0,True,False
35,DTE,Solet,D,6.5,6.5,True,False
35,DTE,Palestra,D,6.5,6.5,True,False
35,DTE,Odgaard,C,,,False,False
35,DTE,De Bruyne,C,6.5,6.5,True,False
35,DTE,McTominay,C,7.0,10.0,True,False
35,DTE,Frendrup,C,6.0,6.0,True,False
35,DTE,De Ketelaere,A,6.0,6.0,True,False
35,DTE,Vardy,A,7.0,11.0,True,False
35,DTE,Malen,A,6.5,6.5,True,False
35,DTE,Sportiello,P,,,False,True
35,DTE,Rossi F.,P,,,False,True
35,DTE,Miranda J.,D,6.5,7.5,False,True
35,DTE,Mina,D,7.0,10.0,False,True
35,DTE,Parisi,D,6.0,6.0,False,True
35,DTE,Heggem,D,6.5,6.5,False,True
35,DTE,Gabbia,D,6.0,5.5,False,True
35,DTE,Vergara,C,,,False,True
35,DTE,Locatelli,C,5.5,5.5,True,True
35,DTE,Mazzitelli,C,,,False,True
35,DTE,Adams C.,A,5.5,5.5,False,True
35,DTE,Kean,A,,,False,True
35,DTE,Cambiaghi,A,,,False,True
35,DTE,Ekkelenkamp,C,,,False,True
35,ROMA SHENHUA SEMPRE,Butez,P,6.5,7.5,True,False
35,ROMA SHENHUA SEMPRE,Gosens,D,5.5,5.5,True,False
35,ROMA SHENHUA SEMPRE,Kristensen T.,D,6.0,6.0,True,False
35,ROMA SHENHUA SEMPRE,Obert,D,6.5,6.5,True,False
35,ROMA SHENHUA SEMPRE,Gallo,D,5.5,5.0,True,False
35,ROMA SHENHUA SEMPRE,Lobotka,C,6.5,6.5,True,False
35,ROMA SHENHUA SEMPRE,Fagioli,C,6.5,6.5,True,False
35,ROMA SHENHUA SEMPRE,Mandragora,C,7.0,9.0,True,False
35,ROMA SHENHUA SEMPRE,Krstovic,A,5.0,5.0,True,False
35,ROMA SHENHUA SEMPRE,Vlahovic,A,5.0,5.0,True,False
35,ROMA SHENHUA SEMPRE,Esposito Se.,A,7.0,10.0,True,False
35,ROMA SHENHUA SEMPRE,Montipò,P,7.5,6.5,False,True
35,ROMA SHENHUA SEMPRE,Leali,P,,,False,True
35,ROMA SHENHUA SEMPRE,Zortea,D,,,False,True
35,ROMA SHENHUA SEMPRE,Luperto,D,6.5,6.5,False,True
35,ROMA SHENHUA SEMPRE,Pezzella Giu.,D,6.0,6.0,False,True
35,ROMA SHENHUA SEMPRE,Bernardeschi,C,5.5,5.5,False,True
35,ROMA SHENHUA SEMPRE,Brescianini,C,6.0,6.0,False,True
35,ROMA SHENHUA SEMPRE,Lovric,C,6.0,6.0,False,True
35,ROMA SHENHUA SEMPRE,Bonazzoli,A,6.5,6.0,False,True
35,ROMA SHENHUA SEMPRE,Vitinha O.,A,6.0,5.5,False,True
35,DELI-XUJUN,Audero,P,7.0,8.0,True,False
35,DELI-XUJUN,Scalvini,D,5.5,5.5,True,False
35,DELI-XUJUN,N'Dicka,D,6.0,6.0,True,False
35,DELI-XUJUN,Mancini,D,8.0,14.0,True,False
35,DELI-XUJUN,Di Lorenzo,D,6.0,6.0,True,False
35,DELI-XUJUN,McKennie,C,5.5,5.5,True,False
35,DELI-XUJUN,Cristante,C,6.5,6.5,True,False
35,DELI-XUJUN,Modric,C,,,False,False
35,DELI-XUJUN,Pisilli,C,6.5,7.5,True,False
35,DELI-XUJUN,Rodriguez Je.,A,7.0,8.0,True,False
35,DELI-XUJUN,Sulemana K.,A,5.5,5.5,True,False
35,DELI-XUJUN,Semper,P,5.5,2.5,False,True
35,DELI-XUJUN,Silvestri,P,,,False,True
35,DELI-XUJUN,Kalulu,D,5.5,5.5,False,True
35,DELI-XUJUN,Spinazzola,D,6.0,6.0,False,True
35,DELI-XUJUN,Rrahmani,D,7.0,10.0,False,True
35,DELI-XUJUN,Joao Mario,D,6.0,6.0,False,True
35,DELI-XUJUN,Elmas,C,6.5,7.0,True,True
35,DELI-XUJUN,Orsolini,C,7.0,10.0,False,True
35,DELI-XUJUN,Nicolussi Caviglia,C,6.0,6.0,False,True
35,DELI-XUJUN,El Shaarawy,C,6.0,5.5,False,True
35,DELI-XUJUN,Borrelli,A,,,False,True
35,DELI-XUJUN,Stulic,A,7.0,10.0,False,True
35,DELI-XUJUN,Dallinga,A,6.0,6.0,False,True
35,DELI-XUJUN,Fullkrug,A,6.0,6.0,False,True
35,BATIGOAL,Turati,P,6.5,3.5,True,False
35,BATIGOAL,Dodò,D,6.5,6.5,True,False
35,BATIGOAL,Ghilardi,D,,,False,False
35,BATIGOAL,Bisseck,D,,,False,False
35,BATIGOAL,Santos A.,C,6.0,5.5,True,False
35,BATIGOAL,Konè I.,C,5.5,5.5,True,False
35,BATIGOAL,El Aynaoui,C,6.0,6.0,True,False
35,BATIGOAL,Zielinski,C,6.0,6.0,True,False
35,BATIGOAL,Diao,A,5.5,5.5,True,False
35,BATIGOAL,Martinez L.,A,5.5,5.5,True,False
35,BATIGOAL,Nkunku,A,7.0,10.0,True,False
35,BATIGOAL,Muric,P,,,False,True
35,BATIGOAL,De Gea,P,7.0,8.0,False,True
35,BATIGOAL,Angelino,D,,,False,True
35,BATIGOAL,Terracciano F.,D,6.5,6.5,True,True
35,BATIGOAL,Tomori,D,6.0,5.5,True,True
35,BATIGOAL,Perrone,C,6.5,6.5,False,True
35,BATIGOAL,Gudmundsson A.,C,6.0,5.5,False,True
35,BATIGOAL,Vlasic,C,5.5,5.5,False,True
35,BATIGOAL,Miretti,C,,,False,True
35,BATIGOAL,Boga,A,6.0,6.0,False,True
35,BATIGOAL,Kilicsoy,A,,,False,True
35,BATIGOAL,Djuric,A,,,False,True
35,TEAM PC,Ravaglia F.,P,,,False,False
35,TEAM PC,Bremer,D,6.0,5.5,True,False
35,TEAM PC,Dimarco,D,5.5,5.5,True,False
35,TEAM PC,Kabasele,D,5.0,5.0,True,False
35,TEAM PC,Pavlovic,D,6.0,6.0,True,False
35,TEAM PC,Atta,C,5.0,5.0,True,False
35,TEAM PC,Matic,C,5.5,5.5,True,False
35,TEAM PC,Sucic P.,C,6.5,6.5,True,False
35,TEAM PC,Davis K.,A,5.5,5.5,True,False
35,TEAM PC,Castro S.,A,5.5,5.5,True,False
35,TEAM PC,Pinamonti,A,7.0,9.0,True,False
35,TEAM PC,Pessina Mas.,P,,,False,True
35,TEAM PC,Banda,A,6.5,7.5,False,True
35,TEAM PC,Ellertsson,C,6.0,6.0,False,True
35,TEAM PC,Barella,C,,,False,True
35,TEAM PC,Baschirotto,D,,,False,True
35,TEAM PC,Lazaro,D,,,False,True
35,TEAM PC,Norton-Cuffy,D,,,False,True
35,TEAM PC,Skorupski,P,6.5,7.5,True,True
35,TEAM PC,Oristanio,C,,,False,True
35,TEAM PC,Dia,A,5.5,5.5,False,True
35,TEAM PC,Calhanoglu,C,,,False,True
35,TEAM PC,Zapata D.,A,5.5,5.5,False,True
35,TEAM PC,Kamara H.,D,5.5,5.0,False,True
35,TEAM PC,Zambo Anguissa,C,,,False,True
35,ROMAN EMPIRE,Caprile,P,6.5,5.5,True,False
35,ROMAN EMPIRE,Rensch,D,6.0,6.0,True,False
35,ROMAN EMPIRE,Akanji,D,,,False,False
35,ROMAN EMPIRE,Celik,D,6.0,6.0,True,False
35,ROMAN EMPIRE,Wesley,D,5.0,4.0,True,False
35,ROMAN EMPIRE,Zalewski,C,5.5,5.5,True,False
35,ROMAN EMPIRE,Konè M.,C,,,False,False
35,ROMAN EMPIRE,Pellegrini Lo.,C,,,False,False
35,ROMAN EMPIRE,Zaniolo,C,,,False,False
35,ROMAN EMPIRE,Volpato,C,5.0,5.0,True,False
35,ROMAN EMPIRE,Dybala,A,7.0,8.0,True,False
35,ROMAN EMPIRE,Maignan,P,6.5,5.5,False,True
35,ROMAN EMPIRE,Suzuki,P,7.0,6.0,False,True
35,ROMAN EMPIRE,Belghali,D,6.0,6.0,True,True
35,ROMAN EMPIRE,Holm,D,,,False,True
35,ROMAN EMPIRE,Tsimikas,D,,,False,True
35,ROMAN EMPIRE,Arizala,D,5.5,5.5,False,True
35,ROMAN EMPIRE,Rabiot,C,6.0,6.0,True,True
35,ROMAN EMPIRE,Solomon,A,6.5,7.5,False,True
35,ROMAN EMPIRE,Vaz,A,,,False,True
35,ROMAN EMPIRE,Dovbyk,A,6.0,6.0,False,True
35,AVIOD RELEGATION FOOTBALL CLUB,Di Gregorio,P,5.5,3.5,True,False
35,AVIOD RELEGATION FOOTBALL CLUB,Kelly L.,D,6.0,6.0,True,False
35,AVIOD RELEGATION FOOTBALL CLUB,Carlos Augusto,D,5.5,5.5,True,False
35,AVIOD RELEGATION FOOTBALL CLUB,Kempf,D,6.5,6.5,True,False
35,AVIOD RELEGATION FOOTBALL CLUB,Martin,D,,,False,False
35,AVIOD RELEGATION FOOTBALL CLUB,Thuram K.,C,5.5,5.5,True,False
35,AVIOD RELEGATION FOOTBALL CLUB,Baldanzi,C,6.0,6.0,True,False
35,AVIOD RELEGATION FOOTBALL CLUB,Fofana Y.,C,5.5,5.5,True,False
35,AVIOD RELEGATION FOOTBALL CLUB,Yildiz,A,5.5,5.5,True,False
35,AVIOD RELEGATION FOOTBALL CLUB,Bonny,A,6.5,6.5,True,False
35,AVIOD RELEGATION FOOTBALL CLUB,Scamacca,A,,,False,False
35,AVIOD RELEGATION FOOTBALL CLUB,Perin,P,,,False,True
35,AVIOD RELEGATION FOOTBALL CLUB,Falcone,P,6.0,4.0,False,True
35,AVIOD RELEGATION FOOTBALL CLUB,Coco,D,5.0,5.0,True,True
35,AVIOD RELEGATION FOOTBALL CLUB,Delprato,D,5.5,5.5,False,True
35,AVIOD RELEGATION FOOTBALL CLUB,Gila,D,5.5,5.5,False,True
35,AVIOD RELEGATION FOOTBALL CLUB,Ziolkowski,D,,,False,True
35,AVIOD RELEGATION FOOTBALL CLUB,Harrison,C,6.0,5.5,False,True
35,AVIOD RELEGATION FOOTBALL CLUB,Maldini,C,5.5,5.5,False,True
35,AVIOD RELEGATION FOOTBALL CLUB,Bernabè,C,,,False,True
35,AVIOD RELEGATION FOOTBALL CLUB,Berisha M.,C,,,False,True
35,AVIOD RELEGATION FOOTBALL CLUB,Tourè I.,C,5.5,5.5,False,True
35,AVIOD RELEGATION FOOTBALL CLUB,David,A,,,False,True
35,AVIOD RELEGATION FOOTBALL CLUB,Ratkov,A,,,False,True
35,AVIOD RELEGATION FOOTBALL CLUB,Pellegrino M.,A,5.5,5.5,True,True
35,SOVEREIGN83,Svilar,P,6.0,7.0,True,False
35,SOVEREIGN83,Tiago Gabriel,D,5.5,5.0,True,False
35,SOVEREIGN83,Hermoso,D,6.5,6.0,True,False
35,SOVEREIGN83,Cambiaso,D,5.5,5.5,True,False
35,SOVEREIGN83,Bastoni,D,,,False,False
35,SOVEREIGN83,Pasalic,C,5.5,5.0,True,False
35,SOVEREIGN83,Casadei,C,6.0,6.0,True,False
35,SOVEREIGN83,Da Cunha,C,6.5,6.5,True,False
35,SOVEREIGN83,Baturina,C,6.5,6.5,True,False
35,SOVEREIGN83,Hojlund,A,7.5,10.5,True,False
35,SOVEREIGN83,Soulè,A,6.0,6.0,True,False
35,SOVEREIGN83,Gollini,P,,,False,True
35,SOVEREIGN83,Zelezny,P,,,False,True
35,SOVEREIGN83,Basic,C,5.5,5.5,False,True
35,SOVEREIGN83,Coulibaly L.,C,6.5,6.5,False,True
35,SOVEREIGN83,Fabbian,C,,,False,True
35,SOVEREIGN83,Tavares N.,D,5.0,4.5,True,True
35,SOVEREIGN83,Raspadori,A,5.5,5.5,False,True
35,SOVEREIGN83,Openda,A,,,False,True
35,SOVEREIGN83,Orban G.,A,,,False,True
35,SOVEREIGN83,Durosinmi,A,,,False,True
35,SOVEREIGN83,Circati,D,5.5,5.5,False,True
35,SOVEREIGN83,Cataldi,C,,,False,True
35,THE GREAT BINGO,Sommer,P,6.5,7.5,True,False
35,THE GREAT BINGO,Buongiorno,D,5.5,5.5,True,False
35,THE GREAT BINGO,Muharemovic,D,5.5,5.0,True,False
35,THE GREAT BINGO,Dumfries,D,,,False,False
35,THE GREAT BINGO,Rowe,C,6.5,7.5,True,False
35,THE GREAT BINGO,Malinovskyi,C,5.5,5.5,True,False
35,THE GREAT BINGO,Mkhitaryan,C,5.5,6.5,True,False
35,THE GREAT BINGO,Conceicao,C,6.0,6.0,True,False
35,THE GREAT BINGO,Cancellieri,A,5.5,5.0,True,False
35,THE GREAT BINGO,Thuram,A,,,False,False
35,THE GREAT BINGO,Berardi,A,6.5,6.5,True,False
35,THE GREAT BINGO,Martinez Jo.,P,,,False,True
35,THE GREAT BINGO,Corvi,P,,,False,True
35,THE GREAT BINGO,Doig,D,,,False,True
35,THE GREAT BINGO,Bellanova,D,,,False,True
35,THE GREAT BINGO,Maripan,D,6.0,5.5,True,True
35,THE GREAT BINGO,Cabal,D,,,False,True
35,THE GREAT BINGO,Thorstvedt,C,6.0,6.0,False,True
35,THE GREAT BINGO,Fadera,C,,,False,True
35,THE GREAT BINGO,Kostic,C,,,False,True
35,THE GREAT BINGO,Piccoli,A,6.0,6.0,True,True
35,THE GREAT BINGO,Pedro,A,,,False,True
35,THE GREAT BINGO,Esposito F.P.,A,5.5,5.5,False,True
36,THE GREAT BINGO,Martinez Jo.,P,5.5,2.5,True,False
36,THE GREAT BINGO,Romagnoli,D,6.0,6.0,True,False
36,THE GREAT BINGO,Buongiorno,D,,,False,False
36,THE GREAT BINGO,Muharemovic,D,,,False,False
36,THE GREAT BINGO,Rowe,C,6.5,6.5,True,False
36,THE GREAT BINGO,Thorstvedt,C,5.5,5.0,True,False
36,THE GREAT BINGO,Mkhitaryan,C,6.0,5.5,True,False
36,THE GREAT BINGO,Conceicao,C,6.5,7.5,True,False
36,THE GREAT BINGO,Pedro,A,7.0,11.0,True,False
36,THE GREAT BINGO,Piccoli,A,7.0,9.0,True,False
36,THE GREAT BINGO,Berardi,A,6.0,6.0,True,False
36,THE GREAT BINGO,Sommer,P,,,False,True
36,THE GREAT BINGO,Corvi,P,6.5,7.5,False,True
36,THE GREAT BINGO,Dumfries,D,,,False,True
36,THE GREAT BINGO,Bellanova,D,5.5,5.5,True,True
36,THE GREAT BINGO,Doig,D,,,False,True
36,THE GREAT BINGO,Cabal,D,,,False,True
36,THE GREAT BINGO,Malinovskyi,C,,,False,True
36,THE GREAT BINGO,Fadera,C,,,False,True
36,THE GREAT BINGO,Kostic,C,,,False,True
36,THE GREAT BINGO,Zaccagni,C,,,False,True
36,THE GREAT BINGO,Esposito F.P.,A,6.5,8.5,False,True
36,THE GREAT BINGO,Cancellieri,A,5.5,5.5,False,True
36,THE GREAT BINGO,Thuram,A,,,False,True
36,BATIGOAL,De Gea,P,,,False,False
36,BATIGOAL,Dodò,D,6.5,6.5,True,False
36,BATIGOAL,Ostigard,D,,,False,False
36,BATIGOAL,Bisseck,D,5.5,5.5,True,False
36,BATIGOAL,Ghilardi,D,5.5,5.5,True,False
36,BATIGOAL,Santos A.,C,,,False,False
36,BATIGOAL,Konè I.,C,6.5,6.5,True,False
36,BATIGOAL,Gudmundsson A.,C,6.0,6.0,True,False
36,BATIGOAL,Diao,A,6.5,6.5,True,False
36,BATIGOAL,Martinez L.,A,5.5,5.0,True,False
36,BATIGOAL,Nkunku,A,5.0,5.0,True,False
36,BATIGOAL,Muric,P,,,False,True
36,BATIGOAL,Turati,P,6.5,5.5,True,True
36,BATIGOAL,Angelino,D,,,False,True
36,BATIGOAL,Tomori,D,5.0,5.0,True,True
36,BATIGOAL,Terracciano F.,D,5.0,5.0,False,True
36,BATIGOAL,Zielinski,C,5.0,3.0,True,True
36,BATIGOAL,Perrone,C,6.5,6.5,False,True
36,BATIGOAL,El Aynaoui,C,6.0,6.0,False,True
36,BATIGOAL,Vlasic,C,6.0,6.0,False,True
36,BATIGOAL,Miretti,C,5.5,5.5,False,True
36,BATIGOAL,Boga,A,6.0,6.0,False,True
36,BATIGOAL,Kilicsoy,A,,,False,True
36,BATIGOAL,Djuric,A,,,False,True
36,DTE,Carnesecchi,P,,,False,False
36,DTE,Miranda J.,D,5.5,5.5,True,False
36,DTE,Solet,D,6.0,6.0,True,False
36,DTE,Gabbia,D,5.5,5.5,True,False
36,DTE,Palestra,D,6.5,6.5,True,False
36,DTE,Locatelli,C,5.5,5.5,True,False
36,DTE,De Bruyne,C,6.5,7.5,True,False
36,DTE,McTominay,C,5.5,5.5,True,False
36,DTE,Adams C.,A,7.0,10.0,True,False
36,DTE,Vardy,A,6.0,5.5,True,False
36,DTE,Malen,A,6.5,7.5,True,False
36,DTE,Sportiello,P,5.5,4.5,True,True
36,DTE,Rossi F.,P,,,False,True
36,DTE,Mina,D,6.5,7.5,False,True
36,DTE,Bartesaghi,D,5.5,5.5,False,True
36,DTE,Parisi,D,,,False,True
36,DTE,Heggem,D,,,False,True
36,DTE,Odgaard,C,6.0,6.0,False,True
36,DTE,Frendrup,C,5.5,5.5,False,True
36,DTE,Vergara,C,,,False,True
36,DTE,Mazzitelli,C,,,False,True
36,DTE,De Ketelaere,A,6.0,6.0,False,True
36,DTE,Kean,A,,,False,True
36,DTE,Cambiaghi,A,,,False,True
36,DTE,Ekkelenkamp,C,,,False,True
36,ROMA SHENHUA SEMPRE,Butez,P,6.0,5.0,True,False
36,ROMA SHENHUA SEMPRE,Gosens,D,6.0,6.0,True,False
36,ROMA SHENHUA SEMPRE,Kristensen T.,D,6.0,6.0,True,False
36,ROMA SHENHUA SEMPRE,Gallo,D,6.5,6.5,True,False
36,ROMA SHENHUA SEMPRE,Paz N.,C,,,False,False
36,ROMA SHENHUA SEMPRE,Fagioli,C,,,False,False
36,ROMA SHENHUA SEMPRE,Mandragora,C,6.5,6.5,True,False
36,ROMA SHENHUA SEMPRE,Saelemaekers,C,7.0,9.0,True,False
36,ROMA SHENHUA SEMPRE,Krstovic,A,,,False,False
36,ROMA SHENHUA SEMPRE,Vlahovic,A,7.5,11.5,True,False
36,ROMA SHENHUA SEMPRE,Bonazzoli,A,7.0,9.0,True,False
36,ROMA SHENHUA SEMPRE,Montipò,P,7.0,7.0,False,True
36,ROMA SHENHUA SEMPRE,Leali,P,6.5,5.5,False,True
36,ROMA SHENHUA SEMPRE,Obert,D,6.0,6.0,False,True
36,ROMA SHENHUA SEMPRE,Zortea,D,6.0,6.0,False,True
36,ROMA SHENHUA SEMPRE,Luperto,D,4.5,4.5,False,True
36,ROMA SHENHUA SEMPRE,Pezzella Giu.,D,4.5,4.5,False,True
36,ROMA SHENHUA SEMPRE,Lobotka,C,6.0,6.0,True,True
36,ROMA SHENHUA SEMPRE,Bernardeschi,C,7.0,9.0,True,True
36,ROMA SHENHUA SEMPRE,Brescianini,C,6.5,7.5,False,True
36,ROMA SHENHUA SEMPRE,Lovric,C,5.5,5.0,False,True
36,ROMA SHENHUA SEMPRE,Esposito Se.,A,6.5,6.5,True,True
36,AVIOD RELEGATION FOOTBALL CLUB,Di Gregorio,P,,,False,False
36,AVIOD RELEGATION FOOTBALL CLUB,Kempf,D,6.5,6.5,True,False
36,AVIOD RELEGATION FOOTBALL CLUB,Kelly L.,D,5.5,5.5,True,False
36,AVIOD RELEGATION FOOTBALL CLUB,Gila,D,5.5,5.0,True,False
36,AVIOD RELEGATION FOOTBALL CLUB,Delprato,D,,,False,False
36,AVIOD RELEGATION FOOTBALL CLUB,Thuram K.,C,6.0,7.0,True,False
36,AVIOD RELEGATION FOOTBALL CLUB,Fofana Y.,C,5.0,5.0,True,False
36,AVIOD RELEGATION FOOTBALL CLUB,Baldanzi,C,,,False,False
36,AVIOD RELEGATION FOOTBALL CLUB,Yildiz,A,,,False,False
36,AVIOD RELEGATION FOOTBALL CLUB,David,A,5.5,5.5,True,False
36,AVIOD RELEGATION FOOTBALL CLUB,Pellegrino M.,A,7.0,11.0,True,False
36,AVIOD RELEGATION FOOTBALL CLUB,Perin,P,6.5,4.5,True,True
36,AVIOD RELEGATION FOOTBALL CLUB,Falcone,P,6.5,7.5,False,True
36,AVIOD RELEGATION FOOTBALL CLUB,Scamacca,A,,,False,True
36,AVIOD RELEGATION FOOTBALL CLUB,Bonny,A,6.0,6.0,True,True
36,AVIOD RELEGATION FOOTBALL CLUB,Ratkov,A,,,False,True
36,AVIOD RELEGATION FOOTBALL CLUB,Maldini,C,6.0,6.0,True,True
36,AVIOD RELEGATION FOOTBALL CLUB,Ziolkowski,D,5.5,5.0,True,True
36,AVIOD RELEGATION FOOTBALL CLUB,Harrison,C,6.0,6.0,False,True
36,AVIOD RELEGATION FOOTBALL CLUB,Berisha M.,C,,,False,True
36,AVIOD RELEGATION FOOTBALL CLUB,Bernabè,C,,,False,True
36,AVIOD RELEGATION FOOTBALL CLUB,Tourè I.,C,,,False,True
36,AVIOD RELEGATION FOOTBALL CLUB,Carlos Augusto,D,6.0,6.0,False,True
36,AVIOD RELEGATION FOOTBALL CLUB,Martin,D,6.0,6.0,False,True
36,AVIOD RELEGATION FOOTBALL CLUB,Coco,D,5.0,5.0,False,True
36,OWEN,Meret,P,6.5,7.5,True,False
36,OWEN,Vojvoda,D,,,False,False
36,OWEN,Zappacosta,D,6.5,6.5,True,False
36,OWEN,Ramon,D,5.5,5.5,True,False
36,OWEN,Vasquez,D,,,False,False
36,OWEN,Isaksen,C,,,False,False
36,OWEN,Pulisic,C,5.0,5.0,True,False
36,OWEN,Strefezza,C,,,False,False
36,OWEN,Laurientè,A,5.0,5.0,True,False
36,OWEN,Douvikas,A,7.0,10.0,True,False
36,OWEN,Simeone,A,6.0,6.0,True,False
36,OWEN,Milinkovic-Savic V.,P,,,False,True
36,OWEN,Contini,P,,,False,True
36,OWEN,Valeri,D,6.5,6.5,True,True
36,OWEN,Marusic,D,5.5,5.5,True,True
36,OWEN,Zappa,D,6.5,6.5,False,True
36,OWEN,Ederson D.S.,C,,,False,True
36,OWEN,Vandeputte,C,5.5,5.0,True,True
36,OWEN,Gaetano,C,7.0,7.0,True,True
36,OWEN,Folorunsho,C,,,False,True
36,OWEN,Leao,A,6.0,6.0,False,True
36,OWEN,Giovane,A,,,False,True
36,OWEN,Colombo,A,6.0,6.0,False,True
36,DELI-XUJUN,Audero,P,6.5,2.5,True,False
36,DELI-XUJUN,Scalvini,D,6.0,6.0,True,False
36,DELI-XUJUN,Rrahmani,D,6.5,6.5,True,False
36,DELI-XUJUN,Mancini,D,6.5,6.5,True,False
36,DELI-XUJUN,Di Lorenzo,D,6.5,6.5,True,False
36,DELI-XUJUN,McKennie,C,6.0,6.0,True,False
36,DELI-XUJUN,Cristante,C,6.0,6.0,True,False
36,DELI-XUJUN,Modric,C,6.0,6.0,True,False
36,DELI-XUJUN,Pisilli,C,6.0,6.0,True,False
36,DELI-XUJUN,Rodriguez Je.,A,7.5,10.0,True,False
36,DELI-XUJUN,Stulic,A,,,False,False
36,DELI-XUJUN,Semper,P,6.5,4.5,False,True
36,DELI-XUJUN,Silvestri,P,,,False,True
36,DELI-XUJUN,Kalulu,D,6.0,5.5,False,True
36,DELI-XUJUN,Spinazzola,D,,,False,True
36,DELI-XUJUN,N'Dicka,D,,,False,True
36,DELI-XUJUN,Joao Mario,D,,,False,True
36,DELI-XUJUN,Elmas,C,5.5,5.5,False,True
36,DELI-XUJUN,Orsolini,C,,,False,True
36,DELI-XUJUN,Nicolussi Caviglia,C,6.5,6.5,False,True
36,DELI-XUJUN,El Shaarawy,C,7.0,9.0,False,True
36,DELI-XUJUN,Borrelli,A,7.0,10.0,True,True
36,DELI-XUJUN,Sulemana K.,A,6.5,6.0,False,True
36,DELI-XUJUN,Dallinga,A,,,False,True
36,DELI-XUJUN,Fullkrug,A,5.5,5.5,False,True
36,SOVEREIGN83,Svilar,P,6.5,7.5,True,False
36,SOVEREIGN83,Tiago Gabriel,D,6.5,6.0,True,False
36,SOVEREIGN83,Hermoso,D,6.5,6.5,True,False
36,SOVEREIGN83,Cambiaso,D,5.5,5.5,True,False
36,SOVEREIGN83,Bastoni,D,,,False,False
36,SOVEREIGN83,Basic,C,6.0,6.0,True,False
36,SOVEREIGN83,Coulibaly L.,C,6.0,6.0,True,False
36,SOVEREIGN83,Da Cunha,C,8.0,13.0,True,False
36,SOVEREIGN83,Baturina,C,6.0,6.0,True,False
36,SOVEREIGN83,Hojlund,A,7.5,11.5,True,False
36,SOVEREIGN83,Soulè,A,6.0,6.0,True,False
36,SOVEREIGN83,Gollini,P,,,False,True
36,SOVEREIGN83,Zelezny,P,,,False,True
36,SOVEREIGN83,Pasalic,C,5.5,5.5,False,True
36,SOVEREIGN83,Casadei,C,7.5,10.5,False,True
36,SOVEREIGN83,Fabbian,C,6.0,6.0,False,True
36,SOVEREIGN83,Hien,D,6.5,6.5,True,True
36,SOVEREIGN83,Raspadori,A,6.0,6.0,False,True
36,SOVEREIGN83,Openda,A,,,False,True
36,SOVEREIGN83,Orban G.,A,,,False,True
36,SOVEREIGN83,Durosinmi,A,,,False,True
36,SOVEREIGN83,Circati,D,6.0,6.0,False,True
36,SOVEREIGN83,Cataldi,C,,,False,True
36,TEAM PC,Ravaglia F.,P,,,False,False
36,TEAM PC,Pavlovic,D,5.5,5.0,True,False
36,TEAM PC,Dimarco,D,7.0,9.0,True,False
36,TEAM PC,Kabasele,D,4.5,3.5,True,False
36,TEAM PC,Barella,C,6.0,6.0,True,False
36,TEAM PC,Atta,C,6.5,6.5,True,False
36,TEAM PC,Matic,C,6.0,6.0,True,False
36,TEAM PC,Ellertsson,C,5.5,5.5,True,False
36,TEAM PC,Davis K.,A,5.5,5.5,True,False
36,TEAM PC,Banda,A,7.0,10.0,True,False
36,TEAM PC,Castro S.,A,5.5,5.5,True,False
36,TEAM PC,Pessina Mas.,P,,,False,True
36,TEAM PC,Baschirotto,D,,,False,True
36,TEAM PC,Norton-Cuffy,D,6.0,6.0,False,True
36,TEAM PC,Skorupski,P,6.0,3.0,True,True
36,TEAM PC,Oristanio,C,,,False,True
36,TEAM PC,Dia,A,6.0,6.0,False,True
36,TEAM PC,Calhanoglu,C,,,False,True
36,TEAM PC,Zapata D.,A,5.5,5.5,False,True
36,TEAM PC,Kamara H.,D,,,False,True
36,TEAM PC,Zambo Anguissa,C,,,False,True
36,TEAM PC,Pinamonti,A,5.5,5.5,False,True
36,TEAM PC,Bremer,D,,,False,True
36,TEAM PC,Sucic P.,C,5.5,5.5,False,True
36,TEAM PC,Lazaro,D,,,False,True
36,ROMAN EMPIRE,Maignan,P,7.0,4.5,True,False
36,ROMAN EMPIRE,Rensch,D,6.5,6.5,True,False
36,ROMAN EMPIRE,Akanji,D,,,False,False
36,ROMAN EMPIRE,Celik,D,6.5,6.5,True,False
36,ROMAN EMPIRE,Belghali,D,6.0,6.0,True,False
36,ROMAN EMPIRE,Zalewski,C,,,False,False
36,ROMAN EMPIRE,Volpato,C,,,False,False
36,ROMAN EMPIRE,Rabiot,C,5.5,5.5,True,False
36,ROMAN EMPIRE,Politano,C,6.0,6.0,True,False
36,ROMAN EMPIRE,Dybala,A,8.0,11.0,True,False
36,ROMAN EMPIRE,Solomon,A,,,False,False
36,ROMAN EMPIRE,Caprile,P,6.0,5.0,False,True
36,ROMAN EMPIRE,Suzuki,P,,,False,True
36,ROMAN EMPIRE,Holm,D,5.5,5.5,True,True
36,ROMAN EMPIRE,Tsimikas,D,,,False,True
36,ROMAN EMPIRE,Arizala,D,,,False,True
36,ROMAN EMPIRE,Pellegrini Lo.,C,,,False,True
36,ROMAN EMPIRE,Konè M.,C,6.0,6.0,True,True
36,ROMAN EMPIRE,Vaz,A,,,False,True
36,ROMAN EMPIRE,Dovbyk,A,,,False,True
