giornata,team,player,position,voto,fantavoto,active,on_bench
1,NEVER IWOMAN,Svilar,P,6.5,5.5,True,False
1,NEVER IWOMAN,Tavares N.,D,5.5,5.5,True,False
1,NEVER IWOMAN,Buongiorno,D,6.0,6.0,True,False
1,NEVER IWOMAN,Bremer,D,7.5,9.5,True,False
1,NEVER IWOMAN,Ramon,D,5.5,4.5,True,False
1,NEVER IWOMAN,Zalewski,C,7.5,11.5,True,False
1,NEVER IWOMAN,Harroui,C,,,False,False
1,NEVER IWOMAN,Saelemaekers,C,6.5,7.0,True,False
1,NEVER IWOMAN,Rodriguez Je.,A,5.5,5.5,True,False
1,NEVER IWOMAN,Belotti,A,5.5,5.5,True,False
1,NEVER IWOMAN,Vardy,A,6.0,6.0,True,False
1,NEVER IWOMAN,Piccoli,A,5.5,5.5,False,True
1,NEVER IWOMAN,Simeone,A,7.5,11.5,False,True
1,NEVER IWOMAN,Isaksen,C,,,False,True
1,NEVER IWOMAN,Stanciu,C,,,False,True
1,NEVER IWOMAN,Odgaard,C,6.0,6.0,True,True
1,NEVER IWOMAN,Cristante,C,6.0,6.0,False,True
1,NEVER IWOMAN,Gronbaek,C,,,False,True
1,NEVER IWOMAN,Rensch,D,,,False,True
1,NEVER IWOMAN,Wesley,D,5.0,4.5,False,True
1,NEVER IWOMAN,Carlos Augusto,D,6.5,7.5,False,True
1,NEVER IWOMAN,Tiago Gabriel,D,,,False,True
1,NEVER IWOMAN,Vasquez D.,P,,,False,True
1,NEVER IWOMAN,Gollini,P,,,False,True
1,NEVER IWOMAN,Leao,A,,,False,True
1,ROMAZDA,Provedel,P,6.0,5.0,True,False
1,ROMAZDA,Miranda J.,D,5.5,5.0,True,False
1,ROMAZDA,Terracciano F.,D,5.5,5.5,True,False
1,ROMAZDA,Marusic,D,6.0,5.5,True,False
1,ROMAZDA,El Shaarawy,C,6.0,6.0,True,False
1,ROMAZDA,Tramoni M.,C,5.5,5.5,True,False
1,ROMAZDA,Atta,C,7.0,7.0,True,False
1,ROMAZDA,Zaniolo,C,5.5,5.5,True,False
1,ROMAZDA,Yildiz,A,7.0,11.0,True,False
1,ROMAZDA,Castellanos,A,5.5,5.5,True,False
1,ROMAZDA,Dia,A,5.5,5.5,True,False
1,ROMAZDA,Lang,A,,,False,True
1,ROMAZDA,Bonny,A,5.5,5.5,False,True
1,ROMAZDA,Esposito F.P.,A,,,False,True
1,ROMAZDA,Gudmundsson A.,C,,,False,True
1,ROMAZDA,El Aynaoui,C,6.0,6.0,False,True
1,ROMAZDA,Casadei,C,6.0,6.0,False,True
1,ROMAZDA,Bailey,C,,,False,True
1,ROMAZDA,Olivera,D,6.0,6.0,False,True
1,ROMAZDA,Joao Mario,D,,,False,True
1,ROMAZDA,Bisseck,D,,,False,True
1,ROMAZDA,Tsimikas,D,,,False,True
1,ROMAZDA,Gutierrez,D,,,False,True
1,ROMAZDA,Mandas,P,,,False,True
1,ROMAZDA,Audero,P,7.5,8.5,False,True
1,OLD LIN,De Gea,P,7.0,4.0,True,False
1,OLD LIN,Zappacosta,D,,,False,False
1,OLD LIN,Baschirotto,D,5.0,5.0,True,False
1,OLD LIN,Zappa,D,6.0,5.5,True,False
1,OLD LIN,Vazquez,C,6.0,6.0,True,False
1,OLD LIN,Koopmeiners,C,5.0,4.5,True,False
1,OLD LIN,De Bruyne,C,7.0,9.0,True,False
1,OLD LIN,Orsolini,C,5.5,5.5,True,False
1,OLD LIN,De Ketelaere,A,8.0,15.0,True,False
1,OLD LIN,Martinez L.,A,5.0,5.0,True,False
1,OLD LIN,Berardi,A,6.5,6.5,True,False
1,OLD LIN,Martinelli T.,P,,,False,True
1,OLD LIN,Lezzerini,P,,,False,True
1,OLD LIN,Unai Nunez,D,6.5,6.5,True,True
1,OLD LIN,Doig,D,6.0,5.5,False,True
1,OLD LIN,Circati,D,6.0,6.0,False,True
1,OLD LIN,Pongracic,D,5.0,5.0,False,True
1,OLD LIN,Ismajli,D,6.0,5.5,False,True
1,OLD LIN,Sohm,C,5.5,5.5,False,True
1,OLD LIN,Carboni V.,C,6.5,6.5,False,True
1,OLD LIN,Tete Morente,C,5.0,5.0,False,True
1,OLD LIN,Prati,C,6.0,6.0,False,True
1,OLD LIN,Sanabria,A,5.5,5.5,False,True
1,OLD LIN,Bravo,A,7.0,11.0,False,True
1,OLD LIN,Dominguez B.,A,,,False,True
1,GIALLOROSSI,Maignan,P,6.0,7.0,True,False
1,GIALLOROSSI,Angelino,D,5.5,5.0,True,False
1,GIALLOROSSI,Vasquez,D,6.0,6.0,True,False
1,GIALLOROSSI,Valeri,D,6.0,6.0,True,False
1,GIALLOROSSI,Maldini,C,6.0,6.0,True,False
1,GIALLOROSSI,Calhanoglu,C,7.5,13.5,True,False
1,GIALLOROSSI,Vlasic,C,6.5,6.5,True,False
1,GIALLOROSSI,Stengs,C,,,False,False
1,GIALLOROSSI,Pinamonti,A,6.0,5.5,True,False
1,GIALLOROSSI,Morata,A,5.5,6.0,True,False
1,GIALLOROSSI,Davis K.,A,6.0,6.0,True,False
1,GIALLOROSSI,Leali,P,6.5,5.5,False,True
1,GIALLOROSSI,Israel,P,6.0,7.0,False,True
1,GIALLOROSSI,Kelly L.,D,7.0,10.0,False,True
1,GIALLOROSSI,Estupinan,D,6.0,5.5,False,True
1,GIALLOROSSI,Ranieri L.,D,6.0,9.0,False,True
1,GIALLOROSSI,Palestra,D,6.5,6.5,False,True
1,GIALLOROSSI,Lykogiannis,D,5.5,5.5,False,True
1,GIALLOROSSI,Samardzic,C,6.0,6.0,True,True
1,GIALLOROSSI,Neres,C,6.0,6.0,False,True
1,GIALLOROSSI,Zhegrova,C,,,False,True
1,GIALLOROSSI,Conceicao,C,,,False,True
1,GIALLOROSSI,Castro S.,A,5.5,5.5,False,True
1,GIALLOROSSI,Esposito Se.,A,6.0,5.5,False,True
1,GIALLOROSSI,Lucca,A,6.0,6.0,False,True
1,ROMOLO&ROMINA,Sommer,P,5.0,1.0,True,False
1,ROMOLO&ROMINA,Martin,D,6.0,6.0,True,False
1,ROMOLO&ROMINA,Luperto,D,6.5,6.5,True,False
1,ROMOLO&ROMINA,Hien,D,6.5,6.5,True,False
1,ROMOLO&ROMINA,Angori,D,5.5,5.5,True,False
1,ROMOLO&ROMINA,Paz N.,C,7.0,10.0,True,False
1,ROMOLO&ROMINA,Konè M.,C,5.5,5.5,True,False
1,ROMOLO&ROMINA,Bernabè,C,6.5,6.5,True,False
1,ROMOLO&ROMINA,Zaccagni,C,6.5,6.5,True,False
1,ROMOLO&ROMINA,Krstovic,A,6.5,8.5,True,False
1,ROMOLO&ROMINA,Hojlund,A,7.0,11.0,True,False
1,ROMOLO&ROMINA,Cancellieri,A,5.5,5.5,False,True
1,ROMOLO&ROMINA,Colombo,A,5.0,5.0,False,True
1,ROMOLO&ROMINA,Ngonge,A,6.0,7.0,False,True
1,ROMOLO&ROMINA,Adams C.,A,6.0,6.0,False,True
1,ROMOLO&ROMINA,Collocolo,C,5.5,5.0,False,True
1,ROMOLO&ROMINA,Tourè I.,C,6.5,6.5,False,True
1,ROMOLO&ROMINA,Frendrup,C,5.5,5.5,False,True
1,ROMOLO&ROMINA,Thorstvedt,C,,,False,True
1,ROMOLO&ROMINA,Posch,D,,,False,True
1,ROMOLO&ROMINA,Kalulu,D,5.5,5.5,False,True
1,ROMOLO&ROMINA,Vitik,D,,,False,True
1,ROMOLO&ROMINA,Rrahmani,D,,,False,True
1,ROMOLO&ROMINA,Caprile,P,7.0,8.0,False,True
1,ROMOLO&ROMINA,Martinez Jo.,P,,,False,True
1,ROMABOY,Meret,P,,,False,False
1,ROMABOY,Dimarco,D,6.5,7.5,True,False
1,ROMABOY,Scalvini,D,7.0,10.0,True,False
1,ROMABOY,Pavlovic,D,6.0,6.0,True,False
1,ROMABOY,Gila,D,6.5,6.5,True,False
1,ROMABOY,Pellegrini Lo.,C,,,False,False
1,ROMABOY,McTominay,C,6.5,6.5,True,False
1,ROMABOY,Frattesi,C,,,False,False
1,ROMABOY,Nkunku,A,,,False,False
1,ROMABOY,Thuram,A,7.0,10.0,True,False
1,ROMABOY,Dzeko,A,5.0,5.0,True,False
1,ROMABOY,Milinkovic-Savic V.,P,5.5,4.5,True,True
1,ROMABOY,Contini,P,,,False,True
1,ROMABOY,Delprato,D,5.5,5.5,False,True
1,ROMABOY,Acerbi,D,6.0,5.5,False,True
1,ROMABOY,Akanji,D,6.0,6.0,False,True
1,ROMABOY,Lucumì,D,5.5,5.5,False,True
1,ROMABOY,Rowe,C,6.0,6.0,True,True
1,ROMABOY,Folorunsho,C,6.0,6.0,True,True
1,ROMABOY,De Roon,C,7.0,7.0,False,True
1,ROMABOY,Freuler,C,5.5,5.5,False,True
1,ROMABOY,McKennie,C,6.0,6.0,False,True
1,ROMABOY,Pedro,A,6.0,6.0,True,True
1,ROMABOY,Camarda,A,5.5,5.5,False,True
1,ROMABOY,Almqvist,A,5.5,5.5,False,True
1,NO ONE,Sava,P,5.5,6.5,True,False
1,NO ONE,Bastoni,D,5.5,5.5,True,False
1,NO ONE,Tomori,D,6.0,5.5,True,False
1,NO ONE,Mancini,D,6.0,6.0,True,False
1,NO ONE,Bellanova,D,6.5,6.5,True,False
1,NO ONE,Zerbin,C,5.5,5.5,True,False
1,NO ONE,Barella,C,5.5,5.5,True,False
1,NO ONE,Gaetano,C,6.0,6.0,True,False
1,NO ONE,Zambo Anguissa,C,6.5,7.5,True,False
1,NO ONE,Dybala,A,5.5,5.5,True,False
1,NO ONE,Cutrone,A,5.0,5.0,True,False
1,NO ONE,Falcone,P,5.5,1.5,False,True
1,NO ONE,Okoye,P,,,False,True
1,NO ONE,Zortea,D,5.5,5.5,False,True
1,NO ONE,Dodò,D,6.0,6.0,False,True
1,NO ONE,Comuzzo,D,5.0,5.0,False,True
1,NO ONE,Ghilardi,D,,,False,True
1,NO ONE,Baturina,C,,,False,True
1,NO ONE,Thuram K.,C,7.0,10.0,False,True
1,NO ONE,Mandragora,C,6.0,6.0,False,True
1,NO ONE,Nicolussi Caviglia,C,6.0,6.0,False,True
1,NO ONE,Vlahovic,A,5.0,5.0,False,True
1,NO ONE,Laurientè,A,6.0,6.0,False,True
1,NO ONE,Zapata D.,A,,,False,True
1,NO ONE,Diao,A,,,False,True
1,NI99ER NO.1,Carnesecchi,P,6.0,5.0,True,False
1,NI99ER NO.1,Gosens,D,6.5,6.5,True,False
1,NI99ER NO.1,Hermoso,D,6.0,6.0,True,False
1,NI99ER NO.1,Di Lorenzo,D,6.5,6.5,True,False
1,NI99ER NO.1,Cuadrado,D,,,False,False
1,NI99ER NO.1,Rabiot,C,6.5,6.5,True,False
1,NI99ER NO.1,Locatelli,C,6.5,6.0,True,False
1,NI99ER NO.1,Pasalic,C,6.5,6.5,True,False
1,NI99ER NO.1,Douvikas,A,6.0,6.0,True,False
1,NI99ER NO.1,Kean,A,5.5,5.5,True,False
1,NI99ER NO.1,Pellegrino M.,A,5.5,5.5,True,False
1,NI99ER NO.1,Giovane,A,6.0,5.5,False,True
1,NI99ER NO.1,Orban G.,A,6.0,6.0,False,True
1,NI99ER NO.1,Gimenez,A,5.0,5.0,False,True
1,NI99ER NO.1,Vandeputte,C,5.5,5.5,False,True
1,NI99ER NO.1,Oristanio,C,6.0,6.0,False,True
1,NI99ER NO.1,Fofana Y.,C,6.0,6.0,False,True
1,NI99ER NO.1,Elmas,C,6.0,6.0,False,True
1,NI99ER NO.1,Fazzini,C,6.5,6.5,False,True
1,NI99ER NO.1,Beukema,D,7.0,10.0,True,True
1,NI99ER NO.1,Heggem,D,6.0,6.0,False,True
1,NI99ER NO.1,Gaspar K.,D,4.5,4.5,False,True
1,NI99ER NO.1,Cambiaso,D,,,False,True
1,NI99ER NO.1,Sportiello,P,,,False,True
1,NI99ER NO.1,Rossi F.,P,,,False,True
1,LUCKY LUKE,Skorupski,P,6.0,4.5,True,False
1,LUCKY LUKE,Gallo,D,4.5,4.5,True,False
1,LUCKY LUKE,Solet,D,6.5,6.5,True,False
1,LUCKY LUKE,Mina,D,7.0,11.0,True,False
1,LUCKY LUKE,Loftus-Cheek,C,6.5,6.5,True,False
1,LUCKY LUKE,Sucic P.,C,,,False,False
1,LUCKY LUKE,Mkhitaryan,C,5.5,5.0,True,False
1,LUCKY LUKE,Politano,C,6.5,6.5,True,False
1,LUCKY LUKE,Cambiaghi,A,5.5,5.5,True,False
1,LUCKY LUKE,David,A,6.5,7.5,True,False
1,LUCKY LUKE,Soulè,A,6.5,6.5,True,False
1,LUCKY LUKE,Semper,P,6.0,5.0,False,True
1,LUCKY LUKE,Ravaglia F.,P,,,False,True
1,LUCKY LUKE,Gatti,D,6.0,6.0,False,True
1,LUCKY LUKE,N'Dicka,D,6.0,6.0,False,True
1,LUCKY LUKE,Gabbia,D,6.5,6.5,False,True
1,LUCKY LUKE,Biraghi,D,6.0,6.0,False,True
1,LUCKY LUKE,Lazaro,D,6.0,6.0,False,True
1,LUCKY LUKE,Guendouzi,C,5.5,5.5,True,True
1,LUCKY LUKE,Lobotka,C,6.0,6.0,False,True
1,LUCKY LUKE,Fagioli,C,5.5,5.5,False,True
1,LUCKY LUKE,Openda,A,6.0,6.0,False,True
1,LUCKY LUKE,Lookman,A,,,False,True
1,LUCKY LUKE,Ederson D.S.,C,,,False,True
1,LUCKY LUKE,Luvumbo,A,,,False,True
1,F-22,Butez,P,6.0,5.0,True,False
1,F-22,Pezzella Giu.,D,5.5,5.5,True,False
1,F-22,Dumfries,D,6.0,6.0,True,False
1,F-22,Vojvoda,D,5.5,5.5,True,False
1,F-22,Pulisic,C,7.0,7.0,True,False
1,F-22,Diouf,C,,,False,False
1,F-22,Da Cunha,C,6.0,6.0,True,False
1,F-22,Modric,C,7.5,11.5,True,False
1,F-22,Ferguson E.,A,5.5,5.5,True,False
1,F-22,Dovbyk,A,,,False,False
1,F-22,Meister,A,6.0,6.0,True,False
1,F-22,Di Gregorio,P,6.0,3.0,False,True
1,F-22,Perin,P,,,False,True
1,F-22,Kamara H.,D,6.5,6.0,False,True
1,F-22,Frese,D,6.0,6.0,False,True
1,F-22,Ziolkowski,D,,,False,True
1,F-22,Kristensen T.,D,7.0,7.0,False,True
1,F-22,Norton-Cuffy,D,6.5,6.5,False,True
1,F-22,Volpato,C,6.0,5.5,True,True
1,F-22,Sorensen O.,C,5.5,5.5,False,True
1,F-22,Pierotti,C,5.5,5.5,False,True
1,F-22,Fabbian,C,5.5,5.5,False,True
1,F-22,Scamacca,A,,,False,True
1,F-22,Stulic,A,5.5,5.5,True,True
1,F-22,Lukaku,A,,,False,True
2,GIALLOROSSI,Israel,P,6.0,3.0,True,False
2,GIALLOROSSI,Estupinan,D,6.5,6.5,True,False
2,GIALLOROSSI,Kelly L.,D,5.5,5.0,True,False
2,GIALLOROSSI,Valeri,D,6.0,6.0,True,False
2,GIALLOROSSI,Vlasic,C,5.5,5.5,True,False
2,GIALLOROSSI,Calhanoglu,C,6.0,5.5,True,False
2,GIALLOROSSI,Samardzic,C,7.0,8.0,True,False
2,GIALLOROSSI,Neres,C,,,False,False
2,GIALLOROSSI,Davis K.,A,5.5,5.5,True,False
2,GIALLOROSSI,Morata,A,5.5,5.5,True,False
2,GIALLOROSSI,Castro S.,A,7.0,10.0,True,False
2,GIALLOROSSI,Leali,P,6.5,4.5,False,True
2,GIALLOROSSI,Maignan,P,,,False,True
2,GIALLOROSSI,Lykogiannis,D,,,False,True
2,GIALLOROSSI,Palestra,D,7.0,8.0,False,True
2,GIALLOROSSI,Vasquez,D,6.0,6.0,False,True
2,GIALLOROSSI,Ranieri L.,D,6.0,5.5,False,True
2,GIALLOROSSI,Angelino,D,6.0,6.0,False,True
2,GIALLOROSSI,Conceicao,C,7.0,10.0,True,True
2,GIALLOROSSI,Zhegrova,C,,,False,True
2,GIALLOROSSI,Maldini,C,,,False,True
2,GIALLOROSSI,Stengs,C,,,False,True
2,GIALLOROSSI,Lucca,A,7.0,11.0,False,True
2,GIALLOROSSI,Esposito Se.,A,6.5,6.0,False,True
2,GIALLOROSSI,Pinamonti,A,6.0,6.0,False,True
2,NEVER IWOMAN,Svilar,P,6.0,7.0,True,False
2,NEVER IWOMAN,Tavares N.,D,5.0,5.0,True,False
2,NEVER IWOMAN,Buongiorno,D,6.5,6.5,True,False
2,NEVER IWOMAN,Bremer,D,,,False,False
2,NEVER IWOMAN,Carlos Augusto,D,6.5,6.5,True,False
2,NEVER IWOMAN,Zalewski,C,,,False,False
2,NEVER IWOMAN,Odgaard,C,,,False,False
2,NEVER IWOMAN,Saelemaekers,C,7.0,7.0,True,False
2,NEVER IWOMAN,Piccoli,A,5.0,5.0,True,False
2,NEVER IWOMAN,Belotti,A,7.5,13.5,True,False
2,NEVER IWOMAN,Simeone,A,6.0,6.0,True,False
2,NEVER IWOMAN,Vardy,A,,,False,True
2,NEVER IWOMAN,Rodriguez Je.,A,6.5,6.5,False,True
2,NEVER IWOMAN,Stanciu,C,,,False,True
2,NEVER IWOMAN,Cristante,C,6.0,6.0,True,True
2,NEVER IWOMAN,Gronbaek,C,,,False,True
2,NEVER IWOMAN,Isaksen,C,,,False,True
2,NEVER IWOMAN,Tiago Gabriel,D,6.0,8.5,True,True
2,NEVER IWOMAN,Rensch,D,7.0,7.0,False,True
2,NEVER IWOMAN,Wesley,D,,,False,True
2,NEVER IWOMAN,Vasquez D.,P,,,False,True
2,NEVER IWOMAN,Gollini,P,,,False,True
2,NEVER IWOMAN,Leao,A,,,False,True
2,NEVER IWOMAN,Harroui,C,,,False,True
2,NEVER IWOMAN,Ramon,D,,,False,True
2,NI99ER NO.1,Carnesecchi,P,7.0,10.0,True,False
2,NI99ER NO.1,Cambiaso,D,5.5,5.5,True,False
2,NI99ER NO.1,Gosens,D,5.5,5.5,True,False
2,NI99ER NO.1,Beukema,D,5.0,5.0,True,False
2,NI99ER NO.1,Di Lorenzo,D,5.0,5.0,True,False
2,NI99ER NO.1,Rabiot,C,7.0,8.0,True,False
2,NI99ER NO.1,Locatelli,C,5.5,5.5,True,False
2,NI99ER NO.1,Fazzini,C,5.5,5.5,True,False
2,NI99ER NO.1,Gimenez,A,5.5,5.5,True,False
2,NI99ER NO.1,Kean,A,5.5,5.5,True,False
2,NI99ER NO.1,Pellegrino M.,A,6.0,6.0,True,False
2,NI99ER NO.1,Giovane,A,6.0,6.0,False,True
2,NI99ER NO.1,Orban G.,A,7.5,10.0,False,True
2,NI99ER NO.1,Douvikas,A,5.5,5.5,False,True
2,NI99ER NO.1,Elmas,C,5.5,5.5,False,True
2,NI99ER NO.1,Pasalic,C,6.0,6.0,False,True
2,NI99ER NO.1,Oristanio,C,6.0,6.0,False,True
2,NI99ER NO.1,Vandeputte,C,5.5,5.5,False,True
2,NI99ER NO.1,Fofana Y.,C,7.0,10.0,False,True
2,NI99ER NO.1,Heggem,D,6.0,6.0,False,True
2,NI99ER NO.1,Hermoso,D,,,False,True
2,NI99ER NO.1,Gaspar K.,D,5.5,5.5,False,True
2,NI99ER NO.1,Cuadrado,D,6.0,6.0,False,True
2,NI99ER NO.1,Sportiello,P,,,False,True
2,NI99ER NO.1,Rossi F.,P,,,False,True
2,LUCKY LUKE,Skorupski,P,6.5,5.5,True,False
2,LUCKY LUKE,Gabbia,D,6.0,6.0,True,False
2,LUCKY LUKE,Gatti,D,6.0,5.5,True,False
2,LUCKY LUKE,Mina,D,6.5,6.5,True,False
2,LUCKY LUKE,Loftus-Cheek,C,6.5,6.5,True,False
2,LUCKY LUKE,Sucic P.,C,7.0,8.0,True,False
2,LUCKY LUKE,Mkhitaryan,C,,,False,False
2,LUCKY LUKE,Politano,C,6.5,6.5,True,False
2,LUCKY LUKE,Openda,A,6.0,6.0,True,False
2,LUCKY LUKE,David,A,6.0,6.0,True,False
2,LUCKY LUKE,Soulè,A,6.5,7.5,True,False
2,LUCKY LUKE,Semper,P,5.5,2.5,False,True
2,LUCKY LUKE,Ravaglia F.,P,,,False,True
2,LUCKY LUKE,Gallo,D,5.0,5.0,False,True
2,LUCKY LUKE,Solet,D,5.5,5.5,False,True
2,LUCKY LUKE,N'Dicka,D,6.0,5.5,False,True
2,LUCKY LUKE,Lazaro,D,5.0,5.0,False,True
2,LUCKY LUKE,Biraghi,D,5.0,5.0,False,True
2,LUCKY LUKE,Lobotka,C,6.0,6.5,True,True
2,LUCKY LUKE,Guendouzi,C,6.0,5.0,False,True
2,LUCKY LUKE,Fagioli,C,5.5,5.5,False,True
2,LUCKY LUKE,Ederson D.S.,C,,,False,True
2,LUCKY LUKE,Cambiaghi,A,7.0,8.0,False,True
2,LUCKY LUKE,Lookman,A,,,False,True
2,LUCKY LUKE,Luvumbo,A,,,False,True
2,ROMABOY,Milinkovic-Savic V.,P,,,False,False
2,ROMABOY,Dimarco,D,7.0,9.5,True,False
2,ROMABOY,Lucumì,D,,,False,False
2,ROMABOY,Pavlovic,D,6.5,6.5,True,False
2,ROMABOY,Acerbi,D,6.0,6.0,True,False
2,ROMABOY,Pellegrini Lo.,C,7.0,11.0,True,False
2,ROMABOY,McTominay,C,6.5,7.5,True,False
2,ROMABOY,Rowe,C,,,False,False
2,ROMABOY,Nkunku,A,6.0,6.0,True,False
2,ROMABOY,Thuram,A,6.0,6.0,True,False
2,ROMABOY,Pedro,A,6.0,6.0,True,False
2,ROMABOY,Dzeko,A,6.0,6.0,False,True
2,ROMABOY,Camarda,A,6.0,6.0,False,True
2,ROMABOY,Almqvist,A,6.0,6.0,False,True
2,ROMABOY,Meret,P,6.5,4.5,True,True
2,ROMABOY,Contini,P,,,False,True
2,ROMABOY,Akanji,D,6.0,6.0,True,True
2,ROMABOY,Delprato,D,6.0,6.0,False,True
2,ROMABOY,Gila,D,5.5,5.0,False,True
2,ROMABOY,Scalvini,D,,,False,True
2,ROMABOY,Frattesi,C,6.0,6.0,True,True
2,ROMABOY,McKennie,C,,,False,True
2,ROMABOY,De Roon,C,6.5,6.5,False,True
2,ROMABOY,Freuler,C,6.0,6.0,False,True
2,ROMABOY,Folorunsho,C,6.5,6.5,False,True
2,NO ONE,Falcone,P,6.5,4.5,True,False
2,NO ONE,Zortea,D,5.5,5.5,True,False
2,NO ONE,Bastoni,D,,,False,False
2,NO ONE,Tomori,D,6.5,6.5,True,False
2,NO ONE,Bellanova,D,6.5,6.5,True,False
2,NO ONE,Zerbin,C,5.5,5.5,True,False
2,NO ONE,Zambo Anguissa,C,6.0,6.0,True,False
2,NO ONE,Thuram K.,C,6.0,6.0,True,False
2,NO ONE,Barella,C,6.0,6.0,True,False
2,NO ONE,Vlahovic,A,5.5,5.5,True,False
2,NO ONE,Cutrone,A,5.5,5.5,True,False
2,NO ONE,Sava,P,5.0,2.0,False,True
2,NO ONE,Okoye,P,,,False,True
2,NO ONE,Dodò,D,5.5,5.0,True,True
2,NO ONE,Comuzzo,D,,,False,True
2,NO ONE,Mancini,D,6.0,6.0,False,True
2,NO ONE,Ghilardi,D,,,False,True
2,NO ONE,Gaetano,C,6.0,6.0,False,True
2,NO ONE,Mandragora,C,7.0,10.0,False,True
2,NO ONE,Nicolussi Caviglia,C,5.5,5.5,False,True
2,NO ONE,Baturina,C,,,False,True
2,NO ONE,Laurientè,A,6.0,6.0,False,True
2,NO ONE,Zapata D.,A,5.0,3.0,False,True
2,NO ONE,Dybala,A,,,False,True
2,NO ONE,Diao,A,,,False,True
2,ROMAZDA,Audero,P,6.5,7.5,True,False
2,ROMAZDA,Miranda J.,D,5.5,5.5,True,False
2,ROMAZDA,Olivera,D,,,False,False
2,ROMAZDA,Bisseck,D,,,False,False
2,ROMAZDA,Joao Mario,D,5.0,5.0,True,False
2,ROMAZDA,El Shaarawy,C,,,False,False
2,ROMAZDA,Gudmundsson A.,C,,,False,False
2,ROMAZDA,Atta,C,6.0,5.5,True,False
2,ROMAZDA,Yildiz,A,6.0,6.0,True,False
2,ROMAZDA,Castellanos,A,6.0,6.0,True,False
2,ROMAZDA,Esposito F.P.,A,6.5,6.5,True,False
2,ROMAZDA,Bonny,A,6.0,6.0,False,True
2,ROMAZDA,Lang,A,,,False,True
2,ROMAZDA,Dia,A,5.0,5.0,False,True
2,ROMAZDA,Casadei,C,5.5,5.5,True,True
2,ROMAZDA,El Aynaoui,C,,,False,True
2,ROMAZDA,Tramoni M.,C,5.5,5.5,True,True
2,ROMAZDA,Zaniolo,C,6.0,6.0,False,True
2,ROMAZDA,Bailey,C,,,False,True
2,ROMAZDA,Terracciano F.,D,6.0,6.0,True,True
2,ROMAZDA,Marusic,D,6.0,6.0,True,True
2,ROMAZDA,Tsimikas,D,,,False,True
2,ROMAZDA,Gutierrez,D,,,False,True
2,ROMAZDA,Provedel,P,6.5,5.5,False,True
2,ROMAZDA,Mandas,P,,,False,True
2,ROMOLO&ROMINA,Caprile,P,6.5,5.5,True,False
2,ROMOLO&ROMINA,Martin,D,6.0,6.0,True,False
2,ROMOLO&ROMINA,Hien,D,6.0,6.0,True,False
2,ROMOLO&ROMINA,Luperto,D,5.5,5.5,True,False
2,ROMOLO&ROMINA,Kalulu,D,6.0,6.0,True,False
2,ROMOLO&ROMINA,Zaccagni,C,5.5,5.5,True,False
2,ROMOLO&ROMINA,Konè M.,C,7.0,7.0,True,False
2,ROMOLO&ROMINA,Bernabè,C,6.5,6.5,True,False
2,ROMOLO&ROMINA,Paz N.,C,7.0,8.5,True,False
2,ROMOLO&ROMINA,Hojlund,A,5.5,5.5,True,False
2,ROMOLO&ROMINA,Krstovic,A,7.5,14.5,True,False
2,ROMOLO&ROMINA,Ngonge,A,,,False,True
2,ROMOLO&ROMINA,Adams C.,A,5.5,5.5,False,True
2,ROMOLO&ROMINA,Colombo,A,5.5,5.5,False,True
2,ROMOLO&ROMINA,Cancellieri,A,,,False,True
2,ROMOLO&ROMINA,Tourè I.,C,,,False,True
2,ROMOLO&ROMINA,Collocolo,C,,,False,True
2,ROMOLO&ROMINA,Frendrup,C,6.0,6.0,False,True
2,ROMOLO&ROMINA,Thorstvedt,C,6.0,6.0,False,True
2,ROMOLO&ROMINA,Vitik,D,6.0,6.0,False,True
2,ROMOLO&ROMINA,Angori,D,6.5,7.5,False,True
2,ROMOLO&ROMINA,Posch,D,,,False,True
2,ROMOLO&ROMINA,Rrahmani,D,,,False,True
2,ROMOLO&ROMINA,Sommer,P,,,False,True
2,ROMOLO&ROMINA,Martinez Jo.,P,6.5,5.5,False,True
2,F-22,Di Gregorio,P,6.5,5.5,True,False
2,F-22,Vojvoda,D,5.5,5.0,True,False
2,F-22,Kristensen T.,D,5.0,5.0,True,False
2,F-22,Dumfries,D,6.0,6.0,True,False
2,F-22,Da Cunha,C,,,False,False
2,F-22,Pulisic,C,8.5,16.5,True,False
2,F-22,Pierotti,C,6.0,6.0,True,False
2,F-22,Modric,C,7.0,7.0,True,False
2,F-22,Dovbyk,A,5.5,5.5,True,False
2,F-22,Lukaku,A,,,False,False
2,F-22,Ferguson E.,A,6.0,6.0,True,False
2,F-22,Perin,P,,,False,True
2,F-22,Butez,P,6.0,5.0,False,True
2,F-22,Kamara H.,D,,,False,True
2,F-22,Pezzella Giu.,D,6.0,5.5,False,True
2,F-22,Norton-Cuffy,D,5.5,5.0,False,True
2,F-22,Frese,D,6.5,6.5,False,True
2,F-22,Ziolkowski,D,,,False,True
2,F-22,Diouf,C,,,False,True
2,F-22,Fabbian,C,,,False,True
2,F-22,Sorensen O.,C,5.5,5.5,True,True
2,F-22,Volpato,C,6.0,6.0,False,True
2,F-22,Stulic,A,5.0,5.0,True,True
2,F-22,Scamacca,A,,,False,True
2,F-22,Meister,A,5.5,5.5,False,True
2,OLD LIN,De Gea,P,6.0,4.0,True,False
2,OLD LIN,Unai Nunez,D,6.5,6.5,True,False
2,OLD LIN,Baschirotto,D,6.5,6.5,True,False
2,OLD LIN,Zappa,D,6.0,6.0,True,False
2,OLD LIN,Vazquez,C,6.5,6.5,True,False
2,OLD LIN,Koopmeiners,C,5.5,5.0,True,False
2,OLD LIN,De Bruyne,C,5.5,5.5,True,False
2,OLD LIN,Orsolini,C,6.5,9.5,True,False
2,OLD LIN,Sanabria,A,5.5,5.5,True,False
2,OLD LIN,Martinez L.,A,6.0,6.0,True,False
2,OLD LIN,Berardi,A,6.5,7.5,True,False
2,OLD LIN,Martinelli T.,P,,,False,True
2,OLD LIN,Lezzerini,P,,,False,True
2,OLD LIN,Zappacosta,D,6.5,7.0,False,True
2,OLD LIN,Doig,D,6.0,6.0,False,True
2,OLD LIN,Circati,D,6.5,6.5,False,True
2,OLD LIN,Pongracic,D,5.5,5.0,False,True
2,OLD LIN,Ismajli,D,5.0,5.0,False,True
2,OLD LIN,Sohm,C,5.5,5.0,False,True
2,OLD LIN,Carboni V.,C,5.0,4.5,False,True
2,OLD LIN,Tete Morente,C,5.5,5.5,False,True
2,OLD LIN,Prati,C,6.0,5.5,False,True
2,OLD LIN,De Ketelaere,A,,,False,True
2,OLD LIN,Bravo,A,5.5,5.5,False,True
2,OLD LIN,Dominguez B.,A,5.5,5.5,False,True
3,NEVER IWOMAN,Svilar,P,7.0,8.0,True,False
3,NEVER IWOMAN,Carlos Augusto,D,6.0,5.5,True,False
3,NEVER IWOMAN,Bremer,D,5.5,5.5,True,False
3,NEVER IWOMAN,Ramon,D,6.0,5.5,True,False
3,NEVER IWOMAN,Wesley,D,5.5,5.5,True,False
3,NEVER IWOMAN,Odgaard,C,7.0,10.0,True,False
3,NEVER IWOMAN,Cristante,C,6.0,6.0,True,False
3,NEVER IWOMAN,Saelemaekers,C,7.0,10.0,True,False
3,NEVER IWOMAN,Leao,A,5.5,5.5,True,False
3,NEVER IWOMAN,Simeone,A,5.5,5.5,True,False
3,NEVER IWOMAN,Rodriguez Je.,A,5.0,5.0,True,False
3,NEVER IWOMAN,Piccoli,A,6.0,6.0,False,True
3,NEVER IWOMAN,Vardy,A,,,False,True
3,NEVER IWOMAN,Belotti,A,6.0,6.0,False,True
3,NEVER IWOMAN,Stanciu,C,5.5,5.5,False,True
3,NEVER IWOMAN,Gronbaek,C,,,False,True
3,NEVER IWOMAN,Isaksen,C,,,False,True
3,NEVER IWOMAN,Rensch,D,,,False,True
3,NEVER IWOMAN,Tiago Gabriel,D,5.5,5.5,False,True
3,NEVER IWOMAN,Tavares N.,D,6.0,6.0,False,True
3,NEVER IWOMAN,Vasquez D.,P,,,False,True
3,NEVER IWOMAN,Gollini,P,,,False,True
3,NEVER IWOMAN,Zalewski,C,,,False,True
3,NEVER IWOMAN,Harroui,C,,,False,True
3,NEVER IWOMAN,Buongiorno,D,,,False,True
3,F-22,Butez,P,6.0,5.0,True,False
3,F-22,Norton-Cuffy,D,5.0,4.5,True,False
3,F-22,Vojvoda,D,,,False,False
3,F-22,Dumfries,D,6.0,6.0,True,False
3,F-22,Diouf,C,,,False,False
3,F-22,Pulisic,C,8.0,13.0,True,False
3,F-22,Da Cunha,C,6.0,5.5,True,False
3,F-22,Modric,C,7.0,7.0,True,False
3,F-22,Meister,A,6.0,6.0,True,False
3,F-22,Ferguson E.,A,6.0,6.0,True,False
3,F-22,Dovbyk,A,7.0,11.0,True,False
3,F-22,Perin,P,,,False,True
3,F-22,Di Gregorio,P,6.0,5.0,False,True
3,F-22,Kamara H.,D,,,False,True
3,F-22,Kristensen T.,D,5.0,5.0,True,True
3,F-22,Pezzella Giu.,D,6.0,6.0,False,True
3,F-22,Frese,D,6.0,6.0,False,True
3,F-22,Ziolkowski,D,6.0,6.0,False,True
3,F-22,Fabbian,C,5.0,5.0,True,True
3,F-22,Volpato,C,,,False,True
3,F-22,Sorensen O.,C,,,False,True
3,F-22,Pierotti,C,6.5,6.5,False,True
3,F-22,Stulic,A,5.5,5.5,False,True
3,F-22,Scamacca,A,,,False,True
3,OLD LIN,De Gea,P,6.0,7.0,True,False
3,OLD LIN,Unai Nunez,D,5.5,5.0,True,False
3,OLD LIN,Baschirotto,D,7.0,10.5,True,False
3,OLD LIN,Zappacosta,D,6.0,5.5,True,False
3,OLD LIN,Vazquez,C,6.5,7.5,True,False
3,OLD LIN,Koopmeiners,C,6.0,6.0,True,False
3,OLD LIN,De Bruyne,C,6.5,8.5,True,False
3,OLD LIN,Orsolini,C,6.5,8.5,True,False
3,OLD LIN,De Ketelaere,A,6.0,6.0,True,False
3,OLD LIN,Martinez L.,A,7.0,11.0,True,False
3,OLD LIN,Berardi,A,7.0,8.0,True,False
3,OLD LIN,Martinelli T.,P,,,False,True
3,OLD LIN,Lezzerini,P,,,False,True
3,OLD LIN,Circati,D,6.5,6.5,False,True
3,OLD LIN,Ismajli,D,5.5,5.5,False,True
3,OLD LIN,Doig,D,6.0,6.0,False,True
3,OLD LIN,Pongracic,D,6.0,6.0,False,True
3,OLD LIN,Zappa,D,,,False,True
3,OLD LIN,Sohm,C,,,False,True
3,OLD LIN,Carboni V.,C,5.5,5.5,False,True
3,OLD LIN,Tete Morente,C,6.5,6.5,False,True
3,OLD LIN,Prati,C,6.0,6.0,False,True
3,OLD LIN,Sanabria,A,6.0,5.5,False,True
3,OLD LIN,Bravo,A,,,False,True
3,OLD LIN,Dominguez B.,A,,,False,True
3,NI99ER NO.1,Carnesecchi,P,6.5,5.5,True,False
3,NI99ER NO.1,Cambiaso,D,6.0,6.0,True,False
3,NI99ER NO.1,Gosens,D,6.0,6.0,True,False
3,NI99ER NO.1,Hermoso,D,6.0,6.0,True,False
3,NI99ER NO.1,Di Lorenzo,D,6.0,6.0,True,False
3,NI99ER NO.1,Rabiot,C,6.5,6.0,True,False
3,NI99ER NO.1,Locatelli,C,,,False,False
3,NI99ER NO.1,Pasalic,C,6.0,6.0,True,False
3,NI99ER NO.1,Douvikas,A,6.5,6.5,True,False
3,NI99ER NO.1,Kean,A,5.5,5.0,True,False
3,NI99ER NO.1,Pellegrino M.,A,7.5,13.0,True,False
3,NI99ER NO.1,Gimenez,A,5.5,5.5,False,True
3,NI99ER NO.1,Orban G.,A,5.0,5.0,False,True
3,NI99ER NO.1,Giovane,A,5.0,5.0,False,True
3,NI99ER NO.1,Oristanio,C,5.0,5.0,True,True
3,NI99ER NO.1,Fazzini,C,6.0,6.0,False,True
3,NI99ER NO.1,Elmas,C,6.0,6.0,False,True
3,NI99ER NO.1,Fofana Y.,C,6.5,7.5,False,True
3,NI99ER NO.1,Vandeputte,C,6.0,6.0,False,True
3,NI99ER NO.1,Cuadrado,D,6.5,6.5,False,True
3,NI99ER NO.1,Heggem,D,6.0,6.0,False,True
3,NI99ER NO.1,Beukema,D,,,False,True
3,NI99ER NO.1,Gaspar K.,D,6.0,5.5,False,True
3,NI99ER NO.1,Sportiello,P,,,False,True
3,NI99ER NO.1,Rossi F.,P,,,False,True
3,ROMOLO&ROMINA,Sommer,P,,,False,False
3,ROMOLO&ROMINA,Angori,D,,,False,False
3,ROMOLO&ROMINA,Martin,D,5.5,5.5,True,False
3,ROMOLO&ROMINA,Vitik,D,,,False,False
3,ROMOLO&ROMINA,Posch,D,6.0,6.0,True,False
3,ROMOLO&ROMINA,Zaccagni,C,7.0,10.0,True,False
3,ROMOLO&ROMINA,Bernabè,C,6.0,6.0,True,False
3,ROMOLO&ROMINA,Konè M.,C,6.5,6.5,True,False
3,ROMOLO&ROMINA,Paz N.,C,7.0,10.0,True,False
3,ROMOLO&ROMINA,Hojlund,A,5.5,5.5,True,False
3,ROMOLO&ROMINA,Krstovic,A,5.5,5.5,True,False
3,ROMOLO&ROMINA,Ngonge,A,7.5,10.0,False,True
3,ROMOLO&ROMINA,Cancellieri,A,7.5,11.5,False,True
3,ROMOLO&ROMINA,Adams C.,A,,,False,True
3,ROMOLO&ROMINA,Colombo,A,5.0,5.0,False,True
3,ROMOLO&ROMINA,Tourè I.,C,6.5,6.5,False,True
3,ROMOLO&ROMINA,Thorstvedt,C,6.0,6.0,False,True
3,ROMOLO&ROMINA,Frendrup,C,5.0,5.0,False,True
3,ROMOLO&ROMINA,Collocolo,C,,,False,True
3,ROMOLO&ROMINA,Rrahmani,D,,,False,True
3,ROMOLO&ROMINA,Kalulu,D,6.5,6.5,True,True
3,ROMOLO&ROMINA,Luperto,D,5.5,5.5,True,True
3,ROMOLO&ROMINA,Hien,D,,,False,True
3,ROMOLO&ROMINA,Martinez Jo.,P,6.0,7.0,True,True
3,ROMOLO&ROMINA,Caprile,P,6.5,4.5,False,True
3,GIALLOROSSI,Maignan,P,7.0,6.0,True,False
3,GIALLOROSSI,Angelino,D,6.0,6.0,True,False
3,GIALLOROSSI,Vasquez,D,5.0,4.5,True,False
3,GIALLOROSSI,Ranieri L.,D,6.0,6.0,True,False
3,GIALLOROSSI,Valeri,D,7.0,8.0,True,False
3,GIALLOROSSI,Vlasic,C,5.0,5.0,True,False
3,GIALLOROSSI,Calhanoglu,C,6.5,6.5,True,False
3,GIALLOROSSI,Samardzic,C,6.5,6.5,True,False
3,GIALLOROSSI,Davis K.,A,7.0,10.0,True,False
3,GIALLOROSSI,Pinamonti,A,6.0,6.0,True,False
3,GIALLOROSSI,Castro S.,A,6.0,6.0,True,False
3,GIALLOROSSI,Leali,P,6.0,3.0,False,True
3,GIALLOROSSI,Israel,P,6.0,4.0,False,True
3,GIALLOROSSI,Estupinan,D,5.0,4.0,False,True
3,GIALLOROSSI,Palestra,D,6.0,6.0,False,True
3,GIALLOROSSI,Kelly L.,D,6.0,6.0,False,True
3,GIALLOROSSI,Lykogiannis,D,,,False,True
3,GIALLOROSSI,Zhegrova,C,6.5,6.5,False,True
3,GIALLOROSSI,Neres,C,6.5,6.5,False,True
3,GIALLOROSSI,Maldini,C,,,False,True
3,GIALLOROSSI,Conceicao,C,,,False,True
3,GIALLOROSSI,Stengs,C,,,False,True
3,GIALLOROSSI,Morata,A,,,False,True
3,GIALLOROSSI,Esposito Se.,A,6.0,6.0,False,True
3,GIALLOROSSI,Lucca,A,5.5,5.5,False,True
3,ROMAZDA,Provedel,P,6.5,7.5,True,False
3,ROMAZDA,Tsimikas,D,6.0,6.0,True,False
3,ROMAZDA,Miranda J.,D,5.0,5.0,True,False
3,ROMAZDA,Marusic,D,6.5,7.5,True,False
3,ROMAZDA,El Shaarawy,C,,,False,False
3,ROMAZDA,Gudmundsson A.,C,5.0,5.0,True,False
3,ROMAZDA,Atta,C,6.0,6.0,True,False
3,ROMAZDA,Zaniolo,C,6.0,5.5,True,False
3,ROMAZDA,Yildiz,A,6.0,6.0,True,False
3,ROMAZDA,Castellanos,A,7.5,11.5,True,False
3,ROMAZDA,Esposito F.P.,A,7.0,10.0,True,False
3,ROMAZDA,Dia,A,6.0,6.0,False,True
3,ROMAZDA,Bonny,A,,,False,True
3,ROMAZDA,Lang,A,6.0,6.0,False,True
3,ROMAZDA,Casadei,C,5.5,5.5,True,True
3,ROMAZDA,Tramoni M.,C,5.5,5.5,False,True
3,ROMAZDA,El Aynaoui,C,,,False,True
3,ROMAZDA,Bailey,C,,,False,True
3,ROMAZDA,Bisseck,D,,,False,True
3,ROMAZDA,Olivera,D,,,False,True
3,ROMAZDA,Terracciano F.,D,5.5,5.5,False,True
3,ROMAZDA,Joao Mario,D,6.0,7.0,False,True
3,ROMAZDA,Gutierrez,D,5.5,5.5,False,True
3,ROMAZDA,Mandas,P,,,False,True
3,ROMAZDA,Audero,P,,,False,True
3,ROMABOY,Milinkovic-Savic V.,P,,,False,False
3,ROMABOY,Dimarco,D,7.0,8.0,True,False
3,ROMABOY,Lucumì,D,5.5,5.5,True,False
3,ROMABOY,Akanji,D,6.5,6.5,True,False
3,ROMABOY,Acerbi,D,,,False,False
3,ROMABOY,Pellegrini Lo.,C,6.0,6.0,True,False
3,ROMABOY,McTominay,C,6.0,6.0,True,False
3,ROMABOY,Rowe,C,6.5,6.5,True,False
3,ROMABOY,Nkunku,A,,,False,False
3,ROMABOY,Thuram,A,6.5,6.5,True,False
3,ROMABOY,Pedro,A,,,False,False
3,ROMABOY,Meret,P,6.0,4.0,True,True
3,ROMABOY,Contini,P,,,False,True
3,ROMABOY,Delprato,D,6.0,5.5,True,True
3,ROMABOY,Gila,D,6.5,6.5,False,True
3,ROMABOY,Scalvini,D,,,False,True
3,ROMABOY,Frattesi,C,6.0,6.0,False,True
3,ROMABOY,McKennie,C,6.0,6.0,False,True
3,ROMABOY,De Roon,C,5.5,4.5,False,True
3,ROMABOY,Freuler,C,,,False,True
3,ROMABOY,Folorunsho,C,6.0,6.0,False,True
3,ROMABOY,Dzeko,A,,,False,True
3,ROMABOY,Camarda,A,7.0,10.5,True,True
3,ROMABOY,Almqvist,A,,,False,True
3,LUCKY LUKE,Skorupski,P,6.5,4.5,True,False
3,LUCKY LUKE,Biraghi,D,5.5,5.5,True,False
3,LUCKY LUKE,N'Dicka,D,5.5,5.5,True,False
3,LUCKY LUKE,Solet,D,6.0,6.0,True,False
3,LUCKY LUKE,Loftus-Cheek,C,6.0,6.0,True,False
3,LUCKY LUKE,Sucic P.,C,,,False,False
3,LUCKY LUKE,Mkhitaryan,C,6.5,6.5,True,False
3,LUCKY LUKE,Politano,C,6.0,6.0,True,False
3,LUCKY LUKE,Openda,A,5.0,5.0,True,False
3,LUCKY LUKE,David,A,,,False,False
3,LUCKY LUKE,Soulè,A,6.5,9.5,True,False
3,LUCKY LUKE,Semper,P,6.0,7.0,False,True
3,LUCKY LUKE,Ravaglia F.,P,,,False,True
3,LUCKY LUKE,Gatti,D,5.5,5.5,False,True
3,LUCKY LUKE,Gabbia,D,6.0,6.0,False,True
3,LUCKY LUKE,Gallo,D,6.5,6.0,False,True
3,LUCKY LUKE,Lazaro,D,6.0,6.0,False,True
3,LUCKY LUKE,Mina,D,5.5,5.5,False,True
3,LUCKY LUKE,Lobotka,C,6.0,6.0,True,True
3,LUCKY LUKE,Fagioli,C,,,False,True
3,LUCKY LUKE,Ederson D.S.,C,,,False,True
3,LUCKY LUKE,Guendouzi,C,,,False,True
3,LUCKY LUKE,Cambiaghi,A,6.0,6.0,True,True
3,LUCKY LUKE,Lookman,A,,,False,True
3,LUCKY LUKE,Luvumbo,A,,,False,True
3,NO ONE,Sava,P,6.0,3.0,True,False
3,NO ONE,Zortea,D,,,False,False
3,NO ONE,Bastoni,D,7.0,8.0,True,False
3,NO ONE,Mancini,D,6.0,6.0,True,False
3,NO ONE,Dodò,D,5.0,5.0,True,False
3,NO ONE,Thuram K.,C,5.5,5.5,True,False
3,NO ONE,Mandragora,C,5.5,5.5,True,False
3,NO ONE,Nicolussi Caviglia,C,5.5,5.5,True,False
3,NO ONE,Barella,C,6.5,6.0,True,False
3,NO ONE,Laurientè,A,7.5,11.5,True,False
3,NO ONE,Vlahovic,A,5.5,5.5,True,False
3,NO ONE,Falcone,P,6.5,4.5,False,True
3,NO ONE,Okoye,P,,,False,True
3,NO ONE,Comuzzo,D,,,False,True
3,NO ONE,Bellanova,D,6.5,6.5,True,True
3,NO ONE,Tomori,D,5.5,5.5,False,True
3,NO ONE,Ghilardi,D,,,False,True
3,NO ONE,Zerbin,C,5.5,5.5,False,True
3,NO ONE,Zambo Anguissa,C,5.5,5.5,False,True
3,NO ONE,Gaetano,C,6.0,6.0,False,True
3,NO ONE,Baturina,C,,,False,True
3,NO ONE,Cutrone,A,5.5,5.5,False,True
3,NO ONE,Zapata D.,A,,,False,True
3,NO ONE,Dybala,A,,,False,True
3,NO ONE,Diao,A,,,False,True
4,GIALLOROSSI,Maignan,P,7.0,8.0,True,False
4,GIALLOROSSI,Valeri,D,6.0,6.0,True,False
4,GIALLOROSSI,Lykogiannis,D,,,False,False
4,GIALLOROSSI,Palestra,D,5.5,5.5,True,False
4,GIALLOROSSI,Neres,C,5.5,5.0,True,False
4,GIALLOROSSI,Calhanoglu,C,,,False,False
4,GIALLOROSSI,Samardzic,C,7.0,10.0,True,False
4,GIALLOROSSI,Conceicao,C,6.5,6.5,True,False
4,GIALLOROSSI,Davis K.,A,6.0,6.0,True,False
4,GIALLOROSSI,Pinamonti,A,6.5,8.5,True,False
4,GIALLOROSSI,Castro S.,A,,,False,False
4,GIALLOROSSI,Leali,P,6.0,4.0,False,True
4,GIALLOROSSI,Israel,P,5.5,2.5,False,True
4,GIALLOROSSI,Kelly L.,D,5.0,5.0,True,True
4,GIALLOROSSI,Ranieri L.,D,5.5,5.5,False,True
4,GIALLOROSSI,Angelino,D,,,False,True
4,GIALLOROSSI,Vasquez,D,6.0,6.0,False,True
4,GIALLOROSSI,Estupinan,D,,,False,True
4,GIALLOROSSI,Zhegrova,C,,,False,True
4,GIALLOROSSI,Maldini,C,6.0,6.0,True,True
4,GIALLOROSSI,Vlasic,C,5.5,5.5,False,True
4,GIALLOROSSI,Stengs,C,,,False,True
4,GIALLOROSSI,Lucca,A,,,False,True
4,GIALLOROSSI,Morata,A,5.5,5.5,True,True
4,GIALLOROSSI,Esposito Se.,A,5.5,5.5,False,True
4,ROMAZDA,Provedel,P,6.0,3.0,True,False
4,ROMAZDA,Olivera,D,5.0,5.0,True,False
4,ROMAZDA,Miranda J.,D,6.5,6.5,True,False
4,ROMAZDA,Bisseck,D,,,False,False
4,ROMAZDA,El Shaarawy,C,,,False,False
4,ROMAZDA,Tramoni M.,C,5.5,5.5,True,False
4,ROMAZDA,Atta,C,6.5,6.5,True,False
4,ROMAZDA,Zaniolo,C,5.5,5.0,True,False
4,ROMAZDA,Yildiz,A,5.5,5.5,True,False
4,ROMAZDA,Bonny,A,8.5,15.5,True,False
4,ROMAZDA,Esposito F.P.,A,6.0,6.0,True,False
4,ROMAZDA,Castellanos,A,6.0,5.5,False,True
4,ROMAZDA,Dia,A,5.5,5.5,False,True
4,ROMAZDA,Lang,A,,,False,True
4,ROMAZDA,Gudmundsson A.,C,5.0,4.5,True,True
4,ROMAZDA,Casadei,C,5.5,5.0,False,True
4,ROMAZDA,El Aynaoui,C,,,False,True
4,ROMAZDA,Bailey,C,,,False,True
4,ROMAZDA,Gutierrez,D,,,False,True
4,ROMAZDA,Tsimikas,D,6.0,5.5,True,True
4,ROMAZDA,Joao Mario,D,,,False,True
4,ROMAZDA,Terracciano F.,D,,,False,True
4,ROMAZDA,Marusic,D,,,False,True
4,ROMAZDA,Mandas,P,,,False,True
4,ROMAZDA,Audero,P,,,False,True
4,NO ONE,Sava,P,5.5,4.5,True,False
4,NO ONE,Bastoni,D,6.5,6.5,True,False
4,NO ONE,Tomori,D,6.0,6.0,True,False
4,NO ONE,Mancini,D,6.0,6.0,True,False
4,NO ONE,Zortea,D,6.0,6.0,True,False
4,NO ONE,Thuram K.,C,5.5,5.5,True,False
4,NO ONE,Gaetano,C,,,False,False
4,NO ONE,Zambo Anguissa,C,7.5,10.5,True,False
4,NO ONE,Barella,C,7.5,10.5,True,False
4,NO ONE,Laurientè,A,6.0,6.0,True,False
4,NO ONE,Cutrone,A,5.5,5.5,True,False
4,NO ONE,Falcone,P,6.5,7.5,False,True
4,NO ONE,Okoye,P,,,False,True
4,NO ONE,Bellanova,D,,,False,True
4,NO ONE,Comuzzo,D,6.0,6.0,False,True
4,NO ONE,Dodò,D,5.5,5.5,False,True
4,NO ONE,Ghilardi,D,,,False,True
4,NO ONE,Mandragora,C,5.5,5.5,True,True
4,NO ONE,Baturina,C,5.0,5.0,False,True
4,NO ONE,Nicolussi Caviglia,C,6.0,7.0,False,True
4,NO ONE,Zerbin,C,,,False,True
4,NO ONE,Vlahovic,A,6.0,6.0,False,True
4,NO ONE,Zapata D.,A,,,False,True
4,NO ONE,Dybala,A,6.0,6.0,False,True
4,NO ONE,Diao,A,,,False,True
4,OLD LIN,De Gea,P,6.0,4.0,True,False
4,OLD LIN,Unai Nunez,D,6.0,6.0,True,False
4,OLD LIN,Baschirotto,D,5.0,5.0,True,False
4,OLD LIN,Zappacosta,D,6.0,6.0,True,False
4,OLD LIN,Circati,D,5.5,5.5,True,False
4,OLD LIN,Vazquez,C,5.5,5.5,True,False
4,OLD LIN,De Bruyne,C,6.5,6.5,True,False
4,OLD LIN,Prati,C,6.0,6.0,True,False
4,OLD LIN,Orsolini,C,7.0,10.0,True,False
4,OLD LIN,Martinez L.,A,7.0,10.0,True,False
4,OLD LIN,Berardi,A,,,False,False
4,OLD LIN,Martinelli T.,P,,,False,True
4,OLD LIN,Lezzerini,P,,,False,True
4,OLD LIN,Doig,D,6.0,6.0,False,True
4,OLD LIN,Pongracic,D,6.0,6.0,False,True
4,OLD LIN,Ismajli,D,,,False,True
4,OLD LIN,Zappa,D,,,False,True
4,OLD LIN,Koopmeiners,C,,,False,True
4,OLD LIN,Sohm,C,,,False,True
4,OLD LIN,Carboni V.,C,6.0,6.0,False,True
4,OLD LIN,Tete Morente,C,,,False,True
4,OLD LIN,De Ketelaere,A,,,False,True
4,OLD LIN,Sanabria,A,5.0,5.0,True,True
4,OLD LIN,Bravo,A,,,False,True
4,OLD LIN,Dominguez B.,A,6.0,6.0,False,True
4,NI99ER NO.1,Carnesecchi,P,6.5,5.5,True,False
4,NI99ER NO.1,Cambiaso,D,5.5,5.5,True,False
4,NI99ER NO.1,Gosens,D,5.0,5.0,True,False
4,NI99ER NO.1,Beukema,D,5.5,5.5,True,False
4,NI99ER NO.1,Di Lorenzo,D,6.5,6.5,True,False
4,NI99ER NO.1,Rabiot,C,6.5,6.5,True,False
4,NI99ER NO.1,Pasalic,C,6.0,6.0,True,False
4,NI99ER NO.1,Elmas,C,,,False,False
4,NI99ER NO.1,Orban G.,A,5.5,5.5,True,False
4,NI99ER NO.1,Kean,A,7.0,10.0,True,False
4,NI99ER NO.1,Pellegrino M.,A,6.0,6.0,True,False
4,NI99ER NO.1,Sportiello,P,,,False,True
4,NI99ER NO.1,Rossi F.,P,,,False,True
4,NI99ER NO.1,Heggem,D,6.5,6.5,False,True
4,NI99ER NO.1,Hermoso,D,,,False,True
4,NI99ER NO.1,Cuadrado,D,5.5,5.0,False,True
4,NI99ER NO.1,Gaspar K.,D,6.0,5.5,False,True
4,NI99ER NO.1,Locatelli,C,6.5,6.0,True,True
4,NI99ER NO.1,Oristanio,C,,,False,True
4,NI99ER NO.1,Fazzini,C,5.5,5.5,False,True
4,NI99ER NO.1,Fofana Y.,C,5.5,5.0,False,True
4,NI99ER NO.1,Vandeputte,C,6.0,7.0,False,True
4,NI99ER NO.1,Giovane,A,6.0,6.0,False,True
4,NI99ER NO.1,Gimenez,A,6.5,6.5,False,True
4,NI99ER NO.1,Douvikas,A,5.5,5.5,False,True
4,NEVER IWOMAN,Svilar,P,5.5,4.5,True,False
4,NEVER IWOMAN,Tavares N.,D,6.0,6.0,True,False
4,NEVER IWOMAN,Carlos Augusto,D,6.0,6.0,True,False
4,NEVER IWOMAN,Bremer,D,,,False,False
4,NEVER IWOMAN,Ramon,D,5.5,5.5,True,False
4,NEVER IWOMAN,Rensch,D,6.0,6.0,True,False
4,NEVER IWOMAN,Saelemaekers,C,6.5,6.5,True,False
4,NEVER IWOMAN,Odgaard,C,6.5,9.5,True,False
4,NEVER IWOMAN,Isaksen,C,5.5,5.5,True,False
4,NEVER IWOMAN,Leao,A,5.0,5.0,True,False
4,NEVER IWOMAN,Simeone,A,7.0,10.0,True,False
4,NEVER IWOMAN,Vardy,A,6.0,6.0,False,True
4,NEVER IWOMAN,Piccoli,A,6.0,6.0,False,True
4,NEVER IWOMAN,Cristante,C,7.0,10.5,False,True
4,NEVER IWOMAN,Gronbaek,C,,,False,True
4,NEVER IWOMAN,Wesley,D,6.5,6.0,True,True
4,NEVER IWOMAN,Tiago Gabriel,D,7.0,7.0,False,True
4,NEVER IWOMAN,Vasquez D.,P,,,False,True
4,NEVER IWOMAN,Gollini,P,,,False,True
4,NEVER IWOMAN,Rodriguez Je.,A,,,False,True
4,NEVER IWOMAN,Belotti,A,,,False,True
4,NEVER IWOMAN,Harroui,C,,,False,True
4,NEVER IWOMAN,Stanciu,C,,,False,True
4,NEVER IWOMAN,Zalewski,C,,,False,True
4,NEVER IWOMAN,Buongiorno,D,,,False,True
4,ROMABOY,Meret,P,,,False,False
4,ROMABOY,Dimarco,D,8.0,12.0,True,False
4,ROMABOY,Lucumì,D,6.5,6.5,True,False
4,ROMABOY,Gila,D,6.0,6.0,True,False
4,ROMABOY,Akanji,D,6.5,6.5,True,False
4,ROMABOY,Pellegrini Lo.,C,6.0,6.0,True,False
4,ROMABOY,McTominay,C,6.0,6.0,True,False
4,ROMABOY,Rowe,C,6.5,6.5,True,False
4,ROMABOY,Folorunsho,C,6.0,6.0,True,False
4,ROMABOY,Nkunku,A,6.0,6.0,True,False
4,ROMABOY,Dzeko,A,6.0,6.0,True,False
4,ROMABOY,Frattesi,C,6.0,6.0,False,True
4,ROMABOY,McKennie,C,5.5,5.5,False,True
4,ROMABOY,De Roon,C,,,False,True
4,ROMABOY,Freuler,C,6.5,6.5,False,True
4,ROMABOY,Camarda,A,6.0,6.0,False,True
4,ROMABOY,Pedro,A,6.0,7.0,False,True
4,ROMABOY,Almqvist,A,6.0,6.0,False,True
4,ROMABOY,Thuram,A,,,False,True
4,ROMABOY,Milinkovic-Savic V.,P,6.0,5.0,True,True
4,ROMABOY,Contini,P,,,False,True
4,ROMABOY,Pavlovic,D,6.5,6.5,False,True
4,ROMABOY,Acerbi,D,,,False,True
4,ROMABOY,Delprato,D,5.5,5.5,False,True
4,ROMABOY,Scalvini,D,,,False,True
4,LUCKY LUKE,Skorupski,P,6.0,7.0,True,False
4,LUCKY LUKE,Biraghi,D,,,False,False
4,LUCKY LUKE,N'Dicka,D,6.0,6.0,True,False
4,LUCKY LUKE,Solet,D,6.5,7.5,True,False
4,LUCKY LUKE,Loftus-Cheek,C,6.0,6.0,True,False
4,LUCKY LUKE,Sucic P.,C,6.0,5.5,True,False
4,LUCKY LUKE,Mkhitaryan,C,6.5,6.5,True,False
4,LUCKY LUKE,Politano,C,5.5,5.5,True,False
4,LUCKY LUKE,Openda,A,6.0,6.0,True,False
4,LUCKY LUKE,David,A,5.0,5.0,True,False
4,LUCKY LUKE,Soulè,A,7.5,11.5,True,False
4,LUCKY LUKE,Semper,P,6.0,2.0,False,True
4,LUCKY LUKE,Ravaglia F.,P,,,False,True
4,LUCKY LUKE,Gatti,D,5.5,5.0,True,True
4,LUCKY LUKE,Gabbia,D,6.5,6.5,False,True
4,LUCKY LUKE,Gallo,D,7.0,7.5,False,True
4,LUCKY LUKE,Lazaro,D,5.5,5.5,False,True
4,LUCKY LUKE,Mina,D,6.0,6.0,False,True
4,LUCKY LUKE,Lobotka,C,6.0,6.0,False,True
4,LUCKY LUKE,Fagioli,C,,,False,True
4,LUCKY LUKE,Ederson D.S.,C,6.0,6.0,False,True
4,LUCKY LUKE,Guendouzi,C,,,False,True
4,LUCKY LUKE,Cambiaghi,A,8.0,13.0,False,True
4,LUCKY LUKE,Lookman,A,5.5,5.5,False,True
4,LUCKY LUKE,Luvumbo,A,6.0,6.0,False,True
4,F-22,Di Gregorio,P,6.0,7.0,True,False
4,F-22,Kamara H.,D,6.0,6.0,True,False
4,F-22,Dumfries,D,6.0,6.0,True,False
4,F-22,Vojvoda,D,6.0,6.0,True,False
4,F-22,Sorensen O.,C,5.5,5.5,True,False
4,F-22,Pulisic,C,5.0,3.0,True,False
4,F-22,Pierotti,C,6.0,6.0,True,False
4,F-22,Modric,C,6.5,6.5,True,False
4,F-22,Ferguson E.,A,,,False,False
4,F-22,Lukaku,A,,,False,False
4,F-22,Dovbyk,A,6.0,7.0,True,False
4,F-22,Perin,P,,,False,True
4,F-22,Butez,P,6.0,5.0,False,True
4,F-22,Frese,D,6.5,6.5,False,True
4,F-22,Kristensen T.,D,,,False,True
4,F-22,Ziolkowski,D,,,False,True
4,F-22,Norton-Cuffy,D,6.5,7.5,False,True
4,F-22,Pezzella Giu.,D,4.5,4.0,False,True
4,F-22,Diouf,C,5.5,5.5,False,True
4,F-22,Fabbian,C,6.0,6.0,False,True
4,F-22,Da Cunha,C,6.0,6.0,False,True
4,F-22,Volpato,C,6.0,6.0,False,True
4,F-22,Stulic,A,5.5,5.5,True,True
4,F-22,Meister,A,5.5,5.5,True,True
4,F-22,Scamacca,A,,,False,True
4,ROMOLO&ROMINA,Sommer,P,6.0,5.0,True,False
4,ROMOLO&ROMINA,Luperto,D,,,False,False
4,ROMOLO&ROMINA,Hien,D,7.0,7.0,True,False
4,ROMOLO&ROMINA,Vitik,D,,,False,False
4,ROMOLO&ROMINA,Zaccagni,C,,,False,False
4,ROMOLO&ROMINA,Konè M.,C,6.5,6.5,True,False
4,ROMOLO&ROMINA,Bernabè,C,5.5,5.5,True,False
4,ROMOLO&ROMINA,Paz N.,C,6.0,6.0,True,False
4,ROMOLO&ROMINA,Krstovic,A,6.0,6.0,True,False
4,ROMOLO&ROMINA,Hojlund,A,7.0,11.0,True,False
4,ROMOLO&ROMINA,Cancellieri,A,8.0,14.0,True,False
4,ROMOLO&ROMINA,Ngonge,A,6.0,6.0,False,True
4,ROMOLO&ROMINA,Colombo,A,6.0,6.0,False,True
4,ROMOLO&ROMINA,Adams C.,A,7.0,10.0,False,True
4,ROMOLO&ROMINA,Tourè I.,C,4.0,3.0,True,True
4,ROMOLO&ROMINA,Thorstvedt,C,6.5,6.5,False,True
4,ROMOLO&ROMINA,Frendrup,C,5.5,5.5,False,True
4,ROMOLO&ROMINA,Collocolo,C,,,False,True
4,ROMOLO&ROMINA,Rrahmani,D,,,False,True
4,ROMOLO&ROMINA,Posch,D,,,False,True
4,ROMOLO&ROMINA,Kalulu,D,6.0,6.0,True,True
4,ROMOLO&ROMINA,Martin,D,,,False,True
4,ROMOLO&ROMINA,Angori,D,5.5,5.5,True,True
4,ROMOLO&ROMINA,Martinez Jo.,P,,,False,True
4,ROMOLO&ROMINA,Caprile,P,7.0,6.0,False,True
5,NEVER IWOMAN,Svilar,P,5.5,4.5,True,False
5,NEVER IWOMAN,Tavares N.,D,5.5,5.5,True,False
5,NEVER IWOMAN,Buongiorno,D,6.0,6.0,True,False
5,NEVER IWOMAN,Tiago Gabriel,D,6.5,6.5,True,False
5,NEVER IWOMAN,Rensch,D,,,False,False
5,NEVER IWOMAN,Zalewski,C,,,False,False
5,NEVER IWOMAN,Odgaard,C,7.0,8.0,True,False
5,NEVER IWOMAN,Saelemaekers,C,5.5,5.5,True,False
5,NEVER IWOMAN,Leao,A,7.5,13.5,True,False
5,NEVER IWOMAN,Vardy,A,5.5,5.0,True,False
5,NEVER IWOMAN,Simeone,A,7.5,11.5,True,False
5,NEVER IWOMAN,Piccoli,A,5.5,5.5,False,True
5,NEVER IWOMAN,Isaksen,C,6.0,6.0,True,True
5,NEVER IWOMAN,Gronbaek,C,,,False,True
5,NEVER IWOMAN,Harroui,C,,,False,True
5,NEVER IWOMAN,Cristante,C,6.0,6.0,False,True
5,NEVER IWOMAN,Ramon,D,6.0,6.0,True,True
5,NEVER IWOMAN,Wesley,D,6.0,6.0,False,True
5,NEVER IWOMAN,Carlos Augusto,D,,,False,True
5,NEVER IWOMAN,Vasquez D.,P,,,False,True
5,NEVER IWOMAN,Gollini,P,,,False,True
5,NEVER IWOMAN,Rodriguez Je.,A,,,False,True
5,NEVER IWOMAN,Belotti,A,,,False,True
5,NEVER IWOMAN,Stanciu,C,,,False,True
5,NEVER IWOMAN,Bremer,D,,,False,True
5,NO ONE,Falcone,P,6.0,6.5,True,False
5,NO ONE,Bastoni,D,6.5,6.5,True,False
5,NO ONE,Tomori,D,6.0,5.5,True,False
5,NO ONE,Mancini,D,6.5,6.5,True,False
5,NO ONE,Zortea,D,,,False,False
5,NO ONE,Zerbin,C,5.5,5.0,True,False
5,NO ONE,Thuram K.,C,6.0,6.0,True,False
5,NO ONE,Zambo Anguissa,C,6.0,6.0,True,False
5,NO ONE,Barella,C,6.5,7.5,True,False
5,NO ONE,Laurientè,A,5.5,5.5,True,False
5,NO ONE,Vlahovic,A,5.5,5.5,True,False
5,NO ONE,Sava,P,,,False,True
5,NO ONE,Okoye,P,6.0,5.0,False,True
5,NO ONE,Dodò,D,6.0,6.0,True,True
5,NO ONE,Bellanova,D,,,False,True
5,NO ONE,Comuzzo,D,,,False,True
5,NO ONE,Ghilardi,D,,,False,True
5,NO ONE,Mandragora,C,6.0,6.0,False,True
5,NO ONE,Gaetano,C,5.5,5.5,False,True
5,NO ONE,Baturina,C,,,False,True
5,NO ONE,Nicolussi Caviglia,C,6.0,5.5,False,True
5,NO ONE,Dybala,A,6.0,6.0,False,True
5,NO ONE,Cutrone,A,6.0,6.0,False,True
5,NO ONE,Zapata D.,A,,,False,True
5,NO ONE,Diao,A,,,False,True
5,OLD LIN,De Gea,P,6.0,4.0,True,False
5,OLD LIN,Doig,D,6.0,5.5,True,False
5,OLD LIN,Baschirotto,D,5.5,5.5,True,False
5,OLD LIN,Zappacosta,D,6.5,6.5,True,False
5,OLD LIN,Orsolini,C,7.0,10.0,True,False
5,OLD LIN,Tete Morente,C,5.5,5.5,True,False
5,OLD LIN,De Bruyne,C,6.0,6.0,True,False
5,OLD LIN,Vazquez,C,6.5,6.5,True,False
5,OLD LIN,De Ketelaere,A,6.0,5.5,True,False
5,OLD LIN,Martinez L.,A,5.5,5.0,True,False
5,OLD LIN,Berardi,A,5.5,5.0,True,False
5,OLD LIN,Martinelli T.,P,,,False,True
5,OLD LIN,Lezzerini,P,,,False,True
5,OLD LIN,Circati,D,6.5,6.5,False,True
5,OLD LIN,Unai Nunez,D,6.5,6.0,False,True
5,OLD LIN,Pongracic,D,6.0,6.0,False,True
5,OLD LIN,Zappa,D,6.0,6.0,False,True
5,OLD LIN,Ismajli,D,,,False,True
5,OLD LIN,Prati,C,6.0,6.0,False,True
5,OLD LIN,Koopmeiners,C,5.0,5.0,False,True
5,OLD LIN,Sohm,C,,,False,True
5,OLD LIN,Carboni V.,C,5.5,5.5,False,True
5,OLD LIN,Sanabria,A,,,False,True
5,OLD LIN,Bravo,A,,,False,True
5,OLD LIN,Dominguez B.,A,6.5,7.5,False,True
5,LUCKY LUKE,Skorupski,P,,,False,False
5,LUCKY LUKE,Gatti,D,,,False,False
5,LUCKY LUKE,N'Dicka,D,5.0,4.5,True,False
5,LUCKY LUKE,Solet,D,5.0,5.0,True,False
5,LUCKY LUKE,Loftus-Cheek,C,,,False,False
5,LUCKY LUKE,Sucic P.,C,6.0,5.5,True,False
5,LUCKY LUKE,Mkhitaryan,C,6.5,6.0,True,False
5,LUCKY LUKE,Politano,C,6.5,6.5,True,False
5,LUCKY LUKE,Lookman,A,6.0,6.0,True,False
5,LUCKY LUKE,David,A,5.0,5.0,True,False
5,LUCKY LUKE,Soulè,A,5.5,5.5,True,False
5,LUCKY LUKE,Semper,P,6.0,7.0,True,True
5,LUCKY LUKE,Ravaglia F.,P,6.5,7.5,False,True
5,LUCKY LUKE,Mina,D,5.5,5.5,True,True
5,LUCKY LUKE,Gabbia,D,5.5,5.5,False,True
5,LUCKY LUKE,Biraghi,D,6.0,6.0,False,True
5,LUCKY LUKE,Lazaro,D,,,False,True
5,LUCKY LUKE,Gallo,D,6.0,6.0,False,True
5,LUCKY LUKE,Ederson D.S.,C,6.0,6.0,True,True
5,LUCKY LUKE,Lobotka,C,,,False,True
5,LUCKY LUKE,Guendouzi,C,6.0,6.0,False,True
5,LUCKY LUKE,Fagioli,C,6.0,6.0,False,True
5,LUCKY LUKE,Cambiaghi,A,5.5,5.5,False,True
5,LUCKY LUKE,Openda,A,,,False,True
5,LUCKY LUKE,Luvumbo,A,6.0,6.0,False,True
5,GIALLOROSSI,Maignan,P,5.0,4.0,True,False
5,GIALLOROSSI,Kelly L.,D,6.0,5.5,True,False
5,GIALLOROSSI,Vasquez,D,6.5,6.5,True,False
5,GIALLOROSSI,Palestra,D,6.5,6.5,True,False
5,GIALLOROSSI,Neres,C,5.5,5.5,True,False
5,GIALLOROSSI,Calhanoglu,C,6.5,6.5,True,False
5,GIALLOROSSI,Samardzic,C,,,False,False
5,GIALLOROSSI,Conceicao,C,5.5,5.5,True,False
5,GIALLOROSSI,Davis K.,A,6.0,6.0,True,False
5,GIALLOROSSI,Pinamonti,A,5.5,5.5,True,False
5,GIALLOROSSI,Castro S.,A,6.0,6.0,True,False
5,GIALLOROSSI,Leali,P,6.0,7.0,False,True
5,GIALLOROSSI,Israel,P,6.0,6.5,False,True
5,GIALLOROSSI,Lykogiannis,D,6.0,5.5,False,True
5,GIALLOROSSI,Ranieri L.,D,6.5,6.0,False,True
5,GIALLOROSSI,Estupinan,D,,,False,True
5,GIALLOROSSI,Angelino,D,,,False,True
5,GIALLOROSSI,Valeri,D,,,False,True
5,GIALLOROSSI,Maldini,C,,,False,True
5,GIALLOROSSI,Zhegrova,C,,,False,True
5,GIALLOROSSI,Vlasic,C,6.5,6.5,True,True
5,GIALLOROSSI,Stengs,C,,,False,True
5,GIALLOROSSI,Morata,A,6.0,6.0,False,True
5,GIALLOROSSI,Esposito Se.,A,6.0,5.5,False,True
5,GIALLOROSSI,Lucca,A,5.0,5.0,False,True
5,ROMABOY,Milinkovic-Savic V.,P,6.0,5.0,True,False
5,ROMABOY,Dimarco,D,6.0,6.0,True,False
5,ROMABOY,Lucumì,D,,,False,False
5,ROMABOY,Pavlovic,D,6.0,6.5,True,False
5,ROMABOY,Akanji,D,6.5,6.5,True,False
5,ROMABOY,Pellegrini Lo.,C,5.5,5.5,True,False
5,ROMABOY,McTominay,C,,,False,False
5,ROMABOY,Rowe,C,,,False,False
5,ROMABOY,Frattesi,C,6.0,6.0,True,False
5,ROMABOY,Nkunku,A,,,False,False
5,ROMABOY,Dzeko,A,,,False,False
5,ROMABOY,McKennie,C,5.5,5.5,True,True
5,ROMABOY,Camarda,A,6.0,6.0,True,True
5,ROMABOY,Pedro,A,6.0,6.0,True,True
5,ROMABOY,Almqvist,A,6.0,6.0,False,True
5,ROMABOY,Thuram,A,,,False,True
5,ROMABOY,Meret,P,,,False,True
5,ROMABOY,Contini,P,,,False,True
5,ROMABOY,De Roon,C,6.0,6.0,True,True
5,ROMABOY,Folorunsho,C,6.0,6.0,False,True
5,ROMABOY,Freuler,C,6.5,6.5,False,True
5,ROMABOY,Scalvini,D,6.0,6.0,True,True
5,ROMABOY,Acerbi,D,6.5,6.5,False,True
5,ROMABOY,Delprato,D,6.0,6.0,False,True
5,ROMABOY,Gila,D,7.0,7.0,False,True
5,ROMOLO&ROMINA,Sommer,P,6.5,7.5,True,False
5,ROMOLO&ROMINA,Martin,D,,,False,False
5,ROMOLO&ROMINA,Hien,D,6.0,5.5,True,False
5,ROMOLO&ROMINA,Rrahmani,D,,,False,False
5,ROMOLO&ROMINA,Kalulu,D,5.5,5.5,True,False
5,ROMOLO&ROMINA,Zaccagni,C,6.0,6.0,True,False
5,ROMOLO&ROMINA,Konè M.,C,6.5,6.5,True,False
5,ROMOLO&ROMINA,Paz N.,C,8.0,12.0,True,False
5,ROMOLO&ROMINA,Hojlund,A,,,False,False
5,ROMOLO&ROMINA,Krstovic,A,6.0,6.0,True,False
5,ROMOLO&ROMINA,Cancellieri,A,6.0,6.0,True,False
5,ROMOLO&ROMINA,Adams C.,A,6.5,6.5,True,True
5,ROMOLO&ROMINA,Ngonge,A,5.5,5.5,False,True
5,ROMOLO&ROMINA,Colombo,A,5.5,5.0,False,True
5,ROMOLO&ROMINA,Bernabè,C,6.0,6.0,False,True
5,ROMOLO&ROMINA,Thorstvedt,C,5.5,5.5,False,True
5,ROMOLO&ROMINA,Frendrup,C,6.0,6.0,False,True
5,ROMOLO&ROMINA,Collocolo,C,,,False,True
5,ROMOLO&ROMINA,Tourè I.,C,,,False,True
5,ROMOLO&ROMINA,Vitik,D,6.5,6.5,True,True
5,ROMOLO&ROMINA,Angori,D,5.5,5.5,True,True
5,ROMOLO&ROMINA,Luperto,D,5.5,5.5,False,True
5,ROMOLO&ROMINA,Posch,D,,,False,True
5,ROMOLO&ROMINA,Martinez Jo.,P,,,False,True
5,ROMOLO&ROMINA,Caprile,P,6.5,4.5,False,True
5,NI99ER NO.1,Carnesecchi,P,6.0,7.0,True,False
5,NI99ER NO.1,Cambiaso,D,5.5,5.5,True,False
5,NI99ER NO.1,Gosens,D,6.5,9.5,True,False
5,NI99ER NO.1,Di Lorenzo,D,5.5,5.5,True,False
5,NI99ER NO.1,Cuadrado,D,6.0,6.0,True,False
5,NI99ER NO.1,Elmas,C,5.5,5.5,True,False
5,NI99ER NO.1,Pasalic,C,6.0,5.5,True,False
5,NI99ER NO.1,Fofana Y.,C,6.0,5.5,True,False
5,NI99ER NO.1,Gimenez,A,6.5,6.5,True,False
5,NI99ER NO.1,Kean,A,6.0,6.0,True,False
5,NI99ER NO.1,Pellegrino M.,A,5.5,5.5,True,False
5,NI99ER NO.1,Sportiello,P,,,False,True
5,NI99ER NO.1,Rossi F.,P,,,False,True
5,NI99ER NO.1,Heggem,D,6.5,6.5,False,True
5,NI99ER NO.1,Beukema,D,5.5,5.5,False,True
5,NI99ER NO.1,Gaspar K.,D,6.5,6.5,False,True
5,NI99ER NO.1,Hermoso,D,5.5,5.0,False,True
5,NI99ER NO.1,Vandeputte,C,6.5,7.0,False,True
5,NI99ER NO.1,Locatelli,C,6.0,6.0,False,True
5,NI99ER NO.1,Fazzini,C,6.0,6.0,False,True
5,NI99ER NO.1,Douvikas,A,6.5,6.5,False,True
5,NI99ER NO.1,Orban G.,A,5.0,5.0,False,True
5,NI99ER NO.1,Giovane,A,5.5,5.5,False,True
5,NI99ER NO.1,Rabiot,C,,,False,True
5,NI99ER NO.1,Oristanio,C,,,False,True
5,ROMAZDA,Audero,P,,,False,False
5,ROMAZDA,Tsimikas,D,,,False,False
5,ROMAZDA,Miranda J.,D,6.5,6.0,True,False
5,ROMAZDA,Terracciano F.,D,7.0,10.0,True,False
5,ROMAZDA,Gudmundsson A.,C,6.0,6.0,True,False
5,ROMAZDA,Tramoni M.,C,,,False,False
5,ROMAZDA,Atta,C,6.5,6.5,True,False
5,ROMAZDA,Zaniolo,C,7.0,11.0,True,False
5,ROMAZDA,Yildiz,A,6.0,6.0,True,False
5,ROMAZDA,Bonny,A,7.0,11.0,True,False
5,ROMAZDA,Dia,A,5.0,5.0,True,False
5,ROMAZDA,Esposito F.P.,A,6.0,6.0,False,True
5,ROMAZDA,Lang,A,6.0,5.5,False,True
5,ROMAZDA,Castellanos,A,,,False,True
5,ROMAZDA,El Shaarawy,C,,,False,True
5,ROMAZDA,Bailey,C,6.0,6.0,True,True
5,ROMAZDA,Casadei,C,6.0,6.0,False,True
5,ROMAZDA,El Aynaoui,C,,,False,True
5,ROMAZDA,Gutierrez,D,,,False,True
5,ROMAZDA,Marusic,D,6.0,6.0,True,True
5,ROMAZDA,Olivera,D,5.0,5.0,False,True
5,ROMAZDA,Bisseck,D,,,False,True
5,ROMAZDA,Joao Mario,D,,,False,True
5,ROMAZDA,Provedel,P,6.5,7.5,True,True
5,ROMAZDA,Mandas,P,,,False,True
5,F-22,Di Gregorio,P,6.0,4.0,True,False
5,F-22,Kamara H.,D,6.0,6.0,True,False
5,F-22,Norton-Cuffy,D,6.0,6.0,True,False
5,F-22,Dumfries,D,6.0,6.0,True,False
5,F-22,Volpato,C,,,False,False
5,F-22,Pierotti,C,5.5,5.5,True,False
5,F-22,Fabbian,C,,,False,False
5,F-22,Modric,C,6.5,6.5,True,False
5,F-22,Scamacca,A,,,False,False
5,F-22,Meister,A,,,False,False
5,F-22,Dovbyk,A,5.0,5.0,True,False
5,F-22,Perin,P,,,False,True
5,F-22,Butez,P,6.0,7.0,False,True
5,F-22,Frese,D,6.0,5.5,False,True
5,F-22,Pezzella Giu.,D,5.5,5.5,False,True
5,F-22,Vojvoda,D,6.5,6.5,False,True
5,F-22,Ziolkowski,D,6.0,5.5,False,True
5,F-22,Diouf,C,,,False,True
5,F-22,Sorensen O.,C,6.0,6.0,True,True
5,F-22,Da Cunha,C,6.5,6.5,True,True
5,F-22,Ferguson E.,A,,,False,True
5,F-22,Stulic,A,6.0,6.0,True,True
5,F-22,Kristensen T.,D,,,False,True
5,F-22,Pulisic,C,,,False,True
5,F-22,Lukaku,A,,,False,True
6,NO ONE,Okoye,P,5.0,3.0,True,False
6,NO ONE,Bastoni,D,6.0,5.5,True,False
6,NO ONE,Tomori,D,,,False,False
6,NO ONE,Mancini,D,6.5,6.0,True,False
6,NO ONE,Bellanova,D,5.5,5.5,True,False
6,NO ONE,Thuram K.,C,5.5,5.5,True,False
6,NO ONE,Mandragora,C,5.5,5.5,True,False
6,NO ONE,Barella,C,6.0,6.0,True,False
6,NO ONE,Gaetano,C,5.5,5.5,True,False
6,NO ONE,Diao,A,5.5,5.5,True,False
6,NO ONE,Dybala,A,7.0,11.0,True,False
6,NO ONE,Sava,P,,,False,True
6,NO ONE,Falcone,P,6.0,3.0,False,True
6,NO ONE,Dodò,D,6.0,6.0,True,True
6,NO ONE,Zortea,D,,,False,True
6,NO ONE,Comuzzo,D,,,False,True
6,NO ONE,Ghilardi,D,,,False,True
6,NO ONE,Nicolussi Caviglia,C,5.5,5.5,False,True
6,NO ONE,Zambo Anguissa,C,7.5,10.5,False,True
6,NO ONE,Zerbin,C,6.5,6.5,False,True
6,NO ONE,Baturina,C,6.0,6.0,False,True
6,NO ONE,Zapata D.,A,,,False,True
6,NO ONE,Vlahovic,A,5.5,5.5,False,True
6,NO ONE,Laurientè,A,,,False,True
6,NO ONE,Cutrone,A,6.0,6.0,False,True
6,ROMOLO&ROMINA,Caprile,P,7.5,5.5,True,False
6,ROMOLO&ROMINA,Martin,D,,,False,False
6,ROMOLO&ROMINA,Hien,D,6.0,6.0,True,False
6,ROMOLO&ROMINA,Luperto,D,,,False,False
6,ROMOLO&ROMINA,Posch,D,,,False,False
6,ROMOLO&ROMINA,Zaccagni,C,6.0,6.0,True,False
6,ROMOLO&ROMINA,Konè M.,C,6.5,6.5,True,False
6,ROMOLO&ROMINA,Paz N.,C,5.5,5.5,True,False
6,ROMOLO&ROMINA,Hojlund,A,,,False,False
6,ROMOLO&ROMINA,Adams C.,A,5.5,5.5,True,False
6,ROMOLO&ROMINA,Krstovic,A,5.0,5.0,True,False
6,ROMOLO&ROMINA,Cancellieri,A,,,False,True
6,ROMOLO&ROMINA,Ngonge,A,6.5,6.5,True,True
6,ROMOLO&ROMINA,Colombo,A,,,False,True
6,ROMOLO&ROMINA,Kalulu,D,6.0,6.0,True,True
6,ROMOLO&ROMINA,Vitik,D,,,False,True
6,ROMOLO&ROMINA,Angori,D,,,False,True
6,ROMOLO&ROMINA,Rrahmani,D,,,False,True
6,ROMOLO&ROMINA,Thorstvedt,C,5.0,4.5,False,True
6,ROMOLO&ROMINA,Bernabè,C,6.5,6.5,False,True
6,ROMOLO&ROMINA,Frendrup,C,6.0,5.5,False,True
6,ROMOLO&ROMINA,Tourè I.,C,6.0,6.0,False,True
6,ROMOLO&ROMINA,Collocolo,C,,,False,True
6,ROMOLO&ROMINA,Sommer,P,6.0,3.0,False,True
6,ROMOLO&ROMINA,Martinez Jo.,P,,,False,True
6,NI99ER NO.1,Carnesecchi,P,6.5,5.5,True,False
6,NI99ER NO.1,Gosens,D,5.0,4.5,True,False
6,NI99ER NO.1,Di Lorenzo,D,6.5,6.0,True,False
6,NI99ER NO.1,Heggem,D,6.0,6.0,True,False
6,NI99ER NO.1,Cambiaso,D,6.0,6.0,True,False
6,NI99ER NO.1,Fazzini,C,,,False,False
6,NI99ER NO.1,Pasalic,C,5.5,5.5,True,False
6,NI99ER NO.1,Fofana Y.,C,6.0,6.0,True,False
6,NI99ER NO.1,Gimenez,A,5.5,5.5,True,False
6,NI99ER NO.1,Kean,A,7.0,10.0,True,False
6,NI99ER NO.1,Pellegrino M.,A,6.0,6.0,True,False
6,NI99ER NO.1,Sportiello,P,,,False,True
6,NI99ER NO.1,Rossi F.,P,,,False,True
6,NI99ER NO.1,Hermoso,D,6.0,5.5,False,True
6,NI99ER NO.1,Beukema,D,,,False,True
6,NI99ER NO.1,Gaspar K.,D,5.0,4.5,False,True
6,NI99ER NO.1,Cuadrado,D,7.0,9.0,False,True
6,NI99ER NO.1,Elmas,C,,,False,True
6,NI99ER NO.1,Vandeputte,C,6.5,6.5,True,True
6,NI99ER NO.1,Locatelli,C,6.0,5.5,False,True
6,NI99ER NO.1,Douvikas,A,6.0,6.0,False,True
6,NI99ER NO.1,Orban G.,A,6.5,9.5,False,True
6,NI99ER NO.1,Giovane,A,7.0,9.0,False,True
6,NI99ER NO.1,Oristanio,C,,,False,True
6,NI99ER NO.1,Rabiot,C,,,False,True
6,ROMAZDA,Provedel,P,6.0,7.0,True,False
6,ROMAZDA,Tsimikas,D,6.0,6.0,True,False
6,ROMAZDA,Miranda J.,D,6.5,6.5,True,False
6,ROMAZDA,Terracciano F.,D,7.0,7.0,True,False
6,ROMAZDA,Bailey,C,6.0,6.0,True,False
6,ROMAZDA,Gudmundsson A.,C,6.5,8.0,True,False
6,ROMAZDA,Atta,C,7.5,9.5,True,False
6,ROMAZDA,Zaniolo,C,6.5,6.5,True,False
6,ROMAZDA,Yildiz,A,6.0,6.0,True,False
6,ROMAZDA,Bonny,A,5.5,5.5,True,False
6,ROMAZDA,Dia,A,6.0,6.0,True,False
6,ROMAZDA,Esposito F.P.,A,5.5,5.5,False,True
6,ROMAZDA,Lang,A,,,False,True
6,ROMAZDA,Castellanos,A,,,False,True
6,ROMAZDA,El Shaarawy,C,,,False,True
6,ROMAZDA,El Aynaoui,C,6.0,6.0,False,True
6,ROMAZDA,Casadei,C,5.5,5.0,False,True
6,ROMAZDA,Tramoni M.,C,5.0,5.0,False,True
6,ROMAZDA,Marusic,D,5.5,5.5,False,True
6,ROMAZDA,Gutierrez,D,,,False,True
6,ROMAZDA,Olivera,D,5.5,5.5,False,True
6,ROMAZDA,Bisseck,D,,,False,True
6,ROMAZDA,Joao Mario,D,,,False,True
6,ROMAZDA,Mandas,P,,,False,True
6,ROMAZDA,Audero,P,,,False,True
6,ROMABOY,Milinkovic-Savic V.,P,6.5,5.5,True,False
6,ROMABOY,Dimarco,D,6.0,6.0,True,False
6,ROMABOY,Lucumì,D,6.0,5.5,True,False
6,ROMABOY,Pavlovic,D,6.0,6.0,True,False
6,ROMABOY,Akanji,D,5.0,5.0,True,False
6,ROMABOY,Pellegrini Lo.,C,6.5,6.5,True,False
6,ROMABOY,McTominay,C,7.0,11.0,True,False
6,ROMABOY,Rowe,C,6.0,5.5,True,False
6,ROMABOY,Folorunsho,C,5.5,5.5,True,False
6,ROMABOY,Nkunku,A,5.5,5.5,True,False
6,ROMABOY,Dzeko,A,5.5,5.0,True,False
6,ROMABOY,Camarda,A,6.0,6.0,False,True
6,ROMABOY,Pedro,A,,,False,True
6,ROMABOY,Almqvist,A,,,False,True
6,ROMABOY,Thuram,A,,,False,True
6,ROMABOY,Meret,P,,,False,True
6,ROMABOY,Contini,P,,,False,True
6,ROMABOY,Frattesi,C,6.0,6.0,False,True
6,ROMABOY,De Roon,C,6.0,6.0,False,True
6,ROMABOY,McKennie,C,5.5,5.0,False,True
6,ROMABOY,Freuler,C,6.0,5.5,False,True
6,ROMABOY,Delprato,D,6.0,6.0,False,True
6,ROMABOY,Acerbi,D,5.0,5.0,False,True
6,ROMABOY,Gila,D,6.5,6.5,False,True
6,ROMABOY,Scalvini,D,,,False,True
6,OLD LIN,De Gea,P,6.0,4.0,True,False
6,OLD LIN,Unai Nunez,D,6.0,6.0,True,False
6,OLD LIN,Baschirotto,D,6.5,6.5,True,False
6,OLD LIN,Circati,D,6.5,6.5,True,False
6,OLD LIN,Orsolini,C,6.0,6.0,True,False
6,OLD LIN,Tete Morente,C,5.5,5.5,True,False
6,OLD LIN,De Bruyne,C,7.0,9.0,True,False
6,OLD LIN,Vazquez,C,,,False,False
6,OLD LIN,De Ketelaere,A,5.5,5.5,True,False
6,OLD LIN,Martinez L.,A,5.0,5.0,True,False
6,OLD LIN,Berardi,A,5.5,5.5,True,False
6,OLD LIN,Martinelli T.,P,,,False,True
6,OLD LIN,Lezzerini,P,,,False,True
6,OLD LIN,Zappacosta,D,,,False,True
6,OLD LIN,Doig,D,6.0,5.5,False,True
6,OLD LIN,Pongracic,D,5.5,5.5,False,True
6,OLD LIN,Zappa,D,5.0,5.0,False,True
6,OLD LIN,Ismajli,D,6.0,6.0,False,True
6,OLD LIN,Prati,C,5.0,5.0,True,True
6,OLD LIN,Koopmeiners,C,6.0,5.5,False,True
6,OLD LIN,Sohm,C,,,False,True
6,OLD LIN,Carboni V.,C,,,False,True
6,OLD LIN,Bravo,A,,,False,True
6,OLD LIN,Sanabria,A,6.0,6.0,False,True
6,OLD LIN,Dominguez B.,A,,,False,True
6,F-22,Butez,P,6.5,7.5,True,False
6,F-22,Kamara H.,D,5.5,5.5,True,False
6,F-22,Dumfries,D,5.5,5.5,True,False
6,F-22,Vojvoda,D,6.0,6.0,True,False
6,F-22,Norton-Cuffy,D,6.0,6.0,True,False
6,F-22,Da Cunha,C,6.0,6.0,True,False
6,F-22,Pierotti,C,6.5,6.5,True,False
6,F-22,Modric,C,6.5,7.5,True,False
6,F-22,Ferguson E.,A,,,False,False
6,F-22,Dovbyk,A,6.5,6.5,True,False
6,F-22,Scamacca,A,6.0,5.5,True,False
6,F-22,Stulic,A,5.5,5.0,True,True
6,F-22,Meister,A,5.5,5.5,False,True
6,F-22,Fabbian,C,6.0,6.0,False,True
6,F-22,Sorensen O.,C,6.0,6.0,False,True
6,F-22,Volpato,C,5.5,5.0,False,True
6,F-22,Diouf,C,,,False,True
6,F-22,Frese,D,,,False,True
6,F-22,Ziolkowski,D,,,False,True
6,F-22,Pezzella Giu.,D,,,False,True
6,F-22,Di Gregorio,P,,,False,True
6,F-22,Perin,P,6.0,5.0,False,True
6,F-22,Kristensen T.,D,,,False,True
6,F-22,Pulisic,C,,,False,True
6,F-22,Lukaku,A,,,False,True
6,GIALLOROSSI,Maignan,P,5.5,3.5,True,False
6,GIALLOROSSI,Ranieri L.,D,5.5,5.5,True,False
6,GIALLOROSSI,Vasquez,D,6.0,6.0,True,False
6,GIALLOROSSI,Palestra,D,5.5,5.5,True,False
6,GIALLOROSSI,Vlasic,C,5.5,5.0,True,False
6,GIALLOROSSI,Calhanoglu,C,7.0,9.0,True,False
6,GIALLOROSSI,Samardzic,C,6.5,6.5,True,False
6,GIALLOROSSI,Conceicao,C,6.0,6.0,True,False
6,GIALLOROSSI,Davis K.,A,7.0,9.5,True,False
6,GIALLOROSSI,Morata,A,5.5,5.5,True,False
6,GIALLOROSSI,Castro S.,A,7.0,10.0,True,False
6,GIALLOROSSI,Leali,P,7.5,5.5,False,True
6,GIALLOROSSI,Israel,P,,,False,True
6,GIALLOROSSI,Kelly L.,D,5.5,5.0,False,True
6,GIALLOROSSI,Lykogiannis,D,,,False,True
6,GIALLOROSSI,Estupinan,D,,,False,True
6,GIALLOROSSI,Angelino,D,,,False,True
6,GIALLOROSSI,Valeri,D,,,False,True
6,GIALLOROSSI,Neres,C,6.5,7.5,False,True
6,GIALLOROSSI,Maldini,C,,,False,True
6,GIALLOROSSI,Zhegrova,C,,,False,True
6,GIALLOROSSI,Stengs,C,,,False,True
6,GIALLOROSSI,Pinamonti,A,5.0,5.0,False,True
6,GIALLOROSSI,Lucca,A,,,False,True
6,GIALLOROSSI,Esposito Se.,A,,,False,True
6,LUCKY LUKE,Skorupski,P,7.0,5.0,True,False
6,LUCKY LUKE,Gatti,D,5.5,5.5,True,False
6,LUCKY LUKE,N'Dicka,D,6.0,6.0,True,False
6,LUCKY LUKE,Solet,D,6.0,6.0,True,False
6,LUCKY LUKE,Loftus-Cheek,C,,,False,False
6,LUCKY LUKE,Sucic P.,C,6.0,6.0,True,False
6,LUCKY LUKE,Mkhitaryan,C,5.5,5.5,True,False
6,LUCKY LUKE,Politano,C,6.0,6.0,True,False
6,LUCKY LUKE,Lookman,A,6.0,6.0,True,False
6,LUCKY LUKE,David,A,5.0,5.0,True,False
6,LUCKY LUKE,Soulè,A,6.0,6.0,True,False
6,LUCKY LUKE,Semper,P,6.0,4.0,False,True
6,LUCKY LUKE,Ravaglia F.,P,,,False,True
6,LUCKY LUKE,Mina,D,,,False,True
6,LUCKY LUKE,Gabbia,D,5.5,5.5,False,True
6,LUCKY LUKE,Biraghi,D,5.5,5.5,False,True
6,LUCKY LUKE,Lazaro,D,6.5,7.5,False,True
6,LUCKY LUKE,Gallo,D,5.5,5.5,False,True
6,LUCKY LUKE,Ederson D.S.,C,6.5,6.5,True,True
6,LUCKY LUKE,Lobotka,C,,,False,True
6,LUCKY LUKE,Guendouzi,C,6.5,6.0,False,True
6,LUCKY LUKE,Fagioli,C,5.5,5.5,False,True
6,LUCKY LUKE,Cambiaghi,A,7.0,10.0,False,True
6,LUCKY LUKE,Openda,A,6.0,6.0,False,True
6,LUCKY LUKE,Luvumbo,A,6.0,6.0,False,True
6,NEVER IWOMAN,Svilar,P,6.5,7.5,True,False
6,NEVER IWOMAN,Buongiorno,D,5.5,5.5,True,False
6,NEVER IWOMAN,Ramon,D,,,False,False
6,NEVER IWOMAN,Wesley,D,6.0,6.0,True,False
6,NEVER IWOMAN,Isaksen,C,7.0,7.0,True,False
6,NEVER IWOMAN,Zalewski,C,6.0,6.0,True,False
6,NEVER IWOMAN,Odgaard,C,,,False,False
6,NEVER IWOMAN,Saelemaekers,C,6.0,6.0,True,False
6,NEVER IWOMAN,Leao,A,7.0,10.0,True,False
6,NEVER IWOMAN,Simeone,A,5.5,5.5,True,False
6,NEVER IWOMAN,Vardy,A,7.0,9.5,True,False
6,NEVER IWOMAN,Piccoli,A,,,False,True
6,NEVER IWOMAN,Harroui,C,6.0,6.0,True,True
6,NEVER IWOMAN,Cristante,C,6.5,6.5,False,True
6,NEVER IWOMAN,Gronbaek,C,,,False,True
6,NEVER IWOMAN,Rensch,D,,,False,True
6,NEVER IWOMAN,Tiago Gabriel,D,5.5,5.5,True,True
6,NEVER IWOMAN,Carlos Augusto,D,,,False,True
6,NEVER IWOMAN,Vasquez D.,P,,,False,True
6,NEVER IWOMAN,Gollini,P,,,False,True
6,NEVER IWOMAN,Tavares N.,D,,,False,True
6,NEVER IWOMAN,Rodriguez Je.,A,,,False,True
6,NEVER IWOMAN,Stanciu,C,,,False,True
6,NEVER IWOMAN,Belotti,A,,,False,True
6,NEVER IWOMAN,Bremer,D,,,False,True
7,NEVER IWOMAN,Svilar,P,7.0,6.0,True,False
7,NEVER IWOMAN,Buongiorno,D,6.5,6.5,True,False
7,NEVER IWOMAN,Ramon,D,6.5,6.5,True,False
7,NEVER IWOMAN,Wesley,D,6.0,6.0,True,False
7,NEVER IWOMAN,Saelemaekers,C,5.5,5.5,True,False
7,NEVER IWOMAN,Odgaard,C,5.5,5.0,True,False
7,NEVER IWOMAN,Cristante,C,6.5,6.5,True,False
7,NEVER IWOMAN,Isaksen,C,5.5,5.5,True,False
7,NEVER IWOMAN,Leao,A,5.5,5.5,True,False
7,NEVER IWOMAN,Simeone,A,5.5,5.5,True,False
7,NEVER IWOMAN,Vardy,A,6.0,6.0,True,False
7,NEVER IWOMAN,Piccoli,A,,,False,True
7,NEVER IWOMAN,Rodriguez Je.,A,6.5,7.5,False,True
7,NEVER IWOMAN,Zalewski,C,,,False,True
7,NEVER IWOMAN,Harroui,C,,,False,True
7,NEVER IWOMAN,Stanciu,C,,,False,True
7,NEVER IWOMAN,Gronbaek,C,,,False,True
7,NEVER IWOMAN,Carlos Augusto,D,,,False,True
7,NEVER IWOMAN,Rensch,D,5.5,5.5,False,True
7,NEVER IWOMAN,Tiago Gabriel,D,6.0,6.0,False,True
7,NEVER IWOMAN,Vasquez D.,P,,,False,True
7,NEVER IWOMAN,Gollini,P,,,False,True
7,NEVER IWOMAN,Belotti,A,,,False,True
7,NEVER IWOMAN,Tavares N.,D,,,False,True
7,NEVER IWOMAN,Bremer,D,,,False,True
7,OLD LIN,De Gea,P,7.5,4.5,True,False
7,OLD LIN,Zappacosta,D,6.5,6.5,True,False
7,OLD LIN,Baschirotto,D,6.5,6.5,True,False
7,OLD LIN,Ismajli,D,6.0,5.5,True,False
7,OLD LIN,Circati,D,7.0,10.0,True,False
7,OLD LIN,Orsolini,C,5.5,5.5,True,False
7,OLD LIN,Koopmeiners,C,,,False,False
7,OLD LIN,Vazquez,C,6.0,6.0,True,False
7,OLD LIN,De Ketelaere,A,6.0,6.0,True,False
7,OLD LIN,Martinez L.,A,6.0,7.0,True,False
7,OLD LIN,Berardi,A,,,False,False
7,OLD LIN,Martinelli T.,P,,,False,True
7,OLD LIN,Lezzerini,P,,,False,True
7,OLD LIN,Doig,D,,,False,True
7,OLD LIN,Pongracic,D,,,False,True
7,OLD LIN,Zappa,D,6.5,6.5,False,True
7,OLD LIN,Unai Nunez,D,,,False,True
7,OLD LIN,Prati,C,6.0,6.0,True,True
7,OLD LIN,Tete Morente,C,5.5,5.5,False,True
7,OLD LIN,Sohm,C,6.0,6.0,False,True
7,OLD LIN,Carboni V.,C,5.5,5.0,False,True
7,OLD LIN,De Bruyne,C,,,False,True
7,OLD LIN,Bravo,A,,,False,True
7,OLD LIN,Dominguez B.,A,5.5,5.5,True,True
7,OLD LIN,Sanabria,A,,,False,True
7,GIALLOROSSI,Maignan,P,6.5,5.5,True,False
7,GIALLOROSSI,Lykogiannis,D,6.5,6.0,True,False
7,GIALLOROSSI,Kelly L.,D,6.0,6.0,True,False
7,GIALLOROSSI,Vasquez,D,6.0,6.0,True,False
7,GIALLOROSSI,Palestra,D,6.5,6.5,True,False
7,GIALLOROSSI,Samardzic,C,,,False,False
7,GIALLOROSSI,Calhanoglu,C,8.0,14.0,True,False
7,GIALLOROSSI,Conceicao,C,,,False,False
7,GIALLOROSSI,Davis K.,A,5.5,5.5,True,False
7,GIALLOROSSI,Lucca,A,5.5,5.5,True,False
7,GIALLOROSSI,Castro S.,A,5.5,5.5,True,False
7,GIALLOROSSI,Leali,P,6.0,3.5,False,True
7,GIALLOROSSI,Israel,P,,,False,True
7,GIALLOROSSI,Ranieri L.,D,,,False,True
7,GIALLOROSSI,Estupinan,D,,,False,True
7,GIALLOROSSI,Angelino,D,,,False,True
7,GIALLOROSSI,Valeri,D,,,False,True
7,GIALLOROSSI,Neres,C,7.0,8.0,True,True
7,GIALLOROSSI,Vlasic,C,6.0,6.0,True,True
7,GIALLOROSSI,Maldini,C,,,False,True
7,GIALLOROSSI,Zhegrova,C,,,False,True
7,GIALLOROSSI,Stengs,C,,,False,True
7,GIALLOROSSI,Pinamonti,A,7.0,11.0,False,True
7,GIALLOROSSI,Esposito Se.,A,7.0,10.0,False,True
7,GIALLOROSSI,Morata,A,,,False,True
7,NI99ER NO.1,Carnesecchi,P,6.0,5.0,True,False
7,NI99ER NO.1,Cuadrado,D,6.5,6.0,True,False
7,NI99ER NO.1,Cambiaso,D,6.5,7.5,True,False
7,NI99ER NO.1,Beukema,D,,,False,False
7,NI99ER NO.1,Di Lorenzo,D,6.0,6.0,True,False
7,NI99ER NO.1,Elmas,C,5.5,5.5,True,False
7,NI99ER NO.1,Locatelli,C,6.0,6.0,True,False
7,NI99ER NO.1,Pasalic,C,7.0,8.0,True,False
7,NI99ER NO.1,Douvikas,A,7.0,10.0,True,False
7,NI99ER NO.1,Kean,A,5.5,5.5,True,False
7,NI99ER NO.1,Pellegrino M.,A,6.0,5.5,True,False
7,NI99ER NO.1,Sportiello,P,,,False,True
7,NI99ER NO.1,Rossi F.,P,,,False,True
7,NI99ER NO.1,Hermoso,D,7.0,10.0,True,True
7,NI99ER NO.1,Heggem,D,,,False,True
7,NI99ER NO.1,Gosens,D,6.0,6.0,False,True
7,NI99ER NO.1,Gaspar K.,D,6.0,6.0,False,True
7,NI99ER NO.1,Vandeputte,C,7.0,8.0,False,True
7,NI99ER NO.1,Fofana Y.,C,6.0,6.0,False,True
7,NI99ER NO.1,Fazzini,C,5.5,5.5,False,True
7,NI99ER NO.1,Orban G.,A,5.0,4.5,False,True
7,NI99ER NO.1,Giovane,A,6.0,6.0,False,True
7,NI99ER NO.1,Gimenez,A,5.0,4.5,False,True
7,NI99ER NO.1,Oristanio,C,,,False,True
7,NI99ER NO.1,Rabiot,C,,,False,True
7,ROMOLO&ROMINA,Sommer,P,6.0,7.0,True,False
7,ROMOLO&ROMINA,Kalulu,D,6.5,6.5,True,False
7,ROMOLO&ROMINA,Luperto,D,,,False,False
7,ROMOLO&ROMINA,Vitik,D,5.5,5.5,True,False
7,ROMOLO&ROMINA,Posch,D,7.0,11.0,True,False
7,ROMOLO&ROMINA,Zaccagni,C,6.0,6.0,True,False
7,ROMOLO&ROMINA,Konè M.,C,7.0,7.0,True,False
7,ROMOLO&ROMINA,Paz N.,C,6.0,5.5,True,False
7,ROMOLO&ROMINA,Tourè I.,C,6.0,6.0,True,False
7,ROMOLO&ROMINA,Hojlund,A,5.5,5.5,True,False
7,ROMOLO&ROMINA,Krstovic,A,,,False,False
7,ROMOLO&ROMINA,Adams C.,A,5.5,5.5,True,True
7,ROMOLO&ROMINA,Ngonge,A,5.5,5.5,False,True
7,ROMOLO&ROMINA,Colombo,A,5.5,5.5,False,True
7,ROMOLO&ROMINA,Cancellieri,A,,,False,True
7,ROMOLO&ROMINA,Bernabè,C,5.0,5.0,False,True
7,ROMOLO&ROMINA,Thorstvedt,C,6.0,5.5,False,True
7,ROMOLO&ROMINA,Frendrup,C,5.5,5.5,False,True
7,ROMOLO&ROMINA,Collocolo,C,,,False,True
7,ROMOLO&ROMINA,Hien,D,6.0,6.0,True,True
7,ROMOLO&ROMINA,Martin,D,6.0,6.0,False,True
7,ROMOLO&ROMINA,Angori,D,6.5,6.5,False,True
7,ROMOLO&ROMINA,Rrahmani,D,,,False,True
7,ROMOLO&ROMINA,Caprile,P,6.0,3.5,False,True
7,ROMOLO&ROMINA,Martinez Jo.,P,,,False,True
7,LUCKY LUKE,Skorupski,P,6.0,7.0,True,False
7,LUCKY LUKE,Gatti,D,7.0,11.0,True,False
7,LUCKY LUKE,N'Dicka,D,6.0,6.0,True,False
7,LUCKY LUKE,Solet,D,6.0,6.0,True,False
7,LUCKY LUKE,Loftus-Cheek,C,6.0,6.0,True,False
7,LUCKY LUKE,Sucic P.,C,7.0,10.0,True,False
7,LUCKY LUKE,Mkhitaryan,C,,,False,False
7,LUCKY LUKE,Politano,C,5.5,5.5,True,False
7,LUCKY LUKE,Lookman,A,7.0,11.0,True,False
7,LUCKY LUKE,David,A,6.0,6.0,True,False
7,LUCKY LUKE,Soulè,A,6.0,6.0,True,False
7,LUCKY LUKE,Semper,P,6.5,7.5,False,True
7,LUCKY LUKE,Ravaglia F.,P,,,False,True
7,LUCKY LUKE,Mina,D,,,False,True
7,LUCKY LUKE,Gabbia,D,6.0,5.5,False,True
7,LUCKY LUKE,Biraghi,D,,,False,True
7,LUCKY LUKE,Lazaro,D,6.0,6.0,False,True
7,LUCKY LUKE,Gallo,D,6.0,6.0,False,True
7,LUCKY LUKE,Ederson D.S.,C,6.0,6.0,True,True
7,LUCKY LUKE,Lobotka,C,,,False,True
7,LUCKY LUKE,Guendouzi,C,6.0,5.5,False,True
7,LUCKY LUKE,Fagioli,C,5.5,5.5,False,True
7,LUCKY LUKE,Cambiaghi,A,5.5,5.5,False,True
7,LUCKY LUKE,Openda,A,6.0,6.0,False,True
7,LUCKY LUKE,Luvumbo,A,,,False,True
7,ROMAZDA,Provedel,P,6.5,7.5,True,False
7,ROMAZDA,Tsimikas,D,,,False,False
7,ROMAZDA,Olivera,D,6.0,5.5,True,False
7,ROMAZDA,Terracciano F.,D,6.5,6.5,True,False
7,ROMAZDA,El Shaarawy,C,,,False,False
7,ROMAZDA,Gudmundsson A.,C,5.5,5.5,True,False
7,ROMAZDA,Atta,C,6.0,6.0,True,False
7,ROMAZDA,Bailey,C,5.5,5.5,True,False
7,ROMAZDA,Yildiz,A,7.0,9.0,True,False
7,ROMAZDA,Esposito F.P.,A,6.0,5.5,True,False
7,ROMAZDA,Dia,A,5.5,5.5,True,False
7,ROMAZDA,Bonny,A,6.5,6.5,False,True
7,ROMAZDA,Lang,A,6.5,6.5,False,True
7,ROMAZDA,Castellanos,A,,,False,True
7,ROMAZDA,Zaniolo,C,7.0,10.0,True,True
7,ROMAZDA,El Aynaoui,C,6.0,6.0,False,True
7,ROMAZDA,Casadei,C,6.5,6.5,False,True
7,ROMAZDA,Tramoni M.,C,5.5,5.5,False,True
7,ROMAZDA,Marusic,D,6.0,6.0,True,True
7,ROMAZDA,Miranda J.,D,,,False,True
7,ROMAZDA,Gutierrez,D,,,False,True
7,ROMAZDA,Bisseck,D,6.5,6.5,False,True
7,ROMAZDA,Joao Mario,D,,,False,True
7,ROMAZDA,Mandas,P,,,False,True
7,ROMAZDA,Audero,P,6.5,7.5,False,True
7,NO ONE,Falcone,P,6.0,5.0,True,False
7,NO ONE,Bastoni,D,6.5,6.5,True,False
7,NO ONE,Tomori,D,5.5,5.5,True,False
7,NO ONE,Mancini,D,6.5,6.5,True,False
7,NO ONE,Gaetano,C,6.0,6.0,True,False
7,NO ONE,Zambo Anguissa,C,7.0,11.0,True,False
7,NO ONE,Barella,C,6.5,7.5,True,False
7,NO ONE,Thuram K.,C,,,False,False
7,NO ONE,Diao,A,5.5,5.5,True,False
7,NO ONE,Vlahovic,A,7.0,9.0,True,False
7,NO ONE,Dybala,A,6.5,7.5,True,False
7,NO ONE,Sava,P,,,False,True
7,NO ONE,Okoye,P,7.0,4.0,False,True
7,NO ONE,Zortea,D,6.0,6.0,False,True
7,NO ONE,Dodò,D,5.5,5.5,False,True
7,NO ONE,Bellanova,D,6.0,6.0,False,True
7,NO ONE,Comuzzo,D,5.0,5.0,False,True
7,NO ONE,Ghilardi,D,,,False,True
7,NO ONE,Zerbin,C,,,False,True
7,NO ONE,Nicolussi Caviglia,C,,,False,True
7,NO ONE,Mandragora,C,5.5,5.5,True,True
7,NO ONE,Baturina,C,,,False,True
7,NO ONE,Laurientè,A,7.0,10.0,False,True
7,NO ONE,Zapata D.,A,,,False,True
7,NO ONE,Cutrone,A,5.5,5.5,False,True
7,F-22,Butez,P,5.5,4.5,True,False
7,F-22,Norton-Cuffy,D,5.5,5.5,True,False
7,F-22,Dumfries,D,6.0,6.0,True,False
7,F-22,Vojvoda,D,7.0,10.0,True,False
7,F-22,Ziolkowski,D,,,False,False
7,F-22,Fabbian,C,,,False,False
7,F-22,Da Cunha,C,6.5,6.5,True,False
7,F-22,Modric,C,6.0,5.5,True,False
7,F-22,Scamacca,A,,,False,False
7,F-22,Dovbyk,A,7.0,11.0,True,False
7,F-22,Ferguson E.,A,,,False,False
7,F-22,Meister,A,,,False,True
7,F-22,Stulic,A,5.5,5.5,True,True
7,F-22,Volpato,C,7.0,8.0,True,True
7,F-22,Diouf,C,,,False,True
7,F-22,Pierotti,C,5.5,5.5,False,True
7,F-22,Sorensen O.,C,5.5,5.5,False,True
7,F-22,Pezzella Giu.,D,,,False,True
7,F-22,Kamara H.,D,5.5,5.5,True,True
7,F-22,Frese,D,5.5,5.5,False,True
7,F-22,Di Gregorio,P,6.0,4.5,False,True
7,F-22,Perin,P,,,False,True
7,F-22,Kristensen T.,D,,,False,True
7,F-22,Pulisic,C,,,False,True
7,F-22,Lukaku,A,,,False,True
7,ROMABOY,Milinkovic-Savic V.,P,7.0,10.0,True,False
7,ROMABOY,Dimarco,D,6.5,6.5,True,False
7,ROMABOY,Lucumì,D,6.5,6.5,True,False
7,ROMABOY,Gila,D,6.0,6.0,True,False
7,ROMABOY,Akanji,D,7.0,7.0,True,False
7,ROMABOY,Pellegrini Lo.,C,,,False,False
7,ROMABOY,McTominay,C,6.0,6.0,True,False
7,ROMABOY,Rowe,C,,,False,False
7,ROMABOY,Folorunsho,C,5.5,5.0,True,False
7,ROMABOY,Nkunku,A,5.5,5.5,True,False
7,ROMABOY,Dzeko,A,6.0,6.0,True,False
7,ROMABOY,Camarda,A,5.0,3.0,False,True
7,ROMABOY,Pedro,A,5.5,5.0,False,True
7,ROMABOY,Almqvist,A,,,False,True
7,ROMABOY,Thuram,A,,,False,True
7,ROMABOY,Meret,P,,,False,True
7,ROMABOY,Contini,P,,,False,True
7,ROMABOY,Frattesi,C,,,False,True
7,ROMABOY,De Roon,C,6.0,6.0,True,True
7,ROMABOY,McKennie,C,6.0,6.0,True,True
7,ROMABOY,Freuler,C,6.0,6.0,False,True
7,ROMABOY,Acerbi,D,,,False,True
7,ROMABOY,Pavlovic,D,6.0,6.0,False,True
7,ROMABOY,Delprato,D,5.5,5.0,False,True
7,ROMABOY,Scalvini,D,,,False,True
8,NEVER IWOMAN,Svilar,P,7.0,6.0,True,False
8,NEVER IWOMAN,Carlos Augusto,D,6.0,6.0,True,False
8,NEVER IWOMAN,Buongiorno,D,6.0,6.0,True,False
8,NEVER IWOMAN,Wesley,D,6.0,5.5,True,False
8,NEVER IWOMAN,Saelemaekers,C,6.5,6.5,True,False
8,NEVER IWOMAN,Zalewski,C,5.0,5.0,True,False
8,NEVER IWOMAN,Odgaard,C,6.0,6.0,True,False
8,NEVER IWOMAN,Isaksen,C,7.0,11.0,True,False
8,NEVER IWOMAN,Leao,A,6.5,7.5,True,False
8,NEVER IWOMAN,Simeone,A,6.5,9.5,True,False
8,NEVER IWOMAN,Rodriguez Je.,A,,,False,False
8,NEVER IWOMAN,Vardy,A,7.0,10.0,True,True
8,NEVER IWOMAN,Piccoli,A,5.0,5.0,False,True
8,NEVER IWOMAN,Harroui,C,,,False,True
8,NEVER IWOMAN,Cristante,C,6.0,6.0,False,True
8,NEVER IWOMAN,Gronbaek,C,,,False,True
8,NEVER IWOMAN,Stanciu,C,,,False,True
8,NEVER IWOMAN,Rensch,D,,,False,True
8,NEVER IWOMAN,Tavares N.,D,,,False,True
8,NEVER IWOMAN,Ramon,D,6.5,6.5,False,True
8,NEVER IWOMAN,Tiago Gabriel,D,6.5,6.5,False,True
8,NEVER IWOMAN,Vasquez D.,P,,,False,True
8,NEVER IWOMAN,Gollini,P,,,False,True
8,NEVER IWOMAN,Belotti,A,,,False,True
8,NEVER IWOMAN,Bremer,D,,,False,True
8,ROMABOY,Milinkovic-Savic V.,P,7.0,10.0,True,False
8,ROMABOY,Dimarco,D,6.0,6.0,True,False
8,ROMABOY,Lucumì,D,6.0,6.0,True,False
8,ROMABOY,Gila,D,6.5,6.5,True,False
8,ROMABOY,Akanji,D,6.0,6.0,True,False
8,ROMABOY,Pellegrini Lo.,C,6.0,6.0,True,False
8,ROMABOY,McTominay,C,6.5,6.5,True,False
8,ROMABOY,Rowe,C,6.5,6.5,True,False
8,ROMABOY,McKennie,C,6.0,6.0,True,False
8,ROMABOY,Nkunku,A,5.5,5.5,True,False
8,ROMABOY,Thuram,A,,,False,False
8,ROMABOY,Meret,P,,,False,True
8,ROMABOY,Contini,P,,,False,True
8,ROMABOY,Pavlovic,D,7.5,11.5,False,True
8,ROMABOY,Dzeko,A,5.0,5.0,True,True
8,ROMABOY,Pedro,A,,,False,True
8,ROMABOY,Camarda,A,,,False,True
8,ROMABOY,Almqvist,A,,,False,True
8,ROMABOY,Frattesi,C,,,False,True
8,ROMABOY,Freuler,C,6.0,6.0,False,True
8,ROMABOY,De Roon,C,,,False,True
8,ROMABOY,Folorunsho,C,6.0,6.0,False,True
8,ROMABOY,Acerbi,D,,,False,True
8,ROMABOY,Delprato,D,5.5,5.5,False,True
8,ROMABOY,Scalvini,D,,,False,True
8,OLD LIN,De Gea,P,6.0,5.0,True,False
8,OLD LIN,Doig,D,5.5,5.5,True,False
8,OLD LIN,Baschirotto,D,5.5,5.5,True,False
8,OLD LIN,Circati,D,5.5,5.5,True,False
8,OLD LIN,Zappacosta,D,5.5,5.5,True,False
8,OLD LIN,Orsolini,C,6.0,6.0,True,False
8,OLD LIN,Koopmeiners,C,6.0,6.0,True,False
8,OLD LIN,Tete Morente,C,6.5,7.5,True,False
8,OLD LIN,De Ketelaere,A,5.5,5.0,True,False
8,OLD LIN,Martinez L.,A,5.5,5.5,True,False
8,OLD LIN,Berardi,A,7.0,10.0,True,False
8,OLD LIN,Martinelli T.,P,,,False,True
8,OLD LIN,Lezzerini,P,,,False,True
8,OLD LIN,Ismajli,D,6.0,7.0,False,True
8,OLD LIN,Pongracic,D,5.5,5.5,False,True
8,OLD LIN,Zappa,D,5.5,5.5,False,True
8,OLD LIN,Unai Nunez,D,,,False,True
8,OLD LIN,Prati,C,5.0,5.0,False,True
8,OLD LIN,Vazquez,C,6.5,6.5,False,True
8,OLD LIN,Sohm,C,5.0,5.0,False,True
8,OLD LIN,Carboni V.,C,,,False,True
8,OLD LIN,De Bruyne,C,,,False,True
8,OLD LIN,Bravo,A,,,False,True
8,OLD LIN,Dominguez B.,A,,,False,True
8,OLD LIN,Sanabria,A,,,False,True
8,ROMOLO&ROMINA,Sommer,P,5.5,4.5,True,False
8,ROMOLO&ROMINA,Rrahmani,D,6.5,6.5,True,False
8,ROMOLO&ROMINA,Hien,D,5.5,5.5,True,False
8,ROMOLO&ROMINA,Kalulu,D,6.5,6.5,True,False
8,ROMOLO&ROMINA,Zaccagni,C,7.0,10.0,True,False
8,ROMOLO&ROMINA,Thorstvedt,C,6.5,6.5,True,False
8,ROMOLO&ROMINA,Konè M.,C,6.0,6.0,True,False
8,ROMOLO&ROMINA,Paz N.,C,5.5,5.5,True,False
8,ROMOLO&ROMINA,Tourè I.,C,6.0,6.0,True,False
8,ROMOLO&ROMINA,Krstovic,A,5.0,4.5,True,False
8,ROMOLO&ROMINA,Hojlund,A,5.5,5.5,True,False
8,ROMOLO&ROMINA,Adams C.,A,7.0,11.0,False,True
8,ROMOLO&ROMINA,Ngonge,A,6.0,6.0,False,True
8,ROMOLO&ROMINA,Colombo,A,5.0,5.0,False,True
8,ROMOLO&ROMINA,Cancellieri,A,,,False,True
8,ROMOLO&ROMINA,Bernabè,C,7.0,10.0,False,True
8,ROMOLO&ROMINA,Frendrup,C,6.0,6.0,False,True
8,ROMOLO&ROMINA,Collocolo,C,,,False,True
8,ROMOLO&ROMINA,Angori,D,6.0,6.0,False,True
8,ROMOLO&ROMINA,Martin,D,6.5,7.5,False,True
8,ROMOLO&ROMINA,Vitik,D,,,False,True
8,ROMOLO&ROMINA,Posch,D,6.0,6.0,False,True
8,ROMOLO&ROMINA,Luperto,D,5.0,5.0,False,True
8,ROMOLO&ROMINA,Martinez Jo.,P,,,False,True
8,ROMOLO&ROMINA,Caprile,P,6.5,4.5,False,True
8,NO ONE,Falcone,P,7.0,8.0,True,False
8,NO ONE,Bastoni,D,5.5,5.5,True,False
8,NO ONE,Mancini,D,5.5,5.0,True,False
8,NO ONE,Dodò,D,5.5,5.5,True,False
8,NO ONE,Zambo Anguissa,C,6.0,5.5,True,False
8,NO ONE,Thuram K.,C,6.0,6.0,True,False
8,NO ONE,Mandragora,C,5.0,5.0,True,False
8,NO ONE,Barella,C,6.5,6.5,True,False
8,NO ONE,Laurientè,A,6.0,6.0,True,False
8,NO ONE,Vlahovic,A,6.5,6.5,True,False
8,NO ONE,Dybala,A,5.0,3.0,True,False
8,NO ONE,Sava,P,,,False,True
8,NO ONE,Okoye,P,6.0,7.0,False,True
8,NO ONE,Bellanova,D,6.0,6.0,False,True
8,NO ONE,Zortea,D,,,False,True
8,NO ONE,Tomori,D,,,False,True
8,NO ONE,Comuzzo,D,5.5,5.5,False,True
8,NO ONE,Ghilardi,D,,,False,True
8,NO ONE,Nicolussi Caviglia,C,5.0,4.5,False,True
8,NO ONE,Gaetano,C,5.5,5.0,False,True
8,NO ONE,Zerbin,C,,,False,True
8,NO ONE,Baturina,C,,,False,True
8,NO ONE,Diao,A,6.5,6.5,False,True
8,NO ONE,Cutrone,A,5.5,5.5,False,True
8,NO ONE,Zapata D.,A,5.5,5.5,False,True
8,GIALLOROSSI,Maignan,P,7.0,10.0,True,False
8,GIALLOROSSI,Vasquez,D,6.5,6.5,True,False
8,GIALLOROSSI,Ranieri L.,D,5.0,4.5,True,False
8,GIALLOROSSI,Palestra,D,6.0,6.0,True,False
8,GIALLOROSSI,Neres,C,5.5,5.5,True,False
8,GIALLOROSSI,Calhanoglu,C,7.0,8.0,True,False
8,GIALLOROSSI,Samardzic,C,5.5,5.5,True,False
8,GIALLOROSSI,Conceicao,C,6.0,6.0,True,False
8,GIALLOROSSI,Lucca,A,,,False,False
8,GIALLOROSSI,Castro S.,A,7.5,14.0,True,False
8,GIALLOROSSI,Pinamonti,A,5.5,5.5,True,False
8,GIALLOROSSI,Leali,P,6.0,5.0,False,True
8,GIALLOROSSI,Israel,P,,,False,True
8,GIALLOROSSI,Estupinan,D,,,False,True
8,GIALLOROSSI,Lykogiannis,D,,,False,True
8,GIALLOROSSI,Kelly L.,D,,,False,True
8,GIALLOROSSI,Angelino,D,,,False,True
8,GIALLOROSSI,Valeri,D,,,False,True
8,GIALLOROSSI,Vlasic,C,5.5,5.5,False,True
8,GIALLOROSSI,Zhegrova,C,,,False,True
8,GIALLOROSSI,Maldini,C,,,False,True
8,GIALLOROSSI,Stengs,C,,,False,True
8,GIALLOROSSI,Morata,A,5.0,3.0,True,True
8,GIALLOROSSI,Esposito Se.,A,5.5,5.5,False,True
8,GIALLOROSSI,Davis K.,A,,,False,True
8,NI99ER NO.1,Carnesecchi,P,6.5,5.5,True,False
8,NI99ER NO.1,Cambiaso,D,7.0,11.0,True,False
8,NI99ER NO.1,Beukema,D,,,False,False
8,NI99ER NO.1,Di Lorenzo,D,5.5,5.5,True,False
8,NI99ER NO.1,Cuadrado,D,,,False,False
8,NI99ER NO.1,Elmas,C,5.5,5.0,True,False
8,NI99ER NO.1,Fofana Y.,C,5.5,5.0,True,False
8,NI99ER NO.1,Pasalic,C,5.5,5.5,True,False
8,NI99ER NO.1,Douvikas,A,,,False,False
8,NI99ER NO.1,Kean,A,5.0,4.5,True,False
8,NI99ER NO.1,Pellegrino M.,A,6.0,6.0,True,False
8,NI99ER NO.1,Gosens,D,,,False,True
8,NI99ER NO.1,Heggem,D,6.0,6.0,True,True
8,NI99ER NO.1,Hermoso,D,6.5,6.0,True,True
8,NI99ER NO.1,Gaspar K.,D,6.5,6.5,False,True
8,NI99ER NO.1,Fazzini,C,5.5,5.5,False,True
8,NI99ER NO.1,Vandeputte,C,6.0,6.0,False,True
8,NI99ER NO.1,Locatelli,C,7.0,7.0,False,True
8,NI99ER NO.1,Giovane,A,7.0,10.0,True,True
8,NI99ER NO.1,Orban G.,A,6.0,6.5,False,True
8,NI99ER NO.1,Gimenez,A,,,False,True
8,NI99ER NO.1,Oristanio,C,,,False,True
8,NI99ER NO.1,Rabiot,C,,,False,True
8,NI99ER NO.1,Sportiello,P,,,False,True
8,NI99ER NO.1,Rossi F.,P,,,False,True
8,F-22,Perin,P,,,False,False
8,F-22,Norton-Cuffy,D,7.0,7.0,True,False
8,F-22,Dumfries,D,6.0,6.0,True,False
8,F-22,Vojvoda,D,,,False,False
8,F-22,Kamara H.,D,7.0,7.5,True,False
8,F-22,Fabbian,C,6.0,6.0,True,False
8,F-22,Volpato,C,,,False,False
8,F-22,Modric,C,6.5,6.5,True,False
8,F-22,Scamacca,A,5.5,5.5,True,False
8,F-22,Dovbyk,A,5.5,5.5,True,False
8,F-22,Meister,A,5.5,5.5,True,False
8,F-22,Stulic,A,6.0,6.0,False,True
8,F-22,Pierotti,C,6.0,6.0,True,True
8,F-22,Da Cunha,C,6.0,6.0,False,True
8,F-22,Diouf,C,,,False,True
8,F-22,Sorensen O.,C,6.0,6.0,False,True
8,F-22,Ziolkowski,D,,,False,True
8,F-22,Pezzella Giu.,D,,,False,True
8,F-22,Frese,D,5.5,3.5,True,True
8,F-22,Di Gregorio,P,6.0,5.0,True,True
8,F-22,Butez,P,6.0,7.0,False,True
8,F-22,Kristensen T.,D,,,False,True
8,F-22,Lukaku,A,,,False,True
8,F-22,Ferguson E.,A,,,False,True
8,F-22,Pulisic,C,,,False,True
8,LUCKY LUKE,Skorupski,P,6.0,5.0,True,False
8,LUCKY LUKE,Gatti,D,5.0,5.0,True,False
8,LUCKY LUKE,N'Dicka,D,5.5,5.5,True,False
8,LUCKY LUKE,Solet,D,6.5,6.5,True,False
8,LUCKY LUKE,Loftus-Cheek,C,,,False,False
8,LUCKY LUKE,Sucic P.,C,5.5,5.5,True,False
8,LUCKY LUKE,Mkhitaryan,C,,,False,False
8,LUCKY LUKE,Politano,C,5.5,5.0,True,False
8,LUCKY LUKE,Lookman,A,5.5,5.5,True,False
8,LUCKY LUKE,Openda,A,6.0,6.0,True,False
8,LUCKY LUKE,Soulè,A,6.0,6.0,True,False
8,LUCKY LUKE,Semper,P,6.5,4.5,False,True
8,LUCKY LUKE,Ravaglia F.,P,,,False,True
8,LUCKY LUKE,Mina,D,5.5,5.5,False,True
8,LUCKY LUKE,Gabbia,D,6.5,6.5,False,True
8,LUCKY LUKE,Biraghi,D,6.0,6.0,False,True
8,LUCKY LUKE,Lazaro,D,6.0,6.0,False,True
8,LUCKY LUKE,Gallo,D,6.5,6.5,False,True
8,LUCKY LUKE,Ederson D.S.,C,5.5,5.0,True,True
8,LUCKY LUKE,Lobotka,C,,,False,True
8,LUCKY LUKE,Guendouzi,C,7.0,7.5,True,True
8,LUCKY LUKE,Fagioli,C,5.0,4.5,False,True
8,LUCKY LUKE,Cambiaghi,A,6.5,7.0,False,True
8,LUCKY LUKE,David,A,,,False,True
8,LUCKY LUKE,Luvumbo,A,5.5,5.5,False,True
8,ROMAZDA,Provedel,P,6.0,7.0,True,False
8,ROMAZDA,Miranda J.,D,7.0,10.0,True,False
8,ROMAZDA,Bisseck,D,6.0,5.5,True,False
8,ROMAZDA,Terracciano F.,D,5.0,5.0,True,False
8,ROMAZDA,Marusic,D,6.5,6.5,True,False
8,ROMAZDA,Gudmundsson A.,C,5.5,5.5,True,False
8,ROMAZDA,Casadei,C,5.5,5.0,True,False
8,ROMAZDA,Atta,C,7.0,7.0,True,False
8,ROMAZDA,Zaniolo,C,7.0,11.0,True,False
8,ROMAZDA,Bonny,A,5.5,5.5,True,False
8,ROMAZDA,Dia,A,5.0,5.0,True,False
8,ROMAZDA,Yildiz,A,,,False,True
8,ROMAZDA,Esposito F.P.,A,6.0,6.0,False,True
8,ROMAZDA,Lang,A,6.0,6.0,False,True
8,ROMAZDA,Castellanos,A,,,False,True
8,ROMAZDA,El Shaarawy,C,,,False,True
8,ROMAZDA,Bailey,C,5.5,5.5,False,True
8,ROMAZDA,El Aynaoui,C,6.0,5.5,False,True
8,ROMAZDA,Tramoni M.,C,,,False,True
8,ROMAZDA,Olivera,D,,,False,True
8,ROMAZDA,Gutierrez,D,6.0,6.0,False,True
8,ROMAZDA,Joao Mario,D,,,False,True
8,ROMAZDA,Tsimikas,D,,,False,True
8,ROMAZDA,Mandas,P,,,False,True
8,ROMAZDA,Audero,P,6.5,4.5,False,True
9,GIALLOROSSI,Maignan,P,6.0,4.0,True,False
9,GIALLOROSSI,Estupinan,D,5.0,5.0,True,False
9,GIALLOROSSI,Vasquez,D,5.5,5.5,True,False
9,GIALLOROSSI,Palestra,D,6.5,6.5,True,False
9,GIALLOROSSI,Neres,C,5.5,5.0,True,False
9,GIALLOROSSI,Calhanoglu,C,6.5,6.5,True,False
9,GIALLOROSSI,Samardzic,C,4.5,4.5,True,False
9,GIALLOROSSI,Conceicao,C,6.0,6.0,True,False
9,GIALLOROSSI,Castro S.,A,,,False,False
9,GIALLOROSSI,Morata,A,4.5,4.0,True,False
9,GIALLOROSSI,Pinamonti,A,7.5,10.5,True,False
9,GIALLOROSSI,Leali,P,6.5,4.5,False,True
9,GIALLOROSSI,Israel,P,,,False,True
9,GIALLOROSSI,Ranieri L.,D,5.0,4.5,False,True
9,GIALLOROSSI,Lykogiannis,D,,,False,True
9,GIALLOROSSI,Kelly L.,D,,,False,True
9,GIALLOROSSI,Angelino,D,,,False,True
9,GIALLOROSSI,Valeri,D,6.0,6.0,False,True
9,GIALLOROSSI,Zhegrova,C,6.0,6.0,False,True
9,GIALLOROSSI,Vlasic,C,6.0,6.0,False,True
9,GIALLOROSSI,Maldini,C,,,False,True
9,GIALLOROSSI,Stengs,C,,,False,True
9,GIALLOROSSI,Esposito Se.,A,5.5,5.5,True,True
9,GIALLOROSSI,Davis K.,A,6.0,6.0,False,True
9,GIALLOROSSI,Lucca,A,,,False,True
9,LUCKY LUKE,Skorupski,P,,,False,False
9,LUCKY LUKE,Gatti,D,6.0,6.0,True,False
9,LUCKY LUKE,N'Dicka,D,6.0,6.0,True,False
9,LUCKY LUKE,Solet,D,5.5,5.5,True,False
9,LUCKY LUKE,Loftus-Cheek,C,6.0,6.0,True,False
9,LUCKY LUKE,Sucic P.,C,6.0,5.5,True,False
9,LUCKY LUKE,Mkhitaryan,C,,,False,False
9,LUCKY LUKE,Politano,C,5.0,5.0,True,False
9,LUCKY LUKE,Lookman,A,5.0,5.0,True,False
9,LUCKY LUKE,Openda,A,,,False,False
9,LUCKY LUKE,Soulè,A,6.0,6.0,True,False
9,LUCKY LUKE,Semper,P,6.5,7.5,True,True
9,LUCKY LUKE,Ravaglia F.,P,,,False,True
9,LUCKY LUKE,Mina,D,7.0,7.0,False,True
9,LUCKY LUKE,Gabbia,D,6.0,6.0,False,True
9,LUCKY LUKE,Biraghi,D,,,False,True
9,LUCKY LUKE,Lazaro,D,6.0,6.0,False,True
9,LUCKY LUKE,Gallo,D,7.0,7.0,False,True
9,LUCKY LUKE,Ederson D.S.,C,5.5,5.5,True,True
9,LUCKY LUKE,Lobotka,C,5.5,5.5,False,True
9,LUCKY LUKE,Guendouzi,C,5.5,5.5,False,True
9,LUCKY LUKE,Fagioli,C,,,False,True
9,LUCKY LUKE,Cambiaghi,A,7.0,8.0,True,True
9,LUCKY LUKE,David,A,5.5,5.5,False,True
9,LUCKY LUKE,Luvumbo,A,5.5,5.5,False,True
9,ROMOLO&ROMINA,Sommer,P,6.0,7.0,True,False
9,ROMOLO&ROMINA,Martin,D,6.5,7.0,True,False
9,ROMOLO&ROMINA,Hien,D,4.5,4.5,True,False
9,ROMOLO&ROMINA,Rrahmani,D,5.0,5.0,True,False
9,ROMOLO&ROMINA,Kalulu,D,6.5,6.5,True,False
9,ROMOLO&ROMINA,Zaccagni,C,6.5,6.0,True,False
9,ROMOLO&ROMINA,Konè M.,C,6.5,6.5,True,False
9,ROMOLO&ROMINA,Paz N.,C,6.5,6.5,True,False
9,ROMOLO&ROMINA,Tourè I.,C,7.0,11.0,True,False
9,ROMOLO&ROMINA,Krstovic,A,5.0,5.0,True,False
9,ROMOLO&ROMINA,Hojlund,A,5.0,4.5,True,False
9,ROMOLO&ROMINA,Adams C.,A,6.0,6.0,False,True
9,ROMOLO&ROMINA,Ngonge,A,6.0,6.0,False,True
9,ROMOLO&ROMINA,Colombo,A,5.5,7.5,False,True
9,ROMOLO&ROMINA,Cancellieri,A,,,False,True
9,ROMOLO&ROMINA,Bernabè,C,7.0,10.0,False,True
9,ROMOLO&ROMINA,Thorstvedt,C,6.5,7.5,False,True
9,ROMOLO&ROMINA,Frendrup,C,6.0,6.0,False,True
9,ROMOLO&ROMINA,Collocolo,C,,,False,True
9,ROMOLO&ROMINA,Posch,D,,,False,True
9,ROMOLO&ROMINA,Angori,D,,,False,True
9,ROMOLO&ROMINA,Vitik,D,,,False,True
9,ROMOLO&ROMINA,Luperto,D,6.5,6.5,False,True
9,ROMOLO&ROMINA,Martinez Jo.,P,,,False,True
9,ROMOLO&ROMINA,Caprile,P,7.0,8.0,False,True
9,NEVER IWOMAN,Svilar,P,6.5,7.5,True,False
9,NEVER IWOMAN,Buongiorno,D,5.5,5.5,True,False
9,NEVER IWOMAN,Tiago Gabriel,D,6.5,6.5,True,False
9,NEVER IWOMAN,Ramon,D,6.5,6.5,True,False
9,NEVER IWOMAN,Wesley,D,6.0,6.0,True,False
9,NEVER IWOMAN,Zalewski,C,,,False,False
9,NEVER IWOMAN,Odgaard,C,6.0,6.0,True,False
9,NEVER IWOMAN,Saelemaekers,C,7.0,10.0,True,False
9,NEVER IWOMAN,Leao,A,7.0,9.0,True,False
9,NEVER IWOMAN,Vardy,A,5.5,5.5,True,False
9,NEVER IWOMAN,Simeone,A,6.0,6.0,True,False
9,NEVER IWOMAN,Piccoli,A,7.0,10.0,False,True
9,NEVER IWOMAN,Rodriguez Je.,A,6.0,6.0,False,True
9,NEVER IWOMAN,Cristante,C,6.5,6.0,True,True
9,NEVER IWOMAN,Gronbaek,C,,,False,True
9,NEVER IWOMAN,Stanciu,C,,,False,True
9,NEVER IWOMAN,Isaksen,C,5.5,5.5,False,True
9,NEVER IWOMAN,Harroui,C,5.0,5.0,False,True
9,NEVER IWOMAN,Carlos Augusto,D,6.5,6.5,False,True
9,NEVER IWOMAN,Rensch,D,,,False,True
9,NEVER IWOMAN,Tavares N.,D,,,False,True
9,NEVER IWOMAN,Vasquez D.,P,,,False,True
9,NEVER IWOMAN,Gollini,P,,,False,True
9,NEVER IWOMAN,Belotti,A,,,False,True
9,NEVER IWOMAN,Bremer,D,,,False,True
9,ROMABOY,Milinkovic-Savic V.,P,5.5,3.5,True,False
9,ROMABOY,Dimarco,D,7.0,8.0,True,False
9,ROMABOY,Acerbi,D,6.0,6.0,True,False
9,ROMABOY,Pavlovic,D,5.5,5.5,True,False
9,ROMABOY,Akanji,D,6.0,5.5,True,False
9,ROMABOY,Pellegrini Lo.,C,7.0,9.5,True,False
9,ROMABOY,McTominay,C,5.5,5.5,True,False
9,ROMABOY,Rowe,C,6.0,6.0,True,False
9,ROMABOY,McKennie,C,6.0,6.0,True,False
9,ROMABOY,Nkunku,A,6.0,7.0,True,False
9,ROMABOY,Thuram,A,6.0,6.0,True,False
9,ROMABOY,Meret,P,,,False,True
9,ROMABOY,Contini,P,,,False,True
9,ROMABOY,Dzeko,A,6.0,6.0,False,True
9,ROMABOY,Camarda,A,6.0,6.0,False,True
9,ROMABOY,Frattesi,C,,,False,True
9,ROMABOY,Freuler,C,,,False,True
9,ROMABOY,De Roon,C,,,False,True
9,ROMABOY,Folorunsho,C,5.5,5.5,False,True
9,ROMABOY,Pedro,A,6.0,6.0,False,True
9,ROMABOY,Almqvist,A,,,False,True
9,ROMABOY,Gila,D,5.5,5.5,False,True
9,ROMABOY,Lucumì,D,7.5,10.5,False,True
9,ROMABOY,Delprato,D,7.5,11.5,False,True
9,ROMABOY,Scalvini,D,,,False,True
9,NI99ER NO.1,Carnesecchi,P,5.0,2.0,True,False
9,NI99ER NO.1,Cambiaso,D,5.5,5.5,True,False
9,NI99ER NO.1,Gaspar K.,D,6.0,6.0,True,False
9,NI99ER NO.1,Di Lorenzo,D,5.0,5.0,True,False
9,NI99ER NO.1,Cuadrado,D,6.0,6.0,True,False
9,NI99ER NO.1,Vandeputte,C,6.5,6.5,True,False
9,NI99ER NO.1,Fofana Y.,C,5.0,5.0,True,False
9,NI99ER NO.1,Pasalic,C,4.5,4.5,True,False
9,NI99ER NO.1,Douvikas,A,5.5,5.5,True,False
9,NI99ER NO.1,Kean,A,,,False,False
9,NI99ER NO.1,Giovane,A,5.5,5.5,True,False
9,NI99ER NO.1,Hermoso,D,6.5,6.5,False,True
9,NI99ER NO.1,Heggem,D,6.5,6.5,False,True
9,NI99ER NO.1,Beukema,D,,,False,True
9,NI99ER NO.1,Locatelli,C,6.0,6.0,False,True
9,NI99ER NO.1,Elmas,C,5.0,5.0,False,True
9,NI99ER NO.1,Fazzini,C,,,False,True
9,NI99ER NO.1,Orban G.,A,6.0,6.0,True,True
9,NI99ER NO.1,Pellegrino M.,A,6.5,6.5,False,True
9,NI99ER NO.1,Gimenez,A,,,False,True
9,NI99ER NO.1,Gosens,D,,,False,True
9,NI99ER NO.1,Oristanio,C,,,False,True
9,NI99ER NO.1,Rabiot,C,,,False,True
9,NI99ER NO.1,Sportiello,P,,,False,True
9,NI99ER NO.1,Rossi F.,P,,,False,True
9,ROMAZDA,Audero,P,6.0,5.0,True,False
9,ROMAZDA,Miranda J.,D,6.5,6.5,True,False
9,ROMAZDA,Gutierrez,D,5.5,5.5,True,False
9,ROMAZDA,Bisseck,D,,,False,False
9,ROMAZDA,Terracciano F.,D,6.0,5.5,True,False
9,ROMAZDA,Gudmundsson A.,C,7.0,9.0,True,False
9,ROMAZDA,El Aynaoui,C,6.0,6.0,True,False
9,ROMAZDA,El Shaarawy,C,6.0,6.0,True,False
9,ROMAZDA,Yildiz,A,6.0,6.0,True,False
9,ROMAZDA,Bonny,A,7.0,10.0,True,False
9,ROMAZDA,Esposito F.P.,A,,,False,False
9,ROMAZDA,Lang,A,5.5,5.0,True,True
9,ROMAZDA,Dia,A,5.5,5.5,False,True
9,ROMAZDA,Castellanos,A,,,False,True
9,ROMAZDA,Bailey,C,,,False,True
9,ROMAZDA,Zaniolo,C,5.0,5.0,False,True
9,ROMAZDA,Atta,C,5.5,5.5,False,True
9,ROMAZDA,Tramoni M.,C,6.5,7.5,False,True
9,ROMAZDA,Casadei,C,6.0,6.0,False,True
9,ROMAZDA,Tsimikas,D,,,False,True
9,ROMAZDA,Olivera,D,,,False,True
9,ROMAZDA,Joao Mario,D,,,False,True
9,ROMAZDA,Marusic,D,5.5,5.5,True,True
9,ROMAZDA,Provedel,P,6.0,4.0,False,True
9,ROMAZDA,Mandas,P,,,False,True
9,OLD LIN,De Gea,P,6.5,6.5,True,False
9,OLD LIN,Doig,D,,,False,False
9,OLD LIN,Baschirotto,D,5.5,5.5,True,False
9,OLD LIN,Pongracic,D,5.5,5.0,True,False
9,OLD LIN,Zappacosta,D,5.0,5.0,True,False
9,OLD LIN,Vazquez,C,6.5,6.5,True,False
9,OLD LIN,Koopmeiners,C,6.0,6.0,True,False
9,OLD LIN,Orsolini,C,6.0,5.5,True,False
9,OLD LIN,De Ketelaere,A,5.5,5.5,True,False
9,OLD LIN,Martinez L.,A,7.0,11.0,True,False
9,OLD LIN,Berardi,A,8.5,15.5,True,False
9,OLD LIN,Martinelli T.,P,,,False,True
9,OLD LIN,Lezzerini,P,,,False,True
9,OLD LIN,Ismajli,D,7.0,7.0,True,True
9,OLD LIN,Circati,D,,,False,True
9,OLD LIN,Zappa,D,6.0,6.0,False,True
9,OLD LIN,Unai Nunez,D,,,False,True
9,OLD LIN,Tete Morente,C,5.0,5.0,False,True
9,OLD LIN,Prati,C,6.0,5.5,False,True
9,OLD LIN,Sohm,C,6.5,7.5,False,True
9,OLD LIN,Carboni V.,C,6.0,6.0,False,True
9,OLD LIN,De Bruyne,C,,,False,True
9,OLD LIN,Bravo,A,,,False,True
9,OLD LIN,Dominguez B.,A,,,False,True
9,OLD LIN,Sanabria,A,,,False,True
9,F-22,Butez,P,6.5,7.5,True,False
9,F-22,Norton-Cuffy,D,6.0,6.0,True,False
9,F-22,Vojvoda,D,,,False,False
9,F-22,Dumfries,D,5.5,5.0,True,False
9,F-22,Pulisic,C,5.5,5.5,True,False
9,F-22,Modric,C,6.0,5.5,True,False
9,F-22,Da Cunha,C,,,False,False
9,F-22,Pierotti,C,5.5,5.5,True,False
9,F-22,Meister,A,,,False,False
9,F-22,Scamacca,A,5.5,5.5,True,False
9,F-22,Dovbyk,A,6.0,6.0,True,False
9,F-22,Perin,P,,,False,True
9,F-22,Di Gregorio,P,6.5,7.5,False,True
9,F-22,Ziolkowski,D,,,False,True
9,F-22,Kamara H.,D,5.0,5.0,True,True
9,F-22,Frese,D,6.0,5.5,False,True
9,F-22,Pezzella Giu.,D,,,False,True
9,F-22,Kristensen T.,D,,,False,True
9,F-22,Diouf,C,,,False,True
9,F-22,Fabbian,C,,,False,True
9,F-22,Volpato,C,,,False,True
9,F-22,Sorensen O.,C,5.5,5.0,True,True
9,F-22,Stulic,A,5.5,5.5,True,True
9,F-22,Ferguson E.,A,,,False,True
9,F-22,Lukaku,A,,,False,True
9,NO ONE,Falcone,P,6.0,7.0,True,False
9,NO ONE,Bellanova,D,5.0,5.0,True,False
9,NO ONE,Bastoni,D,6.5,7.5,True,False
9,NO ONE,Mancini,D,6.5,7.5,True,False
9,NO ONE,Dodò,D,5.5,5.0,True,False
9,NO ONE,Thuram K.,C,6.5,6.5,True,False
9,NO ONE,Zambo Anguissa,C,5.5,5.5,True,False
9,NO ONE,Barella,C,6.5,6.5,True,False
9,NO ONE,Mandragora,C,5.5,5.5,True,False
9,NO ONE,Diao,A,5.0,5.0,True,False
9,NO ONE,Vlahovic,A,5.5,5.5,True,False
9,NO ONE,Sava,P,,,False,True
9,NO ONE,Okoye,P,6.0,4.0,False,True
9,NO ONE,Tomori,D,,,False,True
9,NO ONE,Zortea,D,,,False,True
9,NO ONE,Comuzzo,D,,,False,True
9,NO ONE,Ghilardi,D,,,False,True
9,NO ONE,Nicolussi Caviglia,C,5.5,5.5,False,True
9,NO ONE,Gaetano,C,6.0,6.0,False,True
9,NO ONE,Zerbin,C,,,False,True
9,NO ONE,Baturina,C,5.5,5.5,False,True
9,NO ONE,Laurientè,A,6.0,6.0,False,True
9,NO ONE,Cutrone,A,6.0,6.0,False,True
9,NO ONE,Zapata D.,A,,,False,True
9,NO ONE,Dybala,A,,,False,True
10,ROMAZDA,Provedel,P,6.5,7.5,True,False
10,ROMAZDA,Gutierrez,D,6.0,6.0,True,False
10,ROMAZDA,Miranda J.,D,6.5,6.5,True,False
10,ROMAZDA,Marusic,D,6.5,6.5,True,False
10,ROMAZDA,Gudmundsson A.,C,6.0,6.0,True,False
10,ROMAZDA,Tramoni M.,C,5.0,5.0,True,False
10,ROMAZDA,Atta,C,6.5,6.5,True,False
10,ROMAZDA,Zaniolo,C,5.5,5.5,True,False
10,ROMAZDA,Yildiz,A,6.0,6.0,True,False
10,ROMAZDA,Bonny,A,5.5,5.5,True,False
10,ROMAZDA,Dia,A,6.0,6.0,True,False
10,ROMAZDA,Lang,A,7.0,10.0,False,True
10,ROMAZDA,Esposito F.P.,A,,,False,True
10,ROMAZDA,Castellanos,A,,,False,True
10,ROMAZDA,El Shaarawy,C,6.5,7.5,False,True
10,ROMAZDA,Casadei,C,5.5,5.5,False,True
10,ROMAZDA,El Aynaoui,C,6.5,7.0,False,True
10,ROMAZDA,Bailey,C,,,False,True
10,ROMAZDA,Bisseck,D,,,False,True
10,ROMAZDA,Olivera,D,,,False,True
10,ROMAZDA,Terracciano F.,D,5.0,5.0,False,True
10,ROMAZDA,Tsimikas,D,,,False,True
10,ROMAZDA,Joao Mario,D,,,False,True
10,ROMAZDA,Mandas,P,,,False,True
10,ROMAZDA,Audero,P,5.5,2.5,False,True
10,NEVER IWOMAN,Svilar,P,7.0,6.0,True,False
10,NEVER IWOMAN,Carlos Augusto,D,6.0,6.0,True,False
10,NEVER IWOMAN,Buongiorno,D,6.5,6.5,True,False
10,NEVER IWOMAN,Ramon,D,7.0,10.0,True,False
10,NEVER IWOMAN,Wesley,D,7.0,10.0,True,False
10,NEVER IWOMAN,Zalewski,C,6.0,6.0,True,False
10,NEVER IWOMAN,Harroui,C,,,False,False
10,NEVER IWOMAN,Isaksen,C,6.5,6.5,True,False
10,NEVER IWOMAN,Leao,A,5.0,4.5,True,False
10,NEVER IWOMAN,Piccoli,A,5.0,5.0,True,False
10,NEVER IWOMAN,Rodriguez Je.,A,7.0,9.0,True,False
10,NEVER IWOMAN,Vardy,A,5.0,5.0,False,True
10,NEVER IWOMAN,Cristante,C,6.5,6.5,True,True
10,NEVER IWOMAN,Odgaard,C,,,False,True
10,NEVER IWOMAN,Saelemaekers,C,6.5,6.5,False,True
10,NEVER IWOMAN,Stanciu,C,,,False,True
10,NEVER IWOMAN,Gronbaek,C,5.5,5.0,False,True
10,NEVER IWOMAN,Tavares N.,D,,,False,True
10,NEVER IWOMAN,Tiago Gabriel,D,5.0,5.0,False,True
10,NEVER IWOMAN,Rensch,D,,,False,True
10,NEVER IWOMAN,Vasquez D.,P,,,False,True
10,NEVER IWOMAN,Gollini,P,,,False,True
10,NEVER IWOMAN,Belotti,A,,,False,True
10,NEVER IWOMAN,Simeone,A,,,False,True
10,NEVER IWOMAN,Bremer,D,,,False,True
10,GIALLOROSSI,Leali,P,6.0,3.0,True,False
10,GIALLOROSSI,Valeri,D,6.0,6.0,True,False
10,GIALLOROSSI,Vasquez,D,5.5,5.5,True,False
10,GIALLOROSSI,Palestra,D,6.5,7.5,True,False
10,GIALLOROSSI,Neres,C,7.5,14.5,True,False
10,GIALLOROSSI,Vlasic,C,7.0,9.0,True,False
10,GIALLOROSSI,Calhanoglu,C,4.5,2.0,True,False
10,GIALLOROSSI,Conceicao,C,6.5,6.5,True,False
10,GIALLOROSSI,Pinamonti,A,5.0,5.0,True,False
10,GIALLOROSSI,Davis K.,A,5.5,5.5,True,False
10,GIALLOROSSI,Castro S.,A,5.5,5.5,True,False
10,GIALLOROSSI,Maignan,P,8.0,11.0,False,True
10,GIALLOROSSI,Israel,P,,,False,True
10,GIALLOROSSI,Lykogiannis,D,,,False,True
10,GIALLOROSSI,Estupinan,D,,,False,True
10,GIALLOROSSI,Ranieri L.,D,6.0,6.0,False,True
10,GIALLOROSSI,Kelly L.,D,5.5,5.5,False,True
10,GIALLOROSSI,Angelino,D,,,False,True
10,GIALLOROSSI,Zhegrova,C,,,False,True
10,GIALLOROSSI,Samardzic,C,6.0,6.0,False,True
10,GIALLOROSSI,Maldini,C,,,False,True
10,GIALLOROSSI,Stengs,C,,,False,True
10,GIALLOROSSI,Morata,A,6.0,6.0,False,True
10,GIALLOROSSI,Esposito Se.,A,7.0,10.0,False,True
10,GIALLOROSSI,Lucca,A,6.0,6.0,False,True
10,OLD LIN,De Gea,P,6.5,5.5,True,False
10,OLD LIN,Zappacosta,D,5.5,5.0,True,False
10,OLD LIN,Baschirotto,D,5.5,5.5,True,False
10,OLD LIN,Ismajli,D,,,False,False
10,OLD LIN,Zappa,D,6.0,7.0,True,False
10,OLD LIN,Vazquez,C,6.0,7.0,True,False
10,OLD LIN,Koopmeiners,C,5.5,5.5,True,False
10,OLD LIN,Orsolini,C,6.0,5.0,True,False
10,OLD LIN,De Ketelaere,A,6.0,6.0,True,False
10,OLD LIN,Martinez L.,A,6.0,6.0,True,False
10,OLD LIN,Berardi,A,5.5,5.5,True,False
10,OLD LIN,Martinelli T.,P,,,False,True
10,OLD LIN,Lezzerini,P,,,False,True
10,OLD LIN,Doig,D,6.0,6.0,True,True
10,OLD LIN,Circati,D,,,False,True
10,OLD LIN,Pongracic,D,6.0,6.0,False,True
10,OLD LIN,Unai Nunez,D,6.5,6.0,False,True
10,OLD LIN,Tete Morente,C,5.5,5.5,False,True
10,OLD LIN,Prati,C,5.5,5.0,False,True
10,OLD LIN,Sohm,C,5.5,5.5,False,True
10,OLD LIN,Carboni V.,C,5.5,5.5,False,True
10,OLD LIN,De Bruyne,C,,,False,True
10,OLD LIN,Bravo,A,,,False,True
10,OLD LIN,Dominguez B.,A,5.5,5.5,False,True
10,OLD LIN,Sanabria,A,,,False,True
10,ROMABOY,Milinkovic-Savic V.,P,6.0,5.0,True,False
10,ROMABOY,Dimarco,D,6.5,6.5,True,False
10,ROMABOY,Akanji,D,5.5,5.5,True,False
10,ROMABOY,Pavlovic,D,6.0,5.5,True,False
10,ROMABOY,Delprato,D,5.5,5.0,True,False
10,ROMABOY,Pellegrini Lo.,C,6.0,6.0,True,False
10,ROMABOY,McTominay,C,7.0,8.0,True,False
10,ROMABOY,McKennie,C,6.0,5.5,True,False
10,ROMABOY,De Roon,C,5.5,5.0,True,False
10,ROMABOY,Thuram,A,6.5,6.5,True,False
10,ROMABOY,Nkunku,A,6.0,6.0,True,False
10,ROMABOY,Meret,P,,,False,True
10,ROMABOY,Contini,P,,,False,True
10,ROMABOY,Gila,D,6.0,6.0,False,True
10,ROMABOY,Acerbi,D,6.5,6.5,False,True
10,ROMABOY,Lucumì,D,,,False,True
10,ROMABOY,Scalvini,D,,,False,True
10,ROMABOY,Frattesi,C,,,False,True
10,ROMABOY,Folorunsho,C,6.0,6.0,False,True
10,ROMABOY,Freuler,C,,,False,True
10,ROMABOY,Rowe,C,,,False,True
10,ROMABOY,Dzeko,A,,,False,True
10,ROMABOY,Pedro,A,,,False,True
10,ROMABOY,Camarda,A,5.0,5.0,False,True
10,ROMABOY,Almqvist,A,,,False,True
10,ROMOLO&ROMINA,Caprile,P,5.0,2.0,True,False
10,ROMOLO&ROMINA,Martin,D,6.5,10.5,True,False
10,ROMOLO&ROMINA,Luperto,D,5.5,5.0,True,False
10,ROMOLO&ROMINA,Rrahmani,D,6.0,6.0,True,False
10,ROMOLO&ROMINA,Kalulu,D,6.0,6.0,True,False
10,ROMOLO&ROMINA,Zaccagni,C,6.5,6.5,True,False
10,ROMOLO&ROMINA,Konè M.,C,6.5,7.5,True,False
10,ROMOLO&ROMINA,Bernabè,C,6.0,6.0,True,False
10,ROMOLO&ROMINA,Paz N.,C,7.0,10.0,True,False
10,ROMOLO&ROMINA,Adams C.,A,,,False,False
10,ROMOLO&ROMINA,Hojlund,A,6.5,7.5,True,False
10,ROMOLO&ROMINA,Krstovic,A,,,False,True
10,ROMOLO&ROMINA,Ngonge,A,5.5,5.5,True,True
10,ROMOLO&ROMINA,Colombo,A,6.5,7.5,False,True
10,ROMOLO&ROMINA,Cancellieri,A,,,False,True
10,ROMOLO&ROMINA,Thorstvedt,C,7.0,10.5,False,True
10,ROMOLO&ROMINA,Tourè I.,C,6.0,6.0,False,True
10,ROMOLO&ROMINA,Frendrup,C,6.5,6.5,False,True
10,ROMOLO&ROMINA,Collocolo,C,,,False,True
10,ROMOLO&ROMINA,Hien,D,5.0,5.0,False,True
10,ROMOLO&ROMINA,Vitik,D,,,False,True
10,ROMOLO&ROMINA,Posch,D,,,False,True
10,ROMOLO&ROMINA,Angori,D,6.0,6.0,False,True
10,ROMOLO&ROMINA,Sommer,P,5.5,4.5,False,True
10,ROMOLO&ROMINA,Martinez Jo.,P,,,False,True
10,NI99ER NO.1,Carnesecchi,P,5.5,2.5,True,False
10,NI99ER NO.1,Cambiaso,D,6.0,6.0,True,False
10,NI99ER NO.1,Heggem,D,6.5,6.5,True,False
10,NI99ER NO.1,Cuadrado,D,,,False,False
10,NI99ER NO.1,Fofana Y.,C,6.5,6.5,True,False
10,NI99ER NO.1,Rabiot,C,6.5,6.5,True,False
10,NI99ER NO.1,Elmas,C,6.0,6.0,True,False
10,NI99ER NO.1,Vandeputte,C,5.5,5.5,True,False
10,NI99ER NO.1,Orban G.,A,6.0,6.0,True,False
10,NI99ER NO.1,Kean,A,7.0,8.0,True,False
10,NI99ER NO.1,Giovane,A,5.5,8.0,True,False
10,NI99ER NO.1,Gosens,D,,,False,True
10,NI99ER NO.1,Hermoso,D,,,False,True
10,NI99ER NO.1,Beukema,D,6.5,6.5,True,True
10,NI99ER NO.1,Di Lorenzo,D,6.5,7.5,False,True
10,NI99ER NO.1,Gaspar K.,D,6.0,6.0,False,True
10,NI99ER NO.1,Locatelli,C,6.5,6.5,False,True
10,NI99ER NO.1,Oristanio,C,,,False,True
10,NI99ER NO.1,Fazzini,C,,,False,True
10,NI99ER NO.1,Pasalic,C,5.0,5.0,False,True
10,NI99ER NO.1,Pellegrino M.,A,7.5,14.0,False,True
10,NI99ER NO.1,Douvikas,A,6.0,6.0,False,True
10,NI99ER NO.1,Gimenez,A,,,False,True
10,NI99ER NO.1,Sportiello,P,,,False,True
10,NI99ER NO.1,Rossi F.,P,,,False,True
10,NO ONE,Okoye,P,5.5,4.5,True,False
10,NO ONE,Zortea,D,6.0,6.0,True,False
10,NO ONE,Bastoni,D,6.0,6.0,True,False
10,NO ONE,Mancini,D,6.0,6.0,True,False
10,NO ONE,Barella,C,6.0,6.0,True,False
10,NO ONE,Thuram K.,C,5.5,5.5,True,False
10,NO ONE,Mandragora,C,7.0,10.5,True,False
10,NO ONE,Gaetano,C,6.0,6.0,True,False
10,NO ONE,Cutrone,A,6.0,6.0,True,False
10,NO ONE,Vlahovic,A,5.5,6.0,True,False
10,NO ONE,Laurientè,A,6.0,6.0,True,False
10,NO ONE,Sava,P,,,False,True
10,NO ONE,Falcone,P,6.5,4.5,False,True
10,NO ONE,Tomori,D,6.5,6.5,False,True
10,NO ONE,Bellanova,D,6.0,7.0,False,True
10,NO ONE,Dodò,D,5.5,5.5,False,True
10,NO ONE,Comuzzo,D,,,False,True
10,NO ONE,Ghilardi,D,,,False,True
10,NO ONE,Nicolussi Caviglia,C,,,False,True
10,NO ONE,Zambo Anguissa,C,,,False,True
10,NO ONE,Zerbin,C,,,False,True
10,NO ONE,Baturina,C,6.5,9.5,False,True
10,NO ONE,Zapata D.,A,5.0,5.0,False,True
10,NO ONE,Diao,A,,,False,True
10,NO ONE,Dybala,A,,,False,True
10,F-22,Butez,P,6.0,5.0,True,False
10,F-22,Norton-Cuffy,D,4.5,3.5,True,False
10,F-22,Vojvoda,D,6.0,6.0,True,False
10,F-22,Dumfries,D,,,False,False
10,F-22,Pulisic,C,7.0,11.0,True,False
10,F-22,Modric,C,6.0,6.0,True,False
10,F-22,Da Cunha,C,7.0,7.0,True,False
10,F-22,Pierotti,C,6.0,6.0,True,False
10,F-22,Meister,A,7.0,10.0,True,False
10,F-22,Scamacca,A,7.0,10.0,True,False
10,F-22,Ferguson E.,A,7.0,11.0,True,False
10,F-22,Perin,P,,,False,True
10,F-22,Di Gregorio,P,6.0,5.0,False,True
10,F-22,Kamara H.,D,6.0,6.0,True,True
10,F-22,Frese,D,5.5,5.0,False,True
10,F-22,Ziolkowski,D,5.5,5.0,False,True
10,F-22,Pezzella Giu.,D,5.0,5.0,False,True
10,F-22,Kristensen T.,D,,,False,True
10,F-22,Fabbian,C,5.5,5.5,False,True
10,F-22,Diouf,C,,,False,True
10,F-22,Volpato,C,6.5,7.5,False,True
10,F-22,Sorensen O.,C,6.5,6.5,False,True
10,F-22,Stulic,A,5.5,5.5,False,True
10,F-22,Lukaku,A,,,False,True
10,F-22,Dovbyk,A,,,False,True
10,LUCKY LUKE,Skorupski,P,,,False,False
10,LUCKY LUKE,Gatti,D,,,False,False
10,LUCKY LUKE,N'Dicka,D,6.5,6.5,True,False
10,LUCKY LUKE,Solet,D,5.5,5.5,True,False
10,LUCKY LUKE,Loftus-Cheek,C,,,False,False
10,LUCKY LUKE,Sucic P.,C,6.0,6.0,True,False
10,LUCKY LUKE,Mkhitaryan,C,,,False,False
10,LUCKY LUKE,Politano,C,6.0,6.0,True,False
10,LUCKY LUKE,Lookman,A,5.5,5.5,True,False
10,LUCKY LUKE,Openda,A,,,False,False
10,LUCKY LUKE,Soulè,A,7.0,10.0,True,False
10,LUCKY LUKE,Semper,P,6.5,4.5,True,True
10,LUCKY LUKE,Ravaglia F.,P,6.5,7.5,False,True
10,LUCKY LUKE,Mina,D,5.5,5.0,True,True
10,LUCKY LUKE,Gabbia,D,6.0,6.0,False,True
10,LUCKY LUKE,Biraghi,D,,,False,True
10,LUCKY LUKE,Lazaro,D,5.0,5.0,False,True
10,LUCKY LUKE,Gallo,D,5.5,5.5,False,True
10,LUCKY LUKE,Ederson D.S.,C,6.0,6.0,True,True
10,LUCKY LUKE,Lobotka,C,6.0,6.0,True,True
10,LUCKY LUKE,Guendouzi,C,7.0,10.5,False,True
10,LUCKY LUKE,Fagioli,C,6.0,5.5,False,True
10,LUCKY LUKE,Cambiaghi,A,,,False,True
10,LUCKY LUKE,David,A,,,False,True
10,LUCKY LUKE,Luvumbo,A,5.5,5.5,True,True
11,NEVER IWOMAN,Svilar,P,6.5,5.5,True,False
11,NEVER IWOMAN,Carlos Augusto,D,,,False,False
11,NEVER IWOMAN,Ramon,D,6.0,5.5,True,False
11,NEVER IWOMAN,Tiago Gabriel,D,6.0,6.0,True,False
11,NEVER IWOMAN,Wesley,D,5.5,5.5,True,False
11,NEVER IWOMAN,Saelemaekers,C,6.5,6.5,True,False
11,NEVER IWOMAN,Odgaard,C,5.0,5.0,True,False
11,NEVER IWOMAN,Isaksen,C,6.0,6.0,True,False
11,NEVER IWOMAN,Leao,A,7.0,11.0,True,False
11,NEVER IWOMAN,Vardy,A,8.0,15.0,True,False
11,NEVER IWOMAN,Rodriguez Je.,A,5.5,5.5,True,False
11,NEVER IWOMAN,Piccoli,A,5.5,5.5,False,True
11,NEVER IWOMAN,Stanciu,C,,,False,True
11,NEVER IWOMAN,Zalewski,C,6.0,6.0,False,True
11,NEVER IWOMAN,Cristante,C,5.0,4.5,False,True
11,NEVER IWOMAN,Gronbaek,C,,,False,True
11,NEVER IWOMAN,Harroui,C,,,False,True
11,NEVER IWOMAN,Rensch,D,,,False,True
11,NEVER IWOMAN,Buongiorno,D,6.5,6.5,True,True
11,NEVER IWOMAN,Tavares N.,D,,,False,True
11,NEVER IWOMAN,Vasquez D.,P,,,False,True
11,NEVER IWOMAN,Gollini,P,,,False,True
11,NEVER IWOMAN,Simeone,A,,,False,True
11,NEVER IWOMAN,Belotti,A,,,False,True
11,NEVER IWOMAN,Bremer,D,,,False,True
11,GIALLOROSSI,Maignan,P,7.0,8.0,True,False
11,GIALLOROSSI,Valeri,D,6.0,6.0,True,False
11,GIALLOROSSI,Vasquez,D,6.5,6.5,True,False
11,GIALLOROSSI,Palestra,D,7.0,8.0,True,False
11,GIALLOROSSI,Neres,C,7.0,11.0,True,False
11,GIALLOROSSI,Vlasic,C,6.0,7.0,True,False
11,GIALLOROSSI,Calhanoglu,C,6.5,6.5,True,False
11,GIALLOROSSI,Conceicao,C,6.5,6.5,True,False
11,GIALLOROSSI,Pinamonti,A,5.0,5.0,True,False
11,GIALLOROSSI,Castro S.,A,5.5,5.5,True,False
11,GIALLOROSSI,Davis K.,A,7.5,9.0,True,False
11,GIALLOROSSI,Leali,P,6.5,5.5,False,True
11,GIALLOROSSI,Israel,P,6.0,4.0,False,True
11,GIALLOROSSI,Lykogiannis,D,,,False,True
11,GIALLOROSSI,Estupinan,D,,,False,True
11,GIALLOROSSI,Kelly L.,D,6.0,6.0,False,True
11,GIALLOROSSI,Ranieri L.,D,6.0,6.0,False,True
11,GIALLOROSSI,Angelino,D,,,False,True
11,GIALLOROSSI,Zhegrova,C,,,False,True
11,GIALLOROSSI,Samardzic,C,,,False,True
11,GIALLOROSSI,Maldini,C,,,False,True
11,GIALLOROSSI,Stengs,C,,,False,True
11,GIALLOROSSI,Esposito Se.,A,7.0,10.0,False,True
11,GIALLOROSSI,Lucca,A,,,False,True
11,GIALLOROSSI,Morata,A,,,False,True
11,LUCKY LUKE,Skorupski,P,,,False,False
11,LUCKY LUKE,Gatti,D,,,False,False
11,LUCKY LUKE,N'Dicka,D,5.5,5.0,True,False
11,LUCKY LUKE,Solet,D,6.5,6.5,True,False
11,LUCKY LUKE,Loftus-Cheek,C,6.0,6.0,True,False
11,LUCKY LUKE,Sucic P.,C,5.5,5.5,True,False
11,LUCKY LUKE,Mkhitaryan,C,,,False,False
11,LUCKY LUKE,Politano,C,6.0,6.0,True,False
11,LUCKY LUKE,Lookman,A,7.0,10.0,True,False
11,LUCKY LUKE,Openda,A,,,False,False
11,LUCKY LUKE,Soulè,A,5.0,5.0,True,False
11,LUCKY LUKE,Semper,P,,,False,True
11,LUCKY LUKE,Ravaglia F.,P,6.0,3.0,True,True
11,LUCKY LUKE,Mina,D,,,False,True
11,LUCKY LUKE,Gabbia,D,6.5,6.0,True,True
11,LUCKY LUKE,Biraghi,D,,,False,True
11,LUCKY LUKE,Lazaro,D,6.0,6.0,False,True
11,LUCKY LUKE,Gallo,D,6.5,6.5,False,True
11,LUCKY LUKE,Ederson D.S.,C,6.0,6.0,True,True
11,LUCKY LUKE,Lobotka,C,6.0,5.5,False,True
11,LUCKY LUKE,Guendouzi,C,6.0,6.0,False,True
11,LUCKY LUKE,Fagioli,C,5.5,5.5,False,True
11,LUCKY LUKE,Cambiaghi,A,6.0,6.0,True,True
11,LUCKY LUKE,David,A,5.5,5.5,False,True
11,LUCKY LUKE,Luvumbo,A,,,False,True
11,NI99ER NO.1,Carnesecchi,P,7.0,8.0,True,False
11,NI99ER NO.1,Cambiaso,D,6.0,5.5,True,False
11,NI99ER NO.1,Heggem,D,5.5,5.5,True,False
11,NI99ER NO.1,Hermoso,D,6.0,6.0,True,False
11,NI99ER NO.1,Rabiot,C,6.0,6.0,True,False
11,NI99ER NO.1,Fofana Y.,C,6.0,6.0,True,False
11,NI99ER NO.1,Pasalic,C,6.0,6.0,True,False
11,NI99ER NO.1,Locatelli,C,6.0,6.0,True,False
11,NI99ER NO.1,Kean,A,5.5,5.5,True,False
11,NI99ER NO.1,Pellegrino M.,A,6.0,6.0,True,False
11,NI99ER NO.1,Douvikas,A,7.0,11.0,True,False
11,NI99ER NO.1,Cuadrado,D,,,False,True
11,NI99ER NO.1,Beukema,D,6.0,5.5,False,True
11,NI99ER NO.1,Di Lorenzo,D,6.5,6.5,False,True
11,NI99ER NO.1,Gaspar K.,D,6.5,6.5,False,True
11,NI99ER NO.1,Gosens,D,,,False,True
11,NI99ER NO.1,Oristanio,C,,,False,True
11,NI99ER NO.1,Vandeputte,C,6.5,6.5,False,True
11,NI99ER NO.1,Elmas,C,,,False,True
11,NI99ER NO.1,Fazzini,C,,,False,True
11,NI99ER NO.1,Giovane,A,6.0,6.0,False,True
11,NI99ER NO.1,Orban G.,A,5.5,5.5,False,True
11,NI99ER NO.1,Gimenez,A,,,False,True
11,NI99ER NO.1,Sportiello,P,,,False,True
11,NI99ER NO.1,Rossi F.,P,,,False,True
11,NO ONE,Falcone,P,7.5,8.5,True,False
11,NO ONE,Bastoni,D,6.0,6.0,True,False
11,NO ONE,Tomori,D,6.5,7.0,True,False
11,NO ONE,Mancini,D,6.0,6.0,True,False
11,NO ONE,Bellanova,D,6.0,6.0,True,False
11,NO ONE,Thuram K.,C,6.5,6.5,True,False
11,NO ONE,Baturina,C,6.0,6.0,True,False
11,NO ONE,Barella,C,6.5,7.5,True,False
11,NO ONE,Cutrone,A,5.5,5.5,True,False
11,NO ONE,Vlahovic,A,6.0,6.0,True,False
11,NO ONE,Zapata D.,A,6.0,6.0,True,False
11,NO ONE,Sava,P,,,False,True
11,NO ONE,Okoye,P,6.0,7.0,False,True
11,NO ONE,Zortea,D,5.5,5.5,False,True
11,NO ONE,Dodò,D,5.0,5.0,False,True
11,NO ONE,Comuzzo,D,6.0,6.0,False,True
11,NO ONE,Ghilardi,D,,,False,True
11,NO ONE,Mandragora,C,5.5,5.0,False,True
11,NO ONE,Nicolussi Caviglia,C,,,False,True
11,NO ONE,Gaetano,C,,,False,True
11,NO ONE,Zerbin,C,6.0,6.0,False,True
11,NO ONE,Zambo Anguissa,C,,,False,True
11,NO ONE,Dybala,A,6.0,6.0,False,True
11,NO ONE,Laurientè,A,5.5,5.5,False,True
11,NO ONE,Diao,A,,,False,True
11,ROMABOY,Milinkovic-Savic V.,P,6.5,7.5,True,False
11,ROMABOY,Dimarco,D,6.0,6.0,True,False
11,ROMABOY,Akanji,D,6.5,6.5,True,False
11,ROMABOY,Pavlovic,D,6.0,6.0,True,False
11,ROMABOY,Delprato,D,5.5,5.5,True,False
11,ROMABOY,Pellegrini Lo.,C,6.5,6.5,True,False
11,ROMABOY,McTominay,C,6.5,6.5,True,False
11,ROMABOY,McKennie,C,6.5,6.5,True,False
11,ROMABOY,De Roon,C,6.5,6.5,True,False
11,ROMABOY,Thuram,A,5.5,5.5,True,False
11,ROMABOY,Nkunku,A,5.0,5.0,True,False
11,ROMABOY,Meret,P,,,False,True
11,ROMABOY,Contini,P,,,False,True
11,ROMABOY,Lucumì,D,5.0,5.0,False,True
11,ROMABOY,Frattesi,C,,,False,True
11,ROMABOY,Folorunsho,C,5.5,5.0,False,True
11,ROMABOY,Freuler,C,,,False,True
11,ROMABOY,Rowe,C,,,False,True
11,ROMABOY,Dzeko,A,,,False,True
11,ROMABOY,Pedro,A,6.0,6.0,False,True
11,ROMABOY,Camarda,A,,,False,True
11,ROMABOY,Almqvist,A,,,False,True
11,ROMABOY,Gila,D,5.5,5.5,False,True
11,ROMABOY,Acerbi,D,6.0,5.5,False,True
11,ROMABOY,Scalvini,D,,,False,True
11,ROMOLO&ROMINA,Sommer,P,6.0,7.0,True,False
11,ROMOLO&ROMINA,Martin,D,6.5,6.5,True,False
11,ROMOLO&ROMINA,Rrahmani,D,7.0,7.0,True,False
11,ROMOLO&ROMINA,Posch,D,6.0,6.0,True,False
11,ROMOLO&ROMINA,Kalulu,D,6.5,7.5,True,False
11,ROMOLO&ROMINA,Zaccagni,C,6.0,5.5,True,False
11,ROMOLO&ROMINA,Thorstvedt,C,6.0,6.0,True,False
11,ROMOLO&ROMINA,Konè M.,C,5.0,5.0,True,False
11,ROMOLO&ROMINA,Bernabè,C,5.5,5.5,True,False
11,ROMOLO&ROMINA,Paz N.,C,7.0,8.0,True,False
11,ROMOLO&ROMINA,Adams C.,A,6.5,9.5,True,False
11,ROMOLO&ROMINA,Hojlund,A,6.5,7.5,False,True
11,ROMOLO&ROMINA,Colombo,A,7.0,10.0,False,True
11,ROMOLO&ROMINA,Ngonge,A,5.5,5.0,False,True
11,ROMOLO&ROMINA,Krstovic,A,6.0,6.0,False,True
11,ROMOLO&ROMINA,Cancellieri,A,,,False,True
11,ROMOLO&ROMINA,Tourè I.,C,6.0,6.0,False,True
11,ROMOLO&ROMINA,Frendrup,C,6.5,6.5,False,True
11,ROMOLO&ROMINA,Collocolo,C,,,False,True
11,ROMOLO&ROMINA,Vitik,D,,,False,True
11,ROMOLO&ROMINA,Luperto,D,5.5,5.5,False,True
11,ROMOLO&ROMINA,Hien,D,6.5,6.0,False,True
11,ROMOLO&ROMINA,Angori,D,6.0,6.0,False,True
11,ROMOLO&ROMINA,Martinez Jo.,P,,,False,True
11,ROMOLO&ROMINA,Caprile,P,6.0,4.0,False,True
11,ROMAZDA,Provedel,P,6.0,5.0,True,False
11,ROMAZDA,Terracciano F.,D,6.0,5.5,True,False
11,ROMAZDA,Miranda J.,D,5.5,5.5,True,False
11,ROMAZDA,Bisseck,D,6.0,6.0,True,False
11,ROMAZDA,Bailey,C,,,False,False
11,ROMAZDA,Gudmundsson A.,C,5.5,5.5,True,False
11,ROMAZDA,Atta,C,6.0,5.5,True,False
11,ROMAZDA,Zaniolo,C,7.0,11.0,True,False
11,ROMAZDA,Yildiz,A,7.5,14.5,True,False
11,ROMAZDA,Bonny,A,,,False,False
11,ROMAZDA,Esposito F.P.,A,7.0,8.0,True,False
11,ROMAZDA,Castellanos,A,6.0,6.0,True,True
11,ROMAZDA,Lang,A,6.0,6.0,False,True
11,ROMAZDA,Dia,A,5.5,5.5,False,True
11,ROMAZDA,El Shaarawy,C,,,False,True
11,ROMAZDA,El Aynaoui,C,6.0,6.0,True,True
11,ROMAZDA,Casadei,C,5.5,5.0,False,True
11,ROMAZDA,Tramoni M.,C,5.5,5.5,False,True
11,ROMAZDA,Tsimikas,D,,,False,True
11,ROMAZDA,Marusic,D,6.0,6.0,False,True
11,ROMAZDA,Olivera,D,6.0,5.5,False,True
11,ROMAZDA,Joao Mario,D,,,False,True
11,ROMAZDA,Gutierrez,D,,,False,True
11,ROMAZDA,Mandas,P,,,False,True
11,ROMAZDA,Audero,P,6.5,5.5,False,True
11,OLD LIN,De Gea,P,6.5,4.5,True,False
11,OLD LIN,Doig,D,6.0,6.0,True,False
11,OLD LIN,Baschirotto,D,7.0,7.0,True,False
11,OLD LIN,Zappacosta,D,6.5,6.5,True,False
11,OLD LIN,Zappa,D,6.0,6.0,True,False
11,OLD LIN,Vazquez,C,,,False,False
11,OLD LIN,Tete Morente,C,4.5,4.5,True,False
11,OLD LIN,Orsolini,C,6.5,8.5,True,False
11,OLD LIN,De Ketelaere,A,7.0,8.0,True,False
11,OLD LIN,Martinez L.,A,7.5,14.5,True,False
11,OLD LIN,Berardi,A,6.0,6.0,True,False
11,OLD LIN,Martinelli T.,P,,,False,True
11,OLD LIN,Lezzerini,P,,,False,True
11,OLD LIN,Ismajli,D,,,False,True
11,OLD LIN,Circati,D,,,False,True
11,OLD LIN,Pongracic,D,5.0,4.5,False,True
11,OLD LIN,Unai Nunez,D,6.0,5.5,False,True
11,OLD LIN,Koopmeiners,C,6.0,6.0,True,True
11,OLD LIN,Prati,C,6.0,5.5,False,True
11,OLD LIN,Sohm,C,5.0,5.0,False,True
11,OLD LIN,Carboni V.,C,,,False,True
11,OLD LIN,De Bruyne,C,,,False,True
11,OLD LIN,Dominguez B.,A,5.5,5.5,False,True
11,OLD LIN,Bravo,A,,,False,True
11,OLD LIN,Sanabria,A,6.0,6.0,False,True
11,F-22,Butez,P,6.0,7.0,True,False
11,F-22,Frese,D,5.5,5.5,True,False
11,F-22,Pezzella Giu.,D,6.0,5.5,True,False
11,F-22,Vojvoda,D,6.0,6.0,True,False
11,F-22,Pierotti,C,5.5,5.5,True,False
11,F-22,Modric,C,6.0,6.0,True,False
11,F-22,Da Cunha,C,6.0,6.0,True,False
11,F-22,Fabbian,C,,,False,False
11,F-22,Stulic,A,5.5,5.5,True,False
11,F-22,Scamacca,A,6.0,6.0,True,False
11,F-22,Ferguson E.,A,5.5,5.5,True,False
11,F-22,Perin,P,6.0,5.0,False,True
11,F-22,Di Gregorio,P,,,False,True
11,F-22,Ziolkowski,D,,,False,True
11,F-22,Kristensen T.,D,,,False,True
11,F-22,Dumfries,D,,,False,True
11,F-22,Kamara H.,D,,,False,True
11,F-22,Diouf,C,6.5,6.5,True,True
11,F-22,Sorensen O.,C,6.0,6.0,False,True
11,F-22,Volpato,C,5.5,5.5,False,True
11,F-22,Pulisic,C,,,False,True
11,F-22,Meister,A,6.0,6.0,False,True
11,F-22,Lukaku,A,,,False,True
11,F-22,Dovbyk,A,,,False,True
12,F-22,Perin,P,,,False,False
12,F-22,Norton-Cuffy,D,7.0,11.0,True,False
12,F-22,Pezzella Giu.,D,,,False,False
12,F-22,Vojvoda,D,5.0,5.0,True,False
12,F-22,Modric,C,6.5,6.5,True,False
12,F-22,Pierotti,C,5.5,5.5,True,False
12,F-22,Pulisic,C,8.0,15.0,True,False
12,F-22,Volpato,C,7.5,11.5,True,False
12,F-22,Meister,A,5.5,5.5,True,False
12,F-22,Scamacca,A,6.5,8.5,True,False
12,F-22,Ferguson E.,A,5.5,5.5,True,False
12,F-22,Butez,P,6.5,2.5,True,True
12,F-22,Di Gregorio,P,6.5,4.5,False,True
12,F-22,Ziolkowski,D,,,False,True
12,F-22,Kristensen T.,D,,,False,True
12,F-22,Frese,D,6.5,6.0,True,True
12,F-22,Dumfries,D,,,False,True
12,F-22,Kamara H.,D,,,False,True
12,F-22,Diouf,C,,,False,True
12,F-22,Da Cunha,C,5.0,5.0,False,True
12,F-22,Fabbian,C,,,False,True
12,F-22,Sorensen O.,C,6.0,6.0,False,True
12,F-22,Lukaku,A,,,False,True
12,F-22,Dovbyk,A,,,False,True
12,F-22,Stulic,A,5.0,5.0,False,True
12,NEVER IWOMAN,Svilar,P,7.0,6.0,True,False
12,NEVER IWOMAN,Tavares N.,D,5.0,4.5,True,False
12,NEVER IWOMAN,Buongiorno,D,6.5,6.0,True,False
12,NEVER IWOMAN,Tiago Gabriel,D,5.5,5.5,True,False
12,NEVER IWOMAN,Rensch,D,5.5,5.5,True,False
12,NEVER IWOMAN,Zalewski,C,5.5,5.5,True,False
12,NEVER IWOMAN,Odgaard,C,6.5,10.5,True,False
12,NEVER IWOMAN,Saelemaekers,C,6.5,7.5,True,False
12,NEVER IWOMAN,Leao,A,5.5,5.5,True,False
12,NEVER IWOMAN,Vardy,A,6.0,6.0,True,False
12,NEVER IWOMAN,Piccoli,A,5.5,5.5,True,False
12,NEVER IWOMAN,Rodriguez Je.,A,6.0,6.0,False,True
12,NEVER IWOMAN,Simeone,A,,,False,True
12,NEVER IWOMAN,Harroui,C,,,False,True
12,NEVER IWOMAN,Isaksen,C,7.0,10.0,False,True
12,NEVER IWOMAN,Cristante,C,5.5,5.5,False,True
12,NEVER IWOMAN,Stanciu,C,,,False,True
12,NEVER IWOMAN,Gronbaek,C,,,False,True
12,NEVER IWOMAN,Carlos Augusto,D,7.0,10.0,False,True
12,NEVER IWOMAN,Wesley,D,,,False,True
12,NEVER IWOMAN,Ramon,D,5.5,5.5,False,True
12,NEVER IWOMAN,Vasquez D.,P,,,False,True
12,NEVER IWOMAN,Gollini,P,,,False,True
12,NEVER IWOMAN,Belotti,A,,,False,True
12,NEVER IWOMAN,Bremer,D,,,False,True
12,NI99ER NO.1,Carnesecchi,P,6.0,3.0,True,False
12,NI99ER NO.1,Cambiaso,D,5.5,5.5,True,False
12,NI99ER NO.1,Hermoso,D,5.5,5.0,True,False
12,NI99ER NO.1,Beukema,D,6.0,5.5,True,False
12,NI99ER NO.1,Di Lorenzo,D,6.0,6.0,True,False
12,NI99ER NO.1,Rabiot,C,7.0,10.0,True,False
12,NI99ER NO.1,Pasalic,C,6.0,6.0,True,False
12,NI99ER NO.1,Vandeputte,C,6.5,6.5,True,False
12,NI99ER NO.1,Kean,A,5.0,5.0,True,False
12,NI99ER NO.1,Pellegrino M.,A,5.5,5.5,True,False
12,NI99ER NO.1,Douvikas,A,5.0,5.0,True,False
12,NI99ER NO.1,Cuadrado,D,,,False,True
12,NI99ER NO.1,Gosens,D,,,False,True
12,NI99ER NO.1,Heggem,D,5.5,5.5,False,True
12,NI99ER NO.1,Gaspar K.,D,5.5,5.5,False,True
12,NI99ER NO.1,Fofana Y.,C,,,False,True
12,NI99ER NO.1,Elmas,C,5.5,5.5,False,True
12,NI99ER NO.1,Locatelli,C,6.0,6.0,False,True
12,NI99ER NO.1,Oristanio,C,,,False,True
12,NI99ER NO.1,Fazzini,C,,,False,True
12,NI99ER NO.1,Giovane,A,7.5,12.5,False,True
12,NI99ER NO.1,Orban G.,A,,,False,True
12,NI99ER NO.1,Gimenez,A,,,False,True
12,NI99ER NO.1,Sportiello,P,,,False,True
12,NI99ER NO.1,Rossi F.,P,,,False,True
12,OLD LIN,De Gea,P,4.5,1.5,True,False
12,OLD LIN,Doig,D,6.5,6.5,True,False
12,OLD LIN,Baschirotto,D,7.0,7.0,True,False
12,OLD LIN,Zappacosta,D,5.5,5.5,True,False
12,OLD LIN,Zappa,D,6.0,6.0,True,False
12,OLD LIN,Vazquez,C,,,False,False
12,OLD LIN,Tete Morente,C,,,False,False
12,OLD LIN,Sohm,C,5.5,5.5,True,False
12,OLD LIN,Orsolini,C,6.0,6.0,True,False
12,OLD LIN,Martinez L.,A,7.0,11.0,True,False
12,OLD LIN,De Ketelaere,A,5.5,5.5,True,False
12,OLD LIN,Martinelli T.,P,,,False,True
12,OLD LIN,Lezzerini,P,,,False,True
12,OLD LIN,Ismajli,D,,,False,True
12,OLD LIN,Circati,D,,,False,True
12,OLD LIN,Pongracic,D,,,False,True
12,OLD LIN,Unai Nunez,D,6.5,6.5,False,True
12,OLD LIN,Prati,C,6.0,6.0,True,True
12,OLD LIN,Koopmeiners,C,5.0,5.0,True,True
12,OLD LIN,Carboni V.,C,,,False,True
12,OLD LIN,De Bruyne,C,,,False,True
12,OLD LIN,Dominguez B.,A,,,False,True
12,OLD LIN,Bravo,A,,,False,True
12,OLD LIN,Sanabria,A,7.0,10.0,False,True
12,OLD LIN,Berardi,A,,,False,True
12,GIALLOROSSI,Maignan,P,6.0,3.5,True,False
12,GIALLOROSSI,Valeri,D,6.0,5.5,True,False
12,GIALLOROSSI,Vasquez,D,6.5,6.5,True,False
12,GIALLOROSSI,Palestra,D,7.0,7.0,True,False
12,GIALLOROSSI,Neres,C,7.5,8.5,True,False
12,GIALLOROSSI,Vlasic,C,7.0,10.0,True,False
12,GIALLOROSSI,Calhanoglu,C,7.0,10.0,True,False
12,GIALLOROSSI,Conceicao,C,5.5,5.5,True,False
12,GIALLOROSSI,Castro S.,A,5.5,5.5,True,False
12,GIALLOROSSI,Davis K.,A,6.0,6.0,True,False
12,GIALLOROSSI,Pinamonti,A,5.5,5.5,True,False
12,GIALLOROSSI,Leali,P,6.0,5.0,False,True
12,GIALLOROSSI,Israel,P,6.0,3.0,False,True
12,GIALLOROSSI,Lykogiannis,D,,,False,True
12,GIALLOROSSI,Estupinan,D,,,False,True
12,GIALLOROSSI,Kelly L.,D,5.0,5.0,False,True
12,GIALLOROSSI,Ranieri L.,D,5.5,5.5,False,True
12,GIALLOROSSI,Angelino,D,,,False,True
12,GIALLOROSSI,Samardzic,C,6.0,6.0,False,True
12,GIALLOROSSI,Maldini,C,,,False,True
12,GIALLOROSSI,Zhegrova,C,,,False,True
12,GIALLOROSSI,Stengs,C,,,False,True
12,GIALLOROSSI,Esposito Se.,A,7.0,8.0,False,True
12,GIALLOROSSI,Lucca,A,,,False,True
12,GIALLOROSSI,Morata,A,5.5,5.5,False,True
12,ROMOLO&ROMINA,Sommer,P,6.0,7.0,True,False
12,ROMOLO&ROMINA,Martin,D,6.0,6.0,True,False
12,ROMOLO&ROMINA,Rrahmani,D,6.5,6.5,True,False
12,ROMOLO&ROMINA,Hien,D,5.0,5.0,True,False
12,ROMOLO&ROMINA,Zaccagni,C,6.5,6.5,True,False
12,ROMOLO&ROMINA,Thorstvedt,C,6.5,6.0,True,False
12,ROMOLO&ROMINA,Konè M.,C,6.0,6.0,True,False
12,ROMOLO&ROMINA,Paz N.,C,5.5,5.5,True,False
12,ROMOLO&ROMINA,Tourè I.,C,6.0,5.5,True,False
12,ROMOLO&ROMINA,Hojlund,A,8.0,15.0,True,False
12,ROMOLO&ROMINA,Adams C.,A,6.0,6.0,True,False
12,ROMOLO&ROMINA,Krstovic,A,5.0,5.0,False,True
12,ROMOLO&ROMINA,Colombo,A,6.5,6.5,False,True
12,ROMOLO&ROMINA,Cancellieri,A,6.0,6.0,False,True
12,ROMOLO&ROMINA,Ngonge,A,,,False,True
12,ROMOLO&ROMINA,Bernabè,C,6.0,6.0,False,True
12,ROMOLO&ROMINA,Frendrup,C,,,False,True
12,ROMOLO&ROMINA,Collocolo,C,,,False,True
12,ROMOLO&ROMINA,Angori,D,6.0,6.0,False,True
12,ROMOLO&ROMINA,Kalulu,D,6.0,5.5,False,True
12,ROMOLO&ROMINA,Posch,D,5.5,5.5,False,True
12,ROMOLO&ROMINA,Luperto,D,6.5,6.5,False,True
12,ROMOLO&ROMINA,Vitik,D,,,False,True
12,ROMOLO&ROMINA,Martinez Jo.,P,,,False,True
12,ROMOLO&ROMINA,Caprile,P,6.0,7.0,False,True
12,ROMABOY,Milinkovic-Savic V.,P,6.0,5.0,True,False
12,ROMABOY,Dimarco,D,7.0,9.0,True,False
12,ROMABOY,Akanji,D,6.0,5.5,True,False
12,ROMABOY,Pavlovic,D,5.5,5.5,True,False
12,ROMABOY,Lucumì,D,,,False,False
12,ROMABOY,Pellegrini Lo.,C,5.5,5.5,True,False
12,ROMABOY,McTominay,C,6.5,6.5,True,False
12,ROMABOY,McKennie,C,5.5,6.5,True,False
12,ROMABOY,De Roon,C,5.0,4.5,True,False
12,ROMABOY,Thuram,A,7.0,10.0,True,False
12,ROMABOY,Nkunku,A,5.5,5.5,True,False
12,ROMABOY,Meret,P,,,False,True
12,ROMABOY,Contini,P,,,False,True
12,ROMABOY,Rowe,C,6.0,6.0,False,True
12,ROMABOY,Dzeko,A,,,False,True
12,ROMABOY,Pedro,A,,,False,True
12,ROMABOY,Camarda,A,5.5,5.5,False,True
12,ROMABOY,Almqvist,A,,,False,True
12,ROMABOY,Frattesi,C,,,False,True
12,ROMABOY,Freuler,C,,,False,True
12,ROMABOY,Folorunsho,C,7.0,6.5,False,True
12,ROMABOY,Gila,D,5.0,4.0,True,True
12,ROMABOY,Delprato,D,6.5,6.5,False,True
12,ROMABOY,Acerbi,D,6.5,6.5,False,True
12,ROMABOY,Scalvini,D,,,False,True
12,ROMAZDA,Provedel,P,6.5,5.5,True,False
12,ROMAZDA,Tsimikas,D,5.5,5.5,True,False
12,ROMAZDA,Miranda J.,D,6.0,5.5,True,False
12,ROMAZDA,Terracciano F.,D,6.5,6.5,True,False
12,ROMAZDA,El Shaarawy,C,,,False,False
12,ROMAZDA,Gudmundsson A.,C,5.0,5.0,True,False
12,ROMAZDA,Zaniolo,C,6.0,6.0,True,False
12,ROMAZDA,Bailey,C,,,False,False
12,ROMAZDA,Yildiz,A,7.0,10.0,True,False
12,ROMAZDA,Castellanos,A,5.5,5.5,True,False
12,ROMAZDA,Lang,A,5.5,5.5,True,False
12,ROMAZDA,Bonny,A,,,False,True
12,ROMAZDA,Esposito F.P.,A,6.0,6.0,False,True
12,ROMAZDA,Dia,A,,,False,True
12,ROMAZDA,El Aynaoui,C,5.5,5.5,True,True
12,ROMAZDA,Casadei,C,5.5,5.5,True,True
12,ROMAZDA,Tramoni M.,C,,,False,True
12,ROMAZDA,Atta,C,,,False,True
12,ROMAZDA,Bisseck,D,,,False,True
12,ROMAZDA,Marusic,D,6.0,6.0,False,True
12,ROMAZDA,Olivera,D,5.5,5.5,False,True
12,ROMAZDA,Joao Mario,D,,,False,True
12,ROMAZDA,Gutierrez,D,,,False,True
12,ROMAZDA,Mandas,P,,,False,True
12,ROMAZDA,Audero,P,6.0,7.0,False,True
12,NO ONE,Falcone,P,6.0,4.0,True,False
12,NO ONE,Dodò,D,5.0,5.0,True,False
12,NO ONE,Tomori,D,5.5,6.0,True,False
12,NO ONE,Mancini,D,5.0,5.0,True,False
12,NO ONE,Bellanova,D,5.5,5.5,True,False
12,NO ONE,Thuram K.,C,6.0,6.0,True,False
12,NO ONE,Mandragora,C,6.0,7.5,True,False
12,NO ONE,Barella,C,7.0,7.0,True,False
12,NO ONE,Laurientè,A,6.5,7.5,True,False
12,NO ONE,Cutrone,A,,,False,False
12,NO ONE,Dybala,A,5.5,5.5,True,False
12,NO ONE,Sava,P,,,False,True
12,NO ONE,Okoye,P,5.5,3.5,False,True
12,NO ONE,Bastoni,D,6.5,6.5,False,True
12,NO ONE,Comuzzo,D,5.5,5.5,False,True
12,NO ONE,Ghilardi,D,4.5,4.5,False,True
12,NO ONE,Zortea,D,7.0,7.0,False,True
12,NO ONE,Nicolussi Caviglia,C,,,False,True
12,NO ONE,Zerbin,C,6.5,7.5,False,True
12,NO ONE,Baturina,C,,,False,True
12,NO ONE,Gaetano,C,7.0,10.5,False,True
12,NO ONE,Zambo Anguissa,C,,,False,True
12,NO ONE,Zapata D.,A,6.5,9.5,True,True
12,NO ONE,Vlahovic,A,,,False,True
12,NO ONE,Diao,A,6.0,6.0,False,True
12,LUCKY LUKE,Skorupski,P,,,False,False
12,LUCKY LUKE,Gatti,D,,,False,False
12,LUCKY LUKE,N'Dicka,D,5.5,5.5,True,False
12,LUCKY LUKE,Solet,D,5.5,5.5,True,False
12,LUCKY LUKE,Loftus-Cheek,C,6.0,6.0,True,False
12,LUCKY LUKE,Sucic P.,C,,,False,False
12,LUCKY LUKE,Mkhitaryan,C,6.0,6.0,True,False
12,LUCKY LUKE,Politano,C,,,False,False
12,LUCKY LUKE,Lookman,A,5.0,5.0,True,False
12,LUCKY LUKE,Openda,A,6.0,6.0,True,False
12,LUCKY LUKE,Soulè,A,6.0,6.0,True,False
12,LUCKY LUKE,Semper,P,,,False,True
12,LUCKY LUKE,Ravaglia F.,P,7.5,6.5,True,True
12,LUCKY LUKE,Mina,D,,,False,True
12,LUCKY LUKE,Gabbia,D,6.0,6.0,True,True
12,LUCKY LUKE,Biraghi,D,,,False,True
12,LUCKY LUKE,Lazaro,D,6.0,5.5,False,True
12,LUCKY LUKE,Gallo,D,5.5,5.0,False,True
12,LUCKY LUKE,Ederson D.S.,C,5.5,5.5,True,True
12,LUCKY LUKE,Lobotka,C,,,False,True
12,LUCKY LUKE,Guendouzi,C,6.5,6.5,True,True
12,LUCKY LUKE,Fagioli,C,5.5,5.5,False,True
12,LUCKY LUKE,Cambiaghi,A,5.5,5.0,False,True
12,LUCKY LUKE,David,A,6.0,6.0,False,True
12,LUCKY LUKE,Luvumbo,A,,,False,True
13,ROMAZDA,Provedel,P,7.0,8.0,True,False
13,ROMAZDA,Miranda J.,D,6.0,5.5,True,False
13,ROMAZDA,Bisseck,D,7.0,9.5,True,False
13,ROMAZDA,Terracciano F.,D,6.0,6.0,True,False
13,ROMAZDA,Marusic,D,6.0,6.0,True,False
13,ROMAZDA,Bailey,C,,,False,False
13,ROMAZDA,Gudmundsson A.,C,5.5,5.0,True,False
13,ROMAZDA,Zaniolo,C,6.5,6.0,True,False
13,ROMAZDA,Yildiz,A,6.5,7.5,True,False
13,ROMAZDA,Castellanos,A,5.5,5.5,True,False
13,ROMAZDA,Bonny,A,,,False,False
13,ROMAZDA,Lang,A,6.0,6.0,True,True
13,ROMAZDA,Esposito F.P.,A,6.5,6.5,False,True
13,ROMAZDA,Dia,A,,,False,True
13,ROMAZDA,El Shaarawy,C,6.0,5.5,True,True
13,ROMAZDA,El Aynaoui,C,,,False,True
13,ROMAZDA,Tramoni M.,C,5.5,5.5,False,True
13,ROMAZDA,Casadei,C,6.0,6.0,False,True
13,ROMAZDA,Atta,C,,,False,True
13,ROMAZDA,Tsimikas,D,,,False,True
13,ROMAZDA,Olivera,D,5.5,5.5,False,True
13,ROMAZDA,Joao Mario,D,,,False,True
13,ROMAZDA,Gutierrez,D,,,False,True
13,ROMAZDA,Mandas,P,,,False,True
13,ROMAZDA,Audero,P,6.0,5.0,False,True
13,GIALLOROSSI,Maignan,P,6.0,4.0,True,False
13,GIALLOROSSI,Valeri,D,6.0,5.5,True,False
13,GIALLOROSSI,Angelino,D,,,False,False
13,GIALLOROSSI,Ranieri L.,D,5.5,5.5,True,False
13,GIALLOROSSI,Palestra,D,6.5,6.5,True,False
13,GIALLOROSSI,Neres,C,5.0,5.0,True,False
13,GIALLOROSSI,Vlasic,C,7.0,11.0,True,False
13,GIALLOROSSI,Conceicao,C,6.0,6.0,True,False
13,GIALLOROSSI,Esposito Se.,A,7.0,8.0,True,False
13,GIALLOROSSI,Pinamonti,A,7.0,9.0,True,False
13,GIALLOROSSI,Davis K.,A,6.5,7.5,True,False
13,GIALLOROSSI,Leali,P,5.0,3.0,False,True
13,GIALLOROSSI,Israel,P,,,False,True
13,GIALLOROSSI,Estupinan,D,,,False,True
13,GIALLOROSSI,Vasquez,D,6.0,6.0,True,True
13,GIALLOROSSI,Kelly L.,D,7.0,7.0,False,True
13,GIALLOROSSI,Lykogiannis,D,,,False,True
13,GIALLOROSSI,Samardzic,C,6.5,7.5,False,True
13,GIALLOROSSI,Zhegrova,C,,,False,True
13,GIALLOROSSI,Maldini,C,,,False,True
13,GIALLOROSSI,Calhanoglu,C,,,False,True
13,GIALLOROSSI,Stengs,C,,,False,True
13,GIALLOROSSI,Lucca,A,,,False,True
13,GIALLOROSSI,Castro S.,A,5.5,5.5,False,True
13,GIALLOROSSI,Morata,A,,,False,True
13,OLD LIN,De Gea,P,5.5,3.5,True,False
13,OLD LIN,Doig,D,6.0,6.0,True,False
13,OLD LIN,Baschirotto,D,5.0,5.0,True,False
13,OLD LIN,Zappacosta,D,6.0,6.5,True,False
13,OLD LIN,Zappa,D,6.0,6.0,True,False
13,OLD LIN,Vazquez,C,5.5,5.5,True,False
13,OLD LIN,Koopmeiners,C,5.5,5.0,True,False
13,OLD LIN,Sohm,C,5.0,5.0,True,False
13,OLD LIN,Orsolini,C,6.0,6.0,True,False
13,OLD LIN,Martinez L.,A,7.5,12.5,True,False
13,OLD LIN,De Ketelaere,A,6.0,6.0,True,False
13,OLD LIN,Martinelli T.,P,,,False,True
13,OLD LIN,Lezzerini,P,,,False,True
13,OLD LIN,Ismajli,D,6.5,6.5,False,True
13,OLD LIN,Circati,D,,,False,True
13,OLD LIN,Pongracic,D,5.5,5.5,False,True
13,OLD LIN,Unai Nunez,D,5.5,3.0,False,True
13,OLD LIN,Tete Morente,C,6.0,5.5,False,True
13,OLD LIN,Prati,C,6.0,6.0,False,True
13,OLD LIN,Carboni V.,C,,,False,True
13,OLD LIN,De Bruyne,C,,,False,True
13,OLD LIN,Sanabria,A,5.5,5.5,False,True
13,OLD LIN,Dominguez B.,A,,,False,True
13,OLD LIN,Bravo,A,,,False,True
13,OLD LIN,Berardi,A,,,False,True
13,NO ONE,Falcone,P,6.0,7.0,True,False
13,NO ONE,Bastoni,D,6.5,6.5,True,False
13,NO ONE,Tomori,D,5.5,5.5,True,False
13,NO ONE,Mancini,D,6.5,6.0,True,False
13,NO ONE,Dodò,D,5.5,5.5,True,False
13,NO ONE,Zerbin,C,5.5,5.5,True,False
13,NO ONE,Mandragora,C,6.0,6.0,True,False
13,NO ONE,Barella,C,6.0,5.5,True,False
13,NO ONE,Laurientè,A,7.5,11.5,True,False
13,NO ONE,Zapata D.,A,6.5,7.0,True,False
13,NO ONE,Dybala,A,,,False,False
13,NO ONE,Sava,P,,,False,True
13,NO ONE,Okoye,P,6.0,7.0,False,True
13,NO ONE,Zortea,D,5.5,5.5,False,True
13,NO ONE,Ghilardi,D,,,False,True
13,NO ONE,Comuzzo,D,5.5,5.5,False,True
13,NO ONE,Bellanova,D,,,False,True
13,NO ONE,Thuram K.,C,6.0,6.0,False,True
13,NO ONE,Baturina,C,5.5,5.5,False,True
13,NO ONE,Gaetano,C,7.0,9.5,False,True
13,NO ONE,Nicolussi Caviglia,C,,,False,True
13,NO ONE,Zambo Anguissa,C,,,False,True
13,NO ONE,Diao,A,6.0,6.0,True,True
13,NO ONE,Cutrone,A,,,False,True
13,NO ONE,Vlahovic,A,,,False,True
13,NEVER IWOMAN,Svilar,P,6.5,7.5,True,False
13,NEVER IWOMAN,Carlos Augusto,D,6.0,6.0,True,False
13,NEVER IWOMAN,Buongiorno,D,6.0,6.0,True,False
13,NEVER IWOMAN,Tiago Gabriel,D,6.0,6.0,True,False
13,NEVER IWOMAN,Wesley,D,7.5,11.0,True,False
13,NEVER IWOMAN,Zalewski,C,6.0,6.0,True,False
13,NEVER IWOMAN,Harroui,C,,,False,False
13,NEVER IWOMAN,Odgaard,C,,,False,False
13,NEVER IWOMAN,Saelemaekers,C,5.5,5.5,True,False
13,NEVER IWOMAN,Vardy,A,5.5,5.5,True,False
13,NEVER IWOMAN,Piccoli,A,,,False,False
13,NEVER IWOMAN,Simeone,A,5.5,5.5,True,True
13,NEVER IWOMAN,Rodriguez Je.,A,5.5,5.5,False,True
13,NEVER IWOMAN,Cristante,C,6.5,6.5,True,True
13,NEVER IWOMAN,Stanciu,C,,,False,True
13,NEVER IWOMAN,Gronbaek,C,,,False,True
13,NEVER IWOMAN,Ramon,D,6.5,6.0,False,True
13,NEVER IWOMAN,Rensch,D,6.5,6.5,False,True
13,NEVER IWOMAN,Bremer,D,6.0,6.0,False,True
13,NEVER IWOMAN,Tavares N.,D,,,False,True
13,NEVER IWOMAN,Vasquez D.,P,,,False,True
13,NEVER IWOMAN,Gollini,P,,,False,True
13,NEVER IWOMAN,Leao,A,,,False,True
13,NEVER IWOMAN,Belotti,A,,,False,True
13,NEVER IWOMAN,Isaksen,C,,,False,True
13,NI99ER NO.1,Carnesecchi,P,6.0,5.0,True,False
13,NI99ER NO.1,Cambiaso,D,6.0,6.0,True,False
13,NI99ER NO.1,Hermoso,D,6.5,6.5,True,False
13,NI99ER NO.1,Beukema,D,6.0,6.0,True,False
13,NI99ER NO.1,Di Lorenzo,D,5.5,5.5,True,False
13,NI99ER NO.1,Rabiot,C,5.5,5.5,True,False
13,NI99ER NO.1,Pasalic,C,,,False,False
13,NI99ER NO.1,Vandeputte,C,6.0,6.0,True,False
13,NI99ER NO.1,Kean,A,5.5,5.5,True,False
13,NI99ER NO.1,Pellegrino M.,A,6.0,6.0,True,False
13,NI99ER NO.1,Douvikas,A,5.5,5.5,True,False
13,NI99ER NO.1,Cuadrado,D,,,False,True
13,NI99ER NO.1,Gosens,D,,,False,True
13,NI99ER NO.1,Heggem,D,4.5,3.5,False,True
13,NI99ER NO.1,Gaspar K.,D,6.5,6.0,False,True
13,NI99ER NO.1,Fofana Y.,C,,,False,True
13,NI99ER NO.1,Elmas,C,5.5,5.5,True,True
13,NI99ER NO.1,Locatelli,C,7.0,7.0,False,True
13,NI99ER NO.1,Oristanio,C,5.5,5.5,False,True
13,NI99ER NO.1,Fazzini,C,,,False,True
13,NI99ER NO.1,Giovane,A,5.5,5.5,False,True
13,NI99ER NO.1,Orban G.,A,7.5,14.5,False,True
13,NI99ER NO.1,Gimenez,A,,,False,True
13,NI99ER NO.1,Sportiello,P,,,False,True
13,NI99ER NO.1,Rossi F.,P,,,False,True
13,LUCKY LUKE,Skorupski,P,,,False,False
13,LUCKY LUKE,Gatti,D,,,False,False
13,LUCKY LUKE,N'Dicka,D,7.0,7.0,True,False
13,LUCKY LUKE,Solet,D,6.5,6.5,True,False
13,LUCKY LUKE,Loftus-Cheek,C,6.5,7.0,True,False
13,LUCKY LUKE,Sucic P.,C,6.5,6.5,True,False
13,LUCKY LUKE,Mkhitaryan,C,6.0,6.0,True,False
13,LUCKY LUKE,Politano,C,5.5,5.5,True,False
13,LUCKY LUKE,Lookman,A,5.5,5.5,True,False
13,LUCKY LUKE,Openda,A,6.5,6.5,True,False
13,LUCKY LUKE,Soulè,A,6.5,7.5,True,False
13,LUCKY LUKE,Semper,P,6.0,5.0,True,True
13,LUCKY LUKE,Ravaglia F.,P,6.5,5.5,False,True
13,LUCKY LUKE,Mina,D,,,False,True
13,LUCKY LUKE,Gabbia,D,5.5,5.5,True,True
13,LUCKY LUKE,Biraghi,D,,,False,True
13,LUCKY LUKE,Lazaro,D,6.0,6.0,False,True
13,LUCKY LUKE,Gallo,D,6.0,6.0,False,True
13,LUCKY LUKE,Ederson D.S.,C,6.5,6.5,False,True
13,LUCKY LUKE,Lobotka,C,6.0,6.0,False,True
13,LUCKY LUKE,Guendouzi,C,6.5,6.5,False,True
13,LUCKY LUKE,Fagioli,C,6.5,6.5,False,True
13,LUCKY LUKE,Cambiaghi,A,5.5,5.5,False,True
13,LUCKY LUKE,David,A,5.0,5.0,False,True
13,LUCKY LUKE,Luvumbo,A,,,False,True
13,ROMABOY,Milinkovic-Savic V.,P,6.5,5.5,True,False
13,ROMABOY,Dimarco,D,,,False,False
13,ROMABOY,Akanji,D,6.0,5.5,True,False
13,ROMABOY,Pavlovic,D,6.5,6.5,True,False
13,ROMABOY,Delprato,D,6.0,6.0,True,False
13,ROMABOY,Pellegrini Lo.,C,6.0,6.0,True,False
13,ROMABOY,McTominay,C,6.0,6.0,True,False
13,ROMABOY,McKennie,C,6.5,6.5,True,False
13,ROMABOY,De Roon,C,6.0,6.0,True,False
13,ROMABOY,Thuram,A,6.0,6.0,True,False
13,ROMABOY,Nkunku,A,6.0,7.0,True,False
13,ROMABOY,Meret,P,,,False,True
13,ROMABOY,Contini,P,,,False,True
13,ROMABOY,Rowe,C,,,False,True
13,ROMABOY,Camarda,A,6.0,6.0,False,True
13,ROMABOY,Acerbi,D,,,False,True
13,ROMABOY,Lucumì,D,6.5,6.5,True,True
13,ROMABOY,Gila,D,,,False,True
13,ROMABOY,Scalvini,D,,,False,True
13,ROMABOY,Freuler,C,,,False,True
13,ROMABOY,Folorunsho,C,6.0,6.0,False,True
13,ROMABOY,Frattesi,C,,,False,True
13,ROMABOY,Pedro,A,,,False,True
13,ROMABOY,Dzeko,A,5.5,5.5,False,True
13,ROMABOY,Almqvist,A,,,False,True
13,ROMOLO&ROMINA,Sommer,P,6.0,5.0,True,False
13,ROMOLO&ROMINA,Angori,D,6.0,6.0,True,False
13,ROMOLO&ROMINA,Rrahmani,D,5.0,5.0,True,False
13,ROMOLO&ROMINA,Posch,D,6.0,6.0,True,False
13,ROMOLO&ROMINA,Martin,D,6.0,7.0,True,False
13,ROMOLO&ROMINA,Zaccagni,C,4.5,3.5,True,False
13,ROMOLO&ROMINA,Paz N.,C,5.5,5.0,True,False
13,ROMOLO&ROMINA,Tourè I.,C,5.5,5.5,True,False
13,ROMOLO&ROMINA,Adams C.,A,6.0,6.0,True,False
13,ROMOLO&ROMINA,Hojlund,A,5.0,5.0,True,False
13,ROMOLO&ROMINA,Cancellieri,A,6.0,5.5,True,False
13,ROMOLO&ROMINA,Colombo,A,5.0,5.0,False,True
13,ROMOLO&ROMINA,Krstovic,A,,,False,True
13,ROMOLO&ROMINA,Ngonge,A,,,False,True
13,ROMOLO&ROMINA,Konè M.,C,6.5,6.5,False,True
13,ROMOLO&ROMINA,Bernabè,C,6.0,6.0,False,True
13,ROMOLO&ROMINA,Thorstvedt,C,5.5,5.0,False,True
13,ROMOLO&ROMINA,Frendrup,C,5.5,5.5,False,True
13,ROMOLO&ROMINA,Collocolo,C,,,False,True
13,ROMOLO&ROMINA,Kalulu,D,6.5,6.5,False,True
13,ROMOLO&ROMINA,Hien,D,,,False,True
13,ROMOLO&ROMINA,Luperto,D,5.0,5.0,False,True
13,ROMOLO&ROMINA,Vitik,D,,,False,True
13,ROMOLO&ROMINA,Martinez Jo.,P,,,False,True
13,ROMOLO&ROMINA,Caprile,P,7.0,5.0,False,True
13,F-22,Perin,P,,,False,False
13,F-22,Norton-Cuffy,D,5.5,5.5,True,False
13,F-22,Pezzella Giu.,D,6.0,6.0,True,False
13,F-22,Vojvoda,D,,,False,False
13,F-22,Modric,C,6.0,6.0,True,False
13,F-22,Pierotti,C,6.0,6.0,True,False
13,F-22,Pulisic,C,6.0,6.0,True,False
13,F-22,Volpato,C,6.0,6.0,True,False
13,F-22,Meister,A,5.0,5.0,True,False
13,F-22,Scamacca,A,7.5,14.5,True,False
13,F-22,Ferguson E.,A,6.5,6.5,True,False
13,F-22,Butez,P,6.0,5.0,True,True
13,F-22,Di Gregorio,P,6.5,7.5,False,True
13,F-22,Ziolkowski,D,,,False,True
13,F-22,Kristensen T.,D,6.5,6.5,True,True
13,F-22,Frese,D,5.5,5.0,False,True
13,F-22,Kamara H.,D,,,False,True
13,F-22,Dumfries,D,,,False,True
13,F-22,Diouf,C,,,False,True
13,F-22,Da Cunha,C,5.0,5.0,False,True
13,F-22,Fabbian,C,,,False,True
13,F-22,Sorensen O.,C,,,False,True
13,F-22,Lukaku,A,,,False,True
13,F-22,Dovbyk,A,,,False,True
13,F-22,Stulic,A,7.0,11.0,False,True
14,NO ONE,Okoye,P,4.5,4.5,True,False
14,NO ONE,Zortea,D,,,False,False
14,NO ONE,Bastoni,D,6.5,6.5,True,False
14,NO ONE,Mancini,D,5.5,5.5,True,False
14,NO ONE,Dodò,D,7.0,8.0,True,False
14,NO ONE,Gaetano,C,6.5,7.5,True,False
14,NO ONE,Mandragora,C,7.0,10.0,True,False
14,NO ONE,Barella,C,6.0,6.0,True,False
14,NO ONE,Laurientè,A,5.5,5.5,True,False
14,NO ONE,Zapata D.,A,5.0,5.0,True,False
14,NO ONE,Dybala,A,5.0,5.0,True,False
14,NO ONE,Sava,P,5.0,0.0,False,True
14,NO ONE,Falcone,P,7.0,6.0,False,True
14,NO ONE,Tomori,D,5.5,5.5,True,True
14,NO ONE,Comuzzo,D,6.5,6.5,False,True
14,NO ONE,Ghilardi,D,,,False,True
14,NO ONE,Bellanova,D,,,False,True
14,NO ONE,Thuram K.,C,6.5,6.5,False,True
14,NO ONE,Zerbin,C,5.5,5.5,False,True
14,NO ONE,Baturina,C,6.5,7.5,False,True
14,NO ONE,Nicolussi Caviglia,C,,,False,True
14,NO ONE,Zambo Anguissa,C,,,False,True
14,NO ONE,Cutrone,A,5.5,5.5,False,True
14,NO ONE,Diao,A,,,False,True
14,NO ONE,Vlahovic,A,,,False,True
14,NEVER IWOMAN,Svilar,P,7.0,5.0,True,False
14,NEVER IWOMAN,Carlos Augusto,D,6.5,6.5,True,False
14,NEVER IWOMAN,Buongiorno,D,6.0,6.0,True,False
14,NEVER IWOMAN,Bremer,D,6.5,6.5,True,False
14,NEVER IWOMAN,Wesley,D,6.5,6.5,True,False
14,NEVER IWOMAN,Zalewski,C,6.5,7.0,True,False
14,NEVER IWOMAN,Odgaard,C,6.5,9.5,True,False
14,NEVER IWOMAN,Saelemaekers,C,6.0,6.0,True,False
14,NEVER IWOMAN,Leao,A,6.0,7.0,True,False
14,NEVER IWOMAN,Vardy,A,5.5,5.5,True,False
14,NEVER IWOMAN,Simeone,A,6.5,6.5,True,False
14,NEVER IWOMAN,Rodriguez Je.,A,6.5,6.5,False,True
14,NEVER IWOMAN,Piccoli,A,6.0,6.0,False,True
14,NEVER IWOMAN,Harroui,C,,,False,True
14,NEVER IWOMAN,Cristante,C,5.0,4.5,False,True
14,NEVER IWOMAN,Stanciu,C,,,False,True
14,NEVER IWOMAN,Tavares N.,D,,,False,True
14,NEVER IWOMAN,Rensch,D,6.5,6.5,False,True
14,NEVER IWOMAN,Ramon,D,5.5,5.0,False,True
14,NEVER IWOMAN,Tiago Gabriel,D,6.0,6.0,False,True
14,NEVER IWOMAN,Vasquez D.,P,,,False,True
14,NEVER IWOMAN,Gollini,P,,,False,True
14,NEVER IWOMAN,Belotti,A,,,False,True
14,NEVER IWOMAN,Isaksen,C,,,False,True
14,NEVER IWOMAN,Gronbaek,C,,,False,True
14,LUCKY LUKE,Skorupski,P,,,False,False
14,LUCKY LUKE,Gatti,D,,,False,False
14,LUCKY LUKE,N'Dicka,D,,,False,False
14,LUCKY LUKE,Solet,D,6.0,9.0,True,False
14,LUCKY LUKE,Loftus-Cheek,C,6.0,6.0,True,False
14,LUCKY LUKE,Sucic P.,C,,,False,False
14,LUCKY LUKE,Mkhitaryan,C,6.0,6.0,True,False
14,LUCKY LUKE,Politano,C,5.5,5.5,True,False
14,LUCKY LUKE,Lookman,A,,,False,False
14,LUCKY LUKE,Openda,A,7.0,11.0,True,False
14,LUCKY LUKE,Soulè,A,5.5,5.0,True,False
14,LUCKY LUKE,Semper,P,6.0,4.0,True,True
14,LUCKY LUKE,Ravaglia F.,P,6.5,4.5,False,True
14,LUCKY LUKE,Mina,D,5.5,5.0,True,True
14,LUCKY LUKE,Gabbia,D,5.5,5.5,True,True
14,LUCKY LUKE,Biraghi,D,,,False,True
14,LUCKY LUKE,Lazaro,D,6.0,6.0,False,True
14,LUCKY LUKE,Gallo,D,6.0,6.0,False,True
14,LUCKY LUKE,Ederson D.S.,C,6.0,6.0,True,True
14,LUCKY LUKE,Lobotka,C,6.0,6.0,False,True
14,LUCKY LUKE,Guendouzi,C,6.0,5.5,False,True
14,LUCKY LUKE,Fagioli,C,7.0,9.0,False,True
14,LUCKY LUKE,Cambiaghi,A,,,False,True
14,LUCKY LUKE,David,A,,,False,True
14,LUCKY LUKE,Luvumbo,A,,,False,True
14,OLD LIN,De Gea,P,6.0,5.0,True,False
14,OLD LIN,Ismajli,D,6.0,6.0,True,False
14,OLD LIN,Baschirotto,D,6.5,6.5,True,False
14,OLD LIN,Zappacosta,D,6.0,6.0,True,False
14,OLD LIN,Zappa,D,6.5,7.5,True,False
14,OLD LIN,Vazquez,C,,,False,False
14,OLD LIN,Prati,C,,,False,False
14,OLD LIN,Orsolini,C,7.0,9.5,True,False
14,OLD LIN,Bravo,A,,,False,False
14,OLD LIN,Martinez L.,A,6.5,6.5,True,False
14,OLD LIN,De Ketelaere,A,5.0,5.0,True,False
14,OLD LIN,Martinelli T.,P,,,False,True
14,OLD LIN,Lezzerini,P,,,False,True
14,OLD LIN,Doig,D,5.0,5.0,False,True
14,OLD LIN,Circati,D,6.5,6.5,False,True
14,OLD LIN,Pongracic,D,6.5,6.5,False,True
14,OLD LIN,Unai Nunez,D,5.0,4.5,False,True
14,OLD LIN,Tete Morente,C,5.5,5.5,True,True
14,OLD LIN,Sohm,C,,,False,True
14,OLD LIN,Carboni V.,C,,,False,True
14,OLD LIN,De Bruyne,C,,,False,True
14,OLD LIN,Sanabria,A,6.0,6.0,True,True
14,OLD LIN,Dominguez B.,A,6.5,7.5,False,True
14,OLD LIN,Berardi,A,,,False,True
14,OLD LIN,Koopmeiners,C,,,False,True
14,ROMABOY,Milinkovic-Savic V.,P,6.0,7.0,True,False
14,ROMABOY,Dimarco,D,,,False,False
14,ROMABOY,Akanji,D,6.0,6.0,True,False
14,ROMABOY,Pavlovic,D,,,False,False
14,ROMABOY,Delprato,D,6.5,6.5,True,False
14,ROMABOY,Pellegrini Lo.,C,5.5,5.5,True,False
14,ROMABOY,McTominay,C,6.0,6.0,True,False
14,ROMABOY,McKennie,C,6.5,7.0,True,False
14,ROMABOY,De Roon,C,6.0,6.0,True,False
14,ROMABOY,Thuram,A,5.5,5.0,True,False
14,ROMABOY,Nkunku,A,6.5,8.5,True,False
14,ROMABOY,Meret,P,,,False,True
14,ROMABOY,Contini,P,,,False,True
14,ROMABOY,Rowe,C,,,False,True
14,ROMABOY,Camarda,A,,,False,True
14,ROMABOY,Acerbi,D,6.0,6.0,True,True
14,ROMABOY,Lucumì,D,,,False,True
14,ROMABOY,Gila,D,6.5,6.0,True,True
14,ROMABOY,Scalvini,D,,,False,True
14,ROMABOY,Freuler,C,6.0,5.0,False,True
14,ROMABOY,Folorunsho,C,7.0,10.0,False,True
14,ROMABOY,Frattesi,C,6.0,6.0,False,True
14,ROMABOY,Pedro,A,5.5,5.0,False,True
14,ROMABOY,Dzeko,A,,,False,True
14,ROMABOY,Almqvist,A,,,False,True
14,GIALLOROSSI,Maignan,P,8.0,7.0,True,False
14,GIALLOROSSI,Valeri,D,6.0,6.0,True,False
14,GIALLOROSSI,Vasquez,D,6.5,6.5,True,False
14,GIALLOROSSI,Palestra,D,6.0,6.0,True,False
14,GIALLOROSSI,Neres,C,5.5,5.0,True,False
14,GIALLOROSSI,Vlasic,C,7.0,10.0,True,False
14,GIALLOROSSI,Maldini,C,6.5,6.5,True,False
14,GIALLOROSSI,Conceicao,C,7.0,9.5,True,False
14,GIALLOROSSI,Esposito Se.,A,5.5,5.0,True,False
14,GIALLOROSSI,Pinamonti,A,,,False,False
14,GIALLOROSSI,Davis K.,A,5.0,5.0,True,False
14,GIALLOROSSI,Leali,P,4.5,4.5,False,True
14,GIALLOROSSI,Israel,P,,,False,True
14,GIALLOROSSI,Angelino,D,,,False,True
14,GIALLOROSSI,Kelly L.,D,6.0,6.0,False,True
14,GIALLOROSSI,Lykogiannis,D,,,False,True
14,GIALLOROSSI,Ranieri L.,D,6.0,5.5,False,True
14,GIALLOROSSI,Estupinan,D,,,False,True
14,GIALLOROSSI,Samardzic,C,5.0,4.5,False,True
14,GIALLOROSSI,Zhegrova,C,6.0,6.0,False,True
14,GIALLOROSSI,Calhanoglu,C,,,False,True
14,GIALLOROSSI,Stengs,C,,,False,True
14,GIALLOROSSI,Castro S.,A,7.0,11.0,True,True
14,GIALLOROSSI,Lucca,A,,,False,True
14,GIALLOROSSI,Morata,A,,,False,True
14,NI99ER NO.1,Carnesecchi,P,6.5,7.5,True,False
14,NI99ER NO.1,Cambiaso,D,6.5,7.5,True,False
14,NI99ER NO.1,Heggem,D,7.0,7.0,True,False
14,NI99ER NO.1,Beukema,D,,,False,False
14,NI99ER NO.1,Di Lorenzo,D,6.5,6.5,True,False
14,NI99ER NO.1,Rabiot,C,8.0,15.0,True,False
14,NI99ER NO.1,Pasalic,C,,,False,False
14,NI99ER NO.1,Fofana Y.,C,5.5,5.5,True,False
14,NI99ER NO.1,Kean,A,7.5,13.5,True,False
14,NI99ER NO.1,Pellegrino M.,A,5.5,5.5,True,False
14,NI99ER NO.1,Douvikas,A,5.5,5.5,True,False
14,NI99ER NO.1,Cuadrado,D,,,False,True
14,NI99ER NO.1,Gosens,D,,,False,True
14,NI99ER NO.1,Hermoso,D,,,False,True
14,NI99ER NO.1,Gaspar K.,D,,,False,True
14,NI99ER NO.1,Locatelli,C,6.5,6.5,True,True
14,NI99ER NO.1,Vandeputte,C,6.5,6.5,False,True
14,NI99ER NO.1,Elmas,C,5.5,5.5,False,True
14,NI99ER NO.1,Oristanio,C,,,False,True
14,NI99ER NO.1,Fazzini,C,,,False,True
14,NI99ER NO.1,Giovane,A,5.5,5.5,False,True
14,NI99ER NO.1,Orban G.,A,7.0,10.0,False,True
14,NI99ER NO.1,Gimenez,A,,,False,True
14,NI99ER NO.1,Sportiello,P,,,False,True
14,NI99ER NO.1,Rossi F.,P,,,False,True
14,ROMOLO&ROMINA,Sommer,P,6.5,7.5,True,False
14,ROMOLO&ROMINA,Martin,D,,,False,False
14,ROMOLO&ROMINA,Luperto,D,,,False,False
14,ROMOLO&ROMINA,Rrahmani,D,6.5,6.5,True,False
14,ROMOLO&ROMINA,Kalulu,D,6.0,6.0,True,False
14,ROMOLO&ROMINA,Paz N.,C,6.5,6.5,True,False
14,ROMOLO&ROMINA,Konè M.,C,6.0,5.5,True,False
14,ROMOLO&ROMINA,Tourè I.,C,6.0,6.0,True,False
14,ROMOLO&ROMINA,Adams C.,A,6.0,6.0,True,False
14,ROMOLO&ROMINA,Hojlund,A,5.0,5.0,True,False
14,ROMOLO&ROMINA,Cancellieri,A,5.5,5.5,True,False
14,ROMOLO&ROMINA,Colombo,A,6.0,6.0,False,True
14,ROMOLO&ROMINA,Krstovic,A,,,False,True
14,ROMOLO&ROMINA,Ngonge,A,,,False,True
14,ROMOLO&ROMINA,Bernabè,C,6.0,6.0,False,True
14,ROMOLO&ROMINA,Frendrup,C,7.0,7.0,False,True
14,ROMOLO&ROMINA,Collocolo,C,,,False,True
14,ROMOLO&ROMINA,Hien,D,7.0,11.0,True,True
14,ROMOLO&ROMINA,Vitik,D,6.5,6.0,True,True
14,ROMOLO&ROMINA,Angori,D,6.5,6.5,False,True
14,ROMOLO&ROMINA,Posch,D,,,False,True
14,ROMOLO&ROMINA,Martinez Jo.,P,,,False,True
14,ROMOLO&ROMINA,Caprile,P,6.0,4.0,False,True
14,F-22,Perin,P,,,False,False
14,F-22,Norton-Cuffy,D,5.0,5.0,True,False
14,F-22,Kristensen T.,D,4.5,4.5,True,False
14,F-22,Vojvoda,D,6.0,6.0,True,False
14,F-22,Diouf,C,5.0,5.0,True,False
14,F-22,Modric,C,6.0,6.0,True,False
14,F-22,Pulisic,C,,,False,False
14,F-22,Volpato,C,6.5,6.5,True,False
14,F-22,Lukaku,A,,,False,False
14,F-22,Scamacca,A,5.5,5.5,True,False
14,F-22,Ferguson E.,A,6.0,6.0,True,False
14,F-22,Butez,P,5.5,2.5,True,True
14,F-22,Di Gregorio,P,6.0,5.0,False,True
14,F-22,Pezzella Giu.,D,6.0,5.5,False,True
14,F-22,Kamara H.,D,6.0,6.0,False,True
14,F-22,Ziolkowski,D,6.0,6.0,False,True
14,F-22,Frese,D,,,False,True
14,F-22,Dumfries,D,,,False,True
14,F-22,Fabbian,C,,,False,True
14,F-22,Pierotti,C,6.0,6.0,True,True
14,F-22,Da Cunha,C,6.0,6.0,False,True
14,F-22,Sorensen O.,C,6.0,6.0,False,True
14,F-22,Meister,A,5.5,5.5,True,True
14,F-22,Stulic,A,6.0,6.0,False,True
14,F-22,Dovbyk,A,,,False,True
14,ROMAZDA,Provedel,P,6.0,7.0,True,False
14,ROMAZDA,Miranda J.,D,6.0,6.0,True,False
14,ROMAZDA,Olivera,D,5.5,5.5,True,False
14,ROMAZDA,Bisseck,D,,,False,False
14,ROMAZDA,Marusic,D,6.0,6.0,True,False
14,ROMAZDA,Tramoni M.,C,6.5,8.5,True,False
14,ROMAZDA,Gudmundsson A.,C,7.5,11.5,True,False
14,ROMAZDA,Zaniolo,C,6.0,6.0,True,False
14,ROMAZDA,Yildiz,A,7.0,7.0,True,False
14,ROMAZDA,Castellanos,A,5.0,5.0,True,False
14,ROMAZDA,Bonny,A,5.5,5.5,True,False
14,ROMAZDA,Esposito F.P.,A,7.0,11.0,False,True
14,ROMAZDA,Lang,A,5.5,5.5,False,True
14,ROMAZDA,Dia,A,,,False,True
14,ROMAZDA,Bailey,C,5.5,5.5,False,True
14,ROMAZDA,El Shaarawy,C,6.0,6.0,False,True
14,ROMAZDA,Casadei,C,,,False,True
14,ROMAZDA,El Aynaoui,C,,,False,True
14,ROMAZDA,Atta,C,,,False,True
14,ROMAZDA,Terracciano F.,D,6.5,6.5,True,True
14,ROMAZDA,Gutierrez,D,,,False,True
14,ROMAZDA,Joao Mario,D,,,False,True
14,ROMAZDA,Tsimikas,D,,,False,True
14,ROMAZDA,Mandas,P,,,False,True
14,ROMAZDA,Audero,P,6.0,7.0,False,True
15,ROMOLO&ROMINA,Sommer,P,6.0,7.0,True,False
15,ROMOLO&ROMINA,Martin,D,5.5,5.5,True,False
15,ROMOLO&ROMINA,Rrahmani,D,6.0,6.0,True,False
15,ROMOLO&ROMINA,Posch,D,,,False,False
15,ROMOLO&ROMINA,Kalulu,D,7.0,11.0,True,False
15,ROMOLO&ROMINA,Zaccagni,C,5.5,5.5,True,False
15,ROMOLO&ROMINA,Konè M.,C,7.5,11.5,True,False
15,ROMOLO&ROMINA,Paz N.,C,7.5,12.5,True,False
15,ROMOLO&ROMINA,Adams C.,A,6.5,7.5,True,False
15,ROMOLO&ROMINA,Hojlund,A,8.0,15.0,True,False
15,ROMOLO&ROMINA,Cancellieri,A,6.5,6.0,True,False
15,ROMOLO&ROMINA,Krstovic,A,,,False,True
15,ROMOLO&ROMINA,Colombo,A,6.0,6.0,False,True
15,ROMOLO&ROMINA,Ngonge,A,6.0,6.0,False,True
15,ROMOLO&ROMINA,Bernabè,C,6.5,6.5,False,True
15,ROMOLO&ROMINA,Tourè I.,C,5.5,5.5,False,True
15,ROMOLO&ROMINA,Thorstvedt,C,5.5,5.5,False,True
15,ROMOLO&ROMINA,Frendrup,C,5.5,5.0,False,True
15,ROMOLO&ROMINA,Collocolo,C,,,False,True
15,ROMOLO&ROMINA,Luperto,D,6.5,6.5,True,True
15,ROMOLO&ROMINA,Angori,D,6.0,5.5,False,True
15,ROMOLO&ROMINA,Hien,D,6.0,6.0,False,True
15,ROMOLO&ROMINA,Vitik,D,6.0,6.0,False,True
15,ROMOLO&ROMINA,Martinez Jo.,P,,,False,True
15,ROMOLO&ROMINA,Caprile,P,6.5,5.5,False,True
15,NO ONE,Falcone,P,5.5,2.5,True,False
15,NO ONE,Zortea,D,6.5,7.5,True,False
15,NO ONE,Tomori,D,6.5,6.5,True,False
15,NO ONE,Mancini,D,6.5,6.5,True,False
15,NO ONE,Dodò,D,5.5,5.5,True,False
15,NO ONE,Gaetano,C,6.0,6.0,True,False
15,NO ONE,Mandragora,C,5.5,5.0,True,False
15,NO ONE,Barella,C,5.5,5.5,True,False
15,NO ONE,Thuram K.,C,5.5,5.5,True,False
15,NO ONE,Zapata D.,A,5.5,5.5,True,False
15,NO ONE,Dybala,A,6.5,6.5,True,False
15,NO ONE,Sava,P,,,False,True
15,NO ONE,Okoye,P,,,False,True
15,NO ONE,Bastoni,D,6.0,5.5,False,True
15,NO ONE,Comuzzo,D,6.0,6.0,False,True
15,NO ONE,Ghilardi,D,6.0,6.0,False,True
15,NO ONE,Bellanova,D,,,False,True
15,NO ONE,Baturina,C,,,False,True
15,NO ONE,Zerbin,C,5.5,5.5,False,True
15,NO ONE,Nicolussi Caviglia,C,,,False,True
15,NO ONE,Zambo Anguissa,C,,,False,True
15,NO ONE,Laurientè,A,6.0,6.5,False,True
15,NO ONE,Cutrone,A,,,False,True
15,NO ONE,Diao,A,,,False,True
15,NO ONE,Vlahovic,A,,,False,True
15,ROMAZDA,Provedel,P,6.0,5.0,True,False
15,ROMAZDA,Miranda J.,D,6.0,6.0,True,False
15,ROMAZDA,Olivera,D,,,False,False
15,ROMAZDA,Bisseck,D,6.5,6.5,True,False
15,ROMAZDA,Marusic,D,6.0,6.0,True,False
15,ROMAZDA,Tramoni M.,C,5.5,5.0,True,False
15,ROMAZDA,Gudmundsson A.,C,6.0,6.0,True,False
15,ROMAZDA,Zaniolo,C,6.5,6.0,True,False
15,ROMAZDA,Yildiz,A,6.5,9.5,True,False
15,ROMAZDA,Castellanos,A,6.0,6.0,True,False
15,ROMAZDA,Bonny,A,,,False,False
15,ROMAZDA,Esposito F.P.,A,6.5,7.5,True,True
15,ROMAZDA,Lang,A,6.0,6.0,False,True
15,ROMAZDA,Dia,A,,,False,True
15,ROMAZDA,Bailey,C,,,False,True
15,ROMAZDA,El Shaarawy,C,6.0,6.0,False,True
15,ROMAZDA,Casadei,C,,,False,True
15,ROMAZDA,El Aynaoui,C,,,False,True
15,ROMAZDA,Atta,C,,,False,True
15,ROMAZDA,Terracciano F.,D,5.5,5.5,True,True
15,ROMAZDA,Gutierrez,D,6.0,6.0,False,True
15,ROMAZDA,Joao Mario,D,,,False,True
15,ROMAZDA,Tsimikas,D,,,False,True
15,ROMAZDA,Mandas,P,,,False,True
15,ROMAZDA,Audero,P,6.5,4.5,False,True
15,NI99ER NO.1,Carnesecchi,P,6.5,5.5,True,False
15,NI99ER NO.1,Cambiaso,D,6.0,6.0,True,False
15,NI99ER NO.1,Hermoso,D,6.5,6.5,True,False
15,NI99ER NO.1,Di Lorenzo,D,6.5,6.5,True,False
15,NI99ER NO.1,Vandeputte,C,,,False,False
15,NI99ER NO.1,Rabiot,C,7.0,8.0,True,False
15,NI99ER NO.1,Pasalic,C,5.5,5.5,True,False
15,NI99ER NO.1,Fofana Y.,C,6.0,6.0,True,False
15,NI99ER NO.1,Kean,A,5.0,5.0,True,False
15,NI99ER NO.1,Pellegrino M.,A,6.5,7.0,True,False
15,NI99ER NO.1,Douvikas,A,7.0,10.0,True,False
15,NI99ER NO.1,Beukema,D,,,False,True
15,NI99ER NO.1,Gosens,D,6.0,6.0,False,True
15,NI99ER NO.1,Cuadrado,D,,,False,True
15,NI99ER NO.1,Heggem,D,,,False,True
15,NI99ER NO.1,Gaspar K.,D,,,False,True
15,NI99ER NO.1,Locatelli,C,6.5,6.0,True,True
15,NI99ER NO.1,Elmas,C,5.5,5.5,False,True
15,NI99ER NO.1,Oristanio,C,6.0,6.0,False,True
15,NI99ER NO.1,Fazzini,C,,,False,True
15,NI99ER NO.1,Giovane,A,6.0,6.0,False,True
15,NI99ER NO.1,Orban G.,A,5.5,5.5,False,True
15,NI99ER NO.1,Gimenez,A,,,False,True
15,NI99ER NO.1,Sportiello,P,,,False,True
15,NI99ER NO.1,Rossi F.,P,,,False,True
15,OLD LIN,De Gea,P,6.0,5.0,True,False
15,OLD LIN,Ismajli,D,5.0,5.0,True,False
15,OLD LIN,Baschirotto,D,5.0,5.0,True,False
15,OLD LIN,Zappacosta,D,5.5,5.5,True,False
15,OLD LIN,Zappa,D,6.0,6.0,True,False
15,OLD LIN,Vazquez,C,,,False,False
15,OLD LIN,Koopmeiners,C,5.5,5.5,True,False
15,OLD LIN,Orsolini,C,5.5,5.5,True,False
15,OLD LIN,Bravo,A,,,False,False
15,OLD LIN,Martinez L.,A,7.0,11.0,True,False
15,OLD LIN,De Ketelaere,A,6.0,6.0,True,False
15,OLD LIN,Martinelli T.,P,,,False,True
15,OLD LIN,Lezzerini,P,,,False,True
15,OLD LIN,Doig,D,6.0,6.0,False,True
15,OLD LIN,Circati,D,6.5,6.0,False,True
15,OLD LIN,Pongracic,D,6.0,5.5,False,True
15,OLD LIN,Unai Nunez,D,5.5,5.5,False,True
15,OLD LIN,Tete Morente,C,,,False,True
15,OLD LIN,Sohm,C,5.5,5.5,True,True
15,OLD LIN,Carboni V.,C,,,False,True
15,OLD LIN,Prati,C,7.0,10.0,False,True
15,OLD LIN,De Bruyne,C,,,False,True
15,OLD LIN,Sanabria,A,5.5,5.5,True,True
15,OLD LIN,Dominguez B.,A,5.5,5.0,False,True
15,OLD LIN,Berardi,A,,,False,True
15,ROMABOY,Milinkovic-Savic V.,P,6.0,7.0,True,False
15,ROMABOY,Dimarco,D,6.5,6.5,True,False
15,ROMABOY,Akanji,D,7.0,7.0,True,False
15,ROMABOY,Pavlovic,D,6.5,6.5,True,False
15,ROMABOY,Delprato,D,,,False,False
15,ROMABOY,Pellegrini Lo.,C,,,False,False
15,ROMABOY,McTominay,C,6.5,6.5,True,False
15,ROMABOY,McKennie,C,6.5,6.5,True,False
15,ROMABOY,De Roon,C,6.0,6.0,True,False
15,ROMABOY,Thuram,A,5.5,5.5,True,False
15,ROMABOY,Nkunku,A,7.5,12.5,True,False
15,ROMABOY,Meret,P,,,False,True
15,ROMABOY,Contini,P,,,False,True
15,ROMABOY,Rowe,C,6.0,6.0,True,True
15,ROMABOY,Camarda,A,5.5,5.5,False,True
15,ROMABOY,Acerbi,D,,,False,True
15,ROMABOY,Lucumì,D,5.0,5.0,True,True
15,ROMABOY,Gila,D,5.5,5.5,False,True
15,ROMABOY,Scalvini,D,,,False,True
15,ROMABOY,Freuler,C,,,False,True
15,ROMABOY,Folorunsho,C,,,False,True
15,ROMABOY,Frattesi,C,,,False,True
15,ROMABOY,Pedro,A,,,False,True
15,ROMABOY,Dzeko,A,,,False,True
15,ROMABOY,Almqvist,A,,,False,True
15,GIALLOROSSI,Maignan,P,6.0,7.0,True,False
15,GIALLOROSSI,Lykogiannis,D,,,False,False
15,GIALLOROSSI,Valeri,D,6.0,6.0,True,False
15,GIALLOROSSI,Palestra,D,7.0,7.0,True,False
15,GIALLOROSSI,Neres,C,6.0,6.0,True,False
15,GIALLOROSSI,Calhanoglu,C,6.5,6.5,True,False
15,GIALLOROSSI,Vlasic,C,7.0,9.5,True,False
15,GIALLOROSSI,Maldini,C,,,False,False
15,GIALLOROSSI,Esposito Se.,A,5.5,5.5,True,False
15,GIALLOROSSI,Pinamonti,A,5.5,5.5,True,False
15,GIALLOROSSI,Davis K.,A,7.0,11.0,True,False
15,GIALLOROSSI,Leali,P,,,False,True
15,GIALLOROSSI,Israel,P,,,False,True
15,GIALLOROSSI,Kelly L.,D,6.5,6.5,True,True
15,GIALLOROSSI,Vasquez,D,5.0,5.0,False,True
15,GIALLOROSSI,Estupinan,D,,,False,True
15,GIALLOROSSI,Angelino,D,,,False,True
15,GIALLOROSSI,Ranieri L.,D,,,False,True
15,GIALLOROSSI,Zhegrova,C,6.5,6.5,True,True
15,GIALLOROSSI,Samardzic,C,5.0,5.0,False,True
15,GIALLOROSSI,Conceicao,C,,,False,True
15,GIALLOROSSI,Stengs,C,,,False,True
15,GIALLOROSSI,Castro S.,A,5.5,5.5,False,True
15,GIALLOROSSI,Lucca,A,,,False,True
15,GIALLOROSSI,Morata,A,,,False,True
15,F-22,Perin,P,,,False,False
15,F-22,Kamara H.,D,6.0,6.0,True,False
15,F-22,Norton-Cuffy,D,5.5,5.5,True,False
15,F-22,Vojvoda,D,7.0,8.5,True,False
15,F-22,Da Cunha,C,6.5,6.5,True,False
15,F-22,Modric,C,7.0,7.0,True,False
15,F-22,Pulisic,C,7.0,11.0,True,False
15,F-22,Volpato,C,6.0,6.0,True,False
15,F-22,Lukaku,A,,,False,False
15,F-22,Scamacca,A,5.5,5.5,True,False
15,F-22,Ferguson E.,A,7.0,11.0,True,False
15,F-22,Di Gregorio,P,6.0,7.0,True,True
15,F-22,Butez,P,6.5,7.0,False,True
15,F-22,Ziolkowski,D,6.5,6.5,False,True
15,F-22,Kristensen T.,D,5.5,5.5,False,True
15,F-22,Pezzella Giu.,D,5.5,5.5,False,True
15,F-22,Frese,D,,,False,True
15,F-22,Dumfries,D,,,False,True
15,F-22,Fabbian,C,7.0,10.0,False,True
15,F-22,Diouf,C,,,False,True
15,F-22,Pierotti,C,5.5,5.5,False,True
15,F-22,Sorensen O.,C,7.0,11.0,False,True
15,F-22,Dovbyk,A,,,False,True
15,F-22,Stulic,A,5.5,5.5,True,True
15,F-22,Meister,A,,,False,True
15,NEVER IWOMAN,Svilar,P,6.0,5.0,True,False
15,NEVER IWOMAN,Rensch,D,,,False,False
15,NEVER IWOMAN,Bremer,D,6.0,6.0,True,False
15,NEVER IWOMAN,Buongiorno,D,6.0,6.0,True,False
15,NEVER IWOMAN,Wesley,D,6.0,6.0,True,False
15,NEVER IWOMAN,Odgaard,C,,,False,False
15,NEVER IWOMAN,Cristante,C,6.5,6.5,True,False
15,NEVER IWOMAN,Saelemaekers,C,6.0,6.0,True,False
15,NEVER IWOMAN,Leao,A,,,False,False
15,NEVER IWOMAN,Simeone,A,5.5,5.5,True,False
15,NEVER IWOMAN,Rodriguez Je.,A,6.5,6.5,True,False
15,NEVER IWOMAN,Vardy,A,5.5,5.5,True,True
15,NEVER IWOMAN,Piccoli,A,5.0,5.0,False,True
15,NEVER IWOMAN,Zalewski,C,6.5,6.5,True,True
15,NEVER IWOMAN,Isaksen,C,,,False,True
15,NEVER IWOMAN,Harroui,C,,,False,True
15,NEVER IWOMAN,Stanciu,C,,,False,True
15,NEVER IWOMAN,Tiago Gabriel,D,5.5,5.5,True,True
15,NEVER IWOMAN,Ramon,D,7.0,10.0,False,True
15,NEVER IWOMAN,Carlos Augusto,D,6.0,6.0,False,True
15,NEVER IWOMAN,Tavares N.,D,,,False,True
15,NEVER IWOMAN,Vasquez D.,P,,,False,True
15,NEVER IWOMAN,Gollini,P,,,False,True
15,NEVER IWOMAN,Belotti,A,,,False,True
15,NEVER IWOMAN,Gronbaek,C,,,False,True
15,LUCKY LUKE,Skorupski,P,,,False,False
15,LUCKY LUKE,Gatti,D,,,False,False
15,LUCKY LUKE,N'Dicka,D,,,False,False
15,LUCKY LUKE,Solet,D,5.5,3.5,True,False
15,LUCKY LUKE,Loftus-Cheek,C,6.5,6.5,True,False
15,LUCKY LUKE,Sucic P.,C,,,False,False
15,LUCKY LUKE,Mkhitaryan,C,6.0,6.0,True,False
15,LUCKY LUKE,Politano,C,6.5,6.5,True,False
15,LUCKY LUKE,Lookman,A,,,False,False
15,LUCKY LUKE,Openda,A,5.0,5.0,True,False
15,LUCKY LUKE,Soulè,A,7.5,10.5,True,False
15,LUCKY LUKE,Semper,P,6.0,4.0,True,True
15,LUCKY LUKE,Ravaglia F.,P,5.5,4.0,False,True
15,LUCKY LUKE,Mina,D,,,False,True
15,LUCKY LUKE,Gabbia,D,,,False,True
15,LUCKY LUKE,Biraghi,D,,,False,True
15,LUCKY LUKE,Lazaro,D,5.5,5.5,True,True
15,LUCKY LUKE,Gallo,D,5.5,5.5,True,True
15,LUCKY LUKE,Ederson D.S.,C,6.5,6.5,True,True
15,LUCKY LUKE,Lobotka,C,6.5,6.5,False,True
15,LUCKY LUKE,Guendouzi,C,,,False,True
15,LUCKY LUKE,Fagioli,C,6.0,6.0,False,True
15,LUCKY LUKE,Cambiaghi,A,,,False,True
15,LUCKY LUKE,David,A,6.0,6.5,True,True
15,LUCKY LUKE,Luvumbo,A,,,False,True
16,OLD LIN,De Gea,P,6.5,7.5,True,False
16,OLD LIN,Doig,D,6.5,6.5,True,False
16,OLD LIN,Ismajli,D,7.0,8.0,True,False
16,OLD LIN,Baschirotto,D,6.0,6.0,True,False
16,OLD LIN,Circati,D,6.0,5.5,True,False
16,OLD LIN,Vazquez,C,6.0,6.0,True,False
16,OLD LIN,Prati,C,5.5,5.5,True,False
16,OLD LIN,Orsolini,C,6.0,6.0,True,False
16,OLD LIN,Bonazzoli,A,5.5,5.5,True,False
16,OLD LIN,Martinez L.,A,7.0,12.0,True,False
16,OLD LIN,De Ketelaere,A,6.0,6.0,True,False
16,OLD LIN,Martinelli T.,P,,,False,True
16,OLD LIN,Lezzerini,P,,,False,True
16,OLD LIN,Zappacosta,D,6.0,6.0,False,True
16,OLD LIN,Zappa,D,5.5,5.5,False,True
16,OLD LIN,Unai Nunez,D,5.0,5.0,False,True
16,OLD LIN,Cuadrado,D,,,False,True
16,OLD LIN,Kostic,C,6.0,6.0,False,True
16,OLD LIN,Sohm,C,,,False,True
16,OLD LIN,Carboni V.,C,,,False,True
16,OLD LIN,Tete Morente,C,,,False,True
16,OLD LIN,De Bruyne,C,,,False,True
16,OLD LIN,Sanabria,A,6.0,6.0,False,True
16,OLD LIN,Dominguez B.,A,,,False,True
16,OLD LIN,Berardi,A,,,False,True
16,NEVER IWOMAN,Svilar,P,5.0,4.0,True,False
16,NEVER IWOMAN,Spinazzola,D,7.0,11.0,True,False
16,NEVER IWOMAN,Buongiorno,D,,,False,False
16,NEVER IWOMAN,Bremer,D,5.5,5.5,True,False
16,NEVER IWOMAN,Ramon,D,6.5,6.5,True,False
16,NEVER IWOMAN,Ondrejka,C,6.0,6.0,True,False
16,NEVER IWOMAN,Serdar,C,6.0,6.0,True,False
16,NEVER IWOMAN,Saelemaekers,C,6.0,5.5,True,False
16,NEVER IWOMAN,Leao,A,7.0,11.0,True,False
16,NEVER IWOMAN,Simeone,A,7.0,11.0,True,False
16,NEVER IWOMAN,Vardy,A,5.5,5.5,True,False
16,NEVER IWOMAN,Rodriguez Je.,A,6.5,6.0,False,True
16,NEVER IWOMAN,Kuhn,A,,,False,True
16,NEVER IWOMAN,Immobile,A,,,False,True
16,NEVER IWOMAN,Isaksen,C,5.5,5.5,False,True
16,NEVER IWOMAN,Zalewski,C,6.0,7.0,False,True
16,NEVER IWOMAN,Odgaard,C,5.5,5.5,False,True
16,NEVER IWOMAN,Cristante,C,5.5,5.5,False,True
16,NEVER IWOMAN,Carlos Augusto,D,6.0,6.0,True,True
16,NEVER IWOMAN,Wesley,D,6.0,6.0,False,True
16,NEVER IWOMAN,Rensch,D,5.5,5.5,False,True
16,NEVER IWOMAN,Tiago Gabriel,D,5.5,5.5,False,True
16,NEVER IWOMAN,Vasquez D.,P,,,False,True
16,NEVER IWOMAN,Gollini,P,,,False,True
16,NEVER IWOMAN,Baldanzi,C,,,False,True
16,NI99ER NO.1,Carnesecchi,P,6.5,7.5,True,False
16,NI99ER NO.1,Gosens,D,6.0,6.0,True,False
16,NI99ER NO.1,Hermoso,D,5.5,5.0,True,False
16,NI99ER NO.1,Ostigard,D,6.5,6.5,True,False
16,NI99ER NO.1,Cambiaso,D,5.0,5.0,True,False
16,NI99ER NO.1,Rabiot,C,6.5,7.5,True,False
16,NI99ER NO.1,Konè I.,C,6.0,6.0,True,False
16,NI99ER NO.1,Vandeputte,C,5.5,5.5,True,False
16,NI99ER NO.1,Kean,A,7.0,11.0,True,False
16,NI99ER NO.1,Giovane,A,6.0,6.0,True,False
16,NI99ER NO.1,Douvikas,A,6.0,6.0,True,False
16,NI99ER NO.1,Di Lorenzo,D,6.5,6.5,False,True
16,NI99ER NO.1,Beukema,D,,,False,True
16,NI99ER NO.1,Heggem,D,5.5,5.5,False,True
16,NI99ER NO.1,Gaspar K.,D,7.0,7.0,False,True
16,NI99ER NO.1,Locatelli,C,6.5,6.5,False,True
16,NI99ER NO.1,Fofana Y.,C,6.0,6.0,False,True
16,NI99ER NO.1,Pasalic,C,,,False,True
16,NI99ER NO.1,Basic,C,5.5,5.5,False,True
16,NI99ER NO.1,Pobega,C,5.0,5.0,False,True
16,NI99ER NO.1,Pellegrino M.,A,7.0,11.0,False,True
16,NI99ER NO.1,Orban G.,A,6.0,6.0,False,True
16,NI99ER NO.1,Dia,A,,,False,True
16,NI99ER NO.1,Sportiello,P,,,False,True
16,NI99ER NO.1,Rossi F.,P,,,False,True
16,GIALLOROSSI,Maignan,P,6.0,7.0,True,False
16,GIALLOROSSI,Bartesaghi,D,6.5,6.5,True,False
16,GIALLOROSSI,Kelly L.,D,6.0,6.0,True,False
16,GIALLOROSSI,Palestra,D,6.0,5.5,True,False
16,GIALLOROSSI,Neres,C,6.5,6.5,True,False
16,GIALLOROSSI,Calhanoglu,C,6.5,7.0,True,False
16,GIALLOROSSI,Vlasic,C,6.5,6.5,True,False
16,GIALLOROSSI,Conceicao,C,5.5,5.5,True,False
16,GIALLOROSSI,Castro S.,A,6.5,9.5,True,False
16,GIALLOROSSI,Pinamonti,A,5.0,5.0,True,False
16,GIALLOROSSI,Davis K.,A,5.5,5.5,True,False
16,GIALLOROSSI,Terracciano,P,,,False,True
16,GIALLOROSSI,Torriani,P,,,False,True
16,GIALLOROSSI,Valeri,D,6.0,6.0,False,True
16,GIALLOROSSI,Vasquez,D,5.5,5.5,False,True
16,GIALLOROSSI,Estupinan,D,5.5,5.5,False,True
16,GIALLOROSSI,Angelino,D,,,False,True
16,GIALLOROSSI,Dumfries,D,,,False,True
16,GIALLOROSSI,Zhegrova,C,6.0,6.0,False,True
16,GIALLOROSSI,Miretti,C,,,False,True
16,GIALLOROSSI,Samardzic,C,,,False,True
16,GIALLOROSSI,Maldini,C,6.0,6.0,False,True
16,GIALLOROSSI,Esposito Se.,A,6.0,6.0,False,True
16,GIALLOROSSI,Lucca,A,,,False,True
16,GIALLOROSSI,Lukaku,A,,,False,True
16,LUCKY LUKE,Skorupski,P,,,False,False
16,LUCKY LUKE,Gatti,D,,,False,False
16,LUCKY LUKE,N'Dicka,D,,,False,False
16,LUCKY LUKE,Solet,D,6.0,6.0,True,False
16,LUCKY LUKE,Loftus-Cheek,C,6.0,6.0,True,False
16,LUCKY LUKE,Sucic P.,C,6.0,6.0,True,False
16,LUCKY LUKE,Mkhitaryan,C,6.0,6.0,True,False
16,LUCKY LUKE,Politano,C,7.5,9.5,True,False
16,LUCKY LUKE,Lookman,A,,,False,False
16,LUCKY LUKE,Openda,A,5.0,5.0,True,False
16,LUCKY LUKE,Soulè,A,5.5,5.5,True,False
16,LUCKY LUKE,Semper,P,6.5,5.5,True,True
16,LUCKY LUKE,Ravaglia F.,P,7.0,4.0,False,True
16,LUCKY LUKE,Mina,D,,,False,True
16,LUCKY LUKE,Gabbia,D,,,False,True
16,LUCKY LUKE,Biraghi,D,,,False,True
16,LUCKY LUKE,Lazaro,D,6.5,6.5,True,True
16,LUCKY LUKE,Gallo,D,6.0,6.0,True,True
16,LUCKY LUKE,Ederson D.S.,C,6.0,6.0,False,True
16,LUCKY LUKE,Lobotka,C,7.0,7.0,False,True
16,LUCKY LUKE,Guendouzi,C,6.0,6.0,False,True
16,LUCKY LUKE,Fagioli,C,6.5,6.5,False,True
16,LUCKY LUKE,Cambiaghi,A,5.0,5.0,True,True
16,LUCKY LUKE,David,A,4.5,2.5,False,True
16,LUCKY LUKE,Luvumbo,A,,,False,True
16,ROMOLO&ROMINA,Sommer,P,6.0,5.0,True,False
16,ROMOLO&ROMINA,Muharemovic,D,6.0,6.0,True,False
16,ROMOLO&ROMINA,Rrahmani,D,7.5,10.0,True,False
16,ROMOLO&ROMINA,Kalulu,D,5.5,5.5,True,False
16,ROMOLO&ROMINA,Zaccagni,C,5.5,5.0,True,False
16,ROMOLO&ROMINA,Thorstvedt,C,7.0,10.0,True,False
16,ROMOLO&ROMINA,Konè M.,C,5.5,5.5,True,False
16,ROMOLO&ROMINA,Paz N.,C,6.0,6.0,True,False
16,ROMOLO&ROMINA,Kilicsoy,A,5.5,5.5,True,False
16,ROMOLO&ROMINA,Adams C.,A,6.0,6.0,True,False
16,ROMOLO&ROMINA,Hojlund,A,6.0,6.0,True,False
16,ROMOLO&ROMINA,Colombo,A,7.0,10.0,False,True
16,ROMOLO&ROMINA,Cancellieri,A,5.5,5.5,False,True
16,ROMOLO&ROMINA,Krstovic,A,6.0,6.0,False,True
16,ROMOLO&ROMINA,Bernabè,C,6.5,6.5,False,True
16,ROMOLO&ROMINA,Tourè I.,C,6.0,6.0,False,True
16,ROMOLO&ROMINA,Matic,C,5.5,5.0,False,True
16,ROMOLO&ROMINA,Frendrup,C,6.0,6.0,False,True
16,ROMOLO&ROMINA,Posch,D,,,False,True
16,ROMOLO&ROMINA,Martin,D,6.0,6.0,False,True
16,ROMOLO&ROMINA,Luperto,D,5.5,5.5,False,True
16,ROMOLO&ROMINA,Belghali,D,,,False,True
16,ROMOLO&ROMINA,Kossounou,D,,,False,True
16,ROMOLO&ROMINA,Martinez Jo.,P,,,False,True
16,ROMOLO&ROMINA,Caprile,P,6.0,5.0,False,True
16,NO ONE,Falcone,P,8.0,8.5,True,False
16,NO ONE,Bastoni,D,6.0,5.5,True,False
16,NO ONE,Tomori,D,6.0,6.0,True,False
16,NO ONE,Kempf,D,6.0,6.0,True,False
16,NO ONE,Dodò,D,6.0,5.5,True,False
16,NO ONE,Baturina,C,,,False,False
16,NO ONE,Mandragora,C,6.0,6.0,True,False
16,NO ONE,Thuram K.,C,6.0,6.0,True,False
16,NO ONE,Malinovskyi,C,6.0,5.5,True,False
16,NO ONE,Laurientè,A,6.0,6.0,True,False
16,NO ONE,Dybala,A,5.0,5.0,True,False
16,NO ONE,Sava,P,,,False,True
16,NO ONE,Okoye,P,,,False,True
16,NO ONE,Zortea,D,5.5,5.5,False,True
16,NO ONE,Mancini,D,6.0,5.5,False,True
16,NO ONE,Holm,D,5.5,5.5,False,True
16,NO ONE,Bellanova,D,,,False,True
16,NO ONE,Barella,C,6.0,5.5,True,True
16,NO ONE,Gaetano,C,6.0,6.0,False,True
16,NO ONE,Zerbin,C,6.0,6.0,False,True
16,NO ONE,Zambo Anguissa,C,,,False,True
16,NO ONE,Addai,A,,,False,True
16,NO ONE,Zapata D.,A,6.0,6.0,False,True
16,NO ONE,Diao,A,,,False,True
16,NO ONE,Vlahovic,A,,,False,True
16,ROMAZDA,Provedel,P,6.0,4.0,True,False
16,ROMAZDA,Miranda J.,D,,,False,False
16,ROMAZDA,Olivera,D,,,False,False
16,ROMAZDA,Bisseck,D,6.0,6.0,True,False
16,ROMAZDA,Marusic,D,4.0,3.0,True,False
16,ROMAZDA,Tramoni M.,C,,,False,False
16,ROMAZDA,Gudmundsson A.,C,6.0,6.0,True,False
16,ROMAZDA,Zaniolo,C,6.0,6.0,True,False
16,ROMAZDA,Yildiz,A,7.0,7.0,True,False
16,ROMAZDA,Castellanos,A,,,False,False
16,ROMAZDA,Bonny,A,,,False,False
16,ROMAZDA,Esposito F.P.,A,6.0,6.0,True,True
16,ROMAZDA,Lang,A,,,False,True
16,ROMAZDA,Dia,A,,,False,True
16,ROMAZDA,Bailey,C,,,False,True
16,ROMAZDA,El Shaarawy,C,5.5,5.5,True,True
16,ROMAZDA,Casadei,C,7.0,10.0,False,True
16,ROMAZDA,El Aynaoui,C,,,False,True
16,ROMAZDA,Atta,C,,,False,True
16,ROMAZDA,Terracciano F.,D,6.5,6.5,True,True
16,ROMAZDA,Gutierrez,D,,,False,True
16,ROMAZDA,Joao Mario,D,,,False,True
16,ROMAZDA,Tsimikas,D,6.0,6.0,True,True
16,ROMAZDA,Mandas,P,,,False,True
16,ROMAZDA,Audero,P,6.5,5.5,False,True
16,ROMABOY,Milinkovic-Savic V.,P,6.0,7.0,True,False
16,ROMABOY,Dimarco,D,6.5,7.5,True,False
16,ROMABOY,Akanji,D,6.5,6.5,True,False
16,ROMABOY,Pavlovic,D,,,False,False
16,ROMABOY,Delprato,D,6.0,6.0,True,False
16,ROMABOY,Pellegrini Lo.,C,,,False,False
16,ROMABOY,McTominay,C,6.5,6.5,True,False
16,ROMABOY,McKennie,C,7.0,11.0,True,False
16,ROMABOY,De Roon,C,6.5,6.0,True,False
16,ROMABOY,Thuram,A,7.0,10.0,True,False
16,ROMABOY,Nkunku,A,,,False,False
16,ROMABOY,Meret,P,,,False,True
16,ROMABOY,Contini,P,,,False,True
16,ROMABOY,Rowe,C,5.0,4.5,True,True
16,ROMABOY,Acerbi,D,,,False,True
16,ROMABOY,Lucumì,D,5.0,5.0,True,True
16,ROMABOY,Gila,D,5.5,5.5,False,True
16,ROMABOY,Scalvini,D,7.0,11.0,False,True
16,ROMABOY,Freuler,C,,,False,True
16,ROMABOY,Frattesi,C,,,False,True
16,ROMABOY,Piotrowski,C,5.0,5.0,False,True
16,ROMABOY,Moreo,A,5.5,5.5,True,True
16,ROMABOY,Dzeko,A,,,False,True
16,ROMABOY,Dallinga,A,,,False,True
16,ROMABOY,Camarda,A,5.0,5.0,False,True
16,F-22,Perin,P,,,False,False
16,F-22,Kamara H.,D,5.5,5.0,True,False
16,F-22,Norton-Cuffy,D,6.0,6.0,True,False
16,F-22,Vojvoda,D,6.0,6.0,True,False
16,F-22,Koopmeiners,C,5.5,5.5,True,False
16,F-22,Modric,C,7.0,7.0,True,False
16,F-22,Pulisic,C,,,False,False
16,F-22,Volpato,C,,,False,False
16,F-22,Vitinha O.,A,6.0,6.0,True,False
16,F-22,Scamacca,A,6.0,6.0,True,False
16,F-22,Ferguson E.,A,5.0,5.0,True,False
16,F-22,Di Gregorio,P,6.0,5.0,True,True
16,F-22,Butez,P,6.0,7.0,False,True
16,F-22,Kristensen T.,D,6.5,6.5,False,True
16,F-22,Ziolkowski,D,5.5,5.5,False,True
16,F-22,Hien,D,6.0,6.0,False,True
16,F-22,Romagnoli,D,6.0,5.5,False,True
16,F-22,Pellegrini Lu.,D,5.0,5.0,False,True
16,F-22,Elmas,C,5.5,5.5,True,True
16,F-22,Sorensen O.,C,5.5,5.5,True,True
16,F-22,Zielinski,C,7.0,10.0,False,True
16,F-22,Pierotti,C,5.5,5.5,False,True
16,F-22,Dovbyk,A,5.5,5.5,False,True
16,F-22,Borrelli,A,5.5,5.5,False,True
16,F-22,Stulic,A,6.0,6.0,False,True
17,ROMABOY,Milinkovic-Savic V.,P,6.0,4.0,True,False
17,ROMABOY,Dimarco,D,7.5,11.5,True,False
17,ROMABOY,Akanji,D,7.0,7.0,True,False
17,ROMABOY,Pavlovic,D,6.0,5.5,True,False
17,ROMABOY,Delprato,D,5.0,5.0,True,False
17,ROMABOY,Pellegrini Lo.,C,,,False,False
17,ROMABOY,McTominay,C,6.5,9.5,True,False
17,ROMABOY,McKennie,C,6.5,6.5,True,False
17,ROMABOY,De Roon,C,6.5,7.5,True,False
17,ROMABOY,Thuram,A,7.0,9.5,True,False
17,ROMABOY,Nkunku,A,,,False,False
17,ROMABOY,Meret,P,,,False,True
17,ROMABOY,Contini,P,,,False,True
17,ROMABOY,Rowe,C,6.0,6.0,True,True
17,ROMABOY,Acerbi,D,,,False,True
17,ROMABOY,Lucumì,D,,,False,True
17,ROMABOY,Gila,D,6.0,6.0,False,True
17,ROMABOY,Scalvini,D,6.5,6.5,False,True
17,ROMABOY,Freuler,C,5.5,5.5,False,True
17,ROMABOY,Frattesi,C,,,False,True
17,ROMABOY,Piotrowski,C,6.0,6.0,False,True
17,ROMABOY,Moreo,A,5.5,5.5,True,True
17,ROMABOY,Dzeko,A,,,False,True
17,ROMABOY,Dallinga,A,4.5,4.5,False,True
17,ROMABOY,Camarda,A,5.5,5.5,False,True
17,NEVER IWOMAN,Svilar,P,6.0,7.0,True,False
17,NEVER IWOMAN,Spinazzola,D,6.0,6.0,True,False
17,NEVER IWOMAN,Buongiorno,D,5.0,5.0,True,False
17,NEVER IWOMAN,Bremer,D,6.5,6.5,True,False
17,NEVER IWOMAN,Wesley,D,6.0,6.0,True,False
17,NEVER IWOMAN,Saelemaekers,C,6.0,6.0,True,False
17,NEVER IWOMAN,Odgaard,C,,,False,False
17,NEVER IWOMAN,Isaksen,C,5.5,5.5,True,False
17,NEVER IWOMAN,Leao,A,7.0,11.0,True,False
17,NEVER IWOMAN,Immobile,A,5.5,5.5,True,False
17,NEVER IWOMAN,Simeone,A,5.0,5.0,True,False
17,NEVER IWOMAN,Vardy,A,7.5,11.0,False,True
17,NEVER IWOMAN,Rodriguez Je.,A,6.5,7.5,False,True
17,NEVER IWOMAN,Kuhn,A,6.0,6.0,False,True
17,NEVER IWOMAN,Cristante,C,6.5,6.0,True,True
17,NEVER IWOMAN,Zalewski,C,6.5,6.5,False,True
17,NEVER IWOMAN,Ondrejka,C,6.5,6.5,False,True
17,NEVER IWOMAN,Serdar,C,,,False,True
17,NEVER IWOMAN,Carlos Augusto,D,6.5,6.0,False,True
17,NEVER IWOMAN,Rensch,D,,,False,True
17,NEVER IWOMAN,Ramon,D,6.5,6.0,False,True
17,NEVER IWOMAN,Tiago Gabriel,D,5.5,5.5,False,True
17,NEVER IWOMAN,Vasquez D.,P,,,False,True
17,NEVER IWOMAN,Baldanzi,C,,,False,True
17,NEVER IWOMAN,Gollini,P,,,False,True
17,ROMOLO&ROMINA,Sommer,P,6.0,7.0,True,False
17,ROMOLO&ROMINA,Posch,D,,,False,False
17,ROMOLO&ROMINA,Rrahmani,D,6.0,6.0,True,False
17,ROMOLO&ROMINA,Muharemovic,D,4.5,2.5,True,False
17,ROMOLO&ROMINA,Kalulu,D,6.5,6.5,True,False
17,ROMOLO&ROMINA,Zaccagni,C,6.0,5.5,True,False
17,ROMOLO&ROMINA,Paz N.,C,6.0,6.0,True,False
17,ROMOLO&ROMINA,Konè M.,C,6.0,6.0,True,False
17,ROMOLO&ROMINA,Bernabè,C,5.5,5.5,True,False
17,ROMOLO&ROMINA,Adams C.,A,5.5,5.5,True,False
17,ROMOLO&ROMINA,Hojlund,A,5.5,5.5,True,False
17,ROMOLO&ROMINA,Kilicsoy,A,6.5,6.5,False,True
17,ROMOLO&ROMINA,Cancellieri,A,6.0,5.5,False,True
17,ROMOLO&ROMINA,Colombo,A,7.0,10.0,False,True
17,ROMOLO&ROMINA,Krstovic,A,7.5,14.5,False,True
17,ROMOLO&ROMINA,Thorstvedt,C,6.0,6.0,False,True
17,ROMOLO&ROMINA,Tourè I.,C,5.5,5.5,False,True
17,ROMOLO&ROMINA,Matic,C,6.0,6.0,False,True
17,ROMOLO&ROMINA,Frendrup,C,6.0,6.0,False,True
17,ROMOLO&ROMINA,Martin,D,6.0,6.0,True,True
17,ROMOLO&ROMINA,Luperto,D,5.0,4.5,False,True
17,ROMOLO&ROMINA,Belghali,D,,,False,True
17,ROMOLO&ROMINA,Kossounou,D,,,False,True
17,ROMOLO&ROMINA,Martinez Jo.,P,,,False,True
17,ROMOLO&ROMINA,Caprile,P,5.5,3.5,False,True
17,OLD LIN,De Gea,P,7.0,5.0,True,False
17,OLD LIN,Doig,D,5.0,5.0,True,False
17,OLD LIN,Ismajli,D,5.5,5.5,True,False
17,OLD LIN,Baschirotto,D,5.5,5.5,True,False
17,OLD LIN,Circati,D,5.0,5.0,True,False
17,OLD LIN,Vazquez,C,,,False,False
17,OLD LIN,Prati,C,5.5,5.5,True,False
17,OLD LIN,Orsolini,C,5.0,5.0,True,False
17,OLD LIN,Bonazzoli,A,7.0,7.5,True,False
17,OLD LIN,Martinez L.,A,5.5,5.5,True,False
17,OLD LIN,De Ketelaere,A,7.5,8.5,True,False
17,OLD LIN,Martinelli T.,P,,,False,True
17,OLD LIN,Lezzerini,P,,,False,True
17,OLD LIN,Zappacosta,D,6.0,6.0,False,True
17,OLD LIN,Zappa,D,5.5,5.5,False,True
17,OLD LIN,Unai Nunez,D,6.5,6.5,False,True
17,OLD LIN,Cuadrado,D,,,False,True
17,OLD LIN,Sohm,C,,,False,True
17,OLD LIN,Carboni V.,C,,,False,True
17,OLD LIN,Kostic,C,,,False,True
17,OLD LIN,Tete Morente,C,,,False,True
17,OLD LIN,De Bruyne,C,,,False,True
17,OLD LIN,Sanabria,A,,,False,True
17,OLD LIN,Dominguez B.,A,,,False,True
17,OLD LIN,Berardi,A,,,False,True
17,GIALLOROSSI,Maignan,P,6.0,4.5,True,False
17,GIALLOROSSI,Bartesaghi,D,5.0,5.0,True,False
17,GIALLOROSSI,Estupinan,D,,,False,False
17,GIALLOROSSI,Valeri,D,6.0,6.0,True,False
17,GIALLOROSSI,Palestra,D,6.5,6.5,True,False
17,GIALLOROSSI,Vlasic,C,5.0,5.0,True,False
17,GIALLOROSSI,Calhanoglu,C,6.5,6.0,True,False
17,GIALLOROSSI,Miretti,C,7.0,10.0,True,False
17,GIALLOROSSI,Castro S.,A,5.5,5.5,True,False
17,GIALLOROSSI,Pinamonti,A,5.0,5.0,True,False
17,GIALLOROSSI,Davis K.,A,7.0,8.0,True,False
17,GIALLOROSSI,Terracciano,P,,,False,True
17,GIALLOROSSI,Torriani,P,,,False,True
17,GIALLOROSSI,Vasquez,D,6.5,6.5,True,True
17,GIALLOROSSI,Angelino,D,,,False,True
17,GIALLOROSSI,Kelly L.,D,,,False,True
17,GIALLOROSSI,Dumfries,D,,,False,True
17,GIALLOROSSI,Zhegrova,C,,,False,True
17,GIALLOROSSI,Samardzic,C,,,False,True
17,GIALLOROSSI,Maldini,C,,,False,True
17,GIALLOROSSI,Conceicao,C,,,False,True
17,GIALLOROSSI,Neres,C,,,False,True
17,GIALLOROSSI,Esposito Se.,A,6.0,6.0,False,True
17,GIALLOROSSI,Lucca,A,5.5,5.5,False,True
17,GIALLOROSSI,Lukaku,A,,,False,True
17,NO ONE,Falcone,P,6.0,4.0,True,False
17,NO ONE,Bastoni,D,,,False,False
17,NO ONE,Tomori,D,6.0,5.5,True,False
17,NO ONE,Kempf,D,6.0,6.0,True,False
17,NO ONE,Dodò,D,6.0,6.0,True,False
17,NO ONE,Zerbin,C,6.0,6.0,True,False
17,NO ONE,Gaetano,C,5.5,5.5,True,False
17,NO ONE,Barella,C,6.5,7.5,True,False
17,NO ONE,Thuram K.,C,6.5,6.5,True,False
17,NO ONE,Laurientè,A,5.0,5.0,True,False
17,NO ONE,Dybala,A,6.5,7.5,True,False
17,NO ONE,Sava,P,,,False,True
17,NO ONE,Okoye,P,6.5,5.5,False,True
17,NO ONE,Mancini,D,,,False,True
17,NO ONE,Holm,D,,,False,True
17,NO ONE,Zortea,D,5.5,5.5,True,True
17,NO ONE,Bellanova,D,,,False,True
17,NO ONE,Malinovskyi,C,6.5,7.5,False,True
17,NO ONE,Mandragora,C,6.5,6.5,False,True
17,NO ONE,Baturina,C,,,False,True
17,NO ONE,Zambo Anguissa,C,,,False,True
17,NO ONE,Addai,A,,,False,True
17,NO ONE,Zapata D.,A,6.0,6.0,False,True
17,NO ONE,Diao,A,,,False,True
17,NO ONE,Vlahovic,A,,,False,True
17,F-22,Butez,P,7.0,10.0,True,False
17,F-22,Ziolkowski,D,7.0,7.0,True,False
17,F-22,Kristensen T.,D,5.5,5.0,True,False
17,F-22,Vojvoda,D,6.5,6.5,True,False
17,F-22,Elmas,C,5.5,5.5,True,False
17,F-22,Pulisic,C,6.0,6.0,True,False
17,F-22,Zielinski,C,6.0,6.0,True,False
17,F-22,Modric,C,6.0,6.0,True,False
17,F-22,Scamacca,A,,,False,False
17,F-22,Ferguson E.,A,7.0,11.0,True,False
17,F-22,Dovbyk,A,7.0,10.0,True,False
17,F-22,Di Gregorio,P,6.0,7.0,False,True
17,F-22,Perin,P,,,False,True
17,F-22,Kamara H.,D,6.0,6.0,False,True
17,F-22,Norton-Cuffy,D,6.0,6.0,False,True
17,F-22,Romagnoli,D,6.5,6.5,False,True
17,F-22,Pellegrini Lu.,D,6.0,5.5,False,True
17,F-22,Hien,D,6.0,6.0,False,True
17,F-22,Koopmeiners,C,6.0,6.0,False,True
17,F-22,Volpato,C,,,False,True
17,F-22,Sorensen O.,C,5.5,5.5,False,True
17,F-22,Pierotti,C,5.0,5.0,False,True
17,F-22,Borrelli,A,6.5,7.0,True,True
17,F-22,Vitinha O.,A,6.5,6.5,False,True
17,F-22,Stulic,A,5.5,5.5,False,True
17,NI99ER NO.1,Carnesecchi,P,6.5,7.5,True,False
17,NI99ER NO.1,Cambiaso,D,6.5,6.5,True,False
17,NI99ER NO.1,Heggem,D,5.0,5.0,True,False
17,NI99ER NO.1,Beukema,D,,,False,False
17,NI99ER NO.1,Di Lorenzo,D,6.5,10.5,True,False
17,NI99ER NO.1,Rabiot,C,6.5,6.5,True,False
17,NI99ER NO.1,Basic,C,6.5,6.5,True,False
17,NI99ER NO.1,Fofana Y.,C,5.0,5.0,True,False
17,NI99ER NO.1,Kean,A,5.5,5.5,True,False
17,NI99ER NO.1,Pellegrino M.,A,5.5,5.5,True,False
17,NI99ER NO.1,Douvikas,A,7.5,12.5,True,False
17,NI99ER NO.1,Hermoso,D,,,False,True
17,NI99ER NO.1,Ostigard,D,6.5,6.5,True,True
17,NI99ER NO.1,Gosens,D,7.0,9.5,False,True
17,NI99ER NO.1,Gaspar K.,D,5.0,4.5,False,True
17,NI99ER NO.1,Pobega,C,,,False,True
17,NI99ER NO.1,Vandeputte,C,5.5,5.5,False,True
17,NI99ER NO.1,Locatelli,C,7.0,7.0,False,True
17,NI99ER NO.1,Pasalic,C,,,False,True
17,NI99ER NO.1,Konè I.,C,5.0,5.0,False,True
17,NI99ER NO.1,Giovane,A,5.5,5.5,False,True
17,NI99ER NO.1,Orban G.,A,7.0,8.5,False,True
17,NI99ER NO.1,Dia,A,,,False,True
17,NI99ER NO.1,Sportiello,P,,,False,True
17,NI99ER NO.1,Rossi F.,P,,,False,True
17,ROMAZDA,Provedel,P,6.0,4.0,True,False
17,ROMAZDA,Miranda J.,D,6.0,6.0,True,False
17,ROMAZDA,Bisseck,D,7.0,7.0,True,False
17,ROMAZDA,Terracciano F.,D,6.0,6.0,True,False
17,ROMAZDA,Zanoli,D,7.0,8.0,True,False
17,ROMAZDA,El Shaarawy,C,6.0,6.0,True,False
17,ROMAZDA,Gudmundsson A.,C,7.0,9.0,True,False
17,ROMAZDA,Zaniolo,C,7.0,10.0,True,False
17,ROMAZDA,Yildiz,A,6.5,6.5,True,False
17,ROMAZDA,Esposito F.P.,A,6.5,6.5,True,False
17,ROMAZDA,Lang,A,6.5,7.5,True,False
17,ROMAZDA,Bonny,A,,,False,True
17,ROMAZDA,Piccoli,A,6.0,6.0,False,True
17,ROMAZDA,Noslin,A,,,False,True
17,ROMAZDA,Luis Henrique,C,6.0,6.0,False,True
17,ROMAZDA,Atta,C,6.5,6.5,False,True
17,ROMAZDA,Ekkelenkamp,C,7.5,11.5,False,True
17,ROMAZDA,Tramoni M.,C,6.5,6.5,False,True
17,ROMAZDA,Fadera,C,5.5,5.5,False,True
17,ROMAZDA,Angori,D,6.0,6.0,False,True
17,ROMAZDA,Olivera,D,,,False,True
17,ROMAZDA,Kolasinac,D,,,False,True
17,ROMAZDA,Marusic,D,,,False,True
17,ROMAZDA,Mandas,P,,,False,True
17,ROMAZDA,Audero,P,7.0,5.0,False,True
17,LUCKY LUKE,Skorupski,P,,,False,False
17,LUCKY LUKE,Gatti,D,,,False,False
17,LUCKY LUKE,N'Dicka,D,,,False,False
17,LUCKY LUKE,Solet,D,6.0,6.0,True,False
17,LUCKY LUKE,Loftus-Cheek,C,6.0,6.0,True,False
17,LUCKY LUKE,Sucic P.,C,5.5,5.5,True,False
17,LUCKY LUKE,Mkhitaryan,C,6.0,6.0,True,False
17,LUCKY LUKE,Politano,C,5.5,5.5,True,False
17,LUCKY LUKE,Lookman,A,,,False,False
17,LUCKY LUKE,Openda,A,,,False,False
17,LUCKY LUKE,Soulè,A,,,False,False
17,LUCKY LUKE,Semper,P,6.0,3.0,True,True
17,LUCKY LUKE,Ravaglia F.,P,6.0,4.0,False,True
17,LUCKY LUKE,Mina,D,4.5,4.5,True,True
17,LUCKY LUKE,Gabbia,D,5.0,4.5,True,True
17,LUCKY LUKE,Biraghi,D,,,False,True
17,LUCKY LUKE,Lazaro,D,6.0,7.0,False,True
17,LUCKY LUKE,Gallo,D,5.5,5.5,False,True
17,LUCKY LUKE,Ederson D.S.,C,6.5,6.5,False,True
17,LUCKY LUKE,Lobotka,C,6.0,6.0,False,True
17,LUCKY LUKE,Guendouzi,C,5.5,5.5,False,True
17,LUCKY LUKE,Fagioli,C,7.5,8.0,False,True
17,LUCKY LUKE,Cambiaghi,A,6.0,6.0,True,True
17,LUCKY LUKE,David,A,7.5,11.5,True,True
17,LUCKY LUKE,Luvumbo,A,6.0,6.0,False,True
18,LUCKY LUKE,Skorupski,P,,,False,False
18,LUCKY LUKE,Gatti,D,,,False,False
18,LUCKY LUKE,N'Dicka,D,,,False,False
18,LUCKY LUKE,Solet,D,6.0,6.0,True,False
18,LUCKY LUKE,Loftus-Cheek,C,5.5,5.5,True,False
18,LUCKY LUKE,Sucic P.,C,,,False,False
18,LUCKY LUKE,Mkhitaryan,C,6.5,6.5,True,False
18,LUCKY LUKE,Politano,C,6.0,6.0,True,False
18,LUCKY LUKE,Lookman,A,,,False,False
18,LUCKY LUKE,Openda,A,,,False,False
18,LUCKY LUKE,Soulè,A,7.5,11.5,True,False
18,LUCKY LUKE,Semper,P,,,False,True
18,LUCKY LUKE,Ravaglia F.,P,6.0,5.0,True,True
18,LUCKY LUKE,Mina,D,,,False,True
18,LUCKY LUKE,Gabbia,D,6.0,6.0,True,True
18,LUCKY LUKE,Biraghi,D,5.0,5.0,True,True
18,LUCKY LUKE,Lazaro,D,5.5,5.5,False,True
18,LUCKY LUKE,Gallo,D,6.0,6.0,False,True
18,LUCKY LUKE,Ederson D.S.,C,6.5,6.5,True,True
18,LUCKY LUKE,Lobotka,C,6.0,6.0,False,True
18,LUCKY LUKE,Guendouzi,C,,,False,True
18,LUCKY LUKE,Fagioli,C,6.0,5.5,False,True
18,LUCKY LUKE,Cambiaghi,A,6.0,8.0,True,True
18,LUCKY LUKE,David,A,7.0,10.0,False,True
18,LUCKY LUKE,Luvumbo,A,5.0,5.0,False,True
18,GIALLOROSSI,Maignan,P,6.5,5.5,True,False
18,GIALLOROSSI,Bartesaghi,D,5.0,5.0,True,False
18,GIALLOROSSI,Valeri,D,6.0,6.0,True,False
18,GIALLOROSSI,Vasquez,D,6.5,6.5,True,False
18,GIALLOROSSI,Palestra,D,5.5,5.5,True,False
18,GIALLOROSSI,Vlasic,C,5.5,5.5,True,False
18,GIALLOROSSI,Calhanoglu,C,6.5,8.5,True,False
18,GIALLOROSSI,Miretti,C,7.0,7.5,True,False
18,GIALLOROSSI,Esposito Se.,A,6.5,6.5,True,False
18,GIALLOROSSI,Castro S.,A,6.5,7.0,True,False
18,GIALLOROSSI,Davis K.,A,6.5,8.5,True,False
18,GIALLOROSSI,Terracciano,P,,,False,True
18,GIALLOROSSI,Torriani,P,,,False,True
18,GIALLOROSSI,Kelly L.,D,6.5,6.5,False,True
18,GIALLOROSSI,Angelino,D,,,False,True
18,GIALLOROSSI,Estupinan,D,5.0,4.5,False,True
18,GIALLOROSSI,Dumfries,D,,,False,True
18,GIALLOROSSI,Neres,C,,,False,True
18,GIALLOROSSI,Maldini,C,,,False,True
18,GIALLOROSSI,Zhegrova,C,6.0,6.0,False,True
18,GIALLOROSSI,Samardzic,C,,,False,True
18,GIALLOROSSI,Conceicao,C,,,False,True
18,GIALLOROSSI,Pinamonti,A,5.5,5.5,False,True
18,GIALLOROSSI,Lucca,A,,,False,True
18,GIALLOROSSI,Lukaku,A,,,False,True
18,NEVER IWOMAN,Svilar,P,6.5,7.5,True,False
18,NEVER IWOMAN,Carlos Augusto,D,,,False,False
18,NEVER IWOMAN,Tiago Gabriel,D,5.0,3.0,True,False
18,NEVER IWOMAN,Bremer,D,7.0,11.0,True,False
18,NEVER IWOMAN,Rensch,D,,,False,False
18,NEVER IWOMAN,Isaksen,C,6.0,6.0,True,False
18,NEVER IWOMAN,Zalewski,C,6.5,6.5,True,False
18,NEVER IWOMAN,Saelemaekers,C,6.5,6.5,True,False
18,NEVER IWOMAN,Leao,A,5.5,5.5,True,False
18,NEVER IWOMAN,Immobile,A,5.5,5.5,True,False
18,NEVER IWOMAN,Simeone,A,5.5,5.5,True,False
18,NEVER IWOMAN,Vardy,A,5.0,5.0,False,True
18,NEVER IWOMAN,Rodriguez Je.,A,7.0,7.5,False,True
18,NEVER IWOMAN,Kuhn,A,6.0,6.0,False,True
18,NEVER IWOMAN,Ondrejka,C,6.0,6.0,False,True
18,NEVER IWOMAN,Serdar,C,5.5,5.5,False,True
18,NEVER IWOMAN,Odgaard,C,,,False,True
18,NEVER IWOMAN,Spinazzola,D,6.5,6.5,True,True
18,NEVER IWOMAN,Buongiorno,D,,,False,True
18,NEVER IWOMAN,Vasquez D.,P,,,False,True
18,NEVER IWOMAN,Baldanzi,C,,,False,True
18,NEVER IWOMAN,Cristante,C,,,False,True
18,NEVER IWOMAN,Ramon,D,,,False,True
18,NEVER IWOMAN,Wesley,D,6.5,6.5,True,True
18,NEVER IWOMAN,Gollini,P,,,False,True
18,ROMOLO&ROMINA,Sommer,P,6.0,4.0,True,False
18,ROMOLO&ROMINA,Martin,D,7.0,8.0,True,False
18,ROMOLO&ROMINA,Muharemovic,D,6.0,6.0,True,False
18,ROMOLO&ROMINA,Rrahmani,D,6.0,5.5,True,False
18,ROMOLO&ROMINA,Kalulu,D,6.5,7.5,True,False
18,ROMOLO&ROMINA,Bernabè,C,7.5,8.5,True,False
18,ROMOLO&ROMINA,Konè M.,C,7.0,10.5,True,False
18,ROMOLO&ROMINA,Paz N.,C,6.5,6.0,True,False
18,ROMOLO&ROMINA,Colombo,A,7.0,11.0,True,False
18,ROMOLO&ROMINA,Krstovic,A,6.0,6.0,True,False
18,ROMOLO&ROMINA,Hojlund,A,6.5,6.5,True,False
18,ROMOLO&ROMINA,Kilicsoy,A,5.0,5.0,False,True
18,ROMOLO&ROMINA,Adams C.,A,6.0,6.0,False,True
18,ROMOLO&ROMINA,Cancellieri,A,6.5,6.0,False,True
18,ROMOLO&ROMINA,Tourè I.,C,6.0,6.0,False,True
18,ROMOLO&ROMINA,Frendrup,C,7.0,9.5,False,True
18,ROMOLO&ROMINA,Matic,C,6.0,5.5,False,True
18,ROMOLO&ROMINA,Thorstvedt,C,,,False,True
18,ROMOLO&ROMINA,Zaccagni,C,,,False,True
18,ROMOLO&ROMINA,Posch,D,6.0,6.0,False,True
18,ROMOLO&ROMINA,Luperto,D,5.0,4.5,False,True
18,ROMOLO&ROMINA,Belghali,D,,,False,True
18,ROMOLO&ROMINA,Kossounou,D,,,False,True
18,ROMOLO&ROMINA,Martinez Jo.,P,,,False,True
18,ROMOLO&ROMINA,Caprile,P,5.5,2.5,False,True
18,NI99ER NO.1,Carnesecchi,P,7.0,8.0,True,False
18,NI99ER NO.1,Cambiaso,D,6.0,6.0,True,False
18,NI99ER NO.1,Ostigard,D,7.5,10.5,True,False
18,NI99ER NO.1,Hermoso,D,6.0,5.5,True,False
18,NI99ER NO.1,Di Lorenzo,D,6.5,6.5,True,False
18,NI99ER NO.1,Rabiot,C,5.5,5.0,True,False
18,NI99ER NO.1,Pobega,C,5.5,5.5,True,False
18,NI99ER NO.1,Fofana Y.,C,6.5,7.0,True,False
18,NI99ER NO.1,Kean,A,5.5,5.0,True,False
18,NI99ER NO.1,Pellegrino M.,A,7.0,11.0,True,False
18,NI99ER NO.1,Douvikas,A,5.5,5.5,True,False
18,NI99ER NO.1,Gosens,D,6.5,6.5,False,True
18,NI99ER NO.1,Heggem,D,6.5,6.5,False,True
18,NI99ER NO.1,Beukema,D,5.0,5.0,False,True
18,NI99ER NO.1,Gaspar K.,D,5.0,4.0,False,True
18,NI99ER NO.1,Basic,C,,,False,True
18,NI99ER NO.1,Pasalic,C,7.0,10.0,False,True
18,NI99ER NO.1,Vandeputte,C,6.0,6.0,False,True
18,NI99ER NO.1,Locatelli,C,6.5,6.5,False,True
18,NI99ER NO.1,Konè I.,C,6.5,6.5,False,True
18,NI99ER NO.1,Giovane,A,6.0,6.0,False,True
18,NI99ER NO.1,Orban G.,A,5.5,5.5,False,True
18,NI99ER NO.1,Dia,A,,,False,True
18,NI99ER NO.1,Sportiello,P,,,False,True
18,NI99ER NO.1,Rossi F.,P,,,False,True
18,ROMABOY,Milinkovic-Savic V.,P,6.0,4.0,True,False
18,ROMABOY,Dimarco,D,7.0,10.0,True,False
18,ROMABOY,Akanji,D,5.5,5.5,True,False
18,ROMABOY,Pavlovic,D,6.0,6.0,True,False
18,ROMABOY,Scalvini,D,6.5,6.5,True,False
18,ROMABOY,Pellegrini Lo.,C,,,False,False
18,ROMABOY,McTominay,C,7.5,14.5,True,False
18,ROMABOY,McKennie,C,7.5,10.5,True,False
18,ROMABOY,De Roon,C,6.0,6.0,True,False
18,ROMABOY,Thuram,A,6.5,7.5,True,False
18,ROMABOY,Nkunku,A,7.0,11.0,True,False
18,ROMABOY,Meret,P,,,False,True
18,ROMABOY,Contini,P,,,False,True
18,ROMABOY,Rowe,C,5.5,5.5,True,True
18,ROMABOY,Freuler,C,6.5,6.0,False,True
18,ROMABOY,Frattesi,C,,,False,True
18,ROMABOY,Piotrowski,C,5.5,5.5,False,True
18,ROMABOY,Moreo,A,6.0,5.5,False,True
18,ROMABOY,Camarda,A,,,False,True
18,ROMABOY,Gila,D,6.5,6.5,False,True
18,ROMABOY,Acerbi,D,,,False,True
18,ROMABOY,Delprato,D,6.0,5.5,False,True
18,ROMABOY,Lucumì,D,5.5,5.5,False,True
18,ROMABOY,Dallinga,A,,,False,True
18,ROMABOY,Dzeko,A,,,False,True
18,OLD LIN,De Gea,P,6.5,5.5,True,False
18,OLD LIN,Doig,D,5.5,5.5,True,False
18,OLD LIN,Ismajli,D,6.0,6.0,True,False
18,OLD LIN,Baschirotto,D,4.0,4.0,True,False
18,OLD LIN,Circati,D,6.5,6.5,True,False
18,OLD LIN,Vazquez,C,5.5,5.5,True,False
18,OLD LIN,Prati,C,5.5,5.5,True,False
18,OLD LIN,Orsolini,C,,,False,False
18,OLD LIN,Dominguez B.,A,,,False,False
18,OLD LIN,Martinez L.,A,5.5,5.5,True,False
18,OLD LIN,De Ketelaere,A,7.5,11.5,True,False
18,OLD LIN,Martinelli T.,P,,,False,True
18,OLD LIN,Lezzerini,P,,,False,True
18,OLD LIN,Zappacosta,D,6.0,6.0,False,True
18,OLD LIN,Zappa,D,5.5,5.5,False,True
18,OLD LIN,Unai Nunez,D,6.0,6.0,False,True
18,OLD LIN,Cuadrado,D,,,False,True
18,OLD LIN,Kostic,C,,,False,True
18,OLD LIN,Sohm,C,,,False,True
18,OLD LIN,Carboni V.,C,,,False,True
18,OLD LIN,Tete Morente,C,,,False,True
18,OLD LIN,De Bruyne,C,,,False,True
18,OLD LIN,Bonazzoli,A,5.5,5.5,True,True
18,OLD LIN,Sanabria,A,6.0,6.0,False,True
18,OLD LIN,Berardi,A,,,False,True
18,ROMAZDA,Provedel,P,6.5,7.5,True,False
18,ROMAZDA,Miranda J.,D,6.5,6.5,True,False
18,ROMAZDA,Bisseck,D,5.5,5.5,True,False
18,ROMAZDA,Marusic,D,6.0,6.0,True,False
18,ROMAZDA,Zanoli,D,6.5,6.5,True,False
18,ROMAZDA,Gudmundsson A.,C,6.5,7.5,True,False
18,ROMAZDA,Atta,C,6.5,6.5,True,False
18,ROMAZDA,Zaniolo,C,6.5,7.0,True,False
18,ROMAZDA,Yildiz,A,7.0,8.0,True,False
18,ROMAZDA,Bonny,A,,,False,False
18,ROMAZDA,Noslin,A,5.0,5.0,True,False
18,ROMAZDA,Esposito F.P.,A,,,False,True
18,ROMAZDA,Lang,A,6.5,7.5,True,True
18,ROMAZDA,Piccoli,A,,,False,True
18,ROMAZDA,Ekkelenkamp,C,6.5,6.5,False,True
18,ROMAZDA,El Shaarawy,C,7.0,8.0,False,True
18,ROMAZDA,Tramoni M.,C,7.5,10.5,False,True
18,ROMAZDA,Luis Henrique,C,5.5,5.5,False,True
18,ROMAZDA,Fadera,C,6.5,6.5,False,True
18,ROMAZDA,Angori,D,6.5,6.5,False,True
18,ROMAZDA,Olivera,D,,,False,True
18,ROMAZDA,Terracciano F.,D,4.0,2.0,False,True
18,ROMAZDA,Kolasinac,D,,,False,True
18,ROMAZDA,Mandas,P,,,False,True
18,ROMAZDA,Audero,P,6.5,3.5,False,True
18,NO ONE,Falcone,P,6.0,4.0,True,False
18,NO ONE,Zortea,D,5.5,5.0,True,False
18,NO ONE,Mancini,D,6.5,6.5,True,False
18,NO ONE,Bastoni,D,6.0,6.0,True,False
18,NO ONE,Dodò,D,6.5,6.5,True,False
18,NO ONE,Gaetano,C,5.5,5.5,True,False
18,NO ONE,Thuram K.,C,7.0,8.0,True,False
18,NO ONE,Barella,C,5.5,5.5,True,False
18,NO ONE,Malinovskyi,C,6.5,7.5,True,False
18,NO ONE,Laurientè,A,6.0,6.0,True,False
18,NO ONE,Dybala,A,6.5,6.5,True,False
18,NO ONE,Okoye,P,6.0,4.0,False,True
18,NO ONE,Sava,P,,,False,True
18,NO ONE,Kempf,D,6.0,6.0,False,True
18,NO ONE,Holm,D,,,False,True
18,NO ONE,Tomori,D,,,False,True
18,NO ONE,Bellanova,D,,,False,True
18,NO ONE,Zerbin,C,4.5,4.5,False,True
18,NO ONE,Mandragora,C,6.0,6.0,False,True
18,NO ONE,Baturina,C,7.0,11.0,False,True
18,NO ONE,Zambo Anguissa,C,,,False,True
18,NO ONE,Zapata D.,A,5.0,5.0,False,True
18,NO ONE,Addai,A,,,False,True
18,NO ONE,Diao,A,,,False,True
18,NO ONE,Vlahovic,A,,,False,True
18,F-22,Di Gregorio,P,6.5,7.5,True,False
18,F-22,Vojvoda,D,5.0,5.0,True,False
18,F-22,Ziolkowski,D,,,False,False
18,F-22,Norton-Cuffy,D,6.0,6.0,True,False
18,F-22,Elmas,C,6.5,7.5,True,False
18,F-22,Zielinski,C,6.5,6.5,True,False
18,F-22,Koopmeiners,C,6.0,6.0,True,False
18,F-22,Pulisic,C,6.0,6.0,True,False
18,F-22,Scamacca,A,6.5,7.5,True,False
18,F-22,Ferguson E.,A,5.5,5.5,True,False
18,F-22,Vitinha O.,A,6.5,6.5,True,False
18,F-22,Perin,P,,,False,True
18,F-22,Butez,P,6.0,5.0,False,True
18,F-22,Kristensen T.,D,,,False,True
18,F-22,Kamara H.,D,5.5,5.5,True,True
18,F-22,Romagnoli,D,6.0,6.0,False,True
18,F-22,Pellegrini Lu.,D,5.5,5.5,False,True
18,F-22,Hien,D,6.0,6.0,False,True
18,F-22,Modric,C,,,False,True
18,F-22,Sorensen O.,C,5.5,5.5,False,True
18,F-22,Pierotti,C,5.5,5.0,False,True
18,F-22,Volpato,C,,,False,True
18,F-22,Borrelli,A,5.5,5.5,False,True
18,F-22,Stulic,A,7.0,10.0,False,True
18,F-22,Dovbyk,A,,,False,True
19,NEVER IWOMAN,Svilar,P,6.0,7.0,True,False
19,NEVER IWOMAN,Spinazzola,D,6.5,6.5,True,False
19,NEVER IWOMAN,Buongiorno,D,6.0,6.0,True,False
19,NEVER IWOMAN,Bremer,D,6.0,6.0,True,False
19,NEVER IWOMAN,Wesley,D,6.5,6.5,True,False
19,NEVER IWOMAN,Ondrejka,C,5.0,4.5,True,False
19,NEVER IWOMAN,Zalewski,C,6.0,6.0,True,False
19,NEVER IWOMAN,Saelemaekers,C,7.0,8.0,True,False
19,NEVER IWOMAN,Leao,A,6.0,6.0,True,False
19,NEVER IWOMAN,Vardy,A,5.5,5.0,True,False
19,NEVER IWOMAN,Rodriguez Je.,A,6.0,6.0,True,False
19,NEVER IWOMAN,Immobile,A,,,False,True
19,NEVER IWOMAN,Kuhn,A,,,False,True
19,NEVER IWOMAN,Simeone,A,,,False,True
19,NEVER IWOMAN,Odgaard,C,5.0,5.0,False,True
19,NEVER IWOMAN,Isaksen,C,5.5,5.5,False,True
19,NEVER IWOMAN,Serdar,C,6.0,6.0,False,True
19,NEVER IWOMAN,Cristante,C,6.5,6.5,False,True
19,NEVER IWOMAN,Carlos Augusto,D,6.0,5.5,False,True
19,NEVER IWOMAN,Rensch,D,6.0,7.0,False,True
19,NEVER IWOMAN,Ramon,D,7.0,7.0,False,True
19,NEVER IWOMAN,Tiago Gabriel,D,6.5,6.5,False,True
19,NEVER IWOMAN,Vasquez D.,P,,,False,True
19,NEVER IWOMAN,Baldanzi,C,,,False,True
19,NEVER IWOMAN,Gollini,P,,,False,True
19,ROMAZDA,Audero,P,6.5,7.5,True,False
19,ROMAZDA,Miranda J.,D,5.5,5.0,True,False
19,ROMAZDA,Bisseck,D,6.0,6.0,True,False
19,ROMAZDA,Terracciano F.,D,6.0,6.0,True,False
19,ROMAZDA,Zanoli,D,6.0,6.0,True,False
19,ROMAZDA,Gudmundsson A.,C,6.5,7.5,True,False
19,ROMAZDA,Atta,C,5.5,5.5,True,False
19,ROMAZDA,El Shaarawy,C,,,False,False
19,ROMAZDA,Yildiz,A,6.5,6.0,True,False
19,ROMAZDA,Bonny,A,6.0,6.0,True,False
19,ROMAZDA,Esposito F.P.,A,6.5,7.5,True,False
19,ROMAZDA,Lang,A,5.5,5.5,False,True
19,ROMAZDA,Noslin,A,5.5,5.5,False,True
19,ROMAZDA,Piccoli,A,7.0,11.0,False,True
19,ROMAZDA,Luis Henrique,C,6.0,6.0,True,True
19,ROMAZDA,Ekkelenkamp,C,5.5,5.5,False,True
19,ROMAZDA,Tramoni M.,C,6.0,6.0,False,True
19,ROMAZDA,Fadera,C,5.0,5.0,False,True
19,ROMAZDA,Zaniolo,C,,,False,True
19,ROMAZDA,Marusic,D,4.5,4.5,False,True
19,ROMAZDA,Angori,D,5.5,5.5,False,True
19,ROMAZDA,Kolasinac,D,,,False,True
19,ROMAZDA,Olivera,D,,,False,True
19,ROMAZDA,Provedel,P,7.0,6.0,False,True
19,ROMAZDA,Mandas,P,,,False,True
19,OLD LIN,De Gea,P,6.0,5.0,True,False
19,OLD LIN,Zappacosta,D,6.0,6.0,True,False
19,OLD LIN,Ismajli,D,5.0,4.5,True,False
19,OLD LIN,Baschirotto,D,6.5,6.5,True,False
19,OLD LIN,Circati,D,6.5,6.0,True,False
19,OLD LIN,Vazquez,C,,,False,False
19,OLD LIN,Prati,C,,,False,False
19,OLD LIN,Orsolini,C,5.5,5.5,True,False
19,OLD LIN,Bonazzoli,A,5.0,4.5,True,False
19,OLD LIN,Martinez L.,A,7.0,11.0,True,False
19,OLD LIN,De Ketelaere,A,5.5,5.5,True,False
19,OLD LIN,Martinelli T.,P,,,False,True
19,OLD LIN,Lezzerini,P,,,False,True
19,OLD LIN,Doig,D,6.0,6.0,False,True
19,OLD LIN,Zappa,D,,,False,True
19,OLD LIN,Unai Nunez,D,,,False,True
19,OLD LIN,Cuadrado,D,,,False,True
19,OLD LIN,Kostic,C,,,False,True
19,OLD LIN,Sohm,C,6.0,6.0,True,True
19,OLD LIN,Tete Morente,C,5.5,5.5,True,True
19,OLD LIN,De Bruyne,C,,,False,True
19,OLD LIN,Carboni V.,C,,,False,True
19,OLD LIN,Dominguez B.,A,,,False,True
19,OLD LIN,Sanabria,A,,,False,True
19,OLD LIN,Berardi,A,,,False,True
19,GIALLOROSSI,Maignan,P,6.0,7.0,True,False
19,GIALLOROSSI,Bartesaghi,D,,,False,False
19,GIALLOROSSI,Valeri,D,6.5,6.5,True,False
19,GIALLOROSSI,Kelly L.,D,6.0,6.0,True,False
19,GIALLOROSSI,Palestra,D,6.5,6.5,True,False
19,GIALLOROSSI,Vlasic,C,5.0,4.5,True,False
19,GIALLOROSSI,Miretti,C,5.5,5.5,True,False
19,GIALLOROSSI,Zhegrova,C,5.5,5.5,True,False
19,GIALLOROSSI,Esposito Se.,A,5.5,5.5,True,False
19,GIALLOROSSI,Castro S.,A,5.5,5.5,True,False
19,GIALLOROSSI,Davis K.,A,5.5,5.5,True,False
19,GIALLOROSSI,Terracciano,P,,,False,True
19,GIALLOROSSI,Torriani,P,,,False,True
19,GIALLOROSSI,Vasquez,D,6.5,6.5,True,True
19,GIALLOROSSI,Angelino,D,,,False,True
19,GIALLOROSSI,Estupinan,D,6.0,6.0,False,True
19,GIALLOROSSI,Dumfries,D,,,False,True
19,GIALLOROSSI,Neres,C,,,False,True
19,GIALLOROSSI,Conceicao,C,,,False,True
19,GIALLOROSSI,Samardzic,C,,,False,True
19,GIALLOROSSI,Maldini,C,,,False,True
19,GIALLOROSSI,Calhanoglu,C,,,False,True
19,GIALLOROSSI,Pinamonti,A,5.5,5.5,False,True
19,GIALLOROSSI,Lucca,A,,,False,True
19,GIALLOROSSI,Lukaku,A,,,False,True
19,ROMOLO&ROMINA,Sommer,P,6.0,7.0,True,False
19,ROMOLO&ROMINA,Martin,D,6.0,6.0,True,False
19,ROMOLO&ROMINA,Rrahmani,D,6.5,6.5,True,False
19,ROMOLO&ROMINA,Kalulu,D,5.5,5.5,True,False
19,ROMOLO&ROMINA,Belghali,D,,,False,False
19,ROMOLO&ROMINA,Zaccagni,C,5.0,4.5,True,False
19,ROMOLO&ROMINA,Konè M.,C,6.5,6.5,True,False
19,ROMOLO&ROMINA,Bernabè,C,6.0,6.0,True,False
19,ROMOLO&ROMINA,Paz N.,C,7.5,11.5,True,False
19,ROMOLO&ROMINA,Colombo,A,6.0,6.0,True,False
19,ROMOLO&ROMINA,Hojlund,A,5.5,5.5,True,False
19,ROMOLO&ROMINA,Krstovic,A,7.0,10.0,False,True
19,ROMOLO&ROMINA,Adams C.,A,5.5,5.5,False,True
19,ROMOLO&ROMINA,Cancellieri,A,5.0,5.0,False,True
19,ROMOLO&ROMINA,Kilicsoy,A,6.0,6.0,False,True
19,ROMOLO&ROMINA,Tourè I.,C,6.5,6.5,False,True
19,ROMOLO&ROMINA,Frendrup,C,6.5,6.5,False,True
19,ROMOLO&ROMINA,Matic,C,5.5,5.5,False,True
19,ROMOLO&ROMINA,Thorstvedt,C,,,False,True
19,ROMOLO&ROMINA,Posch,D,6.0,5.5,True,True
19,ROMOLO&ROMINA,Kossounou,D,,,False,True
19,ROMOLO&ROMINA,Muharemovic,D,6.0,6.0,False,True
19,ROMOLO&ROMINA,Luperto,D,6.5,6.5,False,True
19,ROMOLO&ROMINA,Martinez Jo.,P,,,False,True
19,ROMOLO&ROMINA,Caprile,P,7.0,8.0,False,True
19,ROMABOY,Milinkovic-Savic V.,P,6.5,7.5,True,False
19,ROMABOY,Dimarco,D,6.5,6.5,True,False
19,ROMABOY,Akanji,D,6.5,6.5,True,False
19,ROMABOY,Pavlovic,D,,,False,False
19,ROMABOY,Scalvini,D,6.0,5.5,True,False
19,ROMABOY,Pellegrini Lo.,C,5.5,5.5,True,False
19,ROMABOY,McTominay,C,6.0,6.0,True,False
19,ROMABOY,McKennie,C,5.0,5.0,True,False
19,ROMABOY,De Roon,C,5.5,5.5,True,False
19,ROMABOY,Thuram,A,,,False,False
19,ROMABOY,Nkunku,A,,,False,False
19,ROMABOY,Meret,P,,,False,True
19,ROMABOY,Contini,P,,,False,True
19,ROMABOY,Rowe,C,7.0,8.0,False,True
19,ROMABOY,Freuler,C,5.5,5.5,False,True
19,ROMABOY,Frattesi,C,,,False,True
19,ROMABOY,Piotrowski,C,6.0,6.0,False,True
19,ROMABOY,Moreo,A,6.5,6.5,True,True
19,ROMABOY,Camarda,A,,,False,True
19,ROMABOY,Gila,D,5.0,5.0,True,True
19,ROMABOY,Acerbi,D,,,False,True
19,ROMABOY,Delprato,D,6.0,6.0,False,True
19,ROMABOY,Lucumì,D,,,False,True
19,ROMABOY,Dallinga,A,,,False,True
19,ROMABOY,Dzeko,A,,,False,True
19,NO ONE,Falcone,P,7.0,6.0,True,False
19,NO ONE,Tomori,D,6.0,6.0,True,False
19,NO ONE,Mancini,D,7.0,6.5,True,False
19,NO ONE,Bastoni,D,,,False,False
19,NO ONE,Dodò,D,7.0,7.0,True,False
19,NO ONE,Zerbin,C,,,False,False
19,NO ONE,Thuram K.,C,,,False,False
19,NO ONE,Barella,C,5.5,5.5,True,False
19,NO ONE,Malinovskyi,C,5.5,5.5,True,False
19,NO ONE,Laurientè,A,6.5,6.5,True,False
19,NO ONE,Dybala,A,7.5,11.5,True,False
19,NO ONE,Okoye,P,6.5,5.5,False,True
19,NO ONE,Sava,P,,,False,True
19,NO ONE,Kempf,D,,,False,True
19,NO ONE,Holm,D,5.5,5.0,True,True
19,NO ONE,Zortea,D,6.0,6.0,False,True
19,NO ONE,Bellanova,D,,,False,True
19,NO ONE,Baturina,C,8.0,13.0,True,True
19,NO ONE,Mandragora,C,7.0,10.0,True,True
19,NO ONE,Gaetano,C,6.5,7.5,False,True
19,NO ONE,Zambo Anguissa,C,,,False,True
19,NO ONE,Zapata D.,A,,,False,True
19,NO ONE,Addai,A,,,False,True
19,NO ONE,Diao,A,,,False,True
19,NO ONE,Vlahovic,A,,,False,True
19,NI99ER NO.1,Carnesecchi,P,7.0,6.0,True,False
19,NI99ER NO.1,Heggem,D,5.0,5.0,True,False
19,NI99ER NO.1,Ostigard,D,6.5,6.0,True,False
19,NI99ER NO.1,Hermoso,D,6.0,6.0,True,False
19,NI99ER NO.1,Di Lorenzo,D,6.5,6.5,True,False
19,NI99ER NO.1,Rabiot,C,6.5,6.5,True,False
19,NI99ER NO.1,Pobega,C,5.5,5.5,True,False
19,NI99ER NO.1,Basic,C,,,False,False
19,NI99ER NO.1,Kean,A,,,False,False
19,NI99ER NO.1,Pellegrino M.,A,5.5,5.5,True,False
19,NI99ER NO.1,Douvikas,A,,,False,False
19,NI99ER NO.1,Beukema,D,6.0,6.0,False,True
19,NI99ER NO.1,Gosens,D,6.0,6.0,False,True
19,NI99ER NO.1,Cambiaso,D,5.5,5.5,False,True
19,NI99ER NO.1,Gaspar K.,D,,,False,True
19,NI99ER NO.1,Pasalic,C,5.5,5.0,True,True
19,NI99ER NO.1,Vandeputte,C,6.0,5.5,False,True
19,NI99ER NO.1,Fofana Y.,C,,,False,True
19,NI99ER NO.1,Locatelli,C,6.0,6.0,False,True
19,NI99ER NO.1,Konè I.,C,,,False,True
19,NI99ER NO.1,Giovane,A,6.5,6.5,True,True
19,NI99ER NO.1,Orban G.,A,5.5,5.5,True,True
19,NI99ER NO.1,Dia,A,,,False,True
19,NI99ER NO.1,Sportiello,P,,,False,True
19,NI99ER NO.1,Rossi F.,P,,,False,True
19,LUCKY LUKE,Skorupski,P,,,False,False
19,LUCKY LUKE,Celik,D,,,False,False
19,LUCKY LUKE,N'Dicka,D,7.0,7.0,True,False
19,LUCKY LUKE,Solet,D,6.0,6.0,True,False
19,LUCKY LUKE,Gabbia,D,6.5,6.5,True,False
19,LUCKY LUKE,Ederson D.S.,C,6.5,6.5,True,False
19,LUCKY LUKE,Sucic P.,C,,,False,False
19,LUCKY LUKE,Mkhitaryan,C,6.0,6.0,True,False
19,LUCKY LUKE,Politano,C,5.5,5.5,True,False
19,LUCKY LUKE,David,A,5.0,5.0,True,False
19,LUCKY LUKE,Soulè,A,6.0,6.0,True,False
19,LUCKY LUKE,Ravaglia F.,P,6.0,4.0,True,True
19,LUCKY LUKE,Muric,P,6.0,5.0,False,True
19,LUCKY LUKE,Lazaro,D,5.0,5.0,True,True
19,LUCKY LUKE,Gallo,D,6.0,6.0,False,True
19,LUCKY LUKE,Mina,D,7.0,7.0,False,True
19,LUCKY LUKE,Gatti,D,,,False,True
19,LUCKY LUKE,Perrone,C,6.5,6.5,True,True
19,LUCKY LUKE,Lobotka,C,7.0,11.0,False,True
19,LUCKY LUKE,Loftus-Cheek,C,5.5,5.5,False,True
19,LUCKY LUKE,Guendouzi,C,,,False,True
19,LUCKY LUKE,Cambiaghi,A,5.5,5.5,False,True
19,LUCKY LUKE,Openda,A,5.5,5.5,False,True
19,LUCKY LUKE,Nzola,A,,,False,True
19,LUCKY LUKE,Lookman,A,,,False,True
19,F-22,Di Gregorio,P,,,False,False
19,F-22,Romagnoli,D,5.0,4.5,True,False
19,F-22,Vojvoda,D,6.0,6.0,True,False
19,F-22,Norton-Cuffy,D,,,False,False
19,F-22,Elmas,C,6.5,6.5,True,False
19,F-22,Zielinski,C,6.5,6.5,True,False
19,F-22,Pulisic,C,5.5,5.5,True,False
19,F-22,Modric,C,,,False,False
19,F-22,Scamacca,A,5.0,5.0,True,False
19,F-22,Vitinha O.,A,5.5,5.0,True,False
19,F-22,Ferguson E.,A,,,False,False
19,F-22,Perin,P,6.0,5.0,True,True
19,F-22,Butez,P,6.5,7.5,False,True
19,F-22,Hien,D,6.0,6.0,True,True
19,F-22,Ziolkowski,D,,,False,True
19,F-22,Kristensen T.,D,5.0,5.0,False,True
19,F-22,Kamara H.,D,5.5,5.5,False,True
19,F-22,Pellegrini Lu.,D,5.0,4.5,False,True
19,F-22,Koopmeiners,C,5.5,5.5,True,True
19,F-22,Sorensen O.,C,,,False,True
19,F-22,Volpato,C,,,False,True
19,F-22,Pierotti,C,6.5,6.5,False,True
19,F-22,Stulic,A,5.5,5.5,True,True
19,F-22,Borrelli,A,6.0,6.0,False,True
20,GIALLOROSSI,Maignan,P,7.0,5.5,True,False
20,GIALLOROSSI,Bartesaghi,D,5.5,5.5,True,False
20,GIALLOROSSI,Valeri,D,5.5,5.5,True,False
20,GIALLOROSSI,Vasquez,D,6.0,6.0,True,False
20,GIALLOROSSI,Palestra,D,7.5,12.5,True,False
20,GIALLOROSSI,Miretti,C,6.5,7.5,True,False
20,GIALLOROSSI,Vlasic,C,4.5,4.5,True,False
20,GIALLOROSSI,Conceicao,C,6.0,6.0,True,False
20,GIALLOROSSI,Pinamonti,A,6.0,6.0,True,False
20,GIALLOROSSI,Lukaku,A,,,False,False
20,GIALLOROSSI,Davis K.,A,7.5,10.5,True,False
20,GIALLOROSSI,Terracciano,P,,,False,True
20,GIALLOROSSI,Torriani,P,,,False,True
20,GIALLOROSSI,Angelino,D,,,False,True
20,GIALLOROSSI,Kelly L.,D,6.5,6.5,False,True
20,GIALLOROSSI,Estupinan,D,,,False,True
20,GIALLOROSSI,Dumfries,D,,,False,True
20,GIALLOROSSI,Samardzic,C,,,False,True
20,GIALLOROSSI,Zhegrova,C,,,False,True
20,GIALLOROSSI,Maldini,C,,,False,True
20,GIALLOROSSI,Neres,C,,,False,True
20,GIALLOROSSI,Calhanoglu,C,,,False,True
20,GIALLOROSSI,Castro S.,A,,,False,True
20,GIALLOROSSI,Esposito Se.,A,7.0,8.0,True,True
20,GIALLOROSSI,Lucca,A,,,False,True
20,NEVER IWOMAN,Svilar,P,6.0,5.0,True,False
20,NEVER IWOMAN,Carlos Augusto,D,6.0,6.0,True,False
20,NEVER IWOMAN,Ramon,D,6.5,6.5,True,False
20,NEVER IWOMAN,Bremer,D,7.0,7.0,True,False
20,NEVER IWOMAN,Wesley,D,5.5,5.5,True,False
20,NEVER IWOMAN,Zalewski,C,6.5,6.5,True,False
20,NEVER IWOMAN,Odgaard,C,6.0,6.0,True,False
20,NEVER IWOMAN,Ondrejka,C,5.5,5.5,True,False
20,NEVER IWOMAN,Leao,A,5.0,5.0,True,False
20,NEVER IWOMAN,Immobile,A,5.5,5.0,True,False
20,NEVER IWOMAN,Rodriguez Je.,A,6.0,6.0,True,False
20,NEVER IWOMAN,Vardy,A,5.5,5.5,False,True
20,NEVER IWOMAN,Simeone,A,,,False,True
20,NEVER IWOMAN,Kuhn,A,7.0,10.0,False,True
20,NEVER IWOMAN,Isaksen,C,,,False,True
20,NEVER IWOMAN,Saelemaekers,C,5.5,5.5,False,True
20,NEVER IWOMAN,Serdar,C,5.5,5.5,False,True
20,NEVER IWOMAN,Cristante,C,6.0,6.0,False,True
20,NEVER IWOMAN,Tiago Gabriel,D,6.5,6.0,False,True
20,NEVER IWOMAN,Rensch,D,,,False,True
20,NEVER IWOMAN,Spinazzola,D,5.0,5.0,False,True
20,NEVER IWOMAN,Buongiorno,D,6.0,6.0,False,True
20,NEVER IWOMAN,Vasquez D.,P,,,False,True
20,NEVER IWOMAN,Baldanzi,C,,,False,True
20,NEVER IWOMAN,Gollini,P,,,False,True
20,NI99ER NO.1,Carnesecchi,P,7.0,8.0,True,False
20,NI99ER NO.1,Gosens,D,5.0,5.0,True,False
20,NI99ER NO.1,Cambiaso,D,6.0,6.0,True,False
20,NI99ER NO.1,Heggem,D,5.0,5.0,True,False
20,NI99ER NO.1,Di Lorenzo,D,5.5,5.5,True,False
20,NI99ER NO.1,Rabiot,C,6.5,6.0,True,False
20,NI99ER NO.1,Pasalic,C,6.0,6.0,True,False
20,NI99ER NO.1,Basic,C,5.5,5.5,True,False
20,NI99ER NO.1,Kean,A,,,False,False
20,NI99ER NO.1,Pellegrino M.,A,5.0,5.0,True,False
20,NI99ER NO.1,Douvikas,A,8.0,15.0,True,False
20,NI99ER NO.1,Beukema,D,6.0,6.0,False,True
20,NI99ER NO.1,Hermoso,D,,,False,True
20,NI99ER NO.1,Ostigard,D,,,False,True
20,NI99ER NO.1,Gaspar K.,D,,,False,True
20,NI99ER NO.1,Pobega,C,,,False,True
20,NI99ER NO.1,Locatelli,C,7.0,8.0,False,True
20,NI99ER NO.1,Vandeputte,C,6.0,6.0,False,True
20,NI99ER NO.1,Fofana Y.,C,,,False,True
20,NI99ER NO.1,Konè I.,C,6.5,6.5,False,True
20,NI99ER NO.1,Giovane,A,5.5,5.5,True,True
20,NI99ER NO.1,Orban G.,A,7.0,10.0,False,True
20,NI99ER NO.1,Dia,A,5.0,5.0,False,True
20,NI99ER NO.1,Sportiello,P,,,False,True
20,NI99ER NO.1,Rossi F.,P,,,False,True
20,LUCKY LUKE,Skorupski,P,5.0,5.0,True,False
20,LUCKY LUKE,Celik,D,7.0,7.0,True,False
20,LUCKY LUKE,Mina,D,7.0,6.5,True,False
20,LUCKY LUKE,Solet,D,6.5,6.5,True,False
20,LUCKY LUKE,Ederson D.S.,C,6.0,6.0,True,False
20,LUCKY LUKE,Sucic P.,C,6.0,6.0,True,False
20,LUCKY LUKE,Mkhitaryan,C,7.0,10.0,True,False
20,LUCKY LUKE,Politano,C,,,False,False
20,LUCKY LUKE,David,A,7.0,11.0,True,False
20,LUCKY LUKE,Soulè,A,5.5,5.5,True,False
20,LUCKY LUKE,Cambiaghi,A,,,False,False
20,LUCKY LUKE,Ravaglia F.,P,5.5,2.0,False,True
20,LUCKY LUKE,Muric,P,6.5,7.5,False,True
20,LUCKY LUKE,Perrone,C,6.5,6.5,True,True
20,LUCKY LUKE,Lobotka,C,5.5,5.5,False,True
20,LUCKY LUKE,Loftus-Cheek,C,,,False,True
20,LUCKY LUKE,Guendouzi,C,,,False,True
20,LUCKY LUKE,Openda,A,,,False,True
20,LUCKY LUKE,Nzola,A,,,False,True
20,LUCKY LUKE,Lookman,A,,,False,True
20,LUCKY LUKE,N'Dicka,D,5.5,5.5,False,True
20,LUCKY LUKE,Gabbia,D,6.0,6.0,False,True
20,LUCKY LUKE,Gallo,D,6.0,6.0,False,True
20,LUCKY LUKE,Lazaro,D,4.5,4.5,False,True
20,LUCKY LUKE,Gatti,D,,,False,True
20,ROMABOY,Milinkovic-Savic V.,P,,,False,False
20,ROMABOY,Dimarco,D,8.0,12.5,True,False
20,ROMABOY,Akanji,D,,,False,False
20,ROMABOY,Pavlovic,D,,,False,False
20,ROMABOY,Scalvini,D,6.5,6.5,True,False
20,ROMABOY,Pellegrini Lo.,C,7.0,10.0,True,False
20,ROMABOY,McTominay,C,5.0,5.0,True,False
20,ROMABOY,McKennie,C,6.0,6.0,True,False
20,ROMABOY,De Roon,C,7.0,10.0,True,False
20,ROMABOY,Thuram,A,6.5,7.5,True,False
20,ROMABOY,Nkunku,A,5.5,5.5,True,False
20,ROMABOY,Meret,P,6.0,3.0,True,True
20,ROMABOY,Contini,P,,,False,True
20,ROMABOY,Rowe,C,6.5,6.5,False,True
20,ROMABOY,Freuler,C,6.0,6.0,False,True
20,ROMABOY,Frattesi,C,,,False,True
20,ROMABOY,Piotrowski,C,,,False,True
20,ROMABOY,Moreo,A,7.5,13.5,False,True
20,ROMABOY,Camarda,A,,,False,True
20,ROMABOY,Gila,D,6.5,6.5,True,True
20,ROMABOY,Acerbi,D,,,False,True
20,ROMABOY,Delprato,D,5.0,5.0,True,True
20,ROMABOY,Lucumì,D,,,False,True
20,ROMABOY,Dallinga,A,5.5,5.5,False,True
20,ROMABOY,Dzeko,A,,,False,True
20,NO ONE,Falcone,P,6.5,7.5,True,False
20,NO ONE,Zortea,D,6.0,6.0,True,False
20,NO ONE,Mancini,D,6.5,6.5,True,False
20,NO ONE,Bastoni,D,6.5,7.5,True,False
20,NO ONE,Dodò,D,6.5,7.5,True,False
20,NO ONE,Baturina,C,8.0,12.0,True,False
20,NO ONE,Mandragora,C,6.0,6.0,True,False
20,NO ONE,Barella,C,6.0,5.5,True,False
20,NO ONE,Malinovskyi,C,7.0,9.5,True,False
20,NO ONE,Laurientè,A,6.5,6.0,True,False
20,NO ONE,Dybala,A,6.0,6.0,True,False
20,NO ONE,Okoye,P,6.0,5.0,False,True
20,NO ONE,Sava,P,,,False,True
20,NO ONE,Kempf,D,7.0,7.0,False,True
20,NO ONE,Holm,D,,,False,True
20,NO ONE,Tomori,D,6.5,6.5,False,True
20,NO ONE,Bellanova,D,,,False,True
20,NO ONE,Gaetano,C,6.0,6.0,False,True
20,NO ONE,Zerbin,C,5.5,5.5,False,True
20,NO ONE,Thuram K.,C,7.0,7.0,False,True
20,NO ONE,Zambo Anguissa,C,,,False,True
20,NO ONE,Zapata D.,A,5.0,5.0,False,True
20,NO ONE,Addai,A,,,False,True
20,NO ONE,Diao,A,,,False,True
20,NO ONE,Vlahovic,A,,,False,True
20,ROMAZDA,Provedel,P,6.5,7.5,True,False
20,ROMAZDA,Terracciano F.,D,5.5,5.5,True,False
20,ROMAZDA,Bisseck,D,6.5,7.5,True,False
20,ROMAZDA,Zanoli,D,7.0,11.0,True,False
20,ROMAZDA,Gudmundsson A.,C,6.0,6.0,True,False
20,ROMAZDA,Atta,C,7.5,11.5,True,False
20,ROMAZDA,Ekkelenkamp,C,6.0,6.0,True,False
20,ROMAZDA,Luis Henrique,C,5.0,5.0,True,False
20,ROMAZDA,Yildiz,A,7.0,9.5,True,False
20,ROMAZDA,Piccoli,A,5.0,5.0,True,False
20,ROMAZDA,Esposito F.P.,A,7.0,11.0,True,False
20,ROMAZDA,Bonny,A,7.0,10.0,False,True
20,ROMAZDA,Noslin,A,,,False,True
20,ROMAZDA,Lang,A,,,False,True
20,ROMAZDA,Tramoni M.,C,6.0,7.0,False,True
20,ROMAZDA,Fadera,C,7.0,11.0,False,True
20,ROMAZDA,El Shaarawy,C,,,False,True
20,ROMAZDA,Zaniolo,C,,,False,True
20,ROMAZDA,Marusic,D,6.0,6.0,False,True
20,ROMAZDA,Kolasinac,D,,,False,True
20,ROMAZDA,Angori,D,5.5,5.5,False,True
20,ROMAZDA,Olivera,D,,,False,True
20,ROMAZDA,Miranda J.,D,,,False,True
20,ROMAZDA,Mandas,P,,,False,True
20,ROMAZDA,Audero,P,5.5,4.5,False,True
20,ROMOLO&ROMINA,Sommer,P,4.5,2.5,True,False
20,ROMOLO&ROMINA,Martin,D,6.0,6.0,True,False
20,ROMOLO&ROMINA,Rrahmani,D,,,False,False
20,ROMOLO&ROMINA,Kalulu,D,6.5,6.5,True,False
20,ROMOLO&ROMINA,Belghali,D,,,False,False
20,ROMOLO&ROMINA,Zaccagni,C,5.5,5.5,True,False
20,ROMOLO&ROMINA,Konè M.,C,6.0,6.0,True,False
20,ROMOLO&ROMINA,Bernabè,C,6.0,6.0,True,False
20,ROMOLO&ROMINA,Paz N.,C,6.0,6.0,True,False
20,ROMOLO&ROMINA,Colombo,A,6.0,6.0,True,False
20,ROMOLO&ROMINA,Hojlund,A,5.0,5.0,True,False
20,ROMOLO&ROMINA,Krstovic,A,7.5,11.5,False,True
20,ROMOLO&ROMINA,Adams C.,A,5.0,5.0,False,True
20,ROMOLO&ROMINA,Cancellieri,A,5.0,5.0,False,True
20,ROMOLO&ROMINA,Kilicsoy,A,7.0,10.0,False,True
20,ROMOLO&ROMINA,Tourè I.,C,5.0,5.0,False,True
20,ROMOLO&ROMINA,Frendrup,C,6.0,6.0,False,True
20,ROMOLO&ROMINA,Matic,C,6.0,6.0,False,True
20,ROMOLO&ROMINA,Thorstvedt,C,6.0,6.0,False,True
20,ROMOLO&ROMINA,Posch,D,,,False,True
20,ROMOLO&ROMINA,Kossounou,D,,,False,True
20,ROMOLO&ROMINA,Muharemovic,D,6.5,6.5,True,True
20,ROMOLO&ROMINA,Luperto,D,6.5,6.5,True,True
20,ROMOLO&ROMINA,Martinez Jo.,P,,,False,True
20,ROMOLO&ROMINA,Caprile,P,7.0,5.5,False,True
20,F-22,Butez,P,6.0,7.0,True,False
20,F-22,Vojvoda,D,6.5,6.5,True,False
20,F-22,Norton-Cuffy,D,6.5,6.5,True,False
20,F-22,Hien,D,6.0,6.0,True,False
20,F-22,Zielinski,C,7.5,9.5,True,False
20,F-22,Volpato,C,,,False,False
20,F-22,Pulisic,C,5.5,5.5,True,False
20,F-22,Modric,C,7.0,7.5,True,False
20,F-22,Vitinha O.,A,6.0,6.0,True,False
20,F-22,Scamacca,A,7.0,9.5,True,False
20,F-22,Ferguson E.,A,,,False,False
20,F-22,Stulic,A,5.5,5.5,True,True
20,F-22,Borrelli,A,6.0,6.0,False,True
20,F-22,Dovbyk,A,,,False,True
20,F-22,Elmas,C,5.0,5.0,True,True
20,F-22,Koopmeiners,C,,,False,True
20,F-22,Pierotti,C,6.0,6.0,False,True
20,F-22,Sorensen O.,C,5.5,5.5,False,True
20,F-22,Romagnoli,D,6.5,6.5,False,True
20,F-22,Pellegrini Lu.,D,6.0,6.0,False,True
20,F-22,Kristensen T.,D,5.5,5.5,False,True
20,F-22,Kamara H.,D,,,False,True
20,F-22,Ziolkowski,D,,,False,True
20,F-22,Di Gregorio,P,6.0,7.0,False,True
20,F-22,Perin,P,,,False,True
20,OLD LIN,De Gea,P,6.0,4.0,True,False
20,OLD LIN,Zappacosta,D,6.0,6.0,True,False
20,OLD LIN,Ismajli,D,5.0,5.0,True,False
20,OLD LIN,Baschirotto,D,6.0,6.0,True,False
20,OLD LIN,Circati,D,5.0,5.0,True,False
20,OLD LIN,Tete Morente,C,,,False,False
20,OLD LIN,Prati,C,,,False,False
20,OLD LIN,Orsolini,C,,,False,False
20,OLD LIN,Berardi,A,6.0,6.0,True,False
20,OLD LIN,Martinez L.,A,7.0,9.5,True,False
20,OLD LIN,De Ketelaere,A,7.5,8.5,True,False
20,OLD LIN,Martinelli T.,P,,,False,True
20,OLD LIN,Lezzerini,P,,,False,True
20,OLD LIN,Doig,D,6.0,6.0,False,True
20,OLD LIN,Zappa,D,,,False,True
20,OLD LIN,Unai Nunez,D,,,False,True
20,OLD LIN,Cuadrado,D,,,False,True
20,OLD LIN,Vazquez,C,,,False,True
20,OLD LIN,Kostic,C,7.0,10.0,True,True
20,OLD LIN,Sohm,C,6.0,6.0,True,True
20,OLD LIN,De Bruyne,C,,,False,True
20,OLD LIN,Carboni V.,C,,,False,True
20,OLD LIN,Bonazzoli,A,5.0,5.0,False,True
20,OLD LIN,Dominguez B.,A,6.5,7.5,False,True
20,OLD LIN,Sanabria,A,,,False,True
21,NEVER IWOMAN,Svilar,P,6.0,5.0,True,False
21,NEVER IWOMAN,Spinazzola,D,6.0,6.0,True,False
21,NEVER IWOMAN,Carlos Augusto,D,,,False,False
21,NEVER IWOMAN,Bremer,D,8.0,13.5,True,False
21,NEVER IWOMAN,Wesley,D,5.0,5.0,True,False
21,NEVER IWOMAN,Isaksen,C,7.0,8.0,True,False
21,NEVER IWOMAN,Odgaard,C,5.0,5.0,True,False
21,NEVER IWOMAN,Saelemaekers,C,,,False,False
21,NEVER IWOMAN,Leao,A,,,False,False
21,NEVER IWOMAN,Simeone,A,,,False,False
21,NEVER IWOMAN,Rodriguez Je.,A,5.5,5.5,True,False
21,NEVER IWOMAN,Immobile,A,,,False,True
21,NEVER IWOMAN,Kuhn,A,,,False,True
21,NEVER IWOMAN,Vardy,A,5.5,5.0,True,True
21,NEVER IWOMAN,Zalewski,C,5.5,5.5,True,True
21,NEVER IWOMAN,Ondrejka,C,5.0,5.0,False,True
21,NEVER IWOMAN,Serdar,C,5.5,5.5,False,True
21,NEVER IWOMAN,Cristante,C,6.0,6.0,False,True
21,NEVER IWOMAN,Rensch,D,,,False,True
21,NEVER IWOMAN,Ramon,D,6.5,6.5,True,True
21,NEVER IWOMAN,Buongiorno,D,6.0,5.5,False,True
21,NEVER IWOMAN,Tiago Gabriel,D,6.0,5.5,False,True
21,NEVER IWOMAN,Gollini,P,,,False,True
21,NEVER IWOMAN,Vasquez D.,P,,,False,True
21,NEVER IWOMAN,Baldanzi,C,,,False,True
21,F-22,Butez,P,6.0,6.5,True,False
21,F-22,Vojvoda,D,6.0,6.0,True,False
21,F-22,Norton-Cuffy,D,5.5,5.0,True,False
21,F-22,Hien,D,,,False,False
21,F-22,Zielinski,C,7.0,10.0,True,False
21,F-22,Modric,C,6.5,6.5,True,False
21,F-22,Pulisic,C,,,False,False
21,F-22,Koopmeiners,C,,,False,False
21,F-22,Borrelli,A,6.5,6.5,True,False
21,F-22,Scamacca,A,,,False,False
21,F-22,Ferguson E.,A,,,False,False
21,F-22,Stulic,A,,,False,True
21,F-22,Vitinha O.,A,7.0,10.0,True,True
21,F-22,Dovbyk,A,,,False,True
21,F-22,Elmas,C,6.5,6.5,True,True
21,F-22,Volpato,C,,,False,True
21,F-22,Pierotti,C,5.0,5.0,True,True
21,F-22,Sorensen O.,C,5.5,5.5,False,True
21,F-22,Romagnoli,D,,,False,True
21,F-22,Pellegrini Lu.,D,6.5,6.0,True,True
21,F-22,Kristensen T.,D,6.5,6.0,False,True
21,F-22,Kamara H.,D,,,False,True
21,F-22,Ziolkowski,D,,,False,True
21,F-22,Di Gregorio,P,6.5,5.5,False,True
21,F-22,Perin,P,,,False,True
21,OLD LIN,De Gea,P,6.0,4.0,True,False
21,OLD LIN,Zappacosta,D,6.0,6.0,True,False
21,OLD LIN,Doig,D,6.5,6.5,True,False
21,OLD LIN,Baschirotto,D,5.5,5.0,True,False
21,OLD LIN,Circati,D,5.5,5.0,True,False
21,OLD LIN,Tete Morente,C,,,False,False
21,OLD LIN,Prati,C,6.0,5.5,True,False
21,OLD LIN,Orsolini,C,5.5,5.5,True,False
21,OLD LIN,Berardi,A,7.5,10.5,True,False
21,OLD LIN,Martinez L.,A,7.0,11.0,True,False
21,OLD LIN,De Ketelaere,A,6.0,6.0,True,False
21,OLD LIN,Martinelli T.,P,,,False,True
21,OLD LIN,Lezzerini,P,,,False,True
21,OLD LIN,Ismajli,D,,,False,True
21,OLD LIN,Zappa,D,6.5,7.5,False,True
21,OLD LIN,Unai Nunez,D,,,False,True
21,OLD LIN,Cuadrado,D,,,False,True
21,OLD LIN,Kostic,C,6.0,6.0,True,True
21,OLD LIN,Sohm,C,,,False,True
21,OLD LIN,Vazquez,C,,,False,True
21,OLD LIN,De Bruyne,C,,,False,True
21,OLD LIN,Carboni V.,C,,,False,True
21,OLD LIN,Bonazzoli,A,5.5,5.5,False,True
21,OLD LIN,Dominguez B.,A,,,False,True
21,OLD LIN,Sanabria,A,,,False,True
21,NI99ER NO.1,Carnesecchi,P,8.5,11.5,True,False
21,NI99ER NO.1,Ostigard,D,5.0,4.5,True,False
21,NI99ER NO.1,Cambiaso,D,5.0,3.0,True,False
21,NI99ER NO.1,Hermoso,D,6.0,6.0,True,False
21,NI99ER NO.1,Di Lorenzo,D,6.0,6.0,True,False
21,NI99ER NO.1,Rabiot,C,7.5,11.5,True,False
21,NI99ER NO.1,Pasalic,C,,,False,False
21,NI99ER NO.1,Basic,C,6.0,6.0,True,False
21,NI99ER NO.1,Kean,A,6.0,6.0,True,False
21,NI99ER NO.1,Pellegrino M.,A,5.0,5.0,True,False
21,NI99ER NO.1,Douvikas,A,5.5,5.5,True,False
21,NI99ER NO.1,Gosens,D,5.5,5.5,False,True
21,NI99ER NO.1,Heggem,D,4.5,4.5,False,True
21,NI99ER NO.1,Beukema,D,,,False,True
21,NI99ER NO.1,Gaspar K.,D,6.0,6.0,False,True
21,NI99ER NO.1,Pobega,C,,,False,True
21,NI99ER NO.1,Locatelli,C,6.5,6.5,True,True
21,NI99ER NO.1,Vandeputte,C,,,False,True
21,NI99ER NO.1,Fofana Y.,C,6.5,6.5,False,True
21,NI99ER NO.1,Konè I.,C,7.0,9.5,False,True
21,NI99ER NO.1,Giovane,A,,,False,True
21,NI99ER NO.1,Orban G.,A,5.0,5.0,False,True
21,NI99ER NO.1,Dia,A,,,False,True
21,NI99ER NO.1,Sportiello,P,,,False,True
21,NI99ER NO.1,Rossi F.,P,,,False,True
21,ROMOLO&ROMINA,Caprile,P,6.0,7.0,True,False
21,ROMOLO&ROMINA,Luperto,D,6.5,6.5,True,False
21,ROMOLO&ROMINA,Muharemovic,D,6.5,6.5,True,False
21,ROMOLO&ROMINA,Martin,D,4.5,4.5,True,False
21,ROMOLO&ROMINA,Kalulu,D,6.5,7.5,True,False
21,ROMOLO&ROMINA,Thorstvedt,C,6.5,6.5,True,False
21,ROMOLO&ROMINA,Zaccagni,C,,,False,False
21,ROMOLO&ROMINA,Paz N.,C,4.5,2.5,True,False
21,ROMOLO&ROMINA,Krstovic,A,6.0,5.5,True,False
21,ROMOLO&ROMINA,Kilicsoy,A,7.5,10.5,True,False
21,ROMOLO&ROMINA,Hojlund,A,6.0,6.0,True,False
21,ROMOLO&ROMINA,Colombo,A,5.5,5.5,False,True
21,ROMOLO&ROMINA,Adams C.,A,7.0,11.0,False,True
21,ROMOLO&ROMINA,Cancellieri,A,6.0,6.0,False,True
21,ROMOLO&ROMINA,Bernabè,C,5.5,5.5,True,True
21,ROMOLO&ROMINA,Tourè I.,C,5.0,4.5,False,True
21,ROMOLO&ROMINA,Matic,C,7.0,8.0,False,True
21,ROMOLO&ROMINA,Frendrup,C,6.5,6.5,False,True
21,ROMOLO&ROMINA,Konè M.,C,,,False,True
21,ROMOLO&ROMINA,Kossounou,D,,,False,True
21,ROMOLO&ROMINA,Belghali,D,,,False,True
21,ROMOLO&ROMINA,Rrahmani,D,,,False,True
21,ROMOLO&ROMINA,Posch,D,,,False,True
21,ROMOLO&ROMINA,Sommer,P,6.5,7.5,False,True
21,ROMOLO&ROMINA,Martinez Jo.,P,,,False,True
21,GIALLOROSSI,Maignan,P,6.0,7.0,True,False
21,GIALLOROSSI,Bartesaghi,D,6.5,6.5,True,False
21,GIALLOROSSI,Kelly L.,D,6.5,6.5,True,False
21,GIALLOROSSI,Vasquez,D,6.5,6.5,True,False
21,GIALLOROSSI,Palestra,D,7.0,7.0,True,False
21,GIALLOROSSI,Maldini,C,5.5,5.5,True,False
21,GIALLOROSSI,Vlasic,C,7.0,7.5,True,False
21,GIALLOROSSI,Conceicao,C,6.5,7.0,True,False
21,GIALLOROSSI,Esposito Se.,A,7.0,8.0,True,False
21,GIALLOROSSI,Lukaku,A,,,False,False
21,GIALLOROSSI,Davis K.,A,6.0,5.5,True,False
21,GIALLOROSSI,Terracciano,P,,,False,True
21,GIALLOROSSI,Torriani,P,,,False,True
21,GIALLOROSSI,Valeri,D,5.5,5.5,False,True
21,GIALLOROSSI,Angelino,D,,,False,True
21,GIALLOROSSI,Estupinan,D,,,False,True
21,GIALLOROSSI,Dumfries,D,,,False,True
21,GIALLOROSSI,Miretti,C,6.0,6.0,False,True
21,GIALLOROSSI,Samardzic,C,,,False,True
21,GIALLOROSSI,Zhegrova,C,,,False,True
21,GIALLOROSSI,Neres,C,,,False,True
21,GIALLOROSSI,Calhanoglu,C,,,False,True
21,GIALLOROSSI,Pinamonti,A,6.0,6.0,True,True
21,GIALLOROSSI,Castro S.,A,5.5,5.5,False,True
21,GIALLOROSSI,Lucca,A,,,False,True
21,ROMAZDA,Provedel,P,6.5,4.0,True,False
21,ROMAZDA,Miranda J.,D,4.0,4.0,True,False
21,ROMAZDA,Olivera,D,5.5,5.5,True,False
21,ROMAZDA,Bisseck,D,6.0,6.0,True,False
21,ROMAZDA,Tramoni M.,C,5.0,4.5,True,False
21,ROMAZDA,Gudmundsson A.,C,6.0,6.0,True,False
21,ROMAZDA,Atta,C,6.5,6.5,True,False
21,ROMAZDA,Luis Henrique,C,6.5,7.5,True,False
21,ROMAZDA,Yildiz,A,6.0,6.0,True,False
21,ROMAZDA,Bonny,A,6.0,6.0,True,False
21,ROMAZDA,Esposito F.P.,A,6.0,6.0,True,False
21,ROMAZDA,Noslin,A,,,False,True
21,ROMAZDA,Piccoli,A,6.5,6.5,False,True
21,ROMAZDA,Lang,A,,,False,True
21,ROMAZDA,Ekkelenkamp,C,7.0,11.0,False,True
21,ROMAZDA,Fadera,C,6.0,6.0,False,True
21,ROMAZDA,El Shaarawy,C,,,False,True
21,ROMAZDA,Zaniolo,C,,,False,True
21,ROMAZDA,Angori,D,5.5,5.5,False,True
21,ROMAZDA,Kolasinac,D,,,False,True
21,ROMAZDA,Marusic,D,6.0,6.0,False,True
21,ROMAZDA,Terracciano F.,D,6.0,6.0,False,True
21,ROMAZDA,Zanoli,D,,,False,True
21,ROMAZDA,Mandas,P,,,False,True
21,ROMAZDA,Audero,P,5.0,3.0,False,True
21,ROMABOY,Milinkovic-Savic V.,P,,,False,False
21,ROMABOY,Dimarco,D,7.0,8.0,True,False
21,ROMABOY,Akanji,D,6.0,6.0,True,False
21,ROMABOY,Pavlovic,D,6.5,6.5,True,False
21,ROMABOY,Scalvini,D,6.0,6.0,True,False
21,ROMABOY,Pellegrini Lo.,C,5.5,5.0,True,False
21,ROMABOY,McTominay,C,6.5,6.5,True,False
21,ROMABOY,McKennie,C,7.5,11.0,True,False
21,ROMABOY,De Roon,C,6.0,5.5,True,False
21,ROMABOY,Thuram,A,6.0,6.0,True,False
21,ROMABOY,Nkunku,A,7.0,9.0,True,False
21,ROMABOY,Meret,P,7.0,7.0,True,True
21,ROMABOY,Contini,P,,,False,True
21,ROMABOY,Rowe,C,5.5,5.5,False,True
21,ROMABOY,Freuler,C,5.5,5.0,False,True
21,ROMABOY,Frattesi,C,6.0,6.0,False,True
21,ROMABOY,Piotrowski,C,,,False,True
21,ROMABOY,Moreo,A,5.5,5.5,False,True
21,ROMABOY,Camarda,A,,,False,True
21,ROMABOY,Gila,D,6.0,6.0,False,True
21,ROMABOY,Acerbi,D,,,False,True
21,ROMABOY,Delprato,D,5.5,5.5,False,True
21,ROMABOY,Lucumì,D,,,False,True
21,ROMABOY,Dallinga,A,5.5,5.5,False,True
21,ROMABOY,Dzeko,A,,,False,True
21,LUCKY LUKE,Skorupski,P,,,False,False
21,LUCKY LUKE,Celik,D,6.0,6.0,True,False
21,LUCKY LUKE,Mina,D,6.5,6.5,True,False
21,LUCKY LUKE,Solet,D,7.0,7.0,True,False
21,LUCKY LUKE,Ederson D.S.,C,7.0,7.0,True,False
21,LUCKY LUKE,Sucic P.,C,6.5,6.5,True,False
21,LUCKY LUKE,Mkhitaryan,C,6.0,6.0,True,False
21,LUCKY LUKE,Politano,C,,,False,False
21,LUCKY LUKE,David,A,7.0,10.5,True,False
21,LUCKY LUKE,Soulè,A,5.5,5.5,True,False
21,LUCKY LUKE,Cambiaghi,A,,,False,False
21,LUCKY LUKE,Ravaglia F.,P,6.0,2.5,True,True
21,LUCKY LUKE,Muric,P,5.5,4.5,False,True
21,LUCKY LUKE,Perrone,C,6.0,5.5,True,True
21,LUCKY LUKE,Lobotka,C,6.0,6.0,False,True
21,LUCKY LUKE,Loftus-Cheek,C,7.0,11.0,False,True
21,LUCKY LUKE,Guendouzi,C,,,False,True
21,LUCKY LUKE,Openda,A,,,False,True
21,LUCKY LUKE,Nzola,A,,,False,True
21,LUCKY LUKE,Lookman,A,,,False,True
21,LUCKY LUKE,N'Dicka,D,6.0,5.5,False,True
21,LUCKY LUKE,Gabbia,D,6.0,6.0,False,True
21,LUCKY LUKE,Gallo,D,6.0,6.0,False,True
21,LUCKY LUKE,Lazaro,D,6.0,6.0,False,True
21,LUCKY LUKE,Gatti,D,6.0,6.0,False,True
21,NO ONE,Falcone,P,7.5,6.5,True,False
21,NO ONE,Zortea,D,5.5,5.5,True,False
21,NO ONE,Bastoni,D,6.5,6.5,True,False
21,NO ONE,Mancini,D,6.5,6.0,True,False
21,NO ONE,Dodò,D,6.5,6.5,True,False
21,NO ONE,Baturina,C,6.0,6.0,True,False
21,NO ONE,Gaetano,C,6.5,6.5,True,False
21,NO ONE,Thuram K.,C,6.5,6.5,True,False
21,NO ONE,Malinovskyi,C,7.5,9.0,True,False
21,NO ONE,Laurientè,A,6.0,6.0,True,False
21,NO ONE,Zapata D.,A,6.0,6.0,True,False
21,NO ONE,Okoye,P,6.5,7.5,False,True
21,NO ONE,Sava,P,,,False,True
21,NO ONE,Tomori,D,6.0,6.0,False,True
21,NO ONE,Bellanova,D,6.0,5.5,False,True
21,NO ONE,Holm,D,,,False,True
21,NO ONE,Kempf,D,6.0,6.0,False,True
21,NO ONE,Barella,C,,,False,True
21,NO ONE,Mandragora,C,6.0,6.0,False,True
21,NO ONE,Zerbin,C,5.5,5.5,False,True
21,NO ONE,Zambo Anguissa,C,,,False,True
21,NO ONE,Addai,A,5.5,5.0,False,True
21,NO ONE,Dybala,A,,,False,True
21,NO ONE,Diao,A,,,False,True
21,NO ONE,Vlahovic,A,,,False,True
22,GIALLOROSSI,Maignan,P,4.5,3.5,True,False
22,GIALLOROSSI,Bartesaghi,D,6.0,6.0,True,False
22,GIALLOROSSI,Kelly L.,D,6.0,6.0,True,False
22,GIALLOROSSI,Valeri,D,6.0,6.0,True,False
22,GIALLOROSSI,Palestra,D,6.0,5.5,True,False
22,GIALLOROSSI,Maldini,C,6.5,7.5,True,False
22,GIALLOROSSI,Miretti,C,,,False,False
22,GIALLOROSSI,Fagioli,C,7.0,7.0,True,False
22,GIALLOROSSI,Castro S.,A,6.0,6.0,True,False
22,GIALLOROSSI,Lukaku,A,,,False,False
22,GIALLOROSSI,Pinamonti,A,5.0,5.0,True,False
22,GIALLOROSSI,Terracciano,P,,,False,True
22,GIALLOROSSI,Torriani,P,,,False,True
22,GIALLOROSSI,Vasquez,D,5.5,5.0,False,True
22,GIALLOROSSI,Estupinan,D,,,False,True
22,GIALLOROSSI,Marianucci,D,5.5,5.0,False,True
22,GIALLOROSSI,Dumfries,D,,,False,True
22,GIALLOROSSI,Zhegrova,C,5.5,5.5,True,True
22,GIALLOROSSI,Da Cunha,C,,,False,True
22,GIALLOROSSI,Conceicao,C,,,False,True
22,GIALLOROSSI,Calhanoglu,C,,,False,True
22,GIALLOROSSI,Vlasic,C,,,False,True
22,GIALLOROSSI,Esposito Se.,A,5.5,5.5,True,True
22,GIALLOROSSI,Piccoli,A,,,False,True
22,GIALLOROSSI,Davis K.,A,,,False,True
22,ROMAZDA,Provedel,P,7.0,5.0,True,False
22,ROMAZDA,Carlos Augusto,D,,,False,False
22,ROMAZDA,Kolasinac,D,6.0,5.5,True,False
22,ROMAZDA,Bisseck,D,7.5,11.5,True,False
22,ROMAZDA,Gudmundsson A.,C,6.0,6.0,True,False
22,ROMAZDA,Atta,C,6.5,6.5,True,False
22,ROMAZDA,Vergara,C,6.5,6.5,True,False
22,ROMAZDA,Zaniolo,C,6.0,6.0,True,False
22,ROMAZDA,Yildiz,A,6.0,6.0,True,False
22,ROMAZDA,Bonny,A,,,False,False
22,ROMAZDA,Esposito F.P.,A,,,False,False
22,ROMAZDA,Solomon,A,7.0,10.0,True,True
22,ROMAZDA,Fullkrug,A,6.0,6.0,True,True
22,ROMAZDA,Boga,A,6.5,7.5,False,True
22,ROMAZDA,Tramoni M.,C,,,False,True
22,ROMAZDA,Luis Henrique,C,7.0,10.0,False,True
22,ROMAZDA,Santos A.,C,,,False,True
22,ROMAZDA,Berisha M.,C,,,False,True
22,ROMAZDA,Miranda J.,D,6.5,6.5,True,True
22,ROMAZDA,Juan Jesus,D,5.0,4.0,False,True
22,ROMAZDA,Hien,D,,,False,True
22,ROMAZDA,Olivera,D,,,False,True
22,ROMAZDA,Di Lorenzo,D,,,False,True
22,ROMAZDA,Motta,P,,,False,True
22,ROMAZDA,Furlanetto,P,,,False,True
22,NO ONE,Falcone,P,6.0,5.0,True,False
22,NO ONE,Zortea,D,6.0,6.0,True,False
22,NO ONE,Bastoni,D,6.5,6.5,True,False
22,NO ONE,Mancini,D,6.5,7.0,True,False
22,NO ONE,Dodò,D,5.5,5.0,True,False
22,NO ONE,Baturina,C,6.5,6.5,True,False
22,NO ONE,Mandragora,C,6.5,7.5,True,False
22,NO ONE,Thuram K.,C,5.5,5.5,True,False
22,NO ONE,Malinovskyi,C,6.5,8.5,True,False
22,NO ONE,Zapata D.,A,,,False,False
22,NO ONE,Orban G.,A,6.0,6.0,True,False
22,NO ONE,Okoye,P,6.0,4.0,False,True
22,NO ONE,Sava,P,,,False,True
22,NO ONE,Tomori,D,6.0,6.0,False,True
22,NO ONE,Kempf,D,6.0,6.0,False,True
22,NO ONE,Bellanova,D,6.0,6.0,False,True
22,NO ONE,Holm,D,,,False,True
22,NO ONE,Barella,C,,,False,True
22,NO ONE,Gaetano,C,5.5,5.0,False,True
22,NO ONE,Zerbin,C,,,False,True
22,NO ONE,Zambo Anguissa,C,,,False,True
22,NO ONE,Laurientè,A,6.5,6.5,True,True
22,NO ONE,Addai,A,,,False,True
22,NO ONE,Dybala,A,,,False,True
22,NO ONE,Diao,A,,,False,True
22,OLD LIN,De Gea,P,6.5,4.5,True,False
22,OLD LIN,Zappacosta,D,7.0,11.0,True,False
22,OLD LIN,Djimsiti,D,6.0,6.0,True,False
22,OLD LIN,Baschirotto,D,6.0,6.0,True,False
22,OLD LIN,Circati,D,6.5,6.5,True,False
22,OLD LIN,Orsolini,C,6.5,6.5,True,False
22,OLD LIN,Pierotti,C,5.5,5.5,True,False
22,OLD LIN,Casadei,C,7.0,10.0,True,False
22,OLD LIN,De Ketelaere,A,,,False,False
22,OLD LIN,Martinez L.,A,7.0,10.0,True,False
22,OLD LIN,Berardi,A,5.5,5.5,True,False
22,OLD LIN,Christensen O.,P,,,False,True
22,OLD LIN,Lezzerini,P,,,False,True
22,OLD LIN,Doig,D,5.5,5.5,False,True
22,OLD LIN,Zappa,D,,,False,True
22,OLD LIN,Ghilardi,D,6.5,6.5,False,True
22,OLD LIN,Ismajli,D,,,False,True
22,OLD LIN,Strefezza,C,6.0,6.0,False,True
22,OLD LIN,Sohm,C,,,False,True
22,OLD LIN,Prati,C,,,False,True
22,OLD LIN,De Bruyne,C,,,False,True
22,OLD LIN,Gagliardini,C,,,False,True
22,OLD LIN,Bonazzoli,A,5.5,5.5,True,True
22,OLD LIN,Cheddira,A,5.5,5.5,False,True
22,OLD LIN,Dominguez B.,A,,,False,True
22,NI99ER NO.1,Carnesecchi,P,6.0,5.0,True,False
22,NI99ER NO.1,Gosens,D,,,False,False
22,NI99ER NO.1,Heggem,D,6.0,6.0,True,False
22,NI99ER NO.1,Hermoso,D,,,False,False
22,NI99ER NO.1,Cambiaso,D,5.0,6.0,True,False
22,NI99ER NO.1,Rabiot,C,,,False,False
22,NI99ER NO.1,Pasalic,C,6.5,7.5,True,False
22,NI99ER NO.1,Fofana Y.,C,6.0,6.0,True,False
22,NI99ER NO.1,Kean,A,6.5,9.5,True,False
22,NI99ER NO.1,Pellegrino M.,A,5.5,5.5,True,False
22,NI99ER NO.1,Douvikas,A,6.0,6.0,True,False
22,NI99ER NO.1,Ostigard,D,5.5,5.5,True,True
22,NI99ER NO.1,Diego Carlos,D,6.0,6.0,True,True
22,NI99ER NO.1,Beukema,D,6.0,6.0,False,True
22,NI99ER NO.1,Gaspar K.,D,5.0,5.0,False,True
22,NI99ER NO.1,Pobega,C,4.0,3.0,True,True
22,NI99ER NO.1,Locatelli,C,5.5,5.5,False,True
22,NI99ER NO.1,Basic,C,5.5,5.5,False,True
22,NI99ER NO.1,Cataldi,C,6.5,7.5,False,True
22,NI99ER NO.1,Konè I.,C,5.0,5.0,False,True
22,NI99ER NO.1,Giovane,A,5.5,5.5,False,True
22,NI99ER NO.1,Vaz,A,,,False,True
22,NI99ER NO.1,Borrelli,A,,,False,True
22,NI99ER NO.1,Sportiello,P,,,False,True
22,NI99ER NO.1,Rossi F.,P,,,False,True
22,NEVER IWOMAN,Svilar,P,6.0,7.0,True,False
22,NEVER IWOMAN,Spinazzola,D,6.0,6.0,True,False
22,NEVER IWOMAN,Buongiorno,D,4.0,4.0,True,False
22,NEVER IWOMAN,Bremer,D,5.5,5.5,True,False
22,NEVER IWOMAN,Wesley,D,6.5,6.5,True,False
22,NEVER IWOMAN,Zalewski,C,6.5,6.5,True,False
22,NEVER IWOMAN,Odgaard,C,,,False,False
22,NEVER IWOMAN,Serdar,C,5.5,5.0,True,False
22,NEVER IWOMAN,Leao,A,7.0,10.5,True,False
22,NEVER IWOMAN,Simeone,A,5.5,5.5,True,False
22,NEVER IWOMAN,Vardy,A,6.0,6.0,True,False
22,NEVER IWOMAN,Morata,A,,,False,True
22,NEVER IWOMAN,Rodriguez Je.,A,,,False,True
22,NEVER IWOMAN,Cancellieri,A,5.5,5.5,False,True
22,NEVER IWOMAN,Fabbian,C,6.0,6.0,True,True
22,NEVER IWOMAN,Saelemaekers,C,6.5,6.0,False,True
22,NEVER IWOMAN,Ondrejka,C,,,False,True
22,NEVER IWOMAN,Isaksen,C,7.0,10.0,False,True
22,NEVER IWOMAN,Baldanzi,C,,,False,True
22,NEVER IWOMAN,Angelino,D,,,False,True
22,NEVER IWOMAN,Ramon,D,5.5,5.5,False,True
22,NEVER IWOMAN,Rensch,D,,,False,True
22,NEVER IWOMAN,Gollini,P,,,False,True
22,NEVER IWOMAN,Vasquez D.,P,,,False,True
22,NEVER IWOMAN,Ahanor,D,,,False,True
22,ROMABOY,Meret,P,5.5,3.0,True,False
22,ROMABOY,Dimarco,D,8.5,11.0,True,False
22,ROMABOY,Akanji,D,7.5,10.5,True,False
22,ROMABOY,Pavlovic,D,6.0,6.0,True,False
22,ROMABOY,Scalvini,D,6.5,6.5,True,False
22,ROMABOY,Pellegrini Lo.,C,6.0,6.0,True,False
22,ROMABOY,McTominay,C,7.5,10.5,True,False
22,ROMABOY,McKennie,C,7.0,10.0,True,False
22,ROMABOY,Rowe,C,6.5,6.5,True,False
22,ROMABOY,Thuram,A,7.0,10.0,True,False
22,ROMABOY,Nkunku,A,5.5,5.5,True,False
22,ROMABOY,Moreo,A,6.0,5.5,False,True
22,ROMABOY,Stulic,A,6.0,6.0,False,True
22,ROMABOY,Dallinga,A,5.5,5.5,False,True
22,ROMABOY,Arena A.,A,,,False,True
22,ROMABOY,Zemura,D,6.0,6.0,False,True
22,ROMABOY,Gila,D,6.5,6.5,False,True
22,ROMABOY,Delprato,D,6.0,6.0,False,True
22,ROMABOY,Acerbi,D,,,False,True
22,ROMABOY,Milinkovic-Savic V.,P,,,False,True
22,ROMABOY,Contini,P,,,False,True
22,ROMABOY,Zaragoza,C,6.0,5.5,False,True
22,ROMABOY,Ekkelenkamp,C,5.5,5.5,False,True
22,ROMABOY,Ferguson,C,5.5,5.5,False,True
22,ROMABOY,Frattesi,C,6.0,6.0,False,True
22,LUCKY LUKE,Skorupski,P,6.0,5.0,True,False
22,LUCKY LUKE,Celik,D,7.0,8.0,True,False
22,LUCKY LUKE,Mina,D,,,False,False
22,LUCKY LUKE,Solet,D,6.5,8.5,True,False
22,LUCKY LUKE,Ederson D.S.,C,6.5,6.5,True,False
22,LUCKY LUKE,Sucic P.,C,6.5,6.5,True,False
22,LUCKY LUKE,Mkhitaryan,C,6.5,6.5,True,False
22,LUCKY LUKE,Politano,C,,,False,False
22,LUCKY LUKE,David,A,5.0,5.0,True,False
22,LUCKY LUKE,Soulè,A,6.0,6.0,True,False
22,LUCKY LUKE,Cambiaghi,A,,,False,False
22,LUCKY LUKE,Ravaglia F.,P,,,False,True
22,LUCKY LUKE,Muric,P,4.0,-1.0,False,True
22,LUCKY LUKE,Perrone,C,6.0,6.0,True,True
22,LUCKY LUKE,Lobotka,C,6.5,6.5,False,True
22,LUCKY LUKE,Loftus-Cheek,C,,,False,True
22,LUCKY LUKE,Guendouzi,C,,,False,True
22,LUCKY LUKE,Openda,A,,,False,True
22,LUCKY LUKE,Nzola,A,5.5,5.5,True,True
22,LUCKY LUKE,Lookman,A,,,False,True
22,LUCKY LUKE,N'Dicka,D,6.5,6.5,True,True
22,LUCKY LUKE,Gabbia,D,6.0,6.0,False,True
22,LUCKY LUKE,Gallo,D,6.0,6.0,False,True
22,LUCKY LUKE,Lazaro,D,5.5,5.0,False,True
22,LUCKY LUKE,Gatti,D,,,False,True
22,F-22,Tornqvist,P,,,False,False
22,F-22,Kristensen T.,D,6.0,6.0,True,False
22,F-22,Bernasconi,D,6.0,6.0,True,False
22,F-22,Vojvoda,D,6.0,6.0,True,False
22,F-22,Pulisic,C,,,False,False
22,F-22,Bernardeschi,C,6.0,6.0,True,False
22,F-22,Brescianini,C,5.5,5.5,True,False
22,F-22,Zielinski,C,6.5,6.5,True,False
22,F-22,Ferguson E.,A,,,False,False
22,F-22,Scamacca,A,,,False,False
22,F-22,Malen,A,7.5,14.5,True,False
22,F-22,Isaac,A,,,False,True
22,F-22,Vitinha O.,A,6.5,6.5,True,True
22,F-22,Ratkov,A,,,False,True
22,F-22,Elmas,C,6.5,6.5,True,True
22,F-22,Modric,C,6.5,6.5,False,True
22,F-22,Tourè I.,C,6.5,6.5,False,True
22,F-22,Taylor K.,C,6.5,6.0,False,True
22,F-22,Frese,D,5.5,5.5,False,True
22,F-22,Tiago Gabriel,D,6.5,6.5,False,True
22,F-22,Norton-Cuffy,D,6.0,6.0,False,True
22,F-22,Marusic,D,6.5,6.5,False,True
22,F-22,Walukiewicz,D,4.5,4.5,False,True
22,F-22,Di Gregorio,P,5.5,3.5,True,True
22,F-22,Butez,P,6.0,4.5,False,True
22,ROMOLO&ROMINA,Sommer,P,6.0,7.0,True,False
22,ROMOLO&ROMINA,Gutierrez,D,5.5,5.5,True,False
22,ROMOLO&ROMINA,Rrahmani,D,6.5,7.0,True,False
22,ROMOLO&ROMINA,Muharemovic,D,4.0,4.0,True,False
22,ROMOLO&ROMINA,Kalulu,D,7.0,11.0,True,False
22,ROMOLO&ROMINA,Thorstvedt,C,5.0,5.0,True,False
22,ROMOLO&ROMINA,Bernabè,C,6.0,6.0,True,False
22,ROMOLO&ROMINA,Paz N.,C,7.0,9.5,True,False
22,ROMOLO&ROMINA,Krstovic,A,7.0,10.0,True,False
22,ROMOLO&ROMINA,Durosinmi,A,5.5,5.5,True,False
22,ROMOLO&ROMINA,Hojlund,A,7.5,13.5,True,False
22,ROMOLO&ROMINA,Adams C.,A,5.0,5.0,False,True
22,ROMOLO&ROMINA,Colombo,A,7.0,10.0,False,True
22,ROMOLO&ROMINA,Kilicsoy,A,5.0,5.0,False,True
22,ROMOLO&ROMINA,Ellertsson,C,6.0,6.0,False,True
22,ROMOLO&ROMINA,Messias,C,6.0,6.0,False,True
22,ROMOLO&ROMINA,Matic,C,4.5,3.5,False,True
22,ROMOLO&ROMINA,Kossounou,D,5.5,5.0,False,True
22,ROMOLO&ROMINA,Luperto,D,6.0,7.0,False,True
22,ROMOLO&ROMINA,Martin,D,5.5,5.5,False,True
22,ROMOLO&ROMINA,Martinez Jo.,P,,,False,True
22,ROMOLO&ROMINA,Caprile,P,6.0,4.0,False,True
23,NEVER IWOMAN,Svilar,P,6.0,4.0,True,False
23,NEVER IWOMAN,Ahanor,D,5.0,4.5,True,False
23,NEVER IWOMAN,Bremer,D,7.0,7.0,True,False
23,NEVER IWOMAN,Ramon,D,5.5,5.5,True,False
23,NEVER IWOMAN,Wesley,D,6.5,6.5,True,False
23,NEVER IWOMAN,Ondrejka,C,6.0,6.0,True,False
23,NEVER IWOMAN,Zalewski,C,7.0,10.0,True,False
23,NEVER IWOMAN,Isaksen,C,5.0,5.0,True,False
23,NEVER IWOMAN,Leao,A,5.5,5.5,True,False
23,NEVER IWOMAN,Simeone,A,5.0,5.0,True,False
23,NEVER IWOMAN,Vardy,A,5.5,5.5,True,False
23,NEVER IWOMAN,Rodriguez Je.,A,6.5,6.0,False,True
23,NEVER IWOMAN,Cancellieri,A,,,False,True
23,NEVER IWOMAN,Morata,A,5.0,4.0,False,True
23,NEVER IWOMAN,Odgaard,C,,,False,True
23,NEVER IWOMAN,Serdar,C,,,False,True
23,NEVER IWOMAN,Fabbian,C,,,False,True
23,NEVER IWOMAN,Baldanzi,C,6.0,6.0,False,True
23,NEVER IWOMAN,Spinazzola,D,6.5,9.5,False,True
23,NEVER IWOMAN,Angelino,D,,,False,True
23,NEVER IWOMAN,Rensch,D,,,False,True
23,NEVER IWOMAN,Buongiorno,D,5.5,5.5,False,True
23,NEVER IWOMAN,Gollini,P,,,False,True
23,NEVER IWOMAN,Zelezny,P,,,False,True
23,NEVER IWOMAN,Saelemaekers,C,,,False,True
23,NO ONE,Okoye,P,6.0,4.0,True,False
23,NO ONE,Zortea,D,6.0,6.0,True,False
23,NO ONE,Bastoni,D,6.0,5.5,True,False
23,NO ONE,Kempf,D,5.0,4.5,True,False
23,NO ONE,Bellanova,D,,,False,False
23,NO ONE,Baturina,C,5.5,5.5,True,False
23,NO ONE,Gaetano,C,,,False,False
23,NO ONE,Malinovskyi,C,6.0,6.0,True,False
23,NO ONE,Laurientè,A,7.0,10.0,True,False
23,NO ONE,Orban G.,A,4.0,3.0,True,False
23,NO ONE,Dybala,A,,,False,False
23,NO ONE,Falcone,P,6.0,7.0,False,True
23,NO ONE,Sava,P,,,False,True
23,NO ONE,Mancini,D,6.0,5.5,True,True
23,NO ONE,Dodò,D,6.5,6.5,False,True
23,NO ONE,Tomori,D,6.5,6.5,False,True
23,NO ONE,Holm,D,6.0,6.0,False,True
23,NO ONE,Barella,C,6.0,5.5,True,True
23,NO ONE,Thuram K.,C,,,False,True
23,NO ONE,Mandragora,C,6.5,6.0,False,True
23,NO ONE,Zerbin,C,6.0,6.0,False,True
23,NO ONE,Zambo Anguissa,C,,,False,True
23,NO ONE,Addai,A,5.5,5.5,True,True
23,NO ONE,Zapata D.,A,6.5,6.5,False,True
23,NO ONE,Diao,A,,,False,True
23,OLD LIN,De Gea,P,6.0,5.0,True,False
23,OLD LIN,Zappacosta,D,6.5,6.5,True,False
23,OLD LIN,Djimsiti,D,6.0,5.5,True,False
23,OLD LIN,Baschirotto,D,7.0,7.0,True,False
23,OLD LIN,Circati,D,5.0,4.5,True,False
23,OLD LIN,Orsolini,C,,,False,False
23,OLD LIN,Casadei,C,6.0,6.0,True,False
23,OLD LIN,Strefezza,C,6.5,6.5,True,False
23,OLD LIN,Bonazzoli,A,6.0,6.0,True,False
23,OLD LIN,Martinez L.,A,5.5,5.5,True,False
23,OLD LIN,Berardi,A,6.0,6.0,True,False
23,OLD LIN,Christensen O.,P,,,False,True
23,OLD LIN,Lezzerini,P,,,False,True
23,OLD LIN,Doig,D,6.0,6.0,False,True
23,OLD LIN,Zappa,D,6.0,6.0,False,True
23,OLD LIN,Ghilardi,D,6.5,6.5,False,True
23,OLD LIN,Ismajli,D,,,False,True
23,OLD LIN,Pierotti,C,6.5,6.5,True,True
23,OLD LIN,Sohm,C,5.5,5.0,False,True
23,OLD LIN,Prati,C,6.0,6.0,False,True
23,OLD LIN,De Bruyne,C,,,False,True
23,OLD LIN,Gagliardini,C,,,False,True
23,OLD LIN,Cheddira,A,6.0,6.0,False,True
23,OLD LIN,Dominguez B.,A,6.0,6.0,False,True
23,OLD LIN,De Ketelaere,A,,,False,True
23,LUCKY LUKE,Skorupski,P,6.0,5.0,True,False
23,LUCKY LUKE,Celik,D,6.0,6.0,True,False
23,LUCKY LUKE,Gabbia,D,5.5,5.5,True,False
23,LUCKY LUKE,Solet,D,6.5,9.5,True,False
23,LUCKY LUKE,Ederson D.S.,C,7.0,10.0,True,False
23,LUCKY LUKE,Loftus-Cheek,C,7.0,10.0,True,False
23,LUCKY LUKE,Mkhitaryan,C,,,False,False
23,LUCKY LUKE,Politano,C,5.5,5.5,True,False
23,LUCKY LUKE,David,A,5.5,5.5,True,False
23,LUCKY LUKE,Soulè,A,5.0,5.0,True,False
23,LUCKY LUKE,Raspadori,A,6.0,6.0,True,False
23,LUCKY LUKE,Ravaglia F.,P,,,False,True
23,LUCKY LUKE,Muric,P,5.5,4.5,False,True
23,LUCKY LUKE,Mina,D,5.5,5.5,False,True
23,LUCKY LUKE,N'Dicka,D,7.0,7.0,False,True
23,LUCKY LUKE,Gatti,D,,,False,True
23,LUCKY LUKE,Gallo,D,6.0,6.0,False,True
23,LUCKY LUKE,Lazaro,D,5.5,5.5,False,True
23,LUCKY LUKE,Sucic P.,C,6.5,6.5,True,True
23,LUCKY LUKE,Perrone,C,5.0,5.0,False,True
23,LUCKY LUKE,Cristante,C,6.0,6.0,False,True
23,LUCKY LUKE,Lobotka,C,6.0,6.0,False,True
23,LUCKY LUKE,Cambiaghi,A,,,False,True
23,LUCKY LUKE,Openda,A,,,False,True
23,LUCKY LUKE,Nzola,A,6.5,6.5,False,True
23,GIALLOROSSI,Maignan,P,6.5,5.5,True,False
23,GIALLOROSSI,Bartesaghi,D,6.5,6.0,True,False
23,GIALLOROSSI,Valeri,D,6.5,6.5,True,False
23,GIALLOROSSI,Palestra,D,5.5,5.5,True,False
23,GIALLOROSSI,Maldini,C,5.5,5.5,True,False
23,GIALLOROSSI,Conceicao,C,6.0,6.0,True,False
23,GIALLOROSSI,Da Cunha,C,5.5,5.5,True,False
23,GIALLOROSSI,Vlasic,C,6.0,8.5,True,False
23,GIALLOROSSI,Esposito Se.,A,5.5,5.5,True,False
23,GIALLOROSSI,Lukaku,A,,,False,False
23,GIALLOROSSI,Castro S.,A,7.0,11.0,True,False
23,GIALLOROSSI,Terracciano,P,,,False,True
23,GIALLOROSSI,Torriani,P,,,False,True
23,GIALLOROSSI,Vasquez,D,6.5,6.5,False,True
23,GIALLOROSSI,Marianucci,D,5.5,5.5,False,True
23,GIALLOROSSI,Estupinan,D,,,False,True
23,GIALLOROSSI,Kelly L.,D,6.5,6.5,False,True
23,GIALLOROSSI,Dumfries,D,,,False,True
23,GIALLOROSSI,Calhanoglu,C,6.5,6.0,False,True
23,GIALLOROSSI,Miretti,C,5.5,5.5,False,True
23,GIALLOROSSI,Zhegrova,C,,,False,True
23,GIALLOROSSI,Fagioli,C,7.0,10.0,False,True
23,GIALLOROSSI,Pinamonti,A,7.5,12.5,True,True
23,GIALLOROSSI,Piccoli,A,,,False,True
23,GIALLOROSSI,Davis K.,A,,,False,True
23,ROMABOY,Meret,P,,,False,False
23,ROMABOY,Dimarco,D,6.5,7.5,True,False
23,ROMABOY,Akanji,D,6.0,6.0,True,False
23,ROMABOY,Pavlovic,D,6.5,6.5,True,False
23,ROMABOY,Scalvini,D,5.5,5.0,True,False
23,ROMABOY,Pellegrini Lo.,C,5.5,5.5,True,False
23,ROMABOY,McTominay,C,,,False,False
23,ROMABOY,McKennie,C,7.0,9.0,True,False
23,ROMABOY,Rowe,C,7.0,8.0,True,False
23,ROMABOY,Thuram,A,6.0,6.0,True,False
23,ROMABOY,Nkunku,A,5.5,5.5,True,False
23,ROMABOY,Moreo,A,6.0,6.0,False,True
23,ROMABOY,Stulic,A,,,False,True
23,ROMABOY,Dallinga,A,,,False,True
23,ROMABOY,Arena A.,A,,,False,True
23,ROMABOY,Zemura,D,5.5,5.0,False,True
23,ROMABOY,Gila,D,5.5,5.5,False,True
23,ROMABOY,Delprato,D,6.0,6.0,False,True
23,ROMABOY,Acerbi,D,,,False,True
23,ROMABOY,Milinkovic-Savic V.,P,6.0,4.0,True,True
23,ROMABOY,Contini,P,,,False,True
23,ROMABOY,Zaragoza,C,6.0,7.0,True,True
23,ROMABOY,Ekkelenkamp,C,6.0,6.0,False,True
23,ROMABOY,Ferguson,C,,,False,True
23,ROMABOY,Frattesi,C,,,False,True
23,ROMOLO&ROMINA,Caprile,P,4.5,2.5,True,False
23,ROMOLO&ROMINA,Martin,D,5.5,5.5,True,False
23,ROMOLO&ROMINA,Muharemovic,D,5.5,5.0,True,False
23,ROMOLO&ROMINA,Rrahmani,D,5.0,4.5,True,False
23,ROMOLO&ROMINA,Kalulu,D,5.0,4.0,True,False
23,ROMOLO&ROMINA,Thorstvedt,C,6.0,6.0,True,False
23,ROMOLO&ROMINA,Bernabè,C,7.0,10.0,True,False
23,ROMOLO&ROMINA,Paz N.,C,5.0,5.0,True,False
23,ROMOLO&ROMINA,Colombo,A,5.5,5.5,True,False
23,ROMOLO&ROMINA,Hojlund,A,6.0,6.0,True,False
23,ROMOLO&ROMINA,Krstovic,A,6.0,6.0,True,False
23,ROMOLO&ROMINA,Kilicsoy,A,5.5,5.5,False,True
23,ROMOLO&ROMINA,Adams C.,A,5.5,5.5,False,True
23,ROMOLO&ROMINA,Durosinmi,A,,,False,True
23,ROMOLO&ROMINA,Ellertsson,C,6.0,6.0,False,True
23,ROMOLO&ROMINA,Messias,C,6.0,6.0,False,True
23,ROMOLO&ROMINA,Luperto,D,6.5,6.5,False,True
23,ROMOLO&ROMINA,Belghali,D,5.5,5.5,False,True
23,ROMOLO&ROMINA,Gutierrez,D,5.0,5.0,False,True
23,ROMOLO&ROMINA,Kossounou,D,6.5,6.5,False,True
23,ROMOLO&ROMINA,Sommer,P,6.0,4.0,False,True
23,ROMOLO&ROMINA,Martinez Jo.,P,,,False,True
23,NI99ER NO.1,Carnesecchi,P,6.5,7.5,True,False
23,NI99ER NO.1,Gosens,D,,,False,False
23,NI99ER NO.1,Heggem,D,,,False,False
23,NI99ER NO.1,Ostigard,D,6.5,6.5,True,False
23,NI99ER NO.1,Cambiaso,D,6.5,7.5,True,False
23,NI99ER NO.1,Rabiot,C,5.0,4.0,True,False
23,NI99ER NO.1,Pasalic,C,,,False,False
23,NI99ER NO.1,Fofana Y.,C,5.5,5.5,True,False
23,NI99ER NO.1,Kean,A,7.0,10.0,True,False
23,NI99ER NO.1,Pellegrino M.,A,6.5,10.5,True,False
23,NI99ER NO.1,Douvikas,A,5.5,5.5,True,False
23,NI99ER NO.1,Diego Carlos,D,,,False,True
23,NI99ER NO.1,Beukema,D,6.5,6.5,True,True
23,NI99ER NO.1,Hermoso,D,,,False,True
23,NI99ER NO.1,Gaspar K.,D,6.5,6.5,True,True
23,NI99ER NO.1,Pobega,C,,,False,True
23,NI99ER NO.1,Cataldi,C,5.0,5.0,True,True
23,NI99ER NO.1,Konè I.,C,6.5,6.5,False,True
23,NI99ER NO.1,Locatelli,C,6.5,9.5,False,True
23,NI99ER NO.1,Basic,C,,,False,True
23,NI99ER NO.1,Giovane,A,6.5,7.5,False,True
23,NI99ER NO.1,Vaz,A,5.5,5.5,False,True
23,NI99ER NO.1,Borrelli,A,,,False,True
23,NI99ER NO.1,Sportiello,P,,,False,True
23,NI99ER NO.1,Rossi F.,P,,,False,True
23,ROMAZDA,Provedel,P,5.5,3.5,True,False
23,ROMAZDA,Carlos Augusto,D,6.0,6.0,True,False
23,ROMAZDA,Kolasinac,D,6.5,6.5,True,False
23,ROMAZDA,Bisseck,D,6.0,7.0,True,False
23,ROMAZDA,Zaniolo,C,6.5,6.5,True,False
23,ROMAZDA,Atta,C,6.0,5.5,True,False
23,ROMAZDA,Vergara,C,5.5,5.5,True,False
23,ROMAZDA,Luis Henrique,C,5.5,5.5,True,False
23,ROMAZDA,Yildiz,A,6.0,6.0,True,False
23,ROMAZDA,Esposito F.P.,A,7.0,10.0,True,False
23,ROMAZDA,Solomon,A,6.5,6.5,True,False
23,ROMAZDA,Fullkrug,A,4.5,2.5,False,True
23,ROMAZDA,Bonny,A,,,False,True
23,ROMAZDA,Boga,A,6.0,6.0,False,True
23,ROMAZDA,Gudmundsson A.,C,,,False,True
23,ROMAZDA,Tramoni M.,C,5.0,5.0,False,True
23,ROMAZDA,Santos A.,C,7.5,11.5,False,True
23,ROMAZDA,Berisha M.,C,,,False,True
23,ROMAZDA,Miranda J.,D,5.5,5.5,False,True
23,ROMAZDA,Olivera,D,6.0,6.0,False,True
23,ROMAZDA,Hien,D,,,False,True
23,ROMAZDA,Juan Jesus,D,,,False,True
23,ROMAZDA,Di Lorenzo,D,,,False,True
23,ROMAZDA,Motta,P,,,False,True
23,ROMAZDA,Furlanetto,P,,,False,True
23,F-22,Tornqvist,P,,,False,False
23,F-22,Kristensen T.,D,5.5,5.5,True,False
23,F-22,Bernasconi,D,6.5,7.0,True,False
23,F-22,Vojvoda,D,5.5,5.5,True,False
23,F-22,Norton-Cuffy,D,6.5,6.5,True,False
23,F-22,Pulisic,C,,,False,False
23,F-22,Bernardeschi,C,6.5,7.5,True,False
23,F-22,Modric,C,7.0,11.0,True,False
23,F-22,Zielinski,C,7.0,10.5,True,False
23,F-22,Scamacca,A,,,False,False
23,F-22,Malen,A,8.0,13.0,True,False
23,F-22,Vitinha O.,A,6.0,6.0,True,True
23,F-22,Isaac,A,,,False,True
23,F-22,Ratkov,A,6.0,6.0,False,True
23,F-22,Elmas,C,6.5,7.5,True,True
23,F-22,Brescianini,C,6.0,6.0,False,True
23,F-22,Taylor K.,C,6.0,5.5,False,True
23,F-22,Tourè I.,C,5.5,5.0,False,True
23,F-22,Frese,D,,,False,True
23,F-22,Tiago Gabriel,D,7.0,7.0,False,True
23,F-22,Marusic,D,5.5,5.5,False,True
23,F-22,Walukiewicz,D,6.0,6.0,False,True
23,F-22,Di Gregorio,P,5.5,2.5,True,True
23,F-22,Butez,P,6.0,4.0,False,True
23,F-22,Ferguson E.,A,,,False,True
24,NO ONE,Falcone,P,7.0,5.0,True,False
24,NO ONE,Zortea,D,,,False,False
24,NO ONE,Tomori,D,6.0,6.0,True,False
24,NO ONE,Bastoni,D,6.0,5.5,True,False
24,NO ONE,Mancini,D,6.5,6.5,True,False
24,NO ONE,Dodò,D,6.5,6.0,True,False
24,NO ONE,Baturina,C,6.0,6.0,True,False
24,NO ONE,Thuram K.,C,5.5,5.5,True,False
24,NO ONE,Malinovskyi,C,6.5,6.5,True,False
24,NO ONE,Laurientè,A,7.5,9.5,True,False
24,NO ONE,Zapata D.,A,5.5,5.5,True,False
24,NO ONE,Okoye,P,6.0,5.0,False,True
24,NO ONE,Sava,P,,,False,True
24,NO ONE,Kempf,D,6.5,6.5,True,True
24,NO ONE,Bellanova,D,5.5,5.5,False,True
24,NO ONE,Holm,D,,,False,True
24,NO ONE,Zerbin,C,6.0,6.0,False,True
24,NO ONE,Barella,C,,,False,True
24,NO ONE,Gaetano,C,,,False,True
24,NO ONE,Mandragora,C,,,False,True
24,NO ONE,Zambo Anguissa,C,,,False,True
24,NO ONE,Dybala,A,,,False,True
24,NO ONE,Addai,A,,,False,True
24,NO ONE,Orban G.,A,,,False,True
24,NO ONE,Diao,A,,,False,True
24,ROMOLO&ROMINA,Sommer,P,6.0,7.0,True,False
24,ROMOLO&ROMINA,Martin,D,,,False,False
24,ROMOLO&ROMINA,Luperto,D,5.5,5.5,True,False
24,ROMOLO&ROMINA,Kossounou,D,,,False,False
24,ROMOLO&ROMINA,Ellertsson,C,6.0,6.0,True,False
24,ROMOLO&ROMINA,Konè M.,C,6.0,6.0,True,False
24,ROMOLO&ROMINA,Thorstvedt,C,6.0,6.0,True,False
24,ROMOLO&ROMINA,Zaccagni,C,5.5,5.5,True,False
24,ROMOLO&ROMINA,Colombo,A,6.5,6.5,True,False
24,ROMOLO&ROMINA,Hojlund,A,6.0,6.0,True,False
24,ROMOLO&ROMINA,Krstovic,A,6.0,6.0,True,False
24,ROMOLO&ROMINA,Kilicsoy,A,6.0,6.0,False,True
24,ROMOLO&ROMINA,Durosinmi,A,5.5,5.5,False,True
24,ROMOLO&ROMINA,Adams C.,A,,,False,True
24,ROMOLO&ROMINA,Bernabè,C,6.0,6.0,False,True
24,ROMOLO&ROMINA,Messias,C,7.0,10.0,False,True
24,ROMOLO&ROMINA,Gutierrez,D,6.5,7.5,True,True
24,ROMOLO&ROMINA,Belghali,D,,,False,True
24,ROMOLO&ROMINA,Rrahmani,D,,,False,True
24,ROMOLO&ROMINA,Martinez Jo.,P,,,False,True
24,ROMOLO&ROMINA,Caprile,P,6.5,7.5,False,True
24,NI99ER NO.1,Carnesecchi,P,6.0,5.0,True,False
24,NI99ER NO.1,Gosens,D,,,False,False
24,NI99ER NO.1,Heggem,D,,,False,False
24,NI99ER NO.1,Ostigard,D,6.5,6.5,True,False
24,NI99ER NO.1,Cambiaso,D,5.5,5.5,True,False
24,NI99ER NO.1,Rabiot,C,6.5,6.5,True,False
24,NI99ER NO.1,Cataldi,C,6.5,6.5,True,False
24,NI99ER NO.1,Fofana Y.,C,,,False,False
24,NI99ER NO.1,Kean,A,7.0,11.0,True,False
24,NI99ER NO.1,Pellegrino M.,A,6.0,6.0,True,False
24,NI99ER NO.1,Douvikas,A,6.5,7.5,True,False
24,NI99ER NO.1,Hermoso,D,,,False,True
24,NI99ER NO.1,Beukema,D,6.5,9.5,True,True
24,NI99ER NO.1,Diego Carlos,D,6.0,6.0,True,True
24,NI99ER NO.1,Gaspar K.,D,,,False,True
24,NI99ER NO.1,Konè I.,C,6.5,6.5,True,True
24,NI99ER NO.1,Locatelli,C,6.0,5.5,False,True
24,NI99ER NO.1,Pobega,C,6.0,6.0,False,True
24,NI99ER NO.1,Pasalic,C,7.0,10.0,False,True
24,NI99ER NO.1,Basic,C,,,False,True
24,NI99ER NO.1,Giovane,A,5.5,5.5,False,True
24,NI99ER NO.1,Vaz,A,,,False,True
24,NI99ER NO.1,Borrelli,A,,,False,True
24,NI99ER NO.1,Sportiello,P,,,False,True
24,NI99ER NO.1,Rossi F.,P,,,False,True
24,ROMAZDA,Provedel,P,6.0,7.0,True,False
24,ROMAZDA,Miranda J.,D,6.0,5.5,True,False
24,ROMAZDA,Bisseck,D,6.0,6.0,True,False
24,ROMAZDA,Carlos Augusto,D,,,False,False
24,ROMAZDA,Zaniolo,C,5.5,5.5,True,False
24,ROMAZDA,Atta,C,6.0,6.0,True,False
24,ROMAZDA,Vergara,C,6.0,6.0,True,False
24,ROMAZDA,Luis Henrique,C,6.0,6.0,True,False
24,ROMAZDA,Yildiz,A,6.0,6.0,True,False
24,ROMAZDA,Esposito F.P.,A,6.0,6.0,True,False
24,ROMAZDA,Bonny,A,6.0,6.0,True,False
24,ROMAZDA,Solomon,A,6.0,6.0,False,True
24,ROMAZDA,Fullkrug,A,5.5,5.5,False,True
24,ROMAZDA,Boga,A,5.5,5.5,False,True
24,ROMAZDA,Gudmundsson A.,C,,,False,True
24,ROMAZDA,Santos A.,C,5.5,5.5,False,True
24,ROMAZDA,Tramoni M.,C,,,False,True
24,ROMAZDA,Berisha M.,C,,,False,True
24,ROMAZDA,Kolasinac,D,6.5,6.5,True,True
24,ROMAZDA,Juan Jesus,D,6.5,6.0,False,True
24,ROMAZDA,Olivera,D,5.0,5.0,False,True
24,ROMAZDA,Hien,D,5.5,5.5,False,True
24,ROMAZDA,Di Lorenzo,D,,,False,True
24,ROMAZDA,Motta,P,,,False,True
24,ROMAZDA,Furlanetto,P,,,False,True
24,ROMABOY,Meret,P,,,False,False
24,ROMABOY,Dimarco,D,7.0,8.0,True,False
24,ROMABOY,Akanji,D,7.0,10.0,True,False
24,ROMABOY,Zemura,D,6.5,6.5,True,False
24,ROMABOY,Scalvini,D,6.0,6.0,True,False
24,ROMABOY,Pellegrini Lo.,C,6.0,7.0,True,False
24,ROMABOY,McTominay,C,,,False,False
24,ROMABOY,McKennie,C,5.0,5.0,True,False
24,ROMABOY,Rowe,C,6.0,6.0,True,False
24,ROMABOY,Thuram,A,5.5,5.5,True,False
24,ROMABOY,Nkunku,A,,,False,False
24,ROMABOY,Moreo,A,6.0,6.0,True,True
24,ROMABOY,Stulic,A,,,False,True
24,ROMABOY,Dallinga,A,,,False,True
24,ROMABOY,Arena A.,A,,,False,True
24,ROMABOY,Milinkovic-Savic V.,P,6.5,4.5,True,True
24,ROMABOY,Contini,P,,,False,True
24,ROMABOY,Frattesi,C,5.5,5.5,True,True
24,ROMABOY,Zaragoza,C,5.5,5.5,False,True
24,ROMABOY,Ekkelenkamp,C,6.0,6.0,False,True
24,ROMABOY,Ferguson,C,,,False,True
24,ROMABOY,Pavlovic,D,5.5,5.5,False,True
24,ROMABOY,Gila,D,,,False,True
24,ROMABOY,Delprato,D,6.5,6.5,False,True
24,ROMABOY,Acerbi,D,,,False,True
24,OLD LIN,De Gea,P,6.0,7.0,True,False
24,OLD LIN,Zappa,D,,,False,False
24,OLD LIN,Djimsiti,D,6.0,6.0,True,False
24,OLD LIN,Baschirotto,D,,,False,False
24,OLD LIN,Ghilardi,D,6.0,6.0,True,False
24,OLD LIN,Strefezza,C,6.5,6.5,True,False
24,OLD LIN,Casadei,C,,,False,False
24,OLD LIN,Prati,C,5.5,5.5,True,False
24,OLD LIN,Orsolini,C,5.5,5.5,True,False
24,OLD LIN,Bonazzoli,A,5.5,5.5,True,False
24,OLD LIN,Berardi,A,7.0,11.0,True,False
24,OLD LIN,Christensen O.,P,,,False,True
24,OLD LIN,Lezzerini,P,,,False,True
24,OLD LIN,Zappacosta,D,6.0,6.0,True,True
24,OLD LIN,Doig,D,,,False,True
24,OLD LIN,Circati,D,,,False,True
24,OLD LIN,Ismajli,D,6.0,6.0,True,True
24,OLD LIN,Sohm,C,5.5,5.5,True,True
24,OLD LIN,Pierotti,C,5.5,5.5,False,True
24,OLD LIN,De Bruyne,C,,,False,True
24,OLD LIN,Gagliardini,C,,,False,True
24,OLD LIN,Cheddira,A,5.0,5.0,False,True
24,OLD LIN,Dominguez B.,A,,,False,True
24,OLD LIN,De Ketelaere,A,,,False,True
24,OLD LIN,Martinez L.,A,,,False,True
24,F-22,Tornqvist,P,,,False,False
24,F-22,Vojvoda,D,7.0,11.0,True,False
24,F-22,Bernasconi,D,6.5,7.5,True,False
24,F-22,Norton-Cuffy,D,7.0,11.0,True,False
24,F-22,Pulisic,C,6.0,6.0,True,False
24,F-22,Zielinski,C,6.5,6.5,True,False
24,F-22,Modric,C,6.0,6.0,True,False
24,F-22,Bernardeschi,C,7.0,10.0,True,False
24,F-22,Vitinha O.,A,,,False,False
24,F-22,Scamacca,A,6.5,6.5,True,False
24,F-22,Malen,A,7.0,7.0,True,False
24,F-22,Ratkov,A,6.0,6.0,True,True
24,F-22,Isaac,A,,,False,True
24,F-22,Taylor K.,C,6.0,6.0,False,True
24,F-22,Brescianini,C,6.0,6.0,False,True
24,F-22,Tourè I.,C,5.5,5.5,False,True
24,F-22,Elmas,C,5.5,5.5,False,True
24,F-22,Marusic,D,6.5,6.5,False,True
24,F-22,Kristensen T.,D,6.0,6.0,False,True
24,F-22,Frese,D,5.5,5.5,False,True
24,F-22,Walukiewicz,D,6.5,6.0,False,True
24,F-22,Tiago Gabriel,D,6.5,6.0,False,True
24,F-22,Butez,P,6.0,7.0,True,True
24,F-22,Di Gregorio,P,4.5,2.5,False,True
24,F-22,Ferguson E.,A,,,False,True
24,GIALLOROSSI,Maignan,P,6.0,5.0,True,False
24,GIALLOROSSI,Bartesaghi,D,5.5,5.5,True,False
24,GIALLOROSSI,Vasquez,D,6.5,6.5,True,False
24,GIALLOROSSI,Palestra,D,6.5,6.5,True,False
24,GIALLOROSSI,Maldini,C,5.5,5.5,True,False
24,GIALLOROSSI,Fagioli,C,6.0,6.0,True,False
24,GIALLOROSSI,Vlasic,C,6.0,6.0,True,False
24,GIALLOROSSI,Conceicao,C,6.0,6.0,True,False
24,GIALLOROSSI,Pinamonti,A,7.0,11.0,True,False
24,GIALLOROSSI,Lukaku,A,,,False,False
24,GIALLOROSSI,Castro S.,A,6.5,6.5,True,False
24,GIALLOROSSI,Terracciano,P,,,False,True
24,GIALLOROSSI,Torriani,P,,,False,True
24,GIALLOROSSI,Valeri,D,6.5,7.5,False,True
24,GIALLOROSSI,Marianucci,D,,,False,True
24,GIALLOROSSI,Estupinan,D,5.5,5.5,False,True
24,GIALLOROSSI,Kelly L.,D,5.5,5.5,False,True
24,GIALLOROSSI,Dumfries,D,,,False,True
24,GIALLOROSSI,Da Cunha,C,6.5,7.5,False,True
24,GIALLOROSSI,Miretti,C,5.5,5.5,False,True
24,GIALLOROSSI,Zhegrova,C,,,False,True
24,GIALLOROSSI,Calhanoglu,C,,,False,True
24,GIALLOROSSI,Esposito Se.,A,6.0,6.0,True,True
24,GIALLOROSSI,Piccoli,A,,,False,True
24,GIALLOROSSI,Davis K.,A,,,False,True
24,LUCKY LUKE,Skorupski,P,6.0,7.0,True,False
24,LUCKY LUKE,Celik,D,6.5,6.5,True,False
24,LUCKY LUKE,Gabbia,D,,,False,False
24,LUCKY LUKE,Solet,D,,,False,False
24,LUCKY LUKE,Ederson D.S.,C,,,False,False
24,LUCKY LUKE,Loftus-Cheek,C,,,False,False
24,LUCKY LUKE,Mkhitaryan,C,7.0,11.0,True,False
24,LUCKY LUKE,Politano,C,5.5,5.5,True,False
24,LUCKY LUKE,Sucic P.,C,5.5,5.5,True,False
24,LUCKY LUKE,David,A,5.5,5.5,True,False
24,LUCKY LUKE,Soulè,A,,,False,False
24,LUCKY LUKE,Ravaglia F.,P,,,False,True
24,LUCKY LUKE,Muric,P,6.0,7.0,False,True
24,LUCKY LUKE,Mina,D,5.0,4.0,True,True
24,LUCKY LUKE,N'Dicka,D,7.0,10.0,True,True
24,LUCKY LUKE,Gatti,D,6.0,6.0,False,True
24,LUCKY LUKE,Gallo,D,5.5,5.5,False,True
24,LUCKY LUKE,Lazaro,D,5.0,5.0,False,True
24,LUCKY LUKE,Cristante,C,7.5,12.5,True,True
24,LUCKY LUKE,Perrone,C,7.0,7.0,True,True
24,LUCKY LUKE,Lobotka,C,6.0,6.0,False,True
24,LUCKY LUKE,Openda,A,5.0,5.0,True,True
24,LUCKY LUKE,Cambiaghi,A,6.0,6.0,False,True
24,LUCKY LUKE,Nzola,A,6.0,6.0,False,True
24,LUCKY LUKE,Raspadori,A,,,False,True
24,NEVER IWOMAN,Svilar,P,6.5,7.5,True,False
24,NEVER IWOMAN,Spinazzola,D,5.5,5.5,True,False
24,NEVER IWOMAN,Ahanor,D,,,False,False
24,NEVER IWOMAN,Buongiorno,D,5.5,5.5,True,False
24,NEVER IWOMAN,Wesley,D,5.5,5.5,True,False
24,NEVER IWOMAN,Isaksen,C,5.5,5.5,True,False
24,NEVER IWOMAN,Fabbian,C,,,False,False
24,NEVER IWOMAN,Saelemaekers,C,5.5,5.0,True,False
24,NEVER IWOMAN,Leao,A,5.5,5.0,True,False
24,NEVER IWOMAN,Simeone,A,5.5,5.0,True,False
24,NEVER IWOMAN,Rodriguez Je.,A,,,False,False
24,NEVER IWOMAN,Cancellieri,A,5.5,5.5,True,True
24,NEVER IWOMAN,Morata,A,,,False,True
24,NEVER IWOMAN,Vardy,A,5.0,5.0,False,True
24,NEVER IWOMAN,Zalewski,C,7.0,7.5,True,True
24,NEVER IWOMAN,Odgaard,C,,,False,True
24,NEVER IWOMAN,Baldanzi,C,7.0,7.0,False,True
24,NEVER IWOMAN,Ondrejka,C,6.0,6.0,False,True
24,NEVER IWOMAN,Angelino,D,,,False,True
24,NEVER IWOMAN,Rensch,D,,,False,True
24,NEVER IWOMAN,Ramon,D,6.5,6.5,True,True
24,NEVER IWOMAN,Gollini,P,,,False,True
24,NEVER IWOMAN,Zelezny,P,,,False,True
24,NEVER IWOMAN,Serdar,C,,,False,True
24,NEVER IWOMAN,Bremer,D,,,False,True
25,NEVER IWOMAN,Svilar,P,6.0,3.0,True,False
25,NEVER IWOMAN,Spinazzola,D,6.0,6.0,True,False
25,NEVER IWOMAN,Buongiorno,D,6.0,6.0,True,False
25,NEVER IWOMAN,Ramon,D,6.5,6.5,True,False
25,NEVER IWOMAN,Wesley,D,7.0,9.5,True,False
25,NEVER IWOMAN,Ondrejka,C,,,False,False
25,NEVER IWOMAN,Odgaard,C,7.0,11.0,True,False
25,NEVER IWOMAN,Saelemaekers,C,5.5,5.5,True,False
25,NEVER IWOMAN,Leao,A,6.0,9.0,True,False
25,NEVER IWOMAN,Morata,A,5.5,5.5,True,False
25,NEVER IWOMAN,Rodriguez Je.,A,7.5,12.5,True,False
25,NEVER IWOMAN,Simeone,A,7.0,11.0,False,True
25,NEVER IWOMAN,Cancellieri,A,5.0,5.0,False,True
25,NEVER IWOMAN,Vardy,A,6.0,6.0,False,True
25,NEVER IWOMAN,Zalewski,C,5.5,5.0,True,True
25,NEVER IWOMAN,Isaksen,C,5.5,5.5,False,True
25,NEVER IWOMAN,Fabbian,C,5.5,5.5,False,True
25,NEVER IWOMAN,Baldanzi,C,5.5,5.5,False,True
25,NEVER IWOMAN,Ahanor,D,,,False,True
25,NEVER IWOMAN,Angelino,D,,,False,True
25,NEVER IWOMAN,Rensch,D,6.5,6.5,False,True
25,NEVER IWOMAN,Bremer,D,5.5,6.5,False,True
25,NEVER IWOMAN,Gollini,P,,,False,True
25,NEVER IWOMAN,Zelezny,P,,,False,True
25,NEVER IWOMAN,Serdar,C,,,False,True
25,OLD LIN,De Gea,P,6.0,3.0,True,False
25,OLD LIN,Zappacosta,D,6.5,7.5,True,False
25,OLD LIN,Djimsiti,D,6.0,6.0,True,False
25,OLD LIN,Circati,D,,,False,False
25,OLD LIN,Ghilardi,D,6.0,6.0,True,False
25,OLD LIN,Strefezza,C,6.0,6.0,True,False
25,OLD LIN,Casadei,C,6.0,6.0,True,False
25,OLD LIN,Prati,C,6.0,6.0,True,False
25,OLD LIN,Orsolini,C,5.5,5.5,True,False
25,OLD LIN,Bonazzoli,A,6.0,6.0,True,False
25,OLD LIN,Berardi,A,6.5,6.5,True,False
25,OLD LIN,Christensen O.,P,,,False,True
25,OLD LIN,Lezzerini,P,,,False,True
25,OLD LIN,Zappa,D,,,False,True
25,OLD LIN,Doig,D,,,False,True
25,OLD LIN,Baschirotto,D,,,False,True
25,OLD LIN,Ismajli,D,6.5,6.5,True,True
25,OLD LIN,Sohm,C,5.5,5.5,False,True
25,OLD LIN,Pierotti,C,5.5,5.5,False,True
25,OLD LIN,De Bruyne,C,,,False,True
25,OLD LIN,Gagliardini,C,6.0,6.0,False,True
25,OLD LIN,Cheddira,A,5.0,5.0,False,True
25,OLD LIN,Dominguez B.,A,,,False,True
25,OLD LIN,De Ketelaere,A,,,False,True
25,OLD LIN,Martinez L.,A,,,False,True
25,GIALLOROSSI,Maignan,P,6.0,7.0,True,False
25,GIALLOROSSI,Bartesaghi,D,6.0,6.0,True,False
25,GIALLOROSSI,Dumfries,D,,,False,False
25,GIALLOROSSI,Palestra,D,6.5,6.5,True,False
25,GIALLOROSSI,Maldini,C,,,False,False
25,GIALLOROSSI,Conceicao,C,6.5,9.5,True,False
25,GIALLOROSSI,Da Cunha,C,7.0,8.0,True,False
25,GIALLOROSSI,Vlasic,C,6.0,5.5,True,False
25,GIALLOROSSI,Esposito Se.,A,6.5,7.0,True,False
25,GIALLOROSSI,Lukaku,A,7.0,10.5,True,False
25,GIALLOROSSI,Castro S.,A,6.0,6.0,True,False
25,GIALLOROSSI,Terracciano,P,,,False,True
25,GIALLOROSSI,Torriani,P,,,False,True
25,GIALLOROSSI,Valeri,D,6.0,6.0,True,True
25,GIALLOROSSI,Vasquez,D,6.0,6.0,False,True
25,GIALLOROSSI,Marianucci,D,,,False,True
25,GIALLOROSSI,Estupinan,D,,,False,True
25,GIALLOROSSI,Kelly L.,D,5.0,5.0,False,True
25,GIALLOROSSI,Calhanoglu,C,7.0,8.5,True,True
25,GIALLOROSSI,Fagioli,C,5.5,5.5,False,True
25,GIALLOROSSI,Miretti,C,6.0,6.0,False,True
25,GIALLOROSSI,Zhegrova,C,6.5,6.5,False,True
25,GIALLOROSSI,Davis K.,A,7.5,9.5,False,True
25,GIALLOROSSI,Pinamonti,A,4.0,3.0,False,True
25,GIALLOROSSI,Piccoli,A,5.5,5.5,False,True
25,NI99ER NO.1,Carnesecchi,P,6.5,4.5,True,False
25,NI99ER NO.1,Gosens,D,,,False,False
25,NI99ER NO.1,Heggem,D,,,False,False
25,NI99ER NO.1,Beukema,D,6.0,6.0,True,False
25,NI99ER NO.1,Cambiaso,D,5.0,5.0,True,False
25,NI99ER NO.1,Rabiot,C,6.5,6.5,True,False
25,NI99ER NO.1,Cataldi,C,6.0,6.0,True,False
25,NI99ER NO.1,Fofana Y.,C,6.5,6.5,True,False
25,NI99ER NO.1,Kean,A,5.5,5.5,True,False
25,NI99ER NO.1,Pellegrino M.,A,5.5,5.0,True,False
25,NI99ER NO.1,Douvikas,A,7.0,10.0,True,False
25,NI99ER NO.1,Diego Carlos,D,6.0,6.0,True,True
25,NI99ER NO.1,Hermoso,D,,,False,True
25,NI99ER NO.1,Ostigard,D,6.0,6.0,True,True
25,NI99ER NO.1,Gaspar K.,D,,,False,True
25,NI99ER NO.1,Pasalic,C,5.0,5.0,False,True
25,NI99ER NO.1,Pobega,C,,,False,True
25,NI99ER NO.1,Konè I.,C,7.0,10.0,False,True
25,NI99ER NO.1,Locatelli,C,,,False,True
25,NI99ER NO.1,Basic,C,,,False,True
25,NI99ER NO.1,Giovane,A,6.5,7.5,False,True
25,NI99ER NO.1,Vaz,A,,,False,True
25,NI99ER NO.1,Borrelli,A,,,False,True
25,NI99ER NO.1,Sportiello,P,,,False,True
25,NI99ER NO.1,Rossi F.,P,,,False,True
25,ROMOLO&ROMINA,Sommer,P,6.0,7.0,True,False
25,ROMOLO&ROMINA,Kossounou,D,,,False,False
25,ROMOLO&ROMINA,Muharemovic,D,6.5,6.5,True,False
25,ROMOLO&ROMINA,Gutierrez,D,6.0,6.0,True,False
25,ROMOLO&ROMINA,Kalulu,D,5.5,5.5,True,False
25,ROMOLO&ROMINA,Konè M.,C,6.5,7.5,True,False
25,ROMOLO&ROMINA,Zaccagni,C,5.5,5.5,True,False
25,ROMOLO&ROMINA,Bernabè,C,6.5,6.5,True,False
25,ROMOLO&ROMINA,Paz N.,C,6.0,6.0,True,False
25,ROMOLO&ROMINA,Krstovic,A,6.0,6.0,True,False
25,ROMOLO&ROMINA,Hojlund,A,6.5,9.5,True,False
25,ROMOLO&ROMINA,Colombo,A,6.0,6.0,False,True
25,ROMOLO&ROMINA,Durosinmi,A,6.0,6.0,False,True
25,ROMOLO&ROMINA,Kilicsoy,A,5.5,5.5,False,True
25,ROMOLO&ROMINA,Adams C.,A,,,False,True
25,ROMOLO&ROMINA,Thorstvedt,C,7.0,11.0,False,True
25,ROMOLO&ROMINA,Messias,C,6.0,6.0,False,True
25,ROMOLO&ROMINA,Matic,C,6.0,5.5,False,True
25,ROMOLO&ROMINA,Ellertsson,C,5.5,5.5,False,True
25,ROMOLO&ROMINA,Martin,D,5.5,5.5,True,True
25,ROMOLO&ROMINA,Luperto,D,5.5,5.5,False,True
25,ROMOLO&ROMINA,Rrahmani,D,,,False,True
25,ROMOLO&ROMINA,Belghali,D,,,False,True
25,ROMOLO&ROMINA,Martinez Jo.,P,,,False,True
25,ROMOLO&ROMINA,Caprile,P,7.0,6.0,False,True
25,LUCKY LUKE,Skorupski,P,7.0,8.0,True,False
25,LUCKY LUKE,Celik,D,6.0,6.0,True,False
25,LUCKY LUKE,Gabbia,D,,,False,False
25,LUCKY LUKE,Solet,D,,,False,False
25,LUCKY LUKE,Ederson D.S.,C,,,False,False
25,LUCKY LUKE,Loftus-Cheek,C,,,False,False
25,LUCKY LUKE,Mkhitaryan,C,7.0,7.5,True,False
25,LUCKY LUKE,Politano,C,6.0,6.0,True,False
25,LUCKY LUKE,Sucic P.,C,,,False,False
25,LUCKY LUKE,David,A,5.5,5.5,True,False
25,LUCKY LUKE,Soulè,A,,,False,False
25,LUCKY LUKE,Ravaglia F.,P,,,False,True
25,LUCKY LUKE,Muric,P,7.5,6.5,False,True
25,LUCKY LUKE,Mina,D,,,False,True
25,LUCKY LUKE,N'Dicka,D,6.5,9.5,True,True
25,LUCKY LUKE,Gatti,D,7.0,11.0,True,True
25,LUCKY LUKE,Gallo,D,5.5,5.5,False,True
25,LUCKY LUKE,Lazaro,D,6.5,6.5,False,True
25,LUCKY LUKE,Cristante,C,5.5,5.5,True,True
25,LUCKY LUKE,Perrone,C,7.0,8.0,True,True
25,LUCKY LUKE,Lobotka,C,5.5,5.5,True,True
25,LUCKY LUKE,Openda,A,,,False,True
25,LUCKY LUKE,Cambiaghi,A,5.5,5.5,False,True
25,LUCKY LUKE,Nzola,A,6.0,6.0,False,True
25,LUCKY LUKE,Raspadori,A,,,False,True
25,ROMAZDA,Provedel,P,6.0,4.0,True,False
25,ROMAZDA,Miranda J.,D,,,False,False
25,ROMAZDA,Bisseck,D,6.0,6.0,True,False
25,ROMAZDA,Carlos Augusto,D,6.5,6.5,True,False
25,ROMAZDA,Zaniolo,C,7.0,8.0,True,False
25,ROMAZDA,Atta,C,,,False,False
25,ROMAZDA,Vergara,C,6.5,6.5,True,False
25,ROMAZDA,Luis Henrique,C,6.5,6.5,True,False
25,ROMAZDA,Yildiz,A,5.5,5.5,True,False
25,ROMAZDA,Esposito F.P.,A,6.0,6.0,True,False
25,ROMAZDA,Bonny,A,6.5,6.5,True,False
25,ROMAZDA,Solomon,A,,,False,True
25,ROMAZDA,Fullkrug,A,6.0,6.0,False,True
25,ROMAZDA,Boga,A,7.0,10.0,False,True
25,ROMAZDA,Gudmundsson A.,C,5.0,5.0,True,True
25,ROMAZDA,Santos A.,C,6.0,6.0,False,True
25,ROMAZDA,Tramoni M.,C,,,False,True
25,ROMAZDA,Berisha M.,C,,,False,True
25,ROMAZDA,Kolasinac,D,5.0,5.0,True,True
25,ROMAZDA,Juan Jesus,D,6.0,5.5,False,True
25,ROMAZDA,Olivera,D,,,False,True
25,ROMAZDA,Hien,D,6.0,6.0,False,True
25,ROMAZDA,Di Lorenzo,D,,,False,True
25,ROMAZDA,Motta,P,,,False,True
25,ROMAZDA,Furlanetto,P,,,False,True
25,NO ONE,Okoye,P,6.0,7.0,True,False
25,NO ONE,Zortea,D,6.0,6.0,True,False
25,NO ONE,Tomori,D,6.5,6.5,True,False
25,NO ONE,Kempf,D,6.5,9.5,True,False
25,NO ONE,Mancini,D,6.0,6.0,True,False
25,NO ONE,Bellanova,D,6.0,6.0,True,False
25,NO ONE,Mandragora,C,5.5,5.5,True,False
25,NO ONE,Barella,C,6.0,6.0,True,False
25,NO ONE,Malinovskyi,C,5.0,4.5,True,False
25,NO ONE,Diao,A,,,False,False
25,NO ONE,Dybala,A,,,False,False
25,NO ONE,Falcone,P,6.0,3.0,False,True
25,NO ONE,Sava,P,,,False,True
25,NO ONE,Dodò,D,,,False,True
25,NO ONE,Bastoni,D,,,False,True
25,NO ONE,Holm,D,,,False,True
25,NO ONE,Thuram K.,C,6.0,6.0,False,True
25,NO ONE,Zerbin,C,6.0,6.0,False,True
25,NO ONE,Zambo Anguissa,C,,,False,True
25,NO ONE,Gaetano,C,,,False,True
25,NO ONE,Baturina,C,,,False,True
25,NO ONE,Laurientè,A,7.0,9.0,True,True
25,NO ONE,Zapata D.,A,7.0,10.0,True,True
25,NO ONE,Addai,A,,,False,True
25,NO ONE,Orban G.,A,,,False,True
25,F-22,Tornqvist,P,,,False,False
25,F-22,Marusic,D,5.0,5.0,True,False
25,F-22,Bernasconi,D,6.0,5.5,True,False
25,F-22,Vojvoda,D,6.0,6.0,True,False
25,F-22,Pulisic,C,5.0,5.0,True,False
25,F-22,Taylor K.,C,5.0,5.0,True,False
25,F-22,Modric,C,7.0,7.0,True,False
25,F-22,Zielinski,C,6.0,6.0,True,False
25,F-22,Bernardeschi,C,5.5,5.5,True,False
25,F-22,Malen,A,7.0,10.0,True,False
25,F-22,Scamacca,A,5.5,5.5,True,False
25,F-22,Ratkov,A,5.0,5.0,False,True
25,F-22,Vitinha O.,A,5.5,5.5,False,True
25,F-22,Isaac,A,,,False,True
25,F-22,Ferguson E.,A,,,False,True
25,F-22,Elmas,C,6.0,5.5,False,True
25,F-22,Brescianini,C,6.0,6.0,False,True
25,F-22,Tourè I.,C,,,False,True
25,F-22,Kristensen T.,D,6.5,6.5,False,True
25,F-22,Norton-Cuffy,D,,,False,True
25,F-22,Tiago Gabriel,D,5.0,5.0,False,True
25,F-22,Frese,D,6.0,6.0,False,True
25,F-22,Walukiewicz,D,,,False,True
25,F-22,Butez,P,6.0,5.0,True,True
25,F-22,Di Gregorio,P,,,False,True
25,ROMABOY,Milinkovic-Savic V.,P,,,False,False
25,ROMABOY,Dimarco,D,7.0,11.0,True,False
25,ROMABOY,Akanji,D,6.0,6.0,True,False
25,ROMABOY,Pavlovic,D,7.0,11.0,True,False
25,ROMABOY,Scalvini,D,5.5,5.5,True,False
25,ROMABOY,Pellegrini Lo.,C,6.0,7.0,True,False
25,ROMABOY,McTominay,C,,,False,False
25,ROMABOY,McKennie,C,6.0,7.0,True,False
25,ROMABOY,Rowe,C,6.0,6.0,True,False
25,ROMABOY,Thuram,A,5.5,5.5,True,False
25,ROMABOY,Nkunku,A,6.5,7.5,True,False
25,ROMABOY,Moreo,A,6.5,6.5,False,True
25,ROMABOY,Stulic,A,5.5,5.5,False,True
25,ROMABOY,Dallinga,A,,,False,True
25,ROMABOY,Arena A.,A,,,False,True
25,ROMABOY,Frattesi,C,6.0,6.0,True,True
25,ROMABOY,Zaragoza,C,,,False,True
25,ROMABOY,Ekkelenkamp,C,6.0,6.0,False,True
25,ROMABOY,Ferguson,C,,,False,True
25,ROMABOY,Meret,P,6.0,5.0,True,True
25,ROMABOY,Contini,P,,,False,True
25,ROMABOY,Zemura,D,6.0,6.0,False,True
25,ROMABOY,Delprato,D,6.0,6.0,False,True
25,ROMABOY,Gila,D,,,False,True
25,ROMABOY,Acerbi,D,,,False,True
26,NEVER IWOMAN,Svilar,P,6.5,4.5,True,False
26,NEVER IWOMAN,Spinazzola,D,6.5,7.0,True,False
26,NEVER IWOMAN,Buongiorno,D,6.5,6.5,True,False
26,NEVER IWOMAN,Bremer,D,6.0,5.5,True,False
26,NEVER IWOMAN,Rensch,D,5.5,5.5,True,False
26,NEVER IWOMAN,Zalewski,C,6.5,7.5,True,False
26,NEVER IWOMAN,Odgaard,C,5.5,5.5,True,False
26,NEVER IWOMAN,Isaksen,C,6.0,6.0,True,False
26,NEVER IWOMAN,Leao,A,5.5,5.5,True,False
26,NEVER IWOMAN,Vardy,A,5.0,5.0,True,False
26,NEVER IWOMAN,Rodriguez Je.,A,6.0,6.0,True,False
26,NEVER IWOMAN,Morata,A,6.0,6.0,False,True
26,NEVER IWOMAN,Cancellieri,A,7.0,8.0,False,True
26,NEVER IWOMAN,Simeone,A,5.5,5.5,False,True
26,NEVER IWOMAN,Ondrejka,C,,,False,True
26,NEVER IWOMAN,Fabbian,C,5.5,5.5,False,True
26,NEVER IWOMAN,Saelemaekers,C,6.0,6.0,False,True
26,NEVER IWOMAN,Angelino,D,,,False,True
26,NEVER IWOMAN,Ramon,D,5.5,5.0,False,True
26,NEVER IWOMAN,Ahanor,D,,,False,True
26,NEVER IWOMAN,Gollini,P,,,False,True
26,NEVER IWOMAN,Zelezny,P,,,False,True
26,NEVER IWOMAN,Serdar,C,,,False,True
26,NEVER IWOMAN,Baldanzi,C,,,False,True
26,NEVER IWOMAN,Wesley,D,,,False,True
26,ROMABOY,Milinkovic-Savic V.,P,6.0,5.0,True,False
26,ROMABOY,Dimarco,D,5.5,5.5,True,False
26,ROMABOY,Akanji,D,6.0,6.0,True,False
26,ROMABOY,Pavlovic,D,7.0,7.0,True,False
26,ROMABOY,Scalvini,D,,,False,False
26,ROMABOY,Pellegrini Lo.,C,5.0,5.0,True,False
26,ROMABOY,McTominay,C,,,False,False
26,ROMABOY,McKennie,C,6.0,6.0,True,False
26,ROMABOY,Rowe,C,7.0,10.0,True,False
26,ROMABOY,Thuram,A,,,False,False
26,ROMABOY,Nkunku,A,,,False,False
26,ROMABOY,Moreo,A,6.0,6.0,True,True
26,ROMABOY,Stulic,A,7.0,10.0,True,True
26,ROMABOY,Dallinga,A,,,False,True
26,ROMABOY,Arena A.,A,,,False,True
26,ROMABOY,Zaragoza,C,,,False,True
26,ROMABOY,Meret,P,,,False,True
26,ROMABOY,Contini,P,,,False,True
26,ROMABOY,Zemura,D,,,False,True
26,ROMABOY,Delprato,D,6.5,6.5,True,True
26,ROMABOY,Gila,D,7.0,7.0,False,True
26,ROMABOY,Acerbi,D,,,False,True
26,ROMABOY,Frattesi,C,5.5,5.5,True,True
26,ROMABOY,Ekkelenkamp,C,6.0,6.0,False,True
26,ROMABOY,Ferguson,C,5.5,5.0,False,True
26,OLD LIN,De Gea,P,6.0,7.0,True,False
26,OLD LIN,Zappacosta,D,6.0,6.0,True,False
26,OLD LIN,Djimsiti,D,,,False,False
26,OLD LIN,Circati,D,6.0,6.0,True,False
26,OLD LIN,Ghilardi,D,6.0,6.0,True,False
26,OLD LIN,Strefezza,C,6.0,6.0,True,False
26,OLD LIN,De Bruyne,C,,,False,False
26,OLD LIN,Prati,C,6.0,6.0,True,False
26,OLD LIN,Orsolini,C,5.5,5.5,True,False
26,OLD LIN,Bonazzoli,A,7.0,10.0,True,False
26,OLD LIN,Berardi,A,5.5,5.5,True,False
26,OLD LIN,Christensen O.,P,,,False,True
26,OLD LIN,Lezzerini,P,,,False,True
26,OLD LIN,Zappa,D,6.0,6.0,True,True
26,OLD LIN,Doig,D,6.0,6.0,False,True
26,OLD LIN,Baschirotto,D,,,False,True
26,OLD LIN,Ismajli,D,6.0,5.5,False,True
26,OLD LIN,Sohm,C,6.0,6.0,True,True
26,OLD LIN,Pierotti,C,7.0,10.0,False,True
26,OLD LIN,Gagliardini,C,6.0,6.0,False,True
26,OLD LIN,Casadei,C,6.5,9.5,False,True
26,OLD LIN,Cheddira,A,5.5,5.5,False,True
26,OLD LIN,Dominguez B.,A,,,False,True
26,OLD LIN,De Ketelaere,A,,,False,True
26,OLD LIN,Martinez L.,A,,,False,True
26,ROMOLO&ROMINA,Sommer,P,6.0,5.0,True,False
26,ROMOLO&ROMINA,Gutierrez,D,6.0,6.0,True,False
26,ROMOLO&ROMINA,Muharemovic,D,5.5,5.5,True,False
26,ROMOLO&ROMINA,Kossounou,D,5.0,5.0,True,False
26,ROMOLO&ROMINA,Kalulu,D,6.5,6.5,True,False
26,ROMOLO&ROMINA,Bernabè,C,,,False,False
26,ROMOLO&ROMINA,Thorstvedt,C,6.5,7.5,True,False
26,ROMOLO&ROMINA,Konè M.,C,5.5,5.5,True,False
26,ROMOLO&ROMINA,Paz N.,C,6.0,6.0,True,False
26,ROMOLO&ROMINA,Krstovic,A,6.5,6.5,True,False
26,ROMOLO&ROMINA,Hojlund,A,6.0,6.0,True,False
26,ROMOLO&ROMINA,Colombo,A,6.0,6.0,False,True
26,ROMOLO&ROMINA,Kilicsoy,A,,,False,True
26,ROMOLO&ROMINA,Adams C.,A,6.0,7.0,False,True
26,ROMOLO&ROMINA,Durosinmi,A,5.5,5.5,False,True
26,ROMOLO&ROMINA,Zaccagni,C,5.5,5.5,True,True
26,ROMOLO&ROMINA,Matic,C,5.5,5.5,False,True
26,ROMOLO&ROMINA,Messias,C,7.0,9.0,False,True
26,ROMOLO&ROMINA,Ellertsson,C,6.5,6.5,False,True
26,ROMOLO&ROMINA,Martin,D,6.0,6.0,False,True
26,ROMOLO&ROMINA,Luperto,D,5.5,5.0,False,True
26,ROMOLO&ROMINA,Belghali,D,,,False,True
26,ROMOLO&ROMINA,Rrahmani,D,,,False,True
26,ROMOLO&ROMINA,Martinez Jo.,P,,,False,True
26,ROMOLO&ROMINA,Caprile,P,6.0,4.0,False,True
26,NO ONE,Falcone,P,6.5,5.5,True,False
26,NO ONE,Zortea,D,6.0,7.0,True,False
26,NO ONE,Kempf,D,5.5,5.5,True,False
26,NO ONE,Mancini,D,5.5,5.5,True,False
26,NO ONE,Dodò,D,6.0,5.5,True,False
26,NO ONE,Zerbin,C,5.5,5.5,True,False
26,NO ONE,Mandragora,C,5.5,5.0,True,False
26,NO ONE,Thuram K.,C,7.0,10.0,True,False
26,NO ONE,Baturina,C,7.0,10.0,True,False
26,NO ONE,Laurientè,A,7.0,9.5,True,False
26,NO ONE,Diao,A,,,False,False
26,NO ONE,Okoye,P,5.5,3.0,False,True
26,NO ONE,Sava,P,,,False,True
26,NO ONE,Bastoni,D,6.0,5.5,False,True
26,NO ONE,Tomori,D,6.0,6.0,False,True
26,NO ONE,Bellanova,D,5.5,5.5,False,True
26,NO ONE,Holm,D,,,False,True
26,NO ONE,Barella,C,5.5,5.5,False,True
26,NO ONE,Malinovskyi,C,6.5,6.5,False,True
26,NO ONE,Zambo Anguissa,C,6.0,6.0,False,True
26,NO ONE,Gaetano,C,,,False,True
26,NO ONE,Zapata D.,A,5.0,5.0,True,True
26,NO ONE,Orban G.,A,6.5,7.5,False,True
26,NO ONE,Addai,A,,,False,True
26,NO ONE,Dybala,A,,,False,True
26,GIALLOROSSI,Maignan,P,6.5,7.5,True,False
26,GIALLOROSSI,Palestra,D,6.5,6.0,True,False
26,GIALLOROSSI,Kelly L.,D,6.0,6.0,True,False
26,GIALLOROSSI,Dumfries,D,6.0,5.5,True,False
26,GIALLOROSSI,Maldini,C,7.0,10.0,True,False
26,GIALLOROSSI,Calhanoglu,C,,,False,False
26,GIALLOROSSI,Da Cunha,C,7.5,11.5,True,False
26,GIALLOROSSI,Conceicao,C,7.0,8.0,True,False
26,GIALLOROSSI,Davis K.,A,7.0,10.0,True,False
26,GIALLOROSSI,Lukaku,A,,,False,False
26,GIALLOROSSI,Castro S.,A,5.0,5.0,True,False
26,GIALLOROSSI,Terracciano,P,,,False,True
26,GIALLOROSSI,Torriani,P,,,False,True
26,GIALLOROSSI,Valeri,D,6.0,6.0,False,True
26,GIALLOROSSI,Vasquez,D,6.0,6.0,False,True
26,GIALLOROSSI,Bartesaghi,D,,,False,True
26,GIALLOROSSI,Estupinan,D,7.0,11.0,False,True
26,GIALLOROSSI,Marianucci,D,,,False,True
26,GIALLOROSSI,Fagioli,C,5.5,5.5,True,True
26,GIALLOROSSI,Vlasic,C,6.5,6.5,False,True
26,GIALLOROSSI,Zhegrova,C,,,False,True
26,GIALLOROSSI,Miretti,C,,,False,True
26,GIALLOROSSI,Piccoli,A,5.0,5.0,True,True
26,GIALLOROSSI,Esposito Se.,A,7.0,9.5,False,True
26,GIALLOROSSI,Pinamonti,A,,,False,True
26,NI99ER NO.1,Carnesecchi,P,6.0,4.0,True,False
26,NI99ER NO.1,Gosens,D,6.0,6.0,True,False
26,NI99ER NO.1,Cambiaso,D,7.0,11.0,True,False
26,NI99ER NO.1,Beukema,D,,,False,False
26,NI99ER NO.1,Pasalic,C,6.5,6.5,True,False
26,NI99ER NO.1,Rabiot,C,6.5,6.0,True,False
26,NI99ER NO.1,Cataldi,C,6.0,6.0,True,False
26,NI99ER NO.1,Locatelli,C,7.0,8.0,True,False
26,NI99ER NO.1,Kean,A,,,False,False
26,NI99ER NO.1,Pellegrino M.,A,5.5,5.5,True,False
26,NI99ER NO.1,Douvikas,A,6.0,6.0,True,False
26,NI99ER NO.1,Diego Carlos,D,,,False,True
26,NI99ER NO.1,Ostigard,D,7.0,7.0,True,True
26,NI99ER NO.1,Hermoso,D,,,False,True
26,NI99ER NO.1,Heggem,D,,,False,True
26,NI99ER NO.1,Gaspar K.,D,,,False,True
26,NI99ER NO.1,Pobega,C,,,False,True
26,NI99ER NO.1,Basic,C,,,False,True
26,NI99ER NO.1,Konè I.,C,6.0,6.0,False,True
26,NI99ER NO.1,Fofana Y.,C,6.5,7.5,False,True
26,NI99ER NO.1,Giovane,A,,,False,True
26,NI99ER NO.1,Vaz,A,,,False,True
26,NI99ER NO.1,Borrelli,A,,,False,True
26,NI99ER NO.1,Sportiello,P,,,False,True
26,NI99ER NO.1,Rossi F.,P,,,False,True
26,F-22,Tornqvist,P,,,False,False
26,F-22,Bernasconi,D,6.0,6.0,True,False
26,F-22,Marusic,D,7.0,11.0,True,False
26,F-22,Vojvoda,D,6.0,6.0,True,False
26,F-22,Taylor K.,C,6.5,6.5,True,False
26,F-22,Pulisic,C,6.5,6.5,True,False
26,F-22,Zielinski,C,5.5,5.5,True,False
26,F-22,Modric,C,7.0,6.5,True,False
26,F-22,Bernardeschi,C,6.0,6.0,True,False
26,F-22,Scamacca,A,7.5,14.5,True,False
26,F-22,Malen,A,5.5,5.0,True,False
26,F-22,Ratkov,A,,,False,True
26,F-22,Vitinha O.,A,7.0,11.0,False,True
26,F-22,Isaac,A,,,False,True
26,F-22,Brescianini,C,,,False,True
26,F-22,Elmas,C,7.0,11.0,False,True
26,F-22,Tourè I.,C,,,False,True
26,F-22,Norton-Cuffy,D,,,False,True
26,F-22,Tiago Gabriel,D,5.5,5.5,False,True
26,F-22,Kristensen T.,D,6.0,9.0,False,True
26,F-22,Frese,D,7.0,10.0,False,True
26,F-22,Walukiewicz,D,5.5,5.0,False,True
26,F-22,Butez,P,6.5,5.5,True,True
26,F-22,Di Gregorio,P,,,False,True
26,F-22,Ferguson E.,A,,,False,True
26,LUCKY LUKE,Skorupski,P,6.5,4.5,True,False
26,LUCKY LUKE,Celik,D,5.5,5.5,True,False
26,LUCKY LUKE,N'Dicka,D,6.5,9.0,True,False
26,LUCKY LUKE,Solet,D,,,False,False
26,LUCKY LUKE,Cristante,C,6.0,5.5,True,False
26,LUCKY LUKE,Loftus-Cheek,C,,,False,False
26,LUCKY LUKE,Mkhitaryan,C,6.0,6.0,True,False
26,LUCKY LUKE,Politano,C,6.5,7.5,True,False
26,LUCKY LUKE,Perrone,C,6.0,6.0,True,False
26,LUCKY LUKE,David,A,5.0,5.0,True,False
26,LUCKY LUKE,Soulè,A,,,False,False
26,LUCKY LUKE,Ravaglia F.,P,,,False,True
26,LUCKY LUKE,Muric,P,5.0,3.0,False,True
26,LUCKY LUKE,Openda,A,,,False,True
26,LUCKY LUKE,Cambiaghi,A,,,False,True
26,LUCKY LUKE,Nzola,A,6.0,6.0,True,True
26,LUCKY LUKE,Raspadori,A,,,False,True
26,LUCKY LUKE,Gallo,D,6.5,7.5,True,True
26,LUCKY LUKE,Lazaro,D,5.0,4.5,False,True
26,LUCKY LUKE,Mina,D,,,False,True
26,LUCKY LUKE,Gatti,D,6.0,6.0,False,True
26,LUCKY LUKE,Gabbia,D,,,False,True
26,LUCKY LUKE,Lobotka,C,,,False,True
26,LUCKY LUKE,Sucic P.,C,5.5,5.5,True,True
26,LUCKY LUKE,Ederson D.S.,C,,,False,True
26,ROMAZDA,Provedel,P,,,False,False
26,ROMAZDA,Olivera,D,6.0,6.0,True,False
26,ROMAZDA,Hien,D,5.5,5.5,True,False
26,ROMAZDA,Bisseck,D,5.5,5.5,True,False
26,ROMAZDA,Santos A.,C,7.0,10.0,True,False
26,ROMAZDA,Gudmundsson A.,C,5.5,5.5,True,False
26,ROMAZDA,Vergara,C,6.0,6.0,True,False
26,ROMAZDA,Zaniolo,C,6.5,7.5,True,False
26,ROMAZDA,Yildiz,A,7.5,11.5,True,False
26,ROMAZDA,Esposito F.P.,A,5.5,5.5,True,False
26,ROMAZDA,Boga,A,7.0,10.0,True,False
26,ROMAZDA,Bonny,A,5.0,5.0,False,True
26,ROMAZDA,Fullkrug,A,6.0,6.0,False,True
26,ROMAZDA,Solomon,A,,,False,True
26,ROMAZDA,Atta,C,6.0,6.0,False,True
26,ROMAZDA,Luis Henrique,C,5.0,5.0,False,True
26,ROMAZDA,Tramoni M.,C,,,False,True
26,ROMAZDA,Berisha M.,C,,,False,True
26,ROMAZDA,Juan Jesus,D,6.0,6.0,False,True
26,ROMAZDA,Kolasinac,D,6.0,6.0,False,True
26,ROMAZDA,Carlos Augusto,D,6.0,6.0,False,True
26,ROMAZDA,Miranda J.,D,,,False,True
26,ROMAZDA,Di Lorenzo,D,,,False,True
26,ROMAZDA,Motta,P,6.0,5.0,True,True
26,ROMAZDA,Furlanetto,P,,,False,True
27,GIALLOROSSI,Maignan,P,6.0,5.0,True,False
27,GIALLOROSSI,Palestra,D,5.0,5.0,True,False
27,GIALLOROSSI,Estupinan,D,5.0,4.5,True,False
27,GIALLOROSSI,Valeri,D,5.0,5.0,True,False
27,GIALLOROSSI,Dumfries,D,5.0,5.0,True,False
27,GIALLOROSSI,Maldini,C,6.5,6.5,True,False
27,GIALLOROSSI,Vlasic,C,7.0,7.0,True,False
27,GIALLOROSSI,Conceicao,C,6.5,6.5,True,False
27,GIALLOROSSI,Davis K.,A,6.0,6.0,True,False
27,GIALLOROSSI,Lukaku,A,,,False,False
27,GIALLOROSSI,Piccoli,A,7.5,12.5,True,False
27,GIALLOROSSI,Terracciano,P,,,False,True
27,GIALLOROSSI,Torriani,P,,,False,True
27,GIALLOROSSI,Vasquez,D,6.5,6.5,False,True
27,GIALLOROSSI,Bartesaghi,D,6.0,6.0,False,True
27,GIALLOROSSI,Kelly L.,D,6.0,5.5,False,True
27,GIALLOROSSI,Marianucci,D,,,False,True
27,GIALLOROSSI,Da Cunha,C,7.0,7.0,False,True
27,GIALLOROSSI,Calhanoglu,C,,,False,True
27,GIALLOROSSI,Fagioli,C,7.0,7.0,False,True
27,GIALLOROSSI,Zhegrova,C,,,False,True
27,GIALLOROSSI,Miretti,C,,,False,True
27,GIALLOROSSI,Castro S.,A,6.0,6.0,True,True
27,GIALLOROSSI,Pinamonti,A,5.5,5.5,False,True
27,GIALLOROSSI,Esposito Se.,A,,,False,True
27,LUCKY LUKE,Skorupski,P,6.5,7.5,True,False
27,LUCKY LUKE,Celik,D,6.0,6.0,True,False
27,LUCKY LUKE,N'Dicka,D,,,False,False
27,LUCKY LUKE,Solet,D,,,False,False
27,LUCKY LUKE,Cristante,C,5.0,5.0,True,False
27,LUCKY LUKE,Loftus-Cheek,C,,,False,False
27,LUCKY LUKE,Mkhitaryan,C,6.0,6.0,True,False
27,LUCKY LUKE,Politano,C,7.5,12.5,True,False
27,LUCKY LUKE,Perrone,C,6.0,6.0,True,False
27,LUCKY LUKE,David,A,,,False,False
27,LUCKY LUKE,Soulè,A,,,False,False
27,LUCKY LUKE,Ravaglia F.,P,,,False,True
27,LUCKY LUKE,Muric,P,6.0,5.0,False,True
27,LUCKY LUKE,Openda,A,,,False,True
27,LUCKY LUKE,Cambiaghi,A,6.0,6.0,True,True
27,LUCKY LUKE,Nzola,A,5.5,5.0,True,True
27,LUCKY LUKE,Raspadori,A,,,False,True
27,LUCKY LUKE,Gallo,D,6.0,7.0,True,True
27,LUCKY LUKE,Lazaro,D,,,False,True
27,LUCKY LUKE,Mina,D,6.0,6.0,True,True
27,LUCKY LUKE,Gatti,D,,,False,True
27,LUCKY LUKE,Gabbia,D,,,False,True
27,LUCKY LUKE,Lobotka,C,,,False,True
27,LUCKY LUKE,Sucic P.,C,5.5,5.0,True,True
27,LUCKY LUKE,Ederson D.S.,C,6.5,6.5,False,True
27,ROMOLO&ROMINA,Caprile,P,6.0,3.0,True,False
27,ROMOLO&ROMINA,Martin,D,6.5,7.5,True,False
27,ROMOLO&ROMINA,Muharemovic,D,6.5,6.5,True,False
27,ROMOLO&ROMINA,Kalulu,D,6.0,6.0,True,False
27,ROMOLO&ROMINA,Gutierrez,D,6.0,6.0,True,False
27,ROMOLO&ROMINA,Messias,C,6.0,6.0,True,False
27,ROMOLO&ROMINA,Thorstvedt,C,6.0,6.0,True,False
27,ROMOLO&ROMINA,Konè M.,C,5.0,5.0,True,False
27,ROMOLO&ROMINA,Paz N.,C,5.5,5.5,True,False
27,ROMOLO&ROMINA,Colombo,A,6.0,6.0,True,False
27,ROMOLO&ROMINA,Hojlund,A,7.0,10.0,True,False
27,ROMOLO&ROMINA,Kilicsoy,A,5.0,5.0,False,True
27,ROMOLO&ROMINA,Adams C.,A,7.0,8.0,False,True
27,ROMOLO&ROMINA,Krstovic,A,7.0,11.0,False,True
27,ROMOLO&ROMINA,Durosinmi,A,4.0,3.0,False,True
27,ROMOLO&ROMINA,Zaccagni,C,6.0,6.0,False,True
27,ROMOLO&ROMINA,Ellertsson,C,6.0,6.0,False,True
27,ROMOLO&ROMINA,Matic,C,5.5,5.5,False,True
27,ROMOLO&ROMINA,Bernabè,C,,,False,True
27,ROMOLO&ROMINA,Luperto,D,4.5,4.5,False,True
27,ROMOLO&ROMINA,Kossounou,D,,,False,True
27,ROMOLO&ROMINA,Belghali,D,5.5,5.5,False,True
27,ROMOLO&ROMINA,Rrahmani,D,,,False,True
27,ROMOLO&ROMINA,Sommer,P,6.0,5.0,False,True
27,ROMOLO&ROMINA,Martinez Jo.,P,,,False,True
27,NEVER IWOMAN,Svilar,P,6.0,4.0,True,False
27,NEVER IWOMAN,Spinazzola,D,6.0,6.0,True,False
27,NEVER IWOMAN,Buongiorno,D,6.5,6.5,True,False
27,NEVER IWOMAN,Bremer,D,6.5,6.5,True,False
27,NEVER IWOMAN,Wesley,D,5.5,4.5,True,False
27,NEVER IWOMAN,Isaksen,C,7.0,11.0,True,False
27,NEVER IWOMAN,Odgaard,C,6.5,6.5,True,False
27,NEVER IWOMAN,Saelemaekers,C,6.0,6.0,True,False
27,NEVER IWOMAN,Leao,A,5.0,5.0,True,False
27,NEVER IWOMAN,Vardy,A,,,False,False
27,NEVER IWOMAN,Simeone,A,7.5,10.5,True,False
27,NEVER IWOMAN,Morata,A,,,False,True
27,NEVER IWOMAN,Rodriguez Je.,A,6.0,6.0,True,True
27,NEVER IWOMAN,Cancellieri,A,,,False,True
27,NEVER IWOMAN,Fabbian,C,,,False,True
27,NEVER IWOMAN,Ondrejka,C,,,False,True
27,NEVER IWOMAN,Zalewski,C,5.5,5.5,False,True
27,NEVER IWOMAN,Angelino,D,,,False,True
27,NEVER IWOMAN,Ramon,D,6.5,6.5,False,True
27,NEVER IWOMAN,Rensch,D,5.5,5.5,False,True
27,NEVER IWOMAN,Ahanor,D,,,False,True
27,NEVER IWOMAN,Gollini,P,,,False,True
27,NEVER IWOMAN,Zelezny,P,,,False,True
27,NEVER IWOMAN,Baldanzi,C,,,False,True
27,NEVER IWOMAN,Serdar,C,,,False,True
27,ROMABOY,Milinkovic-Savic V.,P,,,False,False
27,ROMABOY,Dimarco,D,6.0,6.0,True,False
27,ROMABOY,Akanji,D,6.0,6.0,True,False
27,ROMABOY,Pavlovic,D,6.0,6.0,True,False
27,ROMABOY,Scalvini,D,6.0,6.0,True,False
27,ROMABOY,Pellegrini Lo.,C,6.5,6.5,True,False
27,ROMABOY,McTominay,C,6.5,6.5,True,False
27,ROMABOY,McKennie,C,6.0,6.0,True,False
27,ROMABOY,Rowe,C,,,False,False
27,ROMABOY,Thuram,A,5.5,5.5,True,False
27,ROMABOY,Nkunku,A,5.5,5.5,True,False
27,ROMABOY,Moreo,A,7.5,9.5,False,True
27,ROMABOY,Stulic,A,5.5,5.5,False,True
27,ROMABOY,Dallinga,A,7.0,10.5,False,True
27,ROMABOY,Arena A.,A,,,False,True
27,ROMABOY,Zaragoza,C,,,False,True
27,ROMABOY,Meret,P,6.0,5.0,True,True
27,ROMABOY,Contini,P,,,False,True
27,ROMABOY,Zemura,D,,,False,True
27,ROMABOY,Delprato,D,5.0,4.5,False,True
27,ROMABOY,Gila,D,7.0,7.0,False,True
27,ROMABOY,Acerbi,D,,,False,True
27,ROMABOY,Frattesi,C,5.5,5.5,True,True
27,ROMABOY,Ekkelenkamp,C,5.5,5.5,False,True
27,ROMABOY,Ferguson,C,,,False,True
27,NI99ER NO.1,Carnesecchi,P,5.5,4.5,True,False
27,NI99ER NO.1,Gosens,D,6.5,7.5,True,False
27,NI99ER NO.1,Ostigard,D,7.0,10.0,True,False
27,NI99ER NO.1,Beukema,D,5.5,5.5,True,False
27,NI99ER NO.1,Cambiaso,D,6.0,6.0,True,False
27,NI99ER NO.1,Fofana Y.,C,6.0,6.0,True,False
27,NI99ER NO.1,Pasalic,C,5.5,5.5,True,False
27,NI99ER NO.1,Locatelli,C,6.5,6.5,True,False
27,NI99ER NO.1,Kean,A,,,False,False
27,NI99ER NO.1,Pellegrino M.,A,7.0,10.0,True,False
27,NI99ER NO.1,Douvikas,A,7.0,10.0,True,False
27,NI99ER NO.1,Heggem,D,,,False,True
27,NI99ER NO.1,Hermoso,D,5.0,5.0,False,True
27,NI99ER NO.1,Diego Carlos,D,6.5,10.0,False,True
27,NI99ER NO.1,Gaspar K.,D,,,False,True
27,NI99ER NO.1,Rabiot,C,,,False,True
27,NI99ER NO.1,Cataldi,C,,,False,True
27,NI99ER NO.1,Pobega,C,,,False,True
27,NI99ER NO.1,Basic,C,,,False,True
27,NI99ER NO.1,Konè I.,C,6.0,6.0,False,True
27,NI99ER NO.1,Giovane,A,,,False,True
27,NI99ER NO.1,Vaz,A,5.5,5.5,True,True
27,NI99ER NO.1,Borrelli,A,,,False,True
27,NI99ER NO.1,Sportiello,P,,,False,True
27,NI99ER NO.1,Rossi F.,P,,,False,True
27,ROMAZDA,Provedel,P,,,False,False
27,ROMAZDA,Olivera,D,6.0,6.0,True,False
27,ROMAZDA,Hien,D,6.0,6.0,True,False
27,ROMAZDA,Bisseck,D,6.5,6.5,True,False
27,ROMAZDA,Santos A.,C,5.5,5.5,True,False
27,ROMAZDA,Gudmundsson A.,C,7.0,10.5,True,False
27,ROMAZDA,Vergara,C,,,False,False
27,ROMAZDA,Zaniolo,C,5.0,4.5,True,False
27,ROMAZDA,Yildiz,A,7.0,8.0,True,False
27,ROMAZDA,Esposito F.P.,A,7.0,10.0,True,False
27,ROMAZDA,Boga,A,7.0,11.0,True,False
27,ROMAZDA,Bonny,A,5.5,5.5,False,True
27,ROMAZDA,Fullkrug,A,5.5,5.5,False,True
27,ROMAZDA,Solomon,A,,,False,True
27,ROMAZDA,Atta,C,5.5,5.5,True,True
27,ROMAZDA,Luis Henrique,C,5.5,5.5,False,True
27,ROMAZDA,Tramoni M.,C,6.5,6.5,False,True
27,ROMAZDA,Berisha M.,C,,,False,True
27,ROMAZDA,Juan Jesus,D,,,False,True
27,ROMAZDA,Kolasinac,D,5.5,5.0,False,True
27,ROMAZDA,Carlos Augusto,D,6.5,6.0,False,True
27,ROMAZDA,Miranda J.,D,6.5,6.5,False,True
27,ROMAZDA,Di Lorenzo,D,,,False,True
27,ROMAZDA,Motta,P,6.5,7.0,True,True
27,ROMAZDA,Furlanetto,P,,,False,True
27,OLD LIN,De Gea,P,6.0,5.0,True,False
27,OLD LIN,Zappacosta,D,6.5,6.5,True,False
27,OLD LIN,Djimsiti,D,6.0,6.0,True,False
27,OLD LIN,Circati,D,4.5,4.5,True,False
27,OLD LIN,Ismajli,D,6.5,6.5,True,False
27,OLD LIN,Strefezza,C,6.5,7.0,True,False
27,OLD LIN,De Bruyne,C,6.5,6.5,True,False
27,OLD LIN,Prati,C,6.0,6.0,True,False
27,OLD LIN,Orsolini,C,6.0,6.0,True,False
27,OLD LIN,Bonazzoli,A,5.0,5.0,True,False
27,OLD LIN,Berardi,A,5.5,5.5,True,False
27,OLD LIN,Christensen O.,P,,,False,True
27,OLD LIN,Lezzerini,P,,,False,True
27,OLD LIN,Zappa,D,5.0,5.0,False,True
27,OLD LIN,Doig,D,6.0,6.0,False,True
27,OLD LIN,Baschirotto,D,,,False,True
27,OLD LIN,Ghilardi,D,5.5,5.0,False,True
27,OLD LIN,Sohm,C,6.5,6.5,False,True
27,OLD LIN,Pierotti,C,5.5,5.5,False,True
27,OLD LIN,Gagliardini,C,5.5,5.5,False,True
27,OLD LIN,Casadei,C,,,False,True
27,OLD LIN,Cheddira,A,6.0,6.0,False,True
27,OLD LIN,Dominguez B.,A,,,False,True
27,OLD LIN,De Ketelaere,A,6.0,5.5,False,True
27,OLD LIN,Martinez L.,A,,,False,True
27,F-22,Tornqvist,P,,,False,False
27,F-22,Vojvoda,D,,,False,False
27,F-22,Marusic,D,6.5,7.5,True,False
27,F-22,Norton-Cuffy,D,6.0,6.0,True,False
27,F-22,Brescianini,C,6.5,6.5,True,False
27,F-22,Modric,C,6.0,6.0,True,False
27,F-22,Elmas,C,5.0,5.0,True,False
27,F-22,Pulisic,C,5.5,5.5,True,False
27,F-22,Bernardeschi,C,,,False,False
27,F-22,Vitinha O.,A,7.0,10.5,True,False
27,F-22,Malen,A,6.5,8.5,True,False
27,F-22,Scamacca,A,5.5,5.5,False,True
27,F-22,Isaac,A,,,False,True
27,F-22,Ratkov,A,,,False,True
27,F-22,Zielinski,C,5.5,5.5,True,True
27,F-22,Tourè I.,C,,,False,True
27,F-22,Taylor K.,C,6.5,6.5,False,True
27,F-22,Bernasconi,D,5.5,5.5,True,True
27,F-22,Frese,D,5.5,5.5,False,True
27,F-22,Kristensen T.,D,6.0,6.0,False,True
27,F-22,Walukiewicz,D,5.5,5.5,False,True
27,F-22,Tiago Gabriel,D,5.5,5.5,False,True
27,F-22,Butez,P,6.0,5.0,True,True
27,F-22,Di Gregorio,P,,,False,True
27,F-22,Ferguson E.,A,,,False,True
27,NO ONE,Okoye,P,7.0,6.0,True,False
27,NO ONE,Zortea,D,5.5,5.0,True,False
27,NO ONE,Bastoni,D,,,False,False
27,NO ONE,Mancini,D,6.0,6.0,True,False
27,NO ONE,Dodò,D,7.5,10.5,True,False
27,NO ONE,Zambo Anguissa,C,5.0,5.0,True,False
27,NO ONE,Mandragora,C,6.5,7.0,True,False
27,NO ONE,Malinovskyi,C,6.0,6.0,True,False
27,NO ONE,Laurientè,A,6.0,6.0,True,False
27,NO ONE,Zapata D.,A,7.0,10.0,True,False
27,NO ONE,Orban G.,A,5.5,5.5,True,False
27,NO ONE,Falcone,P,6.0,4.0,False,True
27,NO ONE,Sava,P,,,False,True
27,NO ONE,Kempf,D,6.0,6.0,True,True
27,NO ONE,Tomori,D,6.0,6.0,False,True
27,NO ONE,Bellanova,D,,,False,True
27,NO ONE,Holm,D,,,False,True
27,NO ONE,Thuram K.,C,6.0,6.0,False,True
27,NO ONE,Barella,C,6.5,7.5,False,True
27,NO ONE,Baturina,C,6.5,6.5,False,True
27,NO ONE,Zerbin,C,5.5,5.5,False,True
27,NO ONE,Gaetano,C,5.5,5.5,False,True
27,NO ONE,Diao,A,7.0,7.0,False,True
27,NO ONE,Addai,A,,,False,True
27,NO ONE,Dybala,A,,,False,True
28,ROMAZDA,Motta,P,7.0,10.0,True,False
28,ROMAZDA,Kolasinac,D,6.5,6.5,True,False
28,ROMAZDA,Bisseck,D,6.5,6.5,True,False
28,ROMAZDA,Carlos Augusto,D,6.0,5.5,True,False
28,ROMAZDA,Santos A.,C,6.0,6.0,True,False
28,ROMAZDA,Gudmundsson A.,C,6.0,6.0,True,False
28,ROMAZDA,Atta,C,5.5,5.5,True,False
28,ROMAZDA,Zaniolo,C,6.5,7.0,True,False
28,ROMAZDA,Yildiz,A,7.0,10.0,True,False
28,ROMAZDA,Esposito F.P.,A,7.0,10.0,True,False
28,ROMAZDA,Boga,A,5.5,5.5,True,False
28,ROMAZDA,Bonny,A,5.5,5.5,False,True
28,ROMAZDA,Fullkrug,A,5.5,5.5,False,True
28,ROMAZDA,Solomon,A,,,False,True
28,ROMAZDA,Luis Henrique,C,,,False,True
28,ROMAZDA,Tramoni M.,C,5.5,5.5,False,True
28,ROMAZDA,Berisha M.,C,,,False,True
28,ROMAZDA,Vergara,C,,,False,True
28,ROMAZDA,Olivera,D,5.5,5.0,False,True
28,ROMAZDA,Miranda J.,D,5.5,5.5,False,True
28,ROMAZDA,Hien,D,6.0,5.5,False,True
28,ROMAZDA,Juan Jesus,D,,,False,True
28,ROMAZDA,Di Lorenzo,D,,,False,True
28,ROMAZDA,Furlanetto,P,,,False,True
28,ROMAZDA,Provedel,P,,,False,True
28,NEVER IWOMAN,Svilar,P,6.0,7.0,True,False
28,NEVER IWOMAN,Spinazzola,D,6.0,6.0,True,False
28,NEVER IWOMAN,Bremer,D,5.5,5.0,True,False
28,NEVER IWOMAN,Ramon,D,,,False,False
28,NEVER IWOMAN,Ondrejka,C,5.5,5.0,True,False
28,NEVER IWOMAN,Zalewski,C,5.5,5.5,True,False
28,NEVER IWOMAN,Baldanzi,C,5.5,5.5,True,False
28,NEVER IWOMAN,Odgaard,C,,,False,False
28,NEVER IWOMAN,Saelemaekers,C,6.0,6.0,True,False
28,NEVER IWOMAN,Vardy,A,6.5,7.5,True,False
28,NEVER IWOMAN,Morata,A,6.0,6.0,True,False
28,NEVER IWOMAN,Rodriguez Je.,A,6.0,6.0,False,True
28,NEVER IWOMAN,Cancellieri,A,6.0,6.0,False,True
28,NEVER IWOMAN,Simeone,A,7.0,10.0,False,True
28,NEVER IWOMAN,Isaksen,C,5.5,5.5,True,True
28,NEVER IWOMAN,Fabbian,C,,,False,True
28,NEVER IWOMAN,Ahanor,D,,,False,True
28,NEVER IWOMAN,Buongiorno,D,6.0,6.0,True,True
28,NEVER IWOMAN,Rensch,D,6.0,6.0,False,True
28,NEVER IWOMAN,Angelino,D,6.0,5.5,False,True
28,NEVER IWOMAN,Gollini,P,,,False,True
28,NEVER IWOMAN,Zelezny,P,,,False,True
28,NEVER IWOMAN,Leao,A,,,False,True
28,NEVER IWOMAN,Serdar,C,,,False,True
28,NEVER IWOMAN,Wesley,D,,,False,True
28,GIALLOROSSI,Maignan,P,6.5,4.5,True,False
28,GIALLOROSSI,Bartesaghi,D,6.5,6.5,True,False
28,GIALLOROSSI,Dumfries,D,6.0,6.0,True,False
28,GIALLOROSSI,Palestra,D,6.0,6.0,True,False
28,GIALLOROSSI,Maldini,C,5.5,5.5,True,False
28,GIALLOROSSI,Calhanoglu,C,6.0,6.0,True,False
28,GIALLOROSSI,Da Cunha,C,6.5,6.5,True,False
28,GIALLOROSSI,Conceicao,C,7.0,8.0,True,False
28,GIALLOROSSI,Davis K.,A,7.0,9.5,True,False
28,GIALLOROSSI,Lukaku,A,,,False,False
28,GIALLOROSSI,Castro S.,A,5.0,4.5,True,False
28,GIALLOROSSI,Terracciano,P,,,False,True
28,GIALLOROSSI,Torriani,P,,,False,True
28,GIALLOROSSI,Vasquez,D,6.0,6.0,False,True
28,GIALLOROSSI,Valeri,D,5.5,5.5,False,True
28,GIALLOROSSI,Estupinan,D,,,False,True
28,GIALLOROSSI,Kelly L.,D,6.0,6.0,False,True
28,GIALLOROSSI,Marianucci,D,,,False,True
28,GIALLOROSSI,Vlasic,C,7.0,9.0,False,True
28,GIALLOROSSI,Fagioli,C,6.5,6.5,False,True
28,GIALLOROSSI,Zhegrova,C,,,False,True
28,GIALLOROSSI,Miretti,C,5.5,5.5,False,True
28,GIALLOROSSI,Pinamonti,A,7.0,11.0,True,True
28,GIALLOROSSI,Esposito Se.,A,6.0,6.0,False,True
28,GIALLOROSSI,Piccoli,A,,,False,True
28,OLD LIN,De Gea,P,6.5,5.5,True,False
28,OLD LIN,Zappacosta,D,7.0,11.0,True,False
28,OLD LIN,Djimsiti,D,6.0,6.0,True,False
28,OLD LIN,Circati,D,5.5,5.5,True,False
28,OLD LIN,Ismajli,D,5.5,5.5,True,False
28,OLD LIN,Orsolini,C,5.0,3.0,True,False
28,OLD LIN,De Bruyne,C,6.0,6.0,True,False
28,OLD LIN,Strefezza,C,5.0,5.0,True,False
28,OLD LIN,De Ketelaere,A,6.5,6.5,True,False
28,OLD LIN,Martinez L.,A,,,False,False
28,OLD LIN,Berardi,A,6.5,7.5,True,False
28,OLD LIN,Christensen O.,P,,,False,True
28,OLD LIN,Lezzerini,P,,,False,True
28,OLD LIN,Zappa,D,,,False,True
28,OLD LIN,Doig,D,,,False,True
28,OLD LIN,Baschirotto,D,,,False,True
28,OLD LIN,Ghilardi,D,6.0,6.0,False,True
28,OLD LIN,Sohm,C,5.0,5.0,False,True
28,OLD LIN,Casadei,C,5.5,5.5,False,True
28,OLD LIN,Prati,C,5.5,5.5,False,True
28,OLD LIN,Pierotti,C,6.0,5.5,False,True
28,OLD LIN,Gagliardini,C,5.5,5.0,False,True
28,OLD LIN,Bonazzoli,A,6.5,6.5,True,True
28,OLD LIN,Cheddira,A,5.5,5.5,False,True
28,OLD LIN,Dominguez B.,A,5.5,5.5,False,True
28,ROMABOY,Milinkovic-Savic V.,P,6.0,7.0,True,False
28,ROMABOY,Dimarco,D,5.5,5.0,True,False
28,ROMABOY,Akanji,D,6.0,6.0,True,False
28,ROMABOY,Pavlovic,D,7.0,9.5,True,False
28,ROMABOY,Scalvini,D,6.0,6.0,True,False
28,ROMABOY,Pellegrini Lo.,C,6.0,6.0,True,False
28,ROMABOY,McTominay,C,7.0,11.0,True,False
28,ROMABOY,McKennie,C,5.5,5.5,True,False
28,ROMABOY,Rowe,C,5.5,5.5,True,False
28,ROMABOY,Thuram,A,6.0,6.0,True,False
28,ROMABOY,Nkunku,A,5.5,5.5,True,False
28,ROMABOY,Stulic,A,5.5,5.5,False,True
28,ROMABOY,Dallinga,A,5.5,5.5,False,True
28,ROMABOY,Arena A.,A,6.0,6.0,False,True
28,ROMABOY,Zaragoza,C,,,False,True
28,ROMABOY,Meret,P,,,False,True
28,ROMABOY,Contini,P,,,False,True
28,ROMABOY,Zemura,D,,,False,True
28,ROMABOY,Delprato,D,,,False,True
28,ROMABOY,Gila,D,6.0,6.0,False,True
28,ROMABOY,Acerbi,D,6.0,6.0,False,True
28,ROMABOY,Frattesi,C,6.0,6.0,False,True
28,ROMABOY,Ekkelenkamp,C,6.5,10.5,False,True
28,ROMABOY,Ferguson,C,,,False,True
28,ROMABOY,Moreo,A,5.0,5.0,False,True
28,ROMOLO&ROMINA,Sommer,P,5.5,4.5,True,False
28,ROMOLO&ROMINA,Muharemovic,D,7.0,7.0,True,False
28,ROMOLO&ROMINA,Martin,D,,,False,False
28,ROMOLO&ROMINA,Gutierrez,D,6.5,6.5,True,False
28,ROMOLO&ROMINA,Kalulu,D,6.5,6.5,True,False
28,ROMOLO&ROMINA,Ellertsson,C,5.5,5.5,True,False
28,ROMOLO&ROMINA,Thorstvedt,C,,,False,False
28,ROMOLO&ROMINA,Paz N.,C,7.0,10.0,True,False
28,ROMOLO&ROMINA,Colombo,A,6.0,5.5,True,False
28,ROMOLO&ROMINA,Krstovic,A,6.0,6.0,True,False
28,ROMOLO&ROMINA,Hojlund,A,6.0,6.0,True,False
28,ROMOLO&ROMINA,Adams C.,A,5.5,5.5,False,True
28,ROMOLO&ROMINA,Kilicsoy,A,5.5,5.5,False,True
28,ROMOLO&ROMINA,Messias,C,6.0,6.0,True,True
28,ROMOLO&ROMINA,Matic,C,,,False,True
28,ROMOLO&ROMINA,Konè M.,C,,,False,True
28,ROMOLO&ROMINA,Bernabè,C,,,False,True
28,ROMOLO&ROMINA,Zaccagni,C,,,False,True
28,ROMOLO&ROMINA,Belghali,D,5.5,5.5,True,True
28,ROMOLO&ROMINA,Kossounou,D,,,False,True
28,ROMOLO&ROMINA,Luperto,D,6.5,6.5,False,True
28,ROMOLO&ROMINA,Rrahmani,D,,,False,True
28,ROMOLO&ROMINA,Martinez Jo.,P,,,False,True
28,ROMOLO&ROMINA,Caprile,P,6.5,5.5,False,True
28,NI99ER NO.1,Carnesecchi,P,6.5,7.5,True,False
28,NI99ER NO.1,Gosens,D,5.5,5.5,True,False
28,NI99ER NO.1,Ostigard,D,5.5,5.5,True,False
28,NI99ER NO.1,Beukema,D,6.5,6.5,True,False
28,NI99ER NO.1,Cambiaso,D,5.5,5.5,True,False
28,NI99ER NO.1,Rabiot,C,7.0,10.0,True,False
28,NI99ER NO.1,Pasalic,C,5.5,5.5,True,False
28,NI99ER NO.1,Locatelli,C,5.0,3.0,True,False
28,NI99ER NO.1,Kean,A,5.5,5.0,True,False
28,NI99ER NO.1,Pellegrino M.,A,5.0,5.0,True,False
28,NI99ER NO.1,Douvikas,A,7.0,10.0,True,False
28,NI99ER NO.1,Hermoso,D,7.0,8.0,False,True
28,NI99ER NO.1,Heggem,D,6.0,6.0,False,True
28,NI99ER NO.1,Diego Carlos,D,6.5,6.5,False,True
28,NI99ER NO.1,Gaspar K.,D,,,False,True
28,NI99ER NO.1,Fofana Y.,C,7.0,11.0,False,True
28,NI99ER NO.1,Cataldi,C,,,False,True
28,NI99ER NO.1,Pobega,C,,,False,True
28,NI99ER NO.1,Basic,C,,,False,True
28,NI99ER NO.1,Konè I.,C,6.0,6.0,False,True
28,NI99ER NO.1,Vaz,A,7.0,11.0,False,True
28,NI99ER NO.1,Giovane,A,,,False,True
28,NI99ER NO.1,Borrelli,A,,,False,True
28,NI99ER NO.1,Sportiello,P,,,False,True
28,NI99ER NO.1,Rossi F.,P,,,False,True
28,NO ONE,Okoye,P,6.5,8.5,True,False
28,NO ONE,Zortea,D,5.5,5.5,True,False
28,NO ONE,Bastoni,D,,,False,False
28,NO ONE,Kempf,D,6.5,6.5,True,False
28,NO ONE,Mancini,D,6.0,6.0,True,False
28,NO ONE,Baturina,C,7.0,10.0,True,False
28,NO ONE,Thuram K.,C,5.5,5.5,True,False
28,NO ONE,Barella,C,6.0,6.5,True,False
28,NO ONE,Malinovskyi,C,6.5,6.5,True,False
28,NO ONE,Laurientè,A,6.0,6.0,True,False
28,NO ONE,Diao,A,7.5,12.5,True,False
28,NO ONE,Falcone,P,6.0,5.0,False,True
28,NO ONE,Sava,P,,,False,True
28,NO ONE,Dodò,D,6.5,6.5,True,True
28,NO ONE,Tomori,D,6.0,5.5,False,True
28,NO ONE,Bellanova,D,,,False,True
28,NO ONE,Holm,D,,,False,True
28,NO ONE,Zambo Anguissa,C,6.0,6.0,False,True
28,NO ONE,Gaetano,C,6.0,6.0,False,True
28,NO ONE,Mandragora,C,,,False,True
28,NO ONE,Zerbin,C,6.0,6.0,False,True
28,NO ONE,Zapata D.,A,5.5,5.5,False,True
28,NO ONE,Orban G.,A,5.0,5.0,False,True
28,NO ONE,Addai,A,,,False,True
28,NO ONE,Dybala,A,,,False,True
28,F-22,Tornqvist,P,,,False,False
28,F-22,Bernasconi,D,6.0,6.0,True,False
28,F-22,Vojvoda,D,,,False,False
28,F-22,Norton-Cuffy,D,5.5,5.5,True,False
28,F-22,Elmas,C,,,False,False
28,F-22,Modric,C,6.5,6.5,True,False
28,F-22,Zielinski,C,5.5,5.5,True,False
28,F-22,Pulisic,C,6.5,7.5,True,False
28,F-22,Bernardeschi,C,5.5,5.5,True,False
28,F-22,Malen,A,6.0,6.0,True,False
28,F-22,Scamacca,A,,,False,False
28,F-22,Vitinha O.,A,5.0,5.0,True,True
28,F-22,Ratkov,A,,,False,True
28,F-22,Isaac,A,,,False,True
28,F-22,Taylor K.,C,8.0,14.5,True,True
28,F-22,Tourè I.,C,,,False,True
28,F-22,Brescianini,C,5.5,5.0,False,True
28,F-22,Marusic,D,6.0,6.0,True,True
28,F-22,Kristensen T.,D,6.5,6.5,False,True
28,F-22,Walukiewicz,D,5.5,5.5,False,True
28,F-22,Tiago Gabriel,D,7.0,7.0,False,True
28,F-22,Frese,D,5.5,5.5,False,True
28,F-22,Butez,P,6.0,7.0,True,True
28,F-22,Di Gregorio,P,,,False,True
28,F-22,Ferguson E.,A,,,False,True
28,LUCKY LUKE,Skorupski,P,,,False,False
28,LUCKY LUKE,Celik,D,,,False,False
28,LUCKY LUKE,N'Dicka,D,6.5,6.5,True,False
28,LUCKY LUKE,Solet,D,7.0,6.5,True,False
28,LUCKY LUKE,Cristante,C,6.5,6.5,True,False
28,LUCKY LUKE,Loftus-Cheek,C,,,False,False
28,LUCKY LUKE,Mkhitaryan,C,,,False,False
28,LUCKY LUKE,Politano,C,6.5,6.5,True,False
28,LUCKY LUKE,Perrone,C,7.5,10.5,True,False
28,LUCKY LUKE,David,A,,,False,False
28,LUCKY LUKE,Soulè,A,,,False,False
28,LUCKY LUKE,Ravaglia F.,P,6.0,4.0,True,True
28,LUCKY LUKE,Muric,P,7.5,8.5,False,True
28,LUCKY LUKE,Openda,A,,,False,True
28,LUCKY LUKE,Cambiaghi,A,5.5,5.5,True,True
28,LUCKY LUKE,Nzola,A,,,False,True
28,LUCKY LUKE,Raspadori,A,5.5,5.5,True,True
28,LUCKY LUKE,Gallo,D,5.5,5.5,True,True
28,LUCKY LUKE,Lazaro,D,,,False,True
28,LUCKY LUKE,Mina,D,6.5,6.5,False,True
28,LUCKY LUKE,Gatti,D,,,False,True
28,LUCKY LUKE,Gabbia,D,,,False,True
28,LUCKY LUKE,Lobotka,C,6.0,5.5,True,True
28,LUCKY LUKE,Sucic P.,C,,,False,True
28,LUCKY LUKE,Ederson D.S.,C,6.5,6.5,False,True
29,NEVER IWOMAN,Svilar,P,5.5,0.5,True,False
29,NEVER IWOMAN,Spinazzola,D,6.5,6.5,True,False
29,NEVER IWOMAN,Buongiorno,D,6.0,5.5,True,False
29,NEVER IWOMAN,Bremer,D,7.0,10.5,True,False
29,NEVER IWOMAN,Rensch,D,6.0,7.0,True,False
29,NEVER IWOMAN,Ondrejka,C,,,False,False
29,NEVER IWOMAN,Zalewski,C,6.0,6.0,True,False
29,NEVER IWOMAN,Baldanzi,C,6.5,6.5,True,False
29,NEVER IWOMAN,Isaksen,C,5.5,5.5,True,False
29,NEVER IWOMAN,Simeone,A,5.5,5.5,True,False
29,NEVER IWOMAN,Vardy,A,,,False,False
29,NEVER IWOMAN,Morata,A,,,False,True
29,NEVER IWOMAN,Rodriguez Je.,A,,,False,True
29,NEVER IWOMAN,Leao,A,,,False,True
29,NEVER IWOMAN,Cancellieri,A,6.0,6.0,True,True
29,NEVER IWOMAN,Fabbian,C,5.5,5.5,True,True
29,NEVER IWOMAN,Saelemaekers,C,6.0,6.0,False,True
29,NEVER IWOMAN,Angelino,D,,,False,True
29,NEVER IWOMAN,Ramon,D,,,False,True
29,NEVER IWOMAN,Ahanor,D,,,False,True
29,NEVER IWOMAN,Gollini,P,,,False,True
29,NEVER IWOMAN,Zelezny,P,,,False,True
29,NEVER IWOMAN,Serdar,C,,,False,True
29,NEVER IWOMAN,Odgaard,C,,,False,True
29,NEVER IWOMAN,Wesley,D,,,False,True
29,GIALLOROSSI,Maignan,P,6.0,5.0,True,False
29,GIALLOROSSI,Palestra,D,6.0,6.0,True,False
29,GIALLOROSSI,Kelly L.,D,6.5,7.5,True,False
29,GIALLOROSSI,Dumfries,D,6.5,6.5,True,False
29,GIALLOROSSI,Maldini,C,5.5,5.5,True,False
29,GIALLOROSSI,Calhanoglu,C,7.5,11.5,True,False
29,GIALLOROSSI,Vlasic,C,5.5,5.5,True,False
29,GIALLOROSSI,Conceicao,C,6.5,7.5,True,False
29,GIALLOROSSI,Esposito Se.,A,7.0,9.0,True,False
29,GIALLOROSSI,Pinamonti,A,7.0,10.5,True,False
29,GIALLOROSSI,Castro S.,A,6.0,6.0,True,False
29,GIALLOROSSI,Terracciano,P,,,False,True
29,GIALLOROSSI,Torriani,P,,,False,True
29,GIALLOROSSI,Vasquez,D,5.0,5.0,False,True
29,GIALLOROSSI,Bartesaghi,D,5.5,5.5,False,True
29,GIALLOROSSI,Valeri,D,6.5,6.5,False,True
29,GIALLOROSSI,Estupinan,D,,,False,True
29,GIALLOROSSI,Marianucci,D,,,False,True
29,GIALLOROSSI,Da Cunha,C,6.0,6.0,False,True
29,GIALLOROSSI,Fagioli,C,7.0,10.5,False,True
29,GIALLOROSSI,Zhegrova,C,,,False,True
29,GIALLOROSSI,Miretti,C,,,False,True
29,GIALLOROSSI,Piccoli,A,5.5,5.5,False,True
29,GIALLOROSSI,Lukaku,A,,,False,True
29,GIALLOROSSI,Davis K.,A,,,False,True
29,LUCKY LUKE,Skorupski,P,,,False,False
29,LUCKY LUKE,Celik,D,5.5,5.5,True,False
29,LUCKY LUKE,N'Dicka,D,5.0,5.0,True,False
29,LUCKY LUKE,Solet,D,7.0,7.0,True,False
29,LUCKY LUKE,Cristante,C,5.0,5.0,True,False
29,LUCKY LUKE,Loftus-Cheek,C,,,False,False
29,LUCKY LUKE,Mkhitaryan,C,6.0,6.0,True,False
29,LUCKY LUKE,Politano,C,7.0,10.5,True,False
29,LUCKY LUKE,Perrone,C,5.5,5.0,True,False
29,LUCKY LUKE,David,A,6.0,6.0,True,False
29,LUCKY LUKE,Soulè,A,5.5,5.5,True,False
29,LUCKY LUKE,Ravaglia F.,P,6.0,4.5,True,True
29,LUCKY LUKE,Muric,P,5.5,4.5,False,True
29,LUCKY LUKE,Openda,A,,,False,True
29,LUCKY LUKE,Cambiaghi,A,,,False,True
29,LUCKY LUKE,Nzola,A,,,False,True
29,LUCKY LUKE,Raspadori,A,7.0,10.0,False,True
29,LUCKY LUKE,Gallo,D,,,False,True
29,LUCKY LUKE,Lazaro,D,,,False,True
29,LUCKY LUKE,Mina,D,5.5,5.5,False,True
29,LUCKY LUKE,Gatti,D,,,False,True
29,LUCKY LUKE,Gabbia,D,,,False,True
29,LUCKY LUKE,Lobotka,C,6.0,6.0,True,True
29,LUCKY LUKE,Sucic P.,C,6.0,6.0,False,True
29,LUCKY LUKE,Ederson D.S.,C,7.0,7.0,False,True
29,NI99ER NO.1,Carnesecchi,P,6.0,7.0,True,False
29,NI99ER NO.1,Gosens,D,6.0,6.0,True,False
29,NI99ER NO.1,Ostigard,D,5.0,5.0,True,False
29,NI99ER NO.1,Heggem,D,,,False,False
29,NI99ER NO.1,Cambiaso,D,6.0,6.0,True,False
29,NI99ER NO.1,Rabiot,C,6.0,6.0,True,False
29,NI99ER NO.1,Pasalic,C,6.5,7.0,True,False
29,NI99ER NO.1,Cataldi,C,6.0,6.0,True,False
29,NI99ER NO.1,Kean,A,5.0,5.0,True,False
29,NI99ER NO.1,Pellegrino M.,A,6.0,5.5,True,False
29,NI99ER NO.1,Douvikas,A,5.5,5.5,True,False
29,NI99ER NO.1,Diego Carlos,D,6.5,6.0,True,True
29,NI99ER NO.1,Beukema,D,,,False,True
29,NI99ER NO.1,Hermoso,D,5.0,5.0,False,True
29,NI99ER NO.1,Gaspar K.,D,,,False,True
29,NI99ER NO.1,Konè I.,C,6.0,6.0,False,True
29,NI99ER NO.1,Fofana Y.,C,5.5,5.5,False,True
29,NI99ER NO.1,Locatelli,C,6.5,6.0,False,True
29,NI99ER NO.1,Pobega,C,,,False,True
29,NI99ER NO.1,Basic,C,,,False,True
29,NI99ER NO.1,Vaz,A,,,False,True
29,NI99ER NO.1,Giovane,A,6.0,6.0,False,True
29,NI99ER NO.1,Borrelli,A,5.0,5.0,False,True
29,NI99ER NO.1,Sportiello,P,,,False,True
29,NI99ER NO.1,Rossi F.,P,,,False,True
29,NO ONE,Okoye,P,6.0,7.0,True,False
29,NO ONE,Zortea,D,,,False,False
29,NO ONE,Mancini,D,7.0,10.0,True,False
29,NO ONE,Kempf,D,6.0,6.0,True,False
29,NO ONE,Bellanova,D,6.0,6.0,True,False
29,NO ONE,Baturina,C,6.0,6.0,True,False
29,NO ONE,Thuram K.,C,6.0,5.5,True,False
29,NO ONE,Gaetano,C,6.0,6.0,True,False
29,NO ONE,Laurientè,A,5.5,5.5,True,False
29,NO ONE,Orban G.,A,5.5,5.5,True,False
29,NO ONE,Diao,A,6.0,6.0,True,False
29,NO ONE,Falcone,P,7.0,4.0,False,True
29,NO ONE,Sava,P,,,False,True
29,NO ONE,Bastoni,D,6.0,6.0,True,True
29,NO ONE,Tomori,D,6.0,6.0,False,True
29,NO ONE,Holm,D,,,False,True
29,NO ONE,Dodò,D,,,False,True
29,NO ONE,Barella,C,7.5,10.5,False,True
29,NO ONE,Zambo Anguissa,C,6.0,6.0,False,True
29,NO ONE,Malinovskyi,C,5.0,5.0,False,True
29,NO ONE,Zerbin,C,5.5,5.5,False,True
29,NO ONE,Mandragora,C,,,False,True
29,NO ONE,Zapata D.,A,,,False,True
29,NO ONE,Addai,A,,,False,True
29,NO ONE,Dybala,A,,,False,True
29,ROMABOY,Milinkovic-Savic V.,P,6.0,7.0,True,False
29,ROMABOY,Dimarco,D,6.5,6.5,True,False
29,ROMABOY,Akanji,D,7.0,7.0,True,False
29,ROMABOY,Pavlovic,D,6.5,6.5,True,False
29,ROMABOY,Scalvini,D,7.0,11.0,True,False
29,ROMABOY,Pellegrini Lo.,C,6.0,9.0,True,False
29,ROMABOY,McTominay,C,6.0,6.0,True,False
29,ROMABOY,McKennie,C,6.5,9.0,True,False
29,ROMABOY,Rowe,C,7.0,11.0,True,False
29,ROMABOY,Thuram,A,7.5,12.5,True,False
29,ROMABOY,Nkunku,A,5.5,5.5,True,False
29,ROMABOY,Stulic,A,,,False,True
29,ROMABOY,Arena A.,A,,,False,True
29,ROMABOY,Meret,P,,,False,True
29,ROMABOY,Contini,P,,,False,True
29,ROMABOY,Zemura,D,,,False,True
29,ROMABOY,Delprato,D,7.0,10.0,False,True
29,ROMABOY,Gila,D,,,False,True
29,ROMABOY,Acerbi,D,6.0,6.0,False,True
29,ROMABOY,Ekkelenkamp,C,5.5,5.5,False,True
29,ROMABOY,Frattesi,C,,,False,True
29,ROMABOY,Zaragoza,C,,,False,True
29,ROMABOY,Ferguson,C,5.0,4.0,False,True
29,ROMABOY,Dallinga,A,,,False,True
29,ROMABOY,Moreo,A,5.5,5.5,False,True
29,ROMOLO&ROMINA,Sommer,P,6.5,4.5,True,False
29,ROMOLO&ROMINA,Belghali,D,6.5,6.0,True,False
29,ROMOLO&ROMINA,Martin,D,5.0,3.0,True,False
29,ROMOLO&ROMINA,Gutierrez,D,6.0,6.0,True,False
29,ROMOLO&ROMINA,Kalulu,D,6.0,6.0,True,False
29,ROMOLO&ROMINA,Bernabè,C,6.0,6.0,True,False
29,ROMOLO&ROMINA,Thorstvedt,C,6.5,6.5,True,False
29,ROMOLO&ROMINA,Paz N.,C,5.5,5.5,True,False
29,ROMOLO&ROMINA,Adams C.,A,7.0,11.0,True,False
29,ROMOLO&ROMINA,Krstovic,A,7.0,10.0,True,False
29,ROMOLO&ROMINA,Hojlund,A,,,False,False
29,ROMOLO&ROMINA,Colombo,A,5.5,5.5,True,True
29,ROMOLO&ROMINA,Kilicsoy,A,,,False,True
29,ROMOLO&ROMINA,Matic,C,6.0,6.0,False,True
29,ROMOLO&ROMINA,Ellertsson,C,5.5,5.5,False,True
29,ROMOLO&ROMINA,Messias,C,5.5,5.5,False,True
29,ROMOLO&ROMINA,Zaccagni,C,,,False,True
29,ROMOLO&ROMINA,Konè M.,C,,,False,True
29,ROMOLO&ROMINA,Muharemovic,D,,,False,True
29,ROMOLO&ROMINA,Kossounou,D,6.0,6.0,False,True
29,ROMOLO&ROMINA,Luperto,D,5.5,5.5,False,True
29,ROMOLO&ROMINA,Rrahmani,D,,,False,True
29,ROMOLO&ROMINA,Martinez Jo.,P,,,False,True
29,ROMOLO&ROMINA,Caprile,P,6.0,4.0,False,True
29,ROMAZDA,Motta,P,6.5,5.5,True,False
29,ROMAZDA,Miranda J.,D,7.0,9.0,True,False
29,ROMAZDA,Olivera,D,6.5,6.5,True,False
29,ROMAZDA,Kolasinac,D,6.0,6.0,True,False
29,ROMAZDA,Santos A.,C,6.5,6.5,True,False
29,ROMAZDA,Gudmundsson A.,C,5.0,4.0,True,False
29,ROMAZDA,Atta,C,6.5,6.5,True,False
29,ROMAZDA,Zaniolo,C,6.0,6.0,True,False
29,ROMAZDA,Yildiz,A,6.0,6.0,True,False
29,ROMAZDA,Esposito F.P.,A,6.0,6.0,True,False
29,ROMAZDA,Boga,A,,,False,False
29,ROMAZDA,Bonny,A,6.5,6.5,True,True
29,ROMAZDA,Fullkrug,A,5.5,5.5,False,True
29,ROMAZDA,Tramoni M.,C,5.0,5.0,False,True
29,ROMAZDA,Luis Henrique,C,,,False,True
29,ROMAZDA,Furlanetto,P,,,False,True
29,ROMAZDA,Solomon,A,,,False,True
29,ROMAZDA,Berisha M.,C,,,False,True
29,ROMAZDA,Vergara,C,,,False,True
29,ROMAZDA,Hien,D,,,False,True
29,ROMAZDA,Juan Jesus,D,6.5,6.5,False,True
29,ROMAZDA,Bisseck,D,,,False,True
29,ROMAZDA,Di Lorenzo,D,,,False,True
29,ROMAZDA,Carlos Augusto,D,,,False,True
29,ROMAZDA,Provedel,P,,,False,True
29,OLD LIN,De Gea,P,7.0,8.0,True,False
29,OLD LIN,Zappacosta,D,6.0,5.5,True,False
29,OLD LIN,Djimsiti,D,6.5,6.0,True,False
29,OLD LIN,Baschirotto,D,,,False,False
29,OLD LIN,Ismajli,D,7.0,7.0,True,False
29,OLD LIN,Orsolini,C,5.5,5.5,True,False
29,OLD LIN,De Bruyne,C,6.0,6.0,True,False
29,OLD LIN,Strefezza,C,6.5,6.0,True,False
29,OLD LIN,De Ketelaere,A,7.5,9.5,True,False
29,OLD LIN,Martinez L.,A,7.5,14.5,True,False
29,OLD LIN,Berardi,A,6.0,6.0,True,False
29,OLD LIN,Christensen O.,P,,,False,True
29,OLD LIN,Lezzerini,P,,,False,True
29,OLD LIN,Zappa,D,,,False,True
29,OLD LIN,Doig,D,,,False,True
29,OLD LIN,Circati,D,6.0,6.0,True,True
29,OLD LIN,Ghilardi,D,5.5,5.5,False,True
29,OLD LIN,Casadei,C,6.0,6.0,False,True
29,OLD LIN,Sohm,C,6.0,6.0,False,True
29,OLD LIN,Prati,C,6.0,6.0,False,True
29,OLD LIN,Pierotti,C,5.5,5.5,False,True
29,OLD LIN,Gagliardini,C,6.0,5.5,False,True
29,OLD LIN,Bonazzoli,A,6.5,8.5,False,True
29,OLD LIN,Cheddira,A,5.5,5.5,False,True
29,OLD LIN,Dominguez B.,A,,,False,True
29,F-22,Tornqvist,P,,,False,False
29,F-22,Bernasconi,D,6.0,6.0,True,False
29,F-22,Marusic,D,5.5,5.5,True,False
29,F-22,Vojvoda,D,5.5,5.5,True,False
29,F-22,Walukiewicz,D,6.0,6.0,True,False
29,F-22,Pulisic,C,5.5,5.5,True,False
29,F-22,Modric,C,6.0,6.0,True,False
29,F-22,Taylor K.,C,6.5,7.5,True,False
29,F-22,Zielinski,C,7.0,7.5,True,False
29,F-22,Bernardeschi,C,6.5,6.5,True,False
29,F-22,Malen,A,6.0,6.0,True,False
29,F-22,Ratkov,A,,,False,True
29,F-22,Vitinha O.,A,5.0,5.0,False,True
29,F-22,Isaac,A,,,False,True
29,F-22,Brescianini,C,,,False,True
29,F-22,Elmas,C,,,False,True
29,F-22,Tourè I.,C,,,False,True
29,F-22,Frese,D,6.0,6.0,False,True
29,F-22,Kristensen T.,D,5.5,5.0,False,True
29,F-22,Tiago Gabriel,D,5.5,5.5,False,True
29,F-22,Butez,P,6.5,7.5,True,True
29,F-22,Di Gregorio,P,7.0,10.0,False,True
29,F-22,Scamacca,A,,,False,True
29,F-22,Ferguson E.,A,,,False,True
29,F-22,Norton-Cuffy,D,,,False,True
30,F-22,Tornqvist,P,,,False,False
30,F-22,Bernasconi,D,5.5,5.5,True,False
30,F-22,Marusic,D,,,False,False
30,F-22,Vojvoda,D,,,False,False
30,F-22,Elmas,C,,,False,False
30,F-22,Modric,C,6.0,6.0,True,False
30,F-22,Taylor K.,C,5.5,5.5,True,False
30,F-22,Pulisic,C,5.5,5.5,True,False
30,F-22,Bernardeschi,C,6.5,7.5,True,False
30,F-22,Malen,A,8.5,18.5,True,False
30,F-22,Scamacca,A,5.5,5.5,True,False
30,F-22,Vitinha O.,A,6.0,6.0,False,True
30,F-22,Ratkov,A,,,False,True
30,F-22,Isaac,A,,,False,True
30,F-22,Zielinski,C,5.5,5.0,True,True
30,F-22,Brescianini,C,,,False,True
30,F-22,Tourè I.,C,5.0,4.5,False,True
30,F-22,Norton-Cuffy,D,,,False,True
30,F-22,Frese,D,5.0,4.5,True,True
30,F-22,Walukiewicz,D,5.5,5.0,True,True
30,F-22,Kristensen T.,D,6.5,6.0,False,True
30,F-22,Tiago Gabriel,D,6.0,6.0,False,True
30,F-22,Di Gregorio,P,6.5,7.5,True,True
30,F-22,Butez,P,5.5,2.5,False,True
30,F-22,Ferguson E.,A,,,False,True
30,NEVER IWOMAN,Svilar,P,6.5,7.5,True,False
30,NEVER IWOMAN,Spinazzola,D,5.5,5.5,True,False
30,NEVER IWOMAN,Buongiorno,D,5.5,5.5,True,False
30,NEVER IWOMAN,Bremer,D,6.5,6.5,True,False
30,NEVER IWOMAN,Rensch,D,6.5,7.5,True,False
30,NEVER IWOMAN,Isaksen,C,5.5,5.5,True,False
30,NEVER IWOMAN,Zalewski,C,5.5,5.5,True,False
30,NEVER IWOMAN,Baldanzi,C,7.0,8.0,True,False
30,NEVER IWOMAN,Saelemaekers,C,5.5,5.5,True,False
30,NEVER IWOMAN,Leao,A,4.5,4.0,True,False
30,NEVER IWOMAN,Simeone,A,7.0,10.0,True,False
30,NEVER IWOMAN,Morata,A,,,False,True
30,NEVER IWOMAN,Rodriguez Je.,A,,,False,True
30,NEVER IWOMAN,Cancellieri,A,5.5,5.5,False,True
30,NEVER IWOMAN,Odgaard,C,,,False,True
30,NEVER IWOMAN,Fabbian,C,5.5,5.5,False,True
30,NEVER IWOMAN,Ondrejka,C,,,False,True
30,NEVER IWOMAN,Angelino,D,,,False,True
30,NEVER IWOMAN,Ahanor,D,6.0,6.0,False,True
30,NEVER IWOMAN,Ramon,D,5.5,5.0,False,True
30,NEVER IWOMAN,Gollini,P,,,False,True
30,NEVER IWOMAN,Zelezny,P,,,False,True
30,NEVER IWOMAN,Vardy,A,,,False,True
30,NEVER IWOMAN,Serdar,C,,,False,True
30,NEVER IWOMAN,Wesley,D,,,False,True
30,NI99ER NO.1,Carnesecchi,P,5.5,4.5,True,False
30,NI99ER NO.1,Gosens,D,7.0,11.0,True,False
30,NI99ER NO.1,Ostigard,D,6.0,6.0,True,False
30,NI99ER NO.1,Heggem,D,,,False,False
30,NI99ER NO.1,Hermoso,D,6.0,6.0,True,False
30,NI99ER NO.1,Rabiot,C,5.0,5.0,True,False
30,NI99ER NO.1,Pasalic,C,6.0,6.0,True,False
30,NI99ER NO.1,Fofana Y.,C,5.0,5.0,True,False
30,NI99ER NO.1,Kean,A,,,False,False
30,NI99ER NO.1,Vaz,A,,,False,False
30,NI99ER NO.1,Douvikas,A,5.0,5.0,True,False
30,NI99ER NO.1,Cambiaso,D,5.5,5.0,True,True
30,NI99ER NO.1,Diego Carlos,D,6.0,6.0,False,True
30,NI99ER NO.1,Beukema,D,6.0,6.0,False,True
30,NI99ER NO.1,Gaspar K.,D,,,False,True
30,NI99ER NO.1,Cataldi,C,,,False,True
30,NI99ER NO.1,Konè I.,C,7.0,10.0,False,True
30,NI99ER NO.1,Locatelli,C,7.0,7.0,False,True
30,NI99ER NO.1,Pobega,C,6.0,6.0,False,True
30,NI99ER NO.1,Basic,C,5.5,5.5,False,True
30,NI99ER NO.1,Pellegrino M.,A,,,False,True
30,NI99ER NO.1,Giovane,A,5.5,5.5,True,True
30,NI99ER NO.1,Borrelli,A,5.0,5.0,True,True
30,NI99ER NO.1,Sportiello,P,,,False,True
30,NI99ER NO.1,Rossi F.,P,,,False,True
30,OLD LIN,De Gea,P,7.0,8.0,True,False
30,OLD LIN,Zappacosta,D,5.5,5.5,True,False
30,OLD LIN,Ismajli,D,5.5,5.0,True,False
30,OLD LIN,Baschirotto,D,6.0,6.0,True,False
30,OLD LIN,Ghilardi,D,6.0,6.0,True,False
30,OLD LIN,Orsolini,C,7.0,10.0,True,False
30,OLD LIN,De Bruyne,C,6.0,6.0,True,False
30,OLD LIN,Strefezza,C,7.0,10.0,True,False
30,OLD LIN,De Ketelaere,A,6.5,6.0,True,False
30,OLD LIN,Bonazzoli,A,5.5,5.5,True,False
30,OLD LIN,Berardi,A,5.5,4.5,True,False
30,OLD LIN,Christensen O.,P,,,False,True
30,OLD LIN,Lezzerini,P,,,False,True
30,OLD LIN,Djimsiti,D,5.5,5.5,False,True
30,OLD LIN,Zappa,D,,,False,True
30,OLD LIN,Doig,D,5.5,5.0,False,True
30,OLD LIN,Circati,D,6.0,5.5,False,True
30,OLD LIN,Casadei,C,7.0,11.0,False,True
30,OLD LIN,Sohm,C,6.5,6.5,False,True
30,OLD LIN,Prati,C,6.0,6.0,False,True
30,OLD LIN,Pierotti,C,5.5,5.5,False,True
30,OLD LIN,Gagliardini,C,6.0,6.0,False,True
30,OLD LIN,Martinez L.,A,,,False,True
30,OLD LIN,Cheddira,A,6.0,6.0,False,True
30,OLD LIN,Dominguez B.,A,,,False,True
30,GIALLOROSSI,Maignan,P,6.0,3.0,True,False
30,GIALLOROSSI,Bartesaghi,D,5.5,3.5,True,False
30,GIALLOROSSI,Palestra,D,6.0,6.0,True,False
30,GIALLOROSSI,Dumfries,D,8.0,15.0,True,False
30,GIALLOROSSI,Maldini,C,,,False,False
30,GIALLOROSSI,Calhanoglu,C,6.5,7.0,True,False
30,GIALLOROSSI,Vlasic,C,6.0,6.0,True,False
30,GIALLOROSSI,Conceicao,C,6.0,6.0,True,False
30,GIALLOROSSI,Esposito Se.,A,7.0,11.0,True,False
30,GIALLOROSSI,Pinamonti,A,5.5,5.5,True,False
30,GIALLOROSSI,Castro S.,A,6.0,6.0,True,False
30,GIALLOROSSI,Terracciano,P,,,False,True
30,GIALLOROSSI,Torriani,P,,,False,True
30,GIALLOROSSI,Vasquez,D,6.5,6.5,False,True
30,GIALLOROSSI,Valeri,D,6.5,6.5,False,True
30,GIALLOROSSI,Kelly L.,D,6.0,6.0,False,True
30,GIALLOROSSI,Estupinan,D,,,False,True
30,GIALLOROSSI,Marianucci,D,6.0,6.0,False,True
30,GIALLOROSSI,Da Cunha,C,6.5,8.5,True,True
30,GIALLOROSSI,Zhegrova,C,,,False,True
30,GIALLOROSSI,Miretti,C,,,False,True
30,GIALLOROSSI,Fagioli,C,,,False,True
30,GIALLOROSSI,Davis K.,A,7.0,7.0,False,True
30,GIALLOROSSI,Piccoli,A,5.5,5.0,False,True
30,GIALLOROSSI,Lukaku,A,,,False,True
30,ROMOLO&ROMINA,Caprile,P,6.0,7.0,True,False
30,ROMOLO&ROMINA,Belghali,D,5.5,5.5,True,False
30,ROMOLO&ROMINA,Muharemovic,D,6.5,6.0,True,False
30,ROMOLO&ROMINA,Martin,D,6.5,6.5,True,False
30,ROMOLO&ROMINA,Kalulu,D,6.5,6.5,True,False
30,ROMOLO&ROMINA,Bernabè,C,6.0,6.0,True,False
30,ROMOLO&ROMINA,Thorstvedt,C,5.5,5.5,True,False
30,ROMOLO&ROMINA,Paz N.,C,7.0,10.0,True,False
30,ROMOLO&ROMINA,Adams C.,A,6.0,6.0,True,False
30,ROMOLO&ROMINA,Krstovic,A,6.0,6.0,True,False
30,ROMOLO&ROMINA,Hojlund,A,6.5,7.5,True,False
30,ROMOLO&ROMINA,Colombo,A,6.5,6.5,False,True
30,ROMOLO&ROMINA,Kilicsoy,A,,,False,True
30,ROMOLO&ROMINA,Durosinmi,A,6.0,6.0,False,True
30,ROMOLO&ROMINA,Matic,C,5.5,5.5,False,True
30,ROMOLO&ROMINA,Messias,C,7.0,8.0,False,True
30,ROMOLO&ROMINA,Ellertsson,C,5.5,4.5,False,True
30,ROMOLO&ROMINA,Konè M.,C,,,False,True
30,ROMOLO&ROMINA,Zaccagni,C,6.0,6.0,False,True
30,ROMOLO&ROMINA,Gutierrez,D,,,False,True
30,ROMOLO&ROMINA,Luperto,D,6.0,6.0,False,True
30,ROMOLO&ROMINA,Kossounou,D,,,False,True
30,ROMOLO&ROMINA,Rrahmani,D,,,False,True
30,ROMOLO&ROMINA,Sommer,P,5.0,2.0,False,True
30,ROMOLO&ROMINA,Martinez Jo.,P,,,False,True
30,ROMABOY,Milinkovic-Savic V.,P,6.0,5.0,True,False
30,ROMABOY,Dimarco,D,5.0,5.0,True,False
30,ROMABOY,Akanji,D,6.5,6.0,True,False
30,ROMABOY,Pavlovic,D,5.5,5.5,True,False
30,ROMABOY,Scalvini,D,5.5,5.5,True,False
30,ROMABOY,Pellegrini Lo.,C,6.5,6.5,True,False
30,ROMABOY,McTominay,C,7.0,11.0,True,False
30,ROMABOY,McKennie,C,,,False,False
30,ROMABOY,Rowe,C,6.0,6.0,True,False
30,ROMABOY,Thuram,A,7.5,13.5,True,False
30,ROMABOY,Nkunku,A,5.5,5.5,True,False
30,ROMABOY,Stulic,A,5.0,5.0,False,True
30,ROMABOY,Arena A.,A,,,False,True
30,ROMABOY,Meret,P,,,False,True
30,ROMABOY,Contini,P,,,False,True
30,ROMABOY,Zemura,D,,,False,True
30,ROMABOY,Delprato,D,6.5,6.5,False,True
30,ROMABOY,Gila,D,,,False,True
30,ROMABOY,Acerbi,D,6.0,5.5,False,True
30,ROMABOY,Ekkelenkamp,C,7.5,11.5,True,True
30,ROMABOY,Frattesi,C,,,False,True
30,ROMABOY,Zaragoza,C,,,False,True
30,ROMABOY,Ferguson,C,,,False,True
30,ROMABOY,Dallinga,A,,,False,True
30,ROMABOY,Moreo,A,6.0,6.0,False,True
30,ROMAZDA,Motta,P,6.0,5.0,True,False
30,ROMAZDA,Miranda J.,D,6.5,6.5,True,False
30,ROMAZDA,Olivera,D,6.0,6.0,True,False
30,ROMAZDA,Kolasinac,D,5.5,5.5,True,False
30,ROMAZDA,Santos A.,C,6.0,6.0,True,False
30,ROMAZDA,Gudmundsson A.,C,,,False,False
30,ROMAZDA,Atta,C,7.5,10.5,True,False
30,ROMAZDA,Zaniolo,C,7.5,8.5,True,False
30,ROMAZDA,Yildiz,A,6.0,6.0,True,False
30,ROMAZDA,Esposito F.P.,A,5.5,5.5,True,False
30,ROMAZDA,Boga,A,7.0,11.0,True,False
30,ROMAZDA,Bonny,A,5.5,5.0,False,True
30,ROMAZDA,Fullkrug,A,5.0,5.0,False,True
30,ROMAZDA,Tramoni M.,C,6.0,6.0,True,True
30,ROMAZDA,Luis Henrique,C,6.0,6.0,False,True
30,ROMAZDA,Furlanetto,P,,,False,True
30,ROMAZDA,Solomon,A,,,False,True
30,ROMAZDA,Berisha M.,C,,,False,True
30,ROMAZDA,Vergara,C,,,False,True
30,ROMAZDA,Hien,D,,,False,True
30,ROMAZDA,Juan Jesus,D,5.0,5.0,False,True
30,ROMAZDA,Bisseck,D,,,False,True
30,ROMAZDA,Di Lorenzo,D,,,False,True
30,ROMAZDA,Carlos Augusto,D,6.0,5.5,False,True
30,ROMAZDA,Provedel,P,,,False,True
30,NO ONE,Falcone,P,6.0,4.0,True,False
30,NO ONE,Zortea,D,6.0,6.0,True,False
30,NO ONE,Bastoni,D,5.5,5.5,True,False
30,NO ONE,Kempf,D,4.5,4.5,True,False
30,NO ONE,Dodò,D,6.0,5.5,True,False
30,NO ONE,Gaetano,C,6.0,6.0,True,False
30,NO ONE,Zambo Anguissa,C,5.5,5.5,True,False
30,NO ONE,Baturina,C,5.5,5.5,True,False
30,NO ONE,Malinovskyi,C,7.0,9.5,True,False
30,NO ONE,Laurientè,A,5.5,5.5,True,False
30,NO ONE,Diao,A,6.0,5.5,True,False
30,NO ONE,Okoye,P,7.0,8.0,False,True
30,NO ONE,Sava,P,,,False,True
30,NO ONE,Mancini,D,,,False,True
30,NO ONE,Tomori,D,,,False,True
30,NO ONE,Holm,D,6.5,6.5,False,True
30,NO ONE,Bellanova,D,,,False,True
30,NO ONE,Mandragora,C,5.5,5.5,False,True
30,NO ONE,Barella,C,7.5,9.5,False,True
30,NO ONE,Thuram K.,C,5.5,5.0,False,True
30,NO ONE,Zerbin,C,,,False,True
30,NO ONE,Orban G.,A,5.5,5.5,False,True
30,NO ONE,Zapata D.,A,,,False,True
30,NO ONE,Addai,A,,,False,True
30,NO ONE,Dybala,A,,,False,True
30,LUCKY LUKE,Skorupski,P,,,False,False
30,LUCKY LUKE,Celik,D,6.5,6.0,True,False
30,LUCKY LUKE,N'Dicka,D,6.5,7.5,True,False
30,LUCKY LUKE,Solet,D,7.0,7.0,True,False
30,LUCKY LUKE,Cristante,C,6.5,6.5,True,False
30,LUCKY LUKE,Loftus-Cheek,C,,,False,False
30,LUCKY LUKE,Mkhitaryan,C,,,False,False
30,LUCKY LUKE,Politano,C,5.5,5.5,True,False
30,LUCKY LUKE,Perrone,C,6.0,6.0,True,False
30,LUCKY LUKE,David,A,5.5,5.5,True,False
30,LUCKY LUKE,Soulè,A,6.5,7.5,True,False
30,LUCKY LUKE,Ravaglia F.,P,,,False,True
30,LUCKY LUKE,Muric,P,6.0,4.0,True,True
30,LUCKY LUKE,Openda,A,,,False,True
30,LUCKY LUKE,Cambiaghi,A,6.0,6.0,False,True
30,LUCKY LUKE,Nzola,A,,,False,True
30,LUCKY LUKE,Raspadori,A,6.0,6.0,False,True
30,LUCKY LUKE,Gallo,D,6.0,6.0,False,True
30,LUCKY LUKE,Lazaro,D,,,False,True
30,LUCKY LUKE,Mina,D,6.0,6.0,False,True
30,LUCKY LUKE,Gatti,D,6.0,6.0,False,True
30,LUCKY LUKE,Gabbia,D,,,False,True
30,LUCKY LUKE,Lobotka,C,6.5,6.5,True,True
30,LUCKY LUKE,Sucic P.,C,6.0,5.5,True,True
30,LUCKY LUKE,Ederson D.S.,C,6.0,6.0,False,True
31,ROMAZDA,Motta,P,6.0,7.0,True,False
31,ROMAZDA,Miranda J.,D,5.5,5.5,True,False
31,ROMAZDA,Olivera,D,5.0,5.0,True,False
31,ROMAZDA,Carlos Augusto,D,6.0,6.0,True,False
31,ROMAZDA,Santos A.,C,6.0,6.0,True,False
31,ROMAZDA,Gudmundsson A.,C,5.5,5.5,True,False
31,ROMAZDA,Atta,C,6.0,6.0,True,False
31,ROMAZDA,Zaniolo,C,6.0,5.5,True,False
31,ROMAZDA,Yildiz,A,6.0,6.0,True,False
31,ROMAZDA,Esposito F.P.,A,6.5,6.5,True,False
31,ROMAZDA,Boga,A,6.5,6.5,True,False
31,ROMAZDA,Bonny,A,6.5,6.5,False,True
31,ROMAZDA,Solomon,A,5.0,4.5,False,True
31,ROMAZDA,Fullkrug,A,,,False,True
31,ROMAZDA,Tramoni M.,C,5.5,5.5,False,True
31,ROMAZDA,Luis Henrique,C,6.0,6.0,False,True
31,ROMAZDA,Berisha M.,C,,,False,True
31,ROMAZDA,Vergara,C,,,False,True
31,ROMAZDA,Juan Jesus,D,,,False,True
31,ROMAZDA,Kolasinac,D,6.0,6.0,False,True
31,ROMAZDA,Bisseck,D,,,False,True
31,ROMAZDA,Hien,D,,,False,True
31,ROMAZDA,Di Lorenzo,D,,,False,True
31,ROMAZDA,Provedel,P,,,False,True
31,ROMAZDA,Furlanetto,P,,,False,True
31,GIALLOROSSI,Maignan,P,6.5,7.5,True,False
31,GIALLOROSSI,Bartesaghi,D,6.0,6.0,True,False
31,GIALLOROSSI,Palestra,D,6.0,6.0,True,False
31,GIALLOROSSI,Dumfries,D,6.5,7.5,True,False
31,GIALLOROSSI,Vlasic,C,5.5,5.5,True,False
31,GIALLOROSSI,Calhanoglu,C,6.0,6.0,True,False
31,GIALLOROSSI,Fagioli,C,6.5,6.5,True,False
31,GIALLOROSSI,Conceicao,C,6.0,6.0,True,False
31,GIALLOROSSI,Esposito Se.,A,6.0,5.5,True,False
31,GIALLOROSSI,Pinamonti,A,,,False,False
31,GIALLOROSSI,Piccoli,A,5.5,5.5,True,False
31,GIALLOROSSI,Terracciano,P,,,False,True
31,GIALLOROSSI,Torriani,P,,,False,True
31,GIALLOROSSI,Valeri,D,6.0,6.0,False,True
31,GIALLOROSSI,Vasquez,D,6.0,6.0,False,True
31,GIALLOROSSI,Kelly L.,D,6.5,6.5,False,True
31,GIALLOROSSI,Estupinan,D,,,False,True
31,GIALLOROSSI,Marianucci,D,6.0,6.0,False,True
31,GIALLOROSSI,Da Cunha,C,6.0,6.0,False,True
31,GIALLOROSSI,Zhegrova,C,5.5,5.5,False,True
31,GIALLOROSSI,Miretti,C,,,False,True
31,GIALLOROSSI,Maldini,C,,,False,True
31,GIALLOROSSI,Castro S.,A,5.0,5.0,True,True
31,GIALLOROSSI,Lukaku,A,,,False,True
31,GIALLOROSSI,Davis K.,A,,,False,True
31,OLD LIN,De Gea,P,6.5,5.5,True,False
31,OLD LIN,Zappacosta,D,6.0,6.0,True,False
31,OLD LIN,Djimsiti,D,6.5,6.0,True,False
31,OLD LIN,Baschirotto,D,6.5,6.5,True,False
31,OLD LIN,Circati,D,6.5,6.5,True,False
31,OLD LIN,Strefezza,C,6.5,7.5,True,False
31,OLD LIN,De Bruyne,C,5.5,5.5,True,False
31,OLD LIN,Casadei,C,5.5,5.5,True,False
31,OLD LIN,Orsolini,C,6.0,6.0,True,False
31,OLD LIN,Martinez L.,A,,,False,False
31,OLD LIN,De Ketelaere,A,6.0,6.0,True,False
31,OLD LIN,Christensen O.,P,,,False,True
31,OLD LIN,Lezzerini,P,,,False,True
31,OLD LIN,Ghilardi,D,6.0,6.0,False,True
31,OLD LIN,Zappa,D,,,False,True
31,OLD LIN,Ismajli,D,,,False,True
31,OLD LIN,Doig,D,,,False,True
31,OLD LIN,Pierotti,C,5.0,4.5,False,True
31,OLD LIN,Gagliardini,C,5.5,5.5,False,True
31,OLD LIN,Sohm,C,5.0,5.0,False,True
31,OLD LIN,Prati,C,,,False,True
31,OLD LIN,Bonazzoli,A,6.5,6.5,True,True
31,OLD LIN,Cheddira,A,5.0,5.0,False,True
31,OLD LIN,Dominguez B.,A,,,False,True
31,OLD LIN,Berardi,A,,,False,True
31,NO ONE,Okoye,P,5.5,4.5,True,False
31,NO ONE,Bastoni,D,,,False,False
31,NO ONE,Kempf,D,5.0,5.0,True,False
31,NO ONE,Mancini,D,6.0,6.0,True,False
31,NO ONE,Dodò,D,6.0,6.0,True,False
31,NO ONE,Baturina,C,5.5,5.5,True,False
31,NO ONE,Zambo Anguissa,C,5.5,5.5,True,False
31,NO ONE,Mandragora,C,6.0,7.0,True,False
31,NO ONE,Barella,C,7.5,10.5,True,False
31,NO ONE,Laurientè,A,7.0,8.0,True,False
31,NO ONE,Diao,A,5.0,5.0,True,False
31,NO ONE,Falcone,P,6.0,5.0,False,True
31,NO ONE,Sava,P,,,False,True
31,NO ONE,Zortea,D,6.0,6.0,True,True
31,NO ONE,Tomori,D,6.0,6.0,False,True
31,NO ONE,Holm,D,6.5,6.5,False,True
31,NO ONE,Bellanova,D,5.5,5.5,False,True
31,NO ONE,Gaetano,C,6.0,6.0,False,True
31,NO ONE,Thuram K.,C,7.0,10.0,False,True
31,NO ONE,Zerbin,C,5.5,5.5,False,True
31,NO ONE,Malinovskyi,C,,,False,True
31,NO ONE,Orban G.,A,5.0,5.0,False,True
31,NO ONE,Zapata D.,A,,,False,True
31,NO ONE,Addai,A,,,False,True
31,NO ONE,Dybala,A,,,False,True
31,NEVER IWOMAN,Svilar,P,6.5,5.5,True,False
31,NEVER IWOMAN,Spinazzola,D,5.0,5.0,True,False
31,NEVER IWOMAN,Ramon,D,5.5,5.0,True,False
31,NEVER IWOMAN,Bremer,D,6.5,6.5,True,False
31,NEVER IWOMAN,Rensch,D,6.5,7.5,True,False
31,NEVER IWOMAN,Zalewski,C,6.0,6.0,True,False
31,NEVER IWOMAN,Fabbian,C,,,False,False
31,NEVER IWOMAN,Baldanzi,C,7.0,8.0,True,False
31,NEVER IWOMAN,Saelemaekers,C,6.0,6.0,True,False
31,NEVER IWOMAN,Morata,A,5.0,4.5,True,False
31,NEVER IWOMAN,Simeone,A,5.5,5.5,True,False
31,NEVER IWOMAN,Leao,A,6.0,7.0,False,True
31,NEVER IWOMAN,Rodriguez Je.,A,6.0,6.0,False,True
31,NEVER IWOMAN,Cancellieri,A,7.0,11.5,False,True
31,NEVER IWOMAN,Ondrejka,C,6.0,6.0,True,True
31,NEVER IWOMAN,Odgaard,C,,,False,True
31,NEVER IWOMAN,Isaksen,C,,,False,True
31,NEVER IWOMAN,Buongiorno,D,4.5,4.5,False,True
31,NEVER IWOMAN,Angelino,D,,,False,True
31,NEVER IWOMAN,Ahanor,D,6.0,6.0,False,True
31,NEVER IWOMAN,Gollini,P,,,False,True
31,NEVER IWOMAN,Zelezny,P,,,False,True
31,NEVER IWOMAN,Wesley,D,,,False,True
31,NEVER IWOMAN,Vardy,A,,,False,True
31,NEVER IWOMAN,Serdar,C,,,False,True
31,NI99ER NO.1,Carnesecchi,P,7.0,6.0,True,False
31,NI99ER NO.1,Gosens,D,,,False,False
31,NI99ER NO.1,Ostigard,D,6.5,6.0,True,False
31,NI99ER NO.1,Heggem,D,5.5,5.5,True,False
31,NI99ER NO.1,Hermoso,D,7.0,11.0,True,False
31,NI99ER NO.1,Rabiot,C,7.0,11.0,True,False
31,NI99ER NO.1,Pasalic,C,,,False,False
31,NI99ER NO.1,Fofana Y.,C,5.5,5.5,True,False
31,NI99ER NO.1,Kean,A,,,False,False
31,NI99ER NO.1,Vaz,A,6.0,6.0,True,False
31,NI99ER NO.1,Douvikas,A,5.5,5.5,True,False
31,NI99ER NO.1,Cambiaso,D,6.0,6.0,True,True
31,NI99ER NO.1,Diego Carlos,D,,,False,True
31,NI99ER NO.1,Beukema,D,5.0,5.0,False,True
31,NI99ER NO.1,Gaspar K.,D,,,False,True
31,NI99ER NO.1,Cataldi,C,6.0,5.5,True,True
31,NI99ER NO.1,Konè I.,C,6.0,5.5,False,True
31,NI99ER NO.1,Locatelli,C,6.5,6.0,False,True
31,NI99ER NO.1,Pobega,C,5.5,5.5,False,True
31,NI99ER NO.1,Basic,C,7.0,10.0,False,True
31,NI99ER NO.1,Pellegrino M.,A,6.0,6.0,True,True
31,NI99ER NO.1,Giovane,A,5.5,5.5,False,True
31,NI99ER NO.1,Borrelli,A,5.0,4.5,False,True
31,NI99ER NO.1,Sportiello,P,,,False,True
31,NI99ER NO.1,Rossi F.,P,,,False,True
31,LUCKY LUKE,Skorupski,P,,,False,False
31,LUCKY LUKE,Celik,D,6.0,6.0,True,False
31,LUCKY LUKE,N'Dicka,D,6.0,6.0,True,False
31,LUCKY LUKE,Solet,D,6.0,6.0,True,False
31,LUCKY LUKE,Cristante,C,6.0,6.0,True,False
31,LUCKY LUKE,Loftus-Cheek,C,,,False,False
31,LUCKY LUKE,Mkhitaryan,C,6.0,6.0,True,False
31,LUCKY LUKE,Politano,C,5.5,5.5,True,False
31,LUCKY LUKE,Perrone,C,6.0,6.0,True,False
31,LUCKY LUKE,David,A,7.0,11.0,True,False
31,LUCKY LUKE,Soulè,A,6.5,6.5,True,False
31,LUCKY LUKE,Ravaglia F.,P,6.0,4.0,True,True
31,LUCKY LUKE,Muric,P,,,False,True
31,LUCKY LUKE,Openda,A,,,False,True
31,LUCKY LUKE,Cambiaghi,A,5.5,5.5,False,True
31,LUCKY LUKE,Nzola,A,7.5,12.5,False,True
31,LUCKY LUKE,Raspadori,A,6.0,6.0,False,True
31,LUCKY LUKE,Gallo,D,6.0,7.0,False,True
31,LUCKY LUKE,Lazaro,D,,,False,True
31,LUCKY LUKE,Mina,D,5.0,5.0,False,True
31,LUCKY LUKE,Gatti,D,,,False,True
31,LUCKY LUKE,Gabbia,D,7.0,7.0,False,True
31,LUCKY LUKE,Lobotka,C,5.0,4.5,True,True
31,LUCKY LUKE,Sucic P.,C,,,False,True
31,LUCKY LUKE,Ederson D.S.,C,6.5,6.0,False,True
31,ROMABOY,Milinkovic-Savic V.,P,7.0,7.0,True,False
31,ROMABOY,Dimarco,D,6.5,7.5,True,False
31,ROMABOY,Akanji,D,6.5,6.5,True,False
31,ROMABOY,Pavlovic,D,6.5,6.5,True,False
31,ROMABOY,Scalvini,D,6.0,6.0,True,False
31,ROMABOY,Pellegrini Lo.,C,,,False,False
31,ROMABOY,McTominay,C,5.5,5.5,True,False
31,ROMABOY,McKennie,C,7.0,8.0,True,False
31,ROMABOY,Rowe,C,5.5,5.5,True,False
31,ROMABOY,Thuram,A,7.0,11.0,True,False
31,ROMABOY,Nkunku,A,,,False,False
31,ROMABOY,Stulic,A,6.0,6.0,True,True
31,ROMABOY,Arena A.,A,,,False,True
31,ROMABOY,Meret,P,,,False,True
31,ROMABOY,Contini,P,,,False,True
31,ROMABOY,Zemura,D,,,False,True
31,ROMABOY,Delprato,D,6.0,6.0,False,True
31,ROMABOY,Gila,D,7.0,7.0,False,True
31,ROMABOY,Acerbi,D,,,False,True
31,ROMABOY,Ekkelenkamp,C,5.5,5.5,True,True
31,ROMABOY,Frattesi,C,,,False,True
31,ROMABOY,Zaragoza,C,,,False,True
31,ROMABOY,Ferguson,C,6.0,6.0,False,True
31,ROMABOY,Dallinga,A,,,False,True
31,ROMABOY,Moreo,A,5.0,5.0,False,True
31,ROMOLO&ROMINA,Sommer,P,,,False,False
31,ROMOLO&ROMINA,Gutierrez,D,6.0,6.0,True,False
31,ROMOLO&ROMINA,Muharemovic,D,6.5,6.5,True,False
31,ROMOLO&ROMINA,Martin,D,6.0,6.0,True,False
31,ROMOLO&ROMINA,Kalulu,D,6.5,7.5,True,False
31,ROMOLO&ROMINA,Messias,C,6.0,6.0,True,False
31,ROMOLO&ROMINA,Thorstvedt,C,6.5,6.0,True,False
31,ROMOLO&ROMINA,Paz N.,C,7.0,10.0,True,False
31,ROMOLO&ROMINA,Krstovic,A,7.0,10.0,True,False
31,ROMOLO&ROMINA,Adams C.,A,5.5,5.5,True,False
31,ROMOLO&ROMINA,Hojlund,A,5.0,5.0,True,False
31,ROMOLO&ROMINA,Colombo,A,7.0,10.0,False,True
31,ROMOLO&ROMINA,Durosinmi,A,5.5,5.5,False,True
31,ROMOLO&ROMINA,Kilicsoy,A,,,False,True
31,ROMOLO&ROMINA,Bernabè,C,6.0,6.0,False,True
31,ROMOLO&ROMINA,Matic,C,6.0,6.0,False,True
31,ROMOLO&ROMINA,Zaccagni,C,5.0,3.0,False,True
31,ROMOLO&ROMINA,Konè M.,C,,,False,True
31,ROMOLO&ROMINA,Kossounou,D,6.0,6.0,False,True
31,ROMOLO&ROMINA,Luperto,D,6.5,6.5,False,True
31,ROMOLO&ROMINA,Belghali,D,5.5,5.5,False,True
31,ROMOLO&ROMINA,Rrahmani,D,,,False,True
31,ROMOLO&ROMINA,Martinez Jo.,P,6.0,7.0,True,True
31,ROMOLO&ROMINA,Caprile,P,6.0,3.0,False,True
31,F-22,Tornqvist,P,,,False,False
31,F-22,Kristensen T.,D,6.0,6.0,True,False
31,F-22,Norton-Cuffy,D,,,False,False
31,F-22,Vojvoda,D,5.5,5.5,True,False
31,F-22,Brescianini,C,,,False,False
31,F-22,Pulisic,C,5.5,5.5,True,False
31,F-22,Zielinski,C,6.5,9.5,True,False
31,F-22,Modric,C,6.5,6.5,True,False
31,F-22,Bernardeschi,C,,,False,False
31,F-22,Vitinha O.,A,,,False,False
31,F-22,Malen,A,6.0,6.0,True,False
31,F-22,Scamacca,A,,,False,True
31,F-22,Ratkov,A,,,False,True
31,F-22,Isaac,A,,,False,True
31,F-22,Taylor K.,C,6.5,7.0,True,True
31,F-22,Elmas,C,5.5,5.5,True,True
31,F-22,Tourè I.,C,5.5,5.5,False,True
31,F-22,Bernasconi,D,6.0,6.0,True,True
31,F-22,Tiago Gabriel,D,7.0,10.5,False,True
31,F-22,Walukiewicz,D,6.0,6.0,False,True
31,F-22,Frese,D,,,False,True
31,F-22,Butez,P,5.5,3.5,True,True
31,F-22,Di Gregorio,P,6.0,7.0,False,True
31,F-22,Marusic,D,,,False,True
31,F-22,Ferguson E.,A,,,False,True
32,NO ONE,Falcone,P,6.5,7.5,True,False
32,NO ONE,Bellanova,D,5.5,5.5,True,False
32,NO ONE,Kempf,D,6.5,6.0,True,False
32,NO ONE,Mancini,D,6.5,6.5,True,False
32,NO ONE,Dodò,D,6.0,6.0,True,False
32,NO ONE,Baturina,C,7.0,7.0,True,False
32,NO ONE,Zambo Anguissa,C,,,False,False
32,NO ONE,Mandragora,C,5.5,5.0,True,False
32,NO ONE,Barella,C,5.5,5.0,True,False
32,NO ONE,Laurientè,A,6.0,5.5,True,False
32,NO ONE,Diao,A,6.5,9.0,True,False
32,NO ONE,Okoye,P,6.0,3.0,False,True
32,NO ONE,Sava,P,,,False,True
32,NO ONE,Bastoni,D,,,False,True
32,NO ONE,Zortea,D,6.0,6.0,False,True
32,NO ONE,Tomori,D,6.5,6.5,False,True
32,NO ONE,Holm,D,6.0,6.0,False,True
32,NO ONE,Gaetano,C,7.0,7.0,True,True
32,NO ONE,Thuram K.,C,6.5,6.5,False,True
32,NO ONE,Zerbin,C,5.5,5.5,False,True
32,NO ONE,Malinovskyi,C,5.5,5.5,False,True
32,NO ONE,Dybala,A,,,False,True
32,NO ONE,Orban G.,A,,,False,True
32,NO ONE,Zapata D.,A,6.5,6.5,False,True
32,NO ONE,Addai,A,,,False,True
32,NEVER IWOMAN,Svilar,P,6.5,7.5,True,False
32,NEVER IWOMAN,Wesley,D,7.0,7.0,True,False
32,NEVER IWOMAN,Buongiorno,D,6.0,6.0,True,False
32,NEVER IWOMAN,Bremer,D,6.5,6.5,True,False
32,NEVER IWOMAN,Ramon,D,6.0,6.0,True,False
32,NEVER IWOMAN,Zalewski,C,5.5,5.5,True,False
32,NEVER IWOMAN,Baldanzi,C,,,False,False
32,NEVER IWOMAN,Ondrejka,C,,,False,False
32,NEVER IWOMAN,Leao,A,6.0,6.0,True,False
32,NEVER IWOMAN,Simeone,A,7.0,10.0,True,False
32,NEVER IWOMAN,Cancellieri,A,6.0,5.5,True,False
32,NEVER IWOMAN,Morata,A,,,False,True
32,NEVER IWOMAN,Rodriguez Je.,A,,,False,True
32,NEVER IWOMAN,Fabbian,C,6.0,6.0,True,True
32,NEVER IWOMAN,Isaksen,C,6.5,6.5,True,True
32,NEVER IWOMAN,Odgaard,C,5.5,5.5,False,True
32,NEVER IWOMAN,Saelemaekers,C,6.5,6.5,False,True
32,NEVER IWOMAN,Spinazzola,D,,,False,True
32,NEVER IWOMAN,Rensch,D,6.0,5.5,False,True
32,NEVER IWOMAN,Ahanor,D,,,False,True
32,NEVER IWOMAN,Angelino,D,,,False,True
32,NEVER IWOMAN,Gollini,P,,,False,True
32,NEVER IWOMAN,Zelezny,P,,,False,True
32,NEVER IWOMAN,Vardy,A,,,False,True
32,NEVER IWOMAN,Serdar,C,,,False,True
32,LUCKY LUKE,Skorupski,P,,,False,False
32,LUCKY LUKE,Celik,D,6.0,6.0,True,False
32,LUCKY LUKE,N'Dicka,D,6.0,6.0,True,False
32,LUCKY LUKE,Solet,D,5.0,5.0,True,False
32,LUCKY LUKE,Cristante,C,6.0,6.0,True,False
32,LUCKY LUKE,Loftus-Cheek,C,,,False,False
32,LUCKY LUKE,Mkhitaryan,C,,,False,False
32,LUCKY LUKE,Politano,C,6.5,6.5,True,False
32,LUCKY LUKE,Perrone,C,6.0,6.0,True,False
32,LUCKY LUKE,David,A,6.0,6.0,True,False
32,LUCKY LUKE,Soulè,A,6.5,6.5,True,False
32,LUCKY LUKE,Ravaglia F.,P,6.0,4.0,True,True
32,LUCKY LUKE,Muric,P,,,False,True
32,LUCKY LUKE,Openda,A,,,False,True
32,LUCKY LUKE,Cambiaghi,A,,,False,True
32,LUCKY LUKE,Nzola,A,6.0,6.0,False,True
32,LUCKY LUKE,Raspadori,A,5.0,5.0,False,True
32,LUCKY LUKE,Gallo,D,6.0,6.0,False,True
32,LUCKY LUKE,Lazaro,D,5.5,5.5,False,True
32,LUCKY LUKE,Mina,D,6.0,6.0,False,True
32,LUCKY LUKE,Gatti,D,,,False,True
32,LUCKY LUKE,Gabbia,D,6.0,6.0,False,True
32,LUCKY LUKE,Lobotka,C,6.0,6.0,True,True
32,LUCKY LUKE,Sucic P.,C,6.5,6.5,True,True
32,LUCKY LUKE,Ederson D.S.,C,6.0,6.0,False,True
32,OLD LIN,De Gea,P,6.0,7.0,True,False
32,OLD LIN,Zappacosta,D,5.5,5.5,True,False
32,OLD LIN,Djimsiti,D,5.0,5.0,True,False
32,OLD LIN,Baschirotto,D,5.0,5.0,True,False
32,OLD LIN,Circati,D,6.0,6.0,True,False
32,OLD LIN,Strefezza,C,6.0,6.0,True,False
32,OLD LIN,De Bruyne,C,7.5,11.5,True,False
32,OLD LIN,Pierotti,C,5.5,5.5,True,False
32,OLD LIN,Orsolini,C,6.0,6.0,True,False
32,OLD LIN,Martinez L.,A,,,False,False
32,OLD LIN,De Ketelaere,A,5.5,5.5,True,False
32,OLD LIN,Christensen O.,P,,,False,True
32,OLD LIN,Lezzerini,P,,,False,True
32,OLD LIN,Ghilardi,D,6.0,6.0,False,True
32,OLD LIN,Zappa,D,,,False,True
32,OLD LIN,Ismajli,D,6.5,6.5,False,True
32,OLD LIN,Doig,D,,,False,True
32,OLD LIN,Casadei,C,6.0,6.0,False,True
32,OLD LIN,Gagliardini,C,6.0,6.0,False,True
32,OLD LIN,Sohm,C,,,False,True
32,OLD LIN,Prati,C,,,False,True
32,OLD LIN,Bonazzoli,A,5.5,5.5,True,True
32,OLD LIN,Cheddira,A,5.5,5.0,False,True
32,OLD LIN,Dominguez B.,A,,,False,True
32,OLD LIN,Berardi,A,,,False,True
32,ROMABOY,Milinkovic-Savic V.,P,6.5,8.0,True,False
32,ROMABOY,Dimarco,D,7.0,9.0,True,False
32,ROMABOY,Akanji,D,6.0,6.0,True,False
32,ROMABOY,Pavlovic,D,6.5,6.5,True,False
32,ROMABOY,Scalvini,D,5.5,6.5,True,False
32,ROMABOY,Pellegrini Lo.,C,,,False,False
32,ROMABOY,McTominay,C,7.5,9.5,True,False
32,ROMABOY,McKennie,C,6.0,6.0,True,False
32,ROMABOY,Rowe,C,6.0,6.0,True,False
32,ROMABOY,Thuram,A,7.0,10.0,True,False
32,ROMABOY,Nkunku,A,,,False,False
32,ROMABOY,Stulic,A,5.0,5.0,True,True
32,ROMABOY,Arena A.,A,,,False,True
32,ROMABOY,Meret,P,,,False,True
32,ROMABOY,Contini,P,,,False,True
32,ROMABOY,Zemura,D,,,False,True
32,ROMABOY,Delprato,D,6.0,6.0,False,True
32,ROMABOY,Gila,D,,,False,True
32,ROMABOY,Acerbi,D,,,False,True
32,ROMABOY,Ekkelenkamp,C,6.5,7.5,True,True
32,ROMABOY,Frattesi,C,,,False,True
32,ROMABOY,Zaragoza,C,,,False,True
32,ROMABOY,Ferguson,C,5.0,5.0,False,True
32,ROMABOY,Dallinga,A,,,False,True
32,ROMABOY,Moreo,A,5.0,5.0,False,True
32,GIALLOROSSI,Maignan,P,6.0,7.0,True,False
32,GIALLOROSSI,Valeri,D,6.5,6.5,True,False
32,GIALLOROSSI,Palestra,D,6.0,6.0,True,False
32,GIALLOROSSI,Dumfries,D,,,False,False
32,GIALLOROSSI,Maldini,C,7.0,11.0,True,False
32,GIALLOROSSI,Calhanoglu,C,,,False,False
32,GIALLOROSSI,Da Cunha,C,6.5,7.5,True,False
32,GIALLOROSSI,Conceicao,C,6.5,6.5,True,False
32,GIALLOROSSI,Esposito Se.,A,6.0,6.0,True,False
32,GIALLOROSSI,Piccoli,A,,,False,False
32,GIALLOROSSI,Pinamonti,A,5.5,5.5,True,False
32,GIALLOROSSI,Terracciano,P,,,False,True
32,GIALLOROSSI,Torriani,P,,,False,True
32,GIALLOROSSI,Bartesaghi,D,5.5,5.0,True,True
32,GIALLOROSSI,Vasquez,D,5.5,5.5,False,True
32,GIALLOROSSI,Kelly L.,D,6.0,6.0,False,True
32,GIALLOROSSI,Estupinan,D,5.5,5.0,False,True
32,GIALLOROSSI,Marianucci,D,6.5,6.5,False,True
32,GIALLOROSSI,Vlasic,C,6.5,9.5,True,True
32,GIALLOROSSI,Fagioli,C,6.0,6.0,False,True
32,GIALLOROSSI,Zhegrova,C,,,False,True
32,GIALLOROSSI,Miretti,C,,,False,True
32,GIALLOROSSI,Castro S.,A,5.5,5.5,True,True
32,GIALLOROSSI,Lukaku,A,,,False,True
32,GIALLOROSSI,Davis K.,A,,,False,True
32,NI99ER NO.1,Carnesecchi,P,6.0,3.0,True,False
32,NI99ER NO.1,Gosens,D,,,False,False
32,NI99ER NO.1,Ostigard,D,6.0,6.0,True,False
32,NI99ER NO.1,Beukema,D,6.0,6.0,True,False
32,NI99ER NO.1,Hermoso,D,6.0,5.5,True,False
32,NI99ER NO.1,Cataldi,C,,,False,False
32,NI99ER NO.1,Rabiot,C,6.5,6.5,True,False
32,NI99ER NO.1,Basic,C,6.5,7.5,True,False
32,NI99ER NO.1,Kean,A,,,False,False
32,NI99ER NO.1,Pellegrino M.,A,6.0,6.0,True,False
32,NI99ER NO.1,Douvikas,A,7.0,11.0,True,False
32,NI99ER NO.1,Cambiaso,D,5.5,5.0,True,True
32,NI99ER NO.1,Diego Carlos,D,6.0,5.5,False,True
32,NI99ER NO.1,Heggem,D,5.0,5.0,False,True
32,NI99ER NO.1,Gaspar K.,D,,,False,True
32,NI99ER NO.1,Pasalic,C,6.0,6.0,True,True
32,NI99ER NO.1,Pobega,C,,,False,True
32,NI99ER NO.1,Konè I.,C,6.0,6.0,False,True
32,NI99ER NO.1,Fofana Y.,C,6.0,6.0,False,True
32,NI99ER NO.1,Locatelli,C,6.0,5.5,False,True
32,NI99ER NO.1,Giovane,A,6.0,6.0,True,True
32,NI99ER NO.1,Borrelli,A,7.0,11.0,False,True
32,NI99ER NO.1,Vaz,A,6.0,6.0,False,True
32,NI99ER NO.1,Sportiello,P,,,False,True
32,NI99ER NO.1,Rossi F.,P,,,False,True
32,ROMOLO&ROMINA,Martinez Jo.,P,,,False,False
32,ROMOLO&ROMINA,Muharemovic,D,6.0,6.0,True,False
32,ROMOLO&ROMINA,Belghali,D,6.5,6.5,True,False
32,ROMOLO&ROMINA,Martin,D,,,False,False
32,ROMOLO&ROMINA,Kalulu,D,6.5,6.5,True,False
32,ROMOLO&ROMINA,Bernabè,C,6.5,6.5,True,False
32,ROMOLO&ROMINA,Zaccagni,C,,,False,False
32,ROMOLO&ROMINA,Paz N.,C,6.5,6.5,True,False
32,ROMOLO&ROMINA,Colombo,A,5.5,5.5,True,False
32,ROMOLO&ROMINA,Krstovic,A,5.5,5.5,True,False
32,ROMOLO&ROMINA,Hojlund,A,7.0,7.0,True,False
32,ROMOLO&ROMINA,Adams C.,A,5.5,5.5,False,True
32,ROMOLO&ROMINA,Durosinmi,A,,,False,True
32,ROMOLO&ROMINA,Kilicsoy,A,,,False,True
32,ROMOLO&ROMINA,Thorstvedt,C,6.0,6.0,True,True
32,ROMOLO&ROMINA,Ellertsson,C,5.0,5.0,False,True
32,ROMOLO&ROMINA,Matic,C,6.0,6.0,False,True
32,ROMOLO&ROMINA,Messias,C,6.0,5.5,False,True
32,ROMOLO&ROMINA,Konè M.,C,,,False,True
32,ROMOLO&ROMINA,Rrahmani,D,6.5,6.5,True,True
32,ROMOLO&ROMINA,Gutierrez,D,6.5,6.5,False,True
32,ROMOLO&ROMINA,Kossounou,D,6.0,6.0,False,True
32,ROMOLO&ROMINA,Luperto,D,5.0,5.0,False,True
32,ROMOLO&ROMINA,Sommer,P,6.0,4.0,True,True
32,ROMOLO&ROMINA,Caprile,P,6.5,4.5,False,True
32,F-22,Tornqvist,P,,,False,False
32,F-22,Bernasconi,D,,,False,False
32,F-22,Kristensen T.,D,5.5,5.5,True,False
32,F-22,Marusic,D,,,False,False
32,F-22,Elmas,C,,,False,False
32,F-22,Zielinski,C,5.5,5.5,True,False
32,F-22,Taylor K.,C,6.0,6.0,True,False
32,F-22,Modric,C,6.0,6.0,True,False
32,F-22,Pulisic,C,5.5,5.5,True,False
32,F-22,Malen,A,7.5,12.5,True,False
32,F-22,Scamacca,A,7.5,13.5,True,False
32,F-22,Vitinha O.,A,5.5,5.5,False,True
32,F-22,Ratkov,A,,,False,True
32,F-22,Isaac,A,,,False,True
32,F-22,Brescianini,C,,,False,True
32,F-22,Tourè I.,C,5.5,5.5,True,True
32,F-22,Vojvoda,D,,,False,True
32,F-22,Walukiewicz,D,6.0,6.0,True,True
32,F-22,Frese,D,6.0,6.0,True,True
32,F-22,Butez,P,5.5,6.5,True,True
32,F-22,Di Gregorio,P,6.0,7.0,False,True
32,F-22,Tiago Gabriel,D,,,False,True
32,F-22,Norton-Cuffy,D,,,False,True
32,F-22,Bernardeschi,C,,,False,True
32,F-22,Ferguson E.,A,,,False,True
32,ROMAZDA,Motta,P,5.0,2.0,True,False
32,ROMAZDA,Olivera,D,6.5,6.5,True,False
32,ROMAZDA,Carlos Augusto,D,5.0,5.0,True,False
32,ROMAZDA,Bisseck,D,7.0,10.0,True,False
32,ROMAZDA,Santos A.,C,7.5,10.5,True,False
32,ROMAZDA,Gudmundsson A.,C,5.5,5.5,True,False
32,ROMAZDA,Atta,C,8.0,14.0,True,False
32,ROMAZDA,Zaniolo,C,6.0,6.0,True,False
32,ROMAZDA,Yildiz,A,,,False,False
32,ROMAZDA,Esposito F.P.,A,5.5,5.5,True,False
32,ROMAZDA,Boga,A,5.0,4.5,True,False
32,ROMAZDA,Solomon,A,5.5,5.5,True,True
32,ROMAZDA,Bonny,A,5.5,5.5,False,True
32,ROMAZDA,Fullkrug,A,6.0,6.0,False,True
32,ROMAZDA,Luis Henrique,C,,,False,True
32,ROMAZDA,Tramoni M.,C,,,False,True
32,ROMAZDA,Berisha M.,C,,,False,True
32,ROMAZDA,Vergara,C,,,False,True
32,ROMAZDA,Kolasinac,D,5.5,5.5,False,True
32,ROMAZDA,Miranda J.,D,5.0,5.0,False,True
32,ROMAZDA,Juan Jesus,D,,,False,True
32,ROMAZDA,Hien,D,,,False,True
32,ROMAZDA,Di Lorenzo,D,,,False,True
32,ROMAZDA,Provedel,P,,,False,True
32,ROMAZDA,Furlanetto,P,,,False,True
33,ROMOLO&ROMINA,Martinez Jo.,P,,,False,False
33,ROMOLO&ROMINA,Rrahmani,D,7.0,7.0,True,False
33,ROMOLO&ROMINA,Gutierrez,D,5.5,5.5,True,False
33,ROMOLO&ROMINA,Muharemovic,D,6.5,6.5,True,False
33,ROMOLO&ROMINA,Kalulu,D,6.0,6.0,True,False
33,ROMOLO&ROMINA,Zaccagni,C,5.5,5.5,True,False
33,ROMOLO&ROMINA,Thorstvedt,C,7.5,8.5,True,False
33,ROMOLO&ROMINA,Paz N.,C,6.5,6.5,True,False
33,ROMOLO&ROMINA,Durosinmi,A,,,False,False
33,ROMOLO&ROMINA,Krstovic,A,5.5,5.0,True,False
33,ROMOLO&ROMINA,Hojlund,A,5.5,5.5,True,False
33,ROMOLO&ROMINA,Colombo,A,5.5,5.5,True,True
33,ROMOLO&ROMINA,Kilicsoy,A,,,False,True
33,ROMOLO&ROMINA,Adams C.,A,,,False,True
33,ROMOLO&ROMINA,Konè M.,C,7.0,8.0,False,True
33,ROMOLO&ROMINA,Bernabè,C,6.0,6.0,False,True
33,ROMOLO&ROMINA,Messias,C,6.0,6.0,False,True
33,ROMOLO&ROMINA,Matic,C,6.0,5.5,False,True
33,ROMOLO&ROMINA,Ellertsson,C,6.0,6.0,False,True
33,ROMOLO&ROMINA,Martin,D,,,False,True
33,ROMOLO&ROMINA,Belghali,D,5.5,5.5,False,True
33,ROMOLO&ROMINA,Luperto,D,6.0,6.0,False,True
33,ROMOLO&ROMINA,Kossounou,D,,,False,True
33,ROMOLO&ROMINA,Sommer,P,6.0,7.0,True,True
33,ROMOLO&ROMINA,Caprile,P,6.5,7.5,False,True
33,NO ONE,Falcone,P,6.5,5.5,True,False
33,NO ONE,Bellanova,D,,,False,False
33,NO ONE,Bastoni,D,6.0,6.0,True,False
33,NO ONE,Mancini,D,7.0,11.0,True,False
33,NO ONE,Zortea,D,,,False,False
33,NO ONE,Baturina,C,6.0,6.0,True,False
33,NO ONE,Thuram K.,C,6.0,6.0,True,False
33,NO ONE,Malinovskyi,C,6.0,6.0,True,False
33,NO ONE,Barella,C,7.0,7.0,True,False
33,NO ONE,Diao,A,6.0,6.0,True,False
33,NO ONE,Dybala,A,6.0,6.0,True,False
33,NO ONE,Okoye,P,6.5,7.5,False,True
33,NO ONE,Sava,P,,,False,True
33,NO ONE,Tomori,D,4.5,3.5,True,True
33,NO ONE,Kempf,D,,,False,True
33,NO ONE,Dodò,D,4.5,4.5,True,True
33,NO ONE,Holm,D,,,False,True
33,NO ONE,Gaetano,C,5.5,5.5,False,True
33,NO ONE,Mandragora,C,,,False,True
33,NO ONE,Zambo Anguissa,C,5.5,5.5,False,True
33,NO ONE,Zerbin,C,5.5,5.5,False,True
33,NO ONE,Laurientè,A,8.0,12.0,False,True
33,NO ONE,Orban G.,A,,,False,True
33,NO ONE,Zapata D.,A,,,False,True
33,NO ONE,Addai,A,,,False,True
33,ROMAZDA,Motta,P,5.0,4.0,True,False
33,ROMAZDA,Miranda J.,D,5.5,5.5,True,False
33,ROMAZDA,Kolasinac,D,,,False,False
33,ROMAZDA,Bisseck,D,6.0,6.0,True,False
33,ROMAZDA,Carlos Augusto,D,6.0,6.0,True,False
33,ROMAZDA,Santos A.,C,6.0,6.0,True,False
33,ROMAZDA,Atta,C,6.0,6.0,True,False
33,ROMAZDA,Zaniolo,C,7.0,7.0,True,False
33,ROMAZDA,Yildiz,A,5.5,5.5,True,False
33,ROMAZDA,Esposito F.P.,A,6.0,6.0,True,False
33,ROMAZDA,Boga,A,5.5,5.5,True,False
33,ROMAZDA,Bonny,A,6.0,6.0,False,True
33,ROMAZDA,Solomon,A,5.0,5.0,False,True
33,ROMAZDA,Fullkrug,A,,,False,True
33,ROMAZDA,Gudmundsson A.,C,5.0,5.0,False,True
33,ROMAZDA,Luis Henrique,C,,,False,True
33,ROMAZDA,Tramoni M.,C,,,False,True
33,ROMAZDA,Berisha M.,C,,,False,True
33,ROMAZDA,Vergara,C,,,False,True
33,ROMAZDA,Hien,D,6.0,6.0,True,True
33,ROMAZDA,Olivera,D,,,False,True
33,ROMAZDA,Di Lorenzo,D,,,False,True
33,ROMAZDA,Juan Jesus,D,,,False,True
33,ROMAZDA,Provedel,P,,,False,True
33,ROMAZDA,Furlanetto,P,,,False,True
33,NI99ER NO.1,Carnesecchi,P,6.0,7.0,True,False
33,NI99ER NO.1,Cambiaso,D,6.0,6.0,True,False
33,NI99ER NO.1,Heggem,D,,,False,False
33,NI99ER NO.1,Beukema,D,6.0,6.0,True,False
33,NI99ER NO.1,Hermoso,D,7.5,11.0,True,False
33,NI99ER NO.1,Cataldi,C,,,False,False
33,NI99ER NO.1,Rabiot,C,5.0,5.0,True,False
33,NI99ER NO.1,Basic,C,6.5,6.5,True,False
33,NI99ER NO.1,Pasalic,C,6.0,6.0,True,False
33,NI99ER NO.1,Pellegrino M.,A,5.0,5.0,True,False
33,NI99ER NO.1,Douvikas,A,5.0,5.0,True,False
33,NI99ER NO.1,Ostigard,D,7.0,7.0,True,True
33,NI99ER NO.1,Gosens,D,4.5,4.5,False,True
33,NI99ER NO.1,Diego Carlos,D,6.0,6.0,False,True
33,NI99ER NO.1,Gaspar K.,D,,,False,True
33,NI99ER NO.1,Locatelli,C,5.5,5.0,True,True
33,NI99ER NO.1,Pobega,C,,,False,True
33,NI99ER NO.1,Fofana Y.,C,5.0,5.0,False,True
33,NI99ER NO.1,Konè I.,C,6.5,6.5,False,True
33,NI99ER NO.1,Giovane,A,,,False,True
33,NI99ER NO.1,Kean,A,,,False,True
33,NI99ER NO.1,Borrelli,A,,,False,True
33,NI99ER NO.1,Vaz,A,,,False,True
33,NI99ER NO.1,Sportiello,P,,,False,True
33,NI99ER NO.1,Rossi F.,P,,,False,True
33,OLD LIN,De Gea,P,6.0,2.0,True,False
33,OLD LIN,Zappacosta,D,5.5,5.5,True,False
33,OLD LIN,Baschirotto,D,6.0,6.0,True,False
33,OLD LIN,Djimsiti,D,6.0,6.0,True,False
33,OLD LIN,Pierotti,C,7.0,7.5,True,False
33,OLD LIN,Strefezza,C,6.5,6.5,True,False
33,OLD LIN,De Bruyne,C,5.0,5.0,True,False
33,OLD LIN,Orsolini,C,5.5,5.5,True,False
33,OLD LIN,De Ketelaere,A,6.5,6.5,True,False
33,OLD LIN,Martinez L.,A,6.5,7.5,True,False
33,OLD LIN,Berardi,A,7.0,11.0,True,False
33,OLD LIN,Christensen O.,P,,,False,True
33,OLD LIN,Lezzerini,P,,,False,True
33,OLD LIN,Ghilardi,D,6.0,6.0,False,True
33,OLD LIN,Zappa,D,,,False,True
33,OLD LIN,Circati,D,5.5,5.5,False,True
33,OLD LIN,Doig,D,,,False,True
33,OLD LIN,Ismajli,D,,,False,True
33,OLD LIN,Casadei,C,5.5,5.5,False,True
33,OLD LIN,Gagliardini,C,6.0,5.5,False,True
33,OLD LIN,Sohm,C,5.5,5.5,False,True
33,OLD LIN,Prati,C,6.0,6.0,False,True
33,OLD LIN,Bonazzoli,A,7.0,10.0,False,True
33,OLD LIN,Cheddira,A,7.5,12.0,False,True
33,OLD LIN,Dominguez B.,A,5.5,5.5,False,True
33,ROMABOY,Milinkovic-Savic V.,P,7.0,8.0,True,False
33,ROMABOY,Dimarco,D,6.5,6.5,True,False
33,ROMABOY,Akanji,D,6.5,6.5,True,False
33,ROMABOY,Pavlovic,D,6.0,6.0,True,False
33,ROMABOY,Scalvini,D,6.0,6.0,True,False
33,ROMABOY,Pellegrini Lo.,C,,,False,False
33,ROMABOY,McTominay,C,5.5,5.5,True,False
33,ROMABOY,McKennie,C,5.5,5.5,True,False
33,ROMABOY,Rowe,C,6.0,6.0,True,False
33,ROMABOY,Thuram,A,6.5,10.5,True,False
33,ROMABOY,Nkunku,A,5.5,5.5,True,False
33,ROMABOY,Stulic,A,,,False,True
33,ROMABOY,Arena A.,A,,,False,True
33,ROMABOY,Meret,P,,,False,True
33,ROMABOY,Contini,P,,,False,True
33,ROMABOY,Zemura,D,,,False,True
33,ROMABOY,Delprato,D,5.5,5.5,False,True
33,ROMABOY,Gila,D,,,False,True
33,ROMABOY,Acerbi,D,,,False,True
33,ROMABOY,Ekkelenkamp,C,6.5,7.5,True,True
33,ROMABOY,Frattesi,C,,,False,True
33,ROMABOY,Zaragoza,C,,,False,True
33,ROMABOY,Ferguson,C,,,False,True
33,ROMABOY,Dallinga,A,,,False,True
33,ROMABOY,Moreo,A,6.0,6.0,False,True
33,GIALLOROSSI,Maignan,P,5.5,3.5,True,False
33,GIALLOROSSI,Palestra,D,6.0,6.0,True,False
33,GIALLOROSSI,Bartesaghi,D,,,False,False
33,GIALLOROSSI,Kelly L.,D,6.0,6.0,True,False
33,GIALLOROSSI,Dumfries,D,6.0,6.0,True,False
33,GIALLOROSSI,Maldini,C,5.5,5.5,True,False
33,GIALLOROSSI,Vlasic,C,5.5,5.5,True,False
33,GIALLOROSSI,Conceicao,C,7.0,7.0,True,False
33,GIALLOROSSI,Esposito Se.,A,6.5,6.5,True,False
33,GIALLOROSSI,Castro S.,A,5.5,5.0,True,False
33,GIALLOROSSI,Pinamonti,A,,,False,False
33,GIALLOROSSI,Terracciano,P,,,False,True
33,GIALLOROSSI,Torriani,P,,,False,True
33,GIALLOROSSI,Estupinan,D,5.0,5.0,True,True
33,GIALLOROSSI,Vasquez,D,6.5,6.5,False,True
33,GIALLOROSSI,Valeri,D,6.0,6.0,False,True
33,GIALLOROSSI,Marianucci,D,5.5,5.5,False,True
33,GIALLOROSSI,Da Cunha,C,6.5,6.5,False,True
33,GIALLOROSSI,Fagioli,C,4.5,4.5,False,True
33,GIALLOROSSI,Zhegrova,C,6.5,6.5,False,True
33,GIALLOROSSI,Miretti,C,5.5,5.5,False,True
33,GIALLOROSSI,Calhanoglu,C,,,False,True
33,GIALLOROSSI,Piccoli,A,,,False,True
33,GIALLOROSSI,Lukaku,A,,,False,True
33,GIALLOROSSI,Davis K.,A,,,False,True
33,F-22,Tornqvist,P,,,False,False
33,F-22,Marusic,D,6.5,6.5,True,False
33,F-22,Kristensen T.,D,7.0,10.0,True,False
33,F-22,Tiago Gabriel,D,7.0,7.0,True,False
33,F-22,Walukiewicz,D,6.5,6.5,True,False
33,F-22,Pulisic,C,5.0,5.0,True,False
33,F-22,Taylor K.,C,5.5,5.5,True,False
33,F-22,Zielinski,C,6.5,7.0,True,False
33,F-22,Vitinha O.,A,6.0,6.0,True,False
33,F-22,Malen,A,7.0,8.0,True,False
33,F-22,Scamacca,A,5.5,5.5,True,False
33,F-22,Ratkov,A,,,False,True
33,F-22,Isaac,A,,,False,True
33,F-22,Bernardeschi,C,6.5,6.5,False,True
33,F-22,Tourè I.,C,6.0,6.0,False,True
33,F-22,Elmas,C,,,False,True
33,F-22,Brescianini,C,5.0,5.0,False,True
33,F-22,Norton-Cuffy,D,,,False,True
33,F-22,Vojvoda,D,,,False,True
33,F-22,Frese,D,6.5,6.0,False,True
33,F-22,Di Gregorio,P,6.0,5.0,True,True
33,F-22,Butez,P,6.0,7.0,False,True
33,F-22,Bernasconi,D,,,False,True
33,F-22,Modric,C,,,False,True
33,F-22,Ferguson E.,A,,,False,True
33,NEVER IWOMAN,Svilar,P,6.0,7.0,True,False
33,NEVER IWOMAN,Spinazzola,D,,,False,False
33,NEVER IWOMAN,Buongiorno,D,6.5,6.5,True,False
33,NEVER IWOMAN,Bremer,D,5.5,5.5,True,False
33,NEVER IWOMAN,Ramon,D,6.5,6.0,True,False
33,NEVER IWOMAN,Wesley,D,7.0,10.0,True,False
33,NEVER IWOMAN,Isaksen,C,7.0,10.0,True,False
33,NEVER IWOMAN,Zalewski,C,6.0,6.0,True,False
33,NEVER IWOMAN,Saelemaekers,C,5.5,5.5,True,False
33,NEVER IWOMAN,Leao,A,5.0,5.0,True,False
33,NEVER IWOMAN,Rodriguez Je.,A,,,False,False
33,NEVER IWOMAN,Morata,A,,,False,True
33,NEVER IWOMAN,Simeone,A,5.0,5.0,True,True
33,NEVER IWOMAN,Odgaard,C,5.0,5.0,False,True
33,NEVER IWOMAN,Ondrejka,C,,,False,True
33,NEVER IWOMAN,Fabbian,C,,,False,True
33,NEVER IWOMAN,Ahanor,D,6.5,6.5,True,True
33,NEVER IWOMAN,Rensch,D,,,False,True
33,NEVER IWOMAN,Angelino,D,,,False,True
33,NEVER IWOMAN,Gollini,P,,,False,True
33,NEVER IWOMAN,Zelezny,P,,,False,True
33,NEVER IWOMAN,Cancellieri,A,,,False,True
33,NEVER IWOMAN,Vardy,A,5.5,5.5,False,True
33,NEVER IWOMAN,Serdar,C,,,False,True
33,NEVER IWOMAN,Baldanzi,C,,,False,True
33,LUCKY LUKE,Skorupski,P,,,False,False
33,LUCKY LUKE,Celik,D,6.5,6.5,True,False
33,LUCKY LUKE,N'Dicka,D,6.0,6.0,True,False
33,LUCKY LUKE,Solet,D,7.0,7.0,True,False
33,LUCKY LUKE,Cristante,C,6.5,6.5,True,False
33,LUCKY LUKE,Loftus-Cheek,C,5.5,5.0,True,False
33,LUCKY LUKE,Mkhitaryan,C,7.0,10.0,True,False
33,LUCKY LUKE,Politano,C,6.5,6.0,True,False
33,LUCKY LUKE,Perrone,C,6.0,6.0,True,False
33,LUCKY LUKE,David,A,5.0,5.0,True,False
33,LUCKY LUKE,Soulè,A,6.5,6.5,True,False
33,LUCKY LUKE,Ravaglia F.,P,,,False,True
33,LUCKY LUKE,Muric,P,,,False,True
33,LUCKY LUKE,Openda,A,,,False,True
33,LUCKY LUKE,Cambiaghi,A,,,False,True
33,LUCKY LUKE,Nzola,A,7.0,7.0,False,True
33,LUCKY LUKE,Raspadori,A,6.0,6.0,False,True
33,LUCKY LUKE,Gallo,D,6.5,6.5,False,True
33,LUCKY LUKE,Lazaro,D,6.0,6.0,False,True
33,LUCKY LUKE,Mina,D,6.5,6.5,False,True
33,LUCKY LUKE,Gatti,D,,,False,True
33,LUCKY LUKE,Gabbia,D,5.0,5.0,False,True
33,LUCKY LUKE,Lobotka,C,6.0,6.0,False,True
33,LUCKY LUKE,Sucic P.,C,5.5,5.5,False,True
33,LUCKY LUKE,Ederson D.S.,C,6.0,5.5,False,True
34,OLD LIN,De Gea,P,6.5,7.5,True,False
34,OLD LIN,Doig,D,5.5,5.5,True,False
34,OLD LIN,Djimsiti,D,,,False,False
34,OLD LIN,Zappacosta,D,7.0,10.0,True,False
34,OLD LIN,Strefezza,C,7.0,9.5,True,False
34,OLD LIN,Pierotti,C,5.5,5.5,True,False
34,OLD LIN,De Bruyne,C,,,False,False
34,OLD LIN,Orsolini,C,7.0,9.0,True,False
34,OLD LIN,De Ketelaere,A,6.5,6.5,True,False
34,OLD LIN,Martinez L.,A,7.5,12.5,True,False
34,OLD LIN,Berardi,A,6.0,6.0,True,False
34,OLD LIN,Christensen O.,P,,,False,True
34,OLD LIN,Lezzerini,P,,,False,True
34,OLD LIN,Ghilardi,D,6.5,6.5,True,True
34,OLD LIN,Circati,D,6.0,6.0,False,True
34,OLD LIN,Zappa,D,6.0,6.0,False,True
34,OLD LIN,Baschirotto,D,,,False,True
34,OLD LIN,Ismajli,D,,,False,True
34,OLD LIN,Casadei,C,,,False,True
34,OLD LIN,Gagliardini,C,6.0,6.0,True,True
34,OLD LIN,Sohm,C,,,False,True
34,OLD LIN,Prati,C,5.5,5.0,False,True
34,OLD LIN,Bonazzoli,A,7.0,10.0,False,True
34,OLD LIN,Cheddira,A,5.5,5.5,False,True
34,OLD LIN,Dominguez B.,A,,,False,True
34,NEVER IWOMAN,Svilar,P,6.0,4.0,True,False
34,NEVER IWOMAN,Spinazzola,D,5.5,5.5,True,False
34,NEVER IWOMAN,Buongiorno,D,5.5,5.5,True,False
34,NEVER IWOMAN,Bremer,D,6.5,6.5,True,False
34,NEVER IWOMAN,Wesley,D,5.5,5.5,True,False
34,NEVER IWOMAN,Isaksen,C,6.0,6.0,True,False
34,NEVER IWOMAN,Fabbian,C,6.0,6.0,True,False
34,NEVER IWOMAN,Saelemaekers,C,5.0,4.5,True,False
34,NEVER IWOMAN,Morata,A,,,False,False
34,NEVER IWOMAN,Simeone,A,7.0,10.0,True,False
34,NEVER IWOMAN,Vardy,A,7.0,11.0,True,False
34,NEVER IWOMAN,Leao,A,4.5,4.0,True,True
34,NEVER IWOMAN,Rodriguez Je.,A,6.5,6.5,False,True
34,NEVER IWOMAN,Cancellieri,A,5.0,5.0,False,True
34,NEVER IWOMAN,Zalewski,C,6.5,6.5,False,True
34,NEVER IWOMAN,Odgaard,C,,,False,True
34,NEVER IWOMAN,Ondrejka,C,,,False,True
34,NEVER IWOMAN,Rensch,D,7.5,10.5,False,True
34,NEVER IWOMAN,Ahanor,D,5.5,5.5,False,True
34,NEVER IWOMAN,Angelino,D,,,False,True
34,NEVER IWOMAN,Gollini,P,,,False,True
34,NEVER IWOMAN,Zelezny,P,,,False,True
34,NEVER IWOMAN,Serdar,C,,,False,True
34,NEVER IWOMAN,Baldanzi,C,,,False,True
34,NEVER IWOMAN,Ramon,D,,,False,True
34,NI99ER NO.1,Carnesecchi,P,7.0,5.0,True,False
34,NI99ER NO.1,Cambiaso,D,6.5,7.5,True,False
34,NI99ER NO.1,Diego Carlos,D,6.0,6.0,True,False
34,NI99ER NO.1,Ostigard,D,6.5,6.5,True,False
34,NI99ER NO.1,Hermoso,D,5.5,5.5,True,False
34,NI99ER NO.1,Locatelli,C,6.0,6.0,True,False
34,NI99ER NO.1,Rabiot,C,5.5,5.5,True,False
34,NI99ER NO.1,Basic,C,5.5,5.5,True,False
34,NI99ER NO.1,Fofana Y.,C,5.5,5.5,True,False
34,NI99ER NO.1,Pellegrino M.,A,6.0,6.0,True,False
34,NI99ER NO.1,Douvikas,A,7.0,11.0,True,False
34,NI99ER NO.1,Beukema,D,,,False,True
34,NI99ER NO.1,Gosens,D,6.0,6.0,False,True
34,NI99ER NO.1,Heggem,D,,,False,True
34,NI99ER NO.1,Gaspar K.,D,,,False,True
34,NI99ER NO.1,Pasalic,C,5.5,5.5,False,True
34,NI99ER NO.1,Konè I.,C,6.0,6.0,False,True
34,NI99ER NO.1,Pobega,C,5.5,5.5,False,True
34,NI99ER NO.1,Cataldi,C,,,False,True
34,NI99ER NO.1,Giovane,A,6.5,6.5,False,True
34,NI99ER NO.1,Kean,A,,,False,True
34,NI99ER NO.1,Borrelli,A,,,False,True
34,NI99ER NO.1,Vaz,A,,,False,True
34,NI99ER NO.1,Sportiello,P,,,False,True
34,NI99ER NO.1,Rossi F.,P,,,False,True
34,GIALLOROSSI,Maignan,P,5.5,2.5,True,False
34,GIALLOROSSI,Palestra,D,5.5,5.5,True,False
34,GIALLOROSSI,Kelly L.,D,6.5,6.5,True,False
34,GIALLOROSSI,Dumfries,D,6.0,6.0,True,False
34,GIALLOROSSI,Maldini,C,,,False,False
34,GIALLOROSSI,Vlasic,C,6.0,6.0,True,False
34,GIALLOROSSI,Zhegrova,C,,,False,False
34,GIALLOROSSI,Conceicao,C,6.0,5.5,True,False
34,GIALLOROSSI,Esposito Se.,A,6.0,6.0,True,False
34,GIALLOROSSI,Pinamonti,A,5.5,5.5,True,False
34,GIALLOROSSI,Castro S.,A,5.5,5.5,True,False
34,GIALLOROSSI,Terracciano,P,,,False,True
34,GIALLOROSSI,Torriani,P,,,False,True
34,GIALLOROSSI,Bartesaghi,D,5.0,5.0,False,True
34,GIALLOROSSI,Estupinan,D,,,False,True
34,GIALLOROSSI,Vasquez,D,,,False,True
34,GIALLOROSSI,Valeri,D,6.5,6.5,False,True
34,GIALLOROSSI,Marianucci,D,5.5,5.0,False,True
34,GIALLOROSSI,Da Cunha,C,6.5,6.5,True,True
34,GIALLOROSSI,Miretti,C,,,False,True
34,GIALLOROSSI,Fagioli,C,5.5,5.5,True,True
34,GIALLOROSSI,Calhanoglu,C,,,False,True
34,GIALLOROSSI,Davis K.,A,6.0,7.0,False,True
34,GIALLOROSSI,Piccoli,A,5.5,5.5,False,True
34,GIALLOROSSI,Lukaku,A,,,False,True
34,LUCKY LUKE,Skorupski,P,,,False,False
34,LUCKY LUKE,Celik,D,6.0,6.0,True,False
34,LUCKY LUKE,N'Dicka,D,5.0,5.0,True,False
34,LUCKY LUKE,Solet,D,6.5,6.5,True,False
34,LUCKY LUKE,Cristante,C,6.0,6.0,True,False
34,LUCKY LUKE,Loftus-Cheek,C,5.0,5.0,True,False
34,LUCKY LUKE,Mkhitaryan,C,7.0,9.5,True,False
34,LUCKY LUKE,Politano,C,6.0,5.5,True,False
34,LUCKY LUKE,Perrone,C,5.0,5.0,True,False
34,LUCKY LUKE,David,A,,,False,False
34,LUCKY LUKE,Soulè,A,5.5,5.5,True,False
34,LUCKY LUKE,Ravaglia F.,P,,,False,True
34,LUCKY LUKE,Muric,P,6.0,4.0,True,True
34,LUCKY LUKE,Openda,A,,,False,True
34,LUCKY LUKE,Cambiaghi,A,,,False,True
34,LUCKY LUKE,Nzola,A,,,False,True
34,LUCKY LUKE,Raspadori,A,7.0,11.0,True,True
34,LUCKY LUKE,Gallo,D,6.0,6.0,False,True
34,LUCKY LUKE,Lazaro,D,6.0,6.0,False,True
34,LUCKY LUKE,Mina,D,,,False,True
34,LUCKY LUKE,Gatti,D,,,False,True
34,LUCKY LUKE,Gabbia,D,5.0,5.0,False,True
34,LUCKY LUKE,Lobotka,C,6.0,6.0,False,True
34,LUCKY LUKE,Sucic P.,C,7.0,10.0,False,True
34,LUCKY LUKE,Ederson D.S.,C,7.5,11.5,False,True
34,ROMOLO&ROMINA,Martinez Jo.,P,6.0,7.0,True,False
34,ROMOLO&ROMINA,Gutierrez,D,6.0,6.0,True,False
34,ROMOLO&ROMINA,Muharemovic,D,5.0,5.0,True,False
34,ROMOLO&ROMINA,Rrahmani,D,5.5,5.5,True,False
34,ROMOLO&ROMINA,Kalulu,D,6.0,6.0,True,False
34,ROMOLO&ROMINA,Bernabè,C,,,False,False
34,ROMOLO&ROMINA,Thorstvedt,C,6.5,9.0,True,False
34,ROMOLO&ROMINA,Konè M.,C,6.0,6.0,True,False
34,ROMOLO&ROMINA,Paz N.,C,6.0,6.0,True,False
34,ROMOLO&ROMINA,Krstovic,A,7.0,7.5,True,False
34,ROMOLO&ROMINA,Hojlund,A,6.5,7.5,True,False
34,ROMOLO&ROMINA,Colombo,A,5.5,5.5,False,True
34,ROMOLO&ROMINA,Adams C.,A,,,False,True
34,ROMOLO&ROMINA,Durosinmi,A,,,False,True
34,ROMOLO&ROMINA,Kilicsoy,A,,,False,True
34,ROMOLO&ROMINA,Zaccagni,C,,,False,True
34,ROMOLO&ROMINA,Matic,C,6.0,6.0,True,True
34,ROMOLO&ROMINA,Ellertsson,C,5.5,5.5,False,True
34,ROMOLO&ROMINA,Messias,C,,,False,True
34,ROMOLO&ROMINA,Luperto,D,6.5,6.5,False,True
34,ROMOLO&ROMINA,Belghali,D,6.0,6.0,False,True
34,ROMOLO&ROMINA,Martin,D,6.0,6.0,False,True
34,ROMOLO&ROMINA,Kossounou,D,,,False,True
34,ROMOLO&ROMINA,Sommer,P,,,False,True
34,ROMOLO&ROMINA,Caprile,P,6.5,4.5,False,True
34,NO ONE,Okoye,P,6.5,7.5,True,False
34,NO ONE,Bastoni,D,6.0,6.0,True,False
34,NO ONE,Kempf,D,6.5,7.5,True,False
34,NO ONE,Mancini,D,5.5,5.5,True,False
34,NO ONE,Dodò,D,6.0,6.0,True,False
34,NO ONE,Baturina,C,6.5,6.5,True,False
34,NO ONE,Thuram K.,C,,,False,False
34,NO ONE,Malinovskyi,C,6.0,6.0,True,False
34,NO ONE,Barella,C,6.5,6.5,True,False
34,NO ONE,Diao,A,5.5,5.5,True,False
34,NO ONE,Laurientè,A,5.5,5.5,True,False
34,NO ONE,Falcone,P,6.5,5.5,False,True
34,NO ONE,Sava,P,,,False,True
34,NO ONE,Bellanova,D,5.5,5.0,False,True
34,NO ONE,Zortea,D,6.0,6.0,False,True
34,NO ONE,Holm,D,6.0,6.0,False,True
34,NO ONE,Tomori,D,,,False,True
34,NO ONE,Gaetano,C,6.0,6.0,True,True
34,NO ONE,Mandragora,C,5.5,5.5,False,True
34,NO ONE,Zerbin,C,6.0,6.5,False,True
34,NO ONE,Zambo Anguissa,C,,,False,True
34,NO ONE,Dybala,A,7.0,8.0,False,True
34,NO ONE,Orban G.,A,,,False,True
34,NO ONE,Zapata D.,A,7.0,8.0,False,True
34,NO ONE,Addai,A,,,False,True
34,ROMAZDA,Motta,P,6.0,3.0,True,False
34,ROMAZDA,Miranda J.,D,7.5,8.5,True,False
34,ROMAZDA,Kolasinac,D,6.5,6.5,True,False
34,ROMAZDA,Bisseck,D,6.5,6.5,True,False
34,ROMAZDA,Carlos Augusto,D,6.5,6.5,True,False
34,ROMAZDA,Santos A.,C,7.0,10.0,True,False
34,ROMAZDA,Atta,C,6.0,6.0,True,False
34,ROMAZDA,Zaniolo,C,6.0,6.0,True,False
34,ROMAZDA,Yildiz,A,6.0,6.0,True,False
34,ROMAZDA,Esposito F.P.,A,,,False,False
34,ROMAZDA,Boga,A,,,False,False
34,ROMAZDA,Bonny,A,6.5,7.5,True,True
34,ROMAZDA,Solomon,A,6.0,6.0,True,True
34,ROMAZDA,Fullkrug,A,6.0,6.0,False,True
34,ROMAZDA,Gudmundsson A.,C,,,False,True
34,ROMAZDA,Luis Henrique,C,6.0,6.0,False,True
34,ROMAZDA,Tramoni M.,C,,,False,True
34,ROMAZDA,Berisha M.,C,,,False,True
34,ROMAZDA,Vergara,C,,,False,True
34,ROMAZDA,Hien,D,6.5,6.0,False,True
34,ROMAZDA,Olivera,D,,,False,True
34,ROMAZDA,Di Lorenzo,D,6.0,9.0,False,True
34,ROMAZDA,Juan Jesus,D,,,False,True
34,ROMAZDA,Provedel,P,,,False,True
34,ROMAZDA,Furlanetto,P,,,False,True
34,ROMABOY,Milinkovic-Savic V.,P,5.5,2.5,True,False
34,ROMABOY,Dimarco,D,,,False,False
34,ROMABOY,Akanji,D,,,False,False
34,ROMABOY,Pavlovic,D,6.0,9.0,True,False
34,ROMABOY,Scalvini,D,6.0,6.0,True,False
34,ROMABOY,Pellegrini Lo.,C,,,False,False
34,ROMABOY,McTominay,C,6.0,6.0,True,False
34,ROMABOY,McKennie,C,6.0,6.0,True,False
34,ROMABOY,Rowe,C,7.0,11.0,True,False
34,ROMABOY,Thuram,A,7.0,8.0,True,False
34,ROMABOY,Moreo,A,5.0,5.0,True,False
34,ROMABOY,Meret,P,,,False,True
34,ROMABOY,Contini,P,,,False,True
34,ROMABOY,Zemura,D,,,False,True
34,ROMABOY,Delprato,D,5.0,5.0,True,True
34,ROMABOY,Gila,D,5.5,5.5,True,True
34,ROMABOY,Acerbi,D,6.0,6.0,False,True
34,ROMABOY,Ekkelenkamp,C,,,False,True
34,ROMABOY,Frattesi,C,6.0,6.0,True,True
34,ROMABOY,Zaragoza,C,,,False,True
34,ROMABOY,Ferguson,C,6.0,6.0,False,True
34,ROMABOY,Nkunku,A,7.0,9.0,False,True
34,ROMABOY,Stulic,A,,,False,True
34,ROMABOY,Dallinga,A,,,False,True
34,ROMABOY,Arena A.,A,,,False,True
34,F-22,Tornqvist,P,,,False,False
34,F-22,Marusic,D,5.0,5.0,True,False
34,F-22,Kristensen T.,D,6.5,6.5,True,False
34,F-22,Vojvoda,D,5.5,5.5,True,False
34,F-22,Walukiewicz,D,6.0,6.0,True,False
34,F-22,Bernardeschi,C,7.0,9.5,True,False
34,F-22,Taylor K.,C,,,False,False
34,F-22,Zielinski,C,,,False,False
34,F-22,Pulisic,C,,,False,False
34,F-22,Malen,A,7.5,13.5,True,False
34,F-22,Scamacca,A,,,False,False
34,F-22,Vitinha O.,A,5.5,5.5,True,True
34,F-22,Ratkov,A,,,False,True
34,F-22,Isaac,A,,,False,True
34,F-22,Tourè I.,C,5.5,5.5,True,True
34,F-22,Elmas,C,6.0,6.0,True,True
34,F-22,Brescianini,C,6.0,6.0,True,True
34,F-22,Tiago Gabriel,D,5.0,5.0,False,True
34,F-22,Frese,D,6.5,6.0,False,True
34,F-22,Di Gregorio,P,6.5,7.5,True,True
34,F-22,Butez,P,6.0,7.0,False,True
34,F-22,Ferguson E.,A,,,False,True
34,F-22,Modric,C,,,False,True
34,F-22,Norton-Cuffy,D,,,False,True
34,F-22,Bernasconi,D,,,False,True
35,ROMABOY,Milinkovic-Savic V.,P,,,False,False
35,ROMABOY,Dimarco,D,5.5,5.5,True,False
35,ROMABOY,Akanji,D,,,False,False
35,ROMABOY,Pavlovic,D,6.0,6.0,True,False
35,ROMABOY,Scalvini,D,5.5,5.5,True,False
35,ROMABOY,Pellegrini Lo.,C,,,False,False
35,ROMABOY,McTominay,C,7.0,11.0,True,False
35,ROMABOY,McKennie,C,5.5,5.5,True,False
35,ROMABOY,Rowe,C,6.5,7.5,True,False
35,ROMABOY,Thuram,A,,,False,False
35,ROMABOY,Moreo,A,5.5,5.5,True,False
35,ROMABOY,Meret,P,7.0,8.0,True,True
35,ROMABOY,Contini,P,,,False,True
35,ROMABOY,Zemura,D,5.5,5.5,True,True
35,ROMABOY,Delprato,D,5.5,5.5,False,True
35,ROMABOY,Gila,D,5.5,5.5,False,True
35,ROMABOY,Acerbi,D,6.0,6.0,False,True
35,ROMABOY,Ekkelenkamp,C,,,False,True
35,ROMABOY,Frattesi,C,,,False,True
35,ROMABOY,Zaragoza,C,,,False,True
35,ROMABOY,Ferguson,C,5.5,5.5,True,True
35,ROMABOY,Nkunku,A,7.0,9.0,True,True
35,ROMABOY,Stulic,A,7.0,11.0,False,True
35,ROMABOY,Dallinga,A,6.0,6.0,False,True
35,ROMABOY,Arena A.,A,,,False,True
35,NEVER IWOMAN,Svilar,P,6.0,7.0,True,False
35,NEVER IWOMAN,Spinazzola,D,6.0,6.0,True,False
35,NEVER IWOMAN,Buongiorno,D,5.5,5.5,True,False
35,NEVER IWOMAN,Bremer,D,6.0,5.5,True,False
35,NEVER IWOMAN,Ramon,D,6.5,6.0,True,False
35,NEVER IWOMAN,Wesley,D,5.0,4.0,True,False
35,NEVER IWOMAN,Zalewski,C,5.5,5.5,True,False
35,NEVER IWOMAN,Fabbian,C,,,False,False
35,NEVER IWOMAN,Baldanzi,C,6.0,6.0,True,False
35,NEVER IWOMAN,Rodriguez Je.,A,7.0,8.0,True,False
35,NEVER IWOMAN,Vardy,A,7.0,11.0,True,False
35,NEVER IWOMAN,Simeone,A,5.0,5.0,False,True
35,NEVER IWOMAN,Morata,A,,,False,True
35,NEVER IWOMAN,Cancellieri,A,5.5,5.0,False,True
35,NEVER IWOMAN,Odgaard,C,,,False,True
35,NEVER IWOMAN,Isaksen,C,5.5,5.5,True,True
35,NEVER IWOMAN,Rensch,D,6.0,6.0,False,True
35,NEVER IWOMAN,Ahanor,D,6.0,6.0,False,True
35,NEVER IWOMAN,Angelino,D,,,False,True
35,NEVER IWOMAN,Gollini,P,,,False,True
35,NEVER IWOMAN,Zelezny,P,,,False,True
35,NEVER IWOMAN,Leao,A,,,False,True
35,NEVER IWOMAN,Ondrejka,C,,,False,True
35,NEVER IWOMAN,Serdar,C,,,False,True
35,NEVER IWOMAN,Saelemaekers,C,,,False,True
35,ROMOLO&ROMINA,Martinez Jo.,P,,,False,False
35,ROMOLO&ROMINA,Martin,D,,,False,False
35,ROMOLO&ROMINA,Rrahmani,D,7.0,10.0,True,False
35,ROMOLO&ROMINA,Muharemovic,D,5.5,5.0,True,False
35,ROMOLO&ROMINA,Kalulu,D,5.5,5.5,True,False
35,ROMOLO&ROMINA,Gutierrez,D,,,False,False
35,ROMOLO&ROMINA,Ellertsson,C,6.0,6.0,True,False
35,ROMOLO&ROMINA,Matic,C,5.5,5.5,True,False
35,ROMOLO&ROMINA,Thorstvedt,C,6.0,6.0,True,False
35,ROMOLO&ROMINA,Krstovic,A,5.0,5.0,True,False
35,ROMOLO&ROMINA,Hojlund,A,7.5,11.5,True,False
35,ROMOLO&ROMINA,Adams C.,A,5.5,5.5,False,True
35,ROMOLO&ROMINA,Colombo,A,5.5,5.5,False,True
35,ROMOLO&ROMINA,Durosinmi,A,,,False,True
35,ROMOLO&ROMINA,Kilicsoy,A,,,False,True
35,ROMOLO&ROMINA,Konè M.,C,,,False,True
35,ROMOLO&ROMINA,Paz N.,C,,,False,True
35,ROMOLO&ROMINA,Messias,C,,,False,True
35,ROMOLO&ROMINA,Bernabè,C,,,False,True
35,ROMOLO&ROMINA,Zaccagni,C,,,False,True
35,ROMOLO&ROMINA,Luperto,D,6.5,6.5,True,True
35,ROMOLO&ROMINA,Belghali,D,6.0,6.0,True,True
35,ROMOLO&ROMINA,Kossounou,D,,,False,True
35,ROMOLO&ROMINA,Sommer,P,6.5,7.5,True,True
35,ROMOLO&ROMINA,Caprile,P,6.5,5.5,False,True
35,OLD LIN,De Gea,P,7.0,8.0,True,False
35,OLD LIN,Zappa,D,5.5,5.5,True,False
35,OLD LIN,Djimsiti,D,6.0,6.0,True,False
35,OLD LIN,Zappacosta,D,5.5,5.5,True,False
35,OLD LIN,Casadei,C,6.0,6.0,True,False
35,OLD LIN,Pierotti,C,5.5,5.5,True,False
35,OLD LIN,De Bruyne,C,6.5,6.5,True,False
35,OLD LIN,Orsolini,C,7.0,11.0,True,False
35,OLD LIN,De Ketelaere,A,6.0,6.0,True,False
35,OLD LIN,Martinez L.,A,5.5,5.5,True,False
35,OLD LIN,Berardi,A,6.5,6.5,True,False
35,OLD LIN,Christensen O.,P,,,False,True
35,OLD LIN,Lezzerini,P,,,False,True
35,OLD LIN,Ghilardi,D,,,False,True
35,OLD LIN,Circati,D,5.5,5.5,False,True
35,OLD LIN,Doig,D,,,False,True
35,OLD LIN,Baschirotto,D,,,False,True
35,OLD LIN,Ismajli,D,,,False,True
35,OLD LIN,Strefezza,C,5.0,5.0,False,True
35,OLD LIN,Gagliardini,C,5.5,5.0,False,True
35,OLD LIN,Sohm,C,,,False,True
35,OLD LIN,Prati,C,5.5,6.0,False,True
35,OLD LIN,Bonazzoli,A,6.5,6.0,False,True
35,OLD LIN,Cheddira,A,8.0,14.0,False,True
35,OLD LIN,Dominguez B.,A,,,False,True
35,GIALLOROSSI,Maignan,P,6.5,5.5,True,False
35,GIALLOROSSI,Palestra,D,6.5,6.5,True,False
35,GIALLOROSSI,Bartesaghi,D,6.0,6.0,True,False
35,GIALLOROSSI,Kelly L.,D,6.0,6.0,True,False
35,GIALLOROSSI,Dumfries,D,,,False,False
35,GIALLOROSSI,Vlasic,C,5.5,5.5,True,False
35,GIALLOROSSI,Da Cunha,C,6.5,6.5,True,False
35,GIALLOROSSI,Conceicao,C,6.0,6.0,True,False
35,GIALLOROSSI,Esposito Se.,A,7.0,10.0,True,False
35,GIALLOROSSI,Davis K.,A,5.5,5.5,True,False
35,GIALLOROSSI,Castro S.,A,5.5,5.5,True,False
35,GIALLOROSSI,Terracciano,P,,,False,True
35,GIALLOROSSI,Torriani,P,,,False,True
35,GIALLOROSSI,Vasquez,D,7.0,10.0,True,True
35,GIALLOROSSI,Marianucci,D,5.5,5.5,False,True
35,GIALLOROSSI,Valeri,D,6.0,6.0,False,True
35,GIALLOROSSI,Estupinan,D,,,False,True
35,GIALLOROSSI,Maldini,C,5.5,5.5,False,True
35,GIALLOROSSI,Calhanoglu,C,,,False,True
35,GIALLOROSSI,Zhegrova,C,5.0,5.0,False,True
35,GIALLOROSSI,Fagioli,C,6.5,6.5,False,True
35,GIALLOROSSI,Miretti,C,,,False,True
35,GIALLOROSSI,Pinamonti,A,7.0,10.0,False,True
35,GIALLOROSSI,Piccoli,A,6.0,6.0,False,True
35,GIALLOROSSI,Lukaku,A,,,False,True
35,NO ONE,Okoye,P,6.0,5.0,True,False
35,NO ONE,Bastoni,D,,,False,False
35,NO ONE,Kempf,D,6.5,6.5,True,False
35,NO ONE,Mancini,D,8.0,15.0,True,False
35,NO ONE,Dodò,D,6.5,6.5,True,False
35,NO ONE,Baturina,C,6.5,6.5,True,False
35,NO ONE,Barella,C,,,False,False
35,NO ONE,Malinovskyi,C,5.5,5.5,True,False
35,NO ONE,Laurientè,A,7.0,10.0,True,False
35,NO ONE,Diao,A,5.5,5.5,True,False
35,NO ONE,Dybala,A,7.0,8.0,True,False
35,NO ONE,Falcone,P,6.0,4.0,False,True
35,NO ONE,Sava,P,,,False,True
35,NO ONE,Tomori,D,6.0,5.5,True,True
35,NO ONE,Bellanova,D,,,False,True
35,NO ONE,Zortea,D,,,False,True
35,NO ONE,Holm,D,,,False,True
35,NO ONE,Gaetano,C,6.5,7.5,True,True
35,NO ONE,Thuram K.,C,5.5,5.5,False,True
35,NO ONE,Mandragora,C,7.0,10.0,False,True
35,NO ONE,Zerbin,C,,,False,True
35,NO ONE,Zambo Anguissa,C,,,False,True
35,NO ONE,Zapata D.,A,5.5,5.5,False,True
35,NO ONE,Orban G.,A,,,False,True
35,NO ONE,Addai,A,,,False,True
35,F-22,Tornqvist,P,,,False,False
35,F-22,Marusic,D,5.5,5.5,True,False
35,F-22,Kristensen T.,D,6.0,6.0,True,False
35,F-22,Tiago Gabriel,D,5.5,5.0,True,False
35,F-22,Vojvoda,D,,,False,False
35,F-22,Bernardeschi,C,5.5,5.5,True,False
35,F-22,Taylor K.,C,5.5,5.0,True,False
35,F-22,Zielinski,C,6.0,6.0,True,False
35,F-22,Pulisic,C,6.5,7.5,True,False
35,F-22,Malen,A,6.5,6.5,True,False
35,F-22,Scamacca,A,,,False,False
35,F-22,Vitinha O.,A,6.0,5.5,True,True
35,F-22,Ratkov,A,,,False,True
35,F-22,Isaac,A,,,False,True
35,F-22,Modric,C,,,False,True
35,F-22,Elmas,C,6.5,7.0,False,True
35,F-22,Brescianini,C,6.0,6.0,False,True
35,F-22,Tourè I.,C,5.5,5.5,False,True
35,F-22,Frese,D,6.0,6.0,True,True
35,F-22,Di Gregorio,P,5.5,3.5,True,True
35,F-22,Butez,P,6.5,7.5,False,True
35,F-22,Ferguson E.,A,,,False,True
35,F-22,Bernasconi,D,,,False,True
35,F-22,Walukiewicz,D,,,False,True
35,F-22,Norton-Cuffy,D,,,False,True
35,NI99ER NO.1,Carnesecchi,P,6.5,5.5,True,False
35,NI99ER NO.1,Cambiaso,D,5.5,5.5,True,False
35,NI99ER NO.1,Diego Carlos,D,,,False,False
35,NI99ER NO.1,Beukema,D,6.0,6.0,True,False
35,NI99ER NO.1,Hermoso,D,6.5,6.0,True,False
35,NI99ER NO.1,Locatelli,C,5.5,5.5,True,False
35,NI99ER NO.1,Rabiot,C,6.0,6.0,True,False
35,NI99ER NO.1,Pasalic,C,5.5,5.0,True,False
35,NI99ER NO.1,Fofana Y.,C,5.5,5.5,True,False
35,NI99ER NO.1,Pellegrino M.,A,5.5,5.5,True,False
35,NI99ER NO.1,Douvikas,A,6.0,6.0,True,False
35,NI99ER NO.1,Heggem,D,6.5,6.5,True,True
35,NI99ER NO.1,Ostigard,D,,,False,True
35,NI99ER NO.1,Gosens,D,5.5,5.5,False,True
35,NI99ER NO.1,Gaspar K.,D,,,False,True
35,NI99ER NO.1,Konè I.,C,5.5,5.5,False,True
35,NI99ER NO.1,Pobega,C,6.0,5.5,False,True
35,NI99ER NO.1,Basic,C,5.5,5.5,False,True
35,NI99ER NO.1,Cataldi,C,,,False,True
35,NI99ER NO.1,Giovane,A,,,False,True
35,NI99ER NO.1,Kean,A,,,False,True
35,NI99ER NO.1,Borrelli,A,,,False,True
35,NI99ER NO.1,Vaz,A,,,False,True
35,NI99ER NO.1,Sportiello,P,,,False,True
35,NI99ER NO.1,Rossi F.,P,,,False,True
35,ROMAZDA,Furlanetto,P,6.5,4.5,True,False
35,ROMAZDA,Miranda J.,D,6.5,6.5,True,False
35,ROMAZDA,Carlos Augusto,D,5.5,5.5,True,False
35,ROMAZDA,Bisseck,D,,,False,False
35,ROMAZDA,Di Lorenzo,D,6.0,6.0,True,False
35,ROMAZDA,Gudmundsson A.,C,6.0,5.5,True,False
35,ROMAZDA,Atta,C,5.0,5.0,True,False
35,ROMAZDA,Santos A.,C,6.0,5.5,True,False
35,ROMAZDA,Yildiz,A,5.5,5.5,True,False
35,ROMAZDA,Bonny,A,6.5,6.5,True,False
35,ROMAZDA,Solomon,A,6.5,7.5,True,False
35,ROMAZDA,Esposito F.P.,A,5.5,5.5,False,True
35,ROMAZDA,Boga,A,6.0,6.0,False,True
35,ROMAZDA,Fullkrug,A,6.0,6.0,False,True
35,ROMAZDA,Luis Henrique,C,5.5,5.5,False,True
35,ROMAZDA,Vergara,C,,,False,True
35,ROMAZDA,Tramoni M.,C,,,False,True
35,ROMAZDA,Berisha M.,C,,,False,True
35,ROMAZDA,Zaniolo,C,,,False,True
35,ROMAZDA,Kolasinac,D,,,False,True
35,ROMAZDA,Olivera,D,6.0,6.0,True,True
35,ROMAZDA,Hien,D,,,False,True
35,ROMAZDA,Provedel,P,,,False,True
35,ROMAZDA,Motta,P,,,False,True
35,ROMAZDA,Juan Jesus,D,,,False,True
35,LUCKY LUKE,Skorupski,P,6.5,7.5,True,False
35,LUCKY LUKE,Celik,D,6.0,6.0,True,False
35,LUCKY LUKE,N'Dicka,D,6.0,6.0,True,False
35,LUCKY LUKE,Solet,D,6.5,6.5,True,False
35,LUCKY LUKE,Cristante,C,6.5,6.5,True,False
35,LUCKY LUKE,Ederson D.S.,C,6.0,6.0,True,False
35,LUCKY LUKE,Mkhitaryan,C,5.5,5.5,True,False
35,LUCKY LUKE,Politano,C,,,False,False
35,LUCKY LUKE,Perrone,C,6.5,6.5,True,False
35,LUCKY LUKE,Raspadori,A,5.5,5.5,True,False
35,LUCKY LUKE,Soulè,A,6.0,6.0,True,False
35,LUCKY LUKE,Ravaglia F.,P,,,False,True
35,LUCKY LUKE,Muric,P,,,False,True
35,LUCKY LUKE,Gallo,D,5.5,5.0,False,True
35,LUCKY LUKE,Lazaro,D,,,False,True
35,LUCKY LUKE,Mina,D,7.0,11.0,False,True
35,LUCKY LUKE,Gatti,D,,,False,True
35,LUCKY LUKE,Gabbia,D,6.0,5.5,False,True
35,LUCKY LUKE,Sucic P.,C,6.5,6.5,True,True
35,LUCKY LUKE,Lobotka,C,6.5,6.5,False,True
35,LUCKY LUKE,Loftus-Cheek,C,,,False,True
35,LUCKY LUKE,Nzola,A,5.0,5.0,False,True
35,LUCKY LUKE,Cambiaghi,A,,,False,True
35,LUCKY LUKE,David,A,,,False,True
35,LUCKY LUKE,Openda,A,,,False,True
36,LUCKY LUKE,Skorupski,P,6.0,3.0,True,False
36,LUCKY LUKE,Celik,D,6.5,6.5,True,False
36,LUCKY LUKE,N'Dicka,D,,,False,False
36,LUCKY LUKE,Solet,D,6.0,6.0,True,False
36,LUCKY LUKE,Cristante,C,6.0,6.0,True,False
36,LUCKY LUKE,Ederson D.S.,C,,,False,False
36,LUCKY LUKE,Mkhitaryan,C,6.0,5.5,True,False
36,LUCKY LUKE,Politano,C,6.0,6.0,True,False
36,LUCKY LUKE,Perrone,C,6.5,6.5,True,False
36,LUCKY LUKE,Raspadori,A,6.0,6.0,True,False
36,LUCKY LUKE,Soulè,A,6.0,6.0,True,False
36,LUCKY LUKE,Ravaglia F.,P,,,False,True
36,LUCKY LUKE,Muric,P,,,False,True
36,LUCKY LUKE,Gallo,D,6.5,6.5,True,True
36,LUCKY LUKE,Lazaro,D,,,False,True
36,LUCKY LUKE,Mina,D,6.5,7.5,False,True
36,LUCKY LUKE,Gatti,D,5.0,5.0,False,True
36,LUCKY LUKE,Gabbia,D,5.5,5.5,False,True
36,LUCKY LUKE,Sucic P.,C,5.5,5.5,True,True
36,LUCKY LUKE,Lobotka,C,6.0,6.0,False,True
36,LUCKY LUKE,Loftus-Cheek,C,,,False,True
36,LUCKY LUKE,Nzola,A,5.5,5.5,False,True
36,LUCKY LUKE,Cambiaghi,A,,,False,True
36,LUCKY LUKE,David,A,5.5,5.5,False,True
36,LUCKY LUKE,Openda,A,,,False,True
36,GIALLOROSSI,Maignan,P,7.0,4.5,True,False
36,GIALLOROSSI,Bartesaghi,D,5.5,5.5,True,False
36,GIALLOROSSI,Valeri,D,6.5,6.5,True,False
36,GIALLOROSSI,Palestra,D,6.5,6.5,True,False
36,GIALLOROSSI,Maldini,C,6.0,6.0,True,False
36,GIALLOROSSI,Vlasic,C,6.0,6.0,True,False
36,GIALLOROSSI,Da Cunha,C,8.0,13.0,True,False
36,GIALLOROSSI,Conceicao,C,6.5,7.5,True,False
36,GIALLOROSSI,Pinamonti,A,5.5,5.5,True,False
36,GIALLOROSSI,Castro S.,A,5.5,5.5,True,False
36,GIALLOROSSI,Piccoli,A,7.0,10.0,True,False
36,GIALLOROSSI,Terracciano,P,,,False,True
36,GIALLOROSSI,Torriani,P,,,False,True
36,GIALLOROSSI,Vasquez,D,,,False,True
36,GIALLOROSSI,Kelly L.,D,5.5,5.5,False,True
36,GIALLOROSSI,Marianucci,D,,,False,True
36,GIALLOROSSI,Estupinan,D,,,False,True
36,GIALLOROSSI,Dumfries,D,,,False,True
36,GIALLOROSSI,Zhegrova,C,,,False,True
36,GIALLOROSSI,Fagioli,C,,,False,True
36,GIALLOROSSI,Miretti,C,5.5,5.5,False,True
36,GIALLOROSSI,Calhanoglu,C,,,False,True
36,GIALLOROSSI,Davis K.,A,5.5,5.5,False,True
36,GIALLOROSSI,Esposito Se.,A,6.5,6.5,False,True
36,GIALLOROSSI,Lukaku,A,,,False,True
36,NEVER IWOMAN,Svilar,P,6.5,7.5,True,False
36,NEVER IWOMAN,Ahanor,D,5.5,5.0,True,False
36,NEVER IWOMAN,Spinazzola,D,,,False,False
36,NEVER IWOMAN,Ramon,D,5.5,5.5,True,False
36,NEVER IWOMAN,Rensch,D,6.5,6.5,True,False
36,NEVER IWOMAN,Isaksen,C,,,False,False
36,NEVER IWOMAN,Fabbian,C,6.0,6.0,True,False
36,NEVER IWOMAN,Saelemaekers,C,7.0,10.0,True,False
36,NEVER IWOMAN,Rodriguez Je.,A,7.5,11.0,True,False
36,NEVER IWOMAN,Leao,A,6.0,6.0,True,False
36,NEVER IWOMAN,Cancellieri,A,5.5,5.5,True,False
36,NEVER IWOMAN,Vardy,A,6.0,5.5,False,True
36,NEVER IWOMAN,Simeone,A,6.0,6.0,False,True
36,NEVER IWOMAN,Morata,A,,,False,True
36,NEVER IWOMAN,Zalewski,C,,,False,True
36,NEVER IWOMAN,Baldanzi,C,,,False,True
36,NEVER IWOMAN,Odgaard,C,6.0,6.0,True,True
36,NEVER IWOMAN,Buongiorno,D,,,False,True
36,NEVER IWOMAN,Angelino,D,,,False,True
36,NEVER IWOMAN,Gollini,P,,,False,True
36,NEVER IWOMAN,Zelezny,P,,,False,True
36,NEVER IWOMAN,Ondrejka,C,,,False,True
36,NEVER IWOMAN,Serdar,C,,,False,True
36,NEVER IWOMAN,Wesley,D,,,False,True
36,NEVER IWOMAN,Bremer,D,,,False,True
36,ROMOLO&ROMINA,Martinez Jo.,P,5.5,2.5,True,False
36,ROMOLO&ROMINA,Belghali,D,6.0,6.0,True,False
36,ROMOLO&ROMINA,Muharemovic,D,,,False,False
36,ROMOLO&ROMINA,Rrahmani,D,6.5,6.5,True,False
36,ROMOLO&ROMINA,Kalulu,D,6.0,5.5,True,False
36,ROMOLO&ROMINA,Thorstvedt,C,5.5,5.0,True,False
36,ROMOLO&ROMINA,Konè M.,C,6.0,6.0,True,False
36,ROMOLO&ROMINA,Paz N.,C,,,False,False
36,ROMOLO&ROMINA,Krstovic,A,,,False,False
36,ROMOLO&ROMINA,Hojlund,A,7.5,11.5,True,False
36,ROMOLO&ROMINA,Colombo,A,6.0,6.0,True,False
36,ROMOLO&ROMINA,Adams C.,A,7.0,11.0,True,True
36,ROMOLO&ROMINA,Durosinmi,A,,,False,True
36,ROMOLO&ROMINA,Kilicsoy,A,,,False,True
36,ROMOLO&ROMINA,Zaccagni,C,,,False,True
36,ROMOLO&ROMINA,Messias,C,,,False,True
36,ROMOLO&ROMINA,Bernabè,C,,,False,True
36,ROMOLO&ROMINA,Matic,C,6.0,6.0,True,True
36,ROMOLO&ROMINA,Ellertsson,C,5.5,5.5,False,True
36,ROMOLO&ROMINA,Gutierrez,D,6.5,6.5,True,True
36,ROMOLO&ROMINA,Martin,D,6.0,6.0,False,True
36,ROMOLO&ROMINA,Luperto,D,4.5,4.5,False,True
36,ROMOLO&ROMINA,Kossounou,D,,,False,True
36,ROMOLO&ROMINA,Sommer,P,,,False,True
36,ROMOLO&ROMINA,Caprile,P,6.0,5.0,False,True
36,NI99ER NO.1,Sportiello,P,5.5,4.5,True,False
36,NI99ER NO.1,Cambiaso,D,5.5,5.5,True,False
36,NI99ER NO.1,Gosens,D,6.0,6.0,True,False
36,NI99ER NO.1,Hermoso,D,6.5,6.5,True,False
36,NI99ER NO.1,Basic,C,6.0,6.0,True,False
36,NI99ER NO.1,Locatelli,C,5.5,5.5,True,False
36,NI99ER NO.1,Rabiot,C,5.5,5.5,True,False
36,NI99ER NO.1,Cataldi,C,,,False,False
36,NI99ER NO.1,Fofana Y.,C,5.0,5.0,True,False
36,NI99ER NO.1,Pellegrino M.,A,7.0,11.0,True,False
36,NI99ER NO.1,Douvikas,A,7.0,11.0,True,False
36,NI99ER NO.1,Beukema,D,,,False,True
36,NI99ER NO.1,Heggem,D,,,False,True
36,NI99ER NO.1,Diego Carlos,D,,,False,True
36,NI99ER NO.1,Ostigard,D,,,False,True
36,NI99ER NO.1,Gaspar K.,D,,,False,True
36,NI99ER NO.1,Konè I.,C,6.5,6.5,True,True
36,NI99ER NO.1,Pasalic,C,5.5,5.5,False,True
36,NI99ER NO.1,Pobega,C,7.0,10.0,False,True
36,NI99ER NO.1,Giovane,A,,,False,True
36,NI99ER NO.1,Kean,A,,,False,True
36,NI99ER NO.1,Borrelli,A,7.0,10.0,False,True
36,NI99ER NO.1,Vaz,A,,,False,True
36,NI99ER NO.1,Carnesecchi,P,,,False,True
36,NI99ER NO.1,Rossi F.,P,,,False,True
36,ROMABOY,Milinkovic-Savic V.,P,,,False,False
36,ROMABOY,Dimarco,D,7.0,10.0,True,False
36,ROMABOY,Akanji,D,,,False,False
36,ROMABOY,Pavlovic,D,5.5,5.0,True,False
36,ROMABOY,Scalvini,D,6.0,6.0,True,False
36,ROMABOY,Pellegrini Lo.,C,,,False,False
36,ROMABOY,McTominay,C,5.5,5.5,True,False
36,ROMABOY,McKennie,C,6.0,6.0,True,False
36,ROMABOY,Rowe,C,6.5,6.5,True,False
36,ROMABOY,Thuram,A,,,False,False
36,ROMABOY,Nkunku,A,5.0,5.0,True,False
36,ROMABOY,Meret,P,6.5,7.5,True,True
36,ROMABOY,Contini,P,,,False,True
36,ROMABOY,Ekkelenkamp,C,,,False,True
36,ROMABOY,Frattesi,C,,,False,True
36,ROMABOY,Ferguson,C,6.0,6.0,True,True
36,ROMABOY,Stulic,A,,,False,True
36,ROMABOY,Moreo,A,7.0,10.0,True,True
36,ROMABOY,Dallinga,A,,,False,True
36,ROMABOY,Arena A.,A,,,False,True
36,ROMABOY,Acerbi,D,,,False,True
36,ROMABOY,Zemura,D,5.5,5.5,True,True
36,ROMABOY,Gila,D,5.5,5.0,False,True
36,ROMABOY,Delprato,D,,,False,True
36,ROMABOY,Zaragoza,C,,,False,True
36,OLD LIN,De Gea,P,,,False,False
36,OLD LIN,Ismajli,D,5.0,5.0,True,False
36,OLD LIN,Circati,D,6.0,6.0,True,False
36,OLD LIN,Ghilardi,D,5.5,5.5,True,False
36,OLD LIN,Strefezza,C,,,False,False
36,OLD LIN,Casadei,C,7.5,10.5,True,False
36,OLD LIN,De Bruyne,C,6.5,7.5,True,False
36,OLD LIN,Orsolini,C,,,False,False
36,OLD LIN,Cheddira,A,6.0,6.0,True,False
36,OLD LIN,Martinez L.,A,5.5,5.0,True,False
36,OLD LIN,Berardi,A,6.0,6.0,True,False
36,OLD LIN,Christensen O.,P,7.5,6.5,True,True
36,OLD LIN,Lezzerini,P,,,False,True
36,OLD LIN,Zappacosta,D,6.5,6.5,False,True
36,OLD LIN,Djimsiti,D,6.0,6.0,False,True
36,OLD LIN,Doig,D,,,False,True
36,OLD LIN,Baschirotto,D,,,False,True
36,OLD LIN,Zappa,D,6.5,6.5,False,True
36,OLD LIN,Prati,C,6.5,6.5,True,True
36,OLD LIN,Pierotti,C,6.5,7.0,True,True
36,OLD LIN,Gagliardini,C,,,False,True
36,OLD LIN,Sohm,C,,,False,True
36,OLD LIN,De Ketelaere,A,6.0,6.0,False,True
36,OLD LIN,Bonazzoli,A,7.0,9.0,False,True
36,OLD LIN,Dominguez B.,A,,,False,True
36,ROMAZDA,Furlanetto,P,6.5,5.5,True,False
36,ROMAZDA,Miranda J.,D,5.5,5.5,True,False
36,ROMAZDA,Carlos Augusto,D,6.0,6.0,True,False
36,ROMAZDA,Bisseck,D,5.5,5.5,True,False
36,ROMAZDA,Di Lorenzo,D,6.5,6.5,True,False
36,ROMAZDA,Santos A.,C,,,False,False
36,ROMAZDA,Atta,C,6.5,6.5,True,False
36,ROMAZDA,Luis Henrique,C,6.0,6.0,True,False
36,ROMAZDA,Yildiz,A,,,False,False
36,ROMAZDA,Esposito F.P.,A,6.5,9.5,True,False
36,ROMAZDA,Bonny,A,6.0,6.0,True,False
36,ROMAZDA,Solomon,A,,,False,True
36,ROMAZDA,Boga,A,6.0,6.0,True,True
36,ROMAZDA,Fullkrug,A,5.5,5.5,False,True
36,ROMAZDA,Gudmundsson A.,C,6.0,6.0,True,True
36,ROMAZDA,Vergara,C,,,False,True
36,ROMAZDA,Tramoni M.,C,,,False,True
36,ROMAZDA,Berisha M.,C,,,False,True
36,ROMAZDA,Zaniolo,C,,,False,True
36,ROMAZDA,Hien,D,6.5,6.5,False,True
36,ROMAZDA,Kolasinac,D,,,False,True
36,ROMAZDA,Olivera,D,6.5,6.5,False,True
36,ROMAZDA,Juan Jesus,D,6.0,6.0,False,True
36,ROMAZDA,Provedel,P,,,False,True
36,ROMAZDA,Motta,P,,,False,True
36,NO ONE,Falcone,P,6.5,7.5,True,False
36,NO ONE,Bastoni,D,,,False,False
36,NO ONE,Kempf,D,6.5,6.5,True,False
36,NO ONE,Mancini,D,6.5,6.5,True,False
36,NO ONE,Dodò,D,6.5,6.5,True,False
36,NO ONE,Baturina,C,6.0,6.0,True,False
36,NO ONE,Thuram K.,C,6.0,7.0,True,False
36,NO ONE,Malinovskyi,C,,,False,False
36,NO ONE,Laurientè,A,5.0,5.0,True,False
36,NO ONE,Diao,A,6.5,6.5,True,False
36,NO ONE,Dybala,A,8.0,10.0,True,False
36,NO ONE,Okoye,P,6.5,5.5,False,True
36,NO ONE,Sava,P,,,False,True
36,NO ONE,Tomori,D,5.0,5.0,True,True
36,NO ONE,Bellanova,D,5.5,5.5,False,True
36,NO ONE,Zortea,D,6.0,6.0,False,True
36,NO ONE,Holm,D,5.5,5.5,False,True
36,NO ONE,Gaetano,C,7.0,7.0,True,True
36,NO ONE,Barella,C,6.0,6.0,False,True
36,NO ONE,Mandragora,C,6.5,6.5,False,True
36,NO ONE,Zerbin,C,5.5,5.5,False,True
36,NO ONE,Zambo Anguissa,C,,,False,True
36,NO ONE,Zapata D.,A,5.5,5.5,False,True
36,NO ONE,Orban G.,A,,,False,True
36,NO ONE,Addai,A,,,False,True
36,F-22,Butez,P,6.0,5.0,True,False
36,F-22,Marusic,D,5.5,5.5,True,False
36,F-22,Kristensen T.,D,6.0,6.0,True,False
36,F-22,Tiago Gabriel,D,6.5,6.0,True,False
36,F-22,Vojvoda,D,,,False,False
36,F-22,Brescianini,C,6.5,7.5,True,False
36,F-22,Elmas,C,5.5,5.5,True,False
36,F-22,Pulisic,C,5.0,5.0,True,False
36,F-22,Modric,C,6.0,6.0,True,False
36,F-22,Bernardeschi,C,7.0,10.0,True,False
36,F-22,Malen,A,6.5,8.5,True,False
36,F-22,Scamacca,A,,,False,True
36,F-22,Ratkov,A,,,False,True
36,F-22,Isaac,A,,,False,True
36,F-22,Zielinski,C,5.0,3.0,False,True
36,F-22,Tourè I.,C,,,False,True
36,F-22,Frese,D,5.5,5.5,True,True
36,F-22,Tornqvist,P,,,False,True
36,F-22,Di Gregorio,P,,,False,True
36,F-22,Ferguson E.,A,,,False,True
36,F-22,Vitinha O.,A,,,False,True
36,F-22,Taylor K.,C,,,False,True
36,F-22,Bernasconi,D,,,False,True
36,F-22,Walukiewicz,D,,,False,True
36,F-22,Norton-Cuffy,D,6.0,6.0,False,True
