giornata,team,player,position,voto,fantavoto,active,on_bench
1,TEAM DELVECCHIO23,Suzuki,P,5.0,3.0,True,False
1,TEAM DELVECCHIO23,N'Dicka,D,6.0,6.0,True,False
1,TEAM DELVECCHIO23,Mancini,D,6.0,6.0,True,False
1,TEAM DELVECCHIO23,Tomori,D,6.0,5.5,True,False
1,TEAM DELVECCHIO23,Frattesi,C,,,False,False
1,TEAM DELVECCHIO23,Konè M.,C,5.5,5.5,True,False
1,TEAM DELVECCHIO23,Saelemaekers,C,6.5,7.0,True,False
1,TEAM DELVECCHIO23,Bondo,C,5.5,5.5,True,False
1,TEAM DELVECCHIO23,Rodriguez Je.,A,5.5,5.5,True,False
1,TEAM DELVECCHIO23,Ferguson E.,A,5.5,5.5,True,False
1,TEAM DELVECCHIO23,Scamacca,A,,,False,False
1,TEAM DELVECCHIO23,De Vrij,D,,,False,True
1,TEAM DELVECCHIO23,Buongiorno,D,6.0,6.0,False,True
1,TEAM DELVECCHIO23,Bonazzoli,A,5.5,5.5,True,True
1,TEAM DELVECCHIO23,Floriani Mussolini,D,,,False,True
1,TEAM DELVECCHIO23,Ostigard,D,6.0,5.5,False,True
1,TEAM DELVECCHIO23,Payero,C,,,False,True
1,TEAM DELVECCHIO23,Pisilli,C,5.5,5.5,True,True
1,TEAM DELVECCHIO23,Dovbyk,A,,,False,True
1,TEAM DELVECCHIO23,Celik,D,,,False,True
1,TEAM DELVECCHIO23,Esposito F.P.,A,,,False,True
1,TEAM DELVECCHIO23,Corvi,P,,,False,True
1,TEAM DELVECCHIO23,Rinaldi,P,,,False,True
1,TEAM DELVECCHIO23,Ederson D.S.,C,,,False,True
1,TEAM DELVECCHIO23,Thorstvedt,C,,,False,True
1,ZDENEK ZEMAN,Di Gregorio,P,6.0,3.0,True,False
1,ZDENEK ZEMAN,Valeri,D,6.0,6.0,True,False
1,ZDENEK ZEMAN,Olivera,D,6.0,6.0,True,False
1,ZDENEK ZEMAN,Baschirotto,D,5.0,5.0,True,False
1,ZDENEK ZEMAN,Gatti,D,6.0,6.0,True,False
1,ZDENEK ZEMAN,Zerbin,C,5.5,5.5,True,False
1,ZDENEK ZEMAN,Politano,C,6.5,6.5,True,False
1,ZDENEK ZEMAN,Rovella,C,6.0,5.5,True,False
1,ZDENEK ZEMAN,Orsolini,C,5.5,5.5,True,False
1,ZDENEK ZEMAN,Castellanos,A,5.5,5.5,True,False
1,ZDENEK ZEMAN,Pinamonti,A,6.0,5.5,True,False
1,ZDENEK ZEMAN,Cancellieri,A,5.5,5.5,False,True
1,ZDENEK ZEMAN,Cutrone,A,5.0,5.0,False,True
1,ZDENEK ZEMAN,Nkunku,A,,,False,True
1,ZDENEK ZEMAN,Bernabè,C,6.5,6.5,False,True
1,ZDENEK ZEMAN,Mandragora,C,6.0,6.0,False,True
1,ZDENEK ZEMAN,Mkhitaryan,C,5.5,5.0,False,True
1,ZDENEK ZEMAN,Zhegrova,C,,,False,True
1,ZDENEK ZEMAN,Kalulu,D,5.5,5.5,False,True
1,ZDENEK ZEMAN,Joao Mario,D,,,False,True
1,ZDENEK ZEMAN,Gaspar K.,D,4.5,4.5,False,True
1,ZDENEK ZEMAN,Perin,P,,,False,True
1,ZDENEK ZEMAN,Pinsoglio,P,,,False,True
1,ZDENEK ZEMAN,Benedyczak,A,,,False,True
1,ZDENEK ZEMAN,Rrahmani,D,,,False,True
1,BUSHAOZI,Carnesecchi,P,6.0,5.0,True,False
1,BUSHAOZI,Martin,D,6.0,6.0,True,False
1,BUSHAOZI,Pezzella Giu.,D,5.5,5.5,True,False
1,BUSHAOZI,Terracciano F.,D,5.5,5.5,True,False
1,BUSHAOZI,Dumfries,D,6.0,6.0,True,False
1,BUSHAOZI,Pasalic,C,6.5,6.5,True,False
1,BUSHAOZI,Lobotka,C,6.0,6.0,True,False
1,BUSHAOZI,Thuram K.,C,7.0,10.0,True,False
1,BUSHAOZI,McTominay,C,6.5,6.5,True,False
1,BUSHAOZI,Vlahovic,A,5.0,5.0,True,False
1,BUSHAOZI,Martinez L.,A,5.0,5.0,True,False
1,BUSHAOZI,Sportiello,P,,,False,True
1,BUSHAOZI,Rossi F.,P,,,False,True
1,BUSHAOZI,Gila,D,6.5,6.5,False,True
1,BUSHAOZI,Obert,D,6.5,6.5,False,True
1,BUSHAOZI,Bianchetti,D,5.5,5.5,False,True
1,BUSHAOZI,Provstgaard,D,,,False,True
1,BUSHAOZI,Folorunsho,C,6.0,6.0,False,True
1,BUSHAOZI,Fofana Y.,C,6.0,6.0,False,True
1,BUSHAOZI,Dele-Bashiru,C,5.5,5.5,False,True
1,BUSHAOZI,Aebischer,C,5.0,5.0,False,True
1,BUSHAOZI,Sanabria,A,5.5,5.5,False,True
1,BUSHAOZI,Meister,A,6.0,6.0,False,True
1,BUSHAOZI,Lookman,A,,,False,True
1,BUSHAOZI,Arena A.,A,,,False,True
1,FC MCDONALD,Meret,P,,,False,False
1,FC MCDONALD,Zappacosta,D,,,False,False
1,FC MCDONALD,Angori,D,5.5,5.5,True,False
1,FC MCDONALD,Di Lorenzo,D,6.5,6.5,True,False
1,FC MCDONALD,Zalewski,C,7.5,11.5,True,False
1,FC MCDONALD,Prati,C,6.0,6.0,True,False
1,FC MCDONALD,Modric,C,7.5,11.5,True,False
1,FC MCDONALD,Gudmundsson A.,C,,,False,False
1,FC MCDONALD,Berardi,A,6.5,6.5,True,False
1,FC MCDONALD,David,A,6.5,7.5,True,False
1,FC MCDONALD,Openda,A,6.0,6.0,True,False
1,FC MCDONALD,Provedel,P,6.0,5.0,True,True
1,FC MCDONALD,Mandas,P,,,False,True
1,FC MCDONALD,Zemura,D,6.0,6.0,True,True
1,FC MCDONALD,Vitik,D,,,False,True
1,FC MCDONALD,Doig,D,6.0,5.5,False,True
1,FC MCDONALD,Viti,D,,,False,True
1,FC MCDONALD,Van Der Brempt,D,,,False,True
1,FC MCDONALD,Pellegrini Lo.,C,,,False,True
1,FC MCDONALD,Matic,C,6.0,5.5,True,True
1,FC MCDONALD,Deiola,C,6.0,5.5,False,True
1,FC MCDONALD,Zarraga,C,6.0,6.0,False,True
1,FC MCDONALD,Giovane,A,6.0,5.5,False,True
1,FC MCDONALD,Pedro,A,6.0,6.0,False,True
1,FC MCDONALD,Ngonge,A,6.0,7.0,False,True
1,TEAM SJ,Sommer,P,5.0,1.0,True,False
1,TEAM SJ,Hermoso,D,6.0,6.0,True,False
1,TEAM SJ,Bremer,D,7.5,9.5,True,False
1,TEAM SJ,Bastoni,D,5.5,5.5,True,False
1,TEAM SJ,Scalvini,D,7.0,10.0,True,False
1,TEAM SJ,Cristante,C,6.0,6.0,True,False
1,TEAM SJ,Tramoni M.,C,5.5,5.5,True,False
1,TEAM SJ,Vazquez,C,6.0,6.0,True,False
1,TEAM SJ,Douvikas,A,6.0,6.0,True,False
1,TEAM SJ,Davis K.,A,6.0,6.0,True,False
1,TEAM SJ,Dybala,A,5.5,5.5,True,False
1,TEAM SJ,Martinez Jo.,P,,,False,True
1,TEAM SJ,Di Gennaro,P,,,False,True
1,TEAM SJ,Kuhn,A,6.5,6.5,False,True
1,TEAM SJ,Addai,A,6.0,6.0,False,True
1,TEAM SJ,Morata,A,5.5,6.0,False,True
1,TEAM SJ,Koopmeiners,C,5.0,4.5,False,True
1,TEAM SJ,Baturina,C,,,False,True
1,TEAM SJ,Perrone,C,5.5,5.5,False,True
1,TEAM SJ,El Aynaoui,C,6.0,6.0,False,True
1,TEAM SJ,Bailey,C,,,False,True
1,TEAM SJ,Tsimikas,D,,,False,True
1,TEAM SJ,Ramon,D,5.5,4.5,False,True
1,TEAM SJ,Ghilardi,D,,,False,True
1,TEAM SJ,Barbieri,D,,,False,True
1,BATIGOAL,Maignan,P,6.0,7.0,True,False
1,BATIGOAL,Vojvoda,D,5.5,5.5,True,False
1,BATIGOAL,Canestrelli,D,5.0,5.0,True,False
1,BATIGOAL,Lovik,D,6.0,6.0,True,False
1,BATIGOAL,Wesley,D,5.0,4.5,True,False
1,BATIGOAL,Zaccagni,C,6.5,6.5,True,False
1,BATIGOAL,Atta,C,7.0,7.0,True,False
1,BATIGOAL,Da Cunha,C,6.0,6.0,True,False
1,BATIGOAL,Zambo Anguissa,C,6.5,7.5,True,False
1,BATIGOAL,Paz N.,C,7.0,10.0,True,False
1,BATIGOAL,Diao,A,,,False,False
1,BATIGOAL,Rensch,D,,,False,True
1,BATIGOAL,Cham,D,,,False,True
1,BATIGOAL,Vasquez,D,6.0,6.0,False,True
1,BATIGOAL,Norton-Cuffy,D,6.5,6.5,False,True
1,BATIGOAL,Terracciano,P,6.0,7.0,False,True
1,BATIGOAL,Torriani,P,,,False,True
1,BATIGOAL,Stanciu,C,,,False,True
1,BATIGOAL,Asllani,C,6.5,6.0,False,True
1,BATIGOAL,Iannoni,C,,,False,True
1,BATIGOAL,Leao,A,,,False,True
1,BATIGOAL,Borrelli,A,6.0,6.0,True,True
1,BATIGOAL,Colombo,A,5.0,5.0,False,True
1,BATIGOAL,Bayo V.,A,,,False,True
1,BATIGOAL,Ekhator,A,,,False,True
1,CHOWPOUROMA,Leali,P,6.5,5.5,True,False
1,CHOWPOUROMA,Tavares N.,D,5.5,5.5,True,False
1,CHOWPOUROMA,Acerbi,D,6.0,5.5,True,False
1,CHOWPOUROMA,Gabbia,D,6.5,6.5,True,False
1,CHOWPOUROMA,Estupinan,D,6.0,5.5,True,False
1,CHOWPOUROMA,Calhanoglu,C,7.5,13.5,True,False
1,CHOWPOUROMA,De Bruyne,C,7.0,9.0,True,False
1,CHOWPOUROMA,Kostic,C,,,False,False
1,CHOWPOUROMA,Dzeko,A,5.0,5.0,True,False
1,CHOWPOUROMA,Kean,A,5.5,5.5,True,False
1,CHOWPOUROMA,Soulè,A,6.5,6.5,True,False
1,CHOWPOUROMA,Siegrist,P,,,False,True
1,CHOWPOUROMA,Sommariva,P,,,False,True
1,CHOWPOUROMA,Cambiaso,D,,,False,True
1,CHOWPOUROMA,Lucumì,D,5.5,5.5,False,True
1,CHOWPOUROMA,Calabresi,D,,,False,True
1,CHOWPOUROMA,Tiago Gabriel,D,,,False,True
1,CHOWPOUROMA,Conceicao,C,,,False,True
1,CHOWPOUROMA,Volpato,C,6.0,5.5,True,True
1,CHOWPOUROMA,De Roon,C,7.0,7.0,False,True
1,CHOWPOUROMA,Dia,A,5.5,5.5,False,True
1,CHOWPOUROMA,Laurientè,A,6.0,6.0,False,True
1,CHOWPOUROMA,Berisha M.,C,,,False,True
1,CHOWPOUROMA,Buffon L.,A,,,False,True
1,CHOWPOUROMA,Ndour,C,,,False,True
1,GALLIFREY,De Gea,P,7.0,4.0,True,False
1,GALLIFREY,Angelino,D,5.5,5.0,True,False
1,GALLIFREY,Solet,D,6.5,6.5,True,False
1,GALLIFREY,Valle,D,6.0,5.5,True,False
1,GALLIFREY,El Shaarawy,C,6.0,6.0,True,False
1,GALLIFREY,Vandeputte,C,5.5,5.5,True,False
1,GALLIFREY,Barella,C,5.5,5.5,True,False
1,GALLIFREY,Pulisic,C,7.0,7.0,True,False
1,GALLIFREY,Esposito Se.,A,6.0,5.5,True,False
1,GALLIFREY,Hojlund,A,7.0,11.0,True,False
1,GALLIFREY,De Ketelaere,A,8.0,15.0,True,False
1,GALLIFREY,Lezzerini,P,,,False,True
1,GALLIFREY,Martinelli T.,P,,,False,True
1,GALLIFREY,Kelly L.,D,7.0,10.0,False,True
1,GALLIFREY,Akanji,D,6.0,6.0,False,True
1,GALLIFREY,Carlos Augusto,D,6.5,7.5,False,True
1,GALLIFREY,Lykogiannis,D,5.5,5.5,False,True
1,GALLIFREY,Miranda J.,D,5.5,5.0,False,True
1,GALLIFREY,Neres,C,6.0,6.0,False,True
1,GALLIFREY,Sucic P.,C,,,False,True
1,GALLIFREY,Frendrup,C,5.5,5.5,False,True
1,GALLIFREY,Casadei,C,6.0,6.0,False,True
1,GALLIFREY,Lucca,A,6.0,6.0,False,True
1,GALLIFREY,Bonny,A,5.5,5.5,False,True
1,GALLIFREY,Zapata D.,A,,,False,True
1,SUMMERED,Svilar,P,6.5,5.5,True,False
1,SUMMERED,Gosens,D,6.5,6.5,True,False
1,SUMMERED,Pavlovic,D,6.0,6.0,True,False
1,SUMMERED,Djimsiti,D,,,False,False
1,SUMMERED,Zortea,D,5.5,5.5,True,False
1,SUMMERED,Rabiot,C,6.5,6.5,True,False
1,SUMMERED,Locatelli,C,6.5,6.0,True,False
1,SUMMERED,Serdar,C,7.0,6.5,True,False
1,SUMMERED,Gimenez,A,5.0,5.0,True,False
1,SUMMERED,Krstovic,A,6.5,8.5,True,False
1,SUMMERED,Pellegrino M.,A,5.5,5.5,True,False
1,SUMMERED,Vasquez D.,P,,,False,True
1,SUMMERED,Gollini,P,,,False,True
1,SUMMERED,Delprato,D,5.5,5.5,True,True
1,SUMMERED,Palestra,D,6.5,6.5,False,True
1,SUMMERED,Bisseck,D,,,False,True
1,SUMMERED,Gutierrez,D,,,False,True
1,SUMMERED,Tourè I.,C,6.5,6.5,False,True
1,SUMMERED,Rowe,C,6.0,6.0,False,True
1,SUMMERED,Oristanio,C,6.0,6.0,False,True
1,SUMMERED,Carboni V.,C,6.5,6.5,False,True
1,SUMMERED,Vlasic,C,6.5,6.5,False,True
1,SUMMERED,Castro S.,A,5.5,5.5,False,True
1,SUMMERED,Vardy,A,6.0,6.0,False,True
1,SUMMERED,Stulic,A,5.5,5.5,False,True
1,HIGHRIVER,Skorupski,P,6.0,4.5,True,False
1,HIGHRIVER,Dodò,D,6.0,6.0,True,False
1,HIGHRIVER,Dimarco,D,6.5,7.5,True,False
1,HIGHRIVER,Bellanova,D,6.5,6.5,True,False
1,HIGHRIVER,Maldini,C,6.0,6.0,True,False
1,HIGHRIVER,Isaksen,C,,,False,False
1,HIGHRIVER,Loftus-Cheek,C,6.5,6.5,True,False
1,HIGHRIVER,Odgaard,C,6.0,6.0,True,False
1,HIGHRIVER,Yildiz,A,7.0,11.0,True,False
1,HIGHRIVER,Thuram,A,7.0,10.0,True,False
1,HIGHRIVER,Dominguez B.,A,,,False,False
1,HIGHRIVER,Milinkovic-Savic V.,P,5.5,4.5,False,True
1,HIGHRIVER,Ravaglia F.,P,,,False,True
1,HIGHRIVER,Luperto,D,6.5,6.5,False,True
1,HIGHRIVER,Darmian,D,,,False,True
1,HIGHRIVER,Pierotti,C,5.5,5.5,True,True
1,HIGHRIVER,Keita M.,C,,,False,True
1,HIGHRIVER,Ilkhan,C,,,False,True
1,HIGHRIVER,Adams C.,A,6.0,6.0,True,True
1,HIGHRIVER,Milik,A,,,False,True
1,HIGHRIVER,Sernicola,D,,,False,True
1,HIGHRIVER,Ndaba,D,,,False,True
2,FC MCDONALD,Meret,P,6.5,4.5,True,False
2,FC MCDONALD,Zappacosta,D,6.5,7.0,True,False
2,FC MCDONALD,Angori,D,6.5,7.5,True,False
2,FC MCDONALD,Di Lorenzo,D,5.0,5.0,True,False
2,FC MCDONALD,Zalewski,C,,,False,False
2,FC MCDONALD,Pellegrini Lo.,C,7.0,11.0,True,False
2,FC MCDONALD,Modric,C,7.0,7.0,True,False
2,FC MCDONALD,Prati,C,6.0,5.5,True,False
2,FC MCDONALD,Berardi,A,6.5,7.5,True,False
2,FC MCDONALD,David,A,6.0,6.0,True,False
2,FC MCDONALD,Giovane,A,6.0,6.0,True,False
2,FC MCDONALD,Provedel,P,6.5,5.5,False,True
2,FC MCDONALD,Mandas,P,,,False,True
2,FC MCDONALD,Zemura,D,5.0,4.5,False,True
2,FC MCDONALD,Vitik,D,6.0,6.0,False,True
2,FC MCDONALD,Doig,D,6.0,6.0,False,True
2,FC MCDONALD,Viti,D,6.0,6.0,False,True
2,FC MCDONALD,Van Der Brempt,D,,,False,True
2,FC MCDONALD,Deiola,C,6.5,6.5,True,True
2,FC MCDONALD,Zarraga,C,5.0,5.0,False,True
2,FC MCDONALD,Matic,C,5.5,5.5,False,True
2,FC MCDONALD,Gudmundsson A.,C,,,False,True
2,FC MCDONALD,Ngonge,A,,,False,True
2,FC MCDONALD,Openda,A,6.0,6.0,False,True
2,FC MCDONALD,Pedro,A,6.0,6.0,False,True
2,TEAM DELVECCHIO23,Suzuki,P,6.0,7.0,True,False
2,TEAM DELVECCHIO23,De Vrij,D,,,False,False
2,TEAM DELVECCHIO23,Buongiorno,D,6.5,6.5,True,False
2,TEAM DELVECCHIO23,Tomori,D,6.5,6.5,True,False
2,TEAM DELVECCHIO23,Frattesi,C,6.0,6.0,True,False
2,TEAM DELVECCHIO23,Konè M.,C,7.0,7.0,True,False
2,TEAM DELVECCHIO23,Saelemaekers,C,7.0,7.0,True,False
2,TEAM DELVECCHIO23,Bondo,C,6.0,6.0,True,False
2,TEAM DELVECCHIO23,Rodriguez Je.,A,6.5,6.5,True,False
2,TEAM DELVECCHIO23,Ferguson E.,A,6.0,6.0,True,False
2,TEAM DELVECCHIO23,Bonazzoli,A,,,False,False
2,TEAM DELVECCHIO23,N'Dicka,D,6.0,5.5,True,True
2,TEAM DELVECCHIO23,Mancini,D,6.0,6.0,False,True
2,TEAM DELVECCHIO23,Dovbyk,A,5.5,5.5,True,True
2,TEAM DELVECCHIO23,Floriani Mussolini,D,6.0,6.0,False,True
2,TEAM DELVECCHIO23,Pisilli,C,6.0,6.0,False,True
2,TEAM DELVECCHIO23,Payero,C,,,False,True
2,TEAM DELVECCHIO23,Celik,D,6.5,6.5,False,True
2,TEAM DELVECCHIO23,Esposito F.P.,A,6.5,6.5,False,True
2,TEAM DELVECCHIO23,Ostigard,D,6.0,5.5,False,True
2,TEAM DELVECCHIO23,Thorstvedt,C,6.0,6.0,False,True
2,TEAM DELVECCHIO23,Corvi,P,,,False,True
2,TEAM DELVECCHIO23,Rinaldi,P,,,False,True
2,TEAM DELVECCHIO23,Scamacca,A,,,False,True
2,TEAM DELVECCHIO23,Ederson D.S.,C,,,False,True
2,GALLIFREY,De Gea,P,6.0,4.0,True,False
2,GALLIFREY,Angelino,D,6.0,6.0,True,False
2,GALLIFREY,Solet,D,5.5,5.5,True,False
2,GALLIFREY,Kelly L.,D,5.5,5.0,True,False
2,GALLIFREY,Carlos Augusto,D,6.5,6.5,True,False
2,GALLIFREY,El Shaarawy,C,,,False,False
2,GALLIFREY,Neres,C,,,False,False
2,GALLIFREY,Pulisic,C,8.5,16.5,True,False
2,GALLIFREY,Sucic P.,C,7.0,8.0,True,False
2,GALLIFREY,Hojlund,A,5.5,5.5,True,False
2,GALLIFREY,Bonny,A,6.0,6.0,True,False
2,GALLIFREY,Lezzerini,P,,,False,True
2,GALLIFREY,Martinelli T.,P,,,False,True
2,GALLIFREY,Akanji,D,6.0,6.0,False,True
2,GALLIFREY,Valle,D,6.0,6.0,False,True
2,GALLIFREY,Lykogiannis,D,,,False,True
2,GALLIFREY,Miranda J.,D,5.5,5.5,False,True
2,GALLIFREY,Vandeputte,C,5.5,5.5,True,True
2,GALLIFREY,Barella,C,6.0,6.0,True,True
2,GALLIFREY,Casadei,C,5.5,5.5,False,True
2,GALLIFREY,Frendrup,C,6.0,6.0,False,True
2,GALLIFREY,Esposito Se.,A,6.5,6.0,False,True
2,GALLIFREY,Lucca,A,7.0,11.0,False,True
2,GALLIFREY,De Ketelaere,A,,,False,True
2,GALLIFREY,Zapata D.,A,5.0,3.0,False,True
2,SUMMERED,Svilar,P,6.0,7.0,True,False
2,SUMMERED,Gosens,D,5.5,5.5,True,False
2,SUMMERED,Djimsiti,D,6.0,6.0,True,False
2,SUMMERED,Bisseck,D,,,False,False
2,SUMMERED,Zortea,D,5.5,5.5,True,False
2,SUMMERED,Rabiot,C,7.0,8.0,True,False
2,SUMMERED,Locatelli,C,5.5,5.5,True,False
2,SUMMERED,Vlasic,C,5.5,5.5,True,False
2,SUMMERED,Castro S.,A,7.0,10.0,True,False
2,SUMMERED,Krstovic,A,7.5,14.5,True,False
2,SUMMERED,Stulic,A,5.0,5.0,True,False
2,SUMMERED,Vasquez D.,P,,,False,True
2,SUMMERED,Gollini,P,,,False,True
2,SUMMERED,Gutierrez,D,,,False,True
2,SUMMERED,Pavlovic,D,6.5,6.5,True,True
2,SUMMERED,Delprato,D,6.0,6.0,False,True
2,SUMMERED,Palestra,D,7.0,8.0,False,True
2,SUMMERED,Serdar,C,6.5,6.5,False,True
2,SUMMERED,Rowe,C,,,False,True
2,SUMMERED,Oristanio,C,6.0,6.0,False,True
2,SUMMERED,Tourè I.,C,,,False,True
2,SUMMERED,Carboni V.,C,5.0,4.5,False,True
2,SUMMERED,Gimenez,A,5.5,5.5,False,True
2,SUMMERED,Pellegrino M.,A,6.0,6.0,False,True
2,SUMMERED,Vardy,A,,,False,True
2,BATIGOAL,Terracciano,P,6.0,7.0,True,False
2,BATIGOAL,Vojvoda,D,5.5,5.0,True,False
2,BATIGOAL,Vasquez,D,6.0,6.0,True,False
2,BATIGOAL,Norton-Cuffy,D,5.5,5.0,True,False
2,BATIGOAL,Wesley,D,,,False,False
2,BATIGOAL,Zaccagni,C,5.5,5.5,True,False
2,BATIGOAL,Atta,C,6.0,5.5,True,False
2,BATIGOAL,Da Cunha,C,,,False,False
2,BATIGOAL,Zambo Anguissa,C,6.0,6.0,True,False
2,BATIGOAL,Paz N.,C,7.0,8.5,True,False
2,BATIGOAL,Borrelli,A,,,False,False
2,BATIGOAL,Torriani,P,,,False,True
2,BATIGOAL,Rensch,D,7.0,7.0,True,True
2,BATIGOAL,Lovik,D,,,False,True
2,BATIGOAL,Canestrelli,D,5.5,5.5,False,True
2,BATIGOAL,Stanciu,C,,,False,True
2,BATIGOAL,Asllani,C,5.0,5.0,True,True
2,BATIGOAL,Iannoni,C,,,False,True
2,BATIGOAL,Colombo,A,5.5,5.5,True,True
2,BATIGOAL,Bayo V.,A,,,False,True
2,BATIGOAL,Ekhator,A,5.5,5.5,False,True
2,CHOWPOUROMA,Leali,P,6.5,4.5,True,False
2,CHOWPOUROMA,Tavares N.,D,5.0,5.0,True,False
2,CHOWPOUROMA,Estupinan,D,6.5,6.5,True,False
2,CHOWPOUROMA,Acerbi,D,6.0,6.0,True,False
2,CHOWPOUROMA,De Bruyne,C,5.5,5.5,True,False
2,CHOWPOUROMA,Conceicao,C,7.0,10.0,True,False
2,CHOWPOUROMA,De Roon,C,6.5,6.5,True,False
2,CHOWPOUROMA,Calhanoglu,C,6.0,5.5,True,False
2,CHOWPOUROMA,Kean,A,5.5,5.5,True,False
2,CHOWPOUROMA,Dia,A,5.0,5.0,True,False
2,CHOWPOUROMA,Soulè,A,6.5,7.5,True,False
2,CHOWPOUROMA,Siegrist,P,,,False,True
2,CHOWPOUROMA,Sommariva,P,,,False,True
2,CHOWPOUROMA,Dzeko,A,6.0,6.0,False,True
2,CHOWPOUROMA,Laurientè,A,6.0,6.0,False,True
2,CHOWPOUROMA,Buffon L.,A,,,False,True
2,CHOWPOUROMA,Kostic,C,,,False,True
2,CHOWPOUROMA,Berisha M.,C,,,False,True
2,CHOWPOUROMA,Volpato,C,6.0,6.0,False,True
2,CHOWPOUROMA,Ndour,C,,,False,True
2,CHOWPOUROMA,Cambiaso,D,5.5,5.5,False,True
2,CHOWPOUROMA,Gabbia,D,6.0,6.0,False,True
2,CHOWPOUROMA,Lucumì,D,,,False,True
2,CHOWPOUROMA,Tiago Gabriel,D,6.0,8.5,False,True
2,CHOWPOUROMA,Calabresi,D,,,False,True
2,ZDENEK ZEMAN,Di Gregorio,P,6.5,5.5,True,False
2,ZDENEK ZEMAN,Olivera,D,,,False,False
2,ZDENEK ZEMAN,Rrahmani,D,,,False,False
2,ZDENEK ZEMAN,Gatti,D,6.0,5.5,True,False
2,ZDENEK ZEMAN,Politano,C,6.5,6.5,True,False
2,ZDENEK ZEMAN,Mkhitaryan,C,,,False,False
2,ZDENEK ZEMAN,Mandragora,C,7.0,10.0,True,False
2,ZDENEK ZEMAN,Zhegrova,C,,,False,False
2,ZDENEK ZEMAN,Orsolini,C,6.5,9.5,True,False
2,ZDENEK ZEMAN,Castellanos,A,6.0,6.0,True,False
2,ZDENEK ZEMAN,Nkunku,A,6.0,6.0,True,False
2,ZDENEK ZEMAN,Cutrone,A,5.5,5.5,False,True
2,ZDENEK ZEMAN,Cancellieri,A,,,False,True
2,ZDENEK ZEMAN,Pinamonti,A,6.0,6.0,False,True
2,ZDENEK ZEMAN,Bernabè,C,6.5,6.5,True,True
2,ZDENEK ZEMAN,Rovella,C,6.0,6.0,True,True
2,ZDENEK ZEMAN,Zerbin,C,5.5,5.5,False,True
2,ZDENEK ZEMAN,Joao Mario,D,5.0,5.0,True,True
2,ZDENEK ZEMAN,Valeri,D,6.0,6.0,True,True
2,ZDENEK ZEMAN,Kalulu,D,6.0,6.0,False,True
2,ZDENEK ZEMAN,Baschirotto,D,6.5,6.5,False,True
2,ZDENEK ZEMAN,Gaspar K.,D,5.5,5.5,False,True
2,ZDENEK ZEMAN,Perin,P,,,False,True
2,ZDENEK ZEMAN,Pinsoglio,P,,,False,True
2,ZDENEK ZEMAN,Benedyczak,A,,,False,True
2,TEAM SJ,Martinez Jo.,P,6.5,5.5,True,False
2,TEAM SJ,Hermoso,D,,,False,False
2,TEAM SJ,Bremer,D,,,False,False
2,TEAM SJ,Bastoni,D,,,False,False
2,TEAM SJ,Koopmeiners,C,5.5,5.0,True,False
2,TEAM SJ,Cristante,C,6.0,6.0,True,False
2,TEAM SJ,Tramoni M.,C,5.5,5.5,True,False
2,TEAM SJ,Vazquez,C,6.5,6.5,True,False
2,TEAM SJ,Morata,A,5.5,5.5,True,False
2,TEAM SJ,Davis K.,A,5.5,5.5,True,False
2,TEAM SJ,Kuhn,A,6.0,6.0,True,False
2,TEAM SJ,Sommer,P,,,False,True
2,TEAM SJ,Di Gennaro,P,,,False,True
2,TEAM SJ,Douvikas,A,5.5,5.5,False,True
2,TEAM SJ,Addai,A,7.0,11.0,False,True
2,TEAM SJ,Dybala,A,,,False,True
2,TEAM SJ,Baturina,C,,,False,True
2,TEAM SJ,El Aynaoui,C,,,False,True
2,TEAM SJ,Perrone,C,6.0,6.0,False,True
2,TEAM SJ,Bailey,C,,,False,True
2,TEAM SJ,Tsimikas,D,,,False,True
2,TEAM SJ,Ghilardi,D,,,False,True
2,TEAM SJ,Barbieri,D,,,False,True
2,TEAM SJ,Scalvini,D,,,False,True
2,TEAM SJ,Ramon,D,,,False,True
2,HIGHRIVER,Skorupski,P,6.5,5.5,True,False
2,HIGHRIVER,Dodò,D,5.5,5.0,True,False
2,HIGHRIVER,Dimarco,D,7.0,9.5,True,False
2,HIGHRIVER,Bellanova,D,6.5,6.5,True,False
2,HIGHRIVER,Maldini,C,,,False,False
2,HIGHRIVER,Isaksen,C,,,False,False
2,HIGHRIVER,Loftus-Cheek,C,6.5,6.5,True,False
2,HIGHRIVER,Odgaard,C,,,False,False
2,HIGHRIVER,Yildiz,A,6.0,6.0,True,False
2,HIGHRIVER,Thuram,A,6.0,6.0,True,False
2,HIGHRIVER,Dominguez B.,A,5.5,5.5,True,False
2,HIGHRIVER,Milinkovic-Savic V.,P,,,False,True
2,HIGHRIVER,Ravaglia F.,P,,,False,True
2,HIGHRIVER,Luperto,D,5.5,5.5,False,True
2,HIGHRIVER,Darmian,D,,,False,True
2,HIGHRIVER,Pierotti,C,6.0,6.0,True,True
2,HIGHRIVER,Keita M.,C,6.0,6.0,True,True
2,HIGHRIVER,Ilkhan,C,,,False,True
2,HIGHRIVER,Adams C.,A,5.5,5.5,False,True
2,HIGHRIVER,Milik,A,,,False,True
2,HIGHRIVER,Sernicola,D,,,False,True
2,HIGHRIVER,Ndaba,D,5.5,5.5,False,True
2,BUSHAOZI,Carnesecchi,P,7.0,10.0,True,False
2,BUSHAOZI,Martin,D,6.0,6.0,True,False
2,BUSHAOZI,Obert,D,6.0,5.5,True,False
2,BUSHAOZI,Terracciano F.,D,6.0,6.0,True,False
2,BUSHAOZI,Dumfries,D,6.0,6.0,True,False
2,BUSHAOZI,Pasalic,C,6.0,6.0,True,False
2,BUSHAOZI,Lobotka,C,6.0,6.5,True,False
2,BUSHAOZI,Thuram K.,C,6.0,6.0,True,False
2,BUSHAOZI,McTominay,C,6.5,7.5,True,False
2,BUSHAOZI,Vlahovic,A,5.5,5.5,True,False
2,BUSHAOZI,Martinez L.,A,6.0,6.0,True,False
2,BUSHAOZI,Sportiello,P,,,False,True
2,BUSHAOZI,Rossi F.,P,,,False,True
2,BUSHAOZI,Pezzella Giu.,D,6.0,5.5,False,True
2,BUSHAOZI,Gila,D,5.5,5.0,False,True
2,BUSHAOZI,Bianchetti,D,6.0,6.0,False,True
2,BUSHAOZI,Provstgaard,D,,,False,True
2,BUSHAOZI,Fofana Y.,C,7.0,10.0,False,True
2,BUSHAOZI,Folorunsho,C,6.5,6.5,False,True
2,BUSHAOZI,Dele-Bashiru,C,,,False,True
2,BUSHAOZI,Aebischer,C,6.0,6.0,False,True
2,BUSHAOZI,Sanabria,A,5.5,5.5,False,True
2,BUSHAOZI,Meister,A,5.5,5.5,False,True
2,BUSHAOZI,Lookman,A,,,False,True
2,BUSHAOZI,Arena A.,A,,,False,True
3,TEAM DELVECCHIO23,Suzuki,P,6.0,5.0,True,False
3,TEAM DELVECCHIO23,N'Dicka,D,5.5,5.5,True,False
3,TEAM DELVECCHIO23,Mancini,D,6.0,6.0,True,False
3,TEAM DELVECCHIO23,Tomori,D,5.5,5.5,True,False
3,TEAM DELVECCHIO23,Celik,D,6.5,7.5,True,False
3,TEAM DELVECCHIO23,Konè M.,C,6.5,6.5,True,False
3,TEAM DELVECCHIO23,Saelemaekers,C,7.0,10.0,True,False
3,TEAM DELVECCHIO23,Bondo,C,6.5,6.5,True,False
3,TEAM DELVECCHIO23,Pisilli,C,,,False,False
3,TEAM DELVECCHIO23,Ferguson E.,A,6.0,6.0,True,False
3,TEAM DELVECCHIO23,Rodriguez Je.,A,5.0,5.0,True,False
3,TEAM DELVECCHIO23,Ostigard,D,4.5,4.0,False,True
3,TEAM DELVECCHIO23,Dovbyk,A,7.0,11.0,False,True
3,TEAM DELVECCHIO23,Esposito F.P.,A,7.0,10.0,False,True
3,TEAM DELVECCHIO23,Floriani Mussolini,D,6.0,5.5,False,True
3,TEAM DELVECCHIO23,De Vrij,D,6.0,6.0,False,True
3,TEAM DELVECCHIO23,Thorstvedt,C,6.0,6.0,True,True
3,TEAM DELVECCHIO23,Payero,C,5.5,5.0,False,True
3,TEAM DELVECCHIO23,Corvi,P,,,False,True
3,TEAM DELVECCHIO23,Buongiorno,D,,,False,True
3,TEAM DELVECCHIO23,Rinaldi,P,,,False,True
3,TEAM DELVECCHIO23,Scamacca,A,,,False,True
3,TEAM DELVECCHIO23,Ederson D.S.,C,,,False,True
3,HIGHRIVER,Skorupski,P,6.5,4.5,True,False
3,HIGHRIVER,Dodò,D,5.0,5.0,True,False
3,HIGHRIVER,Dimarco,D,7.0,8.0,True,False
3,HIGHRIVER,Bellanova,D,6.5,6.5,True,False
3,HIGHRIVER,Maldini,C,,,False,False
3,HIGHRIVER,Isaksen,C,,,False,False
3,HIGHRIVER,Loftus-Cheek,C,6.0,6.0,True,False
3,HIGHRIVER,Odgaard,C,7.0,10.0,True,False
3,HIGHRIVER,Yildiz,A,6.0,6.0,True,False
3,HIGHRIVER,Thuram,A,6.5,6.5,True,False
3,HIGHRIVER,Dominguez B.,A,,,False,False
3,HIGHRIVER,Milinkovic-Savic V.,P,,,False,True
3,HIGHRIVER,Ravaglia F.,P,,,False,True
3,HIGHRIVER,Luperto,D,5.5,5.5,False,True
3,HIGHRIVER,Darmian,D,,,False,True
3,HIGHRIVER,Pierotti,C,6.5,6.5,True,True
3,HIGHRIVER,Keita M.,C,6.0,6.0,True,True
3,HIGHRIVER,Ilkhan,C,,,False,True
3,HIGHRIVER,Adams C.,A,,,False,True
3,HIGHRIVER,Milik,A,,,False,True
3,HIGHRIVER,Sernicola,D,,,False,True
3,HIGHRIVER,Ndaba,D,6.0,6.0,False,True
3,BUSHAOZI,Carnesecchi,P,6.5,5.5,True,False
3,BUSHAOZI,Martin,D,5.5,5.5,True,False
3,BUSHAOZI,Obert,D,5.5,5.5,True,False
3,BUSHAOZI,Terracciano F.,D,5.5,5.5,True,False
3,BUSHAOZI,Pezzella Giu.,D,6.0,6.0,True,False
3,BUSHAOZI,Pasalic,C,6.0,6.0,True,False
3,BUSHAOZI,Lobotka,C,6.0,6.0,True,False
3,BUSHAOZI,Thuram K.,C,5.5,5.5,True,False
3,BUSHAOZI,McTominay,C,6.0,6.0,True,False
3,BUSHAOZI,Lookman,A,,,False,False
3,BUSHAOZI,Martinez L.,A,7.0,11.0,True,False
3,BUSHAOZI,Sportiello,P,,,False,True
3,BUSHAOZI,Rossi F.,P,,,False,True
3,BUSHAOZI,Gila,D,6.5,6.5,False,True
3,BUSHAOZI,Bianchetti,D,6.5,6.5,False,True
3,BUSHAOZI,Dumfries,D,6.0,6.0,False,True
3,BUSHAOZI,Provstgaard,D,,,False,True
3,BUSHAOZI,Folorunsho,C,6.0,6.0,False,True
3,BUSHAOZI,Aebischer,C,6.0,6.0,False,True
3,BUSHAOZI,Fofana Y.,C,6.5,7.5,False,True
3,BUSHAOZI,Vlahovic,A,5.5,5.5,True,True
3,BUSHAOZI,Sanabria,A,6.0,5.5,False,True
3,BUSHAOZI,Meister,A,6.0,6.0,False,True
3,BUSHAOZI,Arena A.,A,,,False,True
3,BUSHAOZI,Dele-Bashiru,C,,,False,True
3,GALLIFREY,De Gea,P,6.0,7.0,True,False
3,GALLIFREY,Angelino,D,6.0,6.0,True,False
3,GALLIFREY,Solet,D,6.0,6.0,True,False
3,GALLIFREY,Valle,D,6.0,6.0,True,False
3,GALLIFREY,Carlos Augusto,D,6.0,5.5,True,False
3,GALLIFREY,El Shaarawy,C,,,False,False
3,GALLIFREY,Neres,C,6.5,6.5,True,False
3,GALLIFREY,Pulisic,C,8.0,13.0,True,False
3,GALLIFREY,Sucic P.,C,,,False,False
3,GALLIFREY,Hojlund,A,5.5,5.5,True,False
3,GALLIFREY,De Ketelaere,A,6.0,6.0,True,False
3,GALLIFREY,Lezzerini,P,,,False,True
3,GALLIFREY,Martinelli T.,P,,,False,True
3,GALLIFREY,Miranda J.,D,5.0,5.0,False,True
3,GALLIFREY,Akanji,D,6.5,6.5,False,True
3,GALLIFREY,Kelly L.,D,6.0,6.0,False,True
3,GALLIFREY,Lykogiannis,D,,,False,True
3,GALLIFREY,Frendrup,C,5.0,5.0,True,True
3,GALLIFREY,Barella,C,6.5,6.0,True,True
3,GALLIFREY,Casadei,C,5.5,5.5,False,True
3,GALLIFREY,Vandeputte,C,6.0,6.0,False,True
3,GALLIFREY,Bonny,A,,,False,True
3,GALLIFREY,Lucca,A,5.5,5.5,False,True
3,GALLIFREY,Esposito Se.,A,6.0,6.0,False,True
3,GALLIFREY,Zapata D.,A,,,False,True
3,TEAM SJ,Sommer,P,,,False,False
3,TEAM SJ,Ramon,D,6.0,5.5,True,False
3,TEAM SJ,Bremer,D,5.5,5.5,True,False
3,TEAM SJ,Bastoni,D,7.0,8.0,True,False
3,TEAM SJ,Cristante,C,6.0,6.0,True,False
3,TEAM SJ,Baturina,C,,,False,False
3,TEAM SJ,Perrone,C,6.0,5.5,True,False
3,TEAM SJ,El Aynaoui,C,,,False,False
3,TEAM SJ,Morata,A,,,False,False
3,TEAM SJ,Douvikas,A,6.5,6.5,True,False
3,TEAM SJ,Kuhn,A,5.5,5.5,True,False
3,TEAM SJ,Martinez Jo.,P,6.0,7.0,True,True
3,TEAM SJ,Di Gennaro,P,,,False,True
3,TEAM SJ,Addai,A,5.5,5.5,True,True
3,TEAM SJ,Davis K.,A,7.0,10.0,False,True
3,TEAM SJ,Dybala,A,,,False,True
3,TEAM SJ,Vazquez,C,6.5,7.5,True,True
3,TEAM SJ,Koopmeiners,C,6.0,6.0,True,True
3,TEAM SJ,Tramoni M.,C,5.5,5.5,False,True
3,TEAM SJ,Bailey,C,,,False,True
3,TEAM SJ,Hermoso,D,6.0,6.0,False,True
3,TEAM SJ,Tsimikas,D,6.0,6.0,False,True
3,TEAM SJ,Ghilardi,D,,,False,True
3,TEAM SJ,Barbieri,D,,,False,True
3,TEAM SJ,Scalvini,D,,,False,True
3,FC MCDONALD,Provedel,P,6.5,7.5,True,False
3,FC MCDONALD,Zappacosta,D,6.0,5.5,True,False
3,FC MCDONALD,Angori,D,,,False,False
3,FC MCDONALD,Di Lorenzo,D,6.0,6.0,True,False
3,FC MCDONALD,Gudmundsson A.,C,5.0,5.0,True,False
3,FC MCDONALD,Pellegrini Lo.,C,6.0,6.0,True,False
3,FC MCDONALD,Modric,C,7.0,7.0,True,False
3,FC MCDONALD,Prati,C,6.0,6.0,True,False
3,FC MCDONALD,Berardi,A,7.0,8.0,True,False
3,FC MCDONALD,David,A,,,False,False
3,FC MCDONALD,Openda,A,5.0,5.0,True,False
3,FC MCDONALD,Meret,P,6.0,4.0,False,True
3,FC MCDONALD,Mandas,P,,,False,True
3,FC MCDONALD,Viti,D,,,False,True
3,FC MCDONALD,Vitik,D,,,False,True
3,FC MCDONALD,Zemura,D,5.5,5.5,True,True
3,FC MCDONALD,Doig,D,6.0,6.0,False,True
3,FC MCDONALD,Van Der Brempt,D,,,False,True
3,FC MCDONALD,Deiola,C,6.0,6.0,False,True
3,FC MCDONALD,Matic,C,6.5,6.5,False,True
3,FC MCDONALD,Zarraga,C,,,False,True
3,FC MCDONALD,Ngonge,A,7.5,10.0,True,True
3,FC MCDONALD,Pedro,A,,,False,True
3,FC MCDONALD,Giovane,A,5.0,5.0,False,True
3,ZDENEK ZEMAN,Di Gregorio,P,6.0,5.0,True,False
3,ZDENEK ZEMAN,Olivera,D,,,False,False
3,ZDENEK ZEMAN,Rrahmani,D,,,False,False
3,ZDENEK ZEMAN,Gatti,D,5.5,5.5,True,False
3,ZDENEK ZEMAN,Valeri,D,7.0,8.0,True,False
3,ZDENEK ZEMAN,Politano,C,6.0,6.0,True,False
3,ZDENEK ZEMAN,Zhegrova,C,6.5,6.5,True,False
3,ZDENEK ZEMAN,Mandragora,C,5.5,5.5,True,False
3,ZDENEK ZEMAN,Orsolini,C,6.5,8.5,True,False
3,ZDENEK ZEMAN,Castellanos,A,7.5,11.5,True,False
3,ZDENEK ZEMAN,Pinamonti,A,6.0,6.0,True,False
3,ZDENEK ZEMAN,Nkunku,A,,,False,True
3,ZDENEK ZEMAN,Cutrone,A,5.5,5.5,False,True
3,ZDENEK ZEMAN,Cancellieri,A,7.5,11.5,False,True
3,ZDENEK ZEMAN,Bernabè,C,6.0,6.0,False,True
3,ZDENEK ZEMAN,Mkhitaryan,C,6.5,6.5,False,True
3,ZDENEK ZEMAN,Rovella,C,,,False,True
3,ZDENEK ZEMAN,Zerbin,C,5.5,5.5,False,True
3,ZDENEK ZEMAN,Joao Mario,D,6.0,7.0,True,True
3,ZDENEK ZEMAN,Kalulu,D,6.5,6.5,True,True
3,ZDENEK ZEMAN,Baschirotto,D,7.0,10.5,False,True
3,ZDENEK ZEMAN,Gaspar K.,D,6.0,5.5,False,True
3,ZDENEK ZEMAN,Perin,P,,,False,True
3,ZDENEK ZEMAN,Pinsoglio,P,,,False,True
3,ZDENEK ZEMAN,Benedyczak,A,6.0,6.0,False,True
3,BATIGOAL,Maignan,P,7.0,6.0,True,False
3,BATIGOAL,Vojvoda,D,,,False,False
3,BATIGOAL,Vasquez,D,5.0,4.5,True,False
3,BATIGOAL,Norton-Cuffy,D,5.0,4.5,True,False
3,BATIGOAL,Wesley,D,5.5,5.5,True,False
3,BATIGOAL,Zaccagni,C,7.0,10.0,True,False
3,BATIGOAL,Atta,C,6.0,6.0,True,False
3,BATIGOAL,Da Cunha,C,6.0,5.5,True,False
3,BATIGOAL,Zambo Anguissa,C,5.5,5.5,True,False
3,BATIGOAL,Paz N.,C,7.0,10.0,True,False
3,BATIGOAL,Leao,A,5.5,5.5,True,False
3,BATIGOAL,Torriani,P,,,False,True
3,BATIGOAL,Rensch,D,,,False,True
3,BATIGOAL,Canestrelli,D,6.0,6.0,True,True
3,BATIGOAL,Lovik,D,,,False,True
3,BATIGOAL,Cham,D,,,False,True
3,BATIGOAL,Stanciu,C,5.5,5.5,False,True
3,BATIGOAL,Asllani,C,6.0,6.0,False,True
3,BATIGOAL,Iannoni,C,7.0,10.0,False,True
3,BATIGOAL,Colombo,A,5.0,5.0,False,True
3,BATIGOAL,Bayo V.,A,,,False,True
3,BATIGOAL,Ekhator,A,5.5,5.5,False,True
3,BATIGOAL,Borrelli,A,6.0,6.0,False,True
3,BATIGOAL,Terracciano,P,,,False,True
3,BATIGOAL,Diao,A,,,False,True
3,SUMMERED,Svilar,P,7.0,8.0,True,False
3,SUMMERED,Gosens,D,6.0,6.0,True,False
3,SUMMERED,Pavlovic,D,6.5,6.5,True,False
3,SUMMERED,Delprato,D,6.0,5.5,True,False
3,SUMMERED,Zortea,D,,,False,False
3,SUMMERED,Rabiot,C,6.5,6.0,True,False
3,SUMMERED,Locatelli,C,,,False,False
3,SUMMERED,Tourè I.,C,6.5,6.5,True,False
3,SUMMERED,Pellegrino M.,A,7.5,13.0,True,False
3,SUMMERED,Krstovic,A,5.5,5.5,True,False
3,SUMMERED,Castro S.,A,6.0,6.0,True,False
3,SUMMERED,Vasquez D.,P,,,False,True
3,SUMMERED,Gollini,P,,,False,True
3,SUMMERED,Djimsiti,D,6.0,6.0,True,True
3,SUMMERED,Palestra,D,6.0,6.0,False,True
3,SUMMERED,Bisseck,D,,,False,True
3,SUMMERED,Gutierrez,D,5.5,5.5,False,True
3,SUMMERED,Oristanio,C,5.0,5.0,True,True
3,SUMMERED,Rowe,C,6.5,6.5,False,True
3,SUMMERED,Carboni V.,C,5.5,5.5,False,True
3,SUMMERED,Vlasic,C,5.0,5.0,False,True
3,SUMMERED,Serdar,C,5.5,5.5,False,True
3,SUMMERED,Gimenez,A,5.5,5.5,False,True
3,SUMMERED,Stulic,A,5.5,5.5,False,True
3,SUMMERED,Vardy,A,,,False,True
3,CHOWPOUROMA,Leali,P,6.0,3.0,True,False
3,CHOWPOUROMA,Cambiaso,D,6.0,6.0,True,False
3,CHOWPOUROMA,Estupinan,D,5.0,4.0,True,False
3,CHOWPOUROMA,Acerbi,D,,,False,False
3,CHOWPOUROMA,De Bruyne,C,6.5,8.5,True,False
3,CHOWPOUROMA,Conceicao,C,,,False,False
3,CHOWPOUROMA,De Roon,C,5.5,4.5,True,False
3,CHOWPOUROMA,Calhanoglu,C,6.5,6.5,True,False
3,CHOWPOUROMA,Kean,A,5.5,5.0,True,False
3,CHOWPOUROMA,Dia,A,6.0,6.0,True,False
3,CHOWPOUROMA,Soulè,A,6.5,9.5,True,False
3,CHOWPOUROMA,Siegrist,P,,,False,True
3,CHOWPOUROMA,Sommariva,P,,,False,True
3,CHOWPOUROMA,Laurientè,A,7.5,11.5,False,True
3,CHOWPOUROMA,Dzeko,A,,,False,True
3,CHOWPOUROMA,Buffon L.,A,,,False,True
3,CHOWPOUROMA,Kostic,C,,,False,True
3,CHOWPOUROMA,Volpato,C,,,False,True
3,CHOWPOUROMA,Berisha M.,C,6.5,7.5,True,True
3,CHOWPOUROMA,Ndour,C,,,False,True
3,CHOWPOUROMA,Tavares N.,D,6.0,6.0,True,True
3,CHOWPOUROMA,Gabbia,D,6.0,6.0,False,True
3,CHOWPOUROMA,Lucumì,D,5.5,5.5,False,True
3,CHOWPOUROMA,Tiago Gabriel,D,5.5,5.5,False,True
3,CHOWPOUROMA,Calabresi,D,,,False,True
4,FC MCDONALD,Meret,P,,,False,False
4,FC MCDONALD,Zappacosta,D,6.0,6.0,True,False
4,FC MCDONALD,Angori,D,5.5,5.5,True,False
4,FC MCDONALD,Di Lorenzo,D,6.5,6.5,True,False
4,FC MCDONALD,Gudmundsson A.,C,5.0,4.5,True,False
4,FC MCDONALD,Pellegrini Lo.,C,6.0,6.0,True,False
4,FC MCDONALD,Modric,C,6.5,6.5,True,False
4,FC MCDONALD,Prati,C,6.0,6.0,True,False
4,FC MCDONALD,Berardi,A,,,False,False
4,FC MCDONALD,David,A,5.0,5.0,True,False
4,FC MCDONALD,Giovane,A,6.0,6.0,True,False
4,FC MCDONALD,Provedel,P,6.0,3.0,True,True
4,FC MCDONALD,Mandas,P,,,False,True
4,FC MCDONALD,Vitik,D,,,False,True
4,FC MCDONALD,Viti,D,,,False,True
4,FC MCDONALD,Zemura,D,,,False,True
4,FC MCDONALD,Doig,D,6.0,6.0,False,True
4,FC MCDONALD,Van Der Brempt,D,,,False,True
4,FC MCDONALD,Deiola,C,5.5,5.5,False,True
4,FC MCDONALD,Matic,C,6.0,6.0,False,True
4,FC MCDONALD,Zarraga,C,,,False,True
4,FC MCDONALD,Ngonge,A,6.0,6.0,True,True
4,FC MCDONALD,Pedro,A,6.0,7.0,False,True
4,FC MCDONALD,Openda,A,6.0,6.0,False,True
4,ZDENEK ZEMAN,Di Gregorio,P,6.0,7.0,True,False
4,ZDENEK ZEMAN,Rrahmani,D,,,False,False
4,ZDENEK ZEMAN,Olivera,D,5.0,5.0,True,False
4,ZDENEK ZEMAN,Kalulu,D,6.0,6.0,True,False
4,ZDENEK ZEMAN,Valeri,D,6.0,6.0,True,False
4,ZDENEK ZEMAN,Politano,C,5.5,5.5,True,False
4,ZDENEK ZEMAN,Bernabè,C,5.5,5.5,True,False
4,ZDENEK ZEMAN,Mkhitaryan,C,6.5,6.5,True,False
4,ZDENEK ZEMAN,Orsolini,C,7.0,10.0,True,False
4,ZDENEK ZEMAN,Cutrone,A,5.5,5.5,True,False
4,ZDENEK ZEMAN,Castellanos,A,6.0,5.5,True,False
4,ZDENEK ZEMAN,Pinamonti,A,6.5,8.5,False,True
4,ZDENEK ZEMAN,Nkunku,A,6.0,6.0,False,True
4,ZDENEK ZEMAN,Cancellieri,A,8.0,14.0,False,True
4,ZDENEK ZEMAN,Rovella,C,,,False,True
4,ZDENEK ZEMAN,Zhegrova,C,,,False,True
4,ZDENEK ZEMAN,Mandragora,C,5.5,5.5,False,True
4,ZDENEK ZEMAN,Zerbin,C,,,False,True
4,ZDENEK ZEMAN,Baschirotto,D,5.0,5.0,True,True
4,ZDENEK ZEMAN,Joao Mario,D,,,False,True
4,ZDENEK ZEMAN,Gatti,D,5.5,5.0,False,True
4,ZDENEK ZEMAN,Gaspar K.,D,6.0,5.5,False,True
4,ZDENEK ZEMAN,Perin,P,,,False,True
4,ZDENEK ZEMAN,Pinsoglio,P,,,False,True
4,ZDENEK ZEMAN,Benedyczak,A,5.5,5.5,False,True
4,CHOWPOUROMA,Leali,P,6.0,4.0,True,False
4,CHOWPOUROMA,Cambiaso,D,5.5,5.5,True,False
4,CHOWPOUROMA,Estupinan,D,,,False,False
4,CHOWPOUROMA,Acerbi,D,,,False,False
4,CHOWPOUROMA,De Bruyne,C,6.5,6.5,True,False
4,CHOWPOUROMA,Conceicao,C,6.5,6.5,True,False
4,CHOWPOUROMA,De Roon,C,,,False,False
4,CHOWPOUROMA,Calhanoglu,C,,,False,False
4,CHOWPOUROMA,Laurientè,A,6.0,6.0,True,False
4,CHOWPOUROMA,Dzeko,A,6.0,6.0,True,False
4,CHOWPOUROMA,Soulè,A,7.5,11.5,True,False
4,CHOWPOUROMA,Siegrist,P,,,False,True
4,CHOWPOUROMA,Sommariva,P,,,False,True
4,CHOWPOUROMA,Dia,A,5.5,5.5,False,True
4,CHOWPOUROMA,Kean,A,7.0,10.0,False,True
4,CHOWPOUROMA,Buffon L.,A,,,False,True
4,CHOWPOUROMA,Kostic,C,,,False,True
4,CHOWPOUROMA,Volpato,C,6.0,6.0,True,True
4,CHOWPOUROMA,Berisha M.,C,6.5,6.5,True,True
4,CHOWPOUROMA,Ndour,C,6.0,6.0,False,True
4,CHOWPOUROMA,Tavares N.,D,6.0,6.0,True,True
4,CHOWPOUROMA,Gabbia,D,6.5,6.5,True,True
4,CHOWPOUROMA,Lucumì,D,6.5,6.5,False,True
4,CHOWPOUROMA,Tiago Gabriel,D,7.0,7.0,False,True
4,CHOWPOUROMA,Calabresi,D,,,False,True
4,BUSHAOZI,Carnesecchi,P,6.5,5.5,True,False
4,BUSHAOZI,Martin,D,,,False,False
4,BUSHAOZI,Obert,D,6.0,5.5,True,False
4,BUSHAOZI,Dumfries,D,6.0,6.0,True,False
4,BUSHAOZI,Gila,D,6.0,6.0,True,False
4,BUSHAOZI,Pasalic,C,6.0,6.0,True,False
4,BUSHAOZI,Lobotka,C,6.0,6.0,True,False
4,BUSHAOZI,Fofana Y.,C,5.5,5.0,True,False
4,BUSHAOZI,McTominay,C,6.0,6.0,True,False
4,BUSHAOZI,Lookman,A,5.5,5.5,True,False
4,BUSHAOZI,Martinez L.,A,7.0,10.0,True,False
4,BUSHAOZI,Sportiello,P,,,False,True
4,BUSHAOZI,Rossi F.,P,,,False,True
4,BUSHAOZI,Bianchetti,D,5.0,5.0,True,True
4,BUSHAOZI,Pezzella Giu.,D,4.5,4.0,False,True
4,BUSHAOZI,Terracciano F.,D,,,False,True
4,BUSHAOZI,Provstgaard,D,,,False,True
4,BUSHAOZI,Folorunsho,C,6.0,6.0,False,True
4,BUSHAOZI,Thuram K.,C,5.5,5.5,False,True
4,BUSHAOZI,Vlahovic,A,6.0,6.0,False,True
4,BUSHAOZI,Sanabria,A,5.0,5.0,False,True
4,BUSHAOZI,Meister,A,5.5,5.5,False,True
4,BUSHAOZI,Arena A.,A,,,False,True
4,BUSHAOZI,Dele-Bashiru,C,,,False,True
4,BUSHAOZI,Aebischer,C,,,False,True
4,GALLIFREY,De Gea,P,6.0,4.0,True,False
4,GALLIFREY,Angelino,D,,,False,False
4,GALLIFREY,Solet,D,6.5,7.5,True,False
4,GALLIFREY,Valle,D,6.0,6.0,True,False
4,GALLIFREY,Carlos Augusto,D,6.0,6.0,True,False
4,GALLIFREY,El Shaarawy,C,,,False,False
4,GALLIFREY,Neres,C,5.5,5.0,True,False
4,GALLIFREY,Pulisic,C,5.0,3.0,True,False
4,GALLIFREY,Barella,C,7.5,10.5,True,False
4,GALLIFREY,Hojlund,A,7.0,11.0,True,False
4,GALLIFREY,Bonny,A,8.5,15.5,True,False
4,GALLIFREY,Lezzerini,P,,,False,True
4,GALLIFREY,Martinelli T.,P,,,False,True
4,GALLIFREY,Kelly L.,D,5.0,5.0,True,True
4,GALLIFREY,Akanji,D,6.5,6.5,False,True
4,GALLIFREY,Miranda J.,D,6.5,6.5,False,True
4,GALLIFREY,Lykogiannis,D,,,False,True
4,GALLIFREY,Sucic P.,C,6.0,5.5,True,True
4,GALLIFREY,Frendrup,C,5.5,5.5,False,True
4,GALLIFREY,Casadei,C,5.5,5.0,False,True
4,GALLIFREY,Vandeputte,C,6.0,7.0,False,True
4,GALLIFREY,Esposito Se.,A,5.5,5.5,False,True
4,GALLIFREY,De Ketelaere,A,,,False,True
4,GALLIFREY,Lucca,A,,,False,True
4,GALLIFREY,Zapata D.,A,,,False,True
4,TEAM DELVECCHIO23,Suzuki,P,5.0,4.0,True,False
4,TEAM DELVECCHIO23,Celik,D,6.5,6.5,True,False
4,TEAM DELVECCHIO23,De Vrij,D,6.5,6.5,True,False
4,TEAM DELVECCHIO23,Tomori,D,6.0,6.0,True,False
4,TEAM DELVECCHIO23,Frattesi,C,6.0,6.0,True,False
4,TEAM DELVECCHIO23,Konè M.,C,6.5,6.5,True,False
4,TEAM DELVECCHIO23,Saelemaekers,C,6.5,6.5,True,False
4,TEAM DELVECCHIO23,Bondo,C,5.0,5.0,True,False
4,TEAM DELVECCHIO23,Ederson D.S.,C,6.0,6.0,True,False
4,TEAM DELVECCHIO23,Dovbyk,A,6.0,7.0,True,False
4,TEAM DELVECCHIO23,Esposito F.P.,A,6.0,6.0,True,False
4,TEAM DELVECCHIO23,Mancini,D,6.0,6.0,False,True
4,TEAM DELVECCHIO23,N'Dicka,D,6.0,6.0,False,True
4,TEAM DELVECCHIO23,Floriani Mussolini,D,4.5,4.5,False,True
4,TEAM DELVECCHIO23,Ostigard,D,,,False,True
4,TEAM DELVECCHIO23,Ferguson E.,A,,,False,True
4,TEAM DELVECCHIO23,Bonazzoli,A,6.5,9.5,False,True
4,TEAM DELVECCHIO23,Thorstvedt,C,6.5,6.5,False,True
4,TEAM DELVECCHIO23,Pisilli,C,,,False,True
4,TEAM DELVECCHIO23,Payero,C,,,False,True
4,TEAM DELVECCHIO23,Corvi,P,,,False,True
4,TEAM DELVECCHIO23,Buongiorno,D,,,False,True
4,TEAM DELVECCHIO23,Rinaldi,P,,,False,True
4,TEAM DELVECCHIO23,Scamacca,A,,,False,True
4,TEAM DELVECCHIO23,Rodriguez Je.,A,,,False,True
4,BATIGOAL,Maignan,P,7.0,8.0,True,False
4,BATIGOAL,Vojvoda,D,6.0,6.0,True,False
4,BATIGOAL,Vasquez,D,6.0,6.0,True,False
4,BATIGOAL,Canestrelli,D,5.0,5.0,True,False
4,BATIGOAL,Wesley,D,6.5,6.0,True,False
4,BATIGOAL,Zaccagni,C,,,False,False
4,BATIGOAL,Atta,C,6.5,6.5,True,False
4,BATIGOAL,Da Cunha,C,6.0,6.0,True,False
4,BATIGOAL,Zambo Anguissa,C,7.5,10.5,True,False
4,BATIGOAL,Paz N.,C,6.0,6.0,True,False
4,BATIGOAL,Leao,A,5.0,5.0,True,False
4,BATIGOAL,Torriani,P,,,False,True
4,BATIGOAL,Rensch,D,6.0,6.0,False,True
4,BATIGOAL,Lovik,D,5.0,5.0,False,True
4,BATIGOAL,Norton-Cuffy,D,6.5,7.5,False,True
4,BATIGOAL,Cham,D,,,False,True
4,BATIGOAL,Iannoni,C,,,False,True
4,BATIGOAL,Asllani,C,6.0,5.5,True,True
4,BATIGOAL,Stanciu,C,,,False,True
4,BATIGOAL,Borrelli,A,7.0,10.0,False,True
4,BATIGOAL,Colombo,A,6.0,6.0,False,True
4,BATIGOAL,Bayo V.,A,5.0,5.0,False,True
4,BATIGOAL,Ekhator,A,7.5,10.5,False,True
4,BATIGOAL,Terracciano,P,,,False,True
4,BATIGOAL,Diao,A,,,False,True
4,SUMMERED,Svilar,P,5.5,4.5,True,False
4,SUMMERED,Djimsiti,D,6.0,5.5,True,False
4,SUMMERED,Bisseck,D,,,False,False
4,SUMMERED,Delprato,D,5.5,5.5,True,False
4,SUMMERED,Zortea,D,6.0,6.0,True,False
4,SUMMERED,Rabiot,C,6.5,6.5,True,False
4,SUMMERED,Locatelli,C,6.5,6.0,True,False
4,SUMMERED,Serdar,C,5.5,5.0,True,False
4,SUMMERED,Pellegrino M.,A,6.0,6.0,True,False
4,SUMMERED,Gimenez,A,6.5,6.5,True,False
4,SUMMERED,Krstovic,A,6.0,6.0,True,False
4,SUMMERED,Vasquez D.,P,,,False,True
4,SUMMERED,Gollini,P,,,False,True
4,SUMMERED,Gutierrez,D,,,False,True
4,SUMMERED,Palestra,D,5.5,5.5,True,True
4,SUMMERED,Pavlovic,D,6.5,6.5,False,True
4,SUMMERED,Gosens,D,5.0,5.0,False,True
4,SUMMERED,Rowe,C,6.5,6.5,False,True
4,SUMMERED,Oristanio,C,,,False,True
4,SUMMERED,Vlasic,C,5.5,5.5,False,True
4,SUMMERED,Tourè I.,C,4.0,3.0,False,True
4,SUMMERED,Carboni V.,C,6.0,6.0,False,True
4,SUMMERED,Castro S.,A,,,False,True
4,SUMMERED,Stulic,A,5.5,5.5,False,True
4,SUMMERED,Vardy,A,6.0,6.0,False,True
4,HIGHRIVER,Skorupski,P,6.0,7.0,True,False
4,HIGHRIVER,Dodò,D,5.5,5.5,True,False
4,HIGHRIVER,Dimarco,D,8.0,12.0,True,False
4,HIGHRIVER,Bellanova,D,,,False,False
4,HIGHRIVER,Maldini,C,6.0,6.0,True,False
4,HIGHRIVER,Isaksen,C,5.5,5.5,True,False
4,HIGHRIVER,Loftus-Cheek,C,6.0,6.0,True,False
4,HIGHRIVER,Odgaard,C,6.5,9.5,True,False
4,HIGHRIVER,Yildiz,A,5.5,5.5,True,False
4,HIGHRIVER,Thuram,A,,,False,False
4,HIGHRIVER,Dominguez B.,A,6.0,6.0,True,False
4,HIGHRIVER,Milinkovic-Savic V.,P,6.0,5.0,False,True
4,HIGHRIVER,Ravaglia F.,P,,,False,True
4,HIGHRIVER,Luperto,D,,,False,True
4,HIGHRIVER,Darmian,D,,,False,True
4,HIGHRIVER,Pierotti,C,6.0,6.0,False,True
4,HIGHRIVER,Keita M.,C,6.0,6.0,False,True
4,HIGHRIVER,Ilkhan,C,,,False,True
4,HIGHRIVER,Adams C.,A,7.0,10.0,True,True
4,HIGHRIVER,Milik,A,,,False,True
4,HIGHRIVER,Sernicola,D,,,False,True
4,HIGHRIVER,Ndaba,D,,,False,True
4,TEAM SJ,Sommer,P,6.0,5.0,True,False
4,TEAM SJ,Ramon,D,5.5,5.5,True,False
4,TEAM SJ,Bremer,D,,,False,False
4,TEAM SJ,Bastoni,D,6.5,6.5,True,False
4,TEAM SJ,Cristante,C,7.0,10.5,True,False
4,TEAM SJ,Baturina,C,5.0,5.0,True,False
4,TEAM SJ,Perrone,C,7.0,11.0,True,False
4,TEAM SJ,El Aynaoui,C,,,False,False
4,TEAM SJ,Dybala,A,6.0,6.0,True,False
4,TEAM SJ,Davis K.,A,6.0,6.0,True,False
4,TEAM SJ,Kuhn,A,,,False,False
4,TEAM SJ,Martinez Jo.,P,,,False,True
4,TEAM SJ,Di Gennaro,P,,,False,True
4,TEAM SJ,Douvikas,A,5.5,5.5,True,True
4,TEAM SJ,Morata,A,5.5,5.5,False,True
4,TEAM SJ,Addai,A,6.0,5.5,False,True
4,TEAM SJ,Tramoni M.,C,5.5,5.5,True,True
4,TEAM SJ,Koopmeiners,C,,,False,True
4,TEAM SJ,Vazquez,C,5.5,5.5,False,True
4,TEAM SJ,Bailey,C,,,False,True
4,TEAM SJ,Hermoso,D,,,False,True
4,TEAM SJ,Tsimikas,D,6.0,5.5,True,True
4,TEAM SJ,Ghilardi,D,,,False,True
4,TEAM SJ,Barbieri,D,6.0,6.0,False,True
4,TEAM SJ,Scalvini,D,,,False,True
5,TEAM DELVECCHIO23,Suzuki,P,8.0,11.0,True,False
5,TEAM DELVECCHIO23,Celik,D,5.5,5.5,True,False
5,TEAM DELVECCHIO23,De Vrij,D,,,False,False
5,TEAM DELVECCHIO23,Tomori,D,6.0,5.5,True,False
5,TEAM DELVECCHIO23,Frattesi,C,6.0,6.0,True,False
5,TEAM DELVECCHIO23,Konè M.,C,6.5,6.5,True,False
5,TEAM DELVECCHIO23,Ederson D.S.,C,6.0,6.0,True,False
5,TEAM DELVECCHIO23,Bondo,C,6.0,6.0,True,False
5,TEAM DELVECCHIO23,Scamacca,A,,,False,False
5,TEAM DELVECCHIO23,Ferguson E.,A,,,False,False
5,TEAM DELVECCHIO23,Bonazzoli,A,6.0,6.0,True,False
5,TEAM DELVECCHIO23,Mancini,D,6.5,6.5,True,True
5,TEAM DELVECCHIO23,N'Dicka,D,5.0,4.5,False,True
5,TEAM DELVECCHIO23,Floriani Mussolini,D,,,False,True
5,TEAM DELVECCHIO23,Ostigard,D,6.0,6.0,False,True
5,TEAM DELVECCHIO23,Dovbyk,A,5.0,5.0,True,True
5,TEAM DELVECCHIO23,Esposito F.P.,A,6.0,6.0,True,True
5,TEAM DELVECCHIO23,Saelemaekers,C,5.5,5.5,False,True
5,TEAM DELVECCHIO23,Thorstvedt,C,5.5,5.5,False,True
5,TEAM DELVECCHIO23,Pisilli,C,,,False,True
5,TEAM DELVECCHIO23,Payero,C,6.0,5.5,False,True
5,TEAM DELVECCHIO23,Corvi,P,,,False,True
5,TEAM DELVECCHIO23,Buongiorno,D,6.0,6.0,False,True
5,TEAM DELVECCHIO23,Rinaldi,P,,,False,True
5,TEAM DELVECCHIO23,Rodriguez Je.,A,,,False,True
5,CHOWPOUROMA,Leali,P,6.0,7.0,True,False
5,CHOWPOUROMA,Cambiaso,D,5.5,5.5,True,False
5,CHOWPOUROMA,Estupinan,D,,,False,False
5,CHOWPOUROMA,Acerbi,D,6.5,6.5,True,False
5,CHOWPOUROMA,De Bruyne,C,6.0,6.0,True,False
5,CHOWPOUROMA,Conceicao,C,5.5,5.5,True,False
5,CHOWPOUROMA,De Roon,C,6.0,6.0,True,False
5,CHOWPOUROMA,Calhanoglu,C,6.5,6.5,True,False
5,CHOWPOUROMA,Laurientè,A,5.5,5.5,True,False
5,CHOWPOUROMA,Kean,A,6.0,6.0,True,False
5,CHOWPOUROMA,Soulè,A,5.5,5.5,True,False
5,CHOWPOUROMA,Siegrist,P,,,False,True
5,CHOWPOUROMA,Sommariva,P,,,False,True
5,CHOWPOUROMA,Dia,A,5.0,5.0,False,True
5,CHOWPOUROMA,Dzeko,A,,,False,True
5,CHOWPOUROMA,Buffon L.,A,,,False,True
5,CHOWPOUROMA,Volpato,C,,,False,True
5,CHOWPOUROMA,Kostic,C,,,False,True
5,CHOWPOUROMA,Berisha M.,C,5.5,5.5,False,True
5,CHOWPOUROMA,Ndour,C,,,False,True
5,CHOWPOUROMA,Tiago Gabriel,D,6.5,6.5,True,True
5,CHOWPOUROMA,Tavares N.,D,5.5,5.5,False,True
5,CHOWPOUROMA,Gabbia,D,5.5,5.5,False,True
5,CHOWPOUROMA,Lucumì,D,,,False,True
5,CHOWPOUROMA,Calabresi,D,,,False,True
5,BUSHAOZI,Carnesecchi,P,6.0,7.0,True,False
5,BUSHAOZI,Martin,D,,,False,False
5,BUSHAOZI,Obert,D,5.0,5.0,True,False
5,BUSHAOZI,Dumfries,D,6.0,6.0,True,False
5,BUSHAOZI,Bianchetti,D,6.0,6.0,True,False
5,BUSHAOZI,McTominay,C,,,False,False
5,BUSHAOZI,Thuram K.,C,6.0,6.0,True,False
5,BUSHAOZI,Fofana Y.,C,6.0,5.5,True,False
5,BUSHAOZI,Vlahovic,A,5.5,5.5,True,False
5,BUSHAOZI,Lookman,A,6.0,6.0,True,False
5,BUSHAOZI,Martinez L.,A,5.5,5.0,True,False
5,BUSHAOZI,Sportiello,P,,,False,True
5,BUSHAOZI,Rossi F.,P,,,False,True
5,BUSHAOZI,Pezzella Giu.,D,5.5,5.5,True,True
5,BUSHAOZI,Terracciano F.,D,7.0,10.0,False,True
5,BUSHAOZI,Gila,D,7.0,7.0,False,True
5,BUSHAOZI,Provstgaard,D,,,False,True
5,BUSHAOZI,Folorunsho,C,6.0,6.0,True,True
5,BUSHAOZI,Pasalic,C,6.0,5.5,False,True
5,BUSHAOZI,Sanabria,A,,,False,True
5,BUSHAOZI,Meister,A,,,False,True
5,BUSHAOZI,Arena A.,A,,,False,True
5,BUSHAOZI,Dele-Bashiru,C,,,False,True
5,BUSHAOZI,Aebischer,C,5.5,5.5,False,True
5,BUSHAOZI,Lobotka,C,,,False,True
5,SUMMERED,Svilar,P,5.5,4.5,True,False
5,SUMMERED,Gosens,D,6.5,9.5,True,False
5,SUMMERED,Pavlovic,D,6.0,6.5,True,False
5,SUMMERED,Delprato,D,6.0,6.0,True,False
5,SUMMERED,Zortea,D,,,False,False
5,SUMMERED,Rowe,C,,,False,False
5,SUMMERED,Locatelli,C,6.0,6.0,True,False
5,SUMMERED,Serdar,C,6.5,6.5,True,False
5,SUMMERED,Stulic,A,6.0,6.0,True,False
5,SUMMERED,Vardy,A,5.5,5.0,True,False
5,SUMMERED,Castro S.,A,6.0,6.0,True,False
5,SUMMERED,Vasquez D.,P,,,False,True
5,SUMMERED,Gollini,P,,,False,True
5,SUMMERED,Palestra,D,6.5,6.5,True,True
5,SUMMERED,Gutierrez,D,,,False,True
5,SUMMERED,Djimsiti,D,6.0,6.0,False,True
5,SUMMERED,Bisseck,D,,,False,True
5,SUMMERED,Carboni V.,C,5.5,5.5,True,True
5,SUMMERED,Vlasic,C,6.5,6.5,False,True
5,SUMMERED,Rabiot,C,,,False,True
5,SUMMERED,Oristanio,C,,,False,True
5,SUMMERED,Tourè I.,C,,,False,True
5,SUMMERED,Krstovic,A,6.0,6.0,False,True
5,SUMMERED,Pellegrino M.,A,5.5,5.5,False,True
5,SUMMERED,Gimenez,A,6.5,6.5,False,True
5,FC MCDONALD,Meret,P,,,False,False
5,FC MCDONALD,Zappacosta,D,6.5,6.5,True,False
5,FC MCDONALD,Angori,D,5.5,5.5,True,False
5,FC MCDONALD,Di Lorenzo,D,5.5,5.5,True,False
5,FC MCDONALD,Gudmundsson A.,C,6.0,6.0,True,False
5,FC MCDONALD,Zalewski,C,,,False,False
5,FC MCDONALD,Modric,C,6.5,6.5,True,False
5,FC MCDONALD,Prati,C,6.0,6.0,True,False
5,FC MCDONALD,Berardi,A,5.5,5.0,True,False
5,FC MCDONALD,David,A,5.0,5.0,True,False
5,FC MCDONALD,Giovane,A,5.5,5.5,True,False
5,FC MCDONALD,Provedel,P,6.5,7.5,True,True
5,FC MCDONALD,Mandas,P,,,False,True
5,FC MCDONALD,Vitik,D,6.5,6.5,False,True
5,FC MCDONALD,Viti,D,,,False,True
5,FC MCDONALD,Zemura,D,,,False,True
5,FC MCDONALD,Doig,D,6.0,5.5,False,True
5,FC MCDONALD,Van Der Brempt,D,,,False,True
5,FC MCDONALD,Matic,C,6.0,6.0,True,True
5,FC MCDONALD,Deiola,C,,,False,True
5,FC MCDONALD,Pellegrini Lo.,C,5.5,5.5,False,True
5,FC MCDONALD,Zarraga,C,,,False,True
5,FC MCDONALD,Ngonge,A,5.5,5.5,False,True
5,FC MCDONALD,Pedro,A,6.0,6.0,False,True
5,FC MCDONALD,Openda,A,,,False,True
5,BATIGOAL,Maignan,P,5.0,4.0,True,False
5,BATIGOAL,Vojvoda,D,6.5,6.5,True,False
5,BATIGOAL,Wesley,D,6.0,6.0,True,False
5,BATIGOAL,Norton-Cuffy,D,6.0,6.0,True,False
5,BATIGOAL,Zaccagni,C,6.0,6.0,True,False
5,BATIGOAL,Atta,C,6.5,6.5,True,False
5,BATIGOAL,Zambo Anguissa,C,6.0,6.0,True,False
5,BATIGOAL,Da Cunha,C,6.5,6.5,True,False
5,BATIGOAL,Paz N.,C,8.0,12.0,True,False
5,BATIGOAL,Leao,A,7.5,13.5,True,False
5,BATIGOAL,Ekhator,A,6.5,6.5,True,False
5,BATIGOAL,Torriani,P,,,False,True
5,BATIGOAL,Terracciano,P,,,False,True
5,BATIGOAL,Vasquez,D,6.5,6.5,False,True
5,BATIGOAL,Canestrelli,D,6.5,6.0,False,True
5,BATIGOAL,Rensch,D,,,False,True
5,BATIGOAL,Lovik,D,,,False,True
5,BATIGOAL,Cham,D,5.5,5.5,False,True
5,BATIGOAL,Asllani,C,6.0,6.0,False,True
5,BATIGOAL,Iannoni,C,6.0,6.0,False,True
5,BATIGOAL,Stanciu,C,,,False,True
5,BATIGOAL,Borrelli,A,5.5,5.5,False,True
5,BATIGOAL,Colombo,A,5.5,5.0,False,True
5,BATIGOAL,Bayo V.,A,6.0,6.0,False,True
5,BATIGOAL,Diao,A,,,False,True
5,TEAM SJ,Sommer,P,6.5,7.5,True,False
5,TEAM SJ,Ramon,D,6.0,6.0,True,False
5,TEAM SJ,Scalvini,D,6.0,6.0,True,False
5,TEAM SJ,Bastoni,D,6.5,6.5,True,False
5,TEAM SJ,Cristante,C,6.0,6.0,True,False
5,TEAM SJ,Tramoni M.,C,,,False,False
5,TEAM SJ,Baturina,C,,,False,False
5,TEAM SJ,Vazquez,C,6.5,6.5,True,False
5,TEAM SJ,Dybala,A,6.0,6.0,True,False
5,TEAM SJ,Davis K.,A,6.0,6.0,True,False
5,TEAM SJ,Douvikas,A,6.5,6.5,True,False
5,TEAM SJ,Martinez Jo.,P,,,False,True
5,TEAM SJ,Di Gennaro,P,,,False,True
5,TEAM SJ,Kuhn,A,,,False,True
5,TEAM SJ,Morata,A,6.0,6.0,False,True
5,TEAM SJ,Addai,A,,,False,True
5,TEAM SJ,Koopmeiners,C,5.0,5.0,True,True
5,TEAM SJ,El Aynaoui,C,,,False,True
5,TEAM SJ,Perrone,C,7.0,8.0,True,True
5,TEAM SJ,Bailey,C,6.0,6.0,False,True
5,TEAM SJ,Tsimikas,D,,,False,True
5,TEAM SJ,Hermoso,D,5.5,5.0,False,True
5,TEAM SJ,Ghilardi,D,,,False,True
5,TEAM SJ,Barbieri,D,6.0,6.0,False,True
5,TEAM SJ,Bremer,D,,,False,True
5,GALLIFREY,De Gea,P,6.0,4.0,True,False
5,GALLIFREY,Kelly L.,D,6.0,5.5,True,False
5,GALLIFREY,Solet,D,5.0,5.0,True,False
5,GALLIFREY,Valle,D,6.0,6.0,True,False
5,GALLIFREY,Carlos Augusto,D,,,False,False
5,GALLIFREY,El Shaarawy,C,,,False,False
5,GALLIFREY,Neres,C,5.5,5.5,True,False
5,GALLIFREY,Barella,C,6.5,7.5,True,False
5,GALLIFREY,Esposito Se.,A,6.0,5.5,True,False
5,GALLIFREY,Hojlund,A,,,False,False
5,GALLIFREY,De Ketelaere,A,6.0,5.5,True,False
5,GALLIFREY,Lezzerini,P,,,False,True
5,GALLIFREY,Martinelli T.,P,,,False,True
5,GALLIFREY,Akanji,D,6.5,6.5,True,True
5,GALLIFREY,Miranda J.,D,6.5,6.0,False,True
5,GALLIFREY,Lykogiannis,D,6.0,5.5,False,True
5,GALLIFREY,Angelino,D,,,False,True
5,GALLIFREY,Pulisic,C,,,False,True
5,GALLIFREY,Vandeputte,C,6.5,7.0,True,True
5,GALLIFREY,Sucic P.,C,6.0,5.5,False,True
5,GALLIFREY,Frendrup,C,6.0,6.0,False,True
5,GALLIFREY,Casadei,C,6.0,6.0,False,True
5,GALLIFREY,Bonny,A,7.0,11.0,True,True
5,GALLIFREY,Lucca,A,5.0,5.0,False,True
5,GALLIFREY,Zapata D.,A,,,False,True
5,ZDENEK ZEMAN,Di Gregorio,P,6.0,4.0,True,False
5,ZDENEK ZEMAN,Kalulu,D,5.5,5.5,True,False
5,ZDENEK ZEMAN,Baschirotto,D,5.5,5.5,True,False
5,ZDENEK ZEMAN,Gaspar K.,D,6.5,6.5,True,False
5,ZDENEK ZEMAN,Joao Mario,D,,,False,False
5,ZDENEK ZEMAN,Bernabè,C,6.0,6.0,True,False
5,ZDENEK ZEMAN,Zerbin,C,5.5,5.0,True,False
5,ZDENEK ZEMAN,Politano,C,6.5,6.5,True,False
5,ZDENEK ZEMAN,Orsolini,C,7.0,10.0,True,False
5,ZDENEK ZEMAN,Cancellieri,A,6.0,6.0,True,False
5,ZDENEK ZEMAN,Pinamonti,A,5.5,5.5,True,False
5,ZDENEK ZEMAN,Castellanos,A,,,False,True
5,ZDENEK ZEMAN,Cutrone,A,6.0,6.0,False,True
5,ZDENEK ZEMAN,Nkunku,A,,,False,True
5,ZDENEK ZEMAN,Benedyczak,A,,,False,True
5,ZDENEK ZEMAN,Rovella,C,,,False,True
5,ZDENEK ZEMAN,Zhegrova,C,,,False,True
5,ZDENEK ZEMAN,Mkhitaryan,C,6.5,6.0,False,True
5,ZDENEK ZEMAN,Mandragora,C,6.0,6.0,False,True
5,ZDENEK ZEMAN,Valeri,D,,,False,True
5,ZDENEK ZEMAN,Rrahmani,D,,,False,True
5,ZDENEK ZEMAN,Gatti,D,,,False,True
5,ZDENEK ZEMAN,Olivera,D,5.0,5.0,True,True
5,ZDENEK ZEMAN,Perin,P,,,False,True
5,ZDENEK ZEMAN,Pinsoglio,P,,,False,True
5,HIGHRIVER,Skorupski,P,,,False,False
5,HIGHRIVER,Dodò,D,6.0,6.0,True,False
5,HIGHRIVER,Dimarco,D,6.0,6.0,True,False
5,HIGHRIVER,Bellanova,D,,,False,False
5,HIGHRIVER,Maldini,C,,,False,False
5,HIGHRIVER,Isaksen,C,6.0,6.0,True,False
5,HIGHRIVER,Loftus-Cheek,C,,,False,False
5,HIGHRIVER,Odgaard,C,7.0,8.0,True,False
5,HIGHRIVER,Yildiz,A,6.0,6.0,True,False
5,HIGHRIVER,Thuram,A,,,False,False
5,HIGHRIVER,Dominguez B.,A,6.5,7.5,True,False
5,HIGHRIVER,Milinkovic-Savic V.,P,6.0,5.0,True,True
5,HIGHRIVER,Ravaglia F.,P,6.5,7.5,False,True
5,HIGHRIVER,Luperto,D,5.5,5.5,True,True
5,HIGHRIVER,Darmian,D,,,False,True
5,HIGHRIVER,Pierotti,C,5.5,5.5,True,True
5,HIGHRIVER,Keita M.,C,6.5,6.5,True,True
5,HIGHRIVER,Ilkhan,C,,,False,True
5,HIGHRIVER,Adams C.,A,6.5,6.5,True,True
5,HIGHRIVER,Milik,A,,,False,True
5,HIGHRIVER,Sernicola,D,,,False,True
5,HIGHRIVER,Ndaba,D,,,False,True
6,CHOWPOUROMA,Leali,P,7.5,5.5,True,False
6,CHOWPOUROMA,Cambiaso,D,6.0,6.0,True,False
6,CHOWPOUROMA,Estupinan,D,,,False,False
6,CHOWPOUROMA,Acerbi,D,5.0,5.0,True,False
6,CHOWPOUROMA,De Bruyne,C,7.0,9.0,True,False
6,CHOWPOUROMA,Conceicao,C,6.0,6.0,True,False
6,CHOWPOUROMA,De Roon,C,6.0,6.0,True,False
6,CHOWPOUROMA,Calhanoglu,C,7.0,9.0,True,False
6,CHOWPOUROMA,Laurientè,A,,,False,False
6,CHOWPOUROMA,Kean,A,7.0,10.0,True,False
6,CHOWPOUROMA,Soulè,A,6.0,6.0,True,False
6,CHOWPOUROMA,Siegrist,P,,,False,True
6,CHOWPOUROMA,Sommariva,P,,,False,True
6,CHOWPOUROMA,Dia,A,6.0,6.0,True,True
6,CHOWPOUROMA,Dzeko,A,5.5,5.0,False,True
6,CHOWPOUROMA,Buffon L.,A,,,False,True
6,CHOWPOUROMA,Volpato,C,5.5,5.0,False,True
6,CHOWPOUROMA,Kostic,C,5.5,5.5,False,True
6,CHOWPOUROMA,Berisha M.,C,6.5,9.5,False,True
6,CHOWPOUROMA,Ndour,C,6.0,6.0,False,True
6,CHOWPOUROMA,Tiago Gabriel,D,5.5,5.5,True,True
6,CHOWPOUROMA,Tavares N.,D,,,False,True
6,CHOWPOUROMA,Gabbia,D,5.5,5.5,False,True
6,CHOWPOUROMA,Lucumì,D,6.0,5.5,False,True
6,CHOWPOUROMA,Calabresi,D,6.0,6.0,False,True
6,TEAM SJ,Sommer,P,6.0,3.0,True,False
6,TEAM SJ,Tsimikas,D,6.0,6.0,True,False
6,TEAM SJ,Bastoni,D,6.0,5.5,True,False
6,TEAM SJ,Ramon,D,,,False,False
6,TEAM SJ,El Aynaoui,C,6.0,6.0,True,False
6,TEAM SJ,Cristante,C,6.5,6.5,True,False
6,TEAM SJ,Perrone,C,6.0,6.0,True,False
6,TEAM SJ,Bailey,C,6.0,6.0,True,False
6,TEAM SJ,Dybala,A,7.0,11.0,True,False
6,TEAM SJ,Davis K.,A,7.0,9.5,True,False
6,TEAM SJ,Morata,A,5.5,5.5,True,False
6,TEAM SJ,Martinez Jo.,P,,,False,True
6,TEAM SJ,Di Gennaro,P,,,False,True
6,TEAM SJ,Douvikas,A,6.0,6.0,False,True
6,TEAM SJ,Kuhn,A,6.0,6.0,False,True
6,TEAM SJ,Addai,A,,,False,True
6,TEAM SJ,Baturina,C,6.0,6.0,False,True
6,TEAM SJ,Vazquez,C,,,False,True
6,TEAM SJ,Koopmeiners,C,6.0,5.5,False,True
6,TEAM SJ,Tramoni M.,C,5.0,5.0,False,True
6,TEAM SJ,Barbieri,D,7.0,7.0,True,True
6,TEAM SJ,Hermoso,D,6.0,5.5,False,True
6,TEAM SJ,Ghilardi,D,,,False,True
6,TEAM SJ,Scalvini,D,,,False,True
6,TEAM SJ,Bremer,D,,,False,True
6,GALLIFREY,De Gea,P,6.0,4.0,True,False
6,GALLIFREY,Miranda J.,D,6.5,6.5,True,False
6,GALLIFREY,Solet,D,6.0,6.0,True,False
6,GALLIFREY,Valle,D,,,False,False
6,GALLIFREY,Akanji,D,5.0,5.0,True,False
6,GALLIFREY,El Shaarawy,C,,,False,False
6,GALLIFREY,Casadei,C,5.5,5.0,True,False
6,GALLIFREY,Barella,C,6.0,6.0,True,False
6,GALLIFREY,Vandeputte,C,6.5,6.5,True,False
6,GALLIFREY,Esposito Se.,A,,,False,False
6,GALLIFREY,De Ketelaere,A,5.5,5.5,True,False
6,GALLIFREY,Lezzerini,P,,,False,True
6,GALLIFREY,Martinelli T.,P,,,False,True
6,GALLIFREY,Carlos Augusto,D,,,False,True
6,GALLIFREY,Kelly L.,D,5.5,5.0,True,True
6,GALLIFREY,Lykogiannis,D,,,False,True
6,GALLIFREY,Angelino,D,,,False,True
6,GALLIFREY,Pulisic,C,,,False,True
6,GALLIFREY,Sucic P.,C,6.0,6.0,True,True
6,GALLIFREY,Frendrup,C,6.0,5.5,False,True
6,GALLIFREY,Neres,C,6.5,7.5,False,True
6,GALLIFREY,Hojlund,A,,,False,True
6,GALLIFREY,Bonny,A,5.5,5.5,True,True
6,GALLIFREY,Lucca,A,,,False,True
6,GALLIFREY,Zapata D.,A,,,False,True
6,ZDENEK ZEMAN,Di Gregorio,P,,,False,False
6,ZDENEK ZEMAN,Kalulu,D,6.0,6.0,True,False
6,ZDENEK ZEMAN,Baschirotto,D,6.5,6.5,True,False
6,ZDENEK ZEMAN,Gaspar K.,D,5.0,4.5,True,False
6,ZDENEK ZEMAN,Gatti,D,5.5,5.5,True,False
6,ZDENEK ZEMAN,Politano,C,6.0,6.0,True,False
6,ZDENEK ZEMAN,Bernabè,C,6.5,6.5,True,False
6,ZDENEK ZEMAN,Mandragora,C,5.5,5.5,True,False
6,ZDENEK ZEMAN,Mkhitaryan,C,5.5,5.5,True,False
6,ZDENEK ZEMAN,Orsolini,C,6.0,6.0,True,False
6,ZDENEK ZEMAN,Cutrone,A,6.0,6.0,True,False
6,ZDENEK ZEMAN,Castellanos,A,,,False,True
6,ZDENEK ZEMAN,Cancellieri,A,,,False,True
6,ZDENEK ZEMAN,Nkunku,A,5.5,5.5,False,True
6,ZDENEK ZEMAN,Pinamonti,A,5.0,5.0,False,True
6,ZDENEK ZEMAN,Benedyczak,A,6.0,6.0,False,True
6,ZDENEK ZEMAN,Rovella,C,,,False,True
6,ZDENEK ZEMAN,Zerbin,C,6.5,6.5,False,True
6,ZDENEK ZEMAN,Zhegrova,C,,,False,True
6,ZDENEK ZEMAN,Valeri,D,,,False,True
6,ZDENEK ZEMAN,Rrahmani,D,,,False,True
6,ZDENEK ZEMAN,Olivera,D,5.5,5.5,False,True
6,ZDENEK ZEMAN,Joao Mario,D,,,False,True
6,ZDENEK ZEMAN,Perin,P,6.0,5.0,True,True
6,ZDENEK ZEMAN,Pinsoglio,P,,,False,True
6,BATIGOAL,Maignan,P,5.5,3.5,True,False
6,BATIGOAL,Vojvoda,D,6.0,6.0,True,False
6,BATIGOAL,Wesley,D,6.0,6.0,True,False
6,BATIGOAL,Norton-Cuffy,D,6.0,6.0,True,False
6,BATIGOAL,Zaccagni,C,6.0,6.0,True,False
6,BATIGOAL,Atta,C,7.5,9.5,True,False
6,BATIGOAL,Da Cunha,C,6.0,6.0,True,False
6,BATIGOAL,Zambo Anguissa,C,7.5,10.5,True,False
6,BATIGOAL,Paz N.,C,5.5,5.5,True,False
6,BATIGOAL,Leao,A,7.0,10.0,True,False
6,BATIGOAL,Diao,A,5.5,5.5,True,False
6,BATIGOAL,Terracciano,P,,,False,True
6,BATIGOAL,Torriani,P,,,False,True
6,BATIGOAL,Rensch,D,,,False,True
6,BATIGOAL,Vasquez,D,6.0,6.0,False,True
6,BATIGOAL,Cham,D,4.5,4.5,False,True
6,BATIGOAL,Canestrelli,D,6.0,6.0,False,True
6,BATIGOAL,Lovik,D,,,False,True
6,BATIGOAL,Asllani,C,5.0,5.0,False,True
6,BATIGOAL,Iannoni,C,,,False,True
6,BATIGOAL,Stanciu,C,,,False,True
6,BATIGOAL,Bayo V.,A,6.5,7.5,False,True
6,BATIGOAL,Borrelli,A,6.0,5.5,False,True
6,BATIGOAL,Ekhator,A,6.0,5.5,False,True
6,BATIGOAL,Colombo,A,,,False,True
6,BUSHAOZI,Carnesecchi,P,6.5,5.5,True,False
6,BUSHAOZI,Terracciano F.,D,7.0,7.0,True,False
6,BUSHAOZI,Obert,D,6.0,6.5,True,False
6,BUSHAOZI,Dumfries,D,5.5,5.5,True,False
6,BUSHAOZI,Bianchetti,D,6.0,6.0,True,False
6,BUSHAOZI,McTominay,C,7.0,11.0,True,False
6,BUSHAOZI,Thuram K.,C,5.5,5.5,True,False
6,BUSHAOZI,Fofana Y.,C,6.0,6.0,True,False
6,BUSHAOZI,Folorunsho,C,5.5,5.5,True,False
6,BUSHAOZI,Lookman,A,6.0,6.0,True,False
6,BUSHAOZI,Martinez L.,A,5.0,5.0,True,False
6,BUSHAOZI,Sportiello,P,,,False,True
6,BUSHAOZI,Rossi F.,P,,,False,True
6,BUSHAOZI,Pezzella Giu.,D,,,False,True
6,BUSHAOZI,Gila,D,6.5,6.5,False,True
6,BUSHAOZI,Provstgaard,D,,,False,True
6,BUSHAOZI,Martin,D,,,False,True
6,BUSHAOZI,Pasalic,C,5.5,5.5,False,True
6,BUSHAOZI,Aebischer,C,6.0,5.5,False,True
6,BUSHAOZI,Vlahovic,A,5.5,5.5,False,True
6,BUSHAOZI,Sanabria,A,6.0,6.0,False,True
6,BUSHAOZI,Meister,A,5.5,5.5,False,True
6,BUSHAOZI,Arena A.,A,,,False,True
6,BUSHAOZI,Lobotka,C,,,False,True
6,BUSHAOZI,Dele-Bashiru,C,,,False,True
6,HIGHRIVER,Skorupski,P,7.0,5.0,True,False
6,HIGHRIVER,Dodò,D,6.0,6.0,True,False
6,HIGHRIVER,Dimarco,D,6.0,6.0,True,False
6,HIGHRIVER,Bellanova,D,5.5,5.5,True,False
6,HIGHRIVER,Maldini,C,,,False,False
6,HIGHRIVER,Isaksen,C,7.0,7.0,True,False
6,HIGHRIVER,Loftus-Cheek,C,,,False,False
6,HIGHRIVER,Odgaard,C,,,False,False
6,HIGHRIVER,Yildiz,A,6.0,6.0,True,False
6,HIGHRIVER,Thuram,A,,,False,False
6,HIGHRIVER,Dominguez B.,A,,,False,False
6,HIGHRIVER,Milinkovic-Savic V.,P,6.5,5.5,False,True
6,HIGHRIVER,Ravaglia F.,P,,,False,True
6,HIGHRIVER,Luperto,D,,,False,True
6,HIGHRIVER,Darmian,D,,,False,True
6,HIGHRIVER,Pierotti,C,6.5,6.5,True,True
6,HIGHRIVER,Keita M.,C,6.0,6.0,True,True
6,HIGHRIVER,Ilkhan,C,,,False,True
6,HIGHRIVER,Adams C.,A,5.5,5.5,True,True
6,HIGHRIVER,Milik,A,,,False,True
6,HIGHRIVER,Sernicola,D,,,False,True
6,HIGHRIVER,Ndaba,D,,,False,True
6,FC MCDONALD,Meret,P,,,False,False
6,FC MCDONALD,Zappacosta,D,,,False,False
6,FC MCDONALD,Angori,D,,,False,False
6,FC MCDONALD,Di Lorenzo,D,6.5,6.0,True,False
6,FC MCDONALD,Gudmundsson A.,C,6.5,8.0,True,False
6,FC MCDONALD,Zalewski,C,6.0,6.0,True,False
6,FC MCDONALD,Modric,C,6.5,7.5,True,False
6,FC MCDONALD,Prati,C,5.0,5.0,True,False
6,FC MCDONALD,Berardi,A,5.5,5.5,True,False
6,FC MCDONALD,David,A,5.0,5.0,True,False
6,FC MCDONALD,Giovane,A,7.0,9.0,True,False
6,FC MCDONALD,Provedel,P,6.0,7.0,True,True
6,FC MCDONALD,Mandas,P,,,False,True
6,FC MCDONALD,Vitik,D,,,False,True
6,FC MCDONALD,Viti,D,,,False,True
6,FC MCDONALD,Zemura,D,,,False,True
6,FC MCDONALD,Doig,D,6.0,5.5,True,True
6,FC MCDONALD,Van Der Brempt,D,,,False,True
6,FC MCDONALD,Matic,C,5.5,5.5,False,True
6,FC MCDONALD,Deiola,C,,,False,True
6,FC MCDONALD,Pellegrini Lo.,C,6.5,6.5,False,True
6,FC MCDONALD,Zarraga,C,,,False,True
6,FC MCDONALD,Ngonge,A,6.5,6.5,False,True
6,FC MCDONALD,Pedro,A,,,False,True
6,FC MCDONALD,Openda,A,6.0,6.0,False,True
6,SUMMERED,Svilar,P,6.5,7.5,True,False
6,SUMMERED,Gosens,D,5.0,4.5,True,False
6,SUMMERED,Pavlovic,D,6.0,6.0,True,False
6,SUMMERED,Djimsiti,D,5.5,5.5,True,False
6,SUMMERED,Palestra,D,5.5,5.5,True,False
6,SUMMERED,Vlasic,C,5.5,5.0,True,False
6,SUMMERED,Locatelli,C,6.0,5.5,True,False
6,SUMMERED,Serdar,C,6.0,6.0,True,False
6,SUMMERED,Pellegrino M.,A,6.0,6.0,True,False
6,SUMMERED,Castro S.,A,7.0,10.0,True,False
6,SUMMERED,Gimenez,A,5.5,5.5,True,False
6,SUMMERED,Vasquez D.,P,,,False,True
6,SUMMERED,Gollini,P,,,False,True
6,SUMMERED,Zortea,D,,,False,True
6,SUMMERED,Delprato,D,6.0,6.0,False,True
6,SUMMERED,Gutierrez,D,,,False,True
6,SUMMERED,Bisseck,D,,,False,True
6,SUMMERED,Carboni V.,C,,,False,True
6,SUMMERED,Rowe,C,6.0,5.5,False,True
6,SUMMERED,Tourè I.,C,6.0,6.0,False,True
6,SUMMERED,Rabiot,C,,,False,True
6,SUMMERED,Oristanio,C,,,False,True
6,SUMMERED,Vardy,A,7.0,9.5,False,True
6,SUMMERED,Krstovic,A,5.0,5.0,False,True
6,SUMMERED,Stulic,A,5.5,5.0,False,True
6,TEAM DELVECCHIO23,Suzuki,P,6.0,7.0,True,False
6,TEAM DELVECCHIO23,Celik,D,6.5,6.5,True,False
6,TEAM DELVECCHIO23,Mancini,D,6.5,6.0,True,False
6,TEAM DELVECCHIO23,Tomori,D,,,False,False
6,TEAM DELVECCHIO23,Frattesi,C,6.0,6.0,True,False
6,TEAM DELVECCHIO23,Konè M.,C,6.5,6.5,True,False
6,TEAM DELVECCHIO23,Saelemaekers,C,6.0,6.0,True,False
6,TEAM DELVECCHIO23,Bondo,C,,,False,False
6,TEAM DELVECCHIO23,Scamacca,A,6.0,5.5,True,False
6,TEAM DELVECCHIO23,Dovbyk,A,6.5,6.5,True,False
6,TEAM DELVECCHIO23,Bonazzoli,A,,,False,False
6,TEAM DELVECCHIO23,De Vrij,D,,,False,True
6,TEAM DELVECCHIO23,N'Dicka,D,6.0,6.0,True,True
6,TEAM DELVECCHIO23,Floriani Mussolini,D,5.5,5.0,False,True
6,TEAM DELVECCHIO23,Ostigard,D,6.0,6.0,False,True
6,TEAM DELVECCHIO23,Esposito F.P.,A,5.5,5.5,True,True
6,TEAM DELVECCHIO23,Ferguson E.,A,,,False,True
6,TEAM DELVECCHIO23,Ederson D.S.,C,6.5,6.5,True,True
6,TEAM DELVECCHIO23,Thorstvedt,C,5.0,4.5,False,True
6,TEAM DELVECCHIO23,Pisilli,C,,,False,True
6,TEAM DELVECCHIO23,Payero,C,6.5,6.5,False,True
6,TEAM DELVECCHIO23,Corvi,P,,,False,True
6,TEAM DELVECCHIO23,Buongiorno,D,5.5,5.5,False,True
6,TEAM DELVECCHIO23,Rinaldi,P,,,False,True
6,TEAM DELVECCHIO23,Rodriguez Je.,A,,,False,True
7,TEAM DELVECCHIO23,Suzuki,P,6.0,4.0,True,False
7,TEAM DELVECCHIO23,Celik,D,6.5,6.5,True,False
7,TEAM DELVECCHIO23,Mancini,D,6.5,6.5,True,False
7,TEAM DELVECCHIO23,N'Dicka,D,6.0,6.0,True,False
7,TEAM DELVECCHIO23,Frattesi,C,,,False,False
7,TEAM DELVECCHIO23,Konè M.,C,7.0,7.0,True,False
7,TEAM DELVECCHIO23,Saelemaekers,C,5.5,5.5,True,False
7,TEAM DELVECCHIO23,Bondo,C,6.5,6.5,True,False
7,TEAM DELVECCHIO23,Scamacca,A,,,False,False
7,TEAM DELVECCHIO23,Dovbyk,A,7.0,11.0,True,False
7,TEAM DELVECCHIO23,Rodriguez Je.,A,6.5,7.5,True,False
7,TEAM DELVECCHIO23,De Vrij,D,,,False,True
7,TEAM DELVECCHIO23,Tomori,D,5.5,5.5,False,True
7,TEAM DELVECCHIO23,Ostigard,D,6.0,6.0,False,True
7,TEAM DELVECCHIO23,Floriani Mussolini,D,6.0,6.0,False,True
7,TEAM DELVECCHIO23,Esposito F.P.,A,6.0,5.5,True,True
7,TEAM DELVECCHIO23,Ferguson E.,A,,,False,True
7,TEAM DELVECCHIO23,Bonazzoli,A,8.0,15.0,False,True
7,TEAM DELVECCHIO23,Ederson D.S.,C,6.0,6.0,True,True
7,TEAM DELVECCHIO23,Thorstvedt,C,6.0,5.5,False,True
7,TEAM DELVECCHIO23,Pisilli,C,,,False,True
7,TEAM DELVECCHIO23,Payero,C,6.0,6.0,False,True
7,TEAM DELVECCHIO23,Buongiorno,D,6.5,6.5,False,True
7,TEAM DELVECCHIO23,Rinaldi,P,,,False,True
7,TEAM DELVECCHIO23,Corvi,P,,,False,True
7,BUSHAOZI,Carnesecchi,P,6.0,5.0,True,False
7,BUSHAOZI,Terracciano F.,D,6.5,6.5,True,False
7,BUSHAOZI,Obert,D,5.0,4.5,True,False
7,BUSHAOZI,Dumfries,D,6.0,6.0,True,False
7,BUSHAOZI,Gila,D,6.0,6.0,True,False
7,BUSHAOZI,McTominay,C,6.0,6.0,True,False
7,BUSHAOZI,Thuram K.,C,,,False,False
7,BUSHAOZI,Fofana Y.,C,6.0,6.0,True,False
7,BUSHAOZI,Folorunsho,C,5.5,5.0,True,False
7,BUSHAOZI,Lookman,A,7.0,11.0,True,False
7,BUSHAOZI,Martinez L.,A,6.0,7.0,True,False
7,BUSHAOZI,Sportiello,P,,,False,True
7,BUSHAOZI,Rossi F.,P,,,False,True
7,BUSHAOZI,Bianchetti,D,7.0,7.5,False,True
7,BUSHAOZI,Pezzella Giu.,D,,,False,True
7,BUSHAOZI,Provstgaard,D,6.0,6.0,False,True
7,BUSHAOZI,Martin,D,6.0,6.0,False,True
7,BUSHAOZI,Aebischer,C,6.0,6.0,True,True
7,BUSHAOZI,Pasalic,C,7.0,8.0,False,True
7,BUSHAOZI,Vlahovic,A,7.0,9.0,False,True
7,BUSHAOZI,Sanabria,A,,,False,True
7,BUSHAOZI,Meister,A,,,False,True
7,BUSHAOZI,Arena A.,A,,,False,True
7,BUSHAOZI,Lobotka,C,,,False,True
7,BUSHAOZI,Dele-Bashiru,C,,,False,True
7,FC MCDONALD,Provedel,P,6.5,7.5,True,False
7,FC MCDONALD,Zappacosta,D,6.5,6.5,True,False
7,FC MCDONALD,Angori,D,6.5,6.5,True,False
7,FC MCDONALD,Di Lorenzo,D,6.0,6.0,True,False
7,FC MCDONALD,Pellegrini Lo.,C,,,False,False
7,FC MCDONALD,Zalewski,C,,,False,False
7,FC MCDONALD,Modric,C,6.0,5.5,True,False
7,FC MCDONALD,Prati,C,6.0,6.0,True,False
7,FC MCDONALD,Berardi,A,,,False,False
7,FC MCDONALD,David,A,6.0,6.0,True,False
7,FC MCDONALD,Giovane,A,6.0,6.0,True,False
7,FC MCDONALD,Mandas,P,,,False,True
7,FC MCDONALD,Vitik,D,5.5,5.5,False,True
7,FC MCDONALD,Viti,D,5.0,4.0,False,True
7,FC MCDONALD,Zemura,D,,,False,True
7,FC MCDONALD,Doig,D,,,False,True
7,FC MCDONALD,Van Der Brempt,D,,,False,True
7,FC MCDONALD,Gudmundsson A.,C,5.5,5.5,True,True
7,FC MCDONALD,Matic,C,6.5,6.5,True,True
7,FC MCDONALD,Deiola,C,,,False,True
7,FC MCDONALD,Zarraga,C,,,False,True
7,FC MCDONALD,Ngonge,A,5.5,5.5,True,True
7,FC MCDONALD,Pedro,A,5.5,5.0,False,True
7,FC MCDONALD,Openda,A,6.0,6.0,False,True
7,GALLIFREY,De Gea,P,7.5,4.5,True,False
7,GALLIFREY,Miranda J.,D,,,False,False
7,GALLIFREY,Solet,D,6.0,6.0,True,False
7,GALLIFREY,Valle,D,6.5,7.5,True,False
7,GALLIFREY,Carlos Augusto,D,,,False,False
7,GALLIFREY,Vandeputte,C,7.0,8.0,True,False
7,GALLIFREY,El Shaarawy,C,,,False,False
7,GALLIFREY,Barella,C,6.5,7.5,True,False
7,GALLIFREY,Bonny,A,6.5,6.5,True,False
7,GALLIFREY,Hojlund,A,5.5,5.5,True,False
7,GALLIFREY,De Ketelaere,A,6.0,6.0,True,False
7,GALLIFREY,Lezzerini,P,,,False,True
7,GALLIFREY,Martinelli T.,P,,,False,True
7,GALLIFREY,Akanji,D,7.0,7.0,True,True
7,GALLIFREY,Kelly L.,D,6.0,6.0,True,True
7,GALLIFREY,Lykogiannis,D,6.5,6.0,False,True
7,GALLIFREY,Angelino,D,,,False,True
7,GALLIFREY,Sucic P.,C,7.0,10.0,True,True
7,GALLIFREY,Frendrup,C,5.5,5.5,False,True
7,GALLIFREY,Casadei,C,6.5,6.5,False,True
7,GALLIFREY,Neres,C,7.0,8.0,False,True
7,GALLIFREY,Pulisic,C,,,False,True
7,GALLIFREY,Esposito Se.,A,7.0,10.0,False,True
7,GALLIFREY,Lucca,A,5.5,5.5,False,True
7,GALLIFREY,Zapata D.,A,,,False,True
7,TEAM SJ,Sommer,P,6.0,7.0,True,False
7,TEAM SJ,Tsimikas,D,,,False,False
7,TEAM SJ,Bastoni,D,6.5,6.5,True,False
7,TEAM SJ,Ramon,D,6.5,6.5,True,False
7,TEAM SJ,El Aynaoui,C,6.0,6.0,True,False
7,TEAM SJ,Cristante,C,6.5,6.5,True,False
7,TEAM SJ,Perrone,C,,,False,False
7,TEAM SJ,Bailey,C,5.5,5.5,True,False
7,TEAM SJ,Dybala,A,6.5,7.5,True,False
7,TEAM SJ,Douvikas,A,7.0,10.0,True,False
7,TEAM SJ,Kuhn,A,5.5,5.5,True,False
7,TEAM SJ,Martinez Jo.,P,,,False,True
7,TEAM SJ,Di Gennaro,P,,,False,True
7,TEAM SJ,Davis K.,A,5.5,5.5,False,True
7,TEAM SJ,Addai,A,,,False,True
7,TEAM SJ,Morata,A,,,False,True
7,TEAM SJ,Koopmeiners,C,,,False,True
7,TEAM SJ,Baturina,C,,,False,True
7,TEAM SJ,Vazquez,C,6.0,6.0,True,True
7,TEAM SJ,Tramoni M.,C,5.5,5.5,False,True
7,TEAM SJ,Barbieri,D,6.5,6.0,True,True
7,TEAM SJ,Hermoso,D,7.0,10.0,False,True
7,TEAM SJ,Ghilardi,D,,,False,True
7,TEAM SJ,Scalvini,D,,,False,True
7,TEAM SJ,Bremer,D,,,False,True
7,SUMMERED,Svilar,P,7.0,6.0,True,False
7,SUMMERED,Zortea,D,6.0,6.0,True,False
7,SUMMERED,Pavlovic,D,6.0,6.0,True,False
7,SUMMERED,Bisseck,D,6.5,6.5,True,False
7,SUMMERED,Palestra,D,6.5,6.5,True,False
7,SUMMERED,Rowe,C,,,False,False
7,SUMMERED,Locatelli,C,6.0,6.0,True,False
7,SUMMERED,Tourè I.,C,6.0,6.0,True,False
7,SUMMERED,Vardy,A,6.0,6.0,True,False
7,SUMMERED,Castro S.,A,5.5,5.5,True,False
7,SUMMERED,Gimenez,A,5.0,4.5,True,False
7,SUMMERED,Vasquez D.,P,,,False,True
7,SUMMERED,Gollini,P,,,False,True
7,SUMMERED,Gutierrez,D,,,False,True
7,SUMMERED,Djimsiti,D,6.0,6.0,False,True
7,SUMMERED,Gosens,D,6.0,6.0,False,True
7,SUMMERED,Delprato,D,5.5,5.0,False,True
7,SUMMERED,Carboni V.,C,5.5,5.0,True,True
7,SUMMERED,Vlasic,C,6.0,6.0,False,True
7,SUMMERED,Serdar,C,7.0,10.0,False,True
7,SUMMERED,Rabiot,C,,,False,True
7,SUMMERED,Oristanio,C,,,False,True
7,SUMMERED,Krstovic,A,,,False,True
7,SUMMERED,Stulic,A,5.5,5.5,False,True
7,SUMMERED,Pellegrino M.,A,6.0,5.5,False,True
7,ZDENEK ZEMAN,Di Gregorio,P,6.0,4.5,True,False
7,ZDENEK ZEMAN,Kalulu,D,6.5,6.5,True,False
7,ZDENEK ZEMAN,Baschirotto,D,6.5,6.5,True,False
7,ZDENEK ZEMAN,Olivera,D,6.0,5.5,True,False
7,ZDENEK ZEMAN,Gatti,D,7.0,11.0,True,False
7,ZDENEK ZEMAN,Politano,C,5.5,5.5,True,False
7,ZDENEK ZEMAN,Zhegrova,C,,,False,False
7,ZDENEK ZEMAN,Zerbin,C,,,False,False
7,ZDENEK ZEMAN,Orsolini,C,5.5,5.5,True,False
7,ZDENEK ZEMAN,Cutrone,A,5.5,5.5,True,False
7,ZDENEK ZEMAN,Pinamonti,A,7.0,11.0,True,False
7,ZDENEK ZEMAN,Castellanos,A,,,False,True
7,ZDENEK ZEMAN,Cancellieri,A,,,False,True
7,ZDENEK ZEMAN,Nkunku,A,5.5,5.5,False,True
7,ZDENEK ZEMAN,Benedyczak,A,6.5,7.5,False,True
7,ZDENEK ZEMAN,Rovella,C,,,False,True
7,ZDENEK ZEMAN,Mkhitaryan,C,,,False,True
7,ZDENEK ZEMAN,Bernabè,C,5.0,5.0,True,True
7,ZDENEK ZEMAN,Mandragora,C,5.5,5.5,True,True
7,ZDENEK ZEMAN,Valeri,D,,,False,True
7,ZDENEK ZEMAN,Rrahmani,D,,,False,True
7,ZDENEK ZEMAN,Joao Mario,D,,,False,True
7,ZDENEK ZEMAN,Gaspar K.,D,6.0,6.0,False,True
7,ZDENEK ZEMAN,Pinsoglio,P,,,False,True
7,ZDENEK ZEMAN,Perin,P,,,False,True
7,CHOWPOUROMA,Leali,P,6.0,3.5,True,False
7,CHOWPOUROMA,Cambiaso,D,6.5,7.5,True,False
7,CHOWPOUROMA,Estupinan,D,,,False,False
7,CHOWPOUROMA,Acerbi,D,,,False,False
7,CHOWPOUROMA,Berisha M.,C,6.0,6.0,True,False
7,CHOWPOUROMA,Conceicao,C,,,False,False
7,CHOWPOUROMA,De Roon,C,6.0,6.0,True,False
7,CHOWPOUROMA,Calhanoglu,C,8.0,14.0,True,False
7,CHOWPOUROMA,Laurientè,A,7.0,10.0,True,False
7,CHOWPOUROMA,Kean,A,5.5,5.5,True,False
7,CHOWPOUROMA,Soulè,A,6.0,6.0,True,False
7,CHOWPOUROMA,Siegrist,P,,,False,True
7,CHOWPOUROMA,Sommariva,P,,,False,True
7,CHOWPOUROMA,Dia,A,5.5,5.5,False,True
7,CHOWPOUROMA,Dzeko,A,6.0,6.0,False,True
7,CHOWPOUROMA,Buffon L.,A,,,False,True
7,CHOWPOUROMA,Volpato,C,7.0,8.0,True,True
7,CHOWPOUROMA,Kostic,C,6.5,6.5,False,True
7,CHOWPOUROMA,Ndour,C,5.5,5.5,False,True
7,CHOWPOUROMA,Tiago Gabriel,D,6.0,6.0,True,True
7,CHOWPOUROMA,Tavares N.,D,,,False,True
7,CHOWPOUROMA,Gabbia,D,6.0,5.5,True,True
7,CHOWPOUROMA,Lucumì,D,6.5,6.5,False,True
7,CHOWPOUROMA,Calabresi,D,6.0,6.0,False,True
7,CHOWPOUROMA,De Bruyne,C,,,False,True
7,HIGHRIVER,Skorupski,P,6.0,7.0,True,False
7,HIGHRIVER,Dodò,D,5.5,5.5,True,False
7,HIGHRIVER,Dimarco,D,6.5,6.5,True,False
7,HIGHRIVER,Bellanova,D,6.0,6.0,True,False
7,HIGHRIVER,Maldini,C,,,False,False
7,HIGHRIVER,Isaksen,C,5.5,5.5,True,False
7,HIGHRIVER,Loftus-Cheek,C,6.0,6.0,True,False
7,HIGHRIVER,Odgaard,C,5.5,5.0,True,False
7,HIGHRIVER,Yildiz,A,7.0,9.0,True,False
7,HIGHRIVER,Thuram,A,,,False,False
7,HIGHRIVER,Dominguez B.,A,5.5,5.5,True,False
7,HIGHRIVER,Milinkovic-Savic V.,P,7.0,10.0,False,True
7,HIGHRIVER,Ravaglia F.,P,,,False,True
7,HIGHRIVER,Luperto,D,,,False,True
7,HIGHRIVER,Darmian,D,,,False,True
7,HIGHRIVER,Pierotti,C,5.5,5.5,True,True
7,HIGHRIVER,Keita M.,C,,,False,True
7,HIGHRIVER,Ilkhan,C,,,False,True
7,HIGHRIVER,Adams C.,A,5.5,5.5,True,True
7,HIGHRIVER,Milik,A,,,False,True
7,HIGHRIVER,Sernicola,D,,,False,True
7,HIGHRIVER,Ndaba,D,,,False,True
7,BATIGOAL,Maignan,P,6.5,5.5,True,False
7,BATIGOAL,Rensch,D,5.5,5.5,True,False
7,BATIGOAL,Norton-Cuffy,D,5.5,5.5,True,False
7,BATIGOAL,Vasquez,D,6.0,6.0,True,False
7,BATIGOAL,Wesley,D,6.0,6.0,True,False
7,BATIGOAL,Zaccagni,C,6.0,6.0,True,False
7,BATIGOAL,Atta,C,6.0,6.0,True,False
7,BATIGOAL,Zambo Anguissa,C,7.0,11.0,True,False
7,BATIGOAL,Paz N.,C,6.0,5.5,True,False
7,BATIGOAL,Leao,A,5.5,5.5,True,False
7,BATIGOAL,Diao,A,5.5,5.5,True,False
7,BATIGOAL,Terracciano,P,,,False,True
7,BATIGOAL,Torriani,P,,,False,True
7,BATIGOAL,Vojvoda,D,7.0,10.0,False,True
7,BATIGOAL,Canestrelli,D,6.0,6.0,False,True
7,BATIGOAL,Cham,D,,,False,True
7,BATIGOAL,Lovik,D,,,False,True
7,BATIGOAL,Da Cunha,C,6.5,6.5,False,True
7,BATIGOAL,Asllani,C,,,False,True
7,BATIGOAL,Iannoni,C,,,False,True
7,BATIGOAL,Stanciu,C,,,False,True
7,BATIGOAL,Borrelli,A,5.5,5.5,False,True
7,BATIGOAL,Ekhator,A,5.0,5.0,False,True
7,BATIGOAL,Bayo V.,A,5.5,5.5,False,True
7,BATIGOAL,Colombo,A,5.5,5.5,False,True
8,TEAM DELVECCHIO23,Suzuki,P,6.0,3.0,True,False
8,TEAM DELVECCHIO23,Buongiorno,D,6.0,6.0,True,False
8,TEAM DELVECCHIO23,De Vrij,D,,,False,False
8,TEAM DELVECCHIO23,Tomori,D,,,False,False
8,TEAM DELVECCHIO23,Frattesi,C,,,False,False
8,TEAM DELVECCHIO23,Konè M.,C,6.0,6.0,True,False
8,TEAM DELVECCHIO23,Saelemaekers,C,6.5,6.5,True,False
8,TEAM DELVECCHIO23,Bondo,C,5.5,5.5,True,False
8,TEAM DELVECCHIO23,Scamacca,A,5.5,5.5,True,False
8,TEAM DELVECCHIO23,Dovbyk,A,5.5,5.5,True,False
8,TEAM DELVECCHIO23,Rodriguez Je.,A,,,False,False
8,TEAM DELVECCHIO23,Mancini,D,5.5,5.0,True,True
8,TEAM DELVECCHIO23,Celik,D,6.0,5.5,True,True
8,TEAM DELVECCHIO23,N'Dicka,D,5.5,5.5,False,True
8,TEAM DELVECCHIO23,Ostigard,D,7.0,11.0,False,True
8,TEAM DELVECCHIO23,Floriani Mussolini,D,5.5,5.5,False,True
8,TEAM DELVECCHIO23,Bonazzoli,A,5.5,5.5,True,True
8,TEAM DELVECCHIO23,Esposito F.P.,A,6.0,6.0,False,True
8,TEAM DELVECCHIO23,Ferguson E.,A,,,False,True
8,TEAM DELVECCHIO23,Ederson D.S.,C,5.5,5.0,True,True
8,TEAM DELVECCHIO23,Thorstvedt,C,6.5,6.5,False,True
8,TEAM DELVECCHIO23,Pisilli,C,,,False,True
8,TEAM DELVECCHIO23,Payero,C,6.0,6.0,False,True
8,TEAM DELVECCHIO23,Rinaldi,P,,,False,True
8,TEAM DELVECCHIO23,Corvi,P,,,False,True
8,BATIGOAL,Maignan,P,7.0,10.0,True,False
8,BATIGOAL,Vasquez,D,6.5,6.5,True,False
8,BATIGOAL,Norton-Cuffy,D,7.0,7.0,True,False
8,BATIGOAL,Wesley,D,6.0,5.5,True,False
8,BATIGOAL,Zaccagni,C,7.0,10.0,True,False
8,BATIGOAL,Atta,C,7.0,7.0,True,False
8,BATIGOAL,Zambo Anguissa,C,6.0,5.5,True,False
8,BATIGOAL,Asllani,C,,,False,False
8,BATIGOAL,Paz N.,C,5.5,5.5,True,False
8,BATIGOAL,Leao,A,6.5,7.5,True,False
8,BATIGOAL,Diao,A,6.5,6.5,True,False
8,BATIGOAL,Terracciano,P,,,False,True
8,BATIGOAL,Torriani,P,,,False,True
8,BATIGOAL,Canestrelli,D,5.0,5.0,False,True
8,BATIGOAL,Vojvoda,D,,,False,True
8,BATIGOAL,Rensch,D,,,False,True
8,BATIGOAL,Cham,D,,,False,True
8,BATIGOAL,Lovik,D,,,False,True
8,BATIGOAL,Iannoni,C,,,False,True
8,BATIGOAL,Da Cunha,C,6.0,6.0,True,True
8,BATIGOAL,Stanciu,C,,,False,True
8,BATIGOAL,Borrelli,A,5.5,5.5,False,True
8,BATIGOAL,Ekhator,A,,,False,True
8,BATIGOAL,Bayo V.,A,6.0,6.0,False,True
8,BATIGOAL,Colombo,A,5.0,5.0,False,True
8,BUSHAOZI,Carnesecchi,P,6.5,5.5,True,False
8,BUSHAOZI,Terracciano F.,D,5.0,5.0,True,False
8,BUSHAOZI,Gila,D,6.5,6.5,True,False
8,BUSHAOZI,Dumfries,D,6.0,6.0,True,False
8,BUSHAOZI,Folorunsho,C,6.0,6.0,True,False
8,BUSHAOZI,McTominay,C,6.5,6.5,True,False
8,BUSHAOZI,Fofana Y.,C,5.5,5.0,True,False
8,BUSHAOZI,Pasalic,C,5.5,5.5,True,False
8,BUSHAOZI,Lookman,A,5.5,5.5,True,False
8,BUSHAOZI,Martinez L.,A,5.5,5.5,True,False
8,BUSHAOZI,Vlahovic,A,6.5,6.5,True,False
8,BUSHAOZI,Sportiello,P,,,False,True
8,BUSHAOZI,Rossi F.,P,,,False,True
8,BUSHAOZI,Bianchetti,D,5.5,5.0,False,True
8,BUSHAOZI,Martin,D,6.5,7.5,False,True
8,BUSHAOZI,Provstgaard,D,6.0,6.0,False,True
8,BUSHAOZI,Pezzella Giu.,D,,,False,True
8,BUSHAOZI,Aebischer,C,6.0,6.0,False,True
8,BUSHAOZI,Thuram K.,C,6.0,6.0,False,True
8,BUSHAOZI,Lobotka,C,,,False,True
8,BUSHAOZI,Meister,A,5.5,5.5,False,True
8,BUSHAOZI,Sanabria,A,,,False,True
8,BUSHAOZI,Arena A.,A,,,False,True
8,BUSHAOZI,Dele-Bashiru,C,,,False,True
8,TEAM SJ,Sommer,P,5.5,4.5,True,False
8,TEAM SJ,Hermoso,D,6.5,6.0,True,False
8,TEAM SJ,Bastoni,D,5.5,5.5,True,False
8,TEAM SJ,Ramon,D,6.5,6.5,True,False
8,TEAM SJ,Koopmeiners,C,6.0,6.0,True,False
8,TEAM SJ,Cristante,C,6.0,6.0,True,False
8,TEAM SJ,Perrone,C,6.0,5.5,True,False
8,TEAM SJ,Bailey,C,5.5,5.5,True,False
8,TEAM SJ,Dybala,A,5.0,3.0,True,False
8,TEAM SJ,Douvikas,A,,,False,False
8,TEAM SJ,Kuhn,A,,,False,False
8,TEAM SJ,Martinez Jo.,P,,,False,True
8,TEAM SJ,Di Gennaro,P,,,False,True
8,TEAM SJ,Davis K.,A,,,False,True
8,TEAM SJ,Addai,A,6.0,6.0,True,True
8,TEAM SJ,Morata,A,5.0,3.0,True,True
8,TEAM SJ,El Aynaoui,C,6.0,5.5,False,True
8,TEAM SJ,Tramoni M.,C,,,False,True
8,TEAM SJ,Baturina,C,,,False,True
8,TEAM SJ,Vazquez,C,6.5,6.5,False,True
8,TEAM SJ,Barbieri,D,6.0,6.0,False,True
8,TEAM SJ,Tsimikas,D,,,False,True
8,TEAM SJ,Ghilardi,D,,,False,True
8,TEAM SJ,Scalvini,D,,,False,True
8,TEAM SJ,Bremer,D,,,False,True
8,CHOWPOUROMA,Leali,P,6.0,5.0,True,False
8,CHOWPOUROMA,Cambiaso,D,7.0,11.0,True,False
8,CHOWPOUROMA,Estupinan,D,,,False,False
8,CHOWPOUROMA,Acerbi,D,,,False,False
8,CHOWPOUROMA,Gabbia,D,6.5,6.5,True,False
8,CHOWPOUROMA,Berisha M.,C,7.0,11.0,True,False
8,CHOWPOUROMA,Conceicao,C,6.0,6.0,True,False
8,CHOWPOUROMA,Calhanoglu,C,7.0,8.0,True,False
8,CHOWPOUROMA,Laurientè,A,6.0,6.0,True,False
8,CHOWPOUROMA,Kean,A,5.0,4.5,True,False
8,CHOWPOUROMA,Soulè,A,6.0,6.0,True,False
8,CHOWPOUROMA,Siegrist,P,,,False,True
8,CHOWPOUROMA,Sommariva,P,,,False,True
8,CHOWPOUROMA,Dia,A,5.0,5.0,False,True
8,CHOWPOUROMA,Dzeko,A,5.0,5.0,False,True
8,CHOWPOUROMA,Buffon L.,A,,,False,True
8,CHOWPOUROMA,Volpato,C,,,False,True
8,CHOWPOUROMA,Kostic,C,7.0,10.0,False,True
8,CHOWPOUROMA,De Roon,C,,,False,True
8,CHOWPOUROMA,Ndour,C,4.5,4.5,False,True
8,CHOWPOUROMA,Tiago Gabriel,D,6.5,6.5,True,True
8,CHOWPOUROMA,Tavares N.,D,,,False,True
8,CHOWPOUROMA,Lucumì,D,6.0,6.0,True,True
8,CHOWPOUROMA,Calabresi,D,6.0,6.0,False,True
8,CHOWPOUROMA,De Bruyne,C,,,False,True
8,FC MCDONALD,Provedel,P,6.0,7.0,True,False
8,FC MCDONALD,Zappacosta,D,5.5,5.5,True,False
8,FC MCDONALD,Angori,D,6.0,6.0,True,False
8,FC MCDONALD,Di Lorenzo,D,5.5,5.5,True,False
8,FC MCDONALD,Pellegrini Lo.,C,6.0,6.0,True,False
8,FC MCDONALD,Zalewski,C,5.0,5.0,True,False
8,FC MCDONALD,Modric,C,6.5,6.5,True,False
8,FC MCDONALD,Prati,C,5.0,5.0,True,False
8,FC MCDONALD,Berardi,A,7.0,10.0,True,False
8,FC MCDONALD,David,A,,,False,False
8,FC MCDONALD,Giovane,A,7.0,10.0,True,False
8,FC MCDONALD,Mandas,P,,,False,True
8,FC MCDONALD,Vitik,D,,,False,True
8,FC MCDONALD,Viti,D,,,False,True
8,FC MCDONALD,Zemura,D,,,False,True
8,FC MCDONALD,Doig,D,5.5,5.5,False,True
8,FC MCDONALD,Van Der Brempt,D,,,False,True
8,FC MCDONALD,Gudmundsson A.,C,5.5,5.5,False,True
8,FC MCDONALD,Matic,C,6.5,6.5,False,True
8,FC MCDONALD,Deiola,C,,,False,True
8,FC MCDONALD,Zarraga,C,,,False,True
8,FC MCDONALD,Ngonge,A,6.0,6.0,True,True
8,FC MCDONALD,Pedro,A,,,False,True
8,FC MCDONALD,Openda,A,6.0,6.0,False,True
8,GALLIFREY,De Gea,P,6.0,5.0,True,False
8,GALLIFREY,Miranda J.,D,7.0,10.0,True,False
8,GALLIFREY,Solet,D,6.5,6.5,True,False
8,GALLIFREY,Carlos Augusto,D,6.0,6.0,True,False
8,GALLIFREY,El Shaarawy,C,,,False,False
8,GALLIFREY,Frendrup,C,6.0,6.0,True,False
8,GALLIFREY,Sucic P.,C,5.5,5.5,True,False
8,GALLIFREY,Barella,C,6.5,6.5,True,False
8,GALLIFREY,Bonny,A,5.5,5.5,True,False
8,GALLIFREY,Hojlund,A,5.5,5.5,True,False
8,GALLIFREY,De Ketelaere,A,5.5,5.0,True,False
8,GALLIFREY,Lezzerini,P,,,False,True
8,GALLIFREY,Martinelli T.,P,,,False,True
8,GALLIFREY,Akanji,D,6.0,6.0,False,True
8,GALLIFREY,Valle,D,6.0,6.0,False,True
8,GALLIFREY,Kelly L.,D,,,False,True
8,GALLIFREY,Lykogiannis,D,,,False,True
8,GALLIFREY,Angelino,D,,,False,True
8,GALLIFREY,Neres,C,5.5,5.5,True,True
8,GALLIFREY,Vandeputte,C,6.0,6.0,False,True
8,GALLIFREY,Casadei,C,5.5,5.0,False,True
8,GALLIFREY,Pulisic,C,,,False,True
8,GALLIFREY,Esposito Se.,A,5.5,5.5,False,True
8,GALLIFREY,Lucca,A,,,False,True
8,GALLIFREY,Zapata D.,A,5.5,5.5,False,True
8,HIGHRIVER,Skorupski,P,6.0,5.0,True,False
8,HIGHRIVER,Dodò,D,5.5,5.5,True,False
8,HIGHRIVER,Dimarco,D,6.0,6.0,True,False
8,HIGHRIVER,Bellanova,D,6.0,6.0,True,False
8,HIGHRIVER,Maldini,C,,,False,False
8,HIGHRIVER,Isaksen,C,7.0,11.0,True,False
8,HIGHRIVER,Loftus-Cheek,C,,,False,False
8,HIGHRIVER,Odgaard,C,6.0,6.0,True,False
8,HIGHRIVER,Yildiz,A,,,False,False
8,HIGHRIVER,Thuram,A,,,False,False
8,HIGHRIVER,Dominguez B.,A,,,False,False
8,HIGHRIVER,Milinkovic-Savic V.,P,7.0,10.0,False,True
8,HIGHRIVER,Ravaglia F.,P,,,False,True
8,HIGHRIVER,Luperto,D,5.0,5.0,False,True
8,HIGHRIVER,Darmian,D,,,False,True
8,HIGHRIVER,Pierotti,C,6.0,6.0,True,True
8,HIGHRIVER,Keita M.,C,5.5,5.5,True,True
8,HIGHRIVER,Ilkhan,C,,,False,True
8,HIGHRIVER,Adams C.,A,7.0,11.0,True,True
8,HIGHRIVER,Milik,A,,,False,True
8,HIGHRIVER,Sernicola,D,,,False,True
8,HIGHRIVER,Ndaba,D,,,False,True
8,SUMMERED,Svilar,P,7.0,6.0,True,False
8,SUMMERED,Gutierrez,D,6.0,6.0,True,False
8,SUMMERED,Djimsiti,D,6.0,6.0,True,False
8,SUMMERED,Bisseck,D,6.0,5.5,True,False
8,SUMMERED,Palestra,D,6.0,6.0,True,False
8,SUMMERED,Vlasic,C,5.5,5.5,True,False
8,SUMMERED,Locatelli,C,7.0,7.0,True,False
8,SUMMERED,Rowe,C,6.5,6.5,True,False
8,SUMMERED,Stulic,A,6.0,6.0,True,False
8,SUMMERED,Castro S.,A,7.5,14.0,True,False
8,SUMMERED,Vardy,A,7.0,10.0,True,False
8,SUMMERED,Vasquez D.,P,,,False,True
8,SUMMERED,Gollini,P,,,False,True
8,SUMMERED,Zortea,D,,,False,True
8,SUMMERED,Delprato,D,5.5,5.5,False,True
8,SUMMERED,Gosens,D,,,False,True
8,SUMMERED,Pavlovic,D,7.5,11.5,False,True
8,SUMMERED,Tourè I.,C,6.0,6.0,False,True
8,SUMMERED,Carboni V.,C,,,False,True
8,SUMMERED,Serdar,C,,,False,True
8,SUMMERED,Oristanio,C,,,False,True
8,SUMMERED,Rabiot,C,,,False,True
8,SUMMERED,Pellegrino M.,A,6.0,6.0,False,True
8,SUMMERED,Krstovic,A,5.0,4.5,False,True
8,SUMMERED,Gimenez,A,,,False,True
8,ZDENEK ZEMAN,Di Gregorio,P,6.0,5.0,True,False
8,ZDENEK ZEMAN,Kalulu,D,6.5,6.5,True,False
8,ZDENEK ZEMAN,Rrahmani,D,6.5,6.5,True,False
8,ZDENEK ZEMAN,Olivera,D,,,False,False
8,ZDENEK ZEMAN,Gatti,D,5.0,5.0,True,False
8,ZDENEK ZEMAN,Politano,C,5.5,5.0,True,False
8,ZDENEK ZEMAN,Bernabè,C,7.0,10.0,True,False
8,ZDENEK ZEMAN,Mandragora,C,5.0,5.0,True,False
8,ZDENEK ZEMAN,Orsolini,C,6.0,6.0,True,False
8,ZDENEK ZEMAN,Cutrone,A,5.5,5.5,True,False
8,ZDENEK ZEMAN,Pinamonti,A,5.5,5.5,True,False
8,ZDENEK ZEMAN,Castellanos,A,,,False,True
8,ZDENEK ZEMAN,Cancellieri,A,,,False,True
8,ZDENEK ZEMAN,Nkunku,A,5.5,5.5,False,True
8,ZDENEK ZEMAN,Benedyczak,A,6.0,6.0,False,True
8,ZDENEK ZEMAN,Rovella,C,,,False,True
8,ZDENEK ZEMAN,Mkhitaryan,C,,,False,True
8,ZDENEK ZEMAN,Zerbin,C,,,False,True
8,ZDENEK ZEMAN,Zhegrova,C,,,False,True
8,ZDENEK ZEMAN,Valeri,D,,,False,True
8,ZDENEK ZEMAN,Gaspar K.,D,6.5,6.5,True,True
8,ZDENEK ZEMAN,Joao Mario,D,,,False,True
8,ZDENEK ZEMAN,Baschirotto,D,5.5,5.5,False,True
8,ZDENEK ZEMAN,Pinsoglio,P,,,False,True
8,ZDENEK ZEMAN,Perin,P,,,False,True
9,FC MCDONALD,Provedel,P,6.0,4.0,True,False
9,FC MCDONALD,Zappacosta,D,5.0,5.0,True,False
9,FC MCDONALD,Angori,D,,,False,False
9,FC MCDONALD,Di Lorenzo,D,5.0,5.0,True,False
9,FC MCDONALD,Pellegrini Lo.,C,7.0,9.5,True,False
9,FC MCDONALD,Zalewski,C,,,False,False
9,FC MCDONALD,Modric,C,6.0,5.5,True,False
9,FC MCDONALD,Prati,C,6.0,5.5,True,False
9,FC MCDONALD,Berardi,A,8.5,15.5,True,False
9,FC MCDONALD,David,A,5.5,5.5,True,False
9,FC MCDONALD,Giovane,A,5.5,5.5,True,False
9,FC MCDONALD,Mandas,P,,,False,True
9,FC MCDONALD,Vitik,D,,,False,True
9,FC MCDONALD,Viti,D,6.0,6.0,True,True
9,FC MCDONALD,Zemura,D,,,False,True
9,FC MCDONALD,Doig,D,,,False,True
9,FC MCDONALD,Van Der Brempt,D,,,False,True
9,FC MCDONALD,Gudmundsson A.,C,7.0,9.0,True,True
9,FC MCDONALD,Matic,C,7.0,7.0,False,True
9,FC MCDONALD,Deiola,C,,,False,True
9,FC MCDONALD,Zarraga,C,,,False,True
9,FC MCDONALD,Ngonge,A,6.0,6.0,False,True
9,FC MCDONALD,Pedro,A,6.0,6.0,False,True
9,FC MCDONALD,Openda,A,,,False,True
9,SUMMERED,Svilar,P,6.5,7.5,True,False
9,SUMMERED,Bisseck,D,,,False,False
9,SUMMERED,Pavlovic,D,5.5,5.5,True,False
9,SUMMERED,Djimsiti,D,5.0,5.0,True,False
9,SUMMERED,Zortea,D,,,False,False
9,SUMMERED,Tourè I.,C,7.0,11.0,True,False
9,SUMMERED,Locatelli,C,6.0,6.0,True,False
9,SUMMERED,Rowe,C,6.0,6.0,True,False
9,SUMMERED,Vardy,A,5.5,5.5,True,False
9,SUMMERED,Castro S.,A,,,False,False
9,SUMMERED,Stulic,A,5.5,5.5,True,False
9,SUMMERED,Vasquez D.,P,,,False,True
9,SUMMERED,Gollini,P,,,False,True
9,SUMMERED,Delprato,D,7.5,11.5,True,True
9,SUMMERED,Palestra,D,6.5,6.5,True,True
9,SUMMERED,Gutierrez,D,5.5,5.5,False,True
9,SUMMERED,Gosens,D,,,False,True
9,SUMMERED,Carboni V.,C,6.0,6.0,False,True
9,SUMMERED,Vlasic,C,6.0,6.0,False,True
9,SUMMERED,Rabiot,C,,,False,True
9,SUMMERED,Serdar,C,,,False,True
9,SUMMERED,Oristanio,C,,,False,True
9,SUMMERED,Pellegrino M.,A,6.5,6.5,True,True
9,SUMMERED,Krstovic,A,5.0,5.0,False,True
9,SUMMERED,Gimenez,A,,,False,True
9,TEAM SJ,Sommer,P,6.0,7.0,True,False
9,TEAM SJ,Hermoso,D,6.5,6.5,True,False
9,TEAM SJ,Bastoni,D,6.5,7.5,True,False
9,TEAM SJ,Ramon,D,6.5,6.5,True,False
9,TEAM SJ,Barbieri,D,5.5,5.5,True,False
9,TEAM SJ,Cristante,C,6.5,6.0,True,False
9,TEAM SJ,Perrone,C,5.5,5.0,True,False
9,TEAM SJ,Koopmeiners,C,6.0,6.0,True,False
9,TEAM SJ,Vazquez,C,6.5,6.5,True,False
9,TEAM SJ,Addai,A,6.0,5.5,True,False
9,TEAM SJ,Douvikas,A,5.5,5.5,True,False
9,TEAM SJ,Martinez Jo.,P,,,False,True
9,TEAM SJ,Morata,A,4.5,4.0,False,True
9,TEAM SJ,Kuhn,A,6.0,6.0,False,True
9,TEAM SJ,Davis K.,A,6.0,6.0,False,True
9,TEAM SJ,El Aynaoui,C,6.0,6.0,False,True
9,TEAM SJ,Tramoni M.,C,6.5,7.5,False,True
9,TEAM SJ,Baturina,C,5.5,5.5,False,True
9,TEAM SJ,Tsimikas,D,,,False,True
9,TEAM SJ,Ghilardi,D,,,False,True
9,TEAM SJ,Di Gennaro,P,,,False,True
9,TEAM SJ,Dybala,A,,,False,True
9,TEAM SJ,Bremer,D,,,False,True
9,TEAM SJ,Scalvini,D,,,False,True
9,TEAM SJ,Bailey,C,,,False,True
9,TEAM DELVECCHIO23,Suzuki,P,5.5,3.5,True,False
9,TEAM DELVECCHIO23,Buongiorno,D,5.5,5.5,True,False
9,TEAM DELVECCHIO23,De Vrij,D,,,False,False
9,TEAM DELVECCHIO23,Tomori,D,,,False,False
9,TEAM DELVECCHIO23,Frattesi,C,,,False,False
9,TEAM DELVECCHIO23,Konè M.,C,6.5,6.5,True,False
9,TEAM DELVECCHIO23,Saelemaekers,C,7.0,10.0,True,False
9,TEAM DELVECCHIO23,Bondo,C,6.0,6.0,True,False
9,TEAM DELVECCHIO23,Scamacca,A,5.5,5.5,True,False
9,TEAM DELVECCHIO23,Dovbyk,A,6.0,6.0,True,False
9,TEAM DELVECCHIO23,Rodriguez Je.,A,6.0,6.0,True,False
9,TEAM DELVECCHIO23,Mancini,D,6.5,7.5,True,True
9,TEAM DELVECCHIO23,Celik,D,7.0,10.0,True,True
9,TEAM DELVECCHIO23,N'Dicka,D,6.0,6.0,False,True
9,TEAM DELVECCHIO23,Ostigard,D,7.0,10.5,False,True
9,TEAM DELVECCHIO23,Floriani Mussolini,D,6.0,6.0,False,True
9,TEAM DELVECCHIO23,Bonazzoli,A,6.0,6.0,False,True
9,TEAM DELVECCHIO23,Esposito F.P.,A,,,False,True
9,TEAM DELVECCHIO23,Ferguson E.,A,,,False,True
9,TEAM DELVECCHIO23,Ederson D.S.,C,5.5,5.5,True,True
9,TEAM DELVECCHIO23,Thorstvedt,C,6.5,7.5,False,True
9,TEAM DELVECCHIO23,Pisilli,C,,,False,True
9,TEAM DELVECCHIO23,Payero,C,5.5,5.5,False,True
9,TEAM DELVECCHIO23,Rinaldi,P,,,False,True
9,TEAM DELVECCHIO23,Corvi,P,,,False,True
9,BATIGOAL,Maignan,P,6.0,4.0,True,False
9,BATIGOAL,Norton-Cuffy,D,6.0,6.0,True,False
9,BATIGOAL,Vasquez,D,5.5,5.5,True,False
9,BATIGOAL,Canestrelli,D,6.0,6.0,True,False
9,BATIGOAL,Wesley,D,6.0,6.0,True,False
9,BATIGOAL,Zaccagni,C,6.5,6.0,True,False
9,BATIGOAL,Atta,C,5.5,5.5,True,False
9,BATIGOAL,Zambo Anguissa,C,5.5,5.5,True,False
9,BATIGOAL,Paz N.,C,6.5,6.5,True,False
9,BATIGOAL,Leao,A,7.0,9.0,True,False
9,BATIGOAL,Diao,A,5.0,5.0,True,False
9,BATIGOAL,Terracciano,P,,,False,True
9,BATIGOAL,Torriani,P,,,False,True
9,BATIGOAL,Vojvoda,D,,,False,True
9,BATIGOAL,Rensch,D,,,False,True
9,BATIGOAL,Cham,D,,,False,True
9,BATIGOAL,Lovik,D,5.5,5.5,False,True
9,BATIGOAL,Da Cunha,C,,,False,True
9,BATIGOAL,Asllani,C,6.0,5.5,False,True
9,BATIGOAL,Stanciu,C,,,False,True
9,BATIGOAL,Iannoni,C,,,False,True
9,BATIGOAL,Borrelli,A,5.5,5.5,False,True
9,BATIGOAL,Colombo,A,5.5,7.5,False,True
9,BATIGOAL,Ekhator,A,6.0,6.0,False,True
9,BATIGOAL,Bayo V.,A,,,False,True
9,GALLIFREY,De Gea,P,6.5,6.5,True,False
9,GALLIFREY,Miranda J.,D,6.5,6.5,True,False
9,GALLIFREY,Valle,D,6.5,6.5,True,False
9,GALLIFREY,Carlos Augusto,D,6.5,6.5,True,False
9,GALLIFREY,Akanji,D,6.0,5.5,True,False
9,GALLIFREY,El Shaarawy,C,6.0,6.0,True,False
9,GALLIFREY,Vandeputte,C,6.5,6.5,True,False
9,GALLIFREY,Barella,C,6.5,6.5,True,False
9,GALLIFREY,Pulisic,C,5.5,5.5,True,False
9,GALLIFREY,Hojlund,A,5.0,4.5,True,False
9,GALLIFREY,De Ketelaere,A,5.5,5.5,True,False
9,GALLIFREY,Lezzerini,P,,,False,True
9,GALLIFREY,Martinelli T.,P,,,False,True
9,GALLIFREY,Solet,D,5.5,5.5,False,True
9,GALLIFREY,Kelly L.,D,,,False,True
9,GALLIFREY,Lykogiannis,D,,,False,True
9,GALLIFREY,Angelino,D,,,False,True
9,GALLIFREY,Neres,C,5.5,5.0,False,True
9,GALLIFREY,Sucic P.,C,6.0,5.5,False,True
9,GALLIFREY,Frendrup,C,6.0,6.0,False,True
9,GALLIFREY,Casadei,C,6.0,6.0,False,True
9,GALLIFREY,Bonny,A,7.0,10.0,False,True
9,GALLIFREY,Esposito Se.,A,5.5,5.5,False,True
9,GALLIFREY,Lucca,A,,,False,True
9,GALLIFREY,Zapata D.,A,,,False,True
9,ZDENEK ZEMAN,Di Gregorio,P,6.5,7.5,True,False
9,ZDENEK ZEMAN,Kalulu,D,6.5,6.5,True,False
9,ZDENEK ZEMAN,Baschirotto,D,5.5,5.5,True,False
9,ZDENEK ZEMAN,Rrahmani,D,5.0,5.0,True,False
9,ZDENEK ZEMAN,Gaspar K.,D,6.0,6.0,True,False
9,ZDENEK ZEMAN,Gatti,D,6.0,6.0,True,False
9,ZDENEK ZEMAN,Politano,C,5.0,5.0,True,False
9,ZDENEK ZEMAN,Bernabè,C,7.0,10.0,True,False
9,ZDENEK ZEMAN,Mandragora,C,5.5,5.5,True,False
9,ZDENEK ZEMAN,Orsolini,C,6.0,5.5,True,False
9,ZDENEK ZEMAN,Nkunku,A,6.0,7.0,True,False
9,ZDENEK ZEMAN,Castellanos,A,,,False,True
9,ZDENEK ZEMAN,Cancellieri,A,,,False,True
9,ZDENEK ZEMAN,Pinamonti,A,7.5,10.5,False,True
9,ZDENEK ZEMAN,Benedyczak,A,,,False,True
9,ZDENEK ZEMAN,Cutrone,A,6.0,6.0,False,True
9,ZDENEK ZEMAN,Rovella,C,,,False,True
9,ZDENEK ZEMAN,Mkhitaryan,C,,,False,True
9,ZDENEK ZEMAN,Zerbin,C,,,False,True
9,ZDENEK ZEMAN,Zhegrova,C,6.0,6.0,False,True
9,ZDENEK ZEMAN,Valeri,D,6.0,6.0,False,True
9,ZDENEK ZEMAN,Olivera,D,,,False,True
9,ZDENEK ZEMAN,Joao Mario,D,,,False,True
9,ZDENEK ZEMAN,Pinsoglio,P,,,False,True
9,ZDENEK ZEMAN,Perin,P,,,False,True
9,BUSHAOZI,Carnesecchi,P,5.0,2.0,True,False
9,BUSHAOZI,Martin,D,6.5,7.0,True,False
9,BUSHAOZI,Terracciano F.,D,6.0,5.5,True,False
9,BUSHAOZI,Dumfries,D,5.5,5.0,True,False
9,BUSHAOZI,Folorunsho,C,5.5,5.5,True,False
9,BUSHAOZI,Pasalic,C,4.5,4.5,True,False
9,BUSHAOZI,McTominay,C,5.5,5.5,True,False
9,BUSHAOZI,Lobotka,C,5.5,5.5,True,False
9,BUSHAOZI,Thuram K.,C,6.5,6.5,True,False
9,BUSHAOZI,Vlahovic,A,5.5,5.5,True,False
9,BUSHAOZI,Martinez L.,A,7.0,11.0,True,False
9,BUSHAOZI,Sportiello,P,,,False,True
9,BUSHAOZI,Rossi F.,P,,,False,True
9,BUSHAOZI,Obert,D,5.5,5.5,False,True
9,BUSHAOZI,Gila,D,5.5,5.5,False,True
9,BUSHAOZI,Bianchetti,D,6.0,6.0,False,True
9,BUSHAOZI,Provstgaard,D,6.0,6.0,False,True
9,BUSHAOZI,Fofana Y.,C,5.0,5.0,False,True
9,BUSHAOZI,Aebischer,C,6.0,5.5,False,True
9,BUSHAOZI,Lookman,A,5.0,5.0,False,True
9,BUSHAOZI,Meister,A,,,False,True
9,BUSHAOZI,Arena A.,A,,,False,True
9,BUSHAOZI,Pezzella Giu.,D,,,False,True
9,BUSHAOZI,Sanabria,A,,,False,True
9,BUSHAOZI,Dele-Bashiru,C,,,False,True
9,HIGHRIVER,Skorupski,P,,,False,False
9,HIGHRIVER,Dodò,D,5.5,5.0,True,False
9,HIGHRIVER,Dimarco,D,7.0,8.0,True,False
9,HIGHRIVER,Bellanova,D,5.0,5.0,True,False
9,HIGHRIVER,Maldini,C,,,False,False
9,HIGHRIVER,Isaksen,C,5.5,5.5,True,False
9,HIGHRIVER,Loftus-Cheek,C,6.0,6.0,True,False
9,HIGHRIVER,Odgaard,C,6.0,6.0,True,False
9,HIGHRIVER,Yildiz,A,6.0,6.0,True,False
9,HIGHRIVER,Thuram,A,6.0,6.0,True,False
9,HIGHRIVER,Dominguez B.,A,,,False,False
9,HIGHRIVER,Milinkovic-Savic V.,P,5.5,3.5,True,True
9,HIGHRIVER,Ravaglia F.,P,,,False,True
9,HIGHRIVER,Luperto,D,6.5,6.5,False,True
9,HIGHRIVER,Darmian,D,,,False,True
9,HIGHRIVER,Pierotti,C,5.5,5.5,True,True
9,HIGHRIVER,Keita M.,C,5.5,5.5,False,True
9,HIGHRIVER,Ilkhan,C,,,False,True
9,HIGHRIVER,Adams C.,A,6.0,6.0,True,True
9,HIGHRIVER,Milik,A,,,False,True
9,HIGHRIVER,Sernicola,D,,,False,True
9,HIGHRIVER,Ndaba,D,,,False,True
9,CHOWPOUROMA,Leali,P,6.5,4.5,True,False
9,CHOWPOUROMA,Cambiaso,D,5.5,5.5,True,False
9,CHOWPOUROMA,Estupinan,D,5.0,5.0,True,False
9,CHOWPOUROMA,Acerbi,D,6.0,6.0,True,False
9,CHOWPOUROMA,Gabbia,D,6.0,6.0,True,False
9,CHOWPOUROMA,Berisha M.,C,6.0,6.0,True,False
9,CHOWPOUROMA,Conceicao,C,6.0,6.0,True,False
9,CHOWPOUROMA,Calhanoglu,C,6.5,6.5,True,False
9,CHOWPOUROMA,Laurientè,A,6.0,6.0,True,False
9,CHOWPOUROMA,Kean,A,,,False,False
9,CHOWPOUROMA,Soulè,A,6.0,6.0,True,False
9,CHOWPOUROMA,Siegrist,P,,,False,True
9,CHOWPOUROMA,Sommariva,P,,,False,True
9,CHOWPOUROMA,Dia,A,5.5,5.5,True,True
9,CHOWPOUROMA,Dzeko,A,6.0,6.0,False,True
9,CHOWPOUROMA,Buffon L.,A,,,False,True
9,CHOWPOUROMA,Volpato,C,,,False,True
9,CHOWPOUROMA,Kostic,C,,,False,True
9,CHOWPOUROMA,De Roon,C,,,False,True
9,CHOWPOUROMA,Ndour,C,6.0,6.0,False,True
9,CHOWPOUROMA,Tiago Gabriel,D,6.5,6.5,False,True
9,CHOWPOUROMA,Tavares N.,D,,,False,True
9,CHOWPOUROMA,Lucumì,D,7.5,10.5,False,True
9,CHOWPOUROMA,Calabresi,D,5.5,5.5,False,True
9,CHOWPOUROMA,De Bruyne,C,,,False,True
10,TEAM DELVECCHIO23,Corvi,P,6.5,5.5,True,False
10,TEAM DELVECCHIO23,N'Dicka,D,6.5,6.5,True,False
10,TEAM DELVECCHIO23,Mancini,D,6.0,6.0,True,False
10,TEAM DELVECCHIO23,Celik,D,6.5,6.5,True,False
10,TEAM DELVECCHIO23,Frattesi,C,,,False,False
10,TEAM DELVECCHIO23,Konè M.,C,6.5,7.5,True,False
10,TEAM DELVECCHIO23,Saelemaekers,C,6.5,6.5,True,False
10,TEAM DELVECCHIO23,Thorstvedt,C,7.0,10.5,True,False
10,TEAM DELVECCHIO23,Scamacca,A,7.0,10.0,True,False
10,TEAM DELVECCHIO23,Ferguson E.,A,7.0,11.0,True,False
10,TEAM DELVECCHIO23,Rodriguez Je.,A,7.0,9.0,True,False
10,TEAM DELVECCHIO23,Buongiorno,D,6.5,6.5,False,True
10,TEAM DELVECCHIO23,De Vrij,D,,,False,True
10,TEAM DELVECCHIO23,Tomori,D,6.5,6.5,False,True
10,TEAM DELVECCHIO23,Ostigard,D,6.5,9.5,False,True
10,TEAM DELVECCHIO23,Floriani Mussolini,D,5.5,5.5,False,True
10,TEAM DELVECCHIO23,Bonazzoli,A,6.0,6.0,False,True
10,TEAM DELVECCHIO23,Esposito F.P.,A,,,False,True
10,TEAM DELVECCHIO23,Dovbyk,A,,,False,True
10,TEAM DELVECCHIO23,Pisilli,C,,,False,True
10,TEAM DELVECCHIO23,Bondo,C,5.5,5.0,True,True
10,TEAM DELVECCHIO23,Ederson D.S.,C,6.0,6.0,False,True
10,TEAM DELVECCHIO23,Payero,C,5.5,5.0,False,True
10,TEAM DELVECCHIO23,Rinaldi,P,,,False,True
10,TEAM DELVECCHIO23,Suzuki,P,,,False,True
10,FC MCDONALD,Provedel,P,6.5,7.5,True,False
10,FC MCDONALD,Zappacosta,D,5.5,5.0,True,False
10,FC MCDONALD,Angori,D,6.0,6.0,True,False
10,FC MCDONALD,Di Lorenzo,D,6.5,7.5,True,False
10,FC MCDONALD,Pellegrini Lo.,C,6.0,6.0,True,False
10,FC MCDONALD,Zalewski,C,6.0,6.0,True,False
10,FC MCDONALD,Modric,C,6.0,6.0,True,False
10,FC MCDONALD,Prati,C,5.5,5.0,True,False
10,FC MCDONALD,Berardi,A,5.5,5.5,True,False
10,FC MCDONALD,David,A,,,False,False
10,FC MCDONALD,Giovane,A,5.5,8.0,True,False
10,FC MCDONALD,Mandas,P,,,False,True
10,FC MCDONALD,Vitik,D,,,False,True
10,FC MCDONALD,Viti,D,,,False,True
10,FC MCDONALD,Zemura,D,6.0,6.0,False,True
10,FC MCDONALD,Doig,D,6.0,6.0,False,True
10,FC MCDONALD,Van Der Brempt,D,,,False,True
10,FC MCDONALD,Gudmundsson A.,C,6.0,6.0,False,True
10,FC MCDONALD,Matic,C,7.0,10.0,False,True
10,FC MCDONALD,Deiola,C,6.5,7.0,False,True
10,FC MCDONALD,Zarraga,C,,,False,True
10,FC MCDONALD,Ngonge,A,5.5,5.5,True,True
10,FC MCDONALD,Pedro,A,,,False,True
10,FC MCDONALD,Openda,A,,,False,True
10,TEAM SJ,Sommer,P,5.5,4.5,True,False
10,TEAM SJ,Barbieri,D,5.5,5.5,True,False
10,TEAM SJ,Bastoni,D,6.0,6.0,True,False
10,TEAM SJ,Ramon,D,7.0,10.0,True,False
10,TEAM SJ,Tramoni M.,C,5.0,5.0,True,False
10,TEAM SJ,Cristante,C,6.5,6.5,True,False
10,TEAM SJ,Perrone,C,7.5,9.5,True,False
10,TEAM SJ,Koopmeiners,C,5.5,5.5,True,False
10,TEAM SJ,Addai,A,7.5,14.5,True,False
10,TEAM SJ,Morata,A,6.0,6.0,True,False
10,TEAM SJ,Davis K.,A,5.5,5.5,True,False
10,TEAM SJ,Martinez Jo.,P,,,False,True
10,TEAM SJ,Kuhn,A,,,False,True
10,TEAM SJ,Douvikas,A,6.0,6.0,False,True
10,TEAM SJ,El Aynaoui,C,6.5,7.0,False,True
10,TEAM SJ,Vazquez,C,6.0,7.0,False,True
10,TEAM SJ,Baturina,C,6.5,9.5,False,True
10,TEAM SJ,Bailey,C,,,False,True
10,TEAM SJ,Tsimikas,D,,,False,True
10,TEAM SJ,Ghilardi,D,,,False,True
10,TEAM SJ,Di Gennaro,P,,,False,True
10,TEAM SJ,Dybala,A,,,False,True
10,TEAM SJ,Scalvini,D,,,False,True
10,TEAM SJ,Bremer,D,,,False,True
10,TEAM SJ,Hermoso,D,,,False,True
10,ZDENEK ZEMAN,Di Gregorio,P,6.0,5.0,True,False
10,ZDENEK ZEMAN,Valeri,D,6.0,6.0,True,False
10,ZDENEK ZEMAN,Rrahmani,D,6.0,6.0,True,False
10,ZDENEK ZEMAN,Gaspar K.,D,6.0,6.0,True,False
10,ZDENEK ZEMAN,Gatti,D,,,False,False
10,ZDENEK ZEMAN,Kalulu,D,6.0,6.0,True,False
10,ZDENEK ZEMAN,Politano,C,6.0,6.0,True,False
10,ZDENEK ZEMAN,Bernabè,C,6.0,6.0,True,False
10,ZDENEK ZEMAN,Orsolini,C,6.0,5.0,True,False
10,ZDENEK ZEMAN,Pinamonti,A,5.0,5.0,True,False
10,ZDENEK ZEMAN,Cutrone,A,6.0,6.0,True,False
10,ZDENEK ZEMAN,Cancellieri,A,,,False,True
10,ZDENEK ZEMAN,Castellanos,A,,,False,True
10,ZDENEK ZEMAN,Nkunku,A,6.0,6.0,False,True
10,ZDENEK ZEMAN,Benedyczak,A,6.0,6.0,False,True
10,ZDENEK ZEMAN,Rovella,C,,,False,True
10,ZDENEK ZEMAN,Mkhitaryan,C,,,False,True
10,ZDENEK ZEMAN,Zhegrova,C,,,False,True
10,ZDENEK ZEMAN,Mandragora,C,7.0,10.5,False,True
10,ZDENEK ZEMAN,Zerbin,C,,,False,True
10,ZDENEK ZEMAN,Baschirotto,D,5.5,5.5,True,True
10,ZDENEK ZEMAN,Olivera,D,,,False,True
10,ZDENEK ZEMAN,Joao Mario,D,,,False,True
10,ZDENEK ZEMAN,Pinsoglio,P,,,False,True
10,ZDENEK ZEMAN,Perin,P,,,False,True
10,GALLIFREY,De Gea,P,6.5,5.5,True,False
10,GALLIFREY,Miranda J.,D,6.5,6.5,True,False
10,GALLIFREY,Valle,D,6.5,6.5,True,False
10,GALLIFREY,Solet,D,5.5,5.5,True,False
10,GALLIFREY,Pulisic,C,7.0,11.0,True,False
10,GALLIFREY,El Shaarawy,C,6.5,7.5,True,False
10,GALLIFREY,Vandeputte,C,5.5,5.5,True,False
10,GALLIFREY,Barella,C,6.0,6.0,True,False
10,GALLIFREY,Esposito Se.,A,7.0,10.0,True,False
10,GALLIFREY,Hojlund,A,6.5,7.5,True,False
10,GALLIFREY,De Ketelaere,A,6.0,6.0,True,False
10,GALLIFREY,Lezzerini,P,,,False,True
10,GALLIFREY,Martinelli T.,P,,,False,True
10,GALLIFREY,Akanji,D,5.5,5.5,False,True
10,GALLIFREY,Carlos Augusto,D,6.0,6.0,False,True
10,GALLIFREY,Kelly L.,D,5.5,5.5,False,True
10,GALLIFREY,Lykogiannis,D,,,False,True
10,GALLIFREY,Angelino,D,,,False,True
10,GALLIFREY,Neres,C,7.5,14.5,False,True
10,GALLIFREY,Sucic P.,C,6.0,6.0,False,True
10,GALLIFREY,Frendrup,C,6.5,6.5,False,True
10,GALLIFREY,Casadei,C,5.5,5.5,False,True
10,GALLIFREY,Bonny,A,5.5,5.5,False,True
10,GALLIFREY,Lucca,A,6.0,6.0,False,True
10,GALLIFREY,Zapata D.,A,5.0,5.0,False,True
10,CHOWPOUROMA,Leali,P,6.0,3.0,True,False
10,CHOWPOUROMA,Cambiaso,D,6.0,6.0,True,False
10,CHOWPOUROMA,Estupinan,D,,,False,False
10,CHOWPOUROMA,Acerbi,D,6.5,6.5,True,False
10,CHOWPOUROMA,Gabbia,D,6.0,6.0,True,False
10,CHOWPOUROMA,Berisha M.,C,5.5,5.5,True,False
10,CHOWPOUROMA,Conceicao,C,6.5,6.5,True,False
10,CHOWPOUROMA,Calhanoglu,C,4.5,2.0,True,False
10,CHOWPOUROMA,Laurientè,A,6.0,6.0,True,False
10,CHOWPOUROMA,Kean,A,7.0,8.0,True,False
10,CHOWPOUROMA,Soulè,A,7.0,10.0,True,False
10,CHOWPOUROMA,Siegrist,P,,,False,True
10,CHOWPOUROMA,Sommariva,P,,,False,True
10,CHOWPOUROMA,Dia,A,6.0,6.0,False,True
10,CHOWPOUROMA,Dzeko,A,,,False,True
10,CHOWPOUROMA,Buffon L.,A,,,False,True
10,CHOWPOUROMA,Volpato,C,6.5,7.5,False,True
10,CHOWPOUROMA,Kostic,C,7.0,10.0,False,True
10,CHOWPOUROMA,De Roon,C,5.5,5.0,False,True
10,CHOWPOUROMA,Ndour,C,6.0,6.0,False,True
10,CHOWPOUROMA,Tiago Gabriel,D,5.0,5.0,True,True
10,CHOWPOUROMA,Tavares N.,D,,,False,True
10,CHOWPOUROMA,Lucumì,D,,,False,True
10,CHOWPOUROMA,Calabresi,D,6.0,5.5,False,True
10,CHOWPOUROMA,De Bruyne,C,,,False,True
10,BATIGOAL,Maignan,P,8.0,11.0,True,False
10,BATIGOAL,Wesley,D,7.0,10.0,True,False
10,BATIGOAL,Vasquez,D,5.5,5.5,True,False
10,BATIGOAL,Canestrelli,D,6.0,6.0,True,False
10,BATIGOAL,Norton-Cuffy,D,4.5,3.5,True,False
10,BATIGOAL,Zaccagni,C,6.5,6.5,True,False
10,BATIGOAL,Atta,C,6.5,6.5,True,False
10,BATIGOAL,Paz N.,C,7.0,10.0,True,False
10,BATIGOAL,Leao,A,5.0,4.5,True,False
10,BATIGOAL,Borrelli,A,7.5,13.5,True,False
10,BATIGOAL,Colombo,A,6.5,7.5,True,False
10,BATIGOAL,Terracciano,P,,,False,True
10,BATIGOAL,Torriani,P,,,False,True
10,BATIGOAL,Vojvoda,D,6.0,6.0,False,True
10,BATIGOAL,Rensch,D,,,False,True
10,BATIGOAL,Cham,D,,,False,True
10,BATIGOAL,Lovik,D,5.5,5.5,False,True
10,BATIGOAL,Stanciu,C,,,False,True
10,BATIGOAL,Zambo Anguissa,C,,,False,True
10,BATIGOAL,Asllani,C,5.0,5.0,False,True
10,BATIGOAL,Da Cunha,C,7.0,7.0,False,True
10,BATIGOAL,Iannoni,C,,,False,True
10,BATIGOAL,Diao,A,,,False,True
10,BATIGOAL,Ekhator,A,,,False,True
10,BATIGOAL,Bayo V.,A,5.5,5.5,False,True
10,HIGHRIVER,Skorupski,P,,,False,False
10,HIGHRIVER,Dodò,D,5.5,5.5,True,False
10,HIGHRIVER,Dimarco,D,6.5,6.5,True,False
10,HIGHRIVER,Bellanova,D,6.0,7.0,True,False
10,HIGHRIVER,Maldini,C,,,False,False
10,HIGHRIVER,Isaksen,C,6.5,6.5,True,False
10,HIGHRIVER,Loftus-Cheek,C,,,False,False
10,HIGHRIVER,Odgaard,C,,,False,False
10,HIGHRIVER,Yildiz,A,6.0,6.0,True,False
10,HIGHRIVER,Thuram,A,6.5,6.5,True,False
10,HIGHRIVER,Dominguez B.,A,5.5,5.5,True,False
10,HIGHRIVER,Milinkovic-Savic V.,P,6.0,5.0,True,True
10,HIGHRIVER,Ravaglia F.,P,6.5,7.5,False,True
10,HIGHRIVER,Luperto,D,5.5,5.0,False,True
10,HIGHRIVER,Darmian,D,,,False,True
10,HIGHRIVER,Pierotti,C,6.0,6.0,True,True
10,HIGHRIVER,Keita M.,C,5.0,5.0,True,True
10,HIGHRIVER,Ilkhan,C,,,False,True
10,HIGHRIVER,Adams C.,A,,,False,True
10,HIGHRIVER,Milik,A,,,False,True
10,HIGHRIVER,Sernicola,D,,,False,True
10,HIGHRIVER,Ndaba,D,,,False,True
10,SUMMERED,Svilar,P,7.0,6.0,True,False
10,SUMMERED,Gutierrez,D,6.0,6.0,True,False
10,SUMMERED,Pavlovic,D,6.0,5.5,True,False
10,SUMMERED,Delprato,D,5.5,5.0,True,False
10,SUMMERED,Palestra,D,6.5,7.5,True,False
10,SUMMERED,Rabiot,C,6.5,6.5,True,False
10,SUMMERED,Locatelli,C,6.5,6.5,True,False
10,SUMMERED,Tourè I.,C,6.0,6.0,True,False
10,SUMMERED,Pellegrino M.,A,7.5,14.0,True,False
10,SUMMERED,Castro S.,A,5.5,5.5,True,False
10,SUMMERED,Krstovic,A,,,False,False
10,SUMMERED,Vasquez D.,P,,,False,True
10,SUMMERED,Gollini,P,,,False,True
10,SUMMERED,Zortea,D,6.0,6.0,False,True
10,SUMMERED,Bisseck,D,,,False,True
10,SUMMERED,Djimsiti,D,5.0,5.0,False,True
10,SUMMERED,Gosens,D,,,False,True
10,SUMMERED,Vlasic,C,7.0,9.0,False,True
10,SUMMERED,Oristanio,C,,,False,True
10,SUMMERED,Carboni V.,C,5.5,5.5,False,True
10,SUMMERED,Serdar,C,,,False,True
10,SUMMERED,Rowe,C,,,False,True
10,SUMMERED,Stulic,A,5.5,5.5,True,True
10,SUMMERED,Gimenez,A,,,False,True
10,SUMMERED,Vardy,A,5.0,5.0,False,True
10,BUSHAOZI,Carnesecchi,P,5.5,2.5,True,False
10,BUSHAOZI,Martin,D,6.5,10.5,True,False
10,BUSHAOZI,Terracciano F.,D,5.0,5.0,True,False
10,BUSHAOZI,Gila,D,6.0,6.0,True,False
10,BUSHAOZI,Pasalic,C,5.0,5.0,True,False
10,BUSHAOZI,Thuram K.,C,5.5,5.5,True,False
10,BUSHAOZI,McTominay,C,7.0,8.0,True,False
10,BUSHAOZI,Fofana Y.,C,6.5,6.5,True,False
10,BUSHAOZI,Vlahovic,A,5.5,6.0,True,False
10,BUSHAOZI,Martinez L.,A,6.0,6.0,True,False
10,BUSHAOZI,Lookman,A,5.5,5.5,True,False
10,BUSHAOZI,Sportiello,P,,,False,True
10,BUSHAOZI,Rossi F.,P,,,False,True
10,BUSHAOZI,Bianchetti,D,5.0,5.0,False,True
10,BUSHAOZI,Obert,D,,,False,True
10,BUSHAOZI,Pezzella Giu.,D,5.0,5.0,False,True
10,BUSHAOZI,Dumfries,D,,,False,True
10,BUSHAOZI,Provstgaard,D,,,False,True
10,BUSHAOZI,Lobotka,C,6.0,6.0,False,True
10,BUSHAOZI,Folorunsho,C,6.0,6.0,False,True
10,BUSHAOZI,Aebischer,C,5.5,5.5,False,True
10,BUSHAOZI,Dele-Bashiru,C,,,False,True
10,BUSHAOZI,Sanabria,A,,,False,True
10,BUSHAOZI,Meister,A,7.0,10.0,False,True
10,BUSHAOZI,Arena A.,A,,,False,True
11,BUSHAOZI,Carnesecchi,P,7.0,8.0,True,False
11,BUSHAOZI,Martin,D,6.5,6.5,True,False
11,BUSHAOZI,Terracciano F.,D,6.0,5.5,True,False
11,BUSHAOZI,Gila,D,5.5,5.5,True,False
11,BUSHAOZI,Pasalic,C,6.0,6.0,True,False
11,BUSHAOZI,Thuram K.,C,6.5,6.5,True,False
11,BUSHAOZI,McTominay,C,6.5,6.5,True,False
11,BUSHAOZI,Fofana Y.,C,6.0,6.0,True,False
11,BUSHAOZI,Vlahovic,A,6.0,6.0,True,False
11,BUSHAOZI,Martinez L.,A,7.5,14.5,True,False
11,BUSHAOZI,Lookman,A,7.0,10.0,True,False
11,BUSHAOZI,Sportiello,P,,,False,True
11,BUSHAOZI,Rossi F.,P,,,False,True
11,BUSHAOZI,Bianchetti,D,6.0,7.0,False,True
11,BUSHAOZI,Pezzella Giu.,D,6.0,5.5,False,True
11,BUSHAOZI,Obert,D,5.5,5.0,False,True
11,BUSHAOZI,Provstgaard,D,,,False,True
11,BUSHAOZI,Dumfries,D,,,False,True
11,BUSHAOZI,Lobotka,C,6.0,5.5,False,True
11,BUSHAOZI,Folorunsho,C,5.5,5.0,False,True
11,BUSHAOZI,Aebischer,C,5.0,5.0,False,True
11,BUSHAOZI,Dele-Bashiru,C,5.5,5.5,False,True
11,BUSHAOZI,Meister,A,6.0,6.0,False,True
11,BUSHAOZI,Sanabria,A,6.0,6.0,False,True
11,BUSHAOZI,Arena A.,A,,,False,True
11,TEAM DELVECCHIO23,Corvi,P,5.0,3.0,True,False
11,TEAM DELVECCHIO23,Ostigard,D,5.5,5.5,True,False
11,TEAM DELVECCHIO23,Tomori,D,6.5,7.0,True,False
11,TEAM DELVECCHIO23,Celik,D,6.0,6.0,True,False
11,TEAM DELVECCHIO23,Frattesi,C,,,False,False
11,TEAM DELVECCHIO23,Konè M.,C,5.0,5.0,True,False
11,TEAM DELVECCHIO23,Saelemaekers,C,6.5,6.5,True,False
11,TEAM DELVECCHIO23,Thorstvedt,C,6.0,6.0,True,False
11,TEAM DELVECCHIO23,Scamacca,A,6.0,6.0,True,False
11,TEAM DELVECCHIO23,Esposito F.P.,A,7.0,8.0,True,False
11,TEAM DELVECCHIO23,Rodriguez Je.,A,5.5,5.5,True,False
11,TEAM DELVECCHIO23,Buongiorno,D,6.5,6.5,False,True
11,TEAM DELVECCHIO23,De Vrij,D,,,False,True
11,TEAM DELVECCHIO23,Mancini,D,6.0,6.0,False,True
11,TEAM DELVECCHIO23,N'Dicka,D,5.5,5.0,False,True
11,TEAM DELVECCHIO23,Floriani Mussolini,D,,,False,True
11,TEAM DELVECCHIO23,Bonazzoli,A,6.5,7.5,False,True
11,TEAM DELVECCHIO23,Ferguson E.,A,5.5,5.5,False,True
11,TEAM DELVECCHIO23,Dovbyk,A,,,False,True
11,TEAM DELVECCHIO23,Ederson D.S.,C,6.0,6.0,True,True
11,TEAM DELVECCHIO23,Bondo,C,6.5,6.5,False,True
11,TEAM DELVECCHIO23,Pisilli,C,,,False,True
11,TEAM DELVECCHIO23,Payero,C,7.0,10.0,False,True
11,TEAM DELVECCHIO23,Rinaldi,P,,,False,True
11,TEAM DELVECCHIO23,Suzuki,P,,,False,True
11,FC MCDONALD,Provedel,P,6.0,5.0,True,False
11,FC MCDONALD,Zappacosta,D,6.5,6.5,True,False
11,FC MCDONALD,Angori,D,6.0,6.0,True,False
11,FC MCDONALD,Di Lorenzo,D,6.5,6.5,True,False
11,FC MCDONALD,Pellegrini Lo.,C,6.5,6.5,True,False
11,FC MCDONALD,Zalewski,C,6.0,6.0,True,False
11,FC MCDONALD,Modric,C,6.0,6.0,True,False
11,FC MCDONALD,Prati,C,6.0,5.5,True,False
11,FC MCDONALD,Berardi,A,6.0,6.0,True,False
11,FC MCDONALD,David,A,5.5,5.5,True,False
11,FC MCDONALD,Giovane,A,6.0,6.0,True,False
11,FC MCDONALD,Mandas,P,,,False,True
11,FC MCDONALD,Vitik,D,,,False,True
11,FC MCDONALD,Viti,D,,,False,True
11,FC MCDONALD,Zemura,D,6.0,6.0,False,True
11,FC MCDONALD,Doig,D,6.0,6.0,False,True
11,FC MCDONALD,Van Der Brempt,D,,,False,True
11,FC MCDONALD,Gudmundsson A.,C,5.5,5.5,False,True
11,FC MCDONALD,Matic,C,6.0,6.0,False,True
11,FC MCDONALD,Deiola,C,5.5,5.0,False,True
11,FC MCDONALD,Zarraga,C,,,False,True
11,FC MCDONALD,Ngonge,A,5.5,5.0,False,True
11,FC MCDONALD,Pedro,A,6.0,6.0,False,True
11,FC MCDONALD,Openda,A,,,False,True
11,TEAM SJ,Sommer,P,6.0,7.0,True,False
11,TEAM SJ,Barbieri,D,7.0,8.0,True,False
11,TEAM SJ,Bastoni,D,6.0,6.0,True,False
11,TEAM SJ,Ramon,D,6.0,5.5,True,False
11,TEAM SJ,Bailey,C,,,False,False
11,TEAM SJ,Cristante,C,5.0,4.5,True,False
11,TEAM SJ,Perrone,C,6.5,6.5,True,False
11,TEAM SJ,Koopmeiners,C,6.0,6.0,True,False
11,TEAM SJ,Dybala,A,6.0,6.0,True,False
11,TEAM SJ,Davis K.,A,7.5,9.0,True,False
11,TEAM SJ,Addai,A,5.5,5.5,True,False
11,TEAM SJ,Martinez Jo.,P,,,False,True
11,TEAM SJ,Douvikas,A,7.0,11.0,False,True
11,TEAM SJ,Kuhn,A,,,False,True
11,TEAM SJ,Morata,A,,,False,True
11,TEAM SJ,Baturina,C,6.0,6.0,True,True
11,TEAM SJ,El Aynaoui,C,6.0,6.0,False,True
11,TEAM SJ,Vazquez,C,,,False,True
11,TEAM SJ,Tramoni M.,C,5.5,5.5,False,True
11,TEAM SJ,Hermoso,D,6.0,6.0,False,True
11,TEAM SJ,Tsimikas,D,,,False,True
11,TEAM SJ,Ghilardi,D,,,False,True
11,TEAM SJ,Di Gennaro,P,,,False,True
11,TEAM SJ,Scalvini,D,,,False,True
11,TEAM SJ,Bremer,D,,,False,True
11,CHOWPOUROMA,Leali,P,6.5,5.5,True,False
11,CHOWPOUROMA,Cambiaso,D,6.0,5.5,True,False
11,CHOWPOUROMA,Estupinan,D,,,False,False
11,CHOWPOUROMA,Acerbi,D,6.0,5.5,True,False
11,CHOWPOUROMA,Gabbia,D,6.5,6.0,True,False
11,CHOWPOUROMA,Berisha M.,C,7.5,9.5,True,False
11,CHOWPOUROMA,Conceicao,C,6.5,6.5,True,False
11,CHOWPOUROMA,Calhanoglu,C,6.5,6.5,True,False
11,CHOWPOUROMA,Laurientè,A,5.5,5.5,True,False
11,CHOWPOUROMA,Kean,A,5.5,5.5,True,False
11,CHOWPOUROMA,Soulè,A,5.0,5.0,True,False
11,CHOWPOUROMA,Siegrist,P,,,False,True
11,CHOWPOUROMA,Sommariva,P,,,False,True
11,CHOWPOUROMA,Dia,A,5.5,5.5,False,True
11,CHOWPOUROMA,Dzeko,A,,,False,True
11,CHOWPOUROMA,Buffon L.,A,,,False,True
11,CHOWPOUROMA,Volpato,C,5.5,5.5,False,True
11,CHOWPOUROMA,Kostic,C,5.0,5.0,False,True
11,CHOWPOUROMA,De Roon,C,6.5,6.5,False,True
11,CHOWPOUROMA,Ndour,C,,,False,True
11,CHOWPOUROMA,Tiago Gabriel,D,6.0,6.0,True,True
11,CHOWPOUROMA,Tavares N.,D,,,False,True
11,CHOWPOUROMA,Lucumì,D,5.0,5.0,False,True
11,CHOWPOUROMA,Calabresi,D,,,False,True
11,CHOWPOUROMA,De Bruyne,C,,,False,True
11,BATIGOAL,Maignan,P,7.0,8.0,True,False
11,BATIGOAL,Vojvoda,D,6.0,6.0,True,False
11,BATIGOAL,Vasquez,D,6.5,6.5,True,False
11,BATIGOAL,Wesley,D,5.5,5.5,True,False
11,BATIGOAL,Zaccagni,C,6.0,5.5,True,False
11,BATIGOAL,Atta,C,6.0,5.5,True,False
11,BATIGOAL,Da Cunha,C,6.0,6.0,True,False
11,BATIGOAL,Paz N.,C,7.0,8.0,True,False
11,BATIGOAL,Leao,A,7.0,11.0,True,False
11,BATIGOAL,Borrelli,A,6.0,6.0,True,False
11,BATIGOAL,Colombo,A,7.0,10.0,True,False
11,BATIGOAL,Terracciano,P,,,False,True
11,BATIGOAL,Torriani,P,,,False,True
11,BATIGOAL,Canestrelli,D,5.5,5.5,False,True
11,BATIGOAL,Rensch,D,,,False,True
11,BATIGOAL,Cham,D,,,False,True
11,BATIGOAL,Lovik,D,,,False,True
11,BATIGOAL,Zambo Anguissa,C,,,False,True
11,BATIGOAL,Stanciu,C,,,False,True
11,BATIGOAL,Asllani,C,4.5,2.5,False,True
11,BATIGOAL,Iannoni,C,,,False,True
11,BATIGOAL,Diao,A,,,False,True
11,BATIGOAL,Ekhator,A,,,False,True
11,BATIGOAL,Bayo V.,A,,,False,True
11,ZDENEK ZEMAN,Di Gregorio,P,,,False,False
11,ZDENEK ZEMAN,Valeri,D,6.0,6.0,True,False
11,ZDENEK ZEMAN,Gatti,D,,,False,False
11,ZDENEK ZEMAN,Gaspar K.,D,6.5,6.5,True,False
11,ZDENEK ZEMAN,Rrahmani,D,7.0,7.0,True,False
11,ZDENEK ZEMAN,Kalulu,D,6.5,7.5,True,False
11,ZDENEK ZEMAN,Bernabè,C,5.5,5.5,True,False
11,ZDENEK ZEMAN,Mkhitaryan,C,,,False,False
11,ZDENEK ZEMAN,Orsolini,C,6.5,8.5,True,False
11,ZDENEK ZEMAN,Castellanos,A,6.0,6.0,True,False
11,ZDENEK ZEMAN,Pinamonti,A,5.0,5.0,True,False
11,ZDENEK ZEMAN,Cancellieri,A,,,False,True
11,ZDENEK ZEMAN,Cutrone,A,5.5,5.5,False,True
11,ZDENEK ZEMAN,Nkunku,A,5.0,5.0,False,True
11,ZDENEK ZEMAN,Benedyczak,A,,,False,True
11,ZDENEK ZEMAN,Rovella,C,,,False,True
11,ZDENEK ZEMAN,Zhegrova,C,,,False,True
11,ZDENEK ZEMAN,Mandragora,C,5.5,5.0,True,True
11,ZDENEK ZEMAN,Politano,C,6.0,6.0,False,True
11,ZDENEK ZEMAN,Zerbin,C,6.0,6.0,False,True
11,ZDENEK ZEMAN,Joao Mario,D,,,False,True
11,ZDENEK ZEMAN,Olivera,D,6.0,5.5,True,True
11,ZDENEK ZEMAN,Baschirotto,D,7.0,7.0,False,True
11,ZDENEK ZEMAN,Pinsoglio,P,,,False,True
11,ZDENEK ZEMAN,Perin,P,6.0,5.0,True,True
11,GALLIFREY,De Gea,P,6.5,4.5,True,False
11,GALLIFREY,Miranda J.,D,5.5,5.5,True,False
11,GALLIFREY,Valle,D,,,False,False
11,GALLIFREY,Carlos Augusto,D,,,False,False
11,GALLIFREY,Akanji,D,6.5,6.5,True,False
11,GALLIFREY,El Shaarawy,C,,,False,False
11,GALLIFREY,Vandeputte,C,6.5,6.5,True,False
11,GALLIFREY,Barella,C,6.5,7.5,True,False
11,GALLIFREY,Pulisic,C,,,False,False
11,GALLIFREY,Bonny,A,,,False,False
11,GALLIFREY,De Ketelaere,A,7.0,8.0,True,False
11,GALLIFREY,Lezzerini,P,,,False,True
11,GALLIFREY,Martinelli T.,P,,,False,True
11,GALLIFREY,Solet,D,6.5,6.5,True,True
11,GALLIFREY,Kelly L.,D,6.0,6.0,True,True
11,GALLIFREY,Lykogiannis,D,,,False,True
11,GALLIFREY,Angelino,D,,,False,True
11,GALLIFREY,Sucic P.,C,5.5,5.5,True,True
11,GALLIFREY,Frendrup,C,6.5,6.5,True,True
11,GALLIFREY,Neres,C,7.0,11.0,False,True
11,GALLIFREY,Casadei,C,5.5,5.0,False,True
11,GALLIFREY,Hojlund,A,6.5,7.5,True,True
11,GALLIFREY,Esposito Se.,A,7.0,10.0,False,True
11,GALLIFREY,Zapata D.,A,6.0,6.0,False,True
11,GALLIFREY,Lucca,A,,,False,True
11,HIGHRIVER,Skorupski,P,,,False,False
11,HIGHRIVER,Dodò,D,5.0,5.0,True,False
11,HIGHRIVER,Dimarco,D,6.0,6.0,True,False
11,HIGHRIVER,Bellanova,D,6.0,6.0,True,False
11,HIGHRIVER,Maldini,C,,,False,False
11,HIGHRIVER,Isaksen,C,6.0,6.0,True,False
11,HIGHRIVER,Loftus-Cheek,C,6.0,6.0,True,False
11,HIGHRIVER,Odgaard,C,5.0,5.0,True,False
11,HIGHRIVER,Yildiz,A,7.5,14.5,True,False
11,HIGHRIVER,Thuram,A,5.5,5.5,True,False
11,HIGHRIVER,Dominguez B.,A,5.5,5.5,True,False
11,HIGHRIVER,Milinkovic-Savic V.,P,6.5,7.5,True,True
11,HIGHRIVER,Ravaglia F.,P,6.0,3.0,False,True
11,HIGHRIVER,Luperto,D,5.5,5.5,False,True
11,HIGHRIVER,Darmian,D,,,False,True
11,HIGHRIVER,Pierotti,C,5.5,5.5,True,True
11,HIGHRIVER,Keita M.,C,5.5,5.0,False,True
11,HIGHRIVER,Ilkhan,C,,,False,True
11,HIGHRIVER,Adams C.,A,6.5,9.5,False,True
11,HIGHRIVER,Milik,A,,,False,True
11,HIGHRIVER,Sernicola,D,,,False,True
11,HIGHRIVER,Ndaba,D,,,False,True
11,SUMMERED,Svilar,P,6.5,5.5,True,False
11,SUMMERED,Djimsiti,D,6.0,6.0,True,False
11,SUMMERED,Pavlovic,D,6.0,6.0,True,False
11,SUMMERED,Delprato,D,5.5,5.5,True,False
11,SUMMERED,Bisseck,D,6.0,6.0,True,False
11,SUMMERED,Rabiot,C,6.0,6.0,True,False
11,SUMMERED,Locatelli,C,6.0,6.0,True,False
11,SUMMERED,Vlasic,C,6.0,7.0,True,False
11,SUMMERED,Pellegrino M.,A,6.0,6.0,True,False
11,SUMMERED,Castro S.,A,5.5,5.5,True,False
11,SUMMERED,Vardy,A,8.0,15.0,True,False
11,SUMMERED,Vasquez D.,P,,,False,True
11,SUMMERED,Gollini,P,,,False,True
11,SUMMERED,Gosens,D,,,False,True
11,SUMMERED,Zortea,D,5.5,5.5,False,True
11,SUMMERED,Palestra,D,7.0,8.0,False,True
11,SUMMERED,Gutierrez,D,,,False,True
11,SUMMERED,Carboni V.,C,,,False,True
11,SUMMERED,Oristanio,C,,,False,True
11,SUMMERED,Tourè I.,C,6.0,6.0,False,True
11,SUMMERED,Rowe,C,,,False,True
11,SUMMERED,Serdar,C,,,False,True
11,SUMMERED,Krstovic,A,6.0,6.0,False,True
11,SUMMERED,Stulic,A,5.5,5.5,False,True
11,SUMMERED,Gimenez,A,,,False,True
12,TEAM SJ,Sommer,P,6.0,7.0,True,False
12,TEAM SJ,Tsimikas,D,5.5,5.5,True,False
12,TEAM SJ,Bastoni,D,6.5,6.5,True,False
12,TEAM SJ,Ramon,D,5.5,5.5,True,False
12,TEAM SJ,Hermoso,D,5.5,5.0,True,False
12,TEAM SJ,Vazquez,C,,,False,False
12,TEAM SJ,Cristante,C,5.5,5.5,True,False
12,TEAM SJ,Perrone,C,6.0,5.5,True,False
12,TEAM SJ,Dybala,A,5.5,5.5,True,False
12,TEAM SJ,Davis K.,A,6.0,6.0,True,False
12,TEAM SJ,Addai,A,5.5,5.5,True,False
12,TEAM SJ,Martinez Jo.,P,,,False,True
12,TEAM SJ,Di Gennaro,P,,,False,True
12,TEAM SJ,Douvikas,A,5.0,5.0,False,True
12,TEAM SJ,Kuhn,A,,,False,True
12,TEAM SJ,Morata,A,5.5,5.5,False,True
12,TEAM SJ,Bailey,C,,,False,True
12,TEAM SJ,El Aynaoui,C,5.5,5.5,True,True
12,TEAM SJ,Koopmeiners,C,5.0,5.0,False,True
12,TEAM SJ,Tramoni M.,C,,,False,True
12,TEAM SJ,Baturina,C,,,False,True
12,TEAM SJ,Barbieri,D,6.5,6.5,False,True
12,TEAM SJ,Ghilardi,D,4.5,4.5,False,True
12,TEAM SJ,Scalvini,D,,,False,True
12,TEAM SJ,Bremer,D,,,False,True
12,HIGHRIVER,Skorupski,P,,,False,False
12,HIGHRIVER,Dodò,D,5.0,5.0,True,False
12,HIGHRIVER,Dimarco,D,7.0,9.0,True,False
12,HIGHRIVER,Bellanova,D,5.5,5.5,True,False
12,HIGHRIVER,Maldini,C,,,False,False
12,HIGHRIVER,Isaksen,C,7.0,10.0,True,False
12,HIGHRIVER,Loftus-Cheek,C,6.0,6.0,True,False
12,HIGHRIVER,Odgaard,C,6.5,10.5,True,False
12,HIGHRIVER,Yildiz,A,7.0,10.0,True,False
12,HIGHRIVER,Thuram,A,7.0,10.0,True,False
12,HIGHRIVER,Dominguez B.,A,,,False,False
12,HIGHRIVER,Milinkovic-Savic V.,P,6.0,5.0,True,True
12,HIGHRIVER,Ravaglia F.,P,7.5,6.5,False,True
12,HIGHRIVER,Luperto,D,6.5,6.5,False,True
12,HIGHRIVER,Darmian,D,,,False,True
12,HIGHRIVER,Pierotti,C,5.5,5.5,True,True
12,HIGHRIVER,Keita M.,C,6.5,6.5,False,True
12,HIGHRIVER,Ilkhan,C,,,False,True
12,HIGHRIVER,Adams C.,A,6.0,6.0,True,True
12,HIGHRIVER,Milik,A,,,False,True
12,HIGHRIVER,Sernicola,D,,,False,True
12,HIGHRIVER,Ndaba,D,,,False,True
12,GALLIFREY,De Gea,P,4.5,1.5,True,False
12,GALLIFREY,Miranda J.,D,6.0,5.5,True,False
12,GALLIFREY,Solet,D,5.5,5.5,True,False
12,GALLIFREY,Carlos Augusto,D,7.0,10.0,True,False
12,GALLIFREY,Pulisic,C,8.0,15.0,True,False
12,GALLIFREY,El Shaarawy,C,,,False,False
12,GALLIFREY,Neres,C,7.5,8.5,True,False
12,GALLIFREY,Barella,C,7.0,7.0,True,False
12,GALLIFREY,De Ketelaere,A,5.5,5.5,True,False
12,GALLIFREY,Hojlund,A,8.0,15.0,True,False
12,GALLIFREY,Bonny,A,,,False,False
12,GALLIFREY,Lezzerini,P,,,False,True
12,GALLIFREY,Martinelli T.,P,,,False,True
12,GALLIFREY,Akanji,D,6.0,5.5,False,True
12,GALLIFREY,Valle,D,5.0,5.0,False,True
12,GALLIFREY,Kelly L.,D,5.0,5.0,False,True
12,GALLIFREY,Lykogiannis,D,,,False,True
12,GALLIFREY,Angelino,D,,,False,True
12,GALLIFREY,Sucic P.,C,,,False,True
12,GALLIFREY,Vandeputte,C,6.5,6.5,True,True
12,GALLIFREY,Frendrup,C,,,False,True
12,GALLIFREY,Casadei,C,5.5,5.5,False,True
12,GALLIFREY,Esposito Se.,A,7.0,8.0,True,True
12,GALLIFREY,Zapata D.,A,6.5,9.5,False,True
12,GALLIFREY,Lucca,A,,,False,True
12,BATIGOAL,Maignan,P,6.0,3.5,True,False
12,BATIGOAL,Wesley,D,,,False,False
12,BATIGOAL,Vasquez,D,6.5,6.5,True,False
12,BATIGOAL,Canestrelli,D,6.0,6.0,True,False
12,BATIGOAL,Norton-Cuffy,D,7.0,11.0,True,False
12,BATIGOAL,Zaccagni,C,6.5,6.5,True,False
12,BATIGOAL,Iannoni,C,,,False,False
12,BATIGOAL,Paz N.,C,5.5,5.5,True,False
12,BATIGOAL,Leao,A,5.5,5.5,True,False
12,BATIGOAL,Colombo,A,6.5,6.5,True,False
12,BATIGOAL,Diao,A,6.0,6.0,True,False
12,BATIGOAL,Terracciano,P,,,False,True
12,BATIGOAL,Torriani,P,,,False,True
12,BATIGOAL,Rensch,D,5.5,5.5,True,True
12,BATIGOAL,Vojvoda,D,5.0,5.0,False,True
12,BATIGOAL,Lovik,D,,,False,True
12,BATIGOAL,Cham,D,,,False,True
12,BATIGOAL,Zambo Anguissa,C,,,False,True
12,BATIGOAL,Atta,C,,,False,True
12,BATIGOAL,Asllani,C,5.0,5.0,True,True
12,BATIGOAL,Da Cunha,C,5.0,5.0,False,True
12,BATIGOAL,Stanciu,C,,,False,True
12,BATIGOAL,Borrelli,A,6.0,6.0,False,True
12,BATIGOAL,Bayo V.,A,,,False,True
12,BATIGOAL,Ekhator,A,6.0,6.0,False,True
12,ZDENEK ZEMAN,Di Gregorio,P,6.5,4.5,True,False
12,ZDENEK ZEMAN,Valeri,D,6.0,5.5,True,False
12,ZDENEK ZEMAN,Baschirotto,D,7.0,7.0,True,False
12,ZDENEK ZEMAN,Rrahmani,D,6.5,6.5,True,False
12,ZDENEK ZEMAN,Kalulu,D,6.0,5.5,True,False
12,ZDENEK ZEMAN,Bernabè,C,6.0,6.0,True,False
12,ZDENEK ZEMAN,Mandragora,C,6.0,7.5,True,False
12,ZDENEK ZEMAN,Orsolini,C,6.0,6.0,True,False
12,ZDENEK ZEMAN,Cutrone,A,,,False,False
12,ZDENEK ZEMAN,Pinamonti,A,5.5,5.5,True,False
12,ZDENEK ZEMAN,Castellanos,A,5.5,5.5,True,False
12,ZDENEK ZEMAN,Cancellieri,A,6.0,6.0,True,True
12,ZDENEK ZEMAN,Nkunku,A,5.5,5.5,False,True
12,ZDENEK ZEMAN,Benedyczak,A,6.5,9.0,False,True
12,ZDENEK ZEMAN,Rovella,C,,,False,True
12,ZDENEK ZEMAN,Mkhitaryan,C,6.0,6.0,False,True
12,ZDENEK ZEMAN,Zerbin,C,6.5,7.5,False,True
12,ZDENEK ZEMAN,Politano,C,,,False,True
12,ZDENEK ZEMAN,Zhegrova,C,,,False,True
12,ZDENEK ZEMAN,Gatti,D,,,False,True
12,ZDENEK ZEMAN,Gaspar K.,D,5.5,5.5,False,True
12,ZDENEK ZEMAN,Olivera,D,5.5,5.5,False,True
12,ZDENEK ZEMAN,Joao Mario,D,,,False,True
12,ZDENEK ZEMAN,Pinsoglio,P,,,False,True
12,ZDENEK ZEMAN,Perin,P,,,False,True
12,FC MCDONALD,Provedel,P,6.5,5.5,True,False
12,FC MCDONALD,Zappacosta,D,5.5,5.5,True,False
12,FC MCDONALD,Angori,D,6.0,6.0,True,False
12,FC MCDONALD,Di Lorenzo,D,6.0,6.0,True,False
12,FC MCDONALD,Pellegrini Lo.,C,5.5,5.5,True,False
12,FC MCDONALD,Zalewski,C,5.5,5.5,True,False
12,FC MCDONALD,Modric,C,6.5,6.5,True,False
12,FC MCDONALD,Prati,C,6.0,6.0,True,False
12,FC MCDONALD,Berardi,A,,,False,False
12,FC MCDONALD,David,A,6.0,6.0,True,False
12,FC MCDONALD,Giovane,A,7.5,12.5,True,False
12,FC MCDONALD,Mandas,P,,,False,True
12,FC MCDONALD,Vitik,D,,,False,True
12,FC MCDONALD,Viti,D,5.0,4.5,False,True
12,FC MCDONALD,Zemura,D,,,False,True
12,FC MCDONALD,Doig,D,6.5,6.5,False,True
12,FC MCDONALD,Van Der Brempt,D,,,False,True
12,FC MCDONALD,Gudmundsson A.,C,5.0,5.0,False,True
12,FC MCDONALD,Matic,C,6.0,6.0,False,True
12,FC MCDONALD,Deiola,C,6.5,6.5,False,True
12,FC MCDONALD,Zarraga,C,,,False,True
12,FC MCDONALD,Ngonge,A,,,False,True
12,FC MCDONALD,Pedro,A,,,False,True
12,FC MCDONALD,Openda,A,6.0,6.0,True,True
12,BUSHAOZI,Carnesecchi,P,6.0,3.0,True,False
12,BUSHAOZI,Martin,D,6.0,6.0,True,False
12,BUSHAOZI,Terracciano F.,D,6.5,6.5,True,False
12,BUSHAOZI,Gila,D,5.0,4.0,True,False
12,BUSHAOZI,Bianchetti,D,6.5,6.0,True,False
12,BUSHAOZI,Pasalic,C,6.0,6.0,True,False
12,BUSHAOZI,Thuram K.,C,6.0,6.0,True,False
12,BUSHAOZI,McTominay,C,6.5,6.5,True,False
12,BUSHAOZI,Folorunsho,C,7.0,6.5,True,False
12,BUSHAOZI,Lookman,A,5.0,5.0,True,False
12,BUSHAOZI,Martinez L.,A,7.0,11.0,True,False
12,BUSHAOZI,Sportiello,P,,,False,True
12,BUSHAOZI,Rossi F.,P,,,False,True
12,BUSHAOZI,Pezzella Giu.,D,,,False,True
12,BUSHAOZI,Obert,D,6.5,6.5,False,True
12,BUSHAOZI,Provstgaard,D,,,False,True
12,BUSHAOZI,Dumfries,D,,,False,True
12,BUSHAOZI,Aebischer,C,6.0,5.5,False,True
12,BUSHAOZI,Dele-Bashiru,C,6.0,6.0,False,True
12,BUSHAOZI,Fofana Y.,C,,,False,True
12,BUSHAOZI,Lobotka,C,,,False,True
12,BUSHAOZI,Sanabria,A,7.0,10.0,False,True
12,BUSHAOZI,Meister,A,5.5,5.5,False,True
12,BUSHAOZI,Arena A.,A,,,False,True
12,BUSHAOZI,Vlahovic,A,,,False,True
12,CHOWPOUROMA,Leali,P,6.0,5.0,True,False
12,CHOWPOUROMA,Cambiaso,D,5.5,5.5,True,False
12,CHOWPOUROMA,Estupinan,D,,,False,False
12,CHOWPOUROMA,Acerbi,D,6.5,6.5,True,False
12,CHOWPOUROMA,Gabbia,D,6.0,6.0,True,False
12,CHOWPOUROMA,Berisha M.,C,6.0,6.0,True,False
12,CHOWPOUROMA,Conceicao,C,5.5,5.5,True,False
12,CHOWPOUROMA,Calhanoglu,C,7.0,10.0,True,False
12,CHOWPOUROMA,Laurientè,A,6.5,7.5,True,False
12,CHOWPOUROMA,Kean,A,5.0,5.0,True,False
12,CHOWPOUROMA,Soulè,A,6.0,6.0,True,False
12,CHOWPOUROMA,Siegrist,P,,,False,True
12,CHOWPOUROMA,Sommariva,P,,,False,True
12,CHOWPOUROMA,Dia,A,,,False,True
12,CHOWPOUROMA,Dzeko,A,,,False,True
12,CHOWPOUROMA,Buffon L.,A,,,False,True
12,CHOWPOUROMA,Volpato,C,7.5,11.5,False,True
12,CHOWPOUROMA,Kostic,C,5.5,5.5,False,True
12,CHOWPOUROMA,De Roon,C,5.0,4.5,False,True
12,CHOWPOUROMA,Ndour,C,5.5,5.0,False,True
12,CHOWPOUROMA,Tiago Gabriel,D,5.5,5.5,True,True
12,CHOWPOUROMA,Tavares N.,D,5.0,4.5,False,True
12,CHOWPOUROMA,Lucumì,D,,,False,True
12,CHOWPOUROMA,Calabresi,D,6.0,6.0,False,True
12,CHOWPOUROMA,De Bruyne,C,,,False,True
12,TEAM DELVECCHIO23,Corvi,P,6.0,7.0,True,False
12,TEAM DELVECCHIO23,Buongiorno,D,6.5,6.0,True,False
12,TEAM DELVECCHIO23,Tomori,D,5.5,6.0,True,False
12,TEAM DELVECCHIO23,Celik,D,4.5,3.5,True,False
12,TEAM DELVECCHIO23,Frattesi,C,,,False,False
12,TEAM DELVECCHIO23,Konè M.,C,6.0,6.0,True,False
12,TEAM DELVECCHIO23,Saelemaekers,C,6.5,7.5,True,False
12,TEAM DELVECCHIO23,Thorstvedt,C,6.5,6.0,True,False
12,TEAM DELVECCHIO23,Scamacca,A,6.5,8.5,True,False
12,TEAM DELVECCHIO23,Bonazzoli,A,7.0,10.0,True,False
12,TEAM DELVECCHIO23,Rodriguez Je.,A,6.0,6.0,True,False
12,TEAM DELVECCHIO23,Ostigard,D,,,False,True
12,TEAM DELVECCHIO23,De Vrij,D,,,False,True
12,TEAM DELVECCHIO23,Mancini,D,5.0,5.0,False,True
12,TEAM DELVECCHIO23,N'Dicka,D,5.5,5.5,False,True
12,TEAM DELVECCHIO23,Floriani Mussolini,D,6.5,6.5,False,True
12,TEAM DELVECCHIO23,Esposito F.P.,A,6.0,6.0,False,True
12,TEAM DELVECCHIO23,Ferguson E.,A,5.5,5.5,False,True
12,TEAM DELVECCHIO23,Dovbyk,A,,,False,True
12,TEAM DELVECCHIO23,Ederson D.S.,C,5.5,5.5,True,True
12,TEAM DELVECCHIO23,Bondo,C,6.0,6.0,False,True
12,TEAM DELVECCHIO23,Pisilli,C,,,False,True
12,TEAM DELVECCHIO23,Payero,C,7.0,7.0,False,True
12,TEAM DELVECCHIO23,Rinaldi,P,,,False,True
12,TEAM DELVECCHIO23,Suzuki,P,,,False,True
12,SUMMERED,Svilar,P,7.0,6.0,True,False
12,SUMMERED,Bisseck,D,,,False,False
12,SUMMERED,Djimsiti,D,5.0,5.0,True,False
12,SUMMERED,Zortea,D,7.0,7.0,True,False
12,SUMMERED,Vlasic,C,7.0,10.0,True,False
12,SUMMERED,Rabiot,C,7.0,10.0,True,False
12,SUMMERED,Locatelli,C,6.0,6.0,True,False
12,SUMMERED,Tourè I.,C,6.0,5.5,True,False
12,SUMMERED,Vardy,A,6.0,6.0,True,False
12,SUMMERED,Castro S.,A,5.5,5.5,True,False
12,SUMMERED,Pellegrino M.,A,5.5,5.5,True,False
12,SUMMERED,Vasquez D.,P,,,False,True
12,SUMMERED,Gollini,P,,,False,True
12,SUMMERED,Pavlovic,D,5.5,5.5,True,True
12,SUMMERED,Delprato,D,6.5,6.5,False,True
12,SUMMERED,Gosens,D,,,False,True
12,SUMMERED,Gutierrez,D,,,False,True
12,SUMMERED,Palestra,D,7.0,7.0,False,True
12,SUMMERED,Rowe,C,6.0,6.0,False,True
12,SUMMERED,Oristanio,C,,,False,True
12,SUMMERED,Carboni V.,C,,,False,True
12,SUMMERED,Serdar,C,,,False,True
12,SUMMERED,Krstovic,A,5.0,5.0,False,True
12,SUMMERED,Stulic,A,5.0,5.0,False,True
12,SUMMERED,Gimenez,A,,,False,True
13,SUMMERED,Svilar,P,6.5,7.5,True,False
13,SUMMERED,Pavlovic,D,6.5,6.5,True,False
13,SUMMERED,Delprato,D,6.0,6.0,True,False
13,SUMMERED,Palestra,D,6.5,6.5,True,False
13,SUMMERED,Zortea,D,5.5,5.5,True,False
13,SUMMERED,Rabiot,C,5.5,5.5,True,False
13,SUMMERED,Vlasic,C,7.0,11.0,True,False
13,SUMMERED,Tourè I.,C,5.5,5.5,True,False
13,SUMMERED,Vardy,A,5.5,5.5,True,False
13,SUMMERED,Castro S.,A,5.5,5.5,True,False
13,SUMMERED,Pellegrino M.,A,6.0,6.0,True,False
13,SUMMERED,Vasquez D.,P,,,False,True
13,SUMMERED,Gollini,P,,,False,True
13,SUMMERED,Djimsiti,D,6.0,6.0,False,True
13,SUMMERED,Bisseck,D,7.0,9.5,False,True
13,SUMMERED,Gosens,D,,,False,True
13,SUMMERED,Gutierrez,D,,,False,True
13,SUMMERED,Locatelli,C,7.0,7.0,False,True
13,SUMMERED,Rowe,C,,,False,True
13,SUMMERED,Carboni V.,C,,,False,True
13,SUMMERED,Oristanio,C,5.5,5.5,False,True
13,SUMMERED,Serdar,C,6.0,6.0,False,True
13,SUMMERED,Krstovic,A,,,False,True
13,SUMMERED,Stulic,A,7.0,11.0,False,True
13,SUMMERED,Gimenez,A,,,False,True
13,TEAM SJ,Sommer,P,6.0,5.0,True,False
13,TEAM SJ,Bastoni,D,6.5,6.5,True,False
13,TEAM SJ,Bremer,D,6.0,6.0,True,False
13,TEAM SJ,Ramon,D,6.5,6.0,True,False
13,TEAM SJ,Hermoso,D,6.5,6.5,True,False
13,TEAM SJ,Vazquez,C,5.5,5.5,True,False
13,TEAM SJ,Cristante,C,6.5,6.5,True,False
13,TEAM SJ,Bailey,C,,,False,False
13,TEAM SJ,Dybala,A,,,False,False
13,TEAM SJ,Davis K.,A,6.5,7.5,True,False
13,TEAM SJ,Addai,A,5.5,5.0,True,False
13,TEAM SJ,Martinez Jo.,P,,,False,True
13,TEAM SJ,Di Gennaro,P,,,False,True
13,TEAM SJ,Douvikas,A,5.5,5.5,True,True
13,TEAM SJ,Kuhn,A,,,False,True
13,TEAM SJ,Morata,A,,,False,True
13,TEAM SJ,Koopmeiners,C,5.5,5.0,True,True
13,TEAM SJ,Tramoni M.,C,5.5,5.5,False,True
13,TEAM SJ,Baturina,C,5.5,5.5,False,True
13,TEAM SJ,El Aynaoui,C,,,False,True
13,TEAM SJ,Perrone,C,,,False,True
13,TEAM SJ,Barbieri,D,5.5,5.0,False,True
13,TEAM SJ,Tsimikas,D,,,False,True
13,TEAM SJ,Ghilardi,D,,,False,True
13,TEAM SJ,Scalvini,D,,,False,True
13,HIGHRIVER,Skorupski,P,,,False,False
13,HIGHRIVER,Dodò,D,5.5,5.5,True,False
13,HIGHRIVER,Dimarco,D,,,False,False
13,HIGHRIVER,Bellanova,D,,,False,False
13,HIGHRIVER,Maldini,C,,,False,False
13,HIGHRIVER,Isaksen,C,,,False,False
13,HIGHRIVER,Loftus-Cheek,C,6.5,7.0,True,False
13,HIGHRIVER,Odgaard,C,,,False,False
13,HIGHRIVER,Yildiz,A,6.5,7.5,True,False
13,HIGHRIVER,Thuram,A,6.0,6.0,True,False
13,HIGHRIVER,Dominguez B.,A,,,False,False
13,HIGHRIVER,Milinkovic-Savic V.,P,6.5,5.5,True,True
13,HIGHRIVER,Ravaglia F.,P,6.5,5.5,False,True
13,HIGHRIVER,Luperto,D,5.0,5.0,True,True
13,HIGHRIVER,Darmian,D,,,False,True
13,HIGHRIVER,Pierotti,C,6.0,6.0,True,True
13,HIGHRIVER,Keita M.,C,5.5,5.5,True,True
13,HIGHRIVER,Ilkhan,C,,,False,True
13,HIGHRIVER,Adams C.,A,6.0,6.0,True,True
13,HIGHRIVER,Milik,A,,,False,True
13,HIGHRIVER,Sernicola,D,,,False,True
13,HIGHRIVER,Ndaba,D,6.0,6.0,False,True
13,GALLIFREY,De Gea,P,5.5,3.5,True,False
13,GALLIFREY,Miranda J.,D,6.0,5.5,True,False
13,GALLIFREY,Akanji,D,6.0,5.5,True,False
13,GALLIFREY,Carlos Augusto,D,6.0,6.0,True,False
13,GALLIFREY,Vandeputte,C,6.0,6.0,True,False
13,GALLIFREY,Neres,C,5.0,5.0,True,False
13,GALLIFREY,Barella,C,6.0,5.5,True,False
13,GALLIFREY,Pulisic,C,6.0,6.0,True,False
13,GALLIFREY,De Ketelaere,A,6.0,6.0,True,False
13,GALLIFREY,Hojlund,A,5.0,5.0,True,False
13,GALLIFREY,Bonny,A,,,False,False
13,GALLIFREY,Lezzerini,P,,,False,True
13,GALLIFREY,Martinelli T.,P,,,False,True
13,GALLIFREY,Solet,D,6.5,6.5,False,True
13,GALLIFREY,Angelino,D,,,False,True
13,GALLIFREY,Valle,D,5.0,5.0,False,True
13,GALLIFREY,Kelly L.,D,7.0,7.0,False,True
13,GALLIFREY,Lykogiannis,D,,,False,True
13,GALLIFREY,El Shaarawy,C,6.0,5.5,False,True
13,GALLIFREY,Sucic P.,C,6.5,6.5,False,True
13,GALLIFREY,Frendrup,C,5.5,5.5,False,True
13,GALLIFREY,Casadei,C,6.0,6.0,False,True
13,GALLIFREY,Esposito Se.,A,7.0,8.0,True,True
13,GALLIFREY,Zapata D.,A,6.5,7.0,False,True
13,GALLIFREY,Lucca,A,,,False,True
13,CHOWPOUROMA,Leali,P,5.0,3.0,True,False
13,CHOWPOUROMA,Cambiaso,D,6.0,6.0,True,False
13,CHOWPOUROMA,Estupinan,D,,,False,False
13,CHOWPOUROMA,Acerbi,D,,,False,False
13,CHOWPOUROMA,Gabbia,D,5.5,5.5,True,False
13,CHOWPOUROMA,Berisha M.,C,,,False,False
13,CHOWPOUROMA,Conceicao,C,6.0,6.0,True,False
13,CHOWPOUROMA,Calhanoglu,C,,,False,False
13,CHOWPOUROMA,Laurientè,A,7.5,11.5,True,False
13,CHOWPOUROMA,Kean,A,5.5,5.5,True,False
13,CHOWPOUROMA,Soulè,A,6.5,7.5,True,False
13,CHOWPOUROMA,Siegrist,P,,,False,True
13,CHOWPOUROMA,Sommariva,P,,,False,True
13,CHOWPOUROMA,Dia,A,,,False,True
13,CHOWPOUROMA,Dzeko,A,5.5,5.5,False,True
13,CHOWPOUROMA,Buffon L.,A,,,False,True
13,CHOWPOUROMA,Volpato,C,6.0,6.0,True,True
13,CHOWPOUROMA,Kostic,C,,,False,True
13,CHOWPOUROMA,De Roon,C,6.0,6.0,True,True
13,CHOWPOUROMA,Ndour,C,,,False,True
13,CHOWPOUROMA,Tiago Gabriel,D,6.0,6.0,True,True
13,CHOWPOUROMA,Tavares N.,D,,,False,True
13,CHOWPOUROMA,Lucumì,D,6.5,6.5,True,True
13,CHOWPOUROMA,Calabresi,D,5.5,5.0,False,True
13,CHOWPOUROMA,De Bruyne,C,,,False,True
13,TEAM DELVECCHIO23,Corvi,P,6.0,5.0,True,False
13,TEAM DELVECCHIO23,N'Dicka,D,7.0,7.0,True,False
13,TEAM DELVECCHIO23,Tomori,D,5.5,5.5,True,False
13,TEAM DELVECCHIO23,Mancini,D,6.5,6.0,True,False
13,TEAM DELVECCHIO23,Frattesi,C,,,False,False
13,TEAM DELVECCHIO23,Konè M.,C,6.5,6.5,True,False
13,TEAM DELVECCHIO23,Saelemaekers,C,5.5,5.5,True,False
13,TEAM DELVECCHIO23,Thorstvedt,C,5.5,5.0,True,False
13,TEAM DELVECCHIO23,Scamacca,A,7.5,14.5,True,False
13,TEAM DELVECCHIO23,Bonazzoli,A,6.0,6.0,True,False
13,TEAM DELVECCHIO23,Ferguson E.,A,6.5,6.5,True,False
13,TEAM DELVECCHIO23,Buongiorno,D,6.0,6.0,False,True
13,TEAM DELVECCHIO23,Ostigard,D,,,False,True
13,TEAM DELVECCHIO23,De Vrij,D,,,False,True
13,TEAM DELVECCHIO23,Celik,D,,,False,True
13,TEAM DELVECCHIO23,Floriani Mussolini,D,6.0,6.0,False,True
13,TEAM DELVECCHIO23,Dovbyk,A,,,False,True
13,TEAM DELVECCHIO23,Esposito F.P.,A,6.5,6.5,False,True
13,TEAM DELVECCHIO23,Rodriguez Je.,A,5.5,5.5,False,True
13,TEAM DELVECCHIO23,Ederson D.S.,C,6.5,6.5,True,True
13,TEAM DELVECCHIO23,Bondo,C,5.5,5.5,False,True
13,TEAM DELVECCHIO23,Pisilli,C,,,False,True
13,TEAM DELVECCHIO23,Payero,C,6.0,5.5,False,True
13,TEAM DELVECCHIO23,Rinaldi,P,,,False,True
13,TEAM DELVECCHIO23,Suzuki,P,,,False,True
13,FC MCDONALD,Provedel,P,7.0,8.0,True,False
13,FC MCDONALD,Zappacosta,D,6.0,6.5,True,False
13,FC MCDONALD,Angori,D,6.0,6.0,True,False
13,FC MCDONALD,Di Lorenzo,D,5.5,5.5,True,False
13,FC MCDONALD,Pellegrini Lo.,C,6.0,6.0,True,False
13,FC MCDONALD,Zalewski,C,6.0,6.0,True,False
13,FC MCDONALD,Modric,C,6.0,6.0,True,False
13,FC MCDONALD,Prati,C,6.0,6.0,True,False
13,FC MCDONALD,Berardi,A,,,False,False
13,FC MCDONALD,David,A,5.0,5.0,True,False
13,FC MCDONALD,Giovane,A,5.5,5.5,True,False
13,FC MCDONALD,Mandas,P,,,False,True
13,FC MCDONALD,Vitik,D,,,False,True
13,FC MCDONALD,Viti,D,,,False,True
13,FC MCDONALD,Zemura,D,,,False,True
13,FC MCDONALD,Doig,D,6.0,6.0,False,True
13,FC MCDONALD,Van Der Brempt,D,,,False,True
13,FC MCDONALD,Gudmundsson A.,C,5.5,5.0,False,True
13,FC MCDONALD,Matic,C,6.5,6.5,False,True
13,FC MCDONALD,Deiola,C,5.5,5.5,False,True
13,FC MCDONALD,Zarraga,C,,,False,True
13,FC MCDONALD,Ngonge,A,,,False,True
13,FC MCDONALD,Pedro,A,,,False,True
13,FC MCDONALD,Openda,A,6.5,6.5,True,True
13,BUSHAOZI,Carnesecchi,P,6.0,5.0,True,False
13,BUSHAOZI,Martin,D,6.0,7.0,True,False
13,BUSHAOZI,Terracciano F.,D,6.0,6.0,True,False
13,BUSHAOZI,Bianchetti,D,,,False,False
13,BUSHAOZI,Pasalic,C,,,False,False
13,BUSHAOZI,Thuram K.,C,6.0,6.0,True,False
13,BUSHAOZI,McTominay,C,6.0,6.0,True,False
13,BUSHAOZI,Folorunsho,C,6.0,6.0,True,False
13,BUSHAOZI,Lookman,A,5.5,5.5,True,False
13,BUSHAOZI,Martinez L.,A,7.5,12.5,True,False
13,BUSHAOZI,Meister,A,5.0,5.0,True,False
13,BUSHAOZI,Sportiello,P,,,False,True
13,BUSHAOZI,Rossi F.,P,,,False,True
13,BUSHAOZI,Obert,D,6.0,6.0,True,True
13,BUSHAOZI,Pezzella Giu.,D,6.0,6.0,False,True
13,BUSHAOZI,Provstgaard,D,6.0,6.0,False,True
13,BUSHAOZI,Dumfries,D,,,False,True
13,BUSHAOZI,Aebischer,C,5.5,5.5,True,True
13,BUSHAOZI,Dele-Bashiru,C,6.0,6.0,False,True
13,BUSHAOZI,Fofana Y.,C,,,False,True
13,BUSHAOZI,Lobotka,C,6.0,6.0,False,True
13,BUSHAOZI,Sanabria,A,5.5,5.5,False,True
13,BUSHAOZI,Arena A.,A,,,False,True
13,BUSHAOZI,Vlahovic,A,,,False,True
13,BUSHAOZI,Gila,D,,,False,True
13,BATIGOAL,Maignan,P,6.0,4.0,True,False
13,BATIGOAL,Wesley,D,7.5,11.0,True,False
13,BATIGOAL,Vasquez,D,6.0,6.0,True,False
13,BATIGOAL,Canestrelli,D,5.0,5.0,True,False
13,BATIGOAL,Norton-Cuffy,D,5.5,5.5,True,False
13,BATIGOAL,Rensch,D,6.5,6.5,True,False
13,BATIGOAL,Zaccagni,C,4.5,3.5,True,False
13,BATIGOAL,Da Cunha,C,5.0,5.0,True,False
13,BATIGOAL,Paz N.,C,5.5,5.0,True,False
13,BATIGOAL,Diao,A,6.0,6.0,True,False
13,BATIGOAL,Borrelli,A,5.5,5.5,True,False
13,BATIGOAL,Terracciano,P,,,False,True
13,BATIGOAL,Torriani,P,,,False,True
13,BATIGOAL,Vojvoda,D,,,False,True
13,BATIGOAL,Lovik,D,,,False,True
13,BATIGOAL,Cham,D,,,False,True
13,BATIGOAL,Zambo Anguissa,C,,,False,True
13,BATIGOAL,Atta,C,,,False,True
13,BATIGOAL,Asllani,C,6.0,6.0,False,True
13,BATIGOAL,Stanciu,C,,,False,True
13,BATIGOAL,Iannoni,C,,,False,True
13,BATIGOAL,Leao,A,,,False,True
13,BATIGOAL,Colombo,A,5.0,5.0,False,True
13,BATIGOAL,Ekhator,A,,,False,True
13,BATIGOAL,Bayo V.,A,,,False,True
13,ZDENEK ZEMAN,Di Gregorio,P,6.5,7.5,True,False
13,ZDENEK ZEMAN,Gaspar K.,D,6.5,6.0,True,False
13,ZDENEK ZEMAN,Baschirotto,D,5.0,5.0,True,False
13,ZDENEK ZEMAN,Rrahmani,D,5.0,5.0,True,False
13,ZDENEK ZEMAN,Kalulu,D,6.5,6.5,True,False
13,ZDENEK ZEMAN,Politano,C,5.5,5.5,True,False
13,ZDENEK ZEMAN,Mandragora,C,6.0,6.0,True,False
13,ZDENEK ZEMAN,Orsolini,C,6.0,6.0,True,False
13,ZDENEK ZEMAN,Nkunku,A,6.0,7.0,True,False
13,ZDENEK ZEMAN,Castellanos,A,5.5,5.5,True,False
13,ZDENEK ZEMAN,Cancellieri,A,6.0,5.5,True,False
13,ZDENEK ZEMAN,Benedyczak,A,5.5,5.5,False,True
13,ZDENEK ZEMAN,Pinamonti,A,7.0,9.0,False,True
13,ZDENEK ZEMAN,Cutrone,A,,,False,True
13,ZDENEK ZEMAN,Rovella,C,,,False,True
13,ZDENEK ZEMAN,Mkhitaryan,C,6.0,6.0,False,True
13,ZDENEK ZEMAN,Bernabè,C,6.0,6.0,False,True
13,ZDENEK ZEMAN,Zerbin,C,5.5,5.5,False,True
13,ZDENEK ZEMAN,Zhegrova,C,,,False,True
13,ZDENEK ZEMAN,Gatti,D,,,False,True
13,ZDENEK ZEMAN,Olivera,D,5.5,5.5,False,True
13,ZDENEK ZEMAN,Valeri,D,6.0,5.5,False,True
13,ZDENEK ZEMAN,Joao Mario,D,,,False,True
13,ZDENEK ZEMAN,Pinsoglio,P,,,False,True
13,ZDENEK ZEMAN,Perin,P,,,False,True
14,GALLIFREY,De Gea,P,6.0,5.0,True,False
14,GALLIFREY,Miranda J.,D,6.0,6.0,True,False
14,GALLIFREY,Solet,D,6.0,9.0,True,False
14,GALLIFREY,Carlos Augusto,D,6.5,6.5,True,False
14,GALLIFREY,El Shaarawy,C,6.0,6.0,True,False
14,GALLIFREY,Vandeputte,C,6.5,6.5,True,False
14,GALLIFREY,Barella,C,6.0,6.0,True,False
14,GALLIFREY,Pulisic,C,,,False,False
14,GALLIFREY,De Ketelaere,A,5.0,5.0,True,False
14,GALLIFREY,Hojlund,A,5.0,5.0,True,False
14,GALLIFREY,Esposito Se.,A,5.5,5.0,True,False
14,GALLIFREY,Lezzerini,P,,,False,True
14,GALLIFREY,Martinelli T.,P,,,False,True
14,GALLIFREY,Akanji,D,6.0,6.0,False,True
14,GALLIFREY,Valle,D,,,False,True
14,GALLIFREY,Angelino,D,,,False,True
14,GALLIFREY,Kelly L.,D,6.0,6.0,False,True
14,GALLIFREY,Lykogiannis,D,,,False,True
14,GALLIFREY,Neres,C,5.5,5.0,True,True
14,GALLIFREY,Sucic P.,C,,,False,True
14,GALLIFREY,Frendrup,C,7.0,7.0,False,True
14,GALLIFREY,Casadei,C,,,False,True
14,GALLIFREY,Bonny,A,5.5,5.5,False,True
14,GALLIFREY,Zapata D.,A,5.0,5.0,False,True
14,GALLIFREY,Lucca,A,,,False,True
14,TEAM SJ,Sommer,P,6.5,7.5,True,False
14,TEAM SJ,Bastoni,D,6.5,6.5,True,False
14,TEAM SJ,Bremer,D,6.5,6.5,True,False
14,TEAM SJ,Ramon,D,5.5,5.0,True,False
14,TEAM SJ,Hermoso,D,,,False,False
14,TEAM SJ,Perrone,C,5.5,5.5,True,False
14,TEAM SJ,Cristante,C,5.0,4.5,True,False
14,TEAM SJ,Bailey,C,5.5,5.5,True,False
14,TEAM SJ,Dybala,A,5.0,5.0,True,False
14,TEAM SJ,Davis K.,A,5.0,5.0,True,False
14,TEAM SJ,Addai,A,,,False,False
14,TEAM SJ,Martinez Jo.,P,,,False,True
14,TEAM SJ,Di Gennaro,P,,,False,True
14,TEAM SJ,Douvikas,A,5.5,5.5,True,True
14,TEAM SJ,Kuhn,A,5.5,5.5,False,True
14,TEAM SJ,Morata,A,,,False,True
14,TEAM SJ,Baturina,C,6.5,7.5,False,True
14,TEAM SJ,Vazquez,C,,,False,True
14,TEAM SJ,Tramoni M.,C,6.5,8.5,False,True
14,TEAM SJ,Koopmeiners,C,,,False,True
14,TEAM SJ,El Aynaoui,C,,,False,True
14,TEAM SJ,Scalvini,D,,,False,True
14,TEAM SJ,Barbieri,D,6.5,6.0,True,True
14,TEAM SJ,Tsimikas,D,,,False,True
14,TEAM SJ,Ghilardi,D,,,False,True
14,CHOWPOUROMA,Leali,P,4.5,4.5,True,False
14,CHOWPOUROMA,Cambiaso,D,6.5,7.5,True,False
14,CHOWPOUROMA,Estupinan,D,,,False,False
14,CHOWPOUROMA,Acerbi,D,6.0,6.0,True,False
14,CHOWPOUROMA,Gabbia,D,5.5,5.5,True,False
14,CHOWPOUROMA,Berisha M.,C,,,False,False
14,CHOWPOUROMA,Conceicao,C,7.0,9.5,True,False
14,CHOWPOUROMA,Calhanoglu,C,,,False,False
14,CHOWPOUROMA,Laurientè,A,5.5,5.5,True,False
14,CHOWPOUROMA,Kean,A,7.5,13.5,True,False
14,CHOWPOUROMA,Soulè,A,5.5,5.0,True,False
14,CHOWPOUROMA,Siegrist,P,,,False,True
14,CHOWPOUROMA,Sommariva,P,5.0,4.0,False,True
14,CHOWPOUROMA,Dia,A,,,False,True
14,CHOWPOUROMA,Dzeko,A,,,False,True
14,CHOWPOUROMA,Buffon L.,A,,,False,True
14,CHOWPOUROMA,Volpato,C,6.5,6.5,True,True
14,CHOWPOUROMA,Kostic,C,,,False,True
14,CHOWPOUROMA,De Roon,C,6.0,6.0,True,True
14,CHOWPOUROMA,Ndour,C,7.0,10.0,False,True
14,CHOWPOUROMA,Tiago Gabriel,D,6.0,6.0,True,True
14,CHOWPOUROMA,Tavares N.,D,,,False,True
14,CHOWPOUROMA,Lucumì,D,,,False,True
14,CHOWPOUROMA,Calabresi,D,6.0,5.5,False,True
14,CHOWPOUROMA,De Bruyne,C,,,False,True
14,SUMMERED,Svilar,P,7.0,5.0,True,False
14,SUMMERED,Gutierrez,D,,,False,False
14,SUMMERED,Pavlovic,D,,,False,False
14,SUMMERED,Bisseck,D,,,False,False
14,SUMMERED,Palestra,D,6.0,6.0,True,False
14,SUMMERED,Rowe,C,,,False,False
14,SUMMERED,Rabiot,C,8.0,15.0,True,False
14,SUMMERED,Vlasic,C,7.0,10.0,True,False
14,SUMMERED,Serdar,C,5.5,5.5,True,False
14,SUMMERED,Vardy,A,5.5,5.5,True,False
14,SUMMERED,Castro S.,A,7.0,11.0,True,False
14,SUMMERED,Vasquez D.,P,,,False,True
14,SUMMERED,Gollini,P,,,False,True
14,SUMMERED,Delprato,D,6.5,6.5,True,True
14,SUMMERED,Zortea,D,,,False,True
14,SUMMERED,Gosens,D,,,False,True
14,SUMMERED,Djimsiti,D,,,False,True
14,SUMMERED,Tourè I.,C,6.0,6.0,True,True
14,SUMMERED,Oristanio,C,,,False,True
14,SUMMERED,Carboni V.,C,,,False,True
14,SUMMERED,Locatelli,C,6.5,6.5,False,True
14,SUMMERED,Krstovic,A,,,False,True
14,SUMMERED,Pellegrino M.,A,5.5,5.5,False,True
14,SUMMERED,Stulic,A,6.0,6.0,False,True
14,SUMMERED,Gimenez,A,,,False,True
14,BUSHAOZI,Carnesecchi,P,6.5,7.5,True,False
14,BUSHAOZI,Martin,D,,,False,False
14,BUSHAOZI,Terracciano F.,D,6.5,6.5,True,False
14,BUSHAOZI,Obert,D,6.0,6.0,True,False
14,BUSHAOZI,Gila,D,6.5,6.0,True,False
14,BUSHAOZI,Pasalic,C,,,False,False
14,BUSHAOZI,Thuram K.,C,6.5,6.5,True,False
14,BUSHAOZI,McTominay,C,6.0,6.0,True,False
14,BUSHAOZI,Folorunsho,C,7.0,10.0,True,False
14,BUSHAOZI,Meister,A,5.5,5.5,True,False
14,BUSHAOZI,Martinez L.,A,6.5,6.5,True,False
14,BUSHAOZI,Sportiello,P,,,False,True
14,BUSHAOZI,Rossi F.,P,,,False,True
14,BUSHAOZI,Pezzella Giu.,D,6.0,5.5,True,True
14,BUSHAOZI,Provstgaard,D,,,False,True
14,BUSHAOZI,Dumfries,D,,,False,True
14,BUSHAOZI,Lobotka,C,6.0,6.0,True,True
14,BUSHAOZI,Aebischer,C,6.0,6.0,False,True
14,BUSHAOZI,Fofana Y.,C,5.5,5.5,False,True
14,BUSHAOZI,Sanabria,A,6.0,6.0,False,True
14,BUSHAOZI,Dele-Bashiru,C,,,False,True
14,BUSHAOZI,Arena A.,A,,,False,True
14,BUSHAOZI,Vlahovic,A,,,False,True
14,HIGHRIVER,Skorupski,P,,,False,False
14,HIGHRIVER,Dodò,D,7.0,8.0,True,False
14,HIGHRIVER,Dimarco,D,,,False,False
14,HIGHRIVER,Bellanova,D,,,False,False
14,HIGHRIVER,Maldini,C,6.5,6.5,True,False
14,HIGHRIVER,Isaksen,C,,,False,False
14,HIGHRIVER,Loftus-Cheek,C,6.0,6.0,True,False
14,HIGHRIVER,Odgaard,C,6.5,9.5,True,False
14,HIGHRIVER,Yildiz,A,7.0,7.0,True,False
14,HIGHRIVER,Thuram,A,5.5,5.0,True,False
14,HIGHRIVER,Dominguez B.,A,6.5,7.5,True,False
14,HIGHRIVER,Milinkovic-Savic V.,P,6.0,7.0,True,True
14,HIGHRIVER,Ravaglia F.,P,6.5,4.5,False,True
14,HIGHRIVER,Luperto,D,,,False,True
14,HIGHRIVER,Darmian,D,,,False,True
14,HIGHRIVER,Pierotti,C,6.0,6.0,True,True
14,HIGHRIVER,Keita M.,C,7.0,7.0,False,True
14,HIGHRIVER,Ilkhan,C,,,False,True
14,HIGHRIVER,Adams C.,A,6.0,6.0,False,True
14,HIGHRIVER,Milik,A,,,False,True
14,HIGHRIVER,Sernicola,D,,,False,True
14,HIGHRIVER,Ndaba,D,,,False,True
14,BATIGOAL,Maignan,P,8.0,7.0,True,False
14,BATIGOAL,Wesley,D,6.5,6.5,True,False
14,BATIGOAL,Vasquez,D,6.5,6.5,True,False
14,BATIGOAL,Canestrelli,D,5.5,5.5,True,False
14,BATIGOAL,Rensch,D,6.5,6.5,True,False
14,BATIGOAL,Norton-Cuffy,D,5.0,5.0,True,False
14,BATIGOAL,Zambo Anguissa,C,,,False,False
14,BATIGOAL,Paz N.,C,6.5,6.5,True,False
14,BATIGOAL,Iannoni,C,,,False,False
14,BATIGOAL,Leao,A,6.0,7.0,True,False
14,BATIGOAL,Colombo,A,6.0,6.0,True,False
14,BATIGOAL,Terracciano,P,,,False,True
14,BATIGOAL,Torriani,P,,,False,True
14,BATIGOAL,Vojvoda,D,6.0,6.0,False,True
14,BATIGOAL,Cham,D,,,False,True
14,BATIGOAL,Lovik,D,,,False,True
14,BATIGOAL,Stanciu,C,,,False,True
14,BATIGOAL,Asllani,C,6.0,6.0,True,True
14,BATIGOAL,Da Cunha,C,6.0,6.0,True,True
14,BATIGOAL,Ekhator,A,,,False,True
14,BATIGOAL,Borrelli,A,,,False,True
14,FC MCDONALD,Provedel,P,6.0,7.0,True,False
14,FC MCDONALD,Zappacosta,D,6.0,6.0,True,False
14,FC MCDONALD,Angori,D,6.5,6.5,True,False
14,FC MCDONALD,Di Lorenzo,D,6.5,6.5,True,False
14,FC MCDONALD,Pellegrini Lo.,C,5.5,5.5,True,False
14,FC MCDONALD,Zalewski,C,6.5,7.0,True,False
14,FC MCDONALD,Modric,C,6.0,6.0,True,False
14,FC MCDONALD,Prati,C,,,False,False
14,FC MCDONALD,Berardi,A,,,False,False
14,FC MCDONALD,David,A,,,False,False
14,FC MCDONALD,Giovane,A,5.5,5.5,True,False
14,FC MCDONALD,Mandas,P,,,False,True
14,FC MCDONALD,Vitik,D,6.5,6.0,False,True
14,FC MCDONALD,Viti,D,,,False,True
14,FC MCDONALD,Zemura,D,,,False,True
14,FC MCDONALD,Doig,D,5.0,5.0,False,True
14,FC MCDONALD,Van Der Brempt,D,5.5,5.5,False,True
14,FC MCDONALD,Gudmundsson A.,C,7.5,11.5,True,True
14,FC MCDONALD,Matic,C,5.5,5.0,False,True
14,FC MCDONALD,Deiola,C,6.0,6.0,False,True
14,FC MCDONALD,Zarraga,C,,,False,True
14,FC MCDONALD,Ngonge,A,,,False,True
14,FC MCDONALD,Pedro,A,5.5,5.0,True,True
14,FC MCDONALD,Openda,A,7.0,11.0,True,True
14,ZDENEK ZEMAN,Di Gregorio,P,6.0,5.0,True,False
14,ZDENEK ZEMAN,Olivera,D,5.5,5.5,True,False
14,ZDENEK ZEMAN,Baschirotto,D,6.5,6.5,True,False
14,ZDENEK ZEMAN,Rrahmani,D,6.5,6.5,True,False
14,ZDENEK ZEMAN,Kalulu,D,6.0,6.0,True,False
14,ZDENEK ZEMAN,Politano,C,5.5,5.5,True,False
14,ZDENEK ZEMAN,Mkhitaryan,C,6.0,6.0,True,False
14,ZDENEK ZEMAN,Orsolini,C,7.0,9.5,True,False
14,ZDENEK ZEMAN,Castellanos,A,5.0,5.0,True,False
14,ZDENEK ZEMAN,Pinamonti,A,,,False,False
14,ZDENEK ZEMAN,Cancellieri,A,5.5,5.5,True,False
14,ZDENEK ZEMAN,Nkunku,A,6.5,8.5,True,True
14,ZDENEK ZEMAN,Benedyczak,A,,,False,True
14,ZDENEK ZEMAN,Cutrone,A,5.5,5.5,False,True
14,ZDENEK ZEMAN,Rovella,C,,,False,True
14,ZDENEK ZEMAN,Bernabè,C,6.0,6.0,False,True
14,ZDENEK ZEMAN,Mandragora,C,7.0,10.0,False,True
14,ZDENEK ZEMAN,Zerbin,C,5.5,5.5,False,True
14,ZDENEK ZEMAN,Zhegrova,C,6.0,6.0,False,True
14,ZDENEK ZEMAN,Gaspar K.,D,,,False,True
14,ZDENEK ZEMAN,Gatti,D,,,False,True
14,ZDENEK ZEMAN,Valeri,D,6.0,6.0,False,True
14,ZDENEK ZEMAN,Joao Mario,D,,,False,True
14,ZDENEK ZEMAN,Pinsoglio,P,,,False,True
14,ZDENEK ZEMAN,Perin,P,,,False,True
14,TEAM DELVECCHIO23,Corvi,P,,,False,False
14,TEAM DELVECCHIO23,N'Dicka,D,,,False,False
14,TEAM DELVECCHIO23,Tomori,D,5.5,5.5,True,False
14,TEAM DELVECCHIO23,Mancini,D,5.5,5.5,True,False
14,TEAM DELVECCHIO23,Frattesi,C,6.0,6.0,True,False
14,TEAM DELVECCHIO23,Konè M.,C,6.0,5.5,True,False
14,TEAM DELVECCHIO23,Saelemaekers,C,6.0,6.0,True,False
14,TEAM DELVECCHIO23,Thorstvedt,C,,,False,False
14,TEAM DELVECCHIO23,Scamacca,A,5.5,5.5,True,False
14,TEAM DELVECCHIO23,Bonazzoli,A,6.5,6.5,True,False
14,TEAM DELVECCHIO23,Ferguson E.,A,6.0,6.0,True,False
14,TEAM DELVECCHIO23,Buongiorno,D,6.0,6.0,True,True
14,TEAM DELVECCHIO23,Ostigard,D,,,False,True
14,TEAM DELVECCHIO23,De Vrij,D,,,False,True
14,TEAM DELVECCHIO23,Celik,D,6.0,6.0,False,True
14,TEAM DELVECCHIO23,Floriani Mussolini,D,,,False,True
14,TEAM DELVECCHIO23,Dovbyk,A,,,False,True
14,TEAM DELVECCHIO23,Esposito F.P.,A,7.0,11.0,False,True
14,TEAM DELVECCHIO23,Rodriguez Je.,A,6.5,6.5,False,True
14,TEAM DELVECCHIO23,Ederson D.S.,C,6.0,6.0,True,True
14,TEAM DELVECCHIO23,Bondo,C,6.5,6.5,False,True
14,TEAM DELVECCHIO23,Pisilli,C,,,False,True
14,TEAM DELVECCHIO23,Payero,C,,,False,True
14,TEAM DELVECCHIO23,Rinaldi,P,7.0,7.5,True,True
14,TEAM DELVECCHIO23,Suzuki,P,,,False,True
15,TEAM SJ,Sommer,P,6.0,7.0,True,False
15,TEAM SJ,Bastoni,D,6.0,5.5,True,False
15,TEAM SJ,Bremer,D,6.0,6.0,True,False
15,TEAM SJ,Ramon,D,7.0,10.0,True,False
15,TEAM SJ,Hermoso,D,6.5,6.5,True,False
15,TEAM SJ,Perrone,C,6.5,6.0,True,False
15,TEAM SJ,Cristante,C,6.5,6.5,True,False
15,TEAM SJ,Baturina,C,,,False,False
15,TEAM SJ,Dybala,A,6.5,6.5,True,False
15,TEAM SJ,Davis K.,A,7.0,11.0,True,False
15,TEAM SJ,Douvikas,A,7.0,10.0,True,False
15,TEAM SJ,Martinez Jo.,P,,,False,True
15,TEAM SJ,Di Gennaro,P,,,False,True
15,TEAM SJ,Kuhn,A,,,False,True
15,TEAM SJ,Addai,A,,,False,True
15,TEAM SJ,Morata,A,,,False,True
15,TEAM SJ,Koopmeiners,C,5.5,5.5,True,True
15,TEAM SJ,Tramoni M.,C,5.5,5.0,False,True
15,TEAM SJ,Vazquez,C,,,False,True
15,TEAM SJ,Bailey,C,,,False,True
15,TEAM SJ,El Aynaoui,C,,,False,True
15,TEAM SJ,Scalvini,D,,,False,True
15,TEAM SJ,Barbieri,D,5.5,5.0,False,True
15,TEAM SJ,Tsimikas,D,,,False,True
15,TEAM SJ,Ghilardi,D,6.0,6.0,False,True
15,CHOWPOUROMA,Leali,P,,,False,False
15,CHOWPOUROMA,Cambiaso,D,6.0,6.0,True,False
15,CHOWPOUROMA,Estupinan,D,,,False,False
15,CHOWPOUROMA,Acerbi,D,,,False,False
15,CHOWPOUROMA,Gabbia,D,,,False,False
15,CHOWPOUROMA,Berisha M.,C,,,False,False
15,CHOWPOUROMA,Conceicao,C,,,False,False
15,CHOWPOUROMA,Calhanoglu,C,6.5,6.5,True,False
15,CHOWPOUROMA,Laurientè,A,6.0,6.5,True,False
15,CHOWPOUROMA,Kean,A,5.0,5.0,True,False
15,CHOWPOUROMA,Soulè,A,7.5,10.5,True,False
15,CHOWPOUROMA,Siegrist,P,,,False,True
15,CHOWPOUROMA,Sommariva,P,6.5,3.5,True,True
15,CHOWPOUROMA,Dia,A,,,False,True
15,CHOWPOUROMA,Dzeko,A,,,False,True
15,CHOWPOUROMA,Buffon L.,A,,,False,True
15,CHOWPOUROMA,Volpato,C,6.0,6.0,True,True
15,CHOWPOUROMA,Kostic,C,,,False,True
15,CHOWPOUROMA,De Roon,C,6.0,6.0,True,True
15,CHOWPOUROMA,Ndour,C,5.5,5.5,False,True
15,CHOWPOUROMA,Tiago Gabriel,D,5.5,5.5,True,True
15,CHOWPOUROMA,Tavares N.,D,,,False,True
15,CHOWPOUROMA,Lucumì,D,5.0,5.0,True,True
15,CHOWPOUROMA,Calabresi,D,5.5,5.5,False,True
15,CHOWPOUROMA,De Bruyne,C,,,False,True
15,TEAM DELVECCHIO23,Corvi,P,7.0,7.5,True,False
15,TEAM DELVECCHIO23,N'Dicka,D,,,False,False
15,TEAM DELVECCHIO23,Tomori,D,6.5,6.5,True,False
15,TEAM DELVECCHIO23,Mancini,D,6.5,6.5,True,False
15,TEAM DELVECCHIO23,Frattesi,C,,,False,False
15,TEAM DELVECCHIO23,Konè M.,C,7.5,11.5,True,False
15,TEAM DELVECCHIO23,Saelemaekers,C,6.0,6.0,True,False
15,TEAM DELVECCHIO23,Thorstvedt,C,5.5,5.5,True,False
15,TEAM DELVECCHIO23,Scamacca,A,5.5,5.5,True,False
15,TEAM DELVECCHIO23,Bonazzoli,A,6.0,5.5,True,False
15,TEAM DELVECCHIO23,Ferguson E.,A,7.0,11.0,True,False
15,TEAM DELVECCHIO23,Buongiorno,D,6.0,6.0,True,True
15,TEAM DELVECCHIO23,Ostigard,D,5.0,5.0,False,True
15,TEAM DELVECCHIO23,De Vrij,D,,,False,True
15,TEAM DELVECCHIO23,Celik,D,6.0,6.0,False,True
15,TEAM DELVECCHIO23,Floriani Mussolini,D,,,False,True
15,TEAM DELVECCHIO23,Dovbyk,A,,,False,True
15,TEAM DELVECCHIO23,Esposito F.P.,A,6.5,7.5,False,True
15,TEAM DELVECCHIO23,Rodriguez Je.,A,6.5,6.5,False,True
15,TEAM DELVECCHIO23,Ederson D.S.,C,6.5,6.5,True,True
15,TEAM DELVECCHIO23,Bondo,C,6.0,6.0,False,True
15,TEAM DELVECCHIO23,Pisilli,C,6.0,6.0,False,True
15,TEAM DELVECCHIO23,Payero,C,6.0,6.0,False,True
15,TEAM DELVECCHIO23,Rinaldi,P,,,False,True
15,TEAM DELVECCHIO23,Suzuki,P,,,False,True
15,GALLIFREY,De Gea,P,6.0,5.0,True,False
15,GALLIFREY,Miranda J.,D,6.0,6.0,True,False
15,GALLIFREY,Solet,D,5.5,3.5,True,False
15,GALLIFREY,Carlos Augusto,D,6.0,6.0,True,False
15,GALLIFREY,El Shaarawy,C,6.0,6.0,True,False
15,GALLIFREY,Neres,C,6.0,6.0,True,False
15,GALLIFREY,Barella,C,5.5,5.5,True,False
15,GALLIFREY,Pulisic,C,7.0,11.0,True,False
15,GALLIFREY,De Ketelaere,A,6.0,6.0,True,False
15,GALLIFREY,Hojlund,A,8.0,15.0,True,False
15,GALLIFREY,Esposito Se.,A,5.5,5.5,True,False
15,GALLIFREY,Lezzerini,P,,,False,True
15,GALLIFREY,Martinelli T.,P,,,False,True
15,GALLIFREY,Valle,D,,,False,True
15,GALLIFREY,Akanji,D,7.0,7.0,False,True
15,GALLIFREY,Angelino,D,,,False,True
15,GALLIFREY,Kelly L.,D,6.5,6.5,False,True
15,GALLIFREY,Lykogiannis,D,,,False,True
15,GALLIFREY,Vandeputte,C,,,False,True
15,GALLIFREY,Sucic P.,C,,,False,True
15,GALLIFREY,Frendrup,C,5.5,5.0,False,True
15,GALLIFREY,Casadei,C,,,False,True
15,GALLIFREY,Zapata D.,A,5.5,5.5,False,True
15,GALLIFREY,Lucca,A,,,False,True
15,GALLIFREY,Bonny,A,,,False,True
15,SUMMERED,Svilar,P,6.0,5.0,True,False
15,SUMMERED,Pavlovic,D,6.5,6.5,True,False
15,SUMMERED,Bisseck,D,6.5,6.5,True,False
15,SUMMERED,Palestra,D,7.0,7.0,True,False
15,SUMMERED,Zortea,D,6.5,7.5,True,False
15,SUMMERED,Rabiot,C,7.0,8.0,True,False
15,SUMMERED,Locatelli,C,6.5,6.0,True,False
15,SUMMERED,Vlasic,C,7.0,9.5,True,False
15,SUMMERED,Vardy,A,5.5,5.5,True,False
15,SUMMERED,Pellegrino M.,A,6.5,7.0,True,False
15,SUMMERED,Castro S.,A,5.5,5.5,True,False
15,SUMMERED,Vasquez D.,P,,,False,True
15,SUMMERED,Gollini,P,,,False,True
15,SUMMERED,Delprato,D,,,False,True
15,SUMMERED,Gosens,D,6.0,6.0,False,True
15,SUMMERED,Gutierrez,D,6.0,6.0,False,True
15,SUMMERED,Djimsiti,D,4.0,4.0,False,True
15,SUMMERED,Rowe,C,6.0,6.0,False,True
15,SUMMERED,Serdar,C,6.0,6.0,False,True
15,SUMMERED,Tourè I.,C,5.5,5.5,False,True
15,SUMMERED,Oristanio,C,6.0,6.0,False,True
15,SUMMERED,Carboni V.,C,,,False,True
15,SUMMERED,Stulic,A,5.5,5.5,False,True
15,SUMMERED,Krstovic,A,,,False,True
15,SUMMERED,Gimenez,A,,,False,True
15,BATIGOAL,Maignan,P,6.0,7.0,True,False
15,BATIGOAL,Wesley,D,6.0,6.0,True,False
15,BATIGOAL,Norton-Cuffy,D,5.5,5.5,True,False
15,BATIGOAL,Vasquez,D,5.0,5.0,True,False
15,BATIGOAL,Vojvoda,D,7.0,8.5,True,False
15,BATIGOAL,Rensch,D,,,False,False
15,BATIGOAL,Zaccagni,C,5.5,5.5,True,False
15,BATIGOAL,Paz N.,C,7.5,12.5,True,False
15,BATIGOAL,Da Cunha,C,6.5,6.5,True,False
15,BATIGOAL,Leao,A,,,False,False
15,BATIGOAL,Colombo,A,6.0,6.0,True,False
15,BATIGOAL,Terracciano,P,,,False,True
15,BATIGOAL,Torriani,P,,,False,True
15,BATIGOAL,Canestrelli,D,6.0,6.0,True,True
15,BATIGOAL,Cham,D,,,False,True
15,BATIGOAL,Lovik,D,,,False,True
15,BATIGOAL,Asllani,C,5.5,5.5,False,True
15,BATIGOAL,Iannoni,C,,,False,True
15,BATIGOAL,Stanciu,C,,,False,True
15,BATIGOAL,Borrelli,A,6.0,6.0,True,True
15,BATIGOAL,Ekhator,A,6.5,9.5,False,True
15,FC MCDONALD,Provedel,P,6.0,5.0,True,False
15,FC MCDONALD,Zappacosta,D,5.5,5.5,True,False
15,FC MCDONALD,Angori,D,6.0,5.5,True,False
15,FC MCDONALD,Di Lorenzo,D,6.5,6.5,True,False
15,FC MCDONALD,Pellegrini Lo.,C,,,False,False
15,FC MCDONALD,Zalewski,C,6.5,6.5,True,False
15,FC MCDONALD,Modric,C,7.0,7.0,True,False
15,FC MCDONALD,Prati,C,7.0,10.0,True,False
15,FC MCDONALD,Berardi,A,,,False,False
15,FC MCDONALD,David,A,6.0,6.5,True,False
15,FC MCDONALD,Giovane,A,6.0,6.0,True,False
15,FC MCDONALD,Mandas,P,,,False,True
15,FC MCDONALD,Vitik,D,6.0,6.0,False,True
15,FC MCDONALD,Viti,D,5.5,5.5,False,True
15,FC MCDONALD,Zemura,D,,,False,True
15,FC MCDONALD,Doig,D,6.0,6.0,False,True
15,FC MCDONALD,Van Der Brempt,D,7.0,7.0,False,True
15,FC MCDONALD,Gudmundsson A.,C,6.0,6.0,True,True
15,FC MCDONALD,Matic,C,6.5,6.5,False,True
15,FC MCDONALD,Deiola,C,6.5,6.5,False,True
15,FC MCDONALD,Zarraga,C,,,False,True
15,FC MCDONALD,Ngonge,A,6.0,6.0,True,True
15,FC MCDONALD,Pedro,A,,,False,True
15,FC MCDONALD,Openda,A,5.0,5.0,False,True
15,HIGHRIVER,Skorupski,P,,,False,False
15,HIGHRIVER,Dodò,D,5.5,5.5,True,False
15,HIGHRIVER,Dimarco,D,6.5,6.5,True,False
15,HIGHRIVER,Bellanova,D,,,False,False
15,HIGHRIVER,Maldini,C,,,False,False
15,HIGHRIVER,Isaksen,C,,,False,False
15,HIGHRIVER,Loftus-Cheek,C,6.5,6.5,True,False
15,HIGHRIVER,Odgaard,C,,,False,False
15,HIGHRIVER,Yildiz,A,6.5,9.5,True,False
15,HIGHRIVER,Thuram,A,5.5,5.5,True,False
15,HIGHRIVER,Dominguez B.,A,5.5,5.0,True,False
15,HIGHRIVER,Milinkovic-Savic V.,P,6.0,7.0,True,True
15,HIGHRIVER,Ravaglia F.,P,5.5,4.0,False,True
15,HIGHRIVER,Luperto,D,6.5,6.5,True,True
15,HIGHRIVER,Darmian,D,,,False,True
15,HIGHRIVER,Pierotti,C,5.5,5.5,True,True
15,HIGHRIVER,Keita M.,C,6.5,6.5,True,True
15,HIGHRIVER,Ilkhan,C,,,False,True
15,HIGHRIVER,Adams C.,A,6.5,7.5,False,True
15,HIGHRIVER,Milik,A,,,False,True
15,HIGHRIVER,Sernicola,D,,,False,True
15,HIGHRIVER,Ndaba,D,,,False,True
15,BUSHAOZI,Carnesecchi,P,6.5,5.5,True,False
15,BUSHAOZI,Martin,D,5.5,5.5,True,False
15,BUSHAOZI,Terracciano F.,D,5.5,5.5,True,False
15,BUSHAOZI,Gila,D,5.5,5.5,True,False
15,BUSHAOZI,Pasalic,C,5.5,5.5,True,False
15,BUSHAOZI,Thuram K.,C,5.5,5.5,True,False
15,BUSHAOZI,McTominay,C,6.5,6.5,True,False
15,BUSHAOZI,Fofana Y.,C,6.0,6.0,True,False
15,BUSHAOZI,Lobotka,C,6.5,6.5,True,False
15,BUSHAOZI,Meister,A,,,False,False
15,BUSHAOZI,Martinez L.,A,7.0,11.0,True,False
15,BUSHAOZI,Sportiello,P,,,False,True
15,BUSHAOZI,Rossi F.,P,,,False,True
15,BUSHAOZI,Obert,D,,,False,True
15,BUSHAOZI,Pezzella Giu.,D,5.5,5.5,False,True
15,BUSHAOZI,Bianchetti,D,5.0,5.0,False,True
15,BUSHAOZI,Provstgaard,D,,,False,True
15,BUSHAOZI,Dumfries,D,,,False,True
15,BUSHAOZI,Aebischer,C,6.0,6.0,False,True
15,BUSHAOZI,Dele-Bashiru,C,,,False,True
15,BUSHAOZI,Folorunsho,C,,,False,True
15,BUSHAOZI,Sanabria,A,5.5,5.5,True,True
15,BUSHAOZI,Arena A.,A,,,False,True
15,BUSHAOZI,Vlahovic,A,,,False,True
15,BUSHAOZI,Lookman,A,,,False,True
15,ZDENEK ZEMAN,Di Gregorio,P,6.0,7.0,True,False
15,ZDENEK ZEMAN,Olivera,D,,,False,False
15,ZDENEK ZEMAN,Baschirotto,D,5.0,5.0,True,False
15,ZDENEK ZEMAN,Rrahmani,D,6.0,6.0,True,False
15,ZDENEK ZEMAN,Kalulu,D,7.0,11.0,True,False
15,ZDENEK ZEMAN,Politano,C,6.5,6.5,True,False
15,ZDENEK ZEMAN,Mkhitaryan,C,6.0,6.0,True,False
15,ZDENEK ZEMAN,Orsolini,C,5.5,5.5,True,False
15,ZDENEK ZEMAN,Castellanos,A,6.0,6.0,True,False
15,ZDENEK ZEMAN,Nkunku,A,7.5,12.5,True,False
15,ZDENEK ZEMAN,Cancellieri,A,6.5,6.0,True,False
15,ZDENEK ZEMAN,Pinamonti,A,5.5,5.5,False,True
15,ZDENEK ZEMAN,Benedyczak,A,5.5,5.5,False,True
15,ZDENEK ZEMAN,Cutrone,A,,,False,True
15,ZDENEK ZEMAN,Rovella,C,,,False,True
15,ZDENEK ZEMAN,Mandragora,C,5.5,5.0,False,True
15,ZDENEK ZEMAN,Bernabè,C,6.5,6.5,False,True
15,ZDENEK ZEMAN,Zerbin,C,5.5,5.5,False,True
15,ZDENEK ZEMAN,Zhegrova,C,6.5,6.5,False,True
15,ZDENEK ZEMAN,Gaspar K.,D,,,False,True
15,ZDENEK ZEMAN,Gatti,D,,,False,True
15,ZDENEK ZEMAN,Valeri,D,6.0,6.0,True,True
15,ZDENEK ZEMAN,Joao Mario,D,,,False,True
15,ZDENEK ZEMAN,Pinsoglio,P,,,False,True
15,ZDENEK ZEMAN,Perin,P,,,False,True
16,BATIGOAL,Maignan,P,6.0,7.0,True,False
16,BATIGOAL,Bartesaghi,D,6.5,6.5,True,False
16,BATIGOAL,Norton-Cuffy,D,6.0,6.0,True,False
16,BATIGOAL,Vojvoda,D,6.0,6.0,True,False
16,BATIGOAL,Wesley,D,6.0,6.0,True,False
16,BATIGOAL,Zaccagni,C,5.5,5.0,True,False
16,BATIGOAL,Paz N.,C,6.0,6.0,True,False
16,BATIGOAL,McKennie,C,7.0,11.0,True,False
16,BATIGOAL,Ondrejka,C,6.0,6.0,True,False
16,BATIGOAL,Leao,A,7.0,11.0,True,False
16,BATIGOAL,Kilicsoy,A,5.5,5.5,True,False
16,BATIGOAL,Terracciano,P,,,False,True
16,BATIGOAL,Torriani,P,,,False,True
16,BATIGOAL,Rensch,D,5.5,5.5,False,True
16,BATIGOAL,Canestrelli,D,6.0,5.5,False,True
16,BATIGOAL,Pongracic,D,6.0,6.0,False,True
16,BATIGOAL,Da Cunha,C,7.0,10.0,False,True
16,BATIGOAL,Asllani,C,,,False,True
16,BATIGOAL,Colombo,A,7.0,10.0,False,True
16,BATIGOAL,Banda,A,7.0,10.0,False,True
16,TEAM SJ,Sommer,P,6.0,5.0,True,False
16,TEAM SJ,Bremer,D,5.5,5.5,True,False
16,TEAM SJ,Bastoni,D,6.0,5.5,True,False
16,TEAM SJ,Ramon,D,6.5,6.5,True,False
16,TEAM SJ,Bernasconi,D,6.5,6.5,True,False
16,TEAM SJ,Fagioli,C,6.5,6.5,True,False
16,TEAM SJ,Perrone,C,6.5,6.5,True,False
16,TEAM SJ,Luis Henrique,C,6.0,6.0,True,False
16,TEAM SJ,Vitinha O.,A,6.0,6.0,True,False
16,TEAM SJ,Douvikas,A,6.0,6.0,True,False
16,TEAM SJ,Dybala,A,5.0,5.0,True,False
16,TEAM SJ,Martinez Jo.,P,,,False,True
16,TEAM SJ,Di Gennaro,P,,,False,True
16,TEAM SJ,Davis K.,A,5.5,5.5,False,True
16,TEAM SJ,Addai,A,,,False,True
16,TEAM SJ,Balentien,A,,,False,True
16,TEAM SJ,Bernede,C,5.0,5.0,False,True
16,TEAM SJ,Elmas,C,5.5,5.5,False,True
16,TEAM SJ,Cristante,C,5.5,5.5,False,True
16,TEAM SJ,Tramoni M.,C,,,False,True
16,TEAM SJ,El Aynaoui,C,,,False,True
16,TEAM SJ,Ziolkowski,D,5.5,5.5,False,True
16,TEAM SJ,Hermoso,D,5.5,5.0,False,True
16,TEAM SJ,Scalvini,D,7.0,11.0,False,True
16,TEAM SJ,Diego Carlos,D,,,False,True
16,SUMMERED,Svilar,P,5.0,4.0,True,False
16,SUMMERED,Delprato,D,6.0,6.0,True,False
16,SUMMERED,Muharemovic,D,6.0,6.0,True,False
16,SUMMERED,Bisseck,D,6.0,6.0,True,False
16,SUMMERED,Palestra,D,6.0,5.5,True,False
16,SUMMERED,Rabiot,C,6.5,7.5,True,False
16,SUMMERED,Vlasic,C,6.5,6.5,True,False
16,SUMMERED,Locatelli,C,6.5,6.5,True,False
16,SUMMERED,Vardy,A,5.5,5.5,True,False
16,SUMMERED,Castro S.,A,6.5,9.5,True,False
16,SUMMERED,Pellegrino M.,A,7.0,11.0,True,False
16,SUMMERED,Vasquez D.,P,,,False,True
16,SUMMERED,Gollini,P,,,False,True
16,SUMMERED,Gosens,D,6.0,6.0,False,True
16,SUMMERED,Pavlovic,D,,,False,True
16,SUMMERED,Zortea,D,5.5,5.5,False,True
16,SUMMERED,Djimsiti,D,7.0,7.0,False,True
16,SUMMERED,Tourè I.,C,6.0,6.0,False,True
16,SUMMERED,Serdar,C,6.0,6.0,False,True
16,SUMMERED,Rowe,C,5.0,4.5,False,True
16,SUMMERED,Adzic,C,,,False,True
16,SUMMERED,Oristanio,C,6.0,6.0,False,True
16,SUMMERED,Meister,A,5.5,5.5,False,True
16,SUMMERED,Stulic,A,6.0,6.0,False,True
16,SUMMERED,Krstovic,A,6.0,6.0,False,True
16,FC MCDONALD,Provedel,P,6.0,4.0,True,False
16,FC MCDONALD,Van Der Brempt,D,6.0,6.0,True,False
16,FC MCDONALD,Angori,D,6.5,6.5,True,False
16,FC MCDONALD,Di Lorenzo,D,6.5,6.5,True,False
16,FC MCDONALD,Matic,C,5.5,5.0,True,False
16,FC MCDONALD,Zalewski,C,6.0,7.0,True,False
16,FC MCDONALD,Modric,C,7.0,7.0,True,False
16,FC MCDONALD,Gudmundsson A.,C,6.0,6.0,True,False
16,FC MCDONALD,Simeone,A,7.0,11.0,True,False
16,FC MCDONALD,David,A,4.5,2.5,True,False
16,FC MCDONALD,Giovane,A,6.0,6.0,True,False
16,FC MCDONALD,Mandas,P,,,False,True
16,FC MCDONALD,Vitik,D,5.5,5.0,False,True
16,FC MCDONALD,Viti,D,,,False,True
16,FC MCDONALD,Zemura,D,,,False,True
16,FC MCDONALD,Doig,D,6.5,6.5,False,True
16,FC MCDONALD,Deiola,C,,,False,True
16,FC MCDONALD,Zarraga,C,,,False,True
16,FC MCDONALD,Ngonge,A,,,False,True
16,FC MCDONALD,Berardi,A,,,False,True
16,FC MCDONALD,Openda,A,5.0,5.0,False,True
16,FC MCDONALD,Prati,C,5.5,5.5,False,True
16,FC MCDONALD,Pellegrini Lo.,C,,,False,True
16,FC MCDONALD,Zappacosta,D,6.0,6.0,False,True
16,FC MCDONALD,Falcone,P,8.0,8.5,False,True
16,HIGHRIVER,Skorupski,P,,,False,False
16,HIGHRIVER,Dodò,D,6.0,5.5,True,False
16,HIGHRIVER,Dimarco,D,6.5,7.5,True,False
16,HIGHRIVER,Bellanova,D,,,False,False
16,HIGHRIVER,Maldini,C,6.0,6.0,True,False
16,HIGHRIVER,Isaksen,C,5.5,5.5,True,False
16,HIGHRIVER,Loftus-Cheek,C,6.0,6.0,True,False
16,HIGHRIVER,Odgaard,C,5.5,5.5,True,False
16,HIGHRIVER,Yildiz,A,7.0,7.0,True,False
16,HIGHRIVER,Thuram,A,7.0,10.0,True,False
16,HIGHRIVER,Dominguez B.,A,,,False,False
16,HIGHRIVER,Milinkovic-Savic V.,P,6.0,7.0,True,True
16,HIGHRIVER,Ravaglia F.,P,7.0,4.0,False,True
16,HIGHRIVER,Luperto,D,5.5,5.5,True,True
16,HIGHRIVER,Darmian,D,,,False,True
16,HIGHRIVER,Pierotti,C,5.5,5.5,False,True
16,HIGHRIVER,Keita M.,C,7.0,7.0,False,True
16,HIGHRIVER,Ilkhan,C,6.0,6.0,False,True
16,HIGHRIVER,Adams C.,A,6.0,6.0,True,True
16,HIGHRIVER,Milik,A,,,False,True
16,HIGHRIVER,Sernicola,D,,,False,True
16,HIGHRIVER,Ndaba,D,6.0,6.0,False,True
16,TEAM DELVECCHIO23,Corvi,P,5.5,4.5,True,False
16,TEAM DELVECCHIO23,N'Dicka,D,,,False,False
16,TEAM DELVECCHIO23,Tomori,D,6.0,6.0,True,False
16,TEAM DELVECCHIO23,Mancini,D,6.0,5.5,True,False
16,TEAM DELVECCHIO23,Frattesi,C,,,False,False
16,TEAM DELVECCHIO23,Konè M.,C,5.5,5.5,True,False
16,TEAM DELVECCHIO23,Saelemaekers,C,6.0,5.5,True,False
16,TEAM DELVECCHIO23,Thorstvedt,C,7.0,10.0,True,False
16,TEAM DELVECCHIO23,Scamacca,A,6.0,6.0,True,False
16,TEAM DELVECCHIO23,Bonazzoli,A,5.5,5.5,True,False
16,TEAM DELVECCHIO23,Ferguson E.,A,5.0,5.0,True,False
16,TEAM DELVECCHIO23,Buongiorno,D,,,False,True
16,TEAM DELVECCHIO23,Ostigard,D,6.5,6.5,True,True
16,TEAM DELVECCHIO23,De Vrij,D,,,False,True
16,TEAM DELVECCHIO23,Celik,D,5.5,5.5,False,True
16,TEAM DELVECCHIO23,Floriani Mussolini,D,,,False,True
16,TEAM DELVECCHIO23,Dovbyk,A,5.5,5.5,False,True
16,TEAM DELVECCHIO23,Esposito F.P.,A,6.0,6.0,False,True
16,TEAM DELVECCHIO23,Rodriguez Je.,A,6.5,6.0,False,True
16,TEAM DELVECCHIO23,Ederson D.S.,C,6.0,6.0,True,True
16,TEAM DELVECCHIO23,Bondo,C,5.5,5.0,False,True
16,TEAM DELVECCHIO23,Pisilli,C,,,False,True
16,TEAM DELVECCHIO23,Payero,C,6.0,5.5,False,True
16,TEAM DELVECCHIO23,Rinaldi,P,,,False,True
16,TEAM DELVECCHIO23,Suzuki,P,,,False,True
16,CHOWPOUROMA,Leali,P,5.0,4.0,True,False
16,CHOWPOUROMA,Cambiaso,D,5.0,5.0,True,False
16,CHOWPOUROMA,Spinazzola,D,7.0,11.0,True,False
16,CHOWPOUROMA,Acerbi,D,,,False,False
16,CHOWPOUROMA,Holm,D,5.5,5.5,True,False
16,CHOWPOUROMA,Berisha M.,C,,,False,False
16,CHOWPOUROMA,Conceicao,C,5.5,5.5,True,False
16,CHOWPOUROMA,Calhanoglu,C,6.5,7.0,True,False
16,CHOWPOUROMA,Laurientè,A,6.0,6.0,True,False
16,CHOWPOUROMA,Kean,A,7.0,11.0,True,False
16,CHOWPOUROMA,Soulè,A,5.5,5.5,True,False
16,CHOWPOUROMA,Siegrist,P,,,False,True
16,CHOWPOUROMA,Sommariva,P,,,False,True
16,CHOWPOUROMA,Dia,A,,,False,True
16,CHOWPOUROMA,Dzeko,A,,,False,True
16,CHOWPOUROMA,Buffon L.,A,,,False,True
16,CHOWPOUROMA,Volpato,C,,,False,True
16,CHOWPOUROMA,Bernardeschi,C,,,False,True
16,CHOWPOUROMA,Kostic,C,6.0,6.0,True,True
16,CHOWPOUROMA,De Roon,C,6.5,6.0,False,True
16,CHOWPOUROMA,Tiago Gabriel,D,5.5,5.5,True,True
16,CHOWPOUROMA,Lucumì,D,5.0,5.0,False,True
16,CHOWPOUROMA,Gabbia,D,,,False,True
16,CHOWPOUROMA,Calabresi,D,5.5,5.0,False,True
16,CHOWPOUROMA,De Bruyne,C,,,False,True
16,ZDENEK ZEMAN,Di Gregorio,P,6.0,5.0,True,False
16,ZDENEK ZEMAN,Valeri,D,6.0,6.0,True,False
16,ZDENEK ZEMAN,Baschirotto,D,6.0,6.0,True,False
16,ZDENEK ZEMAN,Rrahmani,D,7.5,10.0,True,False
16,ZDENEK ZEMAN,Kalulu,D,5.5,5.5,True,False
16,ZDENEK ZEMAN,Zaniolo,C,6.0,6.0,True,False
16,ZDENEK ZEMAN,Mandragora,C,6.0,6.0,True,False
16,ZDENEK ZEMAN,Bernabè,C,6.5,6.5,True,False
16,ZDENEK ZEMAN,Orsolini,C,6.0,6.0,True,False
16,ZDENEK ZEMAN,Moreo,A,5.5,5.5,True,False
16,ZDENEK ZEMAN,Pinamonti,A,5.0,5.0,True,False
16,ZDENEK ZEMAN,Castellanos,A,,,False,True
16,ZDENEK ZEMAN,Nkunku,A,,,False,True
16,ZDENEK ZEMAN,Cancellieri,A,5.5,5.5,False,True
16,ZDENEK ZEMAN,Benedyczak,A,,,False,True
16,ZDENEK ZEMAN,Rovella,C,,,False,True
16,ZDENEK ZEMAN,Mkhitaryan,C,6.0,6.0,False,True
16,ZDENEK ZEMAN,Politano,C,7.5,9.5,False,True
16,ZDENEK ZEMAN,Zhegrova,C,6.0,6.0,False,True
16,ZDENEK ZEMAN,Gaspar K.,D,7.0,7.0,False,True
16,ZDENEK ZEMAN,Gatti,D,,,False,True
16,ZDENEK ZEMAN,Juan Jesus,D,6.5,6.5,False,True
16,ZDENEK ZEMAN,Olivera,D,,,False,True
16,ZDENEK ZEMAN,Perin,P,,,False,True
16,ZDENEK ZEMAN,Pinsoglio,P,,,False,True
16,GALLIFREY,Butez,P,6.0,7.0,True,False
16,GALLIFREY,Miranda J.,D,,,False,False
16,GALLIFREY,Akanji,D,6.5,6.5,True,False
16,GALLIFREY,Valle,D,,,False,False
16,GALLIFREY,Carlos Augusto,D,6.0,6.0,True,False
16,GALLIFREY,Neres,C,6.5,6.5,True,False
16,GALLIFREY,Barella,C,6.0,5.5,True,False
16,GALLIFREY,Pulisic,C,,,False,False
16,GALLIFREY,El Shaarawy,C,5.5,5.5,True,False
16,GALLIFREY,Hojlund,A,6.0,6.0,True,False
16,GALLIFREY,De Ketelaere,A,6.0,6.0,True,False
16,GALLIFREY,Cavlina,P,,,False,True
16,GALLIFREY,Vigorito,P,,,False,True
16,GALLIFREY,Angelino,D,,,False,True
16,GALLIFREY,Kelly L.,D,6.0,6.0,True,True
16,GALLIFREY,Solet,D,6.0,6.0,True,True
16,GALLIFREY,Idrissi R.,D,6.0,5.5,False,True
16,GALLIFREY,Vandeputte,C,5.5,5.5,True,True
16,GALLIFREY,Frendrup,C,6.0,6.0,False,True
16,GALLIFREY,Sucic P.,C,6.0,6.0,False,True
16,GALLIFREY,Casadei,C,7.0,10.0,False,True
16,GALLIFREY,Esposito Se.,A,6.0,6.0,False,True
16,GALLIFREY,Bonny,A,,,False,True
16,GALLIFREY,Zapata D.,A,6.0,6.0,False,True
16,GALLIFREY,Lukaku,A,,,False,True
16,BUSHAOZI,Carnesecchi,P,6.5,7.5,True,False
16,BUSHAOZI,Martin,D,6.0,6.0,True,False
16,BUSHAOZI,Terracciano F.,D,6.5,6.5,True,False
16,BUSHAOZI,Bianchetti,D,,,False,False
16,BUSHAOZI,Pasalic,C,,,False,False
16,BUSHAOZI,Thuram K.,C,6.0,6.0,True,False
16,BUSHAOZI,McTominay,C,6.5,6.5,True,False
16,BUSHAOZI,Koopmeiners,C,5.5,5.5,True,False
16,BUSHAOZI,Lobotka,C,7.0,7.0,True,False
16,BUSHAOZI,Cambiaghi,A,5.0,5.0,True,False
16,BUSHAOZI,Martinez L.,A,7.0,12.0,True,False
16,BUSHAOZI,Sportiello,P,,,False,True
16,BUSHAOZI,Rossi F.,P,,,False,True
16,BUSHAOZI,De Winter,D,6.5,6.5,True,True
16,BUSHAOZI,Gila,D,5.5,5.5,False,True
16,BUSHAOZI,Sabelli,D,,,False,True
16,BUSHAOZI,Belghali,D,,,False,True
16,BUSHAOZI,Dumfries,D,,,False,True
16,BUSHAOZI,Adopo,C,5.5,5.5,True,True
16,BUSHAOZI,Folorunsho,C,,,False,True
16,BUSHAOZI,Dele-Bashiru,C,,,False,True
16,BUSHAOZI,Dallinga,A,,,False,True
16,BUSHAOZI,Sulemana K.,A,,,False,True
16,BUSHAOZI,Lucca,A,,,False,True
16,BUSHAOZI,Lookman,A,,,False,True
17,TEAM SJ,Sommer,P,6.0,7.0,True,False
17,TEAM SJ,Bastoni,D,,,False,False
17,TEAM SJ,Scalvini,D,6.5,6.5,True,False
17,TEAM SJ,Ramon,D,6.5,6.0,True,False
17,TEAM SJ,Bremer,D,6.5,6.5,True,False
17,TEAM SJ,Elmas,C,5.5,5.5,True,False
17,TEAM SJ,Perrone,C,7.0,11.0,True,False
17,TEAM SJ,Cristante,C,6.5,6.0,True,False
17,TEAM SJ,Luis Henrique,C,6.0,6.0,True,False
17,TEAM SJ,Douvikas,A,7.5,12.5,True,False
17,TEAM SJ,Dybala,A,6.5,7.5,True,False
17,TEAM SJ,Martinez Jo.,P,,,False,True
17,TEAM SJ,Di Gennaro,P,,,False,True
17,TEAM SJ,Vitinha O.,A,6.5,6.5,False,True
17,TEAM SJ,Davis K.,A,7.0,8.0,False,True
17,TEAM SJ,Addai,A,,,False,True
17,TEAM SJ,Balentien,A,,,False,True
17,TEAM SJ,Bernede,C,6.5,6.5,False,True
17,TEAM SJ,Fagioli,C,7.5,8.0,False,True
17,TEAM SJ,Tramoni M.,C,6.5,6.5,False,True
17,TEAM SJ,El Aynaoui,C,,,False,True
17,TEAM SJ,Bernasconi,D,6.5,6.5,True,True
17,TEAM SJ,Ziolkowski,D,7.0,7.0,False,True
17,TEAM SJ,Diego Carlos,D,,,False,True
17,TEAM SJ,Hermoso,D,,,False,True
17,BUSHAOZI,Carnesecchi,P,6.5,7.5,True,False
17,BUSHAOZI,Martin,D,6.0,6.0,True,False
17,BUSHAOZI,Terracciano F.,D,6.0,6.0,True,False
17,BUSHAOZI,De Winter,D,,,False,False
17,BUSHAOZI,Pasalic,C,,,False,False
17,BUSHAOZI,Thuram K.,C,6.5,6.5,True,False
17,BUSHAOZI,McTominay,C,6.5,9.5,True,False
17,BUSHAOZI,Koopmeiners,C,6.0,6.0,True,False
17,BUSHAOZI,Lobotka,C,6.0,6.0,True,False
17,BUSHAOZI,Cambiaghi,A,6.0,6.0,True,False
17,BUSHAOZI,Martinez L.,A,5.5,5.5,True,False
17,BUSHAOZI,Sportiello,P,,,False,True
17,BUSHAOZI,Rossi F.,P,,,False,True
17,BUSHAOZI,Gila,D,6.0,6.0,True,True
17,BUSHAOZI,Bianchetti,D,5.5,5.5,False,True
17,BUSHAOZI,Sabelli,D,,,False,True
17,BUSHAOZI,Belghali,D,,,False,True
17,BUSHAOZI,Dumfries,D,,,False,True
17,BUSHAOZI,Adopo,C,6.5,9.5,True,True
17,BUSHAOZI,Folorunsho,C,,,False,True
17,BUSHAOZI,Dele-Bashiru,C,,,False,True
17,BUSHAOZI,Dallinga,A,4.5,4.5,False,True
17,BUSHAOZI,Sulemana K.,A,,,False,True
17,BUSHAOZI,Lucca,A,5.5,5.5,False,True
17,BUSHAOZI,Lookman,A,,,False,True
17,CHOWPOUROMA,Leali,P,7.0,5.5,True,False
17,CHOWPOUROMA,Cambiaso,D,6.5,6.5,True,False
17,CHOWPOUROMA,Spinazzola,D,6.0,6.0,True,False
17,CHOWPOUROMA,Acerbi,D,,,False,False
17,CHOWPOUROMA,Holm,D,,,False,False
17,CHOWPOUROMA,Berisha M.,C,,,False,False
17,CHOWPOUROMA,Conceicao,C,,,False,False
17,CHOWPOUROMA,Calhanoglu,C,6.5,6.0,True,False
17,CHOWPOUROMA,Laurientè,A,5.0,5.0,True,False
17,CHOWPOUROMA,Kean,A,5.5,5.5,True,False
17,CHOWPOUROMA,Soulè,A,,,False,False
17,CHOWPOUROMA,Siegrist,P,,,False,True
17,CHOWPOUROMA,Sommariva,P,,,False,True
17,CHOWPOUROMA,Dia,A,,,False,True
17,CHOWPOUROMA,Dzeko,A,,,False,True
17,CHOWPOUROMA,Buffon L.,A,,,False,True
17,CHOWPOUROMA,Volpato,C,,,False,True
17,CHOWPOUROMA,Bernardeschi,C,,,False,True
17,CHOWPOUROMA,Kostic,C,,,False,True
17,CHOWPOUROMA,De Roon,C,6.5,7.5,True,True
17,CHOWPOUROMA,Tiago Gabriel,D,5.5,5.5,True,True
17,CHOWPOUROMA,Lucumì,D,,,False,True
17,CHOWPOUROMA,Gabbia,D,5.0,4.5,True,True
17,CHOWPOUROMA,Calabresi,D,,,False,True
17,CHOWPOUROMA,De Bruyne,C,,,False,True
17,HIGHRIVER,Skorupski,P,,,False,False
17,HIGHRIVER,Dodò,D,6.0,6.0,True,False
17,HIGHRIVER,Dimarco,D,7.5,11.5,True,False
17,HIGHRIVER,Bellanova,D,,,False,False
17,HIGHRIVER,Maldini,C,,,False,False
17,HIGHRIVER,Isaksen,C,5.5,5.5,True,False
17,HIGHRIVER,Loftus-Cheek,C,6.0,6.0,True,False
17,HIGHRIVER,Odgaard,C,,,False,False
17,HIGHRIVER,Yildiz,A,6.5,6.5,True,False
17,HIGHRIVER,Thuram,A,7.0,9.5,True,False
17,HIGHRIVER,Dominguez B.,A,,,False,False
17,HIGHRIVER,Milinkovic-Savic V.,P,6.0,4.0,True,True
17,HIGHRIVER,Ravaglia F.,P,6.0,4.0,False,True
17,HIGHRIVER,Luperto,D,5.0,4.5,True,True
17,HIGHRIVER,Darmian,D,,,False,True
17,HIGHRIVER,Pierotti,C,5.0,5.0,True,True
17,HIGHRIVER,Keita M.,C,6.0,6.0,True,True
17,HIGHRIVER,Ilkhan,C,5.5,5.5,False,True
17,HIGHRIVER,Adams C.,A,5.5,5.5,True,True
17,HIGHRIVER,Milik,A,,,False,True
17,HIGHRIVER,Sernicola,D,,,False,True
17,HIGHRIVER,Ndaba,D,,,False,True
17,GALLIFREY,Butez,P,7.0,10.0,True,False
17,GALLIFREY,Carlos Augusto,D,6.5,6.0,True,False
17,GALLIFREY,Akanji,D,7.0,7.0,True,False
17,GALLIFREY,Miranda J.,D,6.0,6.0,True,False
17,GALLIFREY,El Shaarawy,C,6.0,6.0,True,False
17,GALLIFREY,Vandeputte,C,5.5,5.5,True,False
17,GALLIFREY,Barella,C,6.5,7.5,True,False
17,GALLIFREY,Pulisic,C,6.0,6.0,True,False
17,GALLIFREY,Esposito Se.,A,6.0,6.0,True,False
17,GALLIFREY,Hojlund,A,5.5,5.5,True,False
17,GALLIFREY,De Ketelaere,A,7.5,8.5,True,False
17,GALLIFREY,Cavlina,P,,,False,True
17,GALLIFREY,Vigorito,P,,,False,True
17,GALLIFREY,Valle,D,6.0,6.0,False,True
17,GALLIFREY,Angelino,D,,,False,True
17,GALLIFREY,Solet,D,6.0,6.0,False,True
17,GALLIFREY,Idrissi R.,D,,,False,True
17,GALLIFREY,Kelly L.,D,,,False,True
17,GALLIFREY,Sucic P.,C,5.5,5.5,False,True
17,GALLIFREY,Frendrup,C,6.0,6.0,False,True
17,GALLIFREY,Casadei,C,6.5,9.0,False,True
17,GALLIFREY,Neres,C,,,False,True
17,GALLIFREY,Bonny,A,,,False,True
17,GALLIFREY,Zapata D.,A,6.0,6.0,False,True
17,GALLIFREY,Lukaku,A,,,False,True
17,FC MCDONALD,Provedel,P,6.0,4.0,True,False
17,FC MCDONALD,Van Der Brempt,D,,,False,False
17,FC MCDONALD,Angori,D,6.0,6.0,True,False
17,FC MCDONALD,Di Lorenzo,D,6.5,10.5,True,False
17,FC MCDONALD,Matic,C,6.0,6.0,True,False
17,FC MCDONALD,Zalewski,C,6.5,6.5,True,False
17,FC MCDONALD,Modric,C,6.0,6.0,True,False
17,FC MCDONALD,Gudmundsson A.,C,7.0,9.0,True,False
17,FC MCDONALD,Simeone,A,5.0,5.0,True,False
17,FC MCDONALD,David,A,7.5,11.5,True,False
17,FC MCDONALD,Giovane,A,5.5,5.5,True,False
17,FC MCDONALD,Mandas,P,,,False,True
17,FC MCDONALD,Vitik,D,5.0,5.0,True,True
17,FC MCDONALD,Viti,D,,,False,True
17,FC MCDONALD,Zemura,D,,,False,True
17,FC MCDONALD,Doig,D,5.0,5.0,False,True
17,FC MCDONALD,Deiola,C,,,False,True
17,FC MCDONALD,Zarraga,C,,,False,True
17,FC MCDONALD,Ngonge,A,6.0,6.0,False,True
17,FC MCDONALD,Berardi,A,,,False,True
17,FC MCDONALD,Openda,A,,,False,True
17,FC MCDONALD,Prati,C,5.5,5.5,False,True
17,FC MCDONALD,Pellegrini Lo.,C,,,False,True
17,FC MCDONALD,Zappacosta,D,6.0,6.0,False,True
17,FC MCDONALD,Falcone,P,6.0,4.0,False,True
17,BATIGOAL,Maignan,P,6.0,4.5,True,False
17,BATIGOAL,Bartesaghi,D,5.0,5.0,True,False
17,BATIGOAL,Vojvoda,D,6.5,6.5,True,False
17,BATIGOAL,Wesley,D,6.0,6.0,True,False
17,BATIGOAL,Zaccagni,C,6.0,5.5,True,False
17,BATIGOAL,Paz N.,C,6.0,6.0,True,False
17,BATIGOAL,Atta,C,6.5,6.5,True,False
17,BATIGOAL,McKennie,C,6.5,6.5,True,False
17,BATIGOAL,Leao,A,7.0,11.0,True,False
17,BATIGOAL,Kilicsoy,A,6.5,6.5,True,False
17,BATIGOAL,Banda,A,5.5,5.0,True,False
17,BATIGOAL,Terracciano,P,,,False,True
17,BATIGOAL,Torriani,P,,,False,True
17,BATIGOAL,Rensch,D,,,False,True
17,BATIGOAL,Norton-Cuffy,D,6.0,6.0,False,True
17,BATIGOAL,Canestrelli,D,5.5,5.5,False,True
17,BATIGOAL,Pongracic,D,5.0,4.5,False,True
17,BATIGOAL,Zambo Anguissa,C,,,False,True
17,BATIGOAL,Da Cunha,C,5.5,5.0,False,True
17,BATIGOAL,Ondrejka,C,6.5,6.5,False,True
17,BATIGOAL,Asllani,C,,,False,True
17,BATIGOAL,Colombo,A,7.0,10.0,False,True
17,BATIGOAL,Diao,A,,,False,True
17,BATIGOAL,Arena A.,A,,,False,True
17,TEAM DELVECCHIO23,Corvi,P,6.0,4.0,True,False
17,TEAM DELVECCHIO23,Buongiorno,D,5.0,5.0,True,False
17,TEAM DELVECCHIO23,Tomori,D,6.0,5.5,True,False
17,TEAM DELVECCHIO23,Celik,D,6.5,6.5,True,False
17,TEAM DELVECCHIO23,Frattesi,C,,,False,False
17,TEAM DELVECCHIO23,Konè M.,C,6.0,6.0,True,False
17,TEAM DELVECCHIO23,Saelemaekers,C,6.0,6.0,True,False
17,TEAM DELVECCHIO23,Thorstvedt,C,6.0,6.0,True,False
17,TEAM DELVECCHIO23,Scamacca,A,,,False,False
17,TEAM DELVECCHIO23,Bonazzoli,A,7.0,7.5,True,False
17,TEAM DELVECCHIO23,Dovbyk,A,7.0,10.0,True,False
17,TEAM DELVECCHIO23,De Vrij,D,,,False,True
17,TEAM DELVECCHIO23,N'Dicka,D,,,False,True
17,TEAM DELVECCHIO23,Ostigard,D,6.5,6.5,False,True
17,TEAM DELVECCHIO23,Mancini,D,,,False,True
17,TEAM DELVECCHIO23,Floriani Mussolini,D,5.0,5.0,False,True
17,TEAM DELVECCHIO23,Rodriguez Je.,A,6.5,7.5,True,True
17,TEAM DELVECCHIO23,Ferguson E.,A,7.0,11.0,False,True
17,TEAM DELVECCHIO23,Esposito F.P.,A,6.5,6.5,False,True
17,TEAM DELVECCHIO23,Ederson D.S.,C,6.5,6.5,True,True
17,TEAM DELVECCHIO23,Bondo,C,6.0,5.5,False,True
17,TEAM DELVECCHIO23,Pisilli,C,6.5,7.5,False,True
17,TEAM DELVECCHIO23,Payero,C,5.5,5.5,False,True
17,TEAM DELVECCHIO23,Rinaldi,P,,,False,True
17,TEAM DELVECCHIO23,Suzuki,P,,,False,True
17,ZDENEK ZEMAN,Di Gregorio,P,6.0,7.0,True,False
17,ZDENEK ZEMAN,Valeri,D,6.0,6.0,True,False
17,ZDENEK ZEMAN,Baschirotto,D,5.5,5.5,True,False
17,ZDENEK ZEMAN,Rrahmani,D,6.0,6.0,True,False
17,ZDENEK ZEMAN,Kalulu,D,6.5,6.5,True,False
17,ZDENEK ZEMAN,Orsolini,C,5.0,5.0,True,False
17,ZDENEK ZEMAN,Zaniolo,C,7.0,10.0,True,False
17,ZDENEK ZEMAN,Mandragora,C,6.5,6.5,True,False
17,ZDENEK ZEMAN,Zhegrova,C,,,False,False
17,ZDENEK ZEMAN,Politano,C,5.5,5.5,True,False
17,ZDENEK ZEMAN,Cancellieri,A,6.0,5.5,True,False
17,ZDENEK ZEMAN,Castellanos,A,,,False,True
17,ZDENEK ZEMAN,Nkunku,A,,,False,True
17,ZDENEK ZEMAN,Moreo,A,5.5,5.5,False,True
17,ZDENEK ZEMAN,Pinamonti,A,5.0,5.0,False,True
17,ZDENEK ZEMAN,Benedyczak,A,,,False,True
17,ZDENEK ZEMAN,Rovella,C,,,False,True
17,ZDENEK ZEMAN,Bernabè,C,5.5,5.5,True,True
17,ZDENEK ZEMAN,Mkhitaryan,C,6.0,6.0,False,True
17,ZDENEK ZEMAN,Gatti,D,,,False,True
17,ZDENEK ZEMAN,Gaspar K.,D,5.0,4.5,False,True
17,ZDENEK ZEMAN,Juan Jesus,D,,,False,True
17,ZDENEK ZEMAN,Olivera,D,,,False,True
17,ZDENEK ZEMAN,Perin,P,,,False,True
17,ZDENEK ZEMAN,Pinsoglio,P,,,False,True
17,SUMMERED,Svilar,P,6.0,7.0,True,False
17,SUMMERED,Gosens,D,7.0,9.5,True,False
17,SUMMERED,Pavlovic,D,6.0,5.5,True,False
17,SUMMERED,Muharemovic,D,4.5,2.5,True,False
17,SUMMERED,Zortea,D,5.5,5.5,True,False
17,SUMMERED,Rabiot,C,6.5,6.5,True,False
17,SUMMERED,Vlasic,C,5.0,5.0,True,False
17,SUMMERED,Locatelli,C,7.0,7.0,True,False
17,SUMMERED,Vardy,A,7.5,11.0,True,False
17,SUMMERED,Pellegrino M.,A,5.5,5.5,True,False
17,SUMMERED,Castro S.,A,5.5,5.5,True,False
17,SUMMERED,Vasquez D.,P,,,False,True
17,SUMMERED,Gollini,P,,,False,True
17,SUMMERED,Djimsiti,D,7.0,7.0,False,True
17,SUMMERED,Palestra,D,6.5,6.5,False,True
17,SUMMERED,Bisseck,D,7.0,7.0,False,True
17,SUMMERED,Delprato,D,5.0,5.0,False,True
17,SUMMERED,Tourè I.,C,5.5,5.5,False,True
17,SUMMERED,Rowe,C,6.0,6.0,False,True
17,SUMMERED,Adzic,C,,,False,True
17,SUMMERED,Oristanio,C,5.0,5.0,False,True
17,SUMMERED,Serdar,C,,,False,True
17,SUMMERED,Meister,A,,,False,True
17,SUMMERED,Krstovic,A,7.5,14.5,False,True
17,SUMMERED,Stulic,A,5.5,5.5,False,True
18,TEAM DELVECCHIO23,Corvi,P,6.0,5.0,True,False
18,TEAM DELVECCHIO23,Ostigard,D,7.5,10.5,True,False
18,TEAM DELVECCHIO23,Mancini,D,6.5,6.5,True,False
18,TEAM DELVECCHIO23,Celik,D,6.5,6.5,True,False
18,TEAM DELVECCHIO23,Frattesi,C,,,False,False
18,TEAM DELVECCHIO23,Konè M.,C,7.0,10.5,True,False
18,TEAM DELVECCHIO23,Saelemaekers,C,6.5,6.5,True,False
18,TEAM DELVECCHIO23,Ederson D.S.,C,6.5,6.5,True,False
18,TEAM DELVECCHIO23,Scamacca,A,6.5,7.5,True,False
18,TEAM DELVECCHIO23,Ferguson E.,A,5.5,5.5,True,False
18,TEAM DELVECCHIO23,Rodriguez Je.,A,7.0,7.5,True,False
18,TEAM DELVECCHIO23,De Vrij,D,,,False,True
18,TEAM DELVECCHIO23,Buongiorno,D,,,False,True
18,TEAM DELVECCHIO23,N'Dicka,D,,,False,True
18,TEAM DELVECCHIO23,Tomori,D,,,False,True
18,TEAM DELVECCHIO23,Floriani Mussolini,D,5.0,5.0,False,True
18,TEAM DELVECCHIO23,Bonazzoli,A,5.5,5.5,False,True
18,TEAM DELVECCHIO23,Esposito F.P.,A,,,False,True
18,TEAM DELVECCHIO23,Dovbyk,A,,,False,True
18,TEAM DELVECCHIO23,Pisilli,C,6.5,6.5,True,True
18,TEAM DELVECCHIO23,Bondo,C,5.0,5.0,False,True
18,TEAM DELVECCHIO23,Payero,C,,,False,True
18,TEAM DELVECCHIO23,Rinaldi,P,,,False,True
18,TEAM DELVECCHIO23,Suzuki,P,,,False,True
18,TEAM SJ,Sommer,P,6.0,4.0,True,False
18,TEAM SJ,Scalvini,D,6.5,6.5,True,False
18,TEAM SJ,Bremer,D,7.0,11.0,True,False
18,TEAM SJ,Bastoni,D,6.0,6.0,True,False
18,TEAM SJ,Ziolkowski,D,,,False,False
18,TEAM SJ,Luis Henrique,C,5.5,5.5,True,False
18,TEAM SJ,Perrone,C,6.5,6.5,True,False
18,TEAM SJ,Fagioli,C,6.0,5.5,True,False
18,TEAM SJ,Davis K.,A,6.5,8.5,True,False
18,TEAM SJ,Douvikas,A,5.5,5.5,True,False
18,TEAM SJ,Dybala,A,6.5,6.5,True,False
18,TEAM SJ,Martinez Jo.,P,,,False,True
18,TEAM SJ,Di Gennaro,P,,,False,True
18,TEAM SJ,Vitinha O.,A,6.5,6.5,False,True
18,TEAM SJ,Addai,A,,,False,True
18,TEAM SJ,Balentien,A,,,False,True
18,TEAM SJ,Elmas,C,6.5,7.5,False,True
18,TEAM SJ,Bernede,C,5.5,5.5,False,True
18,TEAM SJ,Tramoni M.,C,7.5,10.5,False,True
18,TEAM SJ,Cristante,C,,,False,True
18,TEAM SJ,El Aynaoui,C,,,False,True
18,TEAM SJ,Bernasconi,D,6.5,7.5,True,True
18,TEAM SJ,Hermoso,D,6.0,5.5,False,True
18,TEAM SJ,Diego Carlos,D,5.5,5.5,False,True
18,TEAM SJ,Ramon,D,,,False,True
18,BUSHAOZI,Carnesecchi,P,7.0,8.0,True,False
18,BUSHAOZI,Martin,D,7.0,8.0,True,False
18,BUSHAOZI,Terracciano F.,D,4.0,2.0,True,False
18,BUSHAOZI,Gila,D,6.5,6.5,True,False
18,BUSHAOZI,Pasalic,C,7.0,10.0,True,False
18,BUSHAOZI,Thuram K.,C,7.0,8.0,True,False
18,BUSHAOZI,McTominay,C,7.5,14.5,True,False
18,BUSHAOZI,Koopmeiners,C,6.0,6.0,True,False
18,BUSHAOZI,Lobotka,C,6.0,6.0,True,False
18,BUSHAOZI,Cambiaghi,A,6.0,8.0,True,False
18,BUSHAOZI,Martinez L.,A,5.5,5.5,True,False
18,BUSHAOZI,Sportiello,P,,,False,True
18,BUSHAOZI,Rossi F.,P,,,False,True
18,BUSHAOZI,De Winter,D,5.5,5.5,False,True
18,BUSHAOZI,Bianchetti,D,4.5,4.5,False,True
18,BUSHAOZI,Sabelli,D,,,False,True
18,BUSHAOZI,Belghali,D,,,False,True
18,BUSHAOZI,Dumfries,D,,,False,True
18,BUSHAOZI,Adopo,C,5.0,4.5,False,True
18,BUSHAOZI,Folorunsho,C,,,False,True
18,BUSHAOZI,Dele-Bashiru,C,,,False,True
18,BUSHAOZI,Dallinga,A,,,False,True
18,BUSHAOZI,Sulemana K.,A,,,False,True
18,BUSHAOZI,Lucca,A,,,False,True
18,BUSHAOZI,Lookman,A,,,False,True
18,BATIGOAL,Maignan,P,6.5,5.5,True,False
18,BATIGOAL,Bartesaghi,D,5.0,5.0,True,False
18,BATIGOAL,Vojvoda,D,5.0,5.0,True,False
18,BATIGOAL,Wesley,D,6.5,6.5,True,False
18,BATIGOAL,Ondrejka,C,6.0,6.0,True,False
18,BATIGOAL,Paz N.,C,6.5,6.0,True,False
18,BATIGOAL,Atta,C,6.5,6.5,True,False
18,BATIGOAL,McKennie,C,7.5,10.5,True,False
18,BATIGOAL,Leao,A,5.5,5.5,True,False
18,BATIGOAL,Colombo,A,7.0,11.0,True,False
18,BATIGOAL,Banda,A,5.5,5.5,True,False
18,BATIGOAL,Terracciano,P,,,False,True
18,BATIGOAL,Torriani,P,,,False,True
18,BATIGOAL,Rensch,D,,,False,True
18,BATIGOAL,Norton-Cuffy,D,6.0,6.0,False,True
18,BATIGOAL,Canestrelli,D,5.5,5.5,False,True
18,BATIGOAL,Pongracic,D,6.0,6.0,False,True
18,BATIGOAL,Zambo Anguissa,C,,,False,True
18,BATIGOAL,Da Cunha,C,5.5,5.0,False,True
18,BATIGOAL,Asllani,C,,,False,True
18,BATIGOAL,Diao,A,,,False,True
18,BATIGOAL,Arena A.,A,,,False,True
18,BATIGOAL,Kilicsoy,A,5.0,5.0,False,True
18,FC MCDONALD,Provedel,P,6.5,7.5,True,False
18,FC MCDONALD,Van Der Brempt,D,5.5,5.0,True,False
18,FC MCDONALD,Angori,D,6.5,6.5,True,False
18,FC MCDONALD,Di Lorenzo,D,6.5,6.5,True,False
18,FC MCDONALD,Matic,C,6.0,5.5,True,False
18,FC MCDONALD,Zalewski,C,6.5,6.5,True,False
18,FC MCDONALD,Modric,C,,,False,False
18,FC MCDONALD,Gudmundsson A.,C,6.5,7.5,True,False
18,FC MCDONALD,Simeone,A,5.5,5.5,True,False
18,FC MCDONALD,David,A,7.0,10.0,True,False
18,FC MCDONALD,Giovane,A,6.0,6.0,True,False
18,FC MCDONALD,Mandas,P,,,False,True
18,FC MCDONALD,Vitik,D,6.5,6.5,False,True
18,FC MCDONALD,Viti,D,,,False,True
18,FC MCDONALD,Zemura,D,,,False,True
18,FC MCDONALD,Doig,D,5.5,5.5,False,True
18,FC MCDONALD,Deiola,C,,,False,True
18,FC MCDONALD,Zarraga,C,,,False,True
18,FC MCDONALD,Ngonge,A,5.5,5.5,False,True
18,FC MCDONALD,Berardi,A,,,False,True
18,FC MCDONALD,Openda,A,,,False,True
18,FC MCDONALD,Prati,C,5.5,5.5,True,True
18,FC MCDONALD,Pellegrini Lo.,C,,,False,True
18,FC MCDONALD,Zappacosta,D,6.0,6.0,False,True
18,FC MCDONALD,Falcone,P,6.0,4.0,False,True
18,CHOWPOUROMA,Leali,P,7.0,8.0,True,False
18,CHOWPOUROMA,Cambiaso,D,6.0,6.0,True,False
18,CHOWPOUROMA,Spinazzola,D,6.5,6.5,True,False
18,CHOWPOUROMA,Acerbi,D,,,False,False
18,CHOWPOUROMA,Holm,D,,,False,False
18,CHOWPOUROMA,Berisha M.,C,,,False,False
18,CHOWPOUROMA,Conceicao,C,,,False,False
18,CHOWPOUROMA,Calhanoglu,C,6.5,8.5,True,False
18,CHOWPOUROMA,Laurientè,A,6.0,6.0,True,False
18,CHOWPOUROMA,Kean,A,5.5,5.0,True,False
18,CHOWPOUROMA,Soulè,A,7.5,11.5,True,False
18,CHOWPOUROMA,Siegrist,P,,,False,True
18,CHOWPOUROMA,Sommariva,P,,,False,True
18,CHOWPOUROMA,Dia,A,,,False,True
18,CHOWPOUROMA,Dzeko,A,,,False,True
18,CHOWPOUROMA,Buffon L.,A,,,False,True
18,CHOWPOUROMA,Volpato,C,,,False,True
18,CHOWPOUROMA,Bernardeschi,C,,,False,True
18,CHOWPOUROMA,Kostic,C,,,False,True
18,CHOWPOUROMA,De Roon,C,6.0,6.0,True,True
18,CHOWPOUROMA,Tiago Gabriel,D,5.0,3.0,True,True
18,CHOWPOUROMA,Lucumì,D,5.5,5.5,True,True
18,CHOWPOUROMA,Gabbia,D,6.0,6.0,False,True
18,CHOWPOUROMA,Calabresi,D,6.0,6.0,False,True
18,CHOWPOUROMA,De Bruyne,C,,,False,True
18,HIGHRIVER,Skorupski,P,,,False,False
18,HIGHRIVER,Dodò,D,6.5,6.5,True,False
18,HIGHRIVER,Dimarco,D,7.0,10.0,True,False
18,HIGHRIVER,Bellanova,D,,,False,False
18,HIGHRIVER,Maldini,C,,,False,False
18,HIGHRIVER,Isaksen,C,6.0,6.0,True,False
18,HIGHRIVER,Loftus-Cheek,C,5.5,5.5,True,False
18,HIGHRIVER,Odgaard,C,,,False,False
18,HIGHRIVER,Yildiz,A,7.0,8.0,True,False
18,HIGHRIVER,Thuram,A,6.5,7.5,True,False
18,HIGHRIVER,Dominguez B.,A,,,False,False
18,HIGHRIVER,Milinkovic-Savic V.,P,6.0,4.0,True,True
18,HIGHRIVER,Ravaglia F.,P,6.0,5.0,False,True
18,HIGHRIVER,Luperto,D,5.0,4.5,True,True
18,HIGHRIVER,Darmian,D,,,False,True
18,HIGHRIVER,Pierotti,C,5.5,5.0,True,True
18,HIGHRIVER,Keita M.,C,5.5,5.5,True,True
18,HIGHRIVER,Ilkhan,C,6.5,6.0,False,True
18,HIGHRIVER,Adams C.,A,6.0,6.0,True,True
18,HIGHRIVER,Milik,A,,,False,True
18,HIGHRIVER,Sernicola,D,,,False,True
18,HIGHRIVER,Ndaba,D,5.5,5.5,False,True
18,ZDENEK ZEMAN,Di Gregorio,P,6.5,7.5,True,False
18,ZDENEK ZEMAN,Valeri,D,6.0,6.0,True,False
18,ZDENEK ZEMAN,Gaspar K.,D,5.0,4.0,True,False
18,ZDENEK ZEMAN,Rrahmani,D,6.0,5.5,True,False
18,ZDENEK ZEMAN,Kalulu,D,6.5,7.5,True,False
18,ZDENEK ZEMAN,Orsolini,C,,,False,False
18,ZDENEK ZEMAN,Zaniolo,C,6.5,7.0,True,False
18,ZDENEK ZEMAN,Mandragora,C,6.0,6.0,True,False
18,ZDENEK ZEMAN,Bernabè,C,7.5,8.5,True,False
18,ZDENEK ZEMAN,Politano,C,6.0,6.0,True,False
18,ZDENEK ZEMAN,Cancellieri,A,6.5,6.0,True,False
18,ZDENEK ZEMAN,Castellanos,A,,,False,True
18,ZDENEK ZEMAN,Moreo,A,6.0,5.5,False,True
18,ZDENEK ZEMAN,Nkunku,A,7.0,11.0,False,True
18,ZDENEK ZEMAN,Pinamonti,A,5.5,5.5,False,True
18,ZDENEK ZEMAN,Benedyczak,A,,,False,True
18,ZDENEK ZEMAN,Rovella,C,5.5,5.5,True,True
18,ZDENEK ZEMAN,Mkhitaryan,C,6.5,6.5,False,True
18,ZDENEK ZEMAN,Gatti,D,,,False,True
18,ZDENEK ZEMAN,Juan Jesus,D,5.5,5.0,False,True
18,ZDENEK ZEMAN,Olivera,D,,,False,True
18,ZDENEK ZEMAN,Baschirotto,D,4.0,4.0,False,True
18,ZDENEK ZEMAN,Perin,P,,,False,True
18,ZDENEK ZEMAN,Pinsoglio,P,,,False,True
18,ZDENEK ZEMAN,Zhegrova,C,6.0,6.0,False,True
18,SUMMERED,Svilar,P,6.5,7.5,True,False
18,SUMMERED,Bisseck,D,5.5,5.5,True,False
18,SUMMERED,Pavlovic,D,6.0,6.0,True,False
18,SUMMERED,Djimsiti,D,6.0,6.0,True,False
18,SUMMERED,Palestra,D,5.5,5.5,True,False
18,SUMMERED,Rabiot,C,5.5,5.0,True,False
18,SUMMERED,Locatelli,C,6.5,6.5,True,False
18,SUMMERED,Rowe,C,5.5,5.5,True,False
18,SUMMERED,Pellegrino M.,A,7.0,11.0,True,False
18,SUMMERED,Krstovic,A,6.0,6.0,True,False
18,SUMMERED,Castro S.,A,6.5,7.0,True,False
18,SUMMERED,Vasquez D.,P,,,False,True
18,SUMMERED,Gollini,P,,,False,True
18,SUMMERED,Delprato,D,6.0,5.5,False,True
18,SUMMERED,Zortea,D,5.5,5.0,False,True
18,SUMMERED,Gosens,D,6.5,6.5,False,True
18,SUMMERED,Muharemovic,D,6.0,6.0,False,True
18,SUMMERED,Vlasic,C,5.5,5.5,False,True
18,SUMMERED,Adzic,C,6.0,6.0,False,True
18,SUMMERED,Serdar,C,5.5,5.5,False,True
18,SUMMERED,Tourè I.,C,6.0,6.0,False,True
18,SUMMERED,Oristanio,C,6.0,6.0,False,True
18,SUMMERED,Stulic,A,7.0,10.0,False,True
18,SUMMERED,Vardy,A,5.0,5.0,False,True
18,SUMMERED,Meister,A,7.0,11.0,False,True
18,GALLIFREY,Butez,P,6.0,5.0,True,False
18,GALLIFREY,Kelly L.,D,6.5,6.5,True,False
18,GALLIFREY,Carlos Augusto,D,,,False,False
18,GALLIFREY,Solet,D,6.0,6.0,True,False
18,GALLIFREY,El Shaarawy,C,7.0,8.0,True,False
18,GALLIFREY,Neres,C,,,False,False
18,GALLIFREY,Barella,C,5.5,5.5,True,False
18,GALLIFREY,Pulisic,C,6.0,6.0,True,False
18,GALLIFREY,Esposito Se.,A,6.5,6.5,True,False
18,GALLIFREY,Hojlund,A,6.5,6.5,True,False
18,GALLIFREY,De Ketelaere,A,7.5,11.5,True,False
18,GALLIFREY,Cavlina,P,,,False,True
18,GALLIFREY,Vigorito,P,,,False,True
18,GALLIFREY,Valle,D,,,False,True
18,GALLIFREY,Akanji,D,5.5,5.5,True,True
18,GALLIFREY,Miranda J.,D,6.5,6.5,False,True
18,GALLIFREY,Idrissi R.,D,5.0,5.0,False,True
18,GALLIFREY,Angelino,D,,,False,True
18,GALLIFREY,Frendrup,C,7.0,9.5,True,True
18,GALLIFREY,Vandeputte,C,6.0,6.0,False,True
18,GALLIFREY,Sucic P.,C,,,False,True
18,GALLIFREY,Casadei,C,,,False,True
18,GALLIFREY,Bonny,A,,,False,True
18,GALLIFREY,Zapata D.,A,5.0,5.0,False,True
18,GALLIFREY,Lukaku,A,,,False,True
19,SUMMERED,Svilar,P,6.0,7.0,True,False
19,SUMMERED,Pavlovic,D,,,False,False
19,SUMMERED,Bisseck,D,6.0,6.0,True,False
19,SUMMERED,Delprato,D,6.0,6.0,True,False
19,SUMMERED,Zortea,D,6.0,6.0,True,False
19,SUMMERED,Rabiot,C,6.5,6.5,True,False
19,SUMMERED,Locatelli,C,6.0,6.0,True,False
19,SUMMERED,Baldanzi,C,,,False,False
19,SUMMERED,Vardy,A,5.5,5.0,True,False
19,SUMMERED,Pellegrino M.,A,5.5,5.5,True,False
19,SUMMERED,Castro S.,A,5.5,5.5,True,False
19,SUMMERED,Vasquez D.,P,,,False,True
19,SUMMERED,Gollini,P,,,False,True
19,SUMMERED,Palestra,D,6.5,6.5,True,True
19,SUMMERED,Muharemovic,D,6.0,6.0,False,True
19,SUMMERED,Gosens,D,6.0,6.0,False,True
19,SUMMERED,Djimsiti,D,,,False,True
19,SUMMERED,Rowe,C,7.0,8.0,True,True
19,SUMMERED,Tourè I.,C,6.5,6.5,False,True
19,SUMMERED,Brescianini,C,5.5,5.5,False,True
19,SUMMERED,Serdar,C,6.0,6.0,False,True
19,SUMMERED,Vlasic,C,5.0,4.5,False,True
19,SUMMERED,Stulic,A,5.5,5.5,False,True
19,SUMMERED,Krstovic,A,7.0,10.0,False,True
19,SUMMERED,Luvumbo,A,,,False,True
19,ZDENEK ZEMAN,Di Gregorio,P,,,False,False
19,ZDENEK ZEMAN,Valeri,D,6.5,6.5,True,False
19,ZDENEK ZEMAN,Baschirotto,D,6.5,6.5,True,False
19,ZDENEK ZEMAN,Rrahmani,D,6.5,6.5,True,False
19,ZDENEK ZEMAN,Kalulu,D,5.5,5.5,True,False
19,ZDENEK ZEMAN,Politano,C,5.5,5.5,True,False
19,ZDENEK ZEMAN,Bernabè,C,6.0,6.0,True,False
19,ZDENEK ZEMAN,Gaetano,C,6.5,7.5,True,False
19,ZDENEK ZEMAN,Orsolini,C,5.5,5.5,True,False
19,ZDENEK ZEMAN,Pedro,A,,,False,False
19,ZDENEK ZEMAN,Nkunku,A,,,False,False
19,ZDENEK ZEMAN,Fullkrug,A,7.0,11.0,True,True
19,ZDENEK ZEMAN,Immobile,A,,,False,True
19,ZDENEK ZEMAN,Moreo,A,6.5,6.5,True,True
19,ZDENEK ZEMAN,Pinamonti,A,5.5,5.5,False,True
19,ZDENEK ZEMAN,Zaniolo,C,,,False,True
19,ZDENEK ZEMAN,Rovella,C,5.5,5.5,False,True
19,ZDENEK ZEMAN,Zhegrova,C,5.5,5.5,False,True
19,ZDENEK ZEMAN,Mandragora,C,7.0,10.0,False,True
19,ZDENEK ZEMAN,Gaspar K.,D,,,False,True
19,ZDENEK ZEMAN,Juan Jesus,D,6.5,6.5,False,True
19,ZDENEK ZEMAN,Gatti,D,,,False,True
19,ZDENEK ZEMAN,Kempf,D,,,False,True
19,ZDENEK ZEMAN,Perin,P,6.0,5.0,True,True
19,ZDENEK ZEMAN,Pinsoglio,P,,,False,True
19,FC MCDONALD,Provedel,P,7.0,6.0,True,False
19,FC MCDONALD,Van Der Brempt,D,,,False,False
19,FC MCDONALD,Vitik,D,,,False,False
19,FC MCDONALD,Di Lorenzo,D,6.5,6.5,True,False
19,FC MCDONALD,Matic,C,5.5,5.5,True,False
19,FC MCDONALD,Zalewski,C,6.0,6.0,True,False
19,FC MCDONALD,Modric,C,,,False,False
19,FC MCDONALD,Gudmundsson A.,C,6.5,7.5,True,False
19,FC MCDONALD,Simeone,A,,,False,False
19,FC MCDONALD,David,A,5.0,5.0,True,False
19,FC MCDONALD,Giovane,A,6.5,6.5,True,False
19,FC MCDONALD,Falcone,P,7.0,6.0,False,True
19,FC MCDONALD,Mandas,P,,,False,True
19,FC MCDONALD,Angori,D,5.5,5.5,True,True
19,FC MCDONALD,Viti,D,,,False,True
19,FC MCDONALD,Zemura,D,,,False,True
19,FC MCDONALD,Doig,D,6.0,6.0,True,True
19,FC MCDONALD,Zarraga,C,,,False,True
19,FC MCDONALD,Ngonge,A,6.0,6.0,True,True
19,FC MCDONALD,Berardi,A,,,False,True
19,FC MCDONALD,Prati,C,,,False,True
19,FC MCDONALD,Pellegrini Lo.,C,5.5,5.5,True,True
19,FC MCDONALD,Zappacosta,D,6.0,6.0,False,True
19,FC MCDONALD,Borrelli,A,6.0,6.0,False,True
19,BUSHAOZI,Carnesecchi,P,7.0,6.0,True,False
19,BUSHAOZI,Martin,D,6.0,6.0,True,False
19,BUSHAOZI,Marusic,D,4.5,4.5,True,False
19,BUSHAOZI,Gila,D,5.0,5.0,True,False
19,BUSHAOZI,Belghali,D,,,False,False
19,BUSHAOZI,Taylor K.,C,4.5,4.5,True,False
19,BUSHAOZI,Thuram K.,C,,,False,False
19,BUSHAOZI,McTominay,C,6.0,6.0,True,False
19,BUSHAOZI,Lobotka,C,7.0,11.0,True,False
19,BUSHAOZI,Martinez L.,A,7.0,11.0,True,False
19,BUSHAOZI,Cambiaghi,A,5.5,5.5,True,False
19,BUSHAOZI,Sportiello,P,,,False,True
19,BUSHAOZI,Rossi F.,P,,,False,True
19,BUSHAOZI,Bradaric,D,5.5,5.5,True,True
19,BUSHAOZI,Walukiewicz,D,5.0,5.0,False,True
19,BUSHAOZI,Sabelli,D,6.0,6.0,False,True
19,BUSHAOZI,Dumfries,D,,,False,True
19,BUSHAOZI,Koopmeiners,C,5.5,5.5,True,True
19,BUSHAOZI,Ferguson,C,6.0,5.5,False,True
19,BUSHAOZI,Fabbian,C,6.5,9.5,False,True
19,BUSHAOZI,Adopo,C,6.0,6.0,False,True
19,BUSHAOZI,Durosinmi,A,7.0,11.0,False,True
19,BUSHAOZI,Dallinga,A,,,False,True
19,BUSHAOZI,Aboukhlal,A,6.0,6.0,False,True
19,BUSHAOZI,Lookman,A,,,False,True
19,CHOWPOUROMA,Leali,P,6.0,7.0,True,False
19,CHOWPOUROMA,Cambiaso,D,5.5,5.5,True,False
19,CHOWPOUROMA,Spinazzola,D,6.5,6.5,True,False
19,CHOWPOUROMA,Acerbi,D,,,False,False
19,CHOWPOUROMA,Holm,D,5.5,5.0,True,False
19,CHOWPOUROMA,Berisha M.,C,,,False,False
19,CHOWPOUROMA,Conceicao,C,,,False,False
19,CHOWPOUROMA,Calhanoglu,C,,,False,False
19,CHOWPOUROMA,Laurientè,A,6.5,6.5,True,False
19,CHOWPOUROMA,Kean,A,,,False,False
19,CHOWPOUROMA,Soulè,A,6.0,6.0,True,False
19,CHOWPOUROMA,Siegrist,P,,,False,True
19,CHOWPOUROMA,Sommariva,P,,,False,True
19,CHOWPOUROMA,Dia,A,,,False,True
19,CHOWPOUROMA,Dzeko,A,,,False,True
19,CHOWPOUROMA,Buffon L.,A,,,False,True
19,CHOWPOUROMA,Volpato,C,,,False,True
19,CHOWPOUROMA,Bernardeschi,C,,,False,True
19,CHOWPOUROMA,Kostic,C,,,False,True
19,CHOWPOUROMA,De Roon,C,5.5,5.5,True,True
19,CHOWPOUROMA,Tiago Gabriel,D,6.5,6.5,True,True
19,CHOWPOUROMA,Lucumì,D,,,False,True
19,CHOWPOUROMA,Gabbia,D,6.5,6.5,False,True
19,CHOWPOUROMA,Calabresi,D,6.5,6.5,False,True
19,CHOWPOUROMA,De Bruyne,C,,,False,True
19,TEAM DELVECCHIO23,Corvi,P,7.0,8.0,True,False
19,TEAM DELVECCHIO23,Ostigard,D,6.5,6.0,True,False
19,TEAM DELVECCHIO23,Mancini,D,7.0,6.5,True,False
19,TEAM DELVECCHIO23,Celik,D,,,False,False
19,TEAM DELVECCHIO23,Frattesi,C,,,False,False
19,TEAM DELVECCHIO23,Konè M.,C,6.5,6.5,True,False
19,TEAM DELVECCHIO23,Saelemaekers,C,7.0,8.0,True,False
19,TEAM DELVECCHIO23,Ederson D.S.,C,6.5,6.5,True,False
19,TEAM DELVECCHIO23,Scamacca,A,5.0,5.0,True,False
19,TEAM DELVECCHIO23,Ferguson E.,A,,,False,False
19,TEAM DELVECCHIO23,Rodriguez Je.,A,6.0,6.0,True,False
19,TEAM DELVECCHIO23,De Vrij,D,,,False,True
19,TEAM DELVECCHIO23,Buongiorno,D,6.0,6.0,True,True
19,TEAM DELVECCHIO23,N'Dicka,D,7.0,7.0,False,True
19,TEAM DELVECCHIO23,Tomori,D,6.0,6.0,False,True
19,TEAM DELVECCHIO23,Floriani Mussolini,D,,,False,True
19,TEAM DELVECCHIO23,Bonazzoli,A,5.0,4.5,True,True
19,TEAM DELVECCHIO23,Esposito F.P.,A,6.5,7.5,False,True
19,TEAM DELVECCHIO23,Dovbyk,A,,,False,True
19,TEAM DELVECCHIO23,Pisilli,C,6.0,6.0,True,True
19,TEAM DELVECCHIO23,Bondo,C,6.5,6.5,False,True
19,TEAM DELVECCHIO23,Payero,C,,,False,True
19,TEAM DELVECCHIO23,Rinaldi,P,,,False,True
19,TEAM DELVECCHIO23,Suzuki,P,,,False,True
19,TEAM SJ,Sommer,P,6.0,7.0,True,False
19,TEAM SJ,Scalvini,D,6.0,5.5,True,False
19,TEAM SJ,Bremer,D,6.0,6.0,True,False
19,TEAM SJ,Ramon,D,7.0,7.0,True,False
19,TEAM SJ,Bastoni,D,,,False,False
19,TEAM SJ,Miretti,C,5.5,5.5,True,False
19,TEAM SJ,Perrone,C,6.5,6.5,True,False
19,TEAM SJ,Fagioli,C,6.5,6.5,True,False
19,TEAM SJ,Vitinha O.,A,5.5,5.0,True,False
19,TEAM SJ,Douvikas,A,,,False,False
19,TEAM SJ,Dybala,A,7.5,11.5,True,False
19,TEAM SJ,Martinez Jo.,P,,,False,True
19,TEAM SJ,Di Gennaro,P,,,False,True
19,TEAM SJ,Ratkov,A,5.0,5.0,True,True
19,TEAM SJ,Davis K.,A,5.5,5.5,False,True
19,TEAM SJ,Addai,A,,,False,True
19,TEAM SJ,Elmas,C,6.5,6.5,False,True
19,TEAM SJ,Luis Henrique,C,6.0,6.0,False,True
19,TEAM SJ,Tramoni M.,C,6.0,6.0,False,True
19,TEAM SJ,Cristante,C,6.5,6.5,False,True
19,TEAM SJ,El Aynaoui,C,,,False,True
19,TEAM SJ,Bernasconi,D,5.5,5.5,True,True
19,TEAM SJ,Hermoso,D,6.0,6.0,False,True
19,TEAM SJ,Diego Carlos,D,6.5,6.5,False,True
19,TEAM SJ,Ziolkowski,D,,,False,True
19,HIGHRIVER,Skorupski,P,,,False,False
19,HIGHRIVER,Dodò,D,7.0,7.0,True,False
19,HIGHRIVER,Dimarco,D,6.5,6.5,True,False
19,HIGHRIVER,Bellanova,D,,,False,False
19,HIGHRIVER,Maldini,C,,,False,False
19,HIGHRIVER,Isaksen,C,5.5,5.5,True,False
19,HIGHRIVER,Loftus-Cheek,C,5.5,5.5,True,False
19,HIGHRIVER,Odgaard,C,5.0,5.0,True,False
19,HIGHRIVER,Yildiz,A,6.5,6.0,True,False
19,HIGHRIVER,Thuram,A,,,False,False
19,HIGHRIVER,Dominguez B.,A,,,False,False
19,HIGHRIVER,Milinkovic-Savic V.,P,6.5,7.5,True,True
19,HIGHRIVER,Ravaglia F.,P,6.0,4.0,False,True
19,HIGHRIVER,Luperto,D,6.5,6.5,True,True
19,HIGHRIVER,Darmian,D,,,False,True
19,HIGHRIVER,Pierotti,C,6.5,6.5,True,True
19,HIGHRIVER,Keita M.,C,6.5,6.5,False,True
19,HIGHRIVER,Ilkhan,C,5.5,5.5,False,True
19,HIGHRIVER,Adams C.,A,5.5,5.5,True,True
19,HIGHRIVER,Milik,A,,,False,True
19,HIGHRIVER,Sernicola,D,,,False,True
19,HIGHRIVER,Ndaba,D,6.0,6.0,False,True
19,GALLIFREY,Butez,P,6.5,7.5,True,False
19,GALLIFREY,Kelly L.,D,6.0,6.0,True,False
19,GALLIFREY,Carlos Augusto,D,6.0,5.5,True,False
19,GALLIFREY,Akanji,D,6.5,6.5,True,False
19,GALLIFREY,El Shaarawy,C,,,False,False
19,GALLIFREY,Neres,C,,,False,False
19,GALLIFREY,Barella,C,5.5,5.5,True,False
19,GALLIFREY,Pulisic,C,5.5,5.5,True,False
19,GALLIFREY,Esposito Se.,A,5.5,5.5,True,False
19,GALLIFREY,Hojlund,A,5.5,5.5,True,False
19,GALLIFREY,De Ketelaere,A,5.5,5.5,True,False
19,GALLIFREY,Cavlina,P,,,False,True
19,GALLIFREY,Vigorito,P,,,False,True
19,GALLIFREY,Valle,D,7.0,7.5,False,True
19,GALLIFREY,Solet,D,6.0,6.0,False,True
19,GALLIFREY,Miranda J.,D,5.5,5.0,False,True
19,GALLIFREY,Idrissi R.,D,6.0,6.0,False,True
19,GALLIFREY,Angelino,D,,,False,True
19,GALLIFREY,Frendrup,C,6.5,6.5,True,True
19,GALLIFREY,Vandeputte,C,6.0,5.5,True,True
19,GALLIFREY,Sucic P.,C,,,False,True
19,GALLIFREY,Casadei,C,5.5,5.5,False,True
19,GALLIFREY,Bonny,A,6.0,6.0,False,True
19,GALLIFREY,Zapata D.,A,,,False,True
19,GALLIFREY,Lukaku,A,,,False,True
19,BATIGOAL,Maignan,P,6.0,7.0,True,False
19,BATIGOAL,Bartesaghi,D,,,False,False
19,BATIGOAL,Vojvoda,D,6.0,6.0,True,False
19,BATIGOAL,Norton-Cuffy,D,,,False,False
19,BATIGOAL,Wesley,D,6.5,6.5,True,False
19,BATIGOAL,Zaccagni,C,5.0,4.5,True,False
19,BATIGOAL,Paz N.,C,7.5,11.5,True,False
19,BATIGOAL,Atta,C,5.5,5.5,True,False
19,BATIGOAL,McKennie,C,5.0,5.0,True,False
19,BATIGOAL,Leao,A,6.0,6.0,True,False
19,BATIGOAL,Colombo,A,6.0,6.0,True,False
19,BATIGOAL,Terracciano,P,,,False,True
19,BATIGOAL,Torriani,P,,,False,True
19,BATIGOAL,Estupinan,D,6.0,6.0,True,True
19,BATIGOAL,Canestrelli,D,6.0,6.0,True,True
19,BATIGOAL,Pongracic,D,6.5,6.5,False,True
19,BATIGOAL,Zambo Anguissa,C,,,False,True
19,BATIGOAL,Ondrejka,C,5.0,4.5,False,True
19,BATIGOAL,Da Cunha,C,6.5,6.5,False,True
19,BATIGOAL,Stanciu,C,,,False,True
19,BATIGOAL,Diao,A,,,False,True
19,BATIGOAL,Kilicsoy,A,6.0,6.0,False,True
19,BATIGOAL,Lucca,A,,,False,True
19,BATIGOAL,Banda,A,5.5,5.5,False,True
20,BUSHAOZI,Carnesecchi,P,7.0,8.0,True,False
20,BUSHAOZI,Martin,D,6.0,6.0,True,False
20,BUSHAOZI,Marusic,D,6.0,6.0,True,False
20,BUSHAOZI,Gila,D,6.5,6.5,True,False
20,BUSHAOZI,Taylor K.,C,6.0,6.0,True,False
20,BUSHAOZI,Thuram K.,C,7.0,7.0,True,False
20,BUSHAOZI,McTominay,C,5.0,5.0,True,False
20,BUSHAOZI,Fabbian,C,5.0,5.0,True,False
20,BUSHAOZI,Martinez L.,A,7.0,9.5,True,False
20,BUSHAOZI,Cambiaghi,A,,,False,False
20,BUSHAOZI,Lookman,A,,,False,False
20,BUSHAOZI,Sportiello,P,,,False,True
20,BUSHAOZI,Rossi F.,P,,,False,True
20,BUSHAOZI,Bradaric,D,5.0,5.0,False,True
20,BUSHAOZI,Walukiewicz,D,6.0,6.0,False,True
20,BUSHAOZI,Sabelli,D,,,False,True
20,BUSHAOZI,Belghali,D,,,False,True
20,BUSHAOZI,Dumfries,D,,,False,True
20,BUSHAOZI,Lobotka,C,5.5,5.5,False,True
20,BUSHAOZI,Ferguson,C,7.0,10.0,False,True
20,BUSHAOZI,Adopo,C,6.5,6.5,False,True
20,BUSHAOZI,Koopmeiners,C,,,False,True
20,BUSHAOZI,Durosinmi,A,5.5,5.5,True,True
20,BUSHAOZI,Dallinga,A,5.5,5.5,True,True
20,BUSHAOZI,Aboukhlal,A,,,False,True
20,SUMMERED,Svilar,P,6.0,5.0,True,False
20,SUMMERED,Gosens,D,5.0,5.0,True,False
20,SUMMERED,Muharemovic,D,6.5,6.5,True,False
20,SUMMERED,Bisseck,D,6.5,7.5,True,False
20,SUMMERED,Delprato,D,5.0,5.0,True,False
20,SUMMERED,Vlasic,C,4.5,4.5,True,False
20,SUMMERED,Locatelli,C,7.0,8.0,True,False
20,SUMMERED,Brescianini,C,7.0,10.0,True,False
20,SUMMERED,Stulic,A,5.5,5.5,True,False
20,SUMMERED,Krstovic,A,7.5,11.5,True,False
20,SUMMERED,Vardy,A,5.5,5.5,True,False
20,SUMMERED,Vasquez D.,P,,,False,True
20,SUMMERED,Gollini,P,,,False,True
20,SUMMERED,Palestra,D,7.5,12.5,False,True
20,SUMMERED,Djimsiti,D,6.0,6.0,False,True
20,SUMMERED,Zortea,D,6.0,6.0,False,True
20,SUMMERED,Pavlovic,D,,,False,True
20,SUMMERED,Serdar,C,5.5,5.5,False,True
20,SUMMERED,Rowe,C,6.5,6.5,False,True
20,SUMMERED,Baldanzi,C,,,False,True
20,SUMMERED,Tourè I.,C,5.0,5.0,False,True
20,SUMMERED,Rabiot,C,6.5,6.0,False,True
20,SUMMERED,Pellegrino M.,A,5.0,5.0,False,True
20,SUMMERED,Castro S.,A,,,False,True
20,SUMMERED,Luvumbo,A,,,False,True
20,HIGHRIVER,Skorupski,P,5.0,5.0,True,False
20,HIGHRIVER,Dodò,D,6.5,7.5,True,False
20,HIGHRIVER,Dimarco,D,8.0,12.5,True,False
20,HIGHRIVER,Bellanova,D,,,False,False
20,HIGHRIVER,Maldini,C,,,False,False
20,HIGHRIVER,Isaksen,C,,,False,False
20,HIGHRIVER,Loftus-Cheek,C,,,False,False
20,HIGHRIVER,Odgaard,C,6.0,6.0,True,False
20,HIGHRIVER,Yildiz,A,7.0,9.5,True,False
20,HIGHRIVER,Thuram,A,6.5,7.5,True,False
20,HIGHRIVER,Dominguez B.,A,6.5,7.5,True,False
20,HIGHRIVER,Milinkovic-Savic V.,P,,,False,True
20,HIGHRIVER,Ravaglia F.,P,5.5,2.0,False,True
20,HIGHRIVER,Luperto,D,6.5,6.5,True,True
20,HIGHRIVER,Darmian,D,,,False,True
20,HIGHRIVER,Pierotti,C,6.0,6.0,True,True
20,HIGHRIVER,Keita M.,C,5.5,5.5,True,True
20,HIGHRIVER,Ilkhan,C,5.0,5.0,True,True
20,HIGHRIVER,Adams C.,A,5.0,5.0,False,True
20,HIGHRIVER,Milik,A,,,False,True
20,HIGHRIVER,Sernicola,D,,,False,True
20,HIGHRIVER,Ndaba,D,,,False,True
20,GALLIFREY,Butez,P,6.0,7.0,True,False
20,GALLIFREY,Valle,D,6.5,7.0,True,False
20,GALLIFREY,Solet,D,6.5,6.5,True,False
20,GALLIFREY,Akanji,D,,,False,False
20,GALLIFREY,El Shaarawy,C,,,False,False
20,GALLIFREY,Frendrup,C,6.0,6.0,True,False
20,GALLIFREY,Barella,C,6.0,5.5,True,False
20,GALLIFREY,Pulisic,C,5.5,5.5,True,False
20,GALLIFREY,Esposito Se.,A,7.0,8.0,True,False
20,GALLIFREY,Hojlund,A,5.0,5.0,True,False
20,GALLIFREY,De Ketelaere,A,7.5,8.5,True,False
20,GALLIFREY,Cavlina,P,,,False,True
20,GALLIFREY,Vigorito,P,,,False,True
20,GALLIFREY,Carlos Augusto,D,6.0,6.0,True,True
20,GALLIFREY,Miranda J.,D,,,False,True
20,GALLIFREY,Angelino,D,,,False,True
20,GALLIFREY,Idrissi R.,D,,,False,True
20,GALLIFREY,Kelly L.,D,6.5,6.5,False,True
20,GALLIFREY,Sucic P.,C,6.0,6.0,True,True
20,GALLIFREY,Neres,C,,,False,True
20,GALLIFREY,Vandeputte,C,6.0,6.0,False,True
20,GALLIFREY,Casadei,C,4.5,4.5,False,True
20,GALLIFREY,Bonny,A,7.0,10.0,False,True
20,GALLIFREY,Lukaku,A,,,False,True
20,GALLIFREY,Zapata D.,A,5.0,5.0,False,True
20,TEAM DELVECCHIO23,Corvi,P,5.5,1.5,True,False
20,TEAM DELVECCHIO23,N'Dicka,D,5.5,5.5,True,False
20,TEAM DELVECCHIO23,Mancini,D,6.5,6.5,True,False
20,TEAM DELVECCHIO23,Tomori,D,6.5,6.5,True,False
20,TEAM DELVECCHIO23,Frattesi,C,,,False,False
20,TEAM DELVECCHIO23,Konè M.,C,6.0,6.0,True,False
20,TEAM DELVECCHIO23,Saelemaekers,C,5.5,5.5,True,False
20,TEAM DELVECCHIO23,Ederson D.S.,C,6.0,6.0,True,False
20,TEAM DELVECCHIO23,Scamacca,A,7.0,9.5,True,False
20,TEAM DELVECCHIO23,Esposito F.P.,A,7.0,11.0,True,False
20,TEAM DELVECCHIO23,Rodriguez Je.,A,6.0,6.0,True,False
20,TEAM DELVECCHIO23,De Vrij,D,6.0,6.0,False,True
20,TEAM DELVECCHIO23,Celik,D,7.0,7.0,False,True
20,TEAM DELVECCHIO23,Buongiorno,D,6.0,6.0,False,True
20,TEAM DELVECCHIO23,Ostigard,D,,,False,True
20,TEAM DELVECCHIO23,Floriani Mussolini,D,6.0,6.0,False,True
20,TEAM DELVECCHIO23,Bonazzoli,A,5.0,5.0,False,True
20,TEAM DELVECCHIO23,Ferguson E.,A,,,False,True
20,TEAM DELVECCHIO23,Dovbyk,A,,,False,True
20,TEAM DELVECCHIO23,Bondo,C,,,False,True
20,TEAM DELVECCHIO23,Pisilli,C,6.0,6.0,True,True
20,TEAM DELVECCHIO23,Payero,C,,,False,True
20,TEAM DELVECCHIO23,Rinaldi,P,,,False,True
20,TEAM DELVECCHIO23,Suzuki,P,,,False,True
20,TEAM DELVECCHIO23,Thorstvedt,C,6.0,6.0,False,True
20,TEAM SJ,Sommer,P,4.5,2.5,True,False
20,TEAM SJ,Scalvini,D,6.5,6.5,True,False
20,TEAM SJ,Bremer,D,7.0,7.0,True,False
20,TEAM SJ,Ramon,D,6.5,6.5,True,False
20,TEAM SJ,Bastoni,D,6.5,7.5,True,False
20,TEAM SJ,Luis Henrique,C,5.0,5.0,True,False
20,TEAM SJ,Perrone,C,6.5,6.5,True,False
20,TEAM SJ,Cristante,C,6.0,6.0,True,False
20,TEAM SJ,Douvikas,A,8.0,15.0,True,False
20,TEAM SJ,Davis K.,A,7.5,10.5,True,False
20,TEAM SJ,Dybala,A,6.0,6.0,True,False
20,TEAM SJ,Martinez Jo.,P,,,False,True
20,TEAM SJ,Di Gennaro,P,,,False,True
20,TEAM SJ,Ratkov,A,6.0,6.0,False,True
20,TEAM SJ,Vitinha O.,A,6.0,6.0,False,True
20,TEAM SJ,Addai,A,,,False,True
20,TEAM SJ,Fagioli,C,5.5,5.5,False,True
20,TEAM SJ,Elmas,C,5.0,5.0,False,True
20,TEAM SJ,Miretti,C,6.5,7.5,False,True
20,TEAM SJ,Tramoni M.,C,6.0,7.0,False,True
20,TEAM SJ,El Aynaoui,C,,,False,True
20,TEAM SJ,Diego Carlos,D,,,False,True
20,TEAM SJ,Bernasconi,D,6.5,6.5,False,True
20,TEAM SJ,Ziolkowski,D,,,False,True
20,TEAM SJ,Hermoso,D,,,False,True
20,ZDENEK ZEMAN,Di Gregorio,P,6.0,7.0,True,False
20,ZDENEK ZEMAN,Kempf,D,7.0,7.0,True,False
20,ZDENEK ZEMAN,Baschirotto,D,6.0,6.0,True,False
20,ZDENEK ZEMAN,Gatti,D,,,False,False
20,ZDENEK ZEMAN,Kalulu,D,6.5,6.5,True,False
20,ZDENEK ZEMAN,Rovella,C,,,False,False
20,ZDENEK ZEMAN,Mandragora,C,6.0,6.0,True,False
20,ZDENEK ZEMAN,Gaetano,C,6.0,6.0,True,False
20,ZDENEK ZEMAN,Bernabè,C,6.0,6.0,True,False
20,ZDENEK ZEMAN,Orsolini,C,,,False,False
20,ZDENEK ZEMAN,Immobile,A,5.5,5.0,True,False
20,ZDENEK ZEMAN,Nkunku,A,5.5,5.5,False,True
20,ZDENEK ZEMAN,Fullkrug,A,6.0,6.0,False,True
20,ZDENEK ZEMAN,Pedro,A,,,False,True
20,ZDENEK ZEMAN,Moreo,A,7.5,13.5,False,True
20,ZDENEK ZEMAN,Pinamonti,A,6.0,6.0,False,True
20,ZDENEK ZEMAN,Politano,C,,,False,True
20,ZDENEK ZEMAN,Zaniolo,C,,,False,True
20,ZDENEK ZEMAN,Zhegrova,C,,,False,True
20,ZDENEK ZEMAN,Gaspar K.,D,,,False,True
20,ZDENEK ZEMAN,Rrahmani,D,,,False,True
20,ZDENEK ZEMAN,Juan Jesus,D,4.5,4.0,True,True
20,ZDENEK ZEMAN,Valeri,D,5.5,5.5,False,True
20,ZDENEK ZEMAN,Perin,P,,,False,True
20,ZDENEK ZEMAN,Pinsoglio,P,,,False,True
20,CHOWPOUROMA,Leali,P,,,False,False
20,CHOWPOUROMA,Cambiaso,D,6.0,6.0,True,False
20,CHOWPOUROMA,Spinazzola,D,5.0,5.0,True,False
20,CHOWPOUROMA,Acerbi,D,,,False,False
20,CHOWPOUROMA,Holm,D,,,False,False
20,CHOWPOUROMA,Berisha M.,C,,,False,False
20,CHOWPOUROMA,Conceicao,C,6.0,6.0,True,False
20,CHOWPOUROMA,Calhanoglu,C,,,False,False
20,CHOWPOUROMA,Laurientè,A,6.5,6.0,True,False
20,CHOWPOUROMA,Kean,A,,,False,False
20,CHOWPOUROMA,Soulè,A,5.5,5.5,True,False
20,CHOWPOUROMA,Siegrist,P,,,False,True
20,CHOWPOUROMA,Sommariva,P,,,False,True
20,CHOWPOUROMA,Dia,A,5.0,5.0,True,True
20,CHOWPOUROMA,Dzeko,A,,,False,True
20,CHOWPOUROMA,Buffon L.,A,,,False,True
20,CHOWPOUROMA,Volpato,C,,,False,True
20,CHOWPOUROMA,Bernardeschi,C,,,False,True
20,CHOWPOUROMA,Kostic,C,7.0,10.0,True,True
20,CHOWPOUROMA,De Roon,C,7.0,10.0,True,True
20,CHOWPOUROMA,Tiago Gabriel,D,6.5,6.0,True,True
20,CHOWPOUROMA,Lucumì,D,,,False,True
20,CHOWPOUROMA,Gabbia,D,6.0,6.0,True,True
20,CHOWPOUROMA,Calabresi,D,5.0,4.5,False,True
20,CHOWPOUROMA,De Bruyne,C,,,False,True
20,BATIGOAL,Maignan,P,7.0,5.5,True,False
20,BATIGOAL,Bartesaghi,D,5.5,5.5,True,False
20,BATIGOAL,Vojvoda,D,6.5,6.5,True,False
20,BATIGOAL,Wesley,D,5.5,5.5,True,False
20,BATIGOAL,Zaccagni,C,5.5,5.5,True,False
20,BATIGOAL,Zambo Anguissa,C,,,False,False
20,BATIGOAL,Atta,C,7.5,11.5,True,False
20,BATIGOAL,Paz N.,C,6.0,6.0,True,False
20,BATIGOAL,McKennie,C,6.0,6.0,True,False
20,BATIGOAL,Leao,A,5.0,5.0,True,False
20,BATIGOAL,Colombo,A,6.0,6.0,True,False
20,BATIGOAL,Terracciano,P,,,False,True
20,BATIGOAL,Torriani,P,,,False,True
20,BATIGOAL,Estupinan,D,,,False,True
20,BATIGOAL,Romagna,D,,,False,True
20,BATIGOAL,Pongracic,D,5.0,4.5,False,True
20,BATIGOAL,Norton-Cuffy,D,6.5,6.5,False,True
20,BATIGOAL,Canestrelli,D,5.0,5.0,False,True
20,BATIGOAL,Da Cunha,C,7.5,10.5,True,True
20,BATIGOAL,Ondrejka,C,5.5,5.5,False,True
20,BATIGOAL,Stanciu,C,,,False,True
20,BATIGOAL,Diao,A,,,False,True
20,BATIGOAL,Kilicsoy,A,7.0,10.0,False,True
20,BATIGOAL,Banda,A,6.0,6.0,False,True
20,BATIGOAL,Lucca,A,,,False,True
20,FC MCDONALD,Provedel,P,6.5,7.5,True,False
20,FC MCDONALD,Van Der Brempt,D,,,False,False
20,FC MCDONALD,Zappacosta,D,6.0,6.0,True,False
20,FC MCDONALD,Di Lorenzo,D,5.5,5.5,True,False
20,FC MCDONALD,Pellegrini Lo.,C,7.0,10.0,True,False
20,FC MCDONALD,Zalewski,C,6.5,6.5,True,False
20,FC MCDONALD,Modric,C,7.0,7.5,True,False
20,FC MCDONALD,Gudmundsson A.,C,6.0,6.0,True,False
20,FC MCDONALD,Simeone,A,,,False,False
20,FC MCDONALD,Berardi,A,6.0,6.0,True,False
20,FC MCDONALD,Giovane,A,5.5,5.5,True,False
20,FC MCDONALD,Falcone,P,6.5,7.5,False,True
20,FC MCDONALD,Mandas,P,,,False,True
20,FC MCDONALD,Angori,D,5.5,5.5,True,True
20,FC MCDONALD,Viti,D,,,False,True
20,FC MCDONALD,Zemura,D,6.5,7.0,False,True
20,FC MCDONALD,Doig,D,6.0,6.0,False,True
20,FC MCDONALD,Vitik,D,5.5,5.5,False,True
20,FC MCDONALD,Matic,C,6.0,6.0,False,True
20,FC MCDONALD,Zarraga,C,,,False,True
20,FC MCDONALD,Prati,C,,,False,True
20,FC MCDONALD,Borrelli,A,6.0,6.0,True,True
20,FC MCDONALD,David,A,7.0,11.0,False,True
20,FC MCDONALD,Ngonge,A,5.0,5.0,False,True
21,SUMMERED,Svilar,P,6.0,5.0,True,False
21,SUMMERED,Gosens,D,5.5,5.5,True,False
21,SUMMERED,Bisseck,D,6.0,6.0,True,False
21,SUMMERED,Djimsiti,D,6.5,6.5,True,False
21,SUMMERED,Palestra,D,7.0,7.0,True,False
21,SUMMERED,Vlasic,C,7.0,7.5,True,False
21,SUMMERED,Rabiot,C,7.5,11.5,True,False
21,SUMMERED,Locatelli,C,6.5,6.5,True,False
21,SUMMERED,Tourè I.,C,5.0,4.5,True,False
21,SUMMERED,Pellegrino M.,A,5.0,5.0,True,False
21,SUMMERED,Castro S.,A,5.5,5.5,True,False
21,SUMMERED,Gollini,P,,,False,True
21,SUMMERED,Vasquez D.,P,,,False,True
21,SUMMERED,Muharemovic,D,6.5,6.5,False,True
21,SUMMERED,Delprato,D,5.5,5.5,False,True
21,SUMMERED,Zortea,D,5.5,5.5,False,True
21,SUMMERED,Pavlovic,D,6.5,6.5,False,True
21,SUMMERED,Rowe,C,5.5,5.5,False,True
21,SUMMERED,Serdar,C,5.5,5.5,False,True
21,SUMMERED,Brescianini,C,5.5,5.5,False,True
21,SUMMERED,Baldanzi,C,,,False,True
21,SUMMERED,Vardy,A,5.5,5.0,False,True
21,SUMMERED,Luvumbo,A,,,False,True
21,SUMMERED,Stulic,A,,,False,True
21,SUMMERED,Krstovic,A,6.0,5.5,False,True
21,BATIGOAL,Maignan,P,6.0,7.0,True,False
21,BATIGOAL,Bartesaghi,D,6.5,6.5,True,False
21,BATIGOAL,Vojvoda,D,6.0,6.0,True,False
21,BATIGOAL,Canestrelli,D,6.0,6.0,True,False
21,BATIGOAL,Wesley,D,5.0,5.0,True,False
21,BATIGOAL,Zaccagni,C,,,False,False
21,BATIGOAL,Paz N.,C,4.5,2.5,True,False
21,BATIGOAL,McKennie,C,7.5,11.0,True,False
21,BATIGOAL,Leao,A,,,False,False
21,BATIGOAL,Kilicsoy,A,7.5,10.5,True,False
21,BATIGOAL,Banda,A,6.0,6.0,True,False
21,BATIGOAL,Terracciano,P,,,False,True
21,BATIGOAL,Torriani,P,,,False,True
21,BATIGOAL,Norton-Cuffy,D,5.5,5.0,False,True
21,BATIGOAL,Estupinan,D,,,False,True
21,BATIGOAL,Romagna,D,,,False,True
21,BATIGOAL,Pongracic,D,5.5,5.5,False,True
21,BATIGOAL,Zambo Anguissa,C,,,False,True
21,BATIGOAL,Atta,C,6.5,6.5,True,True
21,BATIGOAL,Ondrejka,C,5.0,5.0,False,True
21,BATIGOAL,Da Cunha,C,6.5,6.0,False,True
21,BATIGOAL,Diao,A,,,False,True
21,BATIGOAL,Colombo,A,5.5,5.5,True,True
21,FC MCDONALD,Provedel,P,6.5,4.0,True,False
21,FC MCDONALD,Van Der Brempt,D,,,False,False
21,FC MCDONALD,Zappacosta,D,6.0,6.0,True,False
21,FC MCDONALD,Di Lorenzo,D,6.0,6.0,True,False
21,FC MCDONALD,Pellegrini Lo.,C,5.5,5.0,True,False
21,FC MCDONALD,Zalewski,C,5.5,5.5,True,False
21,FC MCDONALD,Modric,C,6.5,6.5,True,False
21,FC MCDONALD,Gudmundsson A.,C,6.0,6.0,True,False
21,FC MCDONALD,Simeone,A,,,False,False
21,FC MCDONALD,Berardi,A,7.5,10.5,True,False
21,FC MCDONALD,Giovane,A,,,False,False
21,FC MCDONALD,Falcone,P,7.5,6.5,False,True
21,FC MCDONALD,Mandas,P,,,False,True
21,FC MCDONALD,Angori,D,5.5,5.5,True,True
21,FC MCDONALD,Viti,D,,,False,True
21,FC MCDONALD,Zemura,D,6.5,6.0,False,True
21,FC MCDONALD,Doig,D,6.5,6.5,False,True
21,FC MCDONALD,Vitik,D,,,False,True
21,FC MCDONALD,Matic,C,7.0,8.0,False,True
21,FC MCDONALD,Zarraga,C,,,False,True
21,FC MCDONALD,Prati,C,6.0,5.5,False,True
21,FC MCDONALD,Borrelli,A,6.5,6.5,True,True
21,FC MCDONALD,David,A,7.0,10.5,True,True
21,FC MCDONALD,Ngonge,A,,,False,True
21,HIGHRIVER,Skorupski,P,,,False,False
21,HIGHRIVER,Dodò,D,6.5,6.5,True,False
21,HIGHRIVER,Dimarco,D,7.0,8.0,True,False
21,HIGHRIVER,Bellanova,D,6.0,5.5,True,False
21,HIGHRIVER,Maldini,C,5.5,5.5,True,False
21,HIGHRIVER,Isaksen,C,7.0,8.0,True,False
21,HIGHRIVER,Loftus-Cheek,C,7.0,11.0,True,False
21,HIGHRIVER,Odgaard,C,5.0,5.0,True,False
21,HIGHRIVER,Yildiz,A,6.0,6.0,True,False
21,HIGHRIVER,Thuram,A,6.0,6.0,True,False
21,HIGHRIVER,Dominguez B.,A,,,False,False
21,HIGHRIVER,Milinkovic-Savic V.,P,,,False,True
21,HIGHRIVER,Ravaglia F.,P,6.0,2.5,True,True
21,HIGHRIVER,Luperto,D,6.5,6.5,False,True
21,HIGHRIVER,Darmian,D,6.0,6.0,False,True
21,HIGHRIVER,Pierotti,C,5.0,5.0,False,True
21,HIGHRIVER,Keita M.,C,6.0,6.0,False,True
21,HIGHRIVER,Ilkhan,C,6.0,6.0,False,True
21,HIGHRIVER,Adams C.,A,7.0,11.0,True,True
21,HIGHRIVER,Milik,A,,,False,True
21,HIGHRIVER,Sernicola,D,,,False,True
21,HIGHRIVER,Ndaba,D,,,False,True
21,CHOWPOUROMA,Leali,P,,,False,False
21,CHOWPOUROMA,Cambiaso,D,5.0,3.0,True,False
21,CHOWPOUROMA,Spinazzola,D,6.0,6.0,True,False
21,CHOWPOUROMA,Acerbi,D,,,False,False
21,CHOWPOUROMA,Holm,D,,,False,False
21,CHOWPOUROMA,Berisha M.,C,,,False,False
21,CHOWPOUROMA,Conceicao,C,6.5,7.0,True,False
21,CHOWPOUROMA,Calhanoglu,C,,,False,False
21,CHOWPOUROMA,Laurientè,A,6.0,6.0,True,False
21,CHOWPOUROMA,Kean,A,6.0,6.0,True,False
21,CHOWPOUROMA,Soulè,A,5.5,5.5,True,False
21,CHOWPOUROMA,Siegrist,P,,,False,True
21,CHOWPOUROMA,Sommariva,P,,,False,True
21,CHOWPOUROMA,Dia,A,,,False,True
21,CHOWPOUROMA,Dzeko,A,,,False,True
21,CHOWPOUROMA,Buffon L.,A,,,False,True
21,CHOWPOUROMA,Volpato,C,,,False,True
21,CHOWPOUROMA,Bernardeschi,C,5.5,5.5,True,True
21,CHOWPOUROMA,Kostic,C,6.0,6.0,True,True
21,CHOWPOUROMA,De Roon,C,6.0,5.5,False,True
21,CHOWPOUROMA,Tiago Gabriel,D,6.0,5.5,True,True
21,CHOWPOUROMA,Lucumì,D,,,False,True
21,CHOWPOUROMA,Gabbia,D,6.0,6.0,True,True
21,CHOWPOUROMA,Calabresi,D,,,False,True
21,CHOWPOUROMA,De Bruyne,C,,,False,True
21,BUSHAOZI,Carnesecchi,P,8.5,11.5,True,False
21,BUSHAOZI,Martin,D,4.5,4.5,True,False
21,BUSHAOZI,Marusic,D,6.0,6.0,True,False
21,BUSHAOZI,Gila,D,6.0,6.0,True,False
21,BUSHAOZI,Taylor K.,C,6.5,9.5,True,False
21,BUSHAOZI,Thuram K.,C,6.5,6.5,True,False
21,BUSHAOZI,McTominay,C,6.5,6.5,True,False
21,BUSHAOZI,Adopo,C,6.5,6.5,True,False
21,BUSHAOZI,Martinez L.,A,7.0,11.0,True,False
21,BUSHAOZI,Durosinmi,A,6.5,7.5,True,False
21,BUSHAOZI,Cambiaghi,A,,,False,False
21,BUSHAOZI,Sportiello,P,,,False,True
21,BUSHAOZI,Rossi F.,P,,,False,True
21,BUSHAOZI,Walukiewicz,D,6.0,6.0,False,True
21,BUSHAOZI,Bradaric,D,,,False,True
21,BUSHAOZI,Belghali,D,,,False,True
21,BUSHAOZI,Sabelli,D,,,False,True
21,BUSHAOZI,Dumfries,D,,,False,True
21,BUSHAOZI,Lobotka,C,6.0,6.0,False,True
21,BUSHAOZI,Ferguson,C,5.5,5.0,False,True
21,BUSHAOZI,Koopmeiners,C,,,False,True
21,BUSHAOZI,Fabbian,C,5.5,5.0,False,True
21,BUSHAOZI,Dallinga,A,5.5,5.5,True,True
21,BUSHAOZI,Lookman,A,,,False,True
21,BUSHAOZI,Aboukhlal,A,,,False,True
21,ZDENEK ZEMAN,Di Gregorio,P,6.5,5.5,True,False
21,ZDENEK ZEMAN,Gaspar K.,D,6.0,6.0,True,False
21,ZDENEK ZEMAN,Kempf,D,6.0,6.0,True,False
21,ZDENEK ZEMAN,Gatti,D,6.0,6.0,True,False
21,ZDENEK ZEMAN,Kalulu,D,6.5,7.5,True,False
21,ZDENEK ZEMAN,Bernabè,C,5.5,5.5,True,False
21,ZDENEK ZEMAN,Mandragora,C,6.0,6.0,True,False
21,ZDENEK ZEMAN,Gaetano,C,6.5,6.5,True,False
21,ZDENEK ZEMAN,Orsolini,C,5.5,5.5,True,False
21,ZDENEK ZEMAN,Moreo,A,5.5,5.5,True,False
21,ZDENEK ZEMAN,Fullkrug,A,6.0,6.0,True,False
21,ZDENEK ZEMAN,Nkunku,A,7.0,9.0,False,True
21,ZDENEK ZEMAN,Immobile,A,,,False,True
21,ZDENEK ZEMAN,Pedro,A,7.0,9.0,False,True
21,ZDENEK ZEMAN,Pinamonti,A,6.0,6.0,False,True
21,ZDENEK ZEMAN,Politano,C,,,False,True
21,ZDENEK ZEMAN,Zaniolo,C,,,False,True
21,ZDENEK ZEMAN,Rovella,C,,,False,True
21,ZDENEK ZEMAN,Zhegrova,C,,,False,True
21,ZDENEK ZEMAN,Rrahmani,D,,,False,True
21,ZDENEK ZEMAN,Juan Jesus,D,6.0,6.0,False,True
21,ZDENEK ZEMAN,Baschirotto,D,5.5,5.0,False,True
21,ZDENEK ZEMAN,Valeri,D,5.5,5.5,False,True
21,ZDENEK ZEMAN,Perin,P,,,False,True
21,ZDENEK ZEMAN,Pinsoglio,P,,,False,True
21,TEAM DELVECCHIO23,Corvi,P,5.5,1.5,True,False
21,TEAM DELVECCHIO23,N'Dicka,D,6.0,5.5,True,False
21,TEAM DELVECCHIO23,Mancini,D,6.5,6.0,True,False
21,TEAM DELVECCHIO23,Tomori,D,6.0,6.0,True,False
21,TEAM DELVECCHIO23,Frattesi,C,6.0,6.0,True,False
21,TEAM DELVECCHIO23,Konè M.,C,,,False,False
21,TEAM DELVECCHIO23,Saelemaekers,C,,,False,False
21,TEAM DELVECCHIO23,Ederson D.S.,C,7.0,7.0,True,False
21,TEAM DELVECCHIO23,Scamacca,A,,,False,False
21,TEAM DELVECCHIO23,Esposito F.P.,A,6.0,6.0,True,False
21,TEAM DELVECCHIO23,Rodriguez Je.,A,5.5,5.5,True,False
21,TEAM DELVECCHIO23,De Vrij,D,,,False,True
21,TEAM DELVECCHIO23,Celik,D,6.0,6.0,False,True
21,TEAM DELVECCHIO23,Buongiorno,D,6.0,5.5,False,True
21,TEAM DELVECCHIO23,Ostigard,D,5.0,4.5,False,True
21,TEAM DELVECCHIO23,Floriani Mussolini,D,6.0,6.0,False,True
21,TEAM DELVECCHIO23,Bonazzoli,A,5.5,5.5,True,True
21,TEAM DELVECCHIO23,Ferguson E.,A,,,False,True
21,TEAM DELVECCHIO23,Dovbyk,A,,,False,True
21,TEAM DELVECCHIO23,Bondo,C,,,False,True
21,TEAM DELVECCHIO23,Pisilli,C,,,False,True
21,TEAM DELVECCHIO23,Payero,C,,,False,True
21,TEAM DELVECCHIO23,Rinaldi,P,,,False,True
21,TEAM DELVECCHIO23,Suzuki,P,,,False,True
21,TEAM DELVECCHIO23,Thorstvedt,C,6.5,6.5,True,True
21,GALLIFREY,Butez,P,6.0,6.5,True,False
21,GALLIFREY,Valle,D,6.5,6.5,True,False
21,GALLIFREY,Kelly L.,D,6.5,6.5,True,False
21,GALLIFREY,Akanji,D,6.0,6.0,True,False
21,GALLIFREY,Carlos Augusto,D,,,False,False
21,GALLIFREY,Frendrup,C,6.5,6.5,True,False
21,GALLIFREY,Sucic P.,C,6.5,6.5,True,False
21,GALLIFREY,Pulisic,C,,,False,False
21,GALLIFREY,Esposito Se.,A,7.0,8.0,True,False
21,GALLIFREY,Hojlund,A,6.0,6.0,True,False
21,GALLIFREY,De Ketelaere,A,6.0,6.0,True,False
21,GALLIFREY,Cavlina,P,,,False,True
21,GALLIFREY,Vigorito,P,,,False,True
21,GALLIFREY,Angelino,D,,,False,True
21,GALLIFREY,Solet,D,7.0,7.0,True,True
21,GALLIFREY,Miranda J.,D,4.0,4.0,False,True
21,GALLIFREY,Idrissi R.,D,6.5,9.5,False,True
21,GALLIFREY,Barella,C,,,False,True
21,GALLIFREY,Neres,C,,,False,True
21,GALLIFREY,El Shaarawy,C,,,False,True
21,GALLIFREY,Vandeputte,C,,,False,True
21,GALLIFREY,Casadei,C,6.5,6.5,True,True
21,GALLIFREY,Bonny,A,6.0,6.0,False,True
21,GALLIFREY,Lukaku,A,,,False,True
21,GALLIFREY,Zapata D.,A,6.0,6.0,False,True
21,TEAM SJ,Sommer,P,6.5,7.5,True,False
21,TEAM SJ,Bastoni,D,6.5,6.5,True,False
21,TEAM SJ,Diego Carlos,D,,,False,False
21,TEAM SJ,Ramon,D,6.5,6.5,True,False
21,TEAM SJ,Bremer,D,8.0,13.5,True,False
21,TEAM SJ,Tramoni M.,C,5.0,4.5,True,False
21,TEAM SJ,Cristante,C,6.0,6.0,True,False
21,TEAM SJ,Perrone,C,6.0,5.5,True,False
21,TEAM SJ,Miretti,C,6.0,6.0,True,False
21,TEAM SJ,Davis K.,A,6.0,5.5,True,False
21,TEAM SJ,Douvikas,A,5.5,5.5,True,False
21,TEAM SJ,Martinez Jo.,P,,,False,True
21,TEAM SJ,Di Gennaro,P,,,False,True
21,TEAM SJ,Ratkov,A,6.0,6.0,False,True
21,TEAM SJ,Vitinha O.,A,7.0,10.0,False,True
21,TEAM SJ,Addai,A,5.5,5.0,False,True
21,TEAM SJ,Elmas,C,6.5,6.5,False,True
21,TEAM SJ,Fagioli,C,5.5,5.5,False,True
21,TEAM SJ,El Aynaoui,C,6.0,5.5,False,True
21,TEAM SJ,Luis Henrique,C,6.5,7.5,False,True
21,TEAM SJ,Scalvini,D,6.0,6.0,True,True
21,TEAM SJ,Hermoso,D,6.0,6.0,False,True
21,TEAM SJ,Bernasconi,D,6.0,6.0,False,True
21,TEAM SJ,Ziolkowski,D,,,False,True
21,TEAM SJ,Dybala,A,,,False,True
22,BUSHAOZI,Carnesecchi,P,6.0,5.0,True,False
22,BUSHAOZI,Gila,D,6.5,6.5,True,False
22,BUSHAOZI,Martin,D,5.5,5.5,True,False
22,BUSHAOZI,Gutierrez,D,5.5,5.5,True,False
22,BUSHAOZI,Ferguson,C,5.5,5.5,True,False
22,BUSHAOZI,Thuram K.,C,5.5,5.5,True,False
22,BUSHAOZI,Paz N.,C,7.0,9.5,True,False
22,BUSHAOZI,Taylor K.,C,6.5,6.0,True,False
22,BUSHAOZI,Konè I.,C,5.0,5.0,True,False
22,BUSHAOZI,Martinez L.,A,7.0,10.0,True,False
22,BUSHAOZI,Krstovic,A,7.0,10.0,True,False
22,BUSHAOZI,Sportiello,P,,,False,True
22,BUSHAOZI,Rossi F.,P,,,False,True
22,BUSHAOZI,Marusic,D,6.5,6.5,False,True
22,BUSHAOZI,Walukiewicz,D,4.5,4.5,False,True
22,BUSHAOZI,Olivera,D,,,False,True
22,BUSHAOZI,Dumfries,D,,,False,True
22,BUSHAOZI,Belghali,D,,,False,True
22,BUSHAOZI,Adopo,C,5.5,5.5,False,True
22,BUSHAOZI,Lobotka,C,6.5,6.5,False,True
22,BUSHAOZI,Suslov,C,,,False,True
22,BUSHAOZI,Durosinmi,A,5.5,5.5,False,True
22,BUSHAOZI,Solomon,A,7.0,10.0,False,True
22,BUSHAOZI,Moro L.,A,,,False,True
22,BUSHAOZI,Frigan,A,,,False,True
22,ZDENEK ZEMAN,Di Gregorio,P,5.5,3.5,True,False
22,ZDENEK ZEMAN,Maripan,D,6.0,9.5,True,False
22,ZDENEK ZEMAN,Kempf,D,6.0,6.0,True,False
22,ZDENEK ZEMAN,Rrahmani,D,6.5,7.0,True,False
22,ZDENEK ZEMAN,Kalulu,D,7.0,11.0,True,False
22,ZDENEK ZEMAN,Zaniolo,C,6.0,6.0,True,False
22,ZDENEK ZEMAN,Bernabè,C,6.0,6.0,True,False
22,ZDENEK ZEMAN,Mandragora,C,6.5,7.5,True,False
22,ZDENEK ZEMAN,Orsolini,C,6.5,6.5,True,False
22,ZDENEK ZEMAN,Boga,A,6.5,7.5,True,False
22,ZDENEK ZEMAN,Fullkrug,A,6.0,6.0,True,False
22,ZDENEK ZEMAN,Moreo,A,6.0,5.5,False,True
22,ZDENEK ZEMAN,Nkunku,A,5.5,5.5,False,True
22,ZDENEK ZEMAN,Pedro,A,7.0,10.0,False,True
22,ZDENEK ZEMAN,Morata,A,,,False,True
22,ZDENEK ZEMAN,Politano,C,,,False,True
22,ZDENEK ZEMAN,Folorunsho,C,,,False,True
22,ZDENEK ZEMAN,Malinovskyi,C,6.5,8.5,False,True
22,ZDENEK ZEMAN,Gaetano,C,5.5,5.0,False,True
22,ZDENEK ZEMAN,Juan Jesus,D,5.0,4.0,False,True
22,ZDENEK ZEMAN,Gatti,D,,,False,True
22,ZDENEK ZEMAN,Gaspar K.,D,5.0,5.0,False,True
22,ZDENEK ZEMAN,Valeri,D,6.0,6.0,False,True
22,ZDENEK ZEMAN,Perin,P,,,False,True
22,ZDENEK ZEMAN,Pinsoglio,P,,,False,True
22,TEAM SJ,Sommer,P,6.0,7.0,True,False
22,TEAM SJ,Scalvini,D,6.5,6.5,True,False
22,TEAM SJ,Bremer,D,5.5,5.5,True,False
22,TEAM SJ,Bastoni,D,6.5,6.5,True,False
22,TEAM SJ,Ramon,D,5.5,5.5,True,False
22,TEAM SJ,Baturina,C,6.5,6.5,True,False
22,TEAM SJ,Elmas,C,6.5,6.5,True,False
22,TEAM SJ,Vergara,C,6.5,6.5,True,False
22,TEAM SJ,De Ketelaere,A,,,False,False
22,TEAM SJ,Douvikas,A,6.0,6.0,True,False
22,TEAM SJ,Raspadori,A,7.0,8.0,True,False
22,TEAM SJ,Martinez Jo.,P,,,False,True
22,TEAM SJ,Di Gennaro,P,,,False,True
22,TEAM SJ,Bernasconi,D,6.0,6.0,False,True
22,TEAM SJ,Diego Carlos,D,6.0,6.0,False,True
22,TEAM SJ,Hermoso,D,,,False,True
22,TEAM SJ,Ziolkowski,D,,,False,True
22,TEAM SJ,Miretti,C,,,False,True
22,TEAM SJ,Luis Henrique,C,7.0,10.0,False,True
22,TEAM SJ,Cristante,C,6.5,6.5,False,True
22,TEAM SJ,Perrone,C,6.0,6.0,False,True
22,TEAM SJ,Fagioli,C,7.0,7.0,False,True
22,TEAM SJ,Vitinha O.,A,6.5,6.5,True,True
22,TEAM SJ,Ratkov,A,,,False,True
22,TEAM SJ,Addai,A,,,False,True
22,FC MCDONALD,Falcone,P,6.0,5.0,True,False
22,FC MCDONALD,Rensch,D,,,False,False
22,FC MCDONALD,Zappacosta,D,7.0,11.0,True,False
22,FC MCDONALD,Angori,D,6.5,6.5,True,False
22,FC MCDONALD,Pellegrini Lo.,C,6.0,6.0,True,False
22,FC MCDONALD,Zalewski,C,6.5,6.5,True,False
22,FC MCDONALD,Modric,C,6.5,6.5,True,False
22,FC MCDONALD,Gudmundsson A.,C,6.0,6.0,True,False
22,FC MCDONALD,David,A,5.0,5.0,True,False
22,FC MCDONALD,Berardi,A,5.5,5.5,True,False
22,FC MCDONALD,Simeone,A,5.5,5.5,True,False
22,FC MCDONALD,Provedel,P,7.0,5.0,False,True
22,FC MCDONALD,Furlanetto,P,,,False,True
22,FC MCDONALD,Zemura,D,6.0,6.0,True,True
22,FC MCDONALD,Doig,D,5.5,5.5,False,True
22,FC MCDONALD,Vitik,D,,,False,True
22,FC MCDONALD,Van Der Brempt,D,5.5,5.5,False,True
22,FC MCDONALD,Matic,C,4.5,3.5,False,True
22,FC MCDONALD,Zarraga,C,,,False,True
22,FC MCDONALD,Deiola,C,,,False,True
22,FC MCDONALD,Prati,C,,,False,True
22,FC MCDONALD,Giovane,A,5.5,5.5,False,True
22,FC MCDONALD,Borrelli,A,,,False,True
22,FC MCDONALD,Kuhn,A,,,False,True
22,HIGHRIVER,Skorupski,P,6.0,5.0,True,False
22,HIGHRIVER,Dodò,D,5.5,5.0,True,False
22,HIGHRIVER,Dimarco,D,8.5,11.0,True,False
22,HIGHRIVER,Bellanova,D,6.0,6.0,True,False
22,HIGHRIVER,Maldini,C,6.5,7.5,True,False
22,HIGHRIVER,Isaksen,C,7.0,10.0,True,False
22,HIGHRIVER,Loftus-Cheek,C,,,False,False
22,HIGHRIVER,Odgaard,C,,,False,False
22,HIGHRIVER,Yildiz,A,6.0,6.0,True,False
22,HIGHRIVER,Thuram,A,7.0,10.0,True,False
22,HIGHRIVER,Dominguez B.,A,,,False,False
22,HIGHRIVER,Milinkovic-Savic V.,P,,,False,True
22,HIGHRIVER,Ravaglia F.,P,,,False,True
22,HIGHRIVER,Luperto,D,6.0,7.0,False,True
22,HIGHRIVER,Darmian,D,6.0,6.0,False,True
22,HIGHRIVER,Pierotti,C,5.5,5.5,True,True
22,HIGHRIVER,Keita M.,C,6.5,6.5,True,True
22,HIGHRIVER,Ilkhan,C,6.5,7.5,False,True
22,HIGHRIVER,Adams C.,A,5.0,5.0,True,True
22,HIGHRIVER,Milik,A,,,False,True
22,HIGHRIVER,Sernicola,D,,,False,True
22,HIGHRIVER,Ndaba,D,,,False,True
22,SUMMERED,Svilar,P,6.0,7.0,True,False
22,SUMMERED,Gosens,D,,,False,False
22,SUMMERED,Pavlovic,D,6.0,6.0,True,False
22,SUMMERED,Bisseck,D,7.5,11.5,True,False
22,SUMMERED,Djimsiti,D,6.0,6.0,True,False
22,SUMMERED,Zaragoza,C,6.0,5.5,True,False
22,SUMMERED,Rabiot,C,,,False,False
22,SUMMERED,Brescianini,C,5.5,5.5,True,False
22,SUMMERED,Locatelli,C,5.5,5.5,True,False
22,SUMMERED,Castro S.,A,6.0,6.0,True,False
22,SUMMERED,Malen,A,7.5,14.5,True,False
22,SUMMERED,Gollini,P,,,False,True
22,SUMMERED,Vasquez D.,P,,,False,True
22,SUMMERED,Baschirotto,D,6.0,6.0,True,True
22,SUMMERED,Delprato,D,6.0,6.0,False,True
22,SUMMERED,Muharemovic,D,4.0,4.0,False,True
22,SUMMERED,Palestra,D,6.0,5.5,False,True
22,SUMMERED,Rowe,C,6.5,6.5,True,True
22,SUMMERED,Tourè I.,C,6.5,6.5,False,True
22,SUMMERED,Baldanzi,C,,,False,True
22,SUMMERED,Vlasic,C,,,False,True
22,SUMMERED,Vardy,A,6.0,6.0,False,True
22,SUMMERED,Pellegrino M.,A,5.5,5.5,False,True
22,SUMMERED,Ferguson E.,A,,,False,True
22,SUMMERED,Dallinga,A,5.5,5.5,False,True
22,TEAM DELVECCHIO23,De Gea,P,6.5,4.5,True,False
22,TEAM DELVECCHIO23,N'Dicka,D,6.5,6.5,True,False
22,TEAM DELVECCHIO23,Mancini,D,6.5,7.0,True,False
22,TEAM DELVECCHIO23,Celik,D,7.0,8.0,True,False
22,TEAM DELVECCHIO23,Thorstvedt,C,5.0,5.0,True,False
22,TEAM DELVECCHIO23,Frattesi,C,6.0,6.0,True,False
22,TEAM DELVECCHIO23,Saelemaekers,C,6.5,6.0,True,False
22,TEAM DELVECCHIO23,Zielinski,C,6.5,6.5,True,False
22,TEAM DELVECCHIO23,Scamacca,A,,,False,False
22,TEAM DELVECCHIO23,Esposito F.P.,A,,,False,False
22,TEAM DELVECCHIO23,Orban G.,A,6.0,6.0,True,False
22,TEAM DELVECCHIO23,Suzuki,P,,,False,True
22,TEAM DELVECCHIO23,Corvi,P,7.5,8.5,False,True
22,TEAM DELVECCHIO23,Ostigard,D,5.5,5.5,False,True
22,TEAM DELVECCHIO23,Buongiorno,D,4.0,4.0,False,True
22,TEAM DELVECCHIO23,Kolasinac,D,6.0,5.5,False,True
22,TEAM DELVECCHIO23,Ehizibue,D,5.5,5.5,False,True
22,TEAM DELVECCHIO23,Tomori,D,6.0,6.0,False,True
22,TEAM DELVECCHIO23,Konè M.,C,,,False,True
22,TEAM DELVECCHIO23,Ederson D.S.,C,6.5,6.5,False,True
22,TEAM DELVECCHIO23,Pisilli,C,6.5,6.5,False,True
22,TEAM DELVECCHIO23,Freuler,C,6.5,6.5,False,True
22,TEAM DELVECCHIO23,Vaz,A,,,False,True
22,TEAM DELVECCHIO23,Pinamonti,A,5.0,5.0,True,True
22,TEAM DELVECCHIO23,Rodriguez Je.,A,,,False,True
22,GALLIFREY,Butez,P,6.0,4.5,True,False
22,GALLIFREY,Solet,D,6.5,8.5,True,False
22,GALLIFREY,Carlos Augusto,D,,,False,False
22,GALLIFREY,Valle,D,6.0,6.0,True,False
22,GALLIFREY,Akanji,D,7.5,10.5,True,False
22,GALLIFREY,Ekkelenkamp,C,5.5,5.5,True,False
22,GALLIFREY,Sucic P.,C,6.5,6.5,True,False
22,GALLIFREY,Pulisic,C,,,False,False
22,GALLIFREY,Bonny,A,,,False,False
22,GALLIFREY,Hojlund,A,7.5,13.5,True,False
22,GALLIFREY,Dybala,A,,,False,False
22,GALLIFREY,Cavlina,P,,,False,True
22,GALLIFREY,Tornqvist,P,,,False,True
22,GALLIFREY,Vasquez,D,5.5,5.0,True,True
22,GALLIFREY,Kelly L.,D,6.0,6.0,False,True
22,GALLIFREY,Marianucci,D,5.5,5.0,False,True
22,GALLIFREY,Angelino,D,,,False,True
22,GALLIFREY,Strefezza,C,6.0,6.0,True,True
22,GALLIFREY,Frendrup,C,5.5,5.5,False,True
22,GALLIFREY,Casadei,C,7.0,10.0,False,True
22,GALLIFREY,El Shaarawy,C,,,False,True
22,GALLIFREY,Barella,C,,,False,True
22,GALLIFREY,Cambiaghi,A,,,False,True
22,GALLIFREY,Esposito Se.,A,5.5,5.5,True,True
22,GALLIFREY,Lukaku,A,,,False,True
22,BATIGOAL,Maignan,P,4.5,3.5,True,False
22,BATIGOAL,Bartesaghi,D,6.0,6.0,True,False
22,BATIGOAL,Pongracic,D,6.0,6.0,True,False
22,BATIGOAL,Canestrelli,D,6.0,6.0,True,False
22,BATIGOAL,Wesley,D,6.5,6.5,True,False
22,BATIGOAL,McTominay,C,7.5,10.5,True,False
22,BATIGOAL,McKennie,C,7.0,10.0,True,False
22,BATIGOAL,Atta,C,6.5,6.5,True,False
22,BATIGOAL,Leao,A,7.0,10.5,True,False
22,BATIGOAL,Piccoli,A,,,False,False
22,BATIGOAL,Kilicsoy,A,5.0,5.0,True,False
22,BATIGOAL,Terracciano,P,,,False,True
22,BATIGOAL,Torriani,P,,,False,True
22,BATIGOAL,Norton-Cuffy,D,6.0,6.0,False,True
22,BATIGOAL,Dossena,D,5.0,4.5,False,True
22,BATIGOAL,Vojvoda,D,6.0,6.0,False,True
22,BATIGOAL,Estupinan,D,,,False,True
22,BATIGOAL,Zambo Anguissa,C,,,False,True
22,BATIGOAL,Santos A.,C,,,False,True
22,BATIGOAL,Da Cunha,C,,,False,True
22,BATIGOAL,El Aynaoui,C,,,False,True
22,BATIGOAL,Diao,A,,,False,True
22,BATIGOAL,Djuric,A,6.0,6.0,True,True
22,BATIGOAL,Colombo,A,7.0,10.0,False,True
22,CHOWPOUROMA,Bijlow,P,5.5,2.5,True,False
22,CHOWPOUROMA,Cambiaso,D,5.0,6.0,True,False
22,CHOWPOUROMA,Spinazzola,D,6.0,6.0,True,False
22,CHOWPOUROMA,Gabbia,D,6.0,6.0,True,False
22,CHOWPOUROMA,Nelsson,D,6.5,6.5,True,False
22,CHOWPOUROMA,Mkhitaryan,C,6.5,6.5,True,False
22,CHOWPOUROMA,Conceicao,C,,,False,False
22,CHOWPOUROMA,Mazzitelli,C,5.5,5.5,True,False
22,CHOWPOUROMA,Laurientè,A,6.5,6.5,True,False
22,CHOWPOUROMA,Kean,A,6.5,9.5,True,False
22,CHOWPOUROMA,Soulè,A,6.0,6.0,True,False
22,CHOWPOUROMA,Leali,P,,,False,True
22,CHOWPOUROMA,Sommariva,P,,,False,True
22,CHOWPOUROMA,Njie,A,,,False,True
22,CHOWPOUROMA,Sulemana K.,A,6.0,6.0,False,True
22,CHOWPOUROMA,Dia,A,,,False,True
22,CHOWPOUROMA,Calhanoglu,C,,,False,True
22,CHOWPOUROMA,Bernardeschi,C,6.0,6.0,True,True
22,CHOWPOUROMA,Volpato,C,,,False,True
22,CHOWPOUROMA,De Roon,C,,,False,True
22,CHOWPOUROMA,Venturino,C,,,False,True
22,CHOWPOUROMA,Holm,D,,,False,True
22,CHOWPOUROMA,Tiago Gabriel,D,6.5,6.5,False,True
22,CHOWPOUROMA,Acerbi,D,,,False,True
22,CHOWPOUROMA,Calabresi,D,6.0,6.0,False,True
23,SUMMERED,Svilar,P,6.0,4.0,True,False
23,SUMMERED,Djimsiti,D,6.0,5.5,True,False
23,SUMMERED,Pavlovic,D,6.5,6.5,True,False
23,SUMMERED,Delprato,D,6.0,6.0,True,False
23,SUMMERED,Palestra,D,5.5,5.5,True,False
23,SUMMERED,Rowe,C,7.0,8.0,True,False
23,SUMMERED,Rabiot,C,5.0,4.0,True,False
23,SUMMERED,Vlasic,C,6.0,8.5,True,False
23,SUMMERED,Pellegrino M.,A,6.5,10.5,True,False
23,SUMMERED,Malen,A,8.0,13.0,True,False
23,SUMMERED,Vardy,A,5.5,5.5,True,False
23,SUMMERED,Gollini,P,,,False,True
23,SUMMERED,Zelezny,P,,,False,True
23,SUMMERED,Baschirotto,D,7.0,7.0,False,True
23,SUMMERED,Muharemovic,D,5.5,5.0,False,True
23,SUMMERED,Bisseck,D,6.0,7.0,False,True
23,SUMMERED,Gosens,D,,,False,True
23,SUMMERED,Locatelli,C,6.5,9.5,False,True
23,SUMMERED,Zaragoza,C,6.0,7.0,False,True
23,SUMMERED,Brescianini,C,6.0,6.0,False,True
23,SUMMERED,Tourè I.,C,5.5,5.0,False,True
23,SUMMERED,Baldanzi,C,6.0,6.0,False,True
23,SUMMERED,Castro S.,A,7.0,11.0,False,True
23,SUMMERED,Dallinga,A,,,False,True
23,SUMMERED,Ferguson E.,A,,,False,True
23,TEAM SJ,Sommer,P,6.0,4.0,True,False
23,TEAM SJ,Bastoni,D,6.0,5.5,True,False
23,TEAM SJ,Ramon,D,5.5,5.5,True,False
23,TEAM SJ,Bremer,D,7.0,7.0,True,False
23,TEAM SJ,Scalvini,D,5.5,5.0,True,False
23,TEAM SJ,Baturina,C,5.5,5.5,True,False
23,TEAM SJ,Perrone,C,5.0,5.0,True,False
23,TEAM SJ,Vergara,C,5.5,5.5,True,False
23,TEAM SJ,Addai,A,5.5,5.5,True,False
23,TEAM SJ,Douvikas,A,5.5,5.5,True,False
23,TEAM SJ,Raspadori,A,6.0,6.0,True,False
23,TEAM SJ,Martinez Jo.,P,,,False,True
23,TEAM SJ,Di Gennaro,P,,,False,True
23,TEAM SJ,Diego Carlos,D,,,False,True
23,TEAM SJ,Bernasconi,D,6.5,7.0,False,True
23,TEAM SJ,Hermoso,D,,,False,True
23,TEAM SJ,Ziolkowski,D,,,False,True
23,TEAM SJ,Luis Henrique,C,5.5,5.5,False,True
23,TEAM SJ,Elmas,C,6.5,7.5,False,True
23,TEAM SJ,Cristante,C,6.0,6.0,False,True
23,TEAM SJ,Miretti,C,5.5,5.5,False,True
23,TEAM SJ,Fagioli,C,7.0,10.0,False,True
23,TEAM SJ,Vitinha O.,A,6.0,6.0,False,True
23,TEAM SJ,Ratkov,A,6.0,6.0,False,True
23,TEAM SJ,De Ketelaere,A,,,False,True
23,FC MCDONALD,Falcone,P,6.0,7.0,True,False
23,FC MCDONALD,Rensch,D,,,False,False
23,FC MCDONALD,Zappacosta,D,6.5,6.5,True,False
23,FC MCDONALD,Angori,D,5.5,5.5,True,False
23,FC MCDONALD,Pellegrini Lo.,C,5.5,5.5,True,False
23,FC MCDONALD,Zalewski,C,7.0,10.0,True,False
23,FC MCDONALD,Modric,C,7.0,11.0,True,False
23,FC MCDONALD,Gudmundsson A.,C,,,False,False
23,FC MCDONALD,David,A,5.5,5.5,True,False
23,FC MCDONALD,Berardi,A,6.0,6.0,True,False
23,FC MCDONALD,Simeone,A,5.0,5.0,True,False
23,FC MCDONALD,Provedel,P,5.5,3.5,False,True
23,FC MCDONALD,Furlanetto,P,,,False,True
23,FC MCDONALD,Zemura,D,5.5,5.0,True,True
23,FC MCDONALD,Doig,D,6.0,6.0,False,True
23,FC MCDONALD,Vitik,D,6.0,6.0,False,True
23,FC MCDONALD,Van Der Brempt,D,,,False,True
23,FC MCDONALD,Matic,C,,,False,True
23,FC MCDONALD,Zarraga,C,5.5,5.5,True,True
23,FC MCDONALD,Deiola,C,,,False,True
23,FC MCDONALD,Prati,C,6.0,6.0,False,True
23,FC MCDONALD,Giovane,A,6.5,7.5,False,True
23,FC MCDONALD,Borrelli,A,,,False,True
23,FC MCDONALD,Kuhn,A,6.0,6.0,False,True
23,GALLIFREY,Butez,P,6.0,4.0,True,False
23,GALLIFREY,Solet,D,6.5,9.5,True,False
23,GALLIFREY,Kelly L.,D,6.5,6.5,True,False
23,GALLIFREY,Valle,D,6.0,6.0,True,False
23,GALLIFREY,Akanji,D,6.0,6.0,True,False
23,GALLIFREY,Barella,C,6.0,5.5,True,False
23,GALLIFREY,Frendrup,C,6.0,6.0,True,False
23,GALLIFREY,Casadei,C,6.0,6.0,True,False
23,GALLIFREY,Pulisic,C,,,False,False
23,GALLIFREY,Esposito Se.,A,5.5,5.5,True,False
23,GALLIFREY,Dybala,A,,,False,False
23,GALLIFREY,Cavlina,P,,,False,True
23,GALLIFREY,Tornqvist,P,,,False,True
23,GALLIFREY,Vasquez,D,6.5,6.5,False,True
23,GALLIFREY,Carlos Augusto,D,6.0,6.0,False,True
23,GALLIFREY,Marianucci,D,5.5,5.5,False,True
23,GALLIFREY,Angelino,D,,,False,True
23,GALLIFREY,Ekkelenkamp,C,6.0,6.0,True,True
23,GALLIFREY,Strefezza,C,6.5,6.5,False,True
23,GALLIFREY,Sucic P.,C,6.5,6.5,False,True
23,GALLIFREY,El Shaarawy,C,,,False,True
23,GALLIFREY,Cambiaghi,A,,,False,True
23,GALLIFREY,Hojlund,A,6.0,6.0,True,True
23,GALLIFREY,Lukaku,A,,,False,True
23,GALLIFREY,Bonny,A,,,False,True
23,BUSHAOZI,Carnesecchi,P,6.5,7.5,True,False
23,BUSHAOZI,Marusic,D,5.5,5.5,True,False
23,BUSHAOZI,Martin,D,5.5,5.5,True,False
23,BUSHAOZI,Gila,D,5.5,5.5,True,False
23,BUSHAOZI,Taylor K.,C,6.0,5.5,True,False
23,BUSHAOZI,Thuram K.,C,,,False,False
23,BUSHAOZI,Paz N.,C,5.0,5.0,True,False
23,BUSHAOZI,Konè I.,C,6.5,6.5,True,False
23,BUSHAOZI,Martinez L.,A,5.5,5.5,True,False
23,BUSHAOZI,Krstovic,A,6.0,6.0,True,False
23,BUSHAOZI,Solomon,A,6.5,6.5,True,False
23,BUSHAOZI,Sportiello,P,,,False,True
23,BUSHAOZI,Rossi F.,P,,,False,True
23,BUSHAOZI,Gutierrez,D,5.0,5.0,False,True
23,BUSHAOZI,Olivera,D,6.0,6.0,False,True
23,BUSHAOZI,Walukiewicz,D,6.0,6.0,False,True
23,BUSHAOZI,Belghali,D,5.5,5.5,False,True
23,BUSHAOZI,Dumfries,D,,,False,True
23,BUSHAOZI,Adopo,C,5.5,5.5,True,True
23,BUSHAOZI,Lobotka,C,6.0,6.0,False,True
23,BUSHAOZI,Ferguson,C,,,False,True
23,BUSHAOZI,Suslov,C,,,False,True
23,BUSHAOZI,Durosinmi,A,,,False,True
23,BUSHAOZI,Moro L.,A,,,False,True
23,BUSHAOZI,Frigan,A,,,False,True
23,TEAM DELVECCHIO23,Corvi,P,6.0,5.0,True,False
23,TEAM DELVECCHIO23,Tomori,D,6.5,6.5,True,False
23,TEAM DELVECCHIO23,Mancini,D,6.0,5.5,True,False
23,TEAM DELVECCHIO23,Ehizibue,D,,,False,False
23,TEAM DELVECCHIO23,Thorstvedt,C,6.0,6.0,True,False
23,TEAM DELVECCHIO23,Frattesi,C,,,False,False
23,TEAM DELVECCHIO23,Ederson D.S.,C,7.0,10.0,True,False
23,TEAM DELVECCHIO23,Zielinski,C,7.0,10.5,True,False
23,TEAM DELVECCHIO23,Scamacca,A,,,False,False
23,TEAM DELVECCHIO23,Pinamonti,A,7.5,12.5,True,False
23,TEAM DELVECCHIO23,Orban G.,A,4.0,3.0,True,False
23,TEAM DELVECCHIO23,Suzuki,P,,,False,True
23,TEAM DELVECCHIO23,Buongiorno,D,5.5,5.5,True,True
23,TEAM DELVECCHIO23,Ostigard,D,6.5,6.5,False,True
23,TEAM DELVECCHIO23,Kolasinac,D,6.5,6.5,False,True
23,TEAM DELVECCHIO23,Celik,D,6.0,6.0,False,True
23,TEAM DELVECCHIO23,N'Dicka,D,7.0,7.0,False,True
23,TEAM DELVECCHIO23,Freuler,C,6.5,6.5,True,True
23,TEAM DELVECCHIO23,Konè M.,C,,,False,True
23,TEAM DELVECCHIO23,Pisilli,C,5.5,5.5,False,True
23,TEAM DELVECCHIO23,Esposito F.P.,A,7.0,10.0,True,True
23,TEAM DELVECCHIO23,Vaz,A,5.5,5.5,False,True
23,TEAM DELVECCHIO23,Rodriguez Je.,A,6.5,6.0,False,True
23,TEAM DELVECCHIO23,De Gea,P,6.0,5.0,False,True
23,TEAM DELVECCHIO23,Saelemaekers,C,,,False,True
23,CHOWPOUROMA,Bijlow,P,6.5,7.5,True,False
23,CHOWPOUROMA,Cambiaso,D,6.5,7.5,True,False
23,CHOWPOUROMA,Spinazzola,D,6.5,9.5,True,False
23,CHOWPOUROMA,Gabbia,D,5.5,5.5,True,False
23,CHOWPOUROMA,Nelsson,D,5.5,5.5,True,False
23,CHOWPOUROMA,Mkhitaryan,C,,,False,False
23,CHOWPOUROMA,Conceicao,C,6.0,6.0,True,False
23,CHOWPOUROMA,Mazzitelli,C,5.5,5.5,True,False
23,CHOWPOUROMA,Laurientè,A,7.0,10.0,True,False
23,CHOWPOUROMA,Kean,A,7.0,10.0,True,False
23,CHOWPOUROMA,Soulè,A,5.0,5.0,True,False
23,CHOWPOUROMA,Leali,P,,,False,True
23,CHOWPOUROMA,Sommariva,P,,,False,True
23,CHOWPOUROMA,Njie,A,,,False,True
23,CHOWPOUROMA,Sulemana K.,A,6.0,6.0,False,True
23,CHOWPOUROMA,Dia,A,,,False,True
23,CHOWPOUROMA,Calhanoglu,C,6.5,6.0,True,True
23,CHOWPOUROMA,Bernardeschi,C,6.5,7.5,False,True
23,CHOWPOUROMA,Volpato,C,,,False,True
23,CHOWPOUROMA,De Roon,C,5.5,5.5,False,True
23,CHOWPOUROMA,Venturino,C,5.5,5.5,False,True
23,CHOWPOUROMA,Holm,D,6.0,6.0,False,True
23,CHOWPOUROMA,Tiago Gabriel,D,7.0,7.0,False,True
23,CHOWPOUROMA,Acerbi,D,,,False,True
23,CHOWPOUROMA,Calabresi,D,,,False,True
23,HIGHRIVER,Skorupski,P,6.0,5.0,True,False
23,HIGHRIVER,Dodò,D,6.5,6.5,True,False
23,HIGHRIVER,Dimarco,D,6.5,7.5,True,False
23,HIGHRIVER,Bellanova,D,,,False,False
23,HIGHRIVER,Maldini,C,5.5,5.5,True,False
23,HIGHRIVER,Isaksen,C,5.0,5.0,True,False
23,HIGHRIVER,Loftus-Cheek,C,7.0,10.0,True,False
23,HIGHRIVER,Odgaard,C,,,False,False
23,HIGHRIVER,Yildiz,A,6.0,6.0,True,False
23,HIGHRIVER,Thuram,A,6.0,6.0,True,False
23,HIGHRIVER,Dominguez B.,A,6.0,6.0,True,False
23,HIGHRIVER,Milinkovic-Savic V.,P,6.0,4.0,False,True
23,HIGHRIVER,Ravaglia F.,P,,,False,True
23,HIGHRIVER,Luperto,D,6.5,6.5,True,True
23,HIGHRIVER,Darmian,D,,,False,True
23,HIGHRIVER,Pierotti,C,6.5,6.5,True,True
23,HIGHRIVER,Keita M.,C,6.5,7.5,False,True
23,HIGHRIVER,Ilkhan,C,6.0,6.0,False,True
23,HIGHRIVER,Adams C.,A,5.5,5.5,False,True
23,HIGHRIVER,Milik,A,,,False,True
23,HIGHRIVER,Sernicola,D,,,False,True
23,HIGHRIVER,Ndaba,D,,,False,True
23,ZDENEK ZEMAN,Di Gregorio,P,5.5,2.5,True,False
23,ZDENEK ZEMAN,Valeri,D,6.5,6.5,True,False
23,ZDENEK ZEMAN,Kempf,D,5.0,4.5,True,False
23,ZDENEK ZEMAN,Rrahmani,D,5.0,4.5,True,False
23,ZDENEK ZEMAN,Maripan,D,5.5,5.0,True,False
23,ZDENEK ZEMAN,Zaniolo,C,6.5,6.5,True,False
23,ZDENEK ZEMAN,Bernabè,C,7.0,10.0,True,False
23,ZDENEK ZEMAN,Malinovskyi,C,6.0,6.0,True,False
23,ZDENEK ZEMAN,Gaetano,C,,,False,False
23,ZDENEK ZEMAN,Fullkrug,A,4.5,2.5,True,False
23,ZDENEK ZEMAN,Nkunku,A,5.5,5.5,True,False
23,ZDENEK ZEMAN,Morata,A,5.0,4.0,False,True
23,ZDENEK ZEMAN,Boga,A,6.0,6.0,False,True
23,ZDENEK ZEMAN,Moreo,A,6.0,6.0,False,True
23,ZDENEK ZEMAN,Pedro,A,,,False,True
23,ZDENEK ZEMAN,Folorunsho,C,,,False,True
23,ZDENEK ZEMAN,Orsolini,C,,,False,True
23,ZDENEK ZEMAN,Mandragora,C,6.5,6.0,True,True
23,ZDENEK ZEMAN,Politano,C,5.5,5.5,False,True
23,ZDENEK ZEMAN,Juan Jesus,D,,,False,True
23,ZDENEK ZEMAN,Kalulu,D,5.0,4.0,False,True
23,ZDENEK ZEMAN,Gatti,D,,,False,True
23,ZDENEK ZEMAN,Gaspar K.,D,6.5,6.5,False,True
23,ZDENEK ZEMAN,Perin,P,,,False,True
23,ZDENEK ZEMAN,Pinsoglio,P,,,False,True
23,BATIGOAL,Maignan,P,6.5,5.5,True,False
23,BATIGOAL,Vojvoda,D,5.5,5.5,True,False
23,BATIGOAL,Bartesaghi,D,6.5,6.0,True,False
23,BATIGOAL,Dossena,D,,,False,False
23,BATIGOAL,Wesley,D,6.5,6.5,True,False
23,BATIGOAL,Atta,C,6.0,5.5,True,False
23,BATIGOAL,McTominay,C,,,False,False
23,BATIGOAL,McKennie,C,7.0,9.0,True,False
23,BATIGOAL,Leao,A,5.5,5.5,True,False
23,BATIGOAL,Colombo,A,5.5,5.5,True,False
23,BATIGOAL,Kilicsoy,A,5.5,5.5,True,False
23,BATIGOAL,Terracciano,P,,,False,True
23,BATIGOAL,Torriani,P,,,False,True
23,BATIGOAL,Norton-Cuffy,D,6.5,6.5,True,True
23,BATIGOAL,Estupinan,D,,,False,True
23,BATIGOAL,Canestrelli,D,6.0,6.0,False,True
23,BATIGOAL,Pongracic,D,6.5,6.5,False,True
23,BATIGOAL,Da Cunha,C,5.5,5.5,True,True
23,BATIGOAL,Santos A.,C,7.5,11.5,False,True
23,BATIGOAL,El Aynaoui,C,6.0,6.0,False,True
23,BATIGOAL,Zambo Anguissa,C,,,False,True
23,BATIGOAL,Zaccagni,C,,,False,True
23,BATIGOAL,Diao,A,,,False,True
23,BATIGOAL,Djuric,A,6.5,6.5,False,True
23,BATIGOAL,Piccoli,A,,,False,True
24,TEAM SJ,Sommer,P,6.0,7.0,True,False
24,TEAM SJ,Hermoso,D,,,False,False
24,TEAM SJ,Ramon,D,6.5,6.5,True,False
24,TEAM SJ,Bastoni,D,6.0,5.5,True,False
24,TEAM SJ,Vergara,C,6.0,6.0,True,False
24,TEAM SJ,Fagioli,C,6.0,6.0,True,False
24,TEAM SJ,Baturina,C,6.0,6.0,True,False
24,TEAM SJ,Elmas,C,5.5,5.5,True,False
24,TEAM SJ,Luis Henrique,C,6.0,6.0,True,False
24,TEAM SJ,Douvikas,A,6.5,7.5,True,False
24,TEAM SJ,Vitinha O.,A,,,False,False
24,TEAM SJ,Martinez Jo.,P,,,False,True
24,TEAM SJ,Di Gennaro,P,,,False,True
24,TEAM SJ,Diego Carlos,D,6.0,6.0,True,True
24,TEAM SJ,Bernasconi,D,6.5,7.5,False,True
24,TEAM SJ,Scalvini,D,6.0,6.0,False,True
24,TEAM SJ,Bremer,D,,,False,True
24,TEAM SJ,Ziolkowski,D,,,False,True
24,TEAM SJ,Perrone,C,7.0,7.0,False,True
24,TEAM SJ,Cristante,C,7.5,12.5,False,True
24,TEAM SJ,Miretti,C,5.5,5.5,False,True
24,TEAM SJ,Addai,A,,,False,True
24,TEAM SJ,Ratkov,A,6.0,6.0,True,True
24,TEAM SJ,Raspadori,A,,,False,True
24,TEAM SJ,De Ketelaere,A,,,False,True
24,CHOWPOUROMA,Bijlow,P,6.0,7.0,True,False
24,CHOWPOUROMA,Cambiaso,D,5.5,5.5,True,False
24,CHOWPOUROMA,Spinazzola,D,5.5,5.5,True,False
24,CHOWPOUROMA,Gabbia,D,,,False,False
24,CHOWPOUROMA,Nelsson,D,5.0,5.0,True,False
24,CHOWPOUROMA,Mkhitaryan,C,7.0,11.0,True,False
24,CHOWPOUROMA,Conceicao,C,6.0,6.0,True,False
24,CHOWPOUROMA,Mazzitelli,C,5.5,5.5,True,False
24,CHOWPOUROMA,Laurientè,A,7.5,9.5,True,False
24,CHOWPOUROMA,Kean,A,7.0,11.0,True,False
24,CHOWPOUROMA,Soulè,A,,,False,False
24,CHOWPOUROMA,Leali,P,,,False,True
24,CHOWPOUROMA,Sommariva,P,,,False,True
24,CHOWPOUROMA,Njie,A,5.5,5.5,True,True
24,CHOWPOUROMA,Sulemana K.,A,6.0,6.0,False,True
24,CHOWPOUROMA,Dia,A,,,False,True
24,CHOWPOUROMA,Calhanoglu,C,,,False,True
24,CHOWPOUROMA,Bernardeschi,C,7.0,10.0,False,True
24,CHOWPOUROMA,Volpato,C,,,False,True
24,CHOWPOUROMA,De Roon,C,6.0,6.0,False,True
24,CHOWPOUROMA,Venturino,C,6.5,6.5,False,True
24,CHOWPOUROMA,Holm,D,,,False,True
24,CHOWPOUROMA,Tiago Gabriel,D,6.5,6.0,True,True
24,CHOWPOUROMA,Acerbi,D,,,False,True
24,CHOWPOUROMA,Calabresi,D,,,False,True
24,HIGHRIVER,Skorupski,P,6.0,7.0,True,False
24,HIGHRIVER,Dodò,D,6.5,6.0,True,False
24,HIGHRIVER,Dimarco,D,7.0,8.0,True,False
24,HIGHRIVER,Bellanova,D,5.5,5.5,True,False
24,HIGHRIVER,Maldini,C,5.5,5.5,True,False
24,HIGHRIVER,Isaksen,C,5.5,5.5,True,False
24,HIGHRIVER,Loftus-Cheek,C,,,False,False
24,HIGHRIVER,Odgaard,C,,,False,False
24,HIGHRIVER,Yildiz,A,6.0,6.0,True,False
24,HIGHRIVER,Thuram,A,5.5,5.5,True,False
24,HIGHRIVER,Dominguez B.,A,,,False,False
24,HIGHRIVER,Milinkovic-Savic V.,P,6.5,4.5,False,True
24,HIGHRIVER,Ravaglia F.,P,,,False,True
24,HIGHRIVER,Luperto,D,5.5,5.5,False,True
24,HIGHRIVER,Darmian,D,,,False,True
24,HIGHRIVER,Pierotti,C,5.5,5.5,True,True
24,HIGHRIVER,Keita M.,C,7.0,7.0,True,True
24,HIGHRIVER,Ilkhan,C,4.5,3.5,False,True
24,HIGHRIVER,Adams C.,A,,,False,True
24,HIGHRIVER,Milik,A,,,False,True
24,HIGHRIVER,Sernicola,D,,,False,True
24,HIGHRIVER,Ndaba,D,,,False,True
24,ZDENEK ZEMAN,Di Gregorio,P,4.5,2.5,True,False
24,ZDENEK ZEMAN,Valeri,D,6.5,7.5,True,False
24,ZDENEK ZEMAN,Kempf,D,6.5,6.5,True,False
24,ZDENEK ZEMAN,Gatti,D,6.0,6.0,True,False
24,ZDENEK ZEMAN,Maripan,D,5.0,5.0,True,False
24,ZDENEK ZEMAN,Politano,C,5.5,5.5,True,False
24,ZDENEK ZEMAN,Zaniolo,C,5.5,5.5,True,False
24,ZDENEK ZEMAN,Malinovskyi,C,6.5,6.5,True,False
24,ZDENEK ZEMAN,Orsolini,C,5.5,5.5,True,False
24,ZDENEK ZEMAN,Fullkrug,A,5.5,5.5,True,False
24,ZDENEK ZEMAN,Boga,A,5.5,5.5,True,False
24,ZDENEK ZEMAN,Pedro,A,,,False,True
24,ZDENEK ZEMAN,Nkunku,A,,,False,True
24,ZDENEK ZEMAN,Moreo,A,6.0,6.0,False,True
24,ZDENEK ZEMAN,Morata,A,,,False,True
24,ZDENEK ZEMAN,Mandragora,C,,,False,True
24,ZDENEK ZEMAN,Gaetano,C,,,False,True
24,ZDENEK ZEMAN,Folorunsho,C,,,False,True
24,ZDENEK ZEMAN,Bernabè,C,6.0,6.0,False,True
24,ZDENEK ZEMAN,Kalulu,D,,,False,True
24,ZDENEK ZEMAN,Rrahmani,D,,,False,True
24,ZDENEK ZEMAN,Juan Jesus,D,6.5,6.0,False,True
24,ZDENEK ZEMAN,Gaspar K.,D,,,False,True
24,ZDENEK ZEMAN,Perin,P,,,False,True
24,ZDENEK ZEMAN,Pinsoglio,P,,,False,True
24,TEAM DELVECCHIO23,De Gea,P,6.0,7.0,True,False
24,TEAM DELVECCHIO23,N'Dicka,D,7.0,10.0,True,False
24,TEAM DELVECCHIO23,Mancini,D,6.5,6.5,True,False
24,TEAM DELVECCHIO23,Ostigard,D,6.5,6.5,True,False
24,TEAM DELVECCHIO23,Thorstvedt,C,6.0,6.0,True,False
24,TEAM DELVECCHIO23,Saelemaekers,C,5.5,5.0,True,False
24,TEAM DELVECCHIO23,Konè M.,C,6.0,6.0,True,False
24,TEAM DELVECCHIO23,Zielinski,C,6.5,6.5,True,False
24,TEAM DELVECCHIO23,Scamacca,A,6.5,6.5,True,False
24,TEAM DELVECCHIO23,Pinamonti,A,7.0,11.0,True,False
24,TEAM DELVECCHIO23,Esposito F.P.,A,6.0,6.0,True,False
24,TEAM DELVECCHIO23,Suzuki,P,,,False,True
24,TEAM DELVECCHIO23,Corvi,P,6.5,7.5,False,True
24,TEAM DELVECCHIO23,Celik,D,6.5,6.5,False,True
24,TEAM DELVECCHIO23,Tomori,D,6.0,6.0,False,True
24,TEAM DELVECCHIO23,Ehizibue,D,6.0,6.0,False,True
24,TEAM DELVECCHIO23,Buongiorno,D,5.5,5.5,False,True
24,TEAM DELVECCHIO23,Kolasinac,D,6.5,6.5,False,True
24,TEAM DELVECCHIO23,Pisilli,C,7.0,10.0,False,True
24,TEAM DELVECCHIO23,Frattesi,C,5.5,5.5,False,True
24,TEAM DELVECCHIO23,Freuler,C,6.0,6.0,False,True
24,TEAM DELVECCHIO23,Ederson D.S.,C,,,False,True
24,TEAM DELVECCHIO23,Vaz,A,,,False,True
24,TEAM DELVECCHIO23,Rodriguez Je.,A,,,False,True
24,TEAM DELVECCHIO23,Orban G.,A,,,False,True
24,FC MCDONALD,Provedel,P,6.0,7.0,True,False
24,FC MCDONALD,Rensch,D,,,False,False
24,FC MCDONALD,Zappacosta,D,6.0,6.0,True,False
24,FC MCDONALD,Angori,D,6.0,6.0,True,False
24,FC MCDONALD,Pellegrini Lo.,C,6.0,7.0,True,False
24,FC MCDONALD,Zalewski,C,7.0,7.5,True,False
24,FC MCDONALD,Modric,C,6.0,6.0,True,False
24,FC MCDONALD,Gudmundsson A.,C,,,False,False
24,FC MCDONALD,Giovane,A,5.5,5.5,True,False
24,FC MCDONALD,Berardi,A,7.0,11.0,True,False
24,FC MCDONALD,Simeone,A,5.5,5.0,True,False
24,FC MCDONALD,Falcone,P,7.0,5.0,False,True
24,FC MCDONALD,Furlanetto,P,,,False,True
24,FC MCDONALD,Zemura,D,6.5,6.5,True,True
24,FC MCDONALD,Doig,D,,,False,True
24,FC MCDONALD,Vitik,D,6.0,6.0,False,True
24,FC MCDONALD,Van Der Brempt,D,6.0,6.0,False,True
24,FC MCDONALD,Matic,C,,,False,True
24,FC MCDONALD,Zarraga,C,,,False,True
24,FC MCDONALD,Deiola,C,,,False,True
24,FC MCDONALD,Prati,C,5.5,5.5,True,True
24,FC MCDONALD,David,A,5.5,5.5,False,True
24,FC MCDONALD,Kuhn,A,,,False,True
24,FC MCDONALD,Borrelli,A,,,False,True
24,BATIGOAL,Maignan,P,6.0,5.0,True,False
24,BATIGOAL,Bartesaghi,D,5.5,5.5,True,False
24,BATIGOAL,Pongracic,D,6.0,6.0,True,False
24,BATIGOAL,Norton-Cuffy,D,7.0,11.0,True,False
24,BATIGOAL,Wesley,D,5.5,5.5,True,False
24,BATIGOAL,Zaccagni,C,5.5,5.5,True,False
24,BATIGOAL,Atta,C,6.0,6.0,True,False
24,BATIGOAL,McTominay,C,,,False,False
24,BATIGOAL,McKennie,C,5.0,5.0,True,False
24,BATIGOAL,Leao,A,5.5,5.0,True,False
24,BATIGOAL,Colombo,A,6.5,6.5,True,False
24,BATIGOAL,Terracciano,P,,,False,True
24,BATIGOAL,Torriani,P,,,False,True
24,BATIGOAL,Vojvoda,D,7.0,11.0,False,True
24,BATIGOAL,Estupinan,D,5.5,5.5,False,True
24,BATIGOAL,Dossena,D,6.0,6.0,False,True
24,BATIGOAL,Canestrelli,D,4.5,4.5,False,True
24,BATIGOAL,Zambo Anguissa,C,,,False,True
24,BATIGOAL,Santos A.,C,5.5,5.5,True,True
24,BATIGOAL,El Aynaoui,C,6.0,5.5,False,True
24,BATIGOAL,Da Cunha,C,6.5,7.5,False,True
24,BATIGOAL,Diao,A,,,False,True
24,BATIGOAL,Piccoli,A,,,False,True
24,BATIGOAL,Kilicsoy,A,6.0,6.0,False,True
24,BATIGOAL,Djuric,A,6.0,6.0,False,True
24,BUSHAOZI,Carnesecchi,P,6.0,5.0,True,False
24,BUSHAOZI,Marusic,D,6.5,6.5,True,False
24,BUSHAOZI,Martin,D,,,False,False
24,BUSHAOZI,Walukiewicz,D,6.5,6.0,True,False
24,BUSHAOZI,Taylor K.,C,6.0,6.0,True,False
24,BUSHAOZI,Lobotka,C,6.0,6.0,True,False
24,BUSHAOZI,Adopo,C,5.5,5.5,True,False
24,BUSHAOZI,Konè I.,C,6.5,6.5,True,False
24,BUSHAOZI,Thuram K.,C,5.5,5.5,True,False
24,BUSHAOZI,Solomon,A,6.0,6.0,True,False
24,BUSHAOZI,Krstovic,A,6.0,6.0,True,False
24,BUSHAOZI,Sportiello,P,,,False,True
24,BUSHAOZI,Rossi F.,P,,,False,True
24,BUSHAOZI,Gutierrez,D,6.5,7.5,True,True
24,BUSHAOZI,Olivera,D,5.0,5.0,False,True
24,BUSHAOZI,Belghali,D,,,False,True
24,BUSHAOZI,Gila,D,,,False,True
24,BUSHAOZI,Dumfries,D,,,False,True
24,BUSHAOZI,Ferguson,C,,,False,True
24,BUSHAOZI,Suslov,C,,,False,True
24,BUSHAOZI,Paz N.,C,,,False,True
24,BUSHAOZI,Durosinmi,A,5.5,5.5,False,True
24,BUSHAOZI,Moro L.,A,,,False,True
24,BUSHAOZI,Martinez L.,A,,,False,True
24,BUSHAOZI,Frigan,A,,,False,True
24,GALLIFREY,Butez,P,6.0,7.0,True,False
24,GALLIFREY,Solet,D,,,False,False
24,GALLIFREY,Kelly L.,D,5.5,5.5,True,False
24,GALLIFREY,Valle,D,6.0,6.0,True,False
24,GALLIFREY,Akanji,D,7.0,10.0,True,False
24,GALLIFREY,Sucic P.,C,5.5,5.5,True,False
24,GALLIFREY,Frendrup,C,6.0,6.0,True,False
24,GALLIFREY,Strefezza,C,6.5,6.5,True,False
24,GALLIFREY,Pulisic,C,6.0,6.0,True,False
24,GALLIFREY,Bonny,A,6.0,6.0,True,False
24,GALLIFREY,Hojlund,A,6.0,6.0,True,False
24,GALLIFREY,Cavlina,P,,,False,True
24,GALLIFREY,Tornqvist,P,,,False,True
24,GALLIFREY,Carlos Augusto,D,,,False,True
24,GALLIFREY,Vasquez,D,6.5,6.5,True,True
24,GALLIFREY,Marianucci,D,,,False,True
24,GALLIFREY,Angelino,D,,,False,True
24,GALLIFREY,Casadei,C,,,False,True
24,GALLIFREY,Ekkelenkamp,C,6.0,6.0,False,True
24,GALLIFREY,Barella,C,,,False,True
24,GALLIFREY,El Shaarawy,C,,,False,True
24,GALLIFREY,Esposito Se.,A,6.0,6.0,False,True
24,GALLIFREY,Dybala,A,,,False,True
24,GALLIFREY,Lukaku,A,,,False,True
24,GALLIFREY,Cambiaghi,A,6.0,6.0,False,True
24,SUMMERED,Svilar,P,6.5,7.5,True,False
24,SUMMERED,Gosens,D,,,False,False
24,SUMMERED,Pavlovic,D,5.5,5.5,True,False
24,SUMMERED,Bisseck,D,6.0,6.0,True,False
24,SUMMERED,Palestra,D,6.5,6.5,True,False
24,SUMMERED,Zaragoza,C,5.5,5.5,True,False
24,SUMMERED,Rabiot,C,6.5,6.5,True,False
24,SUMMERED,Vlasic,C,6.0,6.0,True,False
24,SUMMERED,Brescianini,C,6.0,6.0,True,False
24,SUMMERED,Castro S.,A,6.5,6.5,True,False
24,SUMMERED,Malen,A,7.0,7.0,True,False
24,SUMMERED,Gollini,P,,,False,True
24,SUMMERED,Zelezny,P,,,False,True
24,SUMMERED,Delprato,D,6.5,6.5,True,True
24,SUMMERED,Djimsiti,D,6.0,6.0,False,True
24,SUMMERED,Muharemovic,D,,,False,True
24,SUMMERED,Baschirotto,D,,,False,True
24,SUMMERED,Locatelli,C,6.0,5.5,False,True
24,SUMMERED,Rowe,C,6.0,6.0,False,True
24,SUMMERED,Baldanzi,C,7.0,7.0,False,True
24,SUMMERED,Tourè I.,C,5.5,5.5,False,True
24,SUMMERED,Ferguson E.,A,,,False,True
24,SUMMERED,Pellegrino M.,A,6.0,6.0,False,True
24,SUMMERED,Dallinga,A,,,False,True
24,SUMMERED,Vardy,A,5.0,5.0,False,True
25,SUMMERED,Svilar,P,6.0,3.0,True,False
25,SUMMERED,Bisseck,D,6.0,6.0,True,False
25,SUMMERED,Pavlovic,D,7.0,11.0,True,False
25,SUMMERED,Delprato,D,6.0,6.0,True,False
25,SUMMERED,Djimsiti,D,6.0,6.0,True,False
25,SUMMERED,Vlasic,C,6.0,5.5,True,False
25,SUMMERED,Rabiot,C,6.5,6.5,True,False
25,SUMMERED,Zaragoza,C,,,False,False
25,SUMMERED,Dallinga,A,,,False,False
25,SUMMERED,Malen,A,7.0,10.0,True,False
25,SUMMERED,Pellegrino M.,A,5.5,5.0,True,False
25,SUMMERED,Gollini,P,,,False,True
25,SUMMERED,Zelezny,P,,,False,True
25,SUMMERED,Palestra,D,6.5,6.5,False,True
25,SUMMERED,Muharemovic,D,6.5,6.5,False,True
25,SUMMERED,Gosens,D,,,False,True
25,SUMMERED,Baschirotto,D,,,False,True
25,SUMMERED,Brescianini,C,6.0,6.0,True,True
25,SUMMERED,Rowe,C,6.0,6.0,False,True
25,SUMMERED,Baldanzi,C,5.5,5.5,False,True
25,SUMMERED,Tourè I.,C,,,False,True
25,SUMMERED,Locatelli,C,,,False,True
25,SUMMERED,Castro S.,A,6.0,6.0,True,True
25,SUMMERED,Vardy,A,6.0,6.0,False,True
25,SUMMERED,Ferguson E.,A,,,False,True
25,FC MCDONALD,Provedel,P,6.0,4.0,True,False
25,FC MCDONALD,Rensch,D,6.5,6.5,True,False
25,FC MCDONALD,Zappacosta,D,6.5,7.5,True,False
25,FC MCDONALD,Angori,D,6.0,6.0,True,False
25,FC MCDONALD,Pellegrini Lo.,C,6.0,7.0,True,False
25,FC MCDONALD,Zalewski,C,5.5,5.0,True,False
25,FC MCDONALD,Modric,C,7.0,7.0,True,False
25,FC MCDONALD,Gudmundsson A.,C,5.0,5.0,True,False
25,FC MCDONALD,Giovane,A,6.5,7.5,True,False
25,FC MCDONALD,Berardi,A,6.5,6.5,True,False
25,FC MCDONALD,Simeone,A,7.0,11.0,True,False
25,FC MCDONALD,Falcone,P,6.0,3.0,False,True
25,FC MCDONALD,Furlanetto,P,,,False,True
25,FC MCDONALD,Zemura,D,6.0,6.0,False,True
25,FC MCDONALD,Doig,D,,,False,True
25,FC MCDONALD,Vitik,D,6.0,6.0,False,True
25,FC MCDONALD,Van Der Brempt,D,6.5,6.5,False,True
25,FC MCDONALD,Matic,C,6.0,5.5,False,True
25,FC MCDONALD,Zarraga,C,6.0,6.0,False,True
25,FC MCDONALD,Deiola,C,,,False,True
25,FC MCDONALD,Prati,C,6.0,6.0,False,True
25,FC MCDONALD,David,A,5.5,5.5,False,True
25,FC MCDONALD,Kuhn,A,,,False,True
25,FC MCDONALD,Borrelli,A,,,False,True
25,BUSHAOZI,Carnesecchi,P,6.5,4.5,True,False
25,BUSHAOZI,Marusic,D,5.0,5.0,True,False
25,BUSHAOZI,Gutierrez,D,6.0,6.0,True,False
25,BUSHAOZI,Olivera,D,,,False,False
25,BUSHAOZI,Dumfries,D,,,False,False
25,BUSHAOZI,Taylor K.,C,5.0,5.0,True,False
25,BUSHAOZI,Adopo,C,6.5,6.5,True,False
25,BUSHAOZI,Paz N.,C,6.0,6.0,True,False
25,BUSHAOZI,Konè I.,C,7.0,10.0,True,False
25,BUSHAOZI,Ferguson,C,,,False,False
25,BUSHAOZI,Krstovic,A,6.0,6.0,True,False
25,BUSHAOZI,Sportiello,P,,,False,True
25,BUSHAOZI,Rossi F.,P,,,False,True
25,BUSHAOZI,Martin,D,5.5,5.5,True,True
25,BUSHAOZI,Gila,D,,,False,True
25,BUSHAOZI,Walukiewicz,D,,,False,True
25,BUSHAOZI,Belghali,D,,,False,True
25,BUSHAOZI,Lobotka,C,5.5,5.5,True,True
25,BUSHAOZI,Thuram K.,C,6.0,6.0,False,True
25,BUSHAOZI,Suslov,C,5.5,5.0,False,True
25,BUSHAOZI,Durosinmi,A,6.0,6.0,False,True
25,BUSHAOZI,Moro L.,A,,,False,True
25,BUSHAOZI,Martinez L.,A,,,False,True
25,BUSHAOZI,Solomon,A,,,False,True
25,BUSHAOZI,Frigan,A,,,False,True
25,HIGHRIVER,Skorupski,P,7.0,8.0,True,False
25,HIGHRIVER,Dodò,D,,,False,False
25,HIGHRIVER,Dimarco,D,7.0,11.0,True,False
25,HIGHRIVER,Bellanova,D,6.0,6.0,True,False
25,HIGHRIVER,Maldini,C,,,False,False
25,HIGHRIVER,Isaksen,C,5.5,5.5,True,False
25,HIGHRIVER,Loftus-Cheek,C,,,False,False
25,HIGHRIVER,Odgaard,C,7.0,11.0,True,False
25,HIGHRIVER,Yildiz,A,5.5,5.5,True,False
25,HIGHRIVER,Thuram,A,5.5,5.5,True,False
25,HIGHRIVER,Dominguez B.,A,,,False,False
25,HIGHRIVER,Milinkovic-Savic V.,P,,,False,True
25,HIGHRIVER,Ravaglia F.,P,,,False,True
25,HIGHRIVER,Luperto,D,5.5,5.5,True,True
25,HIGHRIVER,Darmian,D,,,False,True
25,HIGHRIVER,Pierotti,C,5.5,5.5,True,True
25,HIGHRIVER,Keita M.,C,5.5,5.5,True,True
25,HIGHRIVER,Ilkhan,C,,,False,True
25,HIGHRIVER,Adams C.,A,,,False,True
25,HIGHRIVER,Milik,A,,,False,True
25,HIGHRIVER,Sernicola,D,,,False,True
25,HIGHRIVER,Ndaba,D,5.0,5.0,False,True
25,CHOWPOUROMA,Bijlow,P,7.0,5.0,True,False
25,CHOWPOUROMA,Tiago Gabriel,D,5.0,5.0,True,False
25,CHOWPOUROMA,Cambiaso,D,5.0,5.0,True,False
25,CHOWPOUROMA,Spinazzola,D,6.0,6.0,True,False
25,CHOWPOUROMA,Nelsson,D,6.0,6.0,True,False
25,CHOWPOUROMA,Calhanoglu,C,7.0,8.5,True,False
25,CHOWPOUROMA,De Roon,C,5.0,5.0,True,False
25,CHOWPOUROMA,Conceicao,C,6.5,9.5,True,False
25,CHOWPOUROMA,Laurientè,A,7.0,9.0,True,False
25,CHOWPOUROMA,Kean,A,5.5,5.5,True,False
25,CHOWPOUROMA,Soulè,A,,,False,False
25,CHOWPOUROMA,Leali,P,,,False,True
25,CHOWPOUROMA,Sommariva,P,,,False,True
25,CHOWPOUROMA,Calabresi,D,6.0,6.0,False,True
25,CHOWPOUROMA,Acerbi,D,,,False,True
25,CHOWPOUROMA,Holm,D,,,False,True
25,CHOWPOUROMA,Gabbia,D,,,False,True
25,CHOWPOUROMA,Bernardeschi,C,5.5,5.5,False,True
25,CHOWPOUROMA,Mkhitaryan,C,7.0,7.5,False,True
25,CHOWPOUROMA,Volpato,C,,,False,True
25,CHOWPOUROMA,Venturino,C,,,False,True
25,CHOWPOUROMA,Mazzitelli,C,,,False,True
25,CHOWPOUROMA,Njie,A,,,False,True
25,CHOWPOUROMA,Sulemana K.,A,5.0,5.0,True,True
25,CHOWPOUROMA,Dia,A,,,False,True
25,GALLIFREY,Butez,P,6.0,5.0,True,False
25,GALLIFREY,Carlos Augusto,D,6.5,6.5,True,False
25,GALLIFREY,Valle,D,,,False,False
25,GALLIFREY,Akanji,D,6.0,6.0,True,False
25,GALLIFREY,Casadei,C,6.0,6.0,True,False
25,GALLIFREY,Strefezza,C,6.0,6.0,True,False
25,GALLIFREY,Sucic P.,C,,,False,False
25,GALLIFREY,Pulisic,C,5.0,5.0,True,False
25,GALLIFREY,Bonny,A,6.5,6.5,True,False
25,GALLIFREY,Hojlund,A,6.5,9.5,True,False
25,GALLIFREY,Dybala,A,,,False,False
25,GALLIFREY,Cavlina,P,,,False,True
25,GALLIFREY,Tornqvist,P,,,False,True
25,GALLIFREY,Kelly L.,D,5.0,5.0,True,True
25,GALLIFREY,Vasquez,D,6.0,6.0,False,True
25,GALLIFREY,Marianucci,D,,,False,True
25,GALLIFREY,Angelino,D,,,False,True
25,GALLIFREY,Solet,D,,,False,True
25,GALLIFREY,Frendrup,C,6.0,6.0,True,True
25,GALLIFREY,Barella,C,6.0,6.0,False,True
25,GALLIFREY,Ekkelenkamp,C,6.0,6.0,False,True
25,GALLIFREY,El Shaarawy,C,,,False,True
25,GALLIFREY,Esposito Se.,A,6.5,7.0,True,True
25,GALLIFREY,Cambiaghi,A,5.5,5.5,False,True
25,GALLIFREY,Lukaku,A,7.0,10.5,False,True
25,ZDENEK ZEMAN,Di Gregorio,P,,,False,False
25,ZDENEK ZEMAN,Valeri,D,6.0,6.0,True,False
25,ZDENEK ZEMAN,Kempf,D,6.5,9.5,True,False
25,ZDENEK ZEMAN,Juan Jesus,D,6.0,5.5,True,False
25,ZDENEK ZEMAN,Kalulu,D,5.5,5.5,True,False
25,ZDENEK ZEMAN,Bernabè,C,6.5,6.5,True,False
25,ZDENEK ZEMAN,Zaniolo,C,7.0,8.0,True,False
25,ZDENEK ZEMAN,Mandragora,C,5.5,5.5,True,False
25,ZDENEK ZEMAN,Orsolini,C,5.5,5.5,True,False
25,ZDENEK ZEMAN,Morata,A,5.5,5.5,True,False
25,ZDENEK ZEMAN,Fullkrug,A,6.0,6.0,True,False
25,ZDENEK ZEMAN,Pedro,A,,,False,True
25,ZDENEK ZEMAN,Nkunku,A,6.5,7.5,False,True
25,ZDENEK ZEMAN,Boga,A,7.0,10.0,False,True
25,ZDENEK ZEMAN,Moreo,A,6.5,6.5,False,True
25,ZDENEK ZEMAN,Politano,C,6.0,6.0,False,True
25,ZDENEK ZEMAN,Folorunsho,C,7.5,10.5,False,True
25,ZDENEK ZEMAN,Malinovskyi,C,5.0,4.5,False,True
25,ZDENEK ZEMAN,Gaetano,C,,,False,True
25,ZDENEK ZEMAN,Maripan,D,,,False,True
25,ZDENEK ZEMAN,Gatti,D,7.0,11.0,False,True
25,ZDENEK ZEMAN,Rrahmani,D,,,False,True
25,ZDENEK ZEMAN,Gaspar K.,D,,,False,True
25,ZDENEK ZEMAN,Perin,P,5.5,2.5,True,True
25,ZDENEK ZEMAN,Pinsoglio,P,,,False,True
25,TEAM SJ,Sommer,P,6.0,7.0,True,False
25,TEAM SJ,Bernasconi,D,6.0,5.5,True,False
25,TEAM SJ,Ramon,D,6.5,6.5,True,False
25,TEAM SJ,Scalvini,D,5.5,5.5,True,False
25,TEAM SJ,Vergara,C,6.5,6.5,True,False
25,TEAM SJ,Fagioli,C,5.5,5.5,True,False
25,TEAM SJ,Perrone,C,7.0,8.0,True,False
25,TEAM SJ,Elmas,C,6.0,5.5,True,False
25,TEAM SJ,Luis Henrique,C,6.5,6.5,True,False
25,TEAM SJ,Douvikas,A,7.0,10.0,True,False
25,TEAM SJ,Vitinha O.,A,5.5,5.5,True,False
25,TEAM SJ,Martinez Jo.,P,,,False,True
25,TEAM SJ,Di Gennaro,P,,,False,True
25,TEAM SJ,Bremer,D,5.5,6.5,False,True
25,TEAM SJ,Diego Carlos,D,6.0,6.0,False,True
25,TEAM SJ,Hermoso,D,,,False,True
25,TEAM SJ,Ziolkowski,D,,,False,True
25,TEAM SJ,Bastoni,D,,,False,True
25,TEAM SJ,Cristante,C,5.5,5.5,False,True
25,TEAM SJ,Miretti,C,6.0,6.0,False,True
25,TEAM SJ,Baturina,C,,,False,True
25,TEAM SJ,Ratkov,A,5.0,5.0,False,True
25,TEAM SJ,Addai,A,,,False,True
25,TEAM SJ,Raspadori,A,,,False,True
25,TEAM SJ,De Ketelaere,A,,,False,True
25,BATIGOAL,Maignan,P,6.0,7.0,True,False
25,BATIGOAL,Wesley,D,7.0,9.5,True,False
25,BATIGOAL,Bartesaghi,D,6.0,6.0,True,False
25,BATIGOAL,Vojvoda,D,6.0,6.0,True,False
25,BATIGOAL,Zaccagni,C,5.5,5.5,True,False
25,BATIGOAL,Atta,C,,,False,False
25,BATIGOAL,Da Cunha,C,7.0,8.0,True,False
25,BATIGOAL,Zambo Anguissa,C,,,False,False
25,BATIGOAL,Santos A.,C,6.0,6.0,True,False
25,BATIGOAL,Leao,A,6.0,9.0,True,False
25,BATIGOAL,Kilicsoy,A,5.5,5.5,True,False
25,BATIGOAL,Terracciano,P,,,False,True
25,BATIGOAL,Torriani,P,,,False,True
25,BATIGOAL,Estupinan,D,,,False,True
25,BATIGOAL,Canestrelli,D,6.0,6.0,False,True
25,BATIGOAL,Norton-Cuffy,D,,,False,True
25,BATIGOAL,Dossena,D,6.5,6.0,False,True
25,BATIGOAL,Pongracic,D,6.0,5.5,False,True
25,BATIGOAL,McTominay,C,,,False,True
25,BATIGOAL,McKennie,C,6.0,7.0,True,True
25,BATIGOAL,El Aynaoui,C,5.5,5.5,True,True
25,BATIGOAL,Diao,A,,,False,True
25,BATIGOAL,Piccoli,A,5.5,5.5,False,True
25,BATIGOAL,Djuric,A,5.5,5.5,False,True
25,BATIGOAL,Colombo,A,6.0,6.0,False,True
25,TEAM DELVECCHIO23,Corvi,P,6.5,5.5,True,False
25,TEAM DELVECCHIO23,N'Dicka,D,6.5,9.5,True,False
25,TEAM DELVECCHIO23,Mancini,D,6.0,6.0,True,False
25,TEAM DELVECCHIO23,Tomori,D,6.5,6.5,True,False
25,TEAM DELVECCHIO23,Thorstvedt,C,7.0,11.0,True,False
25,TEAM DELVECCHIO23,Saelemaekers,C,5.5,5.5,True,False
25,TEAM DELVECCHIO23,Konè M.,C,6.5,7.5,True,False
25,TEAM DELVECCHIO23,Zielinski,C,6.0,6.0,True,False
25,TEAM DELVECCHIO23,Rodriguez Je.,A,7.5,12.5,True,False
25,TEAM DELVECCHIO23,Pinamonti,A,4.0,3.0,True,False
25,TEAM DELVECCHIO23,Esposito F.P.,A,6.0,6.0,True,False
25,TEAM DELVECCHIO23,Suzuki,P,,,False,True
25,TEAM DELVECCHIO23,De Gea,P,6.0,3.0,False,True
25,TEAM DELVECCHIO23,Celik,D,6.0,6.0,False,True
25,TEAM DELVECCHIO23,Ostigard,D,6.0,6.0,False,True
25,TEAM DELVECCHIO23,Ehizibue,D,6.0,5.5,False,True
25,TEAM DELVECCHIO23,Buongiorno,D,6.0,6.0,False,True
25,TEAM DELVECCHIO23,Kolasinac,D,5.0,5.0,False,True
25,TEAM DELVECCHIO23,Pisilli,C,7.5,8.5,False,True
25,TEAM DELVECCHIO23,Frattesi,C,6.0,6.0,False,True
25,TEAM DELVECCHIO23,Freuler,C,6.0,6.5,False,True
25,TEAM DELVECCHIO23,Ederson D.S.,C,,,False,True
25,TEAM DELVECCHIO23,Scamacca,A,5.5,5.5,False,True
25,TEAM DELVECCHIO23,Vaz,A,,,False,True
25,TEAM DELVECCHIO23,Orban G.,A,,,False,True
26,SUMMERED,Svilar,P,6.5,4.5,True,False
26,SUMMERED,Palestra,D,6.5,6.0,True,False
26,SUMMERED,Muharemovic,D,5.5,5.5,True,False
26,SUMMERED,Djimsiti,D,,,False,False
26,SUMMERED,Brescianini,C,,,False,False
26,SUMMERED,Rabiot,C,6.5,6.0,True,False
26,SUMMERED,Locatelli,C,7.0,8.0,True,False
26,SUMMERED,Zaragoza,C,,,False,False
26,SUMMERED,Malen,A,5.5,5.0,True,False
26,SUMMERED,Castro S.,A,5.0,5.0,True,False
26,SUMMERED,Pellegrino M.,A,5.5,5.5,True,False
26,SUMMERED,Gollini,P,,,False,True
26,SUMMERED,Zelezny,P,,,False,True
26,SUMMERED,Delprato,D,6.5,6.5,True,True
26,SUMMERED,Pavlovic,D,7.0,7.0,False,True
26,SUMMERED,Bisseck,D,5.5,5.5,False,True
26,SUMMERED,Gosens,D,6.0,6.0,False,True
26,SUMMERED,Baschirotto,D,,,False,True
26,SUMMERED,Rowe,C,7.0,10.0,True,True
26,SUMMERED,Vlasic,C,6.5,6.5,True,True
26,SUMMERED,Tourè I.,C,,,False,True
26,SUMMERED,Baldanzi,C,,,False,True
26,SUMMERED,Vardy,A,5.0,5.0,False,True
26,SUMMERED,Ferguson E.,A,,,False,True
26,SUMMERED,Dallinga,A,,,False,True
26,TEAM DELVECCHIO23,De Gea,P,6.0,7.0,True,False
26,TEAM DELVECCHIO23,N'Dicka,D,6.5,9.0,True,False
26,TEAM DELVECCHIO23,Mancini,D,5.5,5.5,True,False
26,TEAM DELVECCHIO23,Buongiorno,D,6.5,6.5,True,False
26,TEAM DELVECCHIO23,Saelemaekers,C,6.0,6.0,True,False
26,TEAM DELVECCHIO23,Thorstvedt,C,6.5,7.5,True,False
26,TEAM DELVECCHIO23,Konè M.,C,5.5,5.5,True,False
26,TEAM DELVECCHIO23,Zielinski,C,5.5,5.5,True,False
26,TEAM DELVECCHIO23,Pisilli,C,5.5,5.5,True,False
26,TEAM DELVECCHIO23,Scamacca,A,7.5,14.5,True,False
26,TEAM DELVECCHIO23,Esposito F.P.,A,5.5,5.5,True,False
26,TEAM DELVECCHIO23,Suzuki,P,,,False,True
26,TEAM DELVECCHIO23,Corvi,P,6.0,7.0,False,True
26,TEAM DELVECCHIO23,Celik,D,5.5,5.5,False,True
26,TEAM DELVECCHIO23,Ostigard,D,7.0,7.0,False,True
26,TEAM DELVECCHIO23,Tomori,D,6.0,6.0,False,True
26,TEAM DELVECCHIO23,Ehizibue,D,5.5,5.5,False,True
26,TEAM DELVECCHIO23,Kolasinac,D,6.0,6.0,False,True
26,TEAM DELVECCHIO23,Frattesi,C,5.5,5.5,False,True
26,TEAM DELVECCHIO23,Freuler,C,,,False,True
26,TEAM DELVECCHIO23,Ederson D.S.,C,,,False,True
26,TEAM DELVECCHIO23,Vaz,A,,,False,True
26,TEAM DELVECCHIO23,Orban G.,A,6.5,7.5,False,True
26,TEAM DELVECCHIO23,Rodriguez Je.,A,6.0,6.0,False,True
26,TEAM DELVECCHIO23,Pinamonti,A,,,False,True
26,FC MCDONALD,Provedel,P,,,False,False
26,FC MCDONALD,Rensch,D,5.5,5.5,True,False
26,FC MCDONALD,Zappacosta,D,6.0,6.0,True,False
26,FC MCDONALD,Angori,D,5.5,5.5,True,False
26,FC MCDONALD,Pellegrini Lo.,C,5.0,5.0,True,False
26,FC MCDONALD,Zalewski,C,6.5,7.5,True,False
26,FC MCDONALD,Modric,C,7.0,6.5,True,False
26,FC MCDONALD,Gudmundsson A.,C,5.5,5.5,True,False
26,FC MCDONALD,Giovane,A,,,False,False
26,FC MCDONALD,Berardi,A,5.5,5.5,True,False
26,FC MCDONALD,Simeone,A,5.5,5.5,True,False
26,FC MCDONALD,Falcone,P,6.5,5.5,True,True
26,FC MCDONALD,Furlanetto,P,,,False,True
26,FC MCDONALD,Zemura,D,,,False,True
26,FC MCDONALD,Doig,D,6.0,6.0,False,True
26,FC MCDONALD,Vitik,D,5.5,5.5,False,True
26,FC MCDONALD,Van Der Brempt,D,6.0,7.0,False,True
26,FC MCDONALD,Matic,C,5.5,5.5,False,True
26,FC MCDONALD,Zarraga,C,6.0,6.0,False,True
26,FC MCDONALD,Deiola,C,,,False,True
26,FC MCDONALD,Prati,C,6.0,6.0,False,True
26,FC MCDONALD,David,A,5.0,5.0,True,True
26,FC MCDONALD,Kuhn,A,,,False,True
26,FC MCDONALD,Borrelli,A,,,False,True
26,CHOWPOUROMA,Bijlow,P,6.0,5.0,True,False
26,CHOWPOUROMA,Tiago Gabriel,D,5.5,5.5,True,False
26,CHOWPOUROMA,Cambiaso,D,7.0,11.0,True,False
26,CHOWPOUROMA,Spinazzola,D,6.5,7.0,True,False
26,CHOWPOUROMA,Nelsson,D,5.5,5.5,True,False
26,CHOWPOUROMA,Calhanoglu,C,,,False,False
26,CHOWPOUROMA,De Roon,C,6.0,5.5,True,False
26,CHOWPOUROMA,Conceicao,C,7.0,8.0,True,False
26,CHOWPOUROMA,Laurientè,A,7.0,9.5,True,False
26,CHOWPOUROMA,Kean,A,,,False,False
26,CHOWPOUROMA,Soulè,A,,,False,False
26,CHOWPOUROMA,Leali,P,,,False,True
26,CHOWPOUROMA,Sommariva,P,,,False,True
26,CHOWPOUROMA,Calabresi,D,5.5,5.5,False,True
26,CHOWPOUROMA,Acerbi,D,,,False,True
26,CHOWPOUROMA,Holm,D,,,False,True
26,CHOWPOUROMA,Gabbia,D,,,False,True
26,CHOWPOUROMA,Mkhitaryan,C,6.0,6.0,True,True
26,CHOWPOUROMA,Bernardeschi,C,6.0,6.0,False,True
26,CHOWPOUROMA,Volpato,C,,,False,True
26,CHOWPOUROMA,Venturino,C,5.5,5.5,False,True
26,CHOWPOUROMA,Mazzitelli,C,,,False,True
26,CHOWPOUROMA,Njie,A,,,False,True
26,CHOWPOUROMA,Sulemana K.,A,6.0,6.0,True,True
26,CHOWPOUROMA,Dia,A,6.0,6.0,True,True
26,TEAM SJ,Sommer,P,6.0,5.0,True,False
26,TEAM SJ,Bastoni,D,6.0,5.5,True,False
26,TEAM SJ,Bremer,D,6.0,5.5,True,False
26,TEAM SJ,Ramon,D,5.5,5.0,True,False
26,TEAM SJ,Vergara,C,6.0,6.0,True,False
26,TEAM SJ,Fagioli,C,5.5,5.5,True,False
26,TEAM SJ,Cristante,C,6.0,5.5,True,False
26,TEAM SJ,Perrone,C,6.0,6.0,True,False
26,TEAM SJ,Elmas,C,7.0,11.0,True,False
26,TEAM SJ,Douvikas,A,6.0,6.0,True,False
26,TEAM SJ,Vitinha O.,A,7.0,11.0,True,False
26,TEAM SJ,Martinez Jo.,P,,,False,True
26,TEAM SJ,Di Gennaro,P,,,False,True
26,TEAM SJ,Bernasconi,D,6.0,6.0,False,True
26,TEAM SJ,Diego Carlos,D,,,False,True
26,TEAM SJ,Scalvini,D,,,False,True
26,TEAM SJ,Hermoso,D,,,False,True
26,TEAM SJ,Ziolkowski,D,,,False,True
26,TEAM SJ,Baturina,C,7.0,10.0,False,True
26,TEAM SJ,Miretti,C,,,False,True
26,TEAM SJ,Luis Henrique,C,5.0,5.0,False,True
26,TEAM SJ,Ratkov,A,,,False,True
26,TEAM SJ,Addai,A,,,False,True
26,TEAM SJ,Raspadori,A,,,False,True
26,TEAM SJ,De Ketelaere,A,,,False,True
26,BUSHAOZI,Carnesecchi,P,6.0,4.0,True,False
26,BUSHAOZI,Marusic,D,7.0,11.0,True,False
26,BUSHAOZI,Gutierrez,D,6.0,6.0,True,False
26,BUSHAOZI,Martin,D,6.0,6.0,True,False
26,BUSHAOZI,Walukiewicz,D,5.5,5.0,True,False
26,BUSHAOZI,Taylor K.,C,6.5,6.5,True,False
26,BUSHAOZI,Thuram K.,C,7.0,10.0,True,False
26,BUSHAOZI,Paz N.,C,6.0,6.0,True,False
26,BUSHAOZI,Konè I.,C,6.0,6.0,True,False
26,BUSHAOZI,Ferguson,C,5.5,5.0,True,False
26,BUSHAOZI,Krstovic,A,6.5,6.5,True,False
26,BUSHAOZI,Sportiello,P,,,False,True
26,BUSHAOZI,Rossi F.,P,,,False,True
26,BUSHAOZI,Dumfries,D,6.0,5.5,False,True
26,BUSHAOZI,Belghali,D,,,False,True
26,BUSHAOZI,Gila,D,7.0,7.0,False,True
26,BUSHAOZI,Olivera,D,6.0,6.0,False,True
26,BUSHAOZI,Adopo,C,6.0,6.0,False,True
26,BUSHAOZI,Lobotka,C,,,False,True
26,BUSHAOZI,Suslov,C,6.0,6.0,False,True
26,BUSHAOZI,Durosinmi,A,5.5,5.5,False,True
26,BUSHAOZI,Moro L.,A,5.0,5.0,False,True
26,BUSHAOZI,Martinez L.,A,,,False,True
26,BUSHAOZI,Solomon,A,,,False,True
26,BUSHAOZI,Frigan,A,,,False,True
26,HIGHRIVER,Skorupski,P,6.5,4.5,True,False
26,HIGHRIVER,Dodò,D,6.0,5.5,True,False
26,HIGHRIVER,Dimarco,D,5.5,5.5,True,False
26,HIGHRIVER,Bellanova,D,5.5,5.5,True,False
26,HIGHRIVER,Maldini,C,7.0,10.0,True,False
26,HIGHRIVER,Isaksen,C,6.0,6.0,True,False
26,HIGHRIVER,Loftus-Cheek,C,,,False,False
26,HIGHRIVER,Odgaard,C,5.5,5.5,True,False
26,HIGHRIVER,Yildiz,A,7.5,11.5,True,False
26,HIGHRIVER,Thuram,A,,,False,False
26,HIGHRIVER,Dominguez B.,A,,,False,False
26,HIGHRIVER,Milinkovic-Savic V.,P,6.0,5.0,False,True
26,HIGHRIVER,Ravaglia F.,P,,,False,True
26,HIGHRIVER,Luperto,D,5.5,5.0,False,True
26,HIGHRIVER,Darmian,D,,,False,True
26,HIGHRIVER,Pierotti,C,7.0,10.0,True,True
26,HIGHRIVER,Keita M.,C,6.5,6.5,False,True
26,HIGHRIVER,Ilkhan,C,,,False,True
26,HIGHRIVER,Adams C.,A,6.0,7.0,True,True
26,HIGHRIVER,Milik,A,,,False,True
26,HIGHRIVER,Sernicola,D,,,False,True
26,HIGHRIVER,Ndaba,D,,,False,True
26,BATIGOAL,Maignan,P,6.5,7.5,True,False
26,BATIGOAL,Vojvoda,D,6.0,6.0,True,False
26,BATIGOAL,Pongracic,D,5.5,5.5,True,False
26,BATIGOAL,Bartesaghi,D,,,False,False
26,BATIGOAL,Zaccagni,C,5.5,5.5,True,False
26,BATIGOAL,McKennie,C,6.0,6.0,True,False
26,BATIGOAL,Zambo Anguissa,C,6.0,6.0,True,False
26,BATIGOAL,Santos A.,C,7.0,10.0,True,False
26,BATIGOAL,Leao,A,5.5,5.5,True,False
26,BATIGOAL,Kilicsoy,A,,,False,False
26,BATIGOAL,Diao,A,,,False,False
26,BATIGOAL,Terracciano,P,,,False,True
26,BATIGOAL,Torriani,P,,,False,True
26,BATIGOAL,Estupinan,D,7.0,11.0,True,True
26,BATIGOAL,Dossena,D,5.0,4.5,False,True
26,BATIGOAL,Canestrelli,D,,,False,True
26,BATIGOAL,Norton-Cuffy,D,,,False,True
26,BATIGOAL,McTominay,C,,,False,True
26,BATIGOAL,Atta,C,6.0,6.0,False,True
26,BATIGOAL,Da Cunha,C,7.5,11.5,False,True
26,BATIGOAL,El Aynaoui,C,5.5,5.5,False,True
26,BATIGOAL,Piccoli,A,5.0,5.0,True,True
26,BATIGOAL,Djuric,A,7.0,7.5,True,True
26,BATIGOAL,Colombo,A,6.0,6.0,False,True
26,GALLIFREY,Butez,P,6.5,5.5,True,False
26,GALLIFREY,Carlos Augusto,D,6.0,6.0,True,False
26,GALLIFREY,Valle,D,,,False,False
26,GALLIFREY,Akanji,D,6.0,6.0,True,False
26,GALLIFREY,Kelly L.,D,6.0,6.0,True,False
26,GALLIFREY,Strefezza,C,6.0,6.0,True,False
26,GALLIFREY,Barella,C,5.5,5.5,True,False
26,GALLIFREY,Pulisic,C,6.5,6.5,True,False
26,GALLIFREY,Ekkelenkamp,C,6.0,6.0,True,False
26,GALLIFREY,Hojlund,A,6.0,6.0,True,False
26,GALLIFREY,Esposito Se.,A,7.0,9.5,True,False
26,GALLIFREY,Cavlina,P,,,False,True
26,GALLIFREY,Tornqvist,P,,,False,True
26,GALLIFREY,Vasquez,D,6.0,6.0,True,True
26,GALLIFREY,Marianucci,D,,,False,True
26,GALLIFREY,Angelino,D,,,False,True
26,GALLIFREY,Solet,D,,,False,True
26,GALLIFREY,El Shaarawy,C,,,False,True
26,GALLIFREY,Frendrup,C,6.0,6.0,False,True
26,GALLIFREY,Casadei,C,6.5,9.5,False,True
26,GALLIFREY,Sucic P.,C,5.5,5.5,False,True
26,GALLIFREY,Dybala,A,,,False,True
26,GALLIFREY,Cambiaghi,A,,,False,True
26,GALLIFREY,Bonny,A,5.0,5.0,False,True
26,GALLIFREY,Lukaku,A,,,False,True
26,ZDENEK ZEMAN,Di Gregorio,P,,,False,False
26,ZDENEK ZEMAN,Valeri,D,6.0,6.0,True,False
26,ZDENEK ZEMAN,Kempf,D,5.5,5.5,True,False
26,ZDENEK ZEMAN,Gatti,D,6.0,6.0,True,False
26,ZDENEK ZEMAN,Kalulu,D,6.5,6.5,True,False
26,ZDENEK ZEMAN,Politano,C,6.5,7.5,True,False
26,ZDENEK ZEMAN,Bernabè,C,,,False,False
26,ZDENEK ZEMAN,Mandragora,C,5.5,5.0,True,False
26,ZDENEK ZEMAN,Orsolini,C,5.5,5.5,True,False
26,ZDENEK ZEMAN,Boga,A,7.0,10.0,True,False
26,ZDENEK ZEMAN,Nkunku,A,,,False,False
26,ZDENEK ZEMAN,Fullkrug,A,6.0,6.0,True,True
26,ZDENEK ZEMAN,Pedro,A,6.5,6.5,False,True
26,ZDENEK ZEMAN,Moreo,A,6.0,6.0,False,True
26,ZDENEK ZEMAN,Morata,A,6.0,6.0,False,True
26,ZDENEK ZEMAN,Zaniolo,C,6.5,7.5,True,True
26,ZDENEK ZEMAN,Folorunsho,C,5.5,5.5,False,True
26,ZDENEK ZEMAN,Malinovskyi,C,6.5,6.5,False,True
26,ZDENEK ZEMAN,Gaetano,C,,,False,True
26,ZDENEK ZEMAN,Juan Jesus,D,6.0,6.0,False,True
26,ZDENEK ZEMAN,Maripan,D,,,False,True
26,ZDENEK ZEMAN,Rrahmani,D,,,False,True
26,ZDENEK ZEMAN,Gaspar K.,D,,,False,True
26,ZDENEK ZEMAN,Perin,P,6.5,7.5,True,True
26,ZDENEK ZEMAN,Pinsoglio,P,,,False,True
27,BUSHAOZI,Carnesecchi,P,5.5,4.5,True,False
27,BUSHAOZI,Marusic,D,6.5,7.5,True,False
27,BUSHAOZI,Gutierrez,D,6.0,6.0,True,False
27,BUSHAOZI,Olivera,D,6.0,6.0,True,False
27,BUSHAOZI,Martin,D,6.5,7.5,True,False
27,BUSHAOZI,Taylor K.,C,6.5,6.5,True,False
27,BUSHAOZI,Thuram K.,C,6.0,6.0,True,False
27,BUSHAOZI,Paz N.,C,5.5,5.5,True,False
27,BUSHAOZI,Konè I.,C,6.0,6.0,True,False
27,BUSHAOZI,Adopo,C,6.0,6.0,True,False
27,BUSHAOZI,Krstovic,A,7.0,11.0,True,False
27,BUSHAOZI,Sportiello,P,,,False,True
27,BUSHAOZI,Rossi F.,P,,,False,True
27,BUSHAOZI,Dumfries,D,5.0,5.0,False,True
27,BUSHAOZI,Gila,D,7.0,7.0,False,True
27,BUSHAOZI,Belghali,D,5.5,5.5,False,True
27,BUSHAOZI,Walukiewicz,D,5.5,5.5,False,True
27,BUSHAOZI,Suslov,C,5.5,5.5,False,True
27,BUSHAOZI,Lobotka,C,,,False,True
27,BUSHAOZI,Ferguson,C,,,False,True
27,BUSHAOZI,Durosinmi,A,4.0,3.0,False,True
27,BUSHAOZI,Moro L.,A,,,False,True
27,BUSHAOZI,Martinez L.,A,,,False,True
27,BUSHAOZI,Solomon,A,,,False,True
27,BUSHAOZI,Frigan,A,,,False,True
27,GALLIFREY,Butez,P,6.0,5.0,True,False
27,GALLIFREY,Solet,D,,,False,False
27,GALLIFREY,Vasquez,D,6.5,6.5,True,False
27,GALLIFREY,Akanji,D,6.0,6.0,True,False
27,GALLIFREY,Frendrup,C,6.5,6.5,True,False
27,GALLIFREY,Strefezza,C,6.5,7.0,True,False
27,GALLIFREY,Casadei,C,,,False,False
27,GALLIFREY,Pulisic,C,5.5,5.5,True,False
27,GALLIFREY,Ekkelenkamp,C,5.5,5.5,True,False
27,GALLIFREY,Hojlund,A,7.0,10.0,True,False
27,GALLIFREY,Bonny,A,5.5,5.5,True,False
27,GALLIFREY,Cavlina,P,,,False,True
27,GALLIFREY,Tornqvist,P,,,False,True
27,GALLIFREY,Kelly L.,D,6.0,5.5,True,True
27,GALLIFREY,Carlos Augusto,D,6.5,6.0,False,True
27,GALLIFREY,Valle,D,6.5,7.5,False,True
27,GALLIFREY,Marianucci,D,,,False,True
27,GALLIFREY,Angelino,D,,,False,True
27,GALLIFREY,Barella,C,6.5,7.5,True,True
27,GALLIFREY,Sucic P.,C,5.5,5.0,False,True
27,GALLIFREY,El Shaarawy,C,6.5,6.5,False,True
27,GALLIFREY,Dybala,A,,,False,True
27,GALLIFREY,Lukaku,A,,,False,True
27,GALLIFREY,Cambiaghi,A,6.0,6.0,False,True
27,GALLIFREY,Esposito Se.,A,,,False,True
27,CHOWPOUROMA,Bijlow,P,6.0,7.0,True,False
27,CHOWPOUROMA,Tiago Gabriel,D,5.5,5.5,True,False
27,CHOWPOUROMA,Cambiaso,D,6.0,6.0,True,False
27,CHOWPOUROMA,Spinazzola,D,6.0,6.0,True,False
27,CHOWPOUROMA,Nelsson,D,5.5,5.5,True,False
27,CHOWPOUROMA,Calhanoglu,C,,,False,False
27,CHOWPOUROMA,De Roon,C,6.0,6.0,True,False
27,CHOWPOUROMA,Conceicao,C,6.5,6.5,True,False
27,CHOWPOUROMA,Laurientè,A,6.0,6.0,True,False
27,CHOWPOUROMA,Kean,A,,,False,False
27,CHOWPOUROMA,Soulè,A,,,False,False
27,CHOWPOUROMA,Leali,P,,,False,True
27,CHOWPOUROMA,Sommariva,P,,,False,True
27,CHOWPOUROMA,Calabresi,D,6.5,6.5,False,True
27,CHOWPOUROMA,Acerbi,D,,,False,True
27,CHOWPOUROMA,Holm,D,,,False,True
27,CHOWPOUROMA,Gabbia,D,,,False,True
27,CHOWPOUROMA,Mkhitaryan,C,6.0,6.0,True,True
27,CHOWPOUROMA,Bernardeschi,C,,,False,True
27,CHOWPOUROMA,Volpato,C,6.0,6.0,False,True
27,CHOWPOUROMA,Venturino,C,,,False,True
27,CHOWPOUROMA,Mazzitelli,C,5.5,5.5,False,True
27,CHOWPOUROMA,Njie,A,,,False,True
27,CHOWPOUROMA,Sulemana K.,A,6.5,6.5,True,True
27,CHOWPOUROMA,Dia,A,5.5,5.5,True,True
27,SUMMERED,Svilar,P,6.0,4.0,True,False
27,SUMMERED,Muharemovic,D,6.5,6.5,True,False
27,SUMMERED,Pavlovic,D,6.0,6.0,True,False
27,SUMMERED,Bisseck,D,6.5,6.5,True,False
27,SUMMERED,Palestra,D,5.0,5.0,True,False
27,SUMMERED,Brescianini,C,6.5,6.5,True,False
27,SUMMERED,Locatelli,C,6.5,6.5,True,False
27,SUMMERED,Vlasic,C,7.0,7.0,True,False
27,SUMMERED,Malen,A,6.5,8.5,True,False
27,SUMMERED,Dallinga,A,7.0,10.5,True,False
27,SUMMERED,Pellegrino M.,A,7.0,10.0,True,False
27,SUMMERED,Gollini,P,,,False,True
27,SUMMERED,Zelezny,P,,,False,True
27,SUMMERED,Delprato,D,5.0,4.5,False,True
27,SUMMERED,Gosens,D,6.5,7.5,False,True
27,SUMMERED,Djimsiti,D,6.0,6.0,False,True
27,SUMMERED,Baschirotto,D,,,False,True
27,SUMMERED,Zaragoza,C,,,False,True
27,SUMMERED,Rowe,C,,,False,True
27,SUMMERED,Tourè I.,C,,,False,True
27,SUMMERED,Rabiot,C,,,False,True
27,SUMMERED,Baldanzi,C,,,False,True
27,SUMMERED,Vardy,A,,,False,True
27,SUMMERED,Castro S.,A,6.0,6.0,False,True
27,SUMMERED,Ferguson E.,A,,,False,True
27,TEAM DELVECCHIO23,De Gea,P,6.0,5.0,True,False
27,TEAM DELVECCHIO23,Ostigard,D,7.0,10.0,True,False
27,TEAM DELVECCHIO23,Mancini,D,6.0,6.0,True,False
27,TEAM DELVECCHIO23,Buongiorno,D,6.5,6.5,True,False
27,TEAM DELVECCHIO23,Saelemaekers,C,6.0,6.0,True,False
27,TEAM DELVECCHIO23,Thorstvedt,C,6.0,6.0,True,False
27,TEAM DELVECCHIO23,Konè M.,C,5.0,5.0,True,False
27,TEAM DELVECCHIO23,Zielinski,C,5.5,5.5,True,False
27,TEAM DELVECCHIO23,Scamacca,A,5.5,5.5,True,False
27,TEAM DELVECCHIO23,Pinamonti,A,5.5,5.5,True,False
27,TEAM DELVECCHIO23,Esposito F.P.,A,7.0,10.0,True,False
27,TEAM DELVECCHIO23,Suzuki,P,4.5,0.5,False,True
27,TEAM DELVECCHIO23,Corvi,P,,,False,True
27,TEAM DELVECCHIO23,Celik,D,6.0,6.0,False,True
27,TEAM DELVECCHIO23,Tomori,D,6.0,6.0,False,True
27,TEAM DELVECCHIO23,Kolasinac,D,5.5,5.0,False,True
27,TEAM DELVECCHIO23,Ehizibue,D,6.0,6.0,False,True
27,TEAM DELVECCHIO23,N'Dicka,D,,,False,True
27,TEAM DELVECCHIO23,Pisilli,C,5.5,5.5,False,True
27,TEAM DELVECCHIO23,Frattesi,C,5.5,5.5,False,True
27,TEAM DELVECCHIO23,Freuler,C,6.0,6.0,False,True
27,TEAM DELVECCHIO23,Ederson D.S.,C,6.5,6.5,False,True
27,TEAM DELVECCHIO23,Orban G.,A,5.5,5.5,False,True
27,TEAM DELVECCHIO23,Vaz,A,5.5,5.5,False,True
27,TEAM DELVECCHIO23,Rodriguez Je.,A,6.0,6.0,False,True
27,HIGHRIVER,Skorupski,P,6.5,7.5,True,False
27,HIGHRIVER,Dodò,D,7.5,10.5,True,False
27,HIGHRIVER,Dimarco,D,6.0,6.0,True,False
27,HIGHRIVER,Bellanova,D,,,False,False
27,HIGHRIVER,Maldini,C,6.5,6.5,True,False
27,HIGHRIVER,Isaksen,C,7.0,11.0,True,False
27,HIGHRIVER,Loftus-Cheek,C,,,False,False
27,HIGHRIVER,Odgaard,C,6.5,6.5,True,False
27,HIGHRIVER,Yildiz,A,7.0,8.0,True,False
27,HIGHRIVER,Thuram,A,5.5,5.5,True,False
27,HIGHRIVER,Dominguez B.,A,,,False,False
27,HIGHRIVER,Milinkovic-Savic V.,P,,,False,True
27,HIGHRIVER,Ravaglia F.,P,,,False,True
27,HIGHRIVER,Luperto,D,4.5,4.5,True,True
27,HIGHRIVER,Darmian,D,,,False,True
27,HIGHRIVER,Pierotti,C,5.5,5.5,True,True
27,HIGHRIVER,Keita M.,C,5.0,3.0,False,True
27,HIGHRIVER,Ilkhan,C,7.0,11.0,False,True
27,HIGHRIVER,Adams C.,A,7.0,8.0,True,True
27,HIGHRIVER,Milik,A,,,False,True
27,HIGHRIVER,Sernicola,D,,,False,True
27,HIGHRIVER,Ndaba,D,,,False,True
27,ZDENEK ZEMAN,Di Gregorio,P,,,False,False
27,ZDENEK ZEMAN,Valeri,D,5.0,5.0,True,False
27,ZDENEK ZEMAN,Gatti,D,,,False,False
27,ZDENEK ZEMAN,Juan Jesus,D,,,False,False
27,ZDENEK ZEMAN,Kalulu,D,6.0,6.0,True,False
27,ZDENEK ZEMAN,Politano,C,7.5,12.5,True,False
27,ZDENEK ZEMAN,Malinovskyi,C,6.0,6.0,True,False
27,ZDENEK ZEMAN,Mandragora,C,6.5,7.0,True,False
27,ZDENEK ZEMAN,Orsolini,C,6.0,6.0,True,False
27,ZDENEK ZEMAN,Fullkrug,A,5.5,5.5,True,False
27,ZDENEK ZEMAN,Moreo,A,7.5,9.5,True,False
27,ZDENEK ZEMAN,Boga,A,7.0,11.0,False,True
27,ZDENEK ZEMAN,Nkunku,A,5.5,5.5,False,True
27,ZDENEK ZEMAN,Pedro,A,6.0,5.5,False,True
27,ZDENEK ZEMAN,Morata,A,,,False,True
27,ZDENEK ZEMAN,Bernabè,C,,,False,True
27,ZDENEK ZEMAN,Folorunsho,C,5.0,5.0,False,True
27,ZDENEK ZEMAN,Zaniolo,C,5.0,4.5,False,True
27,ZDENEK ZEMAN,Gaetano,C,5.5,5.5,False,True
27,ZDENEK ZEMAN,Kempf,D,6.0,6.0,True,True
27,ZDENEK ZEMAN,Maripan,D,,,False,True
27,ZDENEK ZEMAN,Rrahmani,D,,,False,True
27,ZDENEK ZEMAN,Gaspar K.,D,,,False,True
27,ZDENEK ZEMAN,Perin,P,6.0,7.0,True,True
27,ZDENEK ZEMAN,Pinsoglio,P,,,False,True
27,FC MCDONALD,Provedel,P,,,False,False
27,FC MCDONALD,Rensch,D,5.5,5.5,True,False
27,FC MCDONALD,Zappacosta,D,6.5,6.5,True,False
27,FC MCDONALD,Angori,D,7.0,7.0,True,False
27,FC MCDONALD,Pellegrini Lo.,C,6.5,6.5,True,False
27,FC MCDONALD,Zalewski,C,5.5,5.5,True,False
27,FC MCDONALD,Modric,C,6.0,6.0,True,False
27,FC MCDONALD,Gudmundsson A.,C,7.0,10.5,True,False
27,FC MCDONALD,Giovane,A,,,False,False
27,FC MCDONALD,Berardi,A,5.5,5.5,True,False
27,FC MCDONALD,Simeone,A,7.5,10.5,True,False
27,FC MCDONALD,Falcone,P,6.0,4.0,True,True
27,FC MCDONALD,Furlanetto,P,,,False,True
27,FC MCDONALD,Zemura,D,,,False,True
27,FC MCDONALD,Doig,D,6.0,6.0,False,True
27,FC MCDONALD,Vitik,D,7.0,7.0,False,True
27,FC MCDONALD,Van Der Brempt,D,,,False,True
27,FC MCDONALD,Matic,C,5.5,5.5,False,True
27,FC MCDONALD,Zarraga,C,5.0,5.0,False,True
27,FC MCDONALD,Deiola,C,,,False,True
27,FC MCDONALD,Prati,C,6.0,6.0,False,True
27,FC MCDONALD,David,A,,,False,True
27,FC MCDONALD,Kuhn,A,,,False,True
27,FC MCDONALD,Borrelli,A,,,False,True
27,BATIGOAL,Maignan,P,6.0,5.0,True,False
27,BATIGOAL,Norton-Cuffy,D,6.0,6.0,True,False
27,BATIGOAL,Wesley,D,5.5,4.5,True,False
27,BATIGOAL,Bartesaghi,D,6.0,6.0,True,False
27,BATIGOAL,Santos A.,C,5.5,5.5,True,False
27,BATIGOAL,McTominay,C,6.5,6.5,True,False
27,BATIGOAL,Zambo Anguissa,C,5.0,5.0,True,False
27,BATIGOAL,McKennie,C,6.0,6.0,True,False
27,BATIGOAL,Leao,A,5.0,5.0,True,False
27,BATIGOAL,Kilicsoy,A,5.0,5.0,True,False
27,BATIGOAL,Djuric,A,6.0,6.0,True,False
27,BATIGOAL,Terracciano,P,,,False,True
27,BATIGOAL,Torriani,P,,,False,True
27,BATIGOAL,Estupinan,D,5.0,4.5,False,True
27,BATIGOAL,Dossena,D,5.5,6.0,False,True
27,BATIGOAL,Vojvoda,D,,,False,True
27,BATIGOAL,Canestrelli,D,6.0,6.0,False,True
27,BATIGOAL,Pongracic,D,6.0,6.0,False,True
27,BATIGOAL,Zaccagni,C,6.0,6.0,False,True
27,BATIGOAL,Atta,C,5.5,5.5,False,True
27,BATIGOAL,Da Cunha,C,7.0,7.0,False,True
27,BATIGOAL,El Aynaoui,C,,,False,True
27,BATIGOAL,Colombo,A,6.0,6.0,False,True
27,BATIGOAL,Piccoli,A,7.5,12.5,False,True
27,BATIGOAL,Diao,A,7.0,7.0,False,True
27,TEAM SJ,Sommer,P,6.0,5.0,True,False
27,TEAM SJ,Bremer,D,6.5,6.5,True,False
27,TEAM SJ,Ramon,D,6.5,6.5,True,False
27,TEAM SJ,Bastoni,D,,,False,False
27,TEAM SJ,Scalvini,D,6.0,6.0,True,False
27,TEAM SJ,Baturina,C,6.5,6.5,True,False
27,TEAM SJ,Fagioli,C,7.0,7.0,True,False
27,TEAM SJ,Cristante,C,5.0,5.0,True,False
27,TEAM SJ,Elmas,C,5.0,5.0,True,False
27,TEAM SJ,Douvikas,A,7.0,10.0,True,False
27,TEAM SJ,Vitinha O.,A,7.0,10.5,True,False
27,TEAM SJ,Martinez Jo.,P,,,False,True
27,TEAM SJ,Di Gennaro,P,,,False,True
27,TEAM SJ,Diego Carlos,D,6.5,10.0,True,True
27,TEAM SJ,Hermoso,D,5.0,5.0,False,True
27,TEAM SJ,Bernasconi,D,5.5,5.5,False,True
27,TEAM SJ,Ziolkowski,D,5.5,5.5,False,True
27,TEAM SJ,Perrone,C,6.0,6.0,False,True
27,TEAM SJ,Miretti,C,,,False,True
27,TEAM SJ,Luis Henrique,C,5.5,5.5,False,True
27,TEAM SJ,Vergara,C,,,False,True
27,TEAM SJ,Ratkov,A,,,False,True
27,TEAM SJ,Addai,A,,,False,True
27,TEAM SJ,Raspadori,A,,,False,True
27,TEAM SJ,De Ketelaere,A,6.0,5.5,False,True
28,SUMMERED,Svilar,P,6.0,7.0,True,False
28,SUMMERED,Palestra,D,6.0,6.0,True,False
28,SUMMERED,Pavlovic,D,7.0,9.5,True,False
28,SUMMERED,Bisseck,D,6.5,6.5,True,False
28,SUMMERED,Baldanzi,C,5.5,5.5,True,False
28,SUMMERED,Locatelli,C,5.0,3.0,True,False
28,SUMMERED,Rabiot,C,7.0,10.0,True,False
28,SUMMERED,Zaragoza,C,,,False,False
28,SUMMERED,Castro S.,A,5.0,4.5,True,False
28,SUMMERED,Malen,A,6.0,6.0,True,False
28,SUMMERED,Pellegrino M.,A,5.0,5.0,True,False
28,SUMMERED,Gollini,P,,,False,True
28,SUMMERED,Zelezny,P,,,False,True
28,SUMMERED,Djimsiti,D,6.0,6.0,False,True
28,SUMMERED,Gosens,D,5.5,5.5,False,True
28,SUMMERED,Muharemovic,D,7.0,7.0,False,True
28,SUMMERED,Delprato,D,,,False,True
28,SUMMERED,Baschirotto,D,,,False,True
28,SUMMERED,Rowe,C,5.5,5.5,True,True
28,SUMMERED,Brescianini,C,5.5,5.0,False,True
28,SUMMERED,Vlasic,C,7.0,9.0,False,True
28,SUMMERED,Tourè I.,C,,,False,True
28,SUMMERED,Dallinga,A,5.5,5.5,False,True
28,SUMMERED,Ferguson E.,A,,,False,True
28,SUMMERED,Vardy,A,6.5,7.5,False,True
28,BUSHAOZI,Carnesecchi,P,6.5,7.5,True,False
28,BUSHAOZI,Marusic,D,6.0,6.0,True,False
28,BUSHAOZI,Gutierrez,D,6.5,6.5,True,False
28,BUSHAOZI,Martin,D,,,False,False
28,BUSHAOZI,Dumfries,D,6.0,6.0,True,False
28,BUSHAOZI,Gila,D,6.0,6.0,True,False
28,BUSHAOZI,Taylor K.,C,8.0,14.5,True,False
28,BUSHAOZI,Thuram K.,C,5.5,5.5,True,False
28,BUSHAOZI,Paz N.,C,7.0,10.0,True,False
28,BUSHAOZI,Konè I.,C,6.0,6.0,True,False
28,BUSHAOZI,Krstovic,A,6.0,6.0,True,False
28,BUSHAOZI,Sportiello,P,,,False,True
28,BUSHAOZI,Rossi F.,P,,,False,True
28,BUSHAOZI,Olivera,D,5.5,5.0,True,True
28,BUSHAOZI,Belghali,D,5.5,5.5,False,True
28,BUSHAOZI,Walukiewicz,D,5.5,5.5,False,True
28,BUSHAOZI,Lobotka,C,6.0,5.5,False,True
28,BUSHAOZI,Adopo,C,5.5,5.5,False,True
28,BUSHAOZI,Ferguson,C,,,False,True
28,BUSHAOZI,Suslov,C,6.0,6.0,False,True
28,BUSHAOZI,Durosinmi,A,,,False,True
28,BUSHAOZI,Martinez L.,A,,,False,True
28,BUSHAOZI,Moro L.,A,,,False,True
28,BUSHAOZI,Solomon,A,,,False,True
28,BUSHAOZI,Frigan,A,,,False,True
28,CHOWPOUROMA,Bijlow,P,5.5,3.5,True,False
28,CHOWPOUROMA,Tiago Gabriel,D,7.0,7.0,True,False
28,CHOWPOUROMA,Cambiaso,D,5.5,5.5,True,False
28,CHOWPOUROMA,Spinazzola,D,6.0,6.0,True,False
28,CHOWPOUROMA,Nelsson,D,6.0,6.0,True,False
28,CHOWPOUROMA,Calhanoglu,C,6.0,6.0,True,False
28,CHOWPOUROMA,De Roon,C,6.0,6.0,True,False
28,CHOWPOUROMA,Conceicao,C,7.0,8.0,True,False
28,CHOWPOUROMA,Laurientè,A,6.0,6.0,True,False
28,CHOWPOUROMA,Kean,A,5.5,5.0,True,False
28,CHOWPOUROMA,Soulè,A,,,False,False
28,CHOWPOUROMA,Leali,P,,,False,True
28,CHOWPOUROMA,Sommariva,P,,,False,True
28,CHOWPOUROMA,Calabresi,D,,,False,True
28,CHOWPOUROMA,Acerbi,D,6.0,6.0,False,True
28,CHOWPOUROMA,Holm,D,,,False,True
28,CHOWPOUROMA,Gabbia,D,,,False,True
28,CHOWPOUROMA,Mkhitaryan,C,,,False,True
28,CHOWPOUROMA,Bernardeschi,C,5.5,5.5,False,True
28,CHOWPOUROMA,Volpato,C,6.5,6.5,False,True
28,CHOWPOUROMA,Venturino,C,,,False,True
28,CHOWPOUROMA,Mazzitelli,C,,,False,True
28,CHOWPOUROMA,Njie,A,,,False,True
28,CHOWPOUROMA,Sulemana K.,A,,,False,True
28,CHOWPOUROMA,Dia,A,7.0,8.0,True,True
28,ZDENEK ZEMAN,Di Gregorio,P,,,False,False
28,ZDENEK ZEMAN,Valeri,D,5.5,5.5,True,False
28,ZDENEK ZEMAN,Kempf,D,6.5,6.5,True,False
28,ZDENEK ZEMAN,Gatti,D,,,False,False
28,ZDENEK ZEMAN,Kalulu,D,6.5,6.5,True,False
28,ZDENEK ZEMAN,Politano,C,6.5,6.5,True,False
28,ZDENEK ZEMAN,Malinovskyi,C,6.5,6.5,True,False
28,ZDENEK ZEMAN,Zaniolo,C,6.5,7.0,True,False
28,ZDENEK ZEMAN,Orsolini,C,5.0,3.0,True,False
28,ZDENEK ZEMAN,Boga,A,5.5,5.5,True,False
28,ZDENEK ZEMAN,Nkunku,A,5.5,5.5,True,False
28,ZDENEK ZEMAN,Fullkrug,A,5.5,5.5,False,True
28,ZDENEK ZEMAN,Moreo,A,5.0,5.0,False,True
28,ZDENEK ZEMAN,Pedro,A,6.0,6.0,False,True
28,ZDENEK ZEMAN,Morata,A,6.0,6.0,False,True
28,ZDENEK ZEMAN,Bernabè,C,,,False,True
28,ZDENEK ZEMAN,Gaetano,C,6.0,6.0,False,True
28,ZDENEK ZEMAN,Mandragora,C,,,False,True
28,ZDENEK ZEMAN,Folorunsho,C,6.0,6.0,False,True
28,ZDENEK ZEMAN,Rrahmani,D,,,False,True
28,ZDENEK ZEMAN,Juan Jesus,D,,,False,True
28,ZDENEK ZEMAN,Maripan,D,,,False,True
28,ZDENEK ZEMAN,Gaspar K.,D,,,False,True
28,ZDENEK ZEMAN,Perin,P,6.5,5.5,True,True
28,ZDENEK ZEMAN,Pinsoglio,P,,,False,True
28,HIGHRIVER,Skorupski,P,,,False,False
28,HIGHRIVER,Dodò,D,6.5,6.5,True,False
28,HIGHRIVER,Dimarco,D,5.5,5.0,True,False
28,HIGHRIVER,Bellanova,D,,,False,False
28,HIGHRIVER,Maldini,C,5.5,5.5,True,False
28,HIGHRIVER,Isaksen,C,5.5,5.5,True,False
28,HIGHRIVER,Loftus-Cheek,C,,,False,False
28,HIGHRIVER,Odgaard,C,,,False,False
28,HIGHRIVER,Yildiz,A,7.0,10.0,True,False
28,HIGHRIVER,Thuram,A,6.0,6.0,True,False
28,HIGHRIVER,Dominguez B.,A,5.5,5.5,True,False
28,HIGHRIVER,Milinkovic-Savic V.,P,6.0,7.0,True,True
28,HIGHRIVER,Ravaglia F.,P,6.0,4.0,False,True
28,HIGHRIVER,Luperto,D,6.5,6.5,True,True
28,HIGHRIVER,Darmian,D,,,False,True
28,HIGHRIVER,Pierotti,C,6.0,5.5,True,True
28,HIGHRIVER,Keita M.,C,5.5,5.5,True,True
28,HIGHRIVER,Ilkhan,C,5.5,5.0,False,True
28,HIGHRIVER,Adams C.,A,5.5,5.5,False,True
28,HIGHRIVER,Milik,A,6.0,6.0,False,True
28,HIGHRIVER,Sernicola,D,,,False,True
28,HIGHRIVER,Ndaba,D,,,False,True
28,TEAM SJ,Sommer,P,5.5,4.5,True,False
28,TEAM SJ,Bremer,D,5.5,5.0,True,False
28,TEAM SJ,Ramon,D,,,False,False
28,TEAM SJ,Bastoni,D,,,False,False
28,TEAM SJ,Scalvini,D,6.0,6.0,True,False
28,TEAM SJ,Baturina,C,7.0,10.0,True,False
28,TEAM SJ,Cristante,C,6.5,6.5,True,False
28,TEAM SJ,Perrone,C,7.5,10.5,True,False
28,TEAM SJ,De Ketelaere,A,6.5,6.5,True,False
28,TEAM SJ,Douvikas,A,7.0,10.0,True,False
28,TEAM SJ,Vitinha O.,A,5.0,5.0,True,False
28,TEAM SJ,Martinez Jo.,P,,,False,True
28,TEAM SJ,Di Gennaro,P,,,False,True
28,TEAM SJ,Bernasconi,D,6.0,6.0,True,True
28,TEAM SJ,Diego Carlos,D,6.5,6.5,True,True
28,TEAM SJ,Hermoso,D,7.0,8.0,False,True
28,TEAM SJ,Ziolkowski,D,,,False,True
28,TEAM SJ,Elmas,C,,,False,True
28,TEAM SJ,Fagioli,C,6.5,6.5,False,True
28,TEAM SJ,Miretti,C,5.5,5.5,False,True
28,TEAM SJ,Luis Henrique,C,,,False,True
28,TEAM SJ,Vergara,C,,,False,True
28,TEAM SJ,Raspadori,A,5.5,5.5,False,True
28,TEAM SJ,Ratkov,A,,,False,True
28,TEAM SJ,Addai,A,,,False,True
28,TEAM DELVECCHIO23,Suzuki,P,5.5,3.5,True,False
28,TEAM DELVECCHIO23,Ostigard,D,5.5,5.5,True,False
28,TEAM DELVECCHIO23,Mancini,D,6.0,6.0,True,False
28,TEAM DELVECCHIO23,N'Dicka,D,6.5,6.5,True,False
28,TEAM DELVECCHIO23,Saelemaekers,C,6.0,6.0,True,False
28,TEAM DELVECCHIO23,Thorstvedt,C,,,False,False
28,TEAM DELVECCHIO23,Pisilli,C,5.5,5.0,True,False
28,TEAM DELVECCHIO23,Zielinski,C,5.5,5.5,True,False
28,TEAM DELVECCHIO23,Scamacca,A,,,False,False
28,TEAM DELVECCHIO23,Pinamonti,A,7.0,11.0,True,False
28,TEAM DELVECCHIO23,Esposito F.P.,A,7.0,10.0,True,False
28,TEAM DELVECCHIO23,De Gea,P,6.5,5.5,False,True
28,TEAM DELVECCHIO23,Corvi,P,,,False,True
28,TEAM DELVECCHIO23,Celik,D,,,False,True
28,TEAM DELVECCHIO23,Tomori,D,6.0,5.5,False,True
28,TEAM DELVECCHIO23,Kolasinac,D,6.5,6.5,False,True
28,TEAM DELVECCHIO23,Ehizibue,D,6.0,6.0,False,True
28,TEAM DELVECCHIO23,Buongiorno,D,6.0,6.0,False,True
28,TEAM DELVECCHIO23,Freuler,C,,,False,True
28,TEAM DELVECCHIO23,Ederson D.S.,C,6.5,6.5,True,True
28,TEAM DELVECCHIO23,Frattesi,C,6.0,6.0,False,True
28,TEAM DELVECCHIO23,Konè M.,C,,,False,True
28,TEAM DELVECCHIO23,Vaz,A,7.0,11.0,True,True
28,TEAM DELVECCHIO23,Orban G.,A,5.0,5.0,False,True
28,TEAM DELVECCHIO23,Rodriguez Je.,A,6.0,6.0,False,True
28,BATIGOAL,Maignan,P,6.5,4.5,True,False
28,BATIGOAL,Norton-Cuffy,D,5.5,5.5,True,False
28,BATIGOAL,Vojvoda,D,,,False,False
28,BATIGOAL,Bartesaghi,D,6.5,6.5,True,False
28,BATIGOAL,Santos A.,C,6.0,6.0,True,False
28,BATIGOAL,McTominay,C,7.0,11.0,True,False
28,BATIGOAL,Da Cunha,C,6.5,6.5,True,False
28,BATIGOAL,El Aynaoui,C,5.5,5.5,True,False
28,BATIGOAL,McKennie,C,5.5,5.5,True,False
28,BATIGOAL,Leao,A,,,False,False
28,BATIGOAL,Diao,A,7.5,12.5,True,False
28,BATIGOAL,Terracciano,P,,,False,True
28,BATIGOAL,Torriani,P,,,False,True
28,BATIGOAL,Estupinan,D,,,False,True
28,BATIGOAL,Canestrelli,D,4.5,4.0,True,True
28,BATIGOAL,Dossena,D,6.0,5.5,False,True
28,BATIGOAL,Pongracic,D,6.0,6.0,False,True
28,BATIGOAL,Zaccagni,C,,,False,True
28,BATIGOAL,Atta,C,5.5,5.5,False,True
28,BATIGOAL,Zambo Anguissa,C,6.0,6.0,False,True
28,BATIGOAL,Colombo,A,6.0,5.5,True,True
28,BATIGOAL,Piccoli,A,,,False,True
28,BATIGOAL,Kilicsoy,A,5.5,5.5,False,True
28,BATIGOAL,Djuric,A,,,False,True
28,GALLIFREY,Butez,P,6.0,7.0,True,False
28,GALLIFREY,Solet,D,7.0,6.5,True,False
28,GALLIFREY,Vasquez,D,6.0,6.0,True,False
28,GALLIFREY,Akanji,D,6.0,6.0,True,False
28,GALLIFREY,Kelly L.,D,6.0,6.0,True,False
28,GALLIFREY,El Shaarawy,C,,,False,False
28,GALLIFREY,Barella,C,6.0,6.5,True,False
28,GALLIFREY,Strefezza,C,5.0,5.0,True,False
28,GALLIFREY,Pulisic,C,6.5,7.5,True,False
28,GALLIFREY,Hojlund,A,6.0,6.0,True,False
28,GALLIFREY,Bonny,A,5.5,5.5,True,False
28,GALLIFREY,Cavlina,P,,,False,True
28,GALLIFREY,Tornqvist,P,,,False,True
28,GALLIFREY,Carlos Augusto,D,6.0,5.5,False,True
28,GALLIFREY,Valle,D,,,False,True
28,GALLIFREY,Marianucci,D,,,False,True
28,GALLIFREY,Angelino,D,6.0,5.5,False,True
28,GALLIFREY,Frendrup,C,6.0,6.0,True,True
28,GALLIFREY,Casadei,C,5.5,5.5,False,True
28,GALLIFREY,Sucic P.,C,,,False,True
28,GALLIFREY,Ekkelenkamp,C,6.5,10.5,False,True
28,GALLIFREY,Dybala,A,,,False,True
28,GALLIFREY,Esposito Se.,A,6.0,6.0,False,True
28,GALLIFREY,Lukaku,A,,,False,True
28,GALLIFREY,Cambiaghi,A,5.5,5.5,False,True
28,FC MCDONALD,Provedel,P,,,False,False
28,FC MCDONALD,Rensch,D,6.0,6.0,True,False
28,FC MCDONALD,Zappacosta,D,7.0,11.0,True,False
28,FC MCDONALD,Angori,D,5.0,4.5,True,False
28,FC MCDONALD,Pellegrini Lo.,C,6.0,6.0,True,False
28,FC MCDONALD,Zalewski,C,5.5,5.5,True,False
28,FC MCDONALD,Modric,C,6.5,6.5,True,False
28,FC MCDONALD,Gudmundsson A.,C,6.0,6.0,True,False
28,FC MCDONALD,Giovane,A,,,False,False
28,FC MCDONALD,Berardi,A,6.5,7.5,True,False
28,FC MCDONALD,Simeone,A,7.0,10.0,True,False
28,FC MCDONALD,Falcone,P,6.0,5.0,True,True
28,FC MCDONALD,Furlanetto,P,,,False,True
28,FC MCDONALD,Zemura,D,,,False,True
28,FC MCDONALD,Doig,D,,,False,True
28,FC MCDONALD,Vitik,D,5.5,5.5,False,True
28,FC MCDONALD,Van Der Brempt,D,6.5,6.5,False,True
28,FC MCDONALD,Matic,C,,,False,True
28,FC MCDONALD,Zarraga,C,,,False,True
28,FC MCDONALD,Deiola,C,6.0,6.0,False,True
28,FC MCDONALD,Prati,C,5.5,5.5,False,True
28,FC MCDONALD,David,A,,,False,True
28,FC MCDONALD,Kuhn,A,6.5,7.5,True,True
28,FC MCDONALD,Borrelli,A,,,False,True
29,FC MCDONALD,Provedel,P,,,False,False
29,FC MCDONALD,Rensch,D,6.0,7.0,True,False
29,FC MCDONALD,Zappacosta,D,6.0,5.5,True,False
29,FC MCDONALD,Angori,D,5.5,5.5,True,False
29,FC MCDONALD,Pellegrini Lo.,C,6.0,9.0,True,False
29,FC MCDONALD,Zalewski,C,6.0,6.0,True,False
29,FC MCDONALD,Modric,C,6.0,6.0,True,False
29,FC MCDONALD,Gudmundsson A.,C,5.0,4.0,True,False
29,FC MCDONALD,Giovane,A,6.0,6.0,True,False
29,FC MCDONALD,Berardi,A,6.0,6.0,True,False
29,FC MCDONALD,Simeone,A,5.5,5.5,True,False
29,FC MCDONALD,Falcone,P,7.0,4.0,True,True
29,FC MCDONALD,Furlanetto,P,,,False,True
29,FC MCDONALD,Zemura,D,,,False,True
29,FC MCDONALD,Doig,D,,,False,True
29,FC MCDONALD,Vitik,D,6.0,6.0,False,True
29,FC MCDONALD,Van Der Brempt,D,,,False,True
29,FC MCDONALD,Matic,C,6.0,6.0,False,True
29,FC MCDONALD,Zarraga,C,,,False,True
29,FC MCDONALD,Deiola,C,5.5,5.5,False,True
29,FC MCDONALD,Prati,C,6.0,6.0,False,True
29,FC MCDONALD,David,A,6.0,6.0,False,True
29,FC MCDONALD,Kuhn,A,,,False,True
29,FC MCDONALD,Borrelli,A,5.0,5.0,False,True
29,SUMMERED,Svilar,P,5.5,0.5,True,False
29,SUMMERED,Gosens,D,6.0,6.0,True,False
29,SUMMERED,Djimsiti,D,6.5,6.0,True,False
29,SUMMERED,Delprato,D,7.0,10.0,True,False
29,SUMMERED,Palestra,D,6.0,6.0,True,False
29,SUMMERED,Brescianini,C,,,False,False
29,SUMMERED,Rabiot,C,6.0,6.0,True,False
29,SUMMERED,Vlasic,C,5.5,5.5,True,False
29,SUMMERED,Locatelli,C,6.5,6.0,True,False
29,SUMMERED,Malen,A,6.0,6.0,True,False
29,SUMMERED,Castro S.,A,6.0,6.0,True,False
29,SUMMERED,Gollini,P,,,False,True
29,SUMMERED,Zelezny,P,,,False,True
29,SUMMERED,Pavlovic,D,6.5,6.5,False,True
29,SUMMERED,Baschirotto,D,,,False,True
29,SUMMERED,Muharemovic,D,,,False,True
29,SUMMERED,Bisseck,D,,,False,True
29,SUMMERED,Rowe,C,7.0,11.0,True,True
29,SUMMERED,Baldanzi,C,6.5,6.5,False,True
29,SUMMERED,Zaragoza,C,,,False,True
29,SUMMERED,Tourè I.,C,,,False,True
29,SUMMERED,Pellegrino M.,A,6.0,5.5,False,True
29,SUMMERED,Dallinga,A,,,False,True
29,SUMMERED,Ferguson E.,A,,,False,True
29,SUMMERED,Vardy,A,,,False,True
29,BUSHAOZI,Carnesecchi,P,6.0,7.0,True,False
29,BUSHAOZI,Marusic,D,5.5,5.5,True,False
29,BUSHAOZI,Dumfries,D,6.5,6.5,True,False
29,BUSHAOZI,Belghali,D,6.5,6.0,True,False
29,BUSHAOZI,Taylor K.,C,6.5,7.5,True,False
29,BUSHAOZI,Thuram K.,C,6.0,5.5,True,False
29,BUSHAOZI,Paz N.,C,5.5,5.5,True,False
29,BUSHAOZI,Konè I.,C,6.0,6.0,True,False
29,BUSHAOZI,Ferguson,C,5.0,4.0,True,False
29,BUSHAOZI,Krstovic,A,7.0,10.0,True,False
29,BUSHAOZI,Martinez L.,A,7.5,14.5,True,False
29,BUSHAOZI,Sportiello,P,,,False,True
29,BUSHAOZI,Rossi F.,P,,,False,True
29,BUSHAOZI,Gutierrez,D,6.0,6.0,False,True
29,BUSHAOZI,Olivera,D,6.5,6.5,False,True
29,BUSHAOZI,Gila,D,,,False,True
29,BUSHAOZI,Martin,D,5.0,3.0,False,True
29,BUSHAOZI,Walukiewicz,D,6.0,6.0,False,True
29,BUSHAOZI,Lobotka,C,6.0,6.0,False,True
29,BUSHAOZI,Adopo,C,6.0,6.0,False,True
29,BUSHAOZI,Suslov,C,4.5,3.5,False,True
29,BUSHAOZI,Solomon,A,,,False,True
29,BUSHAOZI,Durosinmi,A,,,False,True
29,BUSHAOZI,Moro L.,A,,,False,True
29,BUSHAOZI,Frigan,A,,,False,True
29,CHOWPOUROMA,Bijlow,P,6.0,4.0,True,False
29,CHOWPOUROMA,Tiago Gabriel,D,5.5,5.5,True,False
29,CHOWPOUROMA,Cambiaso,D,6.0,6.0,True,False
29,CHOWPOUROMA,Spinazzola,D,6.5,6.5,True,False
29,CHOWPOUROMA,Nelsson,D,6.0,5.5,True,False
29,CHOWPOUROMA,Calhanoglu,C,7.5,11.5,True,False
29,CHOWPOUROMA,De Roon,C,6.0,6.0,True,False
29,CHOWPOUROMA,Conceicao,C,6.5,7.5,True,False
29,CHOWPOUROMA,Laurientè,A,5.5,5.5,True,False
29,CHOWPOUROMA,Kean,A,5.0,5.0,True,False
29,CHOWPOUROMA,Soulè,A,5.5,5.5,True,False
29,CHOWPOUROMA,Leali,P,,,False,True
29,CHOWPOUROMA,Sommariva,P,,,False,True
29,CHOWPOUROMA,Calabresi,D,6.0,6.0,False,True
29,CHOWPOUROMA,Acerbi,D,6.0,6.0,False,True
29,CHOWPOUROMA,Holm,D,,,False,True
29,CHOWPOUROMA,Gabbia,D,,,False,True
29,CHOWPOUROMA,Mkhitaryan,C,6.0,6.0,False,True
29,CHOWPOUROMA,Bernardeschi,C,6.5,6.5,False,True
29,CHOWPOUROMA,Volpato,C,5.5,5.5,False,True
29,CHOWPOUROMA,Venturino,C,,,False,True
29,CHOWPOUROMA,Mazzitelli,C,,,False,True
29,CHOWPOUROMA,Njie,A,,,False,True
29,CHOWPOUROMA,Sulemana K.,A,,,False,True
29,CHOWPOUROMA,Dia,A,5.5,5.5,False,True
29,TEAM SJ,Sommer,P,6.5,4.5,True,False
29,TEAM SJ,Diego Carlos,D,6.5,6.0,True,False
29,TEAM SJ,Bremer,D,7.0,10.5,True,False
29,TEAM SJ,Scalvini,D,7.0,11.0,True,False
29,TEAM SJ,Bernasconi,D,6.0,6.0,True,False
29,TEAM SJ,Baturina,C,6.0,6.0,True,False
29,TEAM SJ,Perrone,C,5.5,5.0,True,False
29,TEAM SJ,Miretti,C,,,False,False
29,TEAM SJ,De Ketelaere,A,7.5,9.5,True,False
29,TEAM SJ,Douvikas,A,5.5,5.5,True,False
29,TEAM SJ,Raspadori,A,7.0,10.0,True,False
29,TEAM SJ,Martinez Jo.,P,,,False,True
29,TEAM SJ,Di Gennaro,P,,,False,True
29,TEAM SJ,Bastoni,D,6.0,6.0,False,True
29,TEAM SJ,Ramon,D,,,False,True
29,TEAM SJ,Hermoso,D,5.0,5.0,False,True
29,TEAM SJ,Ziolkowski,D,,,False,True
29,TEAM SJ,Fagioli,C,7.0,10.5,True,True
29,TEAM SJ,Cristante,C,5.0,5.0,False,True
29,TEAM SJ,Elmas,C,,,False,True
29,TEAM SJ,Luis Henrique,C,,,False,True
29,TEAM SJ,Vergara,C,,,False,True
29,TEAM SJ,Vitinha O.,A,5.0,5.0,False,True
29,TEAM SJ,Ratkov,A,,,False,True
29,TEAM SJ,Addai,A,,,False,True
29,TEAM DELVECCHIO23,De Gea,P,7.0,8.0,True,False
29,TEAM DELVECCHIO23,Ehizibue,D,6.0,5.5,True,False
29,TEAM DELVECCHIO23,Tomori,D,6.0,6.0,True,False
29,TEAM DELVECCHIO23,Kolasinac,D,6.0,6.0,True,False
29,TEAM DELVECCHIO23,Saelemaekers,C,6.0,6.0,True,False
29,TEAM DELVECCHIO23,Thorstvedt,C,6.5,6.5,True,False
29,TEAM DELVECCHIO23,Freuler,C,6.5,6.5,True,False
29,TEAM DELVECCHIO23,Zielinski,C,7.0,7.5,True,False
29,TEAM DELVECCHIO23,Orban G.,A,5.5,5.5,True,False
29,TEAM DELVECCHIO23,Pinamonti,A,7.0,10.5,True,False
29,TEAM DELVECCHIO23,Esposito F.P.,A,6.0,6.0,True,False
29,TEAM DELVECCHIO23,Suzuki,P,6.0,5.0,False,True
29,TEAM DELVECCHIO23,Corvi,P,,,False,True
29,TEAM DELVECCHIO23,N'Dicka,D,5.0,5.0,False,True
29,TEAM DELVECCHIO23,Celik,D,5.5,5.5,False,True
29,TEAM DELVECCHIO23,Mancini,D,7.0,10.0,False,True
29,TEAM DELVECCHIO23,Ostigard,D,5.0,5.0,False,True
29,TEAM DELVECCHIO23,Buongiorno,D,6.0,5.5,False,True
29,TEAM DELVECCHIO23,Ederson D.S.,C,7.0,7.0,False,True
29,TEAM DELVECCHIO23,Pisilli,C,5.0,4.5,False,True
29,TEAM DELVECCHIO23,Frattesi,C,,,False,True
29,TEAM DELVECCHIO23,Konè M.,C,,,False,True
29,TEAM DELVECCHIO23,Vaz,A,,,False,True
29,TEAM DELVECCHIO23,Rodriguez Je.,A,,,False,True
29,TEAM DELVECCHIO23,Scamacca,A,,,False,True
29,ZDENEK ZEMAN,Perin,P,6.0,7.0,True,False
29,ZDENEK ZEMAN,Valeri,D,6.5,6.5,True,False
29,ZDENEK ZEMAN,Kempf,D,6.0,6.0,True,False
29,ZDENEK ZEMAN,Kalulu,D,6.0,6.0,True,False
29,ZDENEK ZEMAN,Politano,C,7.0,10.5,True,False
29,ZDENEK ZEMAN,Folorunsho,C,6.0,6.0,True,False
29,ZDENEK ZEMAN,Zaniolo,C,6.0,6.0,True,False
29,ZDENEK ZEMAN,Gaetano,C,6.0,6.0,True,False
29,ZDENEK ZEMAN,Orsolini,C,5.5,5.5,True,False
29,ZDENEK ZEMAN,Boga,A,,,False,False
29,ZDENEK ZEMAN,Pedro,A,5.5,5.5,True,False
29,ZDENEK ZEMAN,Fullkrug,A,5.5,5.5,True,True
29,ZDENEK ZEMAN,Moreo,A,5.5,5.5,False,True
29,ZDENEK ZEMAN,Nkunku,A,5.5,5.5,False,True
29,ZDENEK ZEMAN,Morata,A,,,False,True
29,ZDENEK ZEMAN,Mandragora,C,,,False,True
29,ZDENEK ZEMAN,Bernabè,C,6.0,6.0,False,True
29,ZDENEK ZEMAN,Malinovskyi,C,5.0,5.0,False,True
29,ZDENEK ZEMAN,Rrahmani,D,,,False,True
29,ZDENEK ZEMAN,Gatti,D,,,False,True
29,ZDENEK ZEMAN,Juan Jesus,D,6.5,6.5,False,True
29,ZDENEK ZEMAN,Maripan,D,,,False,True
29,ZDENEK ZEMAN,Gaspar K.,D,,,False,True
29,ZDENEK ZEMAN,Pinsoglio,P,,,False,True
29,ZDENEK ZEMAN,Di Gregorio,P,7.0,10.0,False,True
29,HIGHRIVER,Skorupski,P,,,False,False
29,HIGHRIVER,Dodò,D,,,False,False
29,HIGHRIVER,Dimarco,D,6.5,6.5,True,False
29,HIGHRIVER,Bellanova,D,6.0,6.0,True,False
29,HIGHRIVER,Maldini,C,5.5,5.5,True,False
29,HIGHRIVER,Isaksen,C,5.5,5.5,True,False
29,HIGHRIVER,Loftus-Cheek,C,,,False,False
29,HIGHRIVER,Odgaard,C,,,False,False
29,HIGHRIVER,Yildiz,A,6.0,6.0,True,False
29,HIGHRIVER,Thuram,A,7.5,12.5,True,False
29,HIGHRIVER,Dominguez B.,A,,,False,False
29,HIGHRIVER,Milinkovic-Savic V.,P,6.0,7.0,True,True
29,HIGHRIVER,Ravaglia F.,P,6.0,4.5,False,True
29,HIGHRIVER,Luperto,D,5.5,5.5,True,True
29,HIGHRIVER,Darmian,D,6.0,6.0,False,True
29,HIGHRIVER,Pierotti,C,5.5,5.5,True,True
29,HIGHRIVER,Keita M.,C,6.0,6.0,True,True
29,HIGHRIVER,Ilkhan,C,,,False,True
29,HIGHRIVER,Adams C.,A,7.0,11.0,True,True
29,HIGHRIVER,Milik,A,6.0,6.0,False,True
29,HIGHRIVER,Sernicola,D,,,False,True
29,HIGHRIVER,Ndaba,D,4.5,4.5,False,True
29,BATIGOAL,Maignan,P,6.0,5.0,True,False
29,BATIGOAL,Vojvoda,D,5.5,5.5,True,False
29,BATIGOAL,Pongracic,D,6.0,6.0,True,False
29,BATIGOAL,Bartesaghi,D,5.5,5.5,True,False
29,BATIGOAL,Atta,C,6.5,6.5,True,False
29,BATIGOAL,McTominay,C,6.0,6.0,True,False
29,BATIGOAL,Da Cunha,C,6.0,6.0,True,False
29,BATIGOAL,Zambo Anguissa,C,6.0,6.0,True,False
29,BATIGOAL,McKennie,C,6.5,9.0,True,False
29,BATIGOAL,Leao,A,,,False,False
29,BATIGOAL,Diao,A,6.0,6.0,True,False
29,BATIGOAL,Terracciano,P,,,False,True
29,BATIGOAL,Torriani,P,,,False,True
29,BATIGOAL,Wesley,D,,,False,True
29,BATIGOAL,Canestrelli,D,6.0,6.0,False,True
29,BATIGOAL,Estupinan,D,,,False,True
29,BATIGOAL,Norton-Cuffy,D,,,False,True
29,BATIGOAL,Dossena,D,,,False,True
29,BATIGOAL,Zaccagni,C,,,False,True
29,BATIGOAL,Santos A.,C,6.5,6.5,False,True
29,BATIGOAL,El Aynaoui,C,,,False,True
29,BATIGOAL,Kilicsoy,A,,,False,True
29,BATIGOAL,Piccoli,A,5.5,5.5,True,True
29,BATIGOAL,Colombo,A,5.5,5.5,False,True
29,BATIGOAL,Djuric,A,5.5,5.5,False,True
29,GALLIFREY,Butez,P,6.5,7.5,True,False
29,GALLIFREY,Solet,D,7.0,7.0,True,False
29,GALLIFREY,Vasquez,D,5.0,5.0,True,False
29,GALLIFREY,Akanji,D,7.0,7.0,True,False
29,GALLIFREY,Kelly L.,D,6.5,7.5,True,False
29,GALLIFREY,Casadei,C,6.0,6.0,True,False
29,GALLIFREY,Barella,C,7.5,10.5,True,False
29,GALLIFREY,Strefezza,C,6.5,6.0,True,False
29,GALLIFREY,Pulisic,C,5.5,5.5,True,False
29,GALLIFREY,Hojlund,A,,,False,False
29,GALLIFREY,Esposito Se.,A,7.0,9.0,True,False
29,GALLIFREY,Cavlina,P,,,False,True
29,GALLIFREY,Tornqvist,P,,,False,True
29,GALLIFREY,Valle,D,5.5,5.5,False,True
29,GALLIFREY,Angelino,D,,,False,True
29,GALLIFREY,Carlos Augusto,D,,,False,True
29,GALLIFREY,El Shaarawy,C,6.0,6.0,False,True
29,GALLIFREY,Ekkelenkamp,C,5.5,5.5,False,True
29,GALLIFREY,Frendrup,C,5.0,4.5,False,True
29,GALLIFREY,Sucic P.,C,6.0,6.0,False,True
29,GALLIFREY,Marianucci,D,,,False,True
29,GALLIFREY,Dybala,A,,,False,True
29,GALLIFREY,Bonny,A,6.5,6.5,True,True
29,GALLIFREY,Cambiaghi,A,,,False,True
29,GALLIFREY,Lukaku,A,,,False,True
30,CHOWPOUROMA,Bijlow,P,6.0,5.0,True,False
30,CHOWPOUROMA,Tiago Gabriel,D,6.0,6.0,True,False
30,CHOWPOUROMA,Cambiaso,D,5.5,5.0,True,False
30,CHOWPOUROMA,Spinazzola,D,5.5,5.5,True,False
30,CHOWPOUROMA,Nelsson,D,5.5,5.5,True,False
30,CHOWPOUROMA,Calhanoglu,C,6.5,7.0,True,False
30,CHOWPOUROMA,De Roon,C,6.0,6.0,True,False
30,CHOWPOUROMA,Conceicao,C,6.0,6.0,True,False
30,CHOWPOUROMA,Laurientè,A,5.5,5.5,True,False
30,CHOWPOUROMA,Kean,A,,,False,False
30,CHOWPOUROMA,Soulè,A,6.5,7.5,True,False
30,CHOWPOUROMA,Leali,P,,,False,True
30,CHOWPOUROMA,Sommariva,P,,,False,True
30,CHOWPOUROMA,Calabresi,D,4.5,4.5,False,True
30,CHOWPOUROMA,Acerbi,D,6.0,5.5,False,True
30,CHOWPOUROMA,Holm,D,6.5,6.5,False,True
30,CHOWPOUROMA,Gabbia,D,,,False,True
30,CHOWPOUROMA,Mkhitaryan,C,,,False,True
30,CHOWPOUROMA,Bernardeschi,C,6.5,7.5,False,True
30,CHOWPOUROMA,Volpato,C,5.5,5.5,False,True
30,CHOWPOUROMA,Venturino,C,,,False,True
30,CHOWPOUROMA,Mazzitelli,C,6.0,6.0,False,True
30,CHOWPOUROMA,Njie,A,,,False,True
30,CHOWPOUROMA,Sulemana K.,A,,,False,True
30,CHOWPOUROMA,Dia,A,5.5,5.5,True,True
30,BATIGOAL,Maignan,P,6.0,3.0,True,False
30,BATIGOAL,Dossena,D,,,False,False
30,BATIGOAL,Pongracic,D,6.0,6.0,True,False
30,BATIGOAL,Bartesaghi,D,5.5,3.5,True,False
30,BATIGOAL,Santos A.,C,6.0,6.0,True,False
30,BATIGOAL,McTominay,C,7.0,11.0,True,False
30,BATIGOAL,Da Cunha,C,6.5,8.5,True,False
30,BATIGOAL,Zambo Anguissa,C,5.5,5.5,True,False
30,BATIGOAL,Leao,A,4.5,4.0,True,False
30,BATIGOAL,Colombo,A,6.5,6.5,True,False
30,BATIGOAL,Diao,A,6.0,5.5,True,False
30,BATIGOAL,Terracciano,P,,,False,True
30,BATIGOAL,Torriani,P,,,False,True
30,BATIGOAL,Wesley,D,,,False,True
30,BATIGOAL,Norton-Cuffy,D,,,False,True
30,BATIGOAL,Vojvoda,D,,,False,True
30,BATIGOAL,Canestrelli,D,5.0,5.0,True,True
30,BATIGOAL,Estupinan,D,,,False,True
30,BATIGOAL,Zaccagni,C,6.0,6.0,False,True
30,BATIGOAL,McKennie,C,,,False,True
30,BATIGOAL,El Aynaoui,C,6.0,6.0,False,True
30,BATIGOAL,Atta,C,7.5,10.5,False,True
30,BATIGOAL,Kilicsoy,A,,,False,True
30,BATIGOAL,Piccoli,A,5.5,5.0,False,True
30,BATIGOAL,Djuric,A,,,False,True
30,HIGHRIVER,Skorupski,P,,,False,False
30,HIGHRIVER,Dodò,D,6.0,5.5,True,False
30,HIGHRIVER,Dimarco,D,5.0,5.0,True,False
30,HIGHRIVER,Bellanova,D,,,False,False
30,HIGHRIVER,Maldini,C,,,False,False
30,HIGHRIVER,Isaksen,C,5.5,5.5,True,False
30,HIGHRIVER,Loftus-Cheek,C,,,False,False
30,HIGHRIVER,Odgaard,C,,,False,False
30,HIGHRIVER,Yildiz,A,6.0,6.0,True,False
30,HIGHRIVER,Thuram,A,7.5,13.5,True,False
30,HIGHRIVER,Dominguez B.,A,,,False,False
30,HIGHRIVER,Milinkovic-Savic V.,P,6.0,5.0,True,True
30,HIGHRIVER,Ravaglia F.,P,,,False,True
30,HIGHRIVER,Luperto,D,6.0,6.0,True,True
30,HIGHRIVER,Darmian,D,,,False,True
30,HIGHRIVER,Pierotti,C,5.5,5.5,True,True
30,HIGHRIVER,Keita M.,C,6.5,6.5,True,True
30,HIGHRIVER,Ilkhan,C,,,False,True
30,HIGHRIVER,Adams C.,A,6.0,6.0,True,True
30,HIGHRIVER,Milik,A,,,False,True
30,HIGHRIVER,Sernicola,D,,,False,True
30,HIGHRIVER,Ndaba,D,5.0,5.0,False,True
30,TEAM DELVECCHIO23,De Gea,P,7.0,8.0,True,False
30,TEAM DELVECCHIO23,N'Dicka,D,6.5,7.5,True,False
30,TEAM DELVECCHIO23,Ostigard,D,6.0,6.0,True,False
30,TEAM DELVECCHIO23,Celik,D,6.5,6.0,True,False
30,TEAM DELVECCHIO23,Saelemaekers,C,5.5,5.5,True,False
30,TEAM DELVECCHIO23,Thorstvedt,C,5.5,5.5,True,False
30,TEAM DELVECCHIO23,Pisilli,C,6.0,6.0,True,False
30,TEAM DELVECCHIO23,Zielinski,C,5.5,5.0,True,False
30,TEAM DELVECCHIO23,Vaz,A,,,False,False
30,TEAM DELVECCHIO23,Pinamonti,A,5.5,5.5,True,False
30,TEAM DELVECCHIO23,Esposito F.P.,A,5.5,5.5,True,False
30,TEAM DELVECCHIO23,Suzuki,P,6.0,5.0,False,True
30,TEAM DELVECCHIO23,Corvi,P,,,False,True
30,TEAM DELVECCHIO23,Mancini,D,,,False,True
30,TEAM DELVECCHIO23,Tomori,D,,,False,True
30,TEAM DELVECCHIO23,Kolasinac,D,5.5,5.5,False,True
30,TEAM DELVECCHIO23,Buongiorno,D,5.5,5.5,False,True
30,TEAM DELVECCHIO23,Ehizibue,D,6.0,6.0,False,True
30,TEAM DELVECCHIO23,Freuler,C,7.0,11.0,False,True
30,TEAM DELVECCHIO23,Frattesi,C,,,False,True
30,TEAM DELVECCHIO23,Ederson D.S.,C,6.0,6.0,False,True
30,TEAM DELVECCHIO23,Konè M.,C,,,False,True
30,TEAM DELVECCHIO23,Scamacca,A,5.5,5.5,True,True
30,TEAM DELVECCHIO23,Orban G.,A,5.5,5.5,False,True
30,TEAM DELVECCHIO23,Rodriguez Je.,A,,,False,True
30,ZDENEK ZEMAN,Di Gregorio,P,6.5,7.5,True,False
30,ZDENEK ZEMAN,Juan Jesus,D,5.0,5.0,True,False
30,ZDENEK ZEMAN,Kempf,D,4.5,4.5,True,False
30,ZDENEK ZEMAN,Kalulu,D,6.5,6.5,True,False
30,ZDENEK ZEMAN,Politano,C,5.5,5.5,True,False
30,ZDENEK ZEMAN,Malinovskyi,C,7.0,9.5,True,False
30,ZDENEK ZEMAN,Mandragora,C,5.5,5.5,True,False
30,ZDENEK ZEMAN,Gaetano,C,6.0,6.0,True,False
30,ZDENEK ZEMAN,Orsolini,C,7.0,10.0,True,False
30,ZDENEK ZEMAN,Boga,A,7.0,11.0,True,False
30,ZDENEK ZEMAN,Nkunku,A,5.5,5.5,True,False
30,ZDENEK ZEMAN,Fullkrug,A,5.0,5.0,False,True
30,ZDENEK ZEMAN,Pedro,A,5.5,5.0,False,True
30,ZDENEK ZEMAN,Moreo,A,6.0,6.0,False,True
30,ZDENEK ZEMAN,Morata,A,,,False,True
30,ZDENEK ZEMAN,Folorunsho,C,5.5,5.5,False,True
30,ZDENEK ZEMAN,Bernabè,C,6.0,6.0,False,True
30,ZDENEK ZEMAN,Zaniolo,C,7.5,8.5,False,True
30,ZDENEK ZEMAN,Rrahmani,D,,,False,True
30,ZDENEK ZEMAN,Gatti,D,6.0,6.0,False,True
30,ZDENEK ZEMAN,Maripan,D,,,False,True
30,ZDENEK ZEMAN,Valeri,D,6.5,6.5,False,True
30,ZDENEK ZEMAN,Gaspar K.,D,,,False,True
30,ZDENEK ZEMAN,Pinsoglio,P,,,False,True
30,ZDENEK ZEMAN,Perin,P,,,False,True
30,BUSHAOZI,Carnesecchi,P,5.5,4.5,True,False
30,BUSHAOZI,Marusic,D,,,False,False
30,BUSHAOZI,Dumfries,D,8.0,15.0,True,False
30,BUSHAOZI,Belghali,D,5.5,5.5,True,False
30,BUSHAOZI,Taylor K.,C,5.5,5.5,True,False
30,BUSHAOZI,Thuram K.,C,5.5,5.0,True,False
30,BUSHAOZI,Paz N.,C,7.0,10.0,True,False
30,BUSHAOZI,Konè I.,C,7.0,10.0,True,False
30,BUSHAOZI,Adopo,C,6.0,5.5,True,False
30,BUSHAOZI,Krstovic,A,6.0,6.0,True,False
30,BUSHAOZI,Martinez L.,A,,,False,False
30,BUSHAOZI,Sportiello,P,,,False,True
30,BUSHAOZI,Rossi F.,P,,,False,True
30,BUSHAOZI,Gutierrez,D,,,False,True
30,BUSHAOZI,Olivera,D,6.0,6.0,True,True
30,BUSHAOZI,Martin,D,6.5,6.5,False,True
30,BUSHAOZI,Walukiewicz,D,5.5,5.0,False,True
30,BUSHAOZI,Gila,D,,,False,True
30,BUSHAOZI,Lobotka,C,6.5,6.5,False,True
30,BUSHAOZI,Ferguson,C,,,False,True
30,BUSHAOZI,Suslov,C,,,False,True
30,BUSHAOZI,Solomon,A,,,False,True
30,BUSHAOZI,Durosinmi,A,6.0,6.0,True,True
30,BUSHAOZI,Moro L.,A,,,False,True
30,BUSHAOZI,Frigan,A,,,False,True
30,FC MCDONALD,Provedel,P,,,False,False
30,FC MCDONALD,Rensch,D,6.5,7.5,True,False
30,FC MCDONALD,Zappacosta,D,5.5,5.5,True,False
30,FC MCDONALD,Angori,D,5.5,5.5,True,False
30,FC MCDONALD,Pellegrini Lo.,C,6.5,6.5,True,False
30,FC MCDONALD,Zalewski,C,5.5,5.5,True,False
30,FC MCDONALD,Modric,C,6.0,6.0,True,False
30,FC MCDONALD,Gudmundsson A.,C,,,False,False
30,FC MCDONALD,Giovane,A,5.5,5.5,True,False
30,FC MCDONALD,Berardi,A,5.5,4.5,True,False
30,FC MCDONALD,Simeone,A,7.0,10.0,True,False
30,FC MCDONALD,Falcone,P,6.0,4.0,True,True
30,FC MCDONALD,Furlanetto,P,,,False,True
30,FC MCDONALD,Zemura,D,,,False,True
30,FC MCDONALD,Doig,D,5.5,5.0,False,True
30,FC MCDONALD,Vitik,D,,,False,True
30,FC MCDONALD,Van Der Brempt,D,4.5,4.5,False,True
30,FC MCDONALD,Matic,C,5.5,5.5,True,True
30,FC MCDONALD,Zarraga,C,,,False,True
30,FC MCDONALD,Deiola,C,5.5,5.5,False,True
30,FC MCDONALD,Prati,C,6.0,6.0,False,True
30,FC MCDONALD,David,A,5.5,5.5,False,True
30,FC MCDONALD,Kuhn,A,,,False,True
30,FC MCDONALD,Borrelli,A,5.0,5.0,False,True
30,TEAM SJ,Sommer,P,5.0,2.0,True,False
30,TEAM SJ,Diego Carlos,D,6.0,6.0,True,False
30,TEAM SJ,Bremer,D,6.5,6.5,True,False
30,TEAM SJ,Scalvini,D,5.5,5.5,True,False
30,TEAM SJ,Hermoso,D,6.0,6.0,True,False
30,TEAM SJ,Baturina,C,5.5,5.5,True,False
30,TEAM SJ,Perrone,C,6.0,6.0,True,False
30,TEAM SJ,Cristante,C,6.5,6.5,True,False
30,TEAM SJ,De Ketelaere,A,6.5,6.0,True,False
30,TEAM SJ,Douvikas,A,5.0,5.0,True,False
30,TEAM SJ,Vitinha O.,A,6.0,6.0,True,False
30,TEAM SJ,Martinez Jo.,P,,,False,True
30,TEAM SJ,Di Gennaro,P,,,False,True
30,TEAM SJ,Bastoni,D,5.5,5.5,False,True
30,TEAM SJ,Ramon,D,5.5,5.0,False,True
30,TEAM SJ,Bernasconi,D,5.5,5.5,False,True
30,TEAM SJ,Ziolkowski,D,,,False,True
30,TEAM SJ,Elmas,C,,,False,True
30,TEAM SJ,Miretti,C,,,False,True
30,TEAM SJ,Fagioli,C,,,False,True
30,TEAM SJ,Luis Henrique,C,6.0,6.0,False,True
30,TEAM SJ,Vergara,C,,,False,True
30,TEAM SJ,Raspadori,A,6.0,6.0,False,True
30,TEAM SJ,Ratkov,A,,,False,True
30,TEAM SJ,Addai,A,,,False,True
30,SUMMERED,Svilar,P,6.5,7.5,True,False
30,SUMMERED,Gosens,D,7.0,11.0,True,False
30,SUMMERED,Pavlovic,D,5.5,5.5,True,False
30,SUMMERED,Baschirotto,D,6.0,6.0,True,False
30,SUMMERED,Palestra,D,6.0,6.0,True,False
30,SUMMERED,Locatelli,C,7.0,7.0,True,False
30,SUMMERED,Rabiot,C,5.0,5.0,True,False
30,SUMMERED,Vlasic,C,6.0,6.0,True,False
30,SUMMERED,Baldanzi,C,7.0,8.0,True,False
30,SUMMERED,Malen,A,8.5,18.5,True,False
30,SUMMERED,Castro S.,A,6.0,6.0,True,False
30,SUMMERED,Gollini,P,,,False,True
30,SUMMERED,Zelezny,P,,,False,True
30,SUMMERED,Djimsiti,D,5.5,5.5,False,True
30,SUMMERED,Muharemovic,D,6.5,6.0,False,True
30,SUMMERED,Delprato,D,6.5,6.5,False,True
30,SUMMERED,Bisseck,D,,,False,True
30,SUMMERED,Zaragoza,C,,,False,True
30,SUMMERED,Rowe,C,6.0,6.0,False,True
30,SUMMERED,Brescianini,C,,,False,True
30,SUMMERED,Tourè I.,C,5.0,4.5,False,True
30,SUMMERED,Dallinga,A,,,False,True
30,SUMMERED,Ferguson E.,A,,,False,True
30,SUMMERED,Pellegrino M.,A,,,False,True
30,SUMMERED,Vardy,A,,,False,True
30,GALLIFREY,Butez,P,5.5,2.5,True,False
30,GALLIFREY,Solet,D,7.0,7.0,True,False
30,GALLIFREY,Kelly L.,D,6.0,6.0,True,False
30,GALLIFREY,Akanji,D,6.5,6.0,True,False
30,GALLIFREY,Frendrup,C,6.0,5.5,True,False
30,GALLIFREY,Casadei,C,7.0,11.0,True,False
30,GALLIFREY,Barella,C,7.5,9.5,True,False
30,GALLIFREY,Pulisic,C,5.5,5.5,True,False
30,GALLIFREY,Cambiaghi,A,6.0,6.0,True,False
30,GALLIFREY,Hojlund,A,6.5,7.5,True,False
30,GALLIFREY,Esposito Se.,A,7.0,11.0,True,False
30,GALLIFREY,Cavlina,P,,,False,True
30,GALLIFREY,Tornqvist,P,,,False,True
30,GALLIFREY,Vasquez,D,6.5,6.5,False,True
30,GALLIFREY,Valle,D,6.0,8.5,False,True
30,GALLIFREY,Angelino,D,,,False,True
30,GALLIFREY,Carlos Augusto,D,6.0,5.5,False,True
30,GALLIFREY,El Shaarawy,C,6.0,6.0,False,True
30,GALLIFREY,Ekkelenkamp,C,7.5,11.5,False,True
30,GALLIFREY,Strefezza,C,7.0,10.0,False,True
30,GALLIFREY,Sucic P.,C,6.0,5.5,False,True
30,GALLIFREY,Marianucci,D,6.0,6.0,False,True
30,GALLIFREY,Dybala,A,,,False,True
30,GALLIFREY,Bonny,A,5.5,5.0,False,True
30,GALLIFREY,Lukaku,A,,,False,True
31,GALLIFREY,Butez,P,5.5,3.5,True,False
31,GALLIFREY,Solet,D,6.0,6.0,True,False
31,GALLIFREY,Kelly L.,D,6.5,6.5,True,False
31,GALLIFREY,Akanji,D,6.5,6.5,True,False
31,GALLIFREY,Carlos Augusto,D,6.0,6.0,True,False
31,GALLIFREY,Strefezza,C,6.5,7.5,True,False
31,GALLIFREY,Ekkelenkamp,C,5.5,5.5,True,False
31,GALLIFREY,Barella,C,7.5,10.5,True,False
31,GALLIFREY,Pulisic,C,5.5,5.5,True,False
31,GALLIFREY,Hojlund,A,5.0,5.0,True,False
31,GALLIFREY,Esposito Se.,A,6.0,5.5,True,False
31,GALLIFREY,Cavlina,P,,,False,True
31,GALLIFREY,Tornqvist,P,,,False,True
31,GALLIFREY,Vasquez,D,6.0,6.0,False,True
31,GALLIFREY,Valle,D,,,False,True
31,GALLIFREY,Angelino,D,,,False,True
31,GALLIFREY,Marianucci,D,6.0,6.0,False,True
31,GALLIFREY,Casadei,C,5.5,5.5,False,True
31,GALLIFREY,El Shaarawy,C,6.0,6.0,False,True
31,GALLIFREY,Sucic P.,C,,,False,True
31,GALLIFREY,Frendrup,C,,,False,True
31,GALLIFREY,Bonny,A,6.5,6.5,False,True
31,GALLIFREY,Cambiaghi,A,5.5,5.5,False,True
31,GALLIFREY,Lukaku,A,,,False,True
31,GALLIFREY,Dybala,A,,,False,True
31,CHOWPOUROMA,Bijlow,P,6.5,5.5,True,False
31,CHOWPOUROMA,Tiago Gabriel,D,7.0,10.5,True,False
31,CHOWPOUROMA,Cambiaso,D,6.0,6.0,True,False
31,CHOWPOUROMA,Spinazzola,D,5.0,5.0,True,False
31,CHOWPOUROMA,Nelsson,D,6.0,6.0,True,False
31,CHOWPOUROMA,Calhanoglu,C,6.0,6.0,True,False
31,CHOWPOUROMA,De Roon,C,6.0,7.0,True,False
31,CHOWPOUROMA,Conceicao,C,6.0,6.0,True,False
31,CHOWPOUROMA,Laurientè,A,7.0,8.0,True,False
31,CHOWPOUROMA,Kean,A,,,False,False
31,CHOWPOUROMA,Soulè,A,6.5,6.5,True,False
31,CHOWPOUROMA,Leali,P,,,False,True
31,CHOWPOUROMA,Sommariva,P,,,False,True
31,CHOWPOUROMA,Calabresi,D,5.5,5.0,False,True
31,CHOWPOUROMA,Acerbi,D,,,False,True
31,CHOWPOUROMA,Holm,D,6.5,6.5,False,True
31,CHOWPOUROMA,Gabbia,D,7.0,7.0,False,True
31,CHOWPOUROMA,Mkhitaryan,C,6.0,6.0,False,True
31,CHOWPOUROMA,Bernardeschi,C,,,False,True
31,CHOWPOUROMA,Volpato,C,7.0,9.5,False,True
31,CHOWPOUROMA,Venturino,C,6.0,6.0,False,True
31,CHOWPOUROMA,Mazzitelli,C,,,False,True
31,CHOWPOUROMA,Njie,A,5.5,5.0,True,True
31,CHOWPOUROMA,Sulemana K.,A,,,False,True
31,CHOWPOUROMA,Dia,A,6.0,5.5,False,True
31,BATIGOAL,Maignan,P,6.5,7.5,True,False
31,BATIGOAL,Vojvoda,D,5.5,5.5,True,False
31,BATIGOAL,Wesley,D,,,False,False
31,BATIGOAL,Bartesaghi,D,6.0,6.0,True,False
31,BATIGOAL,Zaccagni,C,5.0,3.0,True,False
31,BATIGOAL,McTominay,C,5.5,5.5,True,False
31,BATIGOAL,Da Cunha,C,6.0,6.0,True,False
31,BATIGOAL,Atta,C,6.0,6.0,True,False
31,BATIGOAL,Santos A.,C,6.0,6.0,True,False
31,BATIGOAL,Leao,A,6.0,7.0,True,False
31,BATIGOAL,Diao,A,5.0,5.0,True,False
31,BATIGOAL,Terracciano,P,,,False,True
31,BATIGOAL,Torriani,P,,,False,True
31,BATIGOAL,Norton-Cuffy,D,,,False,True
31,BATIGOAL,Canestrelli,D,6.5,9.5,True,True
31,BATIGOAL,Pongracic,D,6.5,6.0,False,True
31,BATIGOAL,Estupinan,D,,,False,True
31,BATIGOAL,Dossena,D,,,False,True
31,BATIGOAL,McKennie,C,7.0,8.0,False,True
31,BATIGOAL,Zambo Anguissa,C,5.5,5.5,False,True
31,BATIGOAL,El Aynaoui,C,5.5,5.5,False,True
31,BATIGOAL,Colombo,A,7.0,10.0,False,True
31,BATIGOAL,Piccoli,A,5.5,5.5,False,True
31,BATIGOAL,Kilicsoy,A,,,False,True
31,BATIGOAL,Djuric,A,,,False,True
31,HIGHRIVER,Skorupski,P,,,False,False
31,HIGHRIVER,Dodò,D,6.0,6.0,True,False
31,HIGHRIVER,Dimarco,D,6.5,7.5,True,False
31,HIGHRIVER,Bellanova,D,5.5,5.5,True,False
31,HIGHRIVER,Maldini,C,,,False,False
31,HIGHRIVER,Isaksen,C,,,False,False
31,HIGHRIVER,Loftus-Cheek,C,,,False,False
31,HIGHRIVER,Odgaard,C,,,False,False
31,HIGHRIVER,Yildiz,A,6.0,6.0,True,False
31,HIGHRIVER,Thuram,A,7.0,11.0,True,False
31,HIGHRIVER,Dominguez B.,A,,,False,False
31,HIGHRIVER,Milinkovic-Savic V.,P,7.0,7.0,True,True
31,HIGHRIVER,Ravaglia F.,P,6.0,4.0,False,True
31,HIGHRIVER,Luperto,D,6.5,6.5,False,True
31,HIGHRIVER,Darmian,D,,,False,True
31,HIGHRIVER,Pierotti,C,5.0,4.5,True,True
31,HIGHRIVER,Keita M.,C,6.5,6.5,True,True
31,HIGHRIVER,Ilkhan,C,,,False,True
31,HIGHRIVER,Adams C.,A,5.5,5.5,True,True
31,HIGHRIVER,Milik,A,,,False,True
31,HIGHRIVER,Sernicola,D,,,False,True
31,HIGHRIVER,Ndaba,D,,,False,True
31,TEAM SJ,Sommer,P,,,False,False
31,TEAM SJ,Scalvini,D,6.0,6.0,True,False
31,TEAM SJ,Bremer,D,6.5,6.5,True,False
31,TEAM SJ,Ramon,D,5.5,5.0,True,False
31,TEAM SJ,Hermoso,D,7.0,11.0,True,False
31,TEAM SJ,Fagioli,C,6.5,6.5,True,False
31,TEAM SJ,Baturina,C,5.5,5.5,True,False
31,TEAM SJ,Luis Henrique,C,6.0,6.0,True,False
31,TEAM SJ,Douvikas,A,5.5,5.5,True,False
31,TEAM SJ,De Ketelaere,A,6.0,6.0,True,False
31,TEAM SJ,Vitinha O.,A,,,False,False
31,TEAM SJ,Martinez Jo.,P,6.0,7.0,True,True
31,TEAM SJ,Di Gennaro,P,,,False,True
31,TEAM SJ,Bernasconi,D,6.0,6.0,False,True
31,TEAM SJ,Diego Carlos,D,,,False,True
31,TEAM SJ,Bastoni,D,,,False,True
31,TEAM SJ,Ziolkowski,D,,,False,True
31,TEAM SJ,Perrone,C,6.0,6.0,False,True
31,TEAM SJ,Cristante,C,6.0,6.0,False,True
31,TEAM SJ,Miretti,C,,,False,True
31,TEAM SJ,Elmas,C,5.5,5.5,False,True
31,TEAM SJ,Vergara,C,,,False,True
31,TEAM SJ,Raspadori,A,6.0,6.0,True,True
31,TEAM SJ,Ratkov,A,,,False,True
31,TEAM SJ,Addai,A,,,False,True
31,SUMMERED,Svilar,P,6.5,5.5,True,False
31,SUMMERED,Gosens,D,,,False,False
31,SUMMERED,Pavlovic,D,6.5,6.5,True,False
31,SUMMERED,Delprato,D,6.0,6.0,True,False
31,SUMMERED,Muharemovic,D,6.5,6.5,True,False
31,SUMMERED,Vlasic,C,5.5,5.5,True,False
31,SUMMERED,Rabiot,C,7.0,11.0,True,False
31,SUMMERED,Locatelli,C,6.5,6.0,True,False
31,SUMMERED,Baldanzi,C,7.0,8.0,True,False
31,SUMMERED,Malen,A,6.0,6.0,True,False
31,SUMMERED,Pellegrino M.,A,6.0,6.0,True,False
31,SUMMERED,Gollini,P,,,False,True
31,SUMMERED,Zelezny,P,,,False,True
31,SUMMERED,Baschirotto,D,6.5,6.5,True,True
31,SUMMERED,Palestra,D,6.0,6.0,False,True
31,SUMMERED,Bisseck,D,,,False,True
31,SUMMERED,Djimsiti,D,6.5,6.0,False,True
31,SUMMERED,Zaragoza,C,,,False,True
31,SUMMERED,Brescianini,C,,,False,True
31,SUMMERED,Tourè I.,C,5.5,5.5,False,True
31,SUMMERED,Rowe,C,5.5,5.5,False,True
31,SUMMERED,Castro S.,A,5.0,5.0,False,True
31,SUMMERED,Dallinga,A,,,False,True
31,SUMMERED,Ferguson E.,A,,,False,True
31,SUMMERED,Vardy,A,,,False,True
31,BUSHAOZI,Carnesecchi,P,7.0,6.0,True,False
31,BUSHAOZI,Martin,D,6.0,6.0,True,False
31,BUSHAOZI,Dumfries,D,6.5,7.5,True,False
31,BUSHAOZI,Gila,D,7.0,7.0,True,False
31,BUSHAOZI,Gutierrez,D,6.0,6.0,True,False
31,BUSHAOZI,Taylor K.,C,6.5,7.0,True,False
31,BUSHAOZI,Thuram K.,C,7.0,10.0,True,False
31,BUSHAOZI,Paz N.,C,7.0,10.0,True,False
31,BUSHAOZI,Konè I.,C,6.0,5.5,True,False
31,BUSHAOZI,Lobotka,C,5.0,4.5,True,False
31,BUSHAOZI,Krstovic,A,7.0,10.0,True,False
31,BUSHAOZI,Sportiello,P,,,False,True
31,BUSHAOZI,Rossi F.,P,,,False,True
31,BUSHAOZI,Olivera,D,5.0,5.0,False,True
31,BUSHAOZI,Belghali,D,5.5,5.5,False,True
31,BUSHAOZI,Walukiewicz,D,6.0,6.0,False,True
31,BUSHAOZI,Marusic,D,,,False,True
31,BUSHAOZI,Ferguson,C,6.0,6.0,False,True
31,BUSHAOZI,Adopo,C,6.0,6.0,False,True
31,BUSHAOZI,Suslov,C,,,False,True
31,BUSHAOZI,Solomon,A,5.0,4.5,False,True
31,BUSHAOZI,Durosinmi,A,5.5,5.5,False,True
31,BUSHAOZI,Moro L.,A,,,False,True
31,BUSHAOZI,Frigan,A,,,False,True
31,BUSHAOZI,Martinez L.,A,,,False,True
31,FC MCDONALD,Provedel,P,,,False,False
31,FC MCDONALD,Rensch,D,6.5,7.5,True,False
31,FC MCDONALD,Zappacosta,D,6.0,6.0,True,False
31,FC MCDONALD,Angori,D,6.5,7.5,True,False
31,FC MCDONALD,Pellegrini Lo.,C,,,False,False
31,FC MCDONALD,Zalewski,C,6.0,6.0,True,False
31,FC MCDONALD,Modric,C,6.5,6.5,True,False
31,FC MCDONALD,Gudmundsson A.,C,5.5,5.5,True,False
31,FC MCDONALD,Giovane,A,5.5,5.5,True,False
31,FC MCDONALD,Berardi,A,,,False,False
31,FC MCDONALD,Simeone,A,5.5,5.5,True,False
31,FC MCDONALD,Falcone,P,6.0,5.0,True,True
31,FC MCDONALD,Furlanetto,P,,,False,True
31,FC MCDONALD,Zemura,D,,,False,True
31,FC MCDONALD,Doig,D,,,False,True
31,FC MCDONALD,Vitik,D,,,False,True
31,FC MCDONALD,Van Der Brempt,D,,,False,True
31,FC MCDONALD,Matic,C,6.0,6.0,True,True
31,FC MCDONALD,Zarraga,C,6.0,6.0,False,True
31,FC MCDONALD,Deiola,C,5.5,5.5,False,True
31,FC MCDONALD,Prati,C,,,False,True
31,FC MCDONALD,David,A,7.0,11.0,True,True
31,FC MCDONALD,Kuhn,A,5.5,5.5,False,True
31,FC MCDONALD,Borrelli,A,5.0,4.5,False,True
31,TEAM DELVECCHIO23,De Gea,P,6.5,5.5,True,False
31,TEAM DELVECCHIO23,Mancini,D,6.0,6.0,True,False
31,TEAM DELVECCHIO23,Ostigard,D,6.5,6.0,True,False
31,TEAM DELVECCHIO23,N'Dicka,D,6.0,6.0,True,False
31,TEAM DELVECCHIO23,Saelemaekers,C,6.0,6.0,True,False
31,TEAM DELVECCHIO23,Thorstvedt,C,6.5,6.0,True,False
31,TEAM DELVECCHIO23,Ederson D.S.,C,6.5,6.0,True,False
31,TEAM DELVECCHIO23,Zielinski,C,6.5,9.5,True,False
31,TEAM DELVECCHIO23,Scamacca,A,,,False,False
31,TEAM DELVECCHIO23,Pinamonti,A,,,False,False
31,TEAM DELVECCHIO23,Esposito F.P.,A,6.5,6.5,True,False
31,TEAM DELVECCHIO23,Suzuki,P,6.5,7.5,False,True
31,TEAM DELVECCHIO23,Corvi,P,,,False,True
31,TEAM DELVECCHIO23,Celik,D,6.0,6.0,False,True
31,TEAM DELVECCHIO23,Tomori,D,6.0,6.0,False,True
31,TEAM DELVECCHIO23,Kolasinac,D,6.0,6.0,False,True
31,TEAM DELVECCHIO23,Buongiorno,D,4.5,4.5,False,True
31,TEAM DELVECCHIO23,Ehizibue,D,5.5,5.5,False,True
31,TEAM DELVECCHIO23,Pisilli,C,5.5,5.0,False,True
31,TEAM DELVECCHIO23,Freuler,C,5.5,5.5,False,True
31,TEAM DELVECCHIO23,Frattesi,C,,,False,True
31,TEAM DELVECCHIO23,Konè M.,C,,,False,True
31,TEAM DELVECCHIO23,Rodriguez Je.,A,6.0,6.0,True,True
31,TEAM DELVECCHIO23,Vaz,A,6.0,6.0,True,True
31,TEAM DELVECCHIO23,Orban G.,A,5.0,5.0,False,True
31,ZDENEK ZEMAN,Di Gregorio,P,6.0,7.0,True,False
31,ZDENEK ZEMAN,Valeri,D,6.0,6.0,True,False
31,ZDENEK ZEMAN,Kempf,D,5.0,5.0,True,False
31,ZDENEK ZEMAN,Kalulu,D,6.5,7.5,True,False
31,ZDENEK ZEMAN,Juan Jesus,D,,,False,False
31,ZDENEK ZEMAN,Politano,C,5.5,5.5,True,False
31,ZDENEK ZEMAN,Bernabè,C,6.0,6.0,True,False
31,ZDENEK ZEMAN,Mandragora,C,6.0,7.0,True,False
31,ZDENEK ZEMAN,Zaniolo,C,6.0,5.5,True,False
31,ZDENEK ZEMAN,Boga,A,6.5,6.5,True,False
31,ZDENEK ZEMAN,Nkunku,A,,,False,False
31,ZDENEK ZEMAN,Fullkrug,A,,,False,True
31,ZDENEK ZEMAN,Pedro,A,,,False,True
31,ZDENEK ZEMAN,Moreo,A,5.0,5.0,True,True
31,ZDENEK ZEMAN,Morata,A,5.0,4.5,False,True
31,ZDENEK ZEMAN,Malinovskyi,C,,,False,True
31,ZDENEK ZEMAN,Orsolini,C,6.0,6.0,False,True
31,ZDENEK ZEMAN,Folorunsho,C,,,False,True
31,ZDENEK ZEMAN,Gaetano,C,6.0,6.0,False,True
31,ZDENEK ZEMAN,Rrahmani,D,,,False,True
31,ZDENEK ZEMAN,Gatti,D,,,False,True
31,ZDENEK ZEMAN,Maripan,D,6.5,6.5,True,True
31,ZDENEK ZEMAN,Gaspar K.,D,,,False,True
31,ZDENEK ZEMAN,Pinsoglio,P,,,False,True
31,ZDENEK ZEMAN,Perin,P,,,False,True
32,HIGHRIVER,Skorupski,P,,,False,False
32,HIGHRIVER,Dodò,D,6.0,6.0,True,False
32,HIGHRIVER,Dimarco,D,7.0,9.0,True,False
32,HIGHRIVER,Bellanova,D,5.5,5.5,True,False
32,HIGHRIVER,Maldini,C,7.0,11.0,True,False
32,HIGHRIVER,Isaksen,C,6.5,6.5,True,False
32,HIGHRIVER,Loftus-Cheek,C,,,False,False
32,HIGHRIVER,Odgaard,C,5.5,5.5,True,False
32,HIGHRIVER,Yildiz,A,,,False,False
32,HIGHRIVER,Thuram,A,7.0,10.0,True,False
32,HIGHRIVER,Dominguez B.,A,,,False,False
32,HIGHRIVER,Milinkovic-Savic V.,P,6.5,8.0,True,True
32,HIGHRIVER,Ravaglia F.,P,6.0,4.0,False,True
32,HIGHRIVER,Luperto,D,5.0,5.0,False,True
32,HIGHRIVER,Darmian,D,6.0,6.0,False,True
32,HIGHRIVER,Pierotti,C,5.5,5.5,True,True
32,HIGHRIVER,Keita M.,C,6.0,6.0,False,True
32,HIGHRIVER,Ilkhan,C,6.5,7.5,False,True
32,HIGHRIVER,Adams C.,A,5.5,5.5,True,True
32,HIGHRIVER,Milik,A,,,False,True
32,HIGHRIVER,Sernicola,D,,,False,True
32,HIGHRIVER,Ndaba,D,,,False,True
32,CHOWPOUROMA,Bijlow,P,6.0,5.0,True,False
32,CHOWPOUROMA,Tiago Gabriel,D,,,False,False
32,CHOWPOUROMA,Cambiaso,D,5.5,5.0,True,False
32,CHOWPOUROMA,Spinazzola,D,,,False,False
32,CHOWPOUROMA,Nelsson,D,6.0,6.0,True,False
32,CHOWPOUROMA,Calhanoglu,C,,,False,False
32,CHOWPOUROMA,De Roon,C,5.5,5.5,True,False
32,CHOWPOUROMA,Conceicao,C,6.5,6.5,True,False
32,CHOWPOUROMA,Laurientè,A,6.0,5.5,True,False
32,CHOWPOUROMA,Kean,A,,,False,False
32,CHOWPOUROMA,Soulè,A,6.5,6.5,True,False
32,CHOWPOUROMA,Leali,P,6.0,5.0,False,True
32,CHOWPOUROMA,Sommariva,P,,,False,True
32,CHOWPOUROMA,Calabresi,D,,,False,True
32,CHOWPOUROMA,Acerbi,D,,,False,True
32,CHOWPOUROMA,Holm,D,6.0,6.0,True,True
32,CHOWPOUROMA,Gabbia,D,6.0,6.0,True,True
32,CHOWPOUROMA,Mkhitaryan,C,,,False,True
32,CHOWPOUROMA,Bernardeschi,C,,,False,True
32,CHOWPOUROMA,Volpato,C,6.0,6.0,True,True
32,CHOWPOUROMA,Venturino,C,,,False,True
32,CHOWPOUROMA,Mazzitelli,C,,,False,True
32,CHOWPOUROMA,Njie,A,6.0,6.0,True,True
32,CHOWPOUROMA,Sulemana K.,A,,,False,True
32,CHOWPOUROMA,Dia,A,5.0,5.0,False,True
32,TEAM SJ,Sommer,P,6.0,4.0,True,False
32,TEAM SJ,Scalvini,D,5.5,6.5,True,False
32,TEAM SJ,Bremer,D,6.5,6.5,True,False
32,TEAM SJ,Ramon,D,6.0,6.0,True,False
32,TEAM SJ,Hermoso,D,6.0,5.5,True,False
32,TEAM SJ,Fagioli,C,6.0,6.0,True,False
32,TEAM SJ,Baturina,C,7.0,7.0,True,False
32,TEAM SJ,Perrone,C,6.0,6.0,True,False
32,TEAM SJ,Elmas,C,,,False,False
32,TEAM SJ,Douvikas,A,7.0,11.0,True,False
32,TEAM SJ,De Ketelaere,A,5.5,5.5,True,False
32,TEAM SJ,Martinez Jo.,P,,,False,True
32,TEAM SJ,Di Gennaro,P,,,False,True
32,TEAM SJ,Diego Carlos,D,6.0,5.5,False,True
32,TEAM SJ,Bernasconi,D,,,False,True
32,TEAM SJ,Bastoni,D,,,False,True
32,TEAM SJ,Ziolkowski,D,,,False,True
32,TEAM SJ,Cristante,C,6.0,6.0,True,True
32,TEAM SJ,Miretti,C,,,False,True
32,TEAM SJ,Luis Henrique,C,,,False,True
32,TEAM SJ,Vergara,C,,,False,True
32,TEAM SJ,Raspadori,A,5.0,5.0,False,True
32,TEAM SJ,Vitinha O.,A,5.5,5.5,False,True
32,TEAM SJ,Ratkov,A,,,False,True
32,TEAM SJ,Addai,A,,,False,True
32,GALLIFREY,Butez,P,5.5,6.5,True,False
32,GALLIFREY,Solet,D,5.0,5.0,True,False
32,GALLIFREY,Vasquez,D,5.5,5.5,True,False
32,GALLIFREY,Akanji,D,6.0,6.0,True,False
32,GALLIFREY,Ekkelenkamp,C,6.5,7.5,True,False
32,GALLIFREY,Barella,C,5.5,5.0,True,False
32,GALLIFREY,Pulisic,C,5.5,5.5,True,False
32,GALLIFREY,Strefezza,C,6.0,6.0,True,False
32,GALLIFREY,Esposito Se.,A,6.0,6.0,True,False
32,GALLIFREY,Hojlund,A,7.0,7.0,True,False
32,GALLIFREY,Dybala,A,,,False,False
32,GALLIFREY,Cavlina,P,,,False,True
32,GALLIFREY,Tornqvist,P,,,False,True
32,GALLIFREY,Valle,D,6.5,6.5,False,True
32,GALLIFREY,Kelly L.,D,6.0,6.0,False,True
32,GALLIFREY,Carlos Augusto,D,5.0,5.0,False,True
32,GALLIFREY,Angelino,D,,,False,True
32,GALLIFREY,Marianucci,D,6.5,6.5,False,True
32,GALLIFREY,El Shaarawy,C,,,False,True
32,GALLIFREY,Casadei,C,6.0,6.0,False,True
32,GALLIFREY,Sucic P.,C,6.5,6.5,False,True
32,GALLIFREY,Frendrup,C,5.5,5.5,False,True
32,GALLIFREY,Bonny,A,5.5,5.5,True,True
32,GALLIFREY,Cambiaghi,A,,,False,True
32,GALLIFREY,Lukaku,A,,,False,True
32,FC MCDONALD,Provedel,P,,,False,False
32,FC MCDONALD,Rensch,D,6.0,5.5,True,False
32,FC MCDONALD,Zappacosta,D,5.5,5.5,True,False
32,FC MCDONALD,Angori,D,6.0,6.0,True,False
32,FC MCDONALD,Pellegrini Lo.,C,,,False,False
32,FC MCDONALD,Zalewski,C,5.5,5.5,True,False
32,FC MCDONALD,Modric,C,6.0,6.0,True,False
32,FC MCDONALD,Gudmundsson A.,C,5.5,5.5,True,False
32,FC MCDONALD,Giovane,A,6.0,6.0,True,False
32,FC MCDONALD,Berardi,A,,,False,False
32,FC MCDONALD,Simeone,A,7.0,10.0,True,False
32,FC MCDONALD,Falcone,P,6.5,7.5,True,True
32,FC MCDONALD,Furlanetto,P,,,False,True
32,FC MCDONALD,Zemura,D,,,False,True
32,FC MCDONALD,Doig,D,,,False,True
32,FC MCDONALD,Vitik,D,,,False,True
32,FC MCDONALD,Van Der Brempt,D,,,False,True
32,FC MCDONALD,Matic,C,6.0,6.0,True,True
32,FC MCDONALD,Zarraga,C,,,False,True
32,FC MCDONALD,Deiola,C,6.5,6.5,False,True
32,FC MCDONALD,Prati,C,,,False,True
32,FC MCDONALD,David,A,6.0,6.0,True,True
32,FC MCDONALD,Kuhn,A,,,False,True
32,FC MCDONALD,Borrelli,A,7.0,11.0,False,True
32,BATIGOAL,Maignan,P,6.0,7.0,True,False
32,BATIGOAL,Canestrelli,D,6.0,5.5,True,False
32,BATIGOAL,Wesley,D,7.0,7.0,True,False
32,BATIGOAL,Bartesaghi,D,5.5,5.0,True,False
32,BATIGOAL,Santos A.,C,7.5,10.5,True,False
32,BATIGOAL,Atta,C,8.0,14.0,True,False
32,BATIGOAL,Da Cunha,C,6.5,7.5,True,False
32,BATIGOAL,McTominay,C,7.5,9.5,True,False
32,BATIGOAL,McKennie,C,6.0,6.0,True,False
32,BATIGOAL,Leao,A,6.0,6.0,True,False
32,BATIGOAL,Diao,A,6.5,9.0,True,False
32,BATIGOAL,Terracciano,P,,,False,True
32,BATIGOAL,Torriani,P,,,False,True
32,BATIGOAL,Norton-Cuffy,D,,,False,True
32,BATIGOAL,Estupinan,D,5.5,5.0,False,True
32,BATIGOAL,Dossena,D,6.0,6.0,False,True
32,BATIGOAL,Zaccagni,C,,,False,True
32,BATIGOAL,Zambo Anguissa,C,,,False,True
32,BATIGOAL,El Aynaoui,C,7.5,11.0,False,True
32,BATIGOAL,Kilicsoy,A,,,False,True
32,BATIGOAL,Piccoli,A,,,False,True
32,BATIGOAL,Colombo,A,5.5,5.5,False,True
32,BATIGOAL,Djuric,A,,,False,True
32,TEAM DELVECCHIO23,Suzuki,P,6.5,7.5,True,False
32,TEAM DELVECCHIO23,Mancini,D,6.5,6.5,True,False
32,TEAM DELVECCHIO23,Ostigard,D,6.0,6.0,True,False
32,TEAM DELVECCHIO23,N'Dicka,D,6.0,6.0,True,False
32,TEAM DELVECCHIO23,Saelemaekers,C,6.5,6.5,True,False
32,TEAM DELVECCHIO23,Thorstvedt,C,6.0,6.0,True,False
32,TEAM DELVECCHIO23,Pisilli,C,6.0,6.0,True,False
32,TEAM DELVECCHIO23,Zielinski,C,5.5,5.5,True,False
32,TEAM DELVECCHIO23,Scamacca,A,7.5,13.5,True,False
32,TEAM DELVECCHIO23,Pinamonti,A,5.5,5.5,True,False
32,TEAM DELVECCHIO23,Esposito F.P.,A,5.5,5.5,True,False
32,TEAM DELVECCHIO23,De Gea,P,6.0,7.0,False,True
32,TEAM DELVECCHIO23,Corvi,P,,,False,True
32,TEAM DELVECCHIO23,Buongiorno,D,6.0,6.0,False,True
32,TEAM DELVECCHIO23,Celik,D,6.0,6.0,False,True
32,TEAM DELVECCHIO23,Tomori,D,6.5,6.5,False,True
32,TEAM DELVECCHIO23,Kolasinac,D,5.5,5.5,False,True
32,TEAM DELVECCHIO23,Ehizibue,D,7.0,10.0,False,True
32,TEAM DELVECCHIO23,Freuler,C,5.5,5.5,False,True
32,TEAM DELVECCHIO23,Ederson D.S.,C,6.0,6.0,False,True
32,TEAM DELVECCHIO23,Frattesi,C,,,False,True
32,TEAM DELVECCHIO23,Konè M.,C,,,False,True
32,TEAM DELVECCHIO23,Vaz,A,6.0,6.0,False,True
32,TEAM DELVECCHIO23,Rodriguez Je.,A,,,False,True
32,TEAM DELVECCHIO23,Orban G.,A,,,False,True
32,BUSHAOZI,Carnesecchi,P,6.0,3.0,True,False
32,BUSHAOZI,Olivera,D,6.5,6.5,True,False
32,BUSHAOZI,Dumfries,D,,,False,False
32,BUSHAOZI,Belghali,D,6.5,6.5,True,False
32,BUSHAOZI,Gutierrez,D,6.5,6.5,True,False
32,BUSHAOZI,Taylor K.,C,6.0,6.0,True,False
32,BUSHAOZI,Thuram K.,C,6.5,6.5,True,False
32,BUSHAOZI,Paz N.,C,6.5,6.5,True,False
32,BUSHAOZI,Konè I.,C,6.0,6.0,True,False
32,BUSHAOZI,Lobotka,C,6.0,6.0,True,False
32,BUSHAOZI,Krstovic,A,5.5,5.5,True,False
32,BUSHAOZI,Sportiello,P,,,False,True
32,BUSHAOZI,Rossi F.,P,,,False,True
32,BUSHAOZI,Martin,D,,,False,True
32,BUSHAOZI,Walukiewicz,D,6.0,6.0,True,True
32,BUSHAOZI,Marusic,D,,,False,True
32,BUSHAOZI,Ferguson,C,5.0,5.0,False,True
32,BUSHAOZI,Adopo,C,6.5,7.5,False,True
32,BUSHAOZI,Suslov,C,6.0,6.0,False,True
32,BUSHAOZI,Solomon,A,5.5,5.5,False,True
32,BUSHAOZI,Durosinmi,A,,,False,True
32,BUSHAOZI,Moro L.,A,,,False,True
32,BUSHAOZI,Frigan,A,,,False,True
32,BUSHAOZI,Martinez L.,A,,,False,True
32,ZDENEK ZEMAN,Di Gregorio,P,6.0,7.0,True,False
32,ZDENEK ZEMAN,Valeri,D,6.5,6.5,True,False
32,ZDENEK ZEMAN,Kempf,D,6.5,6.0,True,False
32,ZDENEK ZEMAN,Kalulu,D,6.5,6.5,True,False
32,ZDENEK ZEMAN,Rrahmani,D,6.5,6.5,True,False
32,ZDENEK ZEMAN,Politano,C,6.5,6.5,True,False
32,ZDENEK ZEMAN,Bernabè,C,6.5,6.5,True,False
32,ZDENEK ZEMAN,Mandragora,C,5.5,5.0,True,False
32,ZDENEK ZEMAN,Zaniolo,C,6.0,6.0,True,False
32,ZDENEK ZEMAN,Orsolini,C,6.0,6.0,True,False
32,ZDENEK ZEMAN,Boga,A,5.0,4.5,True,False
32,ZDENEK ZEMAN,Nkunku,A,,,False,True
32,ZDENEK ZEMAN,Fullkrug,A,6.0,6.0,False,True
32,ZDENEK ZEMAN,Pedro,A,7.5,11.5,False,True
32,ZDENEK ZEMAN,Moreo,A,5.0,5.0,False,True
32,ZDENEK ZEMAN,Morata,A,,,False,True
32,ZDENEK ZEMAN,Gaetano,C,7.0,7.0,False,True
32,ZDENEK ZEMAN,Malinovskyi,C,5.5,5.5,False,True
32,ZDENEK ZEMAN,Folorunsho,C,6.5,6.5,False,True
32,ZDENEK ZEMAN,Juan Jesus,D,,,False,True
32,ZDENEK ZEMAN,Gatti,D,,,False,True
32,ZDENEK ZEMAN,Maripan,D,,,False,True
32,ZDENEK ZEMAN,Gaspar K.,D,,,False,True
32,ZDENEK ZEMAN,Pinsoglio,P,,,False,True
32,ZDENEK ZEMAN,Perin,P,,,False,True
32,SUMMERED,Svilar,P,6.5,7.5,True,False
32,SUMMERED,Palestra,D,6.0,6.0,True,False
32,SUMMERED,Muharemovic,D,6.0,6.0,True,False
32,SUMMERED,Pavlovic,D,6.5,6.5,True,False
32,SUMMERED,Delprato,D,6.0,6.0,True,False
32,SUMMERED,Vlasic,C,6.5,9.5,True,False
32,SUMMERED,Rabiot,C,6.5,6.5,True,False
32,SUMMERED,Locatelli,C,6.0,5.5,True,False
32,SUMMERED,Baldanzi,C,,,False,False
32,SUMMERED,Malen,A,7.5,12.5,True,False
32,SUMMERED,Pellegrino M.,A,6.0,6.0,True,False
32,SUMMERED,Gollini,P,,,False,True
32,SUMMERED,Zelezny,P,,,False,True
32,SUMMERED,Djimsiti,D,5.0,5.0,False,True
32,SUMMERED,Bisseck,D,7.0,10.0,False,True
32,SUMMERED,Baschirotto,D,5.0,5.0,False,True
32,SUMMERED,Gosens,D,,,False,True
32,SUMMERED,Brescianini,C,,,False,True
32,SUMMERED,Zaragoza,C,,,False,True
32,SUMMERED,Tourè I.,C,5.5,5.5,True,True
32,SUMMERED,Rowe,C,6.0,6.0,False,True
32,SUMMERED,Ferguson E.,A,,,False,True
32,SUMMERED,Vardy,A,,,False,True
32,SUMMERED,Castro S.,A,5.5,5.5,False,True
32,SUMMERED,Dallinga,A,,,False,True
33,CHOWPOUROMA,Bijlow,P,6.5,7.5,True,False
33,CHOWPOUROMA,Tiago Gabriel,D,7.0,7.0,True,False
33,CHOWPOUROMA,Cambiaso,D,6.0,6.0,True,False
33,CHOWPOUROMA,Spinazzola,D,,,False,False
33,CHOWPOUROMA,Nelsson,D,6.0,6.0,True,False
33,CHOWPOUROMA,Calhanoglu,C,,,False,False
33,CHOWPOUROMA,De Roon,C,5.5,5.5,True,False
33,CHOWPOUROMA,Conceicao,C,7.0,7.0,True,False
33,CHOWPOUROMA,Laurientè,A,8.0,12.0,True,False
33,CHOWPOUROMA,Kean,A,,,False,False
33,CHOWPOUROMA,Soulè,A,6.5,6.5,True,False
33,CHOWPOUROMA,Leali,P,,,False,True
33,CHOWPOUROMA,Sommariva,P,,,False,True
33,CHOWPOUROMA,Calabresi,D,,,False,True
33,CHOWPOUROMA,Acerbi,D,,,False,True
33,CHOWPOUROMA,Holm,D,,,False,True
33,CHOWPOUROMA,Gabbia,D,5.0,5.0,True,True
33,CHOWPOUROMA,Mkhitaryan,C,7.0,10.0,True,True
33,CHOWPOUROMA,Bernardeschi,C,6.5,6.5,False,True
33,CHOWPOUROMA,Volpato,C,6.0,5.5,False,True
33,CHOWPOUROMA,Venturino,C,,,False,True
33,CHOWPOUROMA,Mazzitelli,C,,,False,True
33,CHOWPOUROMA,Njie,A,6.0,6.0,True,True
33,CHOWPOUROMA,Sulemana K.,A,,,False,True
33,CHOWPOUROMA,Dia,A,6.5,7.5,False,True
33,TEAM SJ,Sommer,P,6.0,7.0,True,False
33,TEAM SJ,Scalvini,D,6.0,6.0,True,False
33,TEAM SJ,Bremer,D,5.5,5.5,True,False
33,TEAM SJ,Ramon,D,6.5,6.0,True,False
33,TEAM SJ,Hermoso,D,7.5,11.0,True,False
33,TEAM SJ,Cristante,C,6.5,6.5,True,False
33,TEAM SJ,Baturina,C,6.0,6.0,True,False
33,TEAM SJ,Perrone,C,6.0,6.0,True,False
33,TEAM SJ,Raspadori,A,6.0,6.0,True,False
33,TEAM SJ,Douvikas,A,5.0,5.0,True,False
33,TEAM SJ,De Ketelaere,A,6.5,6.5,True,False
33,TEAM SJ,Martinez Jo.,P,,,False,True
33,TEAM SJ,Di Gennaro,P,,,False,True
33,TEAM SJ,Bastoni,D,6.0,6.0,False,True
33,TEAM SJ,Diego Carlos,D,6.0,6.0,False,True
33,TEAM SJ,Bernasconi,D,,,False,True
33,TEAM SJ,Ziolkowski,D,,,False,True
33,TEAM SJ,Elmas,C,,,False,True
33,TEAM SJ,Fagioli,C,4.5,4.5,False,True
33,TEAM SJ,Miretti,C,5.5,5.5,False,True
33,TEAM SJ,Luis Henrique,C,,,False,True
33,TEAM SJ,Vergara,C,,,False,True
33,TEAM SJ,Vitinha O.,A,6.0,6.0,False,True
33,TEAM SJ,Ratkov,A,,,False,True
33,TEAM SJ,Addai,A,,,False,True
33,SUMMERED,Svilar,P,6.0,7.0,True,False
33,SUMMERED,Djimsiti,D,6.0,6.0,True,False
33,SUMMERED,Pavlovic,D,6.0,6.0,True,False
33,SUMMERED,Baschirotto,D,6.0,6.0,True,False
33,SUMMERED,Bisseck,D,6.0,6.0,True,False
33,SUMMERED,Palestra,D,6.0,6.0,True,False
33,SUMMERED,Rabiot,C,5.0,5.0,True,False
33,SUMMERED,Locatelli,C,5.5,5.0,True,False
33,SUMMERED,Vlasic,C,5.5,5.5,True,False
33,SUMMERED,Malen,A,7.0,8.0,True,False
33,SUMMERED,Castro S.,A,5.5,5.0,True,False
33,SUMMERED,Gollini,P,,,False,True
33,SUMMERED,Zelezny,P,,,False,True
33,SUMMERED,Muharemovic,D,6.5,6.5,False,True
33,SUMMERED,Delprato,D,5.5,5.5,False,True
33,SUMMERED,Gosens,D,4.5,4.5,False,True
33,SUMMERED,Rowe,C,6.0,6.0,False,True
33,SUMMERED,Zaragoza,C,,,False,True
33,SUMMERED,Tourè I.,C,6.0,6.0,False,True
33,SUMMERED,Baldanzi,C,,,False,True
33,SUMMERED,Brescianini,C,5.0,5.0,False,True
33,SUMMERED,Pellegrino M.,A,5.0,5.0,False,True
33,SUMMERED,Vardy,A,5.5,5.5,False,True
33,SUMMERED,Ferguson E.,A,,,False,True
33,SUMMERED,Dallinga,A,,,False,True
33,HIGHRIVER,Skorupski,P,,,False,False
33,HIGHRIVER,Dodò,D,4.5,4.5,True,False
33,HIGHRIVER,Dimarco,D,6.5,6.5,True,False
33,HIGHRIVER,Bellanova,D,,,False,False
33,HIGHRIVER,Maldini,C,5.5,5.5,True,False
33,HIGHRIVER,Isaksen,C,7.0,10.0,True,False
33,HIGHRIVER,Loftus-Cheek,C,5.5,5.0,True,False
33,HIGHRIVER,Odgaard,C,5.0,5.0,True,False
33,HIGHRIVER,Yildiz,A,5.5,5.5,True,False
33,HIGHRIVER,Thuram,A,6.5,10.5,True,False
33,HIGHRIVER,Dominguez B.,A,5.5,5.5,True,False
33,HIGHRIVER,Milinkovic-Savic V.,P,7.0,8.0,True,True
33,HIGHRIVER,Ravaglia F.,P,,,False,True
33,HIGHRIVER,Luperto,D,6.0,6.0,True,True
33,HIGHRIVER,Darmian,D,,,False,True
33,HIGHRIVER,Pierotti,C,7.0,7.5,False,True
33,HIGHRIVER,Keita M.,C,5.5,5.5,False,True
33,HIGHRIVER,Ilkhan,C,5.5,5.5,False,True
33,HIGHRIVER,Adams C.,A,,,False,True
33,HIGHRIVER,Milik,A,,,False,True
33,HIGHRIVER,Sernicola,D,,,False,True
33,HIGHRIVER,Ndaba,D,,,False,True
33,GALLIFREY,Butez,P,6.0,7.0,True,False
33,GALLIFREY,Kelly L.,D,6.0,6.0,True,False
33,GALLIFREY,Solet,D,7.0,7.0,True,False
33,GALLIFREY,Vasquez,D,6.5,6.5,True,False
33,GALLIFREY,Akanji,D,6.5,6.5,True,False
33,GALLIFREY,Casadei,C,5.5,5.5,True,False
33,GALLIFREY,Barella,C,7.0,7.0,True,False
33,GALLIFREY,Pulisic,C,5.0,5.0,True,False
33,GALLIFREY,Ekkelenkamp,C,6.5,7.5,True,False
33,GALLIFREY,Hojlund,A,5.5,5.5,True,False
33,GALLIFREY,Dybala,A,6.0,6.0,True,False
33,GALLIFREY,Cavlina,P,,,False,True
33,GALLIFREY,Tornqvist,P,,,False,True
33,GALLIFREY,Valle,D,5.5,5.5,False,True
33,GALLIFREY,Carlos Augusto,D,6.0,6.0,False,True
33,GALLIFREY,Angelino,D,,,False,True
33,GALLIFREY,Marianucci,D,5.5,5.5,False,True
33,GALLIFREY,El Shaarawy,C,6.0,5.5,False,True
33,GALLIFREY,Frendrup,C,6.0,6.0,False,True
33,GALLIFREY,Sucic P.,C,5.5,5.5,False,True
33,GALLIFREY,Strefezza,C,6.5,6.5,False,True
33,GALLIFREY,Esposito Se.,A,6.5,6.5,False,True
33,GALLIFREY,Bonny,A,6.0,6.0,False,True
33,GALLIFREY,Cambiaghi,A,,,False,True
33,GALLIFREY,Lukaku,A,,,False,True
33,TEAM DELVECCHIO23,De Gea,P,6.0,2.0,True,False
33,TEAM DELVECCHIO23,Mancini,D,7.0,11.0,True,False
33,TEAM DELVECCHIO23,Tomori,D,4.5,3.5,True,False
33,TEAM DELVECCHIO23,N'Dicka,D,6.0,6.0,True,False
33,TEAM DELVECCHIO23,Saelemaekers,C,5.5,5.5,True,False
33,TEAM DELVECCHIO23,Thorstvedt,C,7.5,8.5,True,False
33,TEAM DELVECCHIO23,Frattesi,C,,,False,False
33,TEAM DELVECCHIO23,Zielinski,C,6.5,7.0,True,False
33,TEAM DELVECCHIO23,Scamacca,A,5.5,5.5,True,False
33,TEAM DELVECCHIO23,Pinamonti,A,,,False,False
33,TEAM DELVECCHIO23,Esposito F.P.,A,6.0,6.0,True,False
33,TEAM DELVECCHIO23,Suzuki,P,6.0,4.0,False,True
33,TEAM DELVECCHIO23,Corvi,P,,,False,True
33,TEAM DELVECCHIO23,Celik,D,6.5,6.5,False,True
33,TEAM DELVECCHIO23,Ostigard,D,7.0,7.0,False,True
33,TEAM DELVECCHIO23,Buongiorno,D,6.5,6.5,False,True
33,TEAM DELVECCHIO23,Kolasinac,D,,,False,True
33,TEAM DELVECCHIO23,Ehizibue,D,7.0,11.0,False,True
33,TEAM DELVECCHIO23,Pisilli,C,8.0,12.0,True,True
33,TEAM DELVECCHIO23,Konè M.,C,7.0,8.0,False,True
33,TEAM DELVECCHIO23,Ederson D.S.,C,6.0,5.5,False,True
33,TEAM DELVECCHIO23,Freuler,C,6.0,6.0,False,True
33,TEAM DELVECCHIO23,Vaz,A,,,False,True
33,TEAM DELVECCHIO23,Rodriguez Je.,A,,,False,True
33,TEAM DELVECCHIO23,Orban G.,A,,,False,True
33,BUSHAOZI,Carnesecchi,P,6.0,7.0,True,False
33,BUSHAOZI,Marusic,D,6.5,6.5,True,False
33,BUSHAOZI,Dumfries,D,6.0,6.0,True,False
33,BUSHAOZI,Belghali,D,5.5,5.5,True,False
33,BUSHAOZI,Taylor K.,C,5.5,5.5,True,False
33,BUSHAOZI,Thuram K.,C,6.0,6.0,True,False
33,BUSHAOZI,Paz N.,C,6.5,6.5,True,False
33,BUSHAOZI,Konè I.,C,6.5,6.5,True,False
33,BUSHAOZI,Adopo,C,6.0,5.5,True,False
33,BUSHAOZI,Krstovic,A,5.5,5.0,True,False
33,BUSHAOZI,Martinez L.,A,6.5,7.5,True,False
33,BUSHAOZI,Sportiello,P,,,False,True
33,BUSHAOZI,Rossi F.,P,,,False,True
33,BUSHAOZI,Martin,D,,,False,True
33,BUSHAOZI,Olivera,D,,,False,True
33,BUSHAOZI,Gutierrez,D,5.5,5.5,False,True
33,BUSHAOZI,Walukiewicz,D,6.5,6.5,False,True
33,BUSHAOZI,Gila,D,,,False,True
33,BUSHAOZI,Lobotka,C,6.0,6.0,False,True
33,BUSHAOZI,Ferguson,C,,,False,True
33,BUSHAOZI,Suslov,C,6.0,6.0,False,True
33,BUSHAOZI,Solomon,A,5.0,5.0,False,True
33,BUSHAOZI,Durosinmi,A,,,False,True
33,BUSHAOZI,Moro L.,A,,,False,True
33,BUSHAOZI,Frigan,A,,,False,True
33,BATIGOAL,Maignan,P,5.5,3.5,True,False
33,BATIGOAL,Canestrelli,D,6.0,6.0,True,False
33,BATIGOAL,Wesley,D,7.0,10.0,True,False
33,BATIGOAL,Bartesaghi,D,,,False,False
33,BATIGOAL,Zaccagni,C,5.5,5.5,True,False
33,BATIGOAL,Atta,C,6.0,6.0,True,False
33,BATIGOAL,Da Cunha,C,6.5,6.5,True,False
33,BATIGOAL,McTominay,C,5.5,5.5,True,False
33,BATIGOAL,McKennie,C,5.5,5.5,True,False
33,BATIGOAL,Leao,A,5.0,5.0,True,False
33,BATIGOAL,Diao,A,6.0,6.0,True,False
33,BATIGOAL,Terracciano,P,,,False,True
33,BATIGOAL,Torriani,P,,,False,True
33,BATIGOAL,Estupinan,D,5.0,5.0,True,True
33,BATIGOAL,Norton-Cuffy,D,,,False,True
33,BATIGOAL,Vojvoda,D,,,False,True
33,BATIGOAL,Pongracic,D,5.0,4.5,False,True
33,BATIGOAL,Dossena,D,6.0,6.0,False,True
33,BATIGOAL,Santos A.,C,6.0,6.0,False,True
33,BATIGOAL,Zambo Anguissa,C,5.5,5.5,False,True
33,BATIGOAL,Kilicsoy,A,,,False,True
33,BATIGOAL,Colombo,A,5.5,5.5,False,True
33,BATIGOAL,Piccoli,A,,,False,True
33,BATIGOAL,Djuric,A,,,False,True
33,FC MCDONALD,Provedel,P,,,False,False
33,FC MCDONALD,Rensch,D,,,False,False
33,FC MCDONALD,Zappacosta,D,5.5,5.5,True,False
33,FC MCDONALD,Angori,D,6.5,6.5,True,False
33,FC MCDONALD,Pellegrini Lo.,C,,,False,False
33,FC MCDONALD,Zalewski,C,6.0,6.0,True,False
33,FC MCDONALD,Modric,C,,,False,False
33,FC MCDONALD,Gudmundsson A.,C,5.0,5.0,True,False
33,FC MCDONALD,Giovane,A,,,False,False
33,FC MCDONALD,Berardi,A,7.0,11.0,True,False
33,FC MCDONALD,Simeone,A,5.0,5.0,True,False
33,FC MCDONALD,Falcone,P,6.5,5.5,True,True
33,FC MCDONALD,Furlanetto,P,,,False,True
33,FC MCDONALD,Zemura,D,,,False,True
33,FC MCDONALD,Doig,D,,,False,True
33,FC MCDONALD,Vitik,D,,,False,True
33,FC MCDONALD,Van Der Brempt,D,,,False,True
33,FC MCDONALD,Matic,C,6.0,5.5,True,True
33,FC MCDONALD,Zarraga,C,6.0,6.0,True,True
33,FC MCDONALD,Deiola,C,5.5,5.5,False,True
33,FC MCDONALD,Prati,C,6.0,6.0,False,True
33,FC MCDONALD,David,A,5.0,5.0,True,True
33,FC MCDONALD,Kuhn,A,,,False,True
33,FC MCDONALD,Borrelli,A,,,False,True
33,ZDENEK ZEMAN,Di Gregorio,P,6.0,5.0,True,False
33,ZDENEK ZEMAN,Gatti,D,,,False,False
33,ZDENEK ZEMAN,Kempf,D,,,False,False
33,ZDENEK ZEMAN,Kalulu,D,6.0,6.0,True,False
33,ZDENEK ZEMAN,Rrahmani,D,7.0,7.0,True,False
33,ZDENEK ZEMAN,Politano,C,6.5,6.0,True,False
33,ZDENEK ZEMAN,Bernabè,C,6.0,6.0,True,False
33,ZDENEK ZEMAN,Mandragora,C,,,False,False
33,ZDENEK ZEMAN,Zaniolo,C,7.0,7.0,True,False
33,ZDENEK ZEMAN,Orsolini,C,5.5,5.5,True,False
33,ZDENEK ZEMAN,Boga,A,5.5,5.5,True,False
33,ZDENEK ZEMAN,Pedro,A,6.0,6.0,False,True
33,ZDENEK ZEMAN,Nkunku,A,5.5,5.5,False,True
33,ZDENEK ZEMAN,Fullkrug,A,,,False,True
33,ZDENEK ZEMAN,Moreo,A,6.0,6.0,False,True
33,ZDENEK ZEMAN,Morata,A,,,False,True
33,ZDENEK ZEMAN,Gaetano,C,5.5,5.5,True,True
33,ZDENEK ZEMAN,Malinovskyi,C,6.0,6.0,False,True
33,ZDENEK ZEMAN,Folorunsho,C,6.5,6.5,False,True
33,ZDENEK ZEMAN,Juan Jesus,D,,,False,True
33,ZDENEK ZEMAN,Maripan,D,,,False,True
33,ZDENEK ZEMAN,Valeri,D,6.0,6.0,True,True
33,ZDENEK ZEMAN,Gaspar K.,D,,,False,True
33,ZDENEK ZEMAN,Pinsoglio,P,,,False,True
33,ZDENEK ZEMAN,Perin,P,,,False,True
34,TEAM DELVECCHIO23,De Gea,P,6.5,7.5,True,False
34,TEAM DELVECCHIO23,N'Dicka,D,5.0,5.0,True,False
34,TEAM DELVECCHIO23,Mancini,D,5.5,5.5,True,False
34,TEAM DELVECCHIO23,Ostigard,D,6.5,6.5,True,False
34,TEAM DELVECCHIO23,Saelemaekers,C,5.0,4.5,True,False
34,TEAM DELVECCHIO23,Thorstvedt,C,6.5,9.0,True,False
34,TEAM DELVECCHIO23,Konè M.,C,6.0,6.0,True,False
34,TEAM DELVECCHIO23,Zielinski,C,,,False,False
34,TEAM DELVECCHIO23,Scamacca,A,,,False,False
34,TEAM DELVECCHIO23,Pinamonti,A,5.5,5.5,True,False
34,TEAM DELVECCHIO23,Esposito F.P.,A,,,False,False
34,TEAM DELVECCHIO23,Suzuki,P,6.5,3.5,False,True
34,TEAM DELVECCHIO23,Corvi,P,,,False,True
34,TEAM DELVECCHIO23,Ehizibue,D,6.0,5.5,False,True
34,TEAM DELVECCHIO23,Celik,D,6.0,6.0,False,True
34,TEAM DELVECCHIO23,Tomori,D,,,False,True
34,TEAM DELVECCHIO23,Buongiorno,D,5.5,5.5,False,True
34,TEAM DELVECCHIO23,Kolasinac,D,6.5,6.5,False,True
34,TEAM DELVECCHIO23,Pisilli,C,5.5,5.5,True,True
34,TEAM DELVECCHIO23,Frattesi,C,6.0,6.0,False,True
34,TEAM DELVECCHIO23,Ederson D.S.,C,7.5,11.5,False,True
34,TEAM DELVECCHIO23,Freuler,C,5.0,5.0,False,True
34,TEAM DELVECCHIO23,Vaz,A,,,False,True
34,TEAM DELVECCHIO23,Rodriguez Je.,A,6.5,6.5,True,True
34,TEAM DELVECCHIO23,Orban G.,A,,,False,True
34,CHOWPOUROMA,Bijlow,P,6.0,7.0,True,False
34,CHOWPOUROMA,Tiago Gabriel,D,5.0,5.0,True,False
34,CHOWPOUROMA,Cambiaso,D,6.5,7.5,True,False
34,CHOWPOUROMA,Spinazzola,D,5.5,5.5,True,False
34,CHOWPOUROMA,Nelsson,D,5.5,5.5,True,False
34,CHOWPOUROMA,Calhanoglu,C,,,False,False
34,CHOWPOUROMA,De Roon,C,6.0,6.0,True,False
34,CHOWPOUROMA,Conceicao,C,6.0,5.5,True,False
34,CHOWPOUROMA,Laurientè,A,5.5,5.5,True,False
34,CHOWPOUROMA,Kean,A,,,False,False
34,CHOWPOUROMA,Soulè,A,5.5,5.5,True,False
34,CHOWPOUROMA,Leali,P,,,False,True
34,CHOWPOUROMA,Sommariva,P,,,False,True
34,CHOWPOUROMA,Calabresi,D,5.5,5.0,False,True
34,CHOWPOUROMA,Acerbi,D,6.0,6.0,False,True
34,CHOWPOUROMA,Holm,D,6.0,6.0,False,True
34,CHOWPOUROMA,Gabbia,D,5.0,5.0,False,True
34,CHOWPOUROMA,Mkhitaryan,C,7.0,9.5,True,True
34,CHOWPOUROMA,Bernardeschi,C,7.0,9.5,False,True
34,CHOWPOUROMA,Volpato,C,6.5,6.5,False,True
34,CHOWPOUROMA,Venturino,C,6.0,6.0,False,True
34,CHOWPOUROMA,Mazzitelli,C,,,False,True
34,CHOWPOUROMA,Njie,A,5.5,5.5,True,True
34,CHOWPOUROMA,Sulemana K.,A,,,False,True
34,CHOWPOUROMA,Dia,A,5.5,5.5,False,True
34,GALLIFREY,Butez,P,6.0,7.0,True,False
34,GALLIFREY,Kelly L.,D,6.5,6.5,True,False
34,GALLIFREY,Solet,D,6.5,6.5,True,False
34,GALLIFREY,Vasquez,D,,,False,False
34,GALLIFREY,Akanji,D,,,False,False
34,GALLIFREY,Casadei,C,,,False,False
34,GALLIFREY,Barella,C,6.5,6.5,True,False
34,GALLIFREY,El Shaarawy,C,,,False,False
34,GALLIFREY,Esposito Se.,A,6.0,6.0,True,False
34,GALLIFREY,Hojlund,A,6.5,7.5,True,False
34,GALLIFREY,Dybala,A,7.0,8.0,True,False
34,GALLIFREY,Cavlina,P,,,False,True
34,GALLIFREY,Tornqvist,P,,,False,True
34,GALLIFREY,Valle,D,6.0,6.0,True,True
34,GALLIFREY,Carlos Augusto,D,6.5,6.5,True,True
34,GALLIFREY,Angelino,D,,,False,True
34,GALLIFREY,Marianucci,D,5.5,5.0,False,True
34,GALLIFREY,Pulisic,C,,,False,True
34,GALLIFREY,Frendrup,C,6.0,6.0,True,True
34,GALLIFREY,Sucic P.,C,7.0,10.0,True,True
34,GALLIFREY,Strefezza,C,7.0,9.5,False,True
34,GALLIFREY,Ekkelenkamp,C,,,False,True
34,GALLIFREY,Bonny,A,6.5,7.5,False,True
34,GALLIFREY,Cambiaghi,A,,,False,True
34,GALLIFREY,Lukaku,A,,,False,True
34,BUSHAOZI,Carnesecchi,P,7.0,5.0,True,False
34,BUSHAOZI,Martin,D,6.0,6.0,True,False
34,BUSHAOZI,Dumfries,D,6.0,6.0,True,False
34,BUSHAOZI,Belghali,D,6.0,6.0,True,False
34,BUSHAOZI,Taylor K.,C,,,False,False
34,BUSHAOZI,Thuram K.,C,,,False,False
34,BUSHAOZI,Paz N.,C,6.0,6.0,True,False
34,BUSHAOZI,Konè I.,C,6.0,6.0,True,False
34,BUSHAOZI,Adopo,C,5.5,5.5,True,False
34,BUSHAOZI,Krstovic,A,7.0,7.5,True,False
34,BUSHAOZI,Martinez L.,A,7.5,12.5,True,False
34,BUSHAOZI,Sportiello,P,,,False,True
34,BUSHAOZI,Rossi F.,P,,,False,True
34,BUSHAOZI,Walukiewicz,D,6.0,6.0,False,True
34,BUSHAOZI,Marusic,D,5.0,5.0,False,True
34,BUSHAOZI,Gutierrez,D,6.0,6.0,False,True
34,BUSHAOZI,Olivera,D,,,False,True
34,BUSHAOZI,Gila,D,5.5,5.5,False,True
34,BUSHAOZI,Lobotka,C,6.0,6.0,True,True
34,BUSHAOZI,Suslov,C,6.0,6.0,True,True
34,BUSHAOZI,Ferguson,C,6.0,6.0,False,True
34,BUSHAOZI,Solomon,A,6.0,6.0,False,True
34,BUSHAOZI,Durosinmi,A,,,False,True
34,BUSHAOZI,Moro L.,A,,,False,True
34,BUSHAOZI,Frigan,A,,,False,True
34,BATIGOAL,Maignan,P,5.5,2.5,True,False
34,BATIGOAL,Bartesaghi,D,5.0,5.0,True,False
34,BATIGOAL,Wesley,D,5.5,5.5,True,False
34,BATIGOAL,Vojvoda,D,5.5,5.5,True,False
34,BATIGOAL,Santos A.,C,7.0,10.0,True,False
34,BATIGOAL,Atta,C,6.0,6.0,True,False
34,BATIGOAL,Da Cunha,C,6.5,6.5,True,False
34,BATIGOAL,McTominay,C,6.0,6.0,True,False
34,BATIGOAL,McKennie,C,6.0,6.0,True,False
34,BATIGOAL,Leao,A,4.5,4.0,True,False
34,BATIGOAL,Diao,A,5.5,5.5,True,False
34,BATIGOAL,Terracciano,P,,,False,True
34,BATIGOAL,Torriani,P,,,False,True
34,BATIGOAL,Pongracic,D,6.0,6.0,False,True
34,BATIGOAL,Norton-Cuffy,D,,,False,True
34,BATIGOAL,Canestrelli,D,5.0,5.0,False,True
34,BATIGOAL,Estupinan,D,,,False,True
34,BATIGOAL,Dossena,D,6.0,6.0,False,True
34,BATIGOAL,Zaccagni,C,,,False,True
34,BATIGOAL,El Aynaoui,C,6.0,6.0,False,True
34,BATIGOAL,Zambo Anguissa,C,,,False,True
34,BATIGOAL,Colombo,A,5.5,5.5,False,True
34,BATIGOAL,Piccoli,A,5.5,5.5,False,True
34,BATIGOAL,Kilicsoy,A,,,False,True
34,BATIGOAL,Djuric,A,,,False,True
34,SUMMERED,Svilar,P,6.0,4.0,True,False
34,SUMMERED,Gosens,D,6.0,6.0,True,False
34,SUMMERED,Pavlovic,D,6.0,9.0,True,False
34,SUMMERED,Bisseck,D,6.5,6.5,True,False
34,SUMMERED,Palestra,D,5.5,5.5,True,False
34,SUMMERED,Tourè I.,C,5.5,5.5,True,False
34,SUMMERED,Rabiot,C,5.5,5.5,True,False
34,SUMMERED,Locatelli,C,6.0,6.0,True,False
34,SUMMERED,Vlasic,C,6.0,6.0,True,False
34,SUMMERED,Vardy,A,7.0,11.0,True,False
34,SUMMERED,Malen,A,7.5,13.5,True,False
34,SUMMERED,Gollini,P,,,False,True
34,SUMMERED,Zelezny,P,,,False,True
34,SUMMERED,Muharemovic,D,5.0,5.0,False,True
34,SUMMERED,Djimsiti,D,,,False,True
34,SUMMERED,Baschirotto,D,,,False,True
34,SUMMERED,Delprato,D,5.0,5.0,False,True
34,SUMMERED,Rowe,C,7.0,11.0,False,True
34,SUMMERED,Brescianini,C,6.0,6.0,False,True
34,SUMMERED,Baldanzi,C,,,False,True
34,SUMMERED,Zaragoza,C,,,False,True
34,SUMMERED,Castro S.,A,5.5,5.5,False,True
34,SUMMERED,Dallinga,A,,,False,True
34,SUMMERED,Ferguson E.,A,,,False,True
34,SUMMERED,Pellegrino M.,A,6.0,6.0,False,True
34,TEAM SJ,Martinez Jo.,P,6.0,7.0,True,False
34,TEAM SJ,Bremer,D,6.5,6.5,True,False
34,TEAM SJ,Hermoso,D,5.5,5.5,True,False
34,TEAM SJ,Diego Carlos,D,6.0,6.0,True,False
34,TEAM SJ,Baturina,C,6.5,6.5,True,False
34,TEAM SJ,Perrone,C,5.0,5.0,True,False
34,TEAM SJ,Cristante,C,6.0,6.0,True,False
34,TEAM SJ,Fagioli,C,5.5,5.5,True,False
34,TEAM SJ,Raspadori,A,7.0,11.0,True,False
34,TEAM SJ,Douvikas,A,7.0,11.0,True,False
34,TEAM SJ,De Ketelaere,A,6.5,6.5,True,False
34,TEAM SJ,Sommer,P,,,False,True
34,TEAM SJ,Di Gennaro,P,,,False,True
34,TEAM SJ,Scalvini,D,6.0,6.0,False,True
34,TEAM SJ,Bastoni,D,6.0,6.0,False,True
34,TEAM SJ,Ramon,D,,,False,True
34,TEAM SJ,Bernasconi,D,,,False,True
34,TEAM SJ,Ziolkowski,D,,,False,True
34,TEAM SJ,Miretti,C,,,False,True
34,TEAM SJ,Elmas,C,6.0,6.0,False,True
34,TEAM SJ,Luis Henrique,C,6.0,6.0,False,True
34,TEAM SJ,Vergara,C,,,False,True
34,TEAM SJ,Vitinha O.,A,5.5,5.5,False,True
34,TEAM SJ,Ratkov,A,,,False,True
34,TEAM SJ,Addai,A,,,False,True
34,ZDENEK ZEMAN,Di Gregorio,P,6.5,7.5,True,False
34,ZDENEK ZEMAN,Gatti,D,,,False,False
34,ZDENEK ZEMAN,Kempf,D,6.5,7.5,True,False
34,ZDENEK ZEMAN,Kalulu,D,6.0,6.0,True,False
34,ZDENEK ZEMAN,Rrahmani,D,5.5,5.5,True,False
34,ZDENEK ZEMAN,Politano,C,6.0,5.5,True,False
34,ZDENEK ZEMAN,Bernabè,C,,,False,False
34,ZDENEK ZEMAN,Mandragora,C,5.5,5.5,True,False
34,ZDENEK ZEMAN,Zaniolo,C,6.0,6.0,True,False
34,ZDENEK ZEMAN,Gaetano,C,6.0,6.0,True,False
34,ZDENEK ZEMAN,Boga,A,,,False,False
34,ZDENEK ZEMAN,Moreo,A,5.0,5.0,True,True
34,ZDENEK ZEMAN,Pedro,A,5.5,5.5,False,True
34,ZDENEK ZEMAN,Nkunku,A,7.0,9.0,False,True
34,ZDENEK ZEMAN,Fullkrug,A,6.0,6.0,False,True
34,ZDENEK ZEMAN,Morata,A,,,False,True
34,ZDENEK ZEMAN,Malinovskyi,C,6.0,6.0,True,True
34,ZDENEK ZEMAN,Orsolini,C,7.0,9.0,False,True
34,ZDENEK ZEMAN,Folorunsho,C,6.0,6.0,False,True
34,ZDENEK ZEMAN,Juan Jesus,D,,,False,True
34,ZDENEK ZEMAN,Maripan,D,,,False,True
34,ZDENEK ZEMAN,Valeri,D,6.5,6.5,True,True
34,ZDENEK ZEMAN,Gaspar K.,D,,,False,True
34,ZDENEK ZEMAN,Pinsoglio,P,,,False,True
34,ZDENEK ZEMAN,Perin,P,,,False,True
34,HIGHRIVER,Skorupski,P,,,False,False
34,HIGHRIVER,Dodò,D,6.0,6.0,True,False
34,HIGHRIVER,Dimarco,D,,,False,False
34,HIGHRIVER,Bellanova,D,5.5,5.0,True,False
34,HIGHRIVER,Maldini,C,,,False,False
34,HIGHRIVER,Isaksen,C,6.0,6.0,True,False
34,HIGHRIVER,Loftus-Cheek,C,5.0,5.0,True,False
34,HIGHRIVER,Odgaard,C,,,False,False
34,HIGHRIVER,Yildiz,A,6.0,6.0,True,False
34,HIGHRIVER,Thuram,A,7.0,8.0,True,False
34,HIGHRIVER,Dominguez B.,A,,,False,False
34,HIGHRIVER,Milinkovic-Savic V.,P,5.5,2.5,True,True
34,HIGHRIVER,Ravaglia F.,P,,,False,True
34,HIGHRIVER,Luperto,D,6.5,6.5,True,True
34,HIGHRIVER,Darmian,D,,,False,True
34,HIGHRIVER,Pierotti,C,5.5,5.5,True,True
34,HIGHRIVER,Keita M.,C,7.0,10.0,True,True
34,HIGHRIVER,Ilkhan,C,6.5,6.5,False,True
34,HIGHRIVER,Adams C.,A,,,False,True
34,HIGHRIVER,Milik,A,,,False,True
34,HIGHRIVER,Sernicola,D,,,False,True
34,HIGHRIVER,Ndaba,D,,,False,True
34,FC MCDONALD,Provedel,P,,,False,False
34,FC MCDONALD,Rensch,D,7.5,10.5,True,False
34,FC MCDONALD,Zappacosta,D,7.0,10.0,True,False
34,FC MCDONALD,Angori,D,6.0,6.0,True,False
34,FC MCDONALD,Pellegrini Lo.,C,,,False,False
34,FC MCDONALD,Zalewski,C,6.5,6.5,True,False
34,FC MCDONALD,Modric,C,,,False,False
34,FC MCDONALD,Gudmundsson A.,C,,,False,False
34,FC MCDONALD,Giovane,A,6.5,6.5,True,False
34,FC MCDONALD,Berardi,A,6.0,6.0,True,False
34,FC MCDONALD,Simeone,A,7.0,10.0,True,False
34,FC MCDONALD,Falcone,P,6.5,5.5,True,True
34,FC MCDONALD,Furlanetto,P,,,False,True
34,FC MCDONALD,Zemura,D,,,False,True
34,FC MCDONALD,Doig,D,5.5,5.5,False,True
34,FC MCDONALD,Vitik,D,,,False,True
34,FC MCDONALD,Van Der Brempt,D,,,False,True
34,FC MCDONALD,Matic,C,6.0,6.0,True,True
34,FC MCDONALD,Zarraga,C,,,False,True
34,FC MCDONALD,Deiola,C,,,False,True
34,FC MCDONALD,Prati,C,5.5,5.0,True,True
34,FC MCDONALD,David,A,,,False,True
34,FC MCDONALD,Kuhn,A,,,False,True
34,FC MCDONALD,Borrelli,A,,,False,True
35,CHOWPOUROMA,Bijlow,P,5.5,3.0,True,False
35,CHOWPOUROMA,Tiago Gabriel,D,5.5,5.0,True,False
35,CHOWPOUROMA,Cambiaso,D,5.5,5.5,True,False
35,CHOWPOUROMA,Spinazzola,D,6.0,6.0,True,False
35,CHOWPOUROMA,Nelsson,D,6.5,6.5,True,False
35,CHOWPOUROMA,Mkhitaryan,C,5.5,5.5,True,False
35,CHOWPOUROMA,De Roon,C,6.0,6.0,True,False
35,CHOWPOUROMA,Conceicao,C,6.0,6.0,True,False
35,CHOWPOUROMA,Volpato,C,5.0,5.0,True,False
35,CHOWPOUROMA,Laurientè,A,7.0,10.0,True,False
35,CHOWPOUROMA,Soulè,A,6.0,6.0,True,False
35,CHOWPOUROMA,Leali,P,,,False,True
35,CHOWPOUROMA,Sommariva,P,,,False,True
35,CHOWPOUROMA,Holm,D,,,False,True
35,CHOWPOUROMA,Acerbi,D,6.0,6.0,False,True
35,CHOWPOUROMA,Calabresi,D,5.0,4.5,False,True
35,CHOWPOUROMA,Gabbia,D,6.0,5.5,False,True
35,CHOWPOUROMA,Calhanoglu,C,,,False,True
35,CHOWPOUROMA,Bernardeschi,C,5.5,5.5,False,True
35,CHOWPOUROMA,Venturino,C,,,False,True
35,CHOWPOUROMA,Mazzitelli,C,,,False,True
35,CHOWPOUROMA,Kean,A,,,False,True
35,CHOWPOUROMA,Sulemana K.,A,5.5,5.5,False,True
35,CHOWPOUROMA,Njie,A,,,False,True
35,CHOWPOUROMA,Dia,A,5.5,5.5,False,True
35,FC MCDONALD,Provedel,P,,,False,False
35,FC MCDONALD,Rensch,D,6.0,6.0,True,False
35,FC MCDONALD,Zappacosta,D,5.5,5.5,True,False
35,FC MCDONALD,Angori,D,5.0,5.0,True,False
35,FC MCDONALD,Pellegrini Lo.,C,,,False,False
35,FC MCDONALD,Zalewski,C,5.5,5.5,True,False
35,FC MCDONALD,Modric,C,,,False,False
35,FC MCDONALD,Gudmundsson A.,C,6.0,5.5,True,False
35,FC MCDONALD,Giovane,A,,,False,False
35,FC MCDONALD,Berardi,A,6.5,6.5,True,False
35,FC MCDONALD,Simeone,A,5.0,5.0,True,False
35,FC MCDONALD,Falcone,P,6.0,4.0,True,True
35,FC MCDONALD,Furlanetto,P,6.5,4.5,False,True
35,FC MCDONALD,Zemura,D,5.5,5.5,False,True
35,FC MCDONALD,Doig,D,,,False,True
35,FC MCDONALD,Vitik,D,,,False,True
35,FC MCDONALD,Van Der Brempt,D,6.0,6.0,False,True
35,FC MCDONALD,Matic,C,5.5,5.5,True,True
35,FC MCDONALD,Zarraga,C,,,False,True
35,FC MCDONALD,Deiola,C,6.0,6.0,True,True
35,FC MCDONALD,Prati,C,5.5,6.0,False,True
35,FC MCDONALD,David,A,,,False,True
35,FC MCDONALD,Kuhn,A,,,False,True
35,FC MCDONALD,Borrelli,A,,,False,True
35,TEAM SJ,Sommer,P,6.5,7.5,True,False
35,TEAM SJ,Bastoni,D,,,False,False
35,TEAM SJ,Bremer,D,6.0,5.5,True,False
35,TEAM SJ,Ramon,D,6.5,6.0,True,False
35,TEAM SJ,Luis Henrique,C,5.5,5.5,True,False
35,TEAM SJ,Perrone,C,6.5,6.5,True,False
35,TEAM SJ,Baturina,C,6.5,6.5,True,False
35,TEAM SJ,Elmas,C,6.5,7.0,True,False
35,TEAM SJ,Raspadori,A,5.5,5.5,True,False
35,TEAM SJ,Douvikas,A,6.0,6.0,True,False
35,TEAM SJ,De Ketelaere,A,6.0,6.0,True,False
35,TEAM SJ,Martinez Jo.,P,,,False,True
35,TEAM SJ,Di Gennaro,P,6.0,5.0,False,True
35,TEAM SJ,Hermoso,D,6.5,6.0,True,True
35,TEAM SJ,Diego Carlos,D,,,False,True
35,TEAM SJ,Ziolkowski,D,,,False,True
35,TEAM SJ,Scalvini,D,5.5,5.5,False,True
35,TEAM SJ,Bernasconi,D,,,False,True
35,TEAM SJ,Vergara,C,,,False,True
35,TEAM SJ,Cristante,C,6.5,6.5,False,True
35,TEAM SJ,Fagioli,C,6.5,6.5,False,True
35,TEAM SJ,Miretti,C,,,False,True
35,TEAM SJ,Vitinha O.,A,6.0,5.5,False,True
35,TEAM SJ,Ratkov,A,,,False,True
35,TEAM SJ,Addai,A,,,False,True
35,BATIGOAL,Maignan,P,6.5,5.5,True,False
35,BATIGOAL,Bartesaghi,D,6.0,6.0,True,False
35,BATIGOAL,Wesley,D,5.0,4.0,True,False
35,BATIGOAL,Vojvoda,D,,,False,False
35,BATIGOAL,Santos A.,C,6.0,5.5,True,False
35,BATIGOAL,El Aynaoui,C,6.0,6.0,True,False
35,BATIGOAL,Da Cunha,C,6.5,6.5,True,False
35,BATIGOAL,McTominay,C,7.0,11.0,True,False
35,BATIGOAL,McKennie,C,5.5,5.5,True,False
35,BATIGOAL,Diao,A,5.5,5.5,True,False
35,BATIGOAL,Colombo,A,5.5,5.5,True,False
35,BATIGOAL,Terracciano,P,,,False,True
35,BATIGOAL,Torriani,P,,,False,True
35,BATIGOAL,Dossena,D,6.0,6.0,True,True
35,BATIGOAL,Canestrelli,D,5.5,5.5,False,True
35,BATIGOAL,Pongracic,D,7.0,6.5,False,True
35,BATIGOAL,Zambo Anguissa,C,,,False,True
35,BATIGOAL,Atta,C,5.0,5.0,False,True
35,BATIGOAL,Piccoli,A,6.0,6.0,False,True
35,BATIGOAL,Kilicsoy,A,,,False,True
35,BATIGOAL,Djuric,A,,,False,True
35,HIGHRIVER,Skorupski,P,6.5,7.5,True,False
35,HIGHRIVER,Dodò,D,6.5,6.5,True,False
35,HIGHRIVER,Dimarco,D,5.5,5.5,True,False
35,HIGHRIVER,Bellanova,D,,,False,False
35,HIGHRIVER,Maldini,C,5.5,5.5,True,False
35,HIGHRIVER,Isaksen,C,5.5,5.5,True,False
35,HIGHRIVER,Loftus-Cheek,C,,,False,False
35,HIGHRIVER,Odgaard,C,,,False,False
35,HIGHRIVER,Yildiz,A,5.5,5.5,True,False
35,HIGHRIVER,Thuram,A,,,False,False
35,HIGHRIVER,Dominguez B.,A,,,False,False
35,HIGHRIVER,Milinkovic-Savic V.,P,,,False,True
35,HIGHRIVER,Ravaglia F.,P,,,False,True
35,HIGHRIVER,Luperto,D,6.5,6.5,True,True
35,HIGHRIVER,Darmian,D,6.0,6.0,False,True
35,HIGHRIVER,Pierotti,C,5.5,5.5,True,True
35,HIGHRIVER,Keita M.,C,6.0,6.0,True,True
35,HIGHRIVER,Ilkhan,C,5.5,5.5,False,True
35,HIGHRIVER,Adams C.,A,5.5,5.5,True,True
35,HIGHRIVER,Milik,A,,,False,True
35,HIGHRIVER,Sernicola,D,,,False,True
35,HIGHRIVER,Ndaba,D,,,False,True
35,BUSHAOZI,Carnesecchi,P,6.5,5.5,True,False
35,BUSHAOZI,Gutierrez,D,,,False,False
35,BUSHAOZI,Dumfries,D,,,False,False
35,BUSHAOZI,Belghali,D,6.0,6.0,True,False
35,BUSHAOZI,Olivera,D,6.0,6.0,True,False
35,BUSHAOZI,Taylor K.,C,5.5,5.0,True,False
35,BUSHAOZI,Thuram K.,C,5.5,5.5,True,False
35,BUSHAOZI,Lobotka,C,6.5,6.5,True,False
35,BUSHAOZI,Konè I.,C,5.5,5.5,True,False
35,BUSHAOZI,Krstovic,A,5.0,5.0,True,False
35,BUSHAOZI,Martinez L.,A,5.5,5.5,True,False
35,BUSHAOZI,Sportiello,P,,,False,True
35,BUSHAOZI,Rossi F.,P,,,False,True
35,BUSHAOZI,Martin,D,,,False,True
35,BUSHAOZI,Marusic,D,5.5,5.5,True,True
35,BUSHAOZI,Gila,D,5.5,5.5,True,True
35,BUSHAOZI,Walukiewicz,D,,,False,True
35,BUSHAOZI,Ferguson,C,5.5,5.5,False,True
35,BUSHAOZI,Adopo,C,6.0,6.0,False,True
35,BUSHAOZI,Suslov,C,5.5,5.5,False,True
35,BUSHAOZI,Paz N.,C,,,False,True
35,BUSHAOZI,Solomon,A,6.5,7.5,False,True
35,BUSHAOZI,Durosinmi,A,,,False,True
35,BUSHAOZI,Moro L.,A,,,False,True
35,BUSHAOZI,Frigan,A,,,False,True
35,TEAM DELVECCHIO23,Suzuki,P,7.0,6.0,True,False
35,TEAM DELVECCHIO23,N'Dicka,D,6.0,6.0,True,False
35,TEAM DELVECCHIO23,Mancini,D,8.0,15.0,True,False
35,TEAM DELVECCHIO23,Celik,D,6.0,6.0,True,False
35,TEAM DELVECCHIO23,Freuler,C,6.0,6.0,True,False
35,TEAM DELVECCHIO23,Thorstvedt,C,6.0,6.0,True,False
35,TEAM DELVECCHIO23,Pisilli,C,6.5,7.5,True,False
35,TEAM DELVECCHIO23,Zielinski,C,6.0,6.0,True,False
35,TEAM DELVECCHIO23,Ederson D.S.,C,6.0,6.0,True,False
35,TEAM DELVECCHIO23,Esposito F.P.,A,5.5,5.5,True,False
35,TEAM DELVECCHIO23,Pinamonti,A,7.0,10.0,True,False
35,TEAM DELVECCHIO23,Corvi,P,,,False,True
35,TEAM DELVECCHIO23,De Gea,P,7.0,8.0,False,True
35,TEAM DELVECCHIO23,Buongiorno,D,5.5,5.5,False,True
35,TEAM DELVECCHIO23,Tomori,D,6.0,5.5,False,True
35,TEAM DELVECCHIO23,Kolasinac,D,,,False,True
35,TEAM DELVECCHIO23,Konè M.,C,,,False,True
35,TEAM DELVECCHIO23,Frattesi,C,,,False,True
35,TEAM DELVECCHIO23,Ehizibue,D,,,False,True
35,TEAM DELVECCHIO23,Scamacca,A,,,False,True
35,TEAM DELVECCHIO23,Rodriguez Je.,A,7.0,8.0,False,True
35,TEAM DELVECCHIO23,Vaz,A,,,False,True
35,TEAM DELVECCHIO23,Orban G.,A,,,False,True
35,TEAM DELVECCHIO23,Ostigard,D,,,False,True
35,TEAM DELVECCHIO23,Saelemaekers,C,,,False,True
35,SUMMERED,Svilar,P,6.0,7.0,True,False
35,SUMMERED,Muharemovic,D,5.5,5.0,True,False
35,SUMMERED,Pavlovic,D,6.0,6.0,True,False
35,SUMMERED,Bisseck,D,,,False,False
35,SUMMERED,Palestra,D,6.5,6.5,True,False
35,SUMMERED,Rabiot,C,6.0,6.0,True,False
35,SUMMERED,Locatelli,C,5.5,5.5,True,False
35,SUMMERED,Vlasic,C,5.5,5.5,True,False
35,SUMMERED,Vardy,A,7.0,11.0,True,False
35,SUMMERED,Malen,A,6.5,6.5,True,False
35,SUMMERED,Castro S.,A,5.5,5.5,True,False
35,SUMMERED,Gollini,P,,,False,True
35,SUMMERED,Zelezny,P,,,False,True
35,SUMMERED,Djimsiti,D,6.0,6.0,True,True
35,SUMMERED,Gosens,D,5.5,5.5,False,True
35,SUMMERED,Delprato,D,5.5,5.5,False,True
35,SUMMERED,Baschirotto,D,,,False,True
35,SUMMERED,Rowe,C,6.5,7.5,False,True
35,SUMMERED,Baldanzi,C,6.0,6.0,False,True
35,SUMMERED,Tourè I.,C,5.5,5.5,False,True
35,SUMMERED,Brescianini,C,6.0,6.0,False,True
35,SUMMERED,Zaragoza,C,,,False,True
35,SUMMERED,Pellegrino M.,A,5.5,5.5,False,True
35,SUMMERED,Dallinga,A,6.0,6.0,False,True
35,SUMMERED,Ferguson E.,A,,,False,True
35,ZDENEK ZEMAN,Di Gregorio,P,5.5,3.5,True,False
35,ZDENEK ZEMAN,Gatti,D,,,False,False
35,ZDENEK ZEMAN,Kempf,D,6.5,6.5,True,False
35,ZDENEK ZEMAN,Kalulu,D,5.5,5.5,True,False
35,ZDENEK ZEMAN,Rrahmani,D,7.0,10.0,True,False
35,ZDENEK ZEMAN,Orsolini,C,7.0,11.0,True,False
35,ZDENEK ZEMAN,Folorunsho,C,6.0,6.0,True,False
35,ZDENEK ZEMAN,Mandragora,C,7.0,10.0,True,False
35,ZDENEK ZEMAN,Zaniolo,C,,,False,False
35,ZDENEK ZEMAN,Gaetano,C,6.5,7.5,True,False
35,ZDENEK ZEMAN,Nkunku,A,7.0,9.0,True,False
35,ZDENEK ZEMAN,Boga,A,6.0,6.0,False,True
35,ZDENEK ZEMAN,Fullkrug,A,6.0,6.0,False,True
35,ZDENEK ZEMAN,Moreo,A,5.5,5.5,False,True
35,ZDENEK ZEMAN,Pedro,A,,,False,True
35,ZDENEK ZEMAN,Morata,A,,,False,True
35,ZDENEK ZEMAN,Politano,C,,,False,True
35,ZDENEK ZEMAN,Bernabè,C,,,False,True
35,ZDENEK ZEMAN,Malinovskyi,C,5.5,5.5,True,True
35,ZDENEK ZEMAN,Juan Jesus,D,,,False,True
35,ZDENEK ZEMAN,Maripan,D,6.0,5.5,True,True
35,ZDENEK ZEMAN,Valeri,D,6.0,6.0,False,True
35,ZDENEK ZEMAN,Gaspar K.,D,,,False,True
35,ZDENEK ZEMAN,Pinsoglio,P,,,False,True
35,ZDENEK ZEMAN,Perin,P,,,False,True
35,GALLIFREY,Butez,P,6.5,7.5,True,False
35,GALLIFREY,Kelly L.,D,6.0,6.0,True,False
35,GALLIFREY,Solet,D,6.5,6.5,True,False
35,GALLIFREY,Vasquez,D,7.0,10.0,True,False
35,GALLIFREY,Carlos Augusto,D,5.5,5.5,True,False
35,GALLIFREY,Casadei,C,6.0,6.0,True,False
35,GALLIFREY,Barella,C,,,False,False
35,GALLIFREY,Sucic P.,C,6.5,6.5,True,False
35,GALLIFREY,Esposito Se.,A,7.0,10.0,True,False
35,GALLIFREY,Hojlund,A,7.5,11.5,True,False
35,GALLIFREY,Dybala,A,7.0,8.0,True,False
35,GALLIFREY,Cavlina,P,,,False,True
35,GALLIFREY,Tornqvist,P,,,False,True
35,GALLIFREY,Akanji,D,,,False,True
35,GALLIFREY,Angelino,D,,,False,True
35,GALLIFREY,Marianucci,D,5.5,5.5,False,True
35,GALLIFREY,Valle,D,,,False,True
35,GALLIFREY,El Shaarawy,C,6.0,5.5,True,True
35,GALLIFREY,Frendrup,C,6.0,6.0,False,True
35,GALLIFREY,Pulisic,C,6.5,7.5,False,True
35,GALLIFREY,Strefezza,C,5.0,5.0,False,True
35,GALLIFREY,Ekkelenkamp,C,,,False,True
35,GALLIFREY,Bonny,A,6.5,6.5,False,True
35,GALLIFREY,Cambiaghi,A,,,False,True
35,GALLIFREY,Lukaku,A,,,False,True
36,SUMMERED,Svilar,P,6.5,7.5,True,False
36,SUMMERED,Gosens,D,6.0,6.0,True,False
36,SUMMERED,Pavlovic,D,5.5,5.0,True,False
36,SUMMERED,Delprato,D,,,False,False
36,SUMMERED,Rowe,C,6.5,6.5,True,False
36,SUMMERED,Rabiot,C,5.5,5.5,True,False
36,SUMMERED,Locatelli,C,5.5,5.5,True,False
36,SUMMERED,Brescianini,C,6.5,7.5,True,False
36,SUMMERED,Castro S.,A,5.5,5.5,True,False
36,SUMMERED,Malen,A,6.5,8.5,True,False
36,SUMMERED,Pellegrino M.,A,7.0,11.0,True,False
36,SUMMERED,Gollini,P,,,False,True
36,SUMMERED,Zelezny,P,,,False,True
36,SUMMERED,Bisseck,D,5.5,5.5,True,True
36,SUMMERED,Muharemovic,D,,,False,True
36,SUMMERED,Djimsiti,D,6.0,6.0,False,True
36,SUMMERED,Palestra,D,6.5,6.5,False,True
36,SUMMERED,Baschirotto,D,,,False,True
36,SUMMERED,Vlasic,C,6.0,6.0,False,True
36,SUMMERED,Baldanzi,C,,,False,True
36,SUMMERED,Tourè I.,C,,,False,True
36,SUMMERED,Zaragoza,C,,,False,True
36,SUMMERED,Vardy,A,6.0,5.5,False,True
36,SUMMERED,Dallinga,A,,,False,True
36,SUMMERED,Ferguson E.,A,,,False,True
36,CHOWPOUROMA,Bijlow,P,,,False,False
36,CHOWPOUROMA,Tiago Gabriel,D,6.5,6.0,True,False
36,CHOWPOUROMA,Cambiaso,D,5.5,5.5,True,False
36,CHOWPOUROMA,Spinazzola,D,,,False,False
36,CHOWPOUROMA,Nelsson,D,5.5,5.5,True,False
36,CHOWPOUROMA,Mkhitaryan,C,6.0,5.5,True,False
36,CHOWPOUROMA,De Roon,C,6.0,6.0,True,False
36,CHOWPOUROMA,Conceicao,C,6.5,7.5,True,False
36,CHOWPOUROMA,Volpato,C,,,False,False
36,CHOWPOUROMA,Laurientè,A,5.0,5.0,True,False
36,CHOWPOUROMA,Soulè,A,6.0,6.0,True,False
36,CHOWPOUROMA,Leali,P,6.5,5.5,True,True
36,CHOWPOUROMA,Sommariva,P,,,False,True
36,CHOWPOUROMA,Holm,D,5.5,5.5,True,True
36,CHOWPOUROMA,Acerbi,D,,,False,True
36,CHOWPOUROMA,Calabresi,D,5.5,5.5,False,True
36,CHOWPOUROMA,Gabbia,D,5.5,5.5,False,True
36,CHOWPOUROMA,Calhanoglu,C,,,False,True
36,CHOWPOUROMA,Bernardeschi,C,7.0,10.0,True,True
36,CHOWPOUROMA,Venturino,C,,,False,True
36,CHOWPOUROMA,Mazzitelli,C,,,False,True
36,CHOWPOUROMA,Kean,A,,,False,True
36,CHOWPOUROMA,Sulemana K.,A,6.5,6.0,False,True
36,CHOWPOUROMA,Njie,A,6.5,6.5,False,True
36,CHOWPOUROMA,Dia,A,6.0,6.0,False,True
36,FC MCDONALD,Provedel,P,,,False,False
36,FC MCDONALD,Rensch,D,6.5,6.5,True,False
36,FC MCDONALD,Zappacosta,D,6.5,6.5,True,False
36,FC MCDONALD,Angori,D,5.0,5.0,True,False
36,FC MCDONALD,Prati,C,6.5,6.5,True,False
36,FC MCDONALD,Zalewski,C,,,False,False
36,FC MCDONALD,Matic,C,6.0,6.0,True,False
36,FC MCDONALD,Gudmundsson A.,C,6.0,6.0,True,False
36,FC MCDONALD,David,A,5.5,5.5,True,False
36,FC MCDONALD,Berardi,A,6.0,6.0,True,False
36,FC MCDONALD,Kuhn,A,,,False,False
36,FC MCDONALD,Falcone,P,6.5,7.5,True,True
36,FC MCDONALD,Furlanetto,P,6.5,5.5,False,True
36,FC MCDONALD,Di Lorenzo,D,6.5,6.5,False,True
36,FC MCDONALD,Zemura,D,5.5,5.5,False,True
36,FC MCDONALD,Doig,D,,,False,True
36,FC MCDONALD,Vitik,D,,,False,True
36,FC MCDONALD,Van Der Brempt,D,6.5,6.5,False,True
36,FC MCDONALD,Zarraga,C,,,False,True
36,FC MCDONALD,Deiola,C,6.5,6.5,True,True
36,FC MCDONALD,Modric,C,6.0,6.0,False,True
36,FC MCDONALD,Pellegrini Lo.,C,,,False,True
36,FC MCDONALD,Borrelli,A,7.0,10.0,True,True
36,FC MCDONALD,Giovane,A,,,False,True
36,FC MCDONALD,Simeone,A,6.0,6.0,False,True
36,TEAM DELVECCHIO23,Suzuki,P,,,False,False
36,TEAM DELVECCHIO23,Tomori,D,5.0,5.0,True,False
36,TEAM DELVECCHIO23,Mancini,D,6.5,6.5,True,False
36,TEAM DELVECCHIO23,Celik,D,6.5,6.5,True,False
36,TEAM DELVECCHIO23,Pisilli,C,6.0,6.0,True,False
36,TEAM DELVECCHIO23,Zielinski,C,5.0,3.0,True,False
36,TEAM DELVECCHIO23,Konè M.,C,6.0,6.0,True,False
36,TEAM DELVECCHIO23,Thorstvedt,C,5.5,5.0,True,False
36,TEAM DELVECCHIO23,Saelemaekers,C,7.0,10.0,True,False
36,TEAM DELVECCHIO23,Pinamonti,A,5.5,5.5,True,False
36,TEAM DELVECCHIO23,Esposito F.P.,A,6.5,9.5,True,False
36,TEAM DELVECCHIO23,De Gea,P,,,False,True
36,TEAM DELVECCHIO23,Corvi,P,6.5,7.5,True,True
36,TEAM DELVECCHIO23,Ostigard,D,,,False,True
36,TEAM DELVECCHIO23,Kolasinac,D,,,False,True
36,TEAM DELVECCHIO23,Buongiorno,D,,,False,True
36,TEAM DELVECCHIO23,Ehizibue,D,5.5,5.5,False,True
36,TEAM DELVECCHIO23,Frattesi,C,,,False,True
36,TEAM DELVECCHIO23,Freuler,C,6.0,6.0,False,True
36,TEAM DELVECCHIO23,Ederson D.S.,C,,,False,True
36,TEAM DELVECCHIO23,Rodriguez Je.,A,7.5,11.0,False,True
36,TEAM DELVECCHIO23,Scamacca,A,,,False,True
36,TEAM DELVECCHIO23,Vaz,A,,,False,True
36,TEAM DELVECCHIO23,Orban G.,A,,,False,True
36,TEAM DELVECCHIO23,N'Dicka,D,,,False,True
36,BUSHAOZI,Carnesecchi,P,,,False,False
36,BUSHAOZI,Gutierrez,D,6.5,6.5,True,False
36,BUSHAOZI,Dumfries,D,,,False,False
36,BUSHAOZI,Belghali,D,6.0,6.0,True,False
36,BUSHAOZI,Olivera,D,6.5,6.5,True,False
36,BUSHAOZI,Taylor K.,C,,,False,False
36,BUSHAOZI,Thuram K.,C,6.0,7.0,True,False
36,BUSHAOZI,Lobotka,C,6.0,6.0,True,False
36,BUSHAOZI,Konè I.,C,6.5,6.5,True,False
36,BUSHAOZI,Krstovic,A,,,False,False
36,BUSHAOZI,Martinez L.,A,5.5,5.0,True,False
36,BUSHAOZI,Sportiello,P,5.5,4.5,True,True
36,BUSHAOZI,Rossi F.,P,,,False,True
36,BUSHAOZI,Martin,D,6.0,6.0,True,True
36,BUSHAOZI,Marusic,D,5.5,5.5,False,True
36,BUSHAOZI,Gila,D,5.5,5.0,False,True
36,BUSHAOZI,Walukiewicz,D,,,False,True
36,BUSHAOZI,Ferguson,C,6.0,6.0,True,True
36,BUSHAOZI,Adopo,C,6.5,6.5,False,True
36,BUSHAOZI,Suslov,C,6.5,6.5,False,True
36,BUSHAOZI,Paz N.,C,,,False,True
36,BUSHAOZI,Solomon,A,,,False,True
36,BUSHAOZI,Durosinmi,A,,,False,True
36,BUSHAOZI,Moro L.,A,,,False,True
36,BUSHAOZI,Frigan,A,,,False,True
36,TEAM SJ,Martinez Jo.,P,5.5,2.5,True,False
36,TEAM SJ,Hermoso,D,6.5,6.5,True,False
36,TEAM SJ,Ramon,D,5.5,5.5,True,False
36,TEAM SJ,Bastoni,D,,,False,False
36,TEAM SJ,Baturina,C,6.0,6.0,True,False
36,TEAM SJ,Cristante,C,6.0,6.0,True,False
36,TEAM SJ,Perrone,C,6.5,6.5,True,False
36,TEAM SJ,Luis Henrique,C,6.0,6.0,True,False
36,TEAM SJ,Raspadori,A,6.0,6.0,True,False
36,TEAM SJ,Douvikas,A,7.0,11.0,True,False
36,TEAM SJ,De Ketelaere,A,6.0,6.0,True,False
36,TEAM SJ,Sommer,P,,,False,True
36,TEAM SJ,Di Gennaro,P,,,False,True
36,TEAM SJ,Diego Carlos,D,,,False,True
36,TEAM SJ,Scalvini,D,6.0,6.0,True,True
36,TEAM SJ,Ziolkowski,D,5.5,5.0,False,True
36,TEAM SJ,Vergara,C,,,False,True
36,TEAM SJ,Fagioli,C,,,False,True
36,TEAM SJ,Miretti,C,5.5,5.5,False,True
36,TEAM SJ,Elmas,C,5.5,5.5,False,True
36,TEAM SJ,Ratkov,A,,,False,True
36,TEAM SJ,Addai,A,,,False,True
36,TEAM SJ,Bernasconi,D,,,False,True
36,TEAM SJ,Bremer,D,,,False,True
36,TEAM SJ,Vitinha O.,A,,,False,True
36,BATIGOAL,Maignan,P,7.0,4.5,True,False
36,BATIGOAL,Bartesaghi,D,5.5,5.5,True,False
36,BATIGOAL,Norton-Cuffy,D,6.0,6.0,True,False
36,BATIGOAL,Vojvoda,D,,,False,False
36,BATIGOAL,Santos A.,C,,,False,False
36,BATIGOAL,El Aynaoui,C,6.0,6.0,True,False
36,BATIGOAL,Da Cunha,C,8.0,13.0,True,False
36,BATIGOAL,McTominay,C,5.5,5.5,True,False
36,BATIGOAL,McKennie,C,6.0,6.0,True,False
36,BATIGOAL,Diao,A,6.5,6.5,True,False
36,BATIGOAL,Leao,A,6.0,6.0,True,False
36,BATIGOAL,Terracciano,P,,,False,True
36,BATIGOAL,Torriani,P,,,False,True
36,BATIGOAL,Estupinan,D,,,False,True
36,BATIGOAL,Canestrelli,D,6.0,6.0,True,True
36,BATIGOAL,Dossena,D,6.0,6.0,False,True
36,BATIGOAL,Pongracic,D,6.0,6.0,False,True
36,BATIGOAL,Zambo Anguissa,C,,,False,True
36,BATIGOAL,Atta,C,6.5,6.5,True,True
36,BATIGOAL,Piccoli,A,7.0,10.0,False,True
36,BATIGOAL,Colombo,A,6.0,6.0,False,True
36,BATIGOAL,Kilicsoy,A,,,False,True
36,BATIGOAL,Djuric,A,,,False,True
36,ZDENEK ZEMAN,Di Gregorio,P,,,False,False
36,ZDENEK ZEMAN,Gatti,D,5.0,5.0,True,False
36,ZDENEK ZEMAN,Kempf,D,6.5,6.5,True,False
36,ZDENEK ZEMAN,Kalulu,D,6.0,5.5,True,False
36,ZDENEK ZEMAN,Rrahmani,D,6.5,6.5,True,False
36,ZDENEK ZEMAN,Politano,C,6.0,6.0,True,False
36,ZDENEK ZEMAN,Gaetano,C,7.0,7.0,True,False
36,ZDENEK ZEMAN,Mandragora,C,6.5,6.5,True,False
36,ZDENEK ZEMAN,Malinovskyi,C,,,False,False
36,ZDENEK ZEMAN,Nkunku,A,5.0,5.0,True,False
36,ZDENEK ZEMAN,Boga,A,6.0,6.0,True,False
36,ZDENEK ZEMAN,Fullkrug,A,5.5,5.5,False,True
36,ZDENEK ZEMAN,Moreo,A,7.0,10.0,False,True
36,ZDENEK ZEMAN,Pedro,A,7.0,11.0,False,True
36,ZDENEK ZEMAN,Morata,A,,,False,True
36,ZDENEK ZEMAN,Orsolini,C,,,False,True
36,ZDENEK ZEMAN,Zaniolo,C,,,False,True
36,ZDENEK ZEMAN,Bernabè,C,,,False,True
36,ZDENEK ZEMAN,Folorunsho,C,,,False,True
36,ZDENEK ZEMAN,Juan Jesus,D,6.0,6.0,False,True
36,ZDENEK ZEMAN,Maripan,D,,,False,True
36,ZDENEK ZEMAN,Valeri,D,6.5,6.5,False,True
36,ZDENEK ZEMAN,Gaspar K.,D,,,False,True
36,ZDENEK ZEMAN,Pinsoglio,P,,,False,True
36,ZDENEK ZEMAN,Perin,P,6.5,4.5,True,True
36,GALLIFREY,Butez,P,6.0,5.0,True,False
36,GALLIFREY,Kelly L.,D,5.5,5.5,True,False
36,GALLIFREY,Solet,D,6.0,6.0,True,False
36,GALLIFREY,Carlos Augusto,D,6.0,6.0,True,False
36,GALLIFREY,El Shaarawy,C,7.0,10.0,True,False
36,GALLIFREY,Casadei,C,7.5,10.5,True,False
36,GALLIFREY,Barella,C,6.0,6.0,True,False
36,GALLIFREY,Pulisic,C,5.0,5.0,True,False
36,GALLIFREY,Esposito Se.,A,6.5,6.5,True,False
36,GALLIFREY,Hojlund,A,7.5,11.5,True,False
36,GALLIFREY,Dybala,A,8.0,10.0,True,False
36,GALLIFREY,Cavlina,P,,,False,True
36,GALLIFREY,Tornqvist,P,,,False,True
36,GALLIFREY,Vasquez,D,,,False,True
36,GALLIFREY,Akanji,D,,,False,True
36,GALLIFREY,Angelino,D,,,False,True
36,GALLIFREY,Marianucci,D,,,False,True
36,GALLIFREY,Valle,D,,,False,True
36,GALLIFREY,Strefezza,C,,,False,True
36,GALLIFREY,Frendrup,C,5.5,5.5,False,True
36,GALLIFREY,Sucic P.,C,5.5,5.5,False,True
36,GALLIFREY,Ekkelenkamp,C,,,False,True
36,GALLIFREY,Bonny,A,6.0,6.0,False,True
36,GALLIFREY,Cambiaghi,A,,,False,True
36,GALLIFREY,Lukaku,A,,,False,True
36,HIGHRIVER,Skorupski,P,6.0,3.0,True,False
36,HIGHRIVER,Dodò,D,6.5,6.5,True,False
36,HIGHRIVER,Dimarco,D,7.0,10.0,True,False
36,HIGHRIVER,Bellanova,D,5.5,5.5,True,False
36,HIGHRIVER,Maldini,C,6.0,6.0,True,False
36,HIGHRIVER,Isaksen,C,,,False,False
36,HIGHRIVER,Loftus-Cheek,C,,,False,False
36,HIGHRIVER,Odgaard,C,6.0,6.0,True,False
36,HIGHRIVER,Yildiz,A,,,False,False
36,HIGHRIVER,Thuram,A,,,False,False
36,HIGHRIVER,Dominguez B.,A,,,False,False
36,HIGHRIVER,Milinkovic-Savic V.,P,,,False,True
36,HIGHRIVER,Ravaglia F.,P,,,False,True
36,HIGHRIVER,Luperto,D,4.5,4.5,False,True
36,HIGHRIVER,Darmian,D,,,False,True
36,HIGHRIVER,Pierotti,C,6.5,7.0,True,True
36,HIGHRIVER,Keita M.,C,6.0,6.0,True,True
36,HIGHRIVER,Ilkhan,C,6.0,6.0,False,True
36,HIGHRIVER,Adams C.,A,7.0,11.0,True,True
36,HIGHRIVER,Milik,A,,,False,True
36,HIGHRIVER,Sernicola,D,,,False,True
36,HIGHRIVER,Ndaba,D,,,False,True
